date,jcd,rno,source_type,snapshot_type,source_url,1-2-3,1-2-4,1-2-5,1-2-6,1-3-2,1-3-4,1-3-5,1-3-6,1-4-2,1-4-3,1-4-5,1-4-6,1-5-2,1-5-3,1-5-4,1-5-6,1-6-2,1-6-3,1-6-4,1-6-5,2-1-3,2-1-4,2-1-5,2-1-6,2-3-1,2-3-4,2-3-5,2-3-6,2-4-1,2-4-3,2-4-5,2-4-6,2-5-1,2-5-3,2-5-4,2-5-6,2-6-1,2-6-3,2-6-4,2-6-5,3-1-2,3-1-4,3-1-5,3-1-6,3-2-1,3-2-4,3-2-5,3-2-6,3-4-1,3-4-2,3-4-5,3-4-6,3-5-1,3-5-2,3-5-4,3-5-6,3-6-1,3-6-2,3-6-4,3-6-5,4-1-2,4-1-3,4-1-5,4-1-6,4-2-1,4-2-3,4-2-5,4-2-6,4-3-1,4-3-2,4-3-5,4-3-6,4-5-1,4-5-2,4-5-3,4-5-6,4-6-1,4-6-2,4-6-3,4-6-5,5-1-2,5-1-3,5-1-4,5-1-6,5-2-1,5-2-3,5-2-4,5-2-6,5-3-1,5-3-2,5-3-4,5-3-6,5-4-1,5-4-2,5-4-3,5-4-6,5-6-1,5-6-2,5-6-3,5-6-4,6-1-2,6-1-3,6-1-4,6-1-5,6-2-1,6-2-3,6-2-4,6-2-5,6-3-1,6-3-2,6-3-4,6-3-5,6-4-1,6-4-2,6-4-3,6-4-5,6-5-1,6-5-2,6-5-3,6-5-4
2026-01-31,01,1,official_closing,closing_displayed,https://www.boatrace.jp/owpc/pc/race/odds3t?hd=20260131&jcd=01&rno=1,18.6,71.0,26.7,221.9,43.4,525.4,53.9,148.8,51.0,142.5,30.4,438.6,22.9,68.5,17.3,137.9,94.1,906.8,103.6,184.9,47.5,242.2,51.2,284.8,14.1,102.5,65.0,308.5,92.5,704.8,29.5,338.7,159.0,421.2,124.7,1209.0,10.4,152.9,78.8,461.8,310.4,1327.0,45.5,446.5,185.4,550.7,183.1,663.9,80.9,306.6,91.9,160.2,42.3,527.3,50.4,518.1,165.4,304.7,82.3,953.3,54.2,559.0,78.8,162.3,147.8,864.6,151.4,691.6,140.9,285.9,79.3,424.9,24.1,117.3,28.0,140.1,187.2,1054.0,13.5,192.8,54.6,303.5,304.7,1429.0,44.4,497.3,75.5,163.2,217.7,1271.0,45.0,333.4,52.1,216.1,234.1,1161.0,202.3,569.7,159.7,521.8,84.2,267.4,142.1,912.3,298.6,685.3,173.3,452.0,313.7,978.3,273.8,565.4,105.7,341.0,128.7,470.6,131.2,407.4,249.9,708.1
2026-01-31,01,2,official_closing,closing_displayed,https://www.boatrace.jp/owpc/pc/race/odds3t?hd=20260131&jcd=01&rno=2,39.5,52.7,207.2,77.4,76.8,129.7,17.5,21.3,247.7,197.0,278.0,375.8,14.5,18.9,232.7,63.8,125.6,233.6,25.0,30.2,338.5,80.4,96.6,204.8,75.4,106.4,226.5,65.6,91.4,125.9,124.4,116.7,162.4,150.1,210.4,279.7,135.5,113.7,158.3,43.2,111.9,155.7,179.1,143.1,244.6,56.3,80.9,124.1,38.4,39.6,258.1,261.6,421.3,526.3,145.9,101.2,184.0,197.7,299.6,413.4,58.3,39.7,184.0,205.2,444.5,451.3,85.0,50.2,193.2,202.0,461.9,535.8,42.3,40.2,285.1,57.3,114.5,230.0,159.2,109.4,225.6,42.6,83.3,169.5,83.2,54.7,264.7,164.5,286.0,365.7,73.7,40.2,281.5,35.4,77.2,165.7,64.8,76.6,470.4,98.8,145.2,231.8,241.9,191.7,343.0,68.5,101.1,150.0,135.4,95.7,320.7,208.9,347.1,428.4,107.5,64.1,383.9,64.0,142.5,195.1
2026-01-31,01,3,official_closing,closing_displayed,https://www.boatrace.jp/owpc/pc/race/odds3t?hd=20260131&jcd=01&rno=3,41.5,81.8,207.4,86.0,79.7,68.8,24.1,47.5,274.4,215.0,251.3,275.8,17.3,31.5,231.7,66.0,107.8,138.4,14.3,22.8,259.7,56.4,62.7,98.0,83.6,189.3,261.9,105.3,102.8,78.0,96.9,312.3,339.9,300.2,258.8,287.8,107.3,221.6,287.4,83.1,144.3,138.1,116.5,219.9,269.1,65.8,68.4,86.8,41.9,104.3,425.2,404.4,433.4,545.5,100.6,278.8,410.4,401.5,375.9,422.8,48.6,96.8,365.4,325.1,518.9,573.5,45.8,87.7,373.4,301.0,327.9,511.8,38.0,64.2,324.6,53.9,101.1,160.2,135.8,205.2,333.8,57.3,106.5,134.6,74.4,111.2,422.8,205.3,340.4,396.5,37.9,42.5,287.1,31.2,54.1,112.2,31.2,51.9,367.8,64.0,67.4,108.0,150.2,194.3,357.8,58.3,59.3,90.4,70.9,97.1,420.4,236.4,256.5,345.7,58.8,53.6,384.3,39.5,64.6,103.6
2026-01-31,01,4,official_closing,closing_displayed,https://www.boatrace.jp/owpc/pc/race/odds3t?hd=20260131&jcd=01&rno=4,35.8,44.8,185.5,51.9,368.8,83.0,17.8,17.8,163.0,115.6,587.0,243.2,59.8,68.3,267.7,102.0,374.6,98.7,21.8,20.9,180.3,44.4,397.9,315.8,57.9,92.9,192.9,46.8,511.1,82.4,63.0,66.9,114.5,81.3,716.5,179.6,130.6,178.7,232.0,83.5,419.0,48.2,77.5,70.2,135.4,26.6,393.3,219.6,25.3,26.7,199.9,178.0,930.1,377.6,57.0,50.7,129.9,143.3,815.0,278.0,89.5,73.5,337.8,227.8,944.9,260.0,31.5,17.3,146.3,116.6,912.2,641.0,158.2,225.8,451.7,149.5,465.0,103.4,269.2,347.2,370.6,130.7,397.2,55.1,172.7,169.1,510.0,249.4,782.7,175.6,205.8,161.0,475.3,87.1,246.2,191.4,46.3,40.3,289.2,47.7,595.9,579.9,121.5,82.7,218.4,32.8,480.1,417.5,59.9,24.9,209.5,95.4,895.0,762.6,165.6,95.6,480.1,70.2,349.8,325.3
2026-01-31,01,5,official_closing,closing_displayed,https://www.boatrace.jp/owpc/pc/race/odds3t?hd=20260131&jcd=01&rno=5,20.3,29.0,56.2,177.6,97.6,555.7,34.5,42.0,89.8,256.4,122.2,646.6,24.3,32.1,49.5,194.1,247.0,962.8,65.6,67.0,117.7,263.4,156.2,619.7,25.3,40.7,58.5,191.6,103.4,566.6,48.6,40.9,46.2,149.9,57.3,412.2,29.2,19.7,24.9,113.4,114.8,623.4,83.2,47.0,56.1,135.6,79.9,329.2,72.0,96.6,135.5,300.0,123.0,676.8,89.6,76.0,86.3,169.0,62.4,445.2,109.0,69.5,88.7,184.7,192.4,645.8,174.4,98.2,134.7,205.0,101.1,322.1,47.9,58.5,63.3,175.0,259.2,901.3,58.8,31.8,32.4,122.2,153.5,725.8,124.6,67.6,87.0,182.5,237.5,758.5,110.1,57.7,52.8,118.0,154.4,556.9,189.6,221.4,229.8,343.7,183.3,492.3,257.2,157.8,148.2,257.9,116.9,332.6,329.6,219.0,237.9,350.2,131.8,298.0,223.7,131.9,118.3,189.2,201.7,500.3
2026-01-31,01,6,official_closing,closing_displayed,https://www.boatrace.jp/owpc/pc/race/odds3t?hd=20260131&jcd=01&rno=6,9.0,24.7,56.4,172.4,54.8,310.8,22.3,46.1,98.8,224.2,93.7,538.9,8.3,20.5,49.1,148.6,156.4,654.6,26.1,52.7,114.1,231.2,98.0,311.4,12.6,52.4,73.7,231.5,89.5,448.2,32.0,107.0,156.9,488.4,202.5,959.6,14.7,59.0,84.5,319.4,394.4,1266.0,50.0,184.7,219.8,456.2,222.0,616.3,49.7,133.3,216.6,374.3,166.1,838.1,65.1,248.1,297.6,567.3,262.3,1262.0,59.7,214.8,254.6,440.1,586.7,1592.0,113.7,310.4,374.3,553.7,481.8,1197.0,15.7,52.8,103.5,175.3,297.1,893.0,27.0,106.8,140.2,323.2,472.0,1359.0,61.8,225.0,267.1,475.8,700.1,1729.0,49.0,153.2,268.0,275.7,403.3,940.1,81.5,194.2,355.9,444.8,195.3,431.5,122.0,388.1,555.7,671.7,329.6,662.1,191.2,529.7,679.6,901.7,585.2,1182.0,92.4,265.9,502.1,462.1,509.3,938.2
2026-01-31,01,7,official_closing,closing_displayed,https://www.boatrace.jp/owpc/pc/race/odds3t?hd=20260131&jcd=01&rno=7,4.1,40.7,25.3,185.8,356.6,2199.0,11.8,85.6,38.3,154.1,265.3,2189.0,25.0,131.7,58.8,270.1,580.0,2730.0,159.8,581.4,356.0,682.6,854.2,2859.0,3.9,98.9,78.9,419.7,640.3,2558.0,5.9,378.8,243.5,626.3,962.4,4812.0,13.8,517.0,327.0,1065.0,1495.0,5010.0,108.9,1543.0,1578.0,2131.0,2059.0,4719.0,20.6,355.8,143.1,264.7,450.8,2793.0,16.9,503.6,320.4,600.8,1000.0,4190.0,50.0,1040.0,398.7,883.7,1500.0,3197.0,239.5,2122.0,1197.0,1500.0,2599.0,3919.0,57.7,375.9,229.7,475.5,1014.0,3547.0,45.7,792.9,538.2,972.1,1761.0,5283.0,102.2,1365.0,661.3,858.7,1500.0,4418.0,292.1,2260.0,1670.0,1342.0,2050.0,5341.0,505.2,1773.0,1384.0,1552.0,2641.0,3738.0,465.5,2793.0,2700.0,3352.0,4542.0,7147.0,701.3,2945.0,1841.0,2571.0,4301.0,5856.0,735.3,2544.0,2336.0,2505.0,3654.0,4812.0
2026-01-31,01,8,official_closing,closing_displayed,https://www.boatrace.jp/owpc/pc/race/odds3t?hd=20260131&jcd=01&rno=8,45.8,193.9,395.7,72.9,17.4,676.9,26.1,99.1,385.2,234.0,56.9,1118.0,11.6,50.3,236.3,30.1,19.0,590.1,88.9,237.2,781.3,88.0,24.3,280.7,72.0,413.8,617.9,133.9,42.3,800.6,80.5,773.7,920.7,558.5,185.8,1258.0,48.1,535.8,663.1,95.5,81.1,1076.0,210.5,1230.0,1644.0,293.3,95.5,735.5,31.1,167.1,673.6,521.1,167.3,1324.0,74.9,665.5,1195.0,838.2,292.2,1509.0,16.2,163.4,872.7,551.3,372.0,1423.0,79.0,572.4,1679.0,833.2,365.8,1489.0,8.7,65.2,331.1,26.3,27.4,766.1,32.0,322.4,753.6,53.4,58.0,1340.0,11.8,127.3,751.5,242.1,211.0,1829.0,22.3,277.0,1052.0,40.9,39.9,436.0,228.3,692.2,1684.0,192.8,54.6,274.5,368.5,1764.0,2245.0,412.8,107.4,655.3,194.4,1327.0,1945.0,799.4,268.2,1104.0,95.0,630.6,1742.0,132.9,78.0,382.5
2026-01-31,01,9,official_closing,closing_displayed,https://www.boatrace.jp/owpc/pc/race/odds3t?hd=20260131&jcd=01&rno=9,10.5,38.0,45.6,142.7,152.6,96.2,24.5,96.0,70.1,152.9,187.2,98.1,17.9,57.7,50.7,104.3,224.6,220.0,21.6,67.8,51.5,112.2,129.5,142.6,10.1,90.5,87.5,226.1,298.1,157.1,18.6,283.1,255.2,408.4,456.8,241.7,13.9,191.8,167.8,387.6,796.7,476.4,14.7,179.8,164.1,386.1,376.1,335.2,41.8,252.5,151.7,217.7,301.9,155.4,42.7,419.5,275.7,402.3,476.8,269.8,57.7,502.7,256.6,325.8,774.2,422.7,55.5,438.2,215.8,300.5,404.0,320.7,33.9,191.5,142.3,131.7,265.7,346.8,33.6,311.2,233.1,286.4,594.2,524.7,77.0,605.0,345.2,327.9,688.1,496.9,41.1,278.5,178.5,141.2,253.2,453.4,40.0,174.1,113.0,163.7,195.1,208.6,37.6,287.1,202.1,331.3,363.8,375.0,83.1,527.9,293.7,360.8,365.8,366.7,58.1,358.8,195.6,176.6,289.6,450.0
2026-01-31,01,10,official_closing,closing_displayed,https://www.boatrace.jp/owpc/pc/race/odds3t?hd=20260131&jcd=01&rno=10,12.3,75.7,92.2,47.3,94.6,1065.0,7.1,45.7,74.0,87.9,155.1,1410.0,12.2,63.4,91.5,33.4,83.7,842.4,67.0,173.5,278.5,101.4,173.5,908.4,17.3,212.1,215.1,82.2,181.5,1103.0,15.3,410.8,320.1,320.7,540.3,2272.0,21.7,415.8,350.6,135.0,262.9,2192.0,76.2,867.0,934.5,312.5,438.5,1900.0,9.8,106.3,156.3,166.3,289.1,1503.0,17.4,354.4,296.5,392.9,665.4,3257.0,13.8,247.0,258.8,279.5,517.0,2601.0,56.5,480.3,517.0,581.2,867.0,3123.0,26.2,176.5,244.0,51.8,99.9,1077.0,34.4,483.7,416.1,95.6,183.5,2098.0,27.4,350.6,358.9,162.1,253.2,2581.0,76.5,675.9,544.2,115.5,207.2,1693.0,181.8,555.2,836.2,293.0,469.5,1198.0,211.4,1496.0,1333.0,543.3,660.9,2434.0,190.8,954.0,1143.0,831.1,1106.0,2850.0,199.0,1132.0,1171.0,280.9,506.3,1948.0
2026-01-31,01,11,official_closing,closing_displayed,https://www.boatrace.jp/owpc/pc/race/odds3t?hd=20260131&jcd=01&rno=11,8.5,38.3,125.2,50.8,112.6,958.1,6.1,25.0,121.9,111.4,316.5,1661.0,8.8,31.8,175.4,52.5,148.5,1140.0,43.9,104.5,348.4,119.8,279.4,1349.0,18.7,115.0,227.1,84.5,174.2,1321.0,20.2,180.4,280.9,240.5,606.2,3138.0,31.6,234.9,369.5,131.4,375.8,2263.0,76.8,436.0,673.7,277.8,588.9,2083.0,11.3,74.1,303.3,291.9,665.5,3259.0,20.5,172.3,400.7,436.3,900.4,3993.0,18.1,130.2,576.9,524.5,1216.0,3482.0,51.4,303.9,924.4,792.8,1892.0,4707.0,25.9,111.7,498.4,66.9,143.5,1478.0,52.8,358.4,689.5,104.3,217.7,2383.0,38.3,222.2,818.3,242.4,490.1,3273.0,84.2,430.6,1131.0,133.4,300.1,1965.0,142.0,498.4,1321.0,324.4,649.0,1897.0,203.8,1256.0,1970.0,495.2,838.1,2629.0,161.4,809.6,1786.0,1026.0,1925.0,4260.0,186.4,843.6,2256.0,360.6,841.8,2223.0
2026-01-31,01,12,official_closing,closing_displayed,https://www.boatrace.jp/owpc/pc/race/odds3t?hd=20260131&jcd=01&rno=12,9.7,119.7,83.0,176.2,125.4,204.3,19.5,168.1,71.9,141.2,99.6,192.0,13.3,121.0,52.6,107.3,153.5,270.0,32.6,237.5,103.1,157.8,128.9,190.8,9.8,266.0,217.9,278.6,264.1,377.8,12.6,736.9,484.5,605.1,516.6,794.9,8.0,578.4,368.3,459.1,663.7,1063.0,23.5,1212.0,760.4,597.7,430.7,647.3,27.7,418.1,160.0,172.6,170.7,334.3,23.0,910.7,469.5,603.2,455.3,932.3,23.6,921.4,284.6,327.4,515.6,866.7,38.1,1351.0,400.3,501.4,537.4,890.2,22.2,327.4,118.2,114.1,221.3,521.0,16.0,632.8,332.0,362.7,629.7,1240.0,34.3,969.0,332.9,287.9,426.0,1103.0,37.3,1135.0,318.4,206.1,353.4,850.7,61.4,774.6,282.7,301.3,223.3,303.7,57.3,1509.0,809.7,658.1,429.1,621.3,78.0,1672.0,588.3,616.4,536.3,840.8,62.9,1406.0,498.0,365.9,525.2,859.1
2026-01-31,02,1,official_closing,closing_displayed,https://www.boatrace.jp/owpc/pc/race/odds3t?hd=20260131&jcd=02&rno=1,20.0,38.2,127.8,27.7,116.3,342.0,10.6,21.1,163.7,78.9,335.0,906.2,15.5,27.8,185.1,32.2,115.3,427.8,33.0,55.4,328.3,61.3,169.5,444.3,37.5,95.7,167.8,42.7,143.5,411.7,50.7,122.1,190.0,127.4,442.6,996.4,59.6,138.5,194.7,52.6,181.6,479.5,105.1,247.2,349.8,90.0,234.8,588.7,14.5,38.9,198.7,178.0,513.8,1307.0,42.5,104.3,225.2,187.2,584.2,1514.0,18.9,56.2,274.6,237.5,635.8,1370.0,37.9,99.8,405.9,388.1,827.9,1378.0,35.4,78.9,343.0,42.6,105.1,504.7,85.0,186.6,386.8,51.2,127.5,504.7,38.6,94.3,453.1,178.7,454.9,1101.0,61.7,164.7,514.9,52.3,120.9,470.7,91.9,215.5,837.0,113.7,282.7,569.7,202.2,487.6,862.1,135.6,303.6,655.7,100.0,253.5,899.1,407.4,825.0,1271.0,113.0,317.9,878.5,101.6,258.6,500.3
2026-01-31,02,2,official_closing,closing_displayed,https://www.boatrace.jp/owpc/pc/race/odds3t?hd=20260131&jcd=02&rno=2,55.9,52.0,104.9,362.8,46.3,2255.0,100.7,82.5,169.8,489.5,59.3,3171.0,53.0,36.5,67.8,330.5,101.4,3366.0,307.3,278.4,407.4,959.7,208.6,2636.0,71.2,48.8,76.2,287.1,40.8,2404.0,135.1,26.4,40.0,145.8,16.7,2378.0,65.8,12.9,16.6,106.0,33.8,2735.0,409.7,149.5,164.4,474.6,83.3,1498.0,179.5,120.6,225.3,480.9,50.6,3266.0,215.1,56.0,68.2,168.5,18.6,2515.0,211.8,42.1,48.5,120.3,36.8,2544.0,593.0,281.9,304.3,535.0,85.7,1585.0,63.2,33.3,49.2,252.6,128.4,3708.0,68.0,12.8,17.2,97.4,51.2,3647.0,144.2,24.5,27.9,105.8,63.0,2997.0,365.9,91.2,92.8,251.8,161.6,2045.0,828.8,739.2,972.5,1411.0,304.3,2352.0,896.8,632.4,597.8,1072.0,169.6,1420.0,963.9,715.1,765.1,1139.0,199.4,1088.0,828.8,431.6,383.9,773.2,285.6,1519.0
2026-01-31,02,3,official_closing,closing_displayed,https://www.boatrace.jp/owpc/pc/race/odds3t?hd=20260131&jcd=02&rno=3,74.7,72.5,475.1,52.1,286.4,377.3,21.3,12.1,549.6,281.5,757.6,1421.0,35.2,21.9,671.9,81.7,364.0,504.4,31.8,15.3,895.9,78.4,329.7,853.1,184.0,176.4,524.6,33.0,204.1,273.2,220.9,115.2,228.9,117.9,370.9,797.6,285.2,172.1,328.6,26.4,122.4,126.9,370.2,164.3,439.9,22.7,131.4,303.2,38.7,14.9,548.0,605.6,1054.0,2651.0,196.2,61.0,322.1,318.0,1021.0,1851.0,90.9,16.4,449.0,477.4,1140.0,1411.0,72.0,11.7,501.8,436.0,1218.0,2308.0,116.1,62.8,912.6,65.8,208.9,334.2,343.0,170.7,690.9,33.2,120.4,134.1,164.1,40.3,760.5,214.9,539.0,788.0,212.5,47.1,981.0,32.2,97.9,175.9,123.2,52.4,1325.0,77.3,371.6,760.5,513.6,196.6,1127.0,34.6,218.2,394.8,205.4,25.6,883.8,219.9,900.0,1532.0,289.4,61.6,1196.0,44.1,151.1,210.9
2026-01-31,02,4,official_closing,closing_displayed,https://www.boatrace.jp/owpc/pc/race/odds3t?hd=20260131&jcd=02&rno=4,18.8,44.8,56.9,520.9,183.7,66.8,92.9,139.3,136.0,341.1,128.3,45.8,37.6,64.5,49.6,372.8,578.8,249.6,17.2,39.5,28.0,337.5,94.3,82.6,19.6,78.5,98.6,523.7,248.3,96.7,69.2,246.1,230.0,501.9,246.8,92.7,21.3,126.2,127.2,609.9,958.9,346.6,12.7,59.2,64.6,484.3,137.2,133.9,154.4,272.6,253.6,473.5,162.7,59.4,151.2,371.3,264.4,492.9,264.0,95.1,239.1,508.5,222.3,359.6,381.6,189.3,126.5,296.5,145.9,255.3,94.2,73.3,60.6,129.2,83.2,609.9,940.2,504.5,45.4,160.3,141.3,671.6,931.1,451.4,263.3,519.5,226.2,561.9,735.7,336.9,34.1,102.9,40.8,400.7,549.1,457.8,26.1,69.1,36.7,440.0,97.5,117.1,18.7,69.1,64.1,452.4,129.1,129.8,116.3,274.9,120.6,362.3,92.5,105.7,36.7,101.5,38.4,410.9,361.6,407.5
2026-01-31,02,5,official_closing,closing_displayed,https://www.boatrace.jp/owpc/pc/race/odds3t?hd=20260131&jcd=02&rno=5,52.2,74.4,123.5,13.2,632.9,1700.0,23.1,31.9,61.1,25.5,891.9,2057.0,117.7,119.0,209.2,23.4,381.8,911.0,173.7,168.0,320.4,30.0,924.2,2429.0,67.3,128.2,168.3,17.4,761.4,2161.0,37.0,60.4,62.4,24.1,815.0,3447.0,147.7,231.2,225.3,24.2,353.8,1062.0,216.0,372.4,352.8,33.3,917.6,2932.0,18.1,30.8,44.7,35.7,901.4,2685.0,26.5,36.9,39.2,29.9,825.5,3751.0,41.1,54.2,67.6,47.5,578.4,1457.0,52.4,78.2,85.5,53.2,1226.0,3356.0,298.7,380.7,362.3,29.1,234.6,754.7,340.5,418.8,383.6,27.5,206.2,700.8,168.3,212.9,226.7,58.1,350.4,1364.0,552.1,631.4,604.4,32.6,295.9,934.4,404.2,696.9,674.8,61.3,1071.0,2866.0,589.1,885.7,745.9,53.7,1004.0,2603.0,251.3,351.8,404.2,109.4,1371.0,2932.0,853.1,858.9,959.0,58.8,598.8,1128.0
2026-01-31,02,6,official_closing,closing_displayed,https://www.boatrace.jp/owpc/pc/race/odds3t?hd=20260131&jcd=02&rno=6,22.1,26.3,38.3,790.1,38.3,1677.0,93.2,118.9,144.3,825.1,38.6,1930.0,23.1,21.9,28.1,641.5,252.9,2692.0,166.2,176.1,196.0,1320.0,139.8,1811.0,27.8,30.9,38.6,664.4,36.1,1598.0,112.0,101.8,88.2,588.0,20.9,1392.0,22.6,14.1,15.7,435.4,110.7,3054.0,206.9,132.5,118.4,1176.0,73.4,1156.0,199.6,289.4,233.6,979.1,36.9,1451.0,248.6,243.9,162.2,637.5,22.3,1311.0,267.5,172.6,109.9,523.3,146.0,1392.0,491.9,532.9,306.3,897.5,87.0,974.4,33.0,25.7,24.8,700.8,425.4,2923.0,32.4,15.1,15.3,431.7,196.7,3148.0,187.4,86.7,71.2,470.4,244.7,2046.0,186.0,86.2,64.7,831.8,502.8,2154.0,593.1,554.5,486.0,2088.0,223.4,1515.0,689.0,437.2,312.9,2495.0,165.0,1082.0,983.8,951.8,603.6,1411.0,170.3,909.5,781.0,347.4,220.2,1421.0,562.2,1827.0
2026-01-31,02,7,official_closing,closing_displayed,https://www.boatrace.jp/owpc/pc/race/odds3t?hd=20260131&jcd=02&rno=7,9.1,70.8,70.3,544.1,34.6,606.4,37.9,188.6,170.9,458.5,42.6,814.1,7.3,58.8,48.1,473.2,170.9,1543.0,22.9,153.9,150.2,774.4,50.5,448.5,11.0,118.1,118.7,763.0,74.1,1130.0,42.5,431.7,322.1,1028.0,158.0,1897.0,9.3,165.0,108.4,876.2,585.8,2521.0,29.9,422.8,266.8,1111.0,193.4,1060.0,104.7,438.1,349.8,594.2,74.3,1253.0,104.2,728.1,438.1,1088.0,132.0,1897.0,105.1,887.5,336.2,1088.0,399.9,2376.0,146.1,1148.0,723.0,1426.0,185.6,1334.0,8.7,110.5,71.4,777.4,479.7,2651.0,11.4,195.6,107.2,998.9,923.1,2720.0,62.1,720.5,294.1,1094.0,961.8,2872.0,18.7,354.6,165.6,837.2,723.0,2349.0,69.1,516.9,465.7,1590.0,109.5,464.6,82.8,1117.0,615.4,1846.0,203.9,868.8,202.5,1360.0,1039.0,1752.0,301.4,989.4,59.6,844.0,582.5,1397.0,610.0,1709.0
2026-01-31,02,8,official_closing,closing_displayed,https://www.boatrace.jp/owpc/pc/race/odds3t?hd=20260131&jcd=02&rno=8,22.5,14.9,92.4,328.9,114.8,102.5,49.2,24.4,268.0,602.6,301.3,208.9,18.2,9.1,139.1,379.1,519.5,375.8,31.1,27.6,247.1,664.8,337.5,206.1,53.8,23.3,71.1,310.7,102.0,100.7,180.4,30.4,86.8,259.7,142.2,171.7,85.2,14.8,49.9,168.1,192.3,254.9,130.6,50.2,119.9,347.2,140.2,127.7,150.3,63.3,259.1,634.0,341.7,341.2,242.5,51.1,145.8,279.0,191.2,289.7,228.8,36.6,161.0,346.6,476.5,621.4,359.1,105.3,340.2,729.1,477.6,490.4,57.9,21.0,150.7,492.6,729.1,854.4,121.5,19.7,85.6,163.8,276.1,694.4,214.6,37.7,162.0,402.1,558.0,1012.0,151.1,36.5,215.7,434.0,574.1,938.8,55.5,55.2,323.5,1031.0,540.1,403.5,104.8,73.6,252.0,562.3,261.3,296.0,218.9,107.4,482.8,1169.0,801.2,703.3,118.5,47.8,319.3,599.3,662.8,816.2
2026-01-31,02,9,official_closing,closing_displayed,https://www.boatrace.jp/owpc/pc/race/odds3t?hd=20260131&jcd=02&rno=9,67.4,210.2,312.3,26.3,167.5,349.8,15.6,63.6,111.6,52.5,311.2,796.6,39.1,139.3,222.0,15.9,80.6,220.0,49.4,161.0,301.2,18.2,122.3,409.2,90.6,449.1,493.8,60.7,288.1,601.7,30.4,512.8,384.4,272.9,879.6,1613.0,65.0,749.4,498.6,96.4,360.3,680.9,102.8,690.2,870.5,100.2,460.5,1096.0,12.0,104.3,121.2,106.1,557.9,1455.0,22.4,421.5,303.0,276.8,1033.0,1735.0,9.8,265.5,197.6,174.3,694.0,1391.0,12.0,235.2,256.1,184.5,804.2,1666.0,54.8,322.7,340.4,19.9,74.9,213.9,77.3,989.5,709.5,65.6,188.7,410.5,24.8,485.2,412.5,137.6,365.0,804.2,46.6,671.9,564.2,24.6,86.9,247.6,104.3,421.5,723.7,34.5,226.7,554.3,217.2,948.7,1017.0,84.4,437.5,981.8,45.6,457.2,734.2,205.4,817.1,1299.0,88.1,861.6,1001.0,41.7,187.5,319.4
2026-01-31,02,10,official_closing,closing_displayed,https://www.boatrace.jp/owpc/pc/race/odds3t?hd=20260131&jcd=02&rno=10,15.0,44.1,15.1,476.5,400.7,185.4,66.7,186.3,36.2,339.1,229.0,106.5,55.0,156.4,25.3,474.2,662.0,524.2,40.9,102.7,14.7,456.4,404.1,398.3,10.0,49.9,24.0,551.0,673.5,259.3,29.0,188.3,64.7,447.9,431.0,189.7,22.0,113.5,38.0,825.4,1276.0,791.7,14.6,79.1,27.4,763.6,675.8,710.5,132.4,431.0,63.0,331.0,193.5,93.1,93.9,357.2,81.3,308.8,279.5,133.1,143.1,692.7,59.8,403.2,608.0,263.9,133.6,600.5,51.2,247.1,183.1,197.3,98.3,432.0,51.7,629.7,1015.0,898.0,72.8,340.9,58.4,775.8,1301.0,1015.0,180.1,791.7,81.4,593.1,843.3,518.6,116.7,459.6,39.5,482.5,721.0,1083.0,72.5,218.4,27.5,713.1,471.9,619.7,45.2,162.5,33.8,832.5,572.1,877.7,169.4,591.3,63.8,422.6,316.9,402.4,136.4,496.0,44.8,715.7,635.9,1042.0
2026-01-31,02,11,official_closing,closing_displayed,https://www.boatrace.jp/owpc/pc/race/odds3t?hd=20260131&jcd=02&rno=11,12.1,29.2,15.3,592.1,136.7,390.1,64.2,140.1,52.8,418.0,71.8,252.4,34.3,83.1,18.7,610.8,341.0,905.3,56.1,102.6,26.1,674.7,132.5,394.4,10.2,30.5,24.4,569.4,216.2,455.1,39.7,91.9,74.5,452.6,148.3,321.0,16.2,52.6,35.0,609.3,545.9,983.1,27.1,59.9,40.0,758.0,235.4,549.5,165.0,297.4,116.5,401.3,72.9,251.6,138.0,224.5,122.4,417.3,109.6,304.3,188.0,372.8,92.0,379.0,219.0,518.9,230.8,358.0,109.2,480.3,90.1,236.7,66.4,183.8,32.7,543.5,436.9,1277.0,36.3,113.0,43.0,618.3,602.0,1133.0,186.2,323.0,82.1,446.2,326.4,870.8,94.7,217.5,37.5,428.7,386.0,776.7,157.6,256.8,57.8,776.7,178.3,345.7,95.2,184.7,79.7,870.8,222.3,436.1,307.2,509.4,131.0,671.1,131.7,220.7,168.9,315.7,65.3,612.3,323.4,550.7
2026-01-31,02,12,official_closing,closing_displayed,https://www.boatrace.jp/owpc/pc/race/odds3t?hd=20260131&jcd=02&rno=12,11.1,122.1,42.3,163.1,415.5,557.3,15.6,159.9,22.4,84.0,246.7,351.4,44.5,309.0,47.7,176.9,362.9,529.0,38.2,269.7,39.9,141.7,531.7,1026.0,8.8,219.1,111.1,317.1,917.9,1013.0,5.8,389.6,107.1,458.9,1418.0,1814.0,16.2,696.6,152.1,734.3,1486.0,1914.0,15.7,674.1,168.8,671.2,1522.0,2737.0,20.1,334.8,37.2,102.6,319.4,469.3,12.0,497.7,88.0,308.7,981.4,1333.0,40.8,1030.0,77.1,272.3,625.4,727.5,30.2,845.8,61.1,214.3,800.2,1465.0,79.9,879.1,90.4,328.5,796.2,746.6,48.2,1418.0,173.2,664.0,1576.0,1687.0,78.8,1493.0,134.2,508.3,1139.0,836.7,102.9,2039.0,155.9,443.9,1083.0,1584.0,98.0,889.2,140.7,285.0,1036.0,1387.0,63.3,1374.0,368.0,709.3,2245.0,2364.0,80.0,1743.0,196.5,398.6,1345.0,1465.0,166.3,2245.0,384.8,682.9,1576.0,1705.0
2026-01-31,04,1,official_closing,closing_displayed,https://www.boatrace.jp/owpc/pc/race/odds3t?hd=20260131&jcd=04&rno=1,27.2,94.2,24.2,192.7,924.3,994.4,48.4,140.1,8.6,78.3,353.0,292.3,108.2,337.0,17.0,171.8,735.2,662.9,130.1,299.8,18.9,145.9,747.5,924.3,15.1,110.0,54.7,335.9,1341.0,1495.0,8.9,114.2,52.1,232.2,924.3,1125.0,22.6,219.0,89.0,484.2,1568.0,1841.0,27.5,275.7,88.1,439.3,1536.0,2043.0,56.2,306.4,15.0,65.2,335.4,282.3,27.9,214.6,45.2,127.7,720.9,732.7,81.3,613.6,27.1,101.6,454.6,255.7,70.0,514.4,21.1,79.1,519.2,479.0,227.5,947.9,56.2,208.5,720.9,500.6,112.1,618.7,116.9,335.4,1258.0,752.5,172.1,920.5,61.8,172.9,507.4,272.3,254.8,1045.0,59.9,209.7,666.9,883.9,289.3,939.9,49.9,228.9,1154.0,956.0,120.9,866.7,111.9,406.5,1437.0,2043.0,186.5,1302.0,48.0,160.8,689.6,598.8,320.9,1446.0,73.9,289.6,977.0,1217.0
2026-01-31,04,2,official_closing,closing_displayed,https://www.boatrace.jp/owpc/pc/race/odds3t?hd=20260131&jcd=04&rno=2,29.2,26.7,162.6,165.2,32.4,832.0,48.7,41.2,172.4,277.3,68.7,946.0,19.6,16.4,99.1,146.6,107.9,1290.0,104.7,73.5,342.7,316.0,51.1,694.0,48.8,56.8,158.0,187.4,29.6,719.3,74.5,85.6,100.3,226.0,26.4,822.1,37.2,27.5,50.6,104.2,46.5,1113.0,156.4,155.5,229.8,313.9,36.2,377.3,87.5,87.9,176.1,398.0,90.9,1000.0,107.6,122.8,159.4,302.2,52.3,939.5,77.9,59.5,149.9,179.1,118.0,1945.0,235.6,216.8,347.9,496.8,84.4,600.5,26.2,21.8,93.8,132.2,131.7,1644.0,40.2,20.8,57.6,78.6,67.0,1340.0,66.9,40.4,128.1,120.3,114.0,1841.0,93.8,49.4,131.5,97.8,91.7,730.7,335.2,293.8,680.3,636.4,61.2,527.1,427.6,270.8,481.2,491.5,49.9,314.6,477.9,496.8,704.6,633.5,99.0,449.8,252.4,139.5,328.8,265.0,147.7,539.5
2026-01-31,04,3,official_closing,closing_displayed,https://www.boatrace.jp/owpc/pc/race/odds3t?hd=20260131&jcd=04&rno=3,21.3,21.1,146.2,237.2,37.0,978.8,27.1,23.9,343.9,627.6,120.3,1794.0,10.6,7.3,159.0,355.2,149.7,1866.0,62.4,43.7,544.6,611.2,73.1,1085.0,45.7,69.5,158.3,211.4,29.7,790.8,125.6,109.8,232.8,398.7,58.2,1385.0,59.9,38.4,94.1,160.5,58.4,1110.0,213.3,166.2,331.6,356.1,35.8,441.5,71.2,67.3,546.7,891.5,191.2,2544.0,161.6,113.0,349.0,555.4,108.7,2058.0,103.6,41.5,402.2,639.1,395.4,2221.0,251.7,134.0,804.4,1102.0,292.8,2153.0,22.0,12.6,181.7,338.0,237.2,2978.0,62.6,28.3,130.0,168.6,126.5,1590.0,93.9,22.0,325.5,564.4,345.6,2332.0,82.9,19.5,296.5,278.2,176.7,1999.0,226.4,149.8,1345.0,939.4,111.0,1110.0,546.7,298.4,903.0,648.0,77.3,520.3,538.3,218.3,1320.0,1385.0,305.6,1413.0,262.1,90.7,781.9,583.2,259.2,1686.0
2026-01-31,04,4,official_closing,closing_displayed,https://www.boatrace.jp/owpc/pc/race/odds3t?hd=20260131&jcd=04&rno=4,12.2,8.3,46.2,450.1,83.3,884.5,59.8,44.4,162.8,752.5,119.5,1190.0,19.7,15.2,62.3,697.0,468.2,1527.0,62.9,41.8,156.5,845.0,175.4,1112.0,19.3,14.3,32.9,433.3,80.4,859.4,91.6,55.0,80.0,439.6,52.5,651.9,32.5,10.8,21.8,600.2,294.2,1362.0,107.6,45.1,79.3,939.4,124.5,775.6,176.0,160.2,325.2,804.5,149.7,1400.0,221.7,134.3,174.2,360.1,69.0,660.5,281.6,178.7,218.5,581.7,407.6,1021.0,365.3,303.7,333.1,817.5,181.3,1035.0,42.2,27.7,76.4,822.0,684.4,1890.0,52.9,20.1,38.8,554.0,487.9,1867.0,212.1,112.9,162.9,560.2,510.9,1292.0,139.1,73.1,118.7,817.5,612.3,2400.0,258.5,214.2,465.4,951.2,321.1,1088.0,367.1,156.4,243.1,1239.0,212.7,775.6,690.6,428.4,409.9,1181.0,306.8,963.4,400.1,193.4,298.9,1281.0,640.9,1338.0
2026-01-31,04,5,official_closing,closing_displayed,https://www.boatrace.jp/owpc/pc/race/odds3t?hd=20260131&jcd=04&rno=5,10.5,64.8,34.6,156.9,98.5,1561.0,16.7,93.0,30.9,145.5,90.3,1186.0,16.2,85.2,24.3,138.8,152.4,1575.0,102.6,300.8,111.8,440.9,247.9,1293.0,9.8,112.3,60.4,229.2,196.0,1750.0,11.0,194.9,94.7,445.4,289.3,2666.0,9.1,188.9,82.4,420.6,496.5,2666.0,80.3,523.5,307.2,1037.0,637.1,2475.0,26.7,203.3,45.7,144.7,128.6,1715.0,22.9,289.7,85.7,285.4,223.0,2586.0,29.0,311.6,47.1,157.5,252.9,1650.0,134.0,773.6,163.7,401.1,421.6,1843.0,26.3,194.4,44.9,179.5,263.3,2087.0,20.4,278.1,86.9,319.1,436.5,2795.0,36.2,386.8,63.0,227.1,356.5,1947.0,97.4,687.6,161.0,375.9,548.3,2193.0,315.6,888.6,410.6,837.1,539.8,1408.0,288.3,1506.0,587.4,1229.0,825.2,1991.0,322.1,1682.0,517.2,1043.0,671.6,1925.0,211.8,1264.0,443.2,845.3,952.1,2113.0
2026-01-31,04,6,official_closing,closing_displayed,https://www.boatrace.jp/owpc/pc/race/odds3t?hd=20260131&jcd=04&rno=6,92.6,166.5,190.2,194.3,764.8,23.5,99.0,143.1,163.0,265.0,759.6,25.9,211.0,334.5,288.0,304.6,720.1,18.5,41.2,85.2,113.6,103.3,389.1,50.0,146.4,272.8,214.5,201.8,947.8,41.5,131.7,133.1,132.0,222.6,833.8,40.2,236.7,212.8,182.5,292.2,593.0,24.2,70.2,94.1,94.1,97.4,387.0,66.1,131.6,226.5,141.2,225.6,883.6,44.2,150.0,166.1,119.3,179.3,650.4,46.3,237.7,191.7,86.8,157.5,416.9,24.5,64.2,77.3,52.9,87.7,302.1,56.1,474.9,576.1,307.6,339.6,583.6,30.8,509.8,393.9,279.0,276.9,484.2,23.3,475.9,293.7,151.7,236.2,379.8,24.7,201.6,186.0,132.4,106.8,170.6,35.0,24.2,73.6,87.3,76.6,332.0,128.2,33.9,61.4,69.1,68.2,267.5,116.6,27.5,38.8,46.6,71.2,255.2,119.4,70.2,86.1,87.6,77.9,169.9,70.3
2026-01-31,04,7,official_closing,closing_displayed,https://www.boatrace.jp/owpc/pc/race/odds3t?hd=20260131&jcd=04&rno=7,21.0,13.8,17.2,323.6,280.6,779.3,77.0,68.7,32.2,187.7,162.7,689.1,65.1,75.7,22.6,410.1,511.6,1457.0,107.3,79.9,39.0,502.7,441.4,964.8,16.1,14.4,20.1,259.4,300.6,773.3,31.4,30.0,29.5,198.8,186.7,631.2,23.5,25.9,21.3,375.2,494.1,1228.0,54.4,37.5,40.4,433.8,403.6,884.8,126.0,131.5,56.5,152.2,126.4,540.3,79.7,76.2,55.4,172.4,130.9,499.0,190.6,116.3,50.1,171.4,202.4,615.8,260.7,193.8,77.1,222.4,189.5,533.2,139.7,148.0,38.2,436.6,578.9,1608.0,82.5,81.7,38.8,398.8,465.7,1582.0,241.2,202.0,55.7,254.2,301.0,921.0,225.3,168.2,55.6,407.6,459.4,1315.0,315.6,228.1,127.1,788.4,590.7,1028.0,195.3,157.6,121.0,747.6,592.4,933.7,479.0,344.5,156.1,573.9,363.1,715.9,372.4,280.6,119.9,715.9,573.9,1101.0
2026-01-31,04,8,official_closing,closing_displayed,https://www.boatrace.jp/owpc/pc/race/odds3t?hd=20260131&jcd=04&rno=8,24.0,108.6,90.0,17.9,362.1,838.9,15.0,59.2,42.2,26.2,501.8,757.1,52.7,142.0,116.8,21.3,192.2,420.2,137.3,327.2,185.7,43.9,524.8,848.7,21.2,198.0,178.4,46.5,613.8,1086.0,11.6,215.3,130.6,91.4,883.3,1940.0,39.4,388.0,248.6,74.0,471.3,970.0,107.3,717.1,459.3,161.4,987.6,1324.0,9.6,77.6,50.0,51.0,687.6,1034.0,9.6,158.1,86.3,94.1,897.9,1697.0,18.3,165.1,89.6,77.3,523.5,612.0,41.6,322.3,133.8,117.1,1200.0,1375.0,106.1,403.8,274.7,34.8,153.4,353.3,114.1,576.3,390.8,58.3,236.1,624.4,62.4,346.5,228.0,83.3,277.8,519.8,199.7,734.0,445.2,60.8,259.2,524.8,241.7,865.7,480.7,67.7,739.0,996.7,226.1,1137.0,629.8,132.0,996.7,1227.0,119.1,901.6,304.7,150.8,1001.0,1120.0,250.9,1161.0,541.8,81.9,554.3,635.3
2026-01-31,04,9,official_closing,closing_displayed,https://www.boatrace.jp/owpc/pc/race/odds3t?hd=20260131&jcd=04&rno=9,26.5,72.4,218.2,178.6,37.0,77.5,23.5,58.3,321.9,454.1,104.0,261.8,11.4,29.0,233.6,186.2,81.7,216.6,14.3,31.0,252.7,158.6,28.2,70.6,48.6,202.2,295.8,239.9,63.4,98.9,63.5,425.2,451.5,681.1,222.8,328.0,42.5,271.8,317.2,318.9,165.2,301.4,61.7,259.5,347.9,228.5,55.2,104.3,44.5,166.5,533.4,631.2,270.0,607.3,71.9,486.1,499.2,870.5,387.0,496.1,44.9,217.4,463.7,763.0,572.7,721.9,48.7,169.4,442.4,666.1,230.9,428.2,17.9,65.8,271.8,179.5,121.7,371.5,45.5,216.2,377.9,235.4,155.4,370.9,42.8,177.9,473.7,563.3,498.2,751.1,16.9,65.7,235.9,134.4,89.1,270.6,32.3,79.3,423.7,213.5,36.1,69.7,82.7,260.9,451.5,241.3,45.5,80.1,72.5,194.4,487.1,551.7,136.7,230.9,28.9,89.5,299.9,182.1,89.7,152.1
2026-01-31,04,10,official_closing,closing_displayed,https://www.boatrace.jp/owpc/pc/race/odds3t?hd=20260131&jcd=04&rno=10,58.9,124.1,184.8,219.9,58.1,88.9,67.3,133.9,166.0,241.2,70.3,78.4,39.0,87.1,82.9,122.8,77.0,94.1,36.7,82.6,75.9,97.9,18.5,32.2,66.3,242.8,267.7,359.7,119.4,174.0,51.2,438.3,315.9,710.7,333.8,351.0,27.1,366.8,239.2,407.5,322.0,366.3,23.4,345.3,271.5,353.4,92.4,167.4,81.1,230.5,261.5,370.6,116.6,143.6,66.6,456.5,421.0,686.2,299.0,397.4,48.9,374.9,209.1,344.6,311.9,267.2,34.7,342.4,182.2,284.1,91.1,128.0,38.7,143.5,122.3,117.1,108.8,160.8,34.9,384.4,257.9,276.2,271.3,359.3,54.7,359.7,230.2,277.4,314.0,289.8,14.3,155.8,88.8,65.4,65.1,114.2,41.7,154.6,109.1,116.0,24.2,35.6,32.1,335.9,300.4,279.1,70.0,108.8,44.7,377.2,201.8,234.6,62.7,88.6,18.2,181.4,102.1,77.7,61.6,86.8
2026-01-31,04,11,official_closing,closing_displayed,https://www.boatrace.jp/owpc/pc/race/odds3t?hd=20260131&jcd=04&rno=11,25.4,86.6,147.2,203.1,34.4,129.0,24.4,86.7,120.7,232.6,94.0,305.6,9.6,47.1,102.3,175.8,93.6,293.6,17.4,63.1,108.1,163.9,54.6,129.9,45.1,120.5,162.0,269.2,81.3,201.1,56.3,169.5,168.2,501.6,381.5,671.4,33.5,196.2,218.5,434.5,226.5,496.8,51.9,136.3,184.1,316.4,156.0,360.3,52.9,139.1,129.2,267.6,314.5,430.2,80.3,202.2,255.7,428.0,586.5,612.8,43.0,167.6,184.0,369.6,702.2,392.5,54.3,151.6,107.7,248.6,552.8,618.6,7.8,67.3,180.3,285.5,321.1,411.1,22.2,192.6,299.3,448.0,479.4,500.6,18.9,123.3,349.2,482.0,662.8,469.0,14.3,99.1,272.0,342.8,353.5,487.5,34.9,129.3,140.3,247.7,145.3,172.7,78.6,228.3,234.9,339.6,294.2,328.9,74.5,216.1,148.0,288.7,664.5,593.2,33.5,187.0,209.7,337.0,470.7,473.3
2026-01-31,04,12,official_closing,closing_displayed,https://www.boatrace.jp/owpc/pc/race/odds3t?hd=20260131&jcd=04&rno=12,25.8,223.7,176.0,174.0,84.6,300.6,33.1,273.8,137.0,190.9,78.0,253.5,14.8,157.0,75.4,57.8,78.8,276.9,29.5,279.0,111.5,71.7,48.0,130.4,27.1,431.0,385.7,344.9,219.1,593.8,26.5,1308.0,746.4,886.7,587.2,1190.0,12.5,1020.0,623.2,494.8,525.3,1206.0,21.1,1174.0,869.2,611.6,365.4,738.1,39.8,544.8,297.5,415.4,189.1,556.3,31.8,1314.0,665.6,857.9,600.5,1334.0,16.5,947.1,373.2,469.3,501.4,1036.0,23.3,1270.0,410.3,512.1,367.0,883.7,15.8,321.8,139.0,62.0,108.0,437.4,14.7,985.9,498.5,215.1,295.5,982.3,17.1,1069.0,376.9,233.2,328.6,923.9,10.8,597.8,245.3,65.5,117.0,359.5,50.2,621.7,292.6,134.2,79.9,154.6,46.8,1327.0,898.8,353.2,253.8,512.1,43.2,1492.0,603.3,394.9,296.5,550.5,23.6,886.7,378.5,125.1,152.4,282.3
2026-01-31,06,1,official_closing,closing_displayed,https://www.boatrace.jp/owpc/pc/race/odds3t?hd=20260131&jcd=06&rno=1,6.2,11.4,16.9,404.2,493.8,127.5,30.4,51.9,68.3,494.7,641.5,145.7,38.8,60.5,89.6,1019.0,1537.0,507.8,17.2,26.4,30.6,536.2,1080.0,807.4,8.4,17.5,20.6,509.6,572.5,153.7,38.0,59.9,68.5,528.3,641.5,176.0,55.8,61.0,77.2,1474.0,1774.0,682.7,18.9,28.6,34.8,881.7,936.2,796.2,106.9,192.0,170.6,607.6,830.7,176.4,111.4,198.3,166.7,547.4,713.2,190.9,306.4,500.7,346.7,1154.0,1570.0,611.5,167.7,266.3,172.5,573.7,964.5,865.7,150.4,227.7,249.5,1512.0,2067.0,984.3,169.3,203.7,206.4,1437.0,2245.0,1118.0,419.0,663.8,495.5,1520.0,1774.0,984.3,262.4,313.4,250.3,1202.0,1690.0,1614.0,50.7,81.1,63.9,783.2,1228.0,1504.0,52.8,75.2,62.5,954.9,1127.0,1336.0,173.6,260.3,172.4,840.4,1131.0,1349.0,251.2,307.4,227.2,1362.0,1623.0,1742.0
2026-01-31,06,2,official_closing,closing_displayed,https://www.boatrace.jp/owpc/pc/race/odds3t?hd=20260131&jcd=06&rno=2,17.9,30.5,36.0,129.1,468.3,957.8,28.9,43.5,42.1,134.3,432.8,872.5,55.3,80.6,62.9,195.1,599.9,1058.0,53.1,76.8,75.6,163.9,491.2,1295.0,17.0,28.9,32.8,133.6,494.4,1003.0,24.3,16.1,17.5,58.8,265.0,625.4,42.1,30.2,29.9,154.6,525.6,967.5,42.4,42.6,41.6,123.8,484.9,1248.0,48.0,70.3,49.6,128.2,429.8,920.9,45.8,32.8,27.3,61.8,264.1,646.6,94.4,90.0,49.8,130.2,376.1,813.1,81.4,85.4,51.7,117.3,374.6,953.0,117.7,186.7,111.7,236.2,726.5,1232.0,100.9,95.7,72.7,205.4,505.5,987.5,155.3,177.7,95.8,195.8,446.9,939.0,147.7,218.0,112.3,176.2,459.3,1253.0,150.4,227.2,188.8,265.2,721.0,1265.0,137.2,168.7,147.1,229.2,657.7,1295.0,187.8,216.9,152.5,227.7,579.0,1049.0,221.6,308.7,185.2,258.9,670.4,1240.0
2026-01-31,06,3,official_closing,closing_displayed,https://www.boatrace.jp/owpc/pc/race/odds3t?hd=20260131&jcd=06&rno=3,10.7,12.8,141.4,48.8,1214.0,253.1,8.1,7.0,236.8,195.2,2301.0,753.8,127.9,123.7,820.0,463.1,2313.0,405.0,14.7,13.3,328.0,113.8,1870.0,1953.0,27.7,43.0,151.0,43.0,1248.0,243.9,50.7,38.7,153.5,101.2,1710.0,452.6,328.2,300.4,751.3,291.8,1382.0,178.8,90.6,57.4,204.3,56.9,1285.0,1413.0,21.7,12.7,323.8,366.8,3095.0,1300.0,55.4,27.8,203.1,214.6,2301.0,705.4,288.7,137.7,1096.0,1132.0,3488.0,1024.0,53.8,16.1,372.7,366.5,3117.0,2696.0,567.8,491.0,2092.0,804.9,2289.0,443.0,1015.0,591.5,1408.0,592.3,1547.0,205.5,870.3,417.0,2242.0,1241.0,2764.0,802.0,886.1,445.3,2073.0,604.5,1542.0,1627.0,57.2,52.7,809.4,159.4,2428.0,2949.0,164.6,96.5,488.8,92.8,1779.0,2231.0,125.1,44.0,714.6,326.7,2747.0,2835.0,719.3,390.6,1979.0,517.0,2073.0,2401.0
2026-01-31,06,4,official_closing,closing_displayed,https://www.boatrace.jp/owpc/pc/race/odds3t?hd=20260131&jcd=06&rno=4,42.9,72.3,91.5,70.7,156.6,3631.0,31.2,49.0,69.0,94.6,201.1,3670.0,44.0,58.9,85.5,55.6,138.8,2651.0,442.4,824.8,710.7,408.3,850.0,3884.0,55.5,78.8,101.0,59.4,134.5,3591.0,39.7,28.1,35.9,37.9,83.2,3374.0,55.6,37.1,43.8,21.6,56.4,2830.0,529.4,643.6,639.9,358.0,730.9,3064.0,41.1,50.1,57.5,80.4,197.6,3976.0,48.3,28.0,30.4,41.1,105.1,2693.0,42.2,21.1,19.5,25.6,70.5,2212.0,378.7,424.4,347.9,372.8,730.9,2141.0,78.0,77.6,94.5,40.3,96.1,2530.0,93.1,49.4,57.0,18.0,45.4,2530.0,68.7,36.0,35.6,21.3,53.1,2438.0,680.3,653.7,437.2,117.9,272.2,1374.0,1637.0,2049.0,1786.0,771.4,1193.0,3930.0,1518.0,1965.0,1704.0,897.9,1205.0,3275.0,1063.0,1661.0,1210.0,930.5,1188.0,2319.0,1568.0,1478.0,1205.0,514.7,687.3,1357.0
2026-01-31,06,5,official_closing,closing_displayed,https://www.boatrace.jp/owpc/pc/race/odds3t?hd=20260131&jcd=06&rno=5,4.9,12.6,113.2,356.4,183.5,115.0,18.5,37.0,358.2,701.7,345.2,362.7,8.5,21.9,228.4,792.8,913.1,717.0,8.3,16.8,275.1,738.1,303.7,342.1,13.2,55.6,135.7,416.9,253.9,139.7,56.8,180.6,476.4,836.3,577.5,492.9,24.1,123.9,273.2,1087.0,1298.0,803.3,34.2,103.9,300.5,841.2,469.6,459.0,51.7,127.8,679.4,975.7,603.6,792.8,100.1,266.7,692.6,1073.0,888.4,956.0,132.3,349.1,1124.0,1874.0,2202.0,1662.0,114.0,230.2,1084.0,1723.0,1177.0,1542.0,26.8,87.9,420.6,1044.0,1504.0,1810.0,51.4,187.8,550.7,1314.0,1600.0,1468.0,163.3,422.7,1235.0,1907.0,2400.0,2297.0,48.6,138.2,680.5,1231.0,1882.0,2374.0,28.2,57.0,642.6,1275.0,437.4,540.2,65.0,174.4,765.8,1298.0,550.7,646.5,153.7,298.8,1468.0,1987.0,1101.0,1348.0,69.5,157.5,903.5,1577.0,1458.0,2054.0
2026-01-31,06,6,official_closing,closing_displayed,https://www.boatrace.jp/owpc/pc/race/odds3t?hd=20260131&jcd=06&rno=6,70.5,119.6,85.0,247.5,364.8,2658.0,100.4,143.5,63.4,187.2,189.5,2338.0,139.6,188.8,57.5,161.6,309.5,3317.0,475.7,603.7,260.0,415.6,581.1,2772.0,63.4,90.9,78.5,231.6,389.7,2986.0,60.1,26.2,16.2,78.9,82.6,2043.0,54.3,25.5,18.6,76.9,110.5,2812.0,269.5,157.4,106.7,292.5,323.7,2553.0,136.9,148.9,55.9,128.4,132.1,2367.0,105.8,43.3,19.7,59.3,50.1,2144.0,143.2,48.3,9.6,26.8,34.2,1209.0,448.7,256.9,50.4,118.6,91.5,888.3,198.4,242.4,46.4,104.3,252.5,3056.0,109.1,53.4,16.6,64.3,97.2,2488.0,176.6,67.6,9.8,31.9,50.0,1281.0,474.5,262.6,33.8,74.9,148.6,1352.0,1158.0,1401.0,512.7,732.4,822.4,3208.0,960.8,720.2,318.1,530.3,510.1,2193.0,1131.0,824.1,193.9,330.3,258.1,849.4,1216.0,790.6,164.5,310.0,350.6,1276.0
2026-01-31,06,7,official_closing,closing_displayed,https://www.boatrace.jp/owpc/pc/race/odds3t?hd=20260131&jcd=06&rno=7,11.9,28.2,73.3,153.9,614.1,56.1,11.5,26.4,100.5,311.3,1047.0,141.7,35.1,65.8,183.2,401.1,1265.0,180.7,8.3,15.4,58.3,144.8,681.8,309.0,19.1,77.0,109.6,187.8,814.9,66.7,27.9,133.1,169.6,461.4,1256.0,157.7,59.9,191.3,269.8,563.4,1505.0,169.8,20.0,70.1,78.5,164.5,782.4,286.3,27.4,78.6,223.0,434.4,1246.0,235.2,43.9,166.3,225.6,505.4,1310.0,245.1,102.3,278.8,417.6,839.4,1845.0,425.6,28.8,69.9,155.6,312.5,1206.0,696.0,136.7,325.9,487.7,686.0,1525.0,308.2,220.5,480.0,482.1,677.7,1421.0,267.9,257.8,555.0,609.7,876.9,1637.0,508.5,118.8,242.2,322.8,429.4,1077.0,614.1,18.0,34.5,114.0,180.1,874.6,769.8,36.6,76.8,107.2,181.3,724.7,600.9,39.4,70.0,152.6,324.0,1124.0,925.5,93.5,160.4,245.3,341.9,1121.0,895.7
2026-01-31,06,8,official_closing,closing_displayed,https://www.boatrace.jp/owpc/pc/race/odds3t?hd=20260131&jcd=06&rno=8,17.1,33.4,59.9,123.0,28.4,1327.0,19.0,27.8,90.5,266.8,54.2,1261.0,9.1,14.4,46.6,91.3,49.2,1937.0,163.1,314.1,301.2,771.1,151.9,1059.0,25.2,68.7,87.0,140.9,39.0,1430.0,45.1,133.8,141.6,349.3,91.7,1557.0,21.8,66.7,78.1,121.2,61.4,2142.0,196.5,601.6,537.6,909.8,241.8,1472.0,42.0,86.9,193.1,376.9,91.2,1510.0,70.8,172.2,206.1,437.2,121.0,1581.0,34.5,61.2,149.6,291.6,171.7,1874.0,343.1,774.1,598.9,1156.0,341.0,1494.0,12.9,28.8,58.4,106.3,83.7,2097.0,24.5,64.0,68.3,107.7,81.9,2055.0,24.6,40.4,101.0,232.2,180.6,2130.0,125.7,313.8,267.7,479.7,346.0,1686.0,630.6,1082.0,664.8,1314.0,292.7,1076.0,598.0,1405.0,772.6,1472.0,372.8,1314.0,801.7,1230.0,752.5,1510.0,414.8,1349.0,433.9,1007.0,591.9,1097.0,393.4,1358.0
2026-01-31,06,9,official_closing,closing_displayed,https://www.boatrace.jp/owpc/pc/race/odds3t?hd=20260131&jcd=06&rno=9,15.6,41.4,43.7,52.5,219.3,1772.0,14.1,42.3,27.4,36.7,156.9,1464.0,34.5,98.1,46.2,41.6,148.8,1312.0,112.1,222.0,119.6,103.0,304.3,1593.0,15.9,79.6,82.1,94.7,402.2,2564.0,8.8,105.1,110.9,145.8,623.0,3007.0,18.0,195.1,179.3,161.7,550.4,2761.0,65.8,351.6,347.2,320.8,895.8,2807.0,15.9,84.7,35.9,55.1,264.3,1950.0,11.3,124.9,90.6,117.4,568.9,3259.0,18.9,201.7,61.9,90.5,347.2,1640.0,55.8,408.7,122.5,176.6,690.2,2328.0,69.8,299.3,129.3,63.7,170.3,1456.0,48.1,392.2,248.5,125.0,342.5,2096.0,51.0,388.3,137.9,105.8,270.4,1574.0,124.0,818.9,289.3,113.4,296.6,1365.0,336.8,947.9,555.8,265.6,623.0,1701.0,268.4,1282.0,962.4,481.2,1054.0,2776.0,245.8,1065.0,513.4,383.6,990.7,2296.0,304.7,1326.0,714.6,286.5,664.8,1423.0
2026-01-31,06,10,official_closing,closing_displayed,https://www.boatrace.jp/owpc/pc/race/odds3t?hd=20260131&jcd=06&rno=10,16.0,86.9,41.0,241.6,375.3,632.1,38.1,211.4,28.1,137.3,150.8,230.3,27.1,160.2,21.5,160.9,348.5,582.6,49.6,223.7,24.8,200.9,342.3,610.2,11.2,145.3,107.8,456.0,701.0,1052.0,9.5,365.9,224.8,658.6,744.1,1194.0,7.2,243.9,146.1,616.4,1305.0,1703.0,9.2,400.5,225.8,731.2,1076.0,2010.0,53.9,433.6,70.7,177.5,186.1,276.6,26.8,608.5,196.5,488.6,537.5,966.1,47.0,669.0,92.8,228.0,488.6,614.7,51.7,804.8,98.7,272.7,364.0,577.8,47.0,439.9,56.3,231.6,490.9,883.6,23.6,490.3,158.9,532.1,1073.0,1542.0,60.1,892.9,119.4,294.9,602.4,876.3,58.8,851.7,71.2,311.4,624.6,1262.0,85.7,742.8,77.2,399.7,590.7,872.7,39.4,841.5,150.4,776.8,1297.0,1812.0,77.4,1143.0,116.9,427.5,537.5,717.6,83.8,1243.0,117.5,498.9,898.6,1277.0
2026-01-31,06,11,official_closing,closing_displayed,https://www.boatrace.jp/owpc/pc/race/odds3t?hd=20260131&jcd=06&rno=11,9.5,31.0,30.9,335.8,117.9,319.8,21.7,73.3,58.4,265.2,88.0,259.1,13.1,48.1,29.8,297.8,298.3,603.1,38.6,101.8,59.5,413.0,148.9,324.6,8.7,55.1,81.5,546.6,239.6,522.5,17.3,195.9,245.8,833.7,375.1,801.0,7.7,142.5,146.2,803.9,774.7,1231.0,22.4,246.7,261.8,948.0,485.2,906.0,43.4,242.6,215.1,447.1,107.9,437.1,41.8,341.9,404.4,938.1,356.9,781.5,51.4,381.1,308.6,725.9,729.5,1146.0,69.3,504.9,476.5,1069.0,401.2,703.2,23.3,141.0,66.5,400.8,616.4,1088.0,16.6,192.7,166.4,736.6,1030.0,1571.0,57.4,367.4,302.4,657.9,966.4,1610.0,35.4,283.1,198.2,664.7,832.1,1587.0,77.9,377.9,268.6,896.9,293.9,491.1,73.1,541.4,445.3,1265.0,585.1,902.3,145.2,740.3,656.0,1313.0,488.4,734.2,82.1,532.4,379.2,1123.0,854.3,1251.0
2026-01-31,06,12,official_closing,closing_displayed,https://www.boatrace.jp/owpc/pc/race/odds3t?hd=20260131&jcd=06&rno=12,14.6,133.2,54.5,122.3,229.1,321.3,17.3,154.6,26.3,87.1,172.7,200.3,29.7,258.4,52.3,105.4,202.7,234.9,40.6,254.4,41.2,85.9,155.3,316.6,12.1,268.6,183.9,285.6,498.6,612.2,7.2,609.9,340.4,624.1,846.0,1109.0,13.1,717.1,422.4,688.0,1083.0,1038.0,15.0,910.6,467.8,539.9,859.6,1357.0,20.7,349.8,72.2,152.4,317.1,364.0,13.0,732.6,239.5,524.1,809.9,1103.0,22.8,839.4,173.0,401.6,700.0,622.9,19.6,835.1,130.2,288.8,649.9,993.4,51.2,739.3,174.1,169.7,309.5,331.8,35.0,999.5,425.5,427.5,775.8,935.7,44.6,1368.0,309.0,353.6,652.5,726.0,44.9,1495.0,324.7,182.4,327.7,553.4,74.4,682.2,156.3,160.6,252.4,457.9,45.0,1520.0,506.8,458.8,597.5,1107.0,48.8,1207.0,247.0,351.5,531.5,931.6,69.8,1719.0,420.8,229.8,373.5,594.2
2026-01-31,07,1,official_closing,closing_displayed,https://www.boatrace.jp/owpc/pc/race/odds3t?hd=20260131&jcd=07&rno=1,16.5,99.7,107.4,28.2,209.1,655.2,9.4,54.2,50.0,36.6,335.7,725.0,41.2,168.5,147.1,37.1,131.1,301.0,56.4,262.9,181.2,39.9,404.4,928.3,19.8,190.2,210.5,46.6,484.3,1113.0,12.6,177.8,137.3,79.7,378.2,1551.0,50.2,257.9,238.4,89.9,467.7,612.6,61.7,502.2,424.0,86.2,1113.0,1678.0,9.8,74.7,71.6,66.6,519.2,1113.0,11.4,154.5,108.9,93.3,350.1,1678.0,23.1,251.6,169.9,138.3,457.2,795.7,24.5,235.1,158.9,107.6,875.2,1655.0,75.3,411.2,329.4,43.5,151.4,329.4,84.8,323.3,297.4,77.1,269.9,532.7,51.2,500.1,322.4,112.1,367.9,747.1,124.4,811.5,542.2,58.9,211.2,1021.0,123.2,704.2,644.9,72.2,822.4,1346.0,123.1,1250.0,928.3,119.6,845.0,1678.0,83.6,549.5,391.4,168.5,1317.0,2042.0,219.6,1408.0,1276.0,125.1,747.1,1065.0
2026-01-31,07,2,official_closing,closing_displayed,https://www.boatrace.jp/owpc/pc/race/odds3t?hd=20260131&jcd=07&rno=2,21.6,78.4,36.1,200.3,73.8,1652.0,43.5,142.8,20.3,123.3,35.5,1055.0,43.9,120.6,12.1,113.0,75.0,1540.0,268.8,636.8,132.2,440.1,177.2,1085.0,14.4,102.1,79.1,237.0,158.7,2072.0,10.9,162.6,89.4,255.6,169.6,2425.0,7.1,143.7,69.2,294.5,287.8,2590.0,86.4,832.1,385.1,682.6,504.4,1965.0,55.8,210.3,42.2,131.3,48.8,1280.0,28.5,214.2,75.9,201.4,132.8,2111.0,42.6,377.4,33.0,113.2,91.0,1965.0,287.8,1266.0,220.5,471.0,287.1,1701.0,40.8,207.6,20.8,120.0,140.3,1932.0,17.1,208.7,56.8,227.5,278.0,2651.0,41.4,400.0,31.8,121.6,134.9,2533.0,143.5,1085.0,131.9,391.7,386.4,2192.0,695.1,1781.0,473.0,942.1,467.2,1280.0,344.4,1583.0,754.9,1140.0,537.7,1676.0,518.1,2151.0,383.8,934.4,506.6,1310.0,420.6,1480.0,334.3,974.3,740.2,2192.0
2026-01-31,07,3,official_closing,closing_displayed,https://www.boatrace.jp/owpc/pc/race/odds3t?hd=20260131&jcd=07&rno=3,10.9,12.1,111.0,150.2,239.8,44.3,18.5,16.7,208.5,342.3,487.1,115.6,73.9,71.4,471.2,562.7,653.7,160.4,9.1,7.4,161.9,198.0,354.8,266.7,23.4,34.0,102.8,150.4,285.0,46.1,56.5,67.3,165.2,273.8,522.2,96.8,176.7,213.3,402.5,553.8,644.0,106.4,39.2,34.8,121.0,134.3,363.0,228.5,55.0,60.4,384.7,457.6,718.5,198.5,84.5,102.5,299.8,400.6,668.8,171.1,319.0,343.6,873.8,1053.0,1005.0,340.3,78.1,50.0,458.8,445.8,783.3,540.0,186.9,241.5,783.3,840.0,1297.0,241.1,336.3,370.7,891.7,878.2,1288.0,179.8,435.8,487.1,1337.0,976.9,1473.0,355.6,287.4,247.0,1066.0,575.8,1028.0,603.8,23.7,19.2,236.2,200.8,553.8,359.2,52.2,37.8,195.8,154.2,472.5,321.4,81.4,51.9,343.6,378.8,1035.0,564.5,227.6,147.8,749.5,492.6,929.9,599.6
2026-01-31,07,4,official_closing,closing_displayed,https://www.boatrace.jp/owpc/pc/race/odds3t?hd=20260131&jcd=07&rno=4,11.2,43.1,32.4,272.4,461.5,50.9,32.3,131.2,46.5,230.7,455.6,35.5,89.1,351.4,108.3,595.9,1041.0,115.1,14.5,48.3,15.6,201.7,348.0,198.6,10.3,102.4,74.7,462.7,899.8,111.9,21.4,231.3,141.6,503.3,1164.0,113.9,64.2,549.9,316.4,595.9,1339.0,276.6,8.6,103.5,56.8,414.3,742.4,517.9,73.0,302.5,84.8,239.1,721.3,44.7,57.9,411.4,155.2,375.1,963.1,78.3,266.7,937.7,280.1,629.6,1319.0,123.0,58.8,314.8,63.7,174.6,588.0,255.2,217.2,1149.0,266.3,768.0,1281.0,235.0,181.0,1127.0,517.9,873.4,1484.0,346.6,406.7,1164.0,453.3,784.9,1472.0,207.6,182.3,947.7,212.8,580.3,799.0,745.5,22.1,126.3,27.8,204.3,447.6,480.2,14.9,146.0,48.4,310.4,618.6,667.3,51.4,289.7,54.0,192.0,584.1,500.4,107.7,606.0,133.7,496.3,791.9,886.4
2026-01-31,07,5,official_closing,closing_displayed,https://www.boatrace.jp/owpc/pc/race/odds3t?hd=20260131&jcd=07&rno=5,5.9,8.3,34.0,243.3,127.6,2276.0,24.1,32.1,86.1,339.5,168.4,2649.0,14.1,16.2,49.8,376.6,426.8,2672.0,190.8,227.1,478.7,868.1,1113.0,3136.0,11.1,14.7,29.5,233.8,125.9,2243.0,38.8,36.1,61.8,248.2,95.5,1797.0,26.1,15.4,30.3,334.0,296.0,2478.0,310.7,199.0,310.7,868.1,726.5,2672.0,78.4,89.9,185.6,449.9,197.1,2626.0,97.5,78.0,137.6,322.8,128.7,1945.0,141.1,102.7,182.0,530.7,445.4,3201.0,592.1,468.4,821.7,1159.0,1117.0,2819.0,42.9,44.5,91.4,394.5,622.1,3573.0,51.4,34.3,67.1,340.3,484.7,2744.0,155.6,104.8,202.3,475.0,656.6,3304.0,502.9,394.5,695.3,828.3,1146.0,3168.0,890.8,1014.0,1436.0,1797.0,2021.0,3104.0,832.8,687.5,1021.0,1818.0,1470.0,2768.0,1372.0,1396.0,1307.0,1995.0,1707.0,2926.0,1209.0,1038.0,1403.0,1506.0,2035.0,2926.0
2026-01-31,07,6,official_closing,closing_displayed,https://www.boatrace.jp/owpc/pc/race/odds3t?hd=20260131&jcd=07&rno=6,18.8,64.6,229.9,216.0,796.7,12.0,18.0,68.8,356.4,420.0,2307.0,31.2,140.8,207.7,978.8,942.5,2712.0,30.1,6.0,22.7,172.5,154.0,947.5,65.0,33.2,206.5,329.0,309.5,1622.0,26.1,57.5,599.2,760.8,737.2,3172.0,99.8,295.1,906.4,1124.0,1607.0,3172.0,84.4,23.8,260.8,456.7,346.6,1708.0,164.1,37.2,195.2,702.2,650.7,3820.0,91.8,67.6,524.8,995.3,1255.0,3201.0,167.1,344.9,1032.0,2574.0,2433.0,4281.0,242.5,26.2,232.0,688.6,811.2,2865.0,527.9,405.6,1021.0,1920.0,2220.0,3320.0,77.6,653.1,1282.0,2502.0,2754.0,4131.0,140.3,998.1,1572.0,3172.0,2307.0,4281.0,272.9,296.1,1168.0,2042.0,1890.0,2538.0,415.5,5.5,39.5,222.6,163.0,960.3,181.0,13.2,155.4,417.5,273.3,1462.0,259.5,13.8,138.8,535.9,564.9,2733.0,582.5,72.2,471.8,1361.0,913.4,2090.0,555.2
2026-01-31,07,7,official_closing,closing_displayed,https://www.boatrace.jp/owpc/pc/race/odds3t?hd=20260131&jcd=07&rno=7,15.0,94.3,23.5,119.8,538.7,1624.0,19.2,147.6,8.3,51.2,384.5,1422.0,55.2,256.7,24.2,119.4,500.1,3588.0,315.0,823.6,185.8,442.7,1468.0,4085.0,9.2,136.5,73.3,241.1,953.0,4343.0,4.3,230.1,85.2,266.4,977.8,5094.0,17.1,434.8,167.6,480.9,1611.0,5290.0,166.7,944.3,587.8,1261.0,2751.0,4437.0,20.2,282.0,16.9,51.7,450.0,2990.0,10.0,330.9,48.7,149.3,812.3,4254.0,35.9,641.7,32.6,93.2,588.6,3150.0,267.9,1631.0,157.3,292.4,1691.0,4743.0,113.6,699.4,81.3,225.1,707.8,4298.0,72.8,937.8,198.7,445.1,1432.0,4390.0,88.4,1159.0,98.3,247.5,746.2,3527.0,529.7,2732.0,419.3,798.1,2084.0,4798.0,929.4,2385.0,964.1,1563.0,4126.0,4854.0,584.5,4126.0,1557.0,2456.0,3126.0,4743.0,750.2,2926.0,837.0,1534.0,4168.0,5290.0,1413.0,3856.0,1265.0,1974.0,4689.0,5502.0
2026-01-31,07,8,official_closing,closing_displayed,https://www.boatrace.jp/owpc/pc/race/odds3t?hd=20260131&jcd=07&rno=8,7.6,17.9,85.5,151.5,49.1,864.7,8.6,20.3,299.5,456.7,157.9,1944.0,5.3,8.9,149.6,265.2,199.0,1981.0,36.9,62.7,468.8,547.3,160.9,1430.0,20.1,61.6,113.9,189.2,59.0,1052.0,63.8,185.5,362.2,569.4,182.5,2654.0,43.1,71.2,160.3,319.2,234.0,2089.0,144.2,308.2,582.0,694.0,179.2,1202.0,26.6,88.3,699.8,929.5,326.6,3057.0,74.1,228.2,591.0,854.2,313.7,2794.0,52.1,126.9,897.8,1031.0,988.2,2870.0,163.3,320.9,1343.0,1348.0,565.6,2397.0,16.2,29.7,242.3,377.4,458.6,3637.0,48.0,67.6,227.3,380.1,457.2,2832.0,61.0,106.9,704.5,981.3,1065.0,2910.0,93.2,140.1,578.0,705.6,651.2,3322.0,195.0,339.4,1401.0,1425.0,356.1,1623.0,425.3,728.8,1248.0,1302.0,315.6,1318.0,465.2,717.6,1629.0,1999.0,700.9,2038.0,289.0,414.9,1318.0,1551.0,814.6,2722.0
2026-01-31,07,9,official_closing,closing_displayed,https://www.boatrace.jp/owpc/pc/race/odds3t?hd=20260131&jcd=07&rno=9,15.3,210.9,59.7,179.4,797.5,1237.0,22.1,270.2,19.5,68.7,566.5,532.0,66.2,639.7,65.1,214.9,823.1,684.5,74.6,700.9,43.7,154.5,996.9,1397.0,9.9,345.1,228.3,388.9,1841.0,2702.0,3.4,578.4,326.4,552.0,2084.0,3733.0,16.5,1493.0,676.6,1075.0,2567.0,4234.0,10.9,1515.0,773.5,1187.0,2519.0,3838.0,19.4,517.9,44.4,96.8,861.0,696.1,6.9,724.3,166.2,422.9,2074.0,2387.0,39.2,2053.0,188.9,403.8,1526.0,973.2,19.2,2043.0,120.4,236.4,1770.0,2360.0,137.5,1585.0,275.8,376.8,1211.0,992.1,69.3,2128.0,746.7,883.2,2892.0,3803.0,101.8,2684.0,378.2,600.4,1755.0,1252.0,125.2,3111.0,497.2,581.7,1591.0,3259.0,155.5,2106.0,237.0,371.7,1884.0,2616.0,55.3,3510.0,920.9,1122.0,2720.0,4369.0,72.9,3312.0,306.0,486.6,2347.0,3312.0,183.1,3987.0,724.3,836.5,2756.0,3803.0
2026-01-31,07,10,official_closing,closing_displayed,https://www.boatrace.jp/owpc/pc/race/odds3t?hd=20260131&jcd=07&rno=10,15.7,149.1,278.7,51.9,73.2,2680.0,6.2,58.1,192.8,143.8,170.7,2574.0,8.9,65.0,225.6,35.9,60.1,3000.0,112.9,317.9,693.7,161.9,224.8,3020.0,24.2,375.9,506.7,115.1,199.4,3653.0,18.0,537.4,609.7,406.6,593.7,5033.0,22.9,779.7,735.4,152.3,277.4,3839.0,156.3,1520.0,2049.0,557.2,785.1,5329.0,7.7,139.0,363.8,372.5,439.8,3124.0,21.0,479.9,691.6,727.1,848.3,4622.0,8.4,238.3,601.6,589.9,675.1,3236.0,93.2,909.7,1402.0,963.9,1525.0,4819.0,14.7,215.5,438.1,45.2,84.8,3355.0,29.0,775.7,854.7,78.9,159.0,4576.0,13.8,319.9,699.1,252.2,410.7,4081.0,89.1,1241.0,1690.0,118.4,206.1,2475.0,374.4,1505.0,2097.0,592.2,681.2,3406.0,429.4,2796.0,3061.0,1081.0,1024.0,4924.0,375.9,2068.0,2253.0,1309.0,1595.0,5458.0,383.6,2397.0,3259.0,495.1,671.1,2503.0
2026-01-31,07,11,official_closing,closing_displayed,https://www.boatrace.jp/owpc/pc/race/odds3t?hd=20260131&jcd=07&rno=11,5.9,100.2,78.9,76.3,357.2,463.7,10.8,135.6,74.9,105.7,434.9,401.1,24.3,247.0,143.0,73.2,312.3,420.5,17.2,171.8,88.9,60.7,305.0,648.6,7.7,244.0,206.0,193.3,897.3,932.7,10.4,593.5,445.0,471.2,1817.0,1831.0,22.4,1201.0,848.2,449.0,1430.0,2033.0,13.6,808.2,595.7,350.7,1451.0,2711.0,17.3,351.4,252.1,247.3,809.5,593.5,18.9,652.9,500.7,562.0,1463.0,1687.0,29.2,1154.0,749.6,660.7,1481.0,1512.0,23.3,947.0,485.0,410.1,1393.0,2868.0,49.4,998.4,486.5,116.9,319.1,594.3,50.4,2167.0,1130.0,271.1,668.7,1560.0,54.0,1851.0,1051.0,364.6,887.7,1637.0,51.0,2265.0,996.4,142.0,371.4,954.3,50.4,715.0,356.4,127.2,525.1,982.6,43.2,1292.0,887.7,284.7,978.7,2432.0,54.4,1494.0,735.1,403.1,1595.0,2519.0,74.7,2215.0,1438.0,187.9,621.0,1167.0
2026-01-31,07,12,official_closing,closing_displayed,https://www.boatrace.jp/owpc/pc/race/odds3t?hd=20260131&jcd=07&rno=12,10.5,83.0,55.8,147.8,295.9,241.5,17.4,111.8,29.6,106.4,187.8,260.5,28.4,155.0,42.9,149.2,267.9,462.1,30.7,132.8,47.2,187.6,235.3,494.2,9.1,169.2,141.7,293.2,676.0,416.2,6.8,289.2,232.7,362.1,939.1,602.8,11.9,468.4,336.9,552.2,1069.0,1015.0,14.8,408.6,266.9,680.3,710.0,978.9,22.0,303.8,83.1,152.1,333.0,421.3,15.9,384.1,202.2,344.4,900.3,656.8,31.8,716.0,160.0,304.0,547.4,613.0,36.7,651.8,161.6,325.3,449.9,845.4,44.6,545.5,153.5,213.8,386.7,729.7,30.7,866.6,381.5,447.0,740.4,1016.0,56.0,985.2,265.2,354.3,587.9,746.9,64.9,962.9,248.8,274.4,381.5,923.2,65.9,385.5,182.3,395.5,435.2,799.3,53.5,673.0,346.8,711.4,690.7,1180.0,88.7,1020.0,273.0,475.1,592.5,995.5,104.6,1116.0,346.1,431.1,531.8,978.9
2026-01-31,10,1,official_closing,closing_displayed,https://www.boatrace.jp/owpc/pc/race/odds3t?hd=20260131&jcd=10&rno=1,24.8,231.1,143.5,119.2,352.0,547.6,20.9,224.9,32.7,41.9,222.8,248.1,61.6,443.5,86.5,66.8,212.9,215.6,50.5,406.7,58.4,45.4,301.1,484.5,21.3,400.5,356.8,249.7,1028.0,1110.0,6.1,898.8,702.9,641.6,1624.0,2160.0,19.4,1462.0,777.2,623.0,1869.0,1757.0,12.9,1266.0,905.7,566.1,1757.0,2160.0,17.1,389.2,68.6,81.0,431.3,395.8,6.7,859.5,407.4,508.6,1361.0,1539.0,16.7,1602.0,212.1,225.7,715.8,540.1,10.5,1028.0,135.2,134.6,792.9,938.2,84.6,1171.0,298.4,120.2,280.0,274.7,56.7,1962.0,965.1,484.5,985.3,981.2,49.4,2065.0,428.1,279.3,621.3,472.8,85.6,2453.0,548.9,170.2,445.1,563.4,74.9,1075.0,197.7,88.1,616.5,892.0,37.9,1884.0,856.3,352.5,1377.0,1854.0,34.9,1869.0,254.0,174.7,945.7,1126.0,86.5,2706.0,545.1,168.8,785.0,969.1
2026-01-31,10,2,official_closing,closing_displayed,https://www.boatrace.jp/owpc/pc/race/odds3t?hd=20260131&jcd=10&rno=2,9.8,11.6,119.0,107.1,251.7,349.0,7.1,8.2,221.3,306.2,617.8,1079.0,14.4,16.4,307.2,235.5,577.2,900.0,19.0,11.5,246.4,182.5,601.9,1387.0,28.2,40.2,143.5,117.4,313.3,371.1,55.9,62.0,236.9,375.6,843.4,1075.0,69.8,79.4,285.1,278.6,741.3,763.4,98.5,80.6,251.0,198.6,678.8,1164.0,21.5,29.0,370.6,595.6,843.4,2150.0,75.3,61.1,344.8,635.9,1230.0,1853.0,72.5,66.4,778.2,1055.0,2367.0,2708.0,67.9,53.7,731.7,1009.0,2290.0,3658.0,50.1,73.4,570.2,356.1,741.3,1047.0,131.5,204.2,623.2,372.6,872.2,926.7,138.7,168.3,954.9,1063.0,2290.0,2271.0,161.6,158.8,1498.0,400.7,974.8,1829.0,74.5,56.3,900.0,376.6,1117.0,1717.0,224.4,183.2,864.1,349.5,1051.0,1573.0,167.8,127.6,1263.0,995.4,2471.0,2683.0,253.5,196.3,1717.0,553.4,1565.0,1956.0
2026-01-31,10,3,official_closing,closing_displayed,https://www.boatrace.jp/owpc/pc/race/odds3t?hd=20260131&jcd=10&rno=3,6.7,27.4,29.8,97.1,369.0,444.0,12.4,53.7,29.2,90.5,377.7,431.4,34.7,110.5,78.7,172.6,599.1,814.1,28.2,93.2,52.6,110.5,487.6,944.9,6.6,80.0,63.7,193.0,676.5,706.3,7.2,203.3,147.5,259.8,1134.0,1298.0,24.8,369.0,232.7,543.7,2073.0,2200.0,18.3,329.7,212.2,378.7,1675.0,2324.0,22.6,203.9,82.4,155.7,637.6,738.9,15.5,277.3,157.0,272.9,1121.0,1328.0,65.6,762.4,264.8,458.1,1921.0,1533.0,39.9,595.4,182.5,256.6,1316.0,2150.0,81.5,464.8,278.7,251.2,857.7,1067.0,70.4,667.1,367.1,418.9,1675.0,2166.0,143.7,1216.0,519.2,435.3,1426.0,1477.0,119.7,1353.0,538.7,294.3,1130.0,2200.0,94.5,496.0,236.6,236.8,811.8,1275.0,64.3,766.5,402.5,423.8,1646.0,2200.0,121.2,1162.0,409.9,398.6,1258.0,2058.0,170.0,1583.0,668.6,401.9,1574.0,2305.0
2026-01-31,10,4,official_closing,closing_displayed,https://www.boatrace.jp/owpc/pc/race/odds3t?hd=20260131&jcd=10&rno=4,55.3,255.4,78.1,355.8,110.6,4408.0,80.6,405.4,18.1,74.2,27.9,4555.0,63.4,271.9,12.1,85.4,50.7,5466.0,604.6,1687.0,288.9,873.1,290.7,3743.0,35.0,301.6,175.5,561.1,275.2,4338.0,8.1,470.3,190.0,661.7,245.1,7808.0,5.4,246.4,111.7,638.5,414.0,8038.0,215.5,1809.0,890.2,2102.0,1059.0,7591.0,90.4,763.4,35.4,79.8,32.7,5693.0,21.0,740.6,128.1,371.3,129.5,8540.0,27.7,796.7,26.2,73.5,56.3,4204.0,450.9,1430.0,383.8,1019.0,314.5,3960.0,50.8,450.9,17.6,87.1,90.9,6832.0,9.8,332.8,71.4,334.9,320.7,7591.0,23.1,653.8,22.4,90.1,84.1,5061.0,226.2,1518.0,193.9,480.3,499.6,4338.0,1019.0,4408.0,1408.0,2788.0,825.6,3596.0,763.4,3416.0,1626.0,4204.0,1763.0,7192.0,914.0,3141.0,1039.0,3036.0,854.0,3743.0,848.7,4880.0,843.5,1966.0,1143.0,4140.0
2026-01-31,10,5,official_closing,closing_displayed,https://www.boatrace.jp/owpc/pc/race/odds3t?hd=20260131&jcd=10&rno=5,16.7,17.9,55.6,217.8,85.2,1452.0,28.0,26.3,73.2,287.2,119.7,2330.0,16.3,15.1,51.7,183.1,144.1,2601.0,141.8,110.4,289.4,579.6,330.5,2015.0,29.7,35.6,61.4,195.2,96.7,1682.0,47.3,30.7,35.5,165.2,70.3,1491.0,33.0,19.5,23.2,102.4,81.7,1621.0,241.1,115.7,137.3,355.1,213.9,1159.0,60.1,57.4,134.7,302.3,153.6,2832.0,89.3,56.8,74.5,214.1,97.0,2015.0,71.4,32.8,57.8,179.2,162.4,2432.0,301.1,145.1,262.0,648.5,377.3,1734.0,34.0,34.9,72.5,173.3,220.6,3065.0,51.5,25.7,39.0,113.5,131.0,2034.0,64.5,32.8,51.2,175.7,203.4,1564.0,185.5,101.3,164.6,249.7,291.7,2131.0,522.8,443.0,902.2,1135.0,728.8,2283.0,623.2,481.2,591.9,766.2,474.0,1586.0,743.3,484.3,623.2,1124.0,646.7,1553.0,621.5,309.9,455.7,641.1,603.1,1834.0
2026-01-31,10,6,official_closing,closing_displayed,https://www.boatrace.jp/owpc/pc/race/odds3t?hd=20260131&jcd=10&rno=6,74.3,265.1,196.3,113.5,118.9,293.8,44.5,218.3,114.2,94.9,116.6,241.1,50.1,233.8,145.5,33.1,40.7,90.2,44.6,229.0,130.8,26.1,25.5,95.7,65.1,482.3,575.2,212.3,274.0,638.1,22.8,775.4,589.0,532.6,747.0,1317.0,31.0,844.9,462.3,297.3,544.5,949.7,31.0,1289.0,688.3,285.5,311.7,907.5,33.6,419.5,179.6,177.5,252.6,437.5,23.1,700.1,432.9,404.3,844.9,1408.0,14.9,949.7,251.0,238.8,421.0,512.6,11.7,822.2,201.5,193.8,261.2,856.7,42.0,523.5,199.5,41.6,63.4,103.7,39.1,1056.0,648.2,140.0,284.9,453.7,21.9,1134.0,379.3,180.4,256.8,358.2,14.6,928.1,278.4,30.8,52.5,130.7,63.6,696.1,278.4,36.9,52.3,114.7,68.6,1570.0,765.7,147.6,247.5,603.5,24.5,1361.0,355.1,157.4,205.9,537.3,25.0,942.4,375.8,38.1,78.6,151.4
2026-01-31,10,7,official_closing,closing_displayed,https://www.boatrace.jp/owpc/pc/race/odds3t?hd=20260131&jcd=10&rno=7,27.0,119.4,38.6,133.8,256.5,476.3,41.8,155.5,17.2,62.2,154.6,120.5,101.6,258.0,41.9,119.9,281.0,269.3,61.2,211.0,20.0,72.1,295.1,558.4,17.6,164.0,119.0,241.7,514.1,852.3,10.3,214.1,112.1,269.3,472.8,641.3,30.8,384.4,174.6,379.9,616.9,918.8,14.9,235.9,105.0,264.4,825.2,1335.0,35.8,256.0,29.0,82.6,187.2,118.6,16.9,259.1,70.2,205.3,339.1,404.8,45.0,583.6,54.5,116.9,266.5,135.6,26.1,392.6,22.4,65.7,252.0,335.6,130.0,597.0,96.1,222.9,417.9,351.1,68.3,522.4,168.4,406.1,704.1,678.3,97.7,757.6,95.2,184.2,377.7,184.5,106.1,887.4,99.9,179.2,469.4,530.9,89.5,516.1,40.4,116.6,487.0,863.7,38.8,383.3,109.7,234.7,1295.0,1393.0,56.8,522.4,37.8,99.8,397.4,611.1,102.0,1028.0,83.4,128.1,790.0,925.4
2026-01-31,10,8,official_closing,closing_displayed,https://www.boatrace.jp/owpc/pc/race/odds3t?hd=20260131&jcd=10&rno=8,10.0,40.2,140.0,51.2,354.2,150.3,6.0,20.6,156.3,129.4,637.6,402.4,29.5,91.2,223.9,184.3,560.8,149.9,9.6,31.4,263.9,74.6,680.6,692.2,22.5,96.3,189.8,63.3,593.8,222.6,26.5,131.5,238.4,140.3,1072.0,574.1,73.6,296.9,372.7,214.8,692.2,184.6,42.7,158.5,347.1,103.8,931.9,807.6,12.9,45.7,272.8,253.4,640.9,692.2,31.6,116.0,274.0,294.7,1091.0,743.2,78.0,193.5,588.0,540.8,1153.0,590.9,24.3,70.1,358.4,321.3,1637.0,1533.0,80.1,272.8,435.7,300.6,637.6,229.0,131.1,410.6,688.3,288.4,568.7,216.3,96.3,266.2,797.0,553.1,1035.0,543.2,124.1,299.1,771.6,299.8,747.8,651.3,22.1,117.5,428.0,126.4,953.9,976.9,61.0,259.9,647.8,153.1,897.3,1101.0,25.8,100.2,384.5,257.7,1730.0,1808.0,109.1,310.6,859.2,336.5,688.3,729.8
2026-01-31,10,9,official_closing,closing_displayed,https://www.boatrace.jp/owpc/pc/race/odds3t?hd=20260131&jcd=10&rno=9,11.7,49.2,87.8,77.3,222.9,2226.0,9.9,41.1,54.4,55.2,235.8,1760.0,17.0,66.2,71.9,48.4,158.1,1663.0,113.5,247.3,285.6,214.1,453.2,2132.0,13.4,123.3,165.4,129.3,396.2,2911.0,8.1,149.4,166.1,226.6,742.0,4325.0,13.4,241.8,236.5,199.7,550.4,2752.0,95.9,589.0,542.6,514.9,1058.0,3153.0,13.2,83.6,88.6,89.1,314.7,3220.0,11.5,161.7,156.0,179.7,593.6,4587.0,14.1,195.5,105.0,114.8,311.4,2226.0,84.4,451.8,363.0,357.0,940.2,2523.0,40.4,227.6,139.3,66.1,192.8,1991.0,31.8,366.5,270.8,150.0,348.0,2803.0,33.2,318.0,169.1,106.9,251.4,2259.0,170.8,800.9,582.2,170.0,376.5,1940.0,264.6,934.4,976.6,520.2,989.4,2856.0,262.3,1293.0,1576.0,836.3,1645.0,3520.0,300.9,1201.0,845.7,742.0,1428.0,3291.0,451.8,1272.0,855.2,389.1,875.0,2132.0
2026-01-31,10,10,official_closing,closing_displayed,https://www.boatrace.jp/owpc/pc/race/odds3t?hd=20260131&jcd=10&rno=10,9.5,21.9,116.8,797.2,41.2,82.0,61.0,106.6,399.6,1393.0,137.9,275.5,7.3,15.8,179.3,909.0,239.6,680.7,9.0,18.2,237.7,1252.0,67.2,142.6,21.3,72.0,132.6,706.5,57.2,96.8,164.5,351.6,668.5,1675.0,152.4,183.5,33.4,105.4,167.1,980.7,307.3,582.3,43.3,100.3,209.0,1419.0,73.1,101.6,258.8,406.2,780.5,823.6,275.0,621.1,347.5,554.2,797.2,1433.0,260.6,321.9,432.1,476.2,1028.0,1461.0,515.8,1585.0,458.7,596.3,1603.0,2329.0,383.2,569.0,14.6,31.7,238.9,1274.0,500.2,1620.0,38.0,97.7,271.5,1057.0,482.4,1232.0,189.9,244.7,814.6,1355.0,690.1,1961.0,35.5,60.0,363.6,1183.0,544.0,1242.0,21.5,46.0,335.0,1818.0,79.1,180.7,65.1,108.8,301.7,1733.0,79.2,138.0,275.5,315.1,1080.0,2129.0,224.1,450.3,43.8,71.3,460.1,1656.0,262.0,606.0
2026-01-31,10,11,official_closing,closing_displayed,https://www.boatrace.jp/owpc/pc/race/odds3t?hd=20260131&jcd=10&rno=11,15.5,53.2,187.6,228.7,45.3,204.9,19.8,53.8,230.8,461.7,84.1,420.4,8.8,18.9,104.9,182.5,89.9,415.0,18.8,38.6,166.8,231.4,38.1,160.5,30.6,153.9,278.8,292.9,78.3,278.0,44.2,356.5,237.2,727.5,199.7,696.7,24.0,178.9,160.4,360.4,204.9,689.4,41.9,263.2,201.6,504.2,77.2,236.4,44.0,184.2,563.3,699.1,204.9,1005.0,62.7,434.2,286.1,801.5,303.3,1083.0,42.3,216.1,281.2,549.2,415.0,1133.0,68.3,276.9,309.5,631.9,188.4,818.1,15.2,49.9,223.8,217.8,191.6,872.4,26.9,161.6,293.8,318.5,308.5,1126.0,33.9,172.9,293.4,510.8,560.1,1418.0,19.6,64.9,214.7,180.0,154.5,410.7,45.0,121.4,439.1,385.0,60.1,164.4,74.4,357.8,479.7,508.1,71.8,179.4,90.9,343.5,346.5,732.9,144.2,448.1,36.3,112.4,329.1,255.4,133.4,321.1
2026-01-31,12,1,official_closing,closing_displayed,https://www.boatrace.jp/owpc/pc/race/odds3t?hd=20260131&jcd=12&rno=1,34.0,167.2,170.3,535.6,53.5,52.9,94.5,300.4,287.5,681.2,58.1,60.1,24.3,129.3,97.2,513.2,129.3,105.6,21.4,119.5,92.6,409.4,23.2,30.7,34.7,335.2,332.9,478.4,134.2,111.2,72.6,786.3,639.9,1201.0,298.6,326.3,15.7,502.8,450.6,1368.0,439.9,278.3,13.7,543.4,547.5,1063.0,139.4,186.8,149.9,459.0,790.5,869.5,107.9,94.8,143.3,947.6,839.9,1308.0,217.0,182.5,117.6,1163.0,782.1,1128.0,400.6,441.2,104.1,1041.0,912.5,1005.0,107.9,134.3,25.4,241.5,123.4,626.3,301.6,175.7,19.3,487.8,229.5,1128.0,570.7,248.0,68.2,812.2,400.6,885.1,603.3,345.3,10.9,281.5,109.2,481.5,244.7,347.8,22.9,214.5,122.1,605.8,25.8,33.7,18.3,537.5,244.3,1086.0,66.3,89.5,54.8,816.7,446.6,1119.0,70.7,89.2,12.2,338.2,118.4,613.3,89.4,128.6
2026-01-31,12,2,official_closing,closing_displayed,https://www.boatrace.jp/owpc/pc/race/odds3t?hd=20260131&jcd=12&rno=2,125.5,577.7,601.8,468.7,226.0,49.6,127.3,516.9,405.3,276.3,183.5,27.0,86.7,466.6,417.1,184.0,129.8,14.8,65.3,324.4,235.6,70.5,43.8,13.6,146.9,706.1,840.7,666.9,568.6,142.5,65.7,1271.0,1149.0,1227.0,1038.0,282.0,63.3,1469.0,1096.0,1048.0,911.7,209.1,36.3,1278.0,1131.0,677.3,480.1,199.7,153.0,806.2,502.5,353.6,413.1,65.2,79.4,1490.0,1085.0,1064.0,1064.0,243.6,48.3,1554.0,821.5,673.1,671.0,71.7,22.7,1048.0,410.7,290.0,362.5,112.0,75.9,747.6,620.9,258.4,252.1,25.0,60.9,1612.0,1317.0,763.5,850.7,121.8,43.0,1440.0,943.5,547.0,516.9,44.6,13.6,681.6,433.0,139.5,141.9,36.6,34.1,457.7,247.5,73.8,44.2,23.4,17.7,1286.0,1028.0,402.3,211.4,119.0,9.8,878.3,336.5,139.4,139.7,66.6,8.7,654.7,405.3,110.8,82.5,35.8
2026-01-31,12,3,official_closing,closing_displayed,https://www.boatrace.jp/owpc/pc/race/odds3t?hd=20260131&jcd=12&rno=3,6.8,51.0,54.0,46.9,133.3,2274.0,8.6,58.2,47.5,52.3,135.6,3079.0,17.6,113.3,69.0,67.1,134.8,2224.0,266.9,813.7,712.4,477.7,594.0,2780.0,9.2,115.3,117.8,84.4,247.7,3177.0,10.1,159.3,116.1,134.9,462.3,3849.0,17.0,315.2,180.3,174.5,404.4,3512.0,307.0,1696.0,1259.0,971.8,1654.0,3393.0,12.4,128.2,56.8,79.4,165.4,2943.0,15.7,205.9,78.1,113.5,315.2,4003.0,26.4,337.0,69.0,104.0,202.8,3033.0,274.2,1539.0,690.3,922.5,1343.0,4170.0,32.6,313.2,108.3,85.9,145.6,2859.0,35.3,518.6,176.5,126.3,232.2,3574.0,41.9,500.4,103.9,126.3,210.0,2943.0,362.6,1836.0,948.7,563.9,755.4,2819.0,870.3,2705.0,2129.0,1131.0,1380.0,2987.0,967.1,3228.0,2411.0,1627.0,1787.0,3639.0,692.7,2742.0,1756.0,1551.0,1888.0,3849.0,1112.0,3177.0,2383.0,1380.0,1482.0,2780.0
2026-01-31,12,4,official_closing,closing_displayed,https://www.boatrace.jp/owpc/pc/race/odds3t?hd=20260131&jcd=12&rno=4,86.1,493.6,332.7,334.4,25.2,230.6,94.5,422.9,232.5,403.1,14.7,187.3,42.9,248.4,108.0,137.9,14.6,147.1,100.0,448.0,168.4,207.7,11.6,66.9,121.0,652.7,572.7,393.2,71.2,458.4,91.7,892.9,583.1,1174.0,125.0,776.9,34.2,635.0,432.2,739.0,127.5,671.4,84.8,806.2,712.4,942.0,94.2,396.8,119.5,625.7,349.4,553.0,35.0,237.0,134.2,1020.0,633.4,1071.0,94.9,633.4,40.7,793.7,272.7,418.1,68.6,299.7,67.1,854.4,302.9,450.4,39.3,166.8,21.0,279.2,117.8,148.0,51.5,220.0,14.9,532.4,313.2,339.7,133.5,505.2,15.2,490.8,198.2,360.1,111.5,330.1,11.0,383.8,118.0,162.4,55.9,151.3,104.8,756.4,196.7,258.2,25.6,71.2,82.3,1058.0,553.0,693.2,80.9,246.5,58.2,911.9,236.1,425.7,43.9,123.1,29.2,556.6,127.6,210.1,47.1,104.3
2026-01-31,12,5,official_closing,closing_displayed,https://www.boatrace.jp/owpc/pc/race/odds3t?hd=20260131&jcd=12&rno=5,10.4,27.2,87.3,235.0,1388.0,22.4,14.1,32.9,146.2,390.5,1649.0,39.7,228.2,307.8,675.1,1244.0,2212.0,56.1,7.5,15.0,79.7,190.4,1061.0,189.6,16.9,56.0,101.8,274.5,1968.0,27.7,32.2,108.8,186.8,502.2,2739.0,55.0,304.0,841.9,1050.0,1665.0,2909.0,70.0,18.4,52.7,110.9,284.2,2175.0,257.6,38.4,94.2,284.2,544.4,2122.0,73.8,63.7,168.0,357.6,695.0,2876.0,92.6,549.7,1204.0,1462.0,2157.0,3236.0,165.7,38.1,89.9,300.3,537.1,2682.0,536.5,751.5,1275.0,1438.0,2007.0,2725.0,108.0,769.4,1823.0,1896.0,2589.0,2860.0,126.6,1087.0,2261.0,2157.0,2739.0,2993.0,205.3,480.7,1391.0,1720.0,1968.0,2725.0,587.0,13.1,30.9,111.8,191.7,1179.0,357.3,24.4,58.1,144.7,230.1,1889.0,464.8,31.1,65.9,251.9,415.5,2291.0,647.2,222.1,575.3,1019.0,1061.0,2311.0,669.8
2026-01-31,12,6,official_closing,closing_displayed,https://www.boatrace.jp/owpc/pc/race/odds3t?hd=20260131&jcd=12&rno=6,7.0,123.6,139.6,473.7,464.3,53.9,17.9,199.1,196.3,605.4,714.6,79.5,27.1,312.4,218.5,873.6,868.1,167.5,5.4,76.1,110.0,395.6,334.8,186.9,9.4,289.5,340.7,665.9,1129.0,120.9,18.5,890.2,886.5,1573.0,2039.0,318.3,26.3,1117.0,921.5,2801.0,2746.0,606.3,8.6,475.8,563.2,1603.0,1500.0,785.4,33.5,552.1,624.3,937.9,1235.0,208.7,39.4,1225.0,981.7,2059.0,2177.0,421.4,84.5,1918.0,1317.0,2746.0,2938.0,681.0,30.8,1141.0,963.7,1819.0,1963.0,895.9,67.4,1157.0,842.0,1170.0,1597.0,448.9,67.4,2039.0,1459.0,2457.0,2593.0,961.5,130.0,2486.0,1972.0,2609.0,3001.0,1066.0,50.7,1591.0,1214.0,1359.0,1729.0,1333.0,9.9,182.5,233.1,564.0,449.4,427.0,13.7,506.8,498.4,1135.0,755.7,1135.0,31.4,827.1,755.7,1269.0,974.9,1157.0,43.7,935.8,961.5,1129.0,1017.0,1400.0
2026-01-31,12,7,official_closing,closing_displayed,https://www.boatrace.jp/owpc/pc/race/odds3t?hd=20260131&jcd=12&rno=7,7.7,14.5,161.3,221.5,134.6,181.3,17.0,26.3,470.9,736.0,609.4,843.6,6.4,11.7,362.0,323.2,558.9,1049.0,7.2,10.8,299.7,345.0,179.5,556.5,28.7,61.8,160.0,239.9,189.7,203.1,119.7,175.9,517.4,813.0,679.1,876.5,61.9,108.4,322.2,387.0,592.5,762.4,54.2,86.7,265.3,354.7,234.2,536.6,56.3,89.9,912.1,1171.0,990.4,1188.0,181.6,223.9,924.6,1379.0,985.5,1356.0,124.2,137.2,1147.0,1642.0,1726.0,2184.0,107.7,121.1,1220.0,1609.0,1356.0,1879.0,27.8,45.5,725.4,417.8,789.2,1683.0,111.2,147.4,755.3,483.3,790.7,1282.0,158.5,158.9,1365.0,1161.0,1812.0,2349.0,47.3,60.3,933.2,419.1,762.4,1524.0,35.7,42.4,693.1,647.5,343.3,724.1,132.5,158.7,798.5,619.7,341.8,691.9,212.1,176.9,1764.0,1603.0,1291.0,1845.0,81.7,82.9,1185.0,621.6,959.8,1474.0
2026-01-31,12,8,official_closing,closing_displayed,https://www.boatrace.jp/owpc/pc/race/odds3t?hd=20260131&jcd=12&rno=8,6.1,47.4,65.1,300.0,217.0,317.8,10.3,64.1,68.5,255.0,427.9,266.0,17.7,85.4,92.9,453.3,767.7,677.6,17.6,88.5,67.1,369.0,406.7,715.3,6.9,135.5,136.2,466.0,458.9,447.9,8.3,331.3,295.9,861.6,1554.0,1155.0,16.1,427.1,375.8,1280.0,2011.0,1901.0,13.6,375.5,332.5,1185.0,1373.0,1917.0,22.5,279.7,180.3,351.8,706.3,298.4,21.9,473.8,364.0,833.0,1497.0,1129.0,55.8,639.2,429.6,1417.0,2253.0,1283.0,36.2,637.4,327.2,847.1,1298.0,1458.0,38.4,285.4,296.2,731.5,1080.0,1055.0,38.0,793.4,557.0,1382.0,1925.0,2039.0,74.1,870.0,609.0,1626.0,2020.0,1656.0,64.8,834.5,482.5,983.9,1373.0,2166.0,54.0,332.5,198.4,713.0,744.8,954.7,46.4,834.5,542.9,1298.0,1720.0,2002.0,66.3,1073.0,473.3,1112.0,1386.0,1681.0,112.6,1075.0,552.2,1204.0,1720.0,2011.0
2026-01-31,12,9,official_closing,closing_displayed,https://www.boatrace.jp/owpc/pc/race/odds3t?hd=20260131&jcd=12&rno=9,4.3,42.1,156.4,68.9,418.0,825.8,4.2,35.2,189.2,196.3,959.5,1698.0,15.3,90.1,365.7,122.1,556.1,1241.0,26.1,121.4,507.1,164.9,670.9,1698.0,10.2,188.0,282.7,120.5,750.9,1113.0,14.0,358.1,610.6,502.0,1925.0,3826.0,38.1,888.9,1132.0,375.4,1297.0,683.8,63.1,891.6,1642.0,278.7,1660.0,3555.0,9.6,140.4,460.4,515.3,1788.0,2389.0,17.6,390.0,816.9,971.8,2948.0,4412.0,29.4,590.3,1590.0,1566.0,3303.0,3826.0,44.4,623.8,1788.0,1481.0,3198.0,3925.0,37.1,417.7,1127.0,191.6,588.0,1629.0,80.9,1151.0,1995.0,287.3,1040.0,1889.0,57.7,994.2,2427.0,782.0,1995.0,3708.0,88.9,1288.0,2561.0,297.4,829.2,1843.0,88.9,767.1,1550.0,411.5,1449.0,2230.0,201.2,1950.0,2892.0,365.9,1988.0,3339.0,131.9,1367.0,2639.0,1373.0,2698.0,3951.0,170.3,1854.0,2529.0,547.0,1674.0,2334.0
2026-01-31,12,10,official_closing,closing_displayed,https://www.boatrace.jp/owpc/pc/race/odds3t?hd=20260131&jcd=12&rno=10,11.2,139.3,25.9,291.6,258.8,827.1,25.8,252.1,27.6,236.6,142.2,431.8,30.1,331.0,17.5,389.1,411.2,1129.0,31.1,307.0,23.1,348.7,215.3,823.9,7.4,225.6,92.1,477.5,746.7,1384.0,9.7,699.7,240.3,862.5,1011.0,1629.0,7.2,769.0,200.0,1166.0,1787.0,2271.0,11.3,672.0,206.7,1050.0,1233.0,2462.0,33.6,560.0,91.3,287.1,164.9,498.6,27.8,1032.0,200.0,659.0,446.8,1194.0,52.3,1573.0,130.1,531.0,752.8,1233.0,56.0,1280.0,149.7,461.8,275.3,889.9,44.1,901.1,51.8,620.9,985.0,1725.0,25.4,1372.0,144.4,1095.0,1729.0,2363.0,75.3,2101.0,154.8,821.8,1287.0,1725.0,51.0,1864.0,82.9,703.5,1199.0,2622.0,75.0,1049.0,108.1,746.7,489.5,1077.0,54.8,1418.0,244.6,1344.0,1205.0,2434.0,123.7,2108.0,254.6,1003.0,614.4,1120.0,85.2,2287.0,166.6,1012.0,1421.0,2510.0
2026-01-31,12,11,official_closing,closing_displayed,https://www.boatrace.jp/owpc/pc/race/odds3t?hd=20260131&jcd=12&rno=11,9.1,47.5,39.7,63.4,723.4,1101.0,8.6,64.2,32.1,57.1,714.8,1015.0,35.0,180.5,83.2,77.4,698.2,892.4,42.0,208.5,102.9,70.2,815.4,1638.0,9.8,104.2,81.2,113.7,1371.0,1705.0,7.5,183.5,125.4,207.2,1996.0,3102.0,27.1,369.0,277.6,237.2,2011.0,2361.0,38.2,393.9,316.2,214.3,1937.0,3283.0,11.7,146.2,46.2,67.9,911.8,1517.0,12.9,219.8,95.1,146.5,1893.0,3125.0,30.3,370.6,91.5,128.0,1311.0,1839.0,29.0,347.9,86.0,120.1,1868.0,3431.0,97.1,771.2,248.9,135.4,711.8,1041.0,92.8,1245.0,463.1,254.4,1380.0,1973.0,92.3,1069.0,247.1,271.5,1116.0,1831.0,140.7,1517.0,357.4,179.2,964.0,1884.0,129.5,890.5,341.3,142.5,1525.0,2555.0,136.6,1351.0,689.0,268.0,2610.0,3655.0,91.0,1015.0,297.6,278.6,2436.0,2888.0,195.3,1467.0,592.0,241.2,1889.0,2555.0
2026-01-31,12,12,official_closing,closing_displayed,https://www.boatrace.jp/owpc/pc/race/odds3t?hd=20260131&jcd=12&rno=12,13.7,58.0,28.2,291.4,318.9,418.1,26.3,127.5,35.6,218.8,177.1,220.9,28.4,135.5,20.5,280.0,486.5,589.3,35.3,131.4,29.7,271.8,238.6,342.8,9.6,94.4,62.6,416.5,598.3,728.0,13.6,222.8,140.1,628.6,739.9,951.1,8.9,204.9,104.9,773.4,1306.0,1432.0,14.5,217.2,109.8,735.7,925.9,1340.0,46.1,314.9,58.8,213.2,208.8,258.1,33.9,407.2,135.7,504.1,527.6,700.5,55.6,624.2,66.3,300.0,582.1,735.7,60.6,534.4,61.5,279.9,309.3,460.8,53.0,375.0,38.9,346.5,689.8,967.4,29.7,450.3,99.1,720.0,1154.0,1720.0,84.2,818.8,75.0,504.1,844.8,1100.0,50.5,590.9,46.1,388.5,662.6,1141.0,81.2,452.7,62.8,508.1,342.0,477.0,47.7,508.6,141.7,933.5,812.9,1291.0,118.5,863.3,103.1,619.6,411.6,612.0,70.3,761.1,73.2,521.8,716.0,1197.0
2026-01-31,13,1,official_closing,closing_displayed,https://www.boatrace.jp/owpc/pc/race/odds3t?hd=20260131&jcd=13&rno=1,81.5,340.8,55.5,304.2,899.3,1839.0,132.2,700.7,6.9,65.4,246.3,870.3,223.9,957.8,13.5,148.2,498.0,1759.0,417.2,1458.0,31.6,232.2,722.6,1904.0,37.5,367.0,142.2,529.0,1668.0,2791.0,7.5,680.1,141.5,483.2,732.4,2997.0,12.6,1044.0,256.9,914.5,1305.0,3764.0,36.6,1371.0,389.1,1305.0,1839.0,3054.0,105.6,865.6,9.2,45.1,211.0,894.3,20.6,825.9,62.9,242.3,821.7,2217.0,48.2,1420.0,9.8,48.4,239.4,601.7,103.4,1839.0,19.4,72.0,411.9,1011.0,281.5,1602.0,30.4,201.5,520.5,1798.0,60.4,1360.0,156.2,685.9,946.6,2997.0,105.5,1860.0,25.6,98.1,299.2,813.4,223.2,2346.0,46.0,240.5,688.8,1226.0,809.4,2380.0,84.3,379.1,1132.0,2217.0,229.6,2653.0,251.7,1235.0,1527.0,3054.0,402.6,2452.0,57.7,227.6,674.5,745.9,486.1,2743.0,81.1,414.0,935.7,1360.0
2026-01-31,13,2,official_closing,closing_displayed,https://www.boatrace.jp/owpc/pc/race/odds3t?hd=20260131&jcd=13&rno=2,16.1,15.1,52.9,341.0,225.1,459.2,34.2,34.1,121.8,615.0,333.5,1005.0,22.9,18.9,73.9,574.0,571.6,1148.0,49.9,40.3,159.4,634.9,411.2,620.6,26.0,21.6,53.0,275.0,179.8,413.7,65.0,19.0,43.9,261.9,137.5,287.6,45.1,13.7,28.2,250.0,268.0,367.4,98.9,17.0,39.8,254.6,164.8,316.7,83.3,84.7,166.1,576.4,361.6,1405.0,116.3,45.2,80.1,309.6,182.2,401.6,132.2,55.5,118.0,521.8,623.4,1120.0,202.6,52.7,133.8,540.2,289.4,825.0,73.7,50.6,120.9,649.8,791.8,1530.0,97.2,28.2,57.3,366.4,447.3,586.2,177.7,59.2,118.2,688.8,713.8,1377.0,155.6,40.6,111.0,390.2,480.0,1084.0,202.0,117.2,356.0,950.1,688.8,656.0,285.8,56.3,111.7,431.8,297.5,325.7,400.5,108.6,236.7,805.7,423.9,1167.0,270.1,73.5,210.0,599.0,774.0,1129.0
2026-01-31,13,3,official_closing,closing_displayed,https://www.boatrace.jp/owpc/pc/race/odds3t?hd=20260131&jcd=13&rno=3,124.1,125.2,322.6,150.9,29.0,547.5,102.5,85.2,449.2,432.9,66.2,547.5,83.3,76.6,224.1,169.5,35.8,736.7,235.0,169.6,693.8,276.4,37.1,381.5,143.9,140.2,268.7,119.5,21.4,406.8,177.5,89.0,163.6,261.7,26.9,467.9,123.2,60.8,91.3,69.9,17.6,386.6,285.3,169.6,213.4,128.9,13.2,171.1,175.4,96.7,458.3,505.2,75.1,1071.0,258.4,98.5,202.4,339.3,47.1,753.1,182.3,55.6,174.2,270.8,85.3,1049.0,364.4,119.8,284.9,420.3,50.0,510.3,100.7,51.8,201.7,84.2,30.1,785.2,154.5,46.0,90.5,49.6,21.1,487.0,161.0,36.4,148.9,138.9,65.3,1071.0,185.0,53.8,148.8,55.0,25.5,326.2,382.2,359.2,816.9,359.2,25.7,163.5,463.6,301.0,319.5,211.9,13.7,112.4,615.8,221.4,682.1,429.2,30.6,193.8,422.0,141.0,437.5,150.8,26.8,191.8
2026-01-31,13,4,official_closing,closing_displayed,https://www.boatrace.jp/owpc/pc/race/odds3t?hd=20260131&jcd=13&rno=4,12.8,112.7,73.3,148.1,32.1,1924.0,21.7,190.6,63.9,133.1,28.5,2196.0,17.8,120.4,51.0,77.6,37.5,2928.0,248.8,1365.0,649.6,597.7,133.8,1629.0,11.3,226.5,217.2,242.8,63.9,3207.0,10.8,449.9,347.1,447.9,96.8,3207.0,6.3,261.3,234.1,241.9,119.7,4040.0,183.5,1924.0,1836.0,1453.0,331.7,3015.0,31.8,376.9,153.9,192.7,65.8,3207.0,25.9,604.9,319.6,361.4,107.1,3885.0,28.5,482.2,175.5,194.0,134.6,2494.0,238.8,2000.0,1069.0,1128.0,386.3,2494.0,18.6,251.6,99.4,70.2,64.1,4040.0,8.8,307.9,207.6,129.6,106.2,4123.0,20.5,459.1,178.9,134.1,132.8,3258.0,141.8,1412.0,572.3,314.7,305.6,3312.0,874.6,3207.0,1924.0,1135.0,400.8,1432.0,789.2,3156.0,2126.0,2434.0,518.0,2377.0,848.9,3061.0,1726.0,2082.0,559.6,2172.0,610.4,2349.0,1356.0,1167.0,597.7,2463.0
2026-01-31,13,5,official_closing,closing_displayed,https://www.boatrace.jp/owpc/pc/race/odds3t?hd=20260131&jcd=13&rno=5,8.1,7.5,39.6,109.4,286.5,2250.0,13.9,12.5,63.7,160.0,375.8,3375.0,35.3,31.9,121.6,198.5,460.2,2119.0,184.2,142.3,361.6,410.5,810.0,3439.0,15.5,14.1,37.6,95.7,320.8,2761.0,25.3,14.8,33.6,93.8,293.5,2222.0,58.5,36.7,64.1,129.8,350.5,1898.0,226.9,128.7,200.2,268.4,720.4,2463.0,34.5,33.2,95.3,206.6,571.3,3962.0,51.5,25.9,55.7,116.2,386.9,2336.0,96.5,57.4,115.9,257.8,706.4,2603.0,280.8,152.5,326.0,516.3,1132.0,3254.0,108.8,114.9,236.7,224.7,522.2,3197.0,135.5,102.0,159.0,150.6,355.2,2144.0,181.1,123.2,200.0,279.9,593.7,2430.0,454.5,326.6,557.3,264.1,687.8,2195.0,576.7,576.7,1053.0,655.6,1506.0,4556.0,693.0,595.6,746.9,507.7,1248.0,2987.0,863.8,511.9,969.5,740.9,1481.0,1672.0,863.8,644.0,995.9,532.9,1435.0,2430.0
2026-01-31,13,6,official_closing,closing_displayed,https://www.boatrace.jp/owpc/pc/race/odds3t?hd=20260131&jcd=13&rno=6,14.6,142.6,134.8,37.3,529.4,396.2,8.2,95.9,60.0,42.5,632.1,313.5,43.3,267.4,139.9,41.7,331.4,268.4,45.5,257.0,148.9,46.9,498.6,666.8,18.2,351.1,299.3,126.9,795.1,684.5,8.2,403.1,326.3,264.4,1361.0,1369.0,28.2,820.5,584.3,276.7,1066.0,820.5,33.5,642.7,678.5,282.5,1337.0,1641.0,8.4,159.0,87.2,99.4,889.9,556.2,7.7,325.8,231.6,269.9,1512.0,1353.0,14.3,399.6,206.4,226.4,1419.0,720.8,19.6,420.6,221.8,207.8,1739.0,1574.0,86.0,903.8,424.5,81.7,314.3,343.8,90.0,1066.0,860.1,182.1,554.8,744.0,50.0,863.3,533.1,236.8,768.7,593.2,124.6,1307.0,829.3,87.7,420.6,787.0,87.7,646.3,405.9,112.5,776.4,1192.0,84.0,1046.0,918.1,293.2,1492.0,1866.0,58.7,844.4,510.7,305.2,1574.0,1881.0,152.5,1292.0,1019.0,144.4,814.7,1145.0
2026-01-31,13,7,official_closing,closing_displayed,https://www.boatrace.jp/owpc/pc/race/odds3t?hd=20260131&jcd=13&rno=7,47.8,32.4,216.0,555.6,139.3,563.0,77.6,56.5,316.5,731.3,224.4,1022.0,37.3,23.9,145.0,477.5,321.3,1211.0,55.0,33.7,184.4,549.6,114.5,601.6,88.8,52.8,163.4,385.0,107.8,511.0,135.9,25.3,65.8,263.4,70.2,325.4,67.5,10.5,37.1,184.0,112.5,435.8,90.8,14.3,48.7,193.1,45.1,159.7,218.2,125.6,511.0,871.6,376.4,1200.0,230.1,44.1,128.6,406.5,97.7,510.0,172.3,34.3,175.0,335.3,214.7,975.1,198.6,36.7,149.4,346.7,125.7,591.8,71.2,43.9,217.7,438.0,444.1,1272.0,98.7,15.9,60.5,254.5,295.5,739.8,145.9,34.5,133.1,345.3,404.6,1206.0,71.2,14.0,75.4,138.9,133.4,590.5,181.1,103.2,398.2,720.9,198.5,546.1,240.3,32.7,142.1,357.9,84.1,185.9,344.8,55.3,280.9,533.5,194.5,558.1,141.0,29.5,158.6,282.1,189.7,466.1
2026-01-31,13,8,official_closing,closing_displayed,https://www.boatrace.jp/owpc/pc/race/odds3t?hd=20260131&jcd=13&rno=8,72.9,50.3,132.4,216.8,54.7,544.9,136.0,51.7,286.7,267.8,68.1,738.6,54.6,32.6,101.7,220.3,95.0,1087.0,170.2,103.5,226.9,602.2,73.9,389.5,67.0,57.3,135.8,108.0,42.5,475.4,141.3,38.6,154.3,131.1,29.2,500.8,49.3,21.4,60.1,76.6,34.2,517.3,124.0,71.2,163.7,217.0,29.1,197.3,239.9,41.4,463.2,373.4,88.1,614.8,249.6,30.7,240.6,249.3,43.2,563.2,250.1,21.5,247.2,294.7,75.8,913.9,408.4,50.2,369.3,652.4,53.3,392.7,56.7,29.6,102.0,208.7,124.7,1145.0,57.0,17.8,58.1,113.3,66.1,707.4,144.8,19.8,127.0,234.4,97.8,954.7,76.0,24.5,94.9,237.0,86.6,650.6,249.3,150.1,376.4,962.6,95.3,307.4,262.7,98.8,256.6,466.0,45.4,183.3,448.2,80.1,403.5,656.0,70.0,311.0,184.3,53.3,194.7,432.5,78.8,403.5
2026-01-31,13,9,official_closing,closing_displayed,https://www.boatrace.jp/owpc/pc/race/odds3t?hd=20260131&jcd=13&rno=9,94.6,479.0,252.9,54.4,592.7,202.2,65.0,460.3,110.9,26.1,521.1,123.2,178.6,828.3,240.7,30.0,259.1,60.0,90.6,488.8,107.4,7.7,248.2,148.4,89.6,713.1,515.4,120.0,911.9,438.0,29.8,1405.0,800.3,301.5,1493.0,749.7,75.7,1470.0,831.9,263.0,948.4,439.0,34.4,1142.0,854.4,78.7,649.6,707.7,47.5,557.8,155.4,56.5,656.3,200.7,23.4,1273.0,594.6,286.5,1426.0,721.2,35.9,1178.0,305.4,117.4,787.0,181.1,13.4,580.0,117.0,33.8,632.2,491.4,253.5,1345.0,505.8,35.0,178.1,42.8,156.3,1756.0,1142.0,132.9,404.4,157.0,96.0,1635.0,567.9,74.5,336.9,67.9,109.6,1223.0,378.6,15.0,95.2,55.6,107.7,858.3,151.7,10.5,259.8,240.7,51.7,1459.0,621.9,58.1,473.0,535.8,30.3,934.4,168.0,26.2,424.3,350.6,89.7,1405.0,349.3,14.5,137.6,113.2
2026-01-31,13,10,official_closing,closing_displayed,https://www.boatrace.jp/owpc/pc/race/odds3t?hd=20260131&jcd=13&rno=10,22.0,99.3,370.5,84.9,34.5,346.9,9.2,45.6,666.5,392.1,195.0,775.0,4.5,23.6,392.1,62.4,62.9,604.8,22.5,71.0,843.6,137.8,68.1,347.4,78.3,326.1,495.9,141.0,51.0,451.8,129.3,462.8,876.0,553.6,269.9,989.7,81.9,333.2,546.9,126.1,116.8,668.5,233.3,714.5,1656.0,202.3,113.5,417.9,23.0,148.9,1120.0,807.9,463.7,1235.0,116.5,392.1,1068.0,793.8,557.6,1534.0,24.8,156.8,948.7,666.5,699.2,1093.0,71.8,364.0,1524.0,907.3,628.1,1104.0,8.0,52.6,631.6,54.1,69.2,769.8,45.7,224.5,690.7,70.1,87.0,767.2,22.8,120.9,856.3,323.8,406.1,1063.0,32.7,130.1,921.9,71.3,91.3,644.0,90.3,329.9,1621.0,286.5,139.9,441.3,246.1,879.3,2219.0,345.3,170.1,465.6,186.0,513.8,1534.0,699.2,488.5,849.9,99.6,325.6,1447.0,229.7,201.4,574.4
2026-01-31,13,11,official_closing,closing_displayed,https://www.boatrace.jp/owpc/pc/race/odds3t?hd=20260131&jcd=13&rno=11,7.1,35.2,30.8,195.9,202.2,1489.0,23.0,73.0,39.4,175.9,149.7,837.9,17.6,57.4,29.8,170.5,282.1,2101.0,99.1,258.0,144.7,395.9,403.9,680.0,6.0,48.8,53.3,307.3,388.3,2346.0,9.9,109.6,87.4,445.4,387.8,2606.0,8.8,90.6,77.3,394.8,760.9,2760.0,68.7,446.1,336.3,756.8,828.0,1955.0,39.6,137.7,69.5,184.0,188.7,1091.0,27.5,183.1,87.6,235.4,309.3,2631.0,52.2,196.7,60.1,169.8,375.8,2733.0,150.7,740.9,190.3,360.4,535.2,1245.0,42.5,197.0,71.6,177.6,376.3,2582.0,29.8,236.5,96.2,248.4,581.7,2252.0,71.6,384.0,88.3,211.6,451.9,3027.0,134.5,729.3,168.1,289.6,606.7,1521.0,356.8,905.2,471.5,970.8,853.1,1443.0,281.2,1481.0,700.3,1046.0,1407.0,3475.0,540.3,1328.0,585.3,1066.0,1095.0,1759.0,408.6,1353.0,478.0,879.8,1192.0,2055.0
2026-01-31,14,1,official_closing,closing_displayed,https://www.boatrace.jp/owpc/pc/race/odds3t?hd=20260131&jcd=14&rno=1,10.8,30.1,48.1,103.2,104.6,469.1,13.4,46.6,34.7,77.0,103.2,416.9,19.9,58.4,44.3,119.8,142.7,600.2,39.1,86.9,76.5,147.1,155.6,700.9,12.6,81.2,103.1,169.9,203.8,694.7,10.1,132.2,139.6,261.4,289.8,919.1,13.7,146.9,139.8,340.1,457.7,1377.0,35.7,212.5,213.2,334.5,349.6,1377.0,24.0,131.3,75.7,143.2,192.6,848.1,19.5,194.4,143.5,243.1,336.9,1287.0,30.0,276.5,119.1,249.9,389.7,939.2,47.2,341.3,171.6,272.4,434.6,1377.0,37.4,178.1,104.1,195.3,300.1,968.0,32.2,229.4,196.5,328.5,501.5,1308.0,51.4,333.1,185.4,316.6,446.5,984.2,63.2,356.2,245.2,262.1,429.0,1334.0,109.7,403.0,284.5,357.9,322.2,912.0,105.7,514.6,497.8,499.9,449.9,1243.0,123.2,600.2,367.9,480.6,528.4,1294.0,115.5,598.7,465.9,380.0,543.0,1312.0
2026-01-31,14,2,official_closing,closing_displayed,https://www.boatrace.jp/owpc/pc/race/odds3t?hd=20260131&jcd=14&rno=2,11.0,18.9,75.5,84.4,189.4,206.3,10.9,18.0,117.2,207.6,350.7,548.5,17.1,23.8,121.8,156.3,350.1,429.3,12.4,15.1,109.0,134.5,280.1,691.6,19.6,51.2,87.1,101.5,245.9,225.2,34.0,90.2,125.0,261.8,520.5,585.1,43.0,116.3,128.2,245.0,504.1,389.7,44.0,80.8,122.5,168.4,352.9,634.8,24.7,47.2,163.7,364.9,592.0,871.9,49.9,106.1,152.7,368.8,710.3,822.3,60.1,115.8,225.7,576.8,1101.0,1117.0,50.0,68.4,195.6,493.6,963.8,1697.0,42.5,86.0,209.1,236.3,447.3,624.2,78.5,174.3,192.1,264.8,528.5,515.1,90.5,171.9,304.4,489.3,1025.0,1072.0,79.8,120.0,251.5,234.0,520.5,951.6,48.0,66.0,269.5,238.5,538.0,998.2,111.9,166.5,258.3,224.3,512.2,868.6,114.1,126.0,355.7,477.3,1273.0,1778.0,130.3,168.9,399.8,319.4,717.1,1035.0
2026-01-31,14,3,official_closing,closing_displayed,https://www.boatrace.jp/owpc/pc/race/odds3t?hd=20260131&jcd=14&rno=3,8.4,21.9,51.8,558.3,50.3,599.7,34.9,71.1,104.1,626.7,49.0,821.9,12.4,26.0,36.2,648.5,195.0,1603.0,43.4,64.2,90.0,701.9,69.6,653.7,10.3,48.0,84.6,664.5,87.4,827.5,27.8,136.7,205.7,1086.0,125.4,1407.0,9.1,51.0,78.1,1055.0,435.6,2032.0,31.9,117.1,169.1,1181.0,168.7,1016.0,76.4,240.3,305.1,819.1,90.4,1302.0,72.0,316.6,399.1,1132.0,138.3,1772.0,85.4,320.2,305.8,1014.0,391.4,1999.0,141.7,399.8,479.0,1395.0,161.4,1274.0,17.4,60.3,73.5,821.9,549.5,2358.0,15.4,75.1,99.2,1137.0,834.6,2669.0,63.0,241.5,224.0,1035.0,796.3,2218.0,35.9,131.0,138.0,1058.0,688.0,2570.0,128.3,255.9,367.1,1527.0,141.7,525.7,139.0,404.4,489.6,1919.0,189.7,669.0,273.3,621.1,728.2,1912.0,198.6,695.9,131.7,330.8,389.8,1592.0,514.0,1812.0
2026-01-31,14,4,official_closing,closing_displayed,https://www.boatrace.jp/owpc/pc/race/odds3t?hd=20260131&jcd=14&rno=4,11.1,17.3,66.4,372.0,60.0,243.4,32.3,45.4,158.1,527.6,116.4,472.0,11.9,17.0,86.6,487.3,274.5,847.4,17.2,18.7,82.0,433.6,68.4,326.3,20.9,41.2,76.7,421.1,75.8,292.3,53.4,108.7,173.0,607.9,110.6,477.6,24.6,46.3,74.0,592.4,350.4,982.4,35.0,51.6,76.1,455.7,68.6,242.2,69.5,167.6,338.8,813.8,199.8,810.3,90.9,209.0,257.9,700.8,172.2,666.3,104.6,241.5,384.4,909.9,559.5,1363.0,102.6,213.5,341.5,750.1,185.5,770.9,25.6,43.3,137.0,581.2,622.9,1671.0,40.8,58.9,109.4,621.5,552.8,1347.0,113.5,171.0,340.3,957.0,839.7,1671.0,39.3,43.4,133.4,456.8,359.2,1401.0,60.3,83.6,227.6,750.1,116.1,319.0,87.5,116.2,182.4,693.8,91.5,214.8,159.8,257.4,560.6,1031.0,192.4,492.9,78.5,79.0,243.4,657.6,359.2,847.4
2026-01-31,14,5,official_closing,closing_displayed,https://www.boatrace.jp/owpc/pc/race/odds3t?hd=20260131&jcd=14&rno=5,19.8,71.2,247.9,79.2,222.9,111.6,6.8,27.2,310.8,273.6,557.4,437.7,15.6,46.7,371.8,144.4,377.0,167.7,7.1,25.9,253.8,71.1,252.2,329.9,36.0,226.9,383.9,122.8,309.2,168.6,43.0,348.3,437.7,496.2,924.0,843.0,62.9,417.7,406.4,307.5,654.7,322.8,34.8,341.9,423.9,153.0,364.5,547.6,13.8,78.4,540.5,625.2,1027.0,1071.0,39.7,300.6,541.3,687.1,1226.0,1344.0,34.8,210.2,760.9,880.6,1624.0,1136.0,13.2,90.3,580.7,621.1,1437.0,1995.0,39.3,191.3,664.0,271.6,546.8,296.1,92.1,496.9,599.2,348.6,751.8,381.2,65.0,360.7,824.5,822.7,1610.0,961.9,40.6,204.0,826.3,248.2,578.9,759.4,18.2,81.0,605.0,135.2,426.8,606.0,56.2,416.3,659.3,183.7,542.1,727.0,20.2,142.9,658.1,569.2,1617.0,1904.0,43.6,210.0,987.2,260.5,694.7,1025.0
2026-01-31,14,6,official_closing,closing_displayed,https://www.boatrace.jp/owpc/pc/race/odds3t?hd=20260131&jcd=14&rno=6,16.3,31.2,112.5,67.6,77.4,332.1,10.6,16.5,177.3,183.1,187.7,758.4,15.0,23.4,179.9,78.6,131.3,534.7,22.2,30.4,209.7,76.0,120.2,631.2,30.4,77.2,135.0,84.3,102.0,375.2,40.8,117.4,199.0,217.1,227.7,789.9,48.4,104.4,172.0,100.2,151.1,357.1,71.5,126.7,212.6,88.4,142.0,487.6,18.2,45.1,304.5,328.3,339.8,1278.0,44.1,116.7,282.9,321.9,336.0,1146.0,30.0,62.8,318.1,348.7,564.2,1004.0,35.4,57.6,275.8,244.8,447.7,1419.0,30.4,70.1,302.9,103.6,164.5,643.4,63.1,137.7,271.9,106.0,158.4,455.9,45.8,92.6,423.5,277.6,424.8,871.0,58.2,85.7,343.6,93.4,154.1,623.3,74.4,128.2,652.9,157.9,255.4,697.4,155.1,283.7,632.2,152.4,235.0,531.2,94.9,143.1,646.5,351.4,523.5,1081.0,121.2,170.0,764.2,158.1,278.5,671.6
2026-01-31,14,7,official_closing,closing_displayed,https://www.boatrace.jp/owpc/pc/race/odds3t?hd=20260131&jcd=14&rno=7,19.7,88.4,83.1,71.5,88.1,888.2,17.0,70.3,38.8,57.5,75.7,1380.0,22.5,90.0,42.8,37.3,64.4,814.9,81.6,204.1,142.6,96.1,136.6,1326.0,21.5,206.6,176.7,139.7,193.0,1541.0,11.2,306.6,189.1,234.8,359.5,2130.0,14.3,366.7,164.9,162.2,351.4,1989.0,66.2,617.8,358.7,260.3,514.9,2166.0,17.7,158.1,54.9,87.5,126.5,1853.0,13.1,295.9,139.0,207.1,261.5,1589.0,13.0,267.2,56.7,86.2,168.6,966.8,49.4,500.4,143.0,182.9,344.1,1908.0,29.2,277.8,86.4,56.1,100.7,1151.0,25.9,486.1,172.5,125.2,234.6,1752.0,24.2,455.5,88.3,104.5,187.3,1219.0,68.2,685.4,188.2,92.8,200.2,1123.0,230.7,776.7,539.8,274.7,465.8,1640.0,221.2,1231.0,735.5,442.2,740.8,2045.0,187.5,1074.0,451.1,407.4,707.1,1937.0,231.8,1133.0,449.5,242.6,485.2,1202.0
2026-01-31,14,8,official_closing,closing_displayed,https://www.boatrace.jp/owpc/pc/race/odds3t?hd=20260131&jcd=14&rno=8,23.7,38.5,30.6,212.8,102.0,898.0,46.3,62.9,49.7,169.0,76.5,1058.0,32.8,42.8,20.8,123.5,149.1,1283.0,69.6,86.1,59.0,165.8,113.3,1062.0,23.5,49.2,37.5,299.4,138.5,1224.0,47.6,91.7,62.9,292.2,112.4,959.3,31.1,49.5,25.9,219.2,269.2,1450.0,76.9,104.5,61.9,295.5,166.4,1119.0,81.1,145.6,61.7,130.7,64.6,899.3,85.2,187.2,65.1,176.5,72.9,801.4,83.1,164.2,29.7,81.2,102.9,754.3,120.4,242.1,41.1,107.9,73.4,612.0,63.7,100.1,22.1,128.1,213.7,1479.0,56.1,89.4,23.4,187.8,303.0,1563.0,99.9,187.2,29.1,115.0,184.6,1047.0,96.1,167.9,23.4,137.9,219.1,1174.0,260.7,335.8,117.0,459.6,215.3,1064.0,278.7,351.4,106.1,512.2,255.5,1105.0,308.3,502.4,83.4,378.1,195.9,765.8,226.1,315.6,61.1,319.4,349.8,1073.0
2026-01-31,14,9,official_closing,closing_displayed,https://www.boatrace.jp/owpc/pc/race/odds3t?hd=20260131&jcd=14&rno=9,10.7,26.7,33.8,95.9,550.7,762.2,13.5,31.3,25.1,75.4,472.0,646.2,52.2,98.0,69.2,205.3,674.7,808.6,49.4,85.5,56.3,160.5,730.3,1225.0,11.2,43.3,57.7,142.3,669.5,1000.0,10.6,34.5,35.0,92.5,571.3,882.1,35.3,115.2,109.1,245.4,762.2,1111.0,32.0,86.4,77.4,169.6,802.2,1875.0,20.1,67.4,38.9,86.9,540.9,705.9,17.6,51.0,40.7,91.9,581.6,804.3,69.9,161.6,79.1,156.9,545.8,511.5,56.9,104.2,53.6,117.7,803.3,1352.0,144.7,355.2,195.8,349.7,845.5,953.6,125.9,320.0,206.1,363.4,794.9,1129.0,195.4,374.8,185.4,278.2,586.1,558.7,229.7,492.6,213.3,318.8,900.3,1638.0,165.8,350.9,197.8,335.8,1232.0,1814.0,133.5,291.2,213.3,319.7,1340.0,1863.0,181.6,282.3,145.2,248.4,1138.0,1547.0,314.9,641.4,295.3,390.8,1093.0,1886.0
2026-01-31,14,10,official_closing,closing_displayed,https://www.boatrace.jp/owpc/pc/race/odds3t?hd=20260131&jcd=14&rno=10,39.1,40.0,102.8,94.6,235.6,319.2,37.7,42.6,124.5,113.9,298.2,722.5,65.3,64.7,153.4,107.7,262.3,362.1,77.5,65.4,146.9,84.0,209.5,652.7,54.8,58.2,105.5,81.4,221.0,273.8,66.3,22.2,43.9,52.5,161.1,285.9,96.5,32.3,54.8,41.2,130.4,164.2,111.7,32.8,57.8,32.5,111.5,309.9,66.3,56.6,140.5,142.1,401.3,810.1,83.2,27.1,59.9,64.8,227.8,368.0,108.3,28.6,77.9,79.2,261.9,438.3,107.0,26.3,72.8,70.5,204.8,543.2,164.5,131.2,227.1,88.0,227.1,310.4,211.3,74.5,107.0,43.5,108.1,163.1,190.3,60.4,127.4,70.3,191.5,345.4,206.3,65.4,110.6,31.6,86.9,236.0,218.7,150.4,269.4,98.4,276.4,673.0,259.5,104.6,138.4,46.0,151.9,363.4,234.1,71.5,149.4,86.4,209.2,489.8,300.7,103.1,174.9,48.5,131.3,281.9
2026-01-31,14,11,official_closing,closing_displayed,https://www.boatrace.jp/owpc/pc/race/odds3t?hd=20260131&jcd=14&rno=11,17.4,49.6,153.3,80.4,39.9,402.1,10.9,28.0,156.8,169.1,87.3,770.8,10.1,23.8,150.3,71.1,64.5,639.8,30.5,51.1,228.2,104.9,68.1,536.6,27.2,133.2,220.2,123.5,69.1,582.8,30.2,235.1,335.3,302.9,249.0,971.0,28.7,206.5,293.6,141.5,154.7,909.6,61.5,252.9,371.2,172.8,158.6,806.4,19.1,75.6,276.0,329.6,212.5,1217.0,36.0,236.8,367.0,423.0,307.5,1140.0,22.2,107.5,356.5,386.4,349.1,1033.0,43.2,141.4,387.2,404.0,322.7,1314.0,16.3,59.9,221.8,91.7,111.0,854.3,32.0,218.2,269.5,119.4,152.0,937.8,28.0,124.1,336.9,254.3,308.0,997.9,39.0,130.1,319.0,100.9,138.7,750.7,84.3,202.6,627.9,230.0,193.5,639.8,152.8,547.3,672.6,274.2,274.7,786.6,106.4,312.9,648.4,490.4,476.2,1147.0,107.3,300.3,701.3,204.1,289.5,764.7
2026-01-31,14,12,official_closing,closing_displayed,https://www.boatrace.jp/owpc/pc/race/odds3t?hd=20260131&jcd=14&rno=12,11.8,54.0,49.1,92.9,125.9,515.1,13.7,54.5,37.3,105.5,109.9,645.2,21.8,67.6,40.0,120.0,163.1,684.6,29.7,72.7,55.2,118.2,123.2,741.0,13.3,115.1,103.7,184.5,260.8,890.6,12.3,209.3,135.4,254.4,393.3,1250.0,15.2,250.2,164.1,302.4,470.1,927.9,25.1,282.9,180.8,268.2,389.4,1325.0,22.6,146.9,76.5,150.1,177.6,951.1,20.5,264.0,146.3,250.5,327.1,1279.0,31.8,360.0,105.5,223.6,311.1,1011.0,34.4,281.3,118.6,213.1,257.7,1069.0,33.8,196.9,81.9,176.7,287.3,921.7,29.6,344.0,153.1,268.7,433.2,875.1,51.8,518.2,131.1,255.9,387.2,1064.0,45.6,380.3,118.8,184.2,255.5,1186.0,83.3,351.1,251.4,264.0,347.7,905.0,83.5,606.6,373.8,356.8,516.2,1244.0,99.1,513.4,271.2,368.5,444.7,1089.0,99.0,593.7,289.8,317.0,492.2,1245.0
2026-01-31,16,1,official_closing,closing_displayed,https://www.boatrace.jp/owpc/pc/race/odds3t?hd=20260131&jcd=16&rno=1,3.7,50.6,84.7,177.6,67.8,1488.0,11.1,80.9,137.4,246.8,92.0,2571.0,8.6,72.0,150.3,227.0,163.8,3074.0,159.0,361.7,1219.0,878.4,314.2,2079.0,5.3,121.4,152.7,253.4,150.1,1504.0,12.5,368.3,345.8,601.8,291.0,1607.0,10.5,383.2,332.7,601.8,357.1,1885.0,235.7,1836.0,1504.0,1860.0,760.3,2668.0,27.5,256.6,286.3,476.2,232.2,6149.0,31.4,487.7,391.7,710.7,318.5,3721.0,40.1,552.4,683.2,831.9,660.9,3822.0,283.4,1589.0,2142.0,2281.0,1554.0,3822.0,18.4,213.0,245.9,299.6,276.7,1992.0,21.9,466.7,453.3,408.7,384.3,1836.0,46.8,660.9,628.5,639.9,634.2,1644.0,168.3,1964.0,2281.0,867.6,1178.0,3721.0,519.9,827.0,3009.0,1473.0,906.6,2397.0,696.7,2773.0,2828.0,1836.0,1063.0,2357.0,760.3,975.4,2571.0,2110.0,1504.0,3009.0,582.0,3367.0,3449.0,1746.0,1860.0,2525.0
2026-01-31,16,2,official_closing,closing_displayed,https://www.boatrace.jp/owpc/pc/race/odds3t?hd=20260131&jcd=16&rno=2,18.8,44.3,17.2,350.7,296.3,299.0,53.3,129.6,15.2,155.2,244.3,164.4,84.7,158.5,32.7,633.1,372.1,382.3,54.2,107.3,15.3,453.5,433.3,677.1,10.8,50.7,36.6,372.1,393.1,423.9,18.4,58.8,28.6,289.3,239.5,274.6,34.7,58.3,59.3,1015.0,429.5,361.1,15.8,49.1,35.2,583.8,445.2,855.3,115.3,304.7,34.7,133.9,208.3,157.5,70.1,183.9,46.9,198.1,212.8,212.8,274.6,554.0,78.1,346.9,249.3,197.7,164.4,343.3,43.0,205.7,339.7,407.9,124.5,330.5,75.8,870.5,532.8,780.0,99.2,176.6,78.5,975.0,658.8,667.8,236.6,583.8,83.9,601.8,423.9,325.0,234.9,507.8,79.5,1250.0,727.6,1071.0,78.0,259.3,29.5,590.9,629.0,894.5,49.3,86.6,50.2,576.9,500.0,902.8,136.5,333.9,36.4,306.6,518.6,629.0,247.4,233.2,71.2,1282.0,654.4,902.8
2026-01-31,16,3,official_closing,closing_displayed,https://www.boatrace.jp/owpc/pc/race/odds3t?hd=20260131&jcd=16&rno=3,15.2,65.0,59.6,123.3,149.6,838.6,17.5,88.3,41.0,107.5,153.7,636.2,27.8,99.8,43.5,85.9,175.7,620.9,49.0,165.7,63.5,120.1,182.6,787.5,16.3,108.1,116.4,183.7,237.8,1142.0,15.0,125.6,111.2,213.1,251.7,942.7,17.6,108.8,86.1,165.7,318.8,978.4,23.9,153.7,106.5,235.2,324.5,929.1,28.4,187.4,83.0,130.5,204.3,698.1,24.9,191.0,107.8,170.1,195.9,709.6,32.6,211.0,52.2,92.6,218.1,480.1,48.8,315.0,61.4,108.4,159.8,576.5,43.5,218.1,85.4,69.9,167.7,855.3,40.2,191.3,102.1,88.3,192.4,1085.0,49.6,270.1,68.8,80.9,185.0,636.2,52.9,338.9,55.5,54.5,118.0,471.3,121.8,561.5,161.8,159.2,345.3,861.0,92.7,480.1,163.4,227.7,379.8,971.0,163.6,620.9,118.3,141.9,280.1,701.9,94.8,520.7,96.3,100.7,224.6,457.9
2026-01-31,16,4,official_closing,closing_displayed,https://www.boatrace.jp/owpc/pc/race/odds3t?hd=20260131&jcd=16&rno=4,8.1,47.1,47.9,77.3,177.0,5020.0,7.9,47.7,42.6,93.4,193.6,6024.0,15.6,86.8,61.7,85.6,182.8,3904.0,343.9,941.3,537.9,460.3,614.7,6201.0,10.1,80.6,81.2,153.6,279.2,4685.0,8.2,129.3,121.8,247.1,384.7,7809.0,11.7,142.1,128.4,265.5,539.2,6201.0,384.0,1506.0,1092.0,1059.0,2196.0,6024.0,11.7,113.4,98.1,183.3,328.9,6801.0,14.0,167.4,136.0,259.6,420.0,6024.0,19.5,208.9,140.1,279.6,712.3,5271.0,261.9,1405.0,901.1,1127.0,2267.0,9167.0,32.3,217.6,142.5,128.1,275.6,5020.0,26.6,269.9,181.7,193.8,453.4,4486.0,29.3,356.7,178.8,229.6,577.6,6801.0,455.4,2423.0,897.2,405.5,1191.0,3833.0,1211.0,3294.0,2317.0,924.8,2451.0,6389.0,937.1,3194.0,2267.0,1882.0,3244.0,6389.0,860.6,3978.0,2108.0,2027.0,3346.0,7028.0,1070.0,4486.0,2369.0,1171.0,2008.0,3699.0
2026-01-31,16,5,official_closing,closing_displayed,https://www.boatrace.jp/owpc/pc/race/odds3t?hd=20260131&jcd=16&rno=5,17.2,45.8,53.4,186.3,320.3,282.3,30.1,73.8,29.4,96.9,244.1,157.2,49.5,115.6,57.7,192.1,359.5,227.5,38.4,80.5,39.3,137.0,290.8,381.2,15.3,65.1,92.4,266.7,441.7,358.7,14.2,56.8,60.8,214.7,372.6,222.9,31.1,121.3,109.9,340.9,610.8,317.2,21.1,55.1,50.1,222.0,518.3,483.2,46.3,172.6,43.2,95.0,259.9,142.2,34.7,120.1,67.6,147.2,336.0,191.5,114.4,243.4,52.2,135.3,272.9,72.6,59.4,143.6,21.7,55.4,215.9,229.1,70.0,174.6,145.6,288.7,479.0,260.4,57.7,258.7,153.2,314.1,597.5,330.6,166.9,384.8,116.0,202.3,359.5,104.7,137.8,365.9,93.6,143.5,262.0,273.8,71.5,229.4,62.9,173.1,376.0,404.7,58.6,159.8,94.3,226.9,502.5,504.0,86.5,206.6,34.5,79.5,293.4,280.4,185.0,373.4,88.2,155.4,298.7,278.5
2026-01-31,16,6,official_closing,closing_displayed,https://www.boatrace.jp/owpc/pc/race/odds3t?hd=20260131&jcd=16&rno=6,7.2,22.5,14.0,290.6,300.1,2383.0,21.2,58.5,25.0,216.2,197.2,2383.0,28.0,67.5,19.2,364.4,633.8,2648.0,259.6,467.3,256.8,821.8,1179.0,5674.0,6.4,32.7,24.9,326.4,397.2,3972.0,8.2,63.4,47.7,352.5,299.4,3055.0,10.7,65.0,44.2,564.7,789.1,4766.0,197.6,500.7,410.9,2019.0,1610.0,4766.0,44.8,140.6,59.3,221.9,191.2,3220.0,27.1,161.0,75.2,278.4,245.1,3220.0,75.8,257.9,59.7,326.4,507.0,2979.0,515.8,1018.0,467.3,1418.0,1508.0,3972.0,56.5,203.0,57.4,534.3,1073.0,3504.0,46.3,172.2,70.1,513.6,889.3,5181.0,108.0,315.2,97.6,458.3,713.5,5181.0,889.3,1610.0,607.9,1401.0,2383.0,4965.0,1134.0,2535.0,1179.0,2336.0,2431.0,6271.0,1093.0,2127.0,1254.0,3310.0,2648.0,5416.0,1588.0,2906.0,1241.0,2291.0,2979.0,4766.0,1678.0,2383.0,1054.0,2535.0,3404.0,4583.0
2026-01-31,16,7,official_closing,closing_displayed,https://www.boatrace.jp/owpc/pc/race/odds3t?hd=20260131&jcd=16&rno=7,12.1,22.4,79.7,407.8,42.9,378.7,38.8,66.8,188.3,486.7,88.8,634.1,9.7,14.1,58.0,344.7,238.7,1181.0,24.1,35.8,86.8,444.5,54.7,372.6,20.2,62.9,108.7,415.1,42.3,351.7,69.1,161.3,211.3,609.0,61.3,491.9,23.2,46.5,71.1,368.6,208.8,1047.0,40.1,77.5,111.3,590.7,57.9,299.8,117.7,225.8,337.1,521.6,164.5,677.6,147.6,308.5,329.1,535.8,140.9,588.2,143.8,212.6,239.5,508.2,436.1,1202.0,179.7,266.3,311.3,564.2,149.4,763.7,18.7,28.8,99.5,416.3,454.7,1868.0,32.3,37.1,87.4,343.0,367.6,1396.0,104.4,135.9,231.1,533.7,614.4,1329.0,31.0,39.3,81.3,317.8,338.0,1256.0,69.6,149.6,247.7,808.4,108.8,390.5,114.2,189.3,234.3,755.4,105.4,263.8,252.7,371.6,483.3,837.8,182.8,564.2,73.1,90.1,175.6,603.6,315.6,698.2
2026-01-31,16,8,official_closing,closing_displayed,https://www.boatrace.jp/owpc/pc/race/odds3t?hd=20260131&jcd=16&rno=8,15.8,19.7,95.2,206.1,39.5,736.8,31.1,36.8,200.6,339.4,83.9,1378.0,12.3,10.6,99.5,193.7,132.9,1528.0,49.9,52.6,324.2,399.1,79.7,829.2,29.4,43.6,115.0,207.5,36.1,769.6,65.8,87.3,171.2,334.4,43.2,956.2,36.8,25.7,66.3,139.0,74.2,610.6,143.4,97.3,235.3,262.2,44.0,326.6,69.1,105.0,311.6,501.6,137.1,2061.0,99.3,133.9,262.8,403.4,73.5,1508.0,82.4,71.8,227.2,341.0,220.1,2006.0,206.9,153.5,546.7,711.1,152.5,1508.0,23.1,20.2,123.0,155.6,174.3,1937.0,42.0,24.4,79.3,113.9,105.7,633.0,81.6,51.0,198.5,253.3,248.5,2203.0,88.3,37.2,221.6,203.9,181.3,1387.0,221.8,202.2,764.3,754.1,148.3,722.5,428.0,269.1,615.6,384.8,78.5,304.5,421.6,274.3,921.0,1140.0,189.4,1040.0,253.0,111.9,571.8,513.0,248.0,944.2
2026-01-31,16,9,official_closing,closing_displayed,https://www.boatrace.jp/owpc/pc/race/odds3t?hd=20260131&jcd=16&rno=9,6.2,25.2,46.1,677.6,45.2,439.5,100.4,235.9,378.9,822.6,65.5,563.5,5.4,24.1,42.5,780.8,273.7,1139.0,33.4,95.7,160.7,921.1,84.8,338.8,9.7,83.4,86.7,729.0,74.9,516.2,184.2,625.3,555.3,1569.0,144.4,818.2,9.7,101.8,98.5,1602.0,665.9,1303.0,48.1,346.4,309.5,1690.0,204.2,638.3,252.6,424.9,818.2,1098.0,103.0,859.4,302.8,630.4,776.9,1437.0,158.2,1053.0,339.5,674.7,943.7,1211.0,729.0,2136.0,473.3,633.0,1337.0,2197.0,244.5,765.3,9.5,64.0,64.0,1068.0,884.1,1922.0,13.2,101.1,95.3,1373.0,1385.0,1997.0,169.2,635.6,582.7,1728.0,1569.0,3076.0,33.4,236.3,160.5,2403.0,1281.0,2296.0,104.7,305.2,349.6,1479.0,145.5,353.6,119.1,442.0,466.1,1972.0,222.3,563.5,449.8,1165.0,1053.0,2229.0,274.7,591.6,94.9,401.6,337.3,2330.0,603.2,1046.0
2026-01-31,16,10,official_closing,closing_displayed,https://www.boatrace.jp/owpc/pc/race/odds3t?hd=20260131&jcd=16&rno=10,67.0,254.5,117.7,154.3,124.1,465.7,73.4,300.9,43.7,73.3,65.4,227.6,88.2,261.0,31.8,40.3,91.1,311.8,131.1,359.7,48.1,62.5,61.0,200.8,48.7,342.2,286.3,248.3,229.0,664.1,23.5,359.7,220.5,282.7,262.8,630.6,16.8,339.1,165.8,212.1,290.7,648.8,30.2,561.2,336.0,296.1,289.2,590.7,84.0,414.1,86.4,84.2,71.5,262.8,40.9,454.4,187.7,181.3,169.3,544.8,34.2,411.1,44.9,50.2,83.0,282.0,51.7,660.2,72.8,72.1,73.2,184.3,102.5,415.7,46.8,29.3,69.4,352.9,31.7,435.0,134.1,80.5,133.3,561.2,56.6,481.7,48.0,28.3,60.9,279.9,37.9,550.2,42.4,16.7,34.4,168.7,222.7,883.8,108.5,86.6,89.1,223.6,85.4,1049.0,306.6,190.8,214.2,467.7,124.7,905.2,129.1,81.9,85.7,159.4,73.3,796.0,69.1,36.2,72.0,150.2
2026-01-31,16,11,official_closing,closing_displayed,https://www.boatrace.jp/owpc/pc/race/odds3t?hd=20260131&jcd=16&rno=11,6.7,55.1,92.7,43.9,245.1,710.8,7.2,36.3,79.1,91.3,286.4,861.2,20.0,98.8,110.6,72.7,235.2,913.9,50.9,159.1,218.4,148.6,490.3,1460.0,9.1,151.9,192.2,74.0,415.9,952.8,10.4,246.0,233.6,210.2,926.5,1700.0,22.7,443.4,333.3,186.3,642.8,1330.0,56.3,388.2,607.9,302.5,844.9,2132.0,10.2,77.9,145.0,190.0,499.4,1210.0,13.6,194.7,253.0,280.4,790.3,2005.0,23.8,220.9,250.6,348.0,718.4,1562.0,50.9,370.1,380.5,426.5,1148.0,2687.0,44.3,316.1,373.1,105.4,236.5,1221.0,52.2,446.3,505.0,157.6,370.1,1526.0,48.5,360.1,446.3,257.8,492.1,1744.0,137.9,901.6,636.7,156.9,346.2,966.5,183.5,710.8,794.9,321.4,1110.0,1509.0,210.5,1057.0,1066.0,408.3,1343.0,2202.0,152.4,895.6,987.8,396.3,1840.0,2239.0,195.8,1317.0,1279.0,317.6,703.4,1033.0
2026-01-31,16,12,official_closing,closing_displayed,https://www.boatrace.jp/owpc/pc/race/odds3t?hd=20260131&jcd=16&rno=12,11.2,63.2,81.8,102.9,52.5,600.0,11.7,54.0,69.2,145.3,66.1,659.8,10.7,43.4,61.0,114.0,83.5,784.2,44.6,159.9,161.1,260.8,59.3,398.7,12.8,160.1,162.6,163.8,101.1,835.0,14.6,309.0,255.9,403.7,214.3,1283.0,13.6,213.7,170.7,286.3,193.4,1545.0,51.5,703.0,475.1,701.1,191.1,1194.0,18.6,129.2,161.3,278.3,163.0,908.5,27.9,336.8,257.7,493.3,272.4,1708.0,22.8,222.4,200.6,412.8,336.8,1535.0,65.6,673.6,431.4,678.9,277.7,1183.0,17.5,123.4,131.1,156.7,177.9,1271.0,22.5,248.8,215.9,287.0,247.6,2031.0,31.2,225.9,249.7,360.8,359.3,1731.0,38.8,411.5,276.2,266.2,263.2,1316.0,151.8,604.2,535.3,572.1,119.3,379.9,144.3,1183.0,948.5,996.2,178.5,658.2,184.4,1151.0,918.2,918.2,244.1,758.8,119.7,941.6,570.8,508.9,251.7,843.1
2026-01-31,19,1,official_closing,closing_displayed,https://www.boatrace.jp/owpc/pc/race/odds3t?hd=20260131&jcd=19&rno=1,27.9,100.7,47.4,206.3,208.4,1206.0,46.6,168.9,17.3,106.9,80.8,1090.0,46.3,133.3,13.9,108.4,144.3,1287.0,141.2,278.1,64.0,224.0,211.9,1096.0,20.4,135.9,98.0,350.9,387.2,2115.0,12.5,204.2,104.9,309.7,294.7,1915.0,9.9,148.0,80.4,345.8,556.2,2150.0,44.1,404.3,232.8,552.3,666.0,2212.0,56.4,340.3,28.2,90.1,77.4,1218.0,30.3,341.5,78.3,187.6,186.9,1994.0,42.8,398.5,17.6,54.4,75.6,889.0,129.3,719.5,62.5,140.8,145.9,684.9,55.0,289.2,23.6,109.4,185.6,1597.0,22.6,259.5,62.0,215.3,415.7,2319.0,42.2,438.9,20.1,72.6,112.7,1138.0,74.5,668.3,47.6,132.5,237.1,994.7,293.1,1087.0,204.8,447.6,441.4,1081.0,169.4,1072.0,350.5,648.0,787.2,1984.0,253.7,1195.0,150.9,319.9,306.0,750.4,182.5,1287.0,130.7,291.1,420.7,859.2
2026-01-31,19,2,official_closing,closing_displayed,https://www.boatrace.jp/owpc/pc/race/odds3t?hd=20260131&jcd=19&rno=2,13.5,27.6,34.2,184.7,211.4,842.7,23.8,38.1,43.4,212.0,226.9,971.5,33.5,53.3,54.0,250.3,306.5,1275.0,44.3,66.7,62.6,304.4,312.5,1467.0,14.5,34.5,38.1,237.4,239.7,967.5,22.5,28.7,26.4,137.0,153.8,447.4,30.2,33.1,31.2,196.4,326.2,737.2,47.1,41.5,38.0,206.5,271.0,1189.0,47.1,104.1,65.7,206.1,242.7,933.4,51.3,68.4,41.1,122.4,157.3,441.2,95.2,115.2,49.9,151.8,238.1,768.1,99.0,119.0,51.9,153.8,211.1,812.6,67.7,139.5,88.5,347.1,540.2,1569.0,77.5,78.1,53.9,236.1,399.5,804.3,125.4,141.2,69.8,247.0,337.5,1036.0,133.8,136.2,64.4,208.0,328.5,826.7,180.0,260.0,157.4,650.7,603.8,1436.0,180.2,135.2,88.5,396.8,497.4,1289.0,246.1,222.2,113.0,389.7,478.4,922.6,280.9,261.6,124.1,377.0,480.8,826.7
2026-01-31,19,3,official_closing,closing_displayed,https://www.boatrace.jp/owpc/pc/race/odds3t?hd=20260131&jcd=19&rno=3,9.3,54.8,72.4,195.0,111.9,480.6,12.0,75.7,65.9,208.3,108.5,579.5,13.1,70.5,51.2,169.3,187.0,691.1,30.2,135.0,99.0,242.4,172.7,673.7,11.1,125.3,138.1,350.0,270.1,822.4,10.9,287.8,268.2,568.3,438.4,1356.0,10.7,227.0,175.5,551.8,732.4,1631.0,24.4,499.0,377.2,712.0,616.6,1608.0,20.1,243.6,156.5,343.5,224.9,943.6,21.5,398.4,251.5,540.2,480.6,1541.0,25.7,445.7,156.8,398.4,579.5,1219.0,36.8,675.2,249.4,499.0,560.2,1475.0,21.3,235.8,124.3,246.1,368.7,1226.0,20.5,366.8,211.5,356.8,661.6,1731.0,31.7,581.2,213.5,345.5,588.2,1439.0,42.1,649.2,222.4,281.8,515.6,1513.0,82.7,556.5,406.1,502.8,515.6,1070.0,80.7,922.9,702.6,795.7,937.6,1811.0,96.0,1192.0,535.3,703.5,910.1,1757.0,101.9,1154.0,377.7,557.6,894.9,1668.0
2026-01-31,19,4,official_closing,closing_displayed,https://www.boatrace.jp/owpc/pc/race/odds3t?hd=20260131&jcd=19&rno=4,8.2,24.2,63.9,449.4,209.5,81.8,73.7,138.5,190.7,469.9,262.0,95.8,16.5,47.8,98.4,651.4,569.0,299.3,8.6,21.6,52.9,463.0,181.9,167.3,13.4,52.5,88.2,500.8,290.8,107.5,74.8,247.4,285.4,717.1,395.4,117.8,22.5,108.6,136.3,1037.0,888.6,356.8,12.7,44.6,67.9,613.3,232.2,245.8,186.4,440.7,437.8,596.1,386.8,135.9,192.3,594.0,528.1,847.6,455.3,140.7,248.1,765.2,473.2,898.3,902.0,412.4,185.4,399.9,350.3,583.0,327.4,284.6,35.4,155.2,201.4,992.7,992.7,629.1,44.1,207.6,228.7,1057.0,1052.0,617.9,188.9,567.0,470.2,1049.0,1134.0,582.0,39.9,128.9,161.9,910.7,846.5,761.7,18.2,49.9,84.0,650.1,195.0,261.0,20.9,57.9,85.2,652.7,215.4,294.3,112.4,253.4,246.0,619.0,263.7,350.5,44.0,127.4,141.0,835.8,481.9,613.3
2026-01-31,19,5,official_closing,closing_displayed,https://www.boatrace.jp/owpc/pc/race/odds3t?hd=20260131&jcd=19&rno=5,18.4,32.9,46.8,48.6,454.9,208.4,20.8,42.8,59.6,60.5,519.3,221.7,64.0,83.7,85.8,131.7,632.0,245.8,50.8,94.1,102.5,77.5,829.7,520.5,25.5,31.9,39.6,54.2,557.2,272.4,30.3,26.0,30.4,36.8,328.1,192.9,71.7,33.2,37.6,98.0,611.4,171.9,62.3,54.0,56.1,56.2,946.3,494.0,23.5,66.2,70.5,80.1,573.9,286.6,32.4,37.3,45.0,48.7,330.1,214.4,80.3,96.0,86.6,140.6,610.9,248.6,44.7,83.5,98.6,88.7,943.2,508.9,175.4,173.5,157.8,323.2,798.9,272.8,192.0,96.2,99.9,265.9,641.4,154.8,235.6,176.6,148.6,292.1,715.4,214.7,247.5,271.7,211.5,366.0,958.9,499.1,59.5,174.0,186.5,113.6,1280.0,1088.0,68.6,113.9,123.1,70.4,1394.0,923.9,67.7,135.3,177.2,87.7,1330.0,886.0,151.5,264.7,209.4,193.9,1260.0,1056.0
2026-01-31,19,6,official_closing,closing_displayed,https://www.boatrace.jp/owpc/pc/race/odds3t?hd=20260131&jcd=19&rno=6,12.9,75.0,175.2,51.2,133.4,1492.0,9.4,47.3,108.5,82.6,188.4,1791.0,16.6,72.2,138.9,35.8,88.7,1239.0,51.3,173.0,276.7,85.8,171.6,1375.0,16.8,205.6,338.1,111.7,317.0,2337.0,12.0,270.4,419.6,338.5,742.7,3675.0,19.7,329.8,459.0,156.7,317.0,2531.0,50.1,678.4,905.5,383.7,695.2,3362.0,10.6,105.9,208.0,223.2,447.8,2618.0,13.8,249.0,399.7,421.1,801.9,3962.0,10.7,167.8,252.2,274.9,593.1,2444.0,33.0,404.7,520.1,535.5,1050.0,3181.0,26.1,254.2,329.6,53.4,113.1,1496.0,30.4,546.2,596.7,103.2,217.8,2267.0,21.2,269.1,399.6,177.9,348.8,2438.0,52.4,777.9,711.4,91.7,186.2,1332.0,143.1,814.2,1180.0,273.7,457.4,1702.0,186.0,1472.0,1803.0,518.6,837.8,2865.0,141.0,1154.0,1172.0,624.7,1133.0,3153.0,168.0,1535.0,1480.0,258.5,513.1,1411.0
2026-01-31,19,7,official_closing,closing_displayed,https://www.boatrace.jp/owpc/pc/race/odds3t?hd=20260131&jcd=19&rno=7,6.3,61.7,57.7,144.1,722.4,257.0,7.8,71.1,53.8,169.3,850.0,304.2,40.6,212.2,118.5,266.6,999.6,455.6,13.5,89.0,58.9,163.4,975.3,783.2,7.5,166.2,151.3,274.0,1241.0,429.2,8.7,468.6,348.8,671.3,1695.0,915.8,31.5,724.5,448.1,1055.0,2898.0,1202.0,12.3,464.0,325.6,609.1,2545.0,1751.0,14.9,260.4,141.1,282.6,1133.0,577.9,16.2,602.1,318.2,734.5,1736.0,1250.0,49.2,1084.0,355.4,878.2,2732.0,1446.0,20.3,540.0,217.6,529.2,2470.0,2254.0,101.8,1063.0,459.8,577.2,1523.0,779.5,95.6,1396.0,729.7,1072.0,2940.0,1269.0,130.6,1995.0,839.4,1114.0,2816.0,1440.0,121.3,1632.0,707.6,729.2,1776.0,1930.0,37.6,348.6,207.5,355.5,1770.0,2069.0,36.2,744.3,443.5,631.2,3363.0,3103.0,49.3,826.3,381.0,705.7,2898.0,2984.0,118.1,1281.0,596.4,869.9,2618.0,2881.0
2026-01-31,19,8,official_closing,closing_displayed,https://www.boatrace.jp/owpc/pc/race/odds3t?hd=20260131&jcd=19&rno=8,5.7,14.6,84.5,71.5,974.4,344.9,5.5,9.4,139.1,216.9,2159.0,1058.0,55.0,75.4,546.1,343.7,1745.0,717.6,18.3,25.2,339.8,132.6,2110.0,1657.0,12.0,46.4,116.6,78.2,1262.0,396.6,22.0,51.0,165.7,169.1,1967.0,835.6,154.9,226.7,648.2,317.7,1762.0,435.8,67.5,107.1,403.4,110.0,1942.0,1536.0,13.3,24.6,302.8,428.2,2857.0,1885.0,28.8,49.5,255.2,302.2,2520.0,1435.0,134.3,154.5,976.7,1231.0,3973.0,1891.0,44.8,46.7,562.7,621.4,4163.0,3218.0,191.7,346.5,1540.0,571.6,1945.0,811.1,391.7,557.0,1431.0,489.9,1773.0,474.1,359.4,471.9,2114.0,1212.0,3042.0,1462.0,347.4,484.3,2107.0,548.3,2099.0,2060.0,84.0,107.6,1023.0,234.5,3004.0,2932.0,215.5,216.2,907.0,174.3,2975.0,2536.0,150.9,122.0,1011.0,629.1,4066.0,3515.0,418.2,437.1,2310.0,603.0,3227.0,3027.0
2026-01-31,19,9,official_closing,closing_displayed,https://www.boatrace.jp/owpc/pc/race/odds3t?hd=20260131&jcd=19&rno=9,8.8,88.1,104.1,206.0,46.1,113.5,15.1,130.3,75.3,173.3,52.3,120.4,38.8,174.6,173.4,303.6,81.0,175.9,13.3,106.2,86.8,168.7,55.9,176.9,9.9,223.8,284.9,414.5,78.7,227.4,10.1,618.1,529.6,826.6,123.9,574.2,40.4,897.3,771.9,1095.0,203.6,723.1,11.9,581.6,567.6,652.3,136.8,656.5,24.2,403.0,219.0,332.3,111.2,271.1,19.9,838.2,498.4,786.4,177.2,727.3,75.1,1225.0,661.4,1007.0,229.2,710.9,26.3,727.8,350.0,518.7,198.2,903.0,55.8,389.5,441.8,520.9,183.1,365.6,64.5,954.8,899.5,1041.0,310.2,710.9,114.9,1146.0,985.6,1032.0,277.9,733.9,70.0,778.3,796.4,597.3,265.2,735.8,21.8,329.0,265.6,279.3,99.5,249.2,21.8,785.3,669.3,536.4,161.6,478.8,39.8,848.9,475.0,509.8,187.2,598.2,62.0,829.6,762.6,501.7,223.2,647.1
2026-01-31,19,10,official_closing,closing_displayed,https://www.boatrace.jp/owpc/pc/race/odds3t?hd=20260131&jcd=19&rno=10,19.2,69.7,267.8,43.7,134.9,519.7,5.6,21.5,411.1,227.4,501.6,1151.0,9.4,27.5,513.8,51.8,140.2,648.7,21.7,57.2,610.1,71.3,195.6,842.6,31.3,273.0,508.9,77.3,229.7,777.2,47.4,473.2,862.8,505.5,1081.0,2321.0,66.8,625.1,1059.0,119.6,339.4,1140.0,96.1,821.1,1589.0,155.5,463.9,1511.0,7.8,53.0,737.7,677.9,1257.0,1608.0,39.9,314.2,1016.0,1012.0,1858.0,2886.0,12.2,85.3,1235.0,1118.0,2199.0,2380.0,21.2,133.1,1235.0,828.3,2004.0,3187.0,21.9,116.8,1211.0,75.2,173.7,810.7,81.8,605.0,1749.0,112.8,270.9,1083.0,26.8,158.5,1959.0,475.2,1071.0,2130.0,40.2,244.7,1978.0,94.8,259.3,905.1,79.2,300.6,1418.0,180.2,533.8,1161.0,180.6,1160.0,2486.0,274.9,725.4,1686.0,81.8,429.1,2004.0,676.0,1612.0,2826.0,107.5,535.9,2592.0,209.7,553.4,1032.0
2026-01-31,19,11,official_closing,closing_displayed,https://www.boatrace.jp/owpc/pc/race/odds3t?hd=20260131&jcd=19&rno=11,14.0,96.8,57.0,88.8,96.6,692.1,14.1,95.7,26.0,68.2,101.4,837.7,16.7,102.5,31.0,70.4,85.8,577.0,57.5,232.1,79.5,129.0,132.4,686.3,15.1,215.4,161.0,223.6,221.4,1247.0,9.9,393.1,267.2,391.1,421.9,1897.0,12.8,398.8,270.4,366.3,413.1,2007.0,41.3,821.6,565.3,598.0,440.8,1542.0,17.8,261.8,68.5,110.0,178.3,1237.0,15.1,499.7,209.3,296.4,367.8,2144.0,17.8,442.3,110.8,190.9,240.0,1396.0,52.0,778.6,249.1,317.8,386.7,1682.0,23.7,296.9,92.6,107.6,133.9,877.2,25.7,564.6,224.4,234.8,298.6,1759.0,26.7,561.2,134.4,185.0,228.2,1418.0,53.8,695.5,258.3,179.2,203.4,929.1,133.0,915.9,384.7,285.3,248.2,781.2,132.8,1704.0,952.9,664.1,373.5,1019.0,109.6,1340.0,509.4,540.2,482.0,1294.0,139.7,1158.0,639.7,393.4,273.3,701.0
2026-01-31,19,12,official_closing,closing_displayed,https://www.boatrace.jp/owpc/pc/race/odds3t?hd=20260131&jcd=19&rno=12,16.4,118.8,227.5,52.1,326.0,133.4,11.7,103.0,204.8,83.7,434.9,186.4,32.6,158.0,277.0,49.3,257.7,88.2,14.4,102.9,200.4,27.2,220.4,143.4,24.2,278.4,350.5,124.5,525.4,281.6,23.9,483.1,590.3,298.6,951.9,662.9,41.6,601.8,737.4,193.3,843.9,384.2,23.0,463.3,591.3,121.1,603.8,499.8,14.1,217.8,355.3,226.7,755.8,436.0,24.2,481.5,740.6,448.2,1104.0,846.9,26.5,442.6,759.0,373.2,1313.0,653.3,10.6,268.3,480.9,244.9,1168.0,677.6,68.2,523.0,548.0,68.1,254.2,94.0,90.2,930.3,939.5,134.2,471.7,198.5,65.8,808.7,1137.0,235.9,740.6,316.0,49.1,537.7,828.5,60.6,215.8,155.8,25.6,254.1,384.8,33.1,297.9,271.2,31.6,539.2,766.2,69.1,522.1,463.5,21.8,359.9,575.9,117.4,792.2,656.7,37.0,478.0,773.3,48.7,299.2,274.8
2026-01-31,21,1,official_closing,closing_displayed,https://www.boatrace.jp/owpc/pc/race/odds3t?hd=20260131&jcd=21&rno=1,5.0,25.7,103.2,161.6,43.3,1019.0,25.1,84.0,386.2,278.8,114.4,1425.0,3.8,18.7,124.8,254.8,313.5,1865.0,39.4,144.6,405.6,590.9,188.9,1261.0,10.5,93.4,186.4,230.0,66.6,1628.0,57.3,450.0,814.4,435.4,201.7,2773.0,14.4,159.5,327.8,384.3,606.0,3800.0,72.5,714.3,1184.0,897.5,363.0,2462.0,69.1,281.1,944.3,673.6,272.9,2523.0,113.5,663.5,1033.0,848.1,347.8,3240.0,104.1,650.8,1562.0,1236.0,1076.0,3109.0,262.6,1197.0,2631.0,1700.0,1076.0,2932.0,7.7,59.0,247.2,577.6,701.2,2587.0,18.5,164.0,382.4,749.0,816.6,3709.0,69.1,475.8,1115.0,1344.0,1368.0,3275.0,52.4,488.6,829.8,1261.0,1202.0,3109.0,159.5,763.9,1332.0,1452.0,383.8,1487.0,233.0,1554.0,2168.0,2108.0,559.7,2038.0,335.7,1655.0,2587.0,2482.0,980.4,2482.0,182.6,1272.0,1719.0,2214.0,1076.0,3173.0
2026-01-31,21,2,official_closing,closing_displayed,https://www.boatrace.jp/owpc/pc/race/odds3t?hd=20260131&jcd=21&rno=2,31.2,180.4,215.7,16.6,215.1,2332.0,7.5,55.8,96.8,36.8,623.2,2483.0,27.8,151.6,250.9,12.5,113.4,1226.0,144.6,396.2,511.4,46.6,365.6,2824.0,44.7,542.0,545.9,52.2,352.2,3580.0,19.7,586.4,516.6,198.6,1438.0,4105.0,64.4,1161.0,799.7,90.6,543.0,3079.0,223.4,2231.0,1866.0,196.9,874.7,3947.0,5.1,110.3,106.8,82.6,1161.0,3754.0,12.3,406.7,258.3,204.0,1720.0,4595.0,6.8,285.8,207.0,158.7,1136.0,2631.0,48.3,777.5,358.4,280.6,2280.0,6414.0,62.7,527.2,574.4,24.6,103.5,1207.0,114.8,1578.0,950.3,55.5,290.1,2066.0,37.7,722.7,543.0,130.4,546.8,1900.0,196.4,1999.0,1157.0,61.1,270.0,1866.0,506.4,2168.0,1729.0,142.4,971.2,3018.0,653.7,3498.0,2877.0,277.1,1356.0,3622.0,282.2,2066.0,1547.0,481.8,2724.0,5131.0,586.4,3801.0,2463.0,176.9,977.4,2199.0
2026-01-31,21,4,official_closing,closing_displayed,https://www.boatrace.jp/owpc/pc/race/odds3t?hd=20260131&jcd=21&rno=4,17.4,233.5,411.3,15.9,352.6,2648.0,6.1,75.6,308.0,38.2,819.6,2736.0,32.2,233.0,755.9,15.9,249.5,1221.0,76.8,347.0,745.7,28.2,443.8,2416.0,39.8,627.1,768.2,51.1,604.2,3246.0,21.3,985.4,1217.0,199.8,1959.0,3895.0,74.5,1733.0,1478.0,102.6,899.7,3449.0,153.0,2031.0,2930.0,168.8,1259.0,4356.0,4.9,127.3,406.2,149.7,1319.0,5518.0,9.0,627.1,840.4,345.2,3065.0,4663.0,9.4,461.8,1137.0,371.6,2607.0,4942.0,23.6,729.3,1623.0,497.1,2983.0,6492.0,69.0,628.3,1368.0,28.3,194.2,1170.0,117.4,1751.0,2267.0,67.1,384.1,2692.0,48.7,1037.0,2095.0,180.5,1212.0,3123.0,153.1,1715.0,2782.0,51.2,339.6,1819.0,243.2,1881.0,3183.0,94.0,1015.0,2566.0,381.4,3413.0,4191.0,181.8,1647.0,4474.0,158.0,2471.0,4356.0,399.9,2782.0,4300.0,289.6,3246.0,5255.0,115.7,1025.0,1994.0
2026-01-31,21,5,official_closing,closing_displayed,https://www.boatrace.jp/owpc/pc/race/odds3t?hd=20260131&jcd=21&rno=5,31.0,233.0,497.8,19.2,176.0,1994.0,5.7,61.4,276.2,77.6,415.5,3154.0,21.3,163.4,504.3,18.9,107.9,1692.0,101.8,594.1,885.1,73.8,417.0,2915.0,47.2,736.7,887.4,54.7,351.2,3017.0,23.6,1029.0,1148.0,278.4,1275.0,4887.0,56.5,1329.0,1387.0,97.2,404.4,4231.0,251.6,2628.0,2915.0,354.4,1200.0,3652.0,4.2,105.7,384.6,251.8,1105.0,4448.0,14.1,606.6,738.2,456.5,1826.0,5421.0,5.9,260.8,808.8,376.7,1427.0,5178.0,35.4,927.7,2115.0,1137.0,2710.0,4231.0,35.9,457.7,969.2,30.9,122.7,1906.0,84.1,1112.0,1652.0,67.1,230.4,4392.0,19.0,511.0,1555.0,189.0,667.2,4887.0,155.7,1629.0,2798.0,100.4,425.2,3098.0,329.2,2029.0,2570.0,355.5,1217.0,3368.0,514.0,2478.0,3577.0,668.5,1521.0,4130.0,247.8,2155.0,4626.0,1148.0,1917.0,3614.0,467.6,2753.0,3771.0,442.0,1243.0,3614.0
2026-01-31,21,6,official_closing,closing_displayed,https://www.boatrace.jp/owpc/pc/race/odds3t?hd=20260131&jcd=21&rno=6,37.6,56.5,76.9,36.3,315.1,1597.0,25.5,42.3,26.5,24.2,259.1,2461.0,62.8,82.2,58.4,23.6,182.5,2142.0,194.6,229.9,189.5,166.6,492.3,2602.0,38.7,85.4,108.0,62.8,558.7,2759.0,15.8,45.7,55.7,53.6,447.5,3087.0,39.6,84.8,83.9,49.9,308.7,2565.0,232.9,412.1,390.0,245.1,910.7,2846.0,21.4,57.5,29.9,31.2,324.6,2986.0,16.1,47.4,38.4,44.3,382.6,2335.0,24.1,57.9,22.3,20.4,150.5,2428.0,176.3,327.6,147.7,172.1,684.7,3195.0,112.7,251.9,113.0,31.3,127.6,2194.0,86.6,188.1,118.4,40.8,155.6,2276.0,68.9,147.7,60.2,28.3,112.0,2335.0,328.2,655.2,308.7,78.4,314.0,1369.0,550.3,1505.0,1214.0,378.7,1412.0,3195.0,621.6,1369.0,1077.0,380.2,1423.0,2602.0,548.6,984.6,746.5,492.3,1412.0,3252.0,737.4,1034.0,953.6,208.8,938.9,1671.0
2026-01-31,21,7,official_closing,closing_displayed,https://www.boatrace.jp/owpc/pc/race/odds3t?hd=20260131&jcd=21&rno=7,9.4,34.6,69.0,50.3,64.0,640.5,10.3,39.1,61.1,50.6,60.8,809.5,21.4,58.7,94.6,51.1,51.4,766.9,111.5,193.8,449.5,151.5,182.3,757.0,13.6,76.1,138.0,80.5,108.0,870.0,12.8,146.9,230.0,165.4,187.6,1494.0,20.8,197.8,237.2,154.3,173.3,1619.0,167.9,633.5,1028.0,426.5,368.9,1165.0,15.6,107.5,114.3,97.8,119.2,753.7,18.8,199.3,202.6,168.9,204.5,1821.0,22.1,243.5,228.8,181.7,152.8,2057.0,117.2,654.9,874.3,543.0,402.9,982.4,29.2,192.1,192.1,46.8,53.6,896.7,35.5,269.0,311.1,82.8,97.5,1366.0,36.9,304.6,298.4,101.7,107.6,1410.0,150.3,640.5,930.1,113.7,197.8,874.3,274.9,677.8,1206.0,335.0,276.6,553.3,334.3,1086.0,1731.0,512.8,468.8,1092.0,292.9,1005.0,1821.0,870.0,454.2,836.7,415.3,1016.0,1748.0,306.2,386.8,993.5
2026-01-31,21,9,official_closing,closing_displayed,https://www.boatrace.jp/owpc/pc/race/odds3t?hd=20260131&jcd=21&rno=9,27.2,60.0,98.4,24.9,474.4,206.9,17.0,39.2,89.2,63.8,720.1,350.1,65.3,114.5,234.8,39.7,416.8,130.1,34.9,57.4,113.1,14.8,345.5,314.0,36.9,90.9,125.8,38.4,683.3,281.9,35.1,84.1,101.0,99.3,763.5,487.8,113.1,184.3,204.0,71.2,626.3,226.2,62.9,104.8,133.7,29.4,629.6,658.9,19.4,51.4,98.5,91.4,832.2,512.8,39.9,83.0,96.8,134.7,740.0,530.9,68.5,150.8,176.7,148.8,1002.0,462.5,22.4,59.1,89.9,64.1,812.6,728.8,137.6,236.7,461.6,55.4,325.0,110.8,211.5,393.6,393.0,76.8,421.2,161.2,178.3,340.6,385.4,169.2,664.4,318.1,155.4,329.9,330.8,31.1,204.3,192.8,66.4,121.9,226.0,19.6,445.4,480.1,123.2,219.6,223.9,33.1,564.6,693.1,55.4,137.6,170.7,67.4,677.5,855.9,148.5,359.0,360.6,29.5,353.7,363.3
2026-01-31,21,10,official_closing,closing_displayed,https://www.boatrace.jp/owpc/pc/race/odds3t?hd=20260131&jcd=21&rno=10,5.2,18.4,31.1,323.4,83.6,1633.0,19.4,80.6,83.1,396.7,85.0,1883.0,9.9,37.6,37.0,360.7,318.8,2777.0,38.5,116.5,111.3,743.1,193.2,1735.0,6.7,56.6,60.8,370.9,158.3,2777.0,20.3,316.9,192.8,805.0,251.3,3267.0,8.4,134.8,103.3,813.9,647.8,4273.0,45.2,346.6,255.7,1234.0,449.8,3471.0,52.2,314.7,194.7,463.8,161.2,2441.0,55.6,608.7,238.1,712.2,278.1,2962.0,87.5,663.3,213.6,642.2,642.2,3220.0,157.0,1234.0,347.1,1000.0,467.8,3316.0,19.0,136.9,92.8,538.0,721.4,3267.0,19.0,206.7,126.1,719.1,755.8,4534.0,100.5,631.2,215.5,796.4,922.0,3967.0,84.9,612.1,235.6,854.6,1028.0,3898.0,187.3,808.0,617.2,1645.0,464.8,1899.0,203.4,1471.0,854.6,2415.0,740.6,3527.0,391.2,2038.0,1014.0,1932.0,796.4,2923.0,211.6,1338.0,681.6,1915.0,1262.0,3129.0
2026-01-31,21,11,official_closing,closing_displayed,https://www.boatrace.jp/owpc/pc/race/odds3t?hd=20260131&jcd=21&rno=11,5.1,29.3,173.5,83.1,799.8,1110.0,4.3,25.8,155.0,165.5,1595.0,1380.0,25.0,111.4,371.0,182.7,1217.0,1416.0,15.5,65.7,321.6,130.2,1408.0,2274.0,12.0,126.5,336.0,142.6,1585.0,1438.0,12.7,205.2,463.3,374.0,2256.0,2118.0,44.2,541.0,795.2,450.5,2071.0,2220.0,35.4,389.2,925.1,346.4,2352.0,3426.0,7.9,106.9,383.3,368.5,2071.0,1875.0,14.4,226.7,426.3,505.5,2747.0,2694.0,41.5,450.5,907.0,1051.0,3426.0,2952.0,22.5,298.1,809.1,711.6,2984.0,4405.0,102.0,722.7,1296.0,337.6,1353.0,1723.0,147.7,1347.0,1671.0,486.9,1430.0,2456.0,139.2,1001.0,1492.0,867.3,1862.0,3343.0,184.0,1595.0,1613.0,450.5,1460.0,2921.0,78.0,538.9,1196.0,359.9,2891.0,4142.0,119.4,970.4,1875.0,569.9,3016.0,1692.0,105.2,937.6,1423.0,970.4,3190.0,4625.0,246.4,1756.0,2593.0,702.6,2500.0,2694.0
2026-01-31,21,12,official_closing,closing_displayed,https://www.boatrace.jp/owpc/pc/race/odds3t?hd=20260131&jcd=21&rno=12,6.4,40.0,50.0,43.6,517.6,2070.0,5.6,31.2,39.0,56.6,612.0,3639.0,22.9,107.2,85.6,94.9,578.2,2580.0,73.8,254.4,223.8,216.6,949.9,3639.0,11.1,101.9,115.2,85.7,905.1,2881.0,10.4,135.1,147.0,149.5,1299.0,4490.0,25.4,331.2,289.8,270.5,1324.0,4490.0,94.7,775.3,695.7,536.9,2289.0,3601.0,7.6,76.5,79.8,119.5,934.5,3929.0,10.8,145.9,130.8,155.0,1428.0,5085.0,27.0,322.8,208.5,324.9,1600.0,3758.0,82.5,605.5,440.4,582.1,2401.0,6066.0,65.4,512.2,346.8,208.3,738.8,3423.0,74.6,831.2,596.1,303.8,1002.0,4322.0,92.8,784.0,508.5,344.7,1226.0,4068.0,204.3,1465.0,888.9,390.2,1356.0,4610.0,371.8,1141.0,1168.0,671.4,2523.0,3929.0,464.7,1998.0,1686.0,791.2,3033.0,4802.0,409.2,1810.0,1324.0,1188.0,3457.0,6066.0,412.1,2599.0,1819.0,827.2,2505.0,4268.0
2026-01-31,22,1,official_closing,closing_displayed,https://www.boatrace.jp/owpc/pc/race/odds3t?hd=20260131&jcd=22&rno=1,7.5,75.3,190.0,298.2,52.0,2207.0,10.9,94.4,288.6,547.1,87.3,4059.0,5.2,58.2,190.3,201.3,100.5,2735.0,45.9,212.2,758.1,806.7,121.5,2420.0,10.4,170.5,270.6,509.4,131.2,2926.0,20.9,505.4,619.9,1297.0,457.6,4059.0,12.1,341.0,420.8,715.0,517.8,2996.0,65.8,939.1,1075.0,1823.0,616.8,3932.0,22.8,300.3,645.3,1057.0,258.4,3932.0,35.0,723.2,610.9,1258.0,767.3,4494.0,23.2,462.6,817.1,1367.0,1221.0,3595.0,94.7,1154.0,1677.0,2926.0,1176.0,6292.0,7.9,117.1,281.5,243.8,223.5,3226.0,14.6,389.6,533.2,619.9,577.2,2796.0,18.8,366.8,749.0,983.1,786.5,4660.0,41.1,781.6,1480.0,861.9,706.9,4494.0,157.5,1133.0,2420.0,2288.0,499.3,2796.0,206.3,2029.0,2926.0,2677.0,1040.0,4840.0,202.3,1677.0,2926.0,4339.0,1573.0,6292.0,160.3,1936.0,3401.0,2516.0,1613.0,4494.0
2026-01-31,22,2,official_closing,closing_displayed,https://www.boatrace.jp/owpc/pc/race/odds3t?hd=20260131&jcd=22&rno=2,17.6,31.3,79.9,82.4,140.8,587.8,22.2,21.2,75.9,140.0,268.3,558.4,34.0,28.9,100.2,87.5,204.7,672.2,78.3,57.3,138.0,118.8,214.1,764.1,25.9,57.3,109.0,64.3,146.2,602.4,29.9,36.7,78.8,81.5,205.9,460.9,51.6,41.5,66.7,37.7,115.2,490.5,81.5,85.6,126.4,60.0,170.8,513.0,44.5,31.7,111.7,163.6,333.0,477.6,53.1,39.3,90.9,118.3,265.9,620.4,73.6,22.8,97.1,118.2,346.5,487.2,116.3,43.4,111.6,145.3,413.6,684.8,65.9,61.4,184.9,72.8,133.0,642.4,108.3,66.3,129.9,37.2,95.6,522.2,115.5,40.0,153.4,109.9,277.6,511.2,171.4,86.4,196.4,51.8,124.3,465.3,199.9,183.3,321.2,162.5,434.7,924.8,256.5,262.0,272.4,96.6,362.9,797.7,258.3,141.3,228.2,190.7,479.1,748.4,295.1,166.1,308.9,83.4,273.9,527.9
2026-01-31,22,3,official_closing,closing_displayed,https://www.boatrace.jp/owpc/pc/race/odds3t?hd=20260131&jcd=22&rno=3,21.7,31.8,19.8,254.4,687.3,3409.0,41.9,59.6,16.3,140.9,261.4,1775.0,89.2,146.4,18.8,358.8,713.2,4370.0,270.1,366.5,77.9,785.5,1106.0,4261.0,16.0,32.7,23.4,312.2,931.5,5013.0,17.4,25.7,16.9,135.5,265.5,2104.0,26.1,35.4,15.6,334.2,807.8,4370.0,102.5,112.8,68.7,631.3,1144.0,5498.0,68.1,101.4,30.4,127.9,215.5,1687.0,43.8,52.3,25.8,112.5,199.3,1959.0,124.8,156.1,17.3,132.6,306.0,1578.0,313.9,331.0,58.5,289.9,481.5,1813.0,185.2,318.0,28.8,548.1,901.9,4261.0,95.8,115.9,24.5,488.4,843.8,4485.0,241.1,280.8,24.5,239.0,467.0,1937.0,411.7,557.0,49.5,690.1,1106.0,3409.0,631.3,1408.0,206.3,2053.0,2157.0,5498.0,491.2,447.4,198.4,1291.0,1852.0,4735.0,796.5,807.8,149.1,676.4,931.5,1959.0,901.9,1217.0,140.7,1183.0,1549.0,3216.0
2026-01-31,22,4,official_closing,closing_displayed,https://www.boatrace.jp/owpc/pc/race/odds3t?hd=20260131&jcd=22&rno=4,12.0,33.0,36.5,48.2,611.1,3323.0,11.0,30.0,18.4,34.3,565.4,2962.0,54.7,160.3,64.4,71.6,584.8,1769.0,148.9,286.8,153.6,144.9,1185.0,4129.0,10.5,76.9,77.7,94.7,1273.0,4396.0,6.3,90.6,63.7,133.6,1566.0,4129.0,28.3,441.0,247.7,265.1,1682.0,4008.0,86.6,890.6,439.6,481.5,2309.0,5451.0,11.3,84.9,30.2,48.6,884.9,2899.0,8.2,128.5,53.5,96.7,1584.0,3683.0,28.2,438.1,72.4,121.1,851.7,2004.0,80.4,787.7,157.5,227.1,2271.0,3893.0,125.3,769.9,234.1,150.2,774.2,2725.0,110.1,1135.0,398.4,349.4,1349.0,4699.0,111.4,1056.0,219.0,211.2,801.6,2390.0,337.3,1566.0,587.3,322.9,1376.0,3494.0,520.1,1603.0,879.2,486.7,2571.0,2962.0,465.1,2033.0,1205.0,890.6,2433.0,5678.0,414.2,2234.0,570.1,681.3,1817.0,3586.0,655.1,2962.0,1064.0,645.8,2129.0,2620.0
2026-01-31,22,5,official_closing,closing_displayed,https://www.boatrace.jp/owpc/pc/race/odds3t?hd=20260131&jcd=22&rno=5,37.4,136.8,135.9,55.7,29.8,1847.0,25.9,96.9,128.6,85.7,44.3,1589.0,18.3,82.2,72.6,32.9,19.8,1759.0,162.0,564.1,396.2,256.1,57.1,1026.0,46.0,192.2,231.3,107.3,62.7,3144.0,33.8,245.9,327.7,225.6,113.1,2548.0,26.6,151.1,119.5,100.7,91.5,3695.0,196.0,588.8,639.8,639.8,182.2,2463.0,17.5,129.9,194.2,201.3,64.6,2052.0,23.0,233.4,241.1,301.0,104.3,2463.0,9.5,122.0,122.8,172.2,105.8,2898.0,112.4,746.4,642.6,731.6,134.0,1319.0,16.0,99.1,75.0,39.2,27.5,2206.0,25.6,133.6,97.3,77.7,59.2,3079.0,12.3,125.2,99.2,114.9,94.5,3079.0,67.1,367.6,171.4,190.9,92.6,1463.0,479.8,1434.0,859.3,794.6,113.7,1094.0,595.9,1355.0,972.3,1071.0,191.2,1970.0,494.3,1642.0,1033.0,1263.0,245.9,1119.0,276.7,1154.0,470.7,628.9,161.8,1274.0
2026-01-31,22,6,official_closing,closing_displayed,https://www.boatrace.jp/owpc/pc/race/odds3t?hd=20260131&jcd=22&rno=6,16.8,24.1,35.7,580.6,55.8,1470.0,54.4,99.2,122.7,596.3,65.7,1514.0,14.5,24.8,33.1,495.0,246.3,1980.0,96.5,128.5,128.3,872.5,97.6,839.3,19.4,36.4,36.2,549.6,66.7,1643.0,60.1,81.9,69.0,680.3,48.8,1755.0,12.0,21.4,19.1,503.0,229.8,1883.0,80.6,98.5,77.7,1016.0,90.2,892.7,135.7,276.7,234.0,534.4,68.9,2005.0,148.3,203.2,162.7,491.8,47.8,1775.0,143.6,168.6,124.6,355.8,204.8,1816.0,253.6,424.2,250.3,702.0,89.8,610.4,21.2,41.6,34.5,452.9,441.2,2340.0,19.7,32.9,25.5,405.3,347.8,2145.0,99.8,105.5,78.2,379.4,339.4,2005.0,58.0,79.2,48.9,478.1,385.1,1816.0,409.6,559.5,365.1,1161.0,159.3,705.2,313.9,446.3,288.6,977.4,139.6,648.9,495.0,804.3,527.1,1095.0,155.5,498.2,203.2,337.2,165.7,882.5,351.8,1255.0
2026-01-31,22,7,official_closing,closing_displayed,https://www.boatrace.jp/owpc/pc/race/odds3t?hd=20260131&jcd=22&rno=7,29.6,102.3,134.1,266.8,10.5,1257.0,31.7,96.8,187.9,556.1,28.5,1608.0,11.8,32.7,62.1,179.4,30.1,2005.0,81.4,204.2,259.4,577.7,26.8,583.3,33.9,188.7,178.8,291.2,20.7,1475.0,72.0,409.4,319.9,811.4,57.1,2412.0,17.9,136.5,110.6,250.7,63.5,2587.0,98.2,564.9,435.4,892.6,44.8,986.2,66.4,194.4,342.6,759.6,49.1,2288.0,114.2,432.2,397.5,846.0,80.5,2704.0,55.0,167.3,238.3,490.4,139.2,3077.0,233.6,583.3,619.8,1043.0,107.4,1239.0,9.9,38.6,48.0,152.3,94.7,2177.0,16.8,117.1,80.1,177.8,112.9,2833.0,24.3,98.0,113.8,348.6,228.2,3025.0,33.3,128.3,98.6,239.3,138.4,1002.0,271.7,666.1,815.1,1050.0,51.9,529.7,306.2,1122.0,975.5,1463.0,62.8,782.9,495.8,1144.0,980.8,1552.0,120.7,954.6,150.2,521.9,430.1,568.5,130.2,875.0
2026-01-31,22,8,official_closing,closing_displayed,https://www.boatrace.jp/owpc/pc/race/odds3t?hd=20260131&jcd=22&rno=8,17.3,33.7,158.4,31.8,556.3,185.2,7.4,15.6,122.6,79.6,971.7,424.9,58.1,87.6,264.6,120.7,654.9,122.3,25.7,28.1,208.0,30.5,736.5,632.9,31.6,94.8,184.1,53.0,733.9,236.8,22.9,62.8,131.5,123.5,1246.0,483.5,76.5,226.6,298.2,215.8,821.3,188.5,57.9,77.0,186.1,53.4,895.9,749.9,9.3,28.7,164.9,171.0,1050.0,818.0,19.6,55.2,174.5,219.9,1285.0,808.4,56.4,142.3,398.0,405.0,1696.0,556.3,16.1,37.3,192.7,175.2,1592.0,1544.0,171.1,273.0,654.9,216.7,760.9,125.6,290.2,574.9,915.8,304.8,848.2,190.7,197.4,381.8,895.9,433.9,1224.0,447.9,253.6,358.0,990.3,190.0,606.9,623.4,62.6,90.9,425.8,59.3,967.1,1050.0,121.7,168.2,451.9,89.7,999.8,1009.0,56.5,79.8,326.4,173.3,1682.0,1864.0,219.4,359.9,877.0,184.1,844.7,915.8
2026-01-31,22,9,official_closing,closing_displayed,https://www.boatrace.jp/owpc/pc/race/odds3t?hd=20260131&jcd=22&rno=9,11.1,78.3,97.9,76.6,190.4,720.8,10.1,73.0,75.0,116.9,209.1,818.4,14.5,67.5,82.4,50.6,150.7,697.7,39.4,168.2,128.1,84.3,199.0,733.0,13.9,194.7,187.1,156.9,278.4,1139.0,11.1,311.0,245.4,393.6,505.1,1422.0,14.7,323.4,213.8,230.1,481.6,1170.0,32.6,548.3,361.6,303.2,505.1,1577.0,13.2,175.9,138.3,208.3,342.8,1122.0,15.8,347.2,229.8,383.9,725.7,1612.0,14.8,313.2,177.0,279.1,693.3,1727.0,27.1,407.6,258.5,407.6,733.0,1600.0,31.4,307.5,196.1,67.1,152.7,1007.0,37.9,536.2,367.1,148.9,339.1,1377.0,32.7,481.6,273.5,220.1,390.8,1909.0,47.5,665.7,321.5,94.3,226.7,1031.0,112.1,755.9,412.3,208.3,509.8,1303.0,123.8,1041.0,548.3,439.8,870.8,2015.0,96.8,857.1,562.5,556.8,860.5,1727.0,114.4,1189.0,611.5,231.6,575.9,1164.0
2026-01-31,22,10,official_closing,closing_displayed,https://www.boatrace.jp/owpc/pc/race/odds3t?hd=20260131&jcd=22&rno=10,13.8,30.3,49.6,39.8,698.5,1258.0,12.4,25.4,22.0,29.0,821.5,1355.0,85.7,154.5,125.4,80.0,821.5,1086.0,65.2,107.3,101.2,56.9,943.8,1982.0,15.3,66.0,99.6,63.9,966.8,1618.0,9.6,53.6,59.6,72.1,1299.0,1686.0,72.7,278.6,172.3,135.8,1332.0,1086.0,54.1,182.6,184.1,103.5,1468.0,2059.0,13.8,49.3,26.0,33.1,1064.0,1651.0,12.0,59.8,39.6,56.2,1289.0,1742.0,71.0,229.1,75.7,89.1,724.0,847.9,40.8,145.8,61.9,70.4,1569.0,2032.0,205.1,707.8,396.4,135.7,695.4,1149.0,248.5,921.9,422.8,179.3,871.2,921.9,200.2,796.8,295.8,178.3,624.2,852.5,358.7,876.0,453.0,137.7,655.2,813.1,195.7,612.2,433.2,130.0,1539.0,2142.0,191.7,747.9,489.4,157.9,1554.0,2086.0,143.1,487.9,278.6,166.3,516.5,619.4,501.7,1248.0,558.3,188.9,1310.0,578.7
2026-01-31,22,11,official_closing,closing_displayed,https://www.boatrace.jp/owpc/pc/race/odds3t?hd=20260131&jcd=22&rno=11,6.9,25.3,195.4,161.1,268.6,127.4,5.2,20.2,286.6,441.1,625.5,609.1,13.8,35.5,450.6,266.2,529.1,336.3,6.5,21.5,401.4,200.9,378.2,570.9,18.0,141.0,258.3,234.6,387.3,175.7,30.4,284.7,463.6,609.1,1326.0,919.0,50.8,437.4,538.6,598.7,1126.0,580.4,39.4,283.5,707.9,363.8,748.3,862.3,14.7,113.8,635.0,935.4,1151.0,1239.0,37.1,375.5,551.4,1262.0,1976.0,1563.0,48.4,363.1,997.8,1326.0,2253.0,1854.0,33.0,193.1,1053.0,1496.0,2074.0,1731.0,43.3,234.3,1047.0,511.0,802.8,646.7,104.0,663.1,1190.0,710.3,1270.0,680.3,108.9,569.4,1326.0,979.2,1689.0,1838.0,77.6,370.2,983.8,597.0,1151.0,1676.0,25.6,115.5,974.6,394.6,821.7,1053.0,76.3,463.6,1270.0,511.0,1027.0,1262.0,63.5,286.2,1486.0,1369.0,1717.0,1650.0,107.6,469.8,1611.0,923.1,1529.0,1587.0
2026-01-31,22,12,official_closing,closing_displayed,https://www.boatrace.jp/owpc/pc/race/odds3t?hd=20260131&jcd=22&rno=12,7.4,34.7,79.3,52.7,544.4,1415.0,5.0,25.5,62.2,91.6,917.0,2211.0,28.5,109.9,187.8,128.6,736.0,1399.0,35.9,109.0,238.8,157.6,935.9,1857.0,13.0,90.9,130.8,93.9,826.0,2007.0,10.9,109.1,112.9,176.5,1810.0,2701.0,40.1,277.9,278.7,323.2,1784.0,2368.0,53.8,243.1,310.9,329.6,1509.0,2939.0,7.3,61.2,98.9,170.5,1298.0,2716.0,12.4,110.9,116.8,212.9,1851.0,3123.0,26.7,260.4,248.6,400.7,1878.0,2576.0,30.5,196.9,217.1,385.9,1791.0,2282.0,86.9,414.0,504.3,288.3,889.2,1729.0,105.6,803.4,633.4,488.5,1469.0,2549.0,90.9,633.4,554.0,693.1,1612.0,1922.0,153.7,848.5,627.0,407.9,1373.0,2855.0,181.1,540.2,946.5,453.9,1823.0,2437.0,211.8,1086.0,1054.0,658.4,2449.0,2992.0,159.7,717.0,820.6,961.1,1537.0,2379.0,278.1,1427.0,1156.0,695.0,1723.0,3010.0
2026-01-31,23,1,official_closing,closing_displayed,https://www.boatrace.jp/owpc/pc/race/odds3t?hd=20260131&jcd=23&rno=1,8.7,21.1,59.3,157.3,676.5,96.3,14.9,42.0,76.9,179.0,791.8,116.0,40.1,95.3,146.7,354.8,1038.0,213.8,15.8,35.1,66.6,162.8,968.9,380.1,10.9,42.9,81.3,183.5,924.7,137.4,13.0,57.4,105.9,197.4,1316.0,186.2,34.8,130.2,210.1,356.1,1554.0,282.6,14.5,42.6,83.4,173.0,1099.0,484.9,26.9,88.7,181.0,267.0,1036.0,181.3,28.8,78.9,208.7,306.3,1672.0,227.4,78.5,171.1,388.6,599.7,1995.0,434.6,34.8,82.9,178.0,266.2,1803.0,692.3,124.6,337.1,452.8,522.9,1257.0,397.1,119.7,276.0,552.0,630.3,1573.0,385.9,183.6,342.4,692.3,780.8,1797.0,522.9,123.7,275.2,461.5,487.2,1419.0,809.5,30.2,86.4,140.3,231.8,1435.0,936.7,33.1,90.6,178.1,250.6,1578.0,1007.0,55.4,128.4,279.5,330.5,1747.0,1136.0,103.6,230.4,395.6,452.4,1790.0,1209.0
2026-01-31,23,2,official_closing,closing_displayed,https://www.boatrace.jp/owpc/pc/race/odds3t?hd=20260131&jcd=23&rno=2,17.0,35.8,35.2,140.8,172.5,348.6,28.5,61.2,37.0,136.5,170.2,323.8,38.7,76.3,35.1,132.2,219.6,457.0,49.7,71.2,43.1,119.4,169.6,533.6,15.4,56.0,56.2,191.9,253.4,467.1,18.9,63.1,55.9,174.5,215.3,328.9,19.7,67.7,58.6,150.7,291.5,468.4,27.5,69.7,50.0,127.5,207.0,542.8,48.6,132.0,68.7,170.9,234.8,398.9,42.8,105.9,66.1,157.3,226.3,348.4,70.7,146.0,60.9,139.2,257.2,305.1,66.6,139.6,50.8,114.4,176.1,379.2,77.8,198.2,81.7,115.9,196.0,481.8,57.4,146.2,83.4,113.4,197.6,391.2,100.6,197.0,81.1,145.0,233.5,305.1,97.9,182.5,71.3,67.6,133.4,374.4,128.9,248.9,122.8,145.6,328.0,626.1,104.6,184.7,107.5,118.2,274.8,499.4,160.0,256.1,105.2,121.1,234.9,397.1,163.7,270.6,119.7,96.0,253.5,438.7
2026-01-31,23,3,official_closing,closing_displayed,https://www.boatrace.jp/owpc/pc/race/odds3t?hd=20260131&jcd=23&rno=3,9.7,41.2,48.2,94.6,277.5,133.6,16.4,68.3,74.1,168.6,432.1,160.1,38.7,137.3,112.0,95.9,318.8,226.2,11.9,41.0,40.4,57.8,229.5,354.0,12.1,87.8,97.3,198.1,558.1,187.6,23.0,189.5,185.0,311.7,886.7,248.6,43.1,341.1,322.1,260.4,737.3,338.0,13.6,86.8,85.9,128.7,510.6,550.4,27.1,193.6,205.1,376.0,761.6,238.3,38.4,277.9,236.8,452.4,1116.0,322.9,53.8,473.4,381.0,480.3,1220.0,503.7,30.5,161.0,144.3,224.1,689.0,594.1,61.2,492.9,327.9,100.3,280.6,262.4,76.0,702.7,612.3,126.4,353.6,284.0,93.6,731.0,677.3,251.0,604.2,405.5,55.4,434.0,250.7,66.9,208.2,332.2,26.6,112.8,93.9,78.4,392.8,617.9,32.2,133.2,131.3,96.6,514.1,734.6,54.6,191.6,202.6,151.7,609.8,788.7,85.7,324.3,257.0,90.8,354.7,499.9
2026-01-31,23,4,official_closing,closing_displayed,https://www.boatrace.jp/owpc/pc/race/odds3t?hd=20260131&jcd=23&rno=4,22.3,51.2,105.1,53.9,421.1,393.8,17.5,34.0,86.4,70.6,456.5,504.6,49.1,89.6,133.4,65.3,373.5,336.9,35.8,55.7,102.1,43.2,348.9,601.1,31.1,82.9,130.3,57.1,571.3,397.7,29.0,57.6,72.6,73.6,592.4,355.5,52.9,145.5,152.9,68.6,370.9,152.7,45.3,80.2,94.1,27.1,398.1,523.1,23.7,45.0,110.7,105.2,694.5,646.6,32.5,51.2,71.5,112.2,746.6,472.3,54.6,76.4,118.7,126.0,744.0,352.6,31.7,29.9,62.0,71.8,582.4,738.2,124.3,263.3,274.0,76.4,321.4,267.0,128.1,334.3,285.1,65.8,266.3,126.8,135.1,222.1,233.0,115.8,457.2,255.4,126.0,203.1,198.5,35.9,179.6,235.9,96.5,146.9,242.6,50.3,506.5,779.3,116.5,150.3,170.2,29.7,458.8,703.4,90.7,69.1,131.9,70.0,578.8,801.2,155.9,194.6,236.8,37.4,281.2,372.8
2026-01-31,23,5,official_closing,closing_displayed,https://www.boatrace.jp/owpc/pc/race/odds3t?hd=20260131&jcd=23&rno=5,5.1,10.0,61.5,129.8,448.6,374.5,8.6,16.8,116.9,260.0,809.6,680.5,20.7,36.0,164.4,289.4,899.7,1060.0,19.4,28.9,151.8,249.7,946.8,1382.0,10.8,27.6,75.6,155.7,559.3,414.9,25.2,54.6,142.2,258.7,592.8,547.2,46.2,83.0,179.4,317.0,791.1,818.3,41.6,66.7,175.9,256.8,851.0,1155.0,24.7,66.7,236.0,436.4,938.3,808.8,42.4,100.3,199.2,328.0,591.1,607.9,82.1,161.9,307.0,498.9,764.2,1130.0,75.7,134.0,309.2,546.1,1079.0,1238.0,73.7,173.5,399.1,394.6,891.1,1211.0,136.2,215.4,298.6,335.1,693.0,847.5,181.7,288.0,431.9,530.4,774.2,1180.0,226.3,272.9,447.7,406.5,864.2,1195.0,74.3,130.1,457.0,447.7,1449.0,1981.0,129.3,178.9,340.2,348.2,1052.0,1544.0,202.9,240.0,527.4,622.9,1231.0,1430.0,296.0,311.6,527.4,522.4,1259.0,1527.0
2026-01-31,23,6,official_closing,closing_displayed,https://www.boatrace.jp/owpc/pc/race/odds3t?hd=20260131&jcd=23&rno=6,25.5,85.5,150.0,47.8,128.2,971.9,11.0,29.1,125.7,107.0,222.9,1461.0,20.1,43.3,188.5,44.3,103.0,887.7,55.1,114.3,341.4,106.0,203.0,1322.0,35.4,150.3,204.7,45.7,140.7,1128.0,34.3,112.4,157.3,113.6,264.7,1653.0,58.8,166.4,220.9,31.5,85.2,699.1,129.4,304.8,466.7,60.2,164.8,967.9,13.6,31.3,200.4,195.5,384.3,1791.0,32.5,74.2,205.0,221.5,421.9,1828.0,17.0,22.2,174.7,169.5,286.6,1146.0,47.2,45.8,350.9,274.7,498.9,1630.0,38.2,65.5,355.7,47.8,94.7,835.3,71.2,144.4,368.3,39.4,83.0,675.1,34.9,39.7,276.0,99.5,175.1,928.5,86.5,74.3,492.3,46.5,95.8,399.7,176.7,298.0,923.7,206.4,411.1,1298.0,324.4,544.2,1086.0,144.9,337.4,956.1,143.8,142.4,679.0,321.0,558.4,1332.0,198.8,168.8,794.1,103.3,212.5,421.6
2026-01-31,23,7,official_closing,closing_displayed,https://www.boatrace.jp/owpc/pc/race/odds3t?hd=20260131&jcd=23&rno=7,23.9,166.1,91.6,160.8,79.8,608.8,24.0,179.0,42.6,99.6,46.7,544.8,26.3,190.2,41.1,70.5,46.1,564.4,60.5,350.4,79.0,130.4,52.6,399.9,24.5,325.4,260.4,335.1,166.0,1101.0,10.7,635.8,429.5,531.1,293.4,1755.0,11.8,607.2,336.8,401.4,361.1,1947.0,28.7,991.1,593.8,595.4,250.4,1288.0,28.7,419.4,87.4,153.1,82.1,803.3,14.4,794.8,284.2,493.4,278.9,1401.0,13.7,743.1,90.0,155.5,114.9,771.1,34.9,1029.0,139.4,250.5,133.5,761.5,32.1,398.5,69.5,86.7,72.6,816.9,18.3,722.3,273.3,268.6,266.5,1616.0,19.2,749.7,88.5,145.6,119.9,969.7,28.7,869.6,120.4,130.2,96.6,790.1,134.7,1190.0,296.3,299.6,98.0,394.8,95.2,1639.0,798.5,710.9,206.3,749.7,108.4,1651.0,319.7,434.2,156.3,621.1,90.6,1412.0,289.1,270.0,136.1,553.8
2026-01-31,23,8,official_closing,closing_displayed,https://www.boatrace.jp/owpc/pc/race/odds3t?hd=20260131&jcd=23&rno=8,44.3,250.5,60.1,193.4,542.8,450.1,53.5,315.5,13.6,66.3,224.5,189.3,101.6,519.8,24.6,104.8,311.1,251.2,103.8,504.4,23.9,102.8,325.2,388.6,28.2,370.7,174.7,444.7,1116.0,923.5,8.5,522.0,183.9,485.1,1033.0,865.8,17.1,720.7,288.9,635.0,1355.0,1052.0,17.8,714.5,254.1,556.6,1008.0,1294.0,48.6,507.8,23.0,59.9,196.9,185.7,15.6,620.3,94.5,233.7,402.2,361.5,35.9,939.8,23.7,64.1,158.1,152.4,33.8,795.0,20.7,57.5,154.5,196.7,128.4,1119.0,48.3,175.2,437.2,387.0,51.2,1183.0,176.2,383.2,965.2,810.5,71.9,1375.0,38.6,125.2,265.9,247.9,89.7,1228.0,39.5,139.4,320.6,462.9,159.1,1240.0,50.7,218.8,547.6,730.5,57.8,1455.0,175.7,508.5,970.2,1143.0,69.8,1272.0,39.0,139.8,307.6,400.9,129.1,1463.0,53.4,198.3,398.3,534.3
2026-01-31,23,9,official_closing,closing_displayed,https://www.boatrace.jp/owpc/pc/race/odds3t?hd=20260131&jcd=23&rno=9,9.3,44.9,71.3,99.8,84.7,272.4,8.6,41.1,63.8,143.2,156.0,421.6,15.7,56.9,89.3,142.7,174.8,453.4,24.4,75.3,113.9,166.3,125.2,353.9,13.7,124.2,146.3,174.4,145.6,459.2,15.4,158.7,147.3,230.4,281.5,703.4,23.3,278.8,260.9,291.6,278.9,466.4,37.4,326.7,306.3,275.3,239.9,630.2,13.9,120.0,109.7,228.5,313.1,671.7,22.1,173.8,131.8,240.3,426.4,783.3,27.0,254.3,143.1,308.2,498.3,699.5,33.9,222.7,161.7,331.3,461.2,817.7,31.9,216.6,216.6,229.2,308.0,677.2,52.4,399.6,317.1,290.7,349.4,502.3,57.5,381.8,252.0,383.6,488.8,719.0,52.0,368.6,274.0,258.9,386.1,704.7,60.6,308.2,378.1,345.6,191.3,448.5,101.0,548.1,438.4,311.5,220.5,507.8,95.8,355.9,360.0,469.1,296.4,577.4,80.7,452.0,423.2,375.8,352.2,641.1
2026-01-31,23,10,official_closing,closing_displayed,https://www.boatrace.jp/owpc/pc/race/odds3t?hd=20260131&jcd=23&rno=10,9.5,60.8,67.6,127.2,236.0,706.9,14.2,74.0,45.1,120.0,253.0,514.4,24.1,107.4,61.8,83.3,168.5,773.3,18.7,103.2,60.6,92.0,178.1,935.9,11.0,142.5,166.1,242.8,509.0,1223.0,10.3,234.4,256.9,384.2,855.2,1507.0,15.3,303.1,308.2,267.7,684.5,1275.0,14.2,283.8,291.4,290.9,800.5,1967.0,18.9,184.3,113.3,213.4,485.5,776.1,18.1,296.6,241.8,416.1,926.8,1661.0,23.3,275.8,193.9,319.2,776.1,1142.0,25.2,315.1,205.6,320.6,821.9,1534.0,49.0,393.1,227.0,105.0,204.4,980.5,40.1,604.5,452.9,187.8,313.4,1065.0,44.7,506.0,352.1,264.5,473.5,1066.0,52.8,652.4,314.9,116.6,229.3,999.8,66.5,515.4,276.7,174.1,549.5,1442.0,51.6,774.7,616.1,317.4,1071.0,1990.0,74.6,761.7,405.9,347.4,1044.0,1617.0,107.9,995.2,444.1,200.1,665.5,1289.0
2026-01-31,23,11,official_closing,closing_displayed,https://www.boatrace.jp/owpc/pc/race/odds3t?hd=20260131&jcd=23&rno=11,12.9,81.8,87.8,31.5,343.8,918.6,7.1,48.1,50.9,51.4,414.5,1360.0,26.4,153.0,122.1,62.2,309.6,712.4,39.6,186.6,160.1,68.9,396.2,1203.0,14.7,201.3,212.2,68.1,621.1,1276.0,9.5,265.2,208.5,167.6,968.1,1851.0,28.8,573.8,471.5,203.0,825.4,1175.0,39.0,743.8,609.5,205.5,936.4,1777.0,7.6,87.6,90.0,130.5,778.7,1714.0,9.9,227.1,150.6,211.3,1106.0,2147.0,21.5,318.4,180.1,273.9,876.0,1398.0,21.6,301.3,222.7,299.7,1054.0,1863.0,64.7,565.0,354.2,125.9,341.5,818.7,71.0,885.8,536.7,202.9,602.6,1026.0,57.3,727.8,360.2,256.5,677.8,1312.0,96.9,908.1,490.4,149.0,414.0,992.2,124.9,806.9,742.3,205.3,770.1,1414.0,166.0,1432.0,1070.0,303.2,1138.0,1882.0,86.8,799.9,601.3,388.9,1196.0,1895.0,177.7,1213.0,795.9,257.0,711.5,1089.0
2026-01-31,23,12,official_closing,closing_displayed,https://www.boatrace.jp/owpc/pc/race/odds3t?hd=20260131&jcd=23&rno=12,7.6,63.4,38.7,297.5,111.5,1077.0,16.3,127.0,47.9,269.0,89.0,1208.0,13.6,104.9,31.2,251.7,198.7,1779.0,45.1,223.4,89.0,417.1,186.6,1339.0,8.0,117.4,106.1,562.8,292.0,1578.0,11.8,450.1,299.6,891.9,441.9,2452.0,7.4,348.6,198.7,928.2,675.7,2490.0,33.9,770.4,501.5,1265.0,650.5,2448.0,27.9,418.1,132.0,346.7,144.2,1549.0,24.8,718.0,243.4,658.2,274.1,2365.0,32.1,881.9,125.9,364.5,325.3,2163.0,66.0,1076.0,261.4,620.2,323.0,2031.0,19.1,319.0,71.9,428.9,517.5,2704.0,14.5,549.7,134.7,747.1,866.9,2466.0,36.2,972.0,132.8,550.9,673.0,2709.0,48.7,944.9,162.5,706.3,772.1,2659.0,151.9,1031.0,478.3,1223.0,637.6,1639.0,142.4,1754.0,844.4,1599.0,949.1,2320.0,203.4,1904.0,642.6,1566.0,839.9,1915.0,163.8,1570.0,424.0,1251.0,1021.0,2557.0
