actual_combo,attack4,date,gap423,gap43,guard1,head_hit,history_adjust,history_pct,hit_20,hit_4,hit_6,hit_8,innerweak,invest_20,invest_4,invest_6,invest_8,kimarite,method_hit,old_comp,old_score,payout,period,race_code,resist2,return_20,return_4,return_6,return_8,score_ABS,score_BREAK,score_HYBRID,score_OPPORTUNITY,score_REL23,score_REL3,st_gap_43,stbreak,straight_gap_43,stretchbreak,tickets_20,tickets_4,tickets_6,tickets_8,tilt,v54_formula,v54_score,v54_selected,v54_threshold,wall3,wallweak,winner
2-4-5,0.8973333333333334,2026-06-01,0.7043666666666668,0.7106666666666667,0.3886666666666667,0,0.14,0.5349,0,0,0,0,0.5263,2000,400,600,800,まくり,0,0.878,86.75,6190,fit,202606010102,0.5119999999999999,0,0,0,0,88.68333333333335,71.44266666666668,75.25250000000001,74.7316,79.03500000000001,80.28333333333335,0.20000000000000007,0.54,0.6,0.8,4-5-2;4-5-1;4-2-1;4-6-2;4-1-2;4-3-2;4-6-1;4-5-3;4-3-1;4-2-3;4-2-5;4-5-6;4-2-6;4-1-3;4-6-3;4-1-5;4-3-5;4-6-5;4-1-6;4-3-6,4-5-2;4-5-1;4-2-1;4-6-2,4-5-2;4-5-1;4-2-1;4-6-2;4-1-2;4-3-2,4-5-2;4-5-1;4-2-1;4-6-2;4-1-2;4-3-2;4-6-1;4-5-3,-0.5,BREAK,71.44266666666668,1,54.39633333333334,0.47600000000000003,0.5114000000000001,2
3-5-4,0.5313333333333333,2026-06-01,0.5784666666666667,0.5616666666666666,0.44333333333333336,0,-1.71,0.0725,0,0,0,0,0.6154999999999999,2000,400,600,800,まくり,0,0.532,50.300000000000004,4470,fit,202606010103,0.31199999999999994,0,0,0,0,50.233333333333334,57.70666666666666,55.915000000000006,53.499,52.589999999999996,51.598333333333336,0.19999999999999996,0.63,0.4,0.7,4-5-1;4-5-2;4-5-6;4-6-1;4-5-3;4-6-5;4-6-2;4-1-5;4-2-1;4-2-5;4-3-1;4-1-6;4-3-5;4-6-3;4-1-2;4-2-6;4-3-6;4-3-2;4-1-3;4-2-3,4-5-1;4-5-2;4-5-6;4-6-1,4-5-1;4-5-2;4-5-6;4-6-1;4-5-3;4-6-5,4-5-1;4-5-2;4-5-6;4-6-1;4-5-3;4-6-5;4-6-2;4-1-5,-0.5,BREAK,57.70666666666666,1,54.39633333333334,0.40800000000000003,0.6255999999999999,3
3-1-5,0.7333333333333334,2026-06-01,0.6331166666666667,0.6236666666666666,0.484,0,0.988,0.7469,0,0,0,0,0.5305,2000,400,600,800,まくり差し,0,0.716,71.398,6530,fit,202606010111,0.43199999999999994,0,0,0,0,73.13133333333334,64.91366666666667,65.65925000000001,65.66250000000001,68.12049999999999,68.19633333333334,0.8,0.81,-0.4,0.3,4-5-1;4-5-2;4-6-1;4-2-1;4-3-1;4-5-3;4-1-2;4-5-6;4-6-2;4-1-5;4-1-3;4-3-2;4-1-6;4-2-5;4-2-3;4-6-5;4-3-5;4-6-3;4-2-6;4-3-6,4-5-1;4-5-2;4-6-1;4-2-1,4-5-1;4-5-2;4-6-1;4-2-1;4-3-1;4-5-3,4-5-1;4-5-2;4-6-1;4-2-1;4-3-1;4-5-3;4-1-2;4-5-6,-0.5,BREAK,64.91366666666667,1,54.39633333333334,0.4860000000000001,0.5328999999999999,3
2-5-4,0.664,2026-06-01,0.6667000000000001,0.743,0.43566666666666665,0,0.966,0.7415,0,0,0,0,0.65255,2000,400,600,800,まくり,0,0.65935,66.86099999999999,1280,fit,202606010506,0.6140000000000001,0,0,0,0,67.326,74.77199999999999,72.3535,67.15509999999999,67.461,70.88099999999999,0.8,0.81,0.6,0.8,4-5-2;4-5-1;4-5-6;4-6-2;4-6-1;4-2-1;4-2-5;4-6-5;4-1-2;4-5-3;4-2-6;4-1-5;4-1-6;4-3-2;4-3-1;4-3-5;4-2-3;4-6-3;4-3-6;4-1-3,4-5-2;4-5-1;4-5-6;4-6-2,4-5-2;4-5-1;4-5-6;4-6-2;4-6-1;4-2-1,4-5-2;4-5-1;4-5-6;4-6-2;4-6-1;4-2-1;4-2-5;4-6-5,0,BREAK,74.77199999999999,1,54.39633333333334,0.178,0.6694,2
2-1-4,0.642,2026-06-01,0.64795,0.6699999999999999,0.47000000000000003,0,1.491,0.8728,0,0,0,0,0.635,2000,400,600,800,まくり,0,0.65135,66.586,1810,fit,202606010508,0.428,0,0,0,0,65.651,69.66599999999998,69.12975,65.67549999999999,65.9485,66.911,0.19999999999999996,0.54,1.0,1.0,4-5-1;4-5-2;4-6-1;4-2-1;4-6-2;4-1-2;4-5-6;4-3-1;4-1-6;4-5-3;4-2-6;4-1-5;4-3-2;4-2-5;4-6-5;4-1-3;4-2-3;4-6-3;4-3-6;4-3-5,4-5-1;4-5-2;4-6-1;4-2-1,4-5-1;4-5-2;4-6-1;4-2-1;4-6-2;4-1-2,4-5-1;4-5-2;4-6-1;4-2-1;4-6-2;4-1-2;4-5-6;4-3-1,0,BREAK,69.66599999999998,1,54.39633333333334,0.30200000000000005,0.6538999999999999,2
1-5-3,0.286,2026-06-01,0.3103999999999999,0.21099999999999997,0.5493333333333333,0,0.15,0.5376,0,0,0,0,0.3535999999999999,2000,400,600,800,抜き,0,0.30949999999999994,31.059999999999995,4750,fit,202606010808,0.296,0,0,0,0,28.709999999999997,26.405999999999995,27.609999999999996,30.92919999999999,29.92999999999999,25.334999999999997,-0.8,0.19,-0.4,0.3,4-5-1;4-5-2;4-5-3;4-3-1;4-6-1;4-5-6;4-2-1;4-3-2;4-3-5;4-6-2;4-1-3;4-6-3;4-1-2;4-2-3;4-1-5;4-6-5;4-3-6;4-2-5;4-1-6;4-2-6,4-5-1;4-5-2;4-5-3;4-3-1,4-5-1;4-5-2;4-5-3;4-3-1;4-6-1;4-5-6,4-5-1;4-5-2;4-5-3;4-3-1;4-6-1;4-5-6;4-2-1;4-3-2,0,BREAK,26.405999999999995,0,54.39633333333334,0.8640000000000001,0.3347999999999999,1
2-1-5,0.7606666666666667,2026-06-01,0.6866833333333333,0.7073333333333334,0.596,0,0.369,0.5923,0,0,0,0,0.5811,2000,400,600,800,差し,0,0.7431,74.639,17790,fit,202606011111,0.464,0,0,0,0,76.39566666666667,70.80133333333333,71.82275,70.22569999999999,72.6965,73.99566666666668,0.4,0.67,0.4,0.7,4-5-1;4-6-1;4-5-2;4-2-1;4-5-6;4-1-2;4-6-2;4-1-5;4-1-6;4-6-5;4-3-1;4-5-3;4-2-5;4-2-6;4-1-3;4-3-2;4-6-3;4-3-5;4-3-6;4-2-3,4-5-1;4-6-1;4-5-2;4-2-1,4-5-1;4-6-1;4-5-2;4-2-1;4-5-6;4-1-2,4-5-1;4-6-1;4-5-2;4-2-1;4-5-6;4-1-2;4-6-2;4-1-5,0,BREAK,70.80133333333333,1,54.39633333333334,0.346,0.6127,2
6-5-2,0.128,2026-06-01,0.24417499999999998,0.22649999999999998,0.277,0,-1.601,0.0999,0,0,0,0,0.4149999999999999,2000,400,600,800,まくり差し,0,0.15615,12.824000000000003,9560,fit,202606011203,0.574,0,0,0,0,10.009000000000002,16.6365,16.533375,19.808249999999997,15.817750000000002,14.441500000000003,-1.0,0.030000000000000027,0.0,0.5,4-5-1;4-5-2;4-5-6;4-6-1;4-6-2;4-2-1;4-6-5;4-5-3;4-2-6;4-1-2;4-2-5;4-1-6;4-1-5;4-3-1;4-6-3;4-3-2;4-3-6;4-3-5;4-2-3;4-1-3,4-5-1;4-5-2;4-5-6;4-6-1,4-5-1;4-5-2;4-5-6;4-6-1;4-6-2;4-2-1,4-5-1;4-5-2;4-5-6;4-6-1;4-6-2;4-2-1;4-6-5;4-5-3,-0.5,BREAK,16.6365,0,54.39633333333334,0.675,0.36034999999999995,6
1-5-6,0.838,2026-06-01,0.7193,0.741,0.24933333333333332,0,1.48,0.87,0,0,0,0,0.6228,2000,400,600,800,逃げ,0,0.81155,81.44500000000001,12090,fit,202606012010,0.4799999999999999,0,0,0,0,84.09,70.46000000000001,73.9925,75.7946,78.15500000000002,79.72500000000002,0.19999999999999996,0.51,0.6,0.8,4-5-1;4-6-1;4-5-2;4-2-1;4-5-6;4-6-2;4-1-2;4-1-6;4-3-1;4-1-5;4-5-3;4-6-5;4-2-6;4-2-5;4-1-3;4-3-2;4-6-3;4-2-3;4-3-6;4-3-5,4-5-1;4-6-1;4-5-2;4-2-1,4-5-1;4-6-1;4-5-2;4-2-1;4-5-6;4-6-2,4-5-1;4-6-1;4-5-2;4-2-1;4-5-6;4-6-2;4-1-2;4-1-6,-0.5,BREAK,70.46000000000001,1,54.39633333333334,0.35600000000000004,0.6006,1
2-1-5,0.42000000000000004,2026-06-01,0.51785,0.619,0.562,0,-0.971,0.2572,0,0,0,0,0.5876,2000,400,600,800,差し,0,0.4019,38.029,3850,fit,202606012310,0.76,0,0,0,0,39.83900000000001,52.51600000000001,49.68525000000001,46.46170000000001,44.73150000000001,48.79400000000001,0.4,0.5800000000000001,0.4,0.7,4-5-2;4-5-1;4-6-2;4-6-1;4-2-1;4-1-2;4-5-6;4-2-6;4-2-5;4-1-6;4-6-5;4-3-2;4-1-5;4-3-1;4-5-3;4-2-3;4-6-3;4-3-6;4-1-3;4-3-5,4-5-2;4-5-1;4-6-2;4-6-1,4-5-2;4-5-1;4-6-2;4-6-1;4-2-1;4-1-2,4-5-2;4-5-1;4-6-2;4-6-1;4-2-1;4-1-2;4-5-6;4-2-6,-0.5,BREAK,52.51600000000001,0,54.39633333333334,0.182,0.6157,2
3-4-1,0.928,2026-06-01,0.7874,0.758,0.27066666666666667,0,0.047,0.5116,0,0,0,0,0.6596,2000,400,600,800,抜き,0,0.8912500000000001,87.98200000000001,8680,fit,202606012402,0.244,0,0,0,0,91.65700000000001,80.109,81.86200000000001,81.5342,84.627,84.00700000000002,0.6,0.86,0.20000000000000007,0.6000000000000001,4-5-1;4-5-2;4-6-1;4-5-6;4-6-2;4-2-1;4-6-5;4-5-3;4-1-2;4-1-5;4-2-5;4-1-6;4-3-1;4-2-6;4-3-2;4-3-5;4-6-3;4-1-3;4-3-6;4-2-3,4-5-1;4-5-2;4-6-1;4-5-6,4-5-1;4-5-2;4-6-1;4-5-6;4-6-2;4-2-1,4-5-1;4-5-2;4-6-1;4-5-6;4-6-2;4-2-1;4-6-5;4-5-3,-0.5,BREAK,80.109,1,54.39633333333334,0.41200000000000003,0.6468,3
1-4-3,0.49400000000000005,2026-06-01,0.6268,0.659,0.6966666666666668,0,0.047,0.5116,0,0,0,0,0.6907,2000,400,600,800,逃げ,0,0.48525000000000007,48.532000000000004,580,fit,202606012406,0.36,0,0,0,0,49.407000000000004,64.05499999999999,60.737,57.7184,56.047,56.832000000000015,0.6,0.74,0.4,0.7,4-5-1;4-6-1;4-2-1;4-5-2;4-1-2;4-1-6;4-6-2;4-3-1;4-5-6;4-1-5;4-1-3;4-2-6;4-6-5;4-5-3;4-6-3;4-2-5;4-3-2;4-3-6;4-2-3;4-3-5,4-5-1;4-6-1;4-2-1;4-5-2,4-5-1;4-6-1;4-2-1;4-5-2;4-1-2;4-1-6,4-5-1;4-6-1;4-2-1;4-5-2;4-1-2;4-1-6;4-6-2;4-3-1,0,BREAK,64.05499999999999,1,54.39633333333334,0.17600000000000002,0.7596,1
3-2-5,0.654,2026-06-02,0.6003,0.5309999999999999,0.3586666666666667,0,-1.825,0.0438,0,0,0,0,0.5617999999999999,2000,400,600,800,まくり差し,0,0.646,62.73500000000001,13150,fit,202606020103,0.196,0,0,0,0,63.535000000000004,61.09300000000001,61.70249999999999,59.89559999999999,60.849999999999994,58.0,-0.19999999999999996,0.52,0.6000000000000001,0.8,4-5-1;4-5-2;4-5-6;4-6-1;4-6-2;4-6-5;4-5-3;4-2-5;4-2-1;4-2-6;4-6-3;4-1-5;4-1-6;4-3-5;4-1-2;4-3-1;4-3-6;4-3-2;4-2-3;4-1-3,4-5-1;4-5-2;4-5-6;4-6-1,4-5-1;4-5-2;4-5-6;4-6-1;4-6-2;4-6-5,4-5-1;4-5-2;4-5-6;4-6-1;4-6-2;4-6-5;4-5-3;4-2-5,0,BREAK,61.09300000000001,1,54.39633333333334,0.5920000000000001,0.5466,3
3-5-4,0.514,2026-06-02,0.49385,0.49,0.41733333333333333,0,-1.015,0.2462,0,0,0,0,0.4901,2000,400,600,800,まくり,0,0.518,50.745000000000005,33460,fit,202606020110,0.5119999999999999,0,0,0,0,50.345,31.854000000000006,37.251250000000006,49.21469999999999,49.3375,49.265,-0.4,0.2700000000000001,-1.0,0.0,4-5-1;4-5-2;4-6-1;4-5-6;4-6-2;4-6-5;4-2-1;4-2-6;4-5-3;4-1-6;4-1-2;4-6-3;4-2-5;4-1-5;4-3-1;4-3-6;4-3-2;4-3-5;4-2-3;4-1-3,4-5-1;4-5-2;4-6-1;4-5-6,4-5-1;4-5-2;4-6-1;4-5-6;4-6-2;4-6-5,4-5-1;4-5-2;4-6-1;4-5-6;4-6-2;4-6-5;4-2-1;4-2-6,0,BREAK,31.854000000000006,0,54.39633333333334,0.534,0.4737,3
1-2-3,0.752,2026-06-02,0.6726,0.6599999999999999,0.2753333333333333,0,0.523,0.6306,0,0,0,0,0.6131,2000,400,600,800,逃げ,0,0.75,75.48299999999999,770,fit,202606020112,0.36,0,0,0,0,75.68299999999999,74.431,74.27799999999999,70.24519999999998,71.71299999999998,71.54299999999999,0.4,0.67,0.8,0.9,4-5-1;4-5-2;4-6-1;4-5-6;4-2-1;4-6-2;4-5-3;4-3-1;4-1-2;4-1-5;4-6-5;4-1-6;4-3-2;4-2-5;4-1-3;4-2-6;4-6-3;4-3-5;4-2-3;4-3-6,4-5-1;4-5-2;4-6-1;4-5-6,4-5-1;4-5-2;4-6-1;4-5-6;4-2-1;4-6-2,4-5-1;4-5-2;4-6-1;4-5-6;4-2-1;4-6-2;4-5-3;4-3-1,0,BREAK,74.431,1,54.39633333333334,0.43200000000000005,0.5932,1
3-4-1,0.506,2026-06-02,0.542,0.5349999999999999,0.6933333333333334,0,1.502,0.8755,0,0,0,0,0.5374,2000,400,600,800,まくり,0,0.51535,51.847,3760,fit,202606020504,0.396,0,0,0,0,50.912000000000006,54.76000000000001,53.50200000000001,52.6828,52.71200000000001,52.217000000000006,0.4,0.67,-0.20000000000000007,0.39999999999999997,4-5-1;4-5-2;4-2-1;4-6-1;4-1-2;4-6-2;4-5-6;4-3-1;4-5-3;4-1-5;4-2-5;4-3-2;4-1-6;4-2-6;4-6-5;4-1-3;4-2-3;4-3-5;4-6-3;4-3-6,4-5-1;4-5-2;4-2-1;4-6-1,4-5-1;4-5-2;4-2-1;4-6-1;4-1-2;4-6-2,4-5-1;4-5-2;4-2-1;4-6-1;4-1-2;4-6-2;4-5-6;4-3-1,-0.5,BREAK,54.76000000000001,1,54.39633333333334,0.43600000000000005,0.578,3
1-6-3,0.5553333333333333,2026-06-02,0.5028666666666666,0.47766666666666663,0.624,0,-1.332,0.1669,0,0,0,0,0.4395999999999999,2000,400,600,800,逃げ,0,0.56725,54.203,7610,fit,202606020906,0.456,0,0,0,0,53.01133333333333,39.324666666666666,43.163,48.891200000000005,50.38799999999999,49.51633333333334,-0.6000000000000001,0.32,-0.4,0.3,4-5-1;4-6-1;4-5-2;4-6-2;4-2-1;4-5-6;4-1-2;4-1-6;4-3-1;4-6-5;4-2-6;4-1-5;4-5-3;4-6-3;4-2-5;4-1-3;4-3-2;4-3-6;4-2-3;4-3-5,4-5-1;4-6-1;4-5-2;4-6-2,4-5-1;4-6-1;4-5-2;4-6-2;4-2-1;4-5-6,4-5-1;4-6-1;4-5-2;4-6-2;4-2-1;4-5-6;4-1-2;4-1-6,-0.5,BREAK,39.324666666666666,0,54.39633333333334,0.6000000000000001,0.4503999999999999,1
4-5-1,0.9566666666666667,2026-06-02,0.8015833333333333,0.7613333333333333,0.4246666666666667,1,1.415,0.8536,1,1,1,1,0.6364,2000,400,600,800,差し,0,0.92925,94.3,2450,fit,202606020909,0.20399999999999996,2450,2450,2450,2450,97.04166666666667,82.51333333333334,85.38125000000001,85.34330000000001,89.2875,88.25166666666667,0.4,0.76,0.4,0.7,4-5-1;4-6-1;4-5-2;4-5-6;4-6-2;4-6-5;4-2-1;4-1-6;4-1-5;4-1-2;4-2-6;4-5-3;4-2-5;4-3-1;4-6-3;4-3-6;4-1-3;4-3-5;4-3-2;4-2-3,4-5-1;4-6-1;4-5-2;4-5-6,4-5-1;4-6-1;4-5-2;4-5-6;4-6-2;4-6-5,4-5-1;4-6-1;4-5-2;4-5-6;4-6-2;4-6-5;4-2-1;4-1-6,0,BREAK,82.51333333333334,1,54.39633333333334,0.434,0.6465000000000001,4
4-5-6,0.49733333333333335,2026-06-02,0.43991666666666673,0.4696666666666667,0.4946666666666667,1,0.293,0.5732,1,0,1,1,0.40049999999999986,2000,400,600,800,まくり,1,0.50725,49.827999999999996,31510,fit,202606020910,0.728,31510,0,31510,31510,48.836333333333336,46.38666666666667,47.09425,44.9835,45.965500000000006,47.59133333333333,-0.4,0.33,0.4,0.7,4-5-1;4-6-1;4-5-2;4-2-1;4-6-2;4-5-6;4-1-2;4-1-6;4-3-1;4-1-5;4-2-6;4-6-5;4-5-3;4-1-3;4-6-3;4-2-5;4-3-2;4-3-6;4-2-3;4-3-5,4-5-1;4-6-1;4-5-2;4-2-1,4-5-1;4-6-1;4-5-2;4-2-1;4-6-2;4-5-6,4-5-1;4-6-1;4-5-2;4-2-1;4-6-2;4-5-6;4-1-2;4-1-6,-0.5,BREAK,46.38666666666667,0,54.39633333333334,0.558,0.38250000000000006,4
6-1-4,0.45933333333333337,2026-06-02,0.4914666666666666,0.4116666666666666,0.7773333333333333,0,0.687,0.6717,0,0,0,0,0.4795999999999999,2000,400,600,800,まくり,0,0.45925000000000005,45.422000000000004,91070,fit,202606020912,0.18,0,0,0,0,45.43033333333334,48.58766666666667,48.157000000000004,46.8402,47.037,43.28533333333334,-0.4,0.45,0.20000000000000007,0.6000000000000001,4-5-1;4-6-1;4-5-2;4-2-1;4-1-2;4-6-2;4-1-5;4-5-6;4-3-1;4-1-6;4-5-3;4-2-5;4-6-5;4-1-3;4-2-6;4-3-2;4-2-3;4-6-3;4-3-5;4-3-6,4-5-1;4-6-1;4-5-2;4-2-1,4-5-1;4-6-1;4-5-2;4-2-1;4-1-2;4-6-2,4-5-1;4-6-1;4-5-2;4-2-1;4-1-2;4-6-2;4-1-5;4-5-6,-0.5,BREAK,48.58766666666667,0,54.39633333333334,0.6360000000000001,0.5235999999999998,6
4-5-2,0.59,2026-06-02,0.6456,0.6890000000000001,0.334,1,0.047,0.5116,1,1,1,1,0.6953,2000,400,600,800,まくり,1,0.58545,58.552,2740,fit,202606021007,0.45999999999999996,2740,2740,2740,2740,59.007,66.71899999999998,65.54699999999998,62.9916,61.786999999999985,63.462,0.20000000000000007,0.54,1.0,1.0,4-5-2;4-5-1;4-6-2;4-6-1;4-2-1;4-5-6;4-1-2;4-2-6;4-2-5;4-6-5;4-5-3;4-1-6;4-1-5;4-3-2;4-3-1;4-2-3;4-6-3;4-3-6;4-3-5;4-1-3,4-5-2;4-5-1;4-6-2;4-6-1,4-5-2;4-5-1;4-6-2;4-6-1;4-2-1;4-5-6,4-5-2;4-5-1;4-6-2;4-6-1;4-2-1;4-5-6;4-1-2;4-2-6,0,BREAK,66.71899999999998,1,54.39633333333334,0.212,0.7012,4
1-4-3,0.086,2026-06-02,0.26675,0.286,0.562,0,0.047,0.5116,0,0,0,0,0.4458,2000,400,600,800,逃げ,0,0.09945,12.992,2440,fit,202606021012,0.624,0,0,0,0,11.647,19.750000000000004,19.75575,24.9851,20.6845,20.647,-1.0,0.030000000000000027,-0.19999999999999996,0.4,4-5-1;4-5-2;4-6-1;4-5-6;4-2-1;4-6-2;4-1-2;4-6-5;4-1-5;4-5-3;4-1-6;4-2-5;4-3-1;4-2-6;4-3-2;4-6-3;4-1-3;4-3-5;4-2-3;4-3-6,4-5-1;4-5-2;4-6-1;4-5-6,4-5-1;4-5-2;4-6-1;4-5-6;4-2-1;4-6-2,4-5-1;4-5-2;4-6-1;4-5-6;4-2-1;4-6-2;4-1-2;4-6-5,0.5,BREAK,19.750000000000004,0,54.39633333333334,0.514,0.4475,1
3-1-2,0.661,2026-06-02,0.503225,0.46,0.623,0,-0.856,0.2859,0,0,0,0,0.3508,2000,400,600,800,まくり差し,0,0.63915,61.869,5200,fit,202606021203,0.494,0,0,0,0,64.05400000000002,58.60650000000001,58.27462499999999,52.49635000000001,56.16525000000001,55.009000000000015,0.19999999999999996,0.6900000000000001,0.0,0.5,4-5-2;4-5-1;4-6-2;4-2-1;4-6-1;4-5-6;4-1-2;4-5-3;4-2-6;4-3-2;4-2-5;4-6-5;4-2-3;4-3-1;4-6-3;4-1-6;4-1-5;4-3-6;4-3-5;4-1-3,4-5-2;4-5-1;4-6-2;4-2-1,4-5-2;4-5-1;4-6-2;4-2-1;4-6-1;4-5-6,4-5-2;4-5-1;4-6-2;4-2-1;4-6-1;4-5-6;4-1-2;4-5-3,-0.5,BREAK,58.60650000000001,1,54.39633333333334,0.741,0.34545000000000003,3
1-4-5,0.644,2026-06-02,0.647875,0.6715,0.30000000000000004,0,-1.19,0.2025,0,0,0,0,0.65865,2000,400,600,800,逃げ,0,0.6261500000000001,61.38500000000001,3790,fit,202606021207,0.436,0,0,0,0,63.17000000000001,67.59949999999999,65.62687499999998,63.608550000000015,63.36375,64.4075,0.8,0.87,0.0,0.5,4-5-1;4-5-2;4-5-3;4-5-6;4-1-5;4-6-1;4-2-1;4-2-5;4-6-5;4-1-2;4-6-2;4-3-1;4-3-5;4-3-2;4-1-3;4-1-6;4-2-3;4-2-6;4-6-3;4-3-6,4-5-1;4-5-2;4-5-3;4-5-6,4-5-1;4-5-2;4-5-3;4-5-6;4-1-5;4-6-1,4-5-1;4-5-2;4-5-3;4-5-6;4-1-5;4-6-1;4-2-1;4-2-5,0,BREAK,67.59949999999999,1,54.39633333333334,0.301,0.65175,1
2-1-3,0.752,2026-06-02,0.667575,0.7045,0.345,0,1.847,0.9617,0,0,0,0,0.5933999999999999,2000,400,600,800,差し,0,0.73615,75.42199999999998,3340,fit,202606021209,0.554,0,0,0,0,77.00699999999999,66.37449999999998,68.67637499999998,70.98504999999999,72.78575,74.8695,0.20000000000000007,0.63,0.0,0.5,4-5-1;4-5-2;4-2-1;4-1-2;4-6-1;4-6-2;4-5-6;4-1-5;4-2-5;4-3-1;4-5-3;4-1-6;4-2-6;4-6-5;4-3-2;4-1-3;4-2-3;4-3-5;4-6-3;4-3-6,4-5-1;4-5-2;4-2-1;4-1-2,4-5-1;4-5-2;4-2-1;4-1-2;4-6-1;4-6-2,4-5-1;4-5-2;4-2-1;4-1-2;4-6-1;4-6-2;4-5-6;4-1-5,0,BREAK,66.37449999999998,1,54.39633333333334,0.34299999999999997,0.5831500000000001,2
1-3-4,0.5640000000000001,2026-06-02,0.597225,0.6415000000000001,0.377,0,-1.513,0.1218,0,0,0,0,0.6287,2000,400,600,800,逃げ,0,0.5640499999999999,54.852,1350,fit,202606021306,0.534,0,0,0,0,54.84700000000001,64.0235,60.837625,57.26715000000001,56.508250000000004,58.334500000000006,0.8,0.8700000000000001,0.0,0.5,4-5-1;4-6-1;4-5-2;4-2-1;4-1-2;4-6-2;4-5-6;4-1-6;4-3-1;4-1-5;4-2-6;4-2-5;4-5-3;4-6-5;4-1-3;4-3-2;4-2-3;4-6-3;4-3-6;4-3-5,4-5-1;4-6-1;4-5-2;4-2-1,4-5-1;4-6-1;4-5-2;4-2-1;4-1-2;4-6-2,4-5-1;4-6-1;4-5-2;4-2-1;4-1-2;4-6-2;4-5-6;4-1-6,0,BREAK,64.0235,1,54.39633333333334,0.28099999999999997,0.63045,1
1-3-4,0.4846666666666667,2026-06-02,0.5671333333333334,0.5503333333333333,0.32,0,1.19,0.7975,0,0,0,0,0.6544,2000,400,600,800,逃げ,0,0.48924999999999996,50.074999999999996,1450,fit,202606021908,0.288,0,0,0,0,49.61666666666667,49.42333333333334,51.31499999999999,55.8248,53.74,52.571666666666665,-0.6000000000000001,0.22999999999999998,0.6000000000000001,0.8,4-5-1;4-5-2;4-6-1;4-2-1;4-5-6;4-1-2;4-1-5;4-6-2;4-5-3;4-3-1;4-6-5;4-1-6;4-2-5;4-2-6;4-1-3;4-3-2;4-3-5;4-6-3;4-2-3;4-3-6,4-5-1;4-5-2;4-6-1;4-2-1,4-5-1;4-5-2;4-6-1;4-2-1;4-5-6;4-1-2,4-5-1;4-5-2;4-6-1;4-2-1;4-5-6;4-1-2;4-1-5;4-6-2,0,BREAK,49.42333333333334,0,54.39633333333334,0.384,0.6496,1
3-1-2,0.323,2026-06-02,0.4961,0.5255000000000001,0.77,0,-0.813,0.2969,0,0,0,0,0.6029,2000,400,600,800,抜き,0,0.33055,32.202,12680,fit,202606022009,0.44,0,0,0,0,31.447000000000006,38.593,39.2695,42.7978,40.102,40.55950000000001,-0.6,0.14,0.6,0.8,4-5-1;4-6-1;4-2-1;4-5-2;4-6-2;4-1-6;4-5-6;4-1-2;4-3-1;4-1-5;4-1-3;4-6-5;4-2-6;4-5-3;4-6-3;4-3-6;4-3-2;4-2-5;4-2-3;4-3-5,4-5-1;4-6-1;4-2-1;4-5-2,4-5-1;4-6-1;4-2-1;4-5-2;4-6-2;4-1-6,4-5-1;4-6-1;4-2-1;4-5-2;4-6-2;4-1-6;4-5-6;4-1-2,0,BREAK,38.593,0,54.39633333333334,0.27199999999999996,0.6692,3
2-1-4,0.30200000000000005,2026-06-02,0.35600000000000004,0.377,0.45,0,0.813,0.7031,0,0,0,0,0.43069999999999997,2000,400,600,800,差し,0,0.31955,31.578,1020,fit,202606022010,0.6679999999999999,0,0,0,0,29.823,31.119000000000003,32.30300000000001,34.2744,32.52300000000001,33.19800000000001,-1.0,0.06000000000000005,0.4,0.7,4-5-1;4-5-2;4-6-1;4-2-1;4-1-2;4-6-2;4-5-6;4-1-6;4-1-5;4-2-6;4-2-5;4-3-1;4-6-5;4-5-3;4-3-2;4-1-3;4-2-3;4-6-3;4-3-6;4-3-5,4-5-1;4-5-2;4-6-1;4-2-1,4-5-1;4-5-2;4-6-1;4-2-1;4-1-2;4-6-2,4-5-1;4-5-2;4-6-1;4-2-1;4-1-2;4-6-2;4-5-6;4-1-6,-0.5,BREAK,31.119000000000003,0,54.39633333333334,0.548,0.41000000000000003,2
1-3-5,0.7913333333333334,2026-06-02,0.7617166666666667,0.7186666666666667,0.3406666666666667,0,-1.677,0.0807,0,0,0,0,0.7218,2000,400,600,800,逃げ,0,0.7579,72.923,6260,fit,202606022307,0.108,0,0,0,0,76.26633333333334,74.84466666666667,75.02925,73.8481,74.78550000000001,72.99633333333334,0.4,0.76,0.6000000000000001,0.8,4-5-1;4-5-2;4-6-1;4-5-6;4-2-1;4-5-3;4-6-2;4-6-5;4-1-5;4-1-2;4-2-5;4-1-6;4-3-1;4-2-6;4-3-5;4-6-3;4-1-3;4-3-2;4-3-6;4-2-3,4-5-1;4-5-2;4-6-1;4-5-6,4-5-1;4-5-2;4-6-1;4-5-6;4-2-1;4-5-3,4-5-1;4-5-2;4-6-1;4-5-6;4-2-1;4-5-3;4-6-2;4-6-5,-0.5,BREAK,74.84466666666667,1,54.39633333333334,0.35400000000000004,0.7321,1
2-1-3,0.268,2026-06-02,0.3882,0.45399999999999996,0.7486666666666667,0,-1.787,0.0534,0,0,0,0,0.4689,2000,400,600,800,差し,0,0.25789999999999996,23.962999999999997,1420,fit,202606022309,0.736,0,0,0,0,24.973000000000003,36.001000000000005,33.198,32.998799999999996,30.983000000000004,33.343,0.4,0.5800000000000001,-0.6000000000000001,0.19999999999999996,4-5-1;4-5-2;4-2-1;4-6-1;4-1-2;4-6-2;4-5-6;4-3-1;4-5-3;4-1-5;4-2-5;4-3-2;4-1-6;4-1-3;4-6-5;4-2-6;4-2-3;4-3-5;4-6-3;4-3-6,4-5-1;4-5-2;4-2-1;4-6-1,4-5-1;4-5-2;4-2-1;4-6-1;4-1-2;4-6-2,4-5-1;4-5-2;4-2-1;4-6-1;4-1-2;4-6-2;4-5-6;4-3-1,0,BREAK,36.001000000000005,0,54.39633333333334,0.36000000000000004,0.5084,2
,0.5,2026-06-02,0.5,0.5,0.5,0,-1.863,0.0342,0,0,0,0,0.5,2000,400,600,800,,0,0.49025,47.122,0,fit,202606022405,0.5,0,0,0,0,48.097,48.096999999999994,48.097,48.097,48.097,48.097,0.0,0.5,0.0,0.5,4-5-1;4-5-2;4-5-6;4-6-1;4-5-3;4-6-5;4-6-2;4-1-5;4-2-1;4-2-5;4-3-1;4-1-2;4-1-6;4-3-5;4-2-6;4-6-3;4-3-2;4-1-3;4-3-6;4-2-3,4-5-1;4-5-2;4-5-6;4-6-1,4-5-1;4-5-2;4-5-6;4-6-1;4-5-3;4-6-5,4-5-1;4-5-2;4-5-6;4-6-1;4-5-3;4-6-5;4-6-2;4-1-5,0,BREAK,48.096999999999994,0,54.39633333333334,0.5,0.5,0
2-4-5,0.332,2026-06-03,0.4759,0.59,0.514,0,-0.999,0.2503,0,0,0,0,0.5981,2000,400,600,800,差し,0,0.34735,32.546,1990,fit,202606030503,0.804,0,0,0,0,31.011,41.505,40.2885,41.1822,38.206,42.621,-0.20000000000000007,0.33999999999999997,0.4,0.7,4-5-2;4-5-1;4-5-6;4-2-1;4-2-5;4-6-2;4-1-2;4-6-1;4-1-5;4-6-5;4-5-3;4-2-6;4-3-2;4-1-6;4-3-1;4-3-5;4-2-3;4-1-3;4-6-3;4-3-6,4-5-2;4-5-1;4-5-6;4-2-1,4-5-2;4-5-1;4-5-6;4-2-1;4-2-5;4-6-2,4-5-2;4-5-1;4-5-6;4-2-1;4-2-5;4-6-2;4-1-2;4-6-1,-0.5,BREAK,41.505,0,54.39633333333334,0.15200000000000002,0.6198,2
,0.5,2026-06-03,0.5,0.5,0.5,0,0.829,0.7073,0,0,0,0,0.5,2000,400,600,800,,0,0.48845000000000005,49.63400000000001,0,fit,202606031007,0.5,0,0,0,0,50.789,50.788999999999994,50.789,50.789,50.789,50.789,0.0,0.5,0.0,0.5,4-5-2;4-5-1;4-2-1;4-6-2;4-6-1;4-5-6;4-1-2;4-2-5;4-5-3;4-2-6;4-6-5;4-1-5;4-3-2;4-3-1;4-1-6;4-2-3;4-3-5;4-6-3;4-1-3;4-3-6,4-5-2;4-5-1;4-2-1;4-6-2,4-5-2;4-5-1;4-2-1;4-6-2;4-6-1;4-5-6,4-5-2;4-5-1;4-2-1;4-6-2;4-6-1;4-5-6;4-1-2;4-2-5,0,BREAK,50.788999999999994,0,54.39633333333334,0.5,0.5,0
2-1-5,0.30266666666666664,2026-06-03,0.5065333333333333,0.4673333333333333,0.5753333333333334,0,0.703,0.6758,0,0,0,0,0.6680999999999999,2000,400,600,800,差し,0,0.3091,31.573,5120,fit,202606031101,0.144,0,0,0,0,30.929666666666666,47.428333333333335,44.033,45.08519999999999,41.123,38.339666666666666,0.20000000000000007,0.63,-0.20000000000000007,0.39999999999999997,4-5-1;4-5-2;4-5-6;4-6-1;4-5-3;4-2-1;4-2-5;4-1-5;4-6-2;4-6-5;4-1-2;4-3-1;4-3-5;4-2-6;4-1-6;4-3-2;4-2-3;4-1-3;4-6-3;4-3-6,4-5-1;4-5-2;4-5-6;4-6-1,4-5-1;4-5-2;4-5-6;4-6-1;4-5-3;4-2-1,4-5-1;4-5-2;4-5-6;4-6-1;4-5-3;4-2-1;4-2-5;4-1-5,0,BREAK,47.428333333333335,0,54.39633333333334,0.368,0.7104,2
2-4-3,0.5186666666666667,2026-06-03,0.42138333333333333,0.47633333333333333,0.32133333333333336,0,-0.873,0.2818,0,0,0,0,0.37649999999999983,2000,400,600,800,まくり,0,0.5071,49.797000000000004,1840,fit,202606031103,0.8800000000000001,0,0,0,0,50.95366666666668,48.19733333333334,47.468250000000005,44.9075,46.08950000000001,49.048666666666676,0.19999999999999996,0.63,-0.4,0.3,4-5-1;4-5-2;4-6-1;4-2-1;4-6-2;4-1-2;4-5-6;4-3-1;4-5-3;4-1-6;4-1-5;4-2-6;4-2-5;4-6-5;4-3-2;4-1-3;4-2-3;4-6-3;4-3-6;4-3-5,4-5-1;4-5-2;4-6-1;4-2-1,4-5-1;4-5-2;4-6-1;4-2-1;4-6-2;4-1-2,4-5-1;4-5-2;4-6-1;4-2-1;4-6-2;4-1-2;4-5-6;4-3-1,0,BREAK,48.19733333333334,0,54.39633333333334,0.5660000000000001,0.32409999999999994,2
1-2-3,0.541,2026-06-03,0.518275,0.439,0.687,0,-1.486,0.1286,0,0,0,0,0.46929999999999994,2000,400,600,800,逃げ,0,0.5271499999999999,50.038999999999994,2680,fit,202606031203,0.21,0,0,0,0,51.42400000000001,53.95750000000001,52.620875000000005,49.16485,50.28775,46.83400000000001,0.19999999999999996,0.66,0.0,0.5,4-5-1;4-6-1;4-5-2;4-5-6;4-2-1;4-1-5;4-1-6;4-3-1;4-1-2;4-6-5;4-6-2;4-5-3;4-1-3;4-2-5;4-2-6;4-6-3;4-3-5;4-3-6;4-3-2;4-2-3,4-5-1;4-6-1;4-5-2;4-5-6,4-5-1;4-6-1;4-5-2;4-5-6;4-2-1;4-1-5,4-5-1;4-6-1;4-5-2;4-5-6;4-2-1;4-1-5;4-1-6;4-3-1,-0.5,BREAK,53.95750000000001,0,54.39633333333334,0.663,0.49554999999999993,1
1-2-5,0.6030000000000001,2026-06-03,0.6258750000000001,0.632,0.6990000000000001,0,-0.955,0.2613,0,0,0,0,0.5965,2000,400,600,800,逃げ,0,0.60115,57.97,2300,fit,202606031209,0.37399999999999994,0,0,0,0,58.155000000000015,56.776500000000006,57.32187500000001,58.698250000000016,59.29875000000001,59.46,0.4,0.61,0.0,0.5,4-5-1;4-5-2;4-2-1;4-6-1;4-1-2;4-3-1;4-1-5;4-5-6;4-6-2;4-5-3;4-2-5;4-1-6;4-1-3;4-3-2;4-6-5;4-2-6;4-2-3;4-3-5;4-6-3;4-3-6,4-5-1;4-5-2;4-2-1;4-6-1,4-5-1;4-5-2;4-2-1;4-6-1;4-1-2;4-3-1,4-5-1;4-5-2;4-2-1;4-6-1;4-1-2;4-3-1;4-1-5;4-5-6,-0.5,BREAK,56.776500000000006,1,54.39633333333334,0.339,0.64875,1
1-2-6,0.42,2026-06-03,0.525525,0.5215000000000001,0.575,0,0.2,0.5499,0,0,0,0,0.6002000000000001,2000,400,600,800,逃げ,0,0.44005,43.01500000000001,19930,fit,202606031307,0.354,0,0,0,0,41.010000000000005,41.840500000000006,43.04812500000001,48.14015000000001,46.28625,45.577500000000015,-0.4,0.32999999999999996,0.0,0.5,4-5-1;4-5-2;4-5-6;4-5-3;4-6-1;4-3-1;4-1-5;4-6-5;4-2-1;4-6-2;4-3-5;4-1-2;4-2-5;4-1-6;4-1-3;4-6-3;4-3-2;4-3-6;4-2-6;4-2-3,4-5-1;4-5-2;4-5-6;4-5-3,4-5-1;4-5-2;4-5-6;4-5-3;4-6-1;4-3-1,4-5-1;4-5-2;4-5-6;4-5-3;4-6-1;4-3-1;4-1-5;4-6-5,-0.5,BREAK,41.840500000000006,0,54.39633333333334,0.37699999999999995,0.6310500000000001,1
1-6-2,0.6313333333333334,2026-06-03,0.6174666666666667,0.6076666666666667,0.5506666666666666,0,0.047,0.5116,0,0,0,0,0.5806,2000,400,600,800,逃げ,0,0.6162500000000001,61.632000000000005,5560,fit,202606032109,0.36,0,0,0,0,63.14033333333334,60.67366666666667,61.597,61.6082,62.447,62.07533333333335,-0.20000000000000007,0.52,0.4,0.7,4-5-1;4-6-1;4-5-2;4-5-6;4-2-1;4-6-2;4-1-6;4-1-5;4-6-5;4-1-2;4-3-1;4-5-3;4-2-6;4-2-5;4-1-3;4-6-3;4-3-6;4-3-5;4-3-2;4-2-3,4-5-1;4-6-1;4-5-2;4-5-6,4-5-1;4-6-1;4-5-2;4-5-6;4-2-1;4-6-2,4-5-1;4-6-1;4-5-2;4-5-6;4-2-1;4-6-2;4-1-6;4-1-5,0,BREAK,60.67366666666667,1,54.39633333333334,0.41600000000000004,0.6035999999999999,1
4-1-2,0.7480000000000001,2026-06-03,0.75895,0.7390000000000001,0.49800000000000005,1,-1.108,0.223,1,0,0,0,0.73,2000,400,600,800,差し,0,0.71525,70.377,3390,fit,202606032403,0.15599999999999997,3390,0,0,0,73.652,73.615,73.64575,73.58449999999999,74.1995,73.247,0.6000000000000001,0.77,0.4,0.7,4-5-1;4-6-1;4-5-2;4-5-6;4-6-2;4-2-1;4-3-1;4-1-6;4-5-3;4-6-5;4-1-2;4-1-5;4-6-3;4-2-6;4-1-3;4-3-6;4-3-2;4-2-5;4-3-5;4-2-3,4-5-1;4-6-1;4-5-2;4-5-6,4-5-1;4-6-1;4-5-2;4-5-6;4-6-2;4-2-1,4-5-1;4-6-1;4-5-2;4-5-6;4-6-2;4-2-1;4-3-1;4-1-6,0,BREAK,73.615,1,54.39633333333334,0.27,0.7699,4
2-1-3,0.9453333333333334,2026-06-03,0.7526166666666667,0.7536666666666667,0.35133333333333333,0,0.047,0.5116,0,0,0,0,0.5731999999999999,2000,400,600,800,差し,0,0.9112500000000001,94.17200000000001,8790,fit,202606032405,0.444,0,0,0,0,97.58033333333333,82.64866666666667,85.47575,83.6119,87.9445,88.95533333333334,0.19999999999999996,0.6900000000000001,0.6000000000000001,0.8,4-5-1;4-5-2;4-6-1;4-5-6;4-2-1;4-1-5;4-5-3;4-1-2;4-2-5;4-6-5;4-6-2;4-3-1;4-1-6;4-3-5;4-1-3;4-3-2;4-2-6;4-2-3;4-6-3;4-3-6,4-5-1;4-5-2;4-6-1;4-5-6,4-5-1;4-5-2;4-6-1;4-5-6;4-2-1;4-1-5,4-5-1;4-5-2;4-6-1;4-5-6;4-2-1;4-1-5;4-5-3;4-1-2,0.5,BREAK,82.64866666666667,1,54.39633333333334,0.43800000000000006,0.5599,2
6-1-2,0.4533333333333333,2026-06-04,0.4066666666666666,0.3646666666666666,0.8086666666666666,0,0.72,0.6799,0,0,0,0,0.33529999999999993,2000,400,600,800,まくり差し,0,0.47334999999999994,48.01499999999999,10700,fit,202606040501,0.484,0,0,0,0,46.01333333333333,42.14666666666666,43.38,42.0166,43.67999999999999,42.02333333333333,-0.4,0.27,0.19999999999999996,0.6,4-5-1;4-6-1;4-2-1;4-5-2;4-3-1;4-1-2;4-6-2;4-1-6;4-5-6;4-1-3;4-5-3;4-1-5;4-3-2;4-2-6;4-6-3;4-6-5;4-2-3;4-3-6;4-2-5;4-3-5,4-5-1;4-6-1;4-2-1;4-5-2,4-5-1;4-6-1;4-2-1;4-5-2;4-3-1;4-1-2,4-5-1;4-6-1;4-2-1;4-5-2;4-3-1;4-1-2;4-6-2;4-1-6,0,BREAK,42.14666666666666,0,54.39633333333334,0.7240000000000001,0.3599999999999999,6
4-2-6,0.5246666666666666,2026-06-04,0.6015333333333333,0.6183333333333333,0.32866666666666666,1,0.101,0.5253,1,0,1,1,0.6771,2000,400,600,800,まくり,1,0.53935,53.996,980,fit,202606040506,0.384,980,0,980,980,52.52766666666666,51.66233333333333,53.386,58.1872,56.370999999999995,56.742666666666665,-0.19999999999999996,0.34,0.4,0.7,4-6-2;4-5-2;4-6-1;4-5-1;4-5-6;4-2-6;4-2-1;4-6-5;4-1-2;4-1-6;4-6-3;4-2-5;4-3-2;4-5-3;4-3-6;4-3-1;4-2-3;4-1-5;4-1-3;4-3-5,4-6-2;4-5-2;4-6-1;4-5-1,4-6-2;4-5-2;4-6-1;4-5-1;4-5-6;4-2-6,4-6-2;4-5-2;4-6-1;4-5-1;4-5-6;4-2-6;4-2-1;4-6-5,0,BREAK,51.66233333333333,0,54.39633333333334,0.288,0.6784,4
1-4-2,0.528,2026-06-04,0.5009,0.454,0.2473333333333333,0,-1.765,0.0588,0,0,0,0,0.5163,2000,400,600,800,逃げ,0,0.53325,51.52,700,fit,202606040910,0.352,0,0,0,0,50.995000000000005,48.597,48.83750000000001,49.9246,49.64000000000001,47.665000000000006,-0.19999999999999996,0.55,-0.19999999999999996,0.4,4-5-1;4-5-2;4-6-1;4-2-1;4-5-6;4-1-2;4-1-5;4-5-3;4-6-2;4-3-1;4-2-5;4-6-5;4-1-6;4-1-3;4-3-2;4-2-6;4-3-5;4-2-3;4-6-3;4-3-6,4-5-1;4-5-2;4-6-1;4-2-1,4-5-1;4-5-2;4-6-1;4-2-1;4-5-6;4-1-2,4-5-1;4-5-2;4-6-1;4-2-1;4-5-6;4-1-2;4-1-5;4-5-3,0,BREAK,48.597,0,54.39633333333334,0.62,0.4738,1
1-4-2,0.7506666666666667,2026-06-04,0.5975333333333334,0.5373333333333334,0.23266666666666663,0,1.808,0.9521,0,0,0,0,0.4936999999999999,2000,400,600,800,逃げ,0,0.73725,78.533,690,fit,202606040912,0.332,0,0,0,0,79.87466666666668,60.41733333333333,64.673,69.62740000000001,72.218,70.27466666666668,-0.19999999999999996,0.52,-0.4,0.3,4-5-1;4-5-2;4-2-1;4-6-1;4-5-6;4-6-2;4-1-2;4-2-5;4-1-5;4-5-3;4-6-5;4-3-1;4-2-6;4-1-6;4-3-2;4-2-3;4-3-5;4-1-3;4-6-3;4-3-6,4-5-1;4-5-2;4-2-1;4-6-1,4-5-1;4-5-2;4-2-1;4-6-1;4-5-6;4-6-2,4-5-1;4-5-2;4-2-1;4-6-1;4-5-6;4-6-2;4-1-2;4-2-5,0.5,BREAK,60.41733333333333,1,54.39633333333334,0.6759999999999999,0.4444,1
6-4-2,0.512,2026-06-04,0.49615,0.521,0.14866666666666667,0,0.047,0.5116,0,0,0,0,0.5356,2000,400,600,800,差し,0,0.48545000000000005,48.552,42950,fit,202606041007,0.612,0,0,0,0,51.207,54.105999999999995,51.79075,51.2507,50.414500000000004,51.612,0.8,0.87,-0.8,0.09999999999999998,4-5-2;4-5-1;4-6-2;4-6-1;4-5-6;4-2-1;4-1-2;4-2-6;4-2-5;4-6-5;4-5-3;4-3-2;4-1-6;4-1-5;4-3-1;4-2-3;4-6-3;4-3-6;4-3-5;4-1-3,4-5-2;4-5-1;4-6-2;4-6-1,4-5-2;4-5-1;4-6-2;4-6-1;4-5-6;4-2-1,4-5-2;4-5-1;4-6-2;4-6-1;4-5-6;4-2-1;4-1-2;4-2-6,0,BREAK,54.105999999999995,0,54.39633333333334,0.47000000000000003,0.48029999999999995,6
1-5-4,0.472,2026-06-04,0.518475,0.5365,0.665,0,-0.977,0.2558,0,0,0,0,0.5302,2000,400,600,800,逃げ,0,0.49205000000000004,48.18800000000001,5990,fit,202606041306,0.502,0,0,0,0,46.183,40.24850000000001,43.124875,48.85765,48.506750000000004,49.08550000000001,-0.4,0.24,0.0,0.5,4-5-1;4-6-1;4-5-2;4-2-1;4-1-2;4-5-6;4-1-5;4-6-2;4-1-6;4-3-1;4-6-5;4-5-3;4-2-5;4-1-3;4-2-6;4-3-2;4-6-3;4-2-3;4-3-5;4-3-6,4-5-1;4-6-1;4-5-2;4-2-1,4-5-1;4-6-1;4-5-2;4-2-1;4-1-2;4-5-6,4-5-1;4-6-1;4-5-2;4-2-1;4-1-2;4-5-6;4-1-5;4-6-2,0,BREAK,40.24850000000001,0,54.39633333333334,0.399,0.56495,1
3-2-1,0.44066666666666665,2026-06-04,0.3943833333333333,0.3793333333333333,0.5606666666666668,0,0.501,0.6252,0,0,0,0,0.3619999999999999,2000,400,600,800,まくり,0,0.43324999999999997,43.785999999999994,11020,fit,202606041908,0.5960000000000001,0,0,0,0,44.52766666666666,47.00733333333334,46.64725000000001,41.4085,42.213499999999996,41.76766666666667,-0.6,0.26000000000000006,0.8,0.9,4-5-1;4-5-2;4-6-1;4-2-1;4-6-2;4-1-2;4-5-6;4-3-1;4-5-3;4-3-2;4-1-5;4-1-6;4-2-5;4-2-6;4-1-3;4-6-5;4-2-3;4-6-3;4-3-5;4-3-6,4-5-1;4-5-2;4-6-1;4-2-1,4-5-1;4-5-2;4-6-1;4-2-1;4-6-2;4-1-2,4-5-1;4-5-2;4-6-1;4-2-1;4-6-2;4-1-2;4-5-6;4-3-1,0,BREAK,47.00733333333334,0,54.39633333333334,0.682,0.34809999999999997,3
3-2-5,0.372,2026-06-04,0.3798,0.342,0.5800000000000001,0,1.239,0.8098,0,0,0,0,0.393,2000,400,600,800,まくり,0,0.37355,38.553999999999995,8320,fit,202606042002,0.472,0,0,0,0,38.399,32.891000000000005,34.873999999999995,39.09499999999999,38.789,37.049,-0.4,0.24,-0.4,0.3,4-5-1;4-5-2;4-5-3;4-5-6;4-2-1;4-6-1;4-1-5;4-2-5;4-1-2;4-6-2;4-3-1;4-6-5;4-3-5;4-3-2;4-1-3;4-1-6;4-2-3;4-2-6;4-6-3;4-3-6,4-5-1;4-5-2;4-5-3;4-5-6,4-5-1;4-5-2;4-5-3;4-5-6;4-2-1;4-6-1,4-5-1;4-5-2;4-5-3;4-5-6;4-2-1;4-6-1;4-1-5;4-2-5,0,BREAK,32.891000000000005,0,54.39633333333334,0.688,0.38760000000000006,3
4-3-6,0.12,2026-06-04,0.36295,0.34299999999999997,0.208,1,-1.83,0.0424,1,0,0,0,0.6340999999999999,2000,400,600,800,差し,0,0.13155,11.285,38660,fit,202606042004,0.31999999999999995,38660,0,0,0,10.13,26.589,23.903750000000002,28.728700000000003,22.277500000000003,20.165,-0.20000000000000007,0.37,-0.4,0.3,4-5-1;4-5-2;4-5-3;4-5-6;4-1-5;4-6-1;4-2-1;4-3-1;4-2-5;4-6-5;4-1-2;4-3-5;4-6-2;4-1-3;4-1-6;4-3-2;4-2-3;4-6-3;4-2-6;4-3-6,4-5-1;4-5-2;4-5-3;4-5-6,4-5-1;4-5-2;4-5-3;4-5-6;4-1-5;4-6-1,4-5-1;4-5-2;4-5-3;4-5-6;4-1-5;4-6-1;4-2-1;4-3-1,0,BREAK,26.589,0,54.39633333333334,0.43400000000000005,0.6059,4
1-3-6,1.0,2026-06-04,0.8359,0.796,0.5026666666666666,0,0.161,0.5404,0,0,0,0,0.6462,2000,400,600,800,逃げ,0,0.96425,96.546,3840,fit,202606042102,0.18,0,0,0,0,100.121,87.47900000000001,89.91850000000001,87.41439999999999,91.916,90.941,0.6,0.77,0.8,0.9,4-5-1;4-6-1;4-5-2;4-2-1;4-1-2;4-3-1;4-1-5;4-6-2;4-5-6;4-1-6;4-5-3;4-1-3;4-2-5;4-6-5;4-3-2;4-2-6;4-2-3;4-3-5;4-6-3;4-3-6,4-5-1;4-6-1;4-5-2;4-2-1,4-5-1;4-6-1;4-5-2;4-2-1;4-1-2;4-3-1,4-5-1;4-6-1;4-5-2;4-2-1;4-1-2;4-3-1;4-1-5;4-6-2,0,BREAK,87.47900000000001,1,54.39633333333334,0.40800000000000003,0.6718,1
3-1-4,0.54,2026-06-04,0.6541,0.652,0.3006666666666667,0,-1.447,0.1382,0,0,0,0,0.7579,2000,400,600,800,まくり差し,0,0.52925,51.437999999999995,10650,fit,202606042404,0.22399999999999998,0,0,0,0,52.513,60.15500000000001,58.8655,60.729800000000004,58.218,57.553000000000004,0.4,0.67,0.19999999999999996,0.6,4-5-1;4-6-1;4-5-6;4-5-2;4-6-5;4-6-2;4-1-6;4-5-3;4-1-5;4-2-1;4-2-6;4-3-1;4-6-3;4-1-2;4-2-5;4-3-6;4-3-5;4-1-3;4-3-2;4-2-3,4-5-1;4-6-1;4-5-6;4-5-2,4-5-1;4-6-1;4-5-6;4-5-2;4-6-5;4-6-2,4-5-1;4-6-1;4-5-6;4-5-2;4-6-5;4-6-2;4-1-6;4-5-3,0,BREAK,60.15500000000001,1,54.39633333333334,0.236,0.7682,3
3-5-1,0.4546666666666667,2026-06-04,0.5232833333333333,0.49633333333333335,0.464,0,-0.687,0.3283,0,0,0,0,0.5839,2000,400,600,800,抜き,0,0.45725,44.998000000000005,3960,fit,202606042405,0.308,0,0,0,0,44.73966666666667,52.14933333333334,50.84175000000001,49.6413,48.17050000000001,46.61466666666667,-0.20000000000000007,0.49000000000000005,0.4,0.7,4-5-1;4-5-2;4-5-6;4-5-3;4-6-1;4-6-5;4-1-5;4-2-5;4-2-1;4-6-2;4-3-5;4-3-1;4-1-2;4-1-6;4-3-2;4-2-6;4-6-3;4-1-3;4-2-3;4-3-6,4-5-1;4-5-2;4-5-6;4-5-3,4-5-1;4-5-2;4-5-6;4-5-3;4-6-1;4-6-5,4-5-1;4-5-2;4-5-6;4-5-3;4-6-1;4-6-5;4-1-5;4-2-5,0,BREAK,52.14933333333334,0,54.39633333333334,0.462,0.5919,3
1-5-2,0.6026666666666667,2026-06-05,0.5604833333333333,0.5503333333333333,0.13999999999999999,0,0.047,0.5116,0,0,0,0,0.5697,2000,400,600,800,逃げ,0,0.6,58.857,23000,fit,202606050103,0.44399999999999995,0,0,0,0,59.123666666666665,60.701333333333345,59.57575,57.1329,57.0145,56.768666666666675,0.6000000000000001,0.68,0.20000000000000007,0.6000000000000001,4-5-1;4-5-2;4-6-1;4-5-6;4-5-3;4-6-2;4-3-1;4-2-1;4-6-5;4-1-5;4-1-2;4-6-3;4-3-5;4-2-5;4-3-2;4-1-6;4-1-3;4-3-6;4-2-6;4-2-3,4-5-1;4-5-2;4-6-1;4-5-6,4-5-1;4-5-2;4-6-1;4-5-6;4-5-3;4-6-2,4-5-1;4-5-2;4-6-1;4-5-6;4-5-3;4-6-2;4-3-1;4-2-1,-0.5,BREAK,60.701333333333345,1,54.39633333333334,0.502,0.5183,1
2-1-4,0.5873333333333334,2026-06-05,0.48161666666666664,0.48266666666666663,0.19399999999999998,0,0.047,0.5116,0,0,0,0,0.4403999999999999,2000,400,600,800,差し,0,0.5820000000000001,57.05700000000001,1980,fit,202606050104,0.628,0,0,0,0,57.590333333333334,52.37466666666666,52.29075,51.1863,52.304500000000004,52.88033333333333,0.4,0.67,-0.4,0.3,4-5-2;4-5-1;4-6-2;4-2-1;4-6-1;4-5-6;4-1-2;4-2-5;4-5-3;4-2-6;4-3-2;4-6-5;4-1-5;4-3-1;4-2-3;4-1-6;4-6-3;4-3-5;4-1-3;4-3-6,4-5-2;4-5-1;4-6-2;4-2-1,4-5-2;4-5-1;4-6-2;4-2-1;4-6-1;4-5-6,4-5-2;4-5-1;4-6-2;4-2-1;4-6-1;4-5-6;4-1-2;4-2-5,-0.5,BREAK,52.37466666666666,0,54.39633333333334,0.6220000000000001,0.3758999999999999,2
1-4-3,0.5640000000000001,2026-06-05,0.60535,0.591,0.4373333333333333,0,0.047,0.5116,0,0,0,0,0.6343,2000,400,600,800,逃げ,0,0.5780000000000001,57.807,2720,fit,202606050111,0.29999999999999993,0,0,0,0,56.407000000000004,65.58599999999998,63.000750000000004,59.1941,58.474500000000006,57.622,0.6,0.74,0.4,0.7,4-5-1;4-6-1;4-5-2;4-5-6;4-2-1;4-6-2;4-1-6;4-1-2;4-3-1;4-1-5;4-6-5;4-5-3;4-2-6;4-1-3;4-6-3;4-2-5;4-3-6;4-3-2;4-3-5;4-2-3,4-5-1;4-6-1;4-5-2;4-5-6,4-5-1;4-6-1;4-5-2;4-5-6;4-2-1;4-6-2,4-5-1;4-6-1;4-5-2;4-5-6;4-2-1;4-6-2;4-1-6;4-1-2,0,BREAK,65.58599999999998,1,54.39633333333334,0.38200000000000006,0.6467,1
2-5-4,0.5,2026-06-05,0.5,0.5,0.5,0,0.408,0.6019,0,0,0,0,0.5,2000,400,600,800,抜き,0,0.5183,52.198,8040,fit,202606050305,0.5,0,0,0,0,50.368,50.367999999999995,50.368,50.368,50.368,50.368,0.0,0.5,0.0,0.5,4-5-2;4-5-1;4-6-2;4-2-1;4-6-1;4-5-6;4-1-2;4-2-5;4-5-3;4-2-6;4-3-2;4-6-5;4-3-1;4-1-5;4-2-3;4-1-6;4-6-3;4-3-5;4-1-3;4-3-6,4-5-2;4-5-1;4-6-2;4-2-1,4-5-2;4-5-1;4-6-2;4-2-1;4-6-1;4-5-6,4-5-2;4-5-1;4-6-2;4-2-1;4-6-1;4-5-6;4-1-2;4-2-5,0,BREAK,50.367999999999995,0,54.39633333333334,0.5,0.5,2
3-4-1,0.596,2026-06-05,0.66535,0.679,0.4053333333333333,0,1.103,0.7756,0,0,0,0,0.7135,2000,400,600,800,まくり差し,0,0.6300000000000001,62.91300000000001,26600,fit,202606050710,0.316,0,0,0,0,59.513,60.22800000000001,61.086749999999995,64.1785,62.98049999999999,63.248000000000005,0.19999999999999996,0.51,0.4,0.7,4-5-1;4-6-1;4-5-2;4-6-2;4-2-1;4-5-6;4-1-2;4-1-6;4-2-6;4-6-5;4-3-1;4-1-5;4-5-3;4-6-3;4-2-5;4-3-2;4-3-6;4-1-3;4-2-3;4-3-5,4-5-1;4-6-1;4-5-2;4-6-2,4-5-1;4-6-1;4-5-2;4-6-2;4-2-1;4-5-6,4-5-1;4-6-1;4-5-2;4-6-2;4-2-1;4-5-6;4-1-2;4-1-6,-0.5,BREAK,60.22800000000001,1,54.39633333333334,0.23800000000000002,0.7347,3
6-5-4,0.7546666666666667,2026-06-05,0.5656333333333334,0.5173333333333334,0.41733333333333333,0,1.94,0.985,0,0,0,0,0.4082,2000,400,600,800,まくり差し,0,0.7555000000000001,77.45,302410,fit,202606050806,0.444,0,0,0,0,77.36666666666666,52.90333333333334,58.82750000000001,64.07339999999999,67.91499999999999,66.68666666666667,-0.4,0.33,-0.20000000000000007,0.39999999999999997,4-5-1;4-6-1;4-5-2;4-2-1;4-3-1;4-6-2;4-1-2;4-5-6;4-5-3;4-1-6;4-1-3;4-3-2;4-6-3;4-2-6;4-1-5;4-2-3;4-3-6;4-6-5;4-2-5;4-3-5,4-5-1;4-6-1;4-5-2;4-2-1,4-5-1;4-6-1;4-5-2;4-2-1;4-3-1;4-6-2,4-5-1;4-6-1;4-5-2;4-2-1;4-3-1;4-6-2;4-1-2;4-5-6,0,BREAK,52.90333333333334,0,54.39633333333334,0.72,0.37660000000000005,6
1-2-4,0.637,2026-06-05,0.6066750000000001,0.645,0.8029999999999999,0,-1.962,0.0096,0,0,0,0,0.5189,2000,400,600,800,抜き,0,0.62705,60.702999999999996,520,fit,202606051306,0.566,0,0,0,0,61.698,56.527499999999996,57.744875,58.19004999999999,60.18175,62.058,0.4,0.5800000000000001,0.0,0.5,4-5-1;4-6-1;4-5-2;4-2-1;4-1-2;4-1-5;4-3-1;4-5-6;4-6-2;4-1-6;4-5-3;4-1-3;4-6-5;4-2-5;4-2-6;4-3-2;4-6-3;4-2-3;4-3-5;4-3-6,4-5-1;4-6-1;4-5-2;4-2-1,4-5-1;4-6-1;4-5-2;4-2-1;4-1-2;4-1-5,4-5-1;4-6-1;4-5-2;4-2-1;4-1-2;4-1-5;4-3-1;4-5-6,0,BREAK,56.527499999999996,1,54.39633333333334,0.347,0.57635,1
4-5-1,0.53,2026-06-05,0.5486249999999999,0.4725,0.6649999999999999,1,0.134,0.5335,1,1,1,1,0.5334999999999999,2000,400,600,800,まくり,1,0.53005,53.099000000000004,5590,fit,202606051308,0.14999999999999997,5590,5590,5590,5590,53.094,51.58650000000001,52.309625,53.729749999999996,54.02525,50.5065,-0.20000000000000007,0.49000000000000005,0.0,0.5,4-5-1;4-5-2;4-6-1;4-1-5;4-5-6;4-2-1;4-5-3;4-3-1;4-1-2;4-6-5;4-1-6;4-2-5;4-6-2;4-1-3;4-3-5;4-3-2;4-6-3;4-2-6;4-2-3;4-3-6,4-5-1;4-5-2;4-6-1;4-1-5,4-5-1;4-5-2;4-6-1;4-1-5;4-5-6;4-2-1,4-5-1;4-5-2;4-6-1;4-1-5;4-5-6;4-2-1;4-5-3;4-3-1,0,BREAK,51.58650000000001,0,54.39633333333334,0.5850000000000001,0.5672499999999999,4
3-1-2,0.354,2026-06-05,0.47,0.491,0.774,0,-1.579,0.1053,0,0,0,0,0.5317000000000001,2000,400,600,800,まくり差し,0,0.34725,31.956,5190,fit,202606051902,0.492,0,0,0,0,32.631,39.103,38.74100000000001,40.0204,38.431,38.79600000000001,-0.4,0.33,0.19999999999999996,0.6,4-5-1;4-6-1;4-2-1;4-5-2;4-1-2;4-6-2;4-3-1;4-1-6;4-5-6;4-1-5;4-2-6;4-1-3;4-5-3;4-3-2;4-6-5;4-2-5;4-6-3;4-2-3;4-3-6;4-3-5,4-5-1;4-6-1;4-2-1;4-5-2,4-5-1;4-6-1;4-2-1;4-5-2;4-1-2;4-6-2,4-5-1;4-6-1;4-2-1;4-5-2;4-1-2;4-6-2;4-3-1;4-1-6,-0.5,BREAK,39.103,0,54.39633333333334,0.37200000000000005,0.586,3
1-2-5,0.3746666666666667,2026-06-05,0.37843333333333334,0.2993333333333333,0.7260000000000001,0,1.349,0.8372,0,0,0,0,0.36709999999999987,2000,400,600,800,逃げ,0,0.37525,38.833999999999996,2340,fit,202606051905,0.32399999999999995,0,0,0,0,38.775666666666666,38.56833333333333,38.756499999999996,38.7222,38.964000000000006,35.385666666666665,-0.6,0.35000000000000003,-0.19999999999999996,0.4,4-5-1;4-6-1;4-5-2;4-2-1;4-1-2;4-5-6;4-3-1;4-6-2;4-1-5;4-1-6;4-5-3;4-6-5;4-1-3;4-2-5;4-2-6;4-3-2;4-6-3;4-3-5;4-2-3;4-3-6,4-5-1;4-6-1;4-5-2;4-2-1,4-5-1;4-6-1;4-5-2;4-2-1;4-1-2;4-5-6,4-5-1;4-6-1;4-5-2;4-2-1;4-1-2;4-5-6;4-3-1;4-6-2,0,BREAK,38.56833333333333,0,54.39633333333334,0.7760000000000001,0.3822,1
1-4-3,0.4806666666666667,2026-06-05,0.45718333333333333,0.3693333333333333,0.59,0,0.632,0.658,0,0,0,0,0.4313999999999999,2000,400,600,800,逃げ,0,0.47524999999999995,48.11699999999999,1180,fit,202606051910,0.24,0,0,0,0,48.65866666666667,44.63433333333334,45.648250000000004,46.8703,47.484500000000004,43.648666666666664,-0.4,0.42000000000000004,-0.20000000000000007,0.39999999999999997,4-5-1;4-5-2;4-6-1;4-2-1;4-5-6;4-3-1;4-1-5;4-5-3;4-1-2;4-6-2;4-1-6;4-6-5;4-1-3;4-2-5;4-3-5;4-2-6;4-3-2;4-6-3;4-2-3;4-3-6,4-5-1;4-5-2;4-6-1;4-2-1,4-5-1;4-5-2;4-6-1;4-2-1;4-5-6;4-3-1,4-5-1;4-5-2;4-6-1;4-2-1;4-5-6;4-3-1;4-1-5;4-5-3,0,BREAK,44.63433333333334,0,54.39633333333334,0.7420000000000001,0.4337,1
2-1-4,0.7353333333333333,2026-06-05,0.6342166666666667,0.6366666666666666,0.2813333333333334,0,1.354,0.8386,0,0,0,0,0.5609,2000,400,600,800,差し,0,0.71925,73.23899999999999,3030,fit,202606051912,0.476,0,0,0,0,74.84733333333332,70.26766666666666,70.38274999999999,67.9763,69.79149999999998,70.40733333333333,0.6,0.74,0.19999999999999996,0.6,4-5-1;4-5-2;4-6-1;4-2-1;4-5-6;4-6-2;4-1-2;4-1-5;4-5-3;4-6-5;4-1-6;4-3-1;4-2-5;4-2-6;4-3-2;4-1-3;4-6-3;4-2-3;4-3-5;4-3-6,4-5-1;4-5-2;4-6-1;4-2-1,4-5-1;4-5-2;4-6-1;4-2-1;4-5-6;4-6-2,4-5-1;4-5-2;4-6-1;4-2-1;4-5-6;4-6-2;4-1-2;4-1-5,0,BREAK,70.26766666666666,1,54.39633333333334,0.4620000000000001,0.5330999999999999,2
2-5-4,0.2513333333333333,2026-06-05,0.5306666666666666,0.5656666666666667,0.5533333333333333,0,0.222,0.5554,0,0,0,0,0.755,2000,400,600,800,差し,0,0.25825,24.857,19800,fit,202606052102,0.32,0,0,0,0,24.16533333333333,48.842666666666666,43.952,43.626000000000005,38.132,38.31033333333333,0.20000000000000007,0.63,0.19999999999999996,0.6,4-5-1;4-5-2;4-6-1;4-5-6;4-2-1;4-1-5;4-1-2;4-6-2;4-6-5;4-1-6;4-5-3;4-3-1;4-2-5;4-2-6;4-1-3;4-3-5;4-6-3;4-3-2;4-3-6;4-2-3,4-5-1;4-5-2;4-6-1;4-5-6,4-5-1;4-5-2;4-6-1;4-5-6;4-2-1;4-1-5,4-5-1;4-5-2;4-6-1;4-5-6;4-2-1;4-1-5;4-1-2;4-6-2,-0.5,BREAK,48.842666666666666,0,54.39633333333334,0.11999999999999997,0.81,2
3-4-5,0.384,2026-06-05,0.44420000000000004,0.496,0.4793333333333333,0,-1.973,0.0068,0,0,0,0,0.5061,2000,400,600,800,差し,0,0.37024999999999997,35.012,6530,fit,202606052107,0.688,0,0,0,0,36.387,41.383,39.55200000000001,40.8792,39.397000000000006,41.427,0.6000000000000001,0.68,-0.8,0.09999999999999998,4-5-1;4-5-2;4-2-1;4-5-6;4-5-3;4-6-1;4-1-2;4-1-5;4-2-5;4-6-2;4-3-1;4-6-5;4-3-2;4-3-5;4-1-6;4-1-3;4-2-6;4-2-3;4-6-3;4-3-6,4-5-1;4-5-2;4-2-1;4-5-6,4-5-1;4-5-2;4-2-1;4-5-6;4-5-3;4-6-1,4-5-1;4-5-2;4-2-1;4-5-6;4-5-3;4-6-1;4-1-2;4-1-5,0,BREAK,41.383,0,54.39633333333334,0.392,0.5044,3
1-2-4,0.5773333333333334,2026-06-06,0.6112666666666666,0.5986666666666667,0.8099999999999999,0,0.107,0.5267,0,0,0,0,0.5771,2000,400,600,800,逃げ,0,0.5840000000000001,57.31700000000001,1110,fit,202606060111,0.308,0,0,0,0,56.650333333333336,69.14766666666668,65.19200000000001,57.663199999999996,58.34700000000001,57.610333333333344,0.8,0.8700000000000001,0.4,0.7,4-5-1;4-5-2;4-6-1;4-2-1;4-6-2;4-1-2;4-5-6;4-1-6;4-2-6;4-1-5;4-2-5;4-3-1;4-6-5;4-5-3;4-3-2;4-1-3;4-2-3;4-6-3;4-3-6;4-3-5,4-5-1;4-5-2;4-6-1;4-2-1,4-5-1;4-5-2;4-6-1;4-2-1;4-6-2;4-1-2,4-5-1;4-5-2;4-6-1;4-2-1;4-6-2;4-1-2;4-5-6;4-1-6,-0.5,BREAK,69.14766666666668,1,54.39633333333334,0.38,0.6452,1
1-2-3,0.534,2026-06-06,0.5031,0.536,0.566,0,0.791,0.6977,0,0,0,0,0.46599999999999997,2000,400,600,800,,0,0.5483,55.580999999999996,6640,fit,202606060307,0.65,0,0,0,0,54.151,52.085,52.388499999999986,51.728,52.606,54.241,0.19999999999999996,0.51,0.0,0.5,4-5-1;4-5-2;4-6-1;4-6-2;4-2-1;4-5-6;4-1-2;4-3-1;4-5-3;4-2-6;4-3-2;4-1-6;4-2-5;4-6-5;4-1-5;4-2-3;4-6-3;4-1-3;4-3-6;4-3-5,4-5-1;4-5-2;4-6-1;4-6-2,4-5-1;4-5-2;4-6-1;4-6-2;4-2-1;4-5-6,4-5-1;4-5-2;4-6-1;4-6-2;4-2-1;4-5-6;4-1-2;4-3-1,0,BREAK,52.085,0,54.39633333333334,0.462,0.47219999999999995,0
1-2-5,0.752,2026-06-06,0.6057,0.64,0.41899999999999993,0,0.408,0.6019,0,0,0,0,0.4771500000000001,2000,400,600,800,,0,0.7483,78.238,13890,fit,202606060309,0.668,0,0,0,0,78.608,63.858000000000004,66.9305,68.17229999999999,71.29299999999999,73.568,0.20000000000000007,0.54,0.0,0.5,4-5-1;4-5-2;4-2-1;4-1-2;4-6-1;4-6-2;4-3-1;4-3-2;4-2-5;4-5-3;4-1-5;4-2-3;4-5-6;4-2-6;4-1-3;4-1-6;4-6-5;4-3-5;4-6-3;4-3-6,4-5-1;4-5-2;4-2-1;4-1-2,4-5-1;4-5-2;4-2-1;4-1-2;4-6-1;4-6-2,4-5-1;4-5-2;4-2-1;4-1-2;4-6-1;4-6-2;4-3-1;4-3-2,0.5,BREAK,63.858000000000004,1,54.39633333333334,0.472,0.45940000000000003,0
1-4-5,0.5766666666666667,2026-06-06,0.6091333333333333,0.6343333333333333,0.13533333333333333,0,0.047,0.5116,0,0,0,0,0.6747,2000,400,600,800,逃げ,0,0.5713,57.137,870,fit,202606060608,0.452,0,0,0,0,57.67366666666666,57.61633333333333,58.102,60.80439999999999,59.297,60.26866666666667,0.19999999999999996,0.54,0.19999999999999996,0.6,4-5-1;4-5-2;4-6-1;4-5-6;4-2-1;4-6-2;4-1-2;4-1-6;4-6-5;4-1-5;4-5-3;4-2-6;4-3-1;4-2-5;4-6-3;4-3-2;4-1-3;4-3-6;4-3-5;4-2-3,4-5-1;4-5-2;4-6-1;4-5-6,4-5-1;4-5-2;4-6-1;4-5-6;4-2-1;4-6-2,4-5-1;4-5-2;4-6-1;4-5-6;4-2-1;4-6-2;4-1-2;4-1-6,0,BREAK,57.61633333333333,1,54.39633333333334,0.30800000000000005,0.6416,1
4-1-5,0.5026666666666667,2026-06-06,0.4829833333333334,0.47633333333333333,0.286,1,-1.633,0.0917,1,0,0,0,0.501,2000,400,600,800,まくり差し,0,0.53,50.177,1050,fit,202606060702,0.5119999999999999,1050,0,0,0,47.44366666666667,43.471333333333334,43.95825000000001,46.816500000000005,46.459500000000006,46.25866666666667,0.4,0.5800000000000001,-0.6,0.2,4-5-1;4-5-2;4-5-6;4-6-1;4-6-2;4-2-1;4-5-3;4-6-5;4-1-5;4-1-2;4-2-5;4-1-6;4-2-6;4-3-1;4-3-5;4-3-2;4-6-3;4-1-3;4-2-3;4-3-6,4-5-1;4-5-2;4-5-6;4-6-1,4-5-1;4-5-2;4-5-6;4-6-1;4-6-2;4-2-1,4-5-1;4-5-2;4-5-6;4-6-1;4-6-2;4-2-1;4-5-3;4-6-5,-0.5,BREAK,43.471333333333334,0,54.39633333333334,0.55,0.46330000000000005,4
1-4-5,0.6253333333333334,2026-06-06,0.6020166666666666,0.6436666666666667,0.5840000000000001,0,0.276,0.5691,0,0,0,0,0.5537,2000,400,600,800,逃げ,0,0.66,65.086,1360,fit,202606060703,0.5760000000000001,0,0,0,0,61.619333333333344,53.59566666666668,56.749750000000006,59.343900000000005,60.453500000000005,62.44433333333335,-0.19999999999999996,0.28,0.6,0.8,4-5-1;4-5-2;4-6-1;4-2-1;4-5-6;4-1-2;4-5-3;4-1-5;4-3-1;4-6-2;4-2-5;4-6-5;4-1-6;4-1-3;4-3-2;4-3-5;4-2-6;4-2-3;4-6-3;4-3-6,4-5-1;4-5-2;4-6-1;4-2-1,4-5-1;4-5-2;4-6-1;4-2-1;4-5-6;4-1-2,4-5-1;4-5-2;4-6-1;4-2-1;4-5-6;4-1-2;4-5-3;4-1-5,-0.5,BREAK,53.59566666666668,0,54.39633333333334,0.33799999999999997,0.5787,1
3-4-2,0.294,2026-06-06,0.32075,0.242,0.26466666666666666,0,-1.278,0.1806,0,0,0,0,0.40679999999999994,2000,400,600,800,まくり差し,0,0.32999999999999996,30.531999999999993,3240,fit,202606060708,0.36,0,0,0,0,26.932,22.499000000000002,24.01075,30.216099999999994,28.269499999999997,24.592000000000002,-0.6,0.26000000000000006,-0.8,0.09999999999999998,4-5-2;4-5-1;4-6-2;4-6-1;4-2-1;4-5-6;4-5-3;4-1-2;4-3-2;4-3-1;4-2-6;4-2-5;4-6-5;4-2-3;4-6-3;4-1-6;4-1-5;4-3-6;4-3-5;4-1-3,4-5-2;4-5-1;4-6-2;4-6-1,4-5-2;4-5-1;4-6-2;4-6-1;4-2-1;4-5-6,4-5-2;4-5-1;4-6-2;4-6-1;4-2-1;4-5-6;4-5-3;4-1-2,-0.5,BREAK,22.499000000000002,0,54.39633333333334,0.81,0.3474999999999999,3
2-3-1,0.648,2026-06-06,0.633,0.6679999999999999,0.27266666666666667,0,0.862,0.7155,0,0,0,0,0.6339,2000,400,600,800,差し,0,0.658,65.472,5710,fit,202606060710,0.5119999999999999,0,0,0,0,64.472,65.276,64.917,63.71179999999998,63.72200000000001,65.372,0.6,0.65,0.4,0.7,4-5-1;4-5-2;4-6-1;4-5-6;4-6-2;4-2-1;4-5-3;4-1-2;4-3-1;4-6-5;4-2-5;4-3-2;4-2-6;4-1-5;4-1-6;4-6-3;4-2-3;4-3-5;4-1-3;4-3-6,4-5-1;4-5-2;4-6-1;4-5-6,4-5-1;4-5-2;4-6-1;4-5-6;4-6-2;4-2-1,4-5-1;4-5-2;4-6-1;4-5-6;4-6-2;4-2-1;4-5-3;4-1-2,-0.5,BREAK,65.276,1,54.39633333333334,0.31200000000000006,0.618,2
1-2-3,0.6746666666666667,2026-06-06,0.7159333333333333,0.7033333333333334,0.42200000000000004,0,1.004,0.751,0,0,0,0,0.7304999999999999,2000,400,600,800,逃げ,0,0.6795,68.914,2510,fit,202606060812,0.196,0,0,0,0,68.43066666666667,78.01333333333334,75.24900000000001,70.897,70.494,69.72066666666667,0.8,0.8700000000000001,0.6,0.8,4-5-1;4-6-1;4-5-2;4-5-6;4-2-1;4-6-2;4-1-6;4-1-2;4-3-1;4-6-5;4-1-5;4-2-6;4-5-3;4-6-3;4-1-3;4-2-5;4-3-6;4-3-2;4-2-3;4-3-5,4-5-1;4-6-1;4-5-2;4-5-6,4-5-1;4-6-1;4-5-2;4-5-6;4-2-1;4-6-2,4-5-1;4-6-1;4-5-2;4-5-6;4-2-1;4-6-2;4-1-6;4-1-2,0,BREAK,78.01333333333334,1,54.39633333333334,0.268,0.7572,1
1-4-3,0.444,2026-06-06,0.43074999999999997,0.373,0.646,0,-0.917,0.2709,0,0,0,0,0.40879999999999994,2000,400,600,800,逃げ,0,0.41745000000000004,39.638000000000005,1470,fit,202606061005,0.368,0,0,0,0,42.293,35.42000000000001,37.22175,41.121100000000006,41.6305,39.098000000000006,-0.4,0.39,-0.6,0.2,4-5-1;4-5-2;4-5-3;4-1-5;4-5-6;4-6-1;4-3-1;4-2-1;4-6-5;4-1-2;4-3-5;4-2-5;4-1-3;4-1-6;4-6-2;4-3-2;4-6-3;4-2-3;4-3-6;4-2-6,4-5-1;4-5-2;4-5-3;4-1-5,4-5-1;4-5-2;4-5-3;4-1-5;4-5-6;4-6-1,4-5-1;4-5-2;4-5-3;4-1-5;4-5-6;4-6-1;4-3-1;4-2-1,-0.5,BREAK,35.42000000000001,0,54.39633333333334,0.6980000000000001,0.4175,1
5-3-1,0.686,2026-06-06,0.46194999999999997,0.49799999999999994,0.25999999999999995,0,0.047,0.5116,0,0,0,0,0.31269999999999987,2000,400,600,800,まくり差し,0,0.6857,68.57699999999998,186160,fit,202606061506,0.896,0,0,0,0,68.607,46.294,50.89575,53.6729,57.4045,60.147000000000006,-0.20000000000000007,0.37000000000000005,-0.4,0.3,4-5-2;4-5-1;4-2-1;4-1-2;4-6-2;4-6-1;4-2-5;4-3-2;4-3-1;4-1-5;4-5-3;4-5-6;4-2-3;4-2-6;4-1-3;4-1-6;4-6-5;4-3-5;4-6-3;4-3-6,4-5-2;4-5-1;4-2-1;4-1-2,4-5-2;4-5-1;4-2-1;4-1-2;4-6-2;4-6-1,4-5-2;4-5-1;4-2-1;4-1-2;4-6-2;4-6-1;4-2-5;4-3-2,0,BREAK,46.294,0,54.39633333333334,0.6900000000000002,0.2378999999999999,5
1-2-6,0.302,2026-06-06,0.5326500000000001,0.54,0.45666666666666667,0,-1.36,0.1601,0,0,0,0,0.7302,2000,400,600,800,逃げ,0,0.3324,30.689999999999994,750,fit,202606061703,0.264,0,0,0,0,27.65,49.999,45.24625000000001,43.989900000000006,39.18250000000001,38.36000000000001,0.4,0.67,0.19999999999999996,0.6,4-5-1;4-5-2;4-6-1;4-5-6;4-2-1;4-6-2;4-1-2;4-5-3;4-6-5;4-1-5;4-2-5;4-1-6;4-2-6;4-3-1;4-3-2;4-6-3;4-1-3;4-2-3;4-3-5;4-3-6,4-5-1;4-5-2;4-6-1;4-5-6,4-5-1;4-5-2;4-6-1;4-5-6;4-2-1;4-6-2,4-5-1;4-5-2;4-6-1;4-5-6;4-2-1;4-6-2;4-1-2;4-5-3,-0.5,BREAK,49.999,0,54.39633333333334,0.22199999999999998,0.7633000000000001,1
1-4-6,0.4741666666666667,2026-06-06,0.5555833333333333,0.5345833333333333,0.6758333333333333,0,-0.78,0.3051,0,0,0,0,0.590375,2000,400,600,800,逃げ,0,0.49839999999999995,49.019999999999996,810,fit,202606061711,0.28500000000000003,0,0,0,0,46.59666666666667,53.86833333333334,51.911249999999995,51.595749999999995,50.6675,49.315416666666664,0.5,0.7125,-0.25,0.375,4-5-1;4-5-2;4-6-1;4-2-1;4-5-6;4-1-5;4-1-2;4-5-3;4-3-1;4-6-2;4-1-6;4-6-5;4-2-5;4-1-3;4-3-5;4-2-6;4-3-2;4-6-3;4-2-3;4-3-6,4-5-1;4-5-2;4-6-1;4-2-1,4-5-1;4-5-2;4-6-1;4-2-1;4-5-6;4-1-5,4-5-1;4-5-2;4-6-1;4-2-1;4-5-6;4-1-5;4-1-2;4-5-3,0,BREAK,53.86833333333334,0,54.39633333333334,0.405,0.637,1
1-3-4,0.453,2026-06-06,0.585275,0.5760000000000001,0.6920000000000001,0,-0.867,0.2832,0,0,0,0,0.65625,2000,400,600,800,逃げ,0,0.44845,42.788000000000004,3470,fit,202606061802,0.248,0,0,0,0,43.24300000000001,52.492500000000014,50.79487500000001,51.682750000000006,49.856750000000005,48.77800000000001,0.20000000000000007,0.63,0.0,0.5,4-5-1;4-6-1;4-5-2;4-2-1;4-1-2;4-6-2;4-5-6;4-1-6;4-3-1;4-1-5;4-2-6;4-6-5;4-5-3;4-2-5;4-1-3;4-3-2;4-6-3;4-2-3;4-3-6;4-3-5,4-5-1;4-6-1;4-5-2;4-2-1,4-5-1;4-6-1;4-5-2;4-2-1;4-1-2;4-6-2,4-5-1;4-6-1;4-5-2;4-2-1;4-1-2;4-6-2;4-5-6;4-1-6,-0.5,BREAK,52.492500000000014,0,54.39633333333334,0.301,0.71755,1
1-5-2,0.512,2026-06-06,0.554025,0.6375,0.649,0,-1.119,0.2202,0,0,0,0,0.5581,2000,400,600,800,逃げ,0,0.49145,47.986000000000004,5710,fit,202606061807,0.714,0,0,0,0,50.041000000000004,56.0175,54.271625,52.31595,52.142250000000004,55.688500000000005,0.6,0.6799999999999999,0.0,0.5,4-5-1;4-5-2;4-6-1;4-6-2;4-2-1;4-5-6;4-1-2;4-2-6;4-6-5;4-1-6;4-2-5;4-1-5;4-5-3;4-3-1;4-3-2;4-6-3;4-2-3;4-1-3;4-3-6;4-3-5,4-5-1;4-5-2;4-6-1;4-6-2,4-5-1;4-5-2;4-6-1;4-6-2;4-2-1;4-5-6,4-5-1;4-5-2;4-6-1;4-6-2;4-2-1;4-5-6;4-1-2;4-2-6,0,BREAK,56.0175,1,54.39633333333334,0.23700000000000002,0.59605,1
1-4-6,0.266,2026-06-06,0.445925,0.48250000000000004,0.6449999999999999,0,0.205,0.5513,0,0,0,0,0.5847,2000,400,600,800,逃げ,0,0.28945,27.959999999999997,1710,fit,202606061810,0.51,0,0,0,0,25.615,33.0615,33.103125000000006,38.024150000000006,34.611250000000005,35.3575,-0.4,0.24,0.0,0.5,4-5-1;4-6-1;4-5-2;4-6-2;4-5-6;4-2-1;4-1-6;4-1-2;4-2-6;4-6-5;4-3-1;4-1-5;4-5-3;4-2-5;4-6-3;4-3-6;4-3-2;4-1-3;4-2-3;4-3-5,4-5-1;4-6-1;4-5-2;4-6-2,4-5-1;4-6-1;4-5-2;4-6-2;4-5-6;4-2-1,4-5-1;4-6-1;4-5-2;4-6-2;4-5-6;4-2-1;4-1-6;4-1-2,-0.5,BREAK,33.0615,0,54.39633333333334,0.301,0.62585,1
1-3-2,0.5609999999999999,2026-06-06,0.600225,0.592,0.323,0,1.781,0.9453,0,0,0,0,0.6452,2000,400,600,800,逃げ,0,0.55845,56.436,1050,fit,202606061812,0.33,0,0,0,0,56.690999999999995,50.78350000000001,53.336625,59.72015,58.65225,58.086,-0.4,0.39,0.0,0.5,4-5-1;4-5-2;4-6-1;4-2-1;4-5-6;4-6-2;4-1-2;4-1-5;4-1-6;4-6-5;4-2-5;4-2-6;4-5-3;4-3-1;4-3-2;4-1-3;4-6-3;4-2-3;4-3-5;4-3-6,4-5-1;4-5-2;4-6-1;4-2-1,4-5-1;4-5-2;4-6-1;4-2-1;4-5-6;4-6-2,4-5-1;4-5-2;4-6-1;4-2-1;4-5-6;4-6-2;4-1-2;4-1-5,-0.5,BREAK,50.78350000000001,0,54.39633333333334,0.37699999999999995,0.6394500000000001,1
1-4-3,0.8213333333333334,2026-06-06,0.7148666666666667,0.6966666666666667,0.7833333333333333,0,-1.059,0.2353,0,0,0,0,0.5499,2000,400,600,800,逃げ,0,0.7762500000000001,76.52600000000001,720,fit,202606062110,0.324,0,0,0,0,81.03433333333334,70.03566666666667,71.526,71.86880000000001,75.711,75.42433333333334,0.8,0.87,-0.4,0.3,4-5-1;4-6-1;4-2-1;4-5-2;4-5-6;4-1-6;4-3-1;4-6-2;4-1-2;4-1-5;4-6-5;4-5-3;4-1-3;4-2-6;4-6-3;4-3-6;4-2-5;4-3-2;4-3-5;4-2-3,4-5-1;4-6-1;4-2-1;4-5-2,4-5-1;4-6-1;4-2-1;4-5-2;4-5-6;4-1-6,4-5-1;4-6-1;4-2-1;4-5-2;4-5-6;4-1-6;4-3-1;4-6-2,0,BREAK,70.03566666666667,1,54.39633333333334,0.428,0.6084,1
3-2-4,0.45533333333333337,2026-06-06,0.5163166666666666,0.5026666666666666,0.46533333333333327,0,-1.075,0.2312,0,0,0,0,0.5710999999999999,2000,400,600,800,まくり差し,0,0.43825,41.559999999999995,40680,fit,202606062111,0.372,0,0,0,0,43.26833333333334,53.93066666666667,51.05625,47.64469999999999,46.3175,45.39833333333333,0.19999999999999996,0.66,0.19999999999999996,0.6,4-5-1;4-6-1;4-5-2;4-6-2;4-2-1;4-1-2;4-5-6;4-2-6;4-1-6;4-3-1;4-6-5;4-2-5;4-3-2;4-1-5;4-5-3;4-6-3;4-2-3;4-1-3;4-3-6;4-3-5,4-5-1;4-6-1;4-5-2;4-6-2,4-5-1;4-6-1;4-5-2;4-6-2;4-2-1;4-1-2,4-5-1;4-6-1;4-5-2;4-6-2;4-2-1;4-1-2;4-5-6;4-2-6,-0.5,BREAK,53.93066666666667,0,54.39633333333334,0.45000000000000007,0.5772999999999999,3
4-2-5,0.6233333333333334,2026-06-06,0.6442666666666668,0.6316666666666667,0.5533333333333333,1,0.047,0.5116,1,1,1,1,0.6326,2000,400,600,800,差し,0,0.6132500000000001,61.33200000000001,2010,fit,202606062402,0.288,2010,2010,2010,2010,62.34033333333334,55.62566666666667,57.847,63.17220000000001,63.387000000000015,62.71533333333334,0.20000000000000007,0.54,-0.19999999999999996,0.4,4-5-2;4-5-1;4-5-6;4-2-5;4-5-3;4-2-1;4-6-2;4-1-5;4-6-1;4-6-5;4-1-2;4-3-5;4-3-2;4-2-6;4-3-1;4-2-3;4-1-6;4-1-3;4-6-3;4-3-6,4-5-2;4-5-1;4-5-6;4-2-5,4-5-2;4-5-1;4-5-6;4-2-5;4-5-3;4-2-1,4-5-2;4-5-1;4-5-6;4-2-5;4-5-3;4-2-1;4-6-2;4-1-5,0,BREAK,55.62566666666667,1,54.39633333333334,0.36,0.6652,4
2-1-3,0.41800000000000004,2026-06-06,0.417,0.38899999999999996,0.7866666666666667,0,0.047,0.5116,0,0,0,0,0.3859999999999999,2000,400,600,800,差し,0,0.42125,42.132,6180,fit,202606062404,0.48,0,0,0,0,41.807,34.13099999999999,36.952,41.073,41.757,40.502,-0.8,0.19,-0.19999999999999996,0.4,4-5-1;4-6-1;4-5-2;4-2-1;4-6-2;4-1-2;4-5-6;4-1-6;4-3-1;4-2-6;4-1-5;4-6-5;4-2-5;4-5-3;4-1-3;4-3-2;4-6-3;4-3-6;4-2-3;4-3-5,4-5-1;4-6-1;4-5-2;4-2-1,4-5-1;4-6-1;4-5-2;4-2-1;4-6-2;4-1-2,4-5-1;4-6-1;4-5-2;4-2-1;4-6-2;4-1-2;4-5-6;4-1-6,0,BREAK,34.13099999999999,0,54.39633333333334,0.6400000000000001,0.4159999999999999,2
6-3-4,0.8200000000000001,2026-06-07,0.7438,0.734,0.611,0,0.993,0.7483,0,0,0,0,0.62595,2000,400,600,800,差し,0,0.8083,84.823,33020,fit,202606070303,0.29600000000000004,0,0,0,0,85.993,79.34899999999999,80.08800000000001,79.4379,82.18299999999999,82.123,0.6,0.86,0.0,0.5,4-5-1;4-6-1;4-5-2;4-5-6;4-6-2;4-2-1;4-1-6;4-6-5;4-1-2;4-2-6;4-1-5;4-3-1;4-5-3;4-6-3;4-2-5;4-3-6;4-1-3;4-3-2;4-3-5;4-2-3,4-5-1;4-6-1;4-5-2;4-5-6,4-5-1;4-6-1;4-5-2;4-5-6;4-6-2;4-2-1,4-5-1;4-6-1;4-5-2;4-5-6;4-6-2;4-2-1;4-1-6;4-6-5,0.5,BREAK,79.34899999999999,1,54.39633333333334,0.35200000000000004,0.6676,6
2-1-3,0.316,2026-06-07,0.3248,0.28,0.345,0,0.249,0.5622,0,0,0,0,0.38244999999999996,2000,400,600,800,差し,0,0.3483,35.039,2250,fit,202606070311,0.5,0,0,0,0,31.809,35.793,34.86900000000001,33.5349,32.249,30.189000000000007,-0.6,0.32000000000000006,0.0,0.5,4-5-1;4-5-2;4-6-1;4-2-1;4-6-2;4-5-6;4-1-2;4-5-3;4-2-5;4-1-5;4-3-1;4-6-5;4-2-6;4-1-6;4-3-2;4-2-3;4-1-3;4-3-5;4-6-3;4-3-6,4-5-1;4-5-2;4-6-1;4-2-1,4-5-1;4-5-2;4-6-1;4-2-1;4-6-2;4-5-6,4-5-1;4-5-2;4-6-1;4-2-1;4-6-2;4-5-6;4-1-2;4-5-3,0,BREAK,35.793,0,54.39633333333334,0.756,0.3336,2
1-4-2,0.7333333333333334,2026-06-07,0.7098666666666666,0.7126666666666667,0.488,0,0.047,0.5116,0,0,0,0,0.6601999999999999,2000,400,600,800,逃げ,0,0.7153499999999999,71.54199999999999,700,fit,202606070507,0.32399999999999995,0,0,0,0,73.34033333333333,73.05766666666666,72.78699999999999,71.0274,72.16699999999999,72.41033333333333,0.4,0.76,0.4,0.7,4-5-1;4-6-1;4-5-2;4-2-1;4-6-2;4-5-6;4-1-2;4-1-6;4-3-1;4-1-5;4-6-5;4-5-3;4-2-6;4-1-3;4-2-5;4-6-3;4-3-2;4-3-6;4-2-3;4-3-5,4-5-1;4-6-1;4-5-2;4-2-1,4-5-1;4-6-1;4-5-2;4-2-1;4-6-2;4-5-6,4-5-1;4-6-1;4-5-2;4-2-1;4-6-2;4-5-6;4-1-2;4-1-6,0,BREAK,73.05766666666666,1,54.39633333333334,0.30800000000000005,0.6864,1
2-4-3,0.7506666666666667,2026-06-07,0.5605333333333333,0.49333333333333335,0.28,0,0.047,0.5116,0,0,0,0,0.42379999999999995,2000,400,600,800,まくり,0,0.73535,73.54199999999999,29900,fit,202606070508,0.37999999999999995,0,0,0,0,75.07366666666667,54.87633333333332,58.947,62.1786,65.567,63.49366666666667,-0.19999999999999996,0.52,-0.4,0.3,4-5-1;4-5-2;4-6-1;4-5-6;4-2-1;4-5-3;4-6-2;4-1-5;4-1-2;4-6-5;4-3-1;4-2-5;4-1-6;4-3-5;4-2-6;4-3-2;4-1-3;4-6-3;4-2-3;4-3-6,4-5-1;4-5-2;4-6-1;4-5-6,4-5-1;4-5-2;4-6-1;4-5-6;4-2-1;4-5-3,4-5-1;4-5-2;4-6-1;4-5-6;4-2-1;4-5-3;4-6-2;4-1-5,0,BREAK,54.87633333333332,1,54.39633333333334,0.764,0.37039999999999995,2
1-2-4,0.5133333333333333,2026-06-07,0.5533166666666667,0.49766666666666665,0.6566666666666667,0,0.468,0.617,0,0,0,0,0.5566,2000,400,600,800,逃げ,0,0.5073000000000001,51.158000000000015,570,fit,202606070611,0.19999999999999996,0,0,0,0,51.76133333333333,43.30766666666668,46.194250000000004,53.9127,53.76050000000001,51.056333333333335,-0.4,0.42000000000000004,-0.6,0.2,4-5-1;4-5-2;4-6-1;4-2-1;4-5-6;4-6-2;4-1-2;4-1-5;4-1-6;4-6-5;4-2-5;4-5-3;4-3-1;4-2-6;4-3-2;4-1-3;4-6-3;4-2-3;4-3-5;4-3-6,4-5-1;4-5-2;4-6-1;4-2-1,4-5-1;4-5-2;4-6-1;4-2-1;4-5-6;4-6-2,4-5-1;4-5-2;4-6-1;4-2-1;4-5-6;4-6-2;4-1-2;4-1-5,0,BREAK,43.30766666666668,0,54.39633333333334,0.518,0.5933,1
2-3-5,0.5640000000000001,2026-06-07,0.5125500000000001,0.627,0.35866666666666663,0,0.594,0.6484,0,0,0,0,0.48650000000000004,2000,400,600,800,まくり,0,0.5740000000000001,57.95400000000001,2880,fit,202606070710,0.964,0,0,0,0,56.95400000000001,54.117000000000004,54.12775,53.7055,54.38150000000001,59.78900000000001,0.4,0.6100000000000001,-0.19999999999999996,0.4,4-5-2;4-5-1;4-2-1;4-6-2;4-6-1;4-1-2;4-5-6;4-5-3;4-2-5;4-3-2;4-3-1;4-2-6;4-1-5;4-2-3;4-6-5;4-3-5;4-1-6;4-1-3;4-6-3;4-3-6,4-5-2;4-5-1;4-2-1;4-6-2,4-5-2;4-5-1;4-2-1;4-6-2;4-6-1;4-1-2,4-5-2;4-5-1;4-2-1;4-6-2;4-6-1;4-1-2;4-5-6;4-5-3,0,BREAK,54.117000000000004,0,54.39633333333334,0.31,0.46110000000000007,2
2-1-3,0.3713333333333333,2026-06-07,0.3607666666666666,0.30966666666666665,0.7726666666666667,0,-0.895,0.2763,0,0,0,0,0.3324999999999999,2000,400,600,800,差し,0,0.3815,37.214999999999996,1880,fit,202606070810,0.46,0,0,0,0,36.19833333333332,28.757666666666662,31.2375,35.026999999999994,35.669999999999995,33.42333333333333,-0.8,0.19,-0.4,0.3,4-5-1;4-5-2;4-2-1;4-1-2;4-6-1;4-6-2;4-3-1;4-3-2;4-5-3;4-2-3;4-2-5;4-5-6;4-1-3;4-1-5;4-2-6;4-1-6;4-3-5;4-6-3;4-6-5;4-3-6,4-5-1;4-5-2;4-2-1;4-1-2,4-5-1;4-5-2;4-2-1;4-1-2;4-6-1;4-6-2,4-5-1;4-5-2;4-2-1;4-1-2;4-6-1;4-6-2;4-3-1;4-3-2,0,BREAK,28.757666666666662,0,54.39633333333334,0.752,0.35019999999999996,2
4-5-1,0.7093333333333334,2026-06-07,0.6197666666666666,0.6106666666666667,0.6566666666666667,1,0.047,0.5116,1,1,1,1,0.5022999999999999,2000,400,600,800,まくり差し,0,0.7072499999999999,70.73199999999999,1300,fit,202606070908,0.436,1300,1300,1300,1300,70.94033333333333,58.983666666666664,62.07449999999999,63.69859999999999,66.46199999999999,66.50033333333333,-0.20000000000000007,0.46,0.19999999999999996,0.6,4-5-1;4-5-2;4-2-1;4-6-1;4-5-6;4-1-2;4-6-2;4-1-5;4-2-5;4-5-3;4-6-5;4-3-1;4-1-6;4-2-6;4-3-2;4-3-5;4-1-3;4-2-3;4-6-3;4-3-6,4-5-1;4-5-2;4-2-1;4-6-1,4-5-1;4-5-2;4-2-1;4-6-1;4-5-6;4-1-2,4-5-1;4-5-2;4-2-1;4-6-1;4-5-6;4-1-2;4-6-2;4-1-5,0,BREAK,58.983666666666664,1,54.39633333333334,0.4880000000000001,0.5301999999999999,4
1-6-4,0.6906666666666667,2026-06-07,0.7349833333333333,0.7563333333333333,0.41000000000000003,0,1.584,0.896,0,0,0,0,0.7506,2000,400,600,800,逃げ,0,0.66545,66.93900000000001,1150,fit,202606071005,0.29999999999999993,0,0,0,0,69.46066666666667,73.07233333333335,72.29525000000001,72.1087,71.6765,72.41566666666668,0.6000000000000001,0.77,0.4,0.7,4-5-1;4-6-1;4-5-6;4-5-2;4-6-2;4-1-6;4-2-1;4-6-5;4-1-2;4-2-6;4-1-5;4-3-1;4-5-3;4-6-3;4-2-5;4-3-6;4-1-3;4-3-2;4-3-5;4-2-3,4-5-1;4-6-1;4-5-6;4-5-2,4-5-1;4-6-1;4-5-6;4-5-2;4-6-2;4-1-6,4-5-1;4-6-1;4-5-6;4-5-2;4-6-2;4-1-6;4-2-1;4-6-5,-0.5,BREAK,73.07233333333335,1,54.39633333333334,0.178,0.7793000000000001,1
6-4-3,0.6473333333333334,2026-06-07,0.6153666666666666,0.6496666666666667,0.28200000000000003,0,1.245,0.8112,0,0,0,0,0.6031,2000,400,600,800,抜き,0,0.63945,65.14999999999999,10840,fit,202606071007,0.544,0,0,0,0,65.93833333333335,55.077666666666666,59.382500000000014,64.00619999999999,64.34,66.04333333333335,-0.6000000000000001,0.17000000000000004,0.8,0.9,4-5-1;4-6-1;4-5-2;4-6-2;4-5-6;4-2-1;4-6-5;4-2-6;4-1-6;4-1-2;4-5-3;4-6-3;4-3-1;4-3-6;4-2-5;4-1-5;4-3-2;4-2-3;4-1-3;4-3-5,4-5-1;4-6-1;4-5-2;4-6-2,4-5-1;4-6-1;4-5-2;4-6-2;4-5-6;4-2-1,4-5-1;4-6-1;4-5-2;4-6-2;4-5-6;4-2-1;4-6-5;4-2-6,0,BREAK,55.077666666666666,1,54.39633333333334,0.34800000000000003,0.5833999999999999,6
1-3-4,0.5833333333333334,2026-06-07,0.6207666666666667,0.5976666666666667,0.5833333333333334,0,-1.546,0.1135,0,0,0,0,0.6223,2000,400,600,800,逃げ,0,0.54545,51.809000000000005,1200,fit,202606071009,0.256,0,0,0,0,55.59733333333334,61.85266666666666,59.5165,57.577600000000004,57.469,56.242333333333335,0.8,0.87,-0.20000000000000007,0.39999999999999997,4-5-1;4-6-1;4-5-6;4-5-2;4-1-5;4-2-1;4-1-6;4-6-5;4-6-2;4-1-2;4-5-3;4-3-1;4-2-5;4-2-6;4-1-3;4-6-3;4-3-5;4-3-6;4-3-2;4-2-3,4-5-1;4-6-1;4-5-6;4-5-2,4-5-1;4-6-1;4-5-6;4-5-2;4-1-5;4-2-1,4-5-1;4-6-1;4-5-6;4-5-2;4-1-5;4-2-1;4-1-6;4-6-5,-0.5,BREAK,61.85266666666666,1,54.39633333333334,0.388,0.6581999999999999,1
1-5-3,0.7566666666666667,2026-06-07,0.6333333333333333,0.6123333333333334,0.118,0,1.513,0.8782,0,0,0,0,0.5661,2000,400,600,800,逃げ,0,0.73145,77.65800000000002,3200,fit,202606071011,0.412,0,0,0,0,80.17966666666668,71.80633333333334,73.013,72.28720000000001,74.013,73.68466666666669,0.4,0.67,0.20000000000000007,0.6000000000000001,4-5-1;4-5-2;4-5-3;4-5-6;4-6-1;4-2-1;4-3-1;4-1-5;4-6-2;4-6-5;4-2-5;4-1-2;4-3-5;4-3-2;4-1-3;4-1-6;4-6-3;4-2-3;4-2-6;4-3-6,4-5-1;4-5-2;4-5-3;4-5-6,4-5-1;4-5-2;4-5-3;4-5-6;4-6-1;4-2-1,4-5-1;4-5-2;4-5-3;4-5-6;4-6-1;4-2-1;4-3-1;4-1-5,0.5,BREAK,71.80633333333334,1,54.39633333333334,0.532,0.51,1
1-2-3,0.18800000000000003,2026-06-07,0.3396,0.334,0.278,0,-1.3,0.1751,0,0,0,0,0.5259,2000,400,600,800,逃げ,0,0.2284,21.5,970,fit,202606071701,0.48799999999999993,0,0,0,0,17.460000000000004,28.556,26.57,29.441800000000004,25.040000000000003,24.030000000000005,-0.19999999999999996,0.37000000000000005,-0.4,0.3,4-5-1;4-5-2;4-6-1;4-5-6;4-6-2;4-2-1;4-1-2;4-5-3;4-6-5;4-2-5;4-1-5;4-2-6;4-1-6;4-3-1;4-3-2;4-6-3;4-3-5;4-2-3;4-1-3;4-3-6,4-5-1;4-5-2;4-6-1;4-5-6,4-5-1;4-5-2;4-6-1;4-5-6;4-6-2;4-2-1,4-5-1;4-5-2;4-6-1;4-5-6;4-6-2;4-2-1;4-1-2;4-5-3,0,BREAK,28.556,0,54.39633333333334,0.52,0.49119999999999997,1
1-3-6,0.5566666666666666,2026-06-07,0.4816833333333333,0.4393333333333333,0.23933333333333334,0,1.124,0.7811,0,0,0,0,0.4603999999999999,2000,400,600,800,逃げ,0,0.5924,60.324000000000005,1750,fit,202606071703,0.436,0,0,0,0,56.75066666666667,40.544333333333334,45.79275,52.383300000000006,53.0015,51.47066666666667,-0.8,0.07000000000000006,0.19999999999999996,0.6,4-5-1;4-5-2;4-6-1;4-5-6;4-6-2;4-2-1;4-6-5;4-5-3;4-1-2;4-1-6;4-2-6;4-1-5;4-3-1;4-2-5;4-6-3;4-3-2;4-3-6;4-3-5;4-1-3;4-2-3,4-5-1;4-5-2;4-6-1;4-5-6,4-5-1;4-5-2;4-6-1;4-5-6;4-6-2;4-2-1,4-5-1;4-5-2;4-6-1;4-5-6;4-6-2;4-2-1;4-6-5;4-5-3,0,BREAK,40.544333333333334,0,54.39633333333334,0.678,0.40669999999999995,1
1-2-4,0.446,2026-06-07,0.49485,0.54,0.4333333333333333,0,1.174,0.7934,0,0,0,0,0.5465,2000,400,600,800,逃げ,0,0.44625,45.759,1040,fit,202606072111,0.624,0,0,0,0,45.734,51.839,50.545249999999996,49.4105,48.1765,49.964000000000006,0.19999999999999996,0.51,0.19999999999999996,0.6,4-5-2;4-5-1;4-2-1;4-6-2;4-6-1;4-5-6;4-1-2;4-2-5;4-5-3;4-2-6;4-3-2;4-6-5;4-1-5;4-3-1;4-2-3;4-1-6;4-3-5;4-6-3;4-1-3;4-3-6,4-5-2;4-5-1;4-2-1;4-6-2,4-5-2;4-5-1;4-2-1;4-6-2;4-6-1;4-5-6,4-5-2;4-5-1;4-2-1;4-6-2;4-6-1;4-5-6;4-1-2;4-2-5,0,BREAK,51.839,0,54.39633333333334,0.36600000000000005,0.5437,1
1-3-4,0.576,2026-06-08,0.56545,0.5349999999999999,0.3386666666666666,0,1.54,0.8851,0,0,0,0,0.5712999999999999,2000,400,600,800,逃げ,0,0.5700000000000001,57.35000000000001,2300,fit,202606080101,0.332,0,0,0,0,57.949999999999996,59.947,59.12625,57.53009999999999,57.42249999999999,56.105,0.20000000000000007,0.63,0.19999999999999996,0.6,4-5-1;4-5-2;4-2-1;4-6-1;4-6-2;4-5-6;4-1-2;4-5-3;4-2-5;4-1-5;4-3-1;4-6-5;4-3-2;4-2-6;4-2-3;4-1-6;4-3-5;4-1-3;4-6-3;4-3-6,4-5-1;4-5-2;4-2-1;4-6-1,4-5-1;4-5-2;4-2-1;4-6-1;4-6-2;4-5-6,4-5-1;4-5-2;4-2-1;4-6-1;4-6-2;4-5-6;4-1-2;4-5-3,-0.5,BREAK,59.947,1,54.39633333333334,0.506,0.5549,1
3-4-6,0.328,2026-06-08,0.34195,0.28700000000000003,0.18200000000000002,0,1.431,0.8577,0,0,0,0,0.42600000000000005,2000,400,600,800,まくり差し,0,0.34199999999999997,34.440999999999995,10990,fit,202606080111,0.44,0,0,0,0,33.041000000000004,32.744,32.70974999999999,35.615500000000004,33.7385,31.196,-0.4,0.39,-0.6000000000000001,0.19999999999999996,4-5-1;4-5-2;4-6-1;4-5-6;4-2-1;4-6-2;4-1-5;4-5-3;4-6-5;4-1-2;4-2-5;4-3-1;4-1-6;4-2-6;4-3-5;4-1-3;4-3-2;4-6-3;4-2-3;4-3-6,4-5-1;4-5-2;4-6-1;4-5-6,4-5-1;4-5-2;4-6-1;4-5-6;4-2-1;4-6-2,4-5-1;4-5-2;4-6-1;4-5-6;4-2-1;4-6-2;4-1-5;4-5-3,-0.5,BREAK,32.744,0,54.39633333333334,0.754,0.3559,3
4-1-6,0.436,2026-06-08,0.4381999999999999,0.518,0.2786666666666666,1,-1.951,0.0123,1,0,0,0,0.48139999999999994,2000,400,600,800,抜き,0,0.43534999999999996,41.544,3820,fit,202606080506,0.8560000000000001,3820,0,0,0,41.609,41.300999999999995,41.104,42.67379999999999,41.718999999999994,45.299,0.19999999999999996,0.51,-0.4,0.3,4-5-2;4-5-1;4-6-2;4-6-1;4-2-1;4-5-6;4-1-2;4-2-6;4-1-6;4-6-5;4-2-5;4-3-2;4-3-1;4-1-5;4-5-3;4-6-3;4-2-3;4-3-6;4-1-3;4-3-5,4-5-2;4-5-1;4-6-2;4-6-1,4-5-2;4-5-1;4-6-2;4-6-1;4-2-1;4-5-6,4-5-2;4-5-1;4-6-2;4-6-1;4-2-1;4-5-6;4-1-2;4-2-6,0,BREAK,41.300999999999995,0,54.39633333333334,0.4000000000000001,0.4403999999999999,4
1-4-2,0.9313333333333333,2026-06-08,0.7257166666666667,0.7666666666666666,0.45199999999999996,0,0.78,0.6949,0,0,0,0,0.5237,2000,400,600,800,逃げ,0,0.91135,91.875,670,fit,202606080510,0.6319999999999999,0,0,0,0,93.87333333333333,82.77166666666666,84.53625,78.73689999999999,83.59249999999999,86.46333333333334,0.4,0.67,1.0,1.0,4-5-1;4-5-2;4-6-1;4-2-1;4-1-2;4-6-2;4-5-6;4-1-6;4-1-5;4-3-1;4-2-6;4-2-5;4-5-3;4-6-5;4-3-2;4-1-3;4-2-3;4-6-3;4-3-6;4-3-5,4-5-1;4-5-2;4-6-1;4-2-1,4-5-1;4-5-2;4-6-1;4-2-1;4-1-2;4-6-2,4-5-1;4-5-2;4-6-1;4-2-1;4-1-2;4-6-2;4-5-6;4-1-6,0,BREAK,82.77166666666666,1,54.39633333333334,0.398,0.5201,1
1-4-2,0.49533333333333335,2026-06-08,0.6127666666666667,0.6736666666666666,0.5213333333333333,0,-1.037,0.2408,0,0,0,0,0.6916,2000,400,600,800,逃げ,0,0.5093500000000001,49.85800000000001,1130,fit,202606080511,0.496,0,0,0,0,48.45633333333333,53.367666666666665,53.2555,56.2972,54.328,56.48133333333334,0.19999999999999996,0.51,0.20000000000000007,0.6000000000000001,4-5-1;4-5-2;4-2-1;4-6-1;4-1-2;4-6-2;4-1-5;4-5-6;4-3-1;4-2-5;4-1-6;4-5-3;4-6-5;4-2-6;4-1-3;4-3-2;4-2-3;4-3-5;4-6-3;4-3-6,4-5-1;4-5-2;4-2-1;4-6-1,4-5-1;4-5-2;4-2-1;4-6-1;4-1-2;4-6-2,4-5-1;4-5-2;4-2-1;4-6-1;4-1-2;4-6-2;4-1-5;4-5-6,0,BREAK,53.367666666666665,0,54.39633333333334,0.148,0.7302,1
1-3-5,0.6346666666666668,2026-06-08,0.5079333333333333,0.4673333333333334,0.5513333333333333,0,-1.042,0.2394,0,0,0,0,0.3918999999999999,2000,400,600,800,逃げ,0,0.6115,63.108000000000004,2010,fit,202606080811,0.46799999999999997,0,0,0,0,65.42466666666668,53.00733333333334,54.743,56.28180000000001,59.088000000000015,57.89466666666668,0.19999999999999996,0.66,-0.8,0.09999999999999998,4-5-1;4-6-1;4-5-2;4-5-6;4-2-1;4-6-2;4-1-6;4-3-1;4-1-2;4-6-5;4-1-5;4-5-3;4-2-6;4-6-3;4-1-3;4-2-5;4-3-6;4-3-2;4-3-5;4-2-3,4-5-1;4-6-1;4-5-2;4-5-6,4-5-1;4-6-1;4-5-2;4-5-6;4-2-1;4-6-2,4-5-1;4-6-1;4-5-2;4-5-6;4-2-1;4-6-2;4-1-6;4-3-1,0.5,BREAK,53.00733333333334,0,54.39633333333334,0.7000000000000001,0.3812,1
4-6-5,0.7373333333333334,2026-06-08,0.7648166666666667,0.7896666666666667,0.7106666666666668,1,1.601,0.9001,1,0,0,0,0.7164999999999999,2000,400,600,800,まくり,1,0.7312500000000001,73.536,3870,fit,202606080910,0.3,3870,0,0,0,74.14433333333334,74.03266666666667,74.32475,74.51050000000001,75.5185,76.49933333333335,0.6,0.74,0.4,0.7,4-5-1;4-5-2;4-6-1;4-5-6;4-2-1;4-6-2;4-1-5;4-1-2;4-6-5;4-1-6;4-5-3;4-3-1;4-2-5;4-2-6;4-1-3;4-6-3;4-3-5;4-3-2;4-3-6;4-2-3,4-5-1;4-5-2;4-6-1;4-5-6,4-5-1;4-5-2;4-6-1;4-5-6;4-2-1;4-6-2,4-5-1;4-5-2;4-6-1;4-5-6;4-2-1;4-6-2;4-1-5;4-1-2,-0.5,BREAK,74.03266666666667,1,54.39633333333334,0.15799999999999997,0.7923,4
6-1-3,0.6073333333333333,2026-06-08,0.6167666666666667,0.5796666666666667,0.12933333333333333,0,1.36,0.8399,0,0,0,0,0.6634,2000,400,600,800,まくり差し,0,0.6054499999999999,61.864999999999995,103980,fit,202606081011,0.236,0,0,0,0,62.05333333333333,60.90066666666667,62.432500000000005,63.56979999999999,62.525,60.808333333333344,-0.6,0.32000000000000006,1.0,1.0,4-5-1;4-5-2;4-6-1;4-5-6;4-2-1;4-6-2;4-1-2;4-5-3;4-1-5;4-6-5;4-3-1;4-2-5;4-1-6;4-2-6;4-3-2;4-1-3;4-3-5;4-6-3;4-2-3;4-3-6,4-5-1;4-5-2;4-6-1;4-5-6,4-5-1;4-5-2;4-6-1;4-5-6;4-2-1;4-6-2,4-5-1;4-5-2;4-6-1;4-5-6;4-2-1;4-6-2;4-1-2;4-5-3,0,BREAK,60.90066666666667,1,54.39633333333334,0.448,0.6262,6
1-3-5,0.7210000000000001,2026-06-08,0.729525,0.764,0.601,0,0.047,0.5116,0,0,0,0,0.6867,2000,400,600,800,逃げ,0,0.68705,68.71199999999999,1970,fit,202606081301,0.39,0,0,0,0,72.107,74.8655,73.385125,71.60815,72.53325,74.042,1.0,0.94,0.0,0.5,4-5-1;4-5-2;4-6-1;4-6-2;4-2-1;4-5-6;4-1-2;4-5-3;4-2-5;4-6-5;4-1-5;4-2-6;4-3-1;4-1-6;4-3-2;4-2-3;4-6-3;4-1-3;4-3-5;4-3-6,4-5-1;4-5-2;4-6-1;4-6-2,4-5-1;4-5-2;4-6-1;4-6-2;4-2-1;4-5-6,4-5-1;4-5-2;4-6-1;4-6-2;4-2-1;4-5-6;4-1-2;4-5-3,0,BREAK,74.8655,1,54.39633333333334,0.193,0.73805,1
1-3-4,0.7340000000000001,2026-06-08,0.568675,0.5475000000000001,0.245,0,0.047,0.5116,0,0,0,0,0.45640000000000003,2000,400,600,800,逃げ,0,0.7020500000000001,70.212,1930,fit,202606081302,0.518,0,0,0,0,73.407,63.05250000000001,64.283875,62.34005000000001,65.14075,65.0145,0.19999999999999996,0.66,0.0,0.5,4-5-1;4-5-2;4-5-6;4-6-1;4-6-2;4-5-3;4-2-1;4-6-5;4-2-5;4-1-2;4-1-5;4-3-1;4-2-6;4-1-6;4-3-2;4-3-5;4-6-3;4-2-3;4-1-3;4-3-6,4-5-1;4-5-2;4-5-6;4-6-1,4-5-1;4-5-2;4-5-6;4-6-1;4-6-2;4-5-3,4-5-1;4-5-2;4-5-6;4-6-1;4-6-2;4-5-3;4-2-1;4-6-5,0,BREAK,63.05250000000001,1,54.39633333333334,0.639,0.40335,1
1-2-4,0.541,2026-06-08,0.622725,0.618,0.569,0,0.047,0.5116,0,0,0,0,0.6635,2000,400,600,800,逃げ,0,0.51905,51.912,1760,fit,202606081307,0.27799999999999997,0,0,0,0,54.107,67.6895,63.515125000000005,59.25374999999999,58.19324999999999,57.571999999999996,1.0,0.94,0.0,0.5,4-5-1;4-6-1;4-5-2;4-5-6;4-6-2;4-2-1;4-5-3;4-3-1;4-6-5;4-1-6;4-1-5;4-1-2;4-6-3;4-1-3;4-2-6;4-2-5;4-3-6;4-3-5;4-3-2;4-2-3,4-5-1;4-6-1;4-5-2;4-5-6,4-5-1;4-6-1;4-5-2;4-5-6;4-6-2;4-2-1,4-5-1;4-6-1;4-5-2;4-5-6;4-6-2;4-2-1;4-5-3;4-3-1,0,BREAK,67.6895,1,54.39633333333334,0.30500000000000005,0.70445,1
1-3-2,0.533,2026-06-08,0.588225,0.5940000000000001,0.44499999999999995,0,0.047,0.5116,0,0,0,0,0.6301,2000,400,600,800,逃げ,0,0.52305,52.312,1420,fit,202606081310,0.378,0,0,0,0,53.307,61.335499999999996,58.932625,57.09994999999999,56.06824999999999,56.05200000000001,0.6,0.77,0.0,0.5,4-5-1;4-5-2;4-6-1;4-5-6;4-2-1;4-6-2;4-1-2;4-1-5;4-5-3;4-6-5;4-2-5;4-3-1;4-1-6;4-2-6;4-3-2;4-3-5;4-1-3;4-6-3;4-2-3;4-3-6,4-5-1;4-5-2;4-6-1;4-5-6,4-5-1;4-5-2;4-6-1;4-5-6;4-2-1;4-6-2,4-5-1;4-5-2;4-6-1;4-5-6;4-2-1;4-6-2;4-1-2;4-1-5,0,BREAK,61.335499999999996,1,54.39633333333334,0.345,0.6434500000000001,1
4-5-6,0.6619999999999999,2026-06-08,0.64955,0.6869999999999999,0.807,1,-0.824,0.2941,1,1,1,1,0.56995,2000,400,600,800,まくり,1,0.6597,65.106,3200,fit,202606081505,0.502,3200,3200,3200,3200,65.33599999999998,70.183,69.05475,62.93739999999999,64.7135,66.46099999999998,0.4,0.61,1.0,1.0,4-5-1;4-5-2;4-6-1;4-5-6;4-2-1;4-6-2;4-1-2;4-1-5;4-5-3;4-6-5;4-1-6;4-3-1;4-2-5;4-2-6;4-1-3;4-3-2;4-6-3;4-3-5;4-3-6;4-2-3,4-5-1;4-5-2;4-6-1;4-5-6,4-5-1;4-5-2;4-6-1;4-5-6;4-2-1;4-6-2,4-5-1;4-5-2;4-6-1;4-5-6;4-2-1;4-6-2;4-1-2;4-1-5,0,BREAK,70.183,1,54.39633333333334,0.28800000000000003,0.6371,4
4-6-1,0.854,2026-06-08,0.76685,0.728,0.3393333333333334,1,1.332,0.8331,1,1,1,1,0.6774,2000,400,600,800,まくり,1,0.8376999999999999,85.06199999999997,1760,fit,202606081506,0.176,1760,1760,1760,1760,86.69199999999998,90.30099999999999,88.22325000000001,80.19229999999997,82.33449999999998,81.02199999999999,0.8,0.93,1.0,1.0,4-5-1;4-5-2;4-6-1;4-2-1;4-6-2;4-1-2;4-5-6;4-3-1;4-5-3;4-1-6;4-2-6;4-3-2;4-1-5;4-2-5;4-6-5;4-1-3;4-2-3;4-6-3;4-3-6;4-3-5,4-5-1;4-5-2;4-6-1;4-2-1,4-5-1;4-5-2;4-6-1;4-2-1;4-6-2;4-1-2,4-5-1;4-5-2;4-6-1;4-2-1;4-6-2;4-1-2;4-5-6;4-3-1,0,BREAK,90.30099999999999,1,54.39633333333334,0.398,0.6797,4
1-2-4,0.4,2026-06-08,0.510625,0.47650000000000003,0.3466666666666667,0,-0.982,0.2544,0,0,0,0,0.6265499999999999,2000,400,600,800,逃げ,0,0.4324,42.218,1220,fit,202606081705,0.252,0,0,0,0,38.978,45.590500000000006,43.993625,47.28085,44.50925,42.42050000000001,0.25,0.6625,-0.6,0.2,4-5-1;4-5-2;4-6-1;4-5-6;4-6-2;4-6-5;4-5-3;4-2-1;4-1-6;4-1-5;4-1-2;4-3-1;4-2-6;4-2-5;4-6-3;4-3-6;4-3-5;4-3-2;4-1-3;4-2-3,4-5-1;4-5-2;4-6-1;4-5-6,4-5-1;4-5-2;4-6-1;4-5-6;4-6-2;4-6-5,4-5-1;4-5-2;4-6-1;4-5-6;4-6-2;4-6-5;4-5-3;4-2-1,0,BREAK,45.590500000000006,0,54.39633333333334,0.447,0.62125,1
1-5-4,0.31933333333333336,2026-06-08,0.3463666666666667,0.2896666666666667,0.5226666666666667,0,-1.934,0.0164,0,0,0,0,0.3897999999999999,2000,400,600,800,逃げ,0,0.3524,32.11600000000001,1680,fit,202606081708,0.416,0,0,0,0,28.809333333333335,34.18466666666667,32.70850000000001,31.170600000000004,30.161,27.474333333333337,-0.4,0.42000000000000004,-0.20000000000000007,0.39999999999999997,4-5-1;4-5-2;4-2-1;4-5-3;4-1-5;4-1-2;4-5-6;4-6-1;4-2-5;4-3-1;4-6-2;4-3-5;4-3-2;4-6-5;4-1-3;4-2-3;4-1-6;4-2-6;4-6-3;4-3-6,4-5-1;4-5-2;4-2-1;4-5-3,4-5-1;4-5-2;4-2-1;4-5-3;4-1-5;4-1-2,4-5-1;4-5-2;4-2-1;4-5-3;4-1-5;4-1-2;4-5-6;4-6-1,-0.5,BREAK,34.18466666666667,0,54.39633333333334,0.74,0.37340000000000007,1
1-3-2,0.6053333333333334,2026-06-08,0.5504166666666668,0.4716666666666667,0.43666666666666665,0,-1.026,0.2435,0,0,0,0,0.5067999999999999,2000,400,600,800,逃げ,0,0.6204000000000001,59.824000000000005,1070,fit,202606081709,0.21199999999999997,0,0,0,0,58.31733333333334,53.10166666666667,53.35775000000001,54.502100000000006,55.571500000000015,52.302333333333344,0.4,0.73,-0.6,0.2,4-5-1;4-5-2;4-2-1;4-5-3;4-6-1;4-3-1;4-1-2;4-5-6;4-1-5;4-6-2;4-2-5;4-3-2;4-1-3;4-3-5;4-6-5;4-2-3;4-1-6;4-2-6;4-6-3;4-3-6,4-5-1;4-5-2;4-2-1;4-5-3,4-5-1;4-5-2;4-2-1;4-5-3;4-6-1;4-3-1,4-5-1;4-5-2;4-2-1;4-5-3;4-6-1;4-3-1;4-1-2;4-5-6,-0.5,BREAK,53.10166666666667,0,54.39633333333334,0.662,0.49550000000000005,1
1-4-2,0.7746666666666667,2026-06-08,0.7244833333333334,0.7283333333333334,0.4686666666666667,0,-0.67,0.3324,0,0,0,0,0.6527999999999999,2000,400,600,800,逃げ,0,0.7844,77.72999999999999,1040,fit,202606081710,0.33999999999999997,0,0,0,0,76.75666666666666,68.11033333333333,69.78875000000001,72.5701,74.2475,74.67166666666667,0.6,0.77,-0.19999999999999996,0.4,4-5-1;4-5-2;4-6-1;4-5-6;4-2-1;4-6-2;4-1-2;4-5-3;4-1-5;4-3-1;4-6-5;4-1-6;4-2-5;4-2-6;4-1-3;4-3-2;4-3-5;4-6-3;4-2-3;4-3-6,4-5-1;4-5-2;4-6-1;4-5-6,4-5-1;4-5-2;4-6-1;4-5-6;4-2-1;4-6-2,4-5-1;4-5-2;4-6-1;4-5-6;4-2-1;4-6-2;4-1-2;4-5-3,0,BREAK,68.11033333333333,1,54.39633333333334,0.318,0.6743,1
1-2-4,0.518,2026-06-08,0.60335,0.596,0.4,0,0.09,0.5226,0,0,0,0,0.6755,2000,400,600,800,逃げ,0,0.5464,54.690000000000005,730,fit,202606081711,0.284,0,0,0,0,51.85000000000001,55.90100000000001,55.65375,57.8755,56.11750000000001,55.36000000000001,0.20000000000000007,0.54,0.20000000000000007,0.6000000000000001,4-5-1;4-5-2;4-6-1;4-5-6;4-2-1;4-6-2;4-5-3;4-1-2;4-1-5;4-6-5;4-2-5;4-3-1;4-1-6;4-2-6;4-3-2;4-3-5;4-1-3;4-6-3;4-2-3;4-3-6,4-5-1;4-5-2;4-6-1;4-5-6,4-5-1;4-5-2;4-6-1;4-5-6;4-2-1;4-6-2,4-5-1;4-5-2;4-6-1;4-5-6;4-2-1;4-6-2;4-5-3;4-1-2,0,BREAK,55.90100000000001,1,54.39633333333334,0.326,0.6887,1
2-3-4,0.59,2026-06-08,0.514475,0.5255,0.22499999999999998,0,1.021,0.7551,0,0,0,0,0.48919999999999997,2000,400,600,800,逃げ,0,0.5814499999999999,57.97599999999999,1540,fit,202606081808,0.602,0,0,0,0,58.831,47.2005,50.392875000000004,54.347649999999994,55.05475,55.9285,-0.4,0.33,0.0,0.5,4-5-2;4-5-1;4-6-2;4-5-6;4-6-1;4-2-1;4-2-6;4-6-5;4-2-5;4-1-2;4-5-3;4-1-6;4-1-5;4-3-2;4-6-3;4-2-3;4-3-1;4-3-6;4-3-5;4-1-3,4-5-2;4-5-1;4-6-2;4-5-6,4-5-2;4-5-1;4-6-2;4-5-6;4-6-1;4-2-1,4-5-2;4-5-1;4-6-2;4-5-6;4-6-1;4-2-1;4-2-6;4-6-5,-0.5,BREAK,47.2005,0,54.39633333333334,0.539,0.43894999999999995,2
1-4-2,0.637,2026-06-08,0.597175,0.723,0.46299999999999997,0,1.07,0.7674,0,0,0,0,0.5525,2000,400,600,800,逃げ,0,0.62245,63.275,3960,fit,202606081809,0.9099999999999999,0,0,0,0,64.72999999999999,59.3695,60.539375,61.67625,62.73875,68.59999999999998,0.4,0.5800000000000001,0.0,0.5,4-5-2;4-5-1;4-2-1;4-1-2;4-6-2;4-6-1;4-2-5;4-5-6;4-2-6;4-3-2;4-1-5;4-3-1;4-5-3;4-2-3;4-1-6;4-6-5;4-1-3;4-3-5;4-6-3;4-3-6,4-5-2;4-5-1;4-2-1;4-1-2,4-5-2;4-5-1;4-2-1;4-1-2;4-6-2;4-6-1,4-5-2;4-5-1;4-2-1;4-1-2;4-6-2;4-6-1;4-2-5;4-5-6,0,BREAK,59.3695,1,54.39633333333334,0.191,0.55735,1
1-3-4,0.76,2026-06-08,0.76035,0.767,0.39666666666666667,0,1.453,0.8632,0,0,0,0,0.737,2000,400,600,800,逃げ,0,0.73225,74.63799999999999,1180,fit,202606082102,0.264,0,0,0,0,77.413,79.74,78.72175,76.91749999999999,77.4305,77.728,0.8,0.8700000000000001,0.4,0.7,4-5-1;4-5-2;4-5-6;4-6-1;4-6-5;4-1-5;4-5-3;4-6-2;4-2-1;4-1-6;4-2-5;4-1-2;4-3-1;4-3-5;4-2-6;4-6-3;4-1-3;4-3-6;4-3-2;4-2-3,4-5-1;4-5-2;4-5-6;4-6-1,4-5-1;4-5-2;4-5-6;4-6-1;4-6-5;4-1-5,4-5-1;4-5-2;4-5-6;4-6-1;4-6-5;4-1-5;4-5-3;4-6-2,0,BREAK,79.74,1,54.39633333333334,0.22600000000000003,0.7606999999999999,1
1-3-2,0.3686666666666667,2026-06-08,0.3654833333333333,0.35533333333333333,0.5706666666666667,0,0.304,0.5759,0,0,0,0,0.37249999999999994,2000,400,600,800,逃げ,0,0.36224999999999996,36.489,1570,fit,202606082104,0.6,0,0,0,0,37.13066666666667,41.25633333333334,40.74775000000001,37.1195,36.971500000000006,36.53066666666667,-0.6,0.23000000000000004,0.6,0.8,4-5-1;4-5-2;4-6-1;4-2-1;4-1-2;4-3-1;4-1-5;4-5-6;4-6-2;4-5-3;4-1-6;4-2-5;4-1-3;4-3-2;4-6-5;4-2-6;4-2-3;4-3-5;4-6-3;4-3-6,4-5-1;4-5-2;4-6-1;4-2-1,4-5-1;4-5-2;4-6-1;4-2-1;4-1-2;4-3-1,4-5-1;4-5-2;4-6-1;4-2-1;4-1-2;4-3-1;4-1-5;4-5-6,0,BREAK,41.25633333333334,0,54.39633333333334,0.658,0.36229999999999996,1
1-5-3,0.6733333333333333,2026-06-08,0.7497166666666667,0.7976666666666667,0.35800000000000004,0,1.152,0.788,0,0,0,0,0.7978000000000001,2000,400,600,800,逃げ,0,0.64625,65.737,2040,fit,202606082110,0.352,0,0,0,0,68.44533333333332,74.87966666666667,73.48825000000001,73.4751,72.2645,74.04033333333334,0.8,0.81,0.4,0.7,4-5-1;4-5-2;4-5-6;4-6-1;4-2-1;4-6-2;4-2-5;4-6-5;4-1-5;4-1-2;4-5-3;4-2-6;4-1-6;4-3-1;4-3-5;4-3-2;4-2-3;4-6-3;4-1-3;4-3-6,4-5-1;4-5-2;4-5-6;4-6-1,4-5-1;4-5-2;4-5-6;4-6-1;4-2-1;4-6-2,4-5-1;4-5-2;4-5-6;4-6-1;4-2-1;4-6-2;4-2-5;4-6-5,0,BREAK,74.87966666666667,1,54.39633333333334,0.07799999999999999,0.8261000000000001,1
4-2-5,0.7113333333333334,2026-06-08,0.6355166666666667,0.6526666666666667,0.3913333333333333,1,0.588,0.6471,1,0,0,0,0.5668,2000,400,600,800,まくり,1,0.68725,72.313,3100,fit,202606082408,0.504,3100,0,0,0,74.72133333333333,63.01566666666667,65.42925000000002,69.2671,70.9305,72.08133333333333,0.6,0.65,-0.4,0.3,4-5-1;4-5-2;4-6-1;4-2-1;4-5-6;4-1-5;4-1-2;4-5-3;4-2-5;4-6-2;4-6-5;4-3-1;4-1-6;4-2-6;4-3-5;4-1-3;4-3-2;4-2-3;4-6-3;4-3-6,4-5-1;4-5-2;4-6-1;4-2-1,4-5-1;4-5-2;4-6-1;4-2-1;4-5-6;4-1-5,4-5-1;4-5-2;4-6-1;4-2-1;4-5-6;4-1-5;4-1-2;4-5-3,0.5,BREAK,63.01566666666667,1,54.39633333333334,0.406,0.5597,4
1-3-4,0.37533333333333335,2026-06-09,0.40116666666666667,0.32766666666666666,0.3686666666666667,0,-0.774,0.3064,0,0,0,0,0.4587,2000,400,600,800,逃げ,0,0.39000000000000007,38.18600000000001,1560,fit,202606090109,0.3,0,0,0,0,36.71933333333334,26.59866666666667,30.5285,39.3284,38.010999999999996,34.574333333333335,-1.0,0.09000000000000002,-0.4,0.3,4-5-1;4-5-2;4-6-1;4-6-2;4-5-6;4-2-1;4-5-3;4-1-2;4-3-1;4-6-5;4-2-6;4-2-5;4-3-2;4-1-6;4-1-5;4-6-3;4-2-3;4-3-6;4-1-3;4-3-5,4-5-1;4-5-2;4-6-1;4-6-2,4-5-1;4-5-2;4-6-1;4-6-2;4-5-6;4-2-1,4-5-1;4-5-2;4-6-1;4-6-2;4-5-6;4-2-1;4-5-3;4-1-2,0,BREAK,26.59866666666667,0,54.39633333333334,0.72,0.42700000000000005,1
3-4-5,0.3706666666666667,2026-06-09,0.39768333333333333,0.34833333333333333,0.594,0,1.212,0.803,0,0,0,0,0.4226,2000,400,600,800,まくり,0,0.40135,41.307,1030,fit,202606090505,0.392,0,0,0,0,38.238666666666674,36.62433333333334,38.14075000000001,40.191700000000004,39.58950000000001,37.23366666666667,-0.8,0.16000000000000003,0.19999999999999996,0.6,4-5-1;4-5-2;4-6-1;4-3-1;4-5-3;4-2-1;4-1-2;4-5-6;4-6-2;4-3-2;4-1-3;4-1-5;4-2-3;4-3-5;4-6-3;4-2-5;4-1-6;4-6-5;4-3-6;4-2-6,4-5-1;4-5-2;4-6-1;4-3-1,4-5-1;4-5-2;4-6-1;4-3-1;4-5-3;4-2-1,4-5-1;4-5-2;4-6-1;4-3-1;4-5-3;4-2-1;4-1-2;4-5-6,0,BREAK,36.62433333333334,0,54.39633333333334,0.674,0.42469999999999997,3
2-1-4,0.5193333333333334,2026-06-09,0.5677666666666668,0.5376666666666667,0.35533333333333333,0,1.934,0.9836,0,0,0,0,0.6209,2000,400,600,800,差し,0,0.53735,55.629,1720,fit,202606090507,0.27199999999999996,0,0,0,0,53.82733333333334,52.35066666666667,53.96150000000001,57.5148,56.24900000000001,54.65233333333334,-0.4,0.33,0.4,0.7,4-5-1;4-5-2;4-5-6;4-5-3;4-2-5;4-2-1;4-6-1;4-6-2;4-6-5;4-1-5;4-1-2;4-3-5;4-3-1;4-3-2;4-2-6;4-2-3;4-1-6;4-6-3;4-1-3;4-3-6,4-5-1;4-5-2;4-5-6;4-5-3,4-5-1;4-5-2;4-5-6;4-5-3;4-2-5;4-2-1,4-5-1;4-5-2;4-5-6;4-5-3;4-2-5;4-2-1;4-6-1;4-6-2,0,BREAK,52.35066666666667,0,54.39633333333334,0.44400000000000006,0.6162,2
4-6-5,0.6126666666666667,2026-06-09,0.5774333333333334,0.5683333333333334,0.5073333333333334,1,-1.617,0.0958,1,0,0,1,0.5348999999999999,2000,400,600,800,まくり,1,0.6093,59.272999999999996,13730,fit,202606090609,0.424,13730,0,0,13730,59.60966666666667,46.406333333333336,50.88550000000001,56.8418,57.84800000000001,57.61466666666668,-0.6000000000000001,0.22999999999999998,0.20000000000000007,0.6000000000000001,4-5-1;4-6-1;4-5-2;4-5-6;4-2-1;4-6-2;4-1-5;4-6-5;4-1-6;4-1-2;4-5-3;4-3-1;4-2-5;4-2-6;4-1-3;4-6-3;4-3-5;4-3-6;4-3-2;4-2-3,4-5-1;4-6-1;4-5-2;4-5-6,4-5-1;4-6-1;4-5-2;4-5-6;4-2-1;4-6-2,4-5-1;4-6-1;4-5-2;4-5-6;4-2-1;4-6-2;4-1-5;4-6-5,0,BREAK,46.406333333333336,0,54.39633333333334,0.47600000000000003,0.5422,4
1-3-6,0.49533333333333335,2026-06-09,0.4917666666666666,0.41966666666666663,0.21466666666666667,0,0.714,0.6785,0,0,0,0,0.5337999999999998,2000,400,600,800,逃げ,0,0.51125,51.799,1430,fit,202606090906,0.244,0,0,0,0,50.20733333333333,38.61866666666667,42.1815,50.94659999999999,50.02899999999999,46.80233333333334,-0.6000000000000001,0.32,-0.6,0.2,4-6-1;4-5-1;4-5-6;4-6-2;4-5-2;4-6-5;4-1-6;4-6-3;4-5-3;4-3-6;4-3-1;4-2-6;4-2-1;4-1-2;4-1-5;4-1-3;4-3-2;4-3-5;4-2-5;4-2-3,4-6-1;4-5-1;4-5-6;4-6-2,4-6-1;4-5-1;4-5-6;4-6-2;4-5-2;4-6-5,4-6-1;4-5-1;4-5-6;4-6-2;4-5-2;4-6-5;4-1-6;4-6-3,0,BREAK,38.61866666666667,0,54.39633333333334,0.6560000000000001,0.48819999999999986,1
1-3-5,0.5960000000000001,2026-06-09,0.47925000000000006,0.38300000000000006,0.5773333333333333,0,-0.758,0.3105,0,0,0,0,0.3729,2000,400,600,800,逃げ,0,0.58525,57.727000000000004,930,fit,202606090907,0.28,0,0,0,0,58.80200000000001,47.07500000000001,49.023250000000004,50.391300000000015,52.9645,49.217000000000006,-0.19999999999999996,0.55,-0.6,0.2,4-5-1;4-5-2;4-5-3;4-5-6;4-1-5;4-6-1;4-2-1;4-3-1;4-2-5;4-3-5;4-6-5;4-1-2;4-6-2;4-1-3;4-3-2;4-1-6;4-2-3;4-6-3;4-2-6;4-3-6,4-5-1;4-5-2;4-5-3;4-5-6,4-5-1;4-5-2;4-5-3;4-5-6;4-1-5;4-6-1,4-5-1;4-5-2;4-5-3;4-5-6;4-1-5;4-6-1;4-2-1;4-3-1,0,BREAK,47.07500000000001,0,54.39633333333334,0.83,0.36250000000000004,1
1-3-6,0.3746666666666667,2026-06-09,0.5480833333333334,0.5603333333333333,0.8426666666666667,0,0.047,0.5116,0,0,0,0,0.6367,2000,400,600,800,逃げ,0,0.3751,37.516999999999996,1800,fit,202606091110,0.32399999999999995,0,0,0,0,37.47366666666667,50.17933333333334,48.39575,48.440900000000006,46.1445,45.82866666666667,-0.20000000000000007,0.45999999999999996,0.4,0.7,4-5-1;4-6-1;4-2-1;4-5-2;4-1-6;4-5-6;4-1-2;4-6-2;4-1-5;4-3-1;4-6-5;4-2-6;4-2-5;4-1-3;4-5-3;4-6-3;4-3-6;4-3-2;4-2-3;4-3-5,4-5-1;4-6-1;4-2-1;4-5-2,4-5-1;4-6-1;4-2-1;4-5-2;4-1-6;4-5-6,4-5-1;4-6-1;4-2-1;4-5-2;4-1-6;4-5-6;4-1-2;4-6-2,0,BREAK,50.17933333333334,0,54.39633333333334,0.254,0.7215,1
1-2-4,0.6193333333333334,2026-06-09,0.5569166666666667,0.5586666666666666,0.5606666666666666,0,1.141,0.7852,0,0,0,0,0.48619999999999997,2000,400,600,800,逃げ,0,0.6136999999999999,62.47099999999999,2770,fit,202606091504,0.512,0,0,0,0,63.034333333333336,50.86066666666667,53.59725000000001,58.2329,59.9135,60.30433333333334,0.19999999999999996,0.54,-0.6000000000000001,0.19999999999999996,4-5-1;4-5-2;4-6-1;4-2-1;4-5-6;4-6-2;4-1-2;4-5-3;4-3-1;4-1-5;4-6-5;4-2-5;4-1-6;4-2-6;4-3-2;4-1-3;4-6-3;4-2-3;4-3-5;4-3-6,4-5-1;4-5-2;4-6-1;4-2-1,4-5-1;4-5-2;4-6-1;4-2-1;4-5-6;4-6-2,4-5-1;4-5-2;4-6-1;4-2-1;4-5-6;4-6-2;4-1-2;4-5-3,0,BREAK,50.86066666666667,0,54.39633333333334,0.5020000000000001,0.49449999999999994,1
1-6-5,0.334,2026-06-09,0.40915,0.42000000000000004,0.5446666666666666,0,0.424,0.606,0,0,0,0,0.4798,2000,400,600,800,逃げ,0,0.3697,36.204,4110,fit,202606091512,0.556,0,0,0,0,32.634,40.20900000000001,39.72275000000001,38.0961,36.3915,36.504000000000005,-0.6,0.17000000000000004,0.8,0.9,4-5-1;4-5-2;4-6-1;4-5-6;4-2-1;4-6-2;4-1-2;4-1-5;4-2-5;4-6-5;4-5-3;4-1-6;4-2-6;4-3-1;4-3-2;4-3-5;4-1-3;4-2-3;4-6-3;4-3-6,4-5-1;4-5-2;4-6-1;4-5-6,4-5-1;4-5-2;4-6-1;4-5-6;4-2-1;4-6-2,4-5-1;4-5-2;4-6-1;4-5-6;4-2-1;4-6-2;4-1-2;4-1-5,-0.5,BREAK,40.20900000000001,0,54.39633333333334,0.49399999999999994,0.48429999999999995,1
1-3-4,0.43,2026-06-09,0.61,0.659,0.4146666666666667,0,0.616,0.6539,0,0,0,0,0.7586,2000,400,600,800,逃げ,0,0.4724,47.816,600,fit,202606091704,0.39199999999999996,0,0,0,0,43.576,57.13600000000001,55.226,56.2052,52.576,53.881,0.19999999999999996,0.51,0.6,0.8,4-5-1;4-6-1;4-5-2;4-5-6;4-6-2;4-2-1;4-1-2;4-5-3;4-6-5;4-1-6;4-3-1;4-1-5;4-2-6;4-2-5;4-6-3;4-3-2;4-1-3;4-3-6;4-3-5;4-2-3,4-5-1;4-6-1;4-5-2;4-5-6,4-5-1;4-6-1;4-5-2;4-5-6;4-6-2;4-2-1,4-5-1;4-6-1;4-5-2;4-5-6;4-6-2;4-2-1;4-1-2;4-5-3,0,BREAK,57.13600000000001,1,54.39633333333334,0.11199999999999999,0.79,1
4-2-5,0.749,2026-06-09,0.605725,0.566,0.35100000000000003,1,0.211,0.5527,1,0,0,0,0.4909999999999999,2000,400,600,800,差し,0,0.73845,77.056,11980,fit,202606091805,0.39,11980,0,0,0,78.111,59.7375,64.214125,68.13675,70.94725,69.87599999999999,-0.4,0.42000000000000004,0.0,0.5,4-5-1;4-6-1;4-5-2;4-6-2;4-5-6;4-2-1;4-3-1;4-1-2;4-1-6;4-5-3;4-6-5;4-2-6;4-6-3;4-3-2;4-3-6;4-1-5;4-1-3;4-2-5;4-2-3;4-3-5,4-5-1;4-6-1;4-5-2;4-6-2,4-5-1;4-6-1;4-5-2;4-6-2;4-5-6;4-2-1,4-5-1;4-6-1;4-5-2;4-6-2;4-5-6;4-2-1;4-3-1;4-1-2,0.5,BREAK,59.7375,1,54.39633333333334,0.6170000000000001,0.4624499999999999,4
4-3-1,0.32066666666666666,2026-06-09,0.41313333333333335,0.4103333333333333,0.64,1,0.047,0.5116,1,0,0,0,0.4838,2000,400,600,800,差し,0,0.3159,30.447,17180,fit,202606092308,0.484,17180,0,0,0,30.92366666666666,25.538333333333334,28.412,37.28659999999999,35.547,34.958666666666666,-0.6,0.17000000000000004,-0.6000000000000001,0.19999999999999996,4-5-1;4-5-2;4-5-6;4-2-1;4-6-1;4-1-5;4-2-5;4-1-2;4-6-2;4-5-3;4-6-5;4-3-1;4-1-6;4-2-6;4-3-5;4-3-2;4-1-3;4-2-3;4-6-3;4-3-6,4-5-1;4-5-2;4-5-6;4-2-1,4-5-1;4-5-2;4-5-6;4-2-1;4-6-1;4-1-5,4-5-1;4-5-2;4-5-6;4-2-1;4-6-1;4-1-5;4-2-5;4-1-2,-0.5,BREAK,25.538333333333334,0,54.39633333333334,0.5,0.5056,4
1-2-3,0.5146666666666667,2026-06-09,0.6694833333333334,0.6943333333333334,0.2853333333333333,0,-1.272,0.1819,0,0,0,0,0.8075,2000,400,600,800,逃げ,0,0.5052500000000001,48.06300000000001,1940,fit,202606092403,0.268,0,0,0,0,49.00466666666667,58.77833333333334,57.26175,60.09150000000001,56.745500000000014,57.08966666666667,0.4,0.67,0.19999999999999996,0.6,4-5-1;4-6-1;4-5-2;4-5-6;4-2-1;4-6-2;4-6-5;4-5-3;4-1-5;4-1-6;4-3-1;4-1-2;4-2-5;4-2-6;4-6-3;4-1-3;4-3-5;4-3-6;4-3-2;4-2-3,4-5-1;4-6-1;4-5-2;4-5-6,4-5-1;4-6-1;4-5-2;4-5-6;4-2-1;4-6-2,4-5-1;4-6-1;4-5-2;4-5-6;4-2-1;4-6-2;4-6-5;4-5-3,-0.5,BREAK,58.77833333333334,1,54.39633333333334,0.126,0.8243,1
1-4-5,0.5046666666666667,2026-06-09,0.5730833333333334,0.5713333333333334,0.36600000000000005,0,1.185,0.7962,0,0,0,0,0.6404000000000001,2000,400,600,800,逃げ,0,0.48925,50.07000000000001,640,fit,202606092405,0.352,0,0,0,0,51.61166666666667,52.097333333333346,51.758750000000006,56.65030000000001,55.032500000000006,54.61166666666668,0.4,0.73,-0.8,0.09999999999999998,4-5-1;4-5-2;4-6-1;4-5-6;4-1-5;4-5-3;4-2-1;4-6-5;4-3-1;4-1-2;4-2-5;4-1-6;4-6-2;4-3-5;4-1-3;4-2-6;4-6-3;4-3-2;4-3-6;4-2-3,4-5-1;4-5-2;4-6-1;4-5-6,4-5-1;4-5-2;4-6-1;4-5-6;4-1-5;4-5-3,4-5-1;4-5-2;4-6-1;4-5-6;4-1-5;4-5-3;4-2-1;4-6-5,0,BREAK,52.097333333333346,0,54.39633333333334,0.362,0.6415,1
4-5-1,0.5533333333333333,2026-06-10,0.6055166666666667,0.5456666666666666,0.7313333333333334,1,-0.927,0.2681,1,1,1,1,0.6002,2000,400,600,800,まくり,1,0.56335,55.368,5420,fit,202606100507,0.12,5420,5420,5420,5420,54.36633333333334,47.756666666666675,51.504250000000006,56.962900000000005,56.97550000000001,54.02133333333333,-0.8,0.16000000000000003,0.6000000000000001,0.8,4-5-1;4-6-1;4-5-6;4-5-2;4-1-5;4-6-5;4-5-3;4-1-6;4-2-1;4-3-1;4-6-2;4-1-2;4-2-5;4-3-5;4-1-3;4-6-3;4-2-6;4-3-6;4-3-2;4-2-3,4-5-1;4-6-1;4-5-6;4-5-2,4-5-1;4-6-1;4-5-6;4-5-2;4-1-5;4-6-5,4-5-1;4-6-1;4-5-6;4-5-2;4-1-5;4-6-5;4-5-3;4-1-6,0,BREAK,47.756666666666675,0,54.39633333333334,0.462,0.6577,4
4-1-6,0.336,2026-06-10,0.4075,0.39,0.5359999999999999,1,0.933,0.7332,1,0,0,0,0.477,2000,400,600,800,まくり差し,0,0.36135,40.068,14450,fit,202606100512,0.45599999999999996,14450,0,0,0,37.533,41.171,41.3605,42.78,41.108000000000004,39.96300000000001,-0.4,0.24,0.19999999999999996,0.6,4-5-1;4-5-2;4-6-1;4-2-1;4-5-6;4-1-2;4-6-2;4-1-5;4-1-6;4-3-1;4-6-5;4-5-3;4-2-5;4-2-6;4-1-3;4-3-2;4-6-3;4-3-5;4-2-3;4-3-6,4-5-1;4-5-2;4-6-1;4-2-1,4-5-1;4-5-2;4-6-1;4-2-1;4-5-6;4-1-2,4-5-1;4-5-2;4-6-1;4-2-1;4-5-6;4-1-2;4-6-2;4-1-5,0.5,BREAK,41.171,0,54.39633333333334,0.556,0.479,4
4-6-3,0.692,2026-06-10,0.5995999999999999,0.566,0.07866666666666668,1,-1.305,0.1737,1,0,0,0,0.5698,2000,400,600,800,まくり,1,0.6812999999999999,69.82499999999999,39060,fit,202606100612,0.36799999999999994,39060,0,0,0,70.89499999999998,68.503,68.26499999999999,65.43459999999999,66.275,65.225,0.4,0.67,0.4,0.7,4-5-2;4-5-1;4-5-6;4-6-2;4-2-5;4-6-5;4-5-3;4-6-1;4-2-1;4-1-5;4-1-2;4-2-6;4-3-5;4-3-2;4-1-6;4-3-1;4-2-3;4-6-3;4-3-6;4-1-3,4-5-2;4-5-1;4-5-6;4-6-2,4-5-2;4-5-1;4-5-6;4-6-2;4-2-5;4-6-5,4-5-2;4-5-1;4-5-6;4-6-2;4-2-5;4-6-5;4-5-3;4-6-1,0.5,BREAK,68.503,1,54.39633333333334,0.56,0.5072,4
1-4-2,0.47833333333333333,2026-06-10,0.5066666666666667,0.4541666666666667,0.5291666666666667,0,-1.54,0.1149,0,0,0,0,0.526125,2000,400,600,800,逃げ,0,0.51,48.27,650,fit,202606100709,0.27,0,0,0,0,45.10333333333334,50.69666666666667,48.695000000000014,47.00475,46.52000000000001,44.01583333333334,0.25,0.7,-0.25,0.375,4-5-1;4-6-1;4-5-2;4-5-6;4-6-2;4-2-1;4-6-5;4-1-6;4-1-5;4-1-2;4-5-3;4-2-6;4-2-5;4-3-1;4-6-3;4-1-3;4-3-6;4-3-5;4-3-2;4-2-3,4-5-1;4-6-1;4-5-2;4-5-6,4-5-1;4-6-1;4-5-2;4-5-6;4-6-2;4-2-1,4-5-1;4-6-1;4-5-2;4-5-6;4-6-2;4-2-1;4-6-5;4-1-6,-0.5,BREAK,50.69666666666667,0,54.39633333333334,0.57,0.535,1
4-1-5,0.948,2026-06-10,0.80115,0.8049999999999999,0.5566666666666666,1,-0.681,0.3297,1,0,0,1,0.6225999999999999,2000,400,600,800,まくり差し,0,0.9400000000000001,92.129,1200,fit,202606100710,0.36,1200,0,0,1200,92.929,80.85600000000001,83.67775,81.3647,85.5865,86.494,0.19999999999999996,0.63,1.0,1.0,4-5-1;4-5-2;4-6-1;4-2-1;4-5-6;4-1-2;4-6-2;4-1-5;4-1-6;4-6-5;4-2-5;4-3-1;4-5-3;4-2-6;4-1-3;4-3-2;4-6-3;4-3-5;4-2-3;4-3-6,4-5-1;4-5-2;4-6-1;4-2-1,4-5-1;4-5-2;4-6-1;4-2-1;4-5-6;4-1-2,4-5-1;4-5-2;4-6-1;4-2-1;4-5-6;4-1-2;4-6-2;4-1-5,-0.5,BREAK,80.85600000000001,1,54.39633333333334,0.338,0.6543,4
4-1-6,0.474,2026-06-10,0.5703,0.585,0.36000000000000004,1,-1.321,0.1696,1,0,0,0,0.6624,2000,400,600,800,まくり差し,0,0.47725,46.364000000000004,11110,fit,202606100903,0.388,11110,0,0,0,46.039,48.59700000000001,48.656499999999994,53.0728,50.854000000000006,51.03399999999999,0.20000000000000007,0.54,-0.20000000000000007,0.39999999999999997,4-5-2;4-5-1;4-6-2;4-6-1;4-5-6;4-2-1;4-1-2;4-2-6;4-5-3;4-6-5;4-2-5;4-3-2;4-3-1;4-1-6;4-1-5;4-6-3;4-2-3;4-3-6;4-1-3;4-3-5,4-5-2;4-5-1;4-6-2;4-6-1,4-5-2;4-5-1;4-6-2;4-6-1;4-5-6;4-2-1,4-5-2;4-5-1;4-6-2;4-6-1;4-5-6;4-2-1;4-1-2;4-2-6,0,BREAK,48.59700000000001,0,54.39633333333334,0.304,0.6666,4
1-4-3,0.7506666666666667,2026-06-10,0.6551333333333333,0.6733333333333333,0.416,0,0.085,0.5212,0,0,0,0,0.563,2000,400,600,800,逃げ,0,0.73125,73.16999999999999,3410,fit,202606100910,0.508,0,0,0,0,75.11166666666666,72.72633333333333,72.04999999999998,68.11699999999999,70.335,71.63166666666665,0.6,0.8300000000000001,0.19999999999999996,0.6,4-5-1;4-6-1;4-5-2;4-5-6;4-6-2;4-2-1;4-1-6;4-1-2;4-6-5;4-1-5;4-3-1;4-2-6;4-5-3;4-2-5;4-6-3;4-1-3;4-3-6;4-3-2;4-2-3;4-3-5,4-5-1;4-6-1;4-5-2;4-5-6,4-5-1;4-6-1;4-5-2;4-5-6;4-6-2;4-2-1,4-5-1;4-6-1;4-5-2;4-5-6;4-6-2;4-2-1;4-1-6;4-1-2,0,BREAK,72.72633333333333,1,54.39633333333334,0.4040000000000001,0.5596,1
1-5-4,0.41333333333333333,2026-06-10,0.35701666666666665,0.22366666666666668,0.5266666666666667,0,-1.896,0.026,0,0,0,0,0.3285,2000,400,600,800,逃げ,0,0.4051,38.574000000000005,3900,fit,202606101104,0.20399999999999996,0,0,0,0,39.397333333333336,32.217666666666666,33.42275,35.841499999999996,36.5815,30.862333333333332,-0.4,0.42000000000000004,-0.8,0.09999999999999998,4-5-1;4-5-2;4-5-3;4-5-6;4-3-1;4-6-1;4-3-5;4-1-5;4-2-1;4-6-5;4-1-3;4-3-2;4-2-5;4-6-2;4-1-2;4-6-3;4-2-3;4-3-6;4-1-6;4-2-6,4-5-1;4-5-2;4-5-3;4-5-6,4-5-1;4-5-2;4-5-3;4-5-6;4-3-1;4-6-1,4-5-1;4-5-2;4-5-3;4-5-6;4-3-1;4-6-1;4-3-5;4-1-5,0,BREAK,32.217666666666666,0,54.39633333333334,0.966,0.30069999999999997,1
1-3-2,0.4313333333333333,2026-06-10,0.3999166666666667,0.4086666666666666,0.7346666666666668,0,-1.031,0.2421,0,0,0,0,0.3529,2000,400,600,800,逃げ,0,0.42310000000000003,41.239000000000004,3490,fit,202606101111,0.6639999999999999,0,0,0,0,42.06233333333333,36.12466666666667,38.380250000000004,39.394299999999994,40.4915,41.04233333333333,-0.8,0.16000000000000003,0.19999999999999996,0.6,4-5-1;4-5-2;4-6-1;4-2-1;4-1-2;4-5-6;4-1-5;4-6-2;4-3-1;4-5-3;4-2-5;4-1-6;4-6-5;4-2-6;4-1-3;4-3-2;4-3-5;4-2-3;4-6-3;4-3-6,4-5-1;4-5-2;4-6-1;4-2-1,4-5-1;4-5-2;4-6-1;4-2-1;4-1-2;4-5-6,4-5-1;4-5-2;4-6-1;4-2-1;4-1-2;4-5-6;4-1-5;4-6-2,0,BREAK,36.12466666666667,0,54.39633333333334,0.614,0.36850000000000005,1
3-1-2,0.188,2026-06-10,0.371125,0.37549999999999994,0.437,0,1.042,0.7606,0,0,0,0,0.5555,2000,400,600,800,まくり差し,0,0.20404999999999995,21.406999999999996,5550,fit,202606101304,0.462,0,0,0,0,19.802000000000003,34.24850000000001,31.900125000000003,33.380750000000006,28.958250000000003,28.2395,-0.4,0.33,0.0,0.5,4-5-1;4-5-2;4-6-1;4-5-6;4-6-2;4-2-1;4-5-3;4-6-5;4-1-2;4-3-1;4-1-5;4-1-6;4-2-5;4-2-6;4-6-3;4-3-2;4-3-5;4-1-3;4-3-6;4-2-3,4-5-1;4-5-2;4-6-1;4-5-6,4-5-1;4-5-2;4-6-1;4-5-6;4-6-2;4-2-1,4-5-1;4-5-2;4-6-1;4-5-6;4-6-2;4-2-1;4-5-3;4-6-5,0,BREAK,34.24850000000001,0,54.39633333333334,0.43700000000000006,0.5542499999999999,3
3-2-1,0.4713333333333334,2026-06-10,0.5023166666666667,0.46066666666666667,0.41933333333333334,0,0.047,0.5116,0,0,0,0,0.5409999999999999,2000,400,600,800,まくり差し,0,0.48,48.007,5440,fit,202606101409,0.312,0,0,0,0,47.14033333333334,53.65066666666667,52.41824999999999,49.6025,48.6895,46.660333333333334,-0.4,0.45,0.6,0.8,4-5-1;4-5-2;4-5-3;4-2-1;4-3-1;4-6-1;4-1-2;4-3-2;4-6-2;4-5-6;4-2-3;4-2-5;4-1-3;4-1-5;4-3-5;4-6-3;4-6-5;4-2-6;4-1-6;4-3-6,4-5-1;4-5-2;4-5-3;4-2-1,4-5-1;4-5-2;4-5-3;4-2-1;4-3-1;4-6-1,4-5-1;4-5-2;4-5-3;4-2-1;4-3-1;4-6-1;4-1-2;4-3-2,0,BREAK,53.65066666666667,0,54.39633333333334,0.55,0.5333,3
1-3-6,0.24666666666666667,2026-06-10,0.4461333333333334,0.4713333333333333,0.7606666666666666,0,0.047,0.5116,0,0,0,0,0.5843,2000,400,600,800,逃げ,0,0.27999999999999997,28.006999999999998,2170,fit,202606101410,0.44799999999999995,0,0,0,0,24.67366666666667,39.196333333333335,36.627,38.08560000000001,34.647,34.78366666666666,0.19999999999999996,0.48,-0.19999999999999996,0.4,4-5-1;4-5-2;4-6-1;4-5-6;4-1-5;4-2-1;4-5-3;4-3-1;4-1-2;4-6-5;4-1-6;4-6-2;4-2-5;4-1-3;4-3-5;4-3-2;4-6-3;4-2-6;4-3-6;4-2-3,4-5-1;4-5-2;4-6-1;4-5-6,4-5-1;4-5-2;4-6-1;4-5-6;4-1-5;4-2-1,4-5-1;4-5-2;4-6-1;4-5-6;4-1-5;4-2-1;4-5-3;4-3-1,0,BREAK,39.196333333333335,0,54.39633333333334,0.304,0.6456000000000001,1
1-6-5,0.768,2026-06-10,0.647075,0.6525,0.513,0,1.77,0.9425,0,0,0,0,0.5202,2000,400,600,800,逃げ,0,0.72345,74.07499999999999,8400,fit,202606101806,0.494,0,0,0,0,78.52999999999999,68.25549999999998,69.926875,69.45064999999998,72.48374999999999,73.3325,0.19999999999999996,0.6900000000000001,0.0,0.5,4-5-1;4-6-1;4-5-6;4-5-2;4-6-2;4-1-6;4-2-1;4-6-5;4-1-2;4-3-1;4-2-6;4-1-5;4-5-3;4-6-3;4-3-6;4-1-3;4-2-5;4-3-2;4-3-5;4-2-3,4-5-1;4-6-1;4-5-6;4-5-2,4-5-1;4-6-1;4-5-6;4-5-2;4-6-2;4-1-6,4-5-1;4-6-1;4-5-6;4-5-2;4-6-2;4-1-6;4-2-1;4-6-5,0,BREAK,68.25549999999998,1,54.39633333333334,0.463,0.5261499999999999,1
1-5-2,0.449,2026-06-10,0.466475,0.481,0.40700000000000003,0,1.683,0.9207,0,0,0,0,0.5001,2000,400,600,800,逃げ,0,0.4504500000000001,45.53800000000001,2330,fit,202606101809,0.57,0,0,0,0,45.393,41.0345,43.014875,47.041450000000005,46.26675,46.833000000000006,-0.4,0.2700000000000001,0.0,0.5,4-5-1;4-6-1;4-5-2;4-2-1;4-5-6;4-1-2;4-6-2;4-3-1;4-1-5;4-5-3;4-1-6;4-6-5;4-1-3;4-2-5;4-2-6;4-3-2;4-6-3;4-3-5;4-2-3;4-3-6,4-5-1;4-6-1;4-5-2;4-2-1,4-5-1;4-6-1;4-5-2;4-2-1;4-5-6;4-1-2,4-5-1;4-6-1;4-5-2;4-2-1;4-5-6;4-1-2;4-6-2;4-3-1,-0.5,BREAK,41.0345,0,54.39633333333334,0.48700000000000004,0.48395,1
2-1-6,0.29,2026-06-10,0.449025,0.5045,0.627,0,-1.174,0.2066,0,0,0,0,0.5720000000000001,2000,400,600,800,,0,0.29345,26.980999999999998,5260,fit,202606101810,0.598,0,0,0,0,26.635999999999996,42.3365,38.961625000000005,37.61075,34.587250000000004,36.288500000000006,0.4,0.55,0.0,0.5,4-5-1;4-6-1;4-5-2;4-2-1;4-5-6;4-6-2;4-1-2;4-1-6;4-1-5;4-6-5;4-3-1;4-2-6;4-2-5;4-5-3;4-1-3;4-3-2;4-6-3;4-3-6;4-2-3;4-3-5,4-5-1;4-6-1;4-5-2;4-2-1,4-5-1;4-6-1;4-5-2;4-2-1;4-5-6;4-6-2,4-5-1;4-6-1;4-5-2;4-2-1;4-5-6;4-6-2;4-1-2;4-1-6,-0.5,BREAK,42.3365,0,54.39633333333334,0.28099999999999997,0.60805,0
4-1-2,0.734,2026-06-10,0.7125999999999999,0.6649999999999999,0.22933333333333333,1,-1.508,0.1231,1,0,0,0,0.7038,2000,400,600,800,まくり差し,0,0.7039,67.69200000000001,4600,fit,202606102305,0.13199999999999998,4600,0,0,0,70.70200000000001,70.666,70.07700000000001,69.3956,69.632,67.59700000000001,0.6,0.8300000000000001,0.19999999999999996,0.6,4-5-1;4-5-2;4-5-6;4-2-1;4-6-1;4-5-3;4-6-2;4-2-5;4-1-2;4-1-5;4-6-5;4-3-1;4-3-2;4-2-6;4-3-5;4-1-6;4-2-3;4-1-3;4-6-3;4-3-6,4-5-1;4-5-2;4-5-6;4-2-1,4-5-1;4-5-2;4-5-6;4-2-1;4-6-1;4-5-3,4-5-1;4-5-2;4-5-6;4-2-1;4-6-1;4-5-3;4-6-2;4-2-5,-0.5,BREAK,70.666,1,54.39633333333334,0.4040000000000001,0.6911999999999999,4
3-1-2,0.5193333333333334,2026-06-10,0.42741666666666667,0.3486666666666667,0.35333333333333333,0,-1.743,0.0643,0,0,0,0,0.38329999999999986,2000,400,600,800,まくり,0,0.5179,48.857000000000006,3160,fit,202606102308,0.372,0,0,0,0,49.000333333333344,30.39666666666667,35.92575,43.250099999999996,44.404500000000006,41.320333333333345,-0.8,0.07000000000000006,-0.19999999999999996,0.4,4-5-1;4-5-2;4-5-3;4-5-6;4-6-1;4-2-1;4-3-1;4-6-2;4-1-2;4-1-5;4-6-5;4-2-5;4-3-2;4-3-5;4-1-3;4-6-3;4-2-3;4-1-6;4-2-6;4-3-6,4-5-1;4-5-2;4-5-3;4-5-6,4-5-1;4-5-2;4-5-3;4-5-6;4-6-1;4-2-1,4-5-1;4-5-2;4-5-3;4-5-6;4-6-1;4-2-1;4-3-1;4-6-2,-0.5,BREAK,30.39666666666667,0,54.39633333333334,0.8220000000000001,0.3354999999999999,3
1-4-6,0.6113333333333334,2026-06-10,0.5186166666666667,0.4986666666666667,0.4006666666666667,0,2.0,1.0,0,0,0,0,0.45219999999999994,2000,400,600,800,逃げ,0,0.5899,59.8,1010,fit,202606102310,0.5,0,0,0,0,61.94333333333334,61.01966666666667,60.928750000000015,55.660900000000005,57.307500000000005,56.87333333333334,-0.19999999999999996,0.4600000000000001,0.8,0.9,4-5-1;4-6-1;4-2-1;4-5-2;4-6-2;4-1-2;4-1-6;4-5-6;4-2-6;4-3-1;4-1-5;4-2-5;4-3-2;4-6-5;4-1-3;4-5-3;4-2-3;4-6-3;4-3-6;4-3-5,4-5-1;4-6-1;4-2-1;4-5-2,4-5-1;4-6-1;4-2-1;4-5-2;4-6-2;4-1-2,4-5-1;4-6-1;4-2-1;4-5-2;4-6-2;4-1-2;4-1-6;4-5-6,-0.5,BREAK,61.01966666666667,1,54.39633333333334,0.614,0.42589999999999995,1
4-1-2,0.34,2026-06-10,0.4183,0.43999999999999995,0.4493333333333333,1,0.298,0.5746,1,0,1,1,0.5044,2000,400,600,800,恵まれ,0,0.33925,33.033,4660,fit,202606102411,0.584,4660,0,4660,4660,33.108000000000004,39.63400000000001,39.06550000000001,39.073800000000006,37.023,37.608000000000004,-0.4,0.2700000000000001,0.4,0.7,4-5-1;4-5-2;4-6-1;4-2-1;4-1-2;4-6-2;4-5-6;4-3-1;4-5-3;4-1-5;4-2-5;4-1-6;4-3-2;4-6-5;4-1-3;4-2-6;4-2-3;4-3-5;4-6-3;4-3-6,4-5-1;4-5-2;4-6-1;4-2-1,4-5-1;4-5-2;4-6-1;4-2-1;4-1-2;4-6-2,4-5-1;4-5-2;4-6-1;4-2-1;4-1-2;4-6-2;4-5-6;4-3-1,-0.5,BREAK,39.63400000000001,0,54.39633333333334,0.4600000000000001,0.49659999999999993,4
5-6-2,0.6686666666666667,2026-06-11,0.5472833333333333,0.5133333333333334,0.24800000000000003,0,-0.933,0.2668,0,0,0,0,0.47529999999999994,2000,400,600,800,まくり,0,0.686,66.477,73460,fit,202606110704,0.44799999999999995,0,0,0,0,64.74366666666667,50.105333333333334,53.905750000000005,56.84810000000001,58.67450000000001,57.75366666666668,-0.4,0.33,0.19999999999999996,0.6,4-5-1;4-5-2;4-6-1;4-5-6;4-5-3;4-2-1;4-1-5;4-1-2;4-3-1;4-2-5;4-6-2;4-6-5;4-3-5;4-1-6;4-1-3;4-3-2;4-2-6;4-2-3;4-6-3;4-3-6,4-5-1;4-5-2;4-6-1;4-5-6,4-5-1;4-5-2;4-6-1;4-5-6;4-5-3;4-2-1,4-5-1;4-5-2;4-6-1;4-5-6;4-5-3;4-2-1;4-1-5;4-1-2,-0.5,BREAK,50.105333333333334,0,54.39633333333334,0.642,0.42590000000000006,5
1-4-5,0.198,2026-06-11,0.24639999999999995,0.133,0.36600000000000005,0,0.9,0.725,0,0,0,0,0.34729999999999994,2000,400,600,800,逃げ,0,0.252,24.909999999999997,9000,fit,202606110705,0.284,0,0,0,0,19.509999999999998,12.102000000000002,14.99,24.246599999999994,21.929999999999996,16.584999999999997,-1.0,0.06000000000000005,-1.0,0.0,4-5-1;4-5-2;4-5-3;4-6-1;4-5-6;4-3-1;4-6-5;4-6-2;4-6-3;4-3-5;4-1-5;4-2-1;4-3-6;4-1-3;4-1-6;4-3-2;4-1-2;4-2-5;4-2-3;4-2-6,4-5-1;4-5-2;4-5-3;4-6-1,4-5-1;4-5-2;4-5-3;4-6-1;4-5-6;4-3-1,4-5-1;4-5-2;4-5-3;4-6-1;4-5-6;4-3-1;4-6-5;4-6-2,-0.5,BREAK,12.102000000000002,0,54.39633333333334,0.9319999999999999,0.29479999999999995,1
1-2-4,0.27666666666666667,2026-06-11,0.4700333333333333,0.5323333333333333,0.8180000000000001,0,-0.731,0.3174,0,0,0,0,0.5902999999999999,2000,400,600,800,逃げ,0,0.30999999999999994,29.07899999999999,1690,fit,202606110711,0.5680000000000001,0,0,0,0,25.745666666666665,44.50633333333334,40.6965,38.4466,35.413999999999994,37.250666666666675,0.20000000000000007,0.54,0.19999999999999996,0.6,4-5-1;4-5-2;4-6-1;4-5-6;4-2-1;4-1-5;4-1-2;4-6-2;4-5-3;4-6-5;4-3-1;4-1-6;4-2-5;4-1-3;4-2-6;4-3-5;4-3-2;4-6-3;4-2-3;4-3-6,4-5-1;4-5-2;4-6-1;4-5-6,4-5-1;4-5-2;4-6-1;4-5-6;4-2-1;4-1-5,4-5-1;4-5-2;4-6-1;4-5-6;4-2-1;4-1-5;4-1-2;4-6-2,-0.5,BREAK,44.50633333333334,0,54.39633333333334,0.212,0.6634,1
2-4-6,0.7753333333333333,2026-06-11,0.7250166666666666,0.7806666666666666,0.29333333333333333,0,0.566,0.6416,0,0,0,0,0.6787000000000001,2000,400,600,800,まくり,0,0.7472500000000001,74.10100000000001,2930,fit,202606110903,0.532,0,0,0,0,76.90933333333334,71.42566666666667,71.91475000000001,73.27390000000001,74.3935,77.14933333333335,0.8,0.87,-0.19999999999999996,0.4,4-5-1;4-5-2;4-6-1;4-6-2;4-2-1;4-5-6;4-1-2;4-5-3;4-2-6;4-2-5;4-3-1;4-3-2;4-6-5;4-1-6;4-2-3;4-1-5;4-6-3;4-3-6;4-1-3;4-3-5,4-5-1;4-5-2;4-6-1;4-6-2,4-5-1;4-5-2;4-6-1;4-6-2;4-2-1;4-5-6,4-5-1;4-5-2;4-6-1;4-6-2;4-2-1;4-5-6;4-1-2;4-5-3,-0.5,BREAK,71.42566666666667,1,54.39633333333334,0.214,0.6747,2
1-2-4,0.33266666666666667,2026-06-11,0.4017833333333333,0.35733333333333334,0.5046666666666667,0,0.364,0.591,0,0,0,0,0.47519999999999996,2000,400,600,800,逃げ,0,0.33925,33.099,330,fit,202606110910,0.364,0,0,0,0,32.440666666666665,41.16433333333333,37.925250000000005,37.649899999999995,35.8965,33.550666666666665,0.6000000000000001,0.77,-1.0,0.0,4-5-1;4-2-1;4-5-2;4-6-1;4-1-2;4-6-2;4-3-1;4-1-5;4-5-6;4-1-6;4-5-3;4-1-3;4-2-5;4-3-2;4-2-6;4-2-3;4-6-5;4-6-3;4-3-5;4-3-6,4-5-1;4-2-1;4-5-2;4-6-1,4-5-1;4-2-1;4-5-2;4-6-1;4-1-2;4-6-2,4-5-1;4-2-1;4-5-2;4-6-1;4-1-2;4-6-2;4-3-1;4-1-5,-0.5,BREAK,41.16433333333333,0,54.39633333333334,0.618,0.4709,1
4-2-5,0.8853333333333334,2026-06-11,0.8041166666666667,0.8296666666666668,0.32266666666666666,1,0.244,0.5609,1,0,0,1,0.7157,2000,400,600,800,まくり,1,0.8591000000000001,86.114,3960,fit,202606111105,0.372,3960,0,0,3960,88.73733333333334,88.11566666666666,87.12025000000001,82.56889999999999,84.6765,86.23233333333334,1.0,0.97,0.6000000000000001,0.8,4-5-1;4-5-2;4-5-3;4-5-6;4-2-1;4-1-5;4-6-1;4-2-5;4-1-2;4-3-1;4-6-5;4-6-2;4-3-5;4-3-2;4-1-3;4-2-3;4-1-6;4-2-6;4-6-3;4-3-6,4-5-1;4-5-2;4-5-3;4-5-6,4-5-1;4-5-2;4-5-3;4-5-6;4-2-1;4-1-5,4-5-1;4-5-2;4-5-3;4-5-6;4-2-1;4-1-5;4-6-1;4-2-5,0,BREAK,88.11566666666666,1,54.39633333333334,0.22599999999999998,0.7229,4
6-4-1,0.5066666666666667,2026-06-11,0.4895333333333334,0.49933333333333335,0.5813333333333334,0,-1.529,0.1176,0,0,0,0,0.46419999999999995,2000,400,600,800,まくり差し,0,0.5051,48.940999999999995,45950,fit,202606111108,0.564,0,0,0,0,49.097666666666676,45.04833333333334,46.836000000000006,47.64940000000001,48.24100000000001,48.76766666666668,-0.4,0.27,0.4,0.7,4-5-1;4-6-1;4-5-2;4-5-6;4-2-1;4-6-2;4-1-6;4-6-5;4-1-5;4-1-2;4-3-1;4-5-3;4-2-6;4-6-3;4-2-5;4-1-3;4-3-6;4-3-5;4-3-2;4-2-3,4-5-1;4-6-1;4-5-2;4-5-6,4-5-1;4-6-1;4-5-2;4-5-6;4-2-1;4-6-2,4-5-1;4-6-1;4-5-2;4-5-6;4-2-1;4-6-2;4-1-6;4-6-5,0,BREAK,45.04833333333334,0,54.39633333333334,0.508,0.47240000000000004,6
1-2-5,0.13533333333333336,2026-06-11,0.33681666666666665,0.2846666666666666,0.584,0,0.599,0.6498,0,0,0,0,0.5206999999999999,2000,400,600,800,逃げ,0,0.15710000000000002,16.269000000000002,420,fit,202606111111,0.268,0,0,0,0,14.092333333333338,23.16466666666667,22.692750000000004,28.614900000000002,24.166500000000003,20.812333333333335,-0.8,0.19000000000000006,-0.4,0.3,4-5-1;4-5-2;4-6-1;4-2-1;4-5-6;4-6-2;4-1-2;4-1-5;4-6-5;4-2-5;4-1-6;4-5-3;4-2-6;4-3-1;4-3-2;4-1-3;4-3-5;4-6-3;4-2-3;4-3-6,4-5-1;4-5-2;4-6-1;4-2-1,4-5-1;4-5-2;4-6-1;4-2-1;4-5-6;4-6-2,4-5-1;4-5-2;4-6-1;4-2-1;4-5-6;4-6-2;4-1-2;4-1-5,0,BREAK,23.16466666666667,0,54.39633333333334,0.5660000000000001,0.5383,1
1-3-2,0.543,2026-06-11,0.651025,0.675,0.48500000000000004,0,1.825,0.9562,0,0,0,0,0.7221,2000,400,600,800,逃げ,0,0.53705,55.49000000000001,2080,fit,202606111304,0.32999999999999996,0,0,0,0,56.08500000000001,61.4495,60.680625,63.265950000000004,61.48625,62.025000000000006,0.4,0.67,0.0,0.5,4-5-1;4-5-2;4-6-1;4-5-6;4-2-1;4-6-2;4-1-2;4-1-5;4-6-5;4-5-3;4-1-6;4-3-1;4-2-5;4-2-6;4-1-3;4-3-2;4-6-3;4-3-5;4-2-3;4-3-6,4-5-1;4-5-2;4-6-1;4-5-6,4-5-1;4-5-2;4-6-1;4-5-6;4-2-1;4-6-2,4-5-1;4-5-2;4-6-1;4-5-6;4-2-1;4-6-2;4-1-2;4-1-5,0,BREAK,61.4495,1,54.39633333333334,0.193,0.75905,1
1-2-4,0.27399999999999997,2026-06-11,0.358375,0.2875,0.5429999999999999,0,0.927,0.7319,0,0,0,0,0.44589999999999996,2000,400,600,800,逃げ,0,0.29005000000000003,29.892000000000003,1220,fit,202606111308,0.29399999999999993,0,0,0,0,28.286999999999995,34.0465,33.506375,34.60005,32.50575,28.894499999999997,-0.6,0.26,0.0,0.5,4-5-1;4-5-2;4-6-1;4-2-1;4-5-6;4-1-2;4-5-3;4-3-1;4-6-2;4-1-5;4-2-5;4-1-6;4-6-5;4-1-3;4-3-2;4-2-6;4-3-5;4-2-3;4-6-3;4-3-6,4-5-1;4-5-2;4-6-1;4-2-1,4-5-1;4-5-2;4-6-1;4-2-1;4-5-6;4-1-2,4-5-1;4-5-2;4-6-1;4-2-1;4-5-6;4-1-2;4-5-3;4-3-1,0,BREAK,34.0465,0,54.39633333333334,0.699,0.4427500000000001,1
,0.44599999999999995,2026-06-11,0.574025,0.5665,0.723,0,1.798,0.9494,0,0,0,0,0.6384000000000001,2000,400,600,800,逃げ,0,0.46205,47.963,0,fit,202606111311,0.27,0,0,0,0,46.358,46.6065,48.248625000000004,54.43155000000001,52.75925,51.7805,-0.19999999999999996,0.34,0.0,0.5,4-5-1;4-6-1;4-5-2;4-5-6;4-2-1;4-6-2;4-1-5;4-5-3;4-1-2;4-3-1;4-1-6;4-6-5;4-2-5;4-1-3;4-2-6;4-6-3;4-3-5;4-3-2;4-3-6;4-2-3,4-5-1;4-6-1;4-5-2;4-5-6,4-5-1;4-6-1;4-5-2;4-5-6;4-2-1;4-6-2,4-5-1;4-6-1;4-5-2;4-5-6;4-2-1;4-6-2;4-1-5;4-5-3,0,BREAK,46.6065,0,54.39633333333334,0.31299999999999994,0.7020500000000001,1
1-4-3,0.4166666666666667,2026-06-11,0.4163833333333333,0.47133333333333327,0.434,0,-1.343,0.1642,0,0,0,0,0.43779999999999997,2000,400,600,800,逃げ,0,0.426,40.06700000000001,3770,fit,202606111411,0.788,0,0,0,0,39.13366666666667,43.301333333333346,42.443250000000006,39.59010000000001,39.1195,41.59366666666668,-0.20000000000000007,0.37000000000000005,0.4,0.7,4-5-1;4-5-2;4-2-1;4-1-2;4-6-1;4-6-2;4-5-3;4-3-1;4-5-6;4-2-5;4-3-2;4-1-5;4-2-3;4-2-6;4-1-3;4-6-5;4-1-6;4-3-5;4-6-3;4-3-6,4-5-1;4-5-2;4-2-1;4-1-2,4-5-1;4-5-2;4-2-1;4-1-2;4-6-1;4-6-2,4-5-1;4-5-2;4-2-1;4-1-2;4-6-1;4-6-2;4-5-3;4-3-1,-0.5,BREAK,43.301333333333346,0,54.39633333333334,0.4740000000000001,0.4160999999999999,1
5-3-6,0.2513333333333333,2026-06-11,0.3399666666666667,0.36166666666666664,0.5793333333333334,0,1.852,0.9631,0,0,0,0,0.42710000000000004,2000,400,600,800,まくり差し,0,0.2737,28.032,86830,fit,202606111510,0.6519999999999999,0,0,0,0,25.79533333333333,35.138666666666666,33.6145,32.3212,30.226999999999997,30.760333333333325,-0.4,0.2700000000000001,0.19999999999999996,0.6,4-5-1;4-5-2;4-2-1;4-6-1;4-6-2;4-1-2;4-5-6;4-2-6;4-2-5;4-3-1;4-5-3;4-1-6;4-1-5;4-3-2;4-6-5;4-2-3;4-1-3;4-6-3;4-3-6;4-3-5,4-5-1;4-5-2;4-2-1;4-6-1,4-5-1;4-5-2;4-2-1;4-6-1;4-6-2;4-1-2,4-5-1;4-5-2;4-2-1;4-6-1;4-6-2;4-1-2;4-5-6;4-2-6,-0.5,BREAK,35.138666666666666,0,54.39633333333334,0.528,0.4286000000000001,5
4-2-3,0.6366666666666667,2026-06-11,0.44253333333333333,0.3403333333333333,0.20600000000000002,1,0.047,0.5116,1,0,0,0,0.3316999999999999,2000,400,600,800,まくり,1,0.6338,63.387,3070,fit,202606111603,0.372,3070,0,0,0,63.67366666666667,42.12433333333334,46.437000000000005,51.14039999999999,53.967000000000006,50.338666666666676,-0.4,0.42000000000000004,-0.8,0.09999999999999998,4-5-1;4-5-2;4-5-3;4-2-1;4-6-1;4-6-2;4-1-2;4-3-1;4-5-6;4-3-2;4-2-5;4-2-3;4-1-5;4-3-5;4-1-3;4-6-5;4-2-6;4-6-3;4-1-6;4-3-6,4-5-1;4-5-2;4-5-3;4-2-1,4-5-1;4-5-2;4-5-3;4-2-1;4-6-1;4-6-2,4-5-1;4-5-2;4-5-3;4-2-1;4-6-1;4-6-2;4-1-2;4-3-1,0,BREAK,42.12433333333334,0,54.39633333333334,0.9560000000000001,0.24839999999999995,4
1-2-4,0.2806666666666666,2026-06-11,0.4493833333333333,0.4833333333333333,0.5893333333333334,0,0.047,0.5116,0,0,0,0,0.5864999999999999,2000,400,600,800,逃げ,0,0.30379999999999996,29.236999999999995,510,fit,202606111604,0.508,0,0,0,0,26.923666666666662,44.983333333333334,41.118249999999996,38.713499999999996,35.35949999999999,36.04366666666666,0.19999999999999996,0.54,0.20000000000000007,0.6000000000000001,4-5-1;4-5-2;4-2-1;4-6-1;4-1-2;4-1-5;4-3-1;4-5-6;4-6-2;4-5-3;4-2-5;4-3-2;4-1-6;4-1-3;4-6-5;4-2-6;4-2-3;4-3-5;4-6-3;4-3-6,4-5-1;4-5-2;4-2-1;4-6-1,4-5-1;4-5-2;4-2-1;4-6-1;4-1-2;4-1-5,4-5-1;4-5-2;4-2-1;4-6-1;4-1-2;4-1-5;4-3-1;4-5-6,-0.5,BREAK,44.983333333333334,0,54.39633333333334,0.314,0.6181,1
4-2-5,0.6446666666666667,2026-06-11,0.6158333333333333,0.6683333333333333,0.21400000000000002,1,0.047,0.5116,1,0,0,0,0.6161,2000,400,600,800,抜き,0,0.6378,62.637,2070,fit,202606111608,0.608,2070,0,0,0,63.32366666666667,62.664333333333325,62.439499999999995,61.8302,61.882,64.38866666666668,0.4,0.67,0.19999999999999996,0.6,4-5-1;4-5-2;4-2-1;4-6-1;4-5-6;4-6-2;4-1-2;4-5-3;4-2-5;4-1-5;4-6-5;4-3-1;4-2-6;4-3-2;4-1-6;4-3-5;4-2-3;4-1-3;4-6-3;4-3-6,4-5-1;4-5-2;4-2-1;4-6-1,4-5-1;4-5-2;4-2-1;4-6-1;4-5-6;4-6-2,4-5-1;4-5-2;4-2-1;4-6-1;4-5-6;4-6-2;4-1-2;4-5-3,-0.5,BREAK,62.664333333333325,1,54.39633333333334,0.30800000000000005,0.587,4
2-1-6,0.5746666666666667,2026-06-11,0.5641833333333334,0.6303333333333334,0.516,0,0.047,0.5116,0,0,0,0,0.5423,2000,400,600,800,差し,0,0.5758000000000001,56.43700000000001,4630,fit,202606111611,0.692,0,0,0,0,56.32366666666667,53.59133333333334,54.54825,55.2971,55.79950000000001,58.82866666666666,0.20000000000000007,0.48000000000000004,0.19999999999999996,0.6,4-5-1;4-5-2;4-2-1;4-6-1;4-6-2;4-1-2;4-5-6;4-3-1;4-2-6;4-3-2;4-1-6;4-2-5;4-5-3;4-1-5;4-2-3;4-6-5;4-1-3;4-6-3;4-3-6;4-3-5,4-5-1;4-5-2;4-2-1;4-6-1,4-5-1;4-5-2;4-2-1;4-6-1;4-6-2;4-1-2,4-5-1;4-5-2;4-2-1;4-6-1;4-6-2;4-1-2;4-5-6;4-3-1,-0.5,BREAK,53.59133333333334,0,54.39633333333334,0.31399999999999995,0.5537000000000001,2
1-2-3,0.5586666666666666,2026-06-11,0.5631833333333334,0.5103333333333333,0.7300000000000001,0,-1.535,0.1163,0,0,0,0,0.5237999999999999,2000,400,600,800,逃げ,0,0.5299,50.26500000000001,720,fit,202606112301,0.236,0,0,0,0,53.14166666666667,49.54133333333334,49.80125000000001,52.5101,53.36750000000001,50.966666666666676,0.4,0.73,-0.8,0.09999999999999998,4-5-1;4-5-2;4-2-1;4-6-1;4-1-2;4-3-1;4-1-5;4-5-3;4-5-6;4-1-3;4-6-2;4-1-6;4-2-5;4-3-2;4-6-5;4-3-5;4-2-3;4-2-6;4-6-3;4-3-6,4-5-1;4-5-2;4-2-1;4-6-1,4-5-1;4-5-2;4-2-1;4-6-1;4-1-2;4-3-1,4-5-1;4-5-2;4-2-1;4-6-1;4-1-2;4-3-1;4-1-5;4-5-3,-0.5,BREAK,49.54133333333334,0,54.39633333333334,0.538,0.5677,1
1-3-2,0.4926666666666667,2026-06-11,0.4441833333333333,0.3353333333333333,0.5546666666666666,0,0.665,0.6662,0,0,0,0,0.40470000000000006,2000,400,600,800,逃げ,0,0.46590000000000004,47.215,720,fit,202606112312,0.19999999999999996,0,0,0,0,49.89166666666667,49.38333333333334,48.236250000000005,46.5019,47.4675,42.811666666666675,0.19999999999999996,0.6900000000000001,-0.6,0.2,4-5-1;4-6-1;4-5-2;4-2-1;4-5-6;4-3-1;4-6-2;4-1-2;4-5-3;4-1-6;4-1-5;4-6-5;4-1-3;4-6-3;4-2-6;4-3-2;4-2-5;4-3-6;4-3-5;4-2-3,4-5-1;4-6-1;4-5-2;4-2-1,4-5-1;4-6-1;4-5-2;4-2-1;4-5-6;4-3-1,4-5-1;4-6-1;4-5-2;4-2-1;4-5-6;4-3-1;4-6-2;4-1-2,0,BREAK,49.38333333333334,0,54.39633333333334,0.8220000000000001,0.39569999999999994,1
4-5-1,0.512,2026-06-12,0.5404,0.546,0.44899999999999995,1,-1.179,0.2052,1,1,1,1,0.5660499999999999,2000,400,600,800,まくり,1,0.5243,54.251,970,fit,202606120307,0.45200000000000007,970,970,970,970,53.021,63.84500000000001,60.111,55.062099999999994,54.440999999999995,54.55100000000001,0.8,0.8400000000000001,0.0,0.5,4-5-1;4-5-2;4-5-6;4-6-1;4-5-3;4-1-5;4-2-1;4-2-5;4-6-5;4-1-2;4-6-2;4-3-1;4-3-5;4-1-6;4-1-3;4-3-2;4-2-6;4-2-3;4-6-3;4-3-6,4-5-1;4-5-2;4-5-6;4-6-1,4-5-1;4-5-2;4-5-6;4-6-1;4-5-3;4-1-5,4-5-1;4-5-2;4-5-6;4-6-1;4-5-3;4-1-5;4-2-1;4-2-5,0.5,BREAK,63.84500000000001,1,54.39633333333334,0.42000000000000004,0.5688,4
5-2-6,0.7273333333333334,2026-06-12,0.7448166666666667,0.7486666666666667,0.4293333333333333,0,-1.245,0.1888,0,0,0,0,0.7335,2000,400,600,800,まくり差し,0,0.6934499999999999,66.90999999999998,5640,fit,202606121008,0.252,0,0,0,0,70.29833333333333,76.34666666666666,74.47875,70.9585,71.1725,71.25833333333334,0.6,0.86,0.6,0.8,4-5-1;4-5-2;4-5-6;4-6-1;4-6-2;4-6-5;4-2-1;4-2-5;4-2-6;4-5-3;4-1-2;4-1-5;4-1-6;4-3-1;4-6-3;4-3-2;4-3-5;4-3-6;4-2-3;4-1-3,4-5-1;4-5-2;4-5-6;4-6-1,4-5-1;4-5-2;4-5-6;4-6-1;4-6-2;4-6-5,4-5-1;4-5-2;4-5-6;4-6-1;4-6-2;4-6-5;4-2-1;4-2-5,-0.5,BREAK,76.34666666666666,1,54.39633333333334,0.23,0.7623,5
1-2-4,0.6913333333333334,2026-06-12,0.6458666666666667,0.6556666666666667,0.8133333333333334,0,1.436,0.8591,0,0,0,0,0.5382,2000,400,600,800,逃げ,0,0.6771,69.10600000000001,720,fit,202606121108,0.436,0,0,0,0,70.52933333333333,60.23066666666667,62.796000000000014,65.79639999999999,68.25600000000001,68.92433333333334,0.4,0.5800000000000001,-0.19999999999999996,0.4,4-5-1;4-5-2;4-2-1;4-1-2;4-6-1;4-6-2;4-1-5;4-2-5;4-3-1;4-5-6;4-5-3;4-3-2;4-1-6;4-2-6;4-1-3;4-2-3;4-6-5;4-3-5;4-6-3;4-3-6,4-5-1;4-5-2;4-2-1;4-1-2,4-5-1;4-5-2;4-2-1;4-1-2;4-6-1;4-6-2,4-5-1;4-5-2;4-2-1;4-1-2;4-6-1;4-6-2;4-1-5;4-2-5,0,BREAK,60.23066666666667,1,54.39633333333334,0.37999999999999995,0.6004,1
2-4-1,0.608,2026-06-12,0.47919999999999996,0.49599999999999994,0.456,0,1.765,0.9412,0,0,0,0,0.37919999999999987,2000,400,600,800,差し,0,0.622,62.775000000000006,2290,fit,202606121408,0.712,0,0,0,0,61.375,49.423,53.275000000000006,52.477399999999996,54.935,56.335,-0.8,0.07000000000000006,1.0,1.0,4-5-1;4-5-2;4-6-1;4-6-2;4-5-6;4-2-1;4-5-3;4-1-2;4-3-1;4-3-2;4-2-6;4-6-5;4-6-3;4-2-5;4-1-6;4-2-3;4-3-6;4-1-5;4-1-3;4-3-5,4-5-1;4-5-2;4-6-1;4-6-2,4-5-1;4-5-2;4-6-1;4-6-2;4-5-6;4-2-1,4-5-1;4-5-2;4-6-1;4-6-2;4-5-6;4-2-1;4-5-3;4-1-2,-0.5,BREAK,49.423,0,54.39633333333334,0.6160000000000001,0.35039999999999993,2
1-3-5,0.7466666666666667,2026-06-12,0.6575833333333334,0.6383333333333334,0.5313333333333333,0,0.528,0.632,0,0,0,0,0.5538000000000001,2000,400,600,800,逃げ,0,0.7260000000000001,73.08800000000001,2130,fit,202606121412,0.36,0,0,0,0,75.15466666666667,69.42633333333332,69.59425,68.23910000000001,70.7005,70.27966666666667,0.8,0.8400000000000001,-0.20000000000000007,0.39999999999999997,4-5-1;4-5-2;4-6-1;4-2-1;4-3-1;4-5-6;4-5-3;4-1-2;4-1-5;4-6-2;4-1-6;4-1-3;4-6-5;4-2-5;4-3-2;4-3-5;4-6-3;4-2-6;4-2-3;4-3-6,4-5-1;4-5-2;4-6-1;4-2-1,4-5-1;4-5-2;4-6-1;4-2-1;4-3-1;4-5-6,4-5-1;4-5-2;4-6-1;4-2-1;4-3-1;4-5-6;4-5-3;4-1-2,0,BREAK,69.42633333333332,1,54.39633333333334,0.47,0.5685,1
1-6-2,0.8706666666666667,2026-06-12,0.7253083333333334,0.7783333333333333,0.5086666666666666,0,1.135,0.7839,0,0,0,0,0.5659000000000001,2000,400,600,800,逃げ,0,0.8438,85.475,42380,fit,202606121605,0.6169999999999999,0,0,0,0,88.16166666666666,86.37983333333334,85.30437500000001,77.09605,80.89375000000001,84.00666666666667,1.0,0.8875,0.8,0.9,4-5-2;4-5-1;4-5-6;4-2-1;4-6-2;4-2-5;4-5-3;4-6-1;4-1-2;4-6-5;4-1-5;4-3-2;4-2-6;4-2-3;4-3-1;4-3-5;4-1-6;4-6-3;4-1-3;4-3-6,4-5-2;4-5-1;4-5-6;4-2-1,4-5-2;4-5-1;4-5-6;4-2-1;4-6-2;4-2-5,4-5-2;4-5-1;4-5-6;4-2-1;4-6-2;4-2-5;4-5-3;4-6-1,0,BREAK,86.37983333333334,1,54.39633333333334,0.314,0.5799500000000001,1
1-2-3,0.47000000000000003,2026-06-12,0.49334999999999996,0.486,0.1833333333333333,0,0.375,0.5937,0,0,0,0,0.5618,2000,400,600,800,逃げ,0,0.48780000000000007,49.11500000000001,3630,fit,202606121609,0.45599999999999996,0,0,0,0,47.335,45.041999999999994,46.768750000000004,50.055099999999996,48.5025,48.05500000000001,-0.4,0.24,0.4,0.7,4-5-1;4-5-2;4-6-1;4-5-6;4-2-1;4-6-2;4-5-3;4-1-2;4-1-5;4-6-5;4-3-1;4-2-5;4-1-6;4-2-6;4-1-3;4-3-2;4-3-5;4-6-3;4-2-3;4-3-6,4-5-1;4-5-2;4-6-1;4-5-6,4-5-1;4-5-2;4-6-1;4-5-6;4-2-1;4-6-2,4-5-1;4-5-2;4-6-1;4-5-6;4-2-1;4-6-2;4-5-3;4-1-2,0,BREAK,45.041999999999994,0,54.39633333333334,0.4980000000000001,0.5166999999999999,1
1-3-4,0.452,2026-06-12,0.55235,0.5589999999999999,0.48,0,0.047,0.5116,0,0,0,0,0.6327,2000,400,600,800,逃げ,0,0.44325000000000003,44.332,1650,fit,202606121901,0.372,0,0,0,0,45.207,52.99,51.69574999999999,52.192899999999995,50.2245,50.022,0.19999999999999996,0.54,0.20000000000000007,0.6000000000000001,4-5-1;4-5-2;4-6-1;4-5-6;4-2-1;4-5-3;4-6-2;4-1-5;4-3-1;4-1-2;4-6-5;4-1-6;4-2-5;4-1-3;4-3-5;4-2-6;4-3-2;4-6-3;4-2-3;4-3-6,4-5-1;4-5-2;4-6-1;4-5-6,4-5-1;4-5-2;4-6-1;4-5-6;4-2-1;4-5-3,4-5-1;4-5-2;4-6-1;4-5-6;4-2-1;4-5-3;4-6-2;4-1-5,0,BREAK,52.99,0,54.39633333333334,0.334,0.6527000000000001,1
1-5-2,0.8933333333333334,2026-06-12,0.8203666666666667,0.8126666666666666,0.29533333333333334,0,0.047,0.5116,0,0,0,0,0.7411,2000,400,600,800,逃げ,0,0.8472500000000001,83.58200000000001,2060,fit,202606121905,0.22399999999999998,0,0,0,0,88.19033333333334,88.35766666666669,87.39950000000002,82.65220000000001,84.54200000000002,84.56033333333335,1.0,0.94,0.8,0.9,4-5-1;4-5-2;4-5-6;4-5-3;4-6-1;4-6-5;4-6-2;4-2-5;4-2-1;4-1-5;4-1-2;4-3-5;4-3-1;4-2-6;4-1-6;4-3-2;4-6-3;4-2-3;4-1-3;4-3-6,4-5-1;4-5-2;4-5-6;4-5-3,4-5-1;4-5-2;4-5-6;4-5-3;4-6-1;4-6-5,4-5-1;4-5-2;4-5-6;4-5-3;4-6-1;4-6-5;4-6-2;4-2-5,-0.5,BREAK,88.35766666666669,1,54.39633333333334,0.268,0.7474000000000001,1
1-3-4,0.48000000000000004,2026-06-12,0.41689999999999994,0.37,0.6606666666666666,0,0.047,0.5116,0,0,0,0,0.35229999999999995,2000,400,600,800,逃げ,0,0.47234999999999994,47.24199999999999,690,fit,202606122211,0.47200000000000003,0,0,0,0,48.007000000000005,50.504999999999995,49.3295,43.3046,44.852,43.05700000000001,-0.20000000000000007,0.46,0.4,0.7,4-5-1;4-6-1;4-2-1;4-5-2;4-3-1;4-1-2;4-6-2;4-1-3;4-5-3;4-1-6;4-1-5;4-5-6;4-3-2;4-2-3;4-2-6;4-2-5;4-6-3;4-6-5;4-3-6;4-3-5,4-5-1;4-6-1;4-2-1;4-5-2,4-5-1;4-6-1;4-2-1;4-5-2;4-3-1;4-1-2,4-5-1;4-6-1;4-2-1;4-5-2;4-3-1;4-1-2;4-6-2;4-1-3,0,BREAK,50.504999999999995,0,54.39633333333334,0.7400000000000001,0.3537999999999999,1
1-2-5,0.6673333333333333,2026-06-12,0.5781666666666667,0.5396666666666666,0.5773333333333333,0,0.052,0.513,0,0,0,0,0.4795999999999999,2000,400,600,800,逃げ,0,0.6559,64.45200000000001,1850,fit,202606122311,0.368,0,0,0,0,65.59533333333334,51.750666666666675,55.90950000000001,58.7902,61.13700000000001,59.85033333333333,-0.4,0.2700000000000001,0.4,0.7,4-5-1;4-5-2;4-6-1;4-2-1;4-1-2;4-5-6;4-1-5;4-3-1;4-5-3;4-6-2;4-1-6;4-2-5;4-6-5;4-1-3;4-3-2;4-2-6;4-3-5;4-2-3;4-6-3;4-3-6,4-5-1;4-5-2;4-6-1;4-2-1,4-5-1;4-5-2;4-6-1;4-2-1;4-1-2;4-5-6,4-5-1;4-5-2;4-6-1;4-2-1;4-1-2;4-5-6;4-1-5;4-3-1,-0.5,BREAK,51.750666666666675,0,54.39633333333334,0.5880000000000001,0.489,1
4-3-2,0.6320000000000001,2026-06-13,0.5713,0.558,0.6549999999999999,1,-0.791,0.3023,1,0,0,0,0.48595,2000,400,600,800,まくり,1,0.6363,65.839,53650,fit,202606130312,0.44000000000000006,53650,0,0,0,65.40900000000002,63.411,63.071500000000015,60.374900000000004,62.374,62.079000000000015,0.20000000000000007,0.6900000000000001,0.0,0.5,4-5-1;4-6-1;4-2-1;4-5-2;4-1-2;4-6-2;4-1-6;4-5-6;4-1-5;4-3-1;4-2-6;4-6-5;4-1-3;4-2-5;4-5-3;4-6-3;4-3-2;4-3-6;4-2-3;4-3-5,4-5-1;4-6-1;4-2-1;4-5-2,4-5-1;4-6-1;4-2-1;4-5-2;4-1-2;4-6-2,4-5-1;4-6-1;4-2-1;4-5-2;4-1-2;4-6-2;4-1-6;4-5-6,0.5,BREAK,63.411,1,54.39633333333334,0.516,0.5105999999999999,4
4-3-6,0.7573333333333333,2026-06-13,0.5574666666666667,0.5686666666666667,0.3006666666666667,1,0.047,0.5116,1,0,0,0,0.40869999999999995,2000,400,600,800,まくり差し,0,0.7473000000000001,73.587,7280,fit,202606130608,0.6839999999999999,7280,0,0,0,74.59033333333333,60.49166666666667,62.887,60.92439999999999,64.597,66.10033333333334,0.20000000000000007,0.54,0.20000000000000007,0.6000000000000001,4-5-1;4-5-2;4-6-1;4-2-1;4-1-2;4-6-2;4-3-1;4-5-6;4-5-3;4-1-5;4-1-6;4-2-5;4-3-2;4-1-3;4-2-6;4-6-5;4-2-3;4-6-3;4-3-5;4-3-6,4-5-1;4-5-2;4-6-1;4-2-1,4-5-1;4-5-2;4-6-1;4-2-1;4-1-2;4-6-2,4-5-1;4-5-2;4-6-1;4-2-1;4-1-2;4-6-2;4-3-1;4-5-6,-0.5,BREAK,60.49166666666667,1,54.39633333333334,0.62,0.35760000000000003,4
2-4-1,0.4693333333333334,2026-06-13,0.48601666666666665,0.5836666666666667,0.376,0,0.047,0.5116,0,0,0,0,0.5195,2000,400,600,800,まくり,0,0.47530000000000006,46.38700000000001,2110,fit,202606130609,0.86,0,0,0,0,45.790333333333336,50.11866666666667,49.28075,47.3945,46.6245,50.93533333333334,0.19999999999999996,0.44999999999999996,0.4,0.7,4-5-2;4-5-1;4-2-1;4-6-2;4-1-2;4-2-5;4-5-6;4-6-1;4-5-3;4-3-2;4-2-6;4-2-3;4-1-5;4-3-1;4-6-5;4-3-5;4-1-6;4-1-3;4-6-3;4-3-6,4-5-2;4-5-1;4-2-1;4-6-2,4-5-2;4-5-1;4-2-1;4-6-2;4-1-2;4-2-5,4-5-2;4-5-1;4-2-1;4-6-2;4-1-2;4-2-5;4-5-6;4-6-1,-0.5,BREAK,50.11866666666667,0,54.39633333333334,0.30200000000000005,0.5026999999999999,2
4-5-2,0.49600000000000005,2026-06-13,0.5900000000000001,0.632,0.794,1,-1.338,0.1655,1,1,1,1,0.6117,2000,400,600,800,まくり,1,0.532,51.822,7480,fit,202606130702,0.472,7480,7480,7480,7480,48.22200000000001,52.23,52.912000000000006,53.587399999999995,52.922000000000004,54.342000000000006,-0.20000000000000007,0.31,0.8,0.9,4-5-1;4-6-1;4-5-2;4-2-1;4-5-6;4-6-2;4-1-2;4-1-6;4-1-5;4-6-5;4-2-6;4-2-5;4-3-1;4-5-3;4-3-2;4-1-3;4-6-3;4-3-6;4-2-3;4-3-5,4-5-1;4-6-1;4-5-2;4-2-1,4-5-1;4-6-1;4-5-2;4-2-1;4-5-6;4-6-2,4-5-1;4-6-1;4-5-2;4-2-1;4-5-6;4-6-2;4-1-2;4-1-6,0,BREAK,52.23,0,54.39633333333334,0.232,0.6839999999999999,4
1-4-6,0.46799999999999997,2026-06-13,0.50335,0.40499999999999997,0.528,0,-1.705,0.0739,0,0,0,0,0.5301,2000,400,600,800,逃げ,0,0.514,48.505,2780,fit,202606130707,0.09599999999999997,0,0,0,0,43.905,42.11600000000001,44.30875,46.3317,45.6725,41.07,-1.0,0.12000000000000005,0.8,0.9,4-5-1;4-6-1;4-2-1;4-3-1;4-5-2;4-1-2;4-1-6;4-5-6;4-1-5;4-6-2;4-1-3;4-5-3;4-6-5;4-6-3;4-3-2;4-2-6;4-3-6;4-2-5;4-3-5;4-2-3,4-5-1;4-6-1;4-2-1;4-3-1,4-5-1;4-6-1;4-2-1;4-3-1;4-5-2;4-1-2,4-5-1;4-6-1;4-2-1;4-3-1;4-5-2;4-1-2;4-1-6;4-5-6,-0.5,BREAK,42.11600000000001,0,54.39633333333334,0.658,0.5387,1
1-2-3,0.7653333333333334,2026-06-13,0.6617166666666667,0.6676666666666667,0.5233333333333333,0,-0.709,0.3228,0,0,0,0,0.5458,2000,400,600,800,逃げ,0,0.77,75.101,1320,fit,202606130709,0.464,0,0,0,0,74.63433333333334,68.92466666666667,69.85725,66.6961,69.4535,70.23933333333335,0.20000000000000007,0.63,0.6000000000000001,0.8,4-5-1;4-6-1;4-5-2;4-2-1;4-5-6;4-6-2;4-1-2;4-1-5;4-1-6;4-3-1;4-6-5;4-5-3;4-2-5;4-2-6;4-1-3;4-3-2;4-6-3;4-2-3;4-3-5;4-3-6,4-5-1;4-6-1;4-5-2;4-2-1,4-5-1;4-6-1;4-5-2;4-2-1;4-5-6;4-6-2,4-5-1;4-6-1;4-5-2;4-2-1;4-5-6;4-6-2;4-1-2;4-1-5,-0.5,BREAK,68.92466666666667,1,54.39633333333334,0.43,0.5581,1
4-6-2,0.32066666666666666,2026-06-13,0.29833333333333334,0.27033333333333337,0.2453333333333333,1,0.047,0.5116,1,0,1,1,0.34820000000000007,2000,400,600,800,まくり,1,0.34149999999999997,34.157,58100,fit,202606130809,0.6199999999999999,58100,0,58100,58100,32.07366666666666,21.432333333333332,24.592,32.0094,30.957,29.80866666666667,-0.6,0.14,-0.8,0.09999999999999998,4-5-1;4-5-2;4-6-1;4-5-6;4-6-2;4-5-3;4-2-1;4-1-2;4-3-1;4-2-5;4-6-5;4-3-2;4-1-5;4-2-6;4-2-3;4-6-3;4-3-5;4-1-6;4-1-3;4-3-6,4-5-1;4-5-2;4-6-1;4-5-6,4-5-1;4-5-2;4-6-1;4-5-6;4-6-2;4-5-3,4-5-1;4-5-2;4-6-1;4-5-6;4-6-2;4-5-3;4-2-1;4-1-2,0,BREAK,21.432333333333332,0,54.39633333333334,0.7799999999999999,0.276,4
1-3-2,0.6240000000000001,2026-06-13,0.5509000000000001,0.532,0.6993333333333334,0,-1.984,0.0041,0,0,0,0,0.4514999999999999,2000,400,600,800,逃げ,0,0.5931000000000001,60.32600000000001,910,fit,202606131112,0.452,0,0,0,0,63.41600000000001,65.26600000000002,62.84850000000001,57.42799999999999,59.761,59.27600000000001,0.8,0.93,-0.4,0.3,4-5-1;4-5-2;4-6-1;4-2-1;4-1-2;4-6-2;4-5-6;4-3-1;4-1-6;4-1-5;4-2-6;4-2-5;4-5-3;4-6-5;4-3-2;4-1-3;4-2-3;4-6-3;4-3-6;4-3-5,4-5-1;4-5-2;4-6-1;4-2-1,4-5-1;4-5-2;4-6-1;4-2-1;4-1-2;4-6-2,4-5-1;4-5-2;4-6-1;4-2-1;4-1-2;4-6-2;4-5-6;4-3-1,0.5,BREAK,65.26600000000002,1,54.39633333333334,0.56,0.4778,1
1-2-5,0.46499999999999997,2026-06-13,0.48067499999999996,0.37899999999999995,0.449,0,-1.146,0.2134,0,0,0,0,0.5059999999999999,2000,400,600,800,逃げ,0,0.45505,44.319,2910,fit,202606131304,0.126,0,0,0,0,45.314,48.087500000000006,47.330875,46.686249999999994,46.09775,41.443999999999996,-0.20000000000000007,0.52,0.0,0.5,4-5-1;4-5-2;4-5-6;4-6-1;4-6-2;4-5-3;4-6-5;4-2-1;4-1-5;4-1-6;4-1-2;4-3-1;4-2-5;4-2-6;4-6-3;4-3-5;4-3-6;4-3-2;4-1-3;4-2-3,4-5-1;4-5-2;4-5-6;4-6-1,4-5-1;4-5-2;4-5-6;4-6-1;4-6-2;4-5-3,4-5-1;4-5-2;4-5-6;4-6-1;4-6-2;4-5-3;4-6-5;4-2-1,0,BREAK,48.087500000000006,0,54.39633333333334,0.7070000000000001,0.49634999999999996,1
1-4-5,0.5753333333333334,2026-06-13,0.5224166666666666,0.49266666666666664,0.32799999999999996,0,-1.371,0.1573,0,0,0,0,0.5003,2000,400,600,800,逃げ,0,0.5658000000000001,55.169000000000004,1040,fit,202606131604,0.42000000000000004,0,0,0,0,56.12233333333334,60.66666666666667,57.86275,52.8841,53.4765,52.40233333333333,0.6,0.86,-0.20000000000000007,0.39999999999999997,4-5-1;4-5-2;4-6-1;4-5-6;4-2-1;4-1-5;4-1-2;4-5-3;4-6-2;4-3-1;4-2-5;4-6-5;4-1-6;4-2-6;4-3-5;4-1-3;4-3-2;4-2-3;4-6-3;4-3-6,4-5-1;4-5-2;4-6-1;4-5-6,4-5-1;4-5-2;4-6-1;4-5-6;4-2-1;4-1-5,4-5-1;4-5-2;4-6-1;4-5-6;4-2-1;4-1-5;4-1-2;4-5-3,0,BREAK,60.66666666666667,1,54.39633333333334,0.5900000000000001,0.4694999999999999,1
1-6-3,0.6393333333333333,2026-06-13,0.7324666666666666,0.7856666666666666,0.44133333333333336,0,0.802,0.7004,0,0,0,0,0.7847999999999999,2000,400,600,800,逃げ,0,0.6278000000000001,63.542000000000016,11810,fit,202606131606,0.372,0,0,0,0,64.69533333333332,71.95266666666667,70.547,70.6896,69.35199999999999,71.28033333333333,0.6,0.77,0.4,0.7,4-5-1;4-6-1;4-5-2;4-6-2;4-2-1;4-5-6;4-1-2;4-1-6;4-2-6;4-6-5;4-3-1;4-5-3;4-1-5;4-2-5;4-6-3;4-3-2;4-3-6;4-1-3;4-2-3;4-3-5,4-5-1;4-6-1;4-5-2;4-6-2,4-5-1;4-6-1;4-5-2;4-6-2;4-2-1;4-5-6,4-5-1;4-6-1;4-5-2;4-6-2;4-2-1;4-5-6;4-1-2;4-1-6,0,BREAK,71.95266666666667,1,54.39633333333334,0.068,0.8256,1
1-2-6,0.2986666666666667,2026-06-13,0.5274833333333333,0.5803333333333334,0.6393333333333333,0,-1.836,0.041,0,0,0,0,0.6961999999999999,2000,400,600,800,逃げ,0,0.30579999999999996,27.553999999999995,790,fit,202606131609,0.44,0,0,0,0,26.84066666666667,43.56633333333334,39.90775000000001,42.450900000000004,38.2815,39.51566666666668,0.6,0.74,-0.6,0.2,4-5-1;4-6-1;4-5-2;4-6-2;4-2-1;4-5-6;4-1-2;4-1-6;4-2-6;4-3-1;4-6-5;4-5-3;4-1-5;4-6-3;4-2-5;4-3-2;4-3-6;4-1-3;4-2-3;4-3-5,4-5-1;4-6-1;4-5-2;4-6-2,4-5-1;4-6-1;4-5-2;4-6-2;4-2-1;4-5-6,4-5-1;4-6-1;4-5-2;4-6-2;4-2-1;4-5-6;4-1-2;4-1-6,-0.5,BREAK,43.56633333333334,0,54.39633333333334,0.138,0.7563,1
4-5-2,0.6606666666666667,2026-06-13,0.4982833333333333,0.5273333333333333,0.528,1,0.391,0.5978,1,1,1,1,0.3558999999999999,2000,400,600,800,まくり,1,0.6192500000000001,62.27600000000001,2700,fit,202606131908,0.772,2700,2700,2700,2700,66.41766666666668,55.45533333333333,56.13475000000001,54.84129999999999,58.2985,60.41766666666667,0.6,0.77,-0.8,0.09999999999999998,4-5-2;4-5-1;4-2-1;4-1-2;4-6-2;4-6-1;4-2-5;4-5-3;4-5-6;4-3-2;4-3-1;4-1-5;4-2-3;4-2-6;4-6-5;4-1-3;4-3-5;4-1-6;4-6-3;4-3-6,4-5-2;4-5-1;4-2-1;4-1-2,4-5-2;4-5-1;4-2-1;4-1-2;4-6-2;4-6-1,4-5-2;4-5-1;4-2-1;4-1-2;4-6-2;4-6-1;4-2-5;4-5-3,0,BREAK,55.45533333333333,1,54.39633333333334,0.6060000000000001,0.33589999999999987,4
1-4-2,0.42400000000000004,2026-06-13,0.44705000000000006,0.537,0.7046666666666668,0,0.845,0.7114,0,0,0,0,0.4426000000000001,2000,400,600,800,逃げ,0,0.42755000000000004,42.410000000000004,580,fit,202606132005,0.8639999999999999,0,0,0,0,42.05500000000001,49.34800000000001,48.09125000000001,43.1557,43.2075,47.140000000000015,-0.19999999999999996,0.34,0.8,0.9,4-5-1;4-2-1;4-5-2;4-6-1;4-1-2;4-6-2;4-3-1;4-5-6;4-1-6;4-1-5;4-2-6;4-2-5;4-3-2;4-5-3;4-1-3;4-6-5;4-2-3;4-6-3;4-3-6;4-3-5,4-5-1;4-2-1;4-5-2;4-6-1,4-5-1;4-2-1;4-5-2;4-6-1;4-1-2;4-6-2,4-5-1;4-2-1;4-5-2;4-6-1;4-1-2;4-6-2;4-3-1;4-5-6,-0.5,BREAK,49.34800000000001,0,54.39633333333334,0.35,0.4701000000000001,1
3-1-4,0.6693333333333334,2026-06-13,0.7436166666666668,0.7516666666666667,0.666,0,0.479,0.6197,0,0,0,0,0.7452000000000001,2000,400,600,800,まくり差し,0,0.65355,64.64399999999999,18380,fit,202606132006,0.21199999999999997,0,0,0,0,66.22233333333335,67.06266666666667,67.75275,70.11990000000002,69.93650000000002,69.92733333333335,0.20000000000000007,0.63,0.4,0.7,4-5-1;4-5-2;4-6-1;4-5-6;4-2-1;4-1-5;4-1-2;4-5-3;4-3-1;4-6-5;4-6-2;4-1-6;4-2-5;4-1-3;4-3-5;4-2-6;4-3-2;4-6-3;4-2-3;4-3-6,4-5-1;4-5-2;4-6-1;4-5-6,4-5-1;4-5-2;4-6-1;4-5-6;4-2-1;4-1-5,4-5-1;4-5-2;4-6-1;4-5-6;4-2-1;4-1-5;4-1-2;4-5-3,-0.5,BREAK,67.06266666666667,1,54.39633333333334,0.16599999999999995,0.8179000000000001,3
1-4-2,0.5353333333333334,2026-06-13,0.5146666666666667,0.4796666666666667,0.5666666666666667,0,-1.524,0.119,0,0,0,0,0.48539999999999994,2000,400,600,800,逃げ,0,0.52955,50.241,470,fit,202606132007,0.376,0,0,0,0,50.81933333333335,46.40866666666667,47.966000000000015,49.10080000000001,49.786000000000016,48.314333333333344,-0.19999999999999996,0.37000000000000005,0.20000000000000007,0.6000000000000001,4-5-1;4-6-1;4-2-1;4-5-2;4-1-2;4-6-2;4-3-1;4-5-6;4-1-6;4-1-5;4-5-3;4-1-3;4-2-6;4-6-5;4-6-3;4-3-2;4-2-5;4-3-6;4-2-3;4-3-5,4-5-1;4-6-1;4-2-1;4-5-2,4-5-1;4-6-1;4-2-1;4-5-2;4-1-2;4-6-2,4-5-1;4-6-1;4-2-1;4-5-2;4-1-2;4-6-2;4-3-1;4-5-6,-0.5,BREAK,46.40866666666667,0,54.39633333333334,0.5760000000000001,0.494,1
4-6-1,0.42466666666666664,2026-06-13,0.4579833333333333,0.4373333333333333,0.322,1,0.271,0.5677,1,1,1,1,0.5196,2000,400,600,800,まくり差し,0,0.42835,43.066,5790,fit,202606132204,0.432,5790,5790,5790,5790,42.69766666666666,41.20133333333334,43.36725,45.78569999999999,44.363499999999995,43.26766666666667,-1.0,0.06000000000000005,0.8,0.9,4-5-1;4-5-6;4-6-1;4-5-2;4-6-2;4-6-5;4-2-6;4-1-6;4-5-3;4-2-1;4-6-3;4-2-5;4-1-5;4-1-2;4-3-6;4-3-1;4-3-5;4-3-2;4-2-3;4-1-3,4-5-1;4-5-6;4-6-1;4-5-2,4-5-1;4-5-6;4-6-1;4-5-2;4-6-2;4-6-5,4-5-1;4-5-6;4-6-1;4-5-2;4-6-2;4-6-5;4-2-6;4-1-6,0,BREAK,41.20133333333334,0,54.39633333333334,0.55,0.49129999999999996,4
1-2-5,0.08066666666666666,2026-06-13,0.3310333333333333,0.3443333333333333,0.2753333333333333,0,-1.124,0.2189,0,0,0,0,0.6027,2000,400,600,800,逃げ,0,0.0919,6.8759999999999994,1920,fit,202606132305,0.468,0,0,0,0,5.752666666666666,22.405333333333335,19.5885,24.748399999999997,18.270999999999997,17.61766666666667,-0.19999999999999996,0.37,-0.6000000000000001,0.19999999999999996,4-5-1;4-5-6;4-5-2;4-6-1;4-6-5;4-6-2;4-5-3;4-2-1;4-1-6;4-1-5;4-2-6;4-2-5;4-1-2;4-6-3;4-3-1;4-3-6;4-3-5;4-3-2;4-1-3;4-2-3,4-5-1;4-5-6;4-5-2;4-6-1,4-5-1;4-5-6;4-5-2;4-6-1;4-6-5;4-6-2,4-5-1;4-5-6;4-5-2;4-6-1;4-6-5;4-6-2;4-5-3;4-2-1,-0.5,BREAK,22.405333333333335,0,54.39633333333334,0.392,0.5813999999999999,1
1-4-6,0.4866666666666667,2026-06-13,0.5122333333333333,0.47933333333333333,0.33466666666666667,0,0.796,0.699,0,0,0,0,0.5573999999999999,2000,400,600,800,逃げ,0,0.4559,46.346000000000004,1100,fit,202606132307,0.33999999999999997,0,0,0,0,49.42266666666667,47.98733333333333,47.6285,51.745799999999996,50.701,49.09266666666667,0.4,0.73,-1.0,0.0,4-5-1;4-5-2;4-5-6;4-6-1;4-6-2;4-6-5;4-5-3;4-2-1;4-1-5;4-1-6;4-1-2;4-2-5;4-2-6;4-3-1;4-6-3;4-3-5;4-3-6;4-3-2;4-1-3;4-2-3,4-5-1;4-5-2;4-5-6;4-6-1,4-5-1;4-5-2;4-5-6;4-6-1;4-6-2;4-6-5,4-5-1;4-5-2;4-5-6;4-6-1;4-6-2;4-6-5;4-5-3;4-2-1,0,BREAK,47.98733333333333,0,54.39633333333334,0.528,0.5378000000000001,1
2-6-5,0.5175000000000001,2026-06-14,0.47025,0.49125,0.5,0,-1.152,0.212,0,0,0,0,0.4342499999999999,2000,400,600,800,逃げ,0,0.5133,50.138,1730,fit,202606140611,0.655,0,0,0,0,50.55800000000001,45.603,45.889250000000004,47.309,48.1955,49.37675000000001,0.5,0.6375,-0.75,0.125,4-5-1;4-5-2;4-2-1;4-6-1;4-1-2;4-6-2;4-5-6;4-2-6;4-2-5;4-3-1;4-3-2;4-1-6;4-1-5;4-5-3;4-2-3;4-6-5;4-1-3;4-6-3;4-3-6;4-3-5,4-5-1;4-5-2;4-2-1;4-6-1,4-5-1;4-5-2;4-2-1;4-6-1;4-1-2;4-6-2,4-5-1;4-5-2;4-2-1;4-6-1;4-1-2;4-6-2;4-5-6;4-2-6,0,BREAK,45.603,0,54.39633333333334,0.535,0.42299999999999993,2
1-2-6,0.20400000000000001,2026-06-14,0.35275,0.29499999999999993,0.45733333333333326,0,1.425,0.8564,0,0,0,0,0.5085,2000,400,600,800,逃げ,0,0.23750000000000002,25.135,3780,fit,202606140803,0.284,0,0,0,0,21.785000000000004,28.792000000000005,28.26375,32.9465,29.222500000000007,25.880000000000003,-0.4,0.27,-0.4,0.3,4-5-1;4-5-2;4-6-1;4-5-6;4-2-1;4-6-2;4-1-2;4-5-3;4-6-5;4-3-1;4-1-5;4-1-6;4-2-5;4-2-6;4-3-2;4-6-3;4-1-3;4-3-5;4-3-6;4-2-3,4-5-1;4-5-2;4-6-1;4-5-6,4-5-1;4-5-2;4-6-1;4-5-6;4-2-1;4-6-2,4-5-1;4-5-2;4-6-1;4-5-6;4-2-1;4-6-2;4-1-2;4-5-3,0,BREAK,28.792000000000005,0,54.39633333333334,0.6140000000000001,0.5015,1
4-3-2,0.6408333333333333,2026-06-14,0.6271041666666666,0.6791666666666666,0.5,1,0.32,0.58,1,0,0,0,0.595625,2000,400,600,800,差し,0,0.6166,61.940000000000005,700,fit,202606141105,0.58,700,0,0,0,64.36333333333332,66.66541666666664,64.96593749999998,62.95687499999999,63.676874999999995,66.08833333333332,1.0,0.8875,-0.25,0.375,4-5-1;4-6-1;4-5-2;4-2-1;4-6-2;4-3-1;4-1-2;4-5-6;4-5-3;4-3-2;4-1-6;4-1-3;4-2-6;4-2-3;4-6-3;4-1-5;4-2-5;4-6-5;4-3-6;4-3-5,4-5-1;4-6-1;4-5-2;4-2-1,4-5-1;4-6-1;4-5-2;4-2-1;4-6-2;4-3-1,4-5-1;4-6-1;4-5-2;4-2-1;4-6-2;4-3-1;4-1-2;4-5-6,0,BREAK,66.66541666666664,1,54.39633333333334,0.28250000000000003,0.613375,4
2-4-3,0.735,2026-06-14,0.636625,0.662,0.244,0,0.047,0.5116,0,0,0,0,0.57055,2000,400,600,800,まくり,0,0.7311500000000001,71.97200000000001,7290,fit,202606141207,0.5559999999999999,0,0,0,0,72.357,65.84949999999999,66.472625,65.78784999999999,67.43825,69.072,0.6,0.74,0.0,0.5,4-5-1;4-5-2;4-6-1;4-6-2;4-5-6;4-2-1;4-1-2;4-2-6;4-6-5;4-2-5;4-1-6;4-5-3;4-1-5;4-3-1;4-3-2;4-6-3;4-2-3;4-3-6;4-1-3;4-3-5,4-5-1;4-5-2;4-6-1;4-6-2,4-5-1;4-5-2;4-6-1;4-6-2;4-5-6;4-2-1,4-5-1;4-5-2;4-6-1;4-6-2;4-5-6;4-2-1;4-1-2;4-2-6,-0.5,BREAK,65.84949999999999,1,54.39633333333334,0.411,0.53825,2
2-4-5,0.906,2026-06-14,0.7784,0.749,0.318,0,1.677,0.9193,0,0,0,0,0.6558999999999999,2000,400,600,800,まくり,0,0.87125,88.762,9380,fit,202606141906,0.23999999999999994,0,0,0,0,92.23700000000001,83.69300000000001,85.537,82.90679999999999,85.857,85.172,0.20000000000000007,0.66,1.0,1.0,4-5-1;4-5-2;4-5-6;4-6-1;4-6-2;4-2-1;4-5-3;4-6-5;4-2-5;4-1-2;4-1-5;4-2-6;4-3-1;4-1-6;4-3-2;4-3-5;4-6-3;4-2-3;4-3-6;4-1-3,4-5-1;4-5-2;4-5-6;4-6-1,4-5-1;4-5-2;4-5-6;4-6-1;4-6-2;4-2-1,4-5-1;4-5-2;4-5-6;4-6-1;4-6-2;4-2-1;4-5-3;4-6-5,0,BREAK,83.69300000000001,1,54.39633333333334,0.408,0.6508,2
2-3-1,0.766,2026-06-14,0.60535,0.64,0.17466666666666666,0,1.196,0.7989,0,0,0,0,0.5013,2000,400,600,800,抜き,0,0.73725,74.88099999999999,4060,fit,202606141908,0.6839999999999999,0,0,0,0,77.75599999999999,58.55100000000001,63.32974999999999,67.11309999999999,69.7235,72.086,-0.20000000000000007,0.37000000000000005,0.20000000000000007,0.6000000000000001,4-5-1;4-5-2;4-6-1;4-6-2;4-2-1;4-5-6;4-1-2;4-5-3;4-3-1;4-2-6;4-6-5;4-2-5;4-1-6;4-1-5;4-3-2;4-6-3;4-2-3;4-1-3;4-3-6;4-3-5,4-5-1;4-5-2;4-6-1;4-6-2,4-5-1;4-5-2;4-6-1;4-6-2;4-2-1;4-5-6,4-5-1;4-5-2;4-6-1;4-6-2;4-2-1;4-5-6;4-1-2;4-5-3,0,BREAK,58.55100000000001,1,54.39633333333334,0.48600000000000004,0.4447,2
3-2-5,0.316,2026-06-14,0.5244,0.572,0.36,0,-1.748,0.0629,0,0,0,0,0.7182,2000,400,600,800,まくり,0,0.30755,28.967,15250,fit,202606142002,0.444,0,0,0,0,29.812,45.22800000000001,41.762,44.9124,40.232000000000006,41.332,0.6,0.74,-0.6,0.2,4-5-1;4-5-2;4-6-1;4-5-6;4-2-1;4-1-5;4-6-5;4-6-2;4-5-3;4-1-2;4-2-5;4-1-6;4-3-1;4-2-6;4-3-5;4-1-3;4-6-3;4-3-2;4-3-6;4-2-3,4-5-1;4-5-2;4-6-1;4-5-6,4-5-1;4-5-2;4-6-1;4-5-6;4-2-1;4-1-5,4-5-1;4-5-2;4-6-1;4-5-6;4-2-1;4-1-5;4-6-5;4-6-2,0,BREAK,45.22800000000001,0,54.39633333333334,0.17200000000000001,0.7328,3
4-5-6,0.6913333333333334,2026-06-14,0.6631166666666667,0.7306666666666667,0.34400000000000003,1,1.951,0.9877,1,1,1,1,0.6371,2000,400,600,800,まくり差し,0,0.66955,67.716,5150,fit,202606142003,0.616,5150,5150,5150,5150,69.89433333333334,63.70066666666668,65.69224999999999,67.8547,68.48349999999999,71.66433333333333,0.19999999999999996,0.51,0.4,0.7,4-5-1;4-5-2;4-5-6;4-6-1;4-6-2;4-2-1;4-2-5;4-5-3;4-1-2;4-6-5;4-1-5;4-2-6;4-3-1;4-1-6;4-3-2;4-3-5;4-2-3;4-6-3;4-1-3;4-3-6,4-5-1;4-5-2;4-5-6;4-6-1,4-5-1;4-5-2;4-5-6;4-6-1;4-6-2;4-2-1,4-5-1;4-5-2;4-5-6;4-6-1;4-6-2;4-2-1;4-2-5;4-5-3,-0.5,BREAK,63.70066666666668,1,54.39633333333334,0.23,0.6349,4
1-3-2,0.6573333333333333,2026-06-14,0.4782166666666666,0.4596666666666666,0.4053333333333333,0,0.43,0.6074,0,0,0,0,0.3437,2000,400,600,800,逃げ,0,0.6295499999999999,62.19499999999999,1310,fit,202606142005,0.6319999999999999,0,0,0,0,64.97333333333334,55.769666666666666,57.58875,52.69989999999999,56.01749999999999,56.07833333333334,-0.4,0.33,0.8,0.9,4-5-1;4-5-2;4-2-1;4-6-1;4-1-2;4-6-2;4-3-1;4-5-6;4-1-5;4-5-3;4-2-5;4-3-2;4-1-6;4-1-3;4-2-6;4-2-3;4-6-5;4-3-5;4-6-3;4-3-6,4-5-1;4-5-2;4-2-1;4-6-1,4-5-1;4-5-2;4-2-1;4-6-1;4-1-2;4-6-2,4-5-1;4-5-2;4-2-1;4-6-1;4-1-2;4-6-2;4-3-1;4-5-6,-0.5,BREAK,55.769666666666666,1,54.39633333333334,0.7380000000000001,0.2990999999999999,1
1-2-5,0.47400000000000003,2026-06-14,0.478,0.40800000000000003,0.37566666666666665,0,1.962,0.9904,0,0,0,0,0.50435,2000,400,600,800,逃げ,0,0.45155,47.077000000000005,1340,fit,202606142007,0.25799999999999995,0,0,0,0,49.32200000000001,47.87400000000001,47.53200000000001,50.109700000000004,49.522,46.352000000000004,0.20000000000000007,0.66,-0.8,0.09999999999999998,4-5-1;4-5-2;4-6-1;4-1-5;4-5-6;4-2-1;4-5-3;4-1-2;4-3-1;4-6-5;4-2-5;4-6-2;4-1-6;4-1-3;4-3-5;4-2-6;4-3-2;4-6-3;4-2-3;4-3-6,4-5-1;4-5-2;4-6-1;4-1-5,4-5-1;4-5-2;4-6-1;4-1-5;4-5-6;4-2-1,4-5-1;4-5-2;4-6-1;4-1-5;4-5-6;4-2-1;4-5-3;4-1-2,0,BREAK,47.87400000000001,0,54.39633333333334,0.658,0.482,1
1-2-4,0.746,2026-06-14,0.6895,0.721,0.5866666666666667,0,1.179,0.7948,0,0,0,0,0.5996,2000,400,600,800,逃げ,0,0.72635,73.774,630,fit,202606142212,0.484,0,0,0,0,75.73899999999999,67.337,69.4165,70.8232,72.914,74.61399999999999,0.4,0.61,0.19999999999999996,0.6,4-5-1;4-5-2;4-2-1;4-6-1;4-1-5;4-1-2;4-5-3;4-3-1;4-5-6;4-2-5;4-6-2;4-1-3;4-6-5;4-3-5;4-3-2;4-1-6;4-2-3;4-2-6;4-6-3;4-3-6,4-5-1;4-5-2;4-2-1;4-6-1,4-5-1;4-5-2;4-2-1;4-6-1;4-1-5;4-1-2,4-5-1;4-5-2;4-2-1;4-6-1;4-1-5;4-1-2;4-5-3;4-3-1,0,BREAK,67.337,1,54.39633333333334,0.304,0.633,1
1-5-4,0.6653333333333333,2026-06-14,0.6670666666666667,0.6726666666666666,0.36666666666666664,0,-1.349,0.1628,0,0,0,0,0.6634,2000,400,600,800,逃げ,0,0.6359,62.20100000000001,1040,fit,202606142307,0.352,0,0,0,0,65.14433333333332,63.70166666666668,64.10099999999998,65.15379999999998,65.231,65.47433333333333,0.19999999999999996,0.66,0.20000000000000007,0.6000000000000001,4-5-1;4-5-2;4-5-6;4-6-1;4-1-5;4-5-3;4-2-1;4-6-5;4-3-1;4-1-2;4-2-5;4-6-2;4-1-6;4-3-5;4-1-3;4-3-2;4-2-6;4-6-3;4-2-3;4-3-6,4-5-1;4-5-2;4-5-6;4-6-1,4-5-1;4-5-2;4-5-6;4-6-1;4-1-5;4-5-3,4-5-1;4-5-2;4-5-6;4-6-1;4-1-5;4-5-3;4-2-1;4-6-5,0,BREAK,63.70166666666668,1,54.39633333333334,0.32,0.6688000000000001,1
6-4-2,0.8973333333333334,2026-06-15,0.7054666666666667,0.7026666666666668,0.25133333333333335,0,0.61,0.6525,0,0,0,0,0.5488999999999999,2000,400,600,800,差し,0,0.878,88.36999999999999,2350,fit,202606150104,0.476,0,0,0,0,90.30333333333334,76.44466666666668,79.5,76.8818,80.71000000000001,81.54333333333334,-0.19999999999999996,0.52,1.0,1.0,4-5-2;4-5-1;4-6-2;4-6-1;4-5-6;4-2-1;4-2-6;4-6-5;4-1-2;4-2-5;4-1-6;4-5-3;4-3-2;4-6-3;4-1-5;4-3-1;4-3-6;4-2-3;4-3-5;4-1-3,4-5-2;4-5-1;4-6-2;4-6-1,4-5-2;4-5-1;4-6-2;4-6-1;4-5-6;4-2-1,4-5-2;4-5-1;4-6-2;4-6-1;4-5-6;4-2-1;4-2-6;4-6-5,0,BREAK,76.44466666666668,1,54.39633333333334,0.492,0.5136000000000001,6
2-1-4,0.54,2026-06-15,0.57415,0.627,0.328,0,0.731,0.6826,0,0,0,0,0.6171,2000,400,600,800,まくり,0,0.5475,55.441,2090,fit,202606150805,0.588,0,0,0,0,54.691,62.81400000000001,60.844750000000005,57.4117,56.3985,58.60600000000001,0.4,0.61,0.6,0.8,4-5-1;4-5-2;4-6-1;4-5-6;4-6-2;4-2-1;4-1-2;4-6-5;4-5-3;4-2-6;4-2-5;4-1-6;4-1-5;4-3-1;4-3-2;4-6-3;4-2-3;4-3-6;4-3-5;4-1-3,4-5-1;4-5-2;4-6-1;4-5-6,4-5-1;4-5-2;4-6-1;4-5-6;4-6-2;4-2-1,4-5-1;4-5-2;4-6-1;4-5-6;4-6-2;4-2-1;4-1-2;4-6-5,0,BREAK,62.81400000000001,1,54.39633333333334,0.286,0.6083000000000001,2
1-4-5,0.6433333333333334,2026-06-15,0.6767666666666667,0.6816666666666666,0.19599999999999998,0,-1.053,0.2367,0,0,0,0,0.7242,2000,400,600,800,逃げ,0,0.62545,60.302,560,fit,202606151004,0.308,0,0,0,0,62.09033333333335,61.86566666666667,62.5095,64.87240000000001,63.762,63.81533333333334,0.4,0.5800000000000001,0.4,0.7,4-5-1;4-5-2;4-6-1;4-5-6;4-1-5;4-5-3;4-2-1;4-6-5;4-6-2;4-1-2;4-3-1;4-2-5;4-1-6;4-3-5;4-1-3;4-2-6;4-6-3;4-3-2;4-3-6;4-2-3,4-5-1;4-5-2;4-6-1;4-5-6,4-5-1;4-5-2;4-6-1;4-5-6;4-1-5;4-5-3,4-5-1;4-5-2;4-6-1;4-5-6;4-1-5;4-5-3;4-2-1;4-6-5,-0.5,BREAK,61.86566666666667,1,54.39633333333334,0.28,0.7101999999999999,1
1-5-3,0.397,2026-06-15,0.47087500000000004,0.547,0.8710000000000001,0,-0.752,0.3119,0,0,0,0,0.48129999999999995,2000,400,600,800,逃げ,0,0.41115,39.173,22680,fit,202606151208,0.738,0,0,0,0,37.758,47.151500000000006,44.809875000000005,41.82885,41.451750000000004,44.508,0.4,0.5800000000000001,0.0,0.5,4-5-1;4-6-1;4-5-2;4-2-1;4-1-2;4-5-6;4-6-2;4-3-1;4-1-5;4-1-6;4-5-3;4-6-5;4-1-3;4-2-5;4-2-6;4-3-2;4-6-3;4-2-3;4-3-5;4-3-6,4-5-1;4-6-1;4-5-2;4-2-1,4-5-1;4-6-1;4-5-2;4-2-1;4-1-2;4-5-6,4-5-1;4-6-1;4-5-2;4-2-1;4-1-2;4-5-6;4-6-2;4-3-1,-0.5,BREAK,47.151500000000006,0,54.39633333333334,0.303,0.5447500000000001,1
4-1-2,0.39466666666666667,2026-06-15,0.4229333333333334,0.3893333333333333,0.4846666666666667,1,1.562,0.8906,1,1,1,1,0.46129999999999993,2000,400,600,800,まくり差し,0,0.39525,41.047,3220,fit,202606151908,0.424,3220,3220,3220,3220,40.98866666666667,32.87133333333333,35.282000000000004,43.3026,42.402,40.748666666666665,-0.20000000000000007,0.37,-1.0,0.0,4-5-1;4-5-2;4-2-1;4-1-2;4-5-3;4-2-5;4-6-1;4-3-1;4-1-5;4-6-2;4-3-2;4-5-6;4-2-3;4-1-3;4-3-5;4-6-5;4-2-6;4-1-6;4-6-3;4-3-6,4-5-1;4-5-2;4-2-1;4-1-2,4-5-1;4-5-2;4-2-1;4-1-2;4-5-3;4-2-5,4-5-1;4-5-2;4-2-1;4-1-2;4-5-3;4-2-5;4-6-1;4-3-1,0,BREAK,32.87133333333333,0,54.39633333333334,0.616,0.45120000000000005,4
1-4-5,0.502,2026-06-15,0.5083,0.43899999999999995,0.41733333333333333,0,0.047,0.5116,0,0,0,0,0.5257999999999999,2000,400,600,800,逃げ,0,0.48824999999999996,48.831999999999994,790,fit,202606152102,0.22799999999999998,0,0,0,0,50.207,53.90899999999999,53.09450000000001,50.919599999999996,50.522,47.372,-0.19999999999999996,0.49000000000000005,0.4,0.7,4-5-1;4-5-2;4-6-1;4-5-6;4-5-3;4-2-1;4-1-5;4-3-1;4-6-5;4-6-2;4-1-2;4-2-5;4-1-6;4-3-5;4-1-3;4-3-2;4-6-3;4-2-6;4-2-3;4-3-6,4-5-1;4-5-2;4-6-1;4-5-6,4-5-1;4-5-2;4-6-1;4-5-6;4-5-3;4-2-1,4-5-1;4-5-2;4-6-1;4-5-6;4-5-3;4-2-1;4-1-5;4-3-1,0,BREAK,53.90899999999999,0,54.39633333333334,0.6240000000000001,0.5146,1
1-2-4,0.24666666666666667,2026-06-15,0.36538333333333334,0.44833333333333336,0.8093333333333333,0,0.189,0.5472,0,0,0,0,0.43890000000000007,2000,400,600,800,逃げ,0,0.26234999999999997,26.383999999999997,390,fit,202606152208,0.824,0,0,0,0,24.81566666666667,36.04333333333334,34.450250000000004,32.606300000000005,30.7515,33.89066666666667,-0.4,0.24,0.4,0.7,4-5-1;4-2-1;4-5-2;4-1-2;4-6-1;4-6-2;4-3-1;4-3-2;4-2-5;4-2-6;4-1-5;4-2-3;4-1-6;4-5-6;4-1-3;4-5-3;4-6-5;4-6-3;4-3-5;4-3-6,4-5-1;4-2-1;4-5-2;4-1-2,4-5-1;4-2-1;4-5-2;4-1-2;4-6-1;4-6-2,4-5-1;4-2-1;4-5-2;4-1-2;4-6-1;4-6-2;4-3-1;4-3-2,0,BREAK,36.04333333333334,0,54.39633333333334,0.35,0.4841,1
1-3-2,0.1706666666666667,2026-06-15,0.26688333333333336,0.19233333333333336,0.5326666666666666,0,0.167,0.5417,0,0,0,0,0.3798,2000,400,600,800,逃げ,0,0.17435,16.412000000000003,620,fit,202606152210,0.35999999999999993,0,0,0,0,16.04366666666667,21.413333333333338,20.675750000000004,23.531100000000002,20.8545,17.01866666666667,-0.6,0.26000000000000006,-0.6,0.2,4-5-1;4-5-2;4-2-1;4-1-2;4-6-1;4-5-3;4-3-1;4-1-5;4-2-5;4-5-6;4-6-2;4-3-2;4-1-3;4-2-3;4-3-5;4-6-5;4-1-6;4-2-6;4-6-3;4-3-6,4-5-1;4-5-2;4-2-1;4-1-2,4-5-1;4-5-2;4-2-1;4-1-2;4-6-1;4-5-3,4-5-1;4-5-2;4-2-1;4-1-2;4-6-1;4-5-3;4-3-1;4-1-5,-0.5,BREAK,21.413333333333338,0,54.39633333333334,0.786,0.3631,1
6-3-2,0.658,2026-06-15,0.6712,0.751,0.3526666666666667,0,1.524,0.881,0,0,0,0,0.6777,2000,400,600,800,まくり差し,0,0.63835,68.359,222920,fit,202606152212,0.612,0,0,0,0,70.324,73.97200000000002,73.62400000000001,71.15339999999999,70.98400000000001,74.50900000000001,0.4,0.55,1.0,1.0,4-5-1;4-5-2;4-6-1;4-5-6;4-6-2;4-2-1;4-1-2;4-6-5;4-1-6;4-1-5;4-2-6;4-5-3;4-2-5;4-3-1;4-3-2;4-6-3;4-1-3;4-3-6;4-2-3;4-3-5,4-5-1;4-5-2;4-6-1;4-5-6,4-5-1;4-5-2;4-6-1;4-5-6;4-6-2;4-2-1,4-5-1;4-5-2;4-6-1;4-5-6;4-6-2;4-2-1;4-1-2;4-6-5,0.5,BREAK,73.97200000000002,1,54.39633333333334,0.15600000000000003,0.6844,6
4-1-3,0.752,2026-06-16,0.62,0.662,0.43299999999999994,0,0.419,0.6047,1,0,0,0,0.49924999999999997,2000,400,600,800,,0,0.7483,78.249,5330,fit,202606160304,0.668,5330,0,0,0,78.619,64.155,67.29899999999999,69.0985,72.01899999999999,74.569,0.20000000000000007,0.54,0.0,0.5,4-5-1;4-5-2;4-6-1;4-2-1;4-5-6;4-5-3;4-6-2;4-1-2;4-2-5;4-3-1;4-1-5;4-3-2;4-6-5;4-2-6;4-2-3;4-3-5;4-1-6;4-1-3;4-6-3;4-3-6,4-5-1;4-5-2;4-6-1;4-2-1,4-5-1;4-5-2;4-6-1;4-2-1;4-5-6;4-5-3,4-5-1;4-5-2;4-6-1;4-2-1;4-5-6;4-5-3;4-6-2;4-1-2,0.5,BREAK,64.155,1,54.39633333333334,0.428,0.488,0
1-4-2,0.76,2026-06-16,0.5903,0.556,0.491,0,-1.223,0.1943,0,0,0,0,0.43435,2000,400,600,800,,0,0.7523,77.00699999999999,2520,fit,202606160305,0.45200000000000007,0,0,0,0,77.777,68.223,69.03450000000001,65.52170000000001,69.292,68.59700000000001,0.4,0.73,0.0,0.5,4-5-2;4-5-1;4-2-1;4-5-6;4-5-3;4-6-2;4-6-1;4-2-5;4-1-2;4-3-2;4-3-1;4-6-5;4-1-5;4-2-6;4-2-3;4-3-5;4-1-6;4-6-3;4-1-3;4-3-6,4-5-2;4-5-1;4-2-1;4-5-6,4-5-2;4-5-1;4-2-1;4-5-6;4-5-3;4-6-2,4-5-2;4-5-1;4-2-1;4-5-6;4-5-3;4-6-2;4-6-1;4-2-5,0.5,BREAK,68.223,1,54.39633333333334,0.6479999999999999,0.4206000000000001,0
1-6-4,0.5213333333333334,2026-06-16,0.5208666666666667,0.4746666666666667,0.6846666666666668,0,-0.906,0.2736,0,0,0,0,0.49029999999999996,2000,400,600,800,逃げ,0,0.5293,50.834,2360,fit,202606160605,0.308,0,0,0,0,50.03733333333334,51.23866666666668,50.979000000000006,49.3406,50.01400000000002,47.93733333333334,0.20000000000000007,0.51,0.19999999999999996,0.6,4-5-1;4-6-1;4-5-2;4-2-1;4-1-2;4-3-1;4-6-2;4-5-6;4-1-6;4-1-5;4-5-3;4-1-3;4-6-5;4-2-6;4-2-5;4-3-2;4-6-3;4-2-3;4-3-6;4-3-5,4-5-1;4-6-1;4-5-2;4-2-1,4-5-1;4-6-1;4-5-2;4-2-1;4-1-2;4-3-1,4-5-1;4-6-1;4-5-2;4-2-1;4-1-2;4-3-1;4-6-2;4-5-6,-0.5,BREAK,51.23866666666668,0,54.39633333333334,0.5720000000000001,0.5204,1
1-2-6,0.46066666666666667,2026-06-16,0.4713333333333333,0.4363333333333333,0.20999999999999996,0,-1.891,0.0274,0,0,0,0,0.5287,2000,400,600,800,逃げ,0,0.45949999999999996,44.019,2970,fit,202606160802,0.388,0,0,0,0,44.13566666666667,51.674333333333344,48.579000000000015,45.9524,44.669,43.04066666666667,0.4,0.79,-0.4,0.3,4-5-1;4-5-2;4-6-1;4-6-2;4-5-6;4-2-1;4-6-5;4-5-3;4-1-2;4-2-6;4-1-6;4-3-1;4-2-5;4-6-3;4-1-5;4-3-2;4-3-6;4-2-3;4-1-3;4-3-5,4-5-1;4-5-2;4-6-1;4-6-2,4-5-1;4-5-2;4-6-1;4-6-2;4-5-6;4-2-1,4-5-1;4-5-2;4-6-1;4-6-2;4-5-6;4-2-1;4-6-5;4-5-3,0,BREAK,51.674333333333344,0,54.39633333333334,0.5880000000000001,0.482,1
1-3-4,0.7306666666666667,2026-06-16,0.7837833333333333,0.8023333333333333,0.472,0,0.079,0.5198,0,0,0,0,0.7903,2000,400,600,800,逃げ,0,0.7215,71.039,1210,fit,202606160807,0.23199999999999998,0,0,0,0,71.95566666666666,80.06333333333333,77.61025,74.8611,74.61149999999999,75.18066666666667,1.0,0.97,0.4,0.7,4-5-1;4-5-2;4-6-1;4-5-6;4-6-2;4-2-1;4-6-5;4-1-5;4-5-3;4-1-2;4-2-5;4-1-6;4-3-1;4-2-6;4-3-5;4-6-3;4-3-2;4-1-3;4-3-6;4-2-3,4-5-1;4-5-2;4-6-1;4-5-6,4-5-1;4-5-2;4-6-1;4-5-6;4-6-2;4-2-1,4-5-1;4-5-2;4-6-1;4-5-6;4-6-2;4-2-1;4-6-5;4-1-5,-0.5,BREAK,80.06333333333333,1,54.39633333333334,0.126,0.8369,1
2-1-4,0.6466666666666667,2026-06-16,0.5227333333333334,0.4793333333333334,0.43933333333333335,0,1.13,0.7825,0,0,0,0,0.4237000000000001,2000,400,600,800,差し,0,0.6535,65.28999999999999,2260,fit,202606160811,0.43999999999999995,0,0,0,0,64.60666666666667,51.381333333333345,54.67500000000002,55.98340000000002,58.410000000000004,57.07666666666668,-0.19999999999999996,0.34,0.20000000000000007,0.6000000000000001,4-5-1;4-5-2;4-6-1;4-5-6;4-2-1;4-6-2;4-5-3;4-1-2;4-3-1;4-1-5;4-6-5;4-2-5;4-1-6;4-3-2;4-2-6;4-1-3;4-6-3;4-3-5;4-2-3;4-3-6,4-5-1;4-5-2;4-6-1;4-5-6,4-5-1;4-5-2;4-6-1;4-5-6;4-2-1;4-6-2,4-5-1;4-5-2;4-6-1;4-5-6;4-2-1;4-6-2;4-5-3;4-1-2,-0.5,BREAK,51.381333333333345,0,54.39633333333334,0.688,0.39880000000000004,2
1-4-3,0.5473333333333333,2026-06-16,0.49961666666666665,0.5006666666666666,0.5773333333333334,0,-1.048,0.238,0,0,0,0,0.4474999999999999,2000,400,600,800,逃げ,0,0.5435,53.262,1490,fit,202606160812,0.552,0,0,0,0,53.64533333333333,47.50966666666667,48.595749999999995,50.017500000000005,51.2595,51.54533333333333,0.19999999999999996,0.54,-0.4,0.3,4-5-1;4-5-2;4-6-1;4-2-1;4-5-6;4-6-2;4-1-2;4-3-1;4-5-3;4-1-5;4-1-6;4-6-5;4-2-5;4-3-2;4-2-6;4-1-3;4-6-3;4-2-3;4-3-5;4-3-6,4-5-1;4-5-2;4-6-1;4-2-1,4-5-1;4-5-2;4-6-1;4-2-1;4-5-6;4-6-2,4-5-1;4-5-2;4-6-1;4-2-1;4-5-6;4-6-2;4-1-2;4-3-1,0,BREAK,47.50966666666667,0,54.39633333333334,0.546,0.45189999999999997,1
1-2-3,0.7233333333333334,2026-06-16,0.6176166666666667,0.6046666666666667,0.42133333333333334,0,0.047,0.5116,0,0,0,0,0.5221,2000,400,600,800,逃げ,0,0.7192500000000001,70.78200000000001,840,fit,202606160912,0.44,0,0,0,0,71.19033333333334,55.782666666666664,59.43075,63.5917,65.9045,65.85033333333334,0.19999999999999996,0.51,-0.19999999999999996,0.4,4-5-1;4-5-2;4-6-1;4-5-6;4-6-2;4-2-1;4-5-3;4-1-2;4-6-5;4-3-1;4-1-5;4-1-6;4-2-5;4-2-6;4-3-2;4-6-3;4-1-3;4-3-5;4-2-3;4-3-6,4-5-1;4-5-2;4-6-1;4-5-6,4-5-1;4-5-2;4-6-1;4-5-6;4-6-2;4-2-1,4-5-1;4-5-2;4-6-1;4-5-6;4-6-2;4-2-1;4-5-3;4-1-2,-0.5,BREAK,55.782666666666664,1,54.39633333333334,0.514,0.5119,1
2-4-1,0.41500000000000004,2026-06-16,0.499725,0.495,0.44499999999999995,0,1.382,0.8454,0,0,0,0,0.5801000000000001,2000,400,600,800,差し,0,0.43715,43.907,5630,fit,202606161210,0.39799999999999996,0,0,0,0,41.692,48.1265,46.98512500000001,47.86595,45.92825,45.29200000000001,0.20000000000000007,0.51,0.0,0.5,4-5-1;4-6-1;4-5-2;4-6-2;4-2-1;4-5-6;4-3-1;4-1-6;4-1-2;4-5-3;4-6-3;4-6-5;4-1-3;4-2-6;4-1-5;4-3-6;4-3-2;4-2-3;4-2-5;4-3-5,4-5-1;4-6-1;4-5-2;4-6-2,4-5-1;4-6-1;4-5-2;4-6-2;4-2-1;4-5-6,4-5-1;4-6-1;4-5-2;4-6-2;4-2-1;4-5-6;4-3-1;4-1-6,-0.5,BREAK,48.1265,0,54.39633333333334,0.42500000000000004,0.5844499999999999,2
1-4-3,0.5126666666666667,2026-06-16,0.6502833333333333,0.6933333333333334,0.5793333333333334,0,0.583,0.6457,0,0,0,0,0.7322,2000,400,600,800,逃げ,0,0.5258,51.973000000000006,2210,fit,202606161605,0.372,0,0,0,0,50.65966666666667,60.35333333333334,59.15675,59.617900000000006,57.540499999999994,58.789666666666676,0.4,0.55,0.6,0.8,4-5-1;4-5-2;4-6-1;4-5-6;4-2-1;4-1-5;4-1-2;4-5-3;4-6-5;4-6-2;4-1-6;4-3-1;4-2-5;4-1-3;4-2-6;4-3-5;4-3-2;4-6-3;4-3-6;4-2-3,4-5-1;4-5-2;4-6-1;4-5-6,4-5-1;4-5-2;4-6-1;4-5-6;4-2-1;4-1-5,4-5-1;4-5-2;4-6-1;4-5-6;4-2-1;4-1-5;4-1-2;4-5-3,-0.5,BREAK,60.35333333333334,1,54.39633333333334,0.126,0.7879,1
4-5-1,0.492,2026-06-16,0.489,0.45399999999999996,0.5153333333333333,1,-0.698,0.3256,1,1,1,1,0.48629999999999995,2000,400,600,800,まくり,1,0.5038,49.642,6140,fit,202606161611,0.384,6140,6140,6140,6140,48.462,34.978,39.767,48.246599999999994,48.312,46.752,-0.8,0.13,-0.20000000000000007,0.39999999999999997,4-5-1;4-5-2;4-6-1;4-6-2;4-5-6;4-2-1;4-1-2;4-2-6;4-6-5;4-2-5;4-5-3;4-1-6;4-3-1;4-1-5;4-3-2;4-6-3;4-2-3;4-3-6;4-1-3;4-3-5,4-5-1;4-5-2;4-6-1;4-6-2,4-5-1;4-5-2;4-6-1;4-6-2;4-5-6;4-2-1,4-5-1;4-5-2;4-6-1;4-6-2;4-5-6;4-2-1;4-1-2;4-2-6,0,BREAK,34.978,0,54.39633333333334,0.5840000000000001,0.486,4
1-2-3,0.478,2026-06-16,0.47082500000000005,0.4885,0.125,0,0.047,0.5116,0,0,0,0,0.5251000000000001,2000,400,600,800,逃げ,0,0.47345,47.352,770,fit,202606161809,0.6019999999999999,0,0,0,0,47.806999999999995,52.3275,50.597625,48.62794999999999,47.44825,48.2795,0.4,0.6100000000000001,0.0,0.5,4-5-1;4-5-2;4-2-1;4-6-1;4-5-6;4-6-2;4-1-2;4-2-5;4-5-3;4-6-5;4-1-5;4-2-6;4-3-1;4-3-2;4-1-6;4-2-3;4-3-5;4-6-3;4-1-3;4-3-6,4-5-1;4-5-2;4-2-1;4-6-1,4-5-1;4-5-2;4-2-1;4-6-1;4-5-6;4-6-2,4-5-1;4-5-2;4-2-1;4-6-1;4-5-6;4-6-2;4-1-2;4-2-5,0,BREAK,52.3275,0,54.39633333333334,0.501,0.4636500000000001,1
4-1-3,0.8766666666666668,2026-06-16,0.6205333333333334,0.5603333333333333,0.3633333333333333,1,0.709,0.6772,1,0,0,0,0.4060999999999999,2000,400,600,800,差し,0,0.84125,84.794,2270,fit,202606161901,0.412,2270,0,0,0,88.33566666666668,71.06633333333335,73.649,70.2992,75.52900000000001,74.10066666666668,0.4,0.67,0.20000000000000007,0.6000000000000001,4-5-1;4-5-2;4-6-1;4-2-1;4-6-2;4-5-3;4-5-6;4-3-1;4-1-2;4-3-2;4-2-5;4-2-3;4-2-6;4-6-5;4-6-3;4-1-5;4-1-3;4-1-6;4-3-5;4-3-6,4-5-1;4-5-2;4-6-1;4-2-1,4-5-1;4-5-2;4-6-1;4-2-1;4-6-2;4-5-3,4-5-1;4-5-2;4-6-1;4-2-1;4-6-2;4-5-3;4-5-6;4-3-1,0,BREAK,71.06633333333335,1,54.39633333333334,0.756,0.36440000000000006,4
1-3-4,0.30266666666666664,2026-06-16,0.5132333333333333,0.5433333333333333,0.7526666666666668,0,-1.13,0.2175,0,0,0,0,0.6518999999999999,2000,400,600,800,抜き,0,0.29635,28.465000000000003,2060,fit,202606162204,0.388,0,0,0,0,29.096666666666668,39.889333333333326,38.467499999999994,43.0968,39.62499999999999,39.92666666666666,0.19999999999999996,0.51,-0.4,0.3,4-5-1;4-5-2;4-2-1;4-6-1;4-1-5;4-1-2;4-5-6;4-5-3;4-2-5;4-3-1;4-6-2;4-6-5;4-1-6;4-1-3;4-3-5;4-2-6;4-3-2;4-2-3;4-6-3;4-3-6,4-5-1;4-5-2;4-2-1;4-6-1,4-5-1;4-5-2;4-2-1;4-6-1;4-1-5;4-1-2,4-5-1;4-5-2;4-2-1;4-6-1;4-1-5;4-1-2;4-5-6;4-5-3,0,BREAK,39.889333333333326,0,54.39633333333334,0.216,0.7238,1
1-5-2,0.23800000000000002,2026-06-16,0.37375,0.41400000000000003,0.7740000000000001,0,1.086,0.7715,0,0,0,0,0.46640000000000004,2000,400,600,800,逃げ,0,0.24435,24.331,3500,fit,202606162210,0.6399999999999999,0,0,0,0,23.695999999999998,37.875,35.15975,32.7933,30.4835,31.616000000000003,-0.19999999999999996,0.37,0.20000000000000007,0.6000000000000001,4-5-1;4-5-2;4-2-1;4-6-1;4-1-2;4-6-2;4-5-6;4-5-3;4-2-5;4-3-1;4-1-5;4-3-2;4-6-5;4-2-6;4-1-6;4-2-3;4-1-3;4-3-5;4-6-3;4-3-6,4-5-1;4-5-2;4-2-1;4-6-1,4-5-1;4-5-2;4-2-1;4-6-1;4-1-2;4-6-2,4-5-1;4-5-2;4-2-1;4-6-1;4-1-2;4-6-2;4-5-6;4-5-3,-0.5,BREAK,37.875,0,54.39633333333334,0.41,0.5095000000000001,1
1-3-4,0.5166666666666666,2026-06-18,0.5077833333333333,0.4493333333333333,0.7193333333333334,0,0.063,0.5157,0,0,0,0,0.46699999999999997,2000,400,600,800,逃げ,0,0.512,51.223000000000006,1070,fit,202606180110,0.284,0,0,0,0,51.68966666666666,43.845333333333336,46.38425,50.330499999999994,51.2455,48.65966666666667,-0.6,0.35000000000000003,-0.20000000000000007,0.39999999999999997,4-5-1;4-6-1;4-5-2;4-5-6;4-5-3;4-1-5;4-2-1;4-3-1;4-6-5;4-1-6;4-6-2;4-1-2;4-1-3;4-2-5;4-3-5;4-6-3;4-2-6;4-3-6;4-3-2;4-2-3,4-5-1;4-6-1;4-5-2;4-5-6,4-5-1;4-6-1;4-5-2;4-5-6;4-5-3;4-1-5,4-5-1;4-6-1;4-5-2;4-5-6;4-5-3;4-1-5;4-2-1;4-3-1,0,BREAK,43.845333333333336,0,54.39633333333334,0.618,0.4989,1
2-1-4,0.5646666666666667,2026-06-18,0.4546333333333333,0.43433333333333324,0.40066666666666667,0,0.047,0.5116,0,0,0,0,0.3830999999999998,2000,400,600,800,抜き,0,0.58,56.85699999999999,1780,fit,202606180205,0.58,0,0,0,0,55.32366666666667,47.20033333333333,49.7095,48.02819999999999,49.821999999999996,49.45866666666666,-0.6000000000000001,0.17000000000000004,0.8,0.9,4-5-1;4-5-2;4-2-1;4-6-1;4-1-2;4-3-1;4-6-2;4-1-5;4-5-6;4-1-6;4-5-3;4-2-5;4-1-3;4-3-2;4-2-6;4-2-3;4-6-5;4-6-3;4-3-5;4-3-6,4-5-1;4-5-2;4-2-1;4-6-1,4-5-1;4-5-2;4-2-1;4-6-1;4-1-2;4-3-1,4-5-1;4-5-2;4-2-1;4-6-1;4-1-2;4-3-1;4-6-2;4-1-5,-0.5,BREAK,47.20033333333333,0,54.39633333333334,0.6960000000000002,0.3445999999999999,2
2-1-5,0.4866666666666667,2026-06-18,0.5086333333333333,0.5093333333333333,0.6626666666666667,0,0.047,0.5116,0,0,0,0,0.5016,2000,400,600,800,差し,0,0.504,50.407,6000,fit,202606180210,0.472,0,0,0,0,48.67366666666667,39.72633333333333,42.8895,49.661199999999994,49.772,49.693666666666665,-0.20000000000000007,0.31,-0.4,0.3,4-5-1;4-6-1;4-5-2;4-6-2;4-2-1;4-5-6;4-1-2;4-1-6;4-6-5;4-1-5;4-2-6;4-3-1;4-5-3;4-2-5;4-6-3;4-1-3;4-3-2;4-3-6;4-2-3;4-3-5,4-5-1;4-6-1;4-5-2;4-6-2,4-5-1;4-6-1;4-5-2;4-6-2;4-2-1;4-5-6,4-5-1;4-6-1;4-5-2;4-6-2;4-2-1;4-5-6;4-1-2;4-1-6,0,BREAK,39.72633333333333,0,54.39633333333334,0.4680000000000001,0.5306,2
1-2-3,0.57,2026-06-18,0.4442999999999999,0.3889999999999999,0.342,0,0.047,0.5116,0,0,0,0,0.37029999999999996,2000,400,600,800,逃げ,0,0.56845,56.852,980,fit,202606180404,0.476,0,0,0,0,57.00699999999999,38.293,43.314499999999995,48.84259999999999,50.721999999999994,48.86199999999999,-0.6000000000000001,0.17000000000000004,-0.19999999999999996,0.4,4-5-1;4-5-2;4-6-1;4-6-2;4-2-1;4-1-2;4-5-6;4-2-6;4-3-1;4-3-2;4-5-3;4-1-6;4-2-5;4-6-5;4-2-3;4-6-3;4-1-5;4-1-3;4-3-6;4-3-5,4-5-1;4-5-2;4-6-1;4-6-2,4-5-1;4-5-2;4-6-1;4-6-2;4-2-1;4-1-2,4-5-1;4-5-2;4-6-1;4-6-2;4-2-1;4-1-2;4-5-6;4-2-6,0,BREAK,38.293,0,54.39633333333334,0.7920000000000001,0.3185999999999999,1
3-2-4,0.17,2026-06-18,0.2519,0.261,0.41000000000000003,0,0.047,0.5116,0,0,0,0,0.3721,2000,400,600,800,差し,0,0.19644999999999999,19.652,14510,fit,202606180408,0.7,0,0,0,0,17.007,24.765,24.2045,23.910200000000003,21.102000000000004,21.102000000000004,-1.0,0.030000000000000027,0.4,0.7,4-5-1;4-6-1;4-5-2;4-2-1;4-6-2;4-1-2;4-3-1;4-5-6;4-1-6;4-5-3;4-2-6;4-3-2;4-1-3;4-1-5;4-6-3;4-6-5;4-2-3;4-2-5;4-3-6;4-3-5,4-5-1;4-6-1;4-5-2;4-2-1,4-5-1;4-6-1;4-5-2;4-2-1;4-6-2;4-1-2,4-5-1;4-6-1;4-5-2;4-2-1;4-6-2;4-1-2;4-3-1;4-5-6,0,BREAK,24.765,0,54.39633333333334,0.648,0.3338,3
4-6-5,0.7553333333333334,2026-06-18,0.6603166666666667,0.6466666666666667,0.43533333333333335,1,0.047,0.5116,1,0,0,0,0.5653999999999999,2000,400,600,800,まくり,1,0.7313500000000001,76.182,1370,fit,202606180503,0.384,1370,0,0,0,78.58033333333334,65.32266666666666,67.46825000000001,71.5513,73.8295,73.69033333333334,0.8,0.81,-0.8,0.09999999999999998,4-5-1;4-5-2;4-6-1;4-5-6;4-6-2;4-2-1;4-5-3;4-3-1;4-1-2;4-6-5;4-1-6;4-1-5;4-2-6;4-2-5;4-6-3;4-3-2;4-1-3;4-3-6;4-3-5;4-2-3,4-5-1;4-5-2;4-6-1;4-5-6,4-5-1;4-5-2;4-6-1;4-5-6;4-6-2;4-2-1,4-5-1;4-5-2;4-6-1;4-5-6;4-6-2;4-2-1;4-5-3;4-3-1,0.5,BREAK,65.32266666666666,1,54.39633333333334,0.462,0.5653,4
1-2-3,0.8760000000000001,2026-06-18,0.68425,0.6090000000000001,0.5293333333333333,0,0.047,0.5116,0,0,0,0,0.49029999999999996,2000,400,600,800,逃げ,0,0.84335,84.342,1650,fit,202606180508,0.22799999999999998,0,0,0,0,87.607,69.58000000000001,72.75325000000001,73.3691,78.0195,75.592,0.4,0.73,-0.19999999999999996,0.4,4-5-1;4-6-1;4-5-2;4-2-1;4-3-1;4-5-6;4-1-2;4-1-5;4-1-6;4-5-3;4-6-2;4-1-3;4-6-5;4-2-5;4-2-6;4-6-3;4-3-2;4-3-5;4-3-6;4-2-3,4-5-1;4-6-1;4-5-2;4-2-1,4-5-1;4-6-1;4-5-2;4-2-1;4-3-1;4-5-6,4-5-1;4-6-1;4-5-2;4-2-1;4-3-1;4-5-6;4-1-2;4-1-5,0,BREAK,69.58000000000001,1,54.39633333333334,0.6579999999999999,0.49250000000000005,1
1-4-2,0.44866666666666666,2026-06-18,0.5606333333333333,0.6383333333333333,0.5153333333333333,0,0.047,0.5116,0,0,0,0,0.6433,2000,400,600,800,抜き,0,0.45135,45.141999999999996,580,fit,202606180510,0.616,0,0,0,0,44.873666666666665,44.182333333333325,45.4695,52.51459999999999,50.472,53.40866666666667,0.19999999999999996,0.44999999999999996,-0.4,0.3,4-5-1;4-6-1;4-5-2;4-2-1;4-5-6;4-1-2;4-1-5;4-6-2;4-1-6;4-6-5;4-2-5;4-3-1;4-2-6;4-5-3;4-1-3;4-3-2;4-6-3;4-3-5;4-2-3;4-3-6,4-5-1;4-6-1;4-5-2;4-2-1,4-5-1;4-6-1;4-5-2;4-2-1;4-5-6;4-1-2,4-5-1;4-6-1;4-5-2;4-2-1;4-5-6;4-1-2;4-1-5;4-6-2,0,BREAK,44.182333333333325,0,54.39633333333334,0.17200000000000001,0.6726,1
1-5-3,0.432,2026-06-18,0.4599,0.46199999999999997,0.48533333333333334,0,0.047,0.5116,0,0,0,0,0.4918,2000,400,600,800,逃げ,0,0.468,45.657000000000004,5770,fit,202606180710,0.52,0,0,0,0,42.057,43.031,43.4345,44.209599999999995,43.452,43.407,-0.20000000000000007,0.33999999999999997,0.19999999999999996,0.6,4-5-1;4-6-1;4-5-2;4-2-1;4-3-1;4-1-2;4-1-5;4-5-6;4-5-3;4-1-6;4-1-3;4-6-2;4-6-5;4-3-2;4-2-5;4-6-3;4-3-5;4-2-6;4-2-3;4-3-6,4-5-1;4-6-1;4-5-2;4-2-1,4-5-1;4-6-1;4-5-2;4-2-1;4-3-1;4-1-2,4-5-1;4-6-1;4-5-2;4-2-1;4-3-1;4-1-2;4-1-5;4-5-6,-0.5,BREAK,43.031,0,54.39633333333334,0.508,0.4878,1
1-4-3,0.6980000000000001,2026-06-18,0.556,0.5209999999999999,0.318,0,-1.912,0.0219,0,0,0,0,0.4546999999999999,2000,400,600,800,逃げ,0,0.6755,65.59799999999998,2990,fit,202606180812,0.45599999999999996,0,0,0,0,67.848,52.87200000000001,55.468,58.235400000000006,60.748000000000005,59.88300000000001,0.19999999999999996,0.63,-0.6,0.2,4-5-1;4-5-2;4-6-1;4-5-6;4-6-2;4-2-1;4-6-5;4-5-3;4-1-2;4-2-5;4-2-6;4-1-5;4-1-6;4-3-1;4-6-3;4-3-2;4-3-5;4-3-6;4-2-3;4-1-3,4-5-1;4-5-2;4-6-1;4-5-6,4-5-1;4-5-2;4-6-1;4-5-6;4-6-2;4-2-1,4-5-1;4-5-2;4-6-1;4-5-6;4-6-2;4-2-1;4-6-5;4-5-3,0,BREAK,52.87200000000001,0,54.39633333333334,0.6560000000000001,0.4139999999999999,1
6-4-1,0.32666666666666666,2026-06-18,0.49143333333333333,0.5033333333333333,0.682,0,-1.387,0.1532,0,0,0,0,0.6053,2000,400,600,800,まくり差し,0,0.34725,33.298,6650,fit,202606180906,0.388,0,0,0,0,31.239666666666665,42.028333333333336,40.725500000000004,42.3126,39.478,39.18966666666667,-0.4,0.39,0.19999999999999996,0.6,4-6-1;4-6-2;4-5-1;4-5-2;4-2-1;4-5-6;4-2-6;4-1-2;4-1-6;4-6-5;4-2-5;4-3-1;4-6-3;4-1-5;4-3-2;4-3-6;4-5-3;4-2-3;4-1-3;4-3-5,4-6-1;4-6-2;4-5-1;4-5-2,4-6-1;4-6-2;4-5-1;4-5-2;4-2-1;4-5-6,4-6-1;4-6-2;4-5-1;4-5-2;4-2-1;4-5-6;4-2-6;4-1-2,0,BREAK,42.028333333333336,0,54.39633333333334,0.32,0.6562,6
1-2-3,0.7093333333333334,2026-06-18,0.6295166666666667,0.6256666666666667,0.562,0,1.923,0.9808,0,0,0,0,0.5329999999999999,2000,400,600,800,逃げ,0,0.7072499999999999,72.60799999999999,1720,fit,202606180909,0.436,0,0,0,0,72.81633333333333,66.49466666666666,67.59424999999999,66.5425,68.8255,69.05133333333333,0.19999999999999996,0.63,0.19999999999999996,0.6,4-5-1;4-5-2;4-6-1;4-2-1;4-6-2;4-1-2;4-5-6;4-2-6;4-1-6;4-2-5;4-6-5;4-1-5;4-3-1;4-5-3;4-3-2;4-2-3;4-6-3;4-1-3;4-3-6;4-3-5,4-5-1;4-5-2;4-6-1;4-2-1,4-5-1;4-5-2;4-6-1;4-2-1;4-6-2;4-1-2,4-5-1;4-5-2;4-6-1;4-2-1;4-6-2;4-1-2;4-5-6;4-2-6,0,BREAK,66.49466666666666,1,54.39633333333334,0.458,0.5497,1
1-4-3,0.765,2026-06-18,0.710125,0.6759999999999999,0.365,0,0.047,0.5116,0,0,0,0,0.6527,2000,400,600,800,逃げ,0,0.75105,75.112,1350,fit,202606181302,0.21799999999999997,0,0,0,0,76.50699999999999,72.18949999999998,72.46012499999999,72.39014999999999,73.76324999999999,72.502,0.6,0.8300000000000001,0.0,0.5,4-5-1;4-5-2;4-6-1;4-2-1;4-5-6;4-5-3;4-3-1;4-6-2;4-1-2;4-1-5;4-6-5;4-2-5;4-1-6;4-3-2;4-1-3;4-3-5;4-2-6;4-6-3;4-2-3;4-3-6,4-5-1;4-5-2;4-6-1;4-2-1,4-5-1;4-5-2;4-6-1;4-2-1;4-5-6;4-5-3,4-5-1;4-5-2;4-6-1;4-2-1;4-5-6;4-5-3;4-3-1;4-6-2,0,BREAK,72.18949999999998,1,54.39633333333334,0.41300000000000003,0.65525,1
1-4-6,0.431,2026-06-18,0.413025,0.33899999999999997,0.607,0,0.047,0.5116,0,0,0,0,0.39579999999999993,2000,400,600,800,逃げ,0,0.42105000000000004,42.112,1250,fit,202606181306,0.33,0,0,0,0,43.107,41.5355,42.072625,41.79334999999999,42.20825,38.967,-0.6,0.35000000000000003,0.0,0.5,4-5-1;4-6-1;4-3-1;4-2-1;4-5-2;4-1-5;4-1-2;4-1-6;4-5-6;4-1-3;4-5-3;4-6-2;4-6-5;4-6-3;4-3-5;4-3-2;4-3-6;4-2-5;4-2-6;4-2-3,4-5-1;4-6-1;4-3-1;4-2-1,4-5-1;4-6-1;4-3-1;4-2-1;4-5-2;4-1-5,4-5-1;4-6-1;4-3-1;4-2-1;4-5-2;4-1-5;4-1-2;4-1-6,0,BREAK,41.5355,0,54.39633333333334,0.7530000000000001,0.3950499999999999,1
4-1-2,0.522,2026-06-18,0.506975,0.5075,0.5249999999999999,1,0.047,0.5116,1,0,0,1,0.48939999999999995,2000,400,600,800,まくり,1,0.52605,55.652,1640,fit,202606181307,0.51,1640,0,0,1640,55.247,48.3625,50.701375,54.079049999999995,54.495749999999994,54.5945,-0.4,0.33,0.0,0.5,4-5-1;4-6-1;4-5-2;4-6-2;4-5-6;4-2-1;4-1-2;4-1-6;4-2-6;4-6-5;4-1-5;4-2-5;4-3-1;4-5-3;4-6-3;4-3-2;4-3-6;4-1-3;4-2-3;4-3-5,4-5-1;4-6-1;4-5-2;4-6-2,4-5-1;4-6-1;4-5-2;4-6-2;4-5-6;4-2-1,4-5-1;4-6-1;4-5-2;4-6-2;4-5-6;4-2-1;4-1-2;4-1-6,0.5,BREAK,48.3625,0,54.39633333333334,0.5070000000000001,0.4919499999999999,4
6-1-4,0.613,2026-06-18,0.541925,0.49799999999999994,0.555,0,0.047,0.5116,0,0,0,0,0.4675999999999999,2000,400,600,800,まくり,0,0.62305,62.312,7200,fit,202606181310,0.366,0,0,0,0,61.306999999999995,42.16949999999999,48.175125,55.97594999999999,57.753249999999994,56.132,-0.8,0.13,0.0,0.5,4-5-1;4-6-1;4-5-2;4-2-1;4-6-2;4-5-6;4-1-6;4-1-2;4-3-1;4-6-5;4-1-5;4-2-6;4-5-3;4-6-3;4-1-3;4-2-5;4-3-6;4-3-2;4-2-3;4-3-5,4-5-1;4-6-1;4-5-2;4-2-1,4-5-1;4-6-1;4-5-2;4-2-1;4-6-2;4-5-6,4-5-1;4-6-1;4-5-2;4-2-1;4-6-2;4-5-6;4-1-6;4-1-2,0,BREAK,42.16949999999999,0,54.39633333333334,0.6170000000000001,0.47085,6
1-3-4,0.773,2026-06-18,0.713225,0.67,0.631,0,1.907,0.9767,0,0,0,0,0.6113999999999999,2000,400,600,800,逃げ,0,0.7424499999999999,76.11199999999998,840,fit,202606181802,0.18599999999999997,0,0,0,0,79.16699999999999,74.33549999999998,74.717625,73.81854999999999,76.17824999999999,74.532,0.6,0.8300000000000001,0.0,0.5,4-5-1;4-6-1;4-5-2;4-2-1;4-5-6;4-6-2;4-1-2;4-1-6;4-3-1;4-1-5;4-6-5;4-2-6;4-5-3;4-1-3;4-6-3;4-2-5;4-3-2;4-3-6;4-2-3;4-3-5,4-5-1;4-6-1;4-5-2;4-2-1,4-5-1;4-6-1;4-5-2;4-2-1;4-5-6;4-6-2,4-5-1;4-6-1;4-5-2;4-2-1;4-5-6;4-6-2;4-1-2;4-1-6,0,BREAK,74.33549999999998,1,54.39633333333334,0.433,0.65345,1
2-6-4,0.222,2026-06-18,0.268325,0.26849999999999996,0.263,0,-1.611,0.0971,0,0,0,0,0.3779999999999999,2000,400,600,800,まくり差し,0,0.23344999999999996,21.693999999999996,3200,fit,202606181805,0.6859999999999999,0,0,0,0,20.549,25.0515,24.637125,25.370749999999994,22.86525,22.6415,-0.8,0.16000000000000003,0.0,0.5,4-5-1;4-5-2;4-6-1;4-6-2;4-5-6;4-2-1;4-1-2;4-2-6;4-5-3;4-3-1;4-1-6;4-6-5;4-3-2;4-6-3;4-2-5;4-3-6;4-1-5;4-2-3;4-1-3;4-3-5,4-5-1;4-5-2;4-6-1;4-6-2,4-5-1;4-5-2;4-6-1;4-6-2;4-5-6;4-2-1,4-5-1;4-5-2;4-6-1;4-6-2;4-5-6;4-2-1;4-1-2;4-2-6,0,BREAK,25.0515,0,54.39633333333334,0.685,0.31465,2
2-4-5,0.807,2026-06-18,0.6500750000000001,0.666,0.265,0,0.309,0.5773,0,0,0,0,0.5292000000000001,2000,400,600,800,差し,0,0.76845,77.11399999999999,10490,fit,202606181809,0.566,0,0,0,0,80.969,70.1865,71.500875,70.14965000000001,73.12275,74.62400000000001,0.4,0.76,0.0,0.5,4-5-1;4-5-2;4-6-1;4-2-1;4-5-6;4-6-2;4-1-2;4-2-5;4-1-5;4-6-5;4-5-3;4-2-6;4-1-6;4-3-1;4-3-2;4-2-3;4-3-5;4-1-3;4-6-3;4-3-6,4-5-1;4-5-2;4-6-1;4-2-1,4-5-1;4-5-2;4-6-1;4-2-1;4-5-6;4-6-2,4-5-1;4-5-2;4-6-1;4-2-1;4-5-6;4-6-2;4-1-2;4-2-5,0,BREAK,70.1865,1,54.39633333333334,0.475,0.4931500000000001,2
1-2-4,0.4026666666666667,2026-06-18,0.4143833333333333,0.42033333333333334,0.6666666666666667,0,0.047,0.5116,0,0,0,0,0.4121,2000,400,600,800,逃げ,0,0.39155,38.012,350,fit,202606182005,0.596,0,0,0,0,39.123666666666665,30.41933333333333,33.323249999999994,39.682700000000004,39.709500000000006,39.918666666666674,-0.8,0.25,-0.6,0.2,4-5-1;4-5-2;4-2-1;4-6-1;4-1-2;4-1-5;4-6-2;4-3-1;4-5-6;4-2-5;4-1-6;4-5-3;4-1-3;4-2-6;4-3-2;4-6-5;4-2-3;4-3-5;4-6-3;4-3-6,4-5-1;4-5-2;4-2-1;4-6-1,4-5-1;4-5-2;4-2-1;4-6-1;4-1-2;4-1-5,4-5-1;4-5-2;4-2-1;4-6-1;4-1-2;4-1-5;4-6-2;4-3-1,-0.5,BREAK,30.41933333333333,0,54.39633333333334,0.562,0.4260999999999999,1
1-4-3,0.6913333333333334,2026-06-18,0.5394166666666667,0.4746666666666666,0.616,0,0.047,0.5116,0,0,0,0,0.3878999999999999,2000,400,600,800,逃げ,0,0.66955,65.812,550,fit,202606182007,0.372,0,0,0,0,67.99033333333334,50.442666666666675,54.39575,56.7573,60.3945,58.24033333333333,-0.4,0.42000000000000004,-0.19999999999999996,0.4,4-5-1;4-6-1;4-5-2;4-2-1;4-3-1;4-1-2;4-6-2;4-5-3;4-5-6;4-1-3;4-1-6;4-1-5;4-3-2;4-6-3;4-2-3;4-2-6;4-6-5;4-2-5;4-3-6;4-3-5,4-5-1;4-6-1;4-5-2;4-2-1,4-5-1;4-6-1;4-5-2;4-2-1;4-3-1;4-1-2,4-5-1;4-6-1;4-5-2;4-2-1;4-3-1;4-1-2;4-6-2;4-5-3,-0.5,BREAK,50.442666666666675,0,54.39633333333334,0.7420000000000001,0.38749999999999996,1
,0.4,2026-06-18,0.4647,0.36600000000000005,0.21866666666666662,0,0.047,0.5116,0,0,0,0,0.5686,2000,400,600,800,,0,0.39155,39.162,0,fit,202606182012,0.10399999999999998,0,0,0,0,40.007,45.701,45.124500000000005,45.657199999999996,43.242,38.477000000000004,-0.6,0.35000000000000003,0.4,0.7,4-5-1;4-5-2;4-6-1;4-5-6;4-5-3;4-2-1;4-6-2;4-6-5;4-1-5;4-3-1;4-1-2;4-2-5;4-1-6;4-3-5;4-3-2;4-2-6;4-6-3;4-1-3;4-2-3;4-3-6,4-5-1;4-5-2;4-6-1;4-5-6,4-5-1;4-5-2;4-6-1;4-5-6;4-5-3;4-2-1,4-5-1;4-5-2;4-6-1;4-5-6;4-5-3;4-2-1;4-6-2;4-6-5,0,BREAK,45.701,0,54.39633333333334,0.6679999999999999,0.5294000000000001,0
1-3-5,0.29800000000000004,2026-06-18,0.49795,0.43600000000000005,0.618,0,-1.064,0.2339,0,0,0,0,0.6514,2000,400,600,800,逃げ,0,0.28424999999999995,27.320999999999994,1770,fit,202606182102,0.07199999999999998,0,0,0,0,28.696000000000005,45.75900000000001,41.364750000000015,42.469300000000004,38.6935,34.906000000000006,0.6000000000000001,0.8300000000000001,-0.8,0.09999999999999998,4-5-1;4-6-1;4-5-2;4-5-6;4-2-1;4-1-5;4-6-2;4-1-6;4-1-2;4-6-5;4-3-1;4-5-3;4-2-5;4-1-3;4-2-6;4-6-3;4-3-5;4-3-6;4-3-2;4-2-3,4-5-1;4-6-1;4-5-2;4-5-6,4-5-1;4-6-1;4-5-2;4-5-6;4-2-1;4-1-5,4-5-1;4-6-1;4-5-2;4-5-6;4-2-1;4-1-5;4-6-2;4-1-6,0,BREAK,45.75900000000001,0,54.39633333333334,0.426,0.6979,1
1-6-3,0.7093333333333334,2026-06-19,0.5105166666666667,0.4856666666666667,0.556,0,1.01,0.7524,0,0,0,0,0.3319,2000,400,600,800,逃げ,0,0.71,70.82000000000001,65630,fit,202606190205,0.596,0,0,0,0,70.75333333333334,54.45166666666667,58.05625,56.48530000000001,60.81250000000001,60.68833333333335,-0.4,0.33,0.4,0.7,4-5-1;4-6-1;4-5-2;4-2-1;4-3-1;4-5-6;4-1-5;4-5-3;4-1-2;4-1-6;4-6-2;4-1-3;4-6-5;4-2-5;4-3-5;4-6-3;4-3-2;4-2-6;4-3-6;4-2-3,4-5-1;4-6-1;4-5-2;4-2-1,4-5-1;4-6-1;4-5-2;4-2-1;4-3-1;4-5-6,4-5-1;4-6-1;4-5-2;4-2-1;4-3-1;4-5-6;4-1-5;4-5-3,-0.5,BREAK,54.45166666666667,1,54.39633333333334,0.738,0.3117,1
4-3-5,0.5933333333333334,2026-06-19,0.5643666666666667,0.48666666666666664,0.414,1,-1.425,0.1436,1,0,0,0,0.5440999999999999,2000,400,600,800,まくり差し,0,0.5833499999999999,56.87,2660,fit,202606190501,0.176,2660,0,0,0,57.86833333333334,63.475666666666676,61.2775,55.9162,56.42000000000001,53.068333333333335,0.19999999999999996,0.72,0.4,0.7,4-5-1;4-5-2;4-6-1;4-5-6;4-5-3;4-3-1;4-1-5;4-2-1;4-6-5;4-6-2;4-1-2;4-3-5;4-1-6;4-1-3;4-2-5;4-6-3;4-3-2;4-3-6;4-2-6;4-2-3,4-5-1;4-5-2;4-6-1;4-5-6,4-5-1;4-5-2;4-6-1;4-5-6;4-5-3;4-3-1,4-5-1;4-5-2;4-6-1;4-5-6;4-5-3;4-3-1;4-1-5;4-2-1,0,BREAK,63.475666666666676,1,54.39633333333334,0.6200000000000001,0.5353999999999999,4
2-3-5,0.5093333333333333,2026-06-19,0.5740666666666667,0.5726666666666667,0.4786666666666667,0,0.747,0.6867,0,0,0,0,0.6212,2000,400,600,800,まくり,0,0.52135,52.842,5150,fit,202606190505,0.356,0,0,0,0,51.64033333333333,46.92966666666667,49.232,56.0434,54.87700000000001,54.49033333333334,-0.4,0.39,-0.20000000000000007,0.39999999999999997,4-5-1;4-5-2;4-5-6;4-6-1;4-2-1;4-6-2;4-5-3;4-1-2;4-2-5;4-1-5;4-6-5;4-3-1;4-2-6;4-3-2;4-1-6;4-3-5;4-2-3;4-1-3;4-6-3;4-3-6,4-5-1;4-5-2;4-5-6;4-6-1,4-5-1;4-5-2;4-5-6;4-6-1;4-2-1;4-6-2,4-5-1;4-5-2;4-5-6;4-6-1;4-2-1;4-6-2;4-5-3;4-1-2,0,BREAK,46.92966666666667,0,54.39633333333334,0.364,0.6388,2
1-2-4,0.6180000000000001,2026-06-19,0.55745,0.506,0.4646666666666667,0,1.896,0.974,0,0,0,0,0.5034,2000,400,600,800,逃げ,0,0.622,62.906000000000006,1430,fit,202606190707,0.31199999999999994,0,0,0,0,62.506000000000014,59.239000000000004,59.16225,58.1683,59.47850000000001,57.466000000000015,0.19999999999999996,0.6900000000000001,-0.20000000000000007,0.39999999999999997,4-5-1;4-5-2;4-6-1;4-2-1;4-5-6;4-1-5;4-5-3;4-3-1;4-1-2;4-6-2;4-6-5;4-2-5;4-1-6;4-1-3;4-3-5;4-3-2;4-2-6;4-6-3;4-2-3;4-3-6,4-5-1;4-5-2;4-6-1;4-2-1,4-5-1;4-5-2;4-6-1;4-2-1;4-5-6;4-1-5,4-5-1;4-5-2;4-6-1;4-2-1;4-5-6;4-1-5;4-5-3;4-3-1,-0.5,BREAK,59.239000000000004,1,54.39633333333334,0.6060000000000001,0.4968999999999999,1
3-1-6,0.7560000000000001,2026-06-19,0.68505,0.7050000000000001,0.13533333333333333,0,-0.889,0.2777,0,0,0,0,0.6514,2000,400,600,800,抜き,0,0.73325,72.39599999999999,23930,fit,202606190903,0.46,0,0,0,0,74.671,77.77999999999999,75.83725000000001,70.2413,71.1235,72.37600000000002,0.8,0.87,0.6000000000000001,0.8,4-5-1;4-5-2;4-5-6;4-6-1;4-6-2;4-2-1;4-6-5;4-5-3;4-1-2;4-2-5;4-2-6;4-1-5;4-1-6;4-3-1;4-3-2;4-6-3;4-3-5;4-2-3;4-3-6;4-1-3,4-5-1;4-5-2;4-5-6;4-6-1,4-5-1;4-5-2;4-5-6;4-6-1;4-6-2;4-2-1,4-5-1;4-5-2;4-5-6;4-6-1;4-6-2;4-2-1;4-6-5;4-5-3,0,BREAK,77.77999999999999,1,54.39633333333334,0.346,0.6141,3
1-2-4,0.5066666666666667,2026-06-19,0.5081833333333333,0.5183333333333333,0.5446666666666666,0,1.387,0.8468,0,0,0,0,0.5014,2000,400,600,800,逃げ,0,0.49924999999999997,51.272,300,fit,202606190911,0.528,0,0,0,0,52.01366666666667,52.33733333333334,51.218250000000005,51.943299999999994,52.0895,52.53866666666667,0.6,0.77,-0.8,0.09999999999999998,4-5-1;4-2-1;4-5-2;4-6-1;4-1-2;4-6-2;4-1-5;4-3-1;4-5-6;4-1-6;4-2-5;4-2-6;4-5-3;4-1-3;4-3-2;4-6-5;4-2-3;4-3-5;4-6-3;4-3-6,4-5-1;4-2-1;4-5-2;4-6-1,4-5-1;4-2-1;4-5-2;4-6-1;4-1-2;4-6-2,4-5-1;4-2-1;4-5-2;4-6-1;4-1-2;4-6-2;4-1-5;4-3-1,0,BREAK,52.33733333333334,0,54.39633333333334,0.4700000000000001,0.5096999999999999,1
1-3-4,0.526,2026-06-19,0.6198,0.645,0.5213333333333333,0,0.047,0.5116,0,0,0,0,0.6779999999999999,2000,400,600,800,逃げ,0,0.5211,52.117,1230,fit,202606191110,0.37999999999999995,0,0,0,0,52.607,67.77099999999999,63.94200000000001,58.76499999999999,57.297,57.961999999999996,0.6,0.77,0.6000000000000001,0.8,4-5-1;4-6-1;4-5-6;4-5-2;4-6-2;4-2-1;4-6-5;4-5-3;4-1-6;4-3-1;4-1-5;4-1-2;4-6-3;4-2-6;4-1-3;4-2-5;4-3-6;4-3-5;4-3-2;4-2-3,4-5-1;4-6-1;4-5-6;4-5-2,4-5-1;4-6-1;4-5-6;4-5-2;4-6-2;4-2-1,4-5-1;4-6-1;4-5-6;4-5-2;4-6-2;4-2-1;4-6-5;4-5-3,0,BREAK,67.77099999999999,1,54.39633333333334,0.23600000000000002,0.7136,1
1-6-4,0.47,2026-06-19,0.577175,0.5735,0.8029999999999999,0,0.183,0.5458,0,0,0,0,0.6113,2000,400,600,800,逃げ,0,0.46945,47.088,2520,fit,202606191802,0.302,0,0,0,0,47.143,58.206500000000005,55.47237499999999,53.466849999999994,52.50175,51.8005,0.4,0.73,0.0,0.5,4-5-1;4-6-1;4-5-2;4-2-1;4-1-2;4-1-5;4-5-6;4-6-2;4-1-6;4-3-1;4-6-5;4-2-5;4-5-3;4-2-6;4-1-3;4-3-2;4-3-5;4-6-3;4-2-3;4-3-6,4-5-1;4-6-1;4-5-2;4-2-1,4-5-1;4-6-1;4-5-2;4-2-1;4-1-2;4-1-5,4-5-1;4-6-1;4-5-2;4-2-1;4-1-2;4-1-5;4-5-6;4-6-2,0,BREAK,58.206500000000005,1,54.39633333333334,0.323,0.68435,1
1-4-2,0.681,2026-06-19,0.586425,0.532,0.629,0,1.327,0.8317,0,0,0,0,0.4744999999999999,2000,400,600,800,逃げ,0,0.67845,69.13199999999999,1440,fit,202606191809,0.30599999999999994,0,0,0,0,69.387,50.4035,55.887625,62.00675,64.65825,62.68200000000001,-0.6,0.26000000000000006,0.0,0.5,4-5-1;4-6-1;4-2-1;4-5-2;4-3-1;4-5-6;4-1-2;4-1-5;4-1-6;4-5-3;4-1-3;4-6-2;4-6-5;4-6-3;4-2-5;4-3-2;4-3-5;4-2-6;4-3-6;4-2-3,4-5-1;4-6-1;4-2-1;4-5-2,4-5-1;4-6-1;4-2-1;4-5-2;4-3-1;4-5-6,4-5-1;4-6-1;4-2-1;4-5-2;4-3-1;4-5-6;4-1-2;4-1-5,0,BREAK,50.4035,0,54.39633333333334,0.6170000000000001,0.4918499999999999,1
1-4-6,0.446,2026-06-19,0.5016,0.531,0.428,0,1.726,0.9316,0,0,0,0,0.559,2000,400,600,800,逃げ,0,0.44355,44.891,800,fit,202606192004,0.5519999999999999,0,0,0,0,45.136,47.616,47.016000000000005,49.29,47.916000000000004,48.961000000000006,0.4,0.5800000000000001,-0.4,0.3,4-5-1;4-6-1;4-5-6;4-5-2;4-6-2;4-2-1;4-1-6;4-6-5;4-1-2;4-2-6;4-5-3;4-3-1;4-1-5;4-6-3;4-2-5;4-3-6;4-1-3;4-3-2;4-3-5;4-2-3,4-5-1;4-6-1;4-5-6;4-5-2,4-5-1;4-6-1;4-5-6;4-5-2;4-6-2;4-2-1,4-5-1;4-6-1;4-5-6;4-5-2;4-6-2;4-2-1;4-1-6;4-6-5,-0.5,BREAK,47.616,0,54.39633333333334,0.38399999999999995,0.5572,1
4-1-6,0.39666666666666667,2026-06-19,0.6087333333333333,0.6983333333333334,0.8426666666666666,1,-1.584,0.104,1,0,0,1,0.7200000000000001,2000,400,600,800,まくり,1,0.38355,36.730999999999995,1610,fit,202606192007,0.5119999999999999,1610,0,0,1610,38.04266666666666,51.257333333333335,49.461,51.518,48.646,51.61766666666667,0.4,0.55,0.19999999999999996,0.6,4-5-1;4-6-1;4-5-2;4-5-6;4-2-1;4-6-2;4-1-6;4-1-2;4-6-5;4-1-5;4-3-1;4-2-6;4-5-3;4-6-3;4-1-3;4-2-5;4-3-6;4-3-2;4-3-5;4-2-3,4-5-1;4-6-1;4-5-2;4-5-6,4-5-1;4-6-1;4-5-2;4-5-6;4-2-1;4-6-2,4-5-1;4-6-1;4-5-2;4-5-6;4-2-1;4-6-2;4-1-6;4-1-2,0,BREAK,51.257333333333335,0,54.39633333333334,0.0,0.8208000000000001,4
4-2-1,0.6266666666666667,2026-06-19,0.44588333333333335,0.3643333333333334,0.382,1,-1.289,0.1778,1,1,1,1,0.31920000000000004,2000,400,600,800,差し,0,0.6202500000000001,60.696000000000005,6780,fit,202606192105,0.43199999999999994,6780,6780,6780,6780,61.33766666666667,39.455333333333336,44.58475,49.149899999999995,52.298500000000004,49.53266666666667,-0.6,0.26000000000000006,-0.4,0.3,4-5-1;4-6-1;4-5-2;4-2-1;4-1-2;4-5-6;4-6-2;4-1-6;4-1-5;4-3-1;4-6-5;4-5-3;4-2-6;4-2-5;4-1-3;4-3-2;4-6-3;4-2-3;4-3-6;4-3-5,4-5-1;4-6-1;4-5-2;4-2-1,4-5-1;4-6-1;4-5-2;4-2-1;4-1-2;4-5-6,4-5-1;4-6-1;4-5-2;4-2-1;4-1-2;4-5-6;4-6-2;4-1-6,0,BREAK,39.455333333333336,0,54.39633333333334,0.8979999999999999,0.2651,4
2-3-6,0.444,2026-06-19,0.41979999999999995,0.382,0.31333333333333335,0,-1.923,0.0192,0,0,0,0,0.43979999999999986,2000,400,600,800,まくり,0,0.42724999999999996,40.76199999999999,8210,fit,202606192401,0.464,0,0,0,0,42.437,42.545,42.092,41.618599999999994,41.227,39.647,-0.19999999999999996,0.49000000000000005,-0.19999999999999996,0.4,4-5-1;4-6-1;4-5-2;4-5-6;4-6-2;4-5-3;4-2-1;4-6-5;4-3-1;4-1-6;4-1-2;4-1-5;4-6-3;4-2-6;4-2-5;4-3-6;4-1-3;4-3-2;4-3-5;4-2-3,4-5-1;4-6-1;4-5-2;4-5-6,4-5-1;4-6-1;4-5-2;4-5-6;4-6-2;4-5-3,4-5-1;4-6-1;4-5-2;4-5-6;4-6-2;4-5-3;4-2-1;4-6-5,0,BREAK,42.545,0,54.39633333333334,0.68,0.39559999999999995,2
1-4-2,0.4646666666666667,2026-06-19,0.5360333333333334,0.6263333333333334,0.6533333333333333,0,1.475,0.8687,0,0,0,0,0.5670000000000001,2000,400,600,800,逃げ,0,0.4472499999999999,49.199999999999996,2400,fit,202606192408,0.7279999999999999,0,0,0,0,50.94166666666667,58.766333333333336,57.0625,55.33400000000001,54.51000000000001,58.21666666666667,0.4,0.5800000000000001,0.19999999999999996,0.6,4-5-1;4-5-2;4-2-1;4-6-1;4-1-2;4-5-6;4-6-2;4-1-5;4-2-5;4-5-3;4-3-1;4-6-5;4-1-6;4-2-6;4-3-2;4-1-3;4-2-3;4-3-5;4-6-3;4-3-6,4-5-1;4-5-2;4-2-1;4-6-1,4-5-1;4-5-2;4-2-1;4-6-1;4-1-2;4-5-6,4-5-1;4-5-2;4-2-1;4-6-1;4-1-2;4-5-6;4-6-2;4-1-5,0.5,BREAK,58.766333333333336,1,54.39633333333334,0.212,0.6074,1
1-2-4,0.708,2026-06-20,0.6168499999999999,0.655,0.5246666666666667,0,0.605,0.6512,0,0,0,0,0.5176,2000,400,600,800,逃げ,0,0.6844499999999999,69.00999999999999,2020,fit,202606200408,0.616,0,0,0,0,71.365,77.286,74.40625,64.44169999999998,66.80749999999999,68.98,0.6,0.8300000000000001,0.8,0.9,4-5-1;4-5-2;4-6-1;4-2-1;4-5-6;4-1-2;4-1-5;4-6-2;4-3-1;4-1-6;4-5-3;4-6-5;4-2-5;4-2-6;4-1-3;4-3-2;4-3-5;4-6-3;4-2-3;4-3-6,4-5-1;4-5-2;4-6-1;4-2-1,4-5-1;4-5-2;4-6-1;4-2-1;4-5-6;4-1-2,4-5-1;4-5-2;4-6-1;4-2-1;4-5-6;4-1-2;4-1-5;4-6-2,0,BREAK,77.286,1,54.39633333333334,0.398,0.5257,1
1-4-6,0.5813333333333334,2026-06-20,0.5516666666666667,0.4886666666666667,0.26199999999999996,0,1.902,0.9754,0,0,0,0,0.5553,2000,400,600,800,逃げ,0,0.58045,59.907000000000004,1230,fit,202606200410,0.244,0,0,0,0,59.99533333333334,56.372666666666674,57.90700000000001,58.53260000000001,58.512,55.82533333333334,-0.6,0.35000000000000003,0.6,0.8,4-5-1;4-6-1;4-5-6;4-5-2;4-6-2;4-6-5;4-2-1;4-1-6;4-1-5;4-5-3;4-1-2;4-3-1;4-2-6;4-2-5;4-6-3;4-3-6;4-1-3;4-3-5;4-3-2;4-2-3,4-5-1;4-6-1;4-5-6;4-5-2,4-5-1;4-6-1;4-5-6;4-5-2;4-6-2;4-6-5,4-5-1;4-6-1;4-5-6;4-5-2;4-6-2;4-6-5;4-2-1;4-1-6,0,BREAK,56.372666666666674,1,54.39633333333334,0.604,0.522,1
1-4-2,0.5446666666666666,2026-06-20,0.5508333333333333,0.5403333333333333,0.38533333333333336,0,1.447,0.8618,0,0,0,0,0.5658,2000,400,600,800,逃げ,0,0.55335,59.782000000000004,1220,fit,202606200504,0.40399999999999997,0,0,0,0,58.913666666666664,49.834333333333326,53.7045,59.563599999999994,59.222,58.718666666666664,-0.8,0.16000000000000003,0.4,0.7,4-5-2;4-5-1;4-2-1;4-6-2;4-6-1;4-1-2;4-5-6;4-2-5;4-2-6;4-3-2;4-5-3;4-3-1;4-2-3;4-1-5;4-6-5;4-1-6;4-1-3;4-6-3;4-3-5;4-3-6,4-5-2;4-5-1;4-2-1;4-6-2,4-5-2;4-5-1;4-2-1;4-6-2;4-6-1;4-1-2,4-5-2;4-5-1;4-2-1;4-6-2;4-6-1;4-1-2;4-5-6;4-2-5,0.5,BREAK,49.834333333333326,0,54.39633333333334,0.4640000000000001,0.5569999999999999,1
4-1-5,0.8366666666666667,2026-06-20,0.7690333333333333,0.6983333333333334,0.5086666666666667,1,0.047,0.5116,1,0,1,1,0.6708999999999999,2000,400,600,800,差し,0,0.8112999999999999,81.13699999999999,650,fit,202606200608,0.03599999999999999,650,0,650,650,83.67366666666666,86.33433333333332,84.89949999999999,77.9978,80.292,77.44866666666667,0.6,0.86,1.0,1.0,4-5-1;4-6-1;4-5-2;4-5-6;4-1-5;4-6-5;4-2-1;4-5-3;4-6-2;4-1-6;4-1-2;4-3-1;4-2-5;4-2-6;4-3-5;4-1-3;4-6-3;4-3-6;4-3-2;4-2-3,4-5-1;4-6-1;4-5-2;4-5-6,4-5-1;4-6-1;4-5-2;4-5-6;4-1-5;4-6-5,4-5-1;4-6-1;4-5-2;4-5-6;4-1-5;4-6-5;4-2-1;4-5-3,0,BREAK,86.33433333333332,1,54.39633333333334,0.44,0.7014,4
1-4-5,0.7240000000000001,2026-06-20,0.6160000000000001,0.6020000000000001,0.258,0,1.343,0.8358,0,0,0,0,0.5432999999999999,2000,400,600,800,逃げ,0,0.70125,71.428,640,fit,202606200903,0.44,0,0,0,0,73.703,72.455,71.263,66.48760000000001,68.30300000000001,68.213,0.6,0.8300000000000001,0.20000000000000007,0.6000000000000001,4-5-2;4-5-1;4-2-5;4-5-3;4-5-6;4-2-1;4-1-5;4-1-2;4-6-2;4-6-1;4-6-5;4-3-5;4-3-2;4-3-1;4-2-3;4-2-6;4-1-3;4-1-6;4-6-3;4-3-6,4-5-2;4-5-1;4-2-5;4-5-3,4-5-2;4-5-1;4-2-5;4-5-3;4-5-6;4-2-1,4-5-2;4-5-1;4-2-5;4-5-3;4-5-6;4-2-1;4-1-5;4-1-2,0,BREAK,72.455,1,54.39633333333334,0.52,0.508,1
1-3-4,0.6153333333333334,2026-06-20,0.5784666666666667,0.5196666666666667,0.42333333333333334,0,-1.157,0.2107,0,0,0,0,0.5476999999999999,2000,400,600,800,逃げ,0,0.6071,59.513,530,fit,202606201102,0.24,0,0,0,0,60.336333333333336,57.28166666666667,58.178000000000004,57.742399999999996,58.493,56.03133333333334,-0.19999999999999996,0.49,0.4,0.7,4-5-1;4-6-1;4-5-2;4-2-1;4-5-6;4-3-1;4-1-2;4-1-6;4-1-5;4-6-2;4-5-3;4-6-5;4-1-3;4-2-6;4-2-5;4-6-3;4-3-2;4-3-6;4-3-5;4-2-3,4-5-1;4-6-1;4-5-2;4-2-1,4-5-1;4-6-1;4-5-2;4-2-1;4-5-6;4-3-1,4-5-1;4-6-1;4-5-2;4-2-1;4-5-6;4-3-1;4-1-2;4-1-6,0,BREAK,57.28166666666667,1,54.39633333333334,0.5760000000000001,0.5416,1
4-1-2,0.43266666666666664,2026-06-20,0.5159833333333333,0.5653333333333332,0.668,1,-1.918,0.0205,1,0,1,1,0.5585,2000,400,600,800,まくり差し,0,0.4371,41.752,3260,fit,202606201107,0.5839999999999999,3260,0,3260,3260,41.30866666666667,52.87633333333334,50.74825,46.576499999999996,45.4745,47.278666666666666,0.19999999999999996,0.44999999999999996,0.8,0.9,4-5-1;4-5-2;4-6-1;4-2-1;4-1-2;4-6-2;4-5-6;4-3-1;4-1-6;4-1-5;4-5-3;4-2-6;4-2-5;4-3-2;4-1-3;4-6-5;4-2-3;4-6-3;4-3-6;4-3-5,4-5-1;4-5-2;4-6-1;4-2-1,4-5-1;4-5-2;4-6-1;4-2-1;4-1-2;4-6-2,4-5-1;4-5-2;4-6-1;4-2-1;4-1-2;4-6-2;4-5-6;4-3-1,0,BREAK,52.87633333333334,0,54.39633333333334,0.30200000000000005,0.5993,4
1-2-4,0.872,2026-06-20,0.781425,0.7515000000000001,0.579,0,1.995,0.9986,0,0,0,0,0.6508,2000,400,600,800,逃げ,0,0.8480500000000001,86.76,2180,fit,202606201306,0.198,0,0,0,0,89.155,79.5195,81.07062499999999,81.57135,84.62625,83.73250000000002,0.6,0.86,0.0,0.5,4-5-1;4-5-2;4-6-1;4-5-6;4-2-1;4-5-3;4-3-1;4-6-2;4-1-5;4-1-2;4-6-5;4-1-6;4-2-5;4-1-3;4-3-5;4-3-2;4-2-6;4-6-3;4-2-3;4-3-6,4-5-1;4-5-2;4-6-1;4-5-6,4-5-1;4-5-2;4-6-1;4-5-6;4-2-1;4-5-3,4-5-1;4-5-2;4-6-1;4-5-6;4-2-1;4-5-3;4-3-1;4-6-2,0,BREAK,79.5195,1,54.39633333333334,0.369,0.69085,1
1-4-2,0.313,2026-06-20,0.49317500000000003,0.577,0.591,0,1.694,0.9234,0,0,0,0,0.6325000000000001,2000,400,600,800,逃げ,0,0.34304999999999997,34.809000000000005,840,fit,202606201312,0.6379999999999999,0,0,0,0,31.804,43.531500000000015,41.85337500000001,44.23825,40.81275000000001,43.684000000000005,0.19999999999999996,0.44999999999999996,0.0,0.5,4-5-1;4-5-2;4-6-1;4-2-1;4-5-6;4-6-2;4-1-2;4-1-5;4-1-6;4-6-5;4-2-5;4-2-6;4-3-1;4-5-3;4-3-2;4-1-3;4-6-3;4-2-3;4-3-5;4-3-6,4-5-1;4-5-2;4-6-1;4-2-1,4-5-1;4-5-2;4-6-1;4-2-1;4-5-6;4-6-2,4-5-1;4-5-2;4-6-1;4-2-1;4-5-6;4-6-2;4-1-2;4-1-5,-0.5,BREAK,43.531500000000015,0,54.39633333333334,0.159,0.6733500000000001,1
2-1-4,0.7273333333333334,2026-06-20,0.7160166666666667,0.8066666666666666,0.418,0,0.047,0.5116,0,0,0,0,0.685,2000,400,600,800,差し,0,0.7097,69.827,660,fit,202606201507,0.632,0,0,0,0,71.59033333333333,75.70266666666667,73.95075,70.3195,71.0245,75.16033333333334,1.0,0.88,0.4,0.7,4-5-1;4-5-2;4-2-1;4-6-1;4-6-2;4-1-2;4-5-6;4-2-5;4-2-6;4-1-5;4-1-6;4-6-5;4-5-3;4-3-1;4-3-2;4-2-3;4-1-3;4-6-3;4-3-5;4-3-6,4-5-1;4-5-2;4-2-1;4-6-1,4-5-1;4-5-2;4-2-1;4-6-1;4-6-2;4-1-2,4-5-1;4-5-2;4-2-1;4-6-1;4-6-2;4-1-2;4-5-6;4-2-5,-0.5,BREAK,75.70266666666667,1,54.39633333333334,0.11399999999999999,0.7047,2
1-2-4,0.41,2026-06-20,0.41689999999999994,0.44699999999999995,0.5506666666666667,0,0.047,0.5116,0,0,0,0,0.4272,2000,400,600,800,逃げ,0,0.42569999999999997,41.42699999999999,620,fit,202606201512,0.688,0,0,0,0,39.857,42.114999999999995,42.5795,40.4424,40.202,41.522,-0.6000000000000001,0.17000000000000004,0.8,0.9,4-5-1;4-5-2;4-6-1;4-5-6;4-6-2;4-2-1;4-1-2;4-6-5;4-1-6;4-5-3;4-1-5;4-3-1;4-2-6;4-2-5;4-6-3;4-3-2;4-1-3;4-3-6;4-3-5;4-2-3,4-5-1;4-5-2;4-6-1;4-5-6,4-5-1;4-5-2;4-6-1;4-5-6;4-6-2;4-2-1,4-5-1;4-5-2;4-6-1;4-5-6;4-6-2;4-2-1;4-1-2;4-6-5,-0.5,BREAK,42.114999999999995,0,54.39633333333334,0.516,0.42379999999999995,1
4-6-1,0.804,2026-06-20,0.7019500000000001,0.7170000000000001,0.682,1,0.676,0.6689,1,1,1,1,0.5573999999999999,2000,400,600,800,まくり,1,0.8224,85.91600000000001,5330,fit,202606201709,0.456,5330,5330,5330,5330,84.07600000000001,77.587,78.48475,75.58930000000001,78.9735,80.161,0.4,0.73,0.4,0.7,4-5-1;4-5-2;4-6-1;4-2-1;4-6-2;4-1-2;4-5-6;4-2-6;4-2-5;4-1-6;4-1-5;4-5-3;4-6-5;4-3-1;4-3-2;4-2-3;4-1-3;4-6-3;4-3-6;4-3-5,4-5-1;4-5-2;4-6-1;4-2-1,4-5-1;4-5-2;4-6-1;4-2-1;4-6-2;4-1-2,4-5-1;4-5-2;4-6-1;4-2-1;4-6-2;4-1-2;4-5-6;4-2-6,0.5,BREAK,77.587,1,54.39633333333334,0.37,0.5999,4
1-4-2,0.557,2026-06-20,0.6109,0.7005,0.36200000000000004,0,0.763,0.6908,0,0,0,0,0.6595,2000,400,600,800,逃げ,0,0.5674,56.313,920,fit,202606201712,0.6679999999999999,0,0,0,0,55.273,69.54700000000001,65.22550000000001,59.145,57.967999999999996,61.73050000000001,1.0,0.88,0.4,0.7,4-5-1;4-5-2;4-6-1;4-2-1;4-6-2;4-1-2;4-5-6;4-1-6;4-3-1;4-2-6;4-1-5;4-2-5;4-5-3;4-6-5;4-3-2;4-1-3;4-2-3;4-6-3;4-3-6;4-3-5,4-5-1;4-5-2;4-6-1;4-2-1,4-5-1;4-5-2;4-6-1;4-2-1;4-6-2;4-1-2,4-5-1;4-5-2;4-6-1;4-2-1;4-6-2;4-1-2;4-5-6;4-1-6,-0.5,BREAK,69.54700000000001,1,54.39633333333334,0.15600000000000003,0.6648000000000001,1
1-3-2,0.399,2026-06-20,0.437725,0.363,0.497,0,1.88,0.9699,0,0,0,0,0.48150000000000004,2000,400,600,800,逃げ,0,0.41645000000000004,43.48500000000001,1450,fit,202606201805,0.24599999999999997,0,0,0,0,41.74000000000001,36.8865,39.44312500000001,44.716750000000005,43.67625,40.120000000000005,-0.8,0.16000000000000003,0.0,0.5,4-5-1;4-6-1;4-5-6;4-5-2;4-6-2;4-5-3;4-6-5;4-1-6;4-3-1;4-6-3;4-2-1;4-3-6;4-1-5;4-1-2;4-2-6;4-1-3;4-3-5;4-3-2;4-2-5;4-2-3,4-5-1;4-6-1;4-5-6;4-5-2,4-5-1;4-6-1;4-5-6;4-5-2;4-6-2;4-5-3,4-5-1;4-6-1;4-5-6;4-5-2;4-6-2;4-5-3;4-6-5;4-1-6,0,BREAK,36.8865,0,54.39633333333334,0.673,0.47644999999999993,1
,0.12,2026-06-20,0.30005,0.355,0.42533333333333334,0,-1.902,0.0246,0,0,0,0,0.49350000000000005,2000,400,600,800,,0,0.13155,11.213000000000001,0,fit,202606202012,0.724,0,0,0,0,10.058000000000002,19.098999999999997,18.15925,23.6765,19.060499999999998,20.633,-0.4,0.24,-0.6,0.2,4-5-1;4-5-2;4-6-1;4-2-1;4-5-6;4-6-2;4-1-2;4-1-5;4-1-6;4-6-5;4-2-5;4-5-3;4-3-1;4-2-6;4-1-3;4-3-2;4-6-3;4-3-5;4-2-3;4-3-6,4-5-1;4-5-2;4-6-1;4-2-1,4-5-1;4-5-2;4-6-1;4-2-1;4-5-6;4-6-2,4-5-1;4-5-2;4-6-1;4-2-1;4-5-6;4-6-2;4-1-2;4-1-5,0,BREAK,19.098999999999997,0,54.39633333333334,0.41,0.48009999999999997,0
2-6-4,0.184,2026-06-20,0.4011,0.476,0.34800000000000003,0,-1.781,0.0547,0,0,0,0,0.6222,2000,400,600,800,まくり,0,0.20525,21.744,2480,fit,202606202408,0.6599999999999999,0,0,0,0,19.619,35.353,33.206500000000005,35.772400000000005,30.474,32.759,-0.19999999999999996,0.28,0.19999999999999996,0.6,4-5-1;4-5-2;4-6-1;4-2-1;4-6-2;4-5-6;4-1-2;4-2-5;4-5-3;4-6-5;4-2-6;4-1-5;4-3-1;4-1-6;4-3-2;4-2-3;4-6-3;4-1-3;4-3-5;4-3-6,4-5-1;4-5-2;4-6-1;4-2-1,4-5-1;4-5-2;4-6-1;4-2-1;4-6-2;4-5-6,4-5-1;4-5-2;4-6-1;4-2-1;4-6-2;4-5-6;4-1-2;4-2-5,0.5,BREAK,35.353,0,54.39633333333334,0.23199999999999998,0.6182000000000001,2
5-1-4,0.5933333333333334,2026-06-21,0.6055166666666667,0.7276666666666667,0.6106666666666667,0,-1.77,0.0575,0,0,0,0,0.5816999999999999,2000,400,600,800,まくり差し,0,0.57245,58.475,8180,fit,202606210401,0.8360000000000001,0,0,0,0,60.56333333333333,57.71366666666666,58.20125,60.6729,61.17250000000001,66.60833333333335,0.6,0.6799999999999999,-0.4,0.3,4-5-1;4-5-2;4-2-1;4-6-1;4-1-2;4-5-6;4-6-2;4-1-5;4-2-5;4-5-3;4-3-1;4-6-5;4-3-2;4-1-6;4-2-6;4-1-3;4-2-3;4-3-5;4-6-3;4-3-6,4-5-1;4-5-2;4-2-1;4-6-1,4-5-1;4-5-2;4-2-1;4-6-1;4-1-2;4-5-6,4-5-1;4-5-2;4-2-1;4-6-1;4-1-2;4-5-6;4-6-2;4-1-5,0.5,BREAK,57.71366666666666,1,54.39633333333334,0.138,0.6176999999999999,5
1-4-5,0.7293333333333334,2026-06-21,0.7307666666666667,0.7426666666666667,0.398,0,1.031,0.7579,0,0,0,0,0.7125,2000,400,600,800,逃げ,0,0.7013500000000001,71.12600000000002,1010,fit,202606210504,0.31199999999999994,0,0,0,0,73.92433333333334,79.06766666666665,76.8335,73.597,73.99600000000001,74.52433333333335,1.0,0.97,0.19999999999999996,0.6,4-5-1;4-5-2;4-6-1;4-5-6;4-5-3;4-2-1;4-6-2;4-6-5;4-1-5;4-3-1;4-1-2;4-1-6;4-2-5;4-2-6;4-3-5;4-6-3;4-1-3;4-3-2;4-3-6;4-2-3,4-5-1;4-5-2;4-6-1;4-5-6,4-5-1;4-5-2;4-6-1;4-5-6;4-5-3;4-2-1,4-5-1;4-5-2;4-6-1;4-5-6;4-5-3;4-2-1;4-6-2;4-6-5,0,BREAK,79.06766666666665,1,54.39633333333334,0.24400000000000002,0.7322,1
2-4-5,0.43000000000000005,2026-06-21,0.49660000000000004,0.512,0.30300000000000005,0,1.25,0.8126,0,0,0,0,0.5830500000000001,2000,400,600,800,まくり,0,0.4313,44.34,860,fit,202606210602,0.494,0,0,0,0,44.21000000000001,48.062000000000005,48.125,49.575100000000006,47.540000000000006,47.90000000000001,-0.19999999999999996,0.34,0.4,0.7,4-5-1;4-5-2;4-5-6;4-6-1;4-2-1;4-6-2;4-1-2;4-2-5;4-5-3;4-6-5;4-1-5;4-2-6;4-3-1;4-3-2;4-1-6;4-2-3;4-3-5;4-6-3;4-1-3;4-3-6,4-5-1;4-5-2;4-5-6;4-6-1,4-5-1;4-5-2;4-5-6;4-6-1;4-2-1;4-6-2,4-5-1;4-5-2;4-5-6;4-6-1;4-2-1;4-6-2;4-1-2;4-2-5,0,BREAK,48.062000000000005,0,54.39633333333334,0.40599999999999997,0.5632,2
6-3-4,0.37066666666666664,2026-06-21,0.4467833333333333,0.41633333333333333,0.25533333333333336,0,-1.683,0.0793,0,0,0,0,0.5566,2000,400,600,800,差し,0,0.37329999999999997,34.457,1570,fit,202606210605,0.364,0,0,0,0,34.193666666666665,41.88133333333333,39.52325,40.5677,37.999500000000005,36.248666666666665,0.4,0.67,-0.6000000000000001,0.19999999999999996,4-5-1;4-6-1;4-5-6;4-5-2;4-6-2;4-5-3;4-6-5;4-6-3;4-1-6;4-3-1;4-3-6;4-2-1;4-2-6;4-1-5;4-1-2;4-1-3;4-3-5;4-3-2;4-2-5;4-2-3,4-5-1;4-6-1;4-5-6;4-5-2,4-5-1;4-6-1;4-5-6;4-5-2;4-6-2;4-5-3,4-5-1;4-6-1;4-5-6;4-5-2;4-6-2;4-5-3;4-6-5;4-6-3,-0.5,BREAK,41.88133333333333,0,54.39633333333334,0.538,0.5229,6
1-4-2,0.57,2026-06-21,0.6221,0.6829999999999999,0.416,0,0.413,0.6033,0,0,0,0,0.6597999999999999,2000,400,600,800,逃げ,0,0.5733,56.553000000000004,420,fit,202606210608,0.552,0,0,0,0,56.22299999999999,56.985,57.67549999999999,59.76159999999999,58.827999999999996,61.30799999999999,0.19999999999999996,0.48,0.4,0.7,4-5-1;4-5-2;4-6-1;4-2-1;4-1-2;4-5-6;4-1-5;4-6-2;4-1-6;4-3-1;4-2-5;4-6-5;4-5-3;4-2-6;4-1-3;4-3-2;4-3-5;4-2-3;4-6-3;4-3-6,4-5-1;4-5-2;4-6-1;4-2-1,4-5-1;4-5-2;4-6-1;4-2-1;4-1-2;4-5-6,4-5-1;4-5-2;4-6-1;4-2-1;4-1-2;4-5-6;4-1-5;4-6-2,-0.5,BREAK,56.985,1,54.39633333333334,0.20400000000000001,0.6741999999999999,1
1-4-2,0.724,2026-06-21,0.63015,0.655,0.15666666666666665,0,0.047,0.5116,0,0,0,0,0.582,2000,400,600,800,逃げ,0,0.7295,72.957,2170,fit,202606210805,0.556,0,0,0,0,72.40699999999998,58.24199999999999,62.82075,66.46749999999999,67.71449999999999,69.30199999999999,-0.6,0.23000000000000004,0.8,0.9,4-5-2;4-5-1;4-6-2;4-6-1;4-5-6;4-2-1;4-1-2;4-2-6;4-6-5;4-2-5;4-5-3;4-1-6;4-1-5;4-3-2;4-3-1;4-6-3;4-2-3;4-3-6;4-3-5;4-1-3,4-5-2;4-5-1;4-6-2;4-6-1,4-5-2;4-5-1;4-6-2;4-6-1;4-5-6;4-2-1,4-5-2;4-5-1;4-6-2;4-6-1;4-5-6;4-2-1;4-1-2;4-2-6,0,BREAK,58.24199999999999,1,54.39633333333334,0.414,0.5363,1
1-4-2,0.741,2026-06-21,0.6789499999999999,0.6415,0.13399999999999998,0,1.305,0.8263,0,0,0,0,0.6547999999999999,2000,400,600,800,,0,0.7302500000000001,77.33000000000001,1680,fit,202606210901,0.244,0,0,0,0,78.405,74.95200000000001,75.11875,74.64710000000001,75.30250000000001,73.92750000000001,0.4,0.76,0.19999999999999996,0.6,4-5-1;4-5-2;4-6-1;4-2-1;4-5-6;4-5-3;4-3-1;4-1-5;4-1-2;4-6-2;4-1-6;4-6-5;4-1-3;4-2-5;4-3-5;4-3-2;4-6-3;4-2-6;4-2-3;4-3-6,4-5-1;4-5-2;4-6-1;4-2-1,4-5-1;4-5-2;4-6-1;4-2-1;4-5-6;4-5-3,4-5-1;4-5-2;4-6-1;4-2-1;4-5-6;4-5-3;4-3-1;4-1-5,0.5,BREAK,74.95200000000001,1,54.39633333333334,0.4580000000000001,0.6169,0
4-1-6,0.906,2026-06-21,0.83575,0.862,0.7140000000000001,1,1.321,0.8304,1,0,0,1,0.6932,2000,400,600,800,まくり差し,0,0.88925,93.246,690,fit,202606210906,0.332,690,0,0,690,94.921,88.24400000000001,89.35475000000001,88.1319,91.4085,92.941,0.8,0.8700000000000001,0.4,0.7,4-5-1;4-6-1;4-2-1;4-5-2;4-1-2;4-6-2;4-1-6;4-5-6;4-1-5;4-3-1;4-2-6;4-6-5;4-1-3;4-2-5;4-5-3;4-3-2;4-6-3;4-2-3;4-3-6;4-3-5,4-5-1;4-6-1;4-2-1;4-5-2,4-5-1;4-6-1;4-2-1;4-5-2;4-1-2;4-6-2,4-5-1;4-6-1;4-2-1;4-5-2;4-1-2;4-6-2;4-1-6;4-5-6,0.5,BREAK,88.24400000000001,1,54.39633333333334,0.182,0.7655000000000001,4
2-5-4,0.11133333333333333,2026-06-21,0.3001166666666667,0.2836666666666666,0.61,0,0.047,0.5116,0,0,0,0,0.47429999999999994,2000,400,600,800,逃げ,0,0.12344999999999999,12.352,4230,fit,202606211008,0.45,0,0,0,0,11.140333333333334,23.986666666666668,22.18825,24.7891,20.579500000000003,18.895333333333333,-0.6000000000000001,0.22999999999999998,-0.25,0.375,4-5-1;4-5-2;4-6-1;4-5-6;4-2-1;4-6-2;4-5-3;4-3-1;4-1-2;4-6-5;4-1-5;4-2-5;4-1-6;4-3-2;4-2-6;4-6-3;4-1-3;4-3-5;4-2-3;4-3-6,4-5-1;4-5-2;4-6-1;4-5-6,4-5-1;4-5-2;4-6-1;4-5-6;4-2-1;4-6-2,4-5-1;4-5-2;4-6-1;4-5-6;4-2-1;4-6-2;4-5-3;4-3-1,0,BREAK,23.986666666666668,0,54.39633333333334,0.544,0.4889,2
5-4-1,0.5670000000000001,2026-06-21,0.54335,0.4765,0.13999999999999999,0,1.168,0.7921,0,0,0,0,0.5716999999999999,2000,400,600,800,まくり差し,0,0.5601,57.138000000000005,8650,fit,202606211106,0.23199999999999998,0,0,0,0,57.828,54.031,54.49175000000001,57.2219,56.6455,53.755500000000005,0.19999999999999996,0.63,-0.4,0.3,4-5-1;4-5-2;4-5-6;4-6-1;4-2-1;4-5-3;4-6-2;4-2-5;4-1-2;4-6-5;4-1-5;4-3-1;4-3-2;4-2-6;4-3-5;4-1-6;4-2-3;4-6-3;4-1-3;4-3-6,4-5-1;4-5-2;4-5-6;4-6-1,4-5-1;4-5-2;4-5-6;4-6-1;4-2-1;4-5-3,4-5-1;4-5-2;4-5-6;4-6-1;4-2-1;4-5-3;4-6-2;4-2-5,0,BREAK,54.031,0,54.39633333333334,0.6140000000000001,0.5196999999999999,5
2-4-6,0.317,2026-06-21,0.395875,0.402,0.576,0,-0.911,0.2722,0,0,0,0,0.46704999999999997,2000,400,600,800,まくり,0,0.33305,35.394,2840,fit,202606211302,0.5479999999999999,0,0,0,0,33.789,35.6025,36.365875,39.45634999999999,37.732749999999996,37.614,-0.4,0.21000000000000002,0.0,0.5,4-5-2;4-5-1;4-6-2;4-2-1;4-6-1;4-1-2;4-2-6;4-5-6;4-3-2;4-2-5;4-3-1;4-1-6;4-2-3;4-5-3;4-6-5;4-1-5;4-6-3;4-1-3;4-3-6;4-3-5,4-5-2;4-5-1;4-6-2;4-2-1,4-5-2;4-5-1;4-6-2;4-2-1;4-6-1;4-1-2,4-5-2;4-5-1;4-6-2;4-2-1;4-6-1;4-1-2;4-2-6;4-5-6,0.5,BREAK,35.6025,0,54.39633333333334,0.513,0.47475,2
1-3-5,0.6829999999999999,2026-06-21,0.623175,0.623,0.316,0,1.869,0.9672,0,0,0,0,0.58145,2000,400,600,800,逃げ,0,0.66305,68.134,8330,fit,202606211303,0.436,0,0,0,0,70.12899999999999,71.25649999999999,69.62837499999999,66.10015,67.13775,67.42899999999999,0.8,0.87,0.0,0.5,4-5-1;4-5-2;4-2-1;4-6-1;4-1-2;4-6-2;4-5-6;4-3-1;4-5-3;4-1-5;4-2-5;4-1-6;4-3-2;4-6-5;4-2-6;4-1-3;4-2-3;4-3-5;4-6-3;4-3-6,4-5-1;4-5-2;4-2-1;4-6-1,4-5-1;4-5-2;4-2-1;4-6-1;4-1-2;4-6-2,4-5-1;4-5-2;4-2-1;4-6-1;4-1-2;4-6-2;4-5-6;4-3-1,0,BREAK,71.25649999999999,1,54.39633333333334,0.437,0.56335,1
1-4-3,0.859,2026-06-21,0.728625,0.691,0.587,0,1.261,0.8153,0,0,0,0,0.571,2000,400,600,800,逃げ,0,0.8330500000000001,87.566,980,fit,202606211306,0.262,0,0,0,0,90.161,80.4055,81.536625,79.91375,83.64225,82.601,0.6,0.86,0.0,0.5,4-5-1;4-5-2;4-6-1;4-2-1;4-1-2;4-3-1;4-1-5;4-5-6;4-5-3;4-6-2;4-1-6;4-1-3;4-2-5;4-6-5;4-3-2;4-3-5;4-2-6;4-2-3;4-6-3;4-3-6,4-5-1;4-5-2;4-6-1;4-2-1,4-5-1;4-5-2;4-6-1;4-2-1;4-1-2;4-3-1,4-5-1;4-5-2;4-6-1;4-2-1;4-1-2;4-3-1;4-1-5;4-5-6,0.5,BREAK,80.4055,1,54.39633333333334,0.47700000000000004,0.59825,1
1-4-3,0.433,2026-06-21,0.46467499999999995,0.41899999999999993,0.703,0,1.048,0.762,0,0,0,0,0.46709999999999985,2000,400,600,800,逃げ,0,0.45504999999999995,45.363,1850,fit,202606211310,0.334,0,0,0,0,43.158,41.51550000000001,42.694875,44.858450000000005,44.74175,42.528,-0.6000000000000001,0.32,0.0,0.5,4-5-1;4-5-2;4-2-1;4-1-2;4-6-1;4-6-2;4-1-5;4-3-1;4-2-5;4-5-3;4-5-6;4-3-2;4-1-3;4-2-3;4-1-6;4-2-6;4-6-5;4-3-5;4-6-3;4-3-6,4-5-1;4-5-2;4-2-1;4-1-2,4-5-1;4-5-2;4-2-1;4-1-2;4-6-1;4-6-2,4-5-1;4-5-2;4-2-1;4-1-2;4-6-1;4-6-2;4-1-5;4-3-1,-0.5,BREAK,41.51550000000001,0,54.39633333333334,0.5950000000000001,0.49634999999999985,1
1-5-4,0.7693333333333334,2026-06-21,0.6946666666666668,0.7156666666666667,0.4563333333333333,0,-0.96,0.2599,0,0,0,0,0.60825,2000,400,600,800,逃げ,0,0.7557,74.57000000000001,1870,fit,202606211505,0.45799999999999996,0,0,0,0,75.93333333333334,76.75466666666668,75.84000000000002,70.1495,72.2,73.51833333333335,0.4,0.76,0.8,0.9,4-5-1;4-5-2;4-5-6;4-6-1;4-2-1;4-1-5;4-5-3;4-6-2;4-6-5;4-2-5;4-1-2;4-3-1;4-1-6;4-2-6;4-3-5;4-3-2;4-1-3;4-6-3;4-2-3;4-3-6,4-5-1;4-5-2;4-5-6;4-6-1,4-5-1;4-5-2;4-5-6;4-6-1;4-2-1;4-1-5,4-5-1;4-5-2;4-5-6;4-6-1;4-2-1;4-1-5;4-5-3;4-6-2,0,BREAK,76.75466666666668,1,54.39633333333334,0.33799999999999997,0.6200000000000001,1
2-1-4,0.4913333333333334,2026-06-21,0.4037166666666667,0.3746666666666667,0.3933333333333333,0,0.047,0.5116,0,0,0,0,0.3601000000000001,2000,400,600,800,差し,0,0.4918,49.187,2900,fit,202606211604,0.5760000000000001,0,0,0,0,49.14033333333334,42.31866666666667,43.553250000000006,43.624700000000004,44.7595,43.89033333333334,-0.4,0.39,-0.19999999999999996,0.4,4-5-1;4-5-2;4-2-1;4-6-1;4-5-6;4-6-2;4-1-2;4-2-5;4-5-3;4-1-5;4-6-5;4-3-1;4-2-6;4-3-2;4-1-6;4-2-3;4-3-5;4-1-3;4-6-3;4-3-6,4-5-1;4-5-2;4-2-1;4-6-1,4-5-1;4-5-2;4-2-1;4-6-1;4-5-6;4-6-2,4-5-1;4-5-2;4-2-1;4-6-1;4-5-6;4-6-2;4-1-2;4-2-5,0,BREAK,42.31866666666667,0,54.39633333333334,0.742,0.31610000000000005,2
1-5-2,0.5640000000000001,2026-06-21,0.506175,0.48850000000000005,0.18899999999999997,0,-1.141,0.2148,0,0,0,0,0.503,2000,400,600,800,逃げ,0,0.5594499999999999,54.76399999999999,10030,fit,202606211807,0.48600000000000004,0,0,0,0,55.21900000000001,54.8945,54.13337500000001,52.142250000000004,52.32775000000001,51.82150000000001,0.20000000000000007,0.63,0.0,0.5,4-6-1;4-5-1;4-6-2;4-5-6;4-5-2;4-6-5;4-2-1;4-1-6;4-2-6;4-1-2;4-6-3;4-5-3;4-3-1;4-1-5;4-2-5;4-3-6;4-3-2;4-1-3;4-2-3;4-3-5,4-6-1;4-5-1;4-6-2;4-5-6,4-6-1;4-5-1;4-6-2;4-5-6;4-5-2;4-6-5,4-6-1;4-5-1;4-6-2;4-5-6;4-5-2;4-6-5;4-2-1;4-1-6,0,BREAK,54.8945,1,54.39633333333334,0.587,0.44835,1
5-6-3,0.235,2026-06-21,0.366025,0.369,0.40499999999999997,0,-1.967,0.0082,0,0,0,0,0.5117,2000,400,600,800,,0,0.24844999999999998,25.878,26330,fit,202606211812,0.514,0,0,0,0,24.533,32.2935,31.683625,34.55115,31.084249999999997,30.563000000000002,-0.6000000000000001,0.22999999999999998,0.0,0.5,4-5-1;4-5-2;4-6-1;4-5-6;4-2-1;4-6-2;4-1-2;4-6-5;4-1-5;4-5-3;4-2-5;4-1-6;4-2-6;4-3-1;4-3-2;4-6-3;4-1-3;4-3-5;4-2-3;4-3-6,4-5-1;4-5-2;4-6-1;4-5-6,4-5-1;4-5-2;4-6-1;4-5-6;4-2-1;4-6-2,4-5-1;4-5-2;4-6-1;4-5-6;4-2-1;4-6-2;4-1-2;4-6-5,0.5,BREAK,32.2935,0,54.39633333333334,0.497,0.49705,0
1-2-3,0.7593333333333334,2026-06-21,0.7431166666666666,0.7686666666666667,0.5773333333333334,0,0.096,0.5239,0,0,0,0,0.6809000000000001,2000,400,600,800,逃げ,0,0.7295499999999999,71.861,1920,fit,202606212010,0.368,0,0,0,0,74.83933333333334,73.66966666666667,73.75725000000001,72.6273,74.02850000000001,75.25933333333334,0.6000000000000001,0.77,0.4,0.7,4-5-1;4-5-2;4-2-1;4-6-1;4-1-2;4-6-2;4-5-6;4-2-5;4-1-5;4-5-3;4-3-1;4-2-6;4-1-6;4-6-5;4-3-2;4-2-3;4-1-3;4-3-5;4-6-3;4-3-6,4-5-1;4-5-2;4-2-1;4-6-1,4-5-1;4-5-2;4-2-1;4-6-1;4-1-2;4-6-2,4-5-1;4-5-2;4-2-1;4-6-1;4-1-2;4-6-2;4-5-6;4-2-5,-0.5,BREAK,73.66966666666667,1,54.39633333333334,0.22199999999999998,0.7269,1
1-2-3,0.7106666666666667,2026-06-21,0.6823833333333333,0.6743333333333333,0.48,0,0.446,0.6115,0,0,0,0,0.6341,2000,400,600,800,逃げ,0,0.70525,70.931,620,fit,202606212409,0.316,0,0,0,0,71.47266666666665,64.43233333333332,67.19224999999999,68.93969999999999,70.0585,69.83766666666666,-0.4,0.39,0.8,0.9,4-5-1;4-6-1;4-5-2;4-2-1;4-6-2;4-1-2;4-5-6;4-1-6;4-3-1;4-1-5;4-5-3;4-6-5;4-2-6;4-2-5;4-1-3;4-3-2;4-6-3;4-2-3;4-3-6;4-3-5,4-5-1;4-6-1;4-5-2;4-2-1,4-5-1;4-6-1;4-5-2;4-2-1;4-6-2;4-1-2,4-5-1;4-6-1;4-5-2;4-2-1;4-6-2;4-1-2;4-5-6;4-1-6,0,BREAK,64.43233333333332,1,54.39633333333334,0.362,0.6541,1
1-2-3,0.6413333333333333,2026-06-21,0.49361666666666665,0.5016666666666666,0.2086666666666666,0,1.759,0.9398,0,0,0,0,0.41259999999999997,2000,400,600,800,逃げ,0,0.6252500000000001,64.244,710,fit,202606212410,0.6839999999999999,0,0,0,0,65.85233333333332,51.468666666666664,54.912749999999996,56.3887,58.466499999999996,59.56733333333334,-0.20000000000000007,0.31,0.19999999999999996,0.6,4-5-1;4-5-2;4-6-1;4-2-1;4-5-6;4-6-2;4-5-3;4-1-2;4-1-5;4-2-5;4-3-1;4-6-5;4-1-6;4-2-6;4-3-2;4-3-5;4-1-3;4-2-3;4-6-3;4-3-6,4-5-1;4-5-2;4-6-1;4-2-1,4-5-1;4-5-2;4-6-1;4-2-1;4-5-6;4-6-2,4-5-1;4-5-2;4-6-1;4-2-1;4-5-6;4-6-2;4-5-3;4-1-2,0,BREAK,51.468666666666664,0,54.39633333333334,0.6380000000000001,0.3459,1
1-3-2,0.5146666666666667,2026-06-22,0.6066833333333334,0.5923333333333334,0.314,0,1.064,0.7661,0,0,0,0,0.6970000000000001,2000,400,600,800,逃げ,0,0.5173500000000001,52.75900000000001,1350,fit,202606220510,0.248,0,0,0,0,52.49066666666667,59.248333333333335,58.57775,59.2625,57.0915,55.985666666666674,-0.19999999999999996,0.49,0.6,0.8,4-5-1;4-5-2;4-5-6;4-6-1;4-5-3;4-1-5;4-6-5;4-2-1;4-6-2;4-3-1;4-2-5;4-1-2;4-3-5;4-1-6;4-1-3;4-6-3;4-3-2;4-2-6;4-3-6;4-2-3,4-5-1;4-5-2;4-5-6;4-6-1,4-5-1;4-5-2;4-5-6;4-6-1;4-5-3;4-1-5,4-5-1;4-5-2;4-5-6;4-6-1;4-5-3;4-1-5;4-6-5;4-2-1,0,BREAK,59.248333333333335,1,54.39633333333334,0.32999999999999996,0.6987000000000001,1
4-1-3,0.7826666666666667,2026-06-22,0.7424833333333334,0.7463333333333334,0.448,1,1.486,0.8714,1,0,0,0,0.6797,2000,400,600,800,差し,0,0.76735,78.181,5430,fit,202606220511,0.312,5430,0,0,0,79.71266666666668,78.77033333333334,78.41475000000001,76.2419,77.70349999999999,78.07766666666667,0.6000000000000001,0.8300000000000001,0.4,0.7,4-5-1;4-6-1;4-5-2;4-2-1;4-5-6;4-6-2;4-1-2;4-1-6;4-3-1;4-1-5;4-6-5;4-5-3;4-2-6;4-2-5;4-1-3;4-6-3;4-3-2;4-3-6;4-2-3;4-3-5,4-5-1;4-6-1;4-5-2;4-2-1,4-5-1;4-6-1;4-5-2;4-2-1;4-5-6;4-6-2,4-5-1;4-6-1;4-5-2;4-2-1;4-5-6;4-6-2;4-1-2;4-1-6,0,BREAK,78.77033333333334,1,54.39633333333334,0.29,0.7023,4
1-4-5,0.6606666666666667,2026-06-22,0.6190333333333333,0.5623333333333334,0.4453333333333333,0,-1.316,0.171,0,0,0,0,0.5748,2000,400,600,800,逃げ,0,0.6353500000000001,63.80900000000001,1780,fit,202606220512,0.21199999999999997,0,0,0,0,66.34066666666668,66.91333333333336,65.27650000000001,63.202600000000004,64.259,61.915666666666674,0.8,0.93,-0.4,0.3,4-5-1;4-5-2;4-6-1;4-2-1;4-5-6;4-5-3;4-1-2;4-6-2;4-1-5;4-2-5;4-3-1;4-6-5;4-3-2;4-1-6;4-3-5;4-2-6;4-1-3;4-2-3;4-6-3;4-3-6,4-5-1;4-5-2;4-6-1;4-2-1,4-5-1;4-5-2;4-6-1;4-2-1;4-5-6;4-5-3,4-5-1;4-5-2;4-6-1;4-2-1;4-5-6;4-5-3;4-1-2;4-6-2,1.0,BREAK,66.91333333333336,1,54.39633333333334,0.536,0.5773999999999999,1
1-2-5,0.3453333333333333,2026-06-22,0.4267666666666666,0.3686666666666667,0.48800000000000004,0,-1.404,0.1491,0,0,0,0,0.5096,2000,400,600,800,逃げ,0,0.35729999999999995,34.285999999999994,950,fit,202606220604,0.276,0,0,0,0,33.089333333333336,35.160666666666664,35.03849999999999,39.1462,37.16100000000001,34.13933333333333,-0.4,0.45,-0.6000000000000001,0.19999999999999996,4-5-1;4-6-1;4-5-2;4-2-1;4-1-2;4-6-2;4-1-5;4-5-6;4-3-1;4-1-6;4-2-5;4-5-3;4-6-5;4-2-6;4-1-3;4-3-2;4-2-3;4-6-3;4-3-5;4-3-6,4-5-1;4-6-1;4-5-2;4-2-1,4-5-1;4-6-1;4-5-2;4-2-1;4-1-2;4-6-2,4-5-1;4-6-1;4-5-2;4-2-1;4-1-2;4-6-2;4-1-5;4-5-6,0,BREAK,35.160666666666664,0,54.39633333333334,0.608,0.5082,1
1-3-2,0.4066666666666666,2026-06-22,0.4324833333333333,0.4923333333333333,0.39866666666666667,0,-0.747,0.3133,0,0,0,0,0.4789,2000,400,600,800,逃げ,0,0.4173,39.793000000000006,3170,fit,202606220607,0.764,0,0,0,0,38.72966666666667,31.77933333333333,34.44175,41.0933,40.02049999999999,42.58466666666667,-0.4,0.24,-0.4,0.3,4-5-2;4-5-1;4-6-2;4-6-1;4-5-6;4-2-1;4-2-6;4-6-5;4-1-2;4-2-5;4-1-6;4-5-3;4-1-5;4-6-3;4-3-2;4-3-1;4-3-6;4-2-3;4-3-5;4-1-3,4-5-2;4-5-1;4-6-2;4-6-1,4-5-2;4-5-1;4-6-2;4-6-1;4-5-6;4-2-1,4-5-2;4-5-1;4-6-2;4-6-1;4-5-6;4-2-1;4-2-6;4-6-5,-0.5,BREAK,31.77933333333333,0,54.39633333333334,0.42200000000000004,0.45829999999999993,1
4-1-2,0.7486666666666667,2026-06-22,0.7717833333333334,0.8113333333333334,0.7746666666666667,1,1.508,0.8769,1,0,1,1,0.7089,2000,400,600,800,差し,0,0.7373000000000001,75.198,850,fit,202606220608,0.352,850,0,850,850,76.33466666666666,77.78633333333332,77.40925,76.15329999999999,77.4905,79.15466666666667,0.8,0.81,0.4,0.7,4-5-1;4-5-2;4-2-1;4-6-1;4-1-2;4-3-1;4-1-5;4-6-2;4-5-6;4-1-6;4-5-3;4-2-5;4-1-3;4-3-2;4-2-6;4-6-5;4-2-3;4-3-5;4-6-3;4-3-6,4-5-1;4-5-2;4-2-1;4-6-1,4-5-1;4-5-2;4-2-1;4-6-1;4-1-2;4-3-1,4-5-1;4-5-2;4-2-1;4-6-1;4-1-2;4-3-1;4-1-5;4-6-2,0,BREAK,77.78633333333332,1,54.39633333333334,0.126,0.7948999999999999,4
5-2-4,0.64,2026-06-22,0.5916,0.5860000000000001,0.274,0,0.462,0.6156,0,0,0,0,0.5707,2000,400,600,800,まくり差し,0,0.6395,64.37199999999999,9560,fit,202606220803,0.436,0,0,0,0,64.422,64.33399999999999,63.912000000000006,61.4454,62.002,61.99200000000002,0.20000000000000007,0.63,0.4,0.7,4-5-2;4-5-1;4-6-2;4-2-1;4-6-1;4-5-6;4-5-3;4-1-2;4-2-5;4-3-2;4-2-6;4-3-1;4-6-5;4-2-3;4-1-5;4-3-5;4-6-3;4-1-6;4-1-3;4-3-6,4-5-2;4-5-1;4-6-2;4-2-1,4-5-2;4-5-1;4-6-2;4-2-1;4-6-1;4-5-6,4-5-2;4-5-1;4-6-2;4-2-1;4-6-1;4-5-6;4-5-3;4-1-2,0,BREAK,64.33399999999999,1,54.39633333333334,0.46799999999999997,0.5432,5
4-5-2,0.43333333333333335,2026-06-22,0.45061666666666667,0.4656666666666667,0.3666666666666667,1,0.484,0.6211,1,1,1,1,0.49249999999999994,2000,400,600,800,まくり,1,0.44544999999999996,44.989,5500,fit,202606221004,0.588,5500,5500,5500,5500,43.77733333333334,42.22966666666667,43.442750000000004,45.5975,44.6415,45.232333333333344,-0.4,0.27,0.20000000000000007,0.6000000000000001,4-5-1;4-5-2;4-2-1;4-6-1;4-5-6;4-1-2;4-1-5;4-6-2;4-2-5;4-5-3;4-6-5;4-3-1;4-1-6;4-2-6;4-3-2;4-3-5;4-1-3;4-2-3;4-6-3;4-3-6,4-5-1;4-5-2;4-2-1;4-6-1,4-5-1;4-5-2;4-2-1;4-6-1;4-5-6;4-1-2,4-5-1;4-5-2;4-2-1;4-6-1;4-5-6;4-1-2;4-1-5;4-6-2,0,BREAK,42.22966666666667,0,54.39633333333334,0.502,0.4679,4
2-1-4,0.5206666666666667,2026-06-22,0.6139333333333334,0.6223333333333334,0.3913333333333333,0,-0.988,0.2531,0,0,0,0,0.6923,2000,400,600,800,差し,0,0.5114500000000001,50.11700000000001,1540,fit,202606221008,0.32399999999999995,0,0,0,0,51.03866666666667,49.66933333333334,51.547000000000004,57.6126,55.70200000000001,55.61366666666668,-0.20000000000000007,0.37,0.20000000000000007,0.6000000000000001,4-5-1;4-5-2;4-5-6;4-6-1;4-5-3;4-6-5;4-2-5;4-6-2;4-2-1;4-1-5;4-1-2;4-2-6;4-3-5;4-3-1;4-1-6;4-3-2;4-6-3;4-2-3;4-1-3;4-3-6,4-5-1;4-5-2;4-5-6;4-6-1,4-5-1;4-5-2;4-5-6;4-6-1;4-5-3;4-6-5,4-5-1;4-5-2;4-5-6;4-6-1;4-5-3;4-6-5;4-2-5;4-6-2,0,BREAK,49.66933333333334,0,54.39633333333334,0.27599999999999997,0.7072,2
3-2-4,0.76,2026-06-22,0.73805,0.751,0.36600000000000005,0,-1.218,0.1956,0,0,0,0,0.7036,2000,400,600,800,まくり,0,0.7394499999999999,72.68699999999998,3460,fit,202606221010,0.332,0,0,0,0,74.74199999999999,81.82299999999998,78.99325,72.8427,73.6445,74.337,1.0,0.97,0.6,0.8,4-5-2;4-5-1;4-2-1;4-5-6;4-6-2;4-6-1;4-2-5;4-1-2;4-5-3;4-1-5;4-6-5;4-2-6;4-3-2;4-3-1;4-1-6;4-2-3;4-3-5;4-1-3;4-6-3;4-3-6,4-5-2;4-5-1;4-2-1;4-5-6,4-5-2;4-5-1;4-2-1;4-5-6;4-6-2;4-6-1,4-5-2;4-5-1;4-2-1;4-5-6;4-6-2;4-6-1;4-2-5;4-1-2,0,BREAK,81.82299999999998,1,54.39633333333334,0.258,0.7161,3
1-3-4,0.5446666666666667,2026-06-22,0.5144333333333333,0.5263333333333333,0.18466666666666667,0,0.233,0.5581,0,0,0,0,0.5337000000000001,2000,400,600,800,逃げ,0,0.54745,54.937999999999995,1120,fit,202606221012,0.5599999999999999,0,0,0,0,54.65966666666667,47.89233333333333,50.94050000000001,53.511399999999995,53.147999999999996,53.83466666666668,-0.8,0.13,0.8,0.9,4-5-1;4-6-1;4-5-2;4-6-2;4-5-6;4-2-1;4-1-2;4-1-6;4-6-5;4-2-6;4-3-1;4-5-3;4-6-3;4-1-5;4-2-5;4-3-2;4-3-6;4-1-3;4-2-3;4-3-5,4-5-1;4-6-1;4-5-2;4-6-2,4-5-1;4-6-1;4-5-2;4-6-2;4-5-6;4-2-1,4-5-1;4-6-1;4-5-2;4-6-2;4-5-6;4-2-1;4-1-2;4-1-6,0,BREAK,47.89233333333333,0,54.39633333333334,0.492,0.48419999999999996,1
1-4-3,0.7873333333333334,2026-06-22,0.7944166666666668,0.8486666666666667,0.7593333333333333,0,0.884,0.7209,0,0,0,0,0.7166,2000,400,600,800,逃げ,0,0.7551,76.354,1920,fit,202606221112,0.4,0,0,0,0,79.57733333333334,82.85766666666667,81.49775000000001,78.2337,79.9315,82.33733333333335,1.0,0.94,0.4,0.7,4-5-1;4-6-1;4-5-2;4-2-1;4-1-2;4-6-2;4-5-6;4-1-6;4-1-5;4-2-6;4-2-5;4-3-1;4-6-5;4-5-3;4-1-3;4-3-2;4-2-3;4-6-3;4-3-6;4-3-5,4-5-1;4-6-1;4-5-2;4-2-1,4-5-1;4-6-1;4-5-2;4-2-1;4-1-2;4-6-2,4-5-1;4-6-1;4-5-2;4-2-1;4-1-2;4-6-2;4-5-6;4-1-6,0,BREAK,82.85766666666667,1,54.39633333333334,0.08999999999999998,0.8015,1
1-2-4,0.765,2026-06-22,0.687775,0.633,0.46299999999999997,0,0.834,0.7086,0,0,0,0,0.6003,2000,400,600,800,逃げ,0,0.75105,75.899,2580,fit,202606221310,0.18599999999999997,0,0,0,0,77.294,70.28949999999999,71.28837499999999,71.35385,73.43275,71.354,0.4,0.76,0.0,0.5,4-5-1;4-5-2;4-5-6;4-1-5;4-6-1;4-5-3;4-2-1;4-2-5;4-6-5;4-1-2;4-3-1;4-6-2;4-3-5;4-1-6;4-1-3;4-2-6;4-3-2;4-2-3;4-6-3;4-3-6,4-5-1;4-5-2;4-5-6;4-1-5,4-5-1;4-5-2;4-5-6;4-1-5;4-6-1;4-5-3,4-5-1;4-5-2;4-5-6;4-1-5;4-6-1;4-5-3;4-2-1;4-2-5,0,BREAK,70.28949999999999,1,54.39633333333334,0.499,0.6105499999999999,1
2-4-3,0.7993333333333335,2026-06-22,0.8190666666666667,0.8596666666666668,0.5106666666666667,0,1.65,0.9124,0,0,0,0,0.7858,2000,400,600,800,まくり,0,0.7837000000000001,79.98,5360,fit,202606221507,0.312,0,0,0,0,81.54333333333335,87.41266666666667,85.46000000000001,81.8376,82.53000000000002,84.25833333333334,1.0,0.97,0.6000000000000001,0.8,4-5-1;4-5-2;4-6-1;4-2-1;4-6-2;4-5-6;4-1-2;4-1-5;4-2-5;4-5-3;4-6-5;4-1-6;4-3-1;4-2-6;4-3-2;4-1-3;4-2-3;4-3-5;4-6-3;4-3-6,4-5-1;4-5-2;4-6-1;4-2-1,4-5-1;4-5-2;4-6-1;4-2-1;4-6-2;4-5-6,4-5-1;4-5-2;4-6-1;4-2-1;4-6-2;4-5-6;4-1-2;4-1-5,0,BREAK,87.41266666666667,1,54.39633333333334,0.07999999999999999,0.8388,2
4-3-1,0.5720000000000001,2026-06-22,0.6415500000000001,0.637,0.43200000000000005,1,-0.714,0.3215,1,0,0,0,0.6897,2000,400,600,800,差し,0,0.5578000000000001,53.87600000000001,16140,fit,202606221603,0.27199999999999996,16140,0,0,0,55.29600000000001,57.983000000000004,56.41475,59.97190000000001,58.77350000000001,58.22100000000001,1.0,0.97,-1.0,0.0,4-5-1;4-5-2;4-6-1;4-5-6;4-6-2;4-2-1;4-6-5;4-1-2;4-5-3;4-1-5;4-1-6;4-2-5;4-2-6;4-3-1;4-6-3;4-3-2;4-3-5;4-1-3;4-3-6;4-2-3,4-5-1;4-5-2;4-6-1;4-5-6,4-5-1;4-5-2;4-6-1;4-5-6;4-6-2;4-2-1,4-5-1;4-5-2;4-6-1;4-5-6;4-6-2;4-2-1;4-6-5;4-1-2,-0.5,BREAK,57.983000000000004,1,54.39633333333334,0.29800000000000004,0.7111,4
1-2-4,0.44666666666666666,2026-06-22,0.4718833333333333,0.4463333333333333,0.5920000000000001,0,-1.814,0.0465,0,0,0,0,0.4841,2000,400,600,800,逃げ,0,0.4438,41.376,560,fit,202606221604,0.408,0,0,0,0,41.66266666666667,47.02033333333334,44.95975,43.2427,42.923500000000004,41.64766666666667,0.19999999999999996,0.6900000000000001,-0.4,0.3,4-5-1;4-5-2;4-2-1;4-6-1;4-1-2;4-6-2;4-3-1;4-5-6;4-1-5;4-3-2;4-2-5;4-1-6;4-2-6;4-5-3;4-1-3;4-2-3;4-6-5;4-6-3;4-3-5;4-3-6,4-5-1;4-5-2;4-2-1;4-6-1,4-5-1;4-5-2;4-2-1;4-6-1;4-1-2;4-6-2,4-5-1;4-5-2;4-2-1;4-6-1;4-1-2;4-6-2;4-3-1;4-5-6,-0.5,BREAK,47.02033333333334,0,54.39633333333334,0.554,0.4971,1
1-4-5,0.6633333333333334,2026-06-22,0.5839166666666666,0.4946666666666667,0.36000000000000004,0,1.469,0.8673,0,0,0,0,0.5261,2000,400,600,800,逃げ,0,0.6824,68.51899999999999,1590,fit,202606221710,0.16399999999999998,0,0,0,0,66.61233333333334,60.210666666666675,61.71025000000001,61.2107,62.641500000000015,59.02233333333335,-0.20000000000000007,0.49000000000000005,0.4,0.7,4-5-1;4-5-2;4-5-6;4-6-1;4-2-1;4-2-5;4-6-2;4-5-3;4-1-5;4-1-2;4-6-5;4-3-1;4-2-6;4-1-6;4-3-5;4-3-2;4-2-3;4-1-3;4-6-3;4-3-6,4-5-1;4-5-2;4-5-6;4-6-1,4-5-1;4-5-2;4-5-6;4-6-1;4-2-1;4-2-5,4-5-1;4-5-2;4-5-6;4-6-1;4-2-1;4-2-5;4-6-2;4-5-3,-0.5,BREAK,60.210666666666675,1,54.39633333333334,0.674,0.5045,1
4-1-3,0.6066666666666667,2026-06-22,0.6629333333333334,0.6433333333333333,0.322,1,0.227,0.5568,1,0,0,0,0.7133,2000,400,600,800,まくり差し,0,0.59725,59.91199999999999,1910,fit,202606221906,0.20800000000000002,1910,0,0,0,60.85366666666667,69.55233333333334,67.727,64.88759999999999,63.667,62.50366666666666,0.19999999999999996,0.66,0.8,0.9,4-5-1;4-6-1;4-5-2;4-3-1;4-5-6;4-2-1;4-5-3;4-6-2;4-1-6;4-1-2;4-1-5;4-1-3;4-6-5;4-6-3;4-3-6;4-3-2;4-3-5;4-2-6;4-2-5;4-2-3,4-5-1;4-6-1;4-5-2;4-3-1,4-5-1;4-6-1;4-5-2;4-3-1;4-5-6;4-2-1,4-5-1;4-6-1;4-5-2;4-3-1;4-5-6;4-2-1;4-5-3;4-6-2,0,BREAK,69.55233333333334,1,54.39633333333334,0.32,0.7192,4
4-5-6,0.4166666666666667,2026-06-22,0.45663333333333334,0.4783333333333333,0.14066666666666666,1,0.047,0.5116,1,1,1,1,0.5507,2000,400,600,800,まくり,1,0.40835,39.692,34240,fit,202606222202,0.584,34240,34240,34240,34240,40.52366666666667,45.49633333333334,44.8395,44.6714,42.522,43.29866666666667,-0.20000000000000007,0.37000000000000005,0.4,0.7,4-5-2;4-5-1;4-5-6;4-6-2;4-5-3;4-6-1;4-2-1;4-2-5;4-6-5;4-1-2;4-1-5;4-2-6;4-3-2;4-3-1;4-3-5;4-2-3;4-1-6;4-6-3;4-1-3;4-3-6,4-5-2;4-5-1;4-5-6;4-6-2,4-5-2;4-5-1;4-5-6;4-6-2;4-5-3;4-6-1,4-5-2;4-5-1;4-5-6;4-6-2;4-5-3;4-6-1;4-2-1;4-2-5,-0.5,BREAK,45.49633333333334,0,54.39633333333334,0.4600000000000001,0.49659999999999993,4
1-4-2,0.548,2026-06-22,0.45805,0.387,0.08666666666666667,0,0.047,0.5116,0,0,0,0,0.45089999999999997,2000,400,600,800,逃げ,0,0.53235,53.242,1820,fit,202606222204,0.368,0,0,0,0,54.807,52.192,52.17825,49.9723,50.30950000000001,47.562,-0.19999999999999996,0.49000000000000005,0.19999999999999996,0.6,4-5-1;4-5-2;4-5-6;4-6-1;4-6-2;4-2-1;4-5-3;4-6-5;4-1-2;4-2-5;4-2-6;4-1-5;4-3-1;4-3-2;4-1-6;4-6-3;4-3-5;4-2-3;4-3-6;4-1-3,4-5-1;4-5-2;4-5-6;4-6-1,4-5-1;4-5-2;4-5-6;4-6-1;4-6-2;4-2-1,4-5-1;4-5-2;4-5-6;4-6-1;4-6-2;4-2-1;4-5-3;4-6-5,0,BREAK,52.192,0,54.39633333333334,0.774,0.3681,1
1-2-3,0.392,2026-06-22,0.39724999999999994,0.38499999999999995,0.05333333333333334,0,0.047,0.5116,0,0,0,0,0.48429999999999995,2000,400,600,800,逃げ,0,0.39035,39.041999999999994,740,fit,202606222212,0.552,0,0,0,0,39.207,33.568,35.518249999999995,41.39509999999999,39.4695,38.892,-0.4,0.27,-0.4,0.3,4-5-1;4-5-2;4-6-1;4-5-6;4-6-2;4-2-1;4-6-5;4-5-3;4-1-2;4-2-6;4-2-5;4-1-6;4-3-1;4-1-5;4-6-3;4-3-2;4-3-6;4-3-5;4-2-3;4-1-3,4-5-1;4-5-2;4-6-1;4-5-6,4-5-1;4-5-2;4-6-1;4-5-6;4-6-2;4-2-1,4-5-1;4-5-2;4-6-1;4-5-6;4-6-2;4-2-1;4-6-5;4-5-3,0,BREAK,33.568,0,54.39633333333334,0.6220000000000001,0.40249999999999986,1
2-5-3,0.39466666666666667,2026-06-22,0.5088333333333334,0.43533333333333335,0.6326666666666667,0,0.047,0.5116,0,0,0,0,0.5857,2000,400,600,800,逃げ,0,0.3619,35.047,14040,fit,202606222306,0.10399999999999998,0,0,0,0,38.32366666666667,53.60433333333334,49.0645,45.9514,44.032,40.153666666666666,0.6,0.86,-0.4,0.3,4-5-1;4-5-2;4-6-1;4-5-6;4-5-3;4-1-5;4-2-1;4-6-5;4-3-1;4-6-2;4-1-2;4-2-5;4-1-6;4-3-5;4-1-3;4-6-3;4-2-6;4-3-2;4-3-6;4-2-3,4-5-1;4-5-2;4-6-1;4-5-6,4-5-1;4-5-2;4-6-1;4-5-6;4-5-3;4-1-5,4-5-1;4-5-2;4-6-1;4-5-6;4-5-3;4-1-5;4-2-1;4-6-5,-0.5,BREAK,53.60433333333334,0,54.39633333333334,0.524,0.623,2
1-3-2,0.582,2026-06-22,0.5529999999999999,0.5529999999999999,0.24200000000000002,0,0.807,0.7018,0,0,0,0,0.5590999999999999,2000,400,600,800,逃げ,0,0.5832499999999999,62.132,1060,fit,202606222404,0.47600000000000003,0,0,0,0,62.007,57.72300000000001,59.51200000000001,60.633199999999995,60.55699999999999,60.702,-0.4,0.32999999999999996,0.6,0.8,4-5-1;4-5-2;4-2-1;4-6-1;4-5-6;4-1-2;4-6-2;4-5-3;4-3-1;4-1-5;4-2-5;4-6-5;4-3-2;4-1-6;4-2-6;4-1-3;4-2-3;4-3-5;4-6-3;4-3-6,4-5-1;4-5-2;4-2-1;4-6-1,4-5-1;4-5-2;4-2-1;4-6-1;4-5-6;4-1-2,4-5-1;4-5-2;4-2-1;4-6-1;4-5-6;4-1-2;4-6-2;4-5-3,0.5,BREAK,57.72300000000001,1,54.39633333333334,0.47600000000000003,0.524,1
5-1-3,0.3406666666666667,2026-06-23,0.4438833333333333,0.3973333333333333,0.4726666666666667,0,-1.464,0.1341,0,0,0,0,0.5448,2000,400,600,800,抜き,0,0.33799999999999997,32.296,11960,fit,202606230211,0.28,0,0,0,0,32.56266666666667,38.992333333333335,37.01975,40.150099999999995,37.7235,35.11266666666667,0.20000000000000007,0.6900000000000001,-1.0,0.0,4-5-1;4-6-1;4-5-2;4-5-6;4-6-2;4-2-1;4-6-5;4-1-6;4-1-2;4-1-5;4-2-6;4-5-3;4-3-1;4-2-5;4-6-3;4-3-6;4-1-3;4-3-2;4-3-5;4-2-3,4-5-1;4-6-1;4-5-2;4-5-6,4-5-1;4-6-1;4-5-2;4-5-6;4-6-2;4-2-1,4-5-1;4-6-1;4-5-2;4-5-6;4-6-2;4-2-1;4-6-5;4-1-6,0,BREAK,38.992333333333335,0,54.39633333333334,0.546,0.5470999999999999,5
1-2-5,0.4573333333333333,2026-06-23,0.4403666666666667,0.46066666666666667,0.37,0,1.688,0.922,0,0,0,0,0.45409999999999995,2000,400,600,800,抜き,0,0.4573,49.008,2560,fit,202606230606,0.652,0,0,0,0,49.01133333333334,38.570666666666675,41.8805,48.431200000000004,48.163000000000004,49.16133333333334,-0.4,0.24,-0.4,0.3,4-5-1;4-5-2;4-5-3;4-5-6;4-6-1;4-2-1;4-2-5;4-6-2;4-1-5;4-1-2;4-6-5;4-3-1;4-3-5;4-3-2;4-2-3;4-2-6;4-1-3;4-1-6;4-6-3;4-3-6,4-5-1;4-5-2;4-5-3;4-5-6,4-5-1;4-5-2;4-5-3;4-5-6;4-6-1;4-2-1,4-5-1;4-5-2;4-5-3;4-5-6;4-6-1;4-2-1;4-2-5;4-6-2,2.0,BREAK,38.570666666666675,0,54.39633333333334,0.536,0.4234,1
1-5-4,0.7473333333333334,2026-06-23,0.7540166666666667,0.7676666666666667,0.3643333333333334,0,0.047,0.5116,0,0,0,0,0.7417499999999999,2000,400,600,800,逃げ,0,0.76,74.857,2920,fit,202606230710,0.29,0,0,0,0,73.59033333333333,82.70266666666667,80.00075000000001,73.668,73.9245,74.50533333333334,0.8,0.8700000000000001,1.0,1.0,4-5-1;4-6-1;4-5-2;4-5-6;4-6-2;4-2-1;4-1-2;4-1-6;4-6-5;4-1-5;4-3-1;4-5-3;4-2-6;4-2-5;4-6-3;4-1-3;4-3-2;4-3-6;4-3-5;4-2-3,4-5-1;4-6-1;4-5-2;4-5-6,4-5-1;4-6-1;4-5-2;4-5-6;4-6-2;4-2-1,4-5-1;4-6-1;4-5-2;4-5-6;4-6-2;4-2-1;4-1-2;4-1-6,-0.5,BREAK,82.70266666666667,1,54.39633333333334,0.21200000000000002,0.7606999999999999,1
4-3-6,0.432,2026-06-23,0.44199999999999995,0.42799999999999994,0.188,1,0.49,0.6224,1,0,0,0,0.5062,2000,400,600,800,まくり,1,0.4515,45.6,10200,fit,202606230805,0.496,10200,0,0,0,43.650000000000006,32.746,36.379999999999995,45.5824,44.15,43.47,-0.6000000000000001,0.22999999999999998,-0.6000000000000001,0.19999999999999996,4-5-1;4-5-6;4-5-2;4-6-1;4-6-5;4-6-2;4-5-3;4-1-5;4-1-6;4-2-1;4-2-5;4-2-6;4-1-2;4-3-1;4-6-3;4-3-5;4-3-6;4-3-2;4-1-3;4-2-3,4-5-1;4-5-6;4-5-2;4-6-1,4-5-1;4-5-6;4-5-2;4-6-1;4-6-5;4-6-2,4-5-1;4-5-6;4-5-2;4-6-1;4-6-5;4-6-2;4-5-3;4-1-5,0,BREAK,32.746,0,54.39633333333334,0.5760000000000001,0.45199999999999996,4
1-2-4,0.6133333333333333,2026-06-23,0.5775166666666667,0.5736666666666667,0.29533333333333334,0,1.874,0.9685,0,0,0,0,0.5662,2000,400,600,800,抜き,0,0.6335000000000001,65.184,3920,fit,202606230812,0.444,0,0,0,0,63.16733333333333,57.43766666666668,59.60525000000001,61.055899999999994,61.3765,61.38233333333334,-0.20000000000000007,0.33999999999999997,0.6000000000000001,0.8,4-5-1;4-6-1;4-5-2;4-5-6;4-6-2;4-2-1;4-3-1;4-1-6;4-1-2;4-5-3;4-6-5;4-6-3;4-1-5;4-2-6;4-1-3;4-3-6;4-3-2;4-2-5;4-2-3;4-3-5,4-5-1;4-6-1;4-5-2;4-5-6,4-5-1;4-6-1;4-5-2;4-5-6;4-6-2;4-2-1,4-5-1;4-6-1;4-5-2;4-5-6;4-6-2;4-2-1;4-3-1;4-1-6,0,BREAK,57.43766666666668,1,54.39633333333334,0.466,0.5417000000000001,1
4-5-2,0.372,2026-06-23,0.5609500000000001,0.597,0.6106666666666666,1,-1.557,0.1108,1,1,1,1,0.6953,2000,400,600,800,まくり,1,0.36745,35.147999999999996,8710,fit,202606231004,0.38399999999999995,8710,8710,8710,8710,35.603,41.958000000000006,42.506750000000004,48.3841,45.0505,45.728,-0.19999999999999996,0.31000000000000005,0.19999999999999996,0.6,4-5-1;4-6-1;4-5-2;4-5-6;4-2-1;4-6-2;4-1-6;4-1-5;4-1-2;4-6-5;4-3-1;4-5-3;4-2-6;4-2-5;4-1-3;4-6-3;4-3-6;4-3-5;4-3-2;4-2-3,4-5-1;4-6-1;4-5-2;4-5-6,4-5-1;4-6-1;4-5-2;4-5-6;4-2-1;4-6-2,4-5-1;4-6-1;4-5-2;4-5-6;4-2-1;4-6-2;4-1-6;4-1-5,0,BREAK,41.958000000000006,0,54.39633333333334,0.178,0.7499,4
3-5-1,0.408,2026-06-23,0.508,0.501,0.609,0,-1.595,0.1012,0,0,0,0,0.57555,2000,400,600,800,差し,0,0.4111,42.515,30240,fit,202606231106,0.366,0,0,0,0,42.205,51.469,50.225,48.8911,47.205,46.39,-0.4,0.39,0.6,0.8,4-5-1;4-6-1;4-5-6;4-5-2;4-6-2;4-6-5;4-1-6;4-2-1;4-1-5;4-5-3;4-1-2;4-3-1;4-2-6;4-6-3;4-2-5;4-3-6;4-1-3;4-3-5;4-3-2;4-2-3,4-5-1;4-6-1;4-5-6;4-5-2,4-5-1;4-6-1;4-5-6;4-5-2;4-6-2;4-6-5,4-5-1;4-6-1;4-5-6;4-5-2;4-6-2;4-6-5;4-1-6;4-2-1,0.5,BREAK,51.469,0,54.39633333333334,0.40599999999999997,0.6080000000000001,3
1-5-2,0.136,2026-06-23,0.21489999999999998,0.19599999999999995,0.49,0,0.047,0.5116,0,0,0,0,0.3264999999999999,2000,400,600,800,逃げ,0,0.152,15.207,2990,fit,202606231401,0.636,0,0,0,0,13.607000000000003,18.673000000000002,17.419500000000003,20.164999999999996,17.552,16.307,-0.4,0.33,-1.0,0.0,4-5-1;4-5-2;4-6-1;4-2-1;4-5-6;4-1-2;4-6-2;4-5-3;4-3-1;4-1-5;4-1-6;4-6-5;4-2-5;4-1-3;4-3-2;4-2-6;4-3-5;4-6-3;4-2-3;4-3-6,4-5-1;4-5-2;4-6-1;4-2-1,4-5-1;4-5-2;4-6-1;4-2-1;4-5-6;4-1-2,4-5-1;4-5-2;4-6-1;4-2-1;4-5-6;4-1-2;4-6-2;4-5-3,0,BREAK,18.673000000000002,0,54.39633333333334,0.7440000000000001,0.29379999999999995,1
4-6-2,0.6906666666666667,2026-06-23,0.6644333333333333,0.7393333333333334,0.3546666666666667,1,1.015,0.7538,1,1,1,1,0.6382,2000,400,600,800,まくり,1,0.6817,69.145,3030,fit,202606231507,0.64,3030,3030,3030,3030,70.04166666666666,71.52233333333332,70.4125,68.10039999999998,68.72999999999999,72.23166666666667,0.8,0.81,0.20000000000000007,0.6000000000000001,4-5-2;4-5-1;4-6-2;4-2-1;4-6-1;4-1-2;4-5-6;4-2-5;4-2-6;4-3-2;4-6-5;4-5-3;4-1-5;4-1-6;4-3-1;4-2-3;4-6-3;4-1-3;4-3-5;4-3-6,4-5-2;4-5-1;4-6-2;4-2-1,4-5-2;4-5-1;4-6-2;4-2-1;4-6-1;4-1-2,4-5-2;4-5-1;4-6-2;4-2-1;4-6-1;4-1-2;4-5-6;4-2-5,0,BREAK,71.52233333333332,1,54.39633333333334,0.212,0.6382,4
4-1-3,0.388,2026-06-23,0.39499999999999996,0.367,0.4036666666666667,1,1.272,0.8181,1,0,0,0,0.43155,2000,400,600,800,差し,0,0.4077,42.002,2300,fit,202606231508,0.494,2300,0,0,0,40.032000000000004,33.43600000000001,36.027,41.20009999999999,40.382,39.087,-0.6000000000000001,0.17000000000000004,-0.19999999999999996,0.4,4-5-1;4-5-2;4-6-1;4-2-1;4-5-6;4-1-2;4-6-2;4-5-3;4-3-1;4-1-5;4-1-6;4-2-5;4-6-5;4-2-6;4-3-2;4-1-3;4-3-5;4-2-3;4-6-3;4-3-6,4-5-1;4-5-2;4-6-1;4-2-1,4-5-1;4-5-2;4-6-1;4-2-1;4-5-6;4-1-2,4-5-1;4-5-2;4-6-1;4-2-1;4-5-6;4-1-2;4-6-2;4-5-3,0,BREAK,33.43600000000001,0,54.39633333333334,0.654,0.4019999999999999,4
3-2-1,0.32066666666666666,2026-06-23,0.34623333333333334,0.29233333333333333,0.588,0,0.156,0.539,0,0,0,0,0.37860000000000005,2000,400,600,800,差し,0,0.3378,32.746,7230,fit,202606231605,0.428,0,0,0,0,31.03266666666666,28.78933333333333,30.6485,33.0742,32.311,29.757666666666665,-1.0,0.06000000000000005,0.19999999999999996,0.6,4-5-1;4-5-2;4-5-3;4-5-6;4-6-1;4-3-1;4-2-1;4-1-5;4-3-5;4-1-2;4-2-5;4-6-2;4-6-5;4-3-2;4-1-3;4-2-3;4-6-3;4-1-6;4-3-6;4-2-6,4-5-1;4-5-2;4-5-3;4-5-6,4-5-1;4-5-2;4-5-3;4-5-6;4-6-1;4-3-1,4-5-1;4-5-2;4-5-3;4-5-6;4-6-1;4-3-1;4-2-1;4-1-5,-0.5,BREAK,28.78933333333333,0,54.39633333333334,0.736,0.3718,3
2-1-4,0.7006666666666667,2026-06-23,0.5806333333333333,0.5743333333333334,0.296,0,1.984,0.9959,0,0,0,0,0.4972,2000,400,600,800,差し,0,0.6792499999999999,69.86899999999999,1040,fit,202606231905,0.516,0,0,0,0,72.01066666666665,57.73533333333334,61.5865,63.933400000000006,66.00899999999999,66.32566666666666,-0.4,0.33,0.4,0.7,4-5-1;4-5-2;4-2-1;4-1-2;4-6-1;4-6-2;4-5-6;4-2-5;4-1-5;4-3-1;4-2-6;4-5-3;4-1-6;4-3-2;4-6-5;4-2-3;4-1-3;4-3-5;4-6-3;4-3-6,4-5-1;4-5-2;4-2-1;4-1-2,4-5-1;4-5-2;4-2-1;4-1-2;4-6-1;4-6-2,4-5-1;4-5-2;4-2-1;4-1-2;4-6-1;4-6-2;4-5-6;4-2-5,0,BREAK,57.73533333333334,1,54.39633333333334,0.552,0.4605999999999999,2
2-1-4,0.746,2026-06-23,0.72965,0.744,0.42933333333333334,0,1.918,0.9795,0,0,0,0,0.6917,2000,400,600,800,差し,0,0.7232500000000001,74.203,1240,fit,202606231907,0.33999999999999997,0,0,0,0,76.478,73.999,74.35925,74.7929,75.6605,76.388,0.6,0.77,0.19999999999999996,0.6,4-5-2;4-5-1;4-2-1;4-6-2;4-6-1;4-1-2;4-5-6;4-2-5;4-2-6;4-3-2;4-5-3;4-3-1;4-1-5;4-1-6;4-6-5;4-2-3;4-1-3;4-6-3;4-3-5;4-3-6,4-5-2;4-5-1;4-2-1;4-6-2,4-5-2;4-5-1;4-2-1;4-6-2;4-6-1;4-1-2,4-5-2;4-5-1;4-2-1;4-6-2;4-6-1;4-1-2;4-5-6;4-2-5,0,BREAK,73.999,1,54.39633333333334,0.258,0.7133,2
3-1-2,0.6106666666666667,2026-06-23,0.5678833333333333,0.5703333333333334,0.43266666666666664,0,-1.995,0.0014,0,0,0,0,0.5313999999999999,2000,400,600,800,抜き,0,0.5839,55.205000000000005,4780,fit,202606232306,0.484,0,0,0,0,57.881666666666675,59.83133333333333,58.03875,54.8543,55.74250000000001,56.066666666666684,0.6,0.8300000000000001,-0.19999999999999996,0.4,4-5-2;4-5-1;4-2-1;4-6-2;4-6-1;4-1-2;4-5-6;4-2-5;4-5-3;4-2-6;4-3-2;4-3-1;4-6-5;4-2-3;4-1-5;4-1-6;4-6-3;4-1-3;4-3-5;4-3-6,4-5-2;4-5-1;4-2-1;4-6-2,4-5-2;4-5-1;4-2-1;4-6-2;4-6-1;4-1-2,4-5-2;4-5-1;4-2-1;4-6-2;4-6-1;4-1-2;4-5-6;4-2-5,-0.5,BREAK,59.83133333333333,1,54.39633333333334,0.4700000000000001,0.5250999999999999,3
1-4-2,0.7226666666666667,2026-06-23,0.6915333333333333,0.7153333333333334,0.39666666666666667,0,-1.196,0.2011,0,0,0,0,0.6515,2000,400,600,800,逃げ,0,0.6919000000000001,66.80400000000002,1270,fit,202606232308,0.428,0,0,0,0,69.88066666666667,72.31933333333333,71.209,67.381,68.32400000000001,69.55066666666667,0.6000000000000001,0.77,0.6000000000000001,0.8,4-5-1;4-5-2;4-2-1;4-6-1;4-6-2;4-1-2;4-5-6;4-5-3;4-2-5;4-3-1;4-3-2;4-1-5;4-2-6;4-6-5;4-2-3;4-1-6;4-1-3;4-3-5;4-6-3;4-3-6,4-5-1;4-5-2;4-2-1;4-6-1,4-5-1;4-5-2;4-2-1;4-6-1;4-6-2;4-1-2,4-5-1;4-5-2;4-2-1;4-6-1;4-6-2;4-1-2;4-5-6;4-5-3,-0.5,BREAK,72.31933333333333,1,54.39633333333334,0.292,0.6604,1
2-4-6,0.42,2026-06-24,0.43689999999999996,0.376,0.43299999999999994,0,0.047,0.5116,0,0,0,0,0.47165,2000,400,600,800,差し,0,0.45230000000000004,45.237,2860,fit,202606240306,0.31999999999999995,0,0,0,0,42.007,34.345,37.6295,43.650299999999994,42.852,40.027,-1.0,0.12000000000000005,0.0,0.5,4-5-1;4-5-2;4-6-1;4-5-6;4-2-1;4-6-2;4-1-5;4-1-2;4-2-5;4-6-5;4-5-3;4-1-6;4-3-1;4-2-6;4-3-5;4-3-2;4-1-3;4-2-3;4-6-3;4-3-6,4-5-1;4-5-2;4-6-1;4-5-6,4-5-1;4-5-2;4-6-1;4-5-6;4-2-1;4-6-2,4-5-1;4-5-2;4-6-1;4-5-6;4-2-1;4-6-2;4-1-5;4-1-2,0,BREAK,34.345,0,54.39633333333334,0.668,0.4538,2
4-6-2,0.8053333333333335,2026-06-24,0.7771166666666667,0.8096666666666668,0.5173333333333333,1,-0.993,0.2517,1,1,1,1,0.7085,2000,400,600,800,まくり差し,0,0.7853,76.34700000000001,1760,fit,202606240605,0.37199999999999994,1760,1760,1760,1760,78.35033333333335,71.42866666666669,73.65825000000001,75.3735,76.93950000000001,78.54533333333336,0.4,0.6100000000000001,0.6,0.8,4-6-1;4-5-1;4-6-2;4-5-2;4-5-6;4-2-1;4-2-6;4-1-2;4-1-6;4-6-5;4-2-5;4-1-5;4-3-1;4-6-3;4-5-3;4-3-2;4-3-6;4-2-3;4-1-3;4-3-5,4-6-1;4-5-1;4-6-2;4-5-2,4-6-1;4-5-1;4-6-2;4-5-2;4-5-6;4-2-1,4-6-1;4-5-1;4-6-2;4-5-2;4-5-6;4-2-1;4-2-6;4-1-2,-0.5,BREAK,71.42866666666669,1,54.39633333333334,0.18600000000000003,0.7489,4
1-5-3,0.22933333333333333,2026-06-24,0.34996666666666665,0.3506666666666667,0.5546666666666666,0,0.555,0.6389,0,0,0,0,0.4667999999999999,2000,400,600,800,抜き,0,0.25129999999999997,24.494999999999994,3950,fit,202606240609,0.532,0,0,0,0,22.298333333333332,34.14566666666666,32.3875,31.141599999999993,28.329999999999995,27.758333333333336,-0.6000000000000001,0.22999999999999998,0.4,0.7,4-5-1;4-6-1;4-5-2;4-5-6;4-2-1;4-6-2;4-1-2;4-3-1;4-5-3;4-1-6;4-6-5;4-1-5;4-2-6;4-2-5;4-6-3;4-1-3;4-3-2;4-3-6;4-3-5;4-2-3,4-5-1;4-6-1;4-5-2;4-5-6,4-5-1;4-6-1;4-5-2;4-5-6;4-2-1;4-6-2,4-5-1;4-6-1;4-5-2;4-5-6;4-2-1;4-6-2;4-1-2;4-3-1,-0.5,BREAK,34.14566666666666,0,54.39633333333334,0.528,0.4706,1
1-2-4,0.5526666666666666,2026-06-24,0.5616333333333333,0.5063333333333333,0.6353333333333333,0,0.353,0.5882,0,0,0,0,0.5405,2000,400,600,800,逃げ,0,0.5533,55.643,610,fit,202606240610,0.22399999999999998,0,0,0,0,55.57966666666667,51.580333333333336,53.560500000000005,55.580999999999996,56.028000000000006,53.49466666666666,-0.4,0.32999999999999996,0.4,0.7,4-5-1;4-6-1;4-5-2;4-2-1;4-1-2;4-6-2;4-5-6;4-1-6;4-3-1;4-1-5;4-5-3;4-6-5;4-2-6;4-2-5;4-1-3;4-3-2;4-6-3;4-2-3;4-3-6;4-3-5,4-5-1;4-6-1;4-5-2;4-2-1,4-5-1;4-6-1;4-5-2;4-2-1;4-1-2;4-6-2,4-5-1;4-6-1;4-5-2;4-2-1;4-1-2;4-6-2;4-5-6;4-1-6,0,BREAK,51.580333333333336,0,54.39633333333334,0.5399999999999999,0.5706,1
1-3-2,0.748,2026-06-24,0.6540999999999999,0.5539999999999999,0.228,0,0.999,0.7497,0,0,0,0,0.5933999999999999,2000,400,600,800,逃げ,0,0.7580000000000001,75.60900000000001,7540,fit,202606240710,0.06799999999999999,0,0,0,0,74.609,70.875,70.9815,68.39079999999998,69.91399999999999,65.879,0.19999999999999996,0.72,0.4,0.7,4-5-1;4-5-2;4-5-6;4-6-1;4-5-3;4-6-5;4-1-5;4-2-1;4-6-2;4-3-1;4-1-6;4-2-5;4-1-2;4-3-5;4-6-3;4-1-3;4-2-6;4-3-6;4-3-2;4-2-3,4-5-1;4-5-2;4-5-6;4-6-1,4-5-1;4-5-2;4-5-6;4-6-1;4-5-3;4-6-5,4-5-1;4-5-2;4-5-6;4-6-1;4-5-3;4-6-5;4-1-5;4-2-1,-0.5,BREAK,70.875,1,54.39633333333334,0.6400000000000001,0.5601999999999999,1
1-2-4,0.524,2026-06-24,0.5901000000000001,0.574,0.32,0,1.311,0.8276,0,0,0,0,0.6599999999999999,2000,400,600,800,逃げ,0,0.556,56.87100000000001,1090,fit,202606240712,0.284,0,0,0,0,53.67100000000001,51.585,53.383500000000005,58.646,56.976000000000006,55.921,-0.20000000000000007,0.37,0.19999999999999996,0.6,4-5-1;4-6-1;4-5-2;4-5-6;4-2-1;4-6-2;4-1-6;4-1-2;4-1-5;4-6-5;4-3-1;4-5-3;4-2-6;4-2-5;4-1-3;4-6-3;4-3-6;4-3-2;4-3-5;4-2-3,4-5-1;4-6-1;4-5-2;4-5-6,4-5-1;4-6-1;4-5-2;4-5-6;4-2-1;4-6-2,4-5-1;4-6-1;4-5-2;4-5-6;4-2-1;4-6-2;4-1-6;4-1-2,0,BREAK,51.585,0,54.39633333333334,0.37600000000000006,0.6562,1
1-6-3,0.24733333333333335,2026-06-24,0.4101166666666667,0.3586666666666667,0.2926666666666667,0,-1.294,0.1765,0,0,0,0,0.5938,2000,400,600,800,逃げ,0,0.26349999999999996,23.865999999999993,11820,fit,202606240804,0.236,0,0,0,0,22.249333333333333,39.283666666666676,34.562250000000006,34.755100000000006,30.3885,27.25933333333333,0.6,0.77,-0.8,0.09999999999999998,4-5-1;4-5-2;4-6-1;4-6-2;4-2-1;4-5-6;4-1-2;4-5-3;4-3-1;4-2-6;4-3-2;4-6-5;4-1-6;4-2-5;4-1-5;4-6-3;4-2-3;4-1-3;4-3-6;4-3-5,4-5-1;4-5-2;4-6-1;4-6-2,4-5-1;4-5-2;4-6-1;4-6-2;4-2-1;4-5-6,4-5-1;4-5-2;4-6-1;4-6-2;4-2-1;4-5-6;4-1-2;4-5-3,-0.5,BREAK,39.283666666666676,0,54.39633333333334,0.53,0.5729,1
4-1-2,0.724,2026-06-24,0.5709,0.51,0.10399999999999998,1,0.047,0.5116,1,0,0,0,0.49039999999999995,2000,400,600,800,抜き,0,0.7252500000000001,72.532,1940,fit,202606240908,0.356,1940,0,0,0,72.40699999999998,56.017,60.439499999999995,62.67479999999999,64.75199999999998,62.777,-0.6,0.26000000000000006,0.6000000000000001,0.8,4-5-1;4-5-2;4-5-6;4-6-1;4-6-2;4-5-3;4-6-5;4-2-1;4-1-5;4-2-5;4-1-2;4-3-1;4-1-6;4-2-6;4-3-5;4-3-2;4-6-3;4-3-6;4-1-3;4-2-3,4-5-1;4-5-2;4-5-6;4-6-1,4-5-1;4-5-2;4-5-6;4-6-1;4-6-2;4-5-3,4-5-1;4-5-2;4-5-6;4-6-1;4-6-2;4-5-3;4-6-5;4-2-1,0,BREAK,56.017,1,54.39633333333334,0.7040000000000001,0.41779999999999995,4
1-2-4,0.378,2026-06-24,0.61215,0.616,0.7073333333333334,0,0.047,0.5116,0,0,0,0,0.7632,2000,400,600,800,逃げ,0,0.40125,38.982,910,fit,202606240911,0.16799999999999998,0,0,0,0,36.657,59.124,54.680749999999996,52.155899999999995,48.3645,47.367000000000004,0.4,0.67,0.6,0.8,4-5-1;4-6-1;4-5-2;4-2-1;4-5-6;4-1-5;4-1-2;4-1-6;4-3-1;4-6-2;4-5-3;4-6-5;4-2-5;4-1-3;4-2-6;4-3-5;4-3-2;4-6-3;4-3-6;4-2-3,4-5-1;4-6-1;4-5-2;4-2-1,4-5-1;4-6-1;4-5-2;4-2-1;4-5-6;4-1-5,4-5-1;4-6-1;4-5-2;4-2-1;4-5-6;4-1-5;4-1-2;4-1-6,-0.5,BREAK,59.124,1,54.39633333333334,0.146,0.8463,1
1-2-4,0.21799999999999997,2026-06-24,0.31804999999999994,0.296,0.36466666666666664,0,1.42,0.855,0,0,0,0,0.45099999999999996,2000,400,600,800,抜き,0,0.22945,24.325000000000003,2880,fit,202606241008,0.5,0,0,0,0,23.18,30.965000000000003,30.25125,31.307499999999997,28.182499999999997,26.689999999999998,-0.8,0.16000000000000003,0.19999999999999996,0.6,4-5-1;4-5-2;4-6-1;4-5-6;4-6-2;4-2-1;4-6-5;4-5-3;4-1-2;4-2-6;4-1-6;4-3-1;4-2-5;4-1-5;4-6-3;4-3-2;4-3-6;4-3-5;4-2-3;4-1-3,4-5-1;4-5-2;4-6-1;4-5-6,4-5-1;4-5-2;4-6-1;4-5-6;4-6-2;4-2-1,4-5-1;4-5-2;4-6-1;4-5-6;4-6-2;4-2-1;4-6-5;4-5-3,0,BREAK,30.965000000000003,0,54.39633333333334,0.626,0.4180999999999999,1
1-4-3,0.43400000000000005,2026-06-24,0.45505,0.426,0.6406666666666667,0,1.885,0.9713,0,0,0,0,0.45899999999999996,2000,400,600,800,抜き,0,0.43310000000000004,44.005,790,fit,202606241104,0.416,0,0,0,0,44.095000000000006,44.50800000000001,45.03125000000001,45.2765,45.14750000000001,43.73500000000001,-0.4,0.33,0.20000000000000007,0.6000000000000001,4-5-1;4-6-1;4-5-2;4-5-6;4-2-1;4-1-5;4-3-1;4-5-3;4-1-2;4-1-6;4-6-5;4-6-2;4-1-3;4-2-5;4-3-5;4-6-3;4-2-6;4-3-2;4-3-6;4-2-3,4-5-1;4-6-1;4-5-2;4-5-6,4-5-1;4-6-1;4-5-2;4-5-6;4-2-1;4-1-5,4-5-1;4-6-1;4-5-2;4-5-6;4-2-1;4-1-5;4-3-1;4-5-3,-0.5,BREAK,44.50800000000001,0,54.39633333333334,0.5820000000000001,0.47609999999999997,1
4-3-1,0.744,2026-06-24,0.6111249999999999,0.6154999999999999,0.41300000000000003,1,0.047,0.5116,1,0,0,0,0.49449999999999994,2000,400,600,800,まくり差し,0,0.7401500000000001,72.87200000000001,8310,fit,202606241207,0.538,8310,0,0,0,73.257,68.4715,67.995125,63.78174999999999,66.61325,67.47449999999999,0.6000000000000001,0.8300000000000001,0.0,0.5,4-5-1;4-5-2;4-6-1;4-6-2;4-2-1;4-5-6;4-1-2;4-2-5;4-2-6;4-5-3;4-6-5;4-3-1;4-3-2;4-1-5;4-1-6;4-2-3;4-6-3;4-1-3;4-3-5;4-3-6,4-5-1;4-5-2;4-6-1;4-6-2,4-5-1;4-5-2;4-6-1;4-6-2;4-2-1;4-5-6,4-5-1;4-5-2;4-6-1;4-6-2;4-2-1;4-5-6;4-1-2;4-2-5,-0.5,BREAK,68.4715,1,54.39633333333334,0.513,0.47824999999999995,4
1-4-5,0.6233333333333334,2026-06-24,0.6458166666666667,0.7126666666666668,0.30133333333333334,0,1.912,0.9781,0,0,0,0,0.6718999999999999,2000,400,600,800,逃げ,0,0.6092500000000001,62.797000000000004,770,fit,202606241903,0.58,0,0,0,0,64.20533333333334,61.60166666666668,63.05075,65.9483,65.32950000000001,68.22533333333334,0.20000000000000007,0.48000000000000004,0.4,0.7,4-5-1;4-5-2;4-5-3;4-5-6;4-6-1;4-1-5;4-2-1;4-3-1;4-1-2;4-2-5;4-6-5;4-6-2;4-3-5;4-1-3;4-1-6;4-3-2;4-2-3;4-2-6;4-6-3;4-3-6,4-5-1;4-5-2;4-5-3;4-5-6,4-5-1;4-5-2;4-5-3;4-5-6;4-6-1;4-1-5,4-5-1;4-5-2;4-5-3;4-5-6;4-6-1;4-1-5;4-2-1;4-3-1,0,BREAK,61.60166666666668,1,54.39633333333334,0.19799999999999998,0.6683,1
4-2-3,0.46266666666666667,2026-06-24,0.41403333333333336,0.38533333333333336,0.396,1,0.878,0.7196,1,0,0,0,0.40159999999999996,2000,400,600,800,まくり差し,0,0.46990000000000004,46.678000000000004,3010,fit,202606242308,0.528,3010,0,0,0,45.95466666666667,38.84333333333335,41.74550000000001,43.1522,43.523,42.47466666666668,-1.0,0.06000000000000005,0.6,0.8,4-5-1;4-5-2;4-6-1;4-5-6;4-2-1;4-5-3;4-6-2;4-1-2;4-1-5;4-2-5;4-6-5;4-3-1;4-3-2;4-1-6;4-2-6;4-3-5;4-1-3;4-2-3;4-6-3;4-3-6,4-5-1;4-5-2;4-6-1;4-5-6,4-5-1;4-5-2;4-6-1;4-5-6;4-2-1;4-5-3,4-5-1;4-5-2;4-6-1;4-5-6;4-2-1;4-5-3;4-6-2;4-1-2,-0.5,BREAK,38.84333333333335,0,54.39633333333334,0.692,0.36540000000000006,4
3-4-5,0.8306666666666668,2026-06-25,0.6731333333333334,0.5933333333333333,0.37333333333333335,0,0.047,0.5116,0,0,0,0,0.5333999999999999,2000,400,600,800,まくり,0,0.8140000000000001,80.257,15800,fit,202606250101,0.188,0,0,0,0,81.92366666666668,64.69833333333332,68.112,70.6578,74.047,71.24366666666667,0.19999999999999996,0.66,-0.20000000000000007,0.39999999999999997,4-5-1;4-5-2;4-6-1;4-5-6;4-2-1;4-6-2;4-1-2;4-5-3;4-3-1;4-1-6;4-6-5;4-1-5;4-2-6;4-2-5;4-3-2;4-6-3;4-1-3;4-2-3;4-3-6;4-3-5,4-5-1;4-5-2;4-6-1;4-5-6,4-5-1;4-5-2;4-6-1;4-5-6;4-2-1;4-6-2,4-5-1;4-5-2;4-6-1;4-5-6;4-2-1;4-6-2;4-1-2;4-5-3,-0.5,BREAK,64.69833333333332,1,54.39633333333334,0.6440000000000001,0.5156,3
4-2-1,0.7606666666666667,2026-06-25,0.5520833333333333,0.48733333333333334,0.31666666666666665,1,0.047,0.5116,1,0,1,1,0.3954,2000,400,600,800,まくり差し,0,0.752,74.057,3500,fit,202606250110,0.41600000000000004,3500,0,3500,3500,74.92366666666668,63.83733333333333,65.48575,60.6303,64.49449999999999,62.62366666666667,-0.20000000000000007,0.52,0.6,0.8,4-5-1;4-5-2;4-6-1;4-6-2;4-2-1;4-5-6;4-1-2;4-5-3;4-2-6;4-2-5;4-3-1;4-6-5;4-3-2;4-1-6;4-1-5;4-2-3;4-6-3;4-1-3;4-3-6;4-3-5,4-5-1;4-5-2;4-6-1;4-6-2,4-5-1;4-5-2;4-6-1;4-6-2;4-2-1;4-5-6,4-5-1;4-5-2;4-6-1;4-6-2;4-2-1;4-5-6;4-1-2;4-5-3,-0.5,BREAK,63.83733333333333,1,54.39633333333334,0.786,0.3434999999999999,4
3-4-5,0.6400000000000001,2026-06-25,0.5111000000000001,0.502,0.43299999999999994,0,-0.938,0.2654,0,0,0,0,0.41005,2000,400,600,800,恵まれ,0,0.6403,64.682,1050,fit,202606250309,0.584,0,0,0,0,64.65200000000002,58.95400000000001,59.12950000000001,55.7261,58.207000000000015,58.44200000000001,0.19999999999999996,0.63,0.0,0.5,4-5-1;4-5-2;4-2-1;4-6-1;4-1-2;4-5-6;4-6-2;4-3-1;4-5-3;4-1-5;4-2-5;4-3-2;4-1-6;4-1-3;4-6-5;4-2-6;4-2-3;4-3-5;4-6-3;4-3-6,4-5-1;4-5-2;4-2-1;4-6-1,4-5-1;4-5-2;4-2-1;4-6-1;4-1-2;4-5-6,4-5-1;4-5-2;4-2-1;4-6-1;4-1-2;4-5-6;4-6-2;4-3-1,1.0,BREAK,58.95400000000001,1,54.39633333333334,0.636,0.3822,3
5-4-1,0.44466666666666665,2026-06-25,0.4609333333333333,0.4623333333333333,0.466,0,1.114,0.7784,0,0,0,0,0.4857,2000,400,600,800,まくり差し,0,0.42845000000000005,42.769000000000005,4520,fit,202606250403,0.528,0,0,0,0,44.39066666666667,39.03333333333334,40.634,45.7814,45.204,45.18566666666667,-0.4,0.42000000000000004,-0.6,0.2,4-5-1;4-5-2;4-6-1;4-5-6;4-6-2;4-2-1;4-6-5;4-1-2;4-2-6;4-2-5;4-1-6;4-1-5;4-5-3;4-3-1;4-6-3;4-3-2;4-3-6;4-3-5;4-2-3;4-1-3,4-5-1;4-5-2;4-6-1;4-5-6,4-5-1;4-5-2;4-6-1;4-5-6;4-6-2;4-2-1,4-5-1;4-5-2;4-6-1;4-5-6;4-6-2;4-2-1;4-6-5;4-1-2,-0.5,BREAK,39.03333333333334,0,54.39633333333334,0.52,0.47719999999999996,5
1-6-4,0.328,2026-06-25,0.41825,0.469,0.5840000000000001,0,-1.086,0.2285,0,0,0,0,0.4939,2000,400,600,800,逃げ,0,0.33729999999999993,31.45399999999999,1080,fit,202606250602,0.6799999999999999,0,0,0,0,30.524000000000004,39.593,37.50025000000001,36.88130000000001,35.03650000000001,36.86900000000001,0.19999999999999996,0.51,-0.20000000000000007,0.39999999999999997,4-5-1;4-6-1;4-5-2;4-2-1;4-1-2;4-6-2;4-5-6;4-3-1;4-1-6;4-1-5;4-5-3;4-2-6;4-2-5;4-3-2;4-1-3;4-6-5;4-2-3;4-6-3;4-3-6;4-3-5,4-5-1;4-6-1;4-5-2;4-2-1,4-5-1;4-6-1;4-5-2;4-2-1;4-1-2;4-6-2,4-5-1;4-6-1;4-5-2;4-2-1;4-1-2;4-6-2;4-5-6;4-3-1,-0.5,BREAK,39.593,0,54.39633333333334,0.39,0.5085000000000001,1
1-4-5,0.9826666666666667,2026-06-25,0.8770333333333333,0.8693333333333333,0.6666666666666667,0,-1.212,0.197,0,0,0,0,0.7058,2000,400,600,800,抜き,0,0.9800000000000001,96.748,410,fit,202606250707,0.19999999999999996,0,0,0,0,97.01466666666666,86.36333333333333,88.5805,87.7546,91.733,91.91466666666666,0.6,0.8300000000000001,0.6,0.8,4-5-1;4-6-1;4-5-2;4-2-1;4-1-5;4-1-2;4-5-6;4-3-1;4-1-6;4-5-3;4-6-5;4-6-2;4-2-5;4-1-3;4-3-5;4-2-6;4-3-2;4-6-3;4-2-3;4-3-6,4-5-1;4-6-1;4-5-2;4-2-1,4-5-1;4-6-1;4-5-2;4-2-1;4-1-5;4-1-2,4-5-1;4-6-1;4-5-2;4-2-1;4-1-5;4-1-2;4-5-6;4-3-1,0,BREAK,86.36333333333333,1,54.39633333333334,0.24400000000000005,0.7714,1
4-6-5,0.5433333333333334,2026-06-25,0.41406666666666675,0.3776666666666667,0.36666666666666664,1,0.123,0.5308,1,0,0,0,0.3375999999999999,2000,400,600,800,まくり,1,0.55125,55.208,49180,fit,202606250904,0.58,49180,0,0,0,54.41633333333334,47.25766666666667,47.96800000000001,46.0122,47.95300000000001,46.96133333333334,-0.20000000000000007,0.49000000000000005,-0.19999999999999996,0.4,4-5-1;4-5-2;4-2-1;4-6-1;4-6-2;4-5-6;4-1-2;4-5-3;4-2-5;4-3-1;4-1-5;4-3-2;4-6-5;4-2-6;4-2-3;4-1-6;4-3-5;4-1-3;4-6-3;4-3-6,4-5-1;4-5-2;4-2-1;4-6-1,4-5-1;4-5-2;4-2-1;4-6-1;4-6-2;4-5-6,4-5-1;4-5-2;4-2-1;4-6-1;4-6-2;4-5-6;4-1-2;4-5-3,0,BREAK,47.25766666666667,0,54.39633333333334,0.788,0.28480000000000005,4
2-4-6,0.512,2026-06-25,0.4585,0.504,0.522,0,-1.327,0.1683,0,0,0,0,0.4153,2000,400,600,800,まくり,0,0.51925,50.558,3020,fit,202606250909,0.764,0,0,0,0,49.833000000000006,50.699000000000005,50.67550000000001,46.10060000000001,47.158,49.473,-0.4,0.33,0.8,0.9,4-5-2;4-5-1;4-2-1;4-6-2;4-1-2;4-6-1;4-2-5;4-5-6;4-2-6;4-3-2;4-5-3;4-1-5;4-3-1;4-2-3;4-6-5;4-1-6;4-1-3;4-6-3;4-3-5;4-3-6,4-5-2;4-5-1;4-2-1;4-6-2,4-5-2;4-5-1;4-2-1;4-6-2;4-1-2;4-6-1,4-5-2;4-5-1;4-2-1;4-6-2;4-1-2;4-6-1;4-2-5;4-5-6,0,BREAK,50.699000000000005,0,54.39633333333334,0.504,0.405,2
2-1-6,0.6966666666666668,2026-06-25,0.6039333333333334,0.6123333333333334,0.552,0,-1.699,0.0752,0,0,0,0,0.5015999999999999,2000,400,600,800,まくり,0,0.69125,67.386,1660,fit,202606250910,0.52,0,0,0,0,67.92766666666667,73.12633333333333,70.52600000000001,60.854200000000006,63.29100000000002,64.13266666666668,0.4,0.79,0.8,0.9,4-5-1;4-5-2;4-6-1;4-2-1;4-6-2;4-1-2;4-5-6;4-3-1;4-2-6;4-2-5;4-5-3;4-3-2;4-1-6;4-1-5;4-6-5;4-2-3;4-1-3;4-6-3;4-3-6;4-3-5,4-5-1;4-5-2;4-6-1;4-2-1,4-5-1;4-5-2;4-6-1;4-2-1;4-6-2;4-1-2,4-5-1;4-5-2;4-6-1;4-2-1;4-6-2;4-1-2;4-5-6;4-3-1,0,BREAK,73.12633333333333,1,54.39633333333334,0.47200000000000003,0.5112,2
4-1-2,0.278,2026-06-25,0.38317500000000004,0.34450000000000003,0.656,1,0.692,0.6731,1,0,1,1,0.46724999999999994,2000,400,600,800,差し,0,0.29615,29.117,4140,fit,202606251209,0.368,4140,0,4140,4140,27.302000000000003,32.30950000000001,32.30137500000001,34.62075,32.560750000000006,30.294500000000006,-0.6,0.22999999999999998,0.0,0.5,4-5-1;4-5-2;4-6-1;4-2-1;4-5-6;4-1-2;4-6-2;4-1-5;4-5-3;4-6-5;4-1-6;4-3-1;4-2-5;4-2-6;4-1-3;4-3-2;4-3-5;4-6-3;4-2-3;4-3-6,4-5-1;4-5-2;4-6-1;4-2-1,4-5-1;4-5-2;4-6-1;4-2-1;4-5-6;4-1-2,4-5-1;4-5-2;4-6-1;4-2-1;4-5-6;4-1-2;4-6-2;4-1-5,-0.5,BREAK,32.30950000000001,0,54.39633333333334,0.589,0.48835000000000006,4
1-3-4,0.379,2026-06-25,0.41622499999999996,0.429,0.669,0,0.047,0.5116,0,0,0,0,0.43489999999999995,2000,400,600,800,逃げ,0,0.36905,36.912,660,fit,202606251309,0.5940000000000001,0,0,0,0,37.907,45.2635,43.272625,40.25355,39.768249999999995,40.157000000000004,0.19999999999999996,0.51,0.0,0.5,4-5-1;4-6-1;4-5-2;4-2-1;4-5-6;4-1-2;4-6-2;4-3-1;4-1-5;4-1-6;4-5-3;4-6-5;4-2-5;4-1-3;4-2-6;4-3-2;4-6-3;4-3-5;4-2-3;4-3-6,4-5-1;4-6-1;4-5-2;4-2-1,4-5-1;4-6-1;4-5-2;4-2-1;4-5-6;4-1-2,4-5-1;4-6-1;4-5-2;4-2-1;4-5-6;4-1-2;4-6-2;4-3-1,0,BREAK,45.2635,0,54.39633333333334,0.521,0.4534499999999999,1
5-2-1,0.5586666666666666,2026-06-25,0.5539833333333333,0.6103333333333333,0.4586666666666667,0,0.315,0.5787,0,0,0,0,0.5473,2000,400,600,800,まくり,0,0.5457000000000001,53.69500000000001,10410,fit,202606251510,0.66,0,0,0,0,54.99166666666667,66.00733333333335,61.92125,54.601099999999995,54.75749999999999,57.31666666666666,1.0,0.88,0.20000000000000007,0.6000000000000001,4-5-2;4-5-1;4-6-2;4-5-6;4-6-1;4-2-1;4-1-2;4-2-5;4-6-5;4-2-6;4-5-3;4-1-5;4-1-6;4-3-2;4-3-1;4-2-3;4-3-5;4-6-3;4-1-3;4-3-6,4-5-2;4-5-1;4-6-2;4-5-6,4-5-2;4-5-1;4-6-2;4-5-6;4-6-1;4-2-1,4-5-2;4-5-1;4-6-2;4-5-6;4-6-1;4-2-1;4-1-2;4-2-5,-0.5,BREAK,66.00733333333335,1,54.39633333333334,0.338,0.5493,5
1-4-2,0.31866666666666665,2026-06-25,0.5240333333333334,0.6213333333333333,0.562,0,0.047,0.5116,0,0,0,0,0.6843,2000,400,600,800,逃げ,0,0.32825,35.87199999999999,960,fit,202606252102,0.632,0,0,0,0,34.91366666666667,49.330333333333336,47.6945,49.118599999999994,45.181999999999995,48.53366666666667,-0.19999999999999996,0.34,0.6,0.8,4-5-1;4-6-1;4-5-2;4-5-6;4-2-1;4-6-2;4-1-2;4-1-6;4-1-5;4-6-5;4-3-1;4-2-6;4-2-5;4-5-3;4-1-3;4-6-3;4-3-2;4-3-6;4-3-5;4-2-3,4-5-1;4-6-1;4-5-2;4-5-6,4-5-1;4-6-1;4-5-2;4-5-6;4-2-1;4-6-2,4-5-1;4-6-1;4-5-2;4-5-6;4-2-1;4-6-2;4-1-2;4-1-6,0.5,BREAK,49.330333333333336,0,54.39633333333334,0.07599999999999998,0.7294,1
4-2-6,0.6733333333333333,2026-06-25,0.6813166666666667,0.6816666666666666,0.628,1,0.047,0.5116,1,0,0,0,0.6416999999999999,2000,400,600,800,まくり差し,0,0.64625,64.63199999999999,10060,fit,202606252106,0.31199999999999994,10060,0,0,0,67.34033333333332,67.84666666666666,67.57325,66.8839,67.73949999999999,67.71533333333333,0.4,0.73,0.20000000000000007,0.6000000000000001,4-5-1;4-6-1;4-5-6;4-5-2;4-6-2;4-1-6;4-2-1;4-6-5;4-1-2;4-1-5;4-2-6;4-3-1;4-5-3;4-6-3;4-2-5;4-3-6;4-1-3;4-3-2;4-3-5;4-2-3,4-5-1;4-6-1;4-5-6;4-5-2,4-5-1;4-6-1;4-5-6;4-5-2;4-6-2;4-1-6,4-5-1;4-6-1;4-5-6;4-5-2;4-6-2;4-1-6;4-2-1;4-6-5,0,BREAK,67.84666666666666,1,54.39633333333334,0.31,0.6893,4
1-2-5,0.4726666666666667,2026-06-25,0.4076333333333333,0.40833333333333327,0.3586666666666667,0,-1.497,0.1259,0,0,0,0,0.38739999999999997,2000,400,600,800,逃げ,0,0.4679,45.253,2350,fit,202606252303,0.6599999999999999,0,0,0,0,45.72966666666667,36.49033333333334,38.960499999999996,41.9028,42.478,42.834666666666664,-0.4,0.27,-0.20000000000000007,0.39999999999999997,4-5-1;4-5-2;4-6-1;4-2-1;4-1-2;4-6-2;4-5-6;4-3-1;4-1-5;4-1-6;4-5-3;4-2-5;4-6-5;4-2-6;4-1-3;4-3-2;4-2-3;4-6-3;4-3-5;4-3-6,4-5-1;4-5-2;4-6-1;4-2-1,4-5-1;4-5-2;4-6-1;4-2-1;4-1-2;4-6-2,4-5-1;4-5-2;4-6-1;4-2-1;4-1-2;4-6-2;4-5-6;4-3-1,0,BREAK,36.49033333333334,0,54.39633333333334,0.6560000000000001,0.3425999999999999,1
4-1-6,0.38416666666666666,2026-06-25,0.4613333333333333,0.44208333333333333,0.4941666666666667,1,1.376,0.844,1,0,0,0,0.533875,2000,400,600,800,まくり差し,0,0.3654,36.726,1250,fit,202606252309,0.39,1250,0,0,0,38.602666666666664,42.769333333333336,41.836,44.21125,42.461,41.20891666666667,0.25,0.55,-0.5,0.25,4-5-1;4-5-2;4-6-1;4-5-6;4-6-2;4-5-3;4-2-1;4-3-1;4-1-2;4-6-5;4-2-5;4-3-2;4-1-5;4-2-6;4-1-6;4-6-3;4-3-5;4-2-3;4-1-3;4-3-6,4-5-1;4-5-2;4-6-1;4-5-6,4-5-1;4-5-2;4-6-1;4-5-6;4-6-2;4-5-3,4-5-1;4-5-2;4-6-1;4-5-6;4-6-2;4-5-3;4-2-1;4-3-1,-0.5,BREAK,42.769333333333336,0,54.39633333333334,0.5,0.5385,4
1-3-2,0.584,2026-06-25,0.56975,0.589,0.5319999999999999,0,1.71,0.9275,0,0,0,0,0.5421,2000,400,600,800,抜き,0,0.5699000000000001,57.51000000000001,1640,fit,202606252311,0.516,0,0,0,0,58.92,50.907,54.02375000000001,57.5707,58.2075,59.144999999999996,-0.4,0.27,0.4,0.7,4-5-1;4-5-2;4-6-1;4-5-6;4-2-1;4-1-5;4-1-2;4-6-2;4-5-3;4-6-5;4-3-1;4-1-6;4-2-5;4-2-6;4-1-3;4-3-5;4-3-2;4-6-3;4-2-3;4-3-6,4-5-1;4-5-2;4-6-1;4-5-6,4-5-1;4-5-2;4-6-1;4-5-6;4-2-1;4-1-5,4-5-1;4-5-2;4-6-1;4-5-6;4-2-1;4-1-5;4-1-2;4-6-2,-0.5,BREAK,50.907,0,54.39633333333334,0.40599999999999997,0.5555000000000001,1
3-4-6,0.37400000000000005,2026-06-26,0.39080000000000004,0.31100000000000005,0.23133333333333334,0,-1.721,0.0698,0,0,0,0,0.4629000000000001,2000,400,600,800,まくり,0,0.386,35.68900000000001,1050,fit,202606260105,0.296,0,0,0,0,34.489000000000004,35.85700000000001,35.619,36.948800000000006,35.32900000000001,31.654000000000007,-0.4,0.39,-0.19999999999999996,0.4,4-5-1;4-5-6;4-6-1;4-5-2;4-6-2;4-6-5;4-5-3;4-6-3;4-3-6;4-1-6;4-2-6;4-3-1;4-2-1;4-3-5;4-1-5;4-2-5;4-3-2;4-1-2;4-1-3;4-2-3,4-5-1;4-5-6;4-6-1;4-5-2,4-5-1;4-5-6;4-6-1;4-5-2;4-6-2;4-6-5,4-5-1;4-5-6;4-6-1;4-5-2;4-6-2;4-6-5;4-5-3;4-6-3,-0.5,BREAK,35.85700000000001,0,54.39633333333334,0.752,0.40759999999999996,3
1-2-5,0.478,2026-06-26,0.55095,0.587,0.49966666666666665,0,-1.929,0.0178,0,0,0,0,0.60485,2000,400,600,800,逃げ,0,0.482,46.230999999999995,4410,fit,202606260109,0.51,0,0,0,0,45.830999999999996,52.194,50.52474999999999,50.8102,49.478500000000004,50.736,0.6,0.6799999999999999,-0.20000000000000007,0.39999999999999997,4-5-1;4-5-2;4-6-1;4-6-2;4-5-6;4-2-1;4-6-5;4-1-2;4-2-6;4-1-6;4-5-3;4-2-5;4-3-1;4-1-5;4-6-3;4-3-2;4-3-6;4-2-3;4-1-3;4-3-5,4-5-1;4-5-2;4-6-1;4-6-2,4-5-1;4-5-2;4-6-1;4-6-2;4-5-6;4-2-1,4-5-1;4-5-2;4-6-1;4-6-2;4-5-6;4-2-1;4-6-5;4-1-2,0,BREAK,52.194,0,54.39633333333334,0.30400000000000005,0.6239,1
4-5-6,0.5686666666666667,2026-06-26,0.5477333333333333,0.5043333333333333,0.8086666666666666,1,1.836,0.959,1,1,1,1,0.47709999999999997,2000,400,600,800,まくり,1,0.56245,56.891,2680,fit,202606260408,0.312,2680,2680,2680,2680,57.51266666666667,46.723333333333336,50.086,54.870200000000004,56.466,54.617666666666665,-0.6,0.35000000000000003,-0.20000000000000007,0.39999999999999997,4-5-1;4-6-1;4-5-2;4-5-6;4-1-5;4-2-1;4-6-5;4-5-3;4-1-6;4-3-1;4-1-2;4-6-2;4-2-5;4-1-3;4-3-5;4-6-3;4-2-6;4-3-6;4-3-2;4-2-3,4-5-1;4-6-1;4-5-2;4-5-6,4-5-1;4-6-1;4-5-2;4-5-6;4-1-5;4-2-1,4-5-1;4-6-1;4-5-2;4-5-6;4-1-5;4-2-1;4-6-5;4-5-3,-0.5,BREAK,46.723333333333336,0,54.39633333333334,0.56,0.5267999999999999,4
1-4-5,0.7106666666666667,2026-06-26,0.7189833333333333,0.7403333333333333,0.30133333333333334,0,1.146,0.7866,0,0,0,0,0.7226999999999999,2000,400,600,800,逃げ,0,0.70845,71.951,2920,fit,202606260410,0.352,0,0,0,0,72.17266666666666,70.10433333333333,71.70725,72.68689999999998,72.5885,73.50766666666667,-0.20000000000000007,0.45999999999999996,1.0,1.0,4-5-1;4-5-2;4-6-1;4-5-6;4-6-2;4-6-5;4-5-3;4-2-1;4-1-6;4-3-1;4-2-6;4-1-2;4-6-3;4-1-5;4-2-5;4-3-6;4-3-2;4-3-5;4-1-3;4-2-3,4-5-1;4-5-2;4-6-1;4-5-6,4-5-1;4-5-2;4-6-1;4-5-6;4-6-2;4-6-5,4-5-1;4-5-2;4-6-1;4-5-6;4-6-2;4-6-5;4-5-3;4-2-1,0,BREAK,70.10433333333333,1,54.39633333333334,0.23,0.7273000000000001,1
4-5-6,0.928,2026-06-26,0.7303,0.6819999999999999,0.24733333333333332,1,1.737,0.9343,1,1,1,1,0.5663,2000,400,600,800,まくり,1,0.9260000000000002,93.14700000000002,1720,fit,202606260705,0.288,1720,1720,1720,1720,93.34700000000001,76.17699999999999,79.3245,79.45859999999999,83.462,82.27700000000002,0.19999999999999996,0.72,0.20000000000000007,0.6000000000000001,4-5-2;4-5-1;4-6-2;4-5-6;4-6-1;4-2-1;4-1-2;4-2-5;4-6-5;4-2-6;4-5-3;4-1-5;4-1-6;4-3-2;4-3-1;4-2-3;4-6-3;4-3-5;4-3-6;4-1-3,4-5-2;4-5-1;4-6-2;4-5-6,4-5-2;4-5-1;4-6-2;4-5-6;4-6-1;4-2-1,4-5-2;4-5-1;4-6-2;4-5-6;4-6-1;4-2-1;4-1-2;4-2-5,-0.5,BREAK,76.17699999999999,1,54.39633333333334,0.5640000000000001,0.5326,4
1-3-4,0.807,2026-06-26,0.778125,0.751,0.8210000000000001,0,-1.376,0.156,0,0,0,0,0.6640999999999999,2000,400,600,800,逃げ,0,0.77305,75.889,990,fit,202606261306,0.14999999999999997,0,0,0,0,79.28399999999999,77.7825,77.21712499999998,75.27394999999999,77.84025,76.764,1.0,0.97,0.0,0.5,4-5-1;4-6-1;4-5-2;4-2-1;4-3-1;4-1-2;4-5-6;4-1-5;4-1-6;4-5-3;4-6-2;4-1-3;4-6-5;4-6-3;4-3-2;4-2-5;4-2-6;4-3-5;4-3-6;4-2-3,4-5-1;4-6-1;4-5-2;4-2-1,4-5-1;4-6-1;4-5-2;4-2-1;4-3-1;4-1-2,4-5-1;4-6-1;4-5-2;4-2-1;4-3-1;4-1-2;4-5-6;4-1-5,0,BREAK,77.7825,1,54.39633333333334,0.30500000000000005,0.74925,1
4-1-6,0.7466666666666667,2026-06-26,0.6752333333333334,0.6913333333333334,0.2693333333333333,1,0.047,0.5116,1,0,0,0,0.6226,2000,400,600,800,差し,0,0.7424000000000001,74.247,3760,fit,202606261702,0.45599999999999996,3760,0,0,0,74.67366666666666,67.85833333333332,69.15449999999998,69.80119999999998,71.10199999999999,72.18366666666667,0.4,0.67,0.19999999999999996,0.6,4-5-1;4-5-2;4-6-1;4-5-6;4-2-1;4-6-2;4-1-2;4-5-3;4-3-1;4-6-5;4-1-5;4-1-6;4-2-5;4-2-6;4-3-2;4-6-3;4-1-3;4-2-3;4-3-5;4-3-6,4-5-1;4-5-2;4-6-1;4-5-6,4-5-1;4-5-2;4-6-1;4-5-6;4-2-1;4-6-2,4-5-1;4-5-2;4-6-1;4-5-6;4-2-1;4-6-2;4-1-2;4-5-3,0,BREAK,67.85833333333332,1,54.39633333333334,0.364,0.6038,4
4-5-6,0.6666666666666667,2026-06-26,0.6872333333333334,0.7313333333333334,0.662,1,0.047,0.5116,1,0,1,1,0.6517,2000,400,600,800,まくり,1,0.6724,67.24699999999999,1610,fit,202606261705,0.45599999999999996,1610,0,1610,1610,66.67366666666666,66.57833333333332,65.95450000000001,66.9614,67.702,69.58366666666667,1.0,0.88,-0.4,0.3,4-5-1;4-6-1;4-5-2;4-2-1;4-5-6;4-1-2;4-6-2;4-1-5;4-1-6;4-3-1;4-6-5;4-5-3;4-2-5;4-2-6;4-1-3;4-3-2;4-6-3;4-3-5;4-3-6;4-2-3,4-5-1;4-6-1;4-5-2;4-2-1,4-5-1;4-6-1;4-5-2;4-2-1;4-5-6;4-1-2,4-5-1;4-6-1;4-5-2;4-2-1;4-5-6;4-1-2;4-6-2;4-1-5,0,BREAK,66.57833333333332,1,54.39633333333334,0.20400000000000001,0.7078,4
1-2-6,0.6733333333333333,2026-06-26,0.6683666666666667,0.7026666666666667,0.494,0,0.047,0.5116,0,0,0,0,0.6393,2000,400,600,800,逃げ,0,0.7044,70.44699999999999,3470,fit,202606261709,0.46399999999999997,0,0,0,0,67.34033333333332,66.54766666666666,67.34949999999999,66.44259999999998,67.09199999999998,68.66033333333333,0.19999999999999996,0.51,0.8,0.9,4-5-1;4-6-1;4-5-2;4-2-1;4-1-2;4-3-1;4-1-5;4-5-6;4-6-2;4-1-6;4-5-3;4-1-3;4-6-5;4-2-5;4-2-6;4-3-2;4-6-3;4-2-3;4-3-5;4-3-6,4-5-1;4-6-1;4-5-2;4-2-1,4-5-1;4-6-1;4-5-2;4-2-1;4-1-2;4-3-1,4-5-1;4-6-1;4-5-2;4-2-1;4-1-2;4-3-1;4-1-5;4-5-6,0,BREAK,66.54766666666666,1,54.39633333333334,0.268,0.6634,1
1-2-6,0.531,2026-06-26,0.493975,0.463,0.636,0,0.982,0.7456,0,0,0,0,0.44345,2000,400,600,800,,0,0.53845,54.787,3140,fit,202606261803,0.428,0,0,0,0,54.042,44.009499999999996,47.23137500000001,51.00515,52.19075,50.982000000000006,-0.6,0.26000000000000006,0.0,0.5,4-5-1;4-5-2;4-6-1;4-2-1;4-6-2;4-1-2;4-5-6;4-1-5;4-1-6;4-3-1;4-2-5;4-6-5;4-2-6;4-5-3;4-3-2;4-1-3;4-2-3;4-6-3;4-3-5;4-3-6,4-5-1;4-5-2;4-6-1;4-2-1,4-5-1;4-5-2;4-6-1;4-2-1;4-6-2;4-1-2,4-5-1;4-5-2;4-6-1;4-2-1;4-6-2;4-1-2;4-5-6;4-1-5,0,BREAK,44.009499999999996,0,54.39633333333334,0.605,0.45694999999999997,0
5-1-2,0.244,2026-06-26,0.27835,0.17300000000000004,0.4706666666666667,0,-1.819,0.0451,0,0,0,0,0.3467,2000,400,600,800,まくり差し,0,0.26025,23.016,26090,fit,202606262102,0.296,0,0,0,0,21.391,14.270000000000001,17.00975,24.6809,23.1085,18.196,-1.0,0.09000000000000002,-0.8,0.09999999999999998,4-5-1;4-5-2;4-6-1;4-5-6;4-2-1;4-5-3;4-6-2;4-3-1;4-1-5;4-1-2;4-6-5;4-1-6;4-2-5;4-1-3;4-3-5;4-2-6;4-3-2;4-6-3;4-2-3;4-3-6,4-5-1;4-5-2;4-6-1;4-5-6,4-5-1;4-5-2;4-6-1;4-5-6;4-2-1;4-5-3,4-5-1;4-5-2;4-6-1;4-5-6;4-2-1;4-5-3;4-6-2;4-3-1,-0.5,BREAK,14.270000000000001,0,54.39633333333334,0.8979999999999999,0.3127,5
1-6-4,0.37066666666666664,2026-06-26,0.42313333333333336,0.4693333333333333,0.352,0,-1.01,0.2476,0,0,0,0,0.5007999999999999,2000,400,600,800,逃げ,0,0.35635000000000006,34.58500000000001,34100,fit,202606262210,0.696,0,0,0,0,36.016666666666666,46.111333333333334,43.555,40.4536,38.64000000000001,40.45666666666667,0.20000000000000007,0.51,0.19999999999999996,0.6,4-5-1;4-5-2;4-2-1;4-6-1;4-6-2;4-1-2;4-3-1;4-5-3;4-3-2;4-5-6;4-2-5;4-2-3;4-2-6;4-1-5;4-1-3;4-1-6;4-6-5;4-6-3;4-3-5;4-3-6,4-5-1;4-5-2;4-2-1;4-6-1,4-5-1;4-5-2;4-2-1;4-6-1;4-6-2;4-1-2,4-5-1;4-5-2;4-2-1;4-6-1;4-6-2;4-1-2;4-3-1;4-5-3,0,BREAK,46.111333333333334,0,54.39633333333334,0.432,0.4756,1
5-4-1,0.556,2026-06-26,0.5216000000000001,0.5860000000000001,0.4633333333333333,0,1.978,0.9945,0,0,0,0,0.4937,2000,400,600,800,まくり差し,0,0.53435,55.373000000000005,35580,fit,202606262211,0.752,0,0,0,0,57.53800000000001,46.498000000000005,48.81800000000001,55.13540000000001,55.818000000000005,58.88800000000001,0.4,0.5800000000000001,-1.0,0.0,4-5-1;4-5-2;4-6-1;4-6-2;4-2-1;4-5-6;4-1-2;4-5-3;4-2-6;4-3-1;4-2-5;4-6-5;4-1-6;4-3-2;4-1-5;4-2-3;4-6-3;4-1-3;4-3-6;4-3-5,4-5-1;4-5-2;4-6-1;4-6-2,4-5-1;4-5-2;4-6-1;4-6-2;4-2-1;4-5-6,4-5-1;4-5-2;4-6-1;4-6-2;4-2-1;4-5-6;4-1-2;4-5-3,0,BREAK,46.498000000000005,0,54.39633333333334,0.38399999999999995,0.4872000000000001,5
4-1-6,0.794,2026-06-26,0.67485,0.6779999999999999,0.2766666666666666,1,0.216,0.554,1,0,0,0,0.5808,2000,400,600,800,まくり,1,0.7599,75.016,3350,fit,202606262304,0.45599999999999996,3350,0,0,0,78.426,70.435,71.45725,70.16109999999999,72.46849999999999,73.206,0.6,0.74,0.19999999999999996,0.6,4-6-2;4-6-1;4-5-2;4-5-1;4-5-6;4-2-6;4-2-1;4-6-5;4-1-6;4-1-2;4-6-3;4-2-5;4-5-3;4-3-6;4-3-2;4-3-1;4-1-5;4-2-3;4-1-3;4-3-5,4-6-2;4-6-1;4-5-2;4-5-1,4-6-2;4-6-1;4-5-2;4-5-1;4-5-6;4-2-6,4-6-2;4-6-1;4-5-2;4-5-1;4-5-6;4-2-6;4-2-1;4-6-5,-0.5,BREAK,70.435,1,54.39633333333334,0.43800000000000006,0.5557,4
2-5-6,0.638,2026-06-27,0.4968,0.47300000000000003,0.604,0,0.047,0.5116,0,0,0,0,0.362,2000,400,600,800,まくり,0,0.642,63.057,17100,fit,202606270202,0.556,0,0,0,0,62.657000000000004,48.016999999999996,51.897000000000006,52.349000000000004,55.597,55.232000000000006,-0.6,0.23000000000000004,0.4,0.7,4-5-1;4-5-2;4-6-1;4-2-1;4-6-2;4-5-6;4-1-2;4-2-5;4-1-5;4-6-5;4-2-6;4-5-3;4-1-6;4-3-1;4-3-2;4-2-3;4-1-3;4-6-3;4-3-5;4-3-6,4-5-1;4-5-2;4-6-1;4-2-1,4-5-1;4-5-2;4-6-1;4-2-1;4-6-2;4-5-6,4-5-1;4-5-2;4-6-1;4-2-1;4-6-2;4-5-6;4-1-2;4-2-5,-0.5,BREAK,48.016999999999996,0,54.39633333333334,0.692,0.3556,2
3-1-4,0.7353333333333333,2026-06-27,0.6902166666666666,0.5946666666666666,0.7040000000000001,0,0.047,0.5116,0,0,0,0,0.5940999999999999,2000,400,600,800,まくり,0,0.74,72.857,1440,fit,202606270205,0.0,0,0,0,0,72.39033333333333,66.37066666666666,67.72574999999999,67.92969999999998,70.13449999999999,66.06033333333332,0.19999999999999996,0.66,0.19999999999999996,0.6,4-5-1;4-6-1;4-5-2;4-2-1;4-3-1;4-5-6;4-1-5;4-1-2;4-1-6;4-5-3;4-6-2;4-1-3;4-6-5;4-2-5;4-6-3;4-3-5;4-2-6;4-3-2;4-3-6;4-2-3,4-5-1;4-6-1;4-5-2;4-2-1,4-5-1;4-6-1;4-5-2;4-2-1;4-3-1;4-5-6,4-5-1;4-6-1;4-5-2;4-2-1;4-3-1;4-5-6;4-1-5;4-1-2,-0.5,BREAK,66.37066666666666,1,54.39633333333334,0.5460000000000002,0.6450999999999999,3
4-3-1,0.6240000000000001,2026-06-27,0.5920000000000001,0.5920000000000001,0.581,1,0.539,0.6347,1,0,0,1,0.5388499999999999,2000,400,600,800,差し,0,0.6323,65.359,5610,fit,202606270310,0.44000000000000006,5610,0,0,5610,64.52900000000001,62.561,62.589000000000006,61.69570000000001,62.929000000000016,63.08900000000002,0.19999999999999996,0.66,0.0,0.5,4-5-1;4-5-2;4-6-1;4-2-1;4-5-6;4-6-2;4-1-2;4-3-1;4-5-3;4-1-5;4-1-6;4-6-5;4-2-5;4-2-6;4-3-2;4-1-3;4-6-3;4-2-3;4-3-5;4-3-6,4-5-1;4-5-2;4-6-1;4-2-1,4-5-1;4-5-2;4-6-1;4-2-1;4-5-6;4-6-2,4-5-1;4-5-2;4-6-1;4-2-1;4-5-6;4-6-2;4-1-2;4-3-1,1.0,BREAK,62.561,1,54.39633333333334,0.44000000000000006,0.5599999999999999,4
1-3-4,0.8086666666666668,2026-06-27,0.6820333333333334,0.6183333333333334,0.4433333333333333,0,1.228,0.8071,0,0,0,0,0.5565,2000,400,600,800,逃げ,0,0.8200000000000001,82.038,620,fit,202606270711,0.20800000000000002,0,0,0,0,80.90466666666667,69.92133333333334,72.4355,71.558,74.57300000000001,72.33966666666669,-0.19999999999999996,0.55,0.6000000000000001,0.8,4-5-1;4-6-1;4-5-2;4-2-1;4-3-1;4-1-2;4-6-2;4-5-6;4-1-6;4-5-3;4-1-3;4-1-5;4-3-2;4-6-3;4-2-6;4-6-5;4-2-3;4-3-6;4-2-5;4-3-5,4-5-1;4-6-1;4-5-2;4-2-1,4-5-1;4-6-1;4-5-2;4-2-1;4-3-1;4-1-2,4-5-1;4-6-1;4-5-2;4-2-1;4-3-1;4-1-2;4-6-2;4-5-6,-0.5,BREAK,69.92133333333334,1,54.39633333333334,0.572,0.5554,1
4-5-1,0.5053333333333333,2026-06-27,0.5333166666666667,0.5336666666666666,0.4933333333333333,1,-1.562,0.1094,1,1,1,1,0.5530999999999999,2000,400,600,800,まくり,1,0.50925,49.323,1470,fit,202606270903,0.44,1470,1470,1470,1470,48.931333333333335,39.85366666666667,43.34425000000001,50.8217,50.33050000000001,50.20633333333334,-0.4,0.2700000000000001,-0.19999999999999996,0.4,4-5-1;4-5-2;4-6-1;4-5-6;4-2-1;4-6-2;4-5-3;4-1-2;4-2-5;4-1-5;4-6-5;4-3-1;4-2-6;4-3-2;4-1-6;4-3-5;4-2-3;4-1-3;4-6-3;4-3-6,4-5-1;4-5-2;4-6-1;4-5-6,4-5-1;4-5-2;4-6-1;4-5-6;4-2-1;4-6-2,4-5-1;4-5-2;4-6-1;4-5-6;4-2-1;4-6-2;4-5-3;4-1-2,0,BREAK,39.85366666666667,0,54.39633333333334,0.43800000000000006,0.5612999999999999,4
1-4-2,0.37066666666666664,2026-06-27,0.5600333333333334,0.6013333333333333,0.7133333333333334,0,1.787,0.9466,0,0,0,0,0.6794,2000,400,600,800,逃げ,0,0.37925,39.672,570,fit,202606270912,0.40399999999999997,0,0,0,0,38.81366666666666,52.76633333333333,49.9745,51.2868,48.282000000000004,49.19366666666667,0.4,0.67,-0.20000000000000007,0.39999999999999997,4-5-1;4-6-1;4-5-2;4-2-1;4-1-2;4-5-6;4-1-5;4-1-6;4-6-2;4-3-1;4-6-5;4-5-3;4-2-5;4-2-6;4-1-3;4-3-2;4-6-3;4-3-5;4-3-6;4-2-3,4-5-1;4-6-1;4-5-2;4-2-1,4-5-1;4-6-1;4-5-2;4-2-1;4-1-2;4-5-6,4-5-1;4-6-1;4-5-2;4-2-1;4-1-2;4-5-6;4-1-5;4-1-6,0,BREAK,52.76633333333333,0,54.39633333333334,0.16799999999999998,0.7494000000000001,1
4-5-3,0.47,2026-06-27,0.568525,0.5925,0.595,1,0.873,0.7182,1,0,0,1,0.6274,2000,400,600,800,まくり,1,0.48214999999999997,47.897999999999996,3310,fit,202606271202,0.422,3310,0,0,3310,46.683,57.893499999999996,54.996125,53.101549999999996,51.609249999999996,52.1955,0.6,0.74,0.0,0.5,4-5-1;4-5-2;4-6-1;4-5-6;4-2-1;4-1-5;4-1-2;4-5-3;4-6-2;4-3-1;4-6-5;4-1-6;4-2-5;4-1-3;4-2-6;4-3-5;4-3-2;4-6-3;4-2-3;4-3-6,4-5-1;4-5-2;4-6-1;4-5-6,4-5-1;4-5-2;4-6-1;4-5-6;4-2-1;4-1-5,4-5-1;4-5-2;4-6-1;4-5-6;4-2-1;4-1-5;4-1-2;4-5-3,-0.5,BREAK,57.893499999999996,1,54.39633333333334,0.28500000000000003,0.6670499999999999,4
3-4-1,0.5630000000000001,2026-06-27,0.5812250000000001,0.538,0.68,0,0.561,0.6402,0,0,0,0,0.55815,2000,400,600,800,まくり差し,0,0.55115,54.486000000000004,12970,fit,202606271204,0.23999999999999996,0,0,0,0,55.67100000000001,57.87950000000001,57.121625,56.11105000000001,56.58225,54.54600000000001,0.20000000000000007,0.66,0.0,0.5,4-5-1;4-5-2;4-5-6;4-6-1;4-5-3;4-6-5;4-1-5;4-2-1;4-6-2;4-2-5;4-1-2;4-3-1;4-1-6;4-3-5;4-2-6;4-3-2;4-6-3;4-1-3;4-3-6;4-2-3,4-5-1;4-5-2;4-5-6;4-6-1,4-5-1;4-5-2;4-5-6;4-6-1;4-5-3;4-6-5,4-5-1;4-5-2;4-5-6;4-6-1;4-5-3;4-6-5;4-1-5;4-2-1,-0.5,BREAK,57.87950000000001,1,54.39633333333334,0.48699999999999993,0.59945,3
1-4-3,0.5549999999999999,2026-06-27,0.594125,0.5774999999999999,0.7849999999999999,0,1.666,0.9166,0,0,0,0,0.57075,2000,400,600,800,逃げ,0,0.56805,58.431000000000004,620,fit,202606271306,0.30500000000000005,0,0,0,0,57.12599999999999,50.64849999999999,53.42912499999999,58.646249999999995,59.082249999999995,58.138499999999986,-0.5,0.36250000000000004,0.0,0.5,4-5-1;4-2-1;4-6-1;4-1-2;4-5-2;4-3-1;4-6-2;4-1-5;4-1-6;4-1-3;4-5-6;4-5-3;4-3-2;4-2-5;4-2-6;4-2-3;4-6-5;4-6-3;4-3-5;4-3-6,4-5-1;4-2-1;4-6-1;4-1-2,4-5-1;4-2-1;4-6-1;4-1-2;4-5-2;4-3-1,4-5-1;4-2-1;4-6-1;4-1-2;4-5-2;4-3-1;4-6-2;4-1-5,0,BREAK,50.64849999999999,0,54.39633333333334,0.4,0.63325,1
1-4-2,0.30125,2026-06-27,0.384,0.400625,0.515,0,0.67,0.6676,0,0,0,0,0.46924999999999994,2000,400,600,800,逃げ,0,0.3018,30.810000000000002,1770,fit,202606271310,0.595,0,0,0,0,30.755000000000003,43.94500000000001,40.53000000000001,36.9335,34.892500000000005,35.22687500000001,0.0,0.5375,0.0,0.5,4-5-1;4-6-1;4-5-2;4-5-6;4-6-2;4-2-1;4-6-5;4-1-6;4-1-2;4-2-6;4-1-5;4-2-5;4-5-3;4-3-1;4-6-3;4-3-6;4-3-2;4-1-3;4-3-5;4-2-3,4-5-1;4-6-1;4-5-2;4-5-6,4-5-1;4-6-1;4-5-2;4-5-6;4-6-2;4-2-1,4-5-1;4-6-1;4-5-2;4-5-6;4-6-2;4-2-1;4-6-5;4-1-6,0,BREAK,43.94500000000001,0,54.39633333333334,0.5,0.46675,1
1-4-5,0.8099999999999999,2026-06-27,0.7284499999999999,0.6699999999999999,0.33466666666666667,0,0.435,0.6088,0,0,0,0,0.6504999999999999,2000,400,600,800,逃げ,0,0.79,79.395,1750,fit,202606271401,0.136,0,0,0,0,81.395,69.164,71.20625,75.43949999999998,77.3175,75.095,0.6,0.86,-0.6,0.2,4-5-1;4-5-2;4-6-1;4-5-6;4-2-1;4-5-3;4-1-5;4-6-2;4-6-5;4-1-2;4-2-5;4-3-1;4-1-6;4-2-6;4-3-5;4-1-3;4-3-2;4-6-3;4-3-6;4-2-3,4-5-1;4-5-2;4-6-1;4-5-6,4-5-1;4-5-2;4-6-1;4-5-6;4-2-1;4-5-3,4-5-1;4-5-2;4-6-1;4-5-6;4-2-1;4-5-3;4-1-5;4-6-2,0,BREAK,69.164,1,54.39633333333334,0.4700000000000001,0.6468999999999999,1
4-1-3,0.8093333333333333,2026-06-27,0.7302666666666666,0.7806666666666666,0.27999999999999997,1,1.967,0.9918,1,0,0,0,0.6608,2000,400,600,800,まくり,1,0.8244,84.36699999999999,2780,fit,202606271708,0.536,2780,0,0,0,82.86033333333333,72.63366666666666,74.957,77.22059999999999,78.907,81.57033333333332,0.4,0.67,0.20000000000000007,0.6000000000000001,4-5-1;4-5-2;4-6-1;4-2-1;4-6-2;4-5-6;4-1-2;4-1-5;4-1-6;4-3-1;4-6-5;4-5-3;4-2-5;4-2-6;4-3-2;4-1-3;4-6-3;4-2-3;4-3-5;4-3-6,4-5-1;4-5-2;4-6-1;4-2-1,4-5-1;4-5-2;4-6-1;4-2-1;4-6-2;4-5-6,4-5-1;4-5-2;4-6-1;4-2-1;4-6-2;4-5-6;4-1-2;4-1-5,0,BREAK,72.63366666666666,1,54.39633333333334,0.248,0.6512,4
4-3-2,0.501,2026-06-27,0.5070250000000001,0.538,0.261,1,1.776,0.9439,1,0,0,0,0.5465,2000,400,600,800,差し,0,0.51045,52.781,9960,fit,202606271803,0.6019999999999999,9960,0,0,0,51.836000000000006,51.264500000000005,51.551625000000016,53.01775,52.13725,53.50100000000001,0.20000000000000007,0.48000000000000004,0.0,0.5,4-5-1;4-5-2;4-2-1;4-6-1;4-5-3;4-3-1;4-5-6;4-1-2;4-6-2;4-1-5;4-3-2;4-2-5;4-1-3;4-3-5;4-2-3;4-6-5;4-1-6;4-2-6;4-6-3;4-3-6,4-5-1;4-5-2;4-2-1;4-6-1,4-5-1;4-5-2;4-2-1;4-6-1;4-5-3;4-3-1,4-5-1;4-5-2;4-2-1;4-6-1;4-5-3;4-3-1;4-5-6;4-1-2,0,BREAK,51.264500000000005,0,54.39633333333334,0.42500000000000004,0.51305,4
2-3-1,0.684,2026-06-27,0.669775,0.6745,0.11499999999999999,0,-1.622,0.0944,0,0,0,0,0.6899,2000,400,600,800,抜き,0,0.67145,64.333,1630,fit,202606271809,0.36199999999999993,0,0,0,0,65.58800000000001,63.095500000000015,63.392375,65.29105,64.87675000000002,65.1605,0.4,0.73,0.0,0.5,4-5-2;4-5-1;4-6-2;4-6-1;4-5-6;4-2-1;4-2-6;4-1-2;4-6-5;4-2-5;4-1-6;4-5-3;4-3-2;4-3-1;4-1-5;4-6-3;4-2-3;4-3-6;4-1-3;4-3-5,4-5-2;4-5-1;4-6-2;4-6-1,4-5-2;4-5-1;4-6-2;4-6-1;4-5-6;4-2-1,4-5-2;4-5-1;4-6-2;4-6-1;4-5-6;4-2-1;4-2-6;4-1-2,-0.5,BREAK,63.095500000000015,1,54.39633333333334,0.335,0.65555,2
1-2-4,0.59125,2026-06-27,0.6095625,0.614375,0.615,0,-0.84,0.29,0,0,0,0,0.591375,2000,400,600,800,逃げ,0,0.5821999999999999,57.33999999999999,940,fit,202606271810,0.39,0,0,0,0,58.245000000000005,54.26624999999999,55.7590625,58.797124999999994,59.160625,59.285624999999996,0.25,0.5125,0.0,0.5,4-5-1;4-6-1;4-2-1;4-5-2;4-6-2;4-1-2;4-5-6;4-1-6;4-3-1;4-2-6;4-6-5;4-1-5;4-5-3;4-6-3;4-1-3;4-3-2;4-3-6;4-2-5;4-2-3;4-3-5,4-5-1;4-6-1;4-2-1;4-5-2,4-5-1;4-6-1;4-2-1;4-5-2;4-6-2;4-1-2,4-5-1;4-6-1;4-2-1;4-5-2;4-6-2;4-1-2;4-5-6;4-1-6,0,BREAK,54.26624999999999,0,54.39633333333334,0.3625,0.627875,1
1-4-2,0.4653333333333333,2026-06-27,0.5267666666666667,0.5806666666666667,0.46799999999999997,0,1.617,0.9042,0,0,0,0,0.579,2000,400,600,800,逃げ,0,0.46025,47.602,550,fit,202606272102,0.612,0,0,0,0,48.11033333333333,50.58166666666666,49.759499999999996,52.45399999999999,51.181999999999995,53.30033333333334,0.4,0.67,-0.6000000000000001,0.19999999999999996,4-5-1;4-6-1;4-2-1;4-5-2;4-1-2;4-6-2;4-5-6;4-1-6;4-3-1;4-1-5;4-6-5;4-2-6;4-5-3;4-1-3;4-2-5;4-6-3;4-3-2;4-3-6;4-2-3;4-3-5,4-5-1;4-6-1;4-2-1;4-5-2,4-5-1;4-6-1;4-2-1;4-5-2;4-1-2;4-6-2,4-5-1;4-6-1;4-2-1;4-5-2;4-1-2;4-6-2;4-5-6;4-1-6,0,BREAK,50.58166666666666,0,54.39633333333334,0.304,0.5882000000000001,1
3-1-4,0.2733333333333333,2026-06-27,0.40496666666666664,0.42666666666666664,0.332,0,-1.808,0.0479,0,0,0,0,0.5559999999999999,2000,400,600,800,まくり,0,0.2679,23.792,9630,fit,202606272311,0.544,0,0,0,0,24.33533333333333,36.434666666666665,32.8595,34.503,30.91699999999999,31.235333333333333,0.6,0.74,-1.0,0.0,4-5-1;4-5-2;4-6-1;4-2-1;4-1-2;4-5-6;4-5-3;4-3-1;4-6-2;4-1-5;4-2-5;4-3-2;4-6-5;4-1-6;4-1-3;4-2-6;4-3-5;4-2-3;4-6-3;4-3-6,4-5-1;4-5-2;4-6-1;4-2-1,4-5-1;4-5-2;4-6-1;4-2-1;4-1-2;4-5-6,4-5-1;4-5-2;4-6-1;4-2-1;4-1-2;4-5-6;4-5-3;4-3-1,-0.5,BREAK,36.434666666666665,0,54.39633333333334,0.42000000000000004,0.5366,3
1-2-4,0.7786666666666667,2026-06-27,0.6413333333333333,0.6133333333333333,0.09666666666666665,0,1.294,0.8235,0,0,0,0,0.5643,2000,400,600,800,抜き,0,0.76525,77.779,1720,fit,202606272405,0.39199999999999996,0,0,0,0,79.12066666666666,62.443333333333335,67.03399999999999,70.28459999999998,72.25399999999999,71.68066666666667,-0.4,0.33,0.6,0.8,4-5-1;4-5-2;4-5-6;4-5-3;4-6-1;4-1-5;4-2-5;4-6-5;4-2-1;4-6-2;4-1-2;4-3-5;4-3-1;4-3-2;4-1-6;4-2-6;4-1-3;4-2-3;4-6-3;4-3-6,4-5-1;4-5-2;4-5-6;4-5-3,4-5-1;4-5-2;4-5-6;4-5-3;4-6-1;4-1-5,4-5-1;4-5-2;4-5-6;4-5-3;4-6-1;4-1-5;4-2-5;4-6-5,0,BREAK,62.443333333333335,1,54.39633333333334,0.552,0.504,1
1-5-2,0.59,2026-06-28,0.5437,0.5009999999999999,0.402,0,0.55,0.6375,0,0,0,0,0.5130999999999999,2000,400,600,800,逃げ,0,0.6,59.36,6570,fit,202606280102,0.344,0,0,0,0,58.36,50.594,52.9525,55.27919999999999,56.044999999999995,54.35499999999999,-0.19999999999999996,0.37000000000000005,0.19999999999999996,0.6,4-5-1;4-5-2;4-5-6;4-5-3;4-6-1;4-2-1;4-6-2;4-2-5;4-1-5;4-6-5;4-1-2;4-3-1;4-3-5;4-3-2;4-2-6;4-1-6;4-2-3;4-1-3;4-6-3;4-3-6,4-5-1;4-5-2;4-5-6;4-5-3,4-5-1;4-5-2;4-5-6;4-5-3;4-6-1;4-2-1,4-5-1;4-5-2;4-5-6;4-5-3;4-6-1;4-2-1;4-6-2;4-2-5,-0.5,BREAK,50.594,0,54.39633333333334,0.5880000000000001,0.49739999999999995,1
1-2-4,0.812,2026-06-28,0.75665,0.743,0.31866666666666665,0,-1.393,0.1518,0,0,0,0,0.6984999999999999,2000,400,600,800,逃げ,0,0.806,78.01700000000001,890,fit,202606280111,0.248,0,0,0,0,78.617,75.846,75.91325000000002,74.45949999999999,75.8495,75.512,0.6000000000000001,0.8300000000000001,0.4,0.7,4-5-1;4-5-2;4-6-1;4-2-1;4-5-6;4-1-2;4-6-2;4-1-5;4-5-3;4-2-5;4-3-1;4-6-5;4-1-6;4-2-6;4-3-2;4-1-3;4-3-5;4-2-3;4-6-3;4-3-6,4-5-1;4-5-2;4-6-1;4-2-1,4-5-1;4-5-2;4-6-1;4-2-1;4-5-6;4-1-2,4-5-1;4-5-2;4-6-1;4-2-1;4-5-6;4-1-2;4-6-2;4-1-5,-0.5,BREAK,75.846,1,54.39633333333334,0.326,0.7013,1
2-4-5,0.606,2026-06-28,0.5903499999999999,0.604,0.432,0,1.628,0.907,0,0,0,0,0.5735,2000,400,600,800,まくり,0,0.6100000000000001,62.58800000000001,6930,fit,202606280205,0.476,0,0,0,0,62.188,53.962999999999994,56.08675000000001,61.0035,61.40549999999999,62.098,0.4,0.55,-0.4,0.3,4-5-1;4-5-2;4-6-1;4-2-1;4-1-2;4-6-2;4-3-1;4-5-6;4-5-3;4-1-5;4-1-6;4-2-5;4-3-2;4-2-6;4-1-3;4-6-5;4-2-3;4-6-3;4-3-5;4-3-6,4-5-1;4-5-2;4-6-1;4-2-1,4-5-1;4-5-2;4-6-1;4-2-1;4-1-2;4-6-2,4-5-1;4-5-2;4-6-1;4-2-1;4-1-2;4-6-2;4-3-1;4-5-6,0,BREAK,53.962999999999994,0,54.39633333333334,0.398,0.5747,2
3-4-1,0.556,2026-06-28,0.597,0.618,0.6849999999999999,0,0.758,0.6895,0,0,0,0,0.5892499999999999,2000,400,600,800,まくり,0,0.5723,57.94800000000001,8830,fit,202606280309,0.44000000000000006,0,0,0,0,56.31800000000001,55.50600000000001,56.183,58.2795,58.368,59.10800000000001,0.20000000000000007,0.54,0.0,0.5,4-5-1;4-5-2;4-6-1;4-2-1;4-6-2;4-1-2;4-5-6;4-3-1;4-5-3;4-1-5;4-2-5;4-1-6;4-2-6;4-3-2;4-6-5;4-1-3;4-2-3;4-6-3;4-3-5;4-3-6,4-5-1;4-5-2;4-6-1;4-2-1,4-5-1;4-5-2;4-6-1;4-2-1;4-6-2;4-1-2,4-5-1;4-5-2;4-6-1;4-2-1;4-6-2;4-1-2;4-5-6;4-3-1,0,BREAK,55.50600000000001,1,54.39633333333334,0.32,0.638,3
3-1-2,0.48,2026-06-28,0.526,0.526,0.46299999999999997,0,0.539,0.6347,0,0,0,0,0.56675,2000,400,600,800,まくり差し,0,0.5083,54.369,6880,fit,202606280310,0.42800000000000005,0,0,0,0,51.539,45.81900000000001,48.589000000000006,54.82750000000001,53.839,53.609,-0.6,0.26,0.0,0.5,4-5-1;4-5-2;4-6-1;4-5-6;4-2-1;4-5-3;4-6-2;4-3-1;4-1-2;4-1-5;4-6-5;4-2-5;4-1-6;4-3-2;4-2-6;4-3-5;4-1-3;4-6-3;4-2-3;4-3-6,4-5-1;4-5-2;4-6-1;4-5-6,4-5-1;4-5-2;4-6-1;4-5-6;4-2-1;4-5-3,4-5-1;4-5-2;4-6-1;4-5-6;4-2-1;4-5-3;4-6-2;4-3-1,0.5,BREAK,45.81900000000001,0,54.39633333333334,0.428,0.572,3
3-4-5,0.3,2026-06-28,0.40549999999999997,0.402,0.625,0,0.068,0.5171,0,0,0,0,0.49065000000000003,2000,400,600,800,まくり,0,0.34030000000000005,34.058,8550,fit,202606280312,0.476,0,0,0,0,30.028000000000002,37.418,36.4655,37.387299999999996,35.303,34.617999999999995,-0.19999999999999996,0.34,0.0,0.5,4-5-1;4-6-1;4-5-2;4-2-1;4-3-1;4-1-2;4-5-6;4-6-2;4-1-5;4-1-6;4-5-3;4-1-3;4-6-5;4-3-2;4-2-5;4-2-6;4-6-3;4-2-3;4-3-5;4-3-6,4-5-1;4-6-1;4-5-2;4-2-1,4-5-1;4-6-1;4-5-2;4-2-1;4-3-1;4-1-2,4-5-1;4-6-1;4-5-2;4-2-1;4-3-1;4-1-2;4-5-6;4-6-2,0,BREAK,37.418,0,54.39633333333334,0.496,0.511,3
1-3-6,0.17933333333333334,2026-06-28,0.24176666666666663,0.21166666666666661,0.42333333333333334,0,-0.922,0.2695,0,0,0,0,0.3454999999999999,2000,400,600,800,逃げ,0,0.18844999999999998,17.883,3500,fit,202606280405,0.584,0,0,0,0,16.971333333333334,19.53466666666667,19.1555,22.499999999999993,20.093,18.426333333333332,-0.4,0.2700000000000001,-0.8,0.09999999999999998,4-5-1;4-6-1;4-5-2;4-2-1;4-5-6;4-3-1;4-1-2;4-1-5;4-1-6;4-6-2;4-5-3;4-6-5;4-1-3;4-2-5;4-2-6;4-6-3;4-3-2;4-3-5;4-3-6;4-2-3,4-5-1;4-6-1;4-5-2;4-2-1,4-5-1;4-6-1;4-5-2;4-2-1;4-5-6;4-3-1,4-5-1;4-6-1;4-5-2;4-2-1;4-5-6;4-3-1;4-1-2;4-1-5,0,BREAK,19.53466666666667,0,54.39633333333334,0.7560000000000001,0.3041999999999999,1
1-2-6,0.6666666666666667,2026-06-28,0.5762833333333334,0.6263333333333334,0.23199999999999998,0,0.047,0.5116,0,0,0,0,0.5275000000000001,2000,400,600,800,逃げ,0,0.66935,65.792,1420,fit,202606280509,0.7,0,0,0,0,65.52366666666667,59.60933333333334,61.530750000000005,59.7505,61.0045,63.70866666666669,-0.4,0.33,1.0,1.0,4-5-1;4-5-2;4-6-1;4-5-6;4-6-2;4-2-1;4-6-5;4-1-2;4-2-6;4-2-5;4-5-3;4-1-6;4-1-5;4-3-1;4-3-2;4-6-3;4-2-3;4-3-6;4-3-5;4-1-3,4-5-1;4-5-2;4-6-1;4-5-6,4-5-1;4-5-2;4-6-1;4-5-6;4-6-2;4-2-1,4-5-1;4-5-2;4-6-1;4-5-6;4-6-2;4-2-1;4-6-5;4-1-2,-0.5,BREAK,59.60933333333334,1,54.39633333333334,0.414,0.4859,1
1-4-2,0.30933333333333335,2026-06-28,0.4222166666666667,0.4876666666666667,0.5093333333333333,0,0.96,0.7401,0,0,0,0,0.5275,2000,400,600,800,逃げ,0,0.35400000000000004,36.32000000000001,560,fit,202606280706,0.708,0,0,0,0,31.853333333333335,30.665666666666674,32.24875000000001,40.0395,37.4975,39.878333333333345,-0.4,0.27,-0.6,0.2,4-5-1;4-2-1;4-5-2;4-6-1;4-1-2;4-6-2;4-3-1;4-5-6;4-1-5;4-1-6;4-2-5;4-2-6;4-5-3;4-1-3;4-3-2;4-6-5;4-2-3;4-6-3;4-3-5;4-3-6,4-5-1;4-2-1;4-5-2;4-6-1,4-5-1;4-2-1;4-5-2;4-6-1;4-1-2;4-6-2,4-5-1;4-2-1;4-5-2;4-6-1;4-1-2;4-6-2;4-3-1;4-5-6,0,BREAK,30.665666666666674,0,54.39633333333334,0.334,0.5351,1
1-4-2,0.7526666666666667,2026-06-28,0.5879333333333334,0.5263333333333333,0.3246666666666667,0,0.648,0.6621,0,0,0,0,0.4619,2000,400,600,800,逃げ,0,0.7252500000000001,73.133,2400,fit,202606280903,0.348,0,0,0,0,75.87466666666666,66.72133333333332,67.213,64.5358,67.638,65.68966666666667,0.4,0.79,-0.20000000000000007,0.39999999999999997,4-5-1;4-5-2;4-5-6;4-6-1;4-5-3;4-2-1;4-6-2;4-6-5;4-2-5;4-1-2;4-1-5;4-3-1;4-3-2;4-3-5;4-2-6;4-1-6;4-6-3;4-2-3;4-1-3;4-3-6,4-5-1;4-5-2;4-5-6;4-6-1,4-5-1;4-5-2;4-5-6;4-6-1;4-5-3;4-2-1,4-5-1;4-5-2;4-5-6;4-6-1;4-5-3;4-2-1;4-6-2;4-6-5,0,BREAK,66.72133333333332,1,54.39633333333334,0.7,0.4232,1
4-1-5,0.9053333333333334,2026-06-28,0.8912166666666668,0.9356666666666666,0.5673333333333334,1,1.458,0.8646,1,0,0,1,0.8098000000000001,2000,400,600,800,まくり,1,0.88325,89.743,1380,fit,202606280906,0.288,1380,0,0,1380,91.95133333333334,93.71166666666666,93.11175000000001,89.4261,91.2455,93.31633333333335,1.0,0.91,1.0,1.0,4-5-1;4-5-2;4-6-1;4-2-1;4-5-6;4-6-2;4-1-2;4-1-5;4-5-3;4-6-5;4-1-6;4-3-1;4-2-5;4-2-6;4-3-2;4-1-3;4-6-3;4-3-5;4-2-3;4-3-6,4-5-1;4-5-2;4-6-1;4-2-1,4-5-1;4-5-2;4-6-1;4-2-1;4-5-6;4-6-2,4-5-1;4-5-2;4-6-1;4-2-1;4-5-6;4-6-2;4-1-2;4-1-5,0,BREAK,93.71166666666666,1,54.39633333333334,0.033999999999999996,0.8771,4
1-5-2,0.5553333333333333,2026-06-28,0.5261666666666667,0.5296666666666666,0.7593333333333333,0,-1.989,0.0027,0,0,0,0,0.4585,2000,400,600,800,逃げ,0,0.56125,54.096000000000004,2620,fit,202606280912,0.516,0,0,0,0,53.504333333333335,53.643666666666675,53.3385,50.499,52.04600000000001,52.34933333333334,0.4,0.55,0.19999999999999996,0.6,4-5-1;4-6-1;4-2-1;4-5-2;4-1-2;4-3-1;4-1-5;4-1-6;4-6-2;4-5-6;4-1-3;4-5-3;4-2-5;4-6-5;4-2-6;4-3-2;4-2-3;4-6-3;4-3-5;4-3-6,4-5-1;4-6-1;4-2-1;4-5-2,4-5-1;4-6-1;4-2-1;4-5-2;4-1-2;4-3-1,4-5-1;4-6-1;4-2-1;4-5-2;4-1-2;4-3-1;4-1-5;4-1-6,0,BREAK,53.643666666666675,0,54.39633333333334,0.49600000000000005,0.497,1
2-4-1,0.6240000000000001,2026-06-28,0.6493000000000001,0.6360000000000001,0.37933333333333336,0,0.047,0.5116,0,0,0,0,0.6667000000000001,2000,400,600,800,差し,0,0.5934499999999999,59.35199999999999,9220,fit,202606281008,0.27599999999999997,0,0,0,0,62.40700000000001,59.58500000000001,60.3995,64.1054,63.67200000000001,62.94700000000002,0.20000000000000007,0.66,-0.19999999999999996,0.4,4-5-1;4-5-2;4-5-6;4-6-1;4-5-3;4-6-5;4-1-5;4-6-2;4-2-1;4-2-5;4-1-2;4-1-6;4-3-1;4-3-5;4-2-6;4-6-3;4-1-3;4-3-2;4-3-6;4-2-3,4-5-1;4-5-2;4-5-6;4-6-1,4-5-1;4-5-2;4-5-6;4-6-1;4-5-3;4-6-5,4-5-1;4-5-2;4-5-6;4-6-1;4-5-3;4-6-5;4-1-5;4-6-2,0,BREAK,59.58500000000001,1,54.39633333333334,0.3519999999999999,0.6746000000000001,2
1-4-6,0.687,2026-06-28,0.652825,0.611,0.499,0,-1.885,0.0287,0,0,0,0,0.6016,2000,400,600,800,逃げ,0,0.66115,63.03999999999999,1100,fit,202606281207,0.226,0,0,0,0,65.625,61.29750000000002,62.02562500000001,62.72095000000001,63.916250000000005,62.205000000000005,0.20000000000000007,0.6900000000000001,0.0,0.5,4-5-1;4-6-1;4-5-2;4-5-6;4-6-2;4-6-5;4-2-1;4-1-5;4-1-6;4-5-3;4-1-2;4-3-1;4-2-5;4-2-6;4-6-3;4-3-5;4-3-6;4-1-3;4-3-2;4-2-3,4-5-1;4-6-1;4-5-2;4-5-6,4-5-1;4-6-1;4-5-2;4-5-6;4-6-2;4-6-5,4-5-1;4-6-1;4-5-2;4-5-6;4-6-2;4-6-5;4-2-1;4-1-5,-0.5,BREAK,61.29750000000002,1,54.39633333333334,0.46499999999999997,0.61865,1
1-4-3,0.6920000000000001,2026-06-28,0.552325,0.47550000000000003,0.663,0,0.818,0.7045,0,0,0,0,0.4024,2000,400,600,800,逃げ,0,0.68005,68.783,780,fit,202606281306,0.302,0,0,0,0,69.978,64.2405,64.166125,59.41655,62.994249999999994,60.23550000000001,0.19999999999999996,0.72,0.0,0.5,4-5-1;4-2-1;4-5-2;4-6-1;4-1-2;4-3-1;4-1-5;4-1-3;4-5-3;4-6-2;4-1-6;4-5-6;4-3-2;4-2-5;4-2-3;4-2-6;4-3-5;4-6-5;4-6-3;4-3-6,4-5-1;4-2-1;4-5-2;4-6-1,4-5-1;4-2-1;4-5-2;4-6-1;4-1-2;4-3-1,4-5-1;4-2-1;4-5-2;4-6-1;4-1-2;4-3-1;4-1-5;4-1-3,0,BREAK,64.2405,1,54.39633333333334,0.741,0.41264999999999996,1
1-2-4,0.739,2026-06-28,0.6604749999999999,0.626,0.243,0,0.741,0.6854,0,0,0,0,0.6087,2000,400,600,800,逃げ,0,0.72105,72.80599999999998,1580,fit,202606281311,0.29,0,0,0,0,74.601,66.6825,68.07287499999998,69.37864999999998,70.67474999999999,69.51599999999999,0.19999999999999996,0.6900000000000001,0.0,0.5,4-5-1;4-6-1;4-5-6;4-5-2;4-6-2;4-6-5;4-1-6;4-2-1;4-1-5;4-1-2;4-5-3;4-2-6;4-3-1;4-2-5;4-6-3;4-3-6;4-1-3;4-3-5;4-3-2;4-2-3,4-5-1;4-6-1;4-5-6;4-5-2,4-5-1;4-6-1;4-5-6;4-5-2;4-6-2;4-6-5,4-5-1;4-6-1;4-5-6;4-5-2;4-6-2;4-6-5;4-1-6;4-2-1,0,BREAK,66.6825,1,54.39633333333334,0.48700000000000004,0.58195,1
1-5-4,0.24066666666666664,2026-06-28,0.3905333333333333,0.3723333333333333,0.458,0,-1.737,0.0657,0,0,0,0,0.5408999999999999,2000,400,600,800,逃げ,0,0.26999999999999996,25.223,4110,fit,202606281406,0.39199999999999996,0,0,0,0,22.289666666666662,24.932333333333332,26.213,33.39079999999999,29.783,28.21466666666666,-0.8,0.13,-0.19999999999999996,0.4,4-5-1;4-5-2;4-6-1;4-5-6;4-6-2;4-2-1;4-5-3;4-3-1;4-1-2;4-6-5;4-1-6;4-2-6;4-6-3;4-1-5;4-3-2;4-2-5;4-3-6;4-1-3;4-2-3;4-3-5,4-5-1;4-5-2;4-6-1;4-5-6,4-5-1;4-5-2;4-6-1;4-5-6;4-6-2;4-2-1,4-5-1;4-5-2;4-6-1;4-5-6;4-6-2;4-2-1;4-5-3;4-3-1,0,BREAK,24.932333333333332,0,54.39633333333334,0.496,0.5404,1
3-5-1,0.4766666666666667,2026-06-28,0.5167333333333334,0.5083333333333333,0.458,0,1.633,0.9083,0,0,0,0,0.5547,2000,400,600,800,まくり差し,0,0.506,52.193000000000005,15820,fit,202606281409,0.412,0,0,0,0,49.259666666666675,42.23433333333334,46.178000000000004,52.1784,51.263000000000005,50.68466666666667,-1.0,0.030000000000000027,0.6000000000000001,0.8,4-5-1;4-5-2;4-6-1;4-5-6;4-6-2;4-2-1;4-1-2;4-6-5;4-2-5;4-1-5;4-2-6;4-5-3;4-1-6;4-3-1;4-3-2;4-6-3;4-2-3;4-1-3;4-3-5;4-3-6,4-5-1;4-5-2;4-6-1;4-5-6,4-5-1;4-5-2;4-6-1;4-5-6;4-6-2;4-2-1,4-5-1;4-5-2;4-6-1;4-5-6;4-6-2;4-2-1;4-1-2;4-6-5,0,BREAK,42.23433333333334,0,54.39633333333334,0.45999999999999996,0.5568,3
1-4-5,0.47300000000000003,2026-06-28,0.5198750000000001,0.575,0.6970000000000001,0,0.856,0.7141,0,0,0,0,0.5264,2000,400,600,800,逃げ,0,0.45444999999999997,45.111,1810,fit,202606281802,0.6379999999999999,0,0,0,0,46.96600000000001,55.06750000000001,52.68287500000001,49.547050000000006,49.309750000000015,51.556000000000004,0.6000000000000001,0.68,0.0,0.5,4-5-1;4-6-1;4-5-2;4-2-1;4-1-2;4-5-6;4-1-5;4-3-1;4-6-2;4-1-6;4-5-3;4-6-5;4-1-3;4-2-5;4-2-6;4-3-2;4-6-3;4-2-3;4-3-5;4-3-6,4-5-1;4-6-1;4-5-2;4-2-1,4-5-1;4-6-1;4-5-2;4-2-1;4-1-2;4-5-6,4-5-1;4-6-1;4-5-2;4-2-1;4-1-2;4-5-6;4-1-5;4-3-1,-0.5,BREAK,55.06750000000001,1,54.39633333333334,0.323,0.5667500000000001,1
4-2-1,0.6173333333333334,2026-06-28,0.5421666666666667,0.5666666666666667,0.4866666666666667,1,0.047,0.5116,1,1,1,1,0.4736,2000,400,600,800,まくり,1,0.59355,58.212,3230,fit,202606282005,0.624,3230,3230,3230,3230,60.59033333333334,51.305666666666674,53.30449999999999,55.173199999999994,56.832,58.31033333333333,0.20000000000000007,0.51,-0.20000000000000007,0.39999999999999997,4-5-1;4-5-2;4-2-1;4-1-2;4-6-1;4-3-1;4-6-2;4-1-5;4-5-3;4-2-5;4-5-6;4-3-2;4-1-3;4-1-6;4-2-3;4-2-6;4-6-5;4-3-5;4-6-3;4-3-6,4-5-1;4-5-2;4-2-1;4-1-2,4-5-1;4-5-2;4-2-1;4-1-2;4-6-1;4-3-1,4-5-1;4-5-2;4-2-1;4-1-2;4-6-1;4-3-1;4-6-2;4-1-5,-0.5,BREAK,51.305666666666674,0,54.39633333333334,0.484,0.4670000000000001,4
1-4-2,0.578,2026-06-28,0.569625,0.6265,0.2645,0,1.819,0.9549,0,0,0,0,0.586575,2000,400,600,800,逃げ,0,0.58525,60.30400000000001,460,fit,202606282407,0.65,0,0,0,0,59.579,56.2555,57.514625,59.5164,59.16025000000001,61.761500000000005,0.19999999999999996,0.44999999999999996,0.25,0.625,4-5-1;4-5-2;4-6-1;4-2-1;4-5-6;4-1-2;4-1-5;4-5-3;4-6-2;4-3-1;4-2-5;4-6-5;4-1-6;4-1-3;4-2-6;4-3-2;4-3-5;4-2-3;4-6-3;4-3-6,4-5-1;4-5-2;4-6-1;4-2-1,4-5-1;4-5-2;4-6-1;4-2-1;4-5-6;4-1-2,4-5-1;4-5-2;4-6-1;4-2-1;4-5-6;4-1-2;4-1-5;4-5-3,0,BREAK,56.2555,1,54.39633333333334,0.325,0.56125,1
1-2-4,0.6126666666666667,2026-06-29,0.6567833333333334,0.6613333333333333,0.7566666666666668,0,0.495,0.6238,0,0,0,0,0.6322,2000,400,600,800,逃げ,0,0.598,60.254999999999995,870,fit,202606290112,0.316,0,0,0,0,61.721666666666664,74.50533333333334,70.48125,63.47489999999999,63.927499999999995,63.91166666666667,0.8,0.93,0.4,0.7,4-5-1;4-6-1;4-5-2;4-5-6;4-2-1;4-6-2;4-1-2;4-1-6;4-3-1;4-1-5;4-5-3;4-6-5;4-2-6;4-1-3;4-2-5;4-6-3;4-3-2;4-3-6;4-3-5;4-2-3,4-5-1;4-6-1;4-5-2;4-5-6,4-5-1;4-6-1;4-5-2;4-5-6;4-2-1;4-6-2,4-5-1;4-6-1;4-5-2;4-5-6;4-2-1;4-6-2;4-1-2;4-1-6,0,BREAK,74.50533333333334,1,54.39633333333334,0.29,0.7009000000000001,1
2-4-5,0.6653333333333334,2026-06-29,0.6609166666666667,0.6556666666666667,0.39733333333333337,0,-0.763,0.3092,0,0,0,0,0.6485000000000001,2000,400,600,800,まくり,0,0.662,64.247,1760,fit,202606290202,0.32399999999999995,0,0,0,0,64.58033333333334,79.65466666666667,74.78325000000001,64.07750000000001,64.35950000000001,64.14533333333334,0.8,0.93,1.0,1.0,4-5-1;4-5-2;4-6-1;4-6-2;4-5-6;4-2-1;4-6-5;4-1-2;4-5-3;4-2-6;4-2-5;4-1-6;4-3-1;4-1-5;4-3-2;4-6-3;4-3-6;4-2-3;4-3-5;4-1-3,4-5-1;4-5-2;4-6-1;4-6-2,4-5-1;4-5-2;4-6-1;4-6-2;4-5-6;4-2-1,4-5-1;4-5-2;4-6-1;4-6-2;4-5-6;4-2-1;4-6-5;4-1-2,-0.5,BREAK,79.65466666666667,1,54.39633333333334,0.354,0.6565000000000001,2
1-5-2,0.24733333333333335,2026-06-29,0.3552166666666666,0.3646666666666667,0.326,0,-1.409,0.1477,0,0,0,0,0.49459999999999993,2000,400,600,800,逃げ,0,0.26199999999999996,23.600999999999996,2100,fit,202606290205,0.5720000000000001,0,0,0,0,22.134333333333334,35.110666666666674,30.974750000000004,30.8107,27.528499999999998,27.414333333333335,0.6,0.74,-1.0,0.0,4-5-1;4-5-2;4-6-1;4-5-6;4-2-1;4-1-5;4-1-2;4-5-3;4-6-2;4-2-5;4-6-5;4-3-1;4-1-6;4-2-6;4-3-5;4-3-2;4-1-3;4-2-3;4-6-3;4-3-6,4-5-1;4-5-2;4-6-1;4-5-6,4-5-1;4-5-2;4-6-1;4-5-6;4-2-1;4-1-5,4-5-1;4-5-2;4-6-1;4-5-6;4-2-1;4-1-5;4-1-2;4-5-3,-0.5,BREAK,35.110666666666674,0,54.39633333333334,0.518,0.46309999999999996,1
1-2-5,0.30333333333333334,2026-06-29,0.43176666666666663,0.3316666666666666,0.3986666666666667,0,-1.469,0.1327,0,0,0,0,0.5677999999999999,2000,400,600,800,逃げ,0,0.32799999999999996,31.290999999999997,1270,fit,202606290212,0.06799999999999999,0,0,0,0,28.824333333333335,33.85966666666667,33.8185,38.495599999999996,35.245999999999995,30.099333333333334,-0.6000000000000001,0.32,-0.20000000000000007,0.39999999999999997,4-5-1;4-5-2;4-5-6;4-6-1;4-6-5;4-6-2;4-1-5;4-2-1;4-5-3;4-2-5;4-1-2;4-1-6;4-2-6;4-3-1;4-3-5;4-6-3;4-3-2;4-1-3;4-3-6;4-2-3,4-5-1;4-5-2;4-5-6;4-6-1,4-5-1;4-5-2;4-5-6;4-6-1;4-6-5;4-6-2,4-5-1;4-5-2;4-5-6;4-6-1;4-6-5;4-6-2;4-1-5;4-2-1,0,BREAK,33.85966666666667,0,54.39633333333334,0.6400000000000001,0.5601999999999999,1
2-1-6,0.308,2026-06-29,0.36719999999999997,0.412,0.44699999999999995,0,0.911,0.7278,0,0,0,0,0.44475,2000,400,600,800,差し,0,0.3443,36.931000000000004,16070,fit,202606290302,0.74,0,0,0,0,33.301,38.389,37.70100000000001,38.08550000000001,36.261,37.98100000000001,-0.20000000000000007,0.31,0.0,0.5,4-5-1;4-5-2;4-5-6;4-6-1;4-5-3;4-2-1;4-6-2;4-2-5;4-1-2;4-1-5;4-6-5;4-3-1;4-3-2;4-3-5;4-2-6;4-1-6;4-2-3;4-1-3;4-6-3;4-3-6,4-5-1;4-5-2;4-5-6;4-6-1,4-5-1;4-5-2;4-5-6;4-6-1;4-5-3;4-2-1,4-5-1;4-5-2;4-5-6;4-6-1;4-5-3;4-2-1;4-6-2;4-2-5,2.0,BREAK,38.389,0,54.39633333333334,0.48400000000000004,0.4263999999999999,2
1-4-2,0.4306666666666667,2026-06-29,0.4900833333333333,0.5163333333333333,0.47533333333333333,0,-0.949,0.2627,0,0,0,0,0.5454,2000,400,600,800,逃げ,0,0.45735000000000003,44.74600000000001,2230,fit,202606290505,0.5479999999999999,0,0,0,0,42.07766666666667,45.83133333333334,46.08975,46.384299999999996,45.0485,45.93266666666668,-0.19999999999999996,0.28,0.6,0.8,4-5-2;4-5-1;4-2-1;4-6-2;4-6-1;4-1-2;4-5-6;4-2-5;4-2-6;4-5-3;4-3-2;4-3-1;4-1-5;4-2-3;4-6-5;4-1-6;4-1-3;4-6-3;4-3-5;4-3-6,4-5-2;4-5-1;4-2-1;4-6-2,4-5-2;4-5-1;4-2-1;4-6-2;4-6-1;4-1-2,4-5-2;4-5-1;4-2-1;4-6-2;4-6-1;4-1-2;4-5-6;4-2-5,0,BREAK,45.83133333333334,0,54.39633333333334,0.398,0.5495,1
5-3-6,0.5273333333333334,2026-06-29,0.6258166666666667,0.6086666666666667,0.26333333333333336,0,-1.568,0.1081,0,0,0,0,0.7263999999999999,2000,400,600,800,まくり差し,0,0.54135,52.527,15870,fit,202606290506,0.21199999999999997,0,0,0,0,51.125333333333344,56.393666666666675,56.33075000000001,58.459300000000006,56.04950000000001,54.78533333333334,-0.20000000000000007,0.45999999999999996,0.6000000000000001,0.8,4-5-2;4-5-1;4-5-6;4-2-5;4-6-2;4-6-5;4-5-3;4-6-1;4-2-1;4-1-5;4-1-2;4-2-6;4-3-5;4-3-2;4-1-6;4-3-1;4-2-3;4-6-3;4-3-6;4-1-3,4-5-2;4-5-1;4-5-6;4-2-5,4-5-2;4-5-1;4-5-6;4-2-5;4-6-2;4-6-5,4-5-2;4-5-1;4-5-6;4-2-5;4-6-2;4-6-5;4-5-3;4-6-1,0,BREAK,56.393666666666675,1,54.39633333333334,0.31,0.7242999999999999,5
4-6-1,0.6353333333333334,2026-06-29,0.6890666666666667,0.6736666666666666,0.318,1,0.047,0.5116,1,1,1,1,0.7339,2000,400,600,800,まくり,1,0.6255,61.407,14890,fit,202606290806,0.19999999999999996,14890,14890,14890,14890,62.39033333333334,64.98766666666667,64.097,66.1708,65.07700000000001,64.11533333333334,0.6,0.8300000000000001,-0.20000000000000007,0.39999999999999997,4-5-1;4-5-2;4-5-6;4-6-1;4-6-5;4-1-5;4-5-3;4-2-5;4-2-1;4-6-2;4-1-2;4-1-6;4-3-5;4-3-1;4-2-6;4-6-3;4-1-3;4-3-2;4-3-6;4-2-3,4-5-1;4-5-2;4-5-6;4-6-1,4-5-1;4-5-2;4-5-6;4-6-1;4-6-5;4-1-5,4-5-1;4-5-2;4-5-6;4-6-1;4-6-5;4-1-5;4-5-3;4-2-5,-0.5,BREAK,64.98766666666667,1,54.39633333333334,0.28800000000000003,0.7428,4
2-3-4,0.6053333333333333,2026-06-29,0.6036166666666667,0.5416666666666666,0.25333333333333335,0,1.929,0.9822,0,0,0,0,0.6245,2000,400,600,800,差し,0,0.60945,62.83400000000001,12200,fit,202606291011,0.16799999999999998,0,0,0,0,62.422333333333334,51.23066666666667,55.39275,62.792500000000004,62.3365,59.55733333333333,-0.6,0.26,0.20000000000000007,0.6000000000000001,4-5-1;4-6-1;4-5-6;4-5-2;4-6-2;4-6-5;4-2-1;4-1-6;4-5-3;4-1-5;4-3-1;4-1-2;4-2-6;4-6-3;4-2-5;4-3-6;4-1-3;4-3-5;4-3-2;4-2-3,4-5-1;4-6-1;4-5-6;4-5-2,4-5-1;4-6-1;4-5-6;4-5-2;4-6-2;4-6-5,4-5-1;4-6-1;4-5-6;4-5-2;4-6-2;4-6-5;4-2-1;4-1-6,0,BREAK,51.23066666666667,0,54.39633333333334,0.522,0.6019,2
1-3-4,0.3853333333333333,2026-06-29,0.39396666666666663,0.3386666666666666,0.56,0,0.047,0.5116,0,0,0,0,0.4089999999999999,2000,400,600,800,逃げ,0,0.4051,40.517,1900,fit,202606291102,0.39199999999999996,0,0,0,0,38.54033333333333,34.83566666666667,36.869499999999995,39.31999999999999,38.971999999999994,36.44033333333333,-0.8,0.13,0.19999999999999996,0.6,4-5-1;4-6-1;4-5-2;4-5-6;4-6-2;4-2-1;4-1-6;4-1-2;4-6-5;4-3-1;4-1-5;4-2-6;4-5-3;4-2-5;4-6-3;4-1-3;4-3-6;4-3-2;4-3-5;4-2-3,4-5-1;4-6-1;4-5-2;4-5-6,4-5-1;4-6-1;4-5-2;4-5-6;4-6-2;4-2-1,4-5-1;4-6-1;4-5-2;4-5-6;4-6-2;4-2-1;4-1-6;4-1-2,0,BREAK,34.83566666666667,0,54.39633333333334,0.7080000000000001,0.40259999999999996,1
1-6-4,0.428,2026-06-29,0.4869,0.496,0.7166666666666667,0,0.047,0.5116,0,0,0,0,0.5063,2000,400,600,800,逃げ,0,0.44110000000000005,44.117000000000004,2100,fit,202606291109,0.488,0,0,0,0,42.806999999999995,43.409,44.59949999999999,46.2966,45.752,45.867,-0.4,0.24,0.4,0.7,4-5-1;4-6-1;4-5-6;4-5-2;4-6-2;4-2-1;4-1-6;4-6-5;4-1-2;4-2-6;4-3-1;4-1-5;4-5-3;4-6-3;4-3-6;4-2-5;4-1-3;4-3-2;4-3-5;4-2-3,4-5-1;4-6-1;4-5-6;4-5-2,4-5-1;4-6-1;4-5-6;4-5-2;4-6-2;4-2-1,4-5-1;4-6-1;4-5-6;4-5-2;4-6-2;4-2-1;4-1-6;4-6-5,0,BREAK,43.409,0,54.39633333333334,0.43600000000000005,0.5458,1
1-3-2,0.5626666666666666,2026-06-29,0.5790833333333333,0.5143333333333333,0.039333333333333324,0,0.047,0.5116,0,0,0,0,0.6512,2000,400,600,800,逃げ,0,0.5551,55.517,1810,fit,202606291110,0.16399999999999998,0,0,0,0,56.273666666666664,55.50333333333332,55.59074999999999,58.7139,57.094500000000004,54.09866666666667,0.19999999999999996,0.63,-0.19999999999999996,0.4,4-5-1;4-6-1;4-5-2;4-5-6;4-5-3;4-3-1;4-6-2;4-2-1;4-6-3;4-6-5;4-1-2;4-1-6;4-1-3;4-3-2;4-3-6;4-1-5;4-3-5;4-2-6;4-2-3;4-2-5,4-5-1;4-6-1;4-5-2;4-5-6,4-5-1;4-6-1;4-5-2;4-5-6;4-5-3;4-3-1,4-5-1;4-6-1;4-5-2;4-5-6;4-5-3;4-3-1;4-6-2;4-2-1,0,BREAK,55.50333333333332,1,54.39633333333334,0.534,0.5954999999999999,1
3-1-4,0.5106666666666667,2026-06-29,0.5851833333333334,0.5463333333333333,0.388,0,0.047,0.5116,0,0,0,0,0.6531,2000,400,600,800,まくり差し,0,0.5191,51.917,5100,fit,202606291111,0.196,0,0,0,0,51.07366666666667,52.56933333333334,53.663250000000005,56.442699999999995,54.799499999999995,52.67866666666667,-0.4,0.33,0.6000000000000001,0.8,4-5-1;4-5-2;4-6-1;4-5-6;4-6-2;4-2-1;4-6-5;4-1-2;4-1-5;4-5-3;4-1-6;4-2-5;4-3-1;4-2-6;4-6-3;4-3-2;4-3-5;4-1-3;4-3-6;4-2-3,4-5-1;4-5-2;4-6-1;4-5-6,4-5-1;4-5-2;4-6-1;4-5-6;4-6-2;4-2-1,4-5-1;4-5-2;4-6-1;4-5-6;4-6-2;4-2-1;4-6-5;4-1-2,0,BREAK,52.56933333333334,0,54.39633333333334,0.418,0.6597,3
1-4-3,0.345,2026-06-29,0.42577499999999996,0.42699999999999994,0.6950000000000001,0,-1.715,0.0711,0,0,0,0,0.47629999999999995,2000,400,600,800,逃げ,0,0.34304999999999997,32.55,1110,fit,202606291306,0.49799999999999994,0,0,0,0,32.745,46.580499999999994,42.78937499999999,38.05684999999999,36.78375,36.435,0.19999999999999996,0.63,0.0,0.5,4-5-1;4-2-1;4-5-2;4-1-2;4-6-1;4-3-1;4-6-2;4-1-5;4-1-3;4-1-6;4-3-2;4-5-3;4-5-6;4-2-5;4-2-3;4-2-6;4-6-5;4-3-5;4-6-3;4-3-6,4-5-1;4-2-1;4-5-2;4-1-2,4-5-1;4-2-1;4-5-2;4-1-2;4-6-1;4-3-1,4-5-1;4-2-1;4-5-2;4-1-2;4-6-1;4-3-1;4-6-2;4-1-5,0,BREAK,46.580499999999994,0,54.39633333333334,0.49100000000000005,0.50655,1
2-4-1,0.974,2026-06-29,0.7416499999999999,0.6439999999999999,0.25666666666666665,0,1.338,0.8345,0,0,0,0,0.5457999999999998,2000,400,600,800,抜き,0,0.9684,98.13799999999999,3380,fit,202606291702,0.12799999999999997,0,0,0,0,98.69799999999998,79.48299999999999,83.09924999999998,82.30709999999998,87.08049999999999,83.84799999999998,0.19999999999999996,0.6900000000000001,0.4,0.7,4-5-1;4-5-2;4-5-6;4-6-1;4-6-2;4-5-3;4-2-1;4-1-2;4-2-5;4-6-5;4-3-1;4-3-2;4-2-6;4-1-5;4-2-3;4-6-3;4-3-5;4-1-6;4-3-6;4-1-3,4-5-1;4-5-2;4-5-6;4-6-1,4-5-1;4-5-2;4-5-6;4-6-1;4-6-2;4-5-3,4-5-1;4-5-2;4-5-6;4-6-1;4-6-2;4-5-3;4-2-1;4-1-2,0,BREAK,79.48299999999999,1,54.39633333333334,0.6860000000000002,0.5092999999999999,2
1-5-3,0.4673333333333333,2026-06-29,0.5941166666666666,0.6546666666666667,0.62,0,0.326,0.5814,0,0,0,0,0.6689,2000,400,600,800,逃げ,0,0.5064,50.925999999999995,14370,fit,202606291703,0.504,0,0,0,0,47.019333333333336,58.533666666666676,56.63225,55.2573,53.3585,55.44933333333334,0.19999999999999996,0.54,0.6000000000000001,0.8,4-5-1;4-6-1;4-5-2;4-6-2;4-2-1;4-5-6;4-1-2;4-1-6;4-2-6;4-6-5;4-1-5;4-2-5;4-3-1;4-5-3;4-6-3;4-3-2;4-1-3;4-3-6;4-2-3;4-3-5,4-5-1;4-6-1;4-5-2;4-6-2,4-5-1;4-6-1;4-5-2;4-6-2;4-2-1;4-5-6,4-5-1;4-6-1;4-5-2;4-6-2;4-2-1;4-5-6;4-1-2;4-1-6,0,BREAK,58.533666666666676,1,54.39633333333334,0.15799999999999997,0.7209,1
1-2-4,0.30333333333333334,2026-06-29,0.3814166666666666,0.35866666666666663,0.4586666666666667,0,-1.168,0.2079,0,0,0,0,0.47209999999999996,2000,400,600,800,逃げ,0,0.3444,33.232,570,fit,202606291705,0.456,0,0,0,0,29.125333333333337,25.07366666666667,27.56075,35.1807,33.0295,31.61533333333334,-0.8,0.13,-0.4,0.3,4-5-1;4-5-2;4-6-1;4-5-6;4-2-1;4-6-2;4-1-2;4-6-5;4-1-5;4-2-5;4-1-6;4-2-6;4-5-3;4-3-1;4-3-2;4-6-3;4-1-3;4-3-5;4-2-3;4-3-6,4-5-1;4-5-2;4-6-1;4-5-6,4-5-1;4-5-2;4-6-1;4-5-6;4-2-1;4-6-2,4-5-1;4-5-2;4-6-1;4-5-6;4-2-1;4-6-2;4-1-2;4-6-5,0,BREAK,25.07366666666667,0,54.39633333333334,0.5860000000000001,0.4594999999999999,1
1-2-6,0.313,2026-06-29,0.452875,0.487,0.507,0,1.841,0.9603,0,0,0,0,0.5772999999999999,2000,400,600,800,逃げ,0,0.33845,35.646,5190,fit,202606291810,0.5339999999999999,0,0,0,0,33.101,44.02250000000001,42.142875000000004,43.111850000000004,40.094750000000005,40.931000000000004,0.19999999999999996,0.44999999999999996,0.0,0.5,4-5-1;4-6-1;4-5-2;4-5-6;4-6-2;4-6-5;4-2-1;4-1-6;4-5-3;4-1-5;4-1-2;4-3-1;4-2-6;4-2-5;4-6-3;4-3-6;4-1-3;4-3-5;4-3-2;4-2-3,4-5-1;4-6-1;4-5-2;4-5-6,4-5-1;4-6-1;4-5-2;4-5-6;4-6-2;4-6-5,4-5-1;4-6-1;4-5-2;4-5-6;4-6-2;4-6-5;4-2-1;4-1-6,0,BREAK,44.02250000000001,0,54.39633333333334,0.339,0.59275,1
1-4-3,0.6200000000000001,2026-06-29,0.5635000000000001,0.546,0.21933333333333335,0,-1.847,0.0383,0,0,0,0,0.5483,2000,400,600,800,逃げ,0,0.59555,57.668,3950,fit,202606292011,0.428,0,0,0,0,60.113000000000014,57.143,58.0005,56.8406,57.28800000000001,56.78300000000001,-0.4,0.45,0.6000000000000001,0.8,4-5-1;4-5-2;4-6-1;4-2-1;4-5-6;4-1-2;4-6-2;4-1-5;4-2-5;4-5-3;4-6-5;4-3-1;4-1-6;4-2-6;4-3-2;4-3-5;4-1-3;4-2-3;4-6-3;4-3-6,4-5-1;4-5-2;4-6-1;4-2-1,4-5-1;4-5-2;4-6-1;4-2-1;4-5-6;4-1-2,4-5-1;4-5-2;4-6-1;4-2-1;4-5-6;4-1-2;4-6-2;4-1-5,0,BREAK,57.143,1,54.39633333333334,0.528,0.507,1
1-3-5,0.5746666666666667,2026-06-29,0.7260333333333333,0.7253333333333334,0.5606666666666666,0,-1.606,0.0985,0,0,0,0,0.8117000000000001,2000,400,600,800,逃げ,0,0.56825,55.179,7460,fit,202606292102,0.12,0,0,0,0,55.82066666666667,66.64533333333334,64.7915,65.57639999999999,63.388999999999996,62.60066666666667,0.6,0.74,0.4,0.7,4-5-1;4-6-1;4-5-2;4-5-6;4-2-1;4-1-6;4-6-2;4-1-2;4-1-5;4-3-1;4-6-5;4-5-3;4-2-6;4-1-3;4-2-5;4-6-3;4-3-6;4-3-2;4-3-5;4-2-3,4-5-1;4-6-1;4-5-2;4-5-6,4-5-1;4-6-1;4-5-2;4-5-6;4-2-1;4-1-6,4-5-1;4-6-1;4-5-2;4-5-6;4-2-1;4-1-6;4-6-2;4-1-2,0,BREAK,66.64533333333334,1,54.39633333333334,0.12399999999999997,0.8774000000000001,1
1-4-3,0.444,2026-06-29,0.53025,0.539,0.46066666666666667,0,1.053,0.7633,0,0,0,0,0.6048,2000,400,600,800,逃げ,0,0.44325000000000003,48.378,1680,fit,202606292411,0.416,0,0,0,0,48.452999999999996,43.410000000000004,46.26925,54.5781,52.7655,52.728,-0.6,0.26,-0.19999999999999996,0.4,4-5-1;4-5-2;4-2-1;4-6-1;4-1-2;4-5-6;4-6-2;4-1-5;4-2-5;4-1-6;4-6-5;4-3-1;4-2-6;4-5-3;4-1-3;4-3-2;4-2-3;4-3-5;4-6-3;4-3-6,4-5-1;4-5-2;4-2-1;4-6-1,4-5-1;4-5-2;4-2-1;4-6-1;4-1-2;4-5-6,4-5-1;4-5-2;4-2-1;4-6-1;4-1-2;4-5-6;4-6-2;4-1-5,0.5,BREAK,43.410000000000004,0,54.39633333333334,0.366,0.6165,1
1-3-5,0.23933333333333334,2026-06-30,0.39731666666666665,0.44666666666666666,0.30400000000000005,0,-1.732,0.067,0,0,0,0,0.5757,2000,400,600,800,逃げ,0,0.254,22.477999999999998,1760,fit,202606300111,0.628,0,0,0,0,21.011333333333333,36.045666666666676,32.78425,33.1509,28.910499999999995,30.341333333333335,0.20000000000000007,0.51,-0.19999999999999996,0.4,4-5-1;4-5-2;4-2-1;4-6-1;4-1-2;4-6-2;4-5-6;4-2-5;4-1-5;4-5-3;4-3-1;4-3-2;4-6-5;4-2-6;4-1-6;4-2-3;4-1-3;4-3-5;4-6-3;4-3-6,4-5-1;4-5-2;4-2-1;4-6-1,4-5-1;4-5-2;4-2-1;4-6-1;4-1-2;4-6-2,4-5-1;4-5-2;4-2-1;4-6-1;4-1-2;4-6-2;4-5-6;4-2-5,-0.5,BREAK,36.045666666666676,0,54.39633333333334,0.346,0.5553,1
3-1-4,0.23399999999999999,2026-06-30,0.495,0.5509999999999999,0.7353333333333334,0,-1.644,0.0889,0,0,0,0,0.6815,2000,400,600,800,まくり差し,0,0.25599999999999995,22.765999999999995,3580,fit,202606300201,0.45199999999999996,0,0,0,0,20.566,44.178000000000004,39.501000000000005,38.24100000000001,33.616,34.831,0.4,0.5800000000000001,0.19999999999999996,0.6,4-5-1;4-6-1;4-5-2;4-2-1;4-6-2;4-5-6;4-1-2;4-3-1;4-1-6;4-5-3;4-1-5;4-6-5;4-2-6;4-2-5;4-3-2;4-1-3;4-6-3;4-3-6;4-2-3;4-3-5,4-5-1;4-6-1;4-5-2;4-2-1,4-5-1;4-6-1;4-5-2;4-2-1;4-6-2;4-5-6,4-5-1;4-6-1;4-5-2;4-2-1;4-6-2;4-5-6;4-1-2;4-3-1,-0.5,BREAK,44.178000000000004,0,54.39633333333334,0.132,0.756,3
1-2-4,0.474,2026-06-30,0.5053000000000001,0.513,0.4026666666666667,0,0.118,0.5294,0,0,0,0,0.5456,2000,400,600,800,逃げ,0,0.48,48.078,550,fit,202606300204,0.492,0,0,0,0,47.478,45.77600000000001,46.3705,49.9922,49.043000000000006,49.233000000000004,0.20000000000000007,0.51,-0.4,0.3,4-5-1;4-5-2;4-6-1;4-2-1;4-6-2;4-1-2;4-5-6;4-3-1;4-5-3;4-2-5;4-1-5;4-2-6;4-1-6;4-3-2;4-6-5;4-2-3;4-1-3;4-6-3;4-3-5;4-3-6,4-5-1;4-5-2;4-6-1;4-2-1,4-5-1;4-5-2;4-6-1;4-2-1;4-6-2;4-1-2,4-5-1;4-5-2;4-6-1;4-2-1;4-6-2;4-1-2;4-5-6;4-3-1,0,BREAK,45.77600000000001,0,54.39633333333334,0.44799999999999995,0.5366000000000001,1
5-2-1,0.4966666666666667,2026-06-30,0.6568833333333334,0.6593333333333333,0.5773333333333333,0,-1.207,0.1984,0,0,0,0,0.7579,2000,400,600,800,まくり差し,0,0.51535,50.288,7990,fit,202606300507,0.19199999999999995,0,0,0,0,48.41966666666667,57.63733333333334,57.44175,58.9733,56.4305,55.73966666666667,-0.19999999999999996,0.37,1.0,1.0,4-5-1;4-5-2;4-5-6;4-5-3;4-6-1;4-1-5;4-2-1;4-2-5;4-6-5;4-6-2;4-1-2;4-3-1;4-3-5;4-1-6;4-3-2;4-2-6;4-1-3;4-2-3;4-6-3;4-3-6,4-5-1;4-5-2;4-5-6;4-5-3,4-5-1;4-5-2;4-5-6;4-5-3;4-6-1;4-1-5,4-5-1;4-5-2;4-5-6;4-5-3;4-6-1;4-1-5;4-2-1;4-2-5,0,BREAK,57.63733333333334,1,54.39633333333334,0.178,0.8171,5
4-5-6,0.9653333333333334,2026-06-30,0.7188166666666667,0.6876666666666666,0.02666666666666667,1,0.047,0.5116,1,1,1,1,0.5478999999999999,2000,400,600,800,まくり,1,0.9333,93.33699999999999,1430,fit,202606300608,0.412,1430,1430,1430,1430,96.54033333333332,79.73266666666666,82.29074999999999,79.9613,84.21449999999999,84.04533333333333,0.4,0.76,0.4,0.7,4-5-1;4-5-2;4-6-1;4-5-6;4-2-1;4-6-2;4-5-3;4-1-2;4-1-5;4-6-5;4-2-5;4-3-1;4-1-6;4-2-6;4-3-2;4-3-5;4-1-3;4-6-3;4-2-3;4-3-6,4-5-1;4-5-2;4-6-1;4-5-6,4-5-1;4-5-2;4-6-1;4-5-6;4-2-1;4-6-2,4-5-1;4-5-2;4-6-1;4-5-6;4-2-1;4-6-2;4-5-3;4-1-2,0,BREAK,79.73266666666666,1,54.39633333333334,0.5900000000000001,0.47229999999999994,4
6-4-2,0.8466666666666667,2026-06-30,0.8330333333333333,0.8673333333333333,0.404,0,1.945,0.9863,0,0,0,0,0.7854,2000,400,600,800,まくり差し,0,0.8435,86.255,181160,fit,202606300811,0.308,0,0,0,0,86.57166666666666,86.91233333333332,86.99749999999999,84.81479999999998,85.88999999999999,87.50166666666667,0.6,0.77,1.0,1.0,4-5-1;4-5-2;4-6-1;4-5-6;4-2-1;4-6-2;4-1-2;4-1-5;4-6-5;4-5-3;4-2-5;4-1-6;4-3-1;4-2-6;4-3-2;4-1-3;4-3-5;4-6-3;4-2-3;4-3-6,4-5-1;4-5-2;4-6-1;4-5-6,4-5-1;4-5-2;4-6-1;4-5-6;4-2-1;4-6-2,4-5-1;4-5-2;4-6-1;4-5-6;4-2-1;4-6-2;4-1-2;4-1-5,0,BREAK,86.91233333333332,1,54.39633333333334,0.11199999999999999,0.8194,6
4-6-1,0.5613333333333334,2026-06-30,0.5483166666666667,0.4716666666666667,0.638,1,-1.475,0.1313,1,1,1,1,0.5104,2000,400,600,800,まくり差し,0,0.5431,52.795,1360,fit,202606301102,0.18,1360,1360,1360,1360,54.61833333333333,58.92866666666667,56.24625000000001,53.1073,53.9675,50.583333333333336,0.8,0.93,-0.6,0.2,4-5-1;4-6-1;4-5-2;4-5-6;4-6-2;4-2-1;4-1-6;4-3-1;4-1-2;4-6-5;4-5-3;4-6-3;4-2-6;4-1-5;4-1-3;4-3-6;4-3-2;4-2-5;4-2-3;4-3-5,4-5-1;4-6-1;4-5-2;4-5-6,4-5-1;4-6-1;4-5-2;4-5-6;4-6-2;4-2-1,4-5-1;4-6-1;4-5-2;4-5-6;4-6-2;4-2-1;4-1-6;4-3-1,0,BREAK,58.92866666666667,1,54.39633333333334,0.618,0.5353,4
4-5-3,0.456,2026-06-30,0.48205,0.46699999999999997,0.8773333333333333,1,0.282,0.5705,1,0,1,1,0.4504999999999999,2000,400,600,800,まくり,1,0.44109999999999994,44.35199999999999,3100,fit,202606301108,0.436,3100,0,3100,3100,45.842,46.971,46.73325,46.5025,47.1445,46.337,0.19999999999999996,0.51,-0.20000000000000007,0.39999999999999997,4-5-1;4-5-2;4-5-6;4-6-1;4-1-5;4-5-3;4-2-1;4-6-5;4-2-5;4-1-2;4-6-2;4-3-1;4-3-5;4-1-6;4-1-3;4-2-6;4-3-2;4-6-3;4-2-3;4-3-6,4-5-1;4-5-2;4-5-6;4-6-1,4-5-1;4-5-2;4-5-6;4-6-1;4-1-5;4-5-3,4-5-1;4-5-2;4-5-6;4-6-1;4-1-5;4-5-3;4-2-1;4-6-5,0,BREAK,46.971,0,54.39633333333334,0.5220000000000001,0.5080999999999999,4
1-2-5,0.4026666666666667,2026-06-30,0.44118333333333337,0.4863333333333333,0.37,0,0.047,0.5116,0,0,0,0,0.5016,2000,400,600,800,逃げ,0,0.4098,39.836999999999996,1150,fit,202606301602,0.688,0,0,0,0,39.123666666666665,30.395333333333333,33.89325000000001,42.4557,41.0495,42.888666666666666,-0.6000000000000001,0.17000000000000004,-0.4,0.3,4-5-1;4-5-2;4-5-6;4-6-1;4-6-2;4-2-1;4-2-5;4-5-3;4-1-2;4-6-5;4-1-5;4-2-6;4-3-1;4-1-6;4-3-2;4-3-5;4-2-3;4-6-3;4-1-3;4-3-6,4-5-1;4-5-2;4-5-6;4-6-1,4-5-1;4-5-2;4-5-6;4-6-1;4-6-2;4-2-1,4-5-1;4-5-2;4-5-6;4-6-1;4-6-2;4-2-1;4-2-5;4-5-3,-0.5,BREAK,30.395333333333333,0,54.39633333333334,0.43000000000000005,0.4797,1
1-3-2,0.5353333333333334,2026-06-30,0.44596666666666673,0.3836666666666667,0.3566666666666667,0,0.047,0.5116,0,0,0,0,0.40049999999999997,2000,400,600,800,逃げ,0,0.5238,51.237,760,fit,202606301603,0.412,0,0,0,0,52.390333333333345,53.08566666666668,51.11950000000001,46.74300000000001,47.92200000000001,45.56533333333334,0.4,0.76,-0.4,0.3,4-5-1;4-5-2;4-5-6;4-6-1;4-6-2;4-5-3;4-2-1;4-1-2;4-6-5;4-2-5;4-3-1;4-3-2;4-2-6;4-1-5;4-6-3;4-2-3;4-3-5;4-1-6;4-3-6;4-1-3,4-5-1;4-5-2;4-5-6;4-6-1,4-5-1;4-5-2;4-5-6;4-6-1;4-6-2;4-5-3,4-5-1;4-5-2;4-5-6;4-6-1;4-6-2;4-5-3;4-2-1;4-1-2,-0.5,BREAK,53.08566666666668,0,54.39633333333334,0.768,0.35660000000000003,1
1-4-2,0.5473333333333333,2026-06-30,0.5910666666666666,0.6176666666666666,0.43800000000000006,0,0.643,0.6607,0,0,0,0,0.6234999999999999,2000,400,600,800,逃げ,0,0.5844,59.043000000000006,750,fit,202606301710,0.46399999999999997,0,0,0,0,55.336333333333336,67.26966666666667,64.473,58.324000000000005,57.522999999999996,58.50133333333334,0.4,0.61,1.0,1.0,4-5-1;4-5-2;4-2-1;4-6-1;4-1-2;4-6-2;4-5-6;4-1-5;4-2-5;4-5-3;4-3-1;4-6-5;4-1-6;4-2-6;4-3-2;4-1-3;4-2-3;4-3-5;4-6-3;4-3-6,4-5-1;4-5-2;4-2-1;4-6-1,4-5-1;4-5-2;4-2-1;4-6-1;4-1-2;4-6-2,4-5-1;4-5-2;4-2-1;4-6-1;4-1-2;4-6-2;4-5-6;4-1-5,0,BREAK,67.26966666666667,1,54.39633333333334,0.31200000000000006,0.6348,1
2-3-5,0.316,2026-06-30,0.3973,0.42599999999999993,0.5166666666666666,0,0.047,0.5116,0,0,0,0,0.4789,2000,400,600,800,差し,0,0.3279,32.797,13550,fit,202606302305,0.628,0,0,0,0,31.607000000000003,38.480999999999995,37.87949999999999,37.629799999999996,35.672,36.556999999999995,-0.4,0.24,0.4,0.7,4-5-1;4-5-2;4-2-1;4-6-1;4-5-3;4-1-2;4-5-6;4-3-1;4-6-2;4-1-5;4-2-5;4-3-2;4-1-3;4-6-5;4-1-6;4-3-5;4-2-3;4-2-6;4-6-3;4-3-6,4-5-1;4-5-2;4-2-1;4-6-1,4-5-1;4-5-2;4-2-1;4-6-1;4-5-3;4-1-2,4-5-1;4-5-2;4-2-1;4-6-1;4-5-3;4-1-2;4-5-6;4-3-1,0,BREAK,38.480999999999995,0,54.39633333333334,0.4640000000000001,0.4785999999999999,2
1-4-3,0.5366666666666667,2026-06-30,0.5199333333333334,0.48633333333333334,0.3013333333333333,0,-1.573,0.1067,0,0,0,0,0.533,2000,400,600,800,逃げ,0,0.52125,50.512,2320,fit,202606302404,0.372,0,0,0,0,52.05366666666667,47.65233333333334,49.252,51.47100000000001,51.217,49.78866666666668,-0.20000000000000007,0.37000000000000005,0.20000000000000007,0.6000000000000001,4-5-1;4-5-2;4-5-6;4-5-3;4-6-1;4-6-5;4-1-5;4-6-2;4-2-5;4-2-1;4-3-5;4-3-1;4-1-6;4-1-2;4-6-3;4-1-3;4-2-6;4-3-6;4-3-2;4-2-3,4-5-1;4-5-2;4-5-6;4-5-3,4-5-1;4-5-2;4-5-6;4-5-3;4-6-1;4-6-5,4-5-1;4-5-2;4-5-6;4-5-3;4-6-1;4-6-5;4-1-5;4-6-2,0,BREAK,47.65233333333334,0,54.39633333333334,0.5640000000000001,0.5032,1
2-5-3,0.5206666666666667,2026-07-01,0.5639333333333334,0.5723333333333334,0.2833333333333333,0,-1.661,0.0848,0,0,0,0,0.6235,2000,400,600,800,まくり,0,0.514,48.549,49970,tune,202607010206,0.424,0,0,0,0,49.21566666666667,56.286333333333346,53.874,52.776,51.379000000000005,51.540666666666674,0.4,0.79,-0.19999999999999996,0.4,4-5-1;4-5-2;4-5-6;4-6-1;4-5-3;4-6-5;4-1-5;4-6-2;4-2-1;4-2-5;4-1-2;4-3-1;4-1-6;4-3-5;4-2-6;4-3-2;4-6-3;4-1-3;4-2-3;4-3-6,4-5-1;4-5-2;4-5-6;4-6-1,4-5-1;4-5-2;4-5-6;4-6-1;4-5-3;4-6-5,4-5-1;4-5-2;4-5-6;4-6-1;4-5-3;4-6-5;4-1-5;4-6-2,-0.5,BREAK,56.286333333333346,1,54.39633333333334,0.376,0.6072,2
1-2-5,0.39133333333333337,2026-07-01,0.5092666666666666,0.5876666666666667,0.3973333333333333,0,-1.354,0.1614,0,0,0,0,0.6224000000000001,2000,400,600,800,逃げ,0,0.39735,37.191,1520,tune,202607010511,0.664,0,0,0,0,36.58933333333334,45.158666666666676,43.44100000000001,45.21080000000001,42.486000000000004,45.42433333333334,0.4,0.5800000000000001,-0.19999999999999996,0.4,4-5-1;4-5-2;4-6-1;4-2-1;4-6-2;4-1-2;4-5-6;4-2-5;4-5-3;4-1-5;4-3-1;4-2-6;4-6-5;4-1-6;4-3-2;4-2-3;4-1-3;4-6-3;4-3-5;4-3-6,4-5-1;4-5-2;4-6-1;4-2-1,4-5-1;4-5-2;4-6-1;4-2-1;4-6-2;4-1-2,4-5-1;4-5-2;4-6-1;4-2-1;4-6-2;4-1-2;4-5-6;4-2-5,-0.5,BREAK,45.158666666666676,0,54.39633333333334,0.216,0.6272,1
1-4-2,0.6266666666666667,2026-07-01,0.7618333333333334,0.7793333333333333,0.6226666666666667,0,1.732,0.933,0,0,0,0,0.8188,2000,400,600,800,逃げ,0,0.6293000000000001,64.622,1470,tune,202607010605,0.16799999999999998,0,0,0,0,64.35866666666666,71.91533333333334,71.20450000000001,72.64059999999999,71.11699999999999,71.22866666666665,0.4,0.67,0.6,0.8,4-5-1;4-5-2;4-6-1;4-5-6;4-2-1;4-6-2;4-6-5;4-1-2;4-5-3;4-1-5;4-2-5;4-1-6;4-3-1;4-2-6;4-3-2;4-3-5;4-6-3;4-1-3;4-2-3;4-3-6,4-5-1;4-5-2;4-6-1;4-5-6,4-5-1;4-5-2;4-6-1;4-5-6;4-2-1;4-6-2,4-5-1;4-5-2;4-6-1;4-5-6;4-2-1;4-6-2;4-6-5;4-1-2,0,BREAK,71.91533333333334,1,54.39633333333334,0.068,0.897,1
3-5-4,0.9913333333333333,2026-07-01,0.8197666666666666,0.7896666666666666,0.3926666666666667,0,1.442,0.8605,0,0,0,0,0.6425,2000,400,600,800,まくり,0,0.9633,97.73199999999999,31000,tune,202607010608,0.24,0,0,0,0,100.53533333333331,82.83466666666665,86.34949999999998,87.71399999999998,91.95699999999998,91.46033333333331,0.4,0.79,0.19999999999999996,0.6,4-5-1;4-5-2;4-5-6;4-6-1;4-5-3;4-2-1;4-6-2;4-6-5;4-1-5;4-2-5;4-1-2;4-3-1;4-1-6;4-3-5;4-2-6;4-3-2;4-6-3;4-1-3;4-2-3;4-3-6,4-5-1;4-5-2;4-5-6;4-6-1,4-5-1;4-5-2;4-5-6;4-6-1;4-5-3;4-2-1,4-5-1;4-5-2;4-5-6;4-6-1;4-5-3;4-2-1;4-6-2;4-6-5,0,BREAK,82.83466666666665,1,54.39633333333334,0.41200000000000003,0.6482,3
1-2-5,0.2806666666666667,2026-07-01,0.3864833333333333,0.3693333333333333,0.39066666666666666,0,0.047,0.5116,0,0,0,0,0.5101,2000,400,600,800,逃げ,0,0.3,30.007,1760,tune,202607010708,0.444,0,0,0,0,28.073666666666668,43.43533333333333,38.295750000000005,36.2957,33.36449999999999,32.06366666666666,0.8,0.8700000000000001,-1.0,0.0,4-5-1;4-5-2;4-2-1;4-6-1;4-1-2;4-3-1;4-5-3;4-5-6;4-6-2;4-1-5;4-2-5;4-3-2;4-1-3;4-1-6;4-6-5;4-2-3;4-2-6;4-3-5;4-6-3;4-3-6,4-5-1;4-5-2;4-2-1;4-6-1,4-5-1;4-5-2;4-2-1;4-6-1;4-1-2;4-3-1,4-5-1;4-5-2;4-2-1;4-6-1;4-1-2;4-3-1;4-5-3;4-5-6,0,BREAK,43.43533333333333,0,54.39633333333334,0.542,0.49229999999999996,1
1-4-6,0.4766666666666667,2026-07-01,0.49648333333333333,0.47933333333333333,0.6880000000000001,0,0.047,0.5116,0,0,0,0,0.4859,2000,400,600,800,逃げ,0,0.524,51.257000000000005,490,tune,202607010709,0.42,0,0,0,0,46.52366666666667,44.29333333333334,46.43575,47.3213,47.5145,46.64366666666667,-0.8,0.13,0.8,0.9,4-5-1;4-6-1;4-5-2;4-2-1;4-1-2;4-3-1;4-1-5;4-5-6;4-1-6;4-6-2;4-5-3;4-1-3;4-6-5;4-2-5;4-2-6;4-3-2;4-3-5;4-6-3;4-2-3;4-3-6,4-5-1;4-6-1;4-5-2;4-2-1,4-5-1;4-6-1;4-5-2;4-2-1;4-1-2;4-3-1,4-5-1;4-6-1;4-5-2;4-2-1;4-1-2;4-3-1;4-1-5;4-5-6,-0.5,BREAK,44.29333333333334,0,54.39633333333334,0.518,0.5163,1
3-1-6,0.506,2026-07-01,0.56985,0.51,0.4706666666666667,0,0.047,0.5116,0,0,0,0,0.6189,2000,400,600,800,まくり,0,0.538,53.807,16440,tune,202607010712,0.144,0,0,0,0,50.607,60.69200000000001,58.193250000000006,55.006299999999996,53.799499999999995,50.787,0.19999999999999996,0.66,0.4,0.7,4-5-1;4-5-2;4-6-1;4-2-1;4-5-6;4-6-2;4-1-2;4-5-3;4-1-5;4-3-1;4-2-5;4-6-5;4-1-6;4-2-6;4-3-2;4-1-3;4-3-5;4-2-3;4-6-3;4-3-6,4-5-1;4-5-2;4-6-1;4-2-1,4-5-1;4-5-2;4-6-1;4-2-1;4-5-6;4-6-2,4-5-1;4-5-2;4-6-1;4-2-1;4-5-6;4-6-2;4-1-2;4-5-3,0,BREAK,60.69200000000001,1,54.39633333333334,0.486,0.6336999999999999,3
1-2-4,0.622,2026-07-01,0.6266499999999999,0.592,0.56,0,1.059,0.7647,0,0,0,0,0.6031,2000,400,600,800,逃げ,0,0.6195,66.009,910,tune,202607010804,0.24,0,0,0,0,66.259,69.12800000000001,68.30524999999999,65.9827,66.4915,64.90899999999999,0.20000000000000007,0.66,0.4,0.7,4-5-1;4-5-2;4-6-1;4-5-6;4-2-1;4-6-2;4-1-2;4-1-5;4-5-3;4-3-1;4-6-5;4-1-6;4-2-5;4-2-6;4-1-3;4-3-2;4-6-3;4-3-5;4-2-3;4-3-6,4-5-1;4-5-2;4-6-1;4-5-6,4-5-1;4-5-2;4-6-1;4-5-6;4-2-1;4-6-2,4-5-1;4-5-2;4-6-1;4-5-6;4-2-1;4-6-2;4-1-2;4-1-5,0.5,BREAK,69.12800000000001,1,54.39633333333334,0.438,0.6313,1
1-6-4,0.4946666666666667,2026-07-01,0.6390833333333333,0.6583333333333333,0.6266666666666667,0,-1.201,0.1997,0,0,0,0,0.7217,2000,400,600,800,逃げ,0,0.5095000000000001,49.709,1780,tune,202607010806,0.288,0,0,0,0,48.22566666666667,59.55133333333334,57.62275,57.5529,55.4465,55.59066666666667,0.20000000000000007,0.63,0.4,0.7,4-5-1;4-6-1;4-5-2;4-2-1;4-6-2;4-5-6;4-1-2;4-1-6;4-6-5;4-1-5;4-2-6;4-3-1;4-5-3;4-2-5;4-6-3;4-3-2;4-1-3;4-3-6;4-2-3;4-3-5,4-5-1;4-6-1;4-5-2;4-2-1,4-5-1;4-6-1;4-5-2;4-2-1;4-6-2;4-5-6,4-5-1;4-6-1;4-5-2;4-2-1;4-6-2;4-5-6;4-1-2;4-1-6,0,BREAK,59.55133333333334,1,54.39633333333334,0.178,0.7835000000000001,1
1-4-2,0.7926666666666666,2026-07-01,0.7879833333333333,0.7673333333333333,0.38533333333333336,0,-1.436,0.1409,0,0,0,0,0.7583,2000,400,600,800,逃げ,0,0.7715,75.67399999999999,1510,tune,202607010811,0.13999999999999999,0,0,0,0,77.79066666666667,78.23833333333333,77.53024999999998,76.8941,77.55649999999999,76.65066666666665,0.8,0.93,0.20000000000000007,0.6000000000000001,4-5-1;4-6-1;4-5-6;4-5-2;4-6-5;4-2-1;4-1-5;4-1-6;4-6-2;4-5-3;4-3-1;4-1-2;4-6-3;4-2-5;4-1-3;4-2-6;4-3-5;4-3-6;4-3-2;4-2-3,4-5-1;4-6-1;4-5-6;4-5-2,4-5-1;4-6-1;4-5-6;4-5-2;4-6-5;4-2-1,4-5-1;4-6-1;4-5-6;4-5-2;4-6-5;4-2-1;4-1-5;4-1-6,0,BREAK,78.23833333333333,1,54.39633333333334,0.258,0.7833,1
1-5-4,0.596,2026-07-01,0.5074,0.43599999999999994,0.23066666666666666,0,1.119,0.7798,0,0,0,0,0.47239999999999993,2000,400,600,800,逃げ,0,0.59345,60.42400000000001,1460,tune,202607011006,0.316,0,0,0,0,60.678999999999995,43.275,48.20399999999999,55.30180000000001,56.248999999999995,53.479000000000006,-0.6000000000000001,0.22999999999999998,-0.19999999999999996,0.4,4-5-1;4-5-2;4-5-3;4-5-6;4-1-5;4-6-1;4-2-5;4-2-1;4-6-5;4-3-5;4-3-1;4-1-2;4-6-2;4-3-2;4-1-3;4-1-6;4-2-3;4-6-3;4-2-6;4-3-6,4-5-1;4-5-2;4-5-3;4-5-6,4-5-1;4-5-2;4-5-3;4-5-6;4-1-5;4-6-1,4-5-1;4-5-2;4-5-3;4-5-6;4-1-5;4-6-1;4-2-5;4-2-1,0,BREAK,43.275,0,54.39633333333334,0.7240000000000001,0.41879999999999995,1
2-4-3,0.6213333333333333,2026-07-01,0.5119166666666667,0.5416666666666666,0.3673333333333333,0,-1.688,0.078,0,0,0,0,0.4366,2000,400,600,800,差し,0,0.58545,55.667,10670,tune,202607011007,0.708,0,0,0,0,59.255333333333326,51.47766666666667,52.97325000000001,51.908699999999996,53.784499999999994,55.67033333333333,-0.19999999999999996,0.4600000000000001,0.20000000000000007,0.6000000000000001,4-5-1;4-5-2;4-5-6;4-2-1;4-6-1;4-5-3;4-2-5;4-1-5;4-1-2;4-6-2;4-6-5;4-3-1;4-3-5;4-3-2;4-2-6;4-1-6;4-2-3;4-1-3;4-6-3;4-3-6,4-5-1;4-5-2;4-5-6;4-2-1,4-5-1;4-5-2;4-5-6;4-2-1;4-6-1;4-5-3,4-5-1;4-5-2;4-5-6;4-2-1;4-6-1;4-5-3;4-2-5;4-1-5,-0.5,BREAK,51.47766666666667,0,54.39633333333334,0.538,0.4025000000000001,2
3-2-1,0.7273333333333333,2026-07-01,0.5812166666666666,0.5346666666666666,0.25199999999999995,0,1.956,0.9891,0,0,0,0,0.4826999999999999,2000,400,600,800,まくり,0,0.71745,73.661,6960,tune,202607011012,0.392,0,0,0,0,74.64933333333333,56.46566666666668,61.13974999999999,64.8839,67.34349999999999,65.97933333333333,-0.4,0.33,0.19999999999999996,0.6,4-5-1;4-5-2;4-5-6;4-5-3;4-6-1;4-6-5;4-6-2;4-2-5;4-2-1;4-1-5;4-3-5;4-3-1;4-6-3;4-2-6;4-1-2;4-1-6;4-3-2;4-3-6;4-2-3;4-1-3,4-5-1;4-5-2;4-5-6;4-5-3,4-5-1;4-5-2;4-5-6;4-5-3;4-6-1;4-6-5,4-5-1;4-5-2;4-5-6;4-5-3;4-6-1;4-6-5;4-6-2;4-2-5,0,BREAK,56.46566666666668,1,54.39633333333334,0.6580000000000001,0.43509999999999993,3
1-6-2,0.43733333333333335,2026-07-01,0.45621666666666666,0.43766666666666665,0.44933333333333336,0,0.473,0.6183,0,0,0,0,0.4866999999999999,2000,400,600,800,逃げ,0,0.43125,45.188,19030,tune,202607011908,0.456,0,0,0,0,45.79633333333334,39.43266666666667,41.96175,47.4489,46.740500000000004,45.81133333333334,-0.8,0.25,-0.19999999999999996,0.4,4-5-1;4-6-1;4-5-2;4-2-1;4-1-2;4-5-6;4-3-1;4-1-6;4-6-2;4-1-5;4-5-3;4-1-3;4-6-5;4-2-6;4-2-5;4-6-3;4-3-2;4-3-6;4-3-5;4-2-3,4-5-1;4-6-1;4-5-2;4-2-1,4-5-1;4-6-1;4-5-2;4-2-1;4-1-2;4-5-6,4-5-1;4-6-1;4-5-2;4-2-1;4-1-2;4-5-6;4-3-1;4-1-6,1.0,BREAK,39.43266666666667,0,54.39633333333334,0.562,0.47509999999999997,1
4-6-3,0.44066666666666665,2026-07-01,0.5527083333333334,0.5028333333333334,0.5701666666666666,1,1.497,0.8741,1,0,0,0,0.630225,2000,400,600,800,まくり,1,0.43155,44.612,2670,tune,202607012006,0.14999999999999997,2670,0,0,0,45.523666666666664,51.98983333333334,50.17637500000001,53.05519999999999,51.125750000000004,48.32116666666667,0.6,0.77,-0.75,0.125,4-5-1;4-6-1;4-5-2;4-2-1;4-6-2;4-5-6;4-3-1;4-1-2;4-5-3;4-1-6;4-3-2;4-6-3;4-2-6;4-1-3;4-6-5;4-1-5;4-3-6;4-2-3;4-2-5;4-3-5,4-5-1;4-6-1;4-5-2;4-2-1,4-5-1;4-6-1;4-5-2;4-2-1;4-6-2;4-5-6,4-5-1;4-6-1;4-5-2;4-2-1;4-6-2;4-5-6;4-3-1;4-1-2,0,BREAK,51.98983333333334,0,54.39633333333334,0.435,0.66475,4
4-1-6,0.5740000000000001,2026-07-01,0.5232000000000001,0.519,0.12333333333333332,1,1.661,0.9152,1,0,0,1,0.5330999999999999,2000,400,600,800,まくり差し,0,0.5595499999999999,57.57599999999999,1020,tune,202607012009,0.5119999999999999,1020,0,0,1020,59.02100000000001,59.837,59.461000000000006,56.59720000000001,56.48100000000001,56.54600000000001,-0.19999999999999996,0.49000000000000005,0.6,0.8,4-5-1;4-6-1;4-5-2;4-5-6;4-6-2;4-2-1;4-1-6;4-1-2;4-6-5;4-2-6;4-1-5;4-3-1;4-5-3;4-2-5;4-6-3;4-3-6;4-1-3;4-3-2;4-3-5;4-2-3,4-5-1;4-6-1;4-5-2;4-5-6,4-5-1;4-6-1;4-5-2;4-5-6;4-6-2;4-2-1,4-5-1;4-6-1;4-5-2;4-5-6;4-6-2;4-2-1;4-1-6;4-1-2,0,BREAK,59.837,1,54.39633333333334,0.536,0.47240000000000004,4
1-3-4,0.7613333333333334,2026-07-01,0.5952166666666667,0.5696666666666667,0.636,0,0.047,0.5116,0,0,0,0,0.41969999999999996,2000,400,600,800,逃げ,0,0.74435,73.292,810,tune,202607012207,0.476,0,0,0,0,74.99033333333334,54.71866666666668,60.09075000000001,62.49090000000001,66.6845,66.36533333333335,-0.4,0.2700000000000001,0.4,0.7,4-5-1;4-6-1;4-5-2;4-2-1;4-3-1;4-5-6;4-1-2;4-5-3;4-6-2;4-1-5;4-1-6;4-1-3;4-6-5;4-3-2;4-2-5;4-6-3;4-2-6;4-3-5;4-2-3;4-3-6,4-5-1;4-6-1;4-5-2;4-2-1,4-5-1;4-6-1;4-5-2;4-2-1;4-3-1;4-5-6,4-5-1;4-6-1;4-5-2;4-2-1;4-3-1;4-5-6;4-1-2;4-5-3,-0.5,BREAK,54.71866666666668,1,54.39633333333334,0.6220000000000001,0.4290999999999999,1
1-4-3,0.808,2026-07-01,0.7825500000000001,0.799,0.2846666666666667,0,0.074,0.5185,0,0,0,0,0.7505999999999999,2000,400,600,800,逃げ,0,0.7719,77.22399999999999,2840,tune,202607012303,0.304,0,0,0,0,80.834,87.349,84.81774999999999,78.8077,79.5615,80.429,1.0,0.97,0.8,0.9,4-5-1;4-5-2;4-6-1;4-5-6;4-2-1;4-1-5;4-5-3;4-1-2;4-6-2;4-2-5;4-6-5;4-3-1;4-1-6;4-3-5;4-2-6;4-1-3;4-3-2;4-2-3;4-6-3;4-3-6,4-5-1;4-5-2;4-6-1;4-5-6,4-5-1;4-5-2;4-6-1;4-5-6;4-2-1;4-1-5,4-5-1;4-5-2;4-6-1;4-5-6;4-2-1;4-1-5;4-5-3;4-1-2,0,BREAK,87.349,1,54.39633333333334,0.21000000000000002,0.7571,1
5-3-6,0.6326666666666667,2026-07-01,0.5535333333333334,0.5703333333333334,0.386,0,-1.382,0.1546,0,0,0,0,0.4951000000000001,2000,400,600,800,差し,0,0.5979,58.368,123360,tune,202607012308,0.588,0,0,0,0,61.844666666666676,44.64333333333334,48.52300000000001,56.4442,57.88800000000001,59.03966666666668,0.20000000000000007,0.54,-1.0,0.0,4-5-1;4-6-1;4-5-2;4-5-6;4-6-2;4-2-1;4-6-5;4-5-3;4-1-6;4-1-2;4-3-1;4-1-5;4-2-6;4-6-3;4-2-5;4-3-6;4-3-2;4-3-5;4-1-3;4-2-3,4-5-1;4-6-1;4-5-2;4-5-6,4-5-1;4-6-1;4-5-2;4-5-6;4-6-2;4-2-1,4-5-1;4-6-1;4-5-2;4-5-6;4-6-2;4-2-1;4-6-5;4-5-3,0,BREAK,44.64333333333334,0,54.39633333333334,0.49199999999999994,0.47440000000000004,5
1-2-6,0.13799999999999998,2026-07-01,0.3413,0.377,0.564,0,-0.703,0.3242,0,0,0,0,0.5278,2000,400,600,800,逃げ,0,0.15389999999999998,13.497,3320,tune,202607012311,0.588,0,0,0,0,11.907,19.037000000000003,19.5595,26.581599999999998,22.071999999999996,22.662,-0.8,0.07000000000000006,-0.19999999999999996,0.4,4-5-2;4-5-1;4-6-2;4-6-1;4-5-6;4-2-1;4-1-2;4-2-5;4-5-3;4-6-5;4-2-6;4-1-5;4-3-2;4-1-6;4-3-1;4-2-3;4-6-3;4-3-5;4-3-6;4-1-3,4-5-2;4-5-1;4-6-2;4-6-1,4-5-2;4-5-1;4-6-2;4-6-1;4-5-6;4-2-1,4-5-2;4-5-1;4-6-2;4-6-1;4-5-6;4-2-1;4-1-2;4-2-5,-0.5,BREAK,19.037000000000003,0,54.39633333333334,0.384,0.5446,1
4-3-5,0.5473333333333333,2026-07-02,0.5371666666666667,0.5196666666666667,0.7253333333333334,1,0.047,0.5116,1,0,0,0,0.48939999999999995,2000,400,600,800,まくり,1,0.5464499999999999,54.65199999999999,3650,tune,202607020401,0.408,3650,0,0,0,54.74033333333333,47.515666666666675,50.7295,53.160799999999995,54.232,53.495333333333335,-0.6000000000000001,0.17000000000000004,0.6,0.8,4-5-1;4-6-1;4-5-2;4-2-1;4-3-1;4-1-2;4-5-6;4-6-2;4-5-3;4-1-6;4-1-5;4-1-3;4-6-5;4-6-3;4-3-2;4-2-6;4-3-6;4-2-5;4-2-3;4-3-5,4-5-1;4-6-1;4-5-2;4-2-1,4-5-1;4-6-1;4-5-2;4-2-1;4-3-1;4-1-2,4-5-1;4-6-1;4-5-2;4-2-1;4-3-1;4-1-2;4-5-6;4-6-2,0,BREAK,47.515666666666675,0,54.39633333333334,0.508,0.527,4
4-6-1,0.8113333333333334,2026-07-02,0.7591166666666667,0.8126666666666666,0.6373333333333333,1,1.59,0.8974,1,1,1,1,0.6545,2000,400,600,800,まくり,1,0.79135,82.31500000000001,4060,tune,202607020501,0.492,4060,4060,4060,4060,84.31333333333335,82.51966666666667,83.01125,79.29650000000001,81.70250000000001,84.37333333333335,0.4,0.67,1.0,1.0,4-5-1;4-6-1;4-5-2;4-5-6;4-2-1;4-6-2;4-1-2;4-1-5;4-1-6;4-6-5;4-5-3;4-3-1;4-2-5;4-2-6;4-1-3;4-6-3;4-3-2;4-3-5;4-3-6;4-2-3,4-5-1;4-6-1;4-5-2;4-5-6,4-5-1;4-6-1;4-5-2;4-5-6;4-2-1;4-6-2,4-5-1;4-6-1;4-5-2;4-5-6;4-2-1;4-6-2;4-1-2;4-1-5,1.0,BREAK,82.51966666666667,1,54.39633333333334,0.18600000000000003,0.7069,4
4-3-5,0.718,2026-07-02,0.5843,0.501,0.44733333333333336,1,1.863,0.9658,1,0,0,0,0.46709999999999996,2000,400,600,800,まくり,1,0.7112999999999999,71.803,1630,tune,202607020602,0.24,1630,0,0,0,72.473,59.023,62.600500000000004,62.942200000000014,65.788,62.708000000000006,-0.4,0.33,0.6,0.8,4-5-1;4-5-2;4-6-1;4-5-3;4-5-6;4-2-1;4-3-1;4-1-5;4-1-2;4-6-2;4-6-5;4-2-5;4-1-3;4-3-5;4-1-6;4-3-2;4-6-3;4-2-3;4-2-6;4-3-6,4-5-1;4-5-2;4-6-1;4-5-3,4-5-1;4-5-2;4-6-1;4-5-3;4-5-6;4-2-1,4-5-1;4-5-2;4-6-1;4-5-3;4-5-6;4-2-1;4-3-1;4-1-5,-0.5,BREAK,59.023,1,54.39633333333334,0.716,0.4506,4
1-4-6,0.5446666666666666,2026-07-02,0.5007833333333334,0.4773333333333333,0.4593333333333333,0,0.977,0.7442,0,0,0,0,0.4698,2000,400,600,800,逃げ,0,0.5493,54.717,1970,tune,202607020605,0.456,0,0,0,0,54.25366666666666,44.973333333333336,48.79325,51.2901,52.0595,51.22366666666667,-1.0,0.06000000000000005,0.8,0.9,4-5-1;4-6-1;4-5-2;4-5-6;4-2-1;4-6-2;4-1-2;4-1-6;4-3-1;4-6-5;4-5-3;4-1-5;4-2-6;4-6-3;4-1-3;4-2-5;4-3-2;4-3-6;4-2-3;4-3-5,4-5-1;4-6-1;4-5-2;4-5-6,4-5-1;4-6-1;4-5-2;4-5-6;4-2-1;4-6-2,4-5-1;4-6-1;4-5-2;4-5-6;4-2-1;4-6-2;4-1-2;4-1-6,-0.5,BREAK,44.973333333333336,0,54.39633333333334,0.5900000000000001,0.4569,1
4-1-3,0.8093333333333333,2026-07-02,0.7525166666666667,0.7696666666666667,0.31133333333333335,1,1.075,0.7688,1,0,0,0,0.6943999999999999,2000,400,600,800,抜き,0,0.7993,80.965,2160,tune,202607020608,0.368,2160,0,0,0,81.96833333333333,75.54666666666667,77.22125000000001,77.7353,79.12750000000001,80.18333333333334,0.6,0.65,0.6000000000000001,0.8,4-5-1;4-5-2;4-6-1;4-5-6;4-6-2;4-2-1;4-5-3;4-1-2;4-6-5;4-2-5;4-2-6;4-3-1;4-3-2;4-1-5;4-1-6;4-6-3;4-2-3;4-3-5;4-3-6;4-1-3,4-5-1;4-5-2;4-6-1;4-5-6,4-5-1;4-5-2;4-6-1;4-5-6;4-6-2;4-2-1,4-5-1;4-5-2;4-6-1;4-5-6;4-6-2;4-2-1;4-5-3;4-1-2,0,BREAK,75.54666666666667,1,54.39633333333334,0.27,0.6957,4
4-2-6,0.7233333333333334,2026-07-02,0.6461166666666667,0.6646666666666667,0.33466666666666667,1,1.283,0.8208,1,0,0,1,0.5831,2000,400,600,800,差し,0,0.7235,72.44300000000001,2180,tune,202607020808,0.5,2180,0,0,2180,72.42633333333335,62.70866666666669,64.57925000000002,67.02470000000001,68.5655,69.78633333333335,0.4,0.67,-0.19999999999999996,0.4,4-5-2;4-5-1;4-2-1;4-6-2;4-6-1;4-1-2;4-5-6;4-2-6;4-2-5;4-3-2;4-1-6;4-3-1;4-6-5;4-5-3;4-1-5;4-2-3;4-6-3;4-1-3;4-3-6;4-3-5,4-5-2;4-5-1;4-2-1;4-6-2,4-5-2;4-5-1;4-2-1;4-6-2;4-6-1;4-1-2,4-5-2;4-5-1;4-2-1;4-6-2;4-6-1;4-1-2;4-5-6;4-2-6,-0.5,BREAK,62.70866666666669,1,54.39633333333334,0.394,0.5689,4
1-2-4,0.44866666666666666,2026-07-02,0.5093333333333333,0.5163333333333333,0.43066666666666664,0,-1.502,0.1245,0,0,0,0,0.5698,2000,400,600,800,逃げ,0,0.4511,43.568,1760,tune,202607021102,0.456,0,0,0,0,43.324666666666666,46.647333333333336,46.538,47.809599999999996,46.358,46.36966666666667,-0.4,0.42000000000000004,0.19999999999999996,0.6,4-5-1;4-5-2;4-5-6;4-2-5;4-2-1;4-5-3;4-6-1;4-1-5;4-6-2;4-1-2;4-6-5;4-3-5;4-3-1;4-2-6;4-3-2;4-1-6;4-2-3;4-1-3;4-6-3;4-3-6,4-5-1;4-5-2;4-5-6;4-2-5,4-5-1;4-5-2;4-5-6;4-2-5;4-2-1;4-5-3,4-5-1;4-5-2;4-5-6;4-2-5;4-2-1;4-5-3;4-6-1;4-1-5,0,BREAK,46.647333333333336,0,54.39633333333334,0.41600000000000004,0.57,1
3-1-2,0.542,2026-07-02,0.5629500000000001,0.5640000000000001,0.7066666666666667,0,1.398,0.8495,0,0,0,0,0.5403,2000,400,600,800,まくり,0,0.5271,57.108000000000004,12860,tune,202607021108,0.41999999999999993,0,0,0,0,58.598000000000006,56.35300000000001,56.85175000000002,59.1891,59.645500000000006,59.58800000000001,0.4,0.61,-0.4,0.3,4-5-1;4-5-2;4-6-1;4-5-6;4-2-1;4-6-2;4-1-5;4-6-5;4-5-3;4-1-2;4-1-6;4-3-1;4-2-5;4-2-6;4-3-5;4-1-3;4-6-3;4-3-2;4-3-6;4-2-3,4-5-1;4-5-2;4-6-1;4-5-6,4-5-1;4-5-2;4-6-1;4-5-6;4-2-1;4-6-2,4-5-1;4-5-2;4-6-1;4-5-6;4-2-1;4-6-2;4-1-5;4-6-5,0.5,BREAK,56.35300000000001,1,54.39633333333334,0.414,0.5839000000000001,3
2-1-3,0.6126666666666667,2026-07-02,0.6065333333333334,0.5743333333333334,0.33866666666666667,0,-0.807,0.2982,0,0,0,0,0.61,2000,400,600,800,差し,0,0.6051,59.663,4620,tune,202607021112,0.28,0,0,0,0,60.419666666666664,56.91833333333334,58.623,60.177,60.113,58.69466666666667,-0.4,0.39,0.6000000000000001,0.8,4-5-1;4-5-2;4-5-6;4-6-1;4-2-1;4-5-3;4-6-2;4-1-2;4-2-5;4-1-5;4-6-5;4-3-1;4-3-2;4-2-6;4-1-6;4-3-5;4-2-3;4-1-3;4-6-3;4-3-6,4-5-1;4-5-2;4-5-6;4-6-1,4-5-1;4-5-2;4-5-6;4-6-1;4-2-1;4-5-3,4-5-1;4-5-2;4-5-6;4-6-1;4-2-1;4-5-3;4-6-2;4-1-2,0,BREAK,56.91833333333334,1,54.39633333333334,0.46399999999999997,0.6004,2
4-5-1,0.5453333333333333,2026-07-02,0.43871666666666664,0.39566666666666667,0.506,1,-0.878,0.2804,1,1,1,1,0.357,2000,400,600,800,まくり差し,0,0.5458000000000001,53.662000000000006,5490,tune,202607021606,0.508,5490,5490,5490,5490,53.61533333333333,38.96566666666667,42.263250000000006,46.2735,48.2845,46.88033333333335,-0.20000000000000007,0.37000000000000005,-0.6,0.2,4-5-1;4-5-2;4-6-1;4-2-1;4-5-6;4-6-2;4-5-3;4-1-2;4-3-1;4-1-5;4-6-5;4-2-5;4-1-6;4-3-2;4-2-6;4-1-3;4-3-5;4-6-3;4-2-3;4-3-6,4-5-1;4-5-2;4-6-1;4-2-1,4-5-1;4-5-2;4-6-1;4-2-1;4-5-6;4-6-2,4-5-1;4-5-2;4-6-1;4-2-1;4-5-6;4-6-2;4-5-3;4-1-2,0,BREAK,38.96566666666667,0,54.39633333333334,0.754,0.33209999999999995,4
3-2-1,0.7333333333333334,2026-07-02,0.7066666666666667,0.6786666666666666,0.474,0,0.38,0.5951,0,0,0,0,0.6573,2000,400,600,800,まくり差し,0,0.6992499999999999,70.26499999999999,11310,tune,202607021906,0.21599999999999997,0,0,0,0,73.67333333333333,70.44666666666664,71.24,71.2006,72.33999999999999,71.21333333333334,0.4,0.67,0.4,0.7,4-5-1;4-5-2;4-6-1;4-2-1;4-1-2;4-6-2;4-5-6;4-3-1;4-1-5;4-5-3;4-1-6;4-2-5;4-1-3;4-6-5;4-2-6;4-3-2;4-2-3;4-6-3;4-3-5;4-3-6,4-5-1;4-5-2;4-6-1;4-2-1,4-5-1;4-5-2;4-6-1;4-2-1;4-1-2;4-6-2,4-5-1;4-5-2;4-6-1;4-2-1;4-1-2;4-6-2;4-5-6;4-3-1,0,BREAK,70.44666666666664,1,54.39633333333334,0.37600000000000006,0.6799999999999999,3
1-4-6,0.274,2026-07-02,0.3665,0.363,0.632,0,-1.639,0.0903,0,0,0,0,0.4453999999999999,2000,400,600,800,逃げ,0,0.27755,26.076000000000004,1240,tune,202607022003,0.528,0,0,0,0,25.721000000000004,28.683000000000007,29.043500000000005,32.266799999999996,30.346000000000007,29.726000000000006,-0.6,0.23000000000000004,-0.19999999999999996,0.4,4-5-1;4-5-2;4-6-1;4-6-2;4-2-1;4-5-6;4-1-2;4-1-6;4-2-6;4-6-5;4-3-1;4-1-5;4-5-3;4-2-5;4-3-2;4-6-3;4-1-3;4-2-3;4-3-6;4-3-5,4-5-1;4-5-2;4-6-1;4-6-2,4-5-1;4-5-2;4-6-1;4-6-2;4-2-1;4-5-6,4-5-1;4-5-2;4-6-1;4-6-2;4-2-1;4-5-6;4-1-2;4-1-6,0,BREAK,28.683000000000007,0,54.39633333333334,0.548,0.45899999999999996,1
1-2-4,0.29533333333333334,2026-07-02,0.35351666666666665,0.30066666666666664,0.796,0,0.047,0.5116,0,0,0,0,0.3813,2000,400,600,800,逃げ,0,0.30624999999999997,29.481999999999996,540,tune,202607022111,0.39199999999999996,0,0,0,0,28.390333333333334,22.116666666666667,25.208249999999996,32.027100000000004,31.29949999999999,28.630333333333333,-1.0,0.06000000000000005,-0.4,0.3,4-5-1;4-6-1;4-2-1;4-5-2;4-6-2;4-1-2;4-1-6;4-5-6;4-3-1;4-2-6;4-1-5;4-6-5;4-1-3;4-5-3;4-3-2;4-6-3;4-2-5;4-3-6;4-2-3;4-3-5,4-5-1;4-6-1;4-2-1;4-5-2,4-5-1;4-6-1;4-2-1;4-5-2;4-6-2;4-1-2,4-5-1;4-6-1;4-2-1;4-5-2;4-6-2;4-1-2;4-1-6;4-5-6,-0.5,BREAK,22.116666666666667,0,54.39633333333334,0.6940000000000001,0.41169999999999995,1
1-2-4,0.5906666666666667,2026-07-02,0.5081833333333333,0.5323333333333333,0.6966666666666668,0,-1.628,0.093,0,0,0,0,0.4069999999999999,2000,400,600,800,逃げ,0,0.5923499999999999,57.56699999999999,550,tune,202607022212,0.664,0,0,0,0,57.39866666666667,50.15433333333334,52.86325000000001,50.8835,53.2745,54.77366666666667,-0.8,0.16000000000000003,1.0,1.0,4-5-1;4-5-2;4-2-1;4-6-1;4-1-2;4-3-1;4-6-2;4-1-5;4-5-6;4-5-3;4-1-6;4-1-3;4-2-5;4-3-2;4-2-6;4-2-3;4-6-5;4-6-3;4-3-5;4-3-6,4-5-1;4-5-2;4-2-1;4-6-1,4-5-1;4-5-2;4-2-1;4-6-1;4-1-2;4-3-1,4-5-1;4-5-2;4-2-1;4-6-1;4-1-2;4-3-1;4-6-2;4-1-5,0,BREAK,50.15433333333334,0,54.39633333333334,0.526,0.42569999999999997,1
1-3-4,0.634,2026-07-02,0.5664499999999999,0.522,0.342,0,0.172,0.5431,0,0,0,0,0.5233999999999999,2000,400,600,800,逃げ,0,0.6119,61.321999999999996,2750,tune,202607022308,0.33599999999999997,0,0,0,0,63.532,60.573,60.25324999999999,59.07229999999999,60.1545,58.492,0.4,0.73,-0.20000000000000007,0.39999999999999997,4-5-1;4-5-2;4-6-1;4-2-1;4-5-6;4-6-2;4-1-2;4-3-1;4-1-5;4-5-3;4-1-6;4-2-5;4-6-5;4-2-6;4-3-2;4-1-3;4-2-3;4-6-3;4-3-5;4-3-6,4-5-1;4-5-2;4-6-1;4-2-1,4-5-1;4-5-2;4-6-1;4-2-1;4-5-6;4-6-2,4-5-1;4-5-2;4-6-1;4-2-1;4-5-6;4-6-2;4-1-2;4-3-1,0,BREAK,60.573,1,54.39633333333334,0.5900000000000001,0.4988999999999999,1
1-4-2,0.496,2026-07-02,0.5387,0.496,0.6633333333333333,0,1.551,0.8878,0,0,0,0,0.5453000000000001,2000,400,600,800,逃げ,0,0.49590000000000006,51.101000000000006,840,tune,202607022312,0.25999999999999995,0,0,0,0,51.111000000000004,45.293000000000006,48.5185,53.476600000000005,53.246,51.11100000000001,-0.8,0.16000000000000003,0.4,0.7,4-5-1;4-6-1;4-5-2;4-2-1;4-3-1;4-1-2;4-6-2;4-5-6;4-1-6;4-5-3;4-1-5;4-1-3;4-6-5;4-3-2;4-2-6;4-6-3;4-2-5;4-3-6;4-2-3;4-3-5,4-5-1;4-6-1;4-5-2;4-2-1,4-5-1;4-6-1;4-5-2;4-2-1;4-3-1;4-1-2,4-5-1;4-6-1;4-5-2;4-2-1;4-3-1;4-1-2;4-6-2;4-5-6,0,BREAK,45.293000000000006,0,54.39633333333334,0.504,0.5814,1
1-3-2,0.6086666666666667,2026-07-02,0.6474833333333334,0.6233333333333333,0.17266666666666666,0,-1.453,0.1368,0,0,0,0,0.7078,2000,400,600,800,逃げ,0,0.59525,58.03199999999999,780,tune,202607022410,0.22399999999999998,0,0,0,0,59.373666666666665,57.93933333333333,58.440749999999994,62.71909999999999,61.3145,60.03366666666666,0.4,0.67,-0.20000000000000007,0.39999999999999997,4-5-1;4-5-2;4-6-1;4-2-1;4-6-2;4-5-6;4-1-2;4-5-3;4-3-1;4-1-5;4-2-5;4-1-6;4-6-5;4-2-6;4-3-2;4-1-3;4-2-3;4-6-3;4-3-5;4-3-6,4-5-1;4-5-2;4-6-1;4-2-1,4-5-1;4-5-2;4-6-1;4-2-1;4-6-2;4-5-6,4-5-1;4-5-2;4-6-1;4-2-1;4-6-2;4-5-6;4-1-2;4-5-3,0,BREAK,57.93933333333333,1,54.39633333333334,0.362,0.6863,1
2-1-6,0.19199999999999998,2026-07-02,0.44684999999999997,0.40099999999999997,0.5766666666666667,0,1.278,0.8194,0,0,0,0,0.6606,2000,400,600,800,差し,0,0.20125,24.403,12250,tune,202607022412,0.12799999999999997,0,0,0,0,23.477999999999998,37.151,35.72925,41.4327,36.220499999999994,32.883,-0.4,0.33,-0.20000000000000007,0.39999999999999997,4-5-1;4-6-1;4-5-2;4-5-6;4-6-2;4-2-1;4-1-2;4-6-5;4-1-6;4-1-5;4-2-6;4-5-3;4-2-5;4-3-1;4-6-3;4-1-3;4-3-2;4-3-6;4-3-5;4-2-3,4-5-1;4-6-1;4-5-2;4-5-6,4-5-1;4-6-1;4-5-2;4-5-6;4-6-2;4-2-1,4-5-1;4-6-1;4-5-2;4-5-6;4-6-2;4-2-1;4-1-2;4-6-5,0.5,BREAK,37.151,0,54.39633333333334,0.39,0.7017,2
4-3-6,0.7746666666666667,2026-07-03,0.7729833333333334,0.8363333333333334,0.236,1,0.057,0.5144,1,0,0,0,0.7693,2000,400,600,800,まくり,1,0.7593,74.797,4550,tune,202607030608,0.46399999999999997,4550,0,0,0,76.33366666666667,77.69733333333335,77.47825000000002,76.16510000000001,76.2495,79.10866666666668,0.6,0.74,0.8,0.9,4-5-1;4-5-2;4-6-1;4-5-6;4-6-2;4-6-5;4-5-3;4-2-1;4-1-6;4-2-6;4-1-5;4-3-1;4-1-2;4-2-5;4-6-3;4-3-6;4-3-5;4-3-2;4-1-3;4-2-3,4-5-1;4-5-2;4-6-1;4-5-6,4-5-1;4-5-2;4-6-1;4-5-6;4-6-2;4-6-5,4-5-1;4-5-2;4-6-1;4-5-6;4-6-2;4-6-5;4-5-3;4-2-1,-0.5,BREAK,77.69733333333335,1,54.39633333333334,0.10200000000000001,0.7713,4
4-6-2,0.5006666666666667,2026-07-03,0.40858333333333335,0.43133333333333335,0.5686666666666667,1,-0.944,0.264,1,0,1,1,0.3333999999999999,2000,400,600,800,まくり,1,0.528,50.666000000000004,5640,tune,202607030701,0.768,5640,0,5640,5640,47.93266666666667,41.41633333333334,43.20725,41.4903,43.328500000000005,44.81266666666667,-0.6,0.23000000000000004,0.4,0.7,4-5-1;4-6-1;4-5-2;4-2-1;4-6-2;4-1-2;4-5-6;4-1-6;4-3-1;4-2-6;4-1-5;4-6-5;4-2-5;4-5-3;4-3-2;4-1-3;4-6-3;4-2-3;4-3-6;4-3-5,4-5-1;4-6-1;4-5-2;4-2-1,4-5-1;4-6-1;4-5-2;4-2-1;4-6-2;4-1-2,4-5-1;4-6-1;4-5-2;4-2-1;4-6-2;4-1-2;4-5-6;4-1-6,-0.5,BREAK,41.41633333333334,0,54.39633333333334,0.638,0.3165,4
1-5-4,0.5093333333333334,2026-07-03,0.5619666666666667,0.6606666666666667,0.582,0,-0.9,0.275,0,0,0,0,0.5837000000000001,2000,400,600,800,逃げ,0,0.5071,49.77,4920,tune,202607031109,0.752,0,0,0,0,49.99333333333335,57.920666666666676,56.58250000000001,53.20840000000001,52.62500000000001,56.80333333333335,0.20000000000000007,0.48000000000000004,0.8,0.9,4-5-1;4-5-2;4-2-1;4-1-2;4-6-1;4-6-2;4-2-5;4-5-6;4-3-1;4-1-5;4-5-3;4-3-2;4-2-6;4-2-3;4-1-6;4-1-3;4-6-5;4-3-5;4-6-3;4-3-6,4-5-1;4-5-2;4-2-1;4-1-2,4-5-1;4-5-2;4-2-1;4-1-2;4-6-1;4-6-2,4-5-1;4-5-2;4-2-1;4-1-2;4-6-1;4-6-2;4-2-5;4-5-6,0,BREAK,57.920666666666676,1,54.39633333333334,0.18799999999999997,0.6146,1
1-3-4,0.1293333333333333,2026-07-03,0.38271666666666665,0.43766666666666665,0.4033333333333333,0,1.529,0.8824,0,0,0,0,0.6294,2000,400,600,800,逃げ,0,0.15510000000000002,16.999000000000002,2050,tune,202607031110,0.568,0,0,0,0,14.42233333333333,31.64466666666667,29.030250000000002,33.025299999999994,27.091499999999996,28.297333333333334,-0.19999999999999996,0.34,-0.19999999999999996,0.4,4-5-1;4-5-2;4-6-1;4-6-2;4-2-1;4-5-6;4-1-2;4-5-3;4-2-5;4-6-5;4-3-1;4-2-6;4-1-5;4-3-2;4-1-6;4-2-3;4-6-3;4-3-5;4-1-3;4-3-6,4-5-1;4-5-2;4-6-1;4-6-2,4-5-1;4-5-2;4-6-1;4-6-2;4-2-1;4-5-6,4-5-1;4-5-2;4-6-1;4-6-2;4-2-1;4-5-6;4-1-2;4-5-3,0,BREAK,31.64466666666667,0,54.39633333333334,0.254,0.6361,1
1-4-5,0.551,2026-07-03,0.473875,0.438,0.547,0,0.047,0.5116,0,0,0,0,0.40569999999999995,2000,400,600,800,逃げ,0,0.53305,53.312,760,tune,202607031309,0.47000000000000003,0,0,0,0,55.107,42.2725,45.99387500000001,49.59665,51.25075,50.022000000000006,-0.6,0.23000000000000004,0.0,0.5,4-5-1;4-5-2;4-6-1;4-5-6;4-2-1;4-1-5;4-5-3;4-1-2;4-3-1;4-6-2;4-6-5;4-1-6;4-2-5;4-1-3;4-3-5;4-2-6;4-3-2;4-6-3;4-3-6;4-2-3,4-5-1;4-5-2;4-6-1;4-5-6,4-5-1;4-5-2;4-6-1;4-5-6;4-2-1;4-1-5,4-5-1;4-5-2;4-6-1;4-5-6;4-2-1;4-1-5;4-5-3;4-1-2,0,BREAK,42.2725,0,54.39633333333334,0.675,0.39674999999999994,1
4-1-6,0.36266666666666664,2026-07-03,0.3508833333333333,0.31833333333333325,0.51,1,-1.365,0.1587,1,0,0,0,0.36219999999999986,2000,400,600,800,まくり差し,0,0.3758,36.175000000000004,5780,tune,202607031607,0.54,5780,0,0,0,34.861666666666665,36.08733333333333,36.07374999999999,34.497899999999994,34.272499999999994,32.86666666666666,-0.6,0.26000000000000006,0.19999999999999996,0.6,4-5-1;4-5-2;4-6-1;4-2-1;4-6-2;4-5-6;4-1-2;4-5-3;4-3-1;4-3-2;4-2-6;4-1-6;4-2-5;4-1-5;4-6-5;4-2-3;4-1-3;4-6-3;4-3-6;4-3-5,4-5-1;4-5-2;4-6-1;4-2-1,4-5-1;4-5-2;4-6-1;4-2-1;4-6-2;4-5-6,4-5-1;4-5-2;4-6-1;4-2-1;4-6-2;4-5-6;4-1-2;4-5-3,0,BREAK,36.08733333333333,0,54.39633333333334,0.7260000000000001,0.33909999999999996,4
1-2-4,0.436,2026-07-03,0.39274999999999993,0.349,0.2013333333333333,0,1.595,0.8988,0,0,0,0,0.41749999999999987,2000,400,600,800,逃げ,0,0.41924999999999996,43.48,14480,tune,202607031904,0.488,0,0,0,0,45.155,40.178000000000004,41.41375,43.4505,42.99249999999999,41.24,-0.4,0.33,-0.19999999999999996,0.4,4-5-1;4-5-2;4-5-3;4-5-6;4-6-1;4-6-2;4-6-3;4-3-1;4-3-2;4-3-6;4-6-5;4-3-5;4-2-1;4-2-3;4-2-6;4-2-5;4-1-3;4-1-2;4-1-6;4-1-5,4-5-1;4-5-2;4-5-3;4-5-6,4-5-1;4-5-2;4-5-3;4-5-6;4-6-1;4-6-2,4-5-1;4-5-2;4-5-3;4-5-6;4-6-1;4-6-2;4-6-3;4-3-1,0,BREAK,40.178000000000004,0,54.39633333333334,0.7380000000000001,0.3494999999999999,1
4-1-5,0.6340000000000001,2026-07-03,0.6031500000000001,0.558,0.6506666666666667,1,-1.869,0.0328,1,0,1,1,0.5394999999999999,2000,400,600,800,まくり,1,0.6075499999999999,58.846,2740,tune,202607032005,0.26,2740,0,2740,2740,61.491000000000014,58.626000000000005,59.72975000000001,58.4865,59.94850000000001,58.07100000000001,-0.20000000000000007,0.46,0.6,0.8,4-5-1;4-5-2;4-2-1;4-6-1;4-1-2;4-1-5;4-3-1;4-5-6;4-5-3;4-6-2;4-2-5;4-1-6;4-1-3;4-6-5;4-3-2;4-3-5;4-2-6;4-2-3;4-6-3;4-3-6,4-5-1;4-5-2;4-2-1;4-6-1,4-5-1;4-5-2;4-2-1;4-6-1;4-1-2;4-1-5,4-5-1;4-5-2;4-2-1;4-6-1;4-1-2;4-1-5;4-3-1;4-5-6,0,BREAK,58.626000000000005,1,54.39633333333334,0.518,0.5723,4
1-2-5,0.6773333333333335,2026-07-03,0.6889166666666667,0.7116666666666667,0.5013333333333333,0,-1.163,0.2093,0,0,0,0,0.6698999999999999,2000,400,600,800,逃げ,0,0.65755,64.55199999999999,1230,tune,202607032011,0.384,0,0,0,0,66.53033333333335,69.30066666666667,68.71325000000002,66.7143,67.10950000000001,68.07533333333335,0.6,0.6799999999999999,0.6,0.8,4-5-1;4-5-2;4-6-1;4-2-1;4-5-6;4-6-2;4-1-2;4-1-5;4-5-3;4-3-1;4-2-5;4-1-6;4-6-5;4-2-6;4-3-2;4-1-3;4-2-3;4-6-3;4-3-5;4-3-6,4-5-1;4-5-2;4-6-1;4-2-1,4-5-1;4-5-2;4-6-1;4-2-1;4-5-6;4-6-2,4-5-1;4-5-2;4-6-1;4-2-1;4-5-6;4-6-2;4-1-2;4-1-5,0,BREAK,69.30066666666667,1,54.39633333333334,0.254,0.7005,1
4-1-2,0.8593333333333335,2026-07-03,0.8111166666666667,0.8506666666666668,0.5693333333333334,1,-0.725,0.3187,1,0,1,1,0.7125,2000,400,600,800,まくり,1,0.82425,81.66,1650,tune,202607032102,0.384,1650,0,1650,1650,85.16833333333335,83.67866666666669,83.48625000000003,80.4915,82.75750000000001,84.77833333333335,1.0,0.88,0.6000000000000001,0.8,4-5-1;4-6-1;4-2-1;4-5-2;4-1-2;4-6-2;4-1-6;4-5-6;4-3-1;4-1-5;4-6-5;4-2-6;4-1-3;4-5-3;4-2-5;4-6-3;4-3-2;4-3-6;4-2-3;4-3-5,4-5-1;4-6-1;4-2-1;4-5-2,4-5-1;4-6-1;4-2-1;4-5-2;4-1-2;4-6-2,4-5-1;4-6-1;4-2-1;4-5-2;4-1-2;4-6-2;4-1-6;4-5-6,0,BREAK,83.67866666666669,1,54.39633333333334,0.15799999999999997,0.7629,4
1-2-3,0.7326666666666667,2026-07-03,0.6444333333333334,0.6283333333333333,0.6333333333333333,0,1.973,0.9932,0,0,0,0,0.528,2000,400,600,800,逃げ,0,0.7202500000000001,72.808,1270,tune,202607032104,0.38399999999999995,0,0,0,0,74.04966666666667,60.02633333333334,64.10050000000001,66.9,69.638,69.35466666666667,-0.19999999999999996,0.37000000000000005,0.4,0.7,4-5-1;4-6-1;4-2-1;4-5-2;4-1-2;4-3-1;4-1-5;4-1-6;4-6-2;4-1-3;4-5-6;4-5-3;4-3-2;4-2-5;4-2-6;4-6-5;4-2-3;4-6-3;4-3-5;4-3-6,4-5-1;4-6-1;4-2-1;4-5-2,4-5-1;4-6-1;4-2-1;4-5-2;4-1-2;4-3-1,4-5-1;4-6-1;4-2-1;4-5-2;4-1-2;4-3-1;4-1-5;4-1-6,-0.5,BREAK,60.02633333333334,1,54.39633333333334,0.47600000000000003,0.5562,1
1-3-4,0.44066666666666665,2026-07-03,0.41068333333333334,0.36133333333333334,0.31,0,1.557,0.8892,0,0,0,0,0.42779999999999996,2000,400,600,800,逃げ,0,0.44235,45.752,790,tune,202607032209,0.436,0,0,0,0,45.583666666666666,35.50933333333334,38.810750000000006,44.4011,44.084500000000006,42.01366666666667,-0.6000000000000001,0.17000000000000004,-0.20000000000000007,0.39999999999999997,4-5-1;4-5-2;4-6-1;4-5-3;4-5-6;4-2-1;4-3-1;4-1-5;4-1-2;4-6-2;4-6-5;4-1-3;4-2-5;4-3-5;4-3-2;4-1-6;4-6-3;4-2-3;4-2-6;4-3-6,4-5-1;4-5-2;4-6-1;4-5-3,4-5-1;4-5-2;4-6-1;4-5-3;4-5-6;4-2-1,4-5-1;4-5-2;4-6-1;4-5-3;4-5-6;4-2-1;4-3-1;4-1-5,0,BREAK,35.50933333333334,0,54.39633333333334,0.718,0.38070000000000004,1
4-1-3,0.30866666666666664,2026-07-03,0.3716333333333333,0.3723333333333333,0.5046666666666667,1,-1.442,0.1395,1,0,0,0,0.4437,2000,400,600,800,まくり,1,0.29790000000000005,28.308000000000007,8780,tune,202607032304,0.5680000000000001,8780,0,0,0,29.384666666666664,27.95333333333333,29.255499999999998,34.2444,32.532999999999994,32.24966666666666,-0.6,0.22999999999999998,-0.4,0.3,4-6-1;4-5-1;4-6-2;4-5-2;4-5-6;4-2-1;4-1-2;4-2-6;4-1-6;4-6-5;4-3-1;4-6-3;4-5-3;4-2-5;4-3-2;4-1-5;4-3-6;4-2-3;4-1-3;4-3-5,4-6-1;4-5-1;4-6-2;4-5-2,4-6-1;4-5-1;4-6-2;4-5-2;4-5-6;4-2-1,4-6-1;4-5-1;4-6-2;4-5-2;4-5-6;4-2-1;4-1-2;4-2-6,0,BREAK,27.95333333333333,0,54.39633333333334,0.5640000000000001,0.4346,4
6-5-4,0.4713333333333334,2026-07-03,0.43851666666666667,0.4066666666666666,0.31666666666666665,0,-1.228,0.1929,0,0,0,0,0.44779999999999986,2000,400,600,800,恵まれ,0,0.4559,43.172000000000004,176920,tune,202607032309,0.476,0,0,0,0,44.71533333333334,39.38966666666667,40.79825,43.213100000000004,43.0745,41.80533333333334,-0.20000000000000007,0.37000000000000005,-0.20000000000000007,0.39999999999999997,4-5-2;4-5-1;4-6-2;4-6-1;4-5-6;4-2-1;4-2-6;4-1-2;4-5-3;4-2-5;4-6-5;4-3-2;4-3-1;4-2-3;4-6-3;4-1-6;4-3-6;4-1-5;4-3-5;4-1-3,4-5-2;4-5-1;4-6-2;4-6-1,4-5-2;4-5-1;4-6-2;4-6-1;4-5-6;4-2-1,4-5-2;4-5-1;4-6-2;4-6-1;4-5-6;4-2-1;4-2-6;4-1-2,-0.5,BREAK,39.38966666666667,0,54.39633333333334,0.6580000000000001,0.40569999999999995,6
2-4-1,0.7313333333333334,2026-07-04,0.6724166666666667,0.6706666666666667,0.25133333333333335,0,0.047,0.5116,0,0,0,0,0.6337999999999999,2000,400,600,800,差し,0,0.7220000000000001,71.057,2040,tune,202607040105,0.37999999999999995,0,0,0,0,71.99033333333334,70.14266666666667,70.02075,68.0771,69.0445,69.26033333333335,0.4,0.73,0.4,0.7,4-5-2;4-5-1;4-6-2;4-2-1;4-6-1;4-1-2;4-5-6;4-2-6;4-3-2;4-2-5;4-3-1;4-5-3;4-2-3;4-1-6;4-6-5;4-1-5;4-6-3;4-1-3;4-3-6;4-3-5,4-5-2;4-5-1;4-6-2;4-2-1,4-5-2;4-5-1;4-6-2;4-2-1;4-6-1;4-1-2,4-5-2;4-5-1;4-6-2;4-2-1;4-6-1;4-1-2;4-5-6;4-2-6,-0.5,BREAK,70.14266666666667,1,54.39633333333334,0.39,0.6135,2
2-1-4,0.7213333333333335,2026-07-04,0.6629666666666667,0.5726666666666667,0.438,0,1.83,0.9576,0,0,0,0,0.5994999999999999,2000,400,600,800,抜き,0,0.69645,70.285,4250,tune,202607040408,0.059999999999999984,0,0,0,0,72.77333333333335,64.17666666666666,65.8675,68.34200000000001,69.855,66.08333333333334,0.19999999999999996,0.6900000000000001,-0.20000000000000007,0.39999999999999997,4-5-1;4-5-2;4-6-1;4-2-1;4-1-2;4-5-6;4-6-2;4-1-5;4-3-1;4-1-6;4-5-3;4-6-5;4-2-5;4-2-6;4-1-3;4-3-2;4-6-3;4-2-3;4-3-5;4-3-6,4-5-1;4-5-2;4-6-1;4-2-1,4-5-1;4-5-2;4-6-1;4-2-1;4-1-2;4-5-6,4-5-1;4-5-2;4-6-1;4-2-1;4-1-2;4-5-6;4-6-2;4-1-5,-0.5,BREAK,64.17666666666666,1,54.39633333333334,0.5760000000000001,0.6045999999999999,2
4-1-5,0.838,2026-07-04,0.77295,0.704,0.5046666666666667,1,1.518,0.8796,1,0,0,0,0.6769999999999999,2000,400,600,800,まくり差し,0,0.8233,82.658,930,tune,202607040608,0.03599999999999999,930,0,0,0,84.128,80.37100000000001,81.37175,78.6345,80.8755,78.09800000000001,0.19999999999999996,0.66,1.0,1.0,4-5-1;4-6-1;4-5-2;4-5-6;4-2-1;4-5-3;4-6-2;4-3-1;4-1-5;4-1-2;4-6-5;4-1-6;4-2-5;4-1-3;4-2-6;4-6-3;4-3-5;4-3-2;4-3-6;4-2-3,4-5-1;4-6-1;4-5-2;4-5-6,4-5-1;4-6-1;4-5-2;4-5-6;4-2-1;4-5-3,4-5-1;4-6-1;4-5-2;4-5-6;4-2-1;4-5-3;4-6-2;4-3-1,-0.5,BREAK,80.37100000000001,1,54.39633333333334,0.43000000000000005,0.7079,4
4-5-2,0.7893333333333333,2026-07-04,0.6593666666666667,0.6376666666666666,0.5136666666666667,1,-1.261,0.1847,1,1,1,1,0.52325,2000,400,600,800,まくり,1,0.79,77.699,6090,tune,202607040710,0.38999999999999996,6090,6090,6090,6090,77.63233333333334,72.54766666666666,72.35650000000001,67.8795,71.134,70.80733333333333,0.6,0.8300000000000001,0.19999999999999996,0.6,4-5-1;4-5-2;4-2-1;4-6-1;4-1-2;4-6-2;4-1-5;4-5-6;4-3-1;4-1-6;4-2-5;4-2-6;4-5-3;4-1-3;4-6-5;4-3-2;4-2-3;4-6-3;4-3-5;4-3-6,4-5-1;4-5-2;4-2-1;4-6-1,4-5-1;4-5-2;4-2-1;4-6-1;4-1-2;4-6-2,4-5-1;4-5-2;4-2-1;4-6-1;4-1-2;4-6-2;4-1-5;4-5-6,0,BREAK,72.54766666666666,1,54.39633333333334,0.514,0.5294,4
2-1-3,0.25266666666666665,2026-07-04,0.4285333333333333,0.4453333333333333,0.5716666666666667,0,-1.94,0.015,0,0,0,0,0.57775,2000,400,600,800,差し,0,0.29000000000000004,27.020000000000003,2910,tune,202607040712,0.458,0,0,0,0,23.286666666666665,32.94533333333334,31.140000000000004,35.7145,32.080000000000005,31.956666666666667,0.19999999999999996,0.54,-0.8,0.09999999999999998,4-5-1;4-6-1;4-5-2;4-2-1;4-6-2;4-5-6;4-1-2;4-1-6;4-2-6;4-1-5;4-6-5;4-3-1;4-2-5;4-5-3;4-3-2;4-1-3;4-6-3;4-2-3;4-3-6;4-3-5,4-5-1;4-6-1;4-5-2;4-2-1,4-5-1;4-6-1;4-5-2;4-2-1;4-6-2;4-5-6,4-5-1;4-6-1;4-5-2;4-2-1;4-6-2;4-5-6;4-1-2;4-1-6,0,BREAK,32.94533333333334,0,54.39633333333334,0.36200000000000004,0.6043999999999999,2
1-6-4,0.504,2026-07-04,0.6509,0.6599999999999999,0.5586666666666668,0,0.517,0.6293,0,0,0,0,0.7442,2000,400,600,800,逃げ,0,0.5015000000000001,49.47700000000001,6820,tune,202607040803,0.236,0,0,0,0,49.727000000000004,56.297000000000004,54.659500000000016,59.4184,57.07200000000001,56.74700000000001,0.8,0.8700000000000001,-0.8,0.09999999999999998,4-5-1;4-6-1;4-5-2;4-2-1;4-5-6;4-1-5;4-1-2;4-6-2;4-1-6;4-6-5;4-3-1;4-5-3;4-2-5;4-2-6;4-1-3;4-6-3;4-3-5;4-3-2;4-3-6;4-2-3,4-5-1;4-6-1;4-5-2;4-2-1,4-5-1;4-6-1;4-5-2;4-2-1;4-5-6;4-1-5,4-5-1;4-6-1;4-5-2;4-2-1;4-5-6;4-1-5;4-1-2;4-6-2,-0.5,BREAK,56.297000000000004,1,54.39633333333334,0.18400000000000002,0.7978,1
4-2-6,0.656,2026-07-04,0.6071500000000001,0.569,0.29933333333333334,1,-0.818,0.2955,1,0,0,0,0.5802,2000,400,600,800,まくり,1,0.66525,64.51700000000001,4340,tune,202607040909,0.3,4340,0,0,0,63.59200000000001,54.823000000000015,58.11075,60.45890000000001,61.1495,59.677000000000014,-0.6000000000000001,0.26,0.8,0.9,4-5-1;4-5-2;4-5-6;4-6-1;4-2-1;4-6-2;4-5-3;4-1-2;4-2-5;4-1-5;4-6-5;4-3-1;4-2-6;4-1-6;4-3-2;4-3-5;4-2-3;4-1-3;4-6-3;4-3-6,4-5-1;4-5-2;4-5-6;4-6-1,4-5-1;4-5-2;4-5-6;4-6-1;4-2-1;4-6-2,4-5-1;4-5-2;4-5-6;4-6-1;4-2-1;4-6-2;4-5-3;4-1-2,-0.5,BREAK,54.823000000000015,1,54.39633333333334,0.518,0.5583,4
4-3-1,0.6066666666666667,2026-07-04,0.5957833333333333,0.6143333333333334,0.40800000000000003,1,0.785,0.6963,1,0,0,1,0.5857,2000,400,600,800,まくり差し,0,0.61525,62.269999999999996,12710,tune,202607040911,0.484,12710,0,0,12710,61.41166666666667,65.16733333333333,64.10625,60.6239,60.8675,61.756666666666675,0.4,0.61,0.6,0.8,4-5-1;4-5-2;4-6-1;4-2-1;4-1-2;4-6-2;4-5-6;4-3-1;4-1-6;4-1-5;4-5-3;4-2-6;4-2-5;4-3-2;4-6-5;4-1-3;4-2-3;4-6-3;4-3-6;4-3-5,4-5-1;4-5-2;4-6-1;4-2-1,4-5-1;4-5-2;4-6-1;4-2-1;4-1-2;4-6-2,4-5-1;4-5-2;4-6-1;4-2-1;4-1-2;4-6-2;4-5-6;4-3-1,0,BREAK,65.16733333333333,1,54.39633333333334,0.378,0.5849,4
4-2-3,0.599,2026-07-04,0.538225,0.446,0.42400000000000004,1,1.891,0.9726,1,0,0,0,0.49354999999999993,2000,400,600,800,まくり差し,0,0.61115,62.965999999999994,3660,tune,202607041207,0.18,3660,0,0,0,61.751,53.78750000000001,55.766625,57.60784999999999,58.71225,54.866,-0.4,0.45,0.0,0.5,4-5-1;4-5-2;4-5-3;4-6-1;4-3-1;4-2-1;4-5-6;4-6-2;4-3-2;4-1-2;4-1-3;4-3-5;4-1-5;4-6-3;4-2-3;4-6-5;4-2-5;4-3-6;4-1-6;4-2-6,4-5-1;4-5-2;4-5-3;4-6-1,4-5-1;4-5-2;4-5-3;4-6-1;4-3-1;4-2-1,4-5-1;4-5-2;4-5-3;4-6-1;4-3-1;4-2-1;4-5-6;4-6-2,0,BREAK,53.78750000000001,0,54.39633333333334,0.707,0.47744999999999993,4
1-2-5,0.256,2026-07-04,0.29537499999999994,0.28049999999999997,0.365,0,-1.759,0.0602,0,0,0,0,0.3799999999999999,2000,400,600,800,逃げ,0,0.27214999999999995,24.265999999999995,980,tune,202607041209,0.6100000000000001,0,0,0,0,22.651,25.2465,25.375374999999995,26.560249999999996,24.619749999999996,23.7535,-0.8,0.16000000000000003,0.0,0.5,4-5-1;4-5-2;4-5-6;4-6-1;4-2-1;4-6-2;4-2-5;4-5-3;4-1-2;4-1-5;4-6-5;4-2-6;4-3-1;4-1-6;4-3-2;4-3-5;4-2-3;4-1-3;4-6-3;4-3-6,4-5-1;4-5-2;4-5-6;4-6-1,4-5-1;4-5-2;4-5-6;4-6-1;4-2-1;4-6-2,4-5-1;4-5-2;4-5-6;4-6-1;4-2-1;4-6-2;4-2-5;4-5-3,-0.5,BREAK,25.2465,0,54.39633333333334,0.6950000000000001,0.3347499999999999,1
1-3-4,0.796,2026-07-04,0.6704,0.662,0.30733333333333335,0,-1.283,0.1792,0,0,0,0,0.5670999999999999,2000,400,600,800,逃げ,0,0.7758,76.25699999999999,1480,tune,202607041602,0.424,0,0,0,0,78.277,68.533,70.377,69.47319999999999,71.997,72.247,0.19999999999999996,0.63,0.4,0.7,4-5-1;4-5-2;4-6-1;4-5-6;4-6-2;4-2-1;4-5-3;4-6-5;4-1-2;4-1-5;4-3-1;4-1-6;4-2-5;4-2-6;4-6-3;4-3-2;4-3-5;4-1-3;4-3-6;4-2-3,4-5-1;4-5-2;4-6-1;4-5-6,4-5-1;4-5-2;4-6-1;4-5-6;4-6-2;4-2-1,4-5-1;4-5-2;4-6-1;4-5-6;4-6-2;4-2-1;4-5-3;4-6-5,0,BREAK,68.533,1,54.39633333333334,0.47200000000000003,0.5448,1
4-5-1,0.7606666666666667,2026-07-04,0.6571833333333333,0.6393333333333333,0.43133333333333335,1,-0.851,0.2873,1,1,1,1,0.5562,2000,400,600,800,まくり,1,0.7538,74.48899999999999,18510,tune,202607041605,0.37999999999999995,18510,18510,18510,18510,75.17566666666667,66.99133333333334,69.36525,67.57289999999999,70.0015,69.71566666666666,-0.4,0.42000000000000004,1.0,1.0,4-5-1;4-5-2;4-6-1;4-5-6;4-2-1;4-1-5;4-1-2;4-5-3;4-6-2;4-6-5;4-2-5;4-3-1;4-1-6;4-2-6;4-3-5;4-1-3;4-3-2;4-6-3;4-2-3;4-3-6,4-5-1;4-5-2;4-6-1;4-5-6,4-5-1;4-5-2;4-6-1;4-5-6;4-2-1;4-1-5,4-5-1;4-5-2;4-6-1;4-5-6;4-2-1;4-1-5;4-1-2;4-5-3,0,BREAK,66.99133333333334,1,54.39633333333334,0.482,0.5537,4
1-4-3,0.48933333333333334,2026-07-04,0.40646666666666664,0.3966666666666666,0.456,0,0.287,0.5718,0,0,0,0,0.3567999999999999,2000,400,600,800,逃げ,0,0.4958,49.827,1170,tune,202607041609,0.64,0,0,0,0,49.18033333333334,39.19766666666666,42.182,43.778600000000004,45.037,45.010333333333335,-0.8,0.16000000000000003,0.19999999999999996,0.6,4-5-1;4-5-2;4-6-1;4-2-1;4-6-2;4-1-2;4-5-6;4-3-1;4-5-3;4-1-6;4-1-5;4-3-2;4-2-6;4-2-5;4-6-5;4-1-3;4-2-3;4-6-3;4-3-6;4-3-5,4-5-1;4-5-2;4-6-1;4-2-1,4-5-1;4-5-2;4-6-1;4-2-1;4-6-2;4-1-2,4-5-1;4-5-2;4-6-1;4-2-1;4-6-2;4-1-2;4-5-6;4-3-1,0,BREAK,39.19766666666666,0,54.39633333333334,0.6960000000000001,0.3235999999999999,1
2-4-1,0.8973333333333334,2026-07-04,0.7975666666666668,0.8066666666666666,0.41133333333333333,0,1.579,0.8947,0,0,0,0,0.6813,2000,400,600,800,抜き,0,0.86125,87.66399999999999,8890,tune,202607041906,0.33599999999999997,0,0,0,0,91.27233333333334,85.97566666666665,86.97149999999999,83.52659999999999,86.28399999999999,87.19233333333332,0.4,0.73,1.0,1.0,4-5-1;4-6-1;4-5-6;4-5-2;4-6-2;4-6-5;4-2-1;4-1-6;4-5-3;4-2-6;4-1-2;4-1-5;4-6-3;4-2-5;4-3-1;4-3-6;4-3-2;4-3-5;4-1-3;4-2-3,4-5-1;4-6-1;4-5-6;4-5-2,4-5-1;4-6-1;4-5-6;4-5-2;4-6-2;4-6-5,4-5-1;4-6-1;4-5-6;4-5-2;4-6-2;4-6-5;4-2-1;4-1-6,0,BREAK,85.97566666666665,1,54.39633333333334,0.28400000000000003,0.6978,2
1-4-3,0.928,2026-07-04,0.74655,0.7070000000000001,0.29266666666666663,0,1.163,0.7907,0,0,0,0,0.587,2000,400,600,800,逃げ,0,0.8902500000000001,90.148,720,tune,202607042102,0.288,0,0,0,0,93.923,82.91799999999999,84.20674999999999,80.97749999999999,84.85049999999998,83.97800000000001,0.8,0.8400000000000001,0.4,0.7,4-5-1;4-5-2;4-6-1;4-2-1;4-3-1;4-5-3;4-1-2;4-1-5;4-5-6;4-1-3;4-6-2;4-2-5;4-1-6;4-3-2;4-3-5;4-6-5;4-2-3;4-6-3;4-2-6;4-3-6,4-5-1;4-5-2;4-6-1;4-2-1,4-5-1;4-5-2;4-6-1;4-2-1;4-3-1;4-5-3,4-5-1;4-5-2;4-6-1;4-2-1;4-3-1;4-5-3;4-1-2;4-1-5,0,BREAK,82.91799999999999,1,54.39633333333334,0.514,0.5650999999999999,1
3-1-5,0.268,2026-07-04,0.36114999999999997,0.33699999999999997,0.7013333333333334,0,-1.858,0.0356,0,0,0,0,0.4313,2000,400,600,800,まくり差し,0,0.26425,23.376999999999995,3460,tune,202607042104,0.456,0,0,0,0,23.752,29.999000000000002,28.400750000000002,30.1391,28.409499999999998,26.857000000000003,0.20000000000000007,0.51,-0.8,0.09999999999999998,4-5-1;4-5-2;4-1-5;4-6-1;4-5-6;4-2-1;4-5-3;4-1-2;4-3-1;4-2-5;4-6-5;4-1-6;4-1-3;4-3-5;4-6-2;4-3-2;4-2-6;4-2-3;4-6-3;4-3-6,4-5-1;4-5-2;4-1-5;4-6-1,4-5-1;4-5-2;4-1-5;4-6-1;4-5-6;4-2-1,4-5-1;4-5-2;4-1-5;4-6-1;4-5-6;4-2-1;4-5-3;4-1-2,-0.5,BREAK,29.999000000000002,0,54.39633333333334,0.5940000000000001,0.4542999999999999,3
1-2-4,0.7553333333333334,2026-07-04,0.7160166666666667,0.7786666666666667,0.2833333333333333,0,0.627,0.6566,0,0,0,0,0.6818,2000,400,600,800,逃げ,0,0.71835,72.422,390,tune,202607042212,0.556,0,0,0,0,76.12033333333333,77.81666666666666,76.30075,73.32310000000001,74.1545,77.17033333333333,0.8,0.93,0.19999999999999996,0.6,4-5-1;4-5-2;4-2-1;4-6-1;4-6-2;4-5-6;4-1-2;4-2-5;4-1-5;4-6-5;4-2-6;4-1-6;4-5-3;4-3-1;4-3-2;4-2-3;4-3-5;4-1-3;4-6-3;4-3-6,4-5-1;4-5-2;4-2-1;4-6-1,4-5-1;4-5-2;4-2-1;4-6-1;4-6-2;4-5-6,4-5-1;4-5-2;4-2-1;4-6-1;4-6-2;4-5-6;4-1-2;4-2-5,0,BREAK,77.81666666666666,1,54.39633333333334,0.19799999999999998,0.6767000000000001,1
4-1-6,0.8766666666666668,2026-07-05,0.8360333333333334,0.8283333333333334,0.166,1,0.544,0.6361,1,0,0,0,0.8013,2000,400,600,800,まくり差し,0,0.8580000000000001,86.304,1870,tune,202607050101,0.176,1870,0,0,0,88.17066666666668,87.29133333333334,87.17150000000001,85.29359999999998,86.13900000000001,85.99566666666666,0.6,0.86,0.8,0.9,4-5-1;4-5-6;4-5-2;4-6-1;4-6-5;4-6-2;4-5-3;4-1-5;4-2-1;4-1-6;4-2-5;4-2-6;4-6-3;4-1-2;4-3-1;4-3-5;4-3-6;4-3-2;4-1-3;4-2-3,4-5-1;4-5-6;4-5-2;4-6-1,4-5-1;4-5-6;4-5-2;4-6-1;4-6-5;4-6-2,4-5-1;4-5-6;4-5-2;4-6-1;4-6-5;4-6-2;4-5-3;4-1-5,0,BREAK,87.29133333333334,1,54.39633333333334,0.22000000000000003,0.7954,4
1-3-2,0.6426666666666667,2026-07-05,0.5099833333333333,0.48233333333333334,0.19266666666666665,0,1.535,0.8837,0,0,0,0,0.4421999999999999,2000,400,600,800,逃げ,0,0.658,67.29499999999999,4680,tune,202607050104,0.52,0,0,0,0,65.76166666666666,49.129333333333335,53.85125,57.3709,59.1275,58.54666666666667,-0.6,0.17000000000000004,0.4,0.7,4-5-2;4-5-1;4-6-2;4-6-1;4-2-1;4-5-6;4-5-3;4-1-2;4-2-5;4-3-2;4-2-6;4-6-5;4-3-1;4-2-3;4-1-5;4-1-6;4-6-3;4-3-5;4-1-3;4-3-6,4-5-2;4-5-1;4-6-2;4-6-1,4-5-2;4-5-1;4-6-2;4-6-1;4-2-1;4-5-6,4-5-2;4-5-1;4-6-2;4-6-1;4-2-1;4-5-6;4-5-3;4-1-2,0,BREAK,49.129333333333335,0,54.39633333333334,0.678,0.37729999999999997,1
6-1-2,0.6246666666666667,2026-07-05,0.6181333333333333,0.6013333333333333,0.11433333333333333,0,0.698,0.6744,0,0,0,0,0.6529499999999999,2000,400,600,800,まくり,0,0.624,63.058,2460,tune,202607050105,0.32599999999999996,0,0,0,0,63.12466666666667,64.67133333333332,64.198,63.5509,62.797999999999995,62.07466666666667,0.19999999999999996,0.63,0.4,0.7,4-5-1;4-6-1;4-5-6;4-5-2;4-6-2;4-6-5;4-2-1;4-1-6;4-2-6;4-5-3;4-1-2;4-1-5;4-2-5;4-6-3;4-3-1;4-3-6;4-3-2;4-3-5;4-1-3;4-2-3,4-5-1;4-6-1;4-5-6;4-5-2,4-5-1;4-6-1;4-5-6;4-5-2;4-6-2;4-6-5,4-5-1;4-6-1;4-5-6;4-5-2;4-6-2;4-6-5;4-2-1;4-1-6,0,BREAK,64.67133333333332,1,54.39633333333334,0.42200000000000004,0.6115999999999999,6
1-2-3,0.7606666666666667,2026-07-05,0.6420333333333333,0.5783333333333334,0.6453333333333333,0,1.267,0.8167,0,0,0,0,0.499,2000,400,600,800,逃げ,0,0.752,75.277,790,tune,202607050112,0.23999999999999996,0,0,0,0,76.14366666666668,67.89633333333335,69.8545,66.828,70.212,67.93866666666668,-0.20000000000000007,0.49000000000000005,0.8,0.9,4-5-1;4-6-1;4-2-1;4-5-2;4-1-2;4-6-2;4-3-1;4-5-6;4-1-6;4-1-5;4-5-3;4-2-6;4-1-3;4-2-5;4-6-5;4-3-2;4-2-3;4-6-3;4-3-6;4-3-5,4-5-1;4-6-1;4-2-1;4-5-2,4-5-1;4-6-1;4-2-1;4-5-2;4-1-2;4-6-2,4-5-1;4-6-1;4-2-1;4-5-2;4-1-2;4-6-2;4-3-1;4-5-6,-0.5,BREAK,67.89633333333335,1,54.39633333333334,0.6040000000000001,0.5234,1
2-1-4,0.4073333333333333,2026-07-05,0.48291666666666666,0.5686666666666667,0.5733333333333334,0,0.331,0.5828,0,0,0,0,0.5375,2000,400,600,800,差し,0,0.42045,41.18600000000001,1880,tune,202607050403,0.76,0,0,0,0,39.87433333333334,51.564666666666675,49.10725000000001,45.005500000000005,43.65350000000001,47.13433333333334,0.19999999999999996,0.48,0.6000000000000001,0.8,4-5-2;4-5-1;4-2-1;4-1-2;4-6-2;4-2-5;4-6-1;4-5-6;4-5-3;4-3-2;4-1-5;4-2-6;4-2-3;4-3-1;4-6-5;4-3-5;4-1-6;4-1-3;4-6-3;4-3-6,4-5-2;4-5-1;4-2-1;4-1-2,4-5-2;4-5-1;4-2-1;4-1-2;4-6-2;4-2-5,4-5-2;4-5-1;4-2-1;4-1-2;4-6-2;4-2-5;4-6-1;4-5-6,-0.5,BREAK,51.564666666666675,0,54.39633333333334,0.27,0.5585,2
1-2-4,0.5840000000000001,2026-07-05,0.6487,0.6900000000000001,0.6066666666666667,0,0.047,0.5116,0,0,0,0,0.6648,2000,400,600,800,逃げ,0,0.56535,56.542,2840,tune,202607050507,0.44,0,0,0,0,58.407000000000004,65.17299999999999,62.984500000000004,62.1256,61.642,63.177000000000014,0.8,0.8700000000000001,-0.20000000000000007,0.39999999999999997,4-5-1;4-5-2;4-5-6;4-6-1;4-1-5;4-2-1;4-5-3;4-2-5;4-1-2;4-6-5;4-6-2;4-3-1;4-1-6;4-3-5;4-1-3;4-2-6;4-3-2;4-2-3;4-6-3;4-3-6,4-5-1;4-5-2;4-5-6;4-6-1,4-5-1;4-5-2;4-5-6;4-6-1;4-1-5;4-2-1,4-5-1;4-5-2;4-5-6;4-6-1;4-1-5;4-2-1;4-5-3;4-2-5,0,BREAK,65.17299999999999,1,54.39633333333334,0.20400000000000001,0.7134,1
4-3-5,0.49866666666666665,2026-07-05,0.5498833333333333,0.5243333333333333,0.38266666666666665,1,-1.59,0.1026,1,0,0,0,0.6039,2000,400,600,800,まくり,1,0.516,49.97,23800,tune,202607050704,0.304,23800,0,0,0,48.236666666666665,53.17033333333334,50.963750000000005,52.0883,50.79749999999999,49.391666666666666,0.8,0.8700000000000001,-0.8,0.09999999999999998,4-5-1;4-5-2;4-6-1;4-5-6;4-2-1;4-5-3;4-1-5;4-6-2;4-1-2;4-3-1;4-6-5;4-1-6;4-2-5;4-1-3;4-2-6;4-3-5;4-3-2;4-6-3;4-2-3;4-3-6,4-5-1;4-5-2;4-6-1;4-5-6,4-5-1;4-5-2;4-6-1;4-5-6;4-2-1;4-5-3,4-5-1;4-5-2;4-6-1;4-5-6;4-2-1;4-5-3;4-1-5;4-6-2,0,BREAK,53.17033333333334,0,54.39633333333334,0.45,0.6011,4
4-6-1,0.608,2026-07-05,0.6239,0.6679999999999999,0.51,1,1.655,0.9138,1,1,1,1,0.6167,2000,400,600,800,まくり,1,0.62725,64.33999999999999,41290,tune,202607050904,0.524,41290,41290,41290,41290,62.415,59.43700000000001,60.7325,63.083400000000005,63.21,65.115,0.19999999999999996,0.51,0.19999999999999996,0.6,4-5-1;4-5-2;4-6-1;4-5-6;4-2-1;4-1-5;4-6-2;4-5-3;4-6-5;4-1-2;4-2-5;4-3-1;4-1-6;4-2-6;4-3-5;4-3-2;4-1-3;4-6-3;4-2-3;4-3-6,4-5-1;4-5-2;4-6-1;4-5-6,4-5-1;4-5-2;4-6-1;4-5-6;4-2-1;4-1-5,4-5-1;4-5-2;4-6-1;4-5-6;4-2-1;4-1-5;4-6-2;4-5-3,0,BREAK,59.43700000000001,1,54.39633333333334,0.272,0.6397999999999999,4
5-4-2,0.6026666666666667,2026-07-05,0.4889333333333334,0.49733333333333335,0.286,0,-1.48,0.13,0,0,0,0,0.42589999999999995,2000,400,600,800,抜き,0,0.60125,57.455,30300,tune,202607050910,0.6559999999999999,0,0,0,0,57.59666666666667,53.74333333333335,53.260000000000005,50.2958,51.91000000000001,52.856666666666676,0.6000000000000001,0.68,-0.19999999999999996,0.4,4-5-1;4-5-2;4-2-1;4-6-1;4-1-2;4-6-2;4-3-1;4-5-6;4-3-2;4-5-3;4-1-5;4-2-5;4-1-6;4-2-6;4-1-3;4-2-3;4-6-5;4-6-3;4-3-5;4-3-6,4-5-1;4-5-2;4-2-1;4-6-1,4-5-1;4-5-2;4-2-1;4-6-1;4-1-2;4-6-2,4-5-1;4-5-2;4-2-1;4-6-1;4-1-2;4-6-2;4-3-1;4-5-6,-0.5,BREAK,53.74333333333335,0,54.39633333333334,0.608,0.3752000000000001,5
1-6-5,0.389,2026-07-05,0.458225,0.548,0.891,0,0.397,0.5992,0,0,0,0,0.46340000000000003,2000,400,600,800,逃げ,0,0.39905,39.112,26160,tune,202607051306,0.8059999999999999,0,0,0,0,38.107,44.6235,43.322625,41.820550000000004,41.56825,45.262,0.20000000000000007,0.48000000000000004,0.0,0.5,4-5-1;4-2-1;4-6-1;4-1-2;4-5-2;4-3-1;4-1-5;4-1-6;4-1-3;4-5-6;4-6-2;4-5-3;4-2-5;4-3-2;4-6-5;4-2-6;4-2-3;4-3-5;4-6-3;4-3-6,4-5-1;4-2-1;4-6-1;4-1-2,4-5-1;4-2-1;4-6-1;4-1-2;4-5-2;4-3-1,4-5-1;4-2-1;4-6-1;4-1-2;4-5-2;4-3-1;4-1-5;4-1-6,-0.5,BREAK,44.6235,0,54.39633333333334,0.29300000000000004,0.52745,1
5-1-4,0.518,2026-07-05,0.557875,0.5325,0.48000000000000004,0,0.736,0.684,0,0,0,0,0.5864499999999999,2000,400,600,800,差し,0,0.52345,53.041,34040,tune,202607051802,0.30799999999999994,0,0,0,0,52.496,51.0775,52.062875,55.198150000000005,54.489749999999994,53.1485,-0.19999999999999996,0.46,0.0,0.5,4-5-1;4-6-1;4-5-2;4-2-1;4-5-6;4-1-2;4-6-2;4-3-1;4-1-5;4-5-3;4-1-6;4-6-5;4-2-5;4-1-3;4-2-6;4-3-2;4-6-3;4-2-3;4-3-5;4-3-6,4-5-1;4-6-1;4-5-2;4-2-1,4-5-1;4-6-1;4-5-2;4-2-1;4-5-6;4-1-2,4-5-1;4-6-1;4-5-2;4-2-1;4-5-6;4-1-2;4-6-2;4-3-1,0,BREAK,51.0775,0,54.39633333333334,0.45299999999999996,0.59775,5
1-4-2,0.6890000000000001,2026-07-05,0.6974750000000001,0.677,0.635,0,1.546,0.8865,0,0,0,0,0.6551,2000,400,600,800,逃げ,0,0.68245,69.751,1510,tune,202607051807,0.21799999999999997,0,0,0,0,70.406,69.38749999999999,69.402875,69.91445,70.82975,69.86600000000001,0.6,0.77,0.0,0.5,4-5-1;4-5-2;4-6-1;4-5-6;4-6-2;4-2-1;4-5-3;4-6-5;4-3-1;4-1-2;4-1-6;4-1-5;4-2-6;4-6-3;4-2-5;4-3-2;4-3-6;4-1-3;4-3-5;4-2-3,4-5-1;4-5-2;4-6-1;4-5-6,4-5-1;4-5-2;4-6-1;4-5-6;4-6-2;4-2-1,4-5-1;4-5-2;4-6-1;4-5-6;4-6-2;4-2-1;4-5-3;4-6-5,0,BREAK,69.38749999999999,1,54.39633333333334,0.335,0.70595,1
2-4-5,0.882,2026-07-05,0.79325,0.788,0.3446666666666667,0,1.409,0.8523,0,0,0,0,0.6972,2000,400,600,800,差し,0,0.8462500000000001,89.034,32520,tune,202607052102,0.276,0,0,0,0,92.60900000000001,86.25000000000001,87.32025000000002,85.8809,88.17150000000001,88.37900000000002,0.4,0.79,0.6,0.8,4-5-1;4-5-2;4-6-1;4-2-1;4-1-2;4-5-6;4-6-2;4-1-5;4-3-1;4-1-6;4-5-3;4-2-5;4-6-5;4-2-6;4-1-3;4-3-2;4-2-3;4-6-3;4-3-5;4-3-6,4-5-1;4-5-2;4-6-1;4-2-1,4-5-1;4-5-2;4-6-1;4-2-1;4-1-2;4-5-6,4-5-1;4-5-2;4-6-1;4-2-1;4-1-2;4-5-6;4-6-2;4-1-5,0.5,BREAK,86.25000000000001,1,54.39633333333334,0.30599999999999994,0.7045,2
1-5-4,0.5686666666666667,2026-07-05,0.5420833333333333,0.5753333333333333,0.3353333333333333,0,-1.234,0.1915,0,0,0,0,0.5374,2000,400,600,800,逃げ,0,0.5519000000000001,53.916000000000004,12130,tune,202607052311,0.608,0,0,0,0,55.592666666666666,47.090333333333334,49.024750000000004,54.10729999999999,54.26349999999999,55.89266666666666,0.4,0.55,-0.6000000000000001,0.19999999999999996,4-5-1;4-5-2;4-2-1;4-1-2;4-6-1;4-3-1;4-6-2;4-5-3;4-3-2;4-1-5;4-5-6;4-2-5;4-1-3;4-2-3;4-1-6;4-2-6;4-3-5;4-6-5;4-6-3;4-3-6,4-5-1;4-5-2;4-2-1;4-1-2,4-5-1;4-5-2;4-2-1;4-1-2;4-6-1;4-3-1,4-5-1;4-5-2;4-2-1;4-1-2;4-6-1;4-3-1;4-6-2;4-5-3,0,BREAK,47.090333333333334,0,54.39633333333334,0.41800000000000004,0.5155,1
1-2-5,0.5033333333333334,2026-07-05,0.4122166666666667,0.3586666666666667,0.5700000000000001,0,0.047,0.5116,0,0,0,0,0.33819999999999995,2000,400,600,800,逃げ,0,0.5012500000000001,50.132000000000005,3050,tune,202607052408,0.48,0,0,0,0,50.34033333333334,36.58466666666667,39.845749999999995,43.9739,45.7845,43.830333333333336,-0.6,0.32000000000000006,-0.6,0.2,4-5-1;4-5-2;4-2-1;4-6-1;4-1-2;4-5-6;4-5-3;4-1-5;4-3-1;4-6-2;4-2-5;4-6-5;4-1-6;4-3-2;4-1-3;4-3-5;4-2-6;4-2-3;4-6-3;4-3-6,4-5-1;4-5-2;4-2-1;4-6-1,4-5-1;4-5-2;4-2-1;4-6-1;4-1-2;4-5-6,4-5-1;4-5-2;4-2-1;4-6-1;4-1-2;4-5-6;4-5-3;4-1-5,0,BREAK,36.58466666666667,0,54.39633333333334,0.786,0.32109999999999994,1
6-2-1,0.5126666666666667,2026-07-06,0.5163833333333334,0.5433333333333333,0.44733333333333336,0,0.949,0.7373,0,0,0,0,0.5246,2000,400,600,800,差し,0,0.506,50.359,17840,tune,202607060111,0.58,0,0,0,0,51.02566666666667,43.96133333333334,45.37525,51.39970000000001,51.211500000000015,52.40566666666666,0.4,0.6100000000000001,-1.0,0.0,4-5-1;4-6-1;4-5-2;4-6-2;4-2-1;4-5-6;4-1-2;4-1-6;4-2-6;4-6-5;4-1-5;4-2-5;4-3-1;4-5-3;4-3-2;4-6-3;4-1-3;4-3-6;4-2-3;4-3-5,4-5-1;4-6-1;4-5-2;4-6-2,4-5-1;4-6-1;4-5-2;4-6-2;4-2-1;4-5-6,4-5-1;4-6-1;4-5-2;4-6-2;4-2-1;4-5-6;4-1-2;4-1-6,-0.5,BREAK,43.96133333333334,0,54.39633333333334,0.42600000000000005,0.5201,6
1-2-6,0.2353333333333333,2026-07-06,0.44626666666666664,0.5036666666666667,0.46199999999999997,0,0.938,0.7346,0,0,0,0,0.6385000000000001,2000,400,600,800,逃げ,0,0.25445,25.192999999999998,2130,tune,202607060405,0.5559999999999999,0,0,0,0,23.28133333333333,32.70266666666667,32.718,38.479000000000006,33.828,35.35633333333334,-0.6,0.17000000000000004,0.19999999999999996,0.6,4-5-1;4-6-1;4-5-2;4-6-2;4-5-6;4-2-1;4-1-6;4-2-6;4-6-5;4-1-2;4-5-3;4-6-3;4-3-1;4-1-5;4-2-5;4-3-6;4-3-2;4-1-3;4-2-3;4-3-5,4-5-1;4-6-1;4-5-2;4-6-2,4-5-1;4-6-1;4-5-2;4-6-2;4-5-6;4-2-1,4-5-1;4-6-1;4-5-2;4-6-2;4-5-6;4-2-1;4-1-6;4-2-6,-0.5,BREAK,32.70266666666667,0,54.39633333333334,0.22799999999999998,0.6572,1
1-2-6,0.512,2026-07-06,0.41495,0.353,0.26666666666666666,0,-1.694,0.0766,0,0,0,0,0.3810999999999999,2000,400,600,800,逃げ,0,0.5233500000000001,50.601000000000006,6730,tune,202607060502,0.452,0,0,0,0,49.466,36.261,39.719750000000005,43.674699999999994,44.613499999999995,42.311,-0.6,0.23000000000000004,-0.19999999999999996,0.4,4-5-1;4-6-1;4-5-2;4-5-6;4-6-2;4-2-1;4-6-5;4-5-3;4-1-6;4-3-1;4-1-2;4-2-6;4-6-3;4-1-5;4-2-5;4-3-6;4-3-2;4-1-3;4-3-5;4-2-3,4-5-1;4-6-1;4-5-2;4-5-6,4-5-1;4-6-1;4-5-2;4-5-6;4-6-2;4-2-1,4-5-1;4-6-1;4-5-2;4-5-6;4-6-2;4-2-1;4-6-5;4-5-3,0,BREAK,36.261,0,54.39633333333334,0.806,0.31789999999999996,1
4-2-6,0.6386666666666667,2026-07-06,0.5546333333333333,0.5273333333333333,0.37933333333333336,1,0.681,0.6703,1,0,0,0,0.49350000000000005,2000,400,600,800,まくり,1,0.62735,63.376,6680,tune,202607060507,0.428,6680,0,0,0,64.50766666666667,64.65633333333332,63.45349999999999,58.793,60.306,59.49766666666667,0.19999999999999996,0.72,0.20000000000000007,0.6000000000000001,4-5-1;4-6-1;4-5-2;4-2-1;4-6-2;4-5-6;4-1-2;4-3-1;4-1-6;4-5-3;4-1-5;4-2-6;4-6-5;4-2-5;4-3-2;4-1-3;4-6-3;4-2-3;4-3-6;4-3-5,4-5-1;4-6-1;4-5-2;4-2-1,4-5-1;4-6-1;4-5-2;4-2-1;4-6-2;4-5-6,4-5-1;4-6-1;4-5-2;4-2-1;4-6-2;4-5-6;4-1-2;4-3-1,0,BREAK,64.65633333333332,1,54.39633333333334,0.5840000000000001,0.4705999999999999,4
4-1-6,0.6000000000000001,2026-07-06,0.6218000000000001,0.654,0.5586666666666668,1,-1.097,0.2257,1,0,0,0,0.6128,2000,400,600,800,まくり,1,0.6120000000000001,60.06300000000001,2210,tune,202607060703,0.476,2210,0,0,0,58.86300000000001,57.459,58.50800000000002,59.7986,59.95300000000001,61.293000000000006,0.20000000000000007,0.48000000000000004,0.4,0.7,4-5-1;4-6-1;4-5-2;4-2-1;4-6-2;4-1-2;4-3-1;4-5-6;4-1-6;4-1-5;4-5-3;4-1-3;4-2-6;4-6-5;4-6-3;4-3-2;4-2-5;4-3-6;4-2-3;4-3-5,4-5-1;4-6-1;4-5-2;4-2-1,4-5-1;4-6-1;4-5-2;4-2-1;4-6-2;4-1-2,4-5-1;4-6-1;4-5-2;4-2-1;4-6-2;4-1-2;4-3-1;4-5-6,0,BREAK,57.459,1,54.39633333333334,0.292,0.6436000000000001,4
3-1-5,0.5186666666666666,2026-07-06,0.4288333333333333,0.45333333333333325,0.36,0,-1.103,0.2244,0,0,0,0,0.3837999999999999,2000,400,600,800,まくり,0,0.52525,51.382,16580,tune,202607060908,0.752,0,0,0,0,50.72366666666666,32.196333333333335,37.7245,45.0616,46.23199999999999,47.78366666666666,-0.8,0.07000000000000006,-0.19999999999999996,0.4,4-5-1;4-5-2;4-6-1;4-2-1;4-6-2;4-1-2;4-5-6;4-3-1;4-5-3;4-1-6;4-1-5;4-2-6;4-2-5;4-6-5;4-3-2;4-1-3;4-2-3;4-6-3;4-3-6;4-3-5,4-5-1;4-5-2;4-6-1;4-2-1,4-5-1;4-5-2;4-6-1;4-2-1;4-6-2;4-1-2,4-5-1;4-5-2;4-6-1;4-2-1;4-6-2;4-1-2;4-5-6;4-3-1,0,BREAK,32.196333333333335,0,54.39633333333334,0.6120000000000001,0.33899999999999997,3
1-2-6,0.3853333333333333,2026-07-06,0.5112166666666667,0.5976666666666667,0.8246666666666667,0,0.889,0.7223,0,0,0,0,0.5666,2000,400,600,800,,0,0.41525,42.374,2130,tune,202607060910,0.6839999999999999,0,0,0,0,39.382333333333335,48.82266666666667,48.14275000000001,47.1467,45.676500000000004,48.937333333333335,-0.19999999999999996,0.28,0.8,0.9,4-5-1;4-2-1;4-5-2;4-1-2;4-6-1;4-6-2;4-3-1;4-1-6;4-1-5;4-5-6;4-2-6;4-2-5;4-3-2;4-1-3;4-5-3;4-2-3;4-6-5;4-6-3;4-3-6;4-3-5,4-5-1;4-2-1;4-5-2;4-1-2,4-5-1;4-2-1;4-5-2;4-1-2;4-6-1;4-6-2,4-5-1;4-2-1;4-5-2;4-1-2;4-6-1;4-6-2;4-3-1;4-1-6,0,BREAK,48.82266666666667,0,54.39633333333334,0.18999999999999997,0.6371,0
1-2-3,0.548,2026-07-06,0.560975,0.5265,0.817,0,0.922,0.7305,0,0,0,0,0.5158,2000,400,600,800,逃げ,0,0.54345,55.227,900,tune,202607061801,0.298,0,0,0,0,55.682,45.445499999999996,49.326375000000006,55.36285,56.33075,54.7145,-0.8,0.25,0.0,0.5,4-5-1;4-6-1;4-5-2;4-2-1;4-1-2;4-5-6;4-6-2;4-1-5;4-1-6;4-3-1;4-6-5;4-5-3;4-2-5;4-2-6;4-1-3;4-3-2;4-6-3;4-3-5;4-3-6;4-2-3,4-5-1;4-6-1;4-5-2;4-2-1,4-5-1;4-6-1;4-5-2;4-2-1;4-1-2;4-5-6,4-5-1;4-6-1;4-5-2;4-2-1;4-1-2;4-5-6;4-6-2;4-1-5,0,BREAK,45.445499999999996,0,54.39633333333334,0.495,0.57395,1
1-2-4,0.637,2026-07-06,0.506975,0.42700000000000005,0.261,0,-1.852,0.0369,0,0,0,0,0.4324,2000,400,600,800,逃げ,0,0.62245,60.353,580,tune,202607061812,0.326,0,0,0,0,61.80800000000001,49.523500000000006,52.162375000000004,53.40605,55.30675,52.35800000000001,-0.4,0.42000000000000004,0.0,0.5,4-5-1;4-5-2;4-6-1;4-2-1;4-1-2;4-5-6;4-6-2;4-1-5;4-1-6;4-2-5;4-3-1;4-5-3;4-6-5;4-2-6;4-3-2;4-1-3;4-2-3;4-6-3;4-3-5;4-3-6,4-5-1;4-5-2;4-6-1;4-2-1,4-5-1;4-5-2;4-6-1;4-2-1;4-1-2;4-5-6,4-5-1;4-5-2;4-6-1;4-2-1;4-1-2;4-5-6;4-6-2;4-1-5,0,BREAK,49.523500000000006,0,54.39633333333334,0.7829999999999999,0.37695,1
3-5-4,0.17,2026-07-06,0.3406,0.433,0.5700000000000001,0,-1.518,0.1204,0,0,0,0,0.4976999999999999,2000,400,600,800,まくり,0,0.19225,16.517,38070,tune,202607062102,0.8320000000000001,0,0,0,0,14.292,24.784000000000002,23.307,26.619399999999995,22.822,26.127,-0.19999999999999996,0.31000000000000005,-0.4,0.3,4-5-1;4-5-2;4-2-1;4-6-1;4-1-2;4-1-5;4-5-6;4-3-1;4-6-2;4-5-3;4-2-5;4-1-6;4-1-3;4-6-5;4-3-2;4-2-6;4-2-3;4-3-5;4-6-3;4-3-6,4-5-1;4-5-2;4-2-1;4-6-1,4-5-1;4-5-2;4-2-1;4-6-1;4-1-2;4-1-5,4-5-1;4-5-2;4-2-1;4-6-1;4-1-2;4-1-5;4-5-6;4-3-1,-0.5,BREAK,24.784000000000002,0,54.39633333333334,0.304,0.5112,3
1-4-3,0.82,2026-07-06,0.76745,0.779,0.6586666666666667,0,-1.65,0.0876,0,0,0,0,0.6587000000000001,2000,400,600,800,逃げ,0,0.78825,77.13499999999999,900,tune,202607062104,0.32799999999999996,0,0,0,0,80.30999999999999,76.779,77.89625,75.18489999999998,77.68249999999999,78.46499999999999,0.20000000000000007,0.63,1.0,1.0,4-5-1;4-6-1;4-5-2;4-2-1;4-1-2;4-1-5;4-5-6;4-3-1;4-1-6;4-6-2;4-5-3;4-2-5;4-6-5;4-1-3;4-2-6;4-3-2;4-3-5;4-2-3;4-6-3;4-3-6,4-5-1;4-6-1;4-5-2;4-2-1,4-5-1;4-6-1;4-5-2;4-2-1;4-1-2;4-1-5,4-5-1;4-6-1;4-5-2;4-2-1;4-1-2;4-1-5;4-5-6;4-3-1,0,BREAK,76.779,1,54.39633333333334,0.26199999999999996,0.7149000000000001,1
1-2-4,0.3973333333333333,2026-07-06,0.3635666666666666,0.3866666666666666,0.8519999999999999,0,-1.114,0.2216,0,0,0,0,0.3022,2000,400,600,800,逃げ,0,0.39225,38.071000000000005,510,tune,202607062111,0.756,0,0,0,0,38.57933333333334,26.682666666666666,30.228499999999997,35.4734,36.891,38.099333333333334,-0.6000000000000001,0.17000000000000004,-0.6000000000000001,0.19999999999999996,4-5-1;4-2-1;4-6-1;4-1-2;4-5-2;4-6-2;4-3-1;4-1-6;4-2-6;4-1-5;4-5-6;4-3-2;4-1-3;4-2-5;4-2-3;4-5-3;4-6-5;4-6-3;4-3-6;4-3-5,4-5-1;4-2-1;4-6-1;4-1-2,4-5-1;4-2-1;4-6-1;4-1-2;4-5-2;4-6-2,4-5-1;4-2-1;4-6-1;4-1-2;4-5-2;4-6-2;4-3-1;4-1-6,0,BREAK,26.682666666666666,0,54.39633333333334,0.6240000000000001,0.32979999999999987,1
2-4-5,0.7160000000000001,2026-07-06,0.72535,0.7530000000000001,0.59,0,-0.845,0.2886,0,0,0,0,0.6856,2000,400,600,800,まくり,0,0.68325,67.44,1780,tune,202607062406,0.36799999999999994,0,0,0,0,70.715,70.31,70.28875,70.32669999999999,71.1825,72.38000000000001,0.6000000000000001,0.77,0.20000000000000007,0.6000000000000001,4-5-1;4-5-2;4-2-1;4-6-1;4-6-2;4-1-2;4-5-6;4-2-5;4-2-6;4-1-5;4-5-3;4-3-1;4-1-6;4-6-5;4-3-2;4-2-3;4-1-3;4-6-3;4-3-5;4-3-6,4-5-1;4-5-2;4-2-1;4-6-1,4-5-1;4-5-2;4-2-1;4-6-1;4-6-2;4-1-2,4-5-1;4-5-2;4-2-1;4-6-1;4-6-2;4-1-2;4-5-6;4-2-5,0,BREAK,70.31,1,54.39633333333334,0.20999999999999996,0.7347,2
6-3-1,0.8220000000000001,2026-07-06,0.7211000000000001,0.7190000000000001,0.46,0,1.814,0.9535,0,0,0,0,0.6082,2000,400,600,800,まくり差し,0,0.79125,80.89899999999999,124530,tune,202607062411,0.372,0,0,0,0,83.974,79.532,79.8815,76.2434,78.92899999999999,79.33900000000001,0.4,0.76,0.6,0.8,4-6-1;4-5-1;4-6-2;4-5-2;4-2-1;4-5-6;4-1-2;4-1-6;4-2-6;4-6-5;4-3-1;4-1-5;4-6-3;4-5-3;4-2-5;4-3-2;4-3-6;4-1-3;4-2-3;4-3-5,4-6-1;4-5-1;4-6-2;4-5-2,4-6-1;4-5-1;4-6-2;4-5-2;4-2-1;4-5-6,4-6-1;4-5-1;4-6-2;4-5-2;4-2-1;4-5-6;4-1-2;4-1-6,0,BREAK,79.532,1,54.39633333333334,0.384,0.6202,6
4-1-5,0.4613333333333334,2026-07-07,0.3563166666666667,0.3496666666666667,0.4986666666666667,1,0.047,0.5116,1,0,0,1,0.28890000000000005,2000,400,600,800,まくり,1,0.48000000000000004,46.857000000000006,2480,tune,202607070201,0.724,2480,0,0,2480,44.99033333333334,27.86066666666667,32.818250000000006,38.0463,39.73950000000001,39.965333333333334,-1.0,0.030000000000000027,-0.19999999999999996,0.4,4-5-1;4-5-2;4-2-1;4-6-1;4-5-6;4-1-2;4-6-2;4-1-5;4-2-5;4-5-3;4-6-5;4-3-1;4-1-6;4-2-6;4-3-2;4-1-3;4-3-5;4-2-3;4-6-3;4-3-6,4-5-1;4-5-2;4-2-1;4-6-1,4-5-1;4-5-2;4-2-1;4-6-1;4-5-6;4-1-2,4-5-1;4-5-2;4-2-1;4-6-1;4-5-6;4-1-2;4-6-2;4-1-5,-0.5,BREAK,27.86066666666667,0,54.39633333333334,0.762,0.2513000000000001,4
4-1-2,0.5113333333333334,2026-07-07,0.5330666666666668,0.5876666666666668,0.956,1,1.743,0.9357,1,0,1,1,0.47740000000000005,2000,400,600,800,まくり,1,0.514,53.103,3050,tune,202607070205,0.6479999999999999,3050,0,3050,3050,52.83633333333334,50.04166666666668,51.08300000000001,52.74180000000001,53.923000000000016,56.27133333333335,0.20000000000000007,0.48000000000000004,-0.19999999999999996,0.4,4-5-1;4-5-2;4-6-1;4-2-1;4-1-2;4-5-6;4-6-2;4-1-5;4-1-6;4-2-5;4-6-5;4-2-6;4-3-1;4-5-3;4-3-2;4-1-3;4-2-3;4-3-5;4-6-3;4-3-6,4-5-1;4-5-2;4-6-1;4-2-1,4-5-1;4-5-2;4-6-1;4-2-1;4-1-2;4-5-6,4-5-1;4-5-2;4-6-1;4-2-1;4-1-2;4-5-6;4-6-2;4-1-5,0,BREAK,50.04166666666668,0,54.39633333333334,0.33599999999999997,0.5548000000000001,4
1-3-5,0.6333333333333334,2026-07-07,0.5884166666666667,0.5236666666666667,0.144,0,0.047,0.5116,0,0,0,0,0.5912999999999999,2000,400,600,800,逃げ,0,0.6235,62.357000000000006,1430,tune,202607070804,0.21599999999999997,0,0,0,0,63.34033333333334,65.58866666666667,64.35074999999999,61.0681,61.094500000000004,58.40533333333334,0.20000000000000007,0.6900000000000001,0.4,0.7,4-5-1;4-5-6;4-5-2;4-6-1;4-5-3;4-6-5;4-6-2;4-1-5;4-3-5;4-3-1;4-6-3;4-2-5;4-2-1;4-1-6;4-3-6;4-2-6;4-1-2;4-1-3;4-3-2;4-2-3,4-5-1;4-5-6;4-5-2;4-6-1,4-5-1;4-5-6;4-5-2;4-6-1;4-5-3;4-6-5,4-5-1;4-5-6;4-5-2;4-6-1;4-5-3;4-6-5;4-6-2;4-1-5,0,BREAK,65.58866666666667,1,54.39633333333334,0.5860000000000001,0.5434999999999999,1
4-1-2,0.5846666666666667,2026-07-07,0.5492833333333333,0.5293333333333333,0.2366666666666667,1,0.047,0.5116,1,0,0,1,0.5516,2000,400,600,800,まくり差し,0,0.5855,58.557,3980,tune,202607070806,0.412,3980,0,0,3980,58.47366666666667,56.00333333333334,56.525749999999995,56.68469999999999,56.704499999999996,55.983666666666664,-0.19999999999999996,0.52,0.19999999999999996,0.6,4-5-1;4-6-1;4-5-2;4-2-1;4-5-6;4-6-2;4-1-2;4-1-6;4-3-1;4-1-5;4-6-5;4-5-3;4-2-6;4-1-3;4-2-5;4-6-3;4-3-2;4-3-6;4-2-3;4-3-5,4-5-1;4-6-1;4-5-2;4-2-1,4-5-1;4-6-1;4-5-2;4-2-1;4-5-6;4-6-2,4-5-1;4-6-1;4-5-2;4-2-1;4-5-6;4-6-2;4-1-2;4-1-6,0,BREAK,56.00333333333334,1,54.39633333333334,0.526,0.5139,4
6-1-2,0.76,2026-07-07,0.64015,0.637,0.3473333333333333,0,0.047,0.5116,0,0,0,0,0.5402,2000,400,600,800,まくり,0,0.7595,75.95699999999998,74510,tune,202607070809,0.468,0,0,0,0,76.00699999999999,73.21,73.11075,67.57589999999999,70.01449999999998,70.472,0.19999999999999996,0.66,0.8,0.9,4-5-1;4-5-2;4-2-1;4-6-1;4-6-2;4-1-2;4-5-6;4-2-5;4-2-6;4-5-3;4-1-5;4-6-5;4-3-1;4-3-2;4-1-6;4-2-3;4-1-3;4-3-5;4-6-3;4-3-6,4-5-1;4-5-2;4-2-1;4-6-1,4-5-1;4-5-2;4-2-1;4-6-1;4-6-2;4-1-2,4-5-1;4-5-2;4-2-1;4-6-1;4-6-2;4-1-2;4-5-6;4-2-5,0,BREAK,73.21,1,54.39633333333334,0.48600000000000004,0.5203,6
1-2-4,0.778,2026-07-07,0.6933,0.771,0.266,0,0.047,0.5116,0,0,0,0,0.6263000000000001,2000,400,600,800,逃げ,0,0.75745,74.60199999999999,1430,tune,202607071012,0.6799999999999999,0,0,0,0,76.657,73.30700000000002,73.8095,70.77860000000001,72.422,76.342,0.6,0.65,0.8,0.9,4-5-1;4-5-2;4-6-1;4-2-1;4-5-6;4-6-2;4-1-2;4-5-3;4-1-5;4-2-5;4-3-1;4-6-5;4-1-6;4-2-6;4-3-2;4-3-5;4-1-3;4-2-3;4-6-3;4-3-6,4-5-1;4-5-2;4-6-1;4-2-1,4-5-1;4-5-2;4-6-1;4-2-1;4-5-6;4-6-2,4-5-1;4-5-2;4-6-1;4-2-1;4-5-6;4-6-2;4-1-2;4-5-3,-0.5,BREAK,73.30700000000002,1,54.39633333333334,0.23600000000000002,0.6086,1
1-3-4,0.7650000000000001,2026-07-07,0.6954250000000001,0.6480000000000001,0.337,0,1.289,0.8222,0,0,0,0,0.6321,2000,400,600,800,逃げ,0,0.75115,75.214,1970,tune,202607071208,0.198,0,0,0,0,76.59900000000002,71.9875,72.18462500000001,71.58795,73.12025000000001,71.33400000000003,0.6000000000000001,0.8300000000000001,0.0,0.5,4-5-1;4-6-1;4-5-2;4-5-6;4-6-2;4-2-1;4-1-6;4-6-5;4-1-2;4-1-5;4-3-1;4-5-3;4-2-6;4-2-5;4-6-3;4-1-3;4-3-6;4-3-2;4-3-5;4-2-3,4-5-1;4-6-1;4-5-2;4-5-6,4-5-1;4-6-1;4-5-2;4-5-6;4-6-2;4-2-1,4-5-1;4-6-1;4-5-2;4-5-6;4-6-2;4-2-1;4-1-6;4-6-5,-0.5,BREAK,71.9875,1,54.39633333333334,0.469,0.62585,1
1-5-6,0.608,2026-07-07,0.522725,0.3955,0.677,0,1.644,0.9111,0,0,0,0,0.4220999999999999,2000,400,600,800,逃げ,0,0.61205,62.809,26750,tune,202607071306,0.09,0,0,0,0,62.403999999999996,50.2825,53.492124999999994,55.75594999999999,58.140249999999995,52.8415,-0.6,0.35000000000000003,0.0,0.5,4-5-1;4-6-1;4-5-2;4-2-1;4-3-1;4-1-2;4-1-5;4-5-3;4-5-6;4-1-3;4-1-6;4-6-2;4-6-5;4-3-2;4-6-3;4-2-5;4-3-5;4-2-3;4-2-6;4-3-6,4-5-1;4-6-1;4-5-2;4-2-1,4-5-1;4-6-1;4-5-2;4-2-1;4-3-1;4-1-2,4-5-1;4-6-1;4-5-2;4-2-1;4-3-1;4-1-2;4-1-5;4-5-3,0,BREAK,50.2825,0,54.39633333333334,0.817,0.43745,1
1-3-4,0.8170000000000001,2026-07-07,0.706275,0.795,0.42700000000000005,0,0.26,0.565,0,0,0,0,0.5909,2000,400,600,800,逃げ,0,0.79845,80.065,1020,tune,202607071801,0.734,0,0,0,0,81.92,71.22149999999999,73.056875,73.62405000000001,76.38374999999999,80.93,0.8,0.75,0.0,0.5,4-5-1;4-5-2;4-2-1;4-6-1;4-1-2;4-6-2;4-5-6;4-1-5;4-2-5;4-3-1;4-1-6;4-5-3;4-2-6;4-6-5;4-3-2;4-1-3;4-2-3;4-3-5;4-6-3;4-3-6,4-5-1;4-5-2;4-2-1;4-6-1,4-5-1;4-5-2;4-2-1;4-6-1;4-1-2;4-6-2,4-5-1;4-5-2;4-2-1;4-6-1;4-1-2;4-6-2;4-5-6;4-1-5,0,BREAK,71.22149999999999,1,54.39633333333334,0.227,0.59555,1
1-4-2,0.786,2026-07-07,0.766025,0.7585000000000001,0.32100000000000006,0,0.774,0.6936,0,0,0,0,0.7361,2000,400,600,800,逃げ,0,0.75745,76.47899999999998,1630,tune,202607071811,0.226,0,0,0,0,79.334,77.8225,77.42462499999999,77.63695,78.33524999999999,78.0965,0.8,0.93,0.0,0.5,4-5-1;4-6-1;4-5-2;4-5-6;4-6-2;4-2-1;4-1-6;4-6-5;4-1-2;4-1-5;4-3-1;4-5-3;4-2-6;4-2-5;4-6-3;4-1-3;4-3-6;4-3-2;4-3-5;4-2-3,4-5-1;4-6-1;4-5-2;4-5-6,4-5-1;4-6-1;4-5-2;4-5-6;4-6-2;4-2-1,4-5-1;4-6-1;4-5-2;4-5-6;4-6-2;4-2-1;4-1-6;4-6-5,0,BREAK,77.8225,1,54.39633333333334,0.26899999999999996,0.74605,1
3-4-1,0.6006666666666667,2026-07-07,0.5858333333333333,0.5543333333333333,0.43333333333333335,0,0.047,0.5116,0,0,0,0,0.5708,2000,400,600,800,まくり,0,0.58755,58.762,4190,tune,202607072007,0.312,0,0,0,0,60.07366666666667,51.90233333333334,55.2795,58.971599999999995,59.332,57.98866666666666,-0.6,0.23000000000000004,0.6,0.8,4-5-1;4-6-1;4-5-2;4-5-6;4-6-2;4-2-1;4-1-6;4-3-1;4-6-5;4-1-2;4-5-3;4-1-5;4-2-6;4-6-3;4-1-3;4-2-5;4-3-6;4-3-2;4-3-5;4-2-3,4-5-1;4-6-1;4-5-2;4-5-6,4-5-1;4-6-1;4-5-2;4-5-6;4-6-2;4-2-1,4-5-1;4-6-1;4-5-2;4-5-6;4-6-2;4-2-1;4-1-6;4-3-1,0,BREAK,51.90233333333334,0,54.39633333333334,0.492,0.571,3
1-4-3,0.5653333333333334,2026-07-07,0.5251666666666666,0.48666666666666664,0.38999999999999996,0,0.047,0.5116,0,0,0,0,0.5043,2000,400,600,800,逃げ,0,0.54955,54.961999999999996,1080,tune,202607072011,0.372,0,0,0,0,56.540333333333336,51.85966666666667,52.4495,53.99259999999999,54.532,53.00033333333334,0.4,0.6100000000000001,-0.4,0.3,4-5-1;4-6-1;4-5-2;4-5-6;4-2-1;4-6-2;4-1-6;4-3-1;4-1-2;4-1-5;4-5-3;4-6-5;4-1-3;4-2-6;4-6-3;4-2-5;4-3-6;4-3-2;4-3-5;4-2-3,4-5-1;4-6-1;4-5-2;4-5-6,4-5-1;4-6-1;4-5-2;4-5-6;4-2-1;4-6-2,4-5-1;4-6-1;4-5-2;4-5-6;4-2-1;4-6-2;4-1-6;4-3-1,0,BREAK,51.85966666666667,0,54.39633333333334,0.5920000000000001,0.4849999999999999,1
2-3-1,0.4506666666666667,2026-07-07,0.5146833333333334,0.5003333333333334,0.22666666666666668,0,-1.004,0.249,0,0,0,0,0.6081,2000,400,600,800,差し,0,0.44325,42.131,2250,tune,202607072406,0.368,0,0,0,0,42.872666666666674,51.35833333333334,48.59975000000001,48.25670000000001,46.07350000000001,45.10766666666668,0.6000000000000001,0.77,-0.4,0.3,4-5-2;4-5-1;4-6-2;4-6-1;4-2-1;4-3-2;4-5-3;4-5-6;4-1-2;4-3-1;4-2-3;4-2-6;4-6-3;4-2-5;4-6-5;4-3-6;4-1-3;4-1-6;4-3-5;4-1-5,4-5-2;4-5-1;4-6-2;4-6-1,4-5-2;4-5-1;4-6-2;4-6-1;4-2-1;4-3-2,4-5-2;4-5-1;4-6-2;4-6-1;4-2-1;4-3-2;4-5-3;4-5-6,-0.5,BREAK,51.35833333333334,0,54.39633333333334,0.44999999999999996,0.5787,2
4-1-5,0.2846666666666667,2026-07-07,0.3862333333333333,0.3743333333333333,0.37333333333333335,1,-0.741,0.3146,1,0,0,1,0.5087999999999999,2000,400,600,800,まくり,1,0.30324999999999996,29.543999999999997,3310,tune,202607072407,0.46799999999999997,3310,0,0,3310,27.68566666666667,32.83433333333334,33.4615,35.6636,32.764,31.720666666666666,-1.0,0.06000000000000005,0.6,0.8,4-5-1;4-5-2;4-2-1;4-6-1;4-1-2;4-3-1;4-1-5;4-6-2;4-5-3;4-5-6;4-2-5;4-1-3;4-1-6;4-3-2;4-2-3;4-2-6;4-6-5;4-3-5;4-6-3;4-3-6,4-5-1;4-5-2;4-2-1;4-6-1,4-5-1;4-5-2;4-2-1;4-6-1;4-1-2;4-3-1,4-5-1;4-5-2;4-2-1;4-6-1;4-1-2;4-3-1;4-1-5;4-6-2,0,BREAK,32.83433333333334,0,54.39633333333334,0.536,0.4878,4
3-1-4,0.8286666666666667,2026-07-08,0.7593333333333333,0.7803333333333333,0.4953333333333333,0,1.223,0.8057,0,0,0,0,0.6618999999999999,2000,400,600,800,まくり差し,0,0.81135,82.318,6400,tune,202607080509,0.388,0,0,0,0,84.04966666666665,81.25233333333333,81.613,78.3008,80.583,81.87466666666667,0.6000000000000001,0.74,0.8,0.9,4-5-1;4-5-2;4-5-6;4-6-1;4-5-3;4-1-5;4-2-1;4-6-5;4-2-5;4-6-2;4-1-2;4-3-1;4-3-5;4-1-6;4-1-3;4-2-6;4-3-2;4-6-3;4-2-3;4-3-6,4-5-1;4-5-2;4-5-6;4-6-1,4-5-1;4-5-2;4-5-6;4-6-1;4-5-3;4-1-5,4-5-1;4-5-2;4-5-6;4-6-1;4-5-3;4-1-5;4-2-1;4-6-5,0,BREAK,81.25233333333333,1,54.39633333333334,0.26799999999999996,0.69,3
6-3-1,0.22933333333333333,2026-07-08,0.3112166666666667,0.2576666666666667,0.45933333333333337,0,1.371,0.8427,0,0,0,0,0.41600000000000004,2000,400,600,800,差し,0,0.25534999999999997,26.865999999999996,148390,tune,202607080511,0.408,0,0,0,0,24.264333333333333,32.05666666666667,31.08475,30.827499999999997,28.358500000000003,25.539333333333335,-0.8,0.19,0.20000000000000007,0.6000000000000001,4-5-1;4-6-1;4-5-2;4-2-1;4-6-2;4-5-6;4-1-2;4-3-1;4-1-6;4-5-3;4-2-6;4-6-5;4-1-5;4-6-3;4-3-2;4-1-3;4-2-5;4-3-6;4-2-3;4-3-5,4-5-1;4-6-1;4-5-2;4-2-1,4-5-1;4-6-1;4-5-2;4-2-1;4-6-2;4-5-6,4-5-1;4-6-1;4-5-2;4-2-1;4-6-2;4-5-6;4-1-2;4-3-1,0,BREAK,32.05666666666667,0,54.39633333333334,0.714,0.3931,6
3-6-4,0.22533333333333333,2026-07-08,0.3163666666666667,0.22466666666666668,0.642,0,0.358,0.5896,0,0,0,0,0.4013,2000,400,600,800,差し,0,0.23309999999999997,22.477999999999998,23650,tune,202607081110,0.252,0,0,0,0,21.70133333333333,29.244666666666667,27.4905,28.3036,26.253000000000004,21.671333333333337,-0.4,0.42000000000000004,-0.6000000000000001,0.19999999999999996,4-6-1;4-5-1;4-1-6;4-5-6;4-6-2;4-2-1;4-5-2;4-6-5;4-3-1;4-1-2;4-1-5;4-2-6;4-6-3;4-3-6;4-1-3;4-5-3;4-2-5;4-3-2;4-3-5;4-2-3,4-6-1;4-5-1;4-1-6;4-5-6,4-6-1;4-5-1;4-1-6;4-5-6;4-6-2;4-2-1,4-6-1;4-5-1;4-1-6;4-5-6;4-6-2;4-2-1;4-5-2;4-6-5,-0.5,BREAK,29.244666666666667,0,54.39633333333334,0.776,0.4074,3
1-2-3,0.384,2026-07-08,0.49497499999999994,0.4605,0.533,0,-0.884,0.2791,0,0,0,0,0.5855999999999999,2000,400,600,800,逃げ,0,0.39615,37.541000000000004,1310,tune,202607081209,0.266,0,0,0,0,36.326,45.21750000000001,43.560375,44.09044999999999,41.87475,39.7685,-0.20000000000000007,0.52,0.0,0.5,4-5-1;4-6-1;4-5-2;4-2-1;4-5-6;4-1-2;4-6-2;4-1-5;4-1-6;4-3-1;4-6-5;4-5-3;4-2-5;4-2-6;4-1-3;4-3-2;4-6-3;4-3-5;4-3-6;4-2-3,4-5-1;4-6-1;4-5-2;4-2-1,4-5-1;4-6-1;4-5-2;4-2-1;4-5-6;4-1-2,4-5-1;4-6-1;4-5-2;4-2-1;4-5-6;4-1-2;4-6-2;4-1-5,-0.5,BREAK,45.21750000000001,0,54.39633333333334,0.463,0.60595,1
4-1-6,0.363,2026-07-08,0.42307500000000003,0.474,0.40700000000000003,1,-1.945,0.0137,1,0,0,1,0.4989,2000,400,600,800,抜き,0,0.36905,34.92,3030,tune,202607081303,0.706,3030,0,0,3030,34.315,42.0005,40.211875000000006,39.10705,37.31875,39.31,0.20000000000000007,0.48000000000000004,0.0,0.5,4-5-1;4-6-1;4-5-2;4-6-2;4-2-1;4-5-6;4-1-2;4-1-6;4-2-6;4-3-1;4-6-5;4-5-3;4-1-5;4-6-3;4-2-5;4-3-2;4-1-3;4-3-6;4-2-3;4-3-5,4-5-1;4-6-1;4-5-2;4-6-2,4-5-1;4-6-1;4-5-2;4-6-2;4-2-1;4-5-6,4-5-1;4-6-1;4-5-2;4-6-2;4-2-1;4-5-6;4-1-2;4-1-6,0,BREAK,42.0005,0,54.39633333333334,0.415,0.4831500000000001,4
4-5-6,0.44899999999999995,2026-07-08,0.582525,0.54,0.5710000000000001,1,-1.021,0.2449,1,1,1,1,0.6736,2000,400,600,800,まくり,1,0.44705,43.644,2060,tune,202607081308,0.126,2060,2060,2060,2060,43.839,47.8815,48.162124999999996,52.78594999999999,50.51524999999999,47.934,-0.20000000000000007,0.45999999999999996,0.0,0.5,4-5-1;4-6-1;4-5-6;4-5-2;4-6-2;4-1-6;4-6-5;4-2-1;4-1-2;4-1-5;4-2-6;4-3-1;4-5-3;4-6-3;4-3-6;4-2-5;4-1-3;4-3-2;4-3-5;4-2-3,4-5-1;4-6-1;4-5-6;4-5-2,4-5-1;4-6-1;4-5-6;4-5-2;4-6-2;4-1-6,4-5-1;4-6-1;4-5-6;4-5-2;4-6-2;4-1-6;4-6-5;4-2-1,0,BREAK,47.8815,0,54.39633333333334,0.369,0.71605,4
4-1-3,0.807,2026-07-08,0.6962250000000001,0.653,0.125,1,1.989,0.9973,1,0,0,0,0.6295,2000,400,600,800,まくり,1,0.77305,78.10400000000001,3960,tune,202607081312,0.25399999999999995,3960,0,0,0,81.49900000000001,73.8795,74.58462500000002,74.27075,75.96025,74.569,0.6,0.8300000000000001,0.0,0.5,4-5-1;4-5-2;4-6-1;4-5-6;4-2-1;4-5-3;4-6-2;4-1-5;4-1-2;4-3-1;4-6-5;4-1-6;4-2-5;4-2-6;4-1-3;4-3-5;4-3-2;4-6-3;4-2-3;4-3-6,4-5-1;4-5-2;4-6-1;4-5-6,4-5-1;4-5-2;4-6-1;4-5-6;4-2-1;4-5-3,4-5-1;4-5-2;4-6-1;4-5-6;4-2-1;4-5-3;4-6-2;4-1-5,-0.5,BREAK,73.8795,1,54.39633333333334,0.501,0.58545,4
2-1-3,0.423,2026-07-08,0.42652499999999993,0.41899999999999993,0.409,0,-1.551,0.1122,0,0,0,0,0.4542999999999999,2000,400,600,800,差し,0,0.42045000000000005,40.454,2800,tune,202607081803,0.542,0,0,0,0,40.708999999999996,42.22350000000001,41.892125,41.50334999999999,40.88524999999999,40.529,-0.4,0.42000000000000004,0.0,0.5,4-5-1;4-6-1;4-5-2;4-2-1;4-6-2;4-5-6;4-1-2;4-1-6;4-2-6;4-6-5;4-1-5;4-3-1;4-2-5;4-5-3;4-6-3;4-1-3;4-3-2;4-3-6;4-2-3;4-3-5,4-5-1;4-6-1;4-5-2;4-2-1,4-5-1;4-6-1;4-5-2;4-2-1;4-6-2;4-5-6,4-5-1;4-6-1;4-5-2;4-2-1;4-6-2;4-5-6;4-1-2;4-1-6,0,BREAK,42.22350000000001,0,54.39633333333334,0.5850000000000001,0.43004999999999993,2
1-3-4,0.154,2026-07-08,0.270525,0.22449999999999998,0.233,0,-1.754,0.0616,0,0,0,0,0.4446999999999999,2000,400,600,800,逃げ,0,0.17345,15.551,1170,tune,202607081811,0.44199999999999995,0,0,0,0,13.606000000000002,19.8485,19.829125000000005,23.497149999999994,19.43225,16.7785,-1.0,0.06000000000000005,0.0,0.5,4-5-1;4-5-2;4-6-1;4-2-1;4-5-6;4-6-2;4-1-2;4-5-3;4-3-1;4-1-5;4-2-5;4-1-6;4-6-5;4-3-2;4-2-6;4-1-3;4-2-3;4-6-3;4-3-5;4-3-6,4-5-1;4-5-2;4-6-1;4-2-1,4-5-1;4-5-2;4-6-1;4-2-1;4-5-6;4-6-2,4-5-1;4-5-2;4-6-1;4-2-1;4-5-6;4-6-2;4-1-2;4-5-3,0,BREAK,19.8485,0,54.39633333333334,0.7050000000000001,0.38705,1
4-3-5,0.3506666666666666,2026-07-08,0.3903833333333333,0.41733333333333333,0.43833333333333335,1,0.971,0.7428,1,0,0,0,0.4494499999999999,2000,400,600,800,まくり,1,0.35555,36.486,36280,tune,202607082005,0.67,36280,0,0,0,35.99766666666666,35.99733333333333,37.11725,39.362399999999994,37.9835,38.99766666666666,-0.6000000000000001,0.17000000000000004,0.19999999999999996,0.6,4-5-1;4-6-1;4-2-1;4-5-2;4-1-2;4-6-2;4-3-1;4-1-6;4-5-6;4-1-5;4-2-6;4-2-5;4-3-2;4-1-3;4-5-3;4-6-5;4-2-3;4-6-3;4-3-6;4-3-5,4-5-1;4-6-1;4-2-1;4-5-2,4-5-1;4-6-1;4-2-1;4-5-2;4-1-2;4-6-2,4-5-1;4-6-1;4-2-1;4-5-2;4-1-2;4-6-2;4-3-1;4-1-6,0,BREAK,35.99733333333333,0,54.39633333333334,0.516,0.4300999999999999,4
1-4-5,0.5033333333333334,2026-07-09,0.5293666666666668,0.4936666666666667,0.5373333333333333,0,0.654,0.6635,0,0,0,0,0.5419999999999999,2000,400,600,800,逃げ,0,0.518,51.26400000000001,6750,tune,202607090204,0.312,0,0,0,0,49.79733333333335,53.82466666666667,53.13150000000001,51.42900000000001,51.09900000000001,49.362333333333346,-0.19999999999999996,0.49,0.4,0.7,4-5-1;4-6-1;4-5-2;4-2-1;4-6-2;4-1-2;4-5-6;4-1-6;4-2-6;4-3-1;4-1-5;4-6-5;4-2-5;4-5-3;4-3-2;4-1-3;4-6-3;4-3-6;4-2-3;4-3-5,4-5-1;4-6-1;4-5-2;4-2-1,4-5-1;4-6-1;4-5-2;4-2-1;4-6-2;4-1-2,4-5-1;4-6-1;4-5-2;4-2-1;4-6-2;4-1-2;4-5-6;4-1-6,-0.5,BREAK,53.82466666666667,0,54.39633333333334,0.516,0.5554,1
1-5-3,0.88,2026-07-09,0.6912,0.652,0.332,0,1.803,0.9508,0,0,0,0,0.5278,2000,400,600,800,逃げ,0,0.862,86.813,9180,tune,202607090211,0.352,0,0,0,0,88.613,79.157,80.393,75.2006,79.173,78.35300000000001,0.20000000000000007,0.6900000000000001,0.8,0.9,4-5-1;4-5-2;4-6-1;4-5-6;4-6-2;4-2-1;4-5-3;4-1-2;4-3-1;4-6-5;4-1-6;4-1-5;4-2-6;4-2-5;4-3-2;4-6-3;4-1-3;4-2-3;4-3-6;4-3-5,4-5-1;4-5-2;4-6-1;4-5-6,4-5-1;4-5-2;4-6-1;4-5-6;4-6-2;4-2-1,4-5-1;4-5-2;4-6-1;4-5-6;4-6-2;4-2-1;4-5-3;4-1-2,-0.5,BREAK,79.157,1,54.39633333333334,0.576,0.5024,1
6-4-3,0.7493333333333333,2026-07-09,0.6662666666666667,0.6606666666666666,0.17466666666666664,0,0.84,0.71,0,0,0,0,0.6195999999999999,2000,400,600,800,まくり,0,0.7473500000000001,75.53500000000001,23220,tune,202607090503,0.396,0,0,0,0,75.73333333333332,64.54666666666667,66.83000000000001,70.38719999999999,71.58,71.74333333333334,0.4,0.67,-0.19999999999999996,0.4,4-5-1;4-6-1;4-5-2;4-5-6;4-6-2;4-2-1;4-1-6;4-6-5;4-1-2;4-2-6;4-1-5;4-3-1;4-5-3;4-6-3;4-2-5;4-3-6;4-1-3;4-3-2;4-2-3;4-3-5,4-5-1;4-6-1;4-5-2;4-5-6,4-5-1;4-6-1;4-5-2;4-5-6;4-6-2;4-2-1,4-5-1;4-6-1;4-5-2;4-5-6;4-6-2;4-2-1;4-1-6;4-6-5,0,BREAK,64.54666666666667,1,54.39633333333334,0.428,0.5831999999999999,6
6-2-4,0.2853333333333333,2026-07-09,0.2766166666666666,0.22166666666666662,0.25599999999999995,0,-1.841,0.0397,0,0,0,0,0.34009999999999996,2000,400,600,800,まくり,0,0.29734999999999995,26.703999999999994,13440,tune,202607090507,0.528,0,0,0,0,25.50233333333333,21.850666666666662,22.89775,26.4457,25.066499999999994,22.63733333333333,-0.6,0.23000000000000004,-0.6000000000000001,0.19999999999999996,4-5-1;4-5-2;4-6-1;4-6-2;4-5-6;4-2-1;4-5-3;4-1-2;4-3-1;4-6-5;4-2-6;4-3-2;4-2-5;4-6-3;4-1-6;4-2-3;4-1-5;4-3-6;4-3-5;4-1-3,4-5-1;4-5-2;4-6-1;4-6-2,4-5-1;4-5-2;4-6-1;4-6-2;4-5-6;4-2-1,4-5-1;4-5-2;4-6-1;4-6-2;4-5-6;4-2-1;4-5-3;4-1-2,-0.5,BREAK,21.850666666666662,0,54.39633333333334,0.8420000000000001,0.2678999999999999,6
1-3-4,0.6633333333333334,2026-07-09,0.6417166666666667,0.6406666666666667,0.32333333333333336,0,1.748,0.9371,0,0,0,0,0.6286,2000,400,600,800,逃げ,0,0.66135,67.843,1880,tune,202607090509,0.37599999999999995,0,0,0,0,68.04133333333334,66.79566666666668,67.58425,66.6287,66.9605,67.02133333333335,-0.20000000000000007,0.49000000000000005,0.8,0.9,4-5-1;4-6-1;4-5-2;4-5-6;4-6-2;4-2-1;4-1-2;4-1-6;4-6-5;4-3-1;4-1-5;4-2-6;4-5-3;4-2-5;4-6-3;4-1-3;4-3-2;4-3-6;4-2-3;4-3-5,4-5-1;4-6-1;4-5-2;4-5-6,4-5-1;4-6-1;4-5-2;4-5-6;4-6-2;4-2-1,4-5-1;4-6-1;4-5-2;4-5-6;4-6-2;4-2-1;4-1-2;4-1-6,0,BREAK,66.79566666666668,1,54.39633333333334,0.382,0.6201,1
1-4-2,0.3526666666666667,2026-07-09,0.48028333333333334,0.5373333333333333,0.19,0,-1.267,0.1833,0,0,0,0,0.6374,2000,400,600,800,逃げ,0,0.37534999999999996,36.227999999999994,570,tune,202607090510,0.604,0,0,0,0,33.959666666666664,42.013333333333335,41.20675000000001,44.0523,40.3405,42.26966666666667,-0.20000000000000007,0.37,0.19999999999999996,0.6,4-5-1;4-5-2;4-6-1;4-2-1;4-6-2;4-5-6;4-1-2;4-1-5;4-2-5;4-1-6;4-6-5;4-2-6;4-3-1;4-5-3;4-3-2;4-1-3;4-2-3;4-6-3;4-3-5;4-3-6,4-5-1;4-5-2;4-6-1;4-2-1,4-5-1;4-5-2;4-6-1;4-2-1;4-6-2;4-5-6,4-5-1;4-5-2;4-6-1;4-2-1;4-6-2;4-5-6;4-1-2;4-1-5,0,BREAK,42.013333333333335,0,54.39633333333334,0.278,0.6079,1
4-1-2,0.7173333333333334,2026-07-09,0.6493666666666666,0.5646666666666667,0.20133333333333334,1,0.512,0.6279,1,0,0,0,0.6152,2000,400,600,800,差し,0,0.7154999999999999,72.02199999999999,6610,tune,202607090802,0.10399999999999998,6610,0,0,0,72.20533333333333,71.62466666666667,71.19949999999999,67.9194,68.807,65.33533333333334,0.20000000000000007,0.6900000000000001,0.6,0.8,4-5-1;4-5-2;4-5-3;4-5-6;4-6-1;4-6-2;4-2-1;4-2-5;4-3-1;4-6-5;4-3-5;4-1-5;4-3-2;4-1-2;4-2-3;4-6-3;4-2-6;4-1-3;4-3-6;4-1-6,4-5-1;4-5-2;4-5-3;4-5-6,4-5-1;4-5-2;4-5-3;4-5-6;4-6-1;4-6-2,4-5-1;4-5-2;4-5-3;4-5-6;4-6-1;4-6-2;4-2-1;4-2-5,0,BREAK,71.62466666666667,1,54.39633333333334,0.5880000000000001,0.5813999999999999,4
1-3-4,0.7493333333333333,2026-07-09,0.7852666666666667,0.7726666666666666,0.53,0,1.026,0.7565,0,0,0,0,0.7686999999999999,2000,400,600,800,逃げ,0,0.7535000000000001,76.336,2010,tune,202607090804,0.13199999999999998,0,0,0,0,75.91933333333331,76.31266666666666,76.49099999999999,77.42339999999997,77.716,76.96933333333332,0.6,0.77,0.4,0.7,4-5-1;4-5-2;4-6-1;4-5-6;4-5-3;4-6-2;4-2-1;4-6-5;4-3-1;4-1-2;4-1-5;4-2-5;4-3-2;4-1-6;4-3-5;4-2-6;4-6-3;4-1-3;4-2-3;4-3-6,4-5-1;4-5-2;4-6-1;4-5-6,4-5-1;4-5-2;4-6-1;4-5-6;4-5-3;4-6-2,4-5-1;4-5-2;4-6-1;4-5-6;4-5-3;4-6-2;4-2-1;4-6-5,0,BREAK,76.31266666666666,1,54.39633333333334,0.20400000000000001,0.8211999999999999,1
1-4-2,0.5073333333333333,2026-07-09,0.49821666666666664,0.48666666666666664,0.33666666666666667,0,1.157,0.7893,0,0,0,0,0.5154,2000,400,600,800,逃げ,0,0.5054500000000001,50.512000000000015,740,tune,202607091003,0.468,0,0,0,0,50.70033333333333,43.49666666666667,46.315749999999994,50.604299999999995,50.2445,49.77033333333334,-0.6,0.22999999999999998,0.19999999999999996,0.6,4-5-1;4-6-1;4-5-2;4-2-1;4-1-2;4-3-1;4-5-6;4-1-6;4-1-5;4-6-2;4-5-3;4-1-3;4-6-5;4-2-6;4-2-5;4-6-3;4-3-2;4-3-6;4-3-5;4-2-3,4-5-1;4-6-1;4-5-2;4-2-1,4-5-1;4-6-1;4-5-2;4-2-1;4-1-2;4-3-1,4-5-1;4-6-1;4-5-2;4-2-1;4-1-2;4-3-1;4-5-6;4-1-6,-0.5,BREAK,43.49666666666667,0,54.39633333333334,0.534,0.4891,1
5-1-4,0.4853333333333333,2026-07-09,0.4791166666666666,0.4416666666666666,0.43933333333333335,0,1.256,0.814,0,0,0,0,0.4865999999999999,2000,400,600,800,抜き,0,0.5031,51.526,9980,tune,202607091101,0.388,0,0,0,0,49.74933333333333,42.30766666666667,45.80725,49.59069999999999,49.43849999999999,47.78433333333333,-1.0,0.06000000000000005,0.6000000000000001,0.8,4-5-1;4-5-2;4-6-1;4-2-1;4-5-6;4-1-2;4-6-2;4-1-5;4-1-6;4-6-5;4-3-1;4-5-3;4-2-5;4-2-6;4-1-3;4-3-2;4-6-3;4-3-5;4-2-3;4-3-6,4-5-1;4-5-2;4-6-1;4-2-1,4-5-1;4-5-2;4-6-1;4-2-1;4-5-6;4-1-2,4-5-1;4-5-2;4-6-1;4-2-1;4-5-6;4-1-2;4-6-2;4-1-5,0,BREAK,42.30766666666667,0,54.39633333333334,0.6020000000000001,0.4728999999999999,5
1-4-6,0.7133333333333335,2026-07-09,0.5855666666666668,0.5666666666666667,0.48333333333333334,0,0.265,0.5663,0,0,0,0,0.4669,2000,400,600,800,逃げ,0,0.6931,69.535,1910,tune,202607091112,0.47200000000000003,0,0,0,0,71.55833333333334,54.06966666666668,57.4975,62.3038,65.17,64.95833333333334,0.20000000000000007,0.63,-0.8,0.09999999999999998,4-5-1;4-5-2;4-2-1;4-6-1;4-1-2;4-1-5;4-5-6;4-6-2;4-3-1;4-2-5;4-5-3;4-1-6;4-6-5;4-2-6;4-1-3;4-3-2;4-3-5;4-2-3;4-6-3;4-3-6,4-5-1;4-5-2;4-2-1;4-6-1,4-5-1;4-5-2;4-2-1;4-6-1;4-1-2;4-1-5,4-5-1;4-5-2;4-2-1;4-6-1;4-1-2;4-1-5;4-5-6;4-6-2,0,BREAK,54.06966666666668,0,54.39633333333334,0.5800000000000001,0.4578,1
4-5-2,0.2513333333333333,2026-07-09,0.3734166666666667,0.4066666666666666,0.41333333333333333,1,0.047,0.5116,1,1,1,1,0.5086999999999999,2000,400,600,800,まくり差し,0,0.27599999999999997,26.456999999999997,2320,tune,202607091407,0.628,2320,2320,2320,2320,23.99033333333333,37.202666666666666,34.64575,33.314899999999994,30.094499999999996,30.98033333333333,-0.19999999999999996,0.37000000000000005,0.19999999999999996,0.6,4-5-1;4-5-2;4-6-1;4-2-1;4-5-6;4-6-2;4-1-2;4-1-5;4-5-3;4-3-1;4-2-5;4-6-5;4-1-6;4-2-6;4-3-2;4-1-3;4-3-5;4-2-3;4-6-3;4-3-6,4-5-1;4-5-2;4-6-1;4-2-1,4-5-1;4-5-2;4-6-1;4-2-1;4-5-6;4-6-2,4-5-1;4-5-2;4-6-1;4-2-1;4-5-6;4-6-2;4-1-2;4-1-5,-0.5,BREAK,37.202666666666666,0,54.39633333333334,0.438,0.49550000000000005,4
4-3-5,0.4493333333333333,2026-07-09,0.42651666666666666,0.41566666666666663,0.462,1,0.047,0.5116,1,0,0,0,0.42399999999999993,2000,400,600,800,まくり,1,0.4677,49.817,1870,tune,202607091504,0.556,1870,0,0,0,47.98033333333333,36.318666666666665,40.283249999999995,46.73849999999999,46.8395,46.465333333333334,-0.8,0.13,-0.20000000000000007,0.39999999999999997,4-5-1;4-5-2;4-5-3;4-6-1;4-5-6;4-2-1;4-3-1;4-6-2;4-1-2;4-1-5;4-3-2;4-2-5;4-6-5;4-3-5;4-1-3;4-2-3;4-6-3;4-1-6;4-2-6;4-3-6,4-5-1;4-5-2;4-5-3;4-6-1,4-5-1;4-5-2;4-5-3;4-6-1;4-5-6;4-2-1,4-5-1;4-5-2;4-5-3;4-6-1;4-5-6;4-2-1;4-3-1;4-6-2,0.5,BREAK,36.318666666666665,0,54.39633333333334,0.618,0.40369999999999995,4
4-1-6,0.5993333333333334,2026-07-09,0.5078666666666667,0.5036666666666667,0.04333333333333332,1,-1.666,0.0834,1,0,0,0,0.49749999999999994,2000,400,600,800,差し,0,0.5755499999999999,54.699,3020,tune,202607092006,0.5680000000000001,3020,0,0,0,57.07733333333334,51.52266666666668,51.71400000000001,52.09300000000001,52.50400000000001,52.77233333333335,0.4,0.67,-0.4,0.3,4-5-2;4-5-1;4-6-2;4-6-1;4-5-6;4-2-1;4-2-6;4-1-2;4-6-5;4-2-5;4-5-3;4-3-2;4-1-6;4-6-3;4-2-3;4-3-1;4-3-6;4-1-5;4-3-5;4-1-3,4-5-2;4-5-1;4-6-2;4-6-1,4-5-2;4-5-1;4-6-2;4-6-1;4-5-6;4-2-1,4-5-2;4-5-1;4-6-2;4-6-1;4-5-6;4-2-1;4-2-6;4-1-2,-0.5,BREAK,51.52266666666668,0,54.39633333333334,0.5920000000000001,0.4163999999999999,4
1-3-4,0.7566666666666667,2026-07-09,0.6895333333333333,0.6643333333333333,0.4173333333333333,0,1.316,0.829,0,0,0,0,0.6168,2000,400,600,800,逃げ,0,0.7332500000000001,77.641,1950,tune,202607092409,0.284,0,0,0,0,79.98266666666667,82.57333333333334,81.12100000000001,74.89160000000001,76.626,75.82766666666667,0.4,0.79,0.8,0.9,4-5-1;4-5-2;4-6-1;4-5-6;4-2-1;4-6-2;4-5-3;4-1-2;4-1-5;4-3-1;4-6-5;4-2-5;4-1-6;4-2-6;4-3-2;4-1-3;4-3-5;4-6-3;4-2-3;4-3-6,4-5-1;4-5-2;4-6-1;4-5-6,4-5-1;4-5-2;4-6-1;4-5-6;4-2-1;4-6-2,4-5-1;4-5-2;4-6-1;4-5-6;4-2-1;4-6-2;4-5-3;4-1-2,0.5,BREAK,82.57333333333334,1,54.39633333333334,0.428,0.6224000000000001,1
2-1-4,0.5033333333333334,2026-07-10,0.4238666666666667,0.4196666666666667,0.4486666666666667,0,1.611,0.9029,0,0,0,0,0.37549999999999994,2000,400,600,800,差し,0,0.518,52.221000000000004,1940,tune,202607100202,0.64,0,0,0,0,50.75433333333334,39.31166666666668,42.351000000000006,45.55800000000001,46.781000000000006,46.98933333333334,-0.6,0.26000000000000006,-0.19999999999999996,0.4,4-5-1;4-5-2;4-6-1;4-2-1;4-6-2;4-1-2;4-5-6;4-2-5;4-1-5;4-6-5;4-2-6;4-1-6;4-5-3;4-3-1;4-3-2;4-2-3;4-1-3;4-3-5;4-6-3;4-3-6,4-5-1;4-5-2;4-6-1;4-2-1,4-5-1;4-5-2;4-6-1;4-2-1;4-6-2;4-1-2,4-5-1;4-5-2;4-6-1;4-2-1;4-6-2;4-1-2;4-5-6;4-2-5,-0.5,BREAK,39.31166666666668,0,54.39633333333334,0.664,0.34440000000000004,2
1-2-3,0.35200000000000004,2026-07-10,0.4756,0.47,0.5466666666666667,0,0.047,0.5116,0,0,0,0,0.5773999999999999,2000,400,600,800,逃げ,0,0.35729999999999995,35.736999999999995,840,tune,202607100603,0.38,0,0,0,0,35.207,48.09499999999999,45.677,43.873799999999996,41.387,40.517,-0.20000000000000007,0.45999999999999996,0.4,0.7,4-5-1;4-6-1;4-5-2;4-2-1;4-1-2;4-5-6;4-6-2;4-1-5;4-3-1;4-1-6;4-5-3;4-6-5;4-2-5;4-1-3;4-2-6;4-3-2;4-6-3;4-3-5;4-2-3;4-3-6,4-5-1;4-6-1;4-5-2;4-2-1,4-5-1;4-6-1;4-5-2;4-2-1;4-1-2;4-5-6,4-5-1;4-6-1;4-5-2;4-2-1;4-1-2;4-5-6;4-6-2;4-1-5,0,BREAK,48.09499999999999,0,54.39633333333334,0.41200000000000003,0.5992,1
2-1-5,0.5640000000000001,2026-07-10,0.5822,0.522,0.27066666666666667,0,0.342,0.5855,0,0,0,0,0.6205999999999999,2000,400,600,800,差し,0,0.5575,56.052,2060,tune,202607100802,0.176,0,0,0,0,56.702000000000005,60.058,58.617000000000004,58.493199999999995,57.612,54.812000000000005,0.4,0.76,-0.19999999999999996,0.4,4-5-1;4-5-2;4-5-3;4-5-6;4-6-1;4-2-5;4-6-2;4-2-1;4-6-5;4-3-5;4-1-5;4-3-1;4-3-2;4-1-2;4-2-3;4-6-3;4-2-6;4-1-3;4-3-6;4-1-6,4-5-1;4-5-2;4-5-3;4-5-6,4-5-1;4-5-2;4-5-3;4-5-6;4-6-1;4-2-5,4-5-1;4-5-2;4-5-3;4-5-6;4-6-1;4-2-5;4-6-2;4-2-1,0,BREAK,60.058,1,54.39633333333334,0.52,0.6004,2
1-4-2,0.6993333333333334,2026-07-10,0.6512166666666667,0.7166666666666667,0.43866666666666665,0,1.464,0.8659,0,0,0,0,0.5959,2000,400,600,800,逃げ,0,0.6894999999999999,69.22399999999999,1680,tune,202607100811,0.64,0,0,0,0,70.20733333333334,80.71966666666667,76.92775,66.4883,67.8015,70.98733333333334,0.8,0.87,1.0,1.0,4-5-1;4-5-2;4-2-1;4-6-1;4-5-6;4-1-2;4-1-5;4-6-2;4-2-5;4-5-3;4-3-1;4-6-5;4-1-6;4-2-6;4-3-2;4-1-3;4-3-5;4-2-3;4-6-3;4-3-6,4-5-1;4-5-2;4-2-1;4-6-1,4-5-1;4-5-2;4-2-1;4-6-1;4-5-6;4-1-2,4-5-1;4-5-2;4-2-1;4-6-1;4-5-6;4-1-2;4-1-5;4-6-2,-0.5,BREAK,80.71966666666667,1,54.39633333333334,0.266,0.6031,1
5-3-4,0.27799999999999997,2026-07-10,0.38544999999999996,0.40399999999999997,0.17533333333333334,0,-1.726,0.0684,0,0,0,0,0.5424,2000,400,600,800,まくり差し,0,0.28545,25.628999999999998,4000,tune,202607101006,0.5760000000000001,0,0,0,0,24.883999999999997,25.537,26.440249999999995,33.9243,30.256499999999992,30.554,-0.19999999999999996,0.28,-0.6000000000000001,0.19999999999999996,4-5-1;4-5-2;4-5-6;4-6-1;4-6-5;4-5-3;4-6-2;4-1-5;4-2-1;4-2-5;4-1-2;4-1-6;4-3-1;4-2-6;4-3-5;4-6-3;4-3-2;4-3-6;4-1-3;4-2-3,4-5-1;4-5-2;4-5-6;4-6-1,4-5-1;4-5-2;4-5-6;4-6-1;4-6-5;4-5-3,4-5-1;4-5-2;4-5-6;4-6-1;4-6-5;4-5-3;4-6-2;4-1-5,-0.5,BREAK,25.537,0,54.39633333333334,0.47000000000000003,0.4928999999999999,5
4-3-5,0.368,2026-07-10,0.432,0.376,0.6859999999999999,1,0.572,0.643,1,0,0,0,0.46950000000000003,2000,400,600,800,差し,0,0.3851,39.042,2800,tune,202607101103,0.296,2800,0,0,0,37.332,40.596000000000004,41.252,41.485,40.532000000000004,37.69200000000001,-0.8,0.16000000000000003,0.6,0.8,4-5-1;4-5-2;4-5-6;4-6-1;4-5-3;4-1-5;4-6-5;4-2-1;4-6-2;4-2-5;4-3-1;4-1-2;4-1-6;4-3-5;4-1-3;4-2-6;4-6-3;4-3-2;4-3-6;4-2-3,4-5-1;4-5-2;4-5-6;4-6-1,4-5-1;4-5-2;4-5-6;4-6-1;4-5-3;4-1-5,4-5-1;4-5-2;4-5-6;4-6-1;4-5-3;4-1-5;4-6-5;4-2-1,0,BREAK,40.596000000000004,0,54.39633333333334,0.616,0.496,4
5-3-2,0.51,2026-07-10,0.4746,0.399,0.5680000000000001,0,-1.88,0.0301,0,0,0,0,0.4391999999999999,2000,400,600,800,差し,0,0.4971,47.79,141260,tune,202607101112,0.28,0,0,0,0,49.08,51.132,49.145,46.46039999999999,47.31,44.08500000000001,0.4,0.79,-0.6,0.2,4-5-1;4-5-2;4-6-1;4-2-1;4-1-2;4-6-2;4-5-6;4-1-5;4-3-1;4-1-6;4-5-3;4-2-5;4-6-5;4-2-6;4-1-3;4-3-2;4-2-3;4-6-3;4-3-5;4-3-6,4-5-1;4-5-2;4-6-1;4-2-1,4-5-1;4-5-2;4-6-1;4-2-1;4-1-2;4-6-2,4-5-1;4-5-2;4-6-1;4-2-1;4-1-2;4-6-2;4-5-6;4-1-5,0,BREAK,51.132,0,54.39633333333334,0.712,0.43920000000000003,5
4-1-2,0.538,2026-07-10,0.5529,0.611,0.5926666666666667,1,-1.311,0.1724,1,0,0,1,0.5429,2000,400,600,800,まくり,1,0.55,53.64900000000001,2240,tune,202607101407,0.6479999999999999,2240,0,0,2240,52.449000000000005,45.171,47.491499999999995,53.003800000000005,53.194,55.73400000000001,0.19999999999999996,0.44999999999999996,-0.4,0.3,4-5-1;4-5-2;4-6-1;4-5-6;4-2-1;4-1-5;4-1-2;4-6-2;4-2-5;4-6-5;4-5-3;4-1-6;4-3-1;4-2-6;4-3-5;4-3-2;4-1-3;4-2-3;4-6-3;4-3-6,4-5-1;4-5-2;4-6-1;4-5-6,4-5-1;4-5-2;4-6-1;4-5-6;4-2-1;4-1-5,4-5-1;4-5-2;4-6-1;4-5-6;4-2-1;4-1-5;4-1-2;4-6-2,0,BREAK,45.171,0,54.39633333333334,0.31600000000000006,0.5678,4
1-2-6,0.8646666666666667,2026-07-10,0.7290833333333333,0.7693333333333333,0.5286666666666667,0,1.365,0.8413,0,0,0,0,0.5746,2000,400,600,800,逃げ,0,0.8417000000000001,84.34500000000001,2320,tune,202607101511,0.5559999999999999,0,0,0,0,86.64166666666667,79.12733333333334,79.58875,76.1927,79.8625,82.35166666666667,1.0,0.88,0.19999999999999996,0.6,4-5-1;4-6-1;4-2-1;4-5-2;4-1-2;4-6-2;4-3-1;4-5-6;4-1-6;4-1-5;4-2-6;4-5-3;4-1-3;4-3-2;4-2-5;4-6-5;4-2-3;4-6-3;4-3-6;4-3-5,4-5-1;4-6-1;4-2-1;4-5-2,4-5-1;4-6-1;4-2-1;4-5-2;4-1-2;4-6-2,4-5-1;4-6-1;4-2-1;4-5-2;4-1-2;4-6-2;4-3-1;4-5-6,-0.5,BREAK,79.12733333333334,1,54.39633333333334,0.32600000000000007,0.5934999999999999,1
1-2-3,0.8766666666666668,2026-07-10,0.7061833333333334,0.7233333333333334,0.16999999999999993,0,0.457,0.6142,0,0,0,0,0.5796,2000,400,600,800,逃げ,0,0.8598000000000001,85.24700000000001,1750,tune,202607101603,0.528,0,0,0,0,86.93366666666668,75.05733333333335,76.18825000000001,75.2837,78.4095,80.03366666666668,1.0,0.91,-0.19999999999999996,0.4,4-5-2;4-5-1;4-2-1;4-6-2;4-6-1;4-1-2;4-5-6;4-2-5;4-2-6;4-5-3;4-3-2;4-3-1;4-6-5;4-1-5;4-2-3;4-1-6;4-6-3;4-1-3;4-3-5;4-3-6,4-5-2;4-5-1;4-2-1;4-6-2,4-5-2;4-5-1;4-2-1;4-6-2;4-6-1;4-1-2,4-5-2;4-5-1;4-2-1;4-6-2;4-6-1;4-1-2;4-5-6;4-2-5,-0.5,BREAK,75.05733333333335,1,54.39633333333334,0.43,0.5357,1
1-4-5,0.508,2026-07-10,0.5103,0.546,0.3913333333333333,0,-0.802,0.2996,0,0,0,0,0.5265,2000,400,600,800,逃げ,0,0.5118,50.33800000000001,1290,tune,202607101610,0.6199999999999999,0,0,0,0,49.958,47.42800000000001,48.63550000000001,50.434,50.073,51.66800000000001,-0.20000000000000007,0.37000000000000005,0.19999999999999996,0.6,4-5-1;4-5-2;4-2-1;4-5-6;4-1-5;4-6-1;4-5-3;4-2-5;4-1-2;4-6-2;4-6-5;4-3-1;4-3-5;4-1-6;4-3-2;4-1-3;4-2-6;4-2-3;4-6-3;4-3-6,4-5-1;4-5-2;4-2-1;4-5-6,4-5-1;4-5-2;4-2-1;4-5-6;4-1-5;4-6-1,4-5-1;4-5-2;4-2-1;4-5-6;4-1-5;4-6-1;4-5-3;4-2-5,0,BREAK,47.42800000000001,0,54.39633333333334,0.41600000000000004,0.5126000000000001,1
2-5-4,0.8593333333333335,2026-07-10,0.7480166666666668,0.7686666666666667,0.136,0,-1.239,0.1902,0,0,0,0,0.6705,2000,400,600,800,抜き,0,0.8398000000000001,81.551,6050,tune,202607101612,0.44,0,0,0,0,83.50433333333335,84.67266666666667,82.94475,76.01050000000002,77.9385,79.42433333333335,1.0,0.94,0.8,0.9,4-5-1;4-5-2;4-2-1;4-6-1;4-1-2;4-6-2;4-5-6;4-2-5;4-5-3;4-1-5;4-3-1;4-6-5;4-2-6;4-3-2;4-1-6;4-2-3;4-3-5;4-1-3;4-6-3;4-3-6,4-5-1;4-5-2;4-2-1;4-6-1,4-5-1;4-5-2;4-2-1;4-6-1;4-1-2;4-6-2,4-5-1;4-5-2;4-2-1;4-6-1;4-1-2;4-6-2;4-5-6;4-2-5,-0.5,BREAK,84.67266666666667,1,54.39633333333334,0.322,0.6367,2
1-4-2,0.6533333333333333,2026-07-10,0.6781166666666667,0.7106666666666667,0.519,0,0.047,0.5116,0,0,0,0,0.66915,2000,400,600,800,逃げ,0,0.63125,63.132,790,tune,202607101911,0.418,0,0,0,0,65.34033333333332,71.30266666666665,69.99325,66.4318,66.5795,67.92033333333333,0.4,0.67,0.8,0.9,4-5-1;4-6-1;4-5-2;4-2-1;4-1-2;4-6-2;4-5-6;4-1-6;4-3-1;4-1-5;4-2-6;4-6-5;4-2-5;4-5-3;4-1-3;4-3-2;4-6-3;4-2-3;4-3-6;4-3-5,4-5-1;4-6-1;4-5-2;4-2-1,4-5-1;4-6-1;4-5-2;4-2-1;4-1-2;4-6-2,4-5-1;4-6-1;4-5-2;4-2-1;4-1-2;4-6-2;4-5-6;4-1-6,0,BREAK,71.30266666666665,1,54.39633333333334,0.23199999999999998,0.7029000000000001,1
4-1-3,0.8766666666666668,2026-07-10,0.8091833333333334,0.8193333333333335,0.36333333333333334,1,0.944,0.736,1,0,0,0,0.7258,2000,400,600,800,差し,0,0.84155,83.909,9890,tune,202607102003,0.296,9890,0,0,0,87.42066666666669,84.56433333333335,84.35025,82.07710000000002,84.04650000000002,84.84066666666669,1.0,0.94,0.4,0.7,4-5-1;4-5-2;4-5-6;4-6-1;4-6-2;4-6-5;4-2-1;4-5-3;4-1-5;4-2-5;4-1-2;4-1-6;4-2-6;4-3-1;4-3-5;4-6-3;4-3-2;4-3-6;4-1-3;4-2-3,4-5-1;4-5-2;4-5-6;4-6-1,4-5-1;4-5-2;4-5-6;4-6-1;4-6-2;4-6-5,4-5-1;4-5-2;4-5-6;4-6-1;4-6-2;4-6-5;4-2-1;4-5-3,-0.5,BREAK,84.56433333333335,1,54.39633333333334,0.23800000000000002,0.7417,4
4-1-2,0.5820000000000001,2026-07-10,0.5138,0.49700000000000005,0.44533333333333336,1,0.047,0.5116,1,0,0,1,0.46220000000000006,2000,400,600,800,差し,0,0.5663499999999999,56.64199999999999,4180,tune,202607102205,0.492,4180,0,0,4180,58.20700000000001,64.259,61.432,53.5254,54.797000000000004,54.382000000000005,0.6,0.74,0.4,0.7,4-5-1;4-5-2;4-5-3;4-2-1;4-5-6;4-2-5;4-6-1;4-1-2;4-6-2;4-1-5;4-3-1;4-3-2;4-3-5;4-6-5;4-2-3;4-2-6;4-1-3;4-6-3;4-1-6;4-3-6,4-5-1;4-5-2;4-5-3;4-2-1,4-5-1;4-5-2;4-5-3;4-2-1;4-5-6;4-2-5,4-5-1;4-5-2;4-5-3;4-2-1;4-5-6;4-2-5;4-6-1;4-1-2,0,BREAK,64.259,1,54.39633333333334,0.588,0.4456,4
4-6-2,0.42466666666666664,2026-07-10,0.4605833333333333,0.4413333333333333,0.4106666666666666,1,0.047,0.5116,1,0,1,1,0.5106999999999999,2000,400,600,800,まくり,1,0.42190000000000005,42.197,9380,tune,202607102307,0.432,9380,0,9380,9380,42.47366666666666,39.26933333333333,41.60825,45.44389999999999,44.269499999999994,43.22366666666667,-0.8,0.13,0.4,0.7,4-5-1;4-5-2;4-6-1;4-2-1;4-6-2;4-5-6;4-1-2;4-5-3;4-3-1;4-2-5;4-3-2;4-2-6;4-1-5;4-6-5;4-2-3;4-1-6;4-1-3;4-6-3;4-3-5;4-3-6,4-5-1;4-5-2;4-6-1;4-2-1,4-5-1;4-5-2;4-6-1;4-2-1;4-6-2;4-5-6,4-5-1;4-5-2;4-6-1;4-2-1;4-6-2;4-5-6;4-1-2;4-5-3,0,BREAK,39.26933333333333,0,54.39633333333334,0.542,0.49649999999999994,4
2-5-4,0.47533333333333333,2026-07-11,0.4543666666666666,0.4116666666666666,0.37,0,0.145,0.5363,0,0,0,0,0.4634999999999999,2000,400,600,800,抜き,0,0.49399999999999994,48.355,9000,tune,202607110209,0.408,0,0,0,0,46.48833333333334,41.99166666666668,43.72750000000001,45.599000000000004,45.440000000000005,43.623333333333335,-0.4,0.2700000000000001,0.20000000000000007,0.6000000000000001,4-5-2;4-5-1;4-5-6;4-6-2;4-6-1;4-5-3;4-6-5;4-2-1;4-2-5;4-2-6;4-1-2;4-1-5;4-3-2;4-6-3;4-1-6;4-3-1;4-3-5;4-3-6;4-2-3;4-1-3,4-5-2;4-5-1;4-5-6;4-6-2,4-5-2;4-5-1;4-5-6;4-6-2;4-6-1;4-5-3,4-5-2;4-5-1;4-5-6;4-6-2;4-6-1;4-5-3;4-6-5;4-2-1,-0.5,BREAK,41.99166666666668,0,54.39633333333334,0.6520000000000001,0.4333999999999999,2
2-1-5,0.6100000000000001,2026-07-11,0.6345500000000001,0.644,0.32,0,0.047,0.5116,0,0,0,0,0.6621,2000,400,600,800,差し,0,0.5864499999999999,58.65199999999999,1510,tune,202607110404,0.376,0,0,0,0,61.007000000000005,61.138,60.87075,62.8897,62.23450000000001,62.537000000000006,0.4,0.73,-0.20000000000000007,0.39999999999999997,4-5-2;4-5-1;4-5-6;4-2-1;4-6-2;4-6-1;4-2-5;4-1-2;4-5-3;4-6-5;4-1-5;4-2-6;4-3-2;4-3-1;4-1-6;4-3-5;4-2-3;4-6-3;4-1-3;4-3-6,4-5-2;4-5-1;4-5-6;4-2-1,4-5-2;4-5-1;4-5-6;4-2-1;4-6-2;4-6-1,4-5-2;4-5-1;4-5-6;4-2-1;4-6-2;4-6-1;4-2-5;4-1-2,0,BREAK,61.138,1,54.39633333333334,0.322,0.6591,2
1-5-2,0.4186666666666667,2026-07-11,0.3620833333333333,0.33233333333333337,0.448,0,0.047,0.5116,0,0,0,0,0.3429,2000,400,600,800,逃げ,0,0.43045000000000005,43.05200000000001,11040,tune,202607110408,0.584,0,0,0,0,41.873666666666665,25.21133333333334,30.20575000000001,38.509299999999996,39.0445,37.98866666666667,-0.8,0.07000000000000006,-0.6,0.2,4-5-1;4-5-2;4-6-1;4-2-1;4-6-2;4-1-2;4-5-6;4-3-1;4-1-5;4-5-3;4-1-6;4-2-5;4-2-6;4-6-5;4-3-2;4-1-3;4-2-3;4-6-3;4-3-5;4-3-6,4-5-1;4-5-2;4-6-1;4-2-1,4-5-1;4-5-2;4-6-1;4-2-1;4-6-2;4-1-2,4-5-1;4-5-2;4-6-1;4-2-1;4-6-2;4-1-2;4-5-6;4-3-1,0,BREAK,25.21133333333334,0,54.39633333333334,0.754,0.3055,1
1-2-3,0.7753333333333333,2026-07-11,0.6056666666666666,0.5216666666666665,0.21733333333333332,0,0.047,0.5116,0,0,0,0,0.48919999999999986,2000,400,600,800,逃げ,0,0.73645,73.652,1230,tune,202607110409,0.25199999999999995,0,0,0,0,77.54033333333332,59.98966666666666,63.262,66.15539999999999,69.05699999999997,66.12533333333333,0.19999999999999996,0.63,-0.4,0.3,4-5-1;4-5-2;4-6-1;4-5-6;4-2-1;4-5-3;4-6-2;4-1-5;4-1-2;4-2-5;4-3-1;4-6-5;4-3-5;4-3-2;4-1-6;4-2-6;4-1-3;4-2-3;4-6-3;4-3-6,4-5-1;4-5-2;4-6-1;4-5-6,4-5-1;4-5-2;4-6-1;4-5-6;4-2-1;4-5-3,4-5-1;4-5-2;4-6-1;4-5-6;4-2-1;4-5-3;4-6-2;4-1-5,0,BREAK,59.98966666666666,1,54.39633333333334,0.7320000000000002,0.43599999999999983,1
2-3-6,0.8546666666666667,2026-07-11,0.7767833333333334,0.7323333333333333,0.30133333333333334,0,0.347,0.5869,0,0,0,0,0.6995,2000,400,600,800,まくり,0,0.8373,84.03699999999999,4510,tune,202607110607,0.136,0,0,0,0,85.77366666666666,80.09333333333332,81.11325,80.02349999999998,81.8795,80.26866666666665,0.4,0.76,0.6,0.8,4-5-1;4-5-2;4-6-1;4-6-2;4-5-6;4-2-1;4-1-2;4-5-3;4-6-5;4-1-6;4-2-6;4-3-1;4-1-5;4-2-5;4-3-2;4-6-3;4-3-6;4-1-3;4-2-3;4-3-5,4-5-1;4-5-2;4-6-1;4-6-2,4-5-1;4-5-2;4-6-1;4-6-2;4-5-6;4-2-1,4-5-1;4-5-2;4-6-1;4-6-2;4-5-6;4-2-1;4-1-2;4-5-3,0,BREAK,80.09333333333332,1,54.39633333333334,0.39,0.6989,2
1-4-2,0.6146666666666667,2026-07-11,0.6790333333333334,0.7133333333333334,0.5579999999999999,0,0.194,0.5486,0,0,0,0,0.6977,2000,400,600,800,逃げ,0,0.6113000000000001,61.28400000000001,1200,tune,202607110609,0.38399999999999995,0,0,0,0,61.62066666666667,61.26533333333333,62.4165,65.3784,64.839,66.06066666666666,0.20000000000000007,0.51,0.4,0.7,4-5-1;4-5-2;4-6-1;4-5-3;4-5-6;4-1-5;4-2-1;4-3-1;4-1-2;4-2-5;4-6-5;4-6-2;4-3-5;4-1-3;4-1-6;4-3-2;4-2-3;4-2-6;4-6-3;4-3-6,4-5-1;4-5-2;4-6-1;4-5-3,4-5-1;4-5-2;4-6-1;4-5-3;4-5-6;4-1-5,4-5-1;4-5-2;4-6-1;4-5-3;4-5-6;4-1-5;4-2-1;4-3-1,0,BREAK,61.26533333333333,1,54.39633333333334,0.18799999999999997,0.7434000000000001,1
1-4-3,0.5546666666666666,2026-07-11,0.5300333333333334,0.4873333333333333,0.10533333333333333,0,0.895,0.7237,0,0,0,0,0.5644,2000,400,600,800,逃げ,0,0.5313,52.83500000000001,2000,tune,202607110612,0.33599999999999997,0,0,0,0,55.17166666666667,54.39633333333334,53.24250000000001,54.6468,53.940000000000005,52.14166666666667,0.6,0.8300000000000001,-0.8,0.09999999999999998,4-5-1;4-5-2;4-5-6;4-6-1;4-6-5;4-6-2;4-5-3;4-2-5;4-2-1;4-1-5;4-2-6;4-1-2;4-1-6;4-3-5;4-3-1;4-6-3;4-3-2;4-3-6;4-2-3;4-1-3,4-5-1;4-5-2;4-5-6;4-6-1,4-5-1;4-5-2;4-5-6;4-6-1;4-6-5;4-6-2,4-5-1;4-5-2;4-5-6;4-6-1;4-6-5;4-6-2;4-5-3;4-2-5,-0.5,BREAK,54.39633333333334,1,54.39633333333334,0.5800000000000001,0.5054,1
1-4-2,0.8973333333333334,2026-07-11,0.8050666666666667,0.8386666666666667,0.41200000000000003,0,0.44,0.6101,0,0,0,0,0.6936,2000,400,600,800,逃げ,0,0.8835,87.6,850,tune,202607110805,0.41200000000000003,0,0,0,0,88.98333333333335,84.79666666666668,85.47000000000001,81.7332,84.37,86.34333333333335,0.4,0.76,1.0,1.0,4-5-1;4-6-1;4-5-2;4-5-6;4-6-2;4-2-1;4-1-6;4-6-5;4-1-2;4-1-5;4-2-6;4-3-1;4-5-3;4-2-5;4-6-3;4-1-3;4-3-6;4-3-2;4-3-5;4-2-3,4-5-1;4-6-1;4-5-2;4-5-6,4-5-1;4-6-1;4-5-2;4-5-6;4-6-2;4-2-1,4-5-1;4-6-1;4-5-2;4-5-6;4-6-2;4-2-1;4-1-6;4-6-5,-0.5,BREAK,84.79666666666668,1,54.39633333333334,0.22000000000000003,0.7128,1
2-4-1,0.53,2026-07-11,0.6032500000000001,0.696,0.29133333333333333,0,1.393,0.8482,0,0,0,0,0.6799999999999999,2000,400,600,800,抜き,0,0.5372499999999999,53.92799999999999,2060,tune,202607110904,0.668,0,0,0,0,53.203,57.428000000000004,57.184250000000006,58.700500000000005,56.865500000000004,60.673,0.19999999999999996,0.51,0.4,0.7,4-5-2;4-5-1;4-6-2;4-6-1;4-2-1;4-5-6;4-1-2;4-2-6;4-2-5;4-6-5;4-1-6;4-1-5;4-5-3;4-3-2;4-3-1;4-2-3;4-6-3;4-3-6;4-1-3;4-3-5,4-5-2;4-5-1;4-6-2;4-6-1,4-5-2;4-5-1;4-6-2;4-6-1;4-2-1;4-5-6,4-5-2;4-5-1;4-6-2;4-6-1;4-2-1;4-5-6;4-1-2;4-2-6,-0.5,BREAK,57.428000000000004,1,54.39633333333334,0.138,0.6765,2
1-2-5,0.5213333333333333,2026-07-11,0.5048666666666666,0.48666666666666664,0.6666666666666667,0,0.451,0.6129,0,0,0,0,0.4653999999999999,2000,400,600,800,逃げ,0,0.49910000000000004,50.321000000000005,1060,tune,202607111110,0.444,0,0,0,0,52.544333333333334,46.54566666666667,48.286,50.81979999999999,51.72099999999999,50.98433333333334,-0.4,0.42000000000000004,-0.19999999999999996,0.4,4-5-1;4-6-1;4-5-2;4-2-1;4-1-2;4-5-6;4-6-2;4-1-5;4-3-1;4-1-6;4-5-3;4-6-5;4-2-5;4-1-3;4-2-6;4-3-2;4-6-3;4-3-5;4-2-3;4-3-6,4-5-1;4-6-1;4-5-2;4-2-1,4-5-1;4-6-1;4-5-2;4-2-1;4-1-2;4-5-6,4-5-1;4-6-1;4-5-2;4-2-1;4-1-2;4-5-6;4-6-2;4-1-5,0,BREAK,46.54566666666667,0,54.39633333333334,0.548,0.48839999999999995,1
1-2-4,0.7073333333333334,2026-07-11,0.5564666666666667,0.48366666666666663,0.4626666666666667,0,0.112,0.528,0,0,0,0,0.4263999999999999,2000,400,600,800,逃げ,0,0.698,69.87199999999999,2150,tune,202607111402,0.324,0,0,0,0,70.80533333333332,64.12666666666667,64.47699999999999,60.098800000000004,63.26200000000001,60.74033333333334,0.19999999999999996,0.66,0.20000000000000007,0.6000000000000001,4-5-1;4-5-2;4-5-3;4-3-1;4-5-6;4-2-1;4-6-1;4-1-5;4-3-5;4-2-5;4-1-2;4-3-2;4-6-2;4-1-3;4-6-5;4-2-3;4-6-3;4-1-6;4-3-6;4-2-6,4-5-1;4-5-2;4-5-3;4-3-1,4-5-1;4-5-2;4-5-3;4-3-1;4-5-6;4-2-1,4-5-1;4-5-2;4-5-3;4-3-1;4-5-6;4-2-1;4-6-1;4-1-5,0,BREAK,64.12666666666667,1,54.39633333333334,0.7400000000000001,0.40559999999999996,1
1-4-6,0.532,2026-07-11,0.63015,0.669,0.49733333333333335,0,-1.081,0.2298,0,0,0,0,0.6939,2000,400,600,800,逃げ,0,0.518,50.679,2460,tune,202607111409,0.416,0,0,0,0,52.079,65.41799999999998,61.31274999999999,58.5853,56.9865,58.244,1.0,0.97,-0.20000000000000007,0.39999999999999997,4-5-1;4-5-2;4-6-1;4-5-6;4-6-2;4-2-1;4-6-5;4-1-5;4-1-2;4-2-5;4-5-3;4-1-6;4-2-6;4-3-1;4-3-5;4-6-3;4-1-3;4-3-2;4-3-6;4-2-3,4-5-1;4-5-2;4-6-1;4-5-6,4-5-1;4-5-2;4-6-1;4-5-6;4-6-2;4-2-1,4-5-1;4-5-2;4-6-1;4-5-6;4-6-2;4-2-1;4-6-5;4-1-5,0,BREAK,65.41799999999998,1,54.39633333333334,0.194,0.7283,1
4-1-5,0.5640000000000001,2026-07-11,0.54415,0.555,0.628,1,1.639,0.9097,1,0,0,0,0.5013000000000001,2000,400,600,800,まくり差し,0,0.5778000000000001,58.22900000000001,1550,tune,202607111609,0.516,1550,0,0,0,56.84900000000001,47.764,51.01275000000001,54.874100000000006,55.85650000000002,56.44400000000001,-0.4,0.27,0.20000000000000007,0.6000000000000001,4-5-1;4-6-1;4-5-2;4-2-1;4-6-2;4-1-2;4-5-6;4-3-1;4-1-6;4-1-5;4-5-3;4-2-6;4-6-5;4-1-3;4-6-3;4-3-2;4-2-5;4-3-6;4-2-3;4-3-5,4-5-1;4-6-1;4-5-2;4-2-1,4-5-1;4-6-1;4-5-2;4-2-1;4-6-2;4-1-2,4-5-1;4-6-1;4-5-2;4-2-1;4-6-2;4-1-2;4-5-6;4-3-1,-0.5,BREAK,47.764,0,54.39633333333334,0.45399999999999996,0.5243,4
1-5-4,0.44666666666666666,2026-07-11,0.5031333333333333,0.4933333333333333,0.7260000000000001,0,0.867,0.7168,0,0,0,0,0.5168999999999999,2000,400,600,800,逃げ,0,0.44125,44.952,1070,tune,202607111908,0.40399999999999997,0,0,0,0,45.49366666666666,44.83633333333333,46.672,48.7328,48.317,47.593666666666664,-0.6000000000000001,0.17000000000000004,0.6,0.8,4-5-1;4-5-2;4-2-1;4-6-1;4-1-2;4-1-5;4-3-1;4-5-6;4-5-3;4-6-2;4-1-6;4-2-5;4-1-3;4-6-5;4-3-2;4-2-6;4-3-5;4-2-3;4-6-3;4-3-6,4-5-1;4-5-2;4-2-1;4-6-1,4-5-1;4-5-2;4-2-1;4-6-1;4-1-2;4-1-5,4-5-1;4-5-2;4-2-1;4-6-1;4-1-2;4-1-5;4-3-1;4-5-6,0,BREAK,44.83633333333333,0,54.39633333333334,0.4600000000000001,0.5596,1
1-2-5,0.5326666666666666,2026-07-11,0.6029833333333333,0.6733333333333333,0.6473333333333333,0,-1.776,0.0561,0,0,0,0,0.6242,2000,400,600,800,逃げ,0,0.5035499999999999,48.538999999999994,810,tune,202607112010,0.588,0,0,0,0,51.45066666666666,56.678333333333335,55.765249999999995,55.573899999999995,54.966499999999996,57.78066666666666,0.4,0.6100000000000001,0.19999999999999996,0.6,4-5-1;4-5-2;4-6-1;4-2-1;4-1-2;4-6-2;4-5-6;4-1-5;4-1-6;4-2-5;4-3-1;4-6-5;4-2-6;4-5-3;4-1-3;4-3-2;4-2-3;4-6-3;4-3-5;4-3-6,4-5-1;4-5-2;4-6-1;4-2-1,4-5-1;4-5-2;4-6-1;4-2-1;4-1-2;4-6-2,4-5-1;4-5-2;4-6-1;4-2-1;4-1-2;4-6-2;4-5-6;4-1-5,0,BREAK,56.678333333333335,1,54.39633333333334,0.18600000000000003,0.6733,1
1-4-5,0.656,2026-07-11,0.58885,0.571,0.48733333333333334,0,1.568,0.8919,0,0,0,0,0.5206,2000,400,600,800,逃げ,0,0.65035,66.56299999999999,810,tune,202607112207,0.41200000000000003,0,0,0,0,67.128,59.913,62.38925,62.13469999999999,63.7705,63.303000000000004,-0.6000000000000001,0.32,0.8,0.9,4-5-1;4-5-2;4-6-1;4-2-1;4-1-2;4-1-5;4-5-6;4-3-1;4-6-2;4-5-3;4-1-6;4-2-5;4-1-3;4-6-5;4-3-2;4-2-6;4-3-5;4-2-3;4-6-3;4-3-6,4-5-1;4-5-2;4-6-1;4-2-1,4-5-1;4-5-2;4-6-1;4-2-1;4-1-2;4-1-5,4-5-1;4-5-2;4-6-1;4-2-1;4-1-2;4-1-5;4-5-6;4-3-1,0,BREAK,59.913,1,54.39633333333334,0.5140000000000001,0.5216999999999998,1
1-3-4,0.728,2026-07-11,0.6191,0.5539999999999999,0.726,0,0.577,0.6443,0,0,0,0,0.4756999999999999,2000,400,600,800,逃げ,0,0.72435,72.972,590,tune,202607112209,0.248,0,0,0,0,73.33699999999999,52.663,58.734500000000004,64.51939999999999,67.892,65.50699999999999,-0.6000000000000001,0.22999999999999998,0.19999999999999996,0.6,4-5-1;4-5-2;4-6-1;4-2-1;4-1-5;4-3-1;4-5-3;4-1-2;4-5-6;4-6-2;4-1-3;4-2-5;4-1-6;4-6-5;4-3-5;4-3-2;4-2-3;4-2-6;4-6-3;4-3-6,4-5-1;4-5-2;4-6-1;4-2-1,4-5-1;4-5-2;4-6-1;4-2-1;4-1-5;4-3-1,4-5-1;4-5-2;4-6-1;4-2-1;4-1-5;4-3-1;4-5-3;4-1-2,0,BREAK,52.663,0,54.39633333333334,0.6200000000000001,0.5102,1
1-3-2,0.31,2026-07-11,0.38305,0.382,0.2033333333333333,0,-0.72,0.3201,0,0,0,0,0.5072,2000,400,600,800,逃げ,0,0.32635000000000003,31.875000000000007,880,tune,202607112210,0.54,0,0,0,0,30.240000000000002,32.141,32.31625,36.7699,33.8925,33.480000000000004,-0.4,0.32999999999999996,-0.4,0.3,4-5-1;4-6-1;4-5-2;4-2-1;4-6-2;4-1-2;4-5-6;4-1-6;4-3-1;4-2-6;4-1-5;4-2-5;4-3-2;4-6-5;4-5-3;4-1-3;4-2-3;4-6-3;4-3-6;4-3-5,4-5-1;4-6-1;4-5-2;4-2-1,4-5-1;4-6-1;4-5-2;4-2-1;4-6-2;4-1-2,4-5-1;4-6-1;4-5-2;4-2-1;4-6-2;4-1-2;4-5-6;4-1-6,0,BREAK,32.141,0,54.39633333333334,0.546,0.45609999999999995,1
4-5-2,0.6446666666666667,2026-07-11,0.6265833333333334,0.7613333333333334,0.31266666666666665,1,-0.736,0.316,1,1,1,1,0.6184000000000001,2000,400,600,800,抜き,0,0.6159,60.81400000000001,2970,tune,202607112310,0.8919999999999999,2970,2970,2970,2970,63.69066666666667,65.80633333333333,64.67524999999999,62.5703,62.78650000000002,68.94066666666667,0.8,0.75,0.19999999999999996,0.6,4-5-2;4-5-1;4-6-2;4-2-1;4-6-1;4-5-6;4-1-2;4-2-6;4-2-5;4-6-5;4-3-2;4-5-3;4-1-6;4-1-5;4-2-3;4-3-1;4-6-3;4-3-6;4-3-5;4-1-3,4-5-2;4-5-1;4-6-2;4-2-1,4-5-2;4-5-1;4-6-2;4-2-1;4-6-1;4-5-6,4-5-2;4-5-1;4-6-2;4-2-1;4-6-1;4-5-6;4-1-2;4-2-6,0,BREAK,65.80633333333333,1,54.39633333333334,0.122,0.6085,4
4-2-5,0.668,2026-07-12,0.55,0.536,0.398,1,0.752,0.6881,1,0,0,0,0.4577,2000,400,600,800,まくり,1,0.662,65.762,12690,tune,202607120204,0.516,12690,0,0,0,66.362,60.54600000000001,61.33200000000001,58.1954,60.462,60.422000000000004,0.20000000000000007,0.54,0.4,0.7,4-5-1;4-5-2;4-6-1;4-5-6;4-6-2;4-2-1;4-6-5;4-1-2;4-5-3;4-1-6;4-2-6;4-1-5;4-2-5;4-3-1;4-6-3;4-3-2;4-3-6;4-3-5;4-1-3;4-2-3,4-5-1;4-5-2;4-6-1;4-5-6,4-5-1;4-5-2;4-6-1;4-5-6;4-6-2;4-2-1,4-5-1;4-5-2;4-6-1;4-5-6;4-6-2;4-2-1;4-6-5;4-1-2,-0.5,BREAK,60.54600000000001,1,54.39633333333334,0.596,0.43199999999999994,4
4-2-1,0.9453333333333334,2026-07-12,0.8281666666666667,0.7826666666666667,0.4013333333333333,1,1.699,0.9248,1,1,1,1,0.6948000000000001,2000,400,600,800,差し,0,0.9144500000000001,93.104,1190,tune,202607120407,0.12,1190,1190,1190,1190,96.19233333333332,84.53166666666667,86.5765,87.1656,90.33399999999999,88.87233333333333,0.8,0.87,0.20000000000000007,0.6000000000000001,4-5-1;4-5-2;4-6-1;4-2-1;4-1-2;4-6-2;4-3-1;4-5-6;4-5-3;4-1-6;4-3-2;4-2-6;4-1-5;4-1-3;4-2-5;4-2-3;4-6-5;4-6-3;4-3-6;4-3-5,4-5-1;4-5-2;4-6-1;4-2-1,4-5-1;4-5-2;4-6-1;4-2-1;4-1-2;4-6-2,4-5-1;4-5-2;4-6-1;4-2-1;4-1-2;4-6-2;4-3-1;4-5-6,0,BREAK,84.53166666666667,1,54.39633333333334,0.37999999999999995,0.7110000000000001,4
4-1-6,0.902,2026-07-12,0.75465,0.72,0.35533333333333333,1,-0.834,0.2914,1,0,0,1,0.6134,2000,400,600,800,まくり差し,0,0.86445,84.421,2700,tune,202607120408,0.26399999999999996,2700,0,0,2700,88.176,74.16499999999999,76.32225,77.4063,80.8085,79.986,0.8,0.87,-0.19999999999999996,0.4,4-5-1;4-6-1;4-5-2;4-5-6;4-2-1;4-1-5;4-1-6;4-6-2;4-6-5;4-1-2;4-3-1;4-5-3;4-2-5;4-2-6;4-1-3;4-6-3;4-3-5;4-3-6;4-3-2;4-2-3,4-5-1;4-6-1;4-5-2;4-5-6,4-5-1;4-6-1;4-5-2;4-5-6;4-2-1;4-1-5,4-5-1;4-6-1;4-5-2;4-5-6;4-2-1;4-1-5;4-1-6;4-6-2,-0.5,BREAK,74.16499999999999,1,54.39633333333334,0.462,0.6073,4
1-4-2,0.384,2026-07-12,0.34735,0.319,0.45133333333333336,0,1.108,0.777,0,0,0,0,0.3468,2000,400,600,800,逃げ,0,0.3904500000000001,40.11300000000001,5340,tune,202607120411,0.584,0,0,0,0,39.467999999999996,28.207000000000004,31.511750000000003,37.55009999999999,37.63549999999999,36.543,-0.6,0.17000000000000004,-0.6,0.2,4-5-1;4-6-1;4-5-2;4-3-1;4-2-1;4-5-3;4-5-6;4-6-2;4-1-2;4-1-3;4-1-6;4-1-5;4-6-3;4-3-2;4-6-5;4-3-6;4-3-5;4-2-3;4-2-6;4-2-5,4-5-1;4-6-1;4-5-2;4-3-1,4-5-1;4-6-1;4-5-2;4-3-1;4-2-1;4-5-3,4-5-1;4-6-1;4-5-2;4-3-1;4-2-1;4-5-3;4-5-6;4-6-2,0,BREAK,28.207000000000004,0,54.39633333333334,0.746,0.3107,1
5-3-6,0.7700000000000001,2026-07-12,0.62585,0.524,0.3673333333333333,0,0.047,0.5116,0,0,0,0,0.5058,2000,400,600,800,まくり差し,0,0.74335,74.34199999999998,58520,tune,202607120512,0.13999999999999996,0,0,0,0,77.007,65.124,66.85324999999999,66.8701,69.79950000000001,65.937,0.19999999999999996,0.72,-0.20000000000000007,0.39999999999999997,4-5-1;4-5-2;4-6-1;4-5-6;4-6-2;4-2-1;4-5-3;4-6-5;4-1-2;4-3-1;4-1-6;4-2-6;4-1-5;4-2-5;4-6-3;4-3-2;4-3-6;4-1-3;4-3-5;4-2-3,4-5-1;4-5-2;4-6-1;4-5-6,4-5-1;4-5-2;4-6-1;4-5-6;4-6-2;4-2-1,4-5-1;4-5-2;4-6-1;4-5-6;4-6-2;4-2-1;4-5-3;4-6-5,0,BREAK,65.124,1,54.39633333333334,0.7220000000000001,0.4817,5
4-1-2,0.47333333333333333,2026-07-12,0.5897666666666667,0.6226666666666667,0.18466666666666665,1,-1.792,0.052,1,0,0,1,0.7221,2000,400,600,800,逃げ,0,0.46529999999999994,43.547999999999995,1210,tune,202607120603,0.416,1210,0,0,1210,44.351333333333336,54.70666666666666,52.0955,53.31719999999999,50.172999999999995,51.07133333333333,0.6,0.77,-0.20000000000000007,0.39999999999999997,4-5-2;4-5-1;4-6-2;4-6-1;4-2-1;4-5-6;4-1-2;4-2-5;4-2-6;4-6-5;4-5-3;4-1-5;4-1-6;4-3-2;4-3-1;4-2-3;4-6-3;4-3-5;4-3-6;4-1-3,4-5-2;4-5-1;4-6-2;4-6-1,4-5-2;4-5-1;4-6-2;4-6-1;4-2-1;4-5-6,4-5-2;4-5-1;4-6-2;4-6-1;4-2-1;4-5-6;4-1-2;4-2-5,-0.5,BREAK,54.70666666666666,1,54.39633333333334,0.22800000000000004,0.7061999999999999,4
4-5-6,0.626,2026-07-12,0.54525,0.5399999999999999,0.4093333333333333,1,1.218,0.8044,1,0,1,1,0.48349999999999993,2000,400,600,800,抜き,0,0.6335,64.52799999999999,5770,tune,202607120802,0.516,5770,0,5770,5770,63.778,53.931000000000004,56.049249999999994,58.220499999999994,59.740500000000004,59.90800000000001,0.19999999999999996,0.51,-0.20000000000000007,0.39999999999999997,4-5-1;4-6-1;4-5-2;4-2-1;4-6-2;4-5-6;4-1-2;4-1-6;4-6-5;4-2-6;4-1-5;4-3-1;4-5-3;4-2-5;4-6-3;4-3-2;4-1-3;4-3-6;4-2-3;4-3-5,4-5-1;4-6-1;4-5-2;4-2-1,4-5-1;4-6-1;4-5-2;4-2-1;4-6-2;4-5-6,4-5-1;4-6-1;4-5-2;4-2-1;4-6-2;4-5-6;4-1-2;4-1-6,0,BREAK,53.931000000000004,0,54.39633333333334,0.5460000000000002,0.4644999999999999,4
1-2-3,0.36266666666666664,2026-07-12,0.4890833333333333,0.5083333333333333,0.4913333333333333,0,-1.25,0.1874,0,0,0,0,0.5992,2000,400,600,800,逃げ,0,0.36510000000000004,35.220000000000006,980,tune,202607121108,0.45599999999999996,0,0,0,0,34.97666666666667,49.20633333333333,46.043749999999996,43.9729,41.2975,41.531666666666666,0.4,0.5800000000000001,0.19999999999999996,0.6,4-5-1;4-5-2;4-6-1;4-2-1;4-3-1;4-5-3;4-5-6;4-1-2;4-1-5;4-6-2;4-1-3;4-1-6;4-2-5;4-6-5;4-3-2;4-3-5;4-2-3;4-2-6;4-6-3;4-3-6,4-5-1;4-5-2;4-6-1;4-2-1,4-5-1;4-5-2;4-6-1;4-2-1;4-3-1;4-5-3,4-5-1;4-5-2;4-6-1;4-2-1;4-3-1;4-5-3;4-5-6;4-1-2,0,BREAK,49.20633333333333,0,54.39633333333334,0.34600000000000003,0.6155,1
1-4-2,0.5053333333333333,2026-07-12,0.40186666666666665,0.36266666666666664,0.2766666666666666,0,0.254,0.5636,0,0,0,0,0.3626999999999999,2000,400,600,800,逃げ,0,0.49910000000000004,50.124,1100,tune,202607121109,0.556,0,0,0,0,50.74733333333333,29.76066666666667,35.074,44.50539999999999,45.574,44.327333333333335,-0.6,0.23000000000000004,-1.0,0.0,4-5-1;4-6-1;4-5-2;4-2-1;4-1-2;4-3-1;4-1-5;4-5-6;4-1-6;4-5-3;4-6-2;4-1-3;4-2-5;4-6-5;4-3-2;4-2-6;4-3-5;4-2-3;4-6-3;4-3-6,4-5-1;4-6-1;4-5-2;4-2-1,4-5-1;4-6-1;4-5-2;4-2-1;4-1-2;4-3-1,4-5-1;4-6-1;4-5-2;4-2-1;4-1-2;4-3-1;4-1-5;4-5-6,0,BREAK,29.76066666666667,0,54.39633333333334,0.78,0.2984,1
4-6-2,0.6353333333333334,2026-07-12,0.5611166666666667,0.5166666666666667,0.5126666666666667,1,0.337,0.5841,1,0,1,1,0.48760000000000003,2000,400,600,800,まくり,1,0.6160000000000001,61.89700000000001,760,tune,202607121402,0.348,760,0,760,760,63.83033333333334,54.42866666666667,55.93825000000001,58.35370000000001,60.1195,58.490333333333346,0.20000000000000007,0.66,-0.6000000000000001,0.19999999999999996,4-5-1;4-6-1;4-5-2;4-5-6;4-6-2;4-2-1;4-6-5;4-1-6;4-2-6;4-1-2;4-5-3;4-6-3;4-3-1;4-3-6;4-1-5;4-2-5;4-3-2;4-1-3;4-2-3;4-3-5,4-5-1;4-6-1;4-5-2;4-5-6,4-5-1;4-6-1;4-5-2;4-5-6;4-6-2;4-2-1,4-5-1;4-6-1;4-5-2;4-5-6;4-6-2;4-2-1;4-6-5;4-1-6,0,BREAK,54.42866666666667,1,54.39633333333334,0.602,0.4869,4
1-3-2,0.6473333333333334,2026-07-12,0.5552166666666667,0.49466666666666675,0.4073333333333333,0,-1.07,0.2326,0,0,0,0,0.48340000000000005,2000,400,600,800,逃げ,0,0.642,63.09,2930,tune,202607121405,0.31199999999999994,0,0,0,0,63.62333333333335,56.43966666666667,56.86375000000001,57.25330000000001,59.0175,56.753333333333345,0.4,0.76,-0.6,0.2,4-6-1;4-5-1;4-6-2;4-5-2;4-5-6;4-2-1;4-3-1;4-6-3;4-1-6;4-5-3;4-2-6;4-6-5;4-1-2;4-3-6;4-3-2;4-1-3;4-2-3;4-1-5;4-2-5;4-3-5,4-6-1;4-5-1;4-6-2;4-5-2,4-6-1;4-5-1;4-6-2;4-5-2;4-5-6;4-2-1,4-6-1;4-5-1;4-6-2;4-5-2;4-5-6;4-2-1;4-3-1;4-6-3,0,BREAK,56.43966666666667,1,54.39633333333334,0.6579999999999999,0.46310000000000007,1
1-3-4,0.37533333333333335,2026-07-12,0.4229666666666666,0.4096666666666666,0.21399999999999997,0,-0.785,0.3037,0,0,0,0,0.5180999999999999,2000,400,600,800,逃げ,0,0.37799999999999995,36.975,1170,tune,202607121406,0.48,0,0,0,0,36.70833333333334,39.42366666666667,38.5625,41.2782,39.09,38.253333333333345,0.20000000000000007,0.54,-0.6,0.2,4-5-1;4-5-2;4-6-1;4-5-6;4-6-2;4-2-1;4-5-3;4-1-2;4-3-1;4-6-5;4-2-5;4-1-5;4-2-6;4-3-2;4-1-6;4-6-3;4-2-3;4-3-5;4-1-3;4-3-6,4-5-1;4-5-2;4-6-1;4-5-6,4-5-1;4-5-2;4-6-1;4-5-6;4-6-2;4-2-1,4-5-1;4-5-2;4-6-1;4-5-6;4-6-2;4-2-1;4-5-3;4-1-2,0,BREAK,39.42366666666667,0,54.39633333333334,0.556,0.4705999999999999,1
4-3-6,0.26466666666666666,2026-07-12,0.43213333333333337,0.4083333333333333,0.28733333333333333,1,0.386,0.5964,1,0,0,0,0.6169,2000,400,600,800,まくり差し,0,0.2797,28.316,1490,tune,202607121504,0.31199999999999994,1490,0,0,0,26.812666666666665,47.03933333333334,41.636,39.585800000000006,35.18600000000001,33.277666666666676,0.6,0.77,-0.4,0.3,4-5-1;4-5-2;4-6-1;4-5-6;4-5-3;4-6-2;4-3-1;4-6-5;4-2-1;4-1-5;4-6-3;4-1-2;4-1-6;4-3-5;4-2-5;4-3-2;4-1-3;4-3-6;4-2-6;4-2-3,4-5-1;4-5-2;4-6-1;4-5-6,4-5-1;4-5-2;4-6-1;4-5-6;4-5-3;4-6-2,4-5-1;4-5-2;4-6-1;4-5-6;4-5-3;4-6-2;4-3-1;4-6-5,0,BREAK,47.03933333333334,0,54.39633333333334,0.448,0.5996,4
5-3-4,0.664,2026-07-12,0.64855,0.651,0.5353333333333333,0,0.917,0.7291,0,0,0,0,0.6078,2000,400,600,800,まくり差し,0,0.6697,67.847,113770,tune,202607121506,0.376,0,0,0,0,67.277,61.88000000000001,63.05075000000001,65.57709999999999,66.5045,66.692,0.4,0.67,-0.19999999999999996,0.4,4-5-1;4-6-1;4-5-6;4-5-2;4-6-2;4-1-6;4-2-1;4-6-5;4-1-5;4-1-2;4-3-1;4-5-3;4-2-6;4-2-5;4-6-3;4-1-3;4-3-6;4-3-5;4-3-2;4-2-3,4-5-1;4-6-1;4-5-6;4-5-2,4-5-1;4-6-1;4-5-6;4-5-2;4-6-2;4-1-6,4-5-1;4-6-1;4-5-6;4-5-2;4-6-2;4-1-6;4-2-1;4-6-5,0,BREAK,61.88000000000001,1,54.39633333333334,0.362,0.6331,5
4-5-1,0.44066666666666665,2026-07-12,0.44658333333333333,0.35733333333333334,0.42133333333333334,1,1.234,0.8085,1,1,1,1,0.4726999999999999,2000,400,600,800,まくり差し,0,0.4577,45.814,8990,tune,202607121512,0.216,8990,8990,8990,8990,44.11066666666667,37.314333333333344,39.83525,44.9929,44.4065,40.360666666666674,-0.8,0.25,-0.20000000000000007,0.39999999999999997,4-5-1;4-6-1;4-5-2;4-2-1;4-6-2;4-5-6;4-1-2;4-1-6;4-3-1;4-2-6;4-1-5;4-6-5;4-5-3;4-2-5;4-3-2;4-1-3;4-6-3;4-2-3;4-3-6;4-3-5,4-5-1;4-6-1;4-5-2;4-2-1,4-5-1;4-6-1;4-5-2;4-2-1;4-6-2;4-5-6,4-5-1;4-6-1;4-5-2;4-2-1;4-6-2;4-5-6;4-1-2;4-1-6,-0.5,BREAK,37.314333333333344,0,54.39633333333334,0.726,0.4525,4
1-4-2,0.4846666666666667,2026-07-12,0.5875333333333334,0.6323333333333333,0.47600000000000003,0,1.081,0.7702,0,0,0,0,0.6648,2000,400,600,800,逃げ,0,0.5078,50.67100000000001,1510,tune,202607121604,0.476,0,0,0,0,48.357666666666674,53.13233333333335,53.666,55.406600000000005,53.501000000000005,55.00266666666668,-0.20000000000000007,0.31,0.8,0.9,4-5-1;4-5-2;4-5-6;4-6-1;4-6-2;4-6-5;4-2-1;4-5-3;4-1-5;4-1-6;4-2-5;4-1-2;4-2-6;4-3-1;4-6-3;4-3-5;4-3-6;4-3-2;4-1-3;4-2-3,4-5-1;4-5-2;4-5-6;4-6-1,4-5-1;4-5-2;4-5-6;4-6-1;4-6-2;4-6-5,4-5-1;4-5-2;4-5-6;4-6-1;4-6-2;4-6-5;4-2-1;4-5-3,-0.5,BREAK,53.13233333333335,0,54.39633333333334,0.22000000000000003,0.6904,1
2-1-5,0.342,2026-07-12,0.45630000000000004,0.44300000000000006,0.41000000000000003,0,-1.491,0.1272,0,0,0,0,0.5737,2000,400,600,800,差し,0,0.3478,32.099000000000004,2400,tune,202607121606,0.38,0,0,0,0,31.519000000000002,32.74100000000001,33.10650000000001,40.04540000000001,37.234,36.06400000000001,-0.19999999999999996,0.46,-0.8,0.09999999999999998,4-5-1;4-5-2;4-5-6;4-6-1;4-6-2;4-6-5;4-2-5;4-2-1;4-5-3;4-1-5;4-1-2;4-2-6;4-1-6;4-3-5;4-3-1;4-3-2;4-6-3;4-2-3;4-3-6;4-1-3,4-5-1;4-5-2;4-5-6;4-6-1,4-5-1;4-5-2;4-5-6;4-6-1;4-6-2;4-6-5,4-5-1;4-5-2;4-5-6;4-6-1;4-6-2;4-6-5;4-2-5;4-2-1,-0.5,BREAK,32.74100000000001,0,54.39633333333334,0.45599999999999996,0.5706,2
1-2-3,0.6386666666666667,2026-07-12,0.5056333333333334,0.5413333333333333,0.45666666666666667,0,0.955,0.7387,0,0,0,0,0.39769999999999994,2000,400,600,800,逃げ,0,0.6275499999999999,63.669999999999995,1370,tune,202607122005,0.76,0,0,0,0,64.78166666666667,49.550333333333334,53.5025,55.489399999999996,58.13,60.40166666666668,-0.4,0.27,0.20000000000000007,0.6000000000000001,4-5-2;4-5-1;4-2-1;4-1-2;4-6-2;4-6-1;4-2-5;4-5-6;4-3-2;4-2-6;4-5-3;4-3-1;4-1-5;4-2-3;4-1-6;4-6-5;4-1-3;4-3-5;4-6-3;4-3-6,4-5-2;4-5-1;4-2-1;4-1-2,4-5-2;4-5-1;4-2-1;4-1-2;4-6-2;4-6-1,4-5-2;4-5-1;4-2-1;4-1-2;4-6-2;4-6-1;4-2-5;4-5-6,0,BREAK,49.550333333333334,0,54.39633333333334,0.556,0.37260000000000004,1
4-1-2,0.6826666666666666,2026-07-12,0.5780333333333334,0.5773333333333333,0.3326666666666667,1,0.851,0.7127,1,0,0,1,0.5025,2000,400,600,800,抜き,0,0.65955,65.616,2440,tune,202607122010,0.5239999999999999,2440,0,0,2440,67.92766666666667,51.616333333333344,55.218500000000006,60.82500000000001,62.696,63.18766666666667,0.19999999999999996,0.54,-0.6,0.2,4-5-1;4-5-2;4-6-1;4-6-2;4-2-1;4-5-6;4-1-2;4-3-1;4-5-3;4-3-2;4-2-6;4-1-6;4-6-3;4-2-3;4-6-5;4-1-3;4-3-6;4-2-5;4-1-5;4-3-5,4-5-1;4-5-2;4-6-1;4-6-2,4-5-1;4-5-2;4-6-1;4-6-2;4-2-1;4-5-6,4-5-1;4-5-2;4-6-1;4-6-2;4-2-1;4-5-6;4-1-2;4-3-1,-0.5,BREAK,51.616333333333344,0,54.39633333333334,0.528,0.47340000000000004,4
1-5-2,0.3486666666666667,2026-07-12,0.4225333333333333,0.3903333333333333,0.6786666666666668,0,-1.803,0.0492,0,0,0,0,0.4705999999999999,2000,400,600,800,逃げ,0,0.32155,29.162,1890,tune,202607122011,0.38399999999999995,0,0,0,0,31.87366666666667,42.90033333333335,39.31700000000001,36.772200000000005,35.56700000000001,33.74866666666668,0.6,0.74,-0.6,0.2,4-5-1;4-5-2;4-6-1;4-5-6;4-6-5;4-2-1;4-6-2;4-5-3;4-1-5;4-1-6;4-1-2;4-3-1;4-2-5;4-2-6;4-3-5;4-6-3;4-1-3;4-3-6;4-3-2;4-2-3,4-5-1;4-5-2;4-6-1;4-5-6,4-5-1;4-5-2;4-6-1;4-5-6;4-6-5;4-2-1,4-5-1;4-5-2;4-6-1;4-5-6;4-6-5;4-2-1;4-6-2;4-5-3,-0.5,BREAK,42.90033333333335,0,54.39633333333334,0.5680000000000001,0.49639999999999995,1
3-2-1,0.5966666666666667,2026-07-12,0.5224833333333333,0.5053333333333333,0.45133333333333336,0,-1.431,0.1423,0,0,0,0,0.4635999999999999,2000,400,600,800,まくり,0,0.57635,56.16400000000001,6700,tune,202607122204,0.48799999999999993,0,0,0,0,58.195666666666675,51.445333333333345,52.057750000000006,53.0427,54.4865,54.08566666666668,0.6,0.6799999999999999,-0.6,0.2,4-5-1;4-6-1;4-5-2;4-5-6;4-6-2;4-5-3;4-6-3;4-6-5;4-3-1;4-2-1;4-3-6;4-2-6;4-1-6;4-3-2;4-1-2;4-2-3;4-3-5;4-1-3;4-2-5;4-1-5,4-5-1;4-6-1;4-5-2;4-5-6,4-5-1;4-6-1;4-5-2;4-5-6;4-6-2;4-5-3,4-5-1;4-6-1;4-5-2;4-5-6;4-6-2;4-5-3;4-6-3;4-6-5,0,BREAK,51.445333333333345,0,54.39633333333334,0.5860000000000001,0.4482999999999999,3
4-6-2,0.9826666666666667,2026-07-12,0.8520833333333333,0.8223333333333334,0.46066666666666667,1,-1.42,0.145,1,0,1,1,0.6946,2000,400,600,800,まくり,1,0.94435,96.015,930,tune,202607122207,0.16799999999999998,930,0,930,930,99.84666666666666,88.21633333333335,90.98875,89.5917,93.31750000000001,92.63166666666669,0.19999999999999996,0.6900000000000001,1.0,1.0,4-5-1;4-6-1;4-5-2;4-5-6;4-6-2;4-2-1;4-1-6;4-6-5;4-1-2;4-2-6;4-5-3;4-1-5;4-3-1;4-6-3;4-2-5;4-3-6;4-3-2;4-1-3;4-2-3;4-3-5,4-5-1;4-6-1;4-5-2;4-5-6,4-5-1;4-6-1;4-5-2;4-5-6;4-6-2;4-2-1,4-5-1;4-6-1;4-5-2;4-5-6;4-6-2;4-2-1;4-1-6;4-6-5,0.5,BREAK,88.21633333333335,1,54.39633333333334,0.338,0.7215,4
2-5-4,0.5073333333333333,2026-07-12,0.5829666666666666,0.6256666666666666,0.43266666666666664,0,1.037,0.7592,0,0,0,0,0.6443,2000,400,600,800,まくり,0,0.49990000000000007,50.98700000000001,1330,tune,202607122307,0.5,0,0,0,0,51.73033333333333,50.70166666666666,52.2645,57.0126,55.512,57.05533333333333,-0.19999999999999996,0.37,0.19999999999999996,0.6,4-5-2;4-5-1;4-5-6;4-6-2;4-2-1;4-2-5;4-6-1;4-5-3;4-1-2;4-6-5;4-1-5;4-2-6;4-3-2;4-3-1;4-3-5;4-1-6;4-2-3;4-6-3;4-1-3;4-3-6,4-5-2;4-5-1;4-5-6;4-6-2,4-5-2;4-5-1;4-5-6;4-6-2;4-2-1;4-2-5,4-5-2;4-5-1;4-5-6;4-6-2;4-2-1;4-2-5;4-6-1;4-5-3,0,BREAK,50.70166666666666,0,54.39633333333334,0.256,0.6586,2
2-4-1,0.6193333333333334,2026-07-12,0.5259166666666667,0.5906666666666667,0.2706666666666666,0,-0.966,0.2585,0,0,0,0,0.47609999999999997,2000,400,600,800,差し,0,0.5939,58.384,1080,tune,202607122309,0.808,0,0,0,0,60.92733333333334,61.73366666666668,59.71525000000001,54.9737,56.2565,59.63733333333334,0.8,0.8400000000000001,-0.19999999999999996,0.4,4-5-2;4-5-1;4-6-2;4-2-1;4-1-2;4-2-5;4-6-1;4-2-6;4-5-6;4-3-2;4-2-3;4-5-3;4-6-5;4-1-5;4-3-1;4-1-6;4-6-3;4-3-5;4-1-3;4-3-6,4-5-2;4-5-1;4-6-2;4-2-1,4-5-2;4-5-1;4-6-2;4-2-1;4-1-2;4-2-5,4-5-2;4-5-1;4-6-2;4-2-1;4-1-2;4-2-5;4-6-1;4-2-6,0,BREAK,61.73366666666668,1,54.39633333333334,0.438,0.4325,2
1-4-2,0.8713333333333333,2026-07-12,0.7401166666666666,0.6886666666666666,0.3526666666666667,0,1.705,0.9261,0,0,0,0,0.6154,2000,400,600,800,逃げ,0,0.8359,85.255,2290,tune,202607122311,0.19999999999999996,0,0,0,0,88.79833333333332,83.18466666666666,83.72125,79.23129999999998,82.2375,80.57833333333333,0.4,0.76,0.8,0.9,4-5-1;4-5-2;4-6-1;4-5-6;4-5-3;4-1-5;4-3-1;4-2-1;4-6-5;4-1-2;4-6-2;4-1-6;4-1-3;4-3-5;4-2-5;4-6-3;4-3-2;4-3-6;4-2-6;4-2-3,4-5-1;4-5-2;4-6-1;4-5-6,4-5-1;4-5-2;4-6-1;4-5-6;4-5-3;4-1-5,4-5-1;4-5-2;4-6-1;4-5-6;4-5-3;4-1-5;4-3-1;4-2-1,0,BREAK,83.18466666666666,1,54.39633333333334,0.49399999999999994,0.6089,1
1-2-3,0.384,2026-07-13,0.5235,0.548,0.611,0,-1.398,0.1505,0,0,0,0,0.6215499999999999,2000,400,600,800,逃げ,0,0.4083,42.431999999999995,3010,tune,202607130304,0.42800000000000005,0,0,0,0,40.001999999999995,57.464,52.9495,49.41309999999999,46.977,47.382,0.6,0.77,0.0,0.5,4-5-2;4-5-1;4-6-2;4-2-1;4-5-6;4-6-1;4-1-2;4-2-5;4-5-3;4-2-6;4-6-5;4-3-2;4-1-5;4-3-1;4-2-3;4-1-6;4-6-3;4-3-5;4-3-6;4-1-3,4-5-2;4-5-1;4-6-2;4-2-1,4-5-2;4-5-1;4-6-2;4-2-1;4-5-6;4-6-1,4-5-2;4-5-1;4-6-2;4-2-1;4-5-6;4-6-1;4-1-2;4-2-5,0.5,BREAK,57.464,1,54.39633333333334,0.28800000000000003,0.6629999999999999,1
1-5-4,0.444,2026-07-13,0.5333,0.534,0.641,0,0.178,0.5445,0,0,0,0,0.58305,2000,400,600,800,逃げ,0,0.4643,49.608,5970,tune,202607130309,0.38,0,0,0,0,47.577999999999996,59.95599999999999,56.570499999999996,53.31609999999999,52.043,51.628,0.6,0.74,0.0,0.5,4-5-1;4-6-1;4-2-1;4-5-2;4-1-2;4-1-6;4-6-2;4-5-6;4-3-1;4-1-5;4-6-5;4-2-6;4-1-3;4-5-3;4-2-5;4-6-3;4-3-2;4-3-6;4-2-3;4-3-5,4-5-1;4-6-1;4-2-1;4-5-2,4-5-1;4-6-1;4-2-1;4-5-2;4-1-2;4-1-6,4-5-1;4-6-1;4-2-1;4-5-2;4-1-2;4-1-6;4-6-2;4-5-6,0.5,BREAK,59.95599999999999,1,54.39633333333334,0.37600000000000006,0.6226,1
5-1-4,0.512,2026-07-13,0.4827,0.454,0.595,0,-0.769,0.3078,0,0,0,0,0.44655,2000,400,600,800,まくり差し,0,0.5243,54.661,2270,tune,202607130311,0.44000000000000006,0,0,0,0,53.431000000000004,58.30100000000001,56.078500000000005,51.1121,51.966,50.821000000000005,0.20000000000000007,0.6900000000000001,0.0,0.5,4-5-1;4-5-2;4-6-1;4-1-5;4-5-6;4-2-1;4-5-3;4-1-2;4-3-1;4-6-5;4-2-5;4-6-2;4-1-6;4-1-3;4-3-5;4-3-2;4-2-6;4-6-3;4-2-3;4-3-6,4-5-1;4-5-2;4-6-1;4-1-5,4-5-1;4-5-2;4-6-1;4-1-5;4-5-6;4-2-1,4-5-1;4-5-2;4-6-1;4-1-5;4-5-6;4-2-1;4-5-3;4-1-2,0.5,BREAK,58.30100000000001,1,54.39633333333334,0.604,0.4534,5
3-6-1,0.4693333333333334,2026-07-13,0.5051166666666667,0.5096666666666667,0.2946666666666667,0,-0.796,0.301,0,0,0,0,0.5655,2000,400,600,800,差し,0,0.4704500000000001,46.20900000000001,7010,tune,202607130403,0.476,0,0,0,0,46.09733333333334,40.80766666666667,42.565250000000006,49.286500000000004,47.886500000000005,47.912333333333336,0.19999999999999996,0.44999999999999996,-0.6,0.2,4-5-1;4-5-2;4-6-1;4-5-6;4-6-2;4-5-3;4-6-5;4-2-1;4-6-3;4-3-1;4-2-6;4-3-6;4-3-2;4-1-6;4-1-2;4-2-5;4-2-3;4-3-5;4-1-5;4-1-3,4-5-1;4-5-2;4-6-1;4-5-6,4-5-1;4-5-2;4-6-1;4-5-6;4-6-2;4-5-3,4-5-1;4-5-2;4-6-1;4-5-6;4-6-2;4-5-3;4-6-5;4-2-1,0,BREAK,40.80766666666667,0,54.39633333333334,0.45,0.5408999999999999,3
5-1-6,0.3953333333333333,2026-07-13,0.5339666666666667,0.5416666666666666,0.29533333333333334,0,-0.829,0.2927,0,0,0,0,0.6773,2000,400,600,800,まくり差し,0,0.40245000000000003,39.376000000000005,3380,tune,202607130405,0.356,0,0,0,0,38.66433333333333,47.599666666666664,46.4935,49.026599999999995,45.596000000000004,45.24933333333333,-0.20000000000000007,0.45999999999999996,0.19999999999999996,0.6,4-5-1;4-6-1;4-5-6;4-5-2;4-6-5;4-1-6;4-6-2;4-1-5;4-2-1;4-5-3;4-1-2;4-2-6;4-3-1;4-6-3;4-2-5;4-3-6;4-3-5;4-1-3;4-3-2;4-2-3,4-5-1;4-6-1;4-5-6;4-5-2,4-5-1;4-6-1;4-5-6;4-5-2;4-6-5;4-1-6,4-5-1;4-6-1;4-5-6;4-5-2;4-6-5;4-1-6;4-6-2;4-1-5,0,BREAK,47.599666666666664,0,54.39633333333334,0.31200000000000006,0.6726,5
4-1-5,0.7866666666666667,2026-07-13,0.7924833333333334,0.8103333333333333,0.4966666666666667,1,1.858,0.9644,1,0,0,1,0.7538,2000,400,600,800,差し,0,0.77245,79.06299999999999,940,tune,202607130408,0.26799999999999996,940,0,0,940,80.48466666666667,84.33433333333335,83.49675,79.9361,80.77550000000001,81.54966666666668,0.6,0.77,1.0,1.0,4-5-1;4-6-1;4-5-2;4-2-1;4-5-6;4-1-2;4-1-5;4-6-2;4-1-6;4-3-1;4-6-5;4-5-3;4-2-5;4-2-6;4-1-3;4-3-2;4-6-3;4-3-5;4-3-6;4-2-3,4-5-1;4-6-1;4-5-2;4-2-1,4-5-1;4-6-1;4-5-2;4-2-1;4-5-6;4-1-2,4-5-1;4-6-1;4-5-2;4-2-1;4-5-6;4-1-2;4-1-5;4-6-2,0,BREAK,84.33433333333335,1,54.39633333333334,0.166,0.7983,4
1-3-4,0.5066666666666667,2026-07-13,0.6550833333333334,0.6603333333333333,0.622,0,-1.978,0.0055,0,0,0,0,0.7396,2000,400,600,800,逃げ,0,0.48845,46.827,2020,tune,202607130410,0.216,0,0,0,0,48.64866666666667,64.79033333333334,60.82575,58.225699999999996,56.069500000000005,55.56366666666668,0.6,0.86,0.19999999999999996,0.6,4-5-1;4-5-2;4-6-1;4-2-1;4-5-6;4-1-5;4-1-2;4-6-2;4-1-6;4-6-5;4-3-1;4-5-3;4-2-5;4-2-6;4-1-3;4-3-5;4-3-2;4-6-3;4-2-3;4-3-6,4-5-1;4-5-2;4-6-1;4-2-1,4-5-1;4-5-2;4-6-1;4-2-1;4-5-6;4-1-5,4-5-1;4-5-2;4-6-1;4-2-1;4-5-6;4-1-5;4-1-2;4-6-2,0,BREAK,64.79033333333334,1,54.39633333333334,0.18600000000000003,0.8035,1
1-4-2,0.29000000000000004,2026-07-13,0.49205,0.512,0.502,0,-1.655,0.0862,0,0,0,0,0.6644000000000001,2000,400,600,800,逃げ,0,0.31735,30.040000000000003,1580,tune,202607130505,0.37999999999999995,0,0,0,0,27.305000000000003,38.82600000000001,37.806250000000006,41.603300000000004,37.4075,37.295,-0.4,0.33,0.20000000000000007,0.6000000000000001,4-6-2;4-5-2;4-6-1;4-5-1;4-5-6;4-2-1;4-2-6;4-1-2;4-1-6;4-6-5;4-2-5;4-3-2;4-6-3;4-3-1;4-5-3;4-1-5;4-3-6;4-2-3;4-1-3;4-3-5,4-6-2;4-5-2;4-6-1;4-5-1,4-6-2;4-5-2;4-6-1;4-5-1;4-5-6;4-2-1,4-6-2;4-5-2;4-6-1;4-5-1;4-5-6;4-2-1;4-2-6;4-1-2,0,BREAK,38.82600000000001,0,54.39633333333334,0.266,0.6940999999999999,1
1-6-4,0.6566666666666666,2026-07-13,0.5036333333333333,0.4763333333333333,0.3973333333333333,0,0.769,0.6922,0,0,0,0,0.3887999999999999,2000,400,600,800,逃げ,0,0.64535,65.264,9720,tune,202607130509,0.548,0,0,0,0,66.39566666666666,51.748333333333335,55.1865,55.91159999999999,58.74399999999999,58.28066666666667,-0.4,0.33,0.20000000000000007,0.6000000000000001,4-5-1;4-5-2;4-6-1;4-2-1;4-5-6;4-1-2;4-1-5;4-6-2;4-3-1;4-5-3;4-1-6;4-6-5;4-2-5;4-1-3;4-2-6;4-3-2;4-3-5;4-6-3;4-2-3;4-3-6,4-5-1;4-5-2;4-6-1;4-2-1,4-5-1;4-5-2;4-6-1;4-2-1;4-5-6;4-1-2,4-5-1;4-5-2;4-6-1;4-2-1;4-5-6;4-1-2;4-1-5;4-6-2,0,BREAK,51.748333333333335,0,54.39633333333334,0.7040000000000001,0.3505999999999999,1
1-2-4,0.5653333333333334,2026-07-13,0.5696166666666667,0.5496666666666666,0.39666666666666667,0,-1.185,0.2038,0,0,0,0,0.5786,2000,400,600,800,逃げ,0,0.5613,54.905,1680,tune,202607130612,0.352,0,0,0,0,55.30833333333334,64.31666666666666,61.32875000000001,55.728699999999996,55.522499999999994,54.60333333333333,0.4,0.76,0.4,0.7,4-5-1;4-6-1;4-5-2;4-5-6;4-1-5;4-2-1;4-3-1;4-1-6;4-5-3;4-1-2;4-6-5;4-6-2;4-1-3;4-2-5;4-6-3;4-3-5;4-2-6;4-3-6;4-3-2;4-2-3,4-5-1;4-6-1;4-5-2;4-5-6,4-5-1;4-6-1;4-5-2;4-5-6;4-1-5;4-2-1,4-5-1;4-6-1;4-5-2;4-5-6;4-1-5;4-2-1;4-3-1;4-1-6,0,BREAK,64.31666666666666,1,54.39633333333334,0.466,0.5739000000000001,1
1-4-2,0.784,2026-07-13,0.71425,0.779,0.4106666666666666,0,1.097,0.7743,0,0,0,0,0.6353,2000,400,600,800,逃げ,0,0.75725,75.63199999999999,2290,tune,202607130908,0.596,0,0,0,0,78.307,73.26400000000001,73.32325,72.9431,74.8195,78.08200000000001,1.0,0.91,-0.19999999999999996,0.4,4-5-1;4-5-2;4-5-6;4-1-5;4-2-1;4-5-3;4-6-1;4-2-5;4-1-2;4-6-5;4-3-1;4-6-2;4-3-5;4-1-6;4-1-3;4-3-2;4-2-6;4-2-3;4-6-3;4-3-6,4-5-1;4-5-2;4-5-6;4-1-5,4-5-1;4-5-2;4-5-6;4-1-5;4-2-1;4-5-3,4-5-1;4-5-2;4-5-6;4-1-5;4-2-1;4-5-3;4-6-1;4-2-5,-0.5,BREAK,73.26400000000001,1,54.39633333333334,0.22600000000000003,0.6445,1
4-1-2,0.402,2026-07-13,0.49152500000000005,0.5225,0.44499999999999995,1,0.047,0.5116,1,0,1,1,0.5767,2000,400,600,800,まくり差し,0,0.41405,41.41199999999999,3410,tune,202607131305,0.5339999999999999,3410,0,3410,3410,40.207,46.453500000000005,45.475125000000006,46.73615,44.68325,45.6295,0.20000000000000007,0.48000000000000004,0.0,0.5,4-5-1;4-6-1;4-2-1;4-5-2;4-1-2;4-6-2;4-1-6;4-5-6;4-1-5;4-3-1;4-2-6;4-2-5;4-6-5;4-1-3;4-5-3;4-3-2;4-2-3;4-6-3;4-3-6;4-3-5,4-5-1;4-6-1;4-2-1;4-5-2,4-5-1;4-6-1;4-2-1;4-5-2;4-1-2;4-6-2,4-5-1;4-6-1;4-2-1;4-5-2;4-1-2;4-6-2;4-1-6;4-5-6,0,BREAK,46.453500000000005,0,54.39633333333334,0.357,0.5810500000000001,4
1-2-5,0.17999999999999997,2026-07-13,0.38885,0.385,0.52,0,-1.874,0.0315,0,0,0,0,0.5801000000000001,2000,400,600,800,逃げ,0,0.20799999999999996,18.886,3040,tune,202607131402,0.388,0,0,0,0,16.086,31.383,28.807250000000003,31.153700000000004,26.5285,25.311,-0.4,0.39,-0.19999999999999996,0.4,4-5-1;4-5-2;4-6-1;4-2-1;4-5-6;4-6-2;4-1-2;4-1-5;4-1-6;4-6-5;4-5-3;4-3-1;4-2-5;4-2-6;4-3-2;4-1-3;4-6-3;4-2-3;4-3-5;4-3-6,4-5-1;4-5-2;4-6-1;4-2-1,4-5-1;4-5-2;4-6-1;4-2-1;4-5-6;4-6-2,4-5-1;4-5-2;4-6-1;4-2-1;4-5-6;4-6-2;4-1-2;4-1-5,0,BREAK,31.383,0,54.39633333333334,0.41,0.5977,1
1-4-5,0.5846666666666667,2026-07-13,0.6379833333333333,0.6033333333333333,0.5426666666666666,0,-1.135,0.2161,0,0,0,0,0.6567000000000001,2000,400,600,800,逃げ,0,0.5818000000000001,57.00500000000001,780,tune,202607131604,0.18,0,0,0,0,57.29166666666667,62.51533333333334,60.76125,60.4759,59.9575,58.13166666666667,0.6000000000000001,0.8300000000000001,-0.20000000000000007,0.39999999999999997,4-5-1;4-6-1;4-5-2;4-2-1;4-5-6;4-3-1;4-1-2;4-1-5;4-6-2;4-1-6;4-5-3;4-6-5;4-1-3;4-2-5;4-2-6;4-6-3;4-3-2;4-3-5;4-3-6;4-2-3,4-5-1;4-6-1;4-5-2;4-2-1,4-5-1;4-6-1;4-5-2;4-2-1;4-5-6;4-3-1,4-5-1;4-6-1;4-5-2;4-2-1;4-5-6;4-3-1;4-1-2;4-1-5,0,BREAK,62.51533333333334,1,54.39633333333334,0.378,0.6913,1
1-4-3,0.7533333333333334,2026-07-13,0.6233166666666667,0.5816666666666667,0.4426666666666667,0,0.621,0.6553,0,0,0,0,0.5035,2000,400,600,800,逃げ,0,0.7398,73.411,990,tune,202607131610,0.352,0,0,0,0,74.76433333333334,68.51066666666667,68.34725,65.3675,68.26350000000001,67.03933333333333,0.6,0.86,-0.20000000000000007,0.39999999999999997,4-5-1;4-5-2;4-6-1;4-2-1;4-3-1;4-1-2;4-5-3;4-6-2;4-5-6;4-1-5;4-1-3;4-3-2;4-1-6;4-2-5;4-2-3;4-6-5;4-2-6;4-3-5;4-6-3;4-3-6,4-5-1;4-5-2;4-6-1;4-2-1,4-5-1;4-5-2;4-6-1;4-2-1;4-3-1;4-1-2,4-5-1;4-5-2;4-6-1;4-2-1;4-3-1;4-1-2;4-5-3;4-6-2,-0.5,BREAK,68.51066666666667,1,54.39633333333334,0.5900000000000001,0.49329999999999996,1
1-2-3,0.09466666666666665,2026-07-13,0.2708833333333333,0.2663333333333333,0.7700000000000001,0,-1.956,0.0109,0,0,0,0,0.41459999999999997,2000,400,600,800,逃げ,0,0.11035,9.039000000000001,590,tune,202607132208,0.5359999999999999,0,0,0,0,7.4706666666666655,15.992333333333338,15.76275,19.7957,16.281499999999998,15.195666666666668,-1.0,0.06000000000000005,-0.19999999999999996,0.4,4-5-1;4-5-2;4-2-1;4-1-2;4-6-1;4-6-2;4-3-1;4-1-5;4-2-5;4-5-6;4-5-3;4-3-2;4-1-6;4-2-6;4-1-3;4-2-3;4-6-5;4-3-5;4-6-3;4-3-6,4-5-1;4-5-2;4-2-1;4-1-2,4-5-1;4-5-2;4-2-1;4-1-2;4-6-1;4-6-2,4-5-1;4-5-2;4-2-1;4-1-2;4-6-1;4-6-2;4-3-1;4-1-5,0,BREAK,15.992333333333338,0,54.39633333333334,0.562,0.44709999999999994,1
1-2-4,0.5833333333333334,2026-07-13,0.6492666666666667,0.6996666666666667,0.602,0,-1.092,0.2271,0,0,0,0,0.6669,2000,400,600,800,逃げ,0,0.57035,55.903000000000006,530,tune,202607132212,0.472,0,0,0,0,57.20133333333334,57.62666666666667,57.833000000000006,61.0178,60.49800000000001,62.43633333333334,0.4,0.67,-0.20000000000000007,0.39999999999999997,4-5-1;4-5-2;4-6-1;4-2-1;4-6-2;4-1-2;4-5-6;4-1-6;4-1-5;4-2-6;4-3-1;4-6-5;4-2-5;4-5-3;4-3-2;4-1-3;4-6-3;4-2-3;4-3-6;4-3-5,4-5-1;4-5-2;4-6-1;4-2-1,4-5-1;4-5-2;4-6-1;4-2-1;4-6-2;4-1-2,4-5-1;4-5-2;4-6-1;4-2-1;4-6-2;4-1-2;4-5-6;4-1-6,0,BREAK,57.62666666666667,1,54.39633333333334,0.18400000000000002,0.7152000000000001,1
2-4-1,0.7566666666666667,2026-07-13,0.6531833333333333,0.6353333333333333,0.43733333333333335,0,1.754,0.9384,0,0,0,0,0.5519000000000001,2000,400,600,800,差し,0,0.7259000000000001,74.304,13060,tune,202607132303,0.38399999999999995,0,0,0,0,77.38066666666667,74.28433333333334,74.01025,69.77130000000001,72.2065,71.92066666666668,0.4,0.76,0.4,0.7,4-5-1;4-5-2;4-6-1;4-5-6;4-2-1;4-1-5;4-5-3;4-1-2;4-3-1;4-6-2;4-6-5;4-1-6;4-2-5;4-1-3;4-3-5;4-2-6;4-3-2;4-6-3;4-2-3;4-3-6,4-5-1;4-5-2;4-6-1;4-5-6,4-5-1;4-5-2;4-6-1;4-5-6;4-2-1;4-1-5,4-5-1;4-5-2;4-6-1;4-5-6;4-2-1;4-1-5;4-5-3;4-1-2,0,BREAK,74.28433333333334,1,54.39633333333334,0.486,0.5497000000000001,2
2-1-4,0.7133333333333334,2026-07-13,0.5024166666666667,0.4936666666666667,0.3673333333333333,0,0.659,0.6648,0,0,0,0,0.3427999999999999,2000,400,600,800,抜き,0,0.6759000000000001,68.209,1120,tune,202607132306,0.676,0,0,0,0,71.95233333333334,62.00066666666667,62.312750000000015,57.473099999999995,61.40650000000001,62.06733333333334,0.4,0.73,-0.19999999999999996,0.4,4-5-2;4-5-1;4-2-1;4-1-2;4-6-2;4-3-2;4-6-1;4-5-3;4-2-5;4-3-1;4-2-3;4-5-6;4-2-6;4-1-5;4-1-3;4-3-5;4-6-5;4-1-6;4-6-3;4-3-6,4-5-2;4-5-1;4-2-1;4-1-2,4-5-2;4-5-1;4-2-1;4-1-2;4-6-2;4-3-2,4-5-2;4-5-1;4-2-1;4-1-2;4-6-2;4-3-2;4-6-1;4-5-3,0,BREAK,62.00066666666667,1,54.39633333333334,0.726,0.2915,2
1-2-4,0.5473333333333333,2026-07-13,0.49021666666666663,0.49266666666666664,0.5913333333333333,0,1.792,0.948,0,0,0,0,0.4294,2000,400,600,800,逃げ,0,0.5439,54.99200000000001,1390,tune,202607132310,0.5760000000000001,0,0,0,0,55.33533333333334,50.37166666666668,52.15075,51.0273,52.4795,52.875333333333344,-0.4,0.2700000000000001,0.6,0.8,4-5-1;4-5-2;4-6-1;4-6-2;4-2-1;4-1-2;4-5-6;4-2-6;4-1-6;4-3-1;4-2-5;4-6-5;4-3-2;4-5-3;4-1-5;4-2-3;4-6-3;4-1-3;4-3-6;4-3-5,4-5-1;4-5-2;4-6-1;4-6-2,4-5-1;4-5-2;4-6-1;4-6-2;4-2-1;4-1-2,4-5-1;4-5-2;4-6-1;4-6-2;4-2-1;4-1-2;4-5-6;4-2-6,-0.5,BREAK,50.37166666666668,0,54.39633333333334,0.562,0.43309999999999993,1
2-4-6,0.34933333333333333,2026-07-14,0.4018666666666667,0.44666666666666666,0.544,0,0.047,0.5116,0,0,0,0,0.45399999999999996,2000,400,600,800,差し,0,0.34400000000000003,33.257000000000005,1560,tune,202607140101,0.712,0,0,0,0,33.79033333333333,42.83566666666667,39.977000000000004,37.669000000000004,36.417,38.17033333333333,0.20000000000000007,0.63,-0.4,0.3,4-5-2;4-5-1;4-6-2;4-6-1;4-2-1;4-1-2;4-5-6;4-2-6;4-2-5;4-1-6;4-3-2;4-6-5;4-3-1;4-5-3;4-1-5;4-2-3;4-6-3;4-1-3;4-3-6;4-3-5,4-5-2;4-5-1;4-6-2;4-6-1,4-5-2;4-5-1;4-6-2;4-6-1;4-2-1;4-1-2,4-5-2;4-5-1;4-6-2;4-6-1;4-2-1;4-1-2;4-5-6;4-2-6,-0.5,BREAK,42.83566666666667,0,54.39633333333334,0.456,0.4544,2
2-3-4,0.5126666666666667,2026-07-14,0.5583833333333333,0.5993333333333333,0.3393333333333333,0,-0.676,0.3311,0,0,0,0,0.612,2000,400,600,800,抜き,0,0.49645000000000006,48.929,1410,tune,202607140405,0.5479999999999999,0,0,0,0,50.55066666666667,55.686333333333344,53.550250000000005,54.1075,52.8365,54.45066666666667,0.8,0.8400000000000001,-0.6,0.2,4-5-2;4-5-1;4-6-2;4-2-1;4-6-1;4-1-2;4-5-6;4-2-5;4-2-6;4-5-3;4-3-2;4-6-5;4-2-3;4-3-1;4-1-5;4-1-6;4-3-5;4-6-3;4-1-3;4-3-6,4-5-2;4-5-1;4-6-2;4-2-1,4-5-2;4-5-1;4-6-2;4-2-1;4-6-1;4-1-2,4-5-2;4-5-1;4-6-2;4-2-1;4-6-1;4-1-2;4-5-6;4-2-5,0,BREAK,55.686333333333344,1,54.39633333333334,0.31400000000000006,0.6041,2
1-2-3,0.188,2026-07-14,0.33640000000000003,0.356,0.32999999999999996,0,-1.415,0.1464,0,0,0,0,0.5123,2000,400,600,800,逃げ,0,0.19845,18.39,1060,tune,202607140411,0.588,0,0,0,0,17.345000000000002,27.417000000000005,25.775,28.9316,24.765,24.905,-0.19999999999999996,0.34,-0.4,0.3,4-5-2;4-5-1;4-6-2;4-6-1;4-5-6;4-2-1;4-2-6;4-1-2;4-6-5;4-2-5;4-1-6;4-1-5;4-5-3;4-3-2;4-3-1;4-6-3;4-2-3;4-3-6;4-3-5;4-1-3,4-5-2;4-5-1;4-6-2;4-6-1,4-5-2;4-5-1;4-6-2;4-6-1;4-5-6;4-2-1,4-5-2;4-5-1;4-6-2;4-6-1;4-5-6;4-2-1;4-2-6;4-1-2,0,BREAK,27.417000000000005,0,54.39633333333334,0.47600000000000003,0.4848,1
2-1-4,0.6020000000000001,2026-07-14,0.5619000000000001,0.627,0.3846666666666667,0,1.207,0.8016,0,0,0,0,0.5348999999999999,2000,400,600,800,差し,0,0.5913499999999999,59.151999999999994,910,tune,202607140504,0.72,0,0,0,0,60.21700000000001,51.95100000000001,54.544500000000006,57.53780000000001,58.21200000000001,61.34200000000001,-0.20000000000000007,0.37000000000000005,0.19999999999999996,0.6,4-5-2;4-5-1;4-2-1;4-6-2;4-6-1;4-5-6;4-1-2;4-2-5;4-2-6;4-6-5;4-1-5;4-5-3;4-1-6;4-3-2;4-3-1;4-2-3;4-6-3;4-1-3;4-3-5;4-3-6,4-5-2;4-5-1;4-2-1;4-6-2,4-5-2;4-5-1;4-2-1;4-6-2;4-6-1;4-5-6,4-5-2;4-5-1;4-2-1;4-6-2;4-6-1;4-5-6;4-1-2;4-2-5,-0.5,BREAK,51.95100000000001,0,54.39633333333334,0.34800000000000003,0.5217999999999999,2
1-3-6,0.5373333333333333,2026-07-14,0.5692666666666667,0.6126666666666667,0.31533333333333335,0,-1.672,0.0821,0,0,0,0,0.6131,2000,400,600,800,逃げ,0,0.5113,48.268,1940,tune,202607140604,0.5599999999999999,0,0,0,0,50.87133333333334,57.48866666666667,55.06300000000001,53.49620000000001,52.468,54.26133333333334,0.8,0.81,-0.19999999999999996,0.4,4-5-1;4-5-2;4-6-1;4-6-2;4-5-6;4-2-1;4-6-5;4-2-6;4-5-3;4-1-2;4-2-5;4-1-6;4-1-5;4-6-3;4-3-1;4-3-2;4-3-6;4-2-3;4-3-5;4-1-3,4-5-1;4-5-2;4-6-1;4-6-2,4-5-1;4-5-2;4-6-1;4-6-2;4-5-6;4-2-1,4-5-1;4-5-2;4-6-1;4-6-2;4-5-6;4-2-1;4-6-5;4-2-6,-0.5,BREAK,57.48866666666667,1,54.39633333333334,0.31199999999999994,0.6012000000000001,1
1-2-3,0.5326666666666666,2026-07-14,0.4977833333333333,0.5513333333333332,0.30666666666666664,0,-0.692,0.3269,0,0,0,0,0.4966999999999999,2000,400,600,800,逃げ,0,0.5393,52.048,2390,tune,202607140606,0.736,0,0,0,0,51.38466666666667,42.348333333333336,45.46925,49.5469,49.640499999999996,52.22466666666666,-0.6000000000000001,0.22999999999999998,0.19999999999999996,0.6,4-5-1;4-5-2;4-2-1;4-5-6;4-5-3;4-6-1;4-2-5;4-6-2;4-1-2;4-1-5;4-6-5;4-3-1;4-3-2;4-3-5;4-2-6;4-2-3;4-1-6;4-1-3;4-6-3;4-3-6,4-5-1;4-5-2;4-2-1;4-5-6,4-5-1;4-5-2;4-2-1;4-5-6;4-5-3;4-6-1,4-5-1;4-5-2;4-2-1;4-5-6;4-5-3;4-6-1;4-2-5;4-6-2,-0.5,BREAK,42.348333333333336,0,54.39633333333334,0.43000000000000005,0.4629,1
3-6-1,0.5386666666666667,2026-07-14,0.5808833333333334,0.5763333333333334,0.43933333333333335,0,-1.256,0.186,0,0,0,0,0.6137999999999999,2000,400,600,800,まくり,0,0.552,52.754000000000005,20430,tune,202607140702,0.36,0,0,0,0,51.420666666666676,59.37433333333333,56.32275000000001,54.3401,53.531500000000015,53.11566666666668,1.0,0.91,-0.4,0.3,4-5-1;4-5-2;4-6-1;4-5-6;4-6-2;4-2-1;4-5-3;4-6-5;4-1-2;4-1-5;4-2-5;4-1-6;4-3-1;4-2-6;4-6-3;4-3-2;4-3-5;4-3-6;4-1-3;4-2-3,4-5-1;4-5-2;4-6-1;4-5-6,4-5-1;4-5-2;4-6-1;4-5-6;4-6-2;4-2-1,4-5-1;4-5-2;4-6-1;4-5-6;4-6-2;4-2-1;4-5-3;4-6-5,-0.5,BREAK,59.37433333333333,1,54.39633333333334,0.386,0.6231,3
1-4-2,0.5820000000000001,2026-07-14,0.5931500000000001,0.5900000000000001,0.756,0,0.725,0.6813,0,0,0,0,0.5503,2000,400,600,800,逃げ,0,0.61,61.685,1270,tune,202607140703,0.384,0,0,0,0,58.88500000000001,50.524,54.09375000000001,58.5221,59.44250000000001,59.24500000000001,-0.4,0.24,0.4,0.7,4-5-1;4-5-2;4-6-1;4-2-1;4-6-2;4-1-2;4-5-6;4-1-6;4-2-6;4-1-5;4-3-1;4-2-5;4-6-5;4-5-3;4-3-2;4-1-3;4-2-3;4-6-3;4-3-6;4-3-5,4-5-1;4-5-2;4-6-1;4-2-1,4-5-1;4-5-2;4-6-1;4-2-1;4-6-2;4-1-2,4-5-1;4-5-2;4-6-1;4-2-1;4-6-2;4-1-2;4-5-6;4-1-6,0,BREAK,50.524,0,54.39633333333334,0.402,0.6043,1
4-1-5,0.525,2026-07-14,0.5685250000000001,0.54,0.609,1,1.201,0.8003,1,0,0,0,0.5792999999999999,2000,400,600,800,まくり差し,0,0.51905,51.916000000000004,4130,tune,202607141302,0.28200000000000003,4130,0,0,0,52.511,56.241499999999995,55.324125,55.01135,54.687250000000006,53.18600000000001,0.20000000000000007,0.63,0.0,0.5,4-5-1;4-5-2;4-6-1;4-5-6;4-2-1;4-6-2;4-5-3;4-1-2;4-6-5;4-1-5;4-2-5;4-3-1;4-1-6;4-2-6;4-3-2;4-3-5;4-6-3;4-1-3;4-2-3;4-3-6,4-5-1;4-5-2;4-6-1;4-5-6,4-5-1;4-5-2;4-6-1;4-5-6;4-2-1;4-6-2,4-5-1;4-5-2;4-6-1;4-5-6;4-2-1;4-6-2;4-5-3;4-1-2,-0.5,BREAK,56.241499999999995,1,54.39633333333334,0.44499999999999995,0.61205,4
3-4-2,0.6320000000000001,2026-07-14,0.553575,0.5765,0.34500000000000003,0,1.715,0.9289,0,0,0,0,0.5018,2000,400,600,800,まくり,0,0.61605,63.28,980,tune,202607141304,0.6100000000000001,0,0,0,0,64.875,64.12249999999999,63.094375000000014,59.65785000000001,60.95375000000001,62.37750000000002,0.6000000000000001,0.74,0.0,0.5,4-5-2;4-5-1;4-6-2;4-6-1;4-2-1;4-5-6;4-5-3;4-1-2;4-3-2;4-2-5;4-3-1;4-2-6;4-6-5;4-2-3;4-1-5;4-6-3;4-3-5;4-1-6;4-1-3;4-3-6,4-5-2;4-5-1;4-6-2;4-6-1,4-5-2;4-5-1;4-6-2;4-6-1;4-2-1;4-5-6,4-5-2;4-5-1;4-6-2;4-6-1;4-2-1;4-5-6;4-5-3;4-1-2,0,BREAK,64.12249999999999,1,54.39633333333334,0.479,0.47514999999999996,3
1-4-2,0.45666666666666667,2026-07-14,0.41753333333333337,0.39233333333333337,0.352,0,1.672,0.9179,0,0,0,0,0.4192,2000,400,600,800,逃げ,0,0.4657,47.052,920,tune,202607141512,0.528,0,0,0,0,46.148666666666664,44.019333333333336,44.187000000000005,44.1504,44.19200000000001,43.253666666666675,-0.4,0.45,-0.20000000000000007,0.39999999999999997,4-5-1;4-5-2;4-2-1;4-5-3;4-1-2;4-6-1;4-3-1;4-1-5;4-5-6;4-2-5;4-6-2;4-3-2;4-1-3;4-3-5;4-2-3;4-6-5;4-1-6;4-2-6;4-6-3;4-3-6,4-5-1;4-5-2;4-2-1;4-5-3,4-5-1;4-5-2;4-2-1;4-5-3;4-1-2;4-6-1,4-5-1;4-5-2;4-2-1;4-5-3;4-1-2;4-6-1;4-3-1;4-1-5,-0.5,BREAK,44.019333333333336,0,54.39633333333334,0.6719999999999999,0.37840000000000007,1
1-2-4,0.6266666666666667,2026-07-14,0.6764333333333333,0.7373333333333334,0.538,0,0.047,0.5116,0,0,0,0,0.6857,2000,400,600,800,逃げ,0,0.59625,59.63199999999999,540,tune,202607142102,0.5,0,0,0,0,62.67366666666667,67.72233333333332,66.38449999999999,65.4654,65.16199999999999,67.65366666666667,0.6,0.77,0.19999999999999996,0.6,4-5-1;4-6-1;4-5-2;4-2-1;4-6-2;4-5-6;4-1-6;4-1-2;4-3-1;4-2-6;4-6-5;4-1-5;4-5-3;4-6-3;4-1-3;4-2-5;4-3-6;4-3-2;4-2-3;4-3-5,4-5-1;4-6-1;4-5-2;4-2-1,4-5-1;4-6-1;4-5-2;4-2-1;4-6-2;4-5-6,4-5-1;4-6-1;4-5-2;4-2-1;4-6-2;4-5-6;4-1-6;4-1-2,0,BREAK,67.72233333333332,1,54.39633333333334,0.15200000000000002,0.7262,1
2-5-1,0.6133333333333333,2026-07-14,0.6080166666666666,0.5936666666666666,0.5586666666666666,0,0.047,0.5116,0,0,0,0,0.5787,2000,400,600,800,まくり,0,0.6142500000000001,61.432,60840,tune,202607142106,0.344,0,0,0,0,61.34033333333333,48.220666666666666,52.540749999999996,60.418899999999994,61.07449999999999,60.45533333333332,-0.20000000000000007,0.33999999999999997,-0.19999999999999996,0.4,4-5-1;4-6-1;4-5-2;4-5-6;4-2-1;4-6-2;4-1-6;4-1-5;4-1-2;4-6-5;4-3-1;4-5-3;4-2-6;4-2-5;4-1-3;4-6-3;4-3-6;4-3-5;4-3-2;4-2-3,4-5-1;4-6-1;4-5-2;4-5-6,4-5-1;4-6-1;4-5-2;4-5-6;4-2-1;4-6-2,4-5-1;4-6-1;4-5-2;4-5-6;4-2-1;4-6-2;4-1-6;4-1-5,0,BREAK,48.220666666666666,0,54.39633333333334,0.42600000000000005,0.6027,2
4-1-5,0.4786666666666667,2026-07-14,0.4902333333333334,0.5413333333333333,0.25933333333333336,1,-1.458,0.1354,1,0,1,1,0.5369,2000,400,600,800,まくり,1,0.48434999999999995,45.787,3050,tune,202607142204,0.688,3050,0,3050,3050,45.21866666666667,49.439333333333344,49.05450000000001,46.8468,45.79700000000001,48.03866666666667,-0.19999999999999996,0.34,0.8,0.9,4-5-1;4-5-2;4-2-1;4-6-1;4-1-2;4-1-5;4-5-6;4-5-3;4-2-5;4-6-2;4-3-1;4-6-5;4-1-6;4-1-3;4-3-2;4-2-6;4-3-5;4-2-3;4-6-3;4-3-6,4-5-1;4-5-2;4-2-1;4-6-1,4-5-1;4-5-2;4-2-1;4-6-1;4-1-2;4-1-5,4-5-1;4-5-2;4-2-1;4-6-1;4-1-2;4-1-5;4-5-6;4-5-3,-0.5,BREAK,49.439333333333344,0,54.39633333333334,0.39599999999999996,0.5018,4
2-1-3,0.4953333333333334,2026-07-14,0.5564666666666667,0.5396666666666667,0.5926666666666667,0,0.824,0.7059,0,0,0,0,0.5863,2000,400,600,800,差し,0,0.48390000000000005,48.02400000000001,3750,tune,202607142303,0.32,0,0,0,0,49.16733333333334,56.79266666666667,54.959,53.00260000000001,52.224000000000004,51.16233333333334,0.20000000000000007,0.63,0.19999999999999996,0.6,4-5-1;4-6-1;4-5-2;4-2-1;4-5-6;4-1-2;4-3-1;4-1-5;4-6-2;4-1-6;4-5-3;4-6-5;4-1-3;4-2-5;4-2-6;4-3-2;4-6-3;4-3-5;4-2-3;4-3-6,4-5-1;4-6-1;4-5-2;4-2-1,4-5-1;4-6-1;4-5-2;4-2-1;4-5-6;4-1-2,4-5-1;4-6-1;4-5-2;4-2-1;4-5-6;4-1-2;4-3-1;4-1-5,-0.5,BREAK,56.79266666666667,1,54.39633333333334,0.416,0.6176,2
5-1-4,0.2013333333333333,2026-07-14,0.26906666666666657,0.2746666666666666,0.4173333333333333,0,0.047,0.5116,0,0,0,0,0.37359999999999993,2000,400,600,800,まくり,0,0.22524999999999998,22.532,17680,tune,202607142404,0.6839999999999999,0,0,0,0,20.14033333333333,19.265666666666668,20.687,25.962199999999996,23.526999999999994,23.44033333333333,-0.8,0.07000000000000006,-0.4,0.3,4-5-1;4-5-2;4-2-1;4-6-1;4-5-3;4-1-2;4-5-6;4-3-1;4-1-5;4-6-2;4-2-5;4-6-5;4-1-3;4-3-2;4-1-6;4-3-5;4-2-3;4-2-6;4-6-3;4-3-6,4-5-1;4-5-2;4-2-1;4-6-1,4-5-1;4-5-2;4-2-1;4-6-1;4-5-3;4-1-2,4-5-1;4-5-2;4-2-1;4-6-1;4-5-3;4-1-2;4-5-6;4-3-1,0,BREAK,19.265666666666668,0,54.39633333333334,0.6520000000000001,0.3367999999999999,5
1-4-3,0.22666666666666663,2026-07-14,0.4170333333333333,0.4513333333333333,0.3006666666666667,0,0.047,0.5116,0,0,0,0,0.6206999999999999,2000,400,600,800,逃げ,0,0.24125,24.132,2960,tune,202607142412,0.52,0,0,0,0,22.673666666666666,31.25433333333334,30.599499999999995,37.053399999999996,32.19199999999999,32.78366666666666,-0.4,0.33,-0.4,0.3,4-5-1;4-5-2;4-6-1;4-5-6;4-6-2;4-2-1;4-1-2;4-6-5;4-5-3;4-2-6;4-1-6;4-2-5;4-1-5;4-3-1;4-3-2;4-6-3;4-2-3;4-3-6;4-1-3;4-3-5,4-5-1;4-5-2;4-6-1;4-5-6,4-5-1;4-5-2;4-6-1;4-5-6;4-6-2;4-2-1,4-5-1;4-5-2;4-6-1;4-5-6;4-6-2;4-2-1;4-1-2;4-6-5,0,BREAK,31.25433333333334,0,54.39633333333334,0.324,0.6073999999999999,1
1-3-4,0.498,2026-07-15,0.52395,0.546,0.2866666666666667,0,1.3,0.8249,0,0,0,0,0.5741,2000,400,600,800,逃げ,0,0.488,48.91,9660,tune,202607150109,0.532,0,0,0,0,49.91,61.173,57.52875000000001,52.3627,51.207499999999996,52.07000000000001,0.6,0.77,0.19999999999999996,0.6,4-5-2;4-5-1;4-6-2;4-5-6;4-6-1;4-2-1;4-6-5;4-2-6;4-2-5;4-1-2;4-5-3;4-1-6;4-1-5;4-3-2;4-3-1;4-6-3;4-2-3;4-3-6;4-3-5;4-1-3,4-5-2;4-5-1;4-6-2;4-5-6,4-5-2;4-5-1;4-6-2;4-5-6;4-6-1;4-2-1,4-5-2;4-5-1;4-6-2;4-5-6;4-6-1;4-2-1;4-6-5;4-2-6,-0.5,BREAK,61.173,1,54.39633333333334,0.40599999999999997,0.5499,1
4-2-5,0.606,2026-07-15,0.68365,0.712,0.3406666666666667,1,0.637,0.6594,1,0,0,1,0.7456,2000,400,600,800,抜き,0,0.60535,61.132000000000005,3340,tune,202607150503,0.344,3340,0,0,3340,61.197,61.79800000000001,62.52824999999999,66.59769999999999,65.0795,65.967,0.4,0.5800000000000001,0.20000000000000007,0.6000000000000001,4-5-1;4-5-2;4-6-1;4-2-1;4-6-2;4-5-6;4-1-2;4-2-5;4-5-3;4-2-6;4-6-5;4-1-5;4-3-1;4-3-2;4-1-6;4-2-3;4-3-5;4-6-3;4-1-3;4-3-6,4-5-1;4-5-2;4-6-1;4-2-1,4-5-1;4-5-2;4-6-1;4-2-1;4-6-2;4-5-6,4-5-1;4-5-2;4-6-1;4-2-1;4-6-2;4-5-6;4-1-2;4-2-5,0,BREAK,61.79800000000001,1,54.39633333333334,0.182,0.7613000000000001,4
1-3-2,0.5833333333333334,2026-07-15,0.4976666666666667,0.4416666666666667,0.53,0,0.238,0.5595,0,0,0,0,0.4215,2000,400,600,800,逃げ,0,0.58335,58.533,2000,tune,202607150507,0.37999999999999995,0,0,0,0,58.531333333333336,46.32466666666667,49.373000000000005,52.401,54.248,52.15633333333334,-0.19999999999999996,0.37000000000000005,-0.20000000000000007,0.39999999999999997,4-5-1;4-6-1;4-5-2;4-2-1;4-3-1;4-1-2;4-6-2;4-5-6;4-5-3;4-1-6;4-1-3;4-1-5;4-3-2;4-6-3;4-6-5;4-2-6;4-2-3;4-2-5;4-3-6;4-3-5,4-5-1;4-6-1;4-5-2;4-2-1,4-5-1;4-6-1;4-5-2;4-2-1;4-3-1;4-1-2,4-5-1;4-6-1;4-5-2;4-2-1;4-3-1;4-1-2;4-6-2;4-5-6,0,BREAK,46.32466666666667,0,54.39633333333334,0.7,0.41200000000000003,1
1-2-4,0.5653333333333334,2026-07-15,0.6155166666666667,0.6536666666666666,0.388,0,0.129,0.5321,0,0,0,0,0.6571,2000,400,600,800,逃げ,0,0.56535,56.624,970,tune,202607150510,0.476,0,0,0,0,56.62233333333334,72.06866666666667,67.49025,60.1467,59.131499999999996,60.59733333333334,0.8,0.8700000000000001,0.6,0.8,4-5-1;4-5-2;4-6-1;4-2-1;4-5-3;4-5-6;4-1-2;4-3-1;4-6-2;4-1-5;4-2-5;4-3-2;4-6-5;4-1-3;4-1-6;4-3-5;4-2-3;4-2-6;4-6-3;4-3-6,4-5-1;4-5-2;4-6-1;4-2-1,4-5-1;4-5-2;4-6-1;4-2-1;4-5-3;4-5-6,4-5-1;4-5-2;4-6-1;4-2-1;4-5-3;4-5-6;4-1-2;4-3-1,0,BREAK,72.06866666666667,1,54.39633333333334,0.258,0.6657,1
4-1-6,0.6933333333333334,2026-07-15,0.6445666666666667,0.7026666666666667,0.32,1,1.404,0.8509,1,0,0,0,0.6075999999999999,2000,400,600,800,まくり差し,0,0.6933,69.544,3750,tune,202607150606,0.62,3750,0,0,0,69.54733333333334,59.39866666666667,62.86150000000001,66.1982,67.10900000000001,69.96733333333333,-0.20000000000000007,0.33999999999999997,0.6,0.8,4-5-1;4-5-2;4-6-1;4-2-1;4-6-2;4-5-6;4-1-2;4-1-5;4-1-6;4-2-5;4-6-5;4-2-6;4-5-3;4-3-1;4-3-2;4-1-3;4-2-3;4-6-3;4-3-5;4-3-6,4-5-1;4-5-2;4-6-1;4-2-1,4-5-1;4-5-2;4-6-1;4-2-1;4-6-2;4-5-6,4-5-1;4-5-2;4-6-1;4-2-1;4-6-2;4-5-6;4-1-2;4-1-5,-0.5,BREAK,59.39866666666667,1,54.39633333333334,0.28800000000000003,0.5958,4
4-1-6,0.6340000000000001,2026-07-15,0.6064,0.605,0.414,1,1.721,0.9302,1,0,0,1,0.5799,2000,400,600,800,まくり,1,0.646,65.13100000000001,2570,tune,202607150708,0.416,2570,0,0,2570,63.93100000000001,55.69100000000002,57.85100000000001,61.912800000000004,62.551000000000016,62.62600000000002,0.19999999999999996,0.54,-0.20000000000000007,0.39999999999999997,4-5-1;4-6-1;4-5-6;4-5-2;4-6-2;4-2-1;4-1-6;4-6-5;4-1-2;4-1-5;4-3-1;4-2-6;4-5-3;4-6-3;4-2-5;4-3-6;4-1-3;4-3-2;4-3-5;4-2-3,4-5-1;4-6-1;4-5-6;4-5-2,4-5-1;4-6-1;4-5-6;4-5-2;4-6-2;4-2-1,4-5-1;4-6-1;4-5-6;4-5-2;4-6-2;4-2-1;4-1-6;4-6-5,-0.5,BREAK,55.69100000000002,1,54.39633333333334,0.42400000000000004,0.5788,4
6-4-1,0.39399999999999996,2026-07-15,0.466425,0.5065,0.403,0,0.047,0.5116,0,0,0,0,0.5469999999999999,2000,400,600,800,まくり差し,0,0.41015,39.872,5740,tune,202607151203,0.6100000000000001,0,0,0,0,38.257,40.0975,40.577625,43.79574999999999,41.87825,43.3195,-0.19999999999999996,0.34,0.0,0.5,4-5-1;4-6-1;4-5-2;4-6-2;4-2-1;4-5-6;4-1-2;4-2-6;4-1-6;4-3-1;4-6-5;4-5-3;4-3-2;4-2-5;4-1-5;4-6-3;4-2-3;4-1-3;4-3-6;4-3-5,4-5-1;4-6-1;4-5-2;4-6-2,4-5-1;4-6-1;4-5-2;4-6-2;4-2-1;4-5-6,4-5-1;4-6-1;4-5-2;4-6-2;4-2-1;4-5-6;4-1-2;4-2-6,-0.5,BREAK,40.0975,0,54.39633333333334,0.381,0.5388499999999999,6
2-1-4,0.628,2026-07-15,0.570425,0.5405,0.31200000000000006,0,0.047,0.5116,0,0,0,0,0.53955,2000,400,600,800,差し,0,0.62615,62.62199999999999,860,tune,202607151204,0.376,0,0,0,0,62.806999999999995,62.3595,61.487625,59.133849999999995,59.92824999999999,58.8695,0.4,0.73,0.0,0.5,4-5-2;4-5-1;4-6-2;4-2-1;4-1-2;4-6-1;4-5-6;4-2-5;4-5-3;4-3-2;4-2-6;4-2-3;4-3-1;4-6-5;4-1-5;4-3-5;4-6-3;4-1-6;4-1-3;4-3-6,4-5-2;4-5-1;4-6-2;4-2-1,4-5-2;4-5-1;4-6-2;4-2-1;4-1-2;4-6-1,4-5-2;4-5-1;4-6-2;4-2-1;4-1-2;4-6-1;4-5-6;4-2-5,0,BREAK,62.3595,1,54.39633333333334,0.547,0.51285,2
2-1-4,0.46199999999999997,2026-07-15,0.451325,0.4305,0.571,0,0.047,0.5116,0,0,0,0,0.43920000000000003,2000,400,600,800,差し,0,0.47015,47.022,600,tune,202607151206,0.482,0,0,0,0,46.206999999999994,42.52949999999999,43.870125,45.385149999999996,45.673249999999996,44.789500000000004,-0.4,0.32999999999999996,0.0,0.5,4-5-2;4-5-1;4-2-1;4-1-2;4-6-2;4-6-1;4-3-2;4-2-5;4-3-1;4-5-3;4-2-3;4-5-6;4-2-6;4-1-5;4-1-3;4-1-6;4-6-5;4-3-5;4-6-3;4-3-6,4-5-2;4-5-1;4-2-1;4-1-2,4-5-2;4-5-1;4-2-1;4-1-2;4-6-2;4-6-1,4-5-2;4-5-1;4-2-1;4-1-2;4-6-2;4-6-1;4-3-2;4-2-5,0,BREAK,42.52949999999999,0,54.39633333333334,0.601,0.44065,2
2-1-4,0.6190000000000001,2026-07-15,0.562025,0.5650000000000001,0.289,0,-0.862,0.2845,0,0,0,0,0.5359,2000,400,600,800,抜き,0,0.60105,59.202999999999996,3510,tune,202607151302,0.506,0,0,0,0,60.99800000000001,59.75050000000001,59.208625,57.46055000000001,58.149249999999995,58.56800000000001,0.20000000000000007,0.6900000000000001,0.0,0.5,4-5-1;4-5-2;4-5-6;4-2-1;4-2-5;4-6-1;4-6-2;4-1-2;4-5-3;4-1-5;4-6-5;4-2-6;4-3-1;4-3-2;4-1-6;4-3-5;4-2-3;4-1-3;4-6-3;4-3-6,4-5-1;4-5-2;4-5-6;4-2-1,4-5-1;4-5-2;4-5-6;4-2-1;4-2-5;4-6-1,4-5-1;4-5-2;4-5-6;4-2-1;4-2-5;4-6-1;4-6-2;4-1-2,0,BREAK,59.75050000000001,1,54.39633333333334,0.489,0.50505,2
1-4-3,0.611,2026-07-15,0.6168750000000001,0.588,0.295,0,0.506,0.6265,0,0,0,0,0.6355,2000,400,600,800,逃げ,0,0.60505,60.971,830,tune,202607151304,0.27,0,0,0,0,61.566,63.5915,62.627875,62.28125,61.859750000000005,60.531000000000006,0.6000000000000001,0.74,0.0,0.5,4-5-1;4-5-2;4-6-1;4-5-6;4-5-3;4-2-1;4-3-1;4-6-2;4-1-2;4-1-5;4-6-5;4-3-2;4-1-6;4-1-3;4-2-5;4-6-3;4-3-5;4-2-6;4-2-3;4-3-6,4-5-1;4-5-2;4-6-1;4-5-6,4-5-1;4-5-2;4-6-1;4-5-6;4-5-3;4-2-1,4-5-1;4-5-2;4-6-1;4-5-6;4-5-3;4-2-1;4-3-1;4-6-2,0,BREAK,63.5915,1,54.39633333333334,0.435,0.62275,1
2-1-3,0.648,2026-07-15,0.590425,0.6935,0.22899999999999998,0,1.573,0.8933,0,0,0,0,0.5670999999999999,2000,400,600,800,差し,0,0.61605,63.138,5120,tune,202607151311,0.8500000000000001,0,0,0,0,66.33299999999998,69.6455,67.31362499999999,62.82594999999999,63.454249999999995,68.3805,1.0,0.88,0.0,0.5,4-5-1;4-5-2;4-6-1;4-2-1;4-5-6;4-1-2;4-1-5;4-6-2;4-3-1;4-1-6;4-5-3;4-6-5;4-2-5;4-2-6;4-1-3;4-3-2;4-3-5;4-6-3;4-2-3;4-3-6,4-5-1;4-5-2;4-6-1;4-2-1,4-5-1;4-5-2;4-6-1;4-2-1;4-5-6;4-1-2,4-5-1;4-5-2;4-6-1;4-2-1;4-5-6;4-1-2;4-1-5;4-6-2,0,BREAK,69.6455,1,54.39633333333334,0.261,0.53285,2
1-4-5,0.436,2026-07-15,0.55165,0.573,0.4713333333333333,0,0.047,0.5116,0,0,0,0,0.6462,2000,400,600,800,逃げ,0,0.4564,45.647,2490,tune,202607151712,0.412,0,0,0,0,43.607,48.767999999999994,47.93825,51.700900000000004,49.38949999999999,49.772,0.4,0.61,-0.4,0.3,4-5-1;4-5-2;4-6-1;4-5-6;4-6-2;4-2-1;4-6-5;4-1-2;4-1-6;4-5-3;4-2-6;4-1-5;4-2-5;4-3-1;4-6-3;4-3-2;4-3-6;4-1-3;4-3-5;4-2-3,4-5-1;4-5-2;4-6-1;4-5-6,4-5-1;4-5-2;4-6-1;4-5-6;4-6-2;4-2-1,4-5-1;4-5-2;4-6-1;4-5-6;4-6-2;4-2-1;4-6-5;4-1-2,0,BREAK,48.767999999999994,0,54.39633333333334,0.29,0.6673,1
1-3-4,0.7470000000000001,2026-07-15,0.6639250000000001,0.655,0.197,0,0.047,0.5116,0,0,0,0,0.6143,2000,400,600,800,逃げ,0,0.7124499999999999,74.29199999999999,1000,tune,202607151812,0.38599999999999995,0,0,0,0,77.74700000000001,77.3215,75.825125,72.33535,73.59325000000001,73.60700000000001,1.0,0.94,0.0,0.5,4-5-1;4-5-2;4-5-6;4-6-1;4-5-3;4-2-1;4-6-2;4-6-5;4-1-5;4-3-1;4-2-5;4-1-2;4-3-5;4-1-6;4-3-2;4-2-6;4-6-3;4-1-3;4-2-3;4-3-6,4-5-1;4-5-2;4-5-6;4-6-1,4-5-1;4-5-2;4-5-6;4-6-1;4-5-3;4-2-1,4-5-1;4-5-2;4-5-6;4-6-1;4-5-3;4-2-1;4-6-2;4-6-5,0.5,BREAK,77.3215,1,54.39633333333334,0.43700000000000006,0.58085,1
2-4-1,0.32333333333333336,2026-07-15,0.4622166666666667,0.4926666666666667,0.22866666666666668,0,-1.907,0.0233,0,0,0,0,0.6262,2000,400,600,800,まくり,0,0.32435,33.528000000000006,8730,tune,202607152212,0.5119999999999999,0,0,0,0,33.42633333333333,44.670666666666676,42.38175,44.25590000000001,40.37050000000001,41.04633333333334,0.19999999999999996,0.54,-0.19999999999999996,0.4,4-5-1;4-5-2;4-6-1;4-5-6;4-6-2;4-2-1;4-1-2;4-5-3;4-6-5;4-2-5;4-1-5;4-2-6;4-1-6;4-3-1;4-3-2;4-6-3;4-2-3;4-1-3;4-3-5;4-3-6,4-5-1;4-5-2;4-6-1;4-5-6,4-5-1;4-5-2;4-6-1;4-5-6;4-6-2;4-2-1,4-5-1;4-5-2;4-6-1;4-5-6;4-6-2;4-2-1;4-1-2;4-5-3,0.5,BREAK,44.670666666666676,0,54.39633333333334,0.338,0.6011,2
2-3-4,0.44,2026-07-15,0.44555,0.469,0.7066666666666668,0,0.906,0.7264,0,0,0,0,0.42710000000000004,2000,400,600,800,差し,0,0.4219,43.056,2800,tune,202607152308,0.6359999999999999,0,0,0,0,44.866,39.217,41.80475,44.7487,45.1435,46.171,-0.8,0.16000000000000003,0.19999999999999996,0.6,4-5-1;4-5-2;4-2-1;4-6-1;4-5-6;4-5-3;4-1-2;4-6-2;4-1-5;4-2-5;4-3-1;4-6-5;4-3-2;4-3-5;4-1-6;4-2-6;4-1-3;4-2-3;4-6-3;4-3-6,4-5-1;4-5-2;4-2-1;4-6-1,4-5-1;4-5-2;4-2-1;4-6-1;4-5-6;4-5-3,4-5-1;4-5-2;4-2-1;4-6-1;4-5-6;4-5-3;4-1-2;4-6-2,0,BREAK,39.217,0,54.39633333333334,0.502,0.45110000000000006,2
1-2-4,0.2673333333333333,2026-07-15,0.49021666666666663,0.5206666666666666,0.3993333333333333,0,-1.798,0.0506,0,0,0,0,0.6958,2000,400,600,800,逃げ,0,0.25189999999999996,22.201999999999995,970,tune,202607152309,0.4,0,0,0,0,23.74533333333333,43.98166666666667,39.260749999999994,39.8581,34.8895,35.14533333333333,0.6,0.74,-0.4,0.3,4-5-1;4-5-2;4-5-6;4-6-1;4-6-2;4-6-5;4-2-1;4-5-3;4-1-5;4-1-6;4-2-5;4-2-6;4-1-2;4-3-1;4-6-3;4-3-5;4-3-6;4-3-2;4-1-3;4-2-3,4-5-1;4-5-2;4-5-6;4-6-1,4-5-1;4-5-2;4-5-6;4-6-1;4-6-2;4-6-5,4-5-1;4-5-2;4-5-6;4-6-1;4-6-2;4-6-5;4-2-1;4-5-3,-0.5,BREAK,43.98166666666667,0,54.39633333333334,0.22600000000000003,0.7131,1
1-4-6,0.716,2026-07-15,0.66885,0.595,0.43533333333333335,0,1.092,0.7729,0,0,0,0,0.6141999999999999,2000,400,600,800,逃げ,0,0.6839,69.442,5710,tune,202607152310,0.10399999999999998,0,0,0,0,72.65199999999999,69.517,69.81324999999998,68.9979,70.29449999999999,67.207,0.19999999999999996,0.72,0.20000000000000007,0.6000000000000001,4-5-1;4-5-2;4-6-1;4-2-1;4-1-2;4-5-6;4-1-5;4-6-2;4-3-1;4-1-6;4-5-3;4-2-5;4-6-5;4-1-3;4-2-6;4-3-2;4-3-5;4-2-3;4-6-3;4-3-6,4-5-1;4-5-2;4-6-1;4-2-1,4-5-1;4-5-2;4-6-1;4-2-1;4-1-2;4-5-6,4-5-1;4-5-2;4-6-1;4-2-1;4-1-2;4-5-6;4-1-5;4-6-2,0,BREAK,69.517,1,54.39633333333334,0.5260000000000001,0.6216999999999999,1
4-6-2,0.7873333333333334,2026-07-15,0.7762166666666668,0.7786666666666667,0.12266666666666667,1,1.606,0.9015,1,0,1,1,0.7818999999999999,2000,400,600,800,まくり,1,0.75125,79.731,2930,tune,202607152406,0.244,2930,0,2930,2930,83.33933333333334,85.69566666666667,84.70475000000002,82.88629999999999,82.7835,82.94933333333334,0.6,0.86,0.6,0.8,4-5-1;4-5-2;4-5-6;4-6-1;4-6-2;4-6-5;4-2-1;4-2-5;4-2-6;4-5-3;4-1-2;4-1-5;4-1-6;4-3-1;4-6-3;4-3-2;4-3-5;4-3-6;4-2-3;4-1-3,4-5-1;4-5-2;4-5-6;4-6-1,4-5-1;4-5-2;4-5-6;4-6-1;4-6-2;4-6-5,4-5-1;4-5-2;4-5-6;4-6-1;4-6-2;4-6-5;4-2-1;4-2-5,0.5,BREAK,85.69566666666667,1,54.39633333333334,0.23,0.7651,4
1-5-4,0.47333333333333333,2026-07-15,0.5030166666666667,0.4676666666666667,0.284,0,1.622,0.9056,0,0,0,0,0.5607,2000,400,600,800,逃げ,0,0.48125,49.707,5960,tune,202607152412,0.33599999999999997,0,0,0,0,48.915333333333336,46.015666666666675,48.29075,51.7279,50.3995,48.660333333333334,-0.8,0.16000000000000003,0.6,0.8,4-5-1;4-6-1;4-2-1;4-5-2;4-1-2;4-6-2;4-3-1;4-5-6;4-1-6;4-1-5;4-5-3;4-2-6;4-1-3;4-6-5;4-3-2;4-6-3;4-2-5;4-2-3;4-3-6;4-3-5,4-5-1;4-6-1;4-2-1;4-5-2,4-5-1;4-6-1;4-2-1;4-5-2;4-1-2;4-6-2,4-5-1;4-6-1;4-2-1;4-5-2;4-1-2;4-6-2;4-3-1;4-5-6,0,BREAK,46.015666666666675,0,54.39633333333334,0.538,0.5327,1
4-6-3,0.804,2026-07-16,0.64395,0.617,0.13866666666666666,1,1.415,0.8536,1,0,0,0,0.5408999999999999,2000,400,600,800,まくり差し,0,0.802,81.575,3980,validation,202607160105,0.416,3980,0,0,0,81.775,70.28600000000002,72.33375000000001,71.1853,73.77250000000001,73.36000000000001,0.4,0.61,0.4,0.7,4-5-2;4-5-1;4-6-2;4-6-1;4-5-6;4-2-1;4-2-6;4-1-2;4-5-3;4-3-2;4-3-1;4-6-3;4-6-5;4-1-6;4-2-3;4-2-5;4-3-6;4-1-3;4-1-5;4-3-5,4-5-2;4-5-1;4-6-2;4-6-1,4-5-2;4-5-1;4-6-2;4-6-1;4-5-6;4-2-1,4-5-2;4-5-1;4-6-2;4-6-1;4-5-6;4-2-1;4-2-6;4-1-2,0,BREAK,70.28600000000002,1,54.39633333333334,0.5700000000000001,0.4839,4
4-1-2,0.4206666666666667,2026-07-16,0.4185333333333333,0.31633333333333336,0.43333333333333335,1,0.977,0.7442,1,0,1,1,0.4403999999999999,2000,400,600,800,まくり,1,0.436,43.387,2890,validation,202607160112,0.20399999999999996,2890,0,2890,2890,41.85366666666667,38.416333333333334,39.377,42.2238,41.74699999999999,37.15866666666667,-0.4,0.39000000000000007,-0.4,0.3,4-5-1;4-5-2;4-6-1;4-2-1;4-1-2;4-5-6;4-6-2;4-3-1;4-1-5;4-1-6;4-5-3;4-6-5;4-2-5;4-2-6;4-1-3;4-3-2;4-6-3;4-2-3;4-3-5;4-3-6,4-5-1;4-5-2;4-6-1;4-2-1,4-5-1;4-5-2;4-6-1;4-2-1;4-1-2;4-5-6,4-5-1;4-5-2;4-6-1;4-2-1;4-1-2;4-5-6;4-6-2;4-3-1,-0.5,BREAK,38.416333333333334,0,54.39633333333334,0.788,0.4164,4
4-5-2,0.384,2026-07-16,0.4362,0.488,0.641,0,0.249,0.5622,1,1,1,1,0.46825000000000006,2000,400,600,800,,0,0.4083,44.079,19240,validation,202607160302,0.704,19240,19240,19240,19240,41.649,51.285000000000004,48.614000000000004,45.0685,44.25900000000001,46.329,0.4,0.5800000000000001,0.0,0.5,4-5-1;4-5-2;4-6-1;4-6-2;4-2-1;4-5-6;4-1-2;4-3-1;4-2-6;4-5-3;4-1-6;4-3-2;4-2-5;4-6-5;4-1-5;4-2-3;4-6-3;4-1-3;4-3-6;4-3-5,4-5-1;4-5-2;4-6-1;4-6-2,4-5-1;4-5-2;4-6-1;4-6-2;4-2-1;4-5-6,4-5-1;4-5-2;4-6-1;4-6-2;4-2-1;4-5-6;4-1-2;4-3-1,0.5,BREAK,51.285000000000004,0,54.39633333333334,0.40800000000000003,0.48839999999999995,0
2-4-3,0.692,2026-07-16,0.6483,0.6699999999999999,0.375,0,0.791,0.6977,0,0,0,0,0.60735,2000,400,600,800,,0,0.6923,73.021,1640,validation,202607160304,0.476,0,0,0,0,72.99099999999999,67.573,68.57849999999999,69.81769999999999,70.806,72.00099999999999,0.4,0.67,0.0,0.5,4-5-1;4-5-2;4-6-1;4-6-2;4-5-6;4-2-1;4-1-2;4-5-3;4-2-6;4-6-5;4-2-5;4-3-1;4-3-2;4-1-6;4-1-5;4-6-3;4-2-3;4-3-6;4-3-5;4-1-3,4-5-1;4-5-2;4-6-1;4-6-2,4-5-1;4-5-2;4-6-1;4-6-2;4-5-6;4-2-1,4-5-1;4-5-2;4-6-1;4-6-2;4-5-6;4-2-1;4-1-2;4-5-3,0.5,BREAK,67.573,1,54.39633333333334,0.35200000000000004,0.6046,0
1-6-4,0.45133333333333336,2026-07-16,0.5364166666666667,0.5346666666666666,0.314,0,-1.081,0.2298,0,0,0,0,0.6312,2000,400,600,800,逃げ,0,0.46135,45.013999999999996,2500,validation,202607160511,0.372,0,0,0,0,44.01233333333334,53.92466666666667,51.14275000000001,50.5219,48.2665,47.76233333333333,0.6,0.74,-0.19999999999999996,0.4,4-5-1;4-6-1;4-5-2;4-5-6;4-6-2;4-2-1;4-1-6;4-1-2;4-6-5;4-1-5;4-3-1;4-2-6;4-5-3;4-2-5;4-6-3;4-1-3;4-3-6;4-3-2;4-3-5;4-2-3,4-5-1;4-6-1;4-5-2;4-5-6,4-5-1;4-6-1;4-5-2;4-5-6;4-6-2;4-2-1,4-5-1;4-6-1;4-5-2;4-5-6;4-6-2;4-2-1;4-1-6;4-1-2,0,BREAK,53.92466666666667,0,54.39633333333334,0.38200000000000006,0.6214999999999999,1
1-2-6,0.42533333333333334,2026-07-16,0.5294666666666668,0.5826666666666667,0.2346666666666667,0,-0.731,0.3174,0,0,0,0,0.6526,2000,400,600,800,逃げ,0,0.454,43.479,1080,validation,202607160702,0.564,0,0,0,0,40.61233333333333,50.337666666666664,47.929,48.736200000000004,45.819,47.69233333333333,0.6,0.6799999999999999,-0.19999999999999996,0.4,4-5-1;4-5-2;4-6-1;4-5-6;4-6-2;4-2-1;4-6-5;4-1-2;4-2-6;4-2-5;4-5-3;4-1-6;4-1-5;4-3-1;4-3-2;4-6-3;4-3-6;4-2-3;4-3-5;4-1-3,4-5-1;4-5-2;4-6-1;4-5-6,4-5-1;4-5-2;4-6-1;4-5-6;4-6-2;4-2-1,4-5-1;4-5-2;4-6-1;4-5-6;4-6-2;4-2-1;4-6-5;4-1-2,-0.5,BREAK,50.337666666666664,0,54.39633333333334,0.26,0.6336,1
1-3-5,0.422,2026-07-16,0.46885,0.42999999999999994,0.26133333333333336,0,-1.327,0.1683,0,0,0,0,0.5497,2000,400,600,800,逃げ,0,0.446,42.083000000000006,3750,validation,202607160704,0.33999999999999997,0,0,0,0,39.683,42.35600000000001,41.88425000000001,43.8979,42.0255,40.043,-0.20000000000000007,0.49000000000000005,-0.20000000000000007,0.39999999999999997,4-5-1;4-6-1;4-5-6;4-5-2;4-6-2;4-2-1;4-6-5;4-1-6;4-5-3;4-3-1;4-6-3;4-2-6;4-1-2;4-3-6;4-1-5;4-3-2;4-1-3;4-2-5;4-3-5;4-2-3,4-5-1;4-6-1;4-5-6;4-5-2,4-5-1;4-6-1;4-5-6;4-5-2;4-6-2;4-2-1,4-5-1;4-6-1;4-5-6;4-5-2;4-6-2;4-2-1;4-6-5;4-1-6,-0.5,BREAK,42.35600000000001,0,54.39633333333334,0.562,0.5156999999999999,1
6-4-2,0.28200000000000003,2026-07-16,0.43605000000000005,0.512,0.494,0,-1.907,0.0233,0,0,0,0,0.5764,2000,400,600,800,まくり差し,0,0.312,28.102999999999998,22830,validation,202607160708,0.692,0,0,0,0,25.103,40.96000000000001,36.98425,36.20130000000002,32.80550000000001,35.453,0.4,0.67,-0.4,0.3,4-5-1;4-5-2;4-6-1;4-5-6;4-2-1;4-6-2;4-1-2;4-1-6;4-6-5;4-1-5;4-2-6;4-2-5;4-5-3;4-3-1;4-3-2;4-6-3;4-1-3;4-3-6;4-2-3;4-3-5,4-5-1;4-5-2;4-6-1;4-5-6,4-5-1;4-5-2;4-6-1;4-5-6;4-2-1;4-6-2,4-5-1;4-5-2;4-6-1;4-5-6;4-2-1;4-6-2;4-1-2;4-1-6,-0.5,BREAK,40.96000000000001,0,54.39633333333334,0.258,0.5901000000000001,6
2-3-4,0.5479999999999999,2026-07-16,0.4639999999999999,0.39399999999999996,0.32866666666666666,0,1.365,0.8413,0,0,0,0,0.42469999999999997,2000,400,600,800,まくり,0,0.5675,58.075,1360,validation,202607160804,0.36,0,0,0,0,56.12499999999999,43.869,48.044999999999995,50.892399999999995,51.92499999999999,49.19500000000001,-1.0,0.06000000000000005,0.6,0.8,4-5-2;4-5-1;4-2-1;4-6-2;4-6-1;4-1-2;4-5-6;4-5-3;4-2-5;4-3-2;4-3-1;4-1-5;4-2-6;4-6-5;4-2-3;4-1-6;4-3-5;4-1-3;4-6-3;4-3-6,4-5-2;4-5-1;4-2-1;4-6-2,4-5-2;4-5-1;4-2-1;4-6-2;4-6-1;4-1-2,4-5-2;4-5-1;4-2-1;4-6-2;4-6-1;4-1-2;4-5-6;4-5-3,0,BREAK,43.869,0,54.39633333333334,0.76,0.3799999999999999,2
6-1-4,0.9193333333333334,2026-07-16,0.8099666666666667,0.7616666666666667,0.382,0,1.765,0.9412,0,0,0,0,0.6889000000000001,2000,400,600,800,差し,0,0.8995000000000001,91.675,4610,validation,202607160805,0.12,0,0,0,0,93.65833333333335,83.02566666666667,85.34750000000001,85.3078,88.19000000000001,86.56333333333335,0.4,0.73,0.6000000000000001,0.8,4-6-1;4-5-1;4-6-2;4-5-2;4-5-6;4-2-1;4-2-6;4-6-5;4-1-6;4-1-2;4-2-5;4-1-5;4-6-3;4-5-3;4-3-1;4-3-6;4-3-2;4-2-3;4-1-3;4-3-5,4-6-1;4-5-1;4-6-2;4-5-2,4-6-1;4-5-1;4-6-2;4-5-2;4-5-6;4-2-1,4-6-1;4-5-1;4-6-2;4-5-2;4-5-6;4-2-1;4-2-6;4-6-5,0,BREAK,83.02566666666667,1,54.39633333333334,0.39599999999999996,0.7006000000000001,6
4-5-2,0.8600000000000001,2026-07-16,0.7726000000000001,0.774,0.2846666666666667,1,1.907,0.9767,1,1,1,1,0.6897,2000,400,600,800,まくり差し,0,0.8495,89.857,2240,validation,202607160812,0.32,2240,2240,2240,2240,90.90700000000001,86.99900000000001,87.22200000000001,84.53840000000001,86.53699999999999,87.037,0.6000000000000001,0.8300000000000001,0.6000000000000001,0.8,4-5-1;4-5-2;4-6-1;4-5-6;4-6-2;4-2-1;4-1-2;4-6-5;4-1-5;4-1-6;4-5-3;4-2-5;4-2-6;4-3-1;4-3-2;4-6-3;4-1-3;4-3-5;4-3-6;4-2-3,4-5-1;4-5-2;4-6-1;4-5-6,4-5-1;4-5-2;4-6-1;4-5-6;4-6-2;4-2-1,4-5-1;4-5-2;4-6-1;4-5-6;4-6-2;4-2-1;4-1-2;4-6-5,0.5,BREAK,86.99900000000001,1,54.39633333333334,0.31199999999999994,0.6852,4
2-3-1,0.641,2026-07-16,0.637025,0.619,0.26,0,-1.546,0.1135,0,0,0,0,0.64935,2000,400,600,800,差し,0,0.64115,61.379,9120,validation,202607161202,0.3,0,0,0,0,61.364,62.59250000000001,61.72962499999999,61.42844999999999,61.16525,60.374,0.6000000000000001,0.77,0.0,0.5,4-5-1;4-5-2;4-6-1;4-5-6;4-2-1;4-6-2;4-5-3;4-3-1;4-6-5;4-1-2;4-1-5;4-1-6;4-2-5;4-2-6;4-6-3;4-1-3;4-3-2;4-3-5;4-3-6;4-2-3,4-5-1;4-5-2;4-6-1;4-5-6,4-5-1;4-5-2;4-6-1;4-5-6;4-2-1;4-6-2,4-5-1;4-5-2;4-6-1;4-5-6;4-2-1;4-6-2;4-5-3;4-3-1,-0.5,BREAK,62.59250000000001,1,54.39633333333334,0.403,0.63305,2
4-1-2,0.569,2026-07-16,0.428725,0.41,0.149,1,0.189,0.5472,1,0,0,1,0.3731,2000,400,600,800,まくり差し,0,0.5831500000000001,58.464000000000006,2340,validation,202607161203,0.6419999999999999,2340,0,0,2340,57.04899999999999,45.2155,47.72712500000001,48.53095,50.03525,49.894,-0.4,0.33,0.0,0.5,4-5-1;4-5-2;4-2-1;4-6-1;4-6-2;4-5-6;4-1-2;4-2-5;4-5-3;4-1-5;4-3-1;4-3-2;4-6-5;4-2-6;4-2-3;4-1-6;4-3-5;4-1-3;4-6-3;4-3-6,4-5-1;4-5-2;4-2-1;4-6-1,4-5-1;4-5-2;4-2-1;4-6-1;4-6-2;4-5-6,4-5-1;4-5-2;4-2-1;4-6-1;4-6-2;4-5-6;4-1-2;4-2-5,0,BREAK,45.2155,0,54.39633333333334,0.749,0.2884500000000001,4
1-5-2,0.5609999999999999,2026-07-16,0.611725,0.6279999999999999,0.355,0,1.841,0.9603,0,0,0,0,0.6596,2000,400,600,800,逃げ,0,0.57915,58.56600000000001,2270,validation,202607161206,0.39799999999999996,0,0,0,0,56.751,57.1535,57.484125,60.44195,59.28724999999999,59.766,0.4,0.5800000000000001,0.0,0.5,4-5-1;4-5-2;4-5-3;4-2-1;4-5-6;4-1-5;4-2-5;4-6-1;4-1-2;4-6-2;4-3-1;4-6-5;4-3-5;4-3-2;4-1-3;4-2-3;4-1-6;4-2-6;4-6-3;4-3-6,4-5-1;4-5-2;4-5-3;4-2-1,4-5-1;4-5-2;4-5-3;4-2-1;4-5-6;4-1-5,4-5-1;4-5-2;4-5-3;4-2-1;4-5-6;4-1-5;4-2-5;4-6-1,-0.5,BREAK,57.1535,1,54.39633333333334,0.30500000000000005,0.66245,1
3-4-1,0.666,2026-07-16,0.602425,0.5445,0.469,0,1.715,0.9289,0,0,0,0,0.5385,2000,400,600,800,まくり差し,0,0.65005,65.53,18350,validation,202607161306,0.24599999999999997,0,0,0,0,67.12500000000001,64.5815,64.325625,62.41275,63.946250000000006,61.65750000000002,0.4,0.73,0.0,0.5,4-6-1;4-5-1;4-2-1;4-6-2;4-1-6;4-5-2;4-5-6;4-1-2;4-3-1;4-1-5;4-6-5;4-2-6;4-1-3;4-6-3;4-5-3;4-3-6;4-2-5;4-3-2;4-2-3;4-3-5,4-6-1;4-5-1;4-2-1;4-6-2,4-6-1;4-5-1;4-2-1;4-6-2;4-1-6;4-5-2,4-6-1;4-5-1;4-2-1;4-6-2;4-1-6;4-5-2;4-5-6;4-1-2,-0.5,BREAK,64.5815,1,54.39633333333334,0.577,0.53885,3
4-5-3,0.9566666666666667,2026-07-16,0.6644833333333333,0.6473333333333333,0.3913333333333333,1,1.995,0.9986,1,0,0,0,0.4079999999999999,2000,400,600,800,まくり,1,0.9484,96.795,2530,validation,202607161707,0.5640000000000001,2530,0,0,0,97.62166666666667,80.19133333333333,82.93375,76.78549999999998,83.0125,83.70166666666667,0.19999999999999996,0.63,0.8,0.9,4-5-1;4-5-2;4-6-1;4-2-1;4-1-2;4-3-1;4-6-2;4-5-6;4-5-3;4-1-5;4-2-5;4-1-6;4-3-2;4-1-3;4-6-5;4-2-6;4-2-3;4-3-5;4-6-3;4-3-6,4-5-1;4-5-2;4-6-1;4-2-1,4-5-1;4-5-2;4-6-1;4-2-1;4-1-2;4-3-1,4-5-1;4-5-2;4-6-1;4-2-1;4-1-2;4-3-1;4-6-2;4-5-6,0,BREAK,80.19133333333333,1,54.39633333333334,0.6620000000000001,0.37229999999999985,4
2-1-6,0.36,2026-07-16,0.527075,0.5885,0.711,0,1.984,0.9959,0,0,0,0,0.6325000000000001,2000,400,600,800,差し,0,0.37945,39.889,33020,validation,202607161812,0.5339999999999999,0,0,0,0,37.944,46.965500000000006,46.020875000000004,48.95125,46.29775,48.22650000000001,0.19999999999999996,0.44999999999999996,0.0,0.5,4-5-1;4-6-1;4-5-2;4-2-1;4-1-2;4-3-1;4-5-6;4-6-2;4-1-5;4-1-6;4-5-3;4-1-3;4-6-5;4-2-5;4-2-6;4-3-2;4-6-3;4-2-3;4-3-5;4-3-6,4-5-1;4-6-1;4-5-2;4-2-1,4-5-1;4-6-1;4-5-2;4-2-1;4-1-2;4-3-1,4-5-1;4-6-1;4-5-2;4-2-1;4-1-2;4-3-1;4-5-6;4-6-2,0,BREAK,46.965500000000006,0,54.39633333333334,0.183,0.69415,2
4-5-1,0.46,2026-07-16,0.49065000000000003,0.603,0.49866666666666665,1,0.834,0.7086,1,1,1,1,0.5167,2000,400,600,800,まくり,1,0.45825,46.619,6480,validation,202607162102,0.8959999999999999,6480,6480,6480,6480,46.794000000000004,53.807,52.160250000000005,48.9609,48.3265,53.22900000000001,0.19999999999999996,0.51,0.4,0.7,4-5-1;4-5-2;4-2-1;4-6-1;4-1-2;4-1-5;4-5-6;4-6-2;4-3-1;4-2-5;4-5-3;4-1-6;4-6-5;4-1-3;4-3-2;4-2-6;4-2-3;4-3-5;4-6-3;4-3-6,4-5-1;4-5-2;4-2-1;4-6-1,4-5-1;4-5-2;4-2-1;4-6-1;4-1-2;4-1-5,4-5-1;4-5-2;4-2-1;4-6-1;4-1-2;4-1-5;4-5-6;4-6-2,0,BREAK,53.807,0,54.39633333333334,0.254,0.5213000000000001,4
5-6-1,0.422,2026-07-16,0.48849999999999993,0.3869999999999999,0.4906666666666667,0,-1.705,0.0739,0,0,0,0,0.5495999999999999,2000,400,600,800,恵まれ,0,0.41125,39.38,43710,validation,202607162410,0.06799999999999999,0,0,0,0,40.455,44.961,43.5475,45.2572,43.779999999999994,38.88,0.19999999999999996,0.66,-0.6000000000000001,0.19999999999999996,4-5-1;4-5-2;4-2-1;4-6-1;4-3-1;4-1-2;4-5-3;4-5-6;4-6-2;4-1-5;4-1-3;4-3-2;4-2-5;4-1-6;4-2-3;4-6-5;4-3-5;4-2-6;4-6-3;4-3-6,4-5-1;4-5-2;4-2-1;4-6-1,4-5-1;4-5-2;4-2-1;4-6-1;4-3-1;4-1-2,4-5-1;4-5-2;4-2-1;4-6-1;4-3-1;4-1-2;4-5-3;4-5-6,0,BREAK,44.961,0,54.39633333333334,0.6480000000000001,0.5549999999999999,5
4-2-6,0.5613333333333334,2026-07-17,0.5021166666666667,0.47866666666666663,0.329,1,-1.59,0.1026,1,0,0,1,0.47744999999999993,2000,400,600,800,まくり,1,0.56,53.220000000000006,5510,validation,202607170104,0.47,5510,0,0,5510,53.35333333333333,47.539666666666676,49.32625000000001,49.731399999999994,50.3925,49.63333333333333,-0.4,0.33,0.4,0.7,4-5-2;4-5-1;4-6-2;4-2-1;4-6-1;4-1-2;4-5-6;4-2-6;4-2-5;4-3-2;4-5-3;4-2-3;4-3-1;4-6-5;4-1-6;4-1-5;4-6-3;4-1-3;4-3-6;4-3-5,4-5-2;4-5-1;4-6-2;4-2-1,4-5-2;4-5-1;4-6-2;4-2-1;4-6-1;4-1-2,4-5-2;4-5-1;4-6-2;4-2-1;4-6-1;4-1-2;4-5-6;4-2-6,-0.5,BREAK,47.539666666666676,0,54.39633333333334,0.6040000000000001,0.44289999999999996,4
,0.5806666666666667,2026-07-17,0.5207833333333334,0.41333333333333333,0.48133333333333334,0,-1.59,0.1026,0,0,0,0,0.47109999999999996,2000,400,600,800,,0,0.566,53.81999999999999,0,validation,202607170110,0.13999999999999996,0,0,0,0,55.28666666666666,46.934333333333335,47.86625,51.079699999999995,52.292500000000004,47.756666666666675,0.19999999999999996,0.72,-1.0,0.0,4-5-1;4-6-1;4-5-2;4-3-1;4-2-1;4-5-3;4-1-2;4-5-6;4-1-3;4-6-2;4-1-5;4-1-6;4-3-2;4-6-3;4-6-5;4-3-5;4-2-3;4-2-5;4-3-6;4-2-6,4-5-1;4-6-1;4-5-2;4-3-1,4-5-1;4-6-1;4-5-2;4-3-1;4-2-1;4-5-3,4-5-1;4-6-1;4-5-2;4-3-1;4-2-1;4-5-3;4-1-2;4-5-6,-0.5,BREAK,46.934333333333335,0,54.39633333333334,0.754,0.4609,0
4-2-5,0.2673333333333333,2026-07-17,0.42161666666666664,0.5066666666666666,0.36,1,0.047,0.5116,1,0,0,1,0.5843,2000,400,600,800,まくり,1,0.3,30.007,4420,validation,202607170205,0.74,4420,0,0,4420,26.740333333333332,40.56466666666667,38.64075,38.342099999999995,34.454499999999996,37.51033333333333,-0.4,0.27,0.6,0.8,4-5-1;4-5-2;4-6-1;4-2-1;4-5-6;4-1-5;4-1-2;4-2-5;4-5-3;4-6-2;4-6-5;4-3-1;4-1-6;4-2-6;4-3-5;4-1-3;4-3-2;4-2-3;4-6-3;4-3-6,4-5-1;4-5-2;4-6-1;4-2-1,4-5-1;4-5-2;4-6-1;4-2-1;4-5-6;4-1-5,4-5-1;4-5-2;4-6-1;4-2-1;4-5-6;4-1-5;4-1-2;4-2-5,0,BREAK,40.56466666666667,0,54.39633333333334,0.254,0.5759,4
5-2-4,0.33333333333333337,2026-07-17,0.42406666666666665,0.42266666666666663,0.5466666666666666,0,0.047,0.5116,0,0,0,0,0.5055999999999999,2000,400,600,800,抜き,0,0.348,33.657,10550,validation,202607170206,0.48,0,0,0,0,32.190333333333335,42.83166666666667,39.891999999999996,38.702200000000005,36.727000000000004,36.21033333333334,0.19999999999999996,0.63,-0.4,0.3,4-5-1;4-5-2;4-2-1;4-5-3;4-6-1;4-5-6;4-1-2;4-1-5;4-2-5;4-6-2;4-3-1;4-6-5;4-3-2;4-3-5;4-1-3;4-2-3;4-1-6;4-2-6;4-6-3;4-3-6,4-5-1;4-5-2;4-2-1;4-5-3,4-5-1;4-5-2;4-2-1;4-5-3;4-6-1;4-5-6,4-5-1;4-5-2;4-2-1;4-5-3;4-6-1;4-5-6;4-1-2;4-1-5,-0.5,BREAK,42.83166666666667,0,54.39633333333334,0.4880000000000001,0.5147999999999999,5
1-5-4,0.25666666666666665,2026-07-17,0.3196833333333333,0.3753333333333333,0.4966666666666667,0,0.993,0.7483,0,0,0,0,0.3999999999999999,2000,400,600,800,逃げ,0,0.288,29.752999999999997,3640,validation,202607170707,0.824,0,0,0,0,26.619666666666664,27.973333333333333,28.611749999999997,31.663499999999996,29.770499999999995,31.959666666666664,-0.6000000000000001,0.17000000000000004,-0.19999999999999996,0.4,4-5-1;4-5-2;4-6-1;4-2-1;4-1-2;4-6-2;4-5-6;4-3-1;4-1-5;4-5-3;4-1-6;4-2-5;4-6-5;4-2-6;4-3-2;4-1-3;4-2-3;4-6-3;4-3-5;4-3-6,4-5-1;4-5-2;4-6-1;4-2-1,4-5-1;4-5-2;4-6-1;4-2-1;4-1-2;4-6-2,4-5-1;4-5-2;4-6-1;4-2-1;4-1-2;4-6-2;4-5-6;4-3-1,0,BREAK,27.973333333333333,0,54.39633333333334,0.506,0.38270000000000004,1
2-1-6,0.3446666666666667,2026-07-17,0.3963333333333333,0.4523333333333333,0.37933333333333336,0,-1.83,0.0424,0,0,0,0,0.47309999999999997,2000,400,600,800,差し,0,0.3534999999999999,33.48,3190,validation,202607170809,0.76,0,0,0,0,32.59666666666667,39.547333333333334,38.22500000000001,36.9722,35.18,37.44166666666667,-0.20000000000000007,0.37000000000000005,0.19999999999999996,0.6,4-5-2;4-5-1;4-2-1;4-6-2;4-1-2;4-6-1;4-2-5;4-5-6;4-2-6;4-3-2;4-5-3;4-2-3;4-3-1;4-1-5;4-6-5;4-1-6;4-1-3;4-3-5;4-6-3;4-3-6,4-5-2;4-5-1;4-2-1;4-6-2,4-5-2;4-5-1;4-2-1;4-6-2;4-1-2;4-6-1,4-5-2;4-5-1;4-2-1;4-6-2;4-1-2;4-6-1;4-2-5;4-5-6,0,BREAK,39.547333333333334,0,54.39633333333334,0.44000000000000006,0.44799999999999995,2
2-1-4,0.6240000000000001,2026-07-17,0.5503,0.502,0.38,0,1.808,0.9521,0,0,0,0,0.4987999999999999,2000,400,600,800,差し,0,0.5931000000000001,61.07800000000001,1120,validation,202607171108,0.344,0,0,0,0,64.168,65.686,64.38550000000001,59.202600000000004,60.483000000000004,58.678000000000004,0.4,0.67,0.4,0.7,4-5-1;4-5-2;4-2-1;4-6-1;4-5-6;4-6-2;4-5-3;4-1-2;4-2-5;4-1-5;4-3-1;4-3-2;4-6-5;4-2-6;4-2-3;4-3-5;4-1-6;4-1-3;4-6-3;4-3-6,4-5-1;4-5-2;4-2-1;4-6-1,4-5-1;4-5-2;4-2-1;4-6-1;4-5-6;4-6-2,4-5-1;4-5-2;4-2-1;4-6-1;4-5-6;4-6-2;4-5-3;4-1-2,0,BREAK,65.686,1,54.39633333333334,0.62,0.4766,2
4-6-1,0.54,2026-07-17,0.47792500000000004,0.43750000000000006,0.385,1,1.88,0.9699,1,1,1,1,0.44630000000000003,2000,400,600,800,まくり,1,0.56015,56.705000000000005,2440,validation,202607171209,0.434,2440,2440,2440,2440,54.690000000000005,44.00850000000001,47.13812500000001,50.76635000000001,51.58625,50.07750000000001,-0.4,0.27,0.0,0.5,4-5-1;4-6-1;4-5-2;4-5-6;4-2-1;4-6-2;4-1-2;4-3-1;4-5-3;4-1-6;4-6-5;4-1-5;4-2-6;4-2-5;4-6-3;4-1-3;4-3-2;4-3-6;4-3-5;4-2-3,4-5-1;4-6-1;4-5-2;4-5-6,4-5-1;4-6-1;4-5-2;4-5-6;4-2-1;4-6-2,4-5-1;4-6-1;4-5-2;4-5-6;4-2-1;4-6-2;4-1-2;4-3-1,-0.5,BREAK,44.00850000000001,0,54.39633333333334,0.6649999999999999,0.41585000000000005,4
4-5-2,0.485,2026-07-17,0.500575,0.429,0.5569999999999999,1,1.907,0.9767,1,1,1,1,0.5062,2000,400,600,800,まくり,1,0.51515,53.382,9440,validation,202607171210,0.21799999999999997,9440,9440,9440,9440,50.367,39.2985,43.68137500000001,51.30065,51.14575,47.847,-1.0,0.12000000000000005,0.0,0.5,4-5-1;4-6-1;4-5-2;4-5-6;4-2-1;4-6-2;4-1-6;4-1-2;4-1-5;4-3-1;4-6-5;4-2-6;4-5-3;4-1-3;4-6-3;4-2-5;4-3-6;4-3-2;4-3-5;4-2-3,4-5-1;4-6-1;4-5-2;4-5-6,4-5-1;4-6-1;4-5-2;4-5-6;4-2-1;4-6-2,4-5-1;4-6-1;4-5-2;4-5-6;4-2-1;4-6-2;4-1-6;4-1-2,0,BREAK,39.2985,0,54.39633333333334,0.627,0.51615,4
4-2-5,0.585,2026-07-17,0.515025,0.40599999999999997,0.367,1,1.912,0.9781,1,0,0,0,0.4748,2000,400,600,800,まくり差し,0,0.57505,58.227,13620,validation,202607171305,0.14999999999999997,13620,0,0,0,59.222,54.042500000000004,54.897625,54.69835,55.72325,51.166999999999994,-0.19999999999999996,0.52,0.0,0.5,4-5-1;4-5-2;4-6-1;4-5-6;4-2-1;4-5-3;4-1-5;4-6-2;4-1-2;4-3-1;4-6-5;4-2-5;4-1-6;4-3-5;4-1-3;4-2-6;4-3-2;4-6-3;4-2-3;4-3-6,4-5-1;4-5-2;4-6-1;4-5-6,4-5-1;4-5-2;4-6-1;4-5-6;4-2-1;4-5-3,4-5-1;4-5-2;4-6-1;4-5-6;4-2-1;4-5-3;4-1-5;4-6-2,-0.5,BREAK,54.042500000000004,0,54.39633333333334,0.773,0.44504999999999995,4
1-3-4,0.428,2026-07-17,0.549075,0.5125,0.517,0,1.995,0.9986,0,0,0,0,0.6426,2000,400,600,800,逃げ,0,0.43605,45.559999999999995,740,validation,202607171307,0.194,0,0,0,0,44.754999999999995,49.640499999999996,49.501875000000005,53.10845,50.808749999999996,48.5575,-0.20000000000000007,0.45999999999999996,0.0,0.5,4-5-1;4-5-2;4-6-1;4-5-6;4-2-1;4-5-3;4-3-1;4-1-5;4-1-2;4-6-2;4-1-6;4-6-5;4-1-3;4-2-5;4-3-5;4-3-2;4-6-3;4-2-6;4-2-3;4-3-6,4-5-1;4-5-2;4-6-1;4-5-6,4-5-1;4-5-2;4-6-1;4-5-6;4-2-1;4-5-3,4-5-1;4-5-2;4-6-1;4-5-6;4-2-1;4-5-3;4-3-1;4-1-5,0,BREAK,49.640499999999996,0,54.39633333333334,0.403,0.67015,1
1-3-4,0.872,2026-07-17,0.734475,0.7244999999999999,0.619,0,-1.135,0.2161,0,0,0,0,0.5647,2000,400,600,800,逃げ,0,0.8480500000000001,82.48,1520,validation,202607171308,0.366,0,0,0,0,84.875,70.46049999999998,73.21687499999999,73.98864999999999,77.99875,78.2375,0.6,0.74,0.0,0.5,4-5-1;4-6-1;4-2-1;4-5-2;4-1-2;4-3-1;4-1-5;4-6-2;4-1-3;4-1-6;4-5-3;4-5-6;4-3-2;4-2-5;4-2-3;4-2-6;4-6-5;4-6-3;4-3-5;4-3-6,4-5-1;4-6-1;4-2-1;4-5-2,4-5-1;4-6-1;4-2-1;4-5-2;4-1-2;4-3-1,4-5-1;4-6-1;4-2-1;4-5-2;4-1-2;4-3-1;4-1-5;4-6-2,-0.5,BREAK,70.46049999999998,1,54.39633333333334,0.42300000000000004,0.59695,1
3-2-4,0.452,2026-07-17,0.57205,0.585,0.2773333333333333,0,-1.628,0.093,0,0,0,0,0.6965,2000,400,600,800,まくり,0,0.4644,44.772,18050,validation,202607171711,0.356,0,0,0,0,43.532000000000004,56.189,52.313250000000004,52.512499999999996,49.534499999999994,49.517,0.8,0.93,-0.6,0.2,4-5-1;4-6-1;4-5-2;4-5-6;4-2-1;4-6-2;4-1-2;4-6-5;4-1-6;4-1-5;4-5-3;4-3-1;4-2-6;4-2-5;4-6-3;4-1-3;4-3-2;4-3-6;4-3-5;4-2-3,4-5-1;4-6-1;4-5-2;4-5-6,4-5-1;4-6-1;4-5-2;4-5-6;4-2-1;4-6-2,4-5-1;4-6-1;4-5-2;4-5-6;4-2-1;4-6-2;4-1-2;4-6-5,0,BREAK,56.189,1,54.39633333333334,0.28200000000000003,0.6920999999999999,3
3-1-4,0.48733333333333334,2026-07-17,0.49211666666666665,0.4686666666666667,0.626,0,1.458,0.8646,0,0,0,0,0.4788,2000,400,600,800,まくり差し,0,0.49325,53.783,13950,validation,202607172408,0.416,0,0,0,0,53.19133333333333,42.90566666666667,47.35425,53.147099999999995,53.430499999999995,52.35133333333333,-1.0,0.030000000000000027,0.4,0.7,4-5-1;4-5-2;4-6-1;4-2-1;4-1-2;4-3-1;4-6-2;4-5-6;4-1-5;4-5-3;4-1-6;4-1-3;4-2-5;4-3-2;4-6-5;4-2-6;4-2-3;4-6-3;4-3-5;4-3-6,4-5-1;4-5-2;4-6-1;4-2-1,4-5-1;4-5-2;4-6-1;4-2-1;4-1-2;4-3-1,4-5-1;4-5-2;4-6-1;4-2-1;4-1-2;4-3-1;4-6-2;4-5-6,0.5,BREAK,42.90566666666667,0,54.39633333333334,0.55,0.4969,3
3-1-2,0.6493333333333334,2026-07-17,0.6288166666666667,0.6256666666666667,0.22733333333333333,0,1.513,0.8782,0,0,0,0,0.633,2000,400,600,800,まくり差し,0,0.61925,63.397999999999996,17440,validation,202607172410,0.38,0,0,0,0,66.40633333333334,63.91066666666666,63.96675000000001,65.4315,65.3805,65.34133333333334,0.6,0.74,-0.19999999999999996,0.4,4-5-1;4-6-1;4-5-2;4-5-6;4-2-1;4-6-2;4-1-2;4-1-6;4-6-5;4-1-5;4-5-3;4-3-1;4-2-6;4-2-5;4-6-3;4-1-3;4-3-2;4-3-6;4-3-5;4-2-3,4-5-1;4-6-1;4-5-2;4-5-6,4-5-1;4-6-1;4-5-2;4-5-6;4-2-1;4-6-2,4-5-1;4-6-1;4-5-2;4-5-6;4-2-1;4-6-2;4-1-2;4-1-6,0,BREAK,63.91066666666666,1,54.39633333333334,0.398,0.6083,3
3-1-2,0.16266666666666663,2026-07-17,0.20078333333333326,0.17033333333333328,0.42600000000000005,0,-1.135,0.2161,0,0,0,0,0.28959999999999997,2000,400,600,800,まくり差し,0,0.17124999999999999,15.950000000000001,2420,validation,202607172412,0.648,0,0,0,0,15.091666666666663,12.835333333333335,13.751249999999997,19.027699999999996,16.997499999999995,15.436666666666666,-0.6000000000000001,0.17000000000000004,-1.0,0.0,4-5-1;4-6-1;4-5-2;4-2-1;4-6-2;4-1-2;4-3-1;4-5-6;4-3-2;4-5-3;4-1-6;4-2-6;4-1-3;4-2-3;4-6-3;4-1-5;4-2-5;4-6-5;4-3-6;4-3-5,4-5-1;4-6-1;4-5-2;4-2-1,4-5-1;4-6-1;4-5-2;4-2-1;4-6-2;4-1-2,4-5-1;4-6-1;4-5-2;4-2-1;4-6-2;4-1-2;4-3-1;4-5-6,0,BREAK,12.835333333333335,0,54.39633333333334,0.8220000000000001,0.2388999999999999,3
4-1-2,0.3413333333333334,2026-07-18,0.3453666666666667,0.3446666666666667,0.44066666666666665,1,0.605,0.6512,1,0,1,1,0.3809,2000,400,600,800,まくり差し,0,0.368,36.214999999999996,1060,validation,202607180202,0.6479999999999999,1060,0,1060,1060,33.54833333333334,31.719666666666672,32.1025,34.5398,33.75000000000001,33.69833333333334,-0.19999999999999996,0.37,-0.6,0.2,4-5-1;4-5-2;4-2-1;4-6-1;4-6-2;4-1-2;4-3-1;4-5-6;4-5-3;4-3-2;4-2-6;4-2-3;4-2-5;4-1-6;4-1-3;4-1-5;4-6-3;4-6-5;4-3-6;4-3-5,4-5-1;4-5-2;4-2-1;4-6-1,4-5-1;4-5-2;4-2-1;4-6-1;4-6-2;4-1-2,4-5-1;4-5-2;4-2-1;4-6-1;4-6-2;4-1-2;4-3-1;4-5-6,-0.5,BREAK,31.719666666666672,0,54.39633333333334,0.652,0.34940000000000004,4
3-1-2,0.5186666666666667,2026-07-18,0.5545833333333333,0.5283333333333333,0.2513333333333333,0,0.047,0.5116,0,0,0,0,0.6146,2000,400,600,800,抜き,0,0.50645,50.651999999999994,3410,validation,202607180403,0.31199999999999994,0,0,0,0,51.87366666666667,59.781333333333336,56.71825000000001,55.0617,53.6695,52.30866666666667,1.0,0.88,-0.4,0.3,4-5-2;4-5-1;4-6-2;4-6-1;4-2-1;4-5-6;4-1-2;4-2-6;4-3-2;4-5-3;4-2-5;4-3-1;4-2-3;4-6-5;4-6-3;4-1-6;4-3-6;4-1-5;4-1-3;4-3-5,4-5-2;4-5-1;4-6-2;4-6-1,4-5-2;4-5-1;4-6-2;4-6-1;4-2-1;4-5-6,4-5-2;4-5-1;4-6-2;4-6-1;4-2-1;4-5-6;4-1-2;4-2-6,0,BREAK,59.781333333333336,1,54.39633333333334,0.4620000000000001,0.5905,3
1-4-3,0.5720000000000001,2026-07-18,0.5046,0.47800000000000004,0.2886666666666667,0,0.047,0.5116,0,0,0,0,0.4787,2000,400,600,800,逃げ,0,0.57045,57.052,710,validation,202607180408,0.46399999999999997,0,0,0,0,57.207,49.39500000000001,50.802000000000014,53.1324,53.836999999999996,52.977000000000004,0.20000000000000007,0.54,-0.4,0.3,4-5-1;4-6-1;4-2-1;4-5-2;4-1-2;4-3-1;4-6-2;4-1-6;4-5-6;4-1-3;4-5-3;4-3-2;4-1-5;4-2-6;4-2-3;4-6-3;4-2-5;4-6-5;4-3-6;4-3-5,4-5-1;4-6-1;4-2-1;4-5-2,4-5-1;4-6-1;4-2-1;4-5-2;4-1-2;4-3-1,4-5-1;4-6-1;4-2-1;4-5-2;4-1-2;4-3-1;4-6-2;4-1-6,0,BREAK,49.39500000000001,0,54.39633333333334,0.616,0.43720000000000003,1
1-3-5,0.28933333333333333,2026-07-18,0.3891166666666666,0.4076666666666666,0.28933333333333333,0,-1.885,0.0287,0,0,0,0,0.5218999999999999,2000,400,600,800,逃げ,0,0.33399999999999996,30.324999999999996,2240,validation,202607180710,0.5800000000000001,0,0,0,0,25.85833333333333,35.128666666666675,33.92625,33.9683,30.8475,31.183333333333334,-0.6000000000000001,0.26,0.4,0.7,4-5-1;4-5-2;4-6-1;4-5-6;4-6-2;4-2-1;4-5-3;4-6-5;4-1-2;4-2-5;4-1-5;4-3-1;4-2-6;4-1-6;4-3-2;4-3-5;4-6-3;4-2-3;4-1-3;4-3-6,4-5-1;4-5-2;4-6-1;4-5-6,4-5-1;4-5-2;4-6-1;4-5-6;4-6-2;4-2-1,4-5-1;4-5-2;4-6-1;4-5-6;4-6-2;4-2-1;4-5-3;4-6-5,-0.5,BREAK,35.128666666666675,0,54.39633333333334,0.4740000000000001,0.4888999999999999,1
3-4-5,0.5760000000000001,2026-07-18,0.48535000000000006,0.457,0.5686666666666667,0,-1.081,0.2298,0,0,0,0,0.40059999999999996,2000,400,600,800,まくり,0,0.5675,55.629,6620,validation,202607180809,0.5,0,0,0,0,56.479000000000006,45.194,47.85275,49.9007,51.9465,51.124,-0.4,0.39,-0.20000000000000007,0.39999999999999997,4-5-1;4-5-2;4-6-1;4-2-1;4-5-6;4-1-2;4-6-2;4-5-3;4-1-5;4-2-5;4-6-5;4-3-1;4-1-6;4-2-6;4-3-2;4-3-5;4-1-3;4-2-3;4-6-3;4-3-6,4-5-1;4-5-2;4-6-1;4-2-1,4-5-1;4-5-2;4-6-1;4-2-1;4-5-6;4-1-2,4-5-1;4-5-2;4-6-1;4-2-1;4-5-6;4-1-2;4-6-2;4-5-3,0,BREAK,45.194,0,54.39633333333334,0.662,0.39470000000000005,3
2-4-1,0.6373333333333334,2026-07-18,0.46966666666666673,0.5326666666666666,0.5766666666666667,0,0.047,0.5116,0,0,0,0,0.3192999999999999,2000,400,600,800,差し,0,0.63325,63.331999999999994,3110,validation,202607180901,0.9319999999999999,0,0,0,0,63.74033333333334,53.085666666666675,55.14200000000001,51.7136,55.357000000000006,59.03033333333334,-0.20000000000000007,0.37000000000000005,0.4,0.7,4-5-1;4-5-2;4-2-1;4-1-2;4-6-1;4-6-2;4-5-3;4-2-5;4-5-6;4-3-1;4-1-5;4-3-2;4-2-3;4-2-6;4-6-5;4-1-3;4-1-6;4-3-5;4-6-3;4-3-6,4-5-1;4-5-2;4-2-1;4-1-2,4-5-1;4-5-2;4-2-1;4-1-2;4-6-1;4-6-2,4-5-1;4-5-2;4-2-1;4-1-2;4-6-1;4-6-2;4-5-3;4-2-5,0,BREAK,53.085666666666675,0,54.39633333333334,0.5720000000000001,0.30200000000000005,2
2-1-4,0.6313333333333334,2026-07-18,0.5062166666666668,0.48066666666666674,0.6826666666666668,0,0.047,0.5116,0,0,0,0,0.3719,2000,400,600,800,差し,0,0.6312500000000001,61.982000000000006,1910,validation,202607180905,0.5239999999999999,0,0,0,0,61.99033333333334,47.93866666666667,50.565750000000016,52.529300000000006,55.734500000000004,55.210333333333345,0.19999999999999996,0.54,-0.6,0.2,4-5-1;4-5-2;4-2-1;4-6-1;4-1-2;4-3-1;4-6-2;4-5-3;4-5-6;4-3-2;4-1-5;4-1-3;4-2-5;4-2-3;4-1-6;4-2-6;4-6-5;4-6-3;4-3-5;4-3-6,4-5-1;4-5-2;4-2-1;4-6-1,4-5-1;4-5-2;4-2-1;4-6-1;4-1-2;4-3-1,4-5-1;4-5-2;4-2-1;4-6-1;4-1-2;4-3-1;4-6-2;4-5-3,-0.5,BREAK,47.93866666666667,0,54.39633333333334,0.6699999999999999,0.3811000000000001,2
1-4-2,0.5513333333333333,2026-07-18,0.6269166666666667,0.6566666666666667,0.4973333333333333,0,0.047,0.5116,0,0,0,0,0.6721,2000,400,600,800,逃げ,0,0.5472500000000001,54.73200000000001,1410,validation,202607180911,0.408,0,0,0,0,55.14033333333333,65.66266666666665,63.03325,60.0647,58.9195,59.88033333333333,0.6,0.74,0.4,0.7,4-5-1;4-5-2;4-6-1;4-5-6;4-2-1;4-6-2;4-1-2;4-1-5;4-6-5;4-2-5;4-1-6;4-5-3;4-3-1;4-2-6;4-1-3;4-3-2;4-3-5;4-6-3;4-2-3;4-3-6,4-5-1;4-5-2;4-6-1;4-5-6,4-5-1;4-5-2;4-6-1;4-5-6;4-2-1;4-6-2,4-5-1;4-5-2;4-6-1;4-5-6;4-2-1;4-6-2;4-1-2;4-1-5,0,BREAK,65.66266666666665,1,54.39633333333334,0.23800000000000002,0.7025,1
3-4-2,0.6406666666666667,2026-07-18,0.6066333333333334,0.5723333333333334,0.8173333333333332,0,0.889,0.7223,0,0,0,0,0.5146,2000,400,600,800,まくり,0,0.6311,63.959,6130,validation,202607181104,0.3,0,0,0,0,64.91566666666667,63.64033333333334,64.3415,61.1212,63.214000000000006,61.84066666666667,-0.20000000000000007,0.46,0.8,0.9,4-5-1;4-6-1;4-5-6;4-5-2;4-6-2;4-2-1;4-1-6;4-3-1;4-6-5;4-1-2;4-5-3;4-1-5;4-2-6;4-6-3;4-3-6;4-1-3;4-2-5;4-3-2;4-3-5;4-2-3,4-5-1;4-6-1;4-5-6;4-5-2,4-5-1;4-6-1;4-5-6;4-5-2;4-6-2;4-2-1,4-5-1;4-6-1;4-5-6;4-5-2;4-6-2;4-2-1;4-1-6;4-3-1,0,BREAK,63.64033333333334,1,54.39633333333334,0.496,0.5726,3
1-5-4,0.7546666666666667,2026-07-18,0.6131833333333334,0.5743333333333334,0.3673333333333333,0,0.643,0.6607,0,0,0,0,0.49639999999999995,2000,400,600,800,逃げ,0,0.7411000000000001,74.71300000000001,5780,validation,202607181106,0.384,0,0,0,0,76.06966666666666,58.55733333333334,63.21925000000001,66.1433,68.9955,67.95466666666667,-0.4,0.33,0.4,0.7,4-5-1;4-5-2;4-6-1;4-5-6;4-5-3;4-2-1;4-1-5;4-1-2;4-6-2;4-3-1;4-2-5;4-6-5;4-3-5;4-3-2;4-1-6;4-1-3;4-2-6;4-2-3;4-6-3;4-3-6,4-5-1;4-5-2;4-6-1;4-5-6,4-5-1;4-5-2;4-6-1;4-5-6;4-5-3;4-2-1,4-5-1;4-5-2;4-6-1;4-5-6;4-5-3;4-2-1;4-1-5;4-1-2,0,BREAK,58.55733333333334,1,54.39633333333334,0.606,0.4717,1
4-1-5,0.6190000000000001,2026-07-18,0.6710750000000001,0.7080000000000001,0.767,1,0.227,0.5568,1,0,0,1,0.6491,2000,400,600,800,まくり差し,0,0.60915,61.102,1710,validation,202607181208,0.41400000000000003,1710,0,0,1710,62.08700000000001,67.82050000000001,66.023875,64.31145000000001,64.69075000000001,66.09200000000001,0.8,0.8400000000000001,0.0,0.5,4-5-1;4-6-1;4-2-1;4-5-2;4-1-2;4-3-1;4-1-5;4-1-6;4-6-2;4-5-6;4-1-3;4-5-3;4-2-5;4-3-2;4-6-5;4-2-6;4-2-3;4-3-5;4-6-3;4-3-6,4-5-1;4-6-1;4-2-1;4-5-2,4-5-1;4-6-1;4-2-1;4-5-2;4-1-2;4-3-1,4-5-1;4-6-1;4-2-1;4-5-2;4-1-2;4-3-1;4-1-5;4-1-6,0,BREAK,67.82050000000001,1,54.39633333333334,0.203,0.72315,4
1-4-5,0.7,2026-07-18,0.582375,0.46249999999999997,0.32699999999999996,0,1.918,0.9795,0,0,0,0,0.4976999999999999,2000,400,600,800,逃げ,0,0.6760499999999999,68.333,330,validation,202607181302,0.09,0,0,0,0,70.72800000000001,65.0155,65.187375,62.74864999999999,64.84675000000001,60.0405,0.19999999999999996,0.72,0.0,0.5,4-5-1;4-5-2;4-6-1;4-5-3;4-5-6;4-3-1;4-2-1;4-1-5;4-6-2;4-1-2;4-6-5;4-1-3;4-3-5;4-3-2;4-2-5;4-1-6;4-6-3;4-2-3;4-3-6;4-2-6,4-5-1;4-5-2;4-6-1;4-5-3,4-5-1;4-5-2;4-6-1;4-5-3;4-5-6;4-3-1,4-5-1;4-5-2;4-6-1;4-5-3;4-5-6;4-3-1;4-2-1;4-1-5,-0.5,BREAK,65.0155,1,54.39633333333334,0.775,0.46475,1
4-2-5,0.368,2026-07-18,0.407775,0.3705,0.451,1,1.995,0.9986,1,0,0,1,0.46329999999999993,2000,400,600,800,まくり差し,0,0.38005,39.96,1980,validation,202607181303,0.41400000000000003,1980,0,0,1980,38.754999999999995,36.4945,38.169375,42.04484999999999,40.74375,38.8675,-0.8,0.19,0.0,0.5,4-5-1;4-5-2;4-2-1;4-6-1;4-5-6;4-6-2;4-1-2;4-2-5;4-1-5;4-6-5;4-5-3;4-2-6;4-1-6;4-3-1;4-3-2;4-2-3;4-3-5;4-1-3;4-6-3;4-3-6,4-5-1;4-5-2;4-2-1;4-6-1,4-5-1;4-5-2;4-2-1;4-6-1;4-5-6;4-6-2,4-5-1;4-5-2;4-2-1;4-6-1;4-5-6;4-6-2;4-1-2;4-2-5,0,BREAK,36.4945,0,54.39633333333334,0.627,0.44755,4
4-5-3,0.41000000000000003,2026-07-18,0.47005,0.504,0.3406666666666667,1,-1.721,0.0698,1,0,0,1,0.5489999999999999,2000,400,600,800,まくり差し,0,0.40779999999999994,39.019,7940,validation,202607181607,0.596,7940,0,0,7940,39.239,40.4,40.19025000000001,44.098499999999994,42.241499999999995,43.469,0.19999999999999996,0.54,-0.6,0.2,4-5-1;4-5-2;4-6-1;4-5-6;4-2-1;4-6-2;4-5-3;4-1-2;4-3-1;4-6-5;4-1-5;4-1-6;4-2-5;4-2-6;4-3-2;4-6-3;4-1-3;4-3-5;4-3-6;4-2-3,4-5-1;4-5-2;4-6-1;4-5-6,4-5-1;4-5-2;4-6-1;4-5-6;4-2-1;4-6-2,4-5-1;4-5-2;4-6-1;4-5-6;4-2-1;4-6-2;4-5-3;4-1-2,0,BREAK,40.4,0,54.39633333333334,0.402,0.5301,4
4-2-5,0.6946666666666668,2026-07-18,0.5817333333333334,0.6713333333333333,0.398,1,0.047,0.5116,1,0,0,0,0.48750000000000004,2000,400,600,800,差し,0,0.67755,67.76199999999999,4730,validation,202607182004,0.8639999999999999,4730,0,0,0,69.47366666666667,63.41233333333334,64.537,61.528,63.827000000000005,68.42366666666668,0.19999999999999996,0.51,0.6,0.8,4-5-1;4-6-1;4-5-2;4-6-2;4-2-1;4-5-6;4-1-2;4-1-6;4-2-6;4-6-5;4-3-1;4-1-5;4-2-5;4-5-3;4-3-2;4-6-3;4-1-3;4-3-6;4-2-3;4-3-5,4-5-1;4-6-1;4-5-2;4-6-2,4-5-1;4-6-1;4-5-2;4-6-2;4-2-1;4-5-6,4-5-1;4-6-1;4-5-2;4-6-2;4-2-1;4-5-6;4-1-2;4-1-6,0,BREAK,63.41233333333334,1,54.39633333333334,0.35200000000000004,0.4688,4
4-5-1,0.76,2026-07-18,0.70225,0.6970000000000001,0.7040000000000001,1,1.776,0.9439,1,1,1,1,0.5923,2000,400,600,800,まくり,1,0.74025,75.76099999999998,3240,validation,202607182102,0.33599999999999997,3240,3240,3240,3240,77.73599999999999,82.90099999999998,80.59224999999999,72.3141,74.84849999999999,74.90100000000001,0.8,0.87,0.8,0.9,4-5-1;4-6-1;4-5-2;4-2-1;4-1-2;4-3-1;4-6-2;4-5-6;4-1-6;4-1-5;4-5-3;4-1-3;4-6-5;4-2-6;4-2-5;4-3-2;4-6-3;4-2-3;4-3-6;4-3-5,4-5-1;4-6-1;4-5-2;4-2-1,4-5-1;4-6-1;4-5-2;4-2-1;4-1-2;4-3-1,4-5-1;4-6-1;4-5-2;4-2-1;4-1-2;4-3-1;4-6-2;4-5-6,0,BREAK,82.90099999999998,1,54.39633333333334,0.366,0.6445000000000001,4
3-4-1,0.28400000000000003,2026-07-18,0.43190000000000006,0.504,0.402,0,1.037,0.7592,0,0,0,0,0.5815,2000,400,600,800,まくり差し,0,0.29625,30.622,5770,validation,202607182108,0.688,0,0,0,0,29.397000000000002,41.507000000000005,39.8545,40.379000000000005,36.792,39.297,-0.20000000000000007,0.31,0.4,0.7,4-6-1;4-6-2;4-5-1;4-5-2;4-5-6;4-2-6;4-2-1;4-6-5;4-1-6;4-1-2;4-6-3;4-2-5;4-5-3;4-1-5;4-3-6;4-3-1;4-3-2;4-2-3;4-1-3;4-3-5,4-6-1;4-6-2;4-5-1;4-5-2,4-6-1;4-6-2;4-5-1;4-5-2;4-5-6;4-2-6,4-6-1;4-6-2;4-5-1;4-5-2;4-5-6;4-2-6;4-2-1;4-6-5,0,BREAK,41.507000000000005,0,54.39633333333334,0.27599999999999997,0.5798000000000001,3
1-6-2,0.43,2026-07-18,0.59045,0.658,0.7646666666666667,0,0.528,0.632,0,0,0,0,0.6726000000000001,2000,400,600,800,逃げ,0,0.43825,43.163,3620,validation,202607182111,0.49999999999999994,0,0,0,0,42.338,53.507,51.99925,52.48870000000001,50.3605,52.598000000000006,0.19999999999999996,0.51,0.4,0.7,4-5-1;4-6-1;4-5-2;4-2-1;4-1-2;4-6-2;4-5-6;4-1-6;4-1-5;4-3-1;4-6-5;4-2-6;4-5-3;4-2-5;4-1-3;4-3-2;4-6-3;4-3-6;4-2-3;4-3-5,4-5-1;4-6-1;4-5-2;4-2-1,4-5-1;4-6-1;4-5-2;4-2-1;4-1-2;4-6-2,4-5-1;4-6-1;4-5-2;4-2-1;4-1-2;4-6-2;4-5-6;4-1-6,-0.5,BREAK,53.507,0,54.39633333333334,0.11399999999999999,0.7509,1
,0.5,2026-07-19,0.5,0.5,0.5,0,1.611,0.9029,0,0,0,0,0.5,2000,400,600,800,,0,0.507,52.271,0,validation,202607190205,0.5,0,0,0,0,51.571,51.57099999999999,51.571,51.571,51.571,51.571,0.0,0.5,0.0,0.5,4-5-1;4-5-2;4-6-1;4-5-6;4-2-1;4-1-5;4-5-3;4-1-2;4-3-1;4-6-2;4-1-6;4-6-5;4-2-5;4-1-3;4-2-6;4-3-5;4-3-2;4-6-3;4-3-6;4-2-3,4-5-1;4-5-2;4-6-1;4-5-6,4-5-1;4-5-2;4-6-1;4-5-6;4-2-1;4-1-5,4-5-1;4-5-2;4-6-1;4-5-6;4-2-1;4-1-5;4-5-3;4-1-2,0,BREAK,51.57099999999999,0,54.39633333333334,0.5,0.5,0
1-3-2,0.736,2026-07-19,0.6935499999999999,0.619,0.558,0,-1.995,0.0014,0,0,0,0,0.6207999999999999,2000,400,600,800,逃げ,0,0.7084499999999999,68.80999999999997,8380,validation,202607190407,0.07199999999999998,0,0,0,0,71.56499999999998,67.48399999999998,68.14374999999998,67.7571,69.44249999999998,66.3,0.19999999999999996,0.72,0.19999999999999996,0.6,4-5-1;4-6-1;4-5-2;4-5-6;4-2-1;4-6-2;4-1-5;4-1-6;4-6-5;4-1-2;4-5-3;4-3-1;4-2-5;4-2-6;4-1-3;4-6-3;4-3-5;4-3-6;4-3-2;4-2-3,4-5-1;4-6-1;4-5-2;4-5-6,4-5-1;4-6-1;4-5-2;4-5-6;4-2-1;4-6-2,4-5-1;4-6-1;4-5-2;4-5-6;4-2-1;4-6-2;4-1-5;4-1-6,0,BREAK,67.48399999999998,1,54.39633333333334,0.4980000000000001,0.6510999999999999,1
4-3-1,0.543,2026-07-19,0.500625,0.46299999999999997,0.19899999999999998,1,-0.774,0.3064,1,0,1,1,0.5102,2000,400,600,800,まくり差し,0,0.54515,52.551,6520,validation,202607191206,0.402,6520,0,6520,6520,52.336000000000006,44.45250000000001,46.77162500000001,50.34315,50.21725,48.736000000000004,-0.6,0.35000000000000003,0.0,0.5,4-5-1;4-5-2;4-2-1;4-6-1;4-1-2;4-3-1;4-1-5;4-5-6;4-6-2;4-5-3;4-2-5;4-1-6;4-3-2;4-1-3;4-6-5;4-2-6;4-2-3;4-3-5;4-6-3;4-3-6,4-5-1;4-5-2;4-2-1;4-6-1,4-5-1;4-5-2;4-2-1;4-6-1;4-1-2;4-3-1,4-5-1;4-5-2;4-2-1;4-6-1;4-1-2;4-3-1;4-1-5;4-5-6,-0.5,BREAK,44.45250000000001,0,54.39633333333334,0.6170000000000001,0.45824999999999994,4
,0.5,2026-07-19,0.5,0.5,0.5,0,0.599,0.6498,0,0,0,0,0.5,2000,400,600,800,,0,0.5048,51.039,0,validation,202607191605,0.5,0,0,0,0,50.559,50.55899999999999,50.559,50.559,50.559,50.559,0.0,0.5,0.0,0.5,4-5-1;4-5-2;4-6-1;4-5-6;4-2-1;4-6-2;4-1-2;4-1-5;4-6-5;4-1-6;4-2-5;4-5-3;4-3-1;4-2-6;4-1-3;4-3-2;4-3-5;4-6-3;4-2-3;4-3-6,4-5-1;4-5-2;4-6-1;4-5-6,4-5-1;4-5-2;4-6-1;4-5-6;4-2-1;4-6-2,4-5-1;4-5-2;4-6-1;4-5-6;4-2-1;4-6-2;4-1-2;4-1-5,0,BREAK,50.55899999999999,0,54.39633333333334,0.5,0.5,0
1-2-4,0.7746666666666667,2026-07-19,0.7412833333333334,0.8263333333333334,0.41666666666666663,0,1.967,0.9918,0,0,0,0,0.688,2000,400,600,800,逃げ,0,0.7475499999999999,76.68199999999999,490,validation,202607192005,0.608,0,0,0,0,79.39366666666666,80.12333333333333,79.74575,76.48549999999999,77.7245,81.71866666666668,0.6,0.74,0.8,0.9,4-5-1;4-5-2;4-2-1;4-1-2;4-6-1;4-6-2;4-2-5;4-1-5;4-5-6;4-3-1;4-3-2;4-2-6;4-5-3;4-1-6;4-2-3;4-1-3;4-6-5;4-3-5;4-6-3;4-3-6,4-5-1;4-5-2;4-2-1;4-1-2,4-5-1;4-5-2;4-2-1;4-1-2;4-6-1;4-6-2,4-5-1;4-5-2;4-2-1;4-1-2;4-6-1;4-6-2;4-2-5;4-1-5,0,BREAK,80.12333333333333,1,54.39633333333334,0.122,0.7079,1
4-1-5,0.332,2026-07-20,0.5233,0.538,0.45066666666666666,1,0.063,0.5157,1,0,0,1,0.6896,2000,400,600,800,まくり差し,0,0.34645000000000004,34.668000000000006,1230,validation,202607200401,0.33999999999999997,1230,0,0,1230,33.223000000000006,53.224999999999994,48.785500000000006,46.8292,42.788000000000004,42.493,0.4,0.67,0.20000000000000007,0.6000000000000001,4-5-1;4-5-2;4-6-1;4-5-6;4-2-1;4-6-2;4-6-5;4-1-5;4-1-2;4-1-6;4-5-3;4-2-5;4-3-1;4-2-6;4-6-3;4-1-3;4-3-5;4-3-2;4-3-6;4-2-3,4-5-1;4-5-2;4-6-1;4-5-6,4-5-1;4-5-2;4-6-1;4-5-6;4-2-1;4-6-2,4-5-1;4-5-2;4-6-1;4-5-6;4-2-1;4-6-2;4-6-5;4-1-5,0,BREAK,53.224999999999994,0,54.39633333333334,0.256,0.7146,4
1-4-6,0.296,2026-07-20,0.4335,0.458,0.7213333333333334,0,0.818,0.7045,0,0,0,0,0.5267999999999999,2000,400,600,800,逃げ,0,0.31935,32.713,1860,validation,202607200510,0.52,0,0,0,0,30.378,39.65600000000001,38.6555,39.5806,37.253,37.668,-0.19999999999999996,0.31000000000000005,0.20000000000000007,0.6000000000000001,4-5-1;4-6-1;4-5-2;4-2-1;4-5-6;4-1-5;4-1-2;4-1-6;4-3-1;4-6-2;4-6-5;4-5-3;4-2-5;4-1-3;4-2-6;4-3-5;4-6-3;4-3-2;4-3-6;4-2-3,4-5-1;4-6-1;4-5-2;4-2-1,4-5-1;4-6-1;4-5-2;4-2-1;4-5-6;4-1-5,4-5-1;4-6-1;4-5-2;4-2-1;4-5-6;4-1-5;4-1-2;4-1-6,0,BREAK,39.65600000000001,0,54.39633333333334,0.37999999999999995,0.5710000000000001,1
1-2-6,0.3673333333333333,2026-07-20,0.43871666666666664,0.4026666666666666,0.4906666666666667,0,0.84,0.71,0,0,0,0,0.5105,2000,400,600,800,逃げ,0,0.37345,38.145,1690,validation,202607201001,0.356,0,0,0,0,37.53333333333333,38.979666666666674,40.16125000000001,42.8245,41.1025,39.123333333333335,-0.8,0.16000000000000003,0.4,0.7,4-5-1;4-6-1;4-2-1;4-1-2;4-1-6;4-5-2;4-6-2;4-3-1;4-5-6;4-1-5;4-1-3;4-2-6;4-6-5;4-5-3;4-6-3;4-3-2;4-2-5;4-3-6;4-2-3;4-3-5,4-5-1;4-6-1;4-2-1;4-1-2,4-5-1;4-6-1;4-2-1;4-1-2;4-1-6;4-5-2,4-5-1;4-6-1;4-2-1;4-1-2;4-1-6;4-5-2;4-6-2;4-3-1,0,BREAK,38.979666666666674,0,54.39633333333334,0.562,0.5101,1
1-3-4,0.462,2026-07-20,0.4775999999999999,0.45099999999999996,0.78,0,0.047,0.5116,0,0,0,0,0.4525999999999999,2000,400,600,800,逃げ,0,0.46769999999999995,45.626999999999995,1150,validation,202607201502,0.408,0,0,0,0,45.057,45.025000000000006,45.077000000000005,45.3182,45.836999999999996,44.562000000000005,-0.20000000000000007,0.49000000000000005,-0.19999999999999996,0.4,4-6-1;4-5-1;4-6-2;4-2-1;4-1-6;4-5-6;4-5-2;4-3-1;4-1-2;4-2-6;4-6-3;4-6-5;4-3-6;4-1-3;4-5-3;4-1-5;4-3-2;4-2-3;4-2-5;4-3-5,4-6-1;4-5-1;4-6-2;4-2-1,4-6-1;4-5-1;4-6-2;4-2-1;4-1-6;4-5-6,4-6-1;4-5-1;4-6-2;4-2-1;4-1-6;4-5-6;4-5-2;4-3-1,-0.5,BREAK,45.025000000000006,0,54.39633333333334,0.5600000000000002,0.49319999999999986,1
5-2-1,0.8420000000000001,2026-07-20,0.7179,0.755,0.4466666666666667,0,0.047,0.5116,0,0,0,0,0.5871999999999999,2000,400,600,800,まくり,0,0.8197000000000001,81.977,8340,validation,202607201503,0.544,0,0,0,0,84.207,78.501,78.7345,74.87839999999998,78.002,80.292,0.6,0.8300000000000001,0.4,0.7,4-5-1;4-5-2;4-5-6;4-6-1;4-6-2;4-2-1;4-2-5;4-5-3;4-6-5;4-1-5;4-1-2;4-2-6;4-3-1;4-3-5;4-1-6;4-3-2;4-2-3;4-6-3;4-1-3;4-3-6,4-5-1;4-5-2;4-5-6;4-6-1,4-5-1;4-5-2;4-5-6;4-6-1;4-6-2;4-2-1,4-5-1;4-5-2;4-5-6;4-6-1;4-6-2;4-2-1;4-2-5;4-5-3,0,BREAK,78.501,1,54.39633333333334,0.3320000000000001,0.5937999999999999,5
1-5-4,0.791,2026-07-20,0.704875,0.662,0.21499999999999997,0,0.413,0.6033,0,0,0,0,0.6443,2000,400,600,800,逃げ,0,0.76845,77.21799999999999,6530,validation,202607201809,0.22199999999999998,0,0,0,0,79.473,69.97849999999998,71.73487499999999,73.66185,75.16675,73.66799999999999,0.4,0.73,0.0,0.5,4-5-1;4-6-1;4-2-1;4-5-2;4-5-6;4-1-6;4-1-2;4-6-2;4-1-5;4-3-1;4-6-5;4-2-6;4-5-3;4-1-3;4-2-5;4-6-3;4-3-6;4-3-2;4-2-3;4-3-5,4-5-1;4-6-1;4-2-1;4-5-2,4-5-1;4-6-1;4-2-1;4-5-2;4-5-6;4-1-6,4-5-1;4-6-1;4-2-1;4-5-2;4-5-6;4-1-6;4-1-2;4-6-2,0,BREAK,69.97849999999998,1,54.39633333333334,0.467,0.6187499999999999,1
1-4-3,0.799,2026-07-20,0.5963750000000001,0.55,0.21899999999999997,0,-0.971,0.2572,0,0,0,0,0.4524999999999999,2000,400,600,800,逃げ,0,0.77245,76.23399999999998,1260,validation,202607201810,0.434,0,0,0,0,78.889,64.7285,66.75837499999999,65.18725,68.75774999999999,67.684,0.4,0.67,0.0,0.5,4-5-1;4-5-2;4-6-1;4-2-1;4-1-2;4-6-2;4-5-6;4-3-1;4-5-3;4-1-5;4-2-5;4-1-6;4-3-2;4-6-5;4-2-6;4-1-3;4-2-3;4-3-5;4-6-3;4-3-6,4-5-1;4-5-2;4-6-1;4-2-1,4-5-1;4-5-2;4-6-1;4-2-1;4-1-2;4-6-2,4-5-1;4-5-2;4-6-1;4-2-1;4-1-2;4-6-2;4-5-6;4-3-1,0,BREAK,64.7285,1,54.39633333333334,0.699,0.39375000000000004,1
2-5-4,0.42300000000000004,2026-07-21,0.496375,0.478,0.145,0,1.907,0.9767,0,0,0,0,0.6128,2000,400,600,800,まくり,0,0.44115,45.982000000000006,10590,validation,202607211209,0.36199999999999993,0,0,0,0,44.16700000000001,53.7985,51.296375000000005,50.54385,47.83575,46.642,0.19999999999999996,0.63,0.0,0.5,4-5-2;4-5-1;4-6-2;4-6-1;4-5-6;4-2-1;4-1-2;4-2-6;4-2-5;4-6-5;4-5-3;4-3-2;4-1-6;4-3-1;4-1-5;4-2-3;4-6-3;4-3-6;4-3-5;4-1-3,4-5-2;4-5-1;4-6-2;4-6-1,4-5-2;4-5-1;4-6-2;4-6-1;4-5-6;4-2-1,4-5-2;4-5-1;4-6-2;4-6-1;4-5-6;4-2-1;4-1-2;4-2-6,0,BREAK,53.7985,0,54.39633333333334,0.467,0.56975,2
1-4-2,0.6566666666666666,2026-07-21,0.5881833333333333,0.5073333333333332,0.398,0,-0.917,0.2709,0,0,0,0,0.5331999999999999,2000,400,600,800,逃げ,0,0.6476999999999999,63.812999999999995,2770,validation,202607211502,0.18,0,0,0,0,64.70966666666665,53.83333333333334,56.41425,59.93889999999999,61.2855,57.98966666666666,-0.20000000000000007,0.52,-0.19999999999999996,0.4,4-5-1;4-5-2;4-5-3;4-5-6;4-1-5;4-2-1;4-6-1;4-2-5;4-6-5;4-1-2;4-3-1;4-3-5;4-6-2;4-3-2;4-1-3;4-1-6;4-2-3;4-2-6;4-6-3;4-3-6,4-5-1;4-5-2;4-5-3;4-5-6,4-5-1;4-5-2;4-5-3;4-5-6;4-1-5;4-2-1,4-5-1;4-5-2;4-5-3;4-5-6;4-1-5;4-2-1;4-6-1;4-2-5,0,BREAK,53.83333333333334,0,54.39633333333334,0.6420000000000001,0.5196999999999998,1
4-1-5,0.6453333333333334,2026-07-21,0.6116666666666667,0.5906666666666667,0.19666666666666666,1,-1.272,0.1819,1,0,0,0,0.6121,2000,400,600,800,まくり差し,0,0.6436999999999999,61.907999999999994,3280,validation,202607211509,0.344,3280,0,0,0,62.07133333333335,60.00066666666667,60.243,60.33020000000001,60.38800000000001,59.61133333333335,0.19999999999999996,0.63,0.19999999999999996,0.6,4-5-1;4-5-2;4-6-1;4-2-1;4-6-2;4-1-2;4-5-6;4-2-6;4-2-5;4-1-6;4-1-5;4-6-5;4-3-1;4-5-3;4-3-2;4-2-3;4-1-3;4-6-3;4-3-6;4-3-5,4-5-1;4-5-2;4-6-1;4-2-1,4-5-1;4-5-2;4-6-1;4-2-1;4-6-2;4-1-2,4-5-1;4-5-2;4-6-1;4-2-1;4-6-2;4-1-2;4-5-6;4-2-6,-0.5,BREAK,60.00066666666667,1,54.39633333333334,0.4640000000000001,0.578,4
4-1-6,0.6513333333333334,2026-07-21,0.6197666666666668,0.6176666666666667,0.04,1,-1.934,0.0164,1,0,0,0,0.644,2000,400,600,800,差し,0,0.6458,62.606,11640,validation,202607211604,0.40399999999999997,11640,0,0,0,63.15933333333334,58.09866666666667,58.973500000000016,62.05100000000001,61.58100000000001,61.64433333333335,0.4,0.67,-0.20000000000000007,0.39999999999999997,4-5-1;4-5-2;4-5-6;4-6-1;4-6-5;4-6-2;4-5-3;4-2-1;4-2-5;4-1-5;4-1-2;4-2-6;4-1-6;4-3-1;4-3-5;4-3-2;4-6-3;4-2-3;4-1-3;4-3-6,4-5-1;4-5-2;4-5-6;4-6-1,4-5-1;4-5-2;4-5-6;4-6-1;4-6-5;4-6-2,4-5-1;4-5-2;4-5-6;4-6-1;4-6-5;4-6-2;4-5-3;4-2-1,0,BREAK,58.09866666666667,1,54.39633333333334,0.416,0.5882000000000001,4
4-1-2,0.8773333333333334,2026-07-21,0.7877166666666667,0.7796666666666667,0.5266666666666666,1,0.047,0.5116,1,0,1,1,0.6645,2000,400,600,800,抜き,0,0.8439000000000001,84.397,830,validation,202607212308,0.27199999999999996,830,0,830,830,87.74033333333333,76.16666666666667,78.19325,80.36949999999999,83.2595,83.34533333333334,0.8,0.8700000000000001,-0.19999999999999996,0.4,4-5-1;4-5-2;4-6-1;4-2-1;4-1-2;4-5-6;4-3-1;4-6-2;4-1-5;4-5-3;4-2-5;4-1-6;4-1-3;4-6-5;4-3-2;4-2-6;4-2-3;4-3-5;4-6-3;4-3-6,4-5-1;4-5-2;4-6-1;4-2-1,4-5-1;4-5-2;4-6-1;4-2-1;4-1-2;4-5-6,4-5-1;4-5-2;4-6-1;4-2-1;4-1-2;4-5-6;4-3-1;4-6-2,0,BREAK,76.16666666666667,1,54.39633333333334,0.318,0.6980999999999999,4
1-2-4,0.522,2026-07-22,0.48419999999999996,0.45899999999999996,0.32466666666666666,0,1.015,0.7538,0,0,0,0,0.48109999999999997,2000,400,600,800,逃げ,0,0.53135,54.11,790,validation,202607220507,0.45999999999999996,0,0,0,0,53.175000000000004,47.19500000000001,50.160000000000004,51.1412,51.285000000000004,50.34,-1.0,0.06000000000000005,1.0,1.0,4-5-1;4-5-2;4-6-1;4-2-1;4-1-2;4-6-2;4-5-6;4-3-1;4-1-5;4-1-6;4-5-3;4-2-5;4-6-5;4-2-6;4-1-3;4-3-2;4-2-3;4-6-3;4-3-5;4-3-6,4-5-1;4-5-2;4-6-1;4-2-1,4-5-1;4-5-2;4-6-1;4-2-1;4-1-2;4-6-2,4-5-1;4-5-2;4-6-1;4-2-1;4-1-2;4-6-2;4-5-6;4-3-1,0,BREAK,47.19500000000001,0,54.39633333333334,0.6040000000000001,0.4463999999999999,1
1-2-4,0.6393333333333334,2026-07-22,0.5519166666666667,0.5186666666666667,0.248,0,0.047,0.5116,0,0,0,0,0.5081,2000,400,600,800,逃げ,0,0.6395000000000001,63.95700000000001,810,validation,202607220807,0.412,0,0,0,0,63.94033333333334,56.306666666666665,56.97825,58.43070000000001,59.569500000000005,58.510333333333335,0.4,0.73,-0.6,0.2,4-5-1;4-5-2;4-2-1;4-6-1;4-6-2;4-1-2;4-5-6;4-2-5;4-1-5;4-2-6;4-5-3;4-1-6;4-6-5;4-3-1;4-3-2;4-2-3;4-1-3;4-3-5;4-6-3;4-3-6,4-5-1;4-5-2;4-2-1;4-6-1,4-5-1;4-5-2;4-2-1;4-6-1;4-6-2;4-1-2,4-5-1;4-5-2;4-2-1;4-6-1;4-6-2;4-1-2;4-5-6;4-2-5,0,BREAK,56.306666666666665,1,54.39633333333334,0.602,0.4645,1
1-4-2,0.493,2026-07-22,0.5135749999999999,0.44899999999999995,0.357,0,0.047,0.5116,0,0,0,0,0.5513999999999999,2000,400,600,800,逃げ,0,0.51105,51.112,840,validation,202607221308,0.226,0,0,0,0,49.306999999999995,44.3225,46.466375,51.20905,50.33574999999998,47.32699999999999,-0.6000000000000001,0.32,0.0,0.5,4-5-1;4-6-1;4-5-2;4-5-6;4-6-2;4-2-1;4-1-6;4-1-2;4-6-5;4-1-5;4-3-1;4-2-6;4-5-3;4-2-5;4-6-3;4-1-3;4-3-6;4-3-2;4-2-3;4-3-5,4-5-1;4-6-1;4-5-2;4-5-6,4-5-1;4-6-1;4-5-2;4-5-6;4-6-2;4-2-1,4-5-1;4-6-1;4-5-2;4-5-6;4-6-2;4-2-1;4-1-6;4-1-2,0,BREAK,44.3225,0,54.39633333333334,0.5950000000000001,0.5341499999999999,1
1-3-6,0.6646666666666666,2026-07-22,0.6531833333333333,0.6913333333333334,0.6066666666666667,0,0.047,0.5116,0,0,0,0,0.6039,2000,400,600,800,逃げ,0,0.654,65.407,25300,validation,202607221407,0.49999999999999994,0,0,0,0,66.47366666666666,63.361333333333334,63.72325000000001,64.7923,65.89949999999999,67.67366666666666,0.6000000000000001,0.74,-0.19999999999999996,0.4,4-5-2;4-5-1;4-6-2;4-2-1;4-6-1;4-1-2;4-2-6;4-5-6;4-2-5;4-3-2;4-2-3;4-1-6;4-3-1;4-5-3;4-6-5;4-1-5;4-6-3;4-1-3;4-3-6;4-3-5,4-5-2;4-5-1;4-6-2;4-2-1,4-5-2;4-5-1;4-6-2;4-2-1;4-6-1;4-1-2,4-5-2;4-5-1;4-6-2;4-2-1;4-6-1;4-1-2;4-2-6;4-5-6,0,BREAK,63.361333333333334,1,54.39633333333334,0.28200000000000003,0.6417,1
5-1-6,0.35000000000000003,2026-07-22,0.50655,0.502,0.5666666666666667,0,-1.551,0.1122,0,0,0,0,0.6286999999999999,2000,400,600,800,まくり差し,0,0.3517,32.429,1980,validation,202607221506,0.32,0,0,0,0,32.259,44.31,41.622749999999996,43.0869,40.086499999999994,39.099000000000004,0.19999999999999996,0.66,-0.4,0.3,4-5-1;4-5-2;4-5-6;4-1-5;4-6-1;4-5-3;4-6-5;4-2-1;4-2-5;4-1-2;4-6-2;4-1-6;4-3-1;4-3-5;4-1-3;4-2-6;4-3-2;4-6-3;4-3-6;4-2-3,4-5-1;4-5-2;4-5-6;4-1-5,4-5-1;4-5-2;4-5-6;4-1-5;4-6-1;4-5-3,4-5-1;4-5-2;4-5-6;4-1-5;4-6-1;4-5-3;4-6-5;4-2-1,-0.5,BREAK,44.31,0,54.39633333333334,0.3460000000000001,0.6630999999999999,5
6-2-3,0.8033333333333333,2026-07-22,0.6880166666666667,0.6106666666666667,0.2926666666666667,0,0.047,0.5116,0,0,0,0,0.5940000000000001,2000,400,600,800,まくり,0,0.78325,77.182,24540,validation,202607222406,0.13999999999999996,0,0,0,0,79.19033333333333,73.67066666666666,73.79075,71.1255,73.42450000000001,70.52033333333334,0.6000000000000001,0.8300000000000001,0.19999999999999996,0.6,4-6-1;4-5-1;4-6-2;4-5-6;4-1-6;4-5-2;4-2-1;4-2-6;4-1-2;4-6-5;4-6-3;4-3-1;4-3-6;4-1-5;4-5-3;4-1-3;4-3-2;4-2-5;4-2-3;4-3-5,4-6-1;4-5-1;4-6-2;4-5-6,4-6-1;4-5-1;4-6-2;4-5-6;4-1-6;4-5-2,4-6-1;4-5-1;4-6-2;4-5-6;4-1-6;4-5-2;4-2-1;4-2-6,-0.5,BREAK,73.67066666666666,1,54.39633333333334,0.582,0.5727,6
1-3-2,0.6986666666666667,2026-07-23,0.6968333333333333,0.7633333333333333,0.5720000000000001,0,-0.856,0.2859,0,0,0,0,0.654,2000,400,600,800,逃げ,0,0.688,67.904,4700,validation,202607231403,0.552,0,0,0,0,68.97066666666666,71.64333333333335,69.87150000000001,67.93299999999999,68.87899999999999,71.88066666666667,1.0,0.97,-0.19999999999999996,0.4,4-5-1;4-5-2;4-2-1;4-1-2;4-6-1;4-6-2;4-1-5;4-2-5;4-5-6;4-3-1;4-1-6;4-2-6;4-5-3;4-3-2;4-6-5;4-1-3;4-2-3;4-3-5;4-6-3;4-3-6,4-5-1;4-5-2;4-2-1;4-1-2,4-5-1;4-5-2;4-2-1;4-1-2;4-6-1;4-6-2,4-5-1;4-5-2;4-2-1;4-1-2;4-6-1;4-6-2;4-1-5;4-2-5,0,BREAK,71.64333333333335,1,54.39633333333334,0.17200000000000001,0.695,1
1-4-5,0.9316666666666666,2026-07-23,0.7447083333333333,0.7158333333333333,0.21333333333333335,0,1.628,0.907,0,0,0,0,0.5925,2000,400,600,800,逃げ,0,0.9122000000000001,92.808,1220,validation,202607231506,0.33499999999999996,0,0,0,0,94.75466666666665,80.26883333333333,82.597375,81.68424999999999,85.40674999999999,85.04216666666667,0.5,0.7875,0.25,0.625,4-5-1;4-6-1;4-5-2;4-5-6;4-2-1;4-6-2;4-1-5;4-3-1;4-5-3;4-1-2;4-1-6;4-6-5;4-1-3;4-2-5;4-2-6;4-6-3;4-3-5;4-3-2;4-3-6;4-2-3,4-5-1;4-6-1;4-5-2;4-5-6,4-5-1;4-6-1;4-5-2;4-5-6;4-2-1;4-6-2,4-5-1;4-6-1;4-5-2;4-5-6;4-2-1;4-6-2;4-1-5;4-3-1,0,BREAK,80.26883333333333,1,54.39633333333334,0.5,0.55775,1
4-1-5,0.3506666666666667,2026-07-23,0.35158333333333336,0.31833333333333336,0.43333333333333335,1,0.047,0.5116,1,0,0,1,0.3851,2000,400,600,800,まくり差し,0,0.35024999999999995,35.03199999999999,2050,validation,202607232102,0.524,2050,0,0,2050,35.07366666666667,39.257333333333335,37.82325,35.8587,35.1195,33.61866666666667,-0.4,0.45,-0.19999999999999996,0.4,4-5-1;4-5-2;4-2-1;4-6-1;4-1-2;4-6-2;4-3-1;4-1-5;4-5-6;4-5-3;4-2-5;4-3-2;4-1-6;4-1-3;4-2-6;4-2-3;4-6-5;4-3-5;4-6-3;4-3-6,4-5-1;4-5-2;4-2-1;4-6-1,4-5-1;4-5-2;4-2-1;4-6-1;4-1-2;4-6-2,4-5-1;4-5-2;4-2-1;4-6-1;4-1-2;4-6-2;4-3-1;4-1-5,0,BREAK,39.257333333333335,0,54.39633333333334,0.714,0.35250000000000004,4
1-2-4,0.542,2026-07-23,0.63115,0.6,0.34600000000000003,0,1.699,0.9248,0,0,0,0,0.7107999999999999,2000,400,600,800,逃げ,0,0.54725,55.234,880,validation,202607232409,0.16399999999999998,0,0,0,0,54.709,54.868,56.567750000000004,61.0971,59.166500000000006,57.319,-0.4,0.33,0.6,0.8,4-5-1;4-5-2;4-6-1;4-2-1;4-5-6;4-1-2;4-1-5;4-6-2;4-3-1;4-1-6;4-5-3;4-6-5;4-2-5;4-1-3;4-2-6;4-3-2;4-3-5;4-6-3;4-2-3;4-3-6,4-5-1;4-5-2;4-6-1;4-2-1,4-5-1;4-5-2;4-6-1;4-2-1;4-5-6;4-1-2,4-5-1;4-5-2;4-6-1;4-2-1;4-5-6;4-1-2;4-1-5;4-6-2,-0.5,BREAK,54.868,1,54.39633333333334,0.3420000000000001,0.7202999999999999,1
2-1-4,0.368,2026-07-24,0.492,0.562,0.597,0,-0.938,0.2654,0,0,0,0,0.58305,2000,400,600,800,差し,0,0.4003,40.682,1940,validation,202607240306,0.644,0,0,0,0,37.452,46.156,44.772,45.9031,43.652,46.182,0.19999999999999996,0.48,0.0,0.5,4-5-1;4-5-2;4-2-1;4-6-1;4-1-2;4-6-2;4-5-6;4-2-5;4-1-5;4-5-3;4-3-1;4-2-6;4-1-6;4-6-5;4-3-2;4-2-3;4-1-3;4-3-5;4-6-3;4-3-6,4-5-1;4-5-2;4-2-1;4-6-1,4-5-1;4-5-2;4-2-1;4-6-1;4-1-2;4-6-2,4-5-1;4-5-2;4-2-1;4-6-1;4-1-2;4-6-2;4-5-6;4-2-5,1.0,BREAK,46.156,0,54.39633333333334,0.244,0.616,2
5-1-2,0.47333333333333333,2026-07-24,0.5600166666666667,0.5456666666666667,0.35000000000000003,0,0.047,0.5116,0,0,0,0,0.6474,2000,400,600,800,差し,0,0.47329999999999994,47.33699999999999,18530,validation,202607240608,0.3,0,0,0,0,47.340333333333334,53.10066666666666,51.34075000000001,53.7703,51.674499999999995,50.59533333333334,0.6000000000000001,0.77,-0.6000000000000001,0.19999999999999996,4-5-1;4-6-1;4-5-2;4-5-6;4-2-1;4-1-5;4-1-2;4-6-2;4-1-6;4-6-5;4-5-3;4-3-1;4-2-5;4-2-6;4-1-3;4-3-5;4-6-3;4-3-2;4-3-6;4-2-3,4-5-1;4-6-1;4-5-2;4-5-6,4-5-1;4-6-1;4-5-2;4-5-6;4-2-1;4-1-5,4-5-1;4-6-1;4-5-2;4-5-6;4-2-1;4-1-5;4-1-2;4-6-2,0,BREAK,53.10066666666666,0,54.39633333333334,0.38199999999999995,0.6467,5
4-3-2,0.3566666666666667,2026-07-24,0.4709833333333333,0.4433333333333333,0.2786666666666666,1,-1.404,0.1491,1,0,0,0,0.6060999999999999,2000,400,600,800,まくり差し,0,0.3715,35.705999999999996,29690,validation,202607240805,0.312,29690,0,0,0,34.222666666666676,43.08233333333333,40.79725000000001,43.1397,39.9385,38.12266666666667,0.19999999999999996,0.66,-0.6,0.2,4-5-1;4-5-2;4-5-6;4-6-1;4-6-2;4-2-1;4-6-5;4-1-5;4-2-5;4-1-2;4-5-3;4-1-6;4-2-6;4-3-1;4-3-5;4-3-2;4-6-3;4-1-3;4-2-3;4-3-6,4-5-1;4-5-2;4-5-6;4-6-1,4-5-1;4-5-2;4-5-6;4-6-1;4-6-2;4-2-1,4-5-1;4-5-2;4-5-6;4-6-1;4-6-2;4-2-1;4-6-5;4-1-5,0,BREAK,43.08233333333333,0,54.39633333333334,0.4700000000000001,0.5852999999999999,4
5-1-4,0.6190000000000001,2026-07-24,0.649675,0.632,0.497,0,-1.951,0.0123,0,0,0,0,0.6539999999999999,2000,400,600,800,差し,0,0.6010500000000001,58.11400000000001,2110,validation,202607241307,0.25399999999999995,0,0,0,0,59.90900000000001,61.6945,61.11087499999999,61.599250000000005,61.442750000000004,60.494000000000014,0.4,0.73,0.0,0.5,4-5-1;4-5-2;4-5-6;4-6-1;4-5-3;4-1-5;4-6-5;4-2-5;4-2-1;4-6-2;4-1-2;4-3-5;4-3-1;4-1-6;4-2-6;4-3-2;4-1-3;4-6-3;4-2-3;4-3-6,4-5-1;4-5-2;4-5-6;4-6-1,4-5-1;4-5-2;4-5-6;4-6-1;4-5-3;4-1-5,4-5-1;4-5-2;4-5-6;4-6-1;4-5-3;4-1-5;4-6-5;4-2-5,0,BREAK,61.6945,1,54.39633333333334,0.35500000000000004,0.68035,5
1-2-5,0.33399999999999996,2026-07-24,0.550175,0.6094999999999999,0.701,0,0.468,0.617,0,0,0,0,0.6954,2000,400,600,800,逃げ,0,0.35405,34.68300000000001,390,validation,202607241311,0.45399999999999996,0,0,0,0,32.678000000000004,46.913500000000006,44.692375000000006,47.114050000000006,43.48675,45.075500000000005,0.19999999999999996,0.54,0.0,0.5,4-5-1;4-5-2;4-2-1;4-5-6;4-6-1;4-2-5;4-1-2;4-6-2;4-1-5;4-6-5;4-5-3;4-2-6;4-1-6;4-3-1;4-3-2;4-3-5;4-2-3;4-1-3;4-6-3;4-3-6,4-5-1;4-5-2;4-2-1;4-5-6,4-5-1;4-5-2;4-2-1;4-5-6;4-6-1;4-2-5,4-5-1;4-5-2;4-2-1;4-5-6;4-6-1;4-2-5;4-1-2;4-6-2,-0.5,BREAK,46.913500000000006,0,54.39633333333334,0.115,0.76635,1
1-4-2,0.31133333333333335,2026-07-24,0.45311666666666667,0.4716666666666667,0.5823333333333334,0,-0.988,0.2531,0,0,0,0,0.5680499999999999,2000,400,600,800,逃げ,0,0.31925000000000003,30.897000000000006,580,validation,202607241906,0.47400000000000003,0,0,0,0,30.105333333333338,39.63166666666667,38.553250000000006,40.0066,37.194500000000005,37.320333333333345,-0.19999999999999996,0.34,0.20000000000000007,0.6000000000000001,4-5-1;4-6-1;4-5-2;4-2-1;4-5-6;4-1-5;4-1-2;4-1-6;4-6-2;4-3-1;4-6-5;4-5-3;4-2-5;4-1-3;4-2-6;4-3-5;4-3-2;4-6-3;4-2-3;4-3-6,4-5-1;4-6-1;4-5-2;4-2-1,4-5-1;4-6-1;4-5-2;4-2-1;4-5-6;4-1-5,4-5-1;4-6-1;4-5-2;4-2-1;4-5-6;4-1-5;4-1-2;4-1-6,0,BREAK,39.63166666666667,0,54.39633333333334,0.368,0.5949,1
1-2-5,0.43733333333333335,2026-07-24,0.5191666666666667,0.4666666666666667,0.42466666666666664,0,-1.338,0.1655,0,0,0,0,0.5979000000000001,2000,400,600,800,逃げ,0,0.4299,40.462,10900,validation,202607242303,0.20399999999999996,0,0,0,0,41.205333333333336,47.540666666666674,46.844500000000004,47.1928,45.297000000000004,42.525333333333336,-0.4,0.42000000000000004,0.4,0.7,4-5-1;4-6-1;4-2-1;4-5-2;4-1-2;4-1-6;4-5-6;4-6-2;4-3-1;4-1-5;4-6-5;4-1-3;4-5-3;4-2-6;4-2-5;4-6-3;4-3-2;4-3-6;4-2-3;4-3-5,4-5-1;4-6-1;4-2-1;4-5-2,4-5-1;4-6-1;4-2-1;4-5-2;4-1-2;4-1-6,4-5-1;4-6-1;4-2-1;4-5-2;4-1-2;4-1-6;4-5-6;4-6-2,-0.5,BREAK,47.540666666666674,0,54.39633333333334,0.504,0.601,1
4-5-6,0.6386666666666667,2026-07-25,0.5764333333333334,0.5673333333333334,0.3413333333333334,1,1.688,0.922,1,1,1,1,0.536,2000,400,600,800,まくり,1,0.648,66.448,1200,validation,202607250204,0.452,1200,1200,1200,1200,65.51466666666667,52.17933333333334,56.80550000000001,61.389,62.403000000000006,62.30466666666667,-0.8,0.16000000000000003,0.6000000000000001,0.8,4-5-1;4-5-2;4-5-6;4-6-1;4-2-1;4-6-2;4-5-3;4-6-5;4-2-5;4-1-5;4-1-2;4-3-1;4-2-6;4-1-6;4-3-5;4-3-2;4-6-3;4-2-3;4-1-3;4-3-6,4-5-1;4-5-2;4-5-6;4-6-1,4-5-1;4-5-2;4-5-6;4-6-1;4-2-1;4-6-2,4-5-1;4-5-2;4-5-6;4-6-1;4-2-1;4-6-2;4-5-3;4-6-5,0,BREAK,52.17933333333334,0,54.39633333333334,0.504,0.5142,4
4-1-2,0.45933333333333337,2026-07-25,0.6415666666666667,0.6296666666666667,0.6913333333333334,1,0.047,0.5116,1,0,0,1,0.7466999999999999,2000,400,600,800,まくり差し,0,0.44845000000000007,44.852000000000004,6970,validation,202607250408,0.13199999999999995,6970,0,0,6970,45.940333333333335,64.33966666666666,60.3195,57.72939999999999,55.05200000000001,53.60533333333335,0.6,0.77,0.4,0.7,4-5-1;4-6-1;4-5-6;4-1-6;4-5-2;4-2-1;4-1-5;4-1-2;4-3-1;4-6-5;4-6-2;4-5-3;4-1-3;4-2-6;4-6-3;4-2-5;4-3-6;4-3-5;4-3-2;4-2-3,4-5-1;4-6-1;4-5-6;4-1-6,4-5-1;4-6-1;4-5-6;4-1-6;4-5-2;4-2-1,4-5-1;4-6-1;4-5-6;4-1-6;4-5-2;4-2-1;4-1-5;4-1-2,0,BREAK,64.33966666666666,1,54.39633333333334,0.2,0.8238000000000001,4
1-2-4,0.44,2026-07-25,0.5745,0.578,0.5933333333333333,0,-1.726,0.0684,0,0,0,0,0.6636,2000,400,600,800,逃げ,0,0.4457,42.804,360,validation,202607251508,0.304,0,0,0,0,42.234,58.684000000000005,54.596500000000006,51.188199999999995,48.958999999999996,48.444,0.6,0.77,0.20000000000000007,0.6000000000000001,4-5-1;4-5-2;4-2-1;4-6-1;4-1-2;4-1-5;4-6-2;4-3-1;4-5-6;4-1-6;4-2-5;4-5-3;4-1-3;4-2-6;4-6-5;4-3-2;4-2-3;4-3-5;4-6-3;4-3-6,4-5-1;4-5-2;4-2-1;4-6-1,4-5-1;4-5-2;4-2-1;4-6-1;4-1-2;4-1-5,4-5-1;4-5-2;4-2-1;4-6-1;4-1-2;4-1-5;4-6-2;4-3-1,0,BREAK,58.684000000000005,1,54.39633333333334,0.28400000000000003,0.709,1
4-2-1,0.44266666666666665,2026-07-25,0.4920333333333333,0.5123333333333333,0.6476666666666667,1,-1.798,0.0506,1,1,1,1,0.51275,2000,400,600,800,まくり,1,0.44355,41.367,4990,validation,202607252006,0.534,4990,4990,4990,4990,41.278666666666666,40.92733333333334,42.3195,44.3015,43.747,44.41366666666667,-0.4,0.24,0.4,0.7,4-5-1;4-6-1;4-5-2;4-2-1;4-6-2;4-5-6;4-1-2;4-1-6;4-3-1;4-1-5;4-6-5;4-2-6;4-5-3;4-2-5;4-1-3;4-6-3;4-3-2;4-3-6;4-2-3;4-3-5,4-5-1;4-6-1;4-5-2;4-2-1,4-5-1;4-6-1;4-5-2;4-2-1;4-6-2;4-5-6,4-5-1;4-6-1;4-5-2;4-2-1;4-6-2;4-5-6;4-1-2;4-1-6,-0.5,BREAK,40.92733333333334,0,54.39633333333334,0.4179999999999999,0.5414000000000001,4
4-1-5,0.5226666666666667,2026-07-25,0.5815833333333333,0.5203333333333333,0.30266666666666664,1,1.228,0.8071,1,0,0,0,0.6499,2000,400,600,800,まくり,1,0.5099,51.028000000000006,2410,validation,202607252306,0.13199999999999998,2410,0,0,0,52.30466666666668,57.66433333333334,56.084250000000004,56.8713,55.2505,52.19966666666668,0.4,0.73,-0.20000000000000007,0.39999999999999997,4-5-1;4-6-1;4-5-2;4-5-6;4-6-2;4-6-5;4-2-1;4-1-6;4-2-6;4-1-2;4-5-3;4-1-5;4-2-5;4-3-1;4-6-3;4-3-6;4-3-2;4-1-3;4-3-5;4-2-3,4-5-1;4-6-1;4-5-2;4-5-6,4-5-1;4-6-1;4-5-2;4-5-6;4-6-2;4-6-5,4-5-1;4-6-1;4-5-2;4-5-6;4-6-2;4-6-5;4-2-1;4-1-6,-0.5,BREAK,57.66433333333334,1,54.39633333333334,0.482,0.6405,4
2-1-5,0.22933333333333333,2026-07-26,0.35081666666666667,0.3476666666666667,0.5426666666666667,0,-1.726,0.0684,0,0,0,0,0.47009999999999996,2000,400,600,800,抜き,0,0.25999999999999995,24.233999999999998,3120,validation,202607260205,0.516,0,0,0,0,21.167333333333335,25.351666666666663,25.47775,30.108700000000002,27.2415,26.492333333333338,-0.4,0.24,-0.4,0.3,4-5-1;4-5-2;4-6-1;4-2-1;4-5-6;4-1-5;4-1-2;4-6-2;4-1-6;4-3-1;4-6-5;4-5-3;4-2-5;4-2-6;4-1-3;4-3-5;4-3-2;4-6-3;4-2-3;4-3-6,4-5-1;4-5-2;4-6-1;4-2-1,4-5-1;4-5-2;4-6-1;4-2-1;4-5-6;4-1-5,4-5-1;4-5-2;4-6-1;4-2-1;4-5-6;4-1-5;4-1-2;4-6-2,0,BREAK,25.351666666666663,0,54.39633333333334,0.534,0.47229999999999994,2
2-4-1,0.308,2026-07-26,0.42579999999999996,0.44399999999999995,0.535,0,0.276,0.5691,0,0,0,0,0.53155,2000,400,600,800,差し,0,0.3443,37.706,1460,validation,202607260302,0.524,0,0,0,0,34.076,47.696000000000005,44.541000000000004,42.5281,39.966,40.196,0.19999999999999996,0.54,0.0,0.5,4-5-1;4-5-2;4-2-1;4-6-1;4-6-2;4-1-2;4-5-6;4-2-5;4-2-6;4-5-3;4-1-5;4-3-1;4-6-5;4-3-2;4-1-6;4-2-3;4-1-3;4-6-3;4-3-5;4-3-6,4-5-1;4-5-2;4-2-1;4-6-1,4-5-1;4-5-2;4-2-1;4-6-1;4-6-2;4-1-2,4-5-1;4-5-2;4-2-1;4-6-1;4-6-2;4-1-2;4-5-6;4-2-5,0.5,BREAK,47.696000000000005,0,54.39633333333334,0.42000000000000004,0.5436,2
1-4-6,0.248,2026-07-26,0.3275,0.338,0.405,0,-1.332,0.1669,0,0,0,0,0.43505000000000005,2000,400,600,800,逃げ,0,0.2883,27.458,1630,validation,202607260303,0.632,0,0,0,0,23.428,32.042,30.4355,29.928099999999997,27.403000000000002,27.478000000000005,-0.20000000000000007,0.31,0.0,0.5,4-5-1;4-6-1;4-5-2;4-6-2;4-5-6;4-2-1;4-1-2;4-6-5;4-1-6;4-2-6;4-5-3;4-3-1;4-1-5;4-2-5;4-6-3;4-3-2;4-3-6;4-1-3;4-2-3;4-3-5,4-5-1;4-6-1;4-5-2;4-6-2,4-5-1;4-6-1;4-5-2;4-6-2;4-5-6;4-2-1,4-5-1;4-6-1;4-5-2;4-6-2;4-5-6;4-2-1;4-1-2;4-6-5,0,BREAK,32.042,0,54.39633333333334,0.572,0.40700000000000003,1
4-1-6,0.6160000000000001,2026-07-26,0.5385000000000001,0.528,0.565,1,0.287,0.5718,1,0,0,0,0.45725000000000005,2000,400,600,800,差し,0,0.6283,63.077,1500,validation,202607260307,0.5,1500,0,0,0,61.84700000000001,50.10500000000001,53.249500000000005,56.02950000000001,57.972,57.887000000000015,-0.19999999999999996,0.37000000000000005,0.0,0.5,4-5-1;4-6-1;4-5-2;4-2-1;4-1-2;4-6-2;4-5-6;4-3-1;4-1-5;4-1-6;4-5-3;4-1-3;4-6-5;4-2-5;4-2-6;4-3-2;4-6-3;4-2-3;4-3-5;4-3-6,4-5-1;4-6-1;4-5-2;4-2-1,4-5-1;4-6-1;4-5-2;4-2-1;4-1-2;4-6-2,4-5-1;4-6-1;4-5-2;4-2-1;4-1-2;4-6-2;4-5-6;4-3-1,0,BREAK,50.10500000000001,0,54.39633333333334,0.5599999999999999,0.4610000000000001,4
1-4-5,0.604,2026-07-26,0.55265,0.5389999999999999,0.45466666666666666,0,1.3,0.8249,0,0,0,0,0.5081,2000,400,600,800,逃げ,0,0.60245,61.505,4180,validation,202607260409,0.448,0,0,0,0,61.66,57.70500000000001,59.036249999999995,58.0097,59.092499999999994,58.735,-0.4,0.39000000000000007,0.6000000000000001,0.8,4-5-2;4-5-1;4-2-1;4-1-2;4-6-2;4-6-1;4-2-5;4-3-2;4-2-6;4-3-1;4-5-6;4-1-5;4-2-3;4-5-3;4-1-6;4-1-3;4-6-5;4-3-5;4-6-3;4-3-6,4-5-2;4-5-1;4-2-1;4-1-2,4-5-2;4-5-1;4-2-1;4-1-2;4-6-2;4-6-1,4-5-2;4-5-1;4-2-1;4-1-2;4-6-2;4-6-1;4-2-5;4-3-2,0,BREAK,57.70500000000001,1,54.39633333333334,0.5260000000000001,0.5012999999999999,1
1-6-4,0.43400000000000005,2026-07-26,0.4058,0.41700000000000004,0.22733333333333333,0,-0.703,0.3242,0,0,0,0,0.4367,2000,400,600,800,逃げ,0,0.446,43.857,4690,validation,202607261409,0.664,0,0,0,0,42.657000000000004,44.085,43.861999999999995,41.8704,41.247,41.892,-0.4,0.33,0.4,0.7,4-5-1;4-6-1;4-5-2;4-5-6;4-2-1;4-6-2;4-1-2;4-1-6;4-6-5;4-1-5;4-3-1;4-5-3;4-2-6;4-2-5;4-6-3;4-1-3;4-3-2;4-3-6;4-3-5;4-2-3,4-5-1;4-6-1;4-5-2;4-5-6,4-5-1;4-6-1;4-5-2;4-5-6;4-2-1;4-6-2,4-5-1;4-6-1;4-5-2;4-5-6;4-2-1;4-6-2;4-1-2;4-1-6,0,BREAK,44.085,0,54.39633333333334,0.6,0.37759999999999994,1
1-4-2,0.7493333333333333,2026-07-26,0.6513166666666667,0.6376666666666666,0.37866666666666665,0,-0.774,0.3064,0,0,0,0,0.5636999999999999,2000,400,600,800,逃げ,0,0.69955,69.14099999999999,1710,validation,202607262002,0.39599999999999996,0,0,0,0,74.11933333333332,67.27366666666666,67.24224999999998,67.09489999999998,69.21849999999999,69.09433333333332,1.0,0.94,-0.6,0.2,4-5-1;4-6-1;4-5-6;4-5-2;4-6-2;4-2-1;4-6-5;4-1-6;4-1-2;4-1-5;4-2-6;4-5-3;4-2-5;4-3-1;4-6-3;4-3-6;4-1-3;4-3-2;4-3-5;4-2-3,4-5-1;4-6-1;4-5-6;4-5-2,4-5-1;4-6-1;4-5-6;4-5-2;4-6-2;4-2-1,4-5-1;4-6-1;4-5-6;4-5-2;4-6-2;4-2-1;4-6-5;4-1-6,0,BREAK,67.27366666666666,1,54.39633333333334,0.47400000000000003,0.5533,1
5-4-1,0.8013333333333333,2026-07-27,0.7466666666666667,0.7186666666666667,0.756,0,1.3,0.8249,0,0,0,0,0.6252,2000,400,600,800,抜き,0,0.78,79.25999999999999,2610,validation,202607271406,0.20399999999999996,0,0,0,0,81.39333333333333,77.19066666666666,77.57999999999998,75.87839999999998,78.66,77.67333333333332,0.6,0.8300000000000001,0.20000000000000007,0.6000000000000001,4-5-1;4-5-2;4-6-1;4-1-5;4-2-1;4-5-6;4-5-3;4-1-2;4-3-1;4-2-5;4-6-5;4-6-2;4-1-6;4-1-3;4-3-5;4-3-2;4-2-6;4-2-3;4-6-3;4-3-6,4-5-1;4-5-2;4-6-1;4-1-5,4-5-1;4-5-2;4-6-1;4-1-5;4-2-1;4-5-6,4-5-1;4-5-2;4-6-1;4-1-5;4-2-1;4-5-6;4-5-3;4-1-2,0,BREAK,77.19066666666666,1,54.39633333333334,0.364,0.692,5
1-5-4,0.6726666666666667,2026-07-27,0.7188833333333333,0.7913333333333334,0.5893333333333334,0,-1.081,0.2298,0,0,0,0,0.7109,2000,400,600,800,逃げ,0,0.66155,63.884,4140,validation,202607272005,0.504,0,0,0,0,64.99566666666668,64.54133333333334,65.60775000000001,67.22330000000001,67.3065,70.33566666666668,0.4,0.55,0.6000000000000001,0.8,4-5-1;4-5-2;4-2-1;4-1-2;4-6-1;4-6-2;4-5-6;4-2-5;4-2-6;4-1-5;4-3-1;4-1-6;4-3-2;4-5-3;4-6-5;4-2-3;4-1-3;4-6-3;4-3-5;4-3-6,4-5-1;4-5-2;4-2-1;4-1-2,4-5-1;4-5-2;4-2-1;4-1-2;4-6-1;4-6-2,4-5-1;4-5-2;4-2-1;4-1-2;4-6-1;4-6-2;4-5-6;4-2-5,-0.5,BREAK,64.54133333333334,1,54.39633333333334,0.08999999999999998,0.7651,1
1-4-6,0.6213333333333333,2026-07-28,0.6035166666666667,0.6136666666666666,0.43733333333333335,0,0.736,0.684,0,0,0,0,0.5821,2000,400,600,800,逃げ,0,0.6224500000000001,61.791000000000004,1200,validation,202607280408,0.452,0,0,0,0,61.679333333333325,54.29366666666666,56.28725000000001,60.281699999999994,60.7885,61.33433333333333,0.20000000000000007,0.54,-0.19999999999999996,0.4,4-5-1;4-6-1;4-2-1;4-1-2;4-5-2;4-6-2;4-1-6;4-5-6;4-1-5;4-3-1;4-2-6;4-6-5;4-1-3;4-2-5;4-5-3;4-3-2;4-6-3;4-2-3;4-3-6;4-3-5,4-5-1;4-6-1;4-2-1;4-1-2,4-5-1;4-6-1;4-2-1;4-1-2;4-5-2;4-6-2,4-5-1;4-6-1;4-2-1;4-1-2;4-5-2;4-6-2;4-1-6;4-5-6,-0.5,BREAK,54.29366666666666,0,54.39633333333334,0.394,0.5857,1
2-1-3,0.5479999999999999,2026-07-28,0.46684999999999993,0.49099999999999994,0.45066666666666666,0,0.331,0.5828,0,0,0,0,0.40989999999999993,2000,400,600,800,差し,0,0.5824,58.531000000000006,1530,validation,202607281707,0.704,0,0,0,0,55.090999999999994,49.61200000000001,51.282250000000005,49.6183,51.0335,52.526,-0.4,0.27,0.6,0.8,4-5-1;4-5-2;4-2-1;4-1-2;4-6-1;4-6-2;4-3-1;4-2-5;4-3-2;4-1-5;4-5-3;4-2-3;4-5-6;4-2-6;4-1-3;4-1-6;4-6-5;4-3-5;4-6-3;4-3-6,4-5-1;4-5-2;4-2-1;4-1-2,4-5-1;4-5-2;4-2-1;4-1-2;4-6-1;4-6-2,4-5-1;4-5-2;4-2-1;4-1-2;4-6-1;4-6-2;4-3-1;4-2-5,0,BREAK,49.61200000000001,0,54.39633333333334,0.5660000000000001,0.38569999999999993,2
1-2-3,0.13666666666666663,2026-07-28,0.3428333333333333,0.3743333333333333,0.274,0,-1.891,0.0274,0,0,0,0,0.5751,2000,400,600,800,逃げ,0,0.17439999999999997,15.508999999999999,540,validation,202607281710,0.568,0,0,0,0,11.735666666666663,28.592333333333336,25.506499999999996,27.566200000000002,22.043999999999997,22.430666666666667,-0.20000000000000007,0.37,-0.19999999999999996,0.4,4-5-1;4-5-2;4-2-1;4-6-1;4-1-2;4-6-2;4-5-6;4-2-6;4-2-5;4-3-1;4-1-6;4-1-5;4-3-2;4-5-3;4-2-3;4-6-5;4-1-3;4-6-3;4-3-6;4-3-5,4-5-1;4-5-2;4-2-1;4-6-1,4-5-1;4-5-2;4-2-1;4-6-1;4-1-2;4-6-2,4-5-1;4-5-2;4-2-1;4-6-1;4-1-2;4-6-2;4-5-6;4-2-6,0,BREAK,28.592333333333336,0,54.39633333333334,0.388,0.5489999999999999,1
1-4-5,0.5806666666666667,2026-07-29,0.5390333333333333,0.4963333333333333,0.5693333333333334,0,-1.573,0.1067,0,0,0,0,0.4879999999999999,2000,400,600,800,逃げ,0,0.5676999999999999,55.15699999999999,1190,validation,202607291510,0.344,0,0,0,0,56.45366666666666,51.74633333333334,51.78950000000001,53.16599999999999,54.372,52.658666666666676,0.4,0.76,-0.8,0.09999999999999998,4-5-1;4-5-2;4-2-1;4-1-2;4-6-1;4-1-5;4-6-2;4-5-6;4-2-5;4-3-1;4-1-6;4-5-3;4-6-5;4-2-6;4-1-3;4-3-2;4-2-3;4-3-5;4-6-3;4-3-6,4-5-1;4-5-2;4-2-1;4-1-2,4-5-1;4-5-2;4-2-1;4-1-2;4-6-1;4-1-5,4-5-1;4-5-2;4-2-1;4-1-2;4-6-1;4-1-5;4-6-2;4-5-6,0,BREAK,51.74633333333334,0,54.39633333333334,0.5880000000000001,0.49739999999999995,1
4-2-5,0.6933333333333335,2026-07-29,0.5963666666666667,0.6166666666666667,0.24,1,-1.114,0.2216,1,0,0,1,0.5382,2000,400,600,800,まくり差し,0,0.6838000000000001,66.07600000000001,3040,validation,202607291609,0.5760000000000001,3040,0,0,3040,67.02933333333334,64.87666666666667,63.7385,60.707400000000014,62.18100000000002,63.57933333333334,0.8,0.87,-0.20000000000000007,0.39999999999999997,4-5-1;4-5-2;4-2-1;4-6-1;4-1-2;4-6-2;4-5-6;4-2-5;4-1-5;4-3-1;4-2-6;4-1-6;4-5-3;4-3-2;4-6-5;4-2-3;4-1-3;4-6-3;4-3-5;4-3-6,4-5-1;4-5-2;4-2-1;4-6-1,4-5-1;4-5-2;4-2-1;4-6-1;4-1-2;4-6-2,4-5-1;4-5-2;4-2-1;4-6-1;4-1-2;4-6-2;4-5-6;4-2-5,-0.5,BREAK,64.87666666666667,1,54.39633333333334,0.46,0.49939999999999996,4
6-5-3,0.48600000000000004,2026-07-29,0.55805,0.536,0.432,0,-1.097,0.2257,0,0,0,0,0.6211,2000,400,600,800,差し,0,0.4775500000000001,46.61800000000001,84870,validation,202607292003,0.288,0,0,0,0,47.463,48.83200000000001,49.75425000000001,52.5967,51.06550000000001,49.71300000000001,-0.6,0.35000000000000003,0.4,0.7,4-5-1;4-5-2;4-5-6;4-6-1;4-1-5;4-6-5;4-5-3;4-2-1;4-6-2;4-1-2;4-1-6;4-2-5;4-3-1;4-3-5;4-2-6;4-1-3;4-6-3;4-3-2;4-3-6;4-2-3,4-5-1;4-5-2;4-5-6;4-6-1,4-5-1;4-5-2;4-5-6;4-6-1;4-1-5;4-6-5,4-5-1;4-5-2;4-5-6;4-6-1;4-1-5;4-6-5;4-5-3;4-2-1,0,BREAK,48.83200000000001,0,54.39633333333334,0.414,0.6301,6
1-2-4,0.6846666666666666,2026-07-30,0.5558333333333334,0.5943333333333334,0.37066666666666664,0,0.047,0.5116,0,0,0,0,0.4568,2000,400,600,800,逃げ,0,0.6935,69.35699999999999,860,validation,202607300808,0.716,0,0,0,0,68.47366666666666,53.734333333333325,58.1895,59.5956,62.032,64.40866666666666,-0.6000000000000001,0.17000000000000004,0.8,0.9,4-6-1;4-5-1;4-6-2;4-5-2;4-2-1;4-1-2;4-5-6;4-2-6;4-1-6;4-6-5;4-2-5;4-3-1;4-1-5;4-6-3;4-3-2;4-5-3;4-3-6;4-2-3;4-1-3;4-3-5,4-6-1;4-5-1;4-6-2;4-5-2,4-6-1;4-5-1;4-6-2;4-5-2;4-2-1;4-1-2,4-6-1;4-5-1;4-6-2;4-5-2;4-2-1;4-1-2;4-5-6;4-2-6,0,BREAK,53.734333333333325,0,54.39633333333334,0.496,0.42700000000000005,1
5-4-2,0.7266666666666667,2026-07-30,0.6328833333333334,0.7123333333333334,0.21666666666666662,0,1.535,0.8837,0,0,0,0,0.5746,2000,400,600,800,差し,0,0.7034499999999999,71.83999999999997,9330,validation,202607301006,0.756,0,0,0,0,74.16166666666666,67.85933333333332,69.48374999999999,68.00269999999998,69.4725,73.51666666666667,0.20000000000000007,0.48000000000000004,0.8,0.9,4-5-1;4-5-2;4-6-1;4-2-1;4-5-6;4-6-2;4-1-2;4-2-5;4-1-5;4-5-3;4-6-5;4-3-1;4-2-6;4-1-6;4-3-2;4-3-5;4-2-3;4-1-3;4-6-3;4-3-6,4-5-1;4-5-2;4-6-1;4-2-1,4-5-1;4-5-2;4-6-1;4-2-1;4-5-6;4-6-2,4-5-1;4-5-2;4-6-1;4-2-1;4-5-6;4-6-2;4-1-2;4-2-5,0,BREAK,67.85933333333332,1,54.39633333333334,0.30199999999999994,0.5391,5
4-1-2,0.3493333333333334,2026-07-30,0.4160666666666667,0.5266666666666667,0.44533333333333336,1,0.621,0.6553,1,0,0,1,0.492,2000,400,600,800,まくり,1,0.35345000000000004,34.77600000000001,1030,validation,202607301007,0.9279999999999999,1030,0,0,1030,34.36433333333334,39.21366666666667,39.106,39.50500000000001,37.70100000000001,42.344333333333346,-0.4,0.24,0.4,0.7,4-5-1;4-6-1;4-5-2;4-6-2;4-2-1;4-5-6;4-1-2;4-1-6;4-2-6;4-6-5;4-1-5;4-2-5;4-3-1;4-5-3;4-6-3;4-3-2;4-1-3;4-3-6;4-2-3;4-3-5,4-5-1;4-6-1;4-5-2;4-6-2,4-5-1;4-6-1;4-5-2;4-6-2;4-2-1;4-5-6,4-5-1;4-6-1;4-5-2;4-6-2;4-2-1;4-5-6;4-1-2;4-1-6,-0.5,BREAK,39.21366666666667,0,54.39633333333334,0.296,0.4828,4
6-1-3,0.5406666666666666,2026-07-30,0.4333833333333333,0.38333333333333325,0.4726666666666667,0,0.594,0.6484,0,0,0,0,0.3569999999999999,2000,400,600,800,まくり差し,0,0.5497000000000001,55.52400000000001,25410,validation,202607301510,0.488,0,0,0,0,54.620666666666665,40.68033333333333,44.215250000000005,47.36149999999999,49.256499999999996,47.54066666666667,-0.6,0.26000000000000006,-0.20000000000000007,0.39999999999999997,4-5-1;4-6-1;4-5-2;4-2-1;4-6-2;4-1-2;4-5-6;4-1-6;4-2-6;4-3-1;4-1-5;4-6-5;4-2-5;4-5-3;4-1-3;4-6-3;4-3-2;4-3-6;4-2-3;4-3-5,4-5-1;4-6-1;4-5-2;4-2-1,4-5-1;4-6-1;4-5-2;4-2-1;4-6-2;4-1-2,4-5-1;4-6-1;4-5-2;4-2-1;4-6-2;4-1-2;4-5-6;4-1-6,0,BREAK,40.68033333333333,0,54.39633333333334,0.7740000000000001,0.32609999999999995,6
4-2-3,0.51,2026-07-30,0.5697,0.611,0.45533333333333337,1,1.546,0.8865,1,0,0,0,0.6161,2000,400,600,800,まくり差し,0,0.5078,52.286,1780,validation,202607301603,0.5239999999999999,1780,0,0,0,52.506,69.34,64.24849999999999,56.6312,55.49099999999999,57.051,1.0,0.88,0.4,0.7,4-5-2;4-5-1;4-6-2;4-2-1;4-6-1;4-5-6;4-1-2;4-2-5;4-2-6;4-5-3;4-6-5;4-3-2;4-1-5;4-3-1;4-1-6;4-2-3;4-6-3;4-3-5;4-1-3;4-3-6,4-5-2;4-5-1;4-6-2;4-2-1,4-5-2;4-5-1;4-6-2;4-2-1;4-6-1;4-5-6,4-5-2;4-5-1;4-6-2;4-2-1;4-6-1;4-5-6;4-1-2;4-2-5,0,BREAK,69.34,1,54.39633333333334,0.28800000000000003,0.6294,4
4-1-5,0.538,2026-07-31,0.6608,0.735,0.49800000000000005,1,0.047,0.5116,1,0,1,1,0.7403,2000,400,600,800,まくり差し,0,0.54535,54.541999999999994,2800,validation,202607310511,0.492,2800,0,2800,2800,53.807,57.647,58.147,61.941599999999994,59.947,62.672000000000004,0.19999999999999996,0.48,0.4,0.7,4-5-1;4-5-2;4-2-1;4-6-1;4-1-5;4-1-2;4-5-6;4-2-5;4-6-2;4-5-3;4-6-5;4-1-6;4-3-1;4-2-6;4-1-3;4-3-5;4-3-2;4-2-3;4-6-3;4-3-6,4-5-1;4-5-2;4-2-1;4-6-1,4-5-1;4-5-2;4-2-1;4-6-1;4-1-5;4-1-2,4-5-1;4-5-2;4-2-1;4-6-1;4-1-5;4-1-2;4-5-6;4-2-5,0,BREAK,57.647,1,54.39633333333334,0.068,0.7836000000000001,4
1-4-5,0.3893333333333334,2026-07-31,0.5071666666666668,0.5386666666666666,0.764,0,0.047,0.5116,0,0,0,0,0.5662,2000,400,600,800,逃げ,0,0.39930000000000004,39.937000000000005,1100,validation,202607310608,0.492,0,0,0,0,38.94033333333334,58.57166666666667,53.9595,46.366400000000006,44.83200000000001,45.660333333333334,0.4,0.61,0.8,0.9,4-5-1;4-6-1;4-2-1;4-5-2;4-1-2;4-3-1;4-1-5;4-6-2;4-1-6;4-5-6;4-1-3;4-5-3;4-2-5;4-6-5;4-2-6;4-3-2;4-2-3;4-6-3;4-3-5;4-3-6,4-5-1;4-6-1;4-2-1;4-5-2,4-5-1;4-6-1;4-2-1;4-5-2;4-1-2;4-3-1,4-5-1;4-6-1;4-2-1;4-5-2;4-1-2;4-3-1;4-1-5;4-6-2,0,BREAK,58.57166666666667,1,54.39633333333334,0.31200000000000006,0.625,1
1-2-4,0.7413333333333333,2026-08-01,0.6389166666666666,0.6616666666666666,0.10333333333333333,0,1.989,0.9973,0,0,0,0,0.5902000000000001,2000,400,600,800,逃げ,0,0.72945,73.74400000000001,760,validation,202608011011,0.5479999999999999,0,0,0,0,74.93233333333333,58.97466666666667,63.82525,68.53490000000001,69.8115,71.34733333333334,-0.4,0.2700000000000001,0.6000000000000001,0.8,4-5-1;4-6-1;4-5-2;4-2-1;4-5-6;4-6-2;4-1-2;4-1-6;4-1-5;4-3-1;4-6-5;4-5-3;4-2-6;4-2-5;4-1-3;4-6-3;4-3-2;4-3-6;4-3-5;4-2-3,4-5-1;4-6-1;4-5-2;4-2-1,4-5-1;4-6-1;4-5-2;4-2-1;4-5-6;4-6-2,4-5-1;4-6-1;4-5-2;4-2-1;4-5-6;4-6-2;4-1-2;4-1-6,-0.5,BREAK,58.97466666666667,1,54.39633333333334,0.41800000000000004,0.5365,1
4-6-5,0.245,2026-08-01,0.36702500000000005,0.41200000000000003,0.5650000000000001,1,1.075,0.7688,1,0,0,0,0.48030000000000006,2000,400,600,800,まくり,1,0.28305,29.340000000000003,2310,validation,202608011308,0.6779999999999999,2310,0,0,0,25.535,30.675500000000003,30.910625,34.372350000000004,31.63625,33.05000000000001,-0.6,0.17000000000000004,0.0,0.5,4-5-1;4-6-1;4-5-2;4-2-1;4-5-6;4-6-2;4-1-2;4-1-6;4-1-5;4-6-5;4-2-6;4-3-1;4-2-5;4-5-3;4-1-3;4-6-3;4-3-2;4-3-6;4-3-5;4-2-3,4-5-1;4-6-1;4-5-2;4-2-1,4-5-1;4-6-1;4-5-2;4-2-1;4-5-6;4-6-2,4-5-1;4-6-1;4-5-2;4-2-1;4-5-6;4-6-2;4-1-2;4-1-6,0,BREAK,30.675500000000003,0,54.39633333333334,0.42099999999999993,0.4890500000000001,4
5-4-1,0.6506666666666667,2026-08-01,0.6438333333333334,0.6333333333333333,0.492,0,0.249,0.5622,0,0,0,0,0.6178,2000,400,600,800,まくり差し,0,0.6638000000000001,66.589,1220,validation,202608011603,0.32399999999999995,0,0,0,0,65.27566666666667,56.66433333333334,60.43150000000001,64.3476,64.934,64.49566666666666,-0.6000000000000001,0.22999999999999998,0.8,0.9,4-5-1;4-5-2;4-1-5;4-5-6;4-5-3;4-6-1;4-2-1;4-2-5;4-1-2;4-6-5;4-3-1;4-3-5;4-1-6;4-1-3;4-6-2;4-3-2;4-2-6;4-2-3;4-6-3;4-3-6,4-5-1;4-5-2;4-1-5;4-5-6,4-5-1;4-5-2;4-1-5;4-5-6;4-5-3;4-6-1,4-5-1;4-5-2;4-1-5;4-5-6;4-5-3;4-6-1;4-2-1;4-2-5,0,BREAK,56.66433333333334,1,54.39633333333334,0.384,0.637,5
1-3-6,0.5706666666666667,2026-08-01,0.44188333333333335,0.41633333333333333,0.4873333333333333,0,0.211,0.5527,0,0,0,0,0.34340000000000004,2000,400,600,800,抜き,0,0.5618000000000001,56.351000000000006,4420,validation,202608011605,0.592,0,0,0,0,57.23766666666666,43.54733333333334,46.64475,48.3743,50.798500000000004,50.29266666666666,-0.4,0.33,-0.19999999999999996,0.4,4-5-2;4-5-1;4-6-2;4-6-1;4-5-6;4-2-1;4-2-6;4-1-2;4-6-5;4-1-6;4-2-5;4-5-3;4-3-2;4-6-3;4-3-1;4-1-5;4-3-6;4-2-3;4-1-3;4-3-5,4-5-2;4-5-1;4-6-2;4-6-1,4-5-2;4-5-1;4-6-2;4-6-1;4-5-6;4-2-1,4-5-2;4-5-1;4-6-2;4-6-1;4-5-6;4-2-1;4-2-6;4-1-2,0,BREAK,43.54733333333334,0,54.39633333333334,0.738,0.31310000000000004,1
1-4-6,0.6566666666666666,2026-08-01,0.6511333333333333,0.6343333333333333,0.2573333333333333,0,0.178,0.5445,0,0,0,0,0.6604,2000,400,600,800,逃げ,0,0.6478,63.768,1060,validation,202608011607,0.292,0,0,0,0,64.65466666666666,65.83733333333333,65.43299999999999,64.57079999999999,64.37799999999999,63.64966666666666,0.4,0.67,0.4,0.7,4-5-1;4-6-1;4-5-6;4-5-2;4-6-2;4-1-6;4-2-1;4-6-5;4-1-2;4-1-5;4-3-1;4-5-3;4-2-6;4-6-3;4-2-5;4-1-3;4-3-6;4-3-2;4-3-5;4-2-3,4-5-1;4-6-1;4-5-6;4-5-2,4-5-1;4-6-1;4-5-6;4-5-2;4-6-2;4-1-6,4-5-1;4-6-1;4-5-6;4-5-2;4-6-2;4-1-6;4-2-1;4-6-5,-0.5,BREAK,65.83733333333333,1,54.39633333333334,0.388,0.6456,1
1-2-4,0.21866666666666668,2026-08-02,0.32193333333333335,0.2953333333333333,0.6900000000000001,0,-1.272,0.1819,0,0,0,0,0.4082999999999999,2000,400,600,800,逃げ,0,0.24950000000000003,23.638000000000005,560,validation,202608020810,0.476,0,0,0,0,20.55466666666667,33.329333333333345,31.283,27.824599999999997,25.718,24.00466666666667,-0.8,0.19000000000000006,0.6000000000000001,0.8,4-5-1;4-6-1;4-5-2;4-2-1;4-1-2;4-6-2;4-5-6;4-1-5;4-1-6;4-3-1;4-2-5;4-2-6;4-6-5;4-5-3;4-1-3;4-3-2;4-2-3;4-6-3;4-3-5;4-3-6,4-5-1;4-6-1;4-5-2;4-2-1,4-5-1;4-6-1;4-5-2;4-2-1;4-1-2;4-6-2,4-5-1;4-6-1;4-5-2;4-2-1;4-1-2;4-6-2;4-5-6;4-1-5,0,BREAK,33.329333333333345,0,54.39633333333334,0.6280000000000001,0.4252,1
5-4-6,0.5653333333333334,2026-08-03,0.5711166666666667,0.6596666666666666,0.48333333333333334,0,0.047,0.5116,0,0,0,0,0.5666,2000,400,600,800,まくり差し,0,0.6024,60.247,9050,test,202608031707,0.752,0,0,0,0,56.540333333333336,56.21866666666667,57.498250000000006,56.7417,56.829499999999996,60.785333333333334,-0.19999999999999996,0.28,1.0,1.0,4-5-2;4-5-1;4-2-1;4-2-5;4-1-2;4-6-2;4-5-6;4-6-1;4-1-5;4-2-6;4-5-3;4-6-5;4-3-2;4-2-3;4-3-1;4-1-6;4-3-5;4-1-3;4-6-3;4-3-6,4-5-2;4-5-1;4-2-1;4-2-5,4-5-2;4-5-1;4-2-1;4-2-5;4-1-2;4-6-2,4-5-2;4-5-1;4-2-1;4-2-5;4-1-2;4-6-2;4-5-6;4-6-1,0,BREAK,56.21866666666667,1,54.39633333333334,0.246,0.5769,5
1-3-2,0.362,2026-08-03,0.51695,0.588,0.6746666666666667,0,0.047,0.5116,0,0,0,0,0.6189,2000,400,600,800,逃げ,0,0.35124999999999995,35.13199999999999,3950,test,202608031910,0.5920000000000001,0,0,0,0,36.206999999999994,53.602000000000004,49.61075,46.5073,43.954499999999996,46.376999999999995,0.19999999999999996,0.66,0.19999999999999996,0.6,4-5-1;4-5-2;4-2-1;4-6-1;4-1-2;4-6-2;4-1-5;4-3-1;4-5-6;4-2-5;4-1-6;4-5-3;4-2-6;4-3-2;4-1-3;4-6-5;4-2-3;4-3-5;4-6-3;4-3-6,4-5-1;4-5-2;4-2-1;4-6-1,4-5-1;4-5-2;4-2-1;4-6-1;4-1-2;4-6-2,4-5-1;4-5-2;4-2-1;4-6-1;4-1-2;4-6-2;4-1-5;4-3-1,0,BREAK,53.602000000000004,0,54.39633333333334,0.18600000000000003,0.6718999999999999,1
5-1-6,0.45333333333333337,2026-08-03,0.5529166666666667,0.6316666666666667,0.2866666666666666,0,0.643,0.6607,0,0,0,0,0.6605000000000001,2000,400,600,800,まくり差し,0,0.43624999999999997,43.078,38460,test,202608032110,0.64,0,0,0,0,44.78633333333334,65.12466666666668,59.60925,52.331500000000005,49.76550000000001,52.811333333333344,0.8,0.81,0.6,0.8,4-5-1;4-5-2;4-2-1;4-6-1;4-6-2;4-1-2;4-2-6;4-5-6;4-1-6;4-2-5;4-6-5;4-1-5;4-3-1;4-3-2;4-2-3;4-5-3;4-6-3;4-1-3;4-3-6;4-3-5,4-5-1;4-5-2;4-2-1;4-6-1,4-5-1;4-5-2;4-2-1;4-6-1;4-6-2;4-1-2,4-5-1;4-5-2;4-2-1;4-6-1;4-6-2;4-1-2;4-2-6;4-5-6,-0.5,BREAK,65.12466666666668,1,54.39633333333334,0.19,0.6525000000000001,5
4-5-3,0.32333333333333336,2026-08-04,0.4363666666666667,0.4076666666666667,0.714,1,0.047,0.5116,1,0,0,0,0.5103,2000,400,600,800,まくり,1,0.33145,33.152,18550,test,202608041007,0.344,18550,0,0,0,32.340333333333334,41.62766666666667,40.249500000000005,39.84459999999999,37.992,36.135333333333335,-0.19999999999999996,0.37000000000000005,0.20000000000000007,0.6000000000000001,4-5-1;4-6-1;4-5-2;4-6-2;4-2-1;4-5-6;4-1-2;4-1-6;4-6-5;4-2-6;4-1-5;4-3-1;4-2-5;4-5-3;4-6-3;4-1-3;4-3-2;4-3-6;4-2-3;4-3-5,4-5-1;4-6-1;4-5-2;4-6-2,4-5-1;4-6-1;4-5-2;4-6-2;4-2-1;4-5-6,4-5-1;4-6-1;4-5-2;4-6-2;4-2-1;4-5-6;4-1-2;4-1-6,0,BREAK,41.62766666666667,0,54.39633333333334,0.508,0.5494,4
1-2-4,0.585,2026-08-05,0.431475,0.411,0.35300000000000004,0,0.26,0.565,0,0,0,0,0.3335999999999999,2000,400,600,800,逃げ,0,0.58315,57.385,1330,test,202608051207,0.6459999999999999,0,0,0,0,57.57,48.7995,49.956875,47.43344999999999,49.893750000000004,49.739999999999995,-0.19999999999999996,0.4600000000000001,0.0,0.5,4-5-2;4-5-1;4-2-1;4-6-2;4-1-2;4-6-1;4-2-5;4-3-2;4-5-6;4-2-6;4-5-3;4-2-3;4-3-1;4-1-5;4-6-5;4-1-6;4-1-3;4-3-5;4-6-3;4-3-6,4-5-2;4-5-1;4-2-1;4-6-2,4-5-2;4-5-1;4-2-1;4-6-2;4-1-2;4-6-1,4-5-2;4-5-1;4-2-1;4-6-2;4-1-2;4-6-1;4-2-5;4-3-2,-0.5,BREAK,48.7995,0,54.39633333333334,0.763,0.27795000000000003,1
4-1-3,0.514,2026-08-05,0.5542,0.501,0.4933333333333333,1,-0.862,0.2845,1,0,0,0,0.582,2000,400,600,800,抜き,0,0.522,52.928000000000004,3950,test,202608051402,0.20800000000000002,3950,0,0,0,52.128,45.884,47.943000000000005,54.830000000000005,54.138000000000005,51.543,-0.19999999999999996,0.49,-0.6,0.2,4-5-1;4-5-2;4-2-1;4-1-5;4-6-1;4-5-6;4-5-3;4-1-2;4-2-5;4-3-1;4-6-5;4-6-2;4-3-5;4-1-6;4-1-3;4-3-2;4-2-6;4-2-3;4-6-3;4-3-6,4-5-1;4-5-2;4-2-1;4-1-5,4-5-1;4-5-2;4-2-1;4-1-5;4-6-1;4-5-6,4-5-1;4-5-2;4-2-1;4-1-5;4-6-1;4-5-6;4-5-3;4-1-2,3.0,BREAK,45.884,0,54.39633333333334,0.512,0.5943999999999999,4
1-2-4,0.6306666666666666,2026-08-05,0.6998833333333333,0.7303333333333333,0.45066666666666666,0,-1.524,0.119,0,0,0,0,0.7357,2000,400,600,800,逃げ,0,0.6364000000000001,62.07600000000001,740,test,202608051706,0.344,0,0,0,0,61.50266666666666,68.73233333333333,67.05975,65.8899,64.96349999999998,65.98766666666666,0.6,0.77,0.4,0.7,4-5-1;4-6-1;4-5-2;4-5-6;4-2-1;4-6-2;4-1-6;4-1-2;4-6-5;4-3-1;4-1-5;4-2-6;4-5-3;4-6-3;4-1-3;4-2-5;4-3-6;4-3-2;4-3-5;4-2-3,4-5-1;4-6-1;4-5-2;4-5-6,4-5-1;4-6-1;4-5-2;4-5-6;4-2-1;4-6-2,4-5-1;4-6-1;4-5-2;4-5-6;4-2-1;4-6-2;4-1-6;4-1-2,0,BREAK,68.73233333333333,1,54.39633333333334,0.17,0.7691,1
1-4-2,0.6216666666666667,2026-08-05,0.5797083333333333,0.5683333333333334,0.5583333333333333,0,0.112,0.528,0,0,0,0,0.5235,2000,400,600,800,逃げ,0,0.6359,63.662000000000006,760,test,202608051711,0.42,0,0,0,0,62.238666666666674,55.97283333333335,57.80637500000001,58.820249999999994,60.140750000000004,59.83866666666668,-0.25,0.45000000000000007,0.25,0.625,4-5-1;4-5-2;4-6-1;4-2-1;4-1-2;4-5-6;4-6-2;4-1-5;4-1-6;4-2-5;4-6-5;4-3-1;4-2-6;4-5-3;4-1-3;4-3-2;4-2-3;4-3-5;4-6-3;4-3-6,4-5-1;4-5-2;4-6-1;4-2-1,4-5-1;4-5-2;4-6-1;4-2-1;4-1-2;4-5-6,4-5-1;4-5-2;4-6-1;4-2-1;4-1-2;4-5-6;4-6-2;4-1-5,0,BREAK,55.97283333333335,1,54.39633333333334,0.48500000000000004,0.53775,1
5-2-4,0.528,2026-08-05,0.48960000000000004,0.512,0.38466666666666666,0,1.951,0.9877,0,0,0,0,0.47550000000000003,2000,400,600,800,抜き,0,0.53125,55.036,145330,test,202608051905,0.632,0,0,0,0,54.711000000000006,44.40700000000001,48.471000000000004,52.404,52.791000000000004,53.99100000000001,-1.0,0.06000000000000005,0.6000000000000001,0.8,4-5-1;4-6-1;4-5-2;4-2-1;4-1-2;4-3-1;4-1-5;4-5-6;4-6-2;4-1-6;4-5-3;4-1-3;4-2-5;4-6-5;4-2-6;4-3-2;4-2-3;4-3-5;4-6-3;4-3-6,4-5-1;4-6-1;4-5-2;4-2-1,4-5-1;4-6-1;4-5-2;4-2-1;4-1-2;4-3-1,4-5-1;4-6-1;4-5-2;4-2-1;4-1-2;4-3-1;4-1-5;4-5-6,0,BREAK,44.40700000000001,0,54.39633333333334,0.504,0.45120000000000005,5
4-5-1,0.46699999999999997,2026-08-06,0.512475,0.562,0.45899999999999996,1,-1.869,0.0328,1,1,1,1,0.5547,2000,400,600,800,まくり,1,0.48115,46.206,2400,test,202608061210,0.626,2400,2400,2400,2400,44.791,38.7765,41.682875,48.084649999999996,47.064750000000004,49.066,-0.6,0.22999999999999998,0.0,0.5,4-5-1;4-5-2;4-6-1;4-2-1;4-1-5;4-5-6;4-1-2;4-6-2;4-2-5;4-1-6;4-6-5;4-5-3;4-3-1;4-2-6;4-1-3;4-3-5;4-3-2;4-2-3;4-6-3;4-3-6,4-5-1;4-5-2;4-6-1;4-2-1,4-5-1;4-5-2;4-6-1;4-2-1;4-1-5;4-5-6,4-5-1;4-5-2;4-6-1;4-2-1;4-1-5;4-5-6;4-1-2;4-6-2,0,BREAK,38.7765,0,54.39633333333334,0.34299999999999997,0.5579500000000001,4
1-2-6,0.10333333333333332,2026-08-07,0.3294666666666667,0.30566666666666664,0.9606666666666667,0,-1.934,0.0164,0,0,0,0,0.4784999999999999,2000,400,600,800,逃げ,0,0.11944999999999999,8.821,1290,test,202608071005,0.356,0,0,0,0,7.209333333333333,21.238666666666667,19.046,22.246999999999996,18.516,16.314333333333334,-0.19999999999999996,0.34,-0.6,0.2,4-6-1;4-5-1;4-2-1;4-1-2;4-1-6;4-3-1;4-6-2;4-5-2;4-1-5;4-1-3;4-5-6;4-2-6;4-6-5;4-6-3;4-5-3;4-3-2;4-3-6;4-2-5;4-2-3;4-3-5,4-6-1;4-5-1;4-2-1;4-1-2,4-6-1;4-5-1;4-2-1;4-1-2;4-1-6;4-3-1,4-6-1;4-5-1;4-2-1;4-1-2;4-1-6;4-3-1;4-6-2;4-5-2,-0.5,BREAK,21.238666666666667,0,54.39633333333334,0.492,0.5556,1
3-4-2,0.804,2026-08-07,0.660875,0.6425000000000001,0.589,0,0.807,0.7018,0,0,0,0,0.502,2000,400,600,800,まくり,0,0.79615,79.23200000000001,9810,test,202608071201,0.41400000000000003,0,0,0,0,80.01700000000001,65.5065,68.398875,69.07925,72.86075000000001,72.7495,0.20000000000000007,0.63,0.0,0.5,4-5-1;4-5-2;4-6-1;4-5-6;4-2-1;4-1-5;4-5-3;4-6-2;4-6-5;4-1-2;4-2-5;4-3-1;4-1-6;4-3-5;4-2-6;4-1-3;4-3-2;4-6-3;4-2-3;4-3-6,4-5-1;4-5-2;4-6-1;4-5-6,4-5-1;4-5-2;4-6-1;4-5-6;4-2-1;4-1-5,4-5-1;4-5-2;4-6-1;4-5-6;4-2-1;4-1-5;4-5-3;4-6-2,-0.5,BREAK,65.5065,1,54.39633333333334,0.519,0.5177499999999999,3
4-1-2,0.43333333333333335,2026-08-07,0.3822166666666667,0.3776666666666667,0.5980000000000001,1,0.659,0.6648,1,0,1,1,0.3418,2000,400,600,800,抜き,0,0.456,45.069,1630,test,202608071409,0.6519999999999999,1630,0,1630,1630,42.80233333333334,32.686666666666675,35.75775,39.2551,40.246500000000005,40.29733333333334,-0.6,0.17000000000000004,-0.19999999999999996,0.4,4-5-1;4-5-2;4-2-1;4-6-1;4-1-2;4-6-2;4-3-1;4-5-6;4-1-5;4-2-5;4-1-6;4-2-6;4-3-2;4-5-3;4-1-3;4-6-5;4-2-3;4-6-3;4-3-5;4-3-6,4-5-1;4-5-2;4-2-1;4-6-1,4-5-1;4-5-2;4-2-1;4-6-1;4-1-2;4-6-2,4-5-1;4-5-2;4-2-1;4-6-1;4-1-2;4-6-2;4-3-1;4-5-6,-0.5,BREAK,32.686666666666675,0,54.39633333333334,0.6779999999999999,0.33110000000000006,4
4-3-1,0.6873333333333335,2026-08-07,0.7653666666666668,0.7716666666666667,0.488,1,-1.103,0.2244,1,0,0,0,0.7936,2000,400,600,800,まくり差し,0,0.65525,64.382,7490,test,202608071904,0.18,7490,0,0,0,67.59033333333335,71.96966666666667,71.0845,72.2692,71.492,71.38533333333335,0.6000000000000001,0.8300000000000001,0.19999999999999996,0.6,4-5-1;4-5-2;4-6-1;4-2-1;4-1-2;4-6-2;4-5-6;4-1-5;4-3-1;4-1-6;4-2-5;4-5-3;4-2-6;4-6-5;4-3-2;4-1-3;4-2-3;4-6-3;4-3-5;4-3-6,4-5-1;4-5-2;4-6-1;4-2-1,4-5-1;4-5-2;4-6-1;4-2-1;4-1-2;4-6-2,4-5-1;4-5-2;4-6-1;4-2-1;4-1-2;4-6-2;4-5-6;4-1-5,0,BREAK,71.96966666666667,1,54.39633333333334,0.144,0.8433999999999999,4
1-3-4,0.43333333333333335,2026-08-07,0.5491666666666667,0.4966666666666667,0.5873333333333333,0,-1.491,0.1272,0,0,0,0,0.6279,2000,400,600,800,逃げ,0,0.42325,40.794000000000004,1400,test,202608072411,0.13999999999999996,0,0,0,0,41.80233333333334,59.905666666666676,55.231500000000004,49.5578,47.594,44.652333333333345,0.4,0.76,0.4,0.7,4-5-1;4-6-1;4-5-2;4-2-1;4-6-2;4-1-2;4-5-6;4-1-6;4-3-1;4-2-6;4-1-5;4-6-5;4-2-5;4-5-3;4-3-2;4-1-3;4-6-3;4-2-3;4-3-6;4-3-5,4-5-1;4-6-1;4-5-2;4-2-1,4-5-1;4-6-1;4-5-2;4-2-1;4-6-2;4-1-2,4-5-1;4-6-1;4-5-2;4-2-1;4-6-2;4-1-2;4-5-6;4-1-6,0,BREAK,59.905666666666676,1,54.39633333333334,0.44,0.665,1
4-6-1,0.6233333333333334,2026-08-08,0.6948166666666667,0.7546666666666667,0.62,1,1.442,0.8605,1,1,1,1,0.7075,2000,400,600,800,まくり,1,0.61645,63.047000000000004,2690,test,202608080408,0.45599999999999996,2690,2690,2690,2690,63.735333333333344,63.311666666666675,64.30574999999999,67.73149999999998,67.3095,69.64533333333333,0.4,0.5800000000000001,0.20000000000000007,0.6000000000000001,4-5-1;4-6-1;4-2-1;4-5-2;4-1-2;4-6-2;4-5-6;4-1-6;4-3-1;4-1-5;4-2-6;4-5-3;4-6-5;4-1-3;4-2-5;4-3-2;4-6-3;4-2-3;4-3-6;4-3-5,4-5-1;4-6-1;4-2-1;4-5-2,4-5-1;4-6-1;4-2-1;4-5-2;4-1-2;4-6-2,4-5-1;4-6-1;4-2-1;4-5-2;4-1-2;4-6-2;4-5-6;4-1-6,0,BREAK,63.311666666666675,1,54.39633333333334,0.11399999999999999,0.7663,4
1-4-2,0.64,2026-08-08,0.67545,0.659,0.5806666666666667,0,0.665,0.6662,0,0,0,0,0.6674,2000,400,600,800,逃げ,0,0.62545,62.019999999999996,440,test,202608081009,0.22799999999999998,0,0,0,0,63.47500000000001,64.34400000000001,64.36125000000001,65.1413,65.2475,64.33000000000001,0.4,0.67,0.20000000000000007,0.6000000000000001,4-5-1;4-6-1;4-5-2;4-2-1;4-1-2;4-1-5;4-3-1;4-5-6;4-1-6;4-6-2;4-5-3;4-1-3;4-6-5;4-2-5;4-2-6;4-3-2;4-6-3;4-3-5;4-2-3;4-3-6,4-5-1;4-6-1;4-5-2;4-2-1,4-5-1;4-6-1;4-5-2;4-2-1;4-1-2;4-1-5,4-5-1;4-6-1;4-5-2;4-2-1;4-1-2;4-1-5;4-3-1;4-5-6,-0.5,BREAK,64.34400000000001,1,54.39633333333334,0.322,0.7109,1
4-1-5,0.7306666666666667,2026-08-08,0.7264833333333334,0.7303333333333333,0.514,1,-1.393,0.1518,1,0,1,1,0.6868,2000,400,600,800,まくり,1,0.7177,69.187,1070,test,202608081507,0.292,1070,0,1070,1070,70.48366666666666,74.48533333333334,72.60575,69.3931,70.2745,70.46866666666668,1.0,0.94,0.20000000000000007,0.6000000000000001,4-5-1;4-5-2;4-6-1;4-2-1;4-5-6;4-1-5;4-1-2;4-6-2;4-1-6;4-3-1;4-6-5;4-5-3;4-2-5;4-1-3;4-2-6;4-3-5;4-3-2;4-6-3;4-2-3;4-3-6,4-5-1;4-5-2;4-6-1;4-2-1,4-5-1;4-5-2;4-6-1;4-2-1;4-5-6;4-1-5,4-5-1;4-5-2;4-6-1;4-2-1;4-5-6;4-1-5;4-1-2;4-6-2,-0.5,BREAK,74.48533333333334,1,54.39633333333334,0.27,0.7222999999999999,4
5-1-4,0.3773333333333333,2026-08-08,0.45776666666666666,0.4906666666666666,0.51,0,0.446,0.6115,0,0,0,0,0.5305,2000,400,600,800,まくり差し,0,0.39380000000000004,39.786,2300,test,202608081603,0.584,0,0,0,0,38.139333333333326,31.566666666666674,34.843500000000006,43.92199999999999,42.160999999999994,43.23933333333333,-0.6000000000000001,0.17000000000000004,-0.4,0.3,4-5-1;4-5-2;4-6-1;4-5-6;4-2-1;4-1-5;4-1-2;4-6-5;4-5-3;4-6-2;4-2-5;4-1-6;4-3-1;4-2-6;4-3-5;4-1-3;4-3-2;4-6-3;4-2-3;4-3-6,4-5-1;4-5-2;4-6-1;4-5-6,4-5-1;4-5-2;4-6-1;4-5-6;4-2-1;4-1-5,4-5-1;4-5-2;4-6-1;4-5-6;4-2-1;4-1-5;4-1-2;4-6-5,0,BREAK,31.566666666666674,0,54.39633333333334,0.3960000000000001,0.5382,5
5-1-4,0.376,2026-08-09,0.4687,0.44,0.535,0,0.047,0.5116,0,0,0,0,0.54735,2000,400,600,800,まくり差し,0,0.4043,40.437,4250,test,202608090310,0.33199999999999996,0,0,0,0,37.607,50.068999999999996,46.8645,44.1577,42.242,40.487,0.20000000000000007,0.63,0.0,0.5,4-5-1;4-5-2;4-2-1;4-6-1;4-1-2;4-1-5;4-3-1;4-5-3;4-5-6;4-2-5;4-6-2;4-1-3;4-1-6;4-6-5;4-3-2;4-3-5;4-2-3;4-2-6;4-6-3;4-3-6,4-5-1;4-5-2;4-2-1;4-6-1,4-5-1;4-5-2;4-2-1;4-6-1;4-1-2;4-1-5,4-5-1;4-5-2;4-2-1;4-6-1;4-1-2;4-1-5;4-3-1;4-5-3,0,BREAK,50.068999999999996,0,54.39633333333334,0.496,0.5614,5
2-4-1,0.7813333333333334,2026-08-09,0.7441166666666668,0.7416666666666667,0.5326666666666667,0,0.2,0.5499,0,0,0,0,0.6709999999999999,2000,400,600,800,差し,0,0.7613500000000001,76.295,7320,test,202608090503,0.284,0,0,0,0,78.29333333333334,76.43966666666668,76.21625,74.74950000000001,76.4325,76.50833333333335,0.6,0.86,0.19999999999999996,0.6,4-5-1;4-5-2;4-6-1;4-5-6;4-2-1;4-1-5;4-5-3;4-1-2;4-2-5;4-6-2;4-6-5;4-3-1;4-1-6;4-3-5;4-1-3;4-2-6;4-3-2;4-2-3;4-6-3;4-3-6,4-5-1;4-5-2;4-6-1;4-5-6,4-5-1;4-5-2;4-6-1;4-5-6;4-2-1;4-1-5,4-5-1;4-5-2;4-6-1;4-5-6;4-2-1;4-1-5;4-5-3;4-1-2,0,BREAK,76.43966666666668,1,54.39633333333334,0.29800000000000004,0.7069,2
2-4-5,0.5706666666666667,2026-08-09,0.6204333333333334,0.6253333333333333,0.5433333333333333,0,1.748,0.9371,0,0,0,0,0.6381,2000,400,600,800,差し,0,0.58335,60.043,2610,test,202608090506,0.348,0,0,0,0,58.77466666666666,56.65533333333334,58.6455,61.751200000000004,61.263,61.23466666666666,-0.4,0.33,0.6000000000000001,0.8,4-5-1;4-5-2;4-2-1;4-5-6;4-6-1;4-6-2;4-1-2;4-2-5;4-1-5;4-5-3;4-6-5;4-2-6;4-3-1;4-1-6;4-3-2;4-3-5;4-2-3;4-1-3;4-6-3;4-3-6,4-5-1;4-5-2;4-2-1;4-5-6,4-5-1;4-5-2;4-2-1;4-5-6;4-6-1;4-6-2,4-5-1;4-5-2;4-2-1;4-5-6;4-6-1;4-6-2;4-1-2;4-2-5,0,BREAK,56.65533333333334,1,54.39633333333334,0.32,0.6702,2
1-6-4,0.49533333333333335,2026-08-09,0.6201666666666666,0.6376666666666666,0.4246666666666667,0,1.732,0.933,0,0,0,0,0.7192999999999999,2000,400,600,800,逃げ,0,0.49545000000000006,50.08700000000001,2270,test,202608091004,0.31999999999999995,0,0,0,0,50.07533333333333,52.65466666666668,53.75950000000001,58.747600000000006,56.317,56.480333333333334,-0.20000000000000007,0.37,0.4,0.7,4-5-1;4-6-1;4-5-6;4-5-2;4-6-2;4-2-1;4-1-6;4-6-5;4-1-5;4-1-2;4-3-1;4-2-6;4-5-3;4-2-5;4-6-3;4-1-3;4-3-6;4-3-5;4-3-2;4-2-3,4-5-1;4-6-1;4-5-6;4-5-2,4-5-1;4-6-1;4-5-6;4-5-2;4-6-2;4-2-1,4-5-1;4-6-1;4-5-6;4-5-2;4-6-2;4-2-1;4-1-6;4-6-5,-0.5,BREAK,52.65466666666668,0,54.39633333333334,0.22000000000000003,0.745,1
1-3-2,0.432,2026-08-09,0.45319999999999994,0.47,0.5,0,1.015,0.7538,0,0,0,0,0.478,2000,400,600,800,逃げ,0,0.45,45.975,950,test,202608091411,0.588,0,0,0,0,44.175000000000004,36.05499999999999,38.785000000000004,45.82299999999999,45.235,45.885,-0.20000000000000007,0.31,-0.6000000000000001,0.19999999999999996,4-5-1;4-5-2;4-2-1;4-6-1;4-1-2;4-3-1;4-5-6;4-1-5;4-6-2;4-5-3;4-2-5;4-1-6;4-3-2;4-1-3;4-6-5;4-2-6;4-2-3;4-3-5;4-6-3;4-3-6,4-5-1;4-5-2;4-2-1;4-6-1,4-5-1;4-5-2;4-2-1;4-6-1;4-1-2;4-3-1,4-5-1;4-5-2;4-2-1;4-6-1;4-1-2;4-3-1;4-5-6;4-1-5,0,BREAK,36.05499999999999,0,54.39633333333334,0.49200000000000005,0.47439999999999993,1
1-2-4,0.8473333333333334,2026-08-09,0.7696666666666667,0.7416666666666667,0.45666666666666667,0,1.425,0.8564,0,0,0,0,0.6700999999999999,2000,400,600,800,抜き,0,0.8217000000000001,83.555,960,test,202608091504,0.20399999999999996,0,0,0,0,86.11833333333333,81.06366666666666,81.61999999999999,79.88919999999999,82.23499999999999,81.36333333333334,0.6,0.8300000000000001,0.4,0.7,4-5-1;4-5-2;4-6-1;4-2-1;4-5-6;4-1-2;4-1-5;4-6-2;4-2-5;4-5-3;4-6-5;4-1-6;4-3-1;4-2-6;4-3-2;4-3-5;4-1-3;4-2-3;4-6-3;4-3-6,4-5-1;4-5-2;4-6-1;4-2-1,4-5-1;4-5-2;4-6-1;4-2-1;4-5-6;4-1-2,4-5-1;4-5-2;4-6-1;4-2-1;4-5-6;4-1-2;4-1-5;4-6-2,0,BREAK,81.06366666666666,1,54.39633333333334,0.364,0.692,1
5-1-2,0.4673333333333333,2026-08-09,0.5890166666666666,0.6306666666666667,0.38466666666666666,0,0.588,0.6471,0,0,0,0,0.6958,2000,400,600,800,まくり差し,0,0.46954999999999997,47.503,18480,test,202608092011,0.44399999999999995,0,0,0,0,47.281333333333336,51.81366666666667,51.96674999999999,55.958099999999995,53.3655,54.63133333333334,0.19999999999999996,0.44999999999999996,0.20000000000000007,0.6000000000000001,4-5-1;4-6-1;4-5-2;4-5-6;4-2-1;4-6-2;4-1-2;4-1-6;4-1-5;4-6-5;4-2-6;4-2-5;4-3-1;4-5-3;4-1-3;4-6-3;4-3-2;4-3-6;4-3-5;4-2-3,4-5-1;4-6-1;4-5-2;4-5-6,4-5-1;4-6-1;4-5-2;4-5-6;4-2-1;4-6-2,4-5-1;4-6-1;4-5-2;4-5-6;4-2-1;4-6-2;4-1-2;4-1-6,0,BREAK,51.81366666666667,0,54.39633333333334,0.20600000000000002,0.7107,5
4-2-5,0.8186666666666667,2026-08-09,0.6833333333333333,0.7953333333333333,0.4,1,1.425,0.8564,1,0,1,1,0.5542,2000,400,600,800,まくり,1,0.7759,78.975,720,test,202608092306,0.8680000000000001,720,0,720,720,83.25166666666665,73.41433333333333,75.115,73.37339999999999,76.48499999999999,82.20166666666665,0.4,0.67,0.4,0.7,4-5-2;4-5-1;4-2-1;4-6-2;4-1-2;4-2-5;4-6-1;4-2-6;4-5-6;4-3-2;4-2-3;4-1-5;4-5-3;4-6-5;4-3-1;4-1-6;4-1-3;4-6-3;4-3-5;4-3-6,4-5-2;4-5-1;4-2-1;4-6-2,4-5-2;4-5-1;4-2-1;4-6-2;4-1-2;4-2-5,4-5-2;4-5-1;4-2-1;4-6-2;4-1-2;4-2-5;4-6-1;4-2-6,0,BREAK,73.41433333333333,1,54.39633333333334,0.22799999999999998,0.548,4
4-1-5,0.558,2026-08-10,0.48660000000000003,0.551,0.2966666666666667,1,0.725,0.6813,1,0,0,0,0.4575,2000,400,600,800,まくり,1,0.56735,56.27,4730,test,202608100506,0.824,4730,0,0,0,55.33500000000001,43.77100000000001,46.82000000000001,50.982,51.765,55.02000000000001,-0.19999999999999996,0.34,-0.20000000000000007,0.39999999999999997,4-5-2;4-5-1;4-6-2;4-2-1;4-6-1;4-5-6;4-1-2;4-2-5;4-2-6;4-6-5;4-1-5;4-5-3;4-1-6;4-3-2;4-3-1;4-2-3;4-3-5;4-6-3;4-1-3;4-3-6,4-5-2;4-5-1;4-6-2;4-2-1,4-5-2;4-5-1;4-6-2;4-2-1;4-6-1;4-5-6,4-5-2;4-5-1;4-6-2;4-2-1;4-6-1;4-5-6;4-1-2;4-2-5,-0.5,BREAK,43.77100000000001,0,54.39633333333334,0.45599999999999996,0.4152,4
1-4-6,0.562,2026-08-10,0.6684,0.653,0.7406666666666668,0,1.015,0.7538,0,0,0,0,0.6977,2000,400,600,800,逃げ,0,0.562,57.175000000000004,2130,test,202608101403,0.16799999999999998,0,0,0,0,57.175000000000004,69.919,66.565,63.35240000000001,62.495,61.27000000000001,0.8,0.8700000000000001,0.20000000000000007,0.6000000000000001,4-5-1;4-6-1;4-5-2;4-5-6;4-1-5;4-2-1;4-3-1;4-1-2;4-5-3;4-1-6;4-6-5;4-6-2;4-1-3;4-2-5;4-3-5;4-2-6;4-6-3;4-3-2;4-3-6;4-2-3,4-5-1;4-6-1;4-5-2;4-5-6,4-5-1;4-6-1;4-5-2;4-5-6;4-1-5;4-2-1,4-5-1;4-6-1;4-5-2;4-5-6;4-1-5;4-2-1;4-3-1;4-1-2,0,BREAK,69.919,1,54.39633333333334,0.256,0.7747999999999999,1
4-3-2,0.882,2026-08-10,0.70985,0.6499999999999999,0.17866666666666664,1,1.798,0.9494,1,0,0,0,0.5811,2000,400,600,800,まくり差し,0,0.8399000000000001,85.748,3960,test,202608102308,0.23999999999999996,3960,0,0,0,89.958,73.211,75.88425,78.1737,81.3505,79.518,0.6,0.8300000000000001,-0.4,0.3,4-5-1;4-6-1;4-5-2;4-5-6;4-6-2;4-2-1;4-1-2;4-1-6;4-3-1;4-5-3;4-6-5;4-2-6;4-1-5;4-6-3;4-2-5;4-3-2;4-1-3;4-3-6;4-2-3;4-3-5,4-5-1;4-6-1;4-5-2;4-5-6,4-5-1;4-6-1;4-5-2;4-5-6;4-6-2;4-2-1,4-5-1;4-6-1;4-5-2;4-5-6;4-6-2;4-2-1;4-1-2;4-1-6,0,BREAK,73.211,1,54.39633333333334,0.5820000000000001,0.5377,4
4-1-5,0.3566666666666667,2026-08-10,0.33263333333333334,0.29833333333333334,0.49133333333333334,1,-0.752,0.3119,1,0,0,1,0.33909999999999996,2000,400,600,800,差し,0,0.37725,36.93299999999999,1500,test,202608102406,0.5640000000000001,1500,0,0,1500,34.87466666666667,30.807333333333336,32.8905,33.7672,33.673,32.24966666666667,-1.0,0.030000000000000027,0.4,0.7,4-5-1;4-5-2;4-6-1;4-2-1;4-5-6;4-1-2;4-1-5;4-6-2;4-1-6;4-3-1;4-6-5;4-2-5;4-5-3;4-2-6;4-1-3;4-3-2;4-3-5;4-6-3;4-2-3;4-3-6,4-5-1;4-5-2;4-6-1;4-2-1,4-5-1;4-5-2;4-6-1;4-2-1;4-5-6;4-1-2,4-5-1;4-5-2;4-6-1;4-2-1;4-5-6;4-1-2;4-1-5;4-6-2,0,BREAK,30.807333333333336,0,54.39633333333334,0.76,0.3086,4
1-3-6,0.43333333333333335,2026-08-11,0.6102666666666667,0.6046666666666667,0.45666666666666667,0,-1.628,0.093,0,0,0,0,0.7506999999999999,2000,400,600,800,逃げ,0,0.45200000000000007,42.38200000000001,4840,test,202608110110,0.192,0,0,0,0,40.51533333333334,49.360666666666674,49.172000000000004,52.805400000000006,49.36200000000001,48.225333333333346,-0.19999999999999996,0.37,0.6000000000000001,0.8,4-5-1;4-6-1;4-5-2;4-2-1;4-5-6;4-1-2;4-6-2;4-1-5;4-1-6;4-6-5;4-3-1;4-5-3;4-2-5;4-2-6;4-1-3;4-6-3;4-3-2;4-3-5;4-3-6;4-2-3,4-5-1;4-6-1;4-5-2;4-2-1,4-5-1;4-6-1;4-5-2;4-2-1;4-5-6;4-1-2,4-5-1;4-6-1;4-5-2;4-2-1;4-5-6;4-1-2;4-6-2;4-1-5,-0.5,BREAK,49.360666666666674,0,54.39633333333334,0.22399999999999998,0.7872,1
4-1-5,0.9233333333333333,2026-08-11,0.7592166666666667,0.7126666666666667,0.37266666666666665,1,0.047,0.5116,1,0,1,1,0.6006,2000,400,600,800,まくり,1,0.89845,88.702,920,test,202608110408,0.23199999999999998,920,0,920,920,91.19033333333333,75.01466666666667,78.47075000000001,79.1667,82.9845,81.71033333333334,0.20000000000000007,0.66,0.4,0.7,4-5-1;4-5-2;4-6-1;4-2-1;4-1-5;4-5-6;4-1-2;4-5-3;4-3-1;4-2-5;4-6-2;4-6-5;4-1-6;4-1-3;4-3-5;4-2-6;4-3-2;4-2-3;4-6-3;4-3-6,4-5-1;4-5-2;4-6-1;4-2-1,4-5-1;4-5-2;4-6-1;4-2-1;4-1-5;4-5-6,4-5-1;4-5-2;4-6-1;4-2-1;4-1-5;4-5-6;4-1-2;4-5-3,-0.5,BREAK,75.01466666666667,1,54.39633333333334,0.498,0.5951,4
4-3-1,0.6913333333333334,2026-08-11,0.6396166666666667,0.6686666666666667,0.41666666666666663,1,1.579,0.8947,1,0,0,0,0.5868,2000,400,600,800,まくり,1,0.68535,70.07399999999998,11460,test,202608110505,0.52,11460,0,0,0,70.67233333333333,67.20866666666666,67.88274999999999,66.82109999999999,68.08649999999999,69.65233333333333,0.4,0.61,0.4,0.7,4-6-2;4-5-2;4-6-1;4-5-1;4-2-1;4-5-6;4-2-6;4-1-2;4-3-2;4-6-5;4-1-6;4-6-3;4-5-3;4-2-5;4-3-1;4-2-3;4-3-6;4-1-5;4-1-3;4-3-5,4-6-2;4-5-2;4-6-1;4-5-1,4-6-2;4-5-2;4-6-1;4-5-1;4-2-1;4-5-6,4-6-2;4-5-2;4-6-1;4-5-1;4-2-1;4-5-6;4-2-6;4-1-2,0,BREAK,67.20866666666666,1,54.39633333333334,0.354,0.5879,4
1-2-4,0.8453333333333334,2026-08-11,0.8465166666666667,0.9056666666666666,0.5786666666666667,0,-1.781,0.0547,0,0,0,0,0.7828999999999999,2000,400,600,800,逃げ,0,0.8212999999999999,80.30899999999998,3320,test,202608110608,0.372,0,0,0,0,82.71233333333332,88.85866666666665,86.95525,81.37429999999999,82.77149999999999,85.42733333333332,1.0,0.94,1.0,1.0,4-5-1;4-6-1;4-5-2;4-2-1;4-1-2;4-1-5;4-5-6;4-1-6;4-6-2;4-3-1;4-6-5;4-2-5;4-5-3;4-2-6;4-1-3;4-3-2;4-3-5;4-6-3;4-2-3;4-3-6,4-5-1;4-6-1;4-5-2;4-2-1,4-5-1;4-6-1;4-5-2;4-2-1;4-1-2;4-1-5,4-5-1;4-6-1;4-5-2;4-2-1;4-1-2;4-1-5;4-5-6;4-1-6,0,BREAK,88.85866666666665,1,54.39633333333334,0.033999999999999996,0.8477,1
5-4-1,0.5326666666666666,2026-08-11,0.5368833333333333,0.5533333333333332,0.4593333333333333,0,0.047,0.5116,0,0,0,0,0.5408,2000,400,600,800,まくり差し,0,0.542,54.207,3080,test,202608110708,0.52,0,0,0,0,53.273666666666664,51.97933333333333,51.43575,53.57909999999999,53.4845,54.203666666666656,0.4,0.76,-0.8,0.09999999999999998,4-5-1;4-5-2;4-6-1;4-5-6;4-2-1;4-1-5;4-1-2;4-6-2;4-2-5;4-6-5;4-5-3;4-1-6;4-3-1;4-2-6;4-3-5;4-1-3;4-3-2;4-2-3;4-6-3;4-3-6,4-5-1;4-5-2;4-6-1;4-5-6,4-5-1;4-5-2;4-6-1;4-5-6;4-2-1;4-1-5,4-5-1;4-5-2;4-6-1;4-5-6;4-2-1;4-1-5;4-1-2;4-6-2,0,BREAK,51.97933333333333,0,54.39633333333334,0.42600000000000005,0.5410999999999999,5
5-6-4,0.33699999999999997,2026-08-11,0.47812499999999997,0.472,0.5609999999999999,0,-1.918,0.0205,0,0,0,0,0.5923,2000,400,600,800,まくり差し,0,0.33904999999999996,31.946999999999996,3230,test,202608111303,0.358,0,0,0,0,31.741999999999997,48.4805,44.375125000000004,41.59235,38.798249999999996,37.817,0.4,0.67,0.0,0.5,4-5-1;4-5-6;4-5-2;4-6-1;4-6-2;4-6-5;4-2-1;4-1-6;4-2-6;4-1-5;4-2-5;4-1-2;4-5-3;4-6-3;4-3-1;4-3-6;4-3-5;4-3-2;4-1-3;4-2-3,4-5-1;4-5-6;4-5-2;4-6-1,4-5-1;4-5-6;4-5-2;4-6-1;4-6-2;4-6-5,4-5-1;4-5-6;4-5-2;4-6-1;4-6-2;4-6-5;4-2-1;4-1-6,0,BREAK,48.4805,0,54.39633333333334,0.393,0.61925,5
1-4-6,0.5553333333333333,2026-08-11,0.5347166666666666,0.5266666666666666,0.4646666666666667,0,-1.573,0.1067,0,0,0,0,0.5174,2000,400,600,800,逃げ,0,0.52825,51.212,710,test,202608112102,0.45599999999999996,0,0,0,0,53.92033333333333,52.07066666666666,51.86825,52.4673,52.8895,52.63033333333333,0.4,0.67,-0.4,0.3,4-6-1;4-5-1;4-2-1;4-6-2;4-5-2;4-1-2;4-1-6;4-5-6;4-3-1;4-2-6;4-1-5;4-6-5;4-1-3;4-6-3;4-5-3;4-2-5;4-3-2;4-3-6;4-2-3;4-3-5,4-6-1;4-5-1;4-2-1;4-6-2,4-6-1;4-5-1;4-2-1;4-6-2;4-5-2;4-1-2,4-6-1;4-5-1;4-2-1;4-6-2;4-5-2;4-1-2;4-1-6;4-5-6,0,BREAK,52.07066666666666,0,54.39633333333334,0.5020000000000001,0.5141,1
4-1-6,0.728,2026-08-11,0.62605,0.681,0.4713333333333333,1,0.211,0.5527,1,0,0,0,0.524,2000,400,600,800,差し,0,0.7179000000000001,75.001,810,test,202608112305,0.6799999999999999,810,0,0,0,76.011,57.79599999999999,63.28225,68.4645,70.9135,73.896,-0.4,0.24,0.4,0.7,4-5-2;4-5-1;4-2-1;4-1-2;4-6-2;4-6-1;4-2-5;4-2-6;4-5-6;4-1-5;4-3-2;4-1-6;4-3-1;4-2-3;4-6-5;4-5-3;4-1-3;4-6-3;4-3-5;4-3-6,4-5-2;4-5-1;4-2-1;4-1-2,4-5-2;4-5-1;4-2-1;4-1-2;4-6-2;4-6-1,4-5-2;4-5-1;4-2-1;4-1-2;4-6-2;4-6-1;4-2-5;4-2-6,0.5,BREAK,57.79599999999999,1,54.39633333333334,0.366,0.5241,4
5-1-2,0.4706666666666667,2026-08-12,0.4648333333333334,0.48933333333333334,0.6033333333333333,0,1.825,0.9562,0,0,0,0,0.44930000000000003,2000,400,600,800,恵まれ,0,0.48600000000000004,50.385000000000005,2580,test,202608120105,0.6319999999999999,0,0,0,0,48.851666666666674,45.220333333333336,47.83250000000001,48.20660000000001,48.56,49.69166666666667,-1.0,0.030000000000000027,1.0,1.0,4-5-2;4-5-1;4-2-1;4-1-2;4-6-2;4-2-5;4-6-1;4-5-6;4-1-5;4-3-2;4-2-6;4-5-3;4-3-1;4-2-3;4-6-5;4-1-6;4-1-3;4-3-5;4-6-3;4-3-6,4-5-2;4-5-1;4-2-1;4-1-2,4-5-2;4-5-1;4-2-1;4-1-2;4-6-2;4-2-5,4-5-2;4-5-1;4-2-1;4-1-2;4-6-2;4-2-5;4-6-1;4-5-6,0,BREAK,45.220333333333336,0,54.39633333333334,0.492,0.4590000000000001,5
4-6-2,0.5813333333333334,2026-08-12,0.5872666666666667,0.6446666666666667,0.6366666666666667,1,0.254,0.5636,1,0,1,1,0.5579000000000001,2000,400,600,800,まくり差し,0,0.58045,58.259,3400,test,202608120409,0.6199999999999999,3400,0,3400,3400,58.34733333333334,61.59666666666667,61.24900000000002,58.0098,58.644000000000005,61.19733333333335,0.20000000000000007,0.48000000000000004,0.8,0.9,4-2-1;4-5-1;4-5-2;4-1-2;4-6-1;4-6-2;4-2-6;4-3-1;4-1-6;4-3-2;4-2-5;4-5-6;4-1-5;4-2-3;4-1-3;4-5-3;4-6-5;4-6-3;4-3-6;4-3-5,4-2-1;4-5-1;4-5-2;4-1-2,4-2-1;4-5-1;4-5-2;4-1-2;4-6-1;4-6-2,4-2-1;4-5-1;4-5-2;4-1-2;4-6-1;4-6-2;4-2-6;4-3-1,0,BREAK,61.59666666666667,1,54.39633333333334,0.292,0.5932000000000001,4
2-1-3,0.723,2026-08-12,0.669575,0.71,0.505,0,-1.491,0.1272,0,0,0,0,0.5973999999999999,2000,400,600,800,差し,0,0.7130500000000001,69.774,16940,test,202608121301,0.534,0,0,0,0,70.76899999999999,61.6245,63.828375,66.40305,68.09774999999999,70.18399999999998,0.4,0.61,0.0,0.5,4-5-1;4-5-2;4-2-1;4-1-2;4-2-5;4-5-6;4-6-1;4-1-5;4-6-2;4-5-3;4-6-5;4-3-1;4-2-6;4-1-6;4-3-2;4-3-5;4-2-3;4-1-3;4-6-3;4-3-6,4-5-1;4-5-2;4-2-1;4-1-2,4-5-1;4-5-2;4-2-1;4-1-2;4-2-5;4-5-6,4-5-1;4-5-2;4-2-1;4-1-2;4-2-5;4-5-6;4-6-1;4-1-5,0,BREAK,61.6245,1,54.39633333333334,0.303,0.61615,2
1-2-6,0.615,2026-08-12,0.648175,0.627,0.488,0,-1.546,0.1135,0,0,0,0,0.65625,2000,400,600,800,逃げ,0,0.60305,58.719,9030,test,202608121302,0.23999999999999996,0,0,0,0,59.914,66.43749999999999,64.11837499999999,61.81675,61.57275,60.45400000000001,0.8,0.8700000000000001,0.0,0.5,4-5-1;4-5-2;4-5-6;4-6-1;4-6-5;4-6-2;4-1-5;4-5-3;4-2-1;4-2-5;4-1-6;4-1-2;4-2-6;4-3-1;4-3-5;4-6-3;4-3-6;4-1-3;4-3-2;4-2-3,4-5-1;4-5-2;4-5-6;4-6-1,4-5-1;4-5-2;4-5-6;4-6-1;4-6-5;4-6-2,4-5-1;4-5-2;4-5-6;4-6-1;4-6-5;4-6-2;4-1-5;4-5-3,0,BREAK,66.43749999999999,1,54.39633333333334,0.361,0.68135,1
1-4-6,0.38,2026-08-12,0.48424999999999996,0.437,0.3726666666666667,0,-1.338,0.1655,0,0,0,0,0.595,2000,400,600,800,逃げ,0,0.3958,38.202,1330,test,202608121602,0.236,0,0,0,0,36.622,44.387,42.32825,44.479499999999994,41.8345,39.187,0.4,0.67,-0.6000000000000001,0.19999999999999996,4-6-1;4-5-1;4-6-2;4-5-6;4-5-2;4-6-5;4-1-6;4-2-6;4-2-1;4-1-2;4-6-3;4-5-3;4-3-6;4-3-1;4-1-5;4-2-5;4-3-2;4-1-3;4-2-3;4-3-5,4-6-1;4-5-1;4-6-2;4-5-6,4-6-1;4-5-1;4-6-2;4-5-6;4-5-2;4-6-5,4-6-1;4-5-1;4-6-2;4-5-6;4-5-2;4-6-5;4-1-6;4-2-6,0,BREAK,44.387,0,54.39633333333334,0.506,0.5885,1
1-4-2,0.6346666666666667,2026-08-12,0.6239833333333333,0.6523333333333334,0.41600000000000004,0,-1.923,0.0192,0,0,0,0,0.6085,2000,400,600,800,逃げ,0,0.61625,59.662,770,test,202608122105,0.492,0,0,0,0,61.50366666666667,56.12733333333334,58.423249999999996,60.60750000000001,60.969500000000004,62.29866666666668,-0.19999999999999996,0.37000000000000005,0.6,0.8,4-6-1;4-5-1;4-2-1;4-6-2;4-5-2;4-1-2;4-1-6;4-5-6;4-2-6;4-3-1;4-1-5;4-6-5;4-2-5;4-1-3;4-6-3;4-3-2;4-5-3;4-3-6;4-2-3;4-3-5,4-6-1;4-5-1;4-2-1;4-6-2,4-6-1;4-5-1;4-2-1;4-6-2;4-5-2;4-1-2,4-6-1;4-5-1;4-2-1;4-6-2;4-5-2;4-1-2;4-1-6;4-5-6,0,BREAK,56.12733333333334,1,54.39633333333334,0.32999999999999996,0.6133000000000001,1
1-5-6,0.7946666666666667,2026-08-12,0.6986833333333333,0.7543333333333333,0.45466666666666666,0,-1.984,0.0041,0,0,0,0,0.5932999999999999,2000,400,600,800,逃げ,0,0.77225,75.201,9890,test,202608122106,0.604,0,0,0,0,77.44266666666667,73.64033333333334,74.12975,70.1331,72.6435,75.62766666666667,0.4,0.67,0.8,0.9,4-5-1;4-5-2;4-5-6;4-6-1;4-6-2;4-2-1;4-6-5;4-2-5;4-1-2;4-2-6;4-5-3;4-1-5;4-1-6;4-3-1;4-3-2;4-6-3;4-2-3;4-3-5;4-3-6;4-1-3,4-5-1;4-5-2;4-5-6;4-6-1,4-5-1;4-5-2;4-5-6;4-6-1;4-6-2;4-2-1,4-5-1;4-5-2;4-5-6;4-6-1;4-6-2;4-2-1;4-6-5;4-2-5,0,BREAK,73.64033333333334,1,54.39633333333334,0.28600000000000003,0.6027,1
4-1-5,0.4946666666666667,2026-08-12,0.47418333333333335,0.4003333333333333,0.52,1,0.889,0.7223,1,0,0,0,0.4587,2000,400,600,800,差し,0,0.49025,49.874,5290,test,202608122109,0.27199999999999996,5290,0,0,0,50.31566666666667,42.423333333333346,44.89025000000001,48.90990000000001,49.291500000000006,46.070666666666675,-0.6,0.32000000000000006,-0.19999999999999996,0.4,4-5-1;4-6-1;4-5-2;4-2-1;4-6-2;4-5-6;4-1-2;4-1-6;4-1-5;4-6-5;4-2-6;4-3-1;4-2-5;4-5-3;4-1-3;4-6-3;4-3-2;4-3-6;4-2-3;4-3-5,4-5-1;4-6-1;4-5-2;4-2-1,4-5-1;4-6-1;4-5-2;4-2-1;4-6-2;4-5-6,4-5-1;4-6-1;4-5-2;4-2-1;4-6-2;4-5-6;4-1-2;4-1-6,0,BREAK,42.423333333333346,0,54.39633333333334,0.6940000000000001,0.4537,4
4-3-5,0.29333333333333333,2026-08-12,0.24731666666666668,0.16366666666666668,0.4226666666666667,1,-1.748,0.0629,1,0,0,0,0.2589,2000,400,600,800,まくり差し,0,0.28924999999999995,27.136999999999993,3610,test,202608122404,0.488,3610,0,0,0,27.545333333333332,23.93166666666667,24.228250000000003,25.4073,25.244500000000002,21.710333333333338,-0.4,0.33,-0.8,0.09999999999999998,4-5-1;4-5-2;4-6-1;4-2-1;4-3-1;4-5-3;4-5-6;4-6-2;4-1-2;4-3-2;4-1-3;4-1-5;4-1-6;4-6-3;4-6-5;4-2-3;4-2-5;4-3-5;4-2-6;4-3-6,4-5-1;4-5-2;4-6-1;4-2-1,4-5-1;4-5-2;4-6-1;4-2-1;4-3-1;4-5-3,4-5-1;4-5-2;4-6-1;4-2-1;4-3-1;4-5-3;4-5-6;4-6-2,0,BREAK,23.93166666666667,0,54.39633333333334,0.966,0.20130000000000003,4
1-4-2,0.5,2026-08-13,0.5,0.5,0.5,0,0.84,0.71,0,0,0,0,0.5,2000,400,600,800,逃げ,0,0.507,51.50000000000001,1440,test,202608130205,0.5,0,0,0,0,50.800000000000004,50.8,50.800000000000004,50.800000000000004,50.800000000000004,50.800000000000004,0.0,0.5,0.0,0.5,4-5-1;4-5-2;4-6-1;4-5-6;4-2-1;4-1-5;4-1-2;4-5-3;4-6-5;4-3-1;4-6-2;4-1-6;4-2-5;4-1-3;4-3-5;4-2-6;4-3-2;4-6-3;4-2-3;4-3-6,4-5-1;4-5-2;4-6-1;4-5-6,4-5-1;4-5-2;4-6-1;4-5-6;4-2-1;4-1-5,4-5-1;4-5-2;4-6-1;4-5-6;4-2-1;4-1-5;4-1-2;4-5-3,0,BREAK,50.8,0,54.39633333333334,0.5,0.5,1
1-2-6,0.5,2026-08-13,0.5,0.5,0.5,0,1.874,0.9685,0,0,0,0,0.5,2000,400,600,800,逃げ,0,0.507,52.534000000000006,8620,test,202608130210,0.5,0,0,0,0,51.834,51.833999999999996,51.834,51.834,51.834,51.834,0.0,0.5,0.0,0.5,4-5-1;4-6-1;4-5-2;4-2-1;4-5-6;4-6-2;4-1-2;4-1-6;4-1-5;4-6-5;4-2-6;4-3-1;4-2-5;4-5-3;4-1-3;4-6-3;4-3-2;4-3-6;4-2-3;4-3-5,4-5-1;4-6-1;4-5-2;4-2-1,4-5-1;4-6-1;4-5-2;4-2-1;4-5-6;4-6-2,4-5-1;4-6-1;4-5-2;4-2-1;4-5-6;4-6-2;4-1-2;4-1-6,0,BREAK,51.833999999999996,0,54.39633333333334,0.5,0.5,1
1-3-2,0.5,2026-08-13,0.5,0.5,0.5,0,-1.114,0.2216,0,0,0,0,0.5,2000,400,600,800,逃げ,0,0.5183,50.676,1350,test,202608130312,0.5,0,0,0,0,48.846000000000004,48.846,48.846000000000004,48.846000000000004,48.846000000000004,48.846000000000004,0.0,0.5,0.0,0.5,4-5-1;4-5-2;4-6-1;4-2-1;4-1-2;4-6-2;4-5-6;4-1-5;4-1-6;4-3-1;4-2-5;4-6-5;4-5-3;4-2-6;4-1-3;4-3-2;4-2-3;4-6-3;4-3-5;4-3-6,4-5-1;4-5-2;4-6-1;4-2-1,4-5-1;4-5-2;4-6-1;4-2-1;4-1-2;4-6-2,4-5-1;4-5-2;4-6-1;4-2-1;4-1-2;4-6-2;4-5-6;4-1-5,0,BREAK,48.846,0,54.39633333333334,0.5,0.5,1
5-6-4,0.5,2026-08-13,0.5,0.5,0.5,0,0.889,0.7223,0,0,0,0,0.5,2000,400,600,800,抜き,0,0.4983,50.67900000000001,22710,test,202608130608,0.5,0,0,0,0,50.849000000000004,50.849,50.849000000000004,50.849000000000004,50.849000000000004,50.849000000000004,0.0,0.5,0.0,0.5,4-5-1;4-5-2;4-6-1;4-2-1;4-1-2;4-5-6;4-1-5;4-6-2;4-3-1;4-1-6;4-5-3;4-6-5;4-2-5;4-1-3;4-2-6;4-3-2;4-3-5;4-6-3;4-2-3;4-3-6,4-5-1;4-5-2;4-6-1;4-2-1,4-5-1;4-5-2;4-6-1;4-2-1;4-1-2;4-5-6,4-5-1;4-5-2;4-6-1;4-2-1;4-1-2;4-5-6;4-1-5;4-6-2,0,BREAK,50.849,0,54.39633333333334,0.5,0.5,5
2-1-4,0.5,2026-08-13,0.5,0.5,0.5,0,-1.201,0.1997,0,0,0,0,0.5,2000,400,600,800,差し,0,0.525,51.259,960,test,202608130706,0.5,0,0,0,0,48.759,48.75899999999999,48.759,48.759,48.759,48.759,0.0,0.5,0.0,0.5,4-5-2;4-6-2;4-2-1;4-5-1;4-6-1;4-1-2;4-2-6;4-5-6;4-1-6;4-3-2;4-2-5;4-2-3;4-3-1;4-6-5;4-5-3;4-6-3;4-1-5;4-3-6;4-1-3;4-3-5,4-5-2;4-6-2;4-2-1;4-5-1,4-5-2;4-6-2;4-2-1;4-5-1;4-6-1;4-1-2,4-5-2;4-6-2;4-2-1;4-5-1;4-6-1;4-1-2;4-2-6;4-5-6,0,BREAK,48.75899999999999,0,54.39633333333334,0.5,0.5,2
4-1-3,0.574,2026-08-14,0.594575,0.5334999999999999,0.6449999999999999,1,-1.201,0.1997,1,0,0,0,0.577,2000,400,600,800,まくり差し,0,0.5861500000000001,56.22400000000001,3140,test,202608141210,0.15799999999999997,3140,0,0,0,55.009,45.8125,49.333375000000004,55.69225,56.037749999999996,53.186499999999995,-0.6000000000000001,0.32,0.0,0.5,4-5-1;4-5-2;4-2-1;4-6-1;4-1-2;4-1-5;4-5-6;4-3-1;4-6-2;4-2-5;4-1-6;4-5-3;4-1-3;4-6-5;4-2-6;4-3-2;4-3-5;4-2-3;4-6-3;4-3-6,4-5-1;4-5-2;4-2-1;4-6-1,4-5-1;4-5-2;4-2-1;4-6-1;4-1-2;4-1-5,4-5-1;4-5-2;4-2-1;4-6-1;4-1-2;4-1-5;4-5-6;4-3-1,-0.5,BREAK,45.8125,0,54.39633333333334,0.5070000000000001,0.61515,4
2-4-3,0.573,2026-08-14,0.492675,0.45399999999999996,0.26,0,0.047,0.5116,0,0,0,0,0.46204999999999996,2000,400,600,800,まくり,0,0.5730500000000001,57.312000000000005,13880,test,202608141302,0.44399999999999995,0,0,0,0,57.306999999999995,51.5845,52.543875,52.45634999999999,53.290749999999996,51.95199999999999,-0.20000000000000007,0.49000000000000005,0.0,0.5,4-5-1;4-5-2;4-2-1;4-2-5;4-1-2;4-1-5;4-5-6;4-6-1;4-6-2;4-5-3;4-6-5;4-3-1;4-3-2;4-2-6;4-3-5;4-2-3;4-1-6;4-1-3;4-6-3;4-3-6,4-5-1;4-5-2;4-2-1;4-2-5,4-5-1;4-5-2;4-2-1;4-2-5;4-1-2;4-1-5,4-5-1;4-5-2;4-2-1;4-2-5;4-1-2;4-1-5;4-5-6;4-6-1,0,BREAK,51.5845,0,54.39633333333334,0.665,0.41235,2
1-2-4,0.546,2026-08-14,0.47602500000000003,0.3985,0.465,0,1.513,0.8782,0,0,0,0,0.4265,2000,400,600,800,逃げ,0,0.53005,54.478,700,test,202608141307,0.30599999999999994,0,0,0,0,56.073,51.00150000000001,51.913625,51.344750000000005,52.574250000000006,49.435500000000005,-0.19999999999999996,0.4600000000000001,0.0,0.5,4-5-1;4-5-2;4-6-1;4-6-2;4-2-1;4-5-6;4-1-2;4-2-6;4-1-6;4-6-5;4-2-5;4-1-5;4-3-1;4-5-3;4-3-2;4-6-3;4-2-3;4-1-3;4-3-6;4-3-5,4-5-1;4-5-2;4-6-1;4-6-2,4-5-1;4-5-2;4-6-1;4-6-2;4-2-1;4-5-6,4-5-1;4-5-2;4-6-1;4-6-2;4-2-1;4-5-6;4-1-2;4-2-6,0,BREAK,51.00150000000001,0,54.39633333333334,0.749,0.40605,1
6-1-3,0.2633333333333333,2026-08-15,0.31986666666666663,0.30166666666666664,0.3513333333333334,0,-1.097,0.2257,0,0,0,0,0.4175,2000,400,600,800,恵まれ,0,0.28200000000000003,25.913,51870,test,202608150112,0.556,0,0,0,0,24.04633333333333,27.643666666666668,27.843,29.133999999999997,26.872999999999994,25.771333333333327,-0.8,0.13,0.20000000000000007,0.6000000000000001,4-5-1;4-5-2;4-2-1;4-6-1;4-1-2;4-1-5;4-5-6;4-2-5;4-6-2;4-5-3;4-3-1;4-1-6;4-6-5;4-1-3;4-3-2;4-2-6;4-3-5;4-2-3;4-6-3;4-3-6,4-5-1;4-5-2;4-2-1;4-6-1,4-5-1;4-5-2;4-2-1;4-6-1;4-1-2;4-1-5,4-5-1;4-5-2;4-2-1;4-6-1;4-1-2;4-1-5;4-5-6;4-2-5,-0.5,BREAK,27.643666666666668,0,54.39633333333334,0.66,0.37639999999999996,6
5-4-1,0.8200000000000001,2026-08-15,0.6225,0.5700000000000001,0.405,0,0.862,0.7155,0,0,0,0,0.45124999999999993,2000,400,600,800,抜き,0,0.8083,83.282,13990,test,202608150302,0.38,0,0,0,0,84.452,68.982,71.5145,70.4145,74.577,73.20200000000001,0.19999999999999996,0.66,0.0,0.5,4-5-1;4-6-1;4-2-1;4-5-2;4-5-6;4-3-1;4-1-6;4-1-2;4-6-2;4-1-5;4-5-3;4-1-3;4-6-5;4-2-6;4-6-3;4-3-6;4-3-2;4-2-5;4-3-5;4-2-3,4-5-1;4-6-1;4-2-1;4-5-2,4-5-1;4-6-1;4-2-1;4-5-2;4-5-6;4-3-1,4-5-1;4-6-1;4-2-1;4-5-2;4-5-6;4-3-1;4-1-6;4-1-2,1.0,BREAK,68.982,1,54.39633333333334,0.68,0.42499999999999993,5
1-3-5,0.33299999999999996,2026-08-15,0.39252499999999996,0.38499999999999995,0.78,0,1.688,0.922,0,0,0,0,0.41735,2000,400,600,800,逃げ,0,0.32845,34.493,1990,test,202608151804,0.52,0,0,0,0,34.948,39.06250000000001,38.681125,38.58944999999999,37.92425,37.288000000000004,-0.6000000000000001,0.32,0.0,0.5,4-5-1;4-2-1;4-5-2;4-1-2;4-6-1;4-1-5;4-6-2;4-3-1;4-1-6;4-5-6;4-2-5;4-1-3;4-5-3;4-2-6;4-3-2;4-6-5;4-2-3;4-3-5;4-6-3;4-3-6,4-5-1;4-2-1;4-5-2;4-1-2,4-5-1;4-2-1;4-5-2;4-1-2;4-6-1;4-1-5,4-5-1;4-2-1;4-5-2;4-1-2;4-6-1;4-1-5;4-6-2;4-3-1,0,BREAK,39.06250000000001,0,54.39633333333334,0.5630000000000001,0.45204999999999995,1
4-3-1,0.5033333333333334,2026-08-16,0.4522666666666667,0.5236666666666667,0.5086666666666667,1,-0.676,0.3311,1,0,0,0,0.41369999999999996,2000,400,600,800,差し,0,0.518,51.084,4150,test,202608160202,0.8639999999999999,4150,0,0,0,49.61733333333334,39.30266666666667,42.024,46.113400000000006,47.06400000000001,50.53233333333334,-0.19999999999999996,0.34,-0.4,0.3,4-5-1;4-5-2;4-2-1;4-6-1;4-6-2;4-1-2;4-5-6;4-2-5;4-1-5;4-3-1;4-2-6;4-1-6;4-5-3;4-6-5;4-3-2;4-2-3;4-1-3;4-6-3;4-3-5;4-3-6,4-5-1;4-5-2;4-2-1;4-6-1,4-5-1;4-5-2;4-2-1;4-6-1;4-6-2;4-1-2,4-5-1;4-5-2;4-2-1;4-6-1;4-6-2;4-1-2;4-5-6;4-2-5,0,BREAK,39.30266666666667,0,54.39633333333334,0.45599999999999996,0.4012,4
3-2-4,0.63,2026-08-16,0.5911,0.575,0.36133333333333334,0,-1.338,0.1655,0,0,0,0,0.5654,2000,400,600,800,まくり,0,0.6084499999999999,59.46699999999999,7540,test,202608160404,0.388,0,0,0,0,61.622,63.84400000000001,61.69950000000001,59.03379999999999,59.67699999999999,59.147000000000006,0.8,0.93,-0.4,0.3,4-5-1;4-5-2;4-2-1;4-1-2;4-6-1;4-6-2;4-2-5;4-1-5;4-5-6;4-3-1;4-5-3;4-3-2;4-2-6;4-1-6;4-2-3;4-1-3;4-6-5;4-3-5;4-6-3;4-3-6,4-5-1;4-5-2;4-2-1;4-1-2,4-5-1;4-5-2;4-2-1;4-1-2;4-6-1;4-6-2,4-5-1;4-5-2;4-2-1;4-1-2;4-6-1;4-6-2;4-2-5;4-1-5,0,BREAK,63.84400000000001,1,54.39633333333334,0.48,0.5522,3
2-4-6,0.914,2026-08-16,0.803,0.873,0.548,0,1.584,0.896,0,0,0,0,0.655,2000,400,600,800,抜き,0,0.89325,90.869,1580,test,202608160904,0.5680000000000001,0,0,0,0,92.944,87.03600000000002,87.57900000000001,83.916,87.394,91.099,0.8,0.87,0.6,0.8,4-5-1;4-5-2;4-6-1;4-6-2;4-2-1;4-1-2;4-5-6;4-2-6;4-1-6;4-2-5;4-6-5;4-1-5;4-3-1;4-3-2;4-5-3;4-2-3;4-6-3;4-1-3;4-3-6;4-3-5,4-5-1;4-5-2;4-6-1;4-6-2,4-5-1;4-5-2;4-6-1;4-6-2;4-2-1;4-1-2,4-5-1;4-5-2;4-6-1;4-6-2;4-2-1;4-1-2;4-5-6;4-2-6,0,BREAK,87.03600000000002,1,54.39633333333334,0.16799999999999998,0.692,2
1-2-4,0.736,2026-08-16,0.6618999999999999,0.58,0.3653333333333333,0,1.234,0.8085,0,0,0,0,0.5959999999999999,2000,400,600,800,逃げ,0,0.72745,72.789,400,test,202608161001,0.10799999999999998,0,0,0,0,73.64399999999999,63.33,66.4315,68.34099999999998,69.939,66.62400000000001,-0.4,0.42000000000000004,0.6,0.8,4-5-1;4-6-1;4-5-2;4-2-1;4-1-5;4-1-2;4-5-6;4-3-1;4-1-6;4-5-3;4-6-2;4-6-5;4-1-3;4-2-5;4-2-6;4-3-5;4-3-2;4-6-3;4-3-6;4-2-3,4-5-1;4-6-1;4-5-2;4-2-1,4-5-1;4-6-1;4-5-2;4-2-1;4-1-5;4-1-2,4-5-1;4-6-1;4-5-2;4-2-1;4-1-5;4-1-2;4-5-6;4-3-1,-0.5,BREAK,63.33,1,54.39633333333334,0.5760000000000001,0.5877999999999999,1
2-4-5,0.44200000000000006,2026-08-16,0.48875,0.522,0.5306666666666666,0,0.047,0.5116,0,0,0,0,0.5251,2000,400,600,800,差し,0,0.45,45.007,13970,test,202608161411,0.588,0,0,0,0,44.207,53.678,51.10575,47.4377,46.5445,47.80700000000001,0.4,0.6100000000000001,0.20000000000000007,0.6000000000000001,4-5-1;4-6-1;4-5-2;4-2-1;4-5-6;4-1-2;4-6-2;4-1-5;4-1-6;4-3-1;4-6-5;4-5-3;4-2-5;4-2-6;4-1-3;4-3-2;4-6-3;4-3-5;4-2-3;4-3-6,4-5-1;4-6-1;4-5-2;4-2-1,4-5-1;4-6-1;4-5-2;4-2-1;4-5-6;4-1-2,4-5-1;4-6-1;4-5-2;4-2-1;4-5-6;4-1-2;4-6-2;4-1-5,0,BREAK,53.678,0,54.39633333333334,0.398,0.5355,2
2-4-1,0.541,2026-08-17,0.563675,0.637,0.45499999999999996,0,-1.524,0.119,0,0,0,0,0.5791,2000,400,600,800,差し,0,0.5271499999999999,50.00099999999999,9690,test,202608171208,0.6859999999999999,0,0,0,0,51.386,58.347500000000004,55.917875,52.90445000000001,52.51975,55.706,0.6,0.77,0.0,0.5,4-5-1;4-5-2;4-6-1;4-5-6;4-2-1;4-6-2;4-1-2;4-6-5;4-1-5;4-2-5;4-1-6;4-2-6;4-5-3;4-3-1;4-3-2;4-6-3;4-3-5;4-1-3;4-2-3;4-3-6,4-5-1;4-5-2;4-6-1;4-5-6,4-5-1;4-5-2;4-6-1;4-5-6;4-2-1;4-6-2,4-5-1;4-5-2;4-6-1;4-5-6;4-2-1;4-6-2;4-1-2;4-6-5,-0.5,BREAK,58.347500000000004,1,54.39633333333334,0.267,0.58635,2
1-2-6,0.678,2026-08-17,0.55185,0.478,0.4706666666666667,0,0.047,0.5116,0,0,0,0,0.4422999999999999,2000,400,600,800,逃げ,0,0.66355,66.362,2240,test,202608172005,0.3,0,0,0,0,67.807,46.668000000000006,52.323249999999994,58.83709999999999,61.49949999999999,58.80700000000001,-0.4,0.2700000000000001,-0.20000000000000007,0.39999999999999997,4-5-1;4-6-1;4-2-1;4-5-2;4-1-2;4-6-2;4-1-6;4-3-1;4-5-6;4-1-5;4-2-6;4-1-3;4-2-5;4-3-2;4-5-3;4-6-5;4-2-3;4-6-3;4-3-6;4-3-5,4-5-1;4-6-1;4-2-1;4-5-2,4-5-1;4-6-1;4-2-1;4-5-2;4-1-2;4-6-2,4-5-1;4-6-1;4-2-1;4-5-2;4-1-2;4-6-2;4-1-6;4-3-1,0,BREAK,46.668000000000006,0,54.39633333333334,0.7220000000000001,0.42569999999999997,1
1-2-4,0.46599999999999997,2026-08-18,0.51285,0.53,0.6,0,0.698,0.6744,0,0,0,0,0.5355,2000,400,600,800,逃げ,0,0.4631,46.968,820,test,202608181105,0.504,0,0,0,0,47.257999999999996,43.243,44.419250000000005,50.192499999999995,49.600500000000004,50.138000000000005,0.19999999999999996,0.54,-0.8,0.09999999999999998,4-5-1;4-6-1;4-2-1;4-5-2;4-1-2;4-1-5;4-6-2;4-1-6;4-5-6;4-3-1;4-2-5;4-6-5;4-1-3;4-2-6;4-5-3;4-3-2;4-2-3;4-6-3;4-3-5;4-3-6,4-5-1;4-6-1;4-2-1;4-5-2,4-5-1;4-6-1;4-2-1;4-5-2;4-1-2;4-1-5,4-5-1;4-6-1;4-2-1;4-5-2;4-1-2;4-1-5;4-6-2;4-1-6,0,BREAK,43.243,0,54.39633333333334,0.406,0.5597,1
1-4-5,0.577,2026-08-18,0.635825,0.594,0.335,0,-1.092,0.2271,0,0,0,0,0.6908,2000,400,600,800,逃げ,0,0.5791499999999999,55.632999999999996,1710,test,202608181204,0.14999999999999997,0,0,0,0,55.418,56.7505,56.793625,59.68635,58.35925,56.18300000000001,0.19999999999999996,0.63,0.0,0.5,4-5-1;4-5-2;4-5-6;4-6-1;4-2-1;4-1-5;4-5-3;4-6-5;4-2-5;4-6-2;4-1-2;4-3-1;4-1-6;4-3-5;4-2-6;4-3-2;4-1-3;4-6-3;4-2-3;4-3-6,4-5-1;4-5-2;4-5-6;4-6-1,4-5-1;4-5-2;4-5-6;4-6-1;4-2-1;4-1-5,4-5-1;4-5-2;4-5-6;4-6-1;4-2-1;4-1-5;4-5-3;4-6-5,-0.5,BREAK,56.7505,1,54.39633333333334,0.389,0.69465,1
4-6-1,0.859,2026-08-18,0.803375,0.834,0.491,1,1.601,0.9001,1,1,1,1,0.7115,2000,400,600,800,まくり,1,0.8330500000000001,87.906,2310,test,202608181312,0.366,2310,2310,2310,2310,90.501,84.4805,85.145375,85.58725,87.71974999999999,89.376,0.8,0.93,0.0,0.5,4-6-1;4-5-1;4-2-1;4-6-2;4-5-2;4-1-2;4-1-6;4-5-6;4-2-6;4-1-5;4-3-1;4-6-5;4-2-5;4-1-3;4-3-2;4-6-3;4-5-3;4-3-6;4-2-3;4-3-5,4-6-1;4-5-1;4-2-1;4-6-2,4-6-1;4-5-1;4-2-1;4-6-2;4-5-2;4-1-2,4-6-1;4-5-1;4-2-1;4-6-2;4-5-2;4-1-2;4-1-6;4-5-6,0.5,BREAK,84.4805,1,54.39633333333334,0.191,0.74775,4
4-5-2,0.3466666666666666,2026-08-19,0.4678333333333333,0.5133333333333333,0.53,1,1.748,0.9371,1,1,1,1,0.5705,2000,400,600,800,恵まれ,0,0.35145000000000004,36.853,700,test,202608191004,0.58,700,700,700,700,36.37466666666666,37.09133333333333,38.470499999999994,44.934,42.433,43.87466666666666,-0.6,0.26,-0.20000000000000007,0.39999999999999997,4-5-1;4-5-2;4-1-5;4-2-1;4-6-1;4-1-2;4-3-1;4-5-6;4-5-3;4-2-5;4-1-6;4-1-3;4-6-5;4-6-2;4-3-5;4-3-2;4-2-6;4-2-3;4-6-3;4-3-6,4-5-1;4-5-2;4-1-5;4-2-1,4-5-1;4-5-2;4-1-5;4-2-1;4-6-1;4-1-2,4-5-1;4-5-2;4-1-5;4-2-1;4-6-1;4-1-2;4-3-1;4-5-6,0,BREAK,37.09133333333333,0,54.39633333333334,0.32,0.589,4
1-2-4,0.622,2026-08-19,0.69695,0.712,0.84,0,-1.157,0.2107,0,0,0,0,0.6799,2000,400,600,800,逃げ,0,0.59945,57.59800000000001,910,test,202608191007,0.284,0,0,0,0,59.85300000000001,62.44800000000001,62.356750000000005,63.37530000000001,63.60050000000001,63.90300000000002,0.4,0.67,0.20000000000000007,0.6000000000000001,4-5-1;4-6-1;4-5-2;4-2-1;4-1-2;4-1-5;4-5-6;4-3-1;4-1-6;4-6-2;4-5-3;4-6-5;4-1-3;4-2-5;4-2-6;4-3-2;4-6-3;4-3-5;4-2-3;4-3-6,4-5-1;4-6-1;4-5-2;4-2-1,4-5-1;4-6-1;4-5-2;4-2-1;4-1-2;4-1-5,4-5-1;4-6-1;4-5-2;4-2-1;4-1-2;4-1-5;4-5-6;4-3-1,-0.5,BREAK,62.44800000000001,1,54.39633333333334,0.198,0.7719,1
4-2-1,0.12,2026-08-19,0.35395,0.383,0.878,1,-1.332,0.1669,1,1,1,1,0.5176000000000001,2000,400,600,800,まくり,1,0.13110000000000002,14.778000000000002,7200,test,202608191103,0.52,7200,7200,7200,7200,13.668,23.547,23.216749999999998,29.433699999999998,25.365499999999997,25.503,-0.6,0.17000000000000004,-0.4,0.3,4-5-1;4-6-1;4-2-1;4-1-6;4-5-2;4-6-2;4-1-2;4-5-6;4-3-1;4-1-5;4-6-5;4-2-6;4-1-3;4-5-3;4-6-3;4-3-6;4-2-5;4-3-2;4-2-3;4-3-5,4-5-1;4-6-1;4-2-1;4-1-6,4-5-1;4-6-1;4-2-1;4-1-6;4-5-2;4-6-2,4-5-1;4-6-1;4-2-1;4-1-6;4-5-2;4-6-2;4-1-2;4-5-6,0.5,BREAK,23.547,0,54.39633333333334,0.354,0.5879,4
1-5-4,0.5426666666666666,2026-08-19,0.4962833333333333,0.5043333333333333,0.602,0,-1.174,0.2066,0,0,0,0,0.44199999999999995,2000,400,600,800,逃げ,0,0.5331,52.096000000000004,2740,test,202608191104,0.5800000000000001,0,0,0,0,53.05266666666667,34.54633333333334,39.79975,49.4465,50.73349999999999,51.327666666666666,-0.4,0.2700000000000001,-0.8,0.09999999999999998,4-5-1;4-5-2;4-6-1;4-5-6;4-2-1;4-6-2;4-1-2;4-1-5;4-6-5;4-2-5;4-5-3;4-1-6;4-2-6;4-3-1;4-3-2;4-3-5;4-1-3;4-6-3;4-2-3;4-3-6,4-5-1;4-5-2;4-6-1;4-5-6,4-5-1;4-5-2;4-6-1;4-5-6;4-2-1;4-6-2,4-5-1;4-5-2;4-6-1;4-5-6;4-2-1;4-6-2;4-1-2;4-1-5,0,BREAK,34.54633333333334,0,54.39633333333334,0.534,0.44989999999999997,1
1-4-3,0.744,2026-08-19,0.757775,0.7205,0.35300000000000004,0,1.956,0.9891,0,0,0,0,0.7534,2000,400,600,800,逃げ,0,0.7320500000000001,75.12100000000001,2100,test,202608191306,0.09,0,0,0,0,76.316,74.4635,74.72037499999999,76.93605,77.00474999999999,75.2585,0.6000000000000001,0.8300000000000001,0.0,0.5,4-5-1;4-6-1;4-5-2;4-5-6;4-2-1;4-1-5;4-1-2;4-1-6;4-6-5;4-5-3;4-3-1;4-6-2;4-2-5;4-1-3;4-2-6;4-3-5;4-6-3;4-3-2;4-3-6;4-2-3,4-5-1;4-6-1;4-5-2;4-5-6,4-5-1;4-6-1;4-5-2;4-5-6;4-2-1;4-1-5,4-5-1;4-6-1;4-5-2;4-5-6;4-2-1;4-1-5;4-1-2;4-1-6,0,BREAK,74.4635,1,54.39633333333334,0.303,0.77155,1
1-3-4,0.538,2026-08-19,0.41202500000000003,0.4045,0.629,0,0.468,0.617,0,0,0,0,0.29889999999999994,2000,400,600,800,逃げ,0,0.53405,53.833000000000006,2490,test,202608191311,0.6859999999999999,0,0,0,0,54.22800000000001,48.45250000000001,48.948625000000014,45.188550000000006,47.92925000000001,48.22050000000001,-0.19999999999999996,0.4600000000000001,0.0,0.5,4-5-1;4-2-1;4-5-2;4-1-2;4-6-1;4-3-1;4-6-2;4-1-5;4-3-2;4-2-5;4-1-3;4-5-3;4-1-6;4-5-6;4-2-3;4-2-6;4-6-5;4-3-5;4-6-3;4-3-6,4-5-1;4-2-1;4-5-2;4-1-2,4-5-1;4-2-1;4-5-2;4-1-2;4-6-1;4-3-1,4-5-1;4-2-1;4-5-2;4-1-2;4-6-1;4-3-1;4-6-2;4-1-5,0,BREAK,48.45250000000001,0,54.39633333333334,0.729,0.28605,1
1-2-6,0.4246666666666667,2026-08-19,0.46468333333333334,0.4713333333333334,0.4966666666666667,0,0.047,0.5116,0,0,0,0,0.5044,2000,400,600,800,逃げ,0,0.43324999999999997,43.331999999999994,6990,test,202608191901,0.52,0,0,0,0,42.47366666666667,43.351333333333336,44.710750000000004,45.4283,44.4745,44.573666666666675,-0.8,0.13,0.8,0.9,4-5-1;4-5-2;4-6-1;4-2-1;4-1-2;4-5-6;4-1-5;4-3-1;4-6-2;4-1-6;4-5-3;4-2-5;4-6-5;4-1-3;4-2-6;4-3-2;4-2-3;4-3-5;4-6-3;4-3-6,4-5-1;4-5-2;4-6-1;4-2-1,4-5-1;4-5-2;4-6-1;4-2-1;4-1-2;4-5-6,4-5-1;4-5-2;4-6-1;4-2-1;4-1-2;4-5-6;4-1-5;4-3-1,0,BREAK,43.351333333333336,0,54.39633333333334,0.482,0.5046999999999999,1
4-1-5,0.6073333333333333,2026-08-20,0.5297666666666666,0.5136666666666666,0.25533333333333336,1,0.047,0.5116,1,0,0,1,0.49629999999999996,2000,400,600,800,まくり,1,0.6104499999999999,59.901999999999994,1820,test,202608200408,0.488,1820,0,0,1820,59.59033333333333,53.81766666666667,55.99450000000001,54.82059999999999,55.71199999999999,55.37533333333334,-0.6,0.23000000000000004,1.0,1.0,4-5-1;4-5-2;4-6-1;4-2-1;4-5-6;4-1-2;4-1-5;4-6-2;4-5-3;4-2-5;4-3-1;4-6-5;4-1-6;4-2-6;4-3-2;4-1-3;4-3-5;4-2-3;4-6-3;4-3-6,4-5-1;4-5-2;4-6-1;4-2-1,4-5-1;4-5-2;4-6-1;4-2-1;4-5-6;4-1-2,4-5-1;4-5-2;4-6-1;4-2-1;4-5-6;4-1-2;4-1-5;4-6-2,-0.5,BREAK,53.81766666666667,0,54.39633333333334,0.5800000000000001,0.45219999999999994,4
1-3-4,0.26866666666666666,2026-08-20,0.40518333333333334,0.3873333333333333,0.45666666666666667,0,-0.856,0.2859,0,0,0,0,0.5422,2000,400,600,800,逃げ,0,0.28309999999999996,26.263999999999992,1050,test,202608201106,0.39199999999999996,0,0,0,0,24.820666666666664,34.86033333333333,32.630250000000004,34.9339,31.6465,30.16066666666666,0.20000000000000007,0.54,-0.6000000000000001,0.19999999999999996,4-5-1;4-6-1;4-5-2;4-2-1;4-3-1;4-1-2;4-1-5;4-5-3;4-5-6;4-1-3;4-1-6;4-6-2;4-2-5;4-6-5;4-3-2;4-3-5;4-2-3;4-2-6;4-6-3;4-3-6,4-5-1;4-6-1;4-5-2;4-2-1,4-5-1;4-6-1;4-5-2;4-2-1;4-3-1;4-1-2,4-5-1;4-6-1;4-5-2;4-2-1;4-3-1;4-1-2;4-1-5;4-5-3,-0.5,BREAK,34.86033333333333,0,54.39633333333334,0.494,0.5417000000000001,1
1-4-2,0.33399999999999996,2026-08-20,0.43737499999999996,0.3735,0.8029999999999999,0,1.415,0.8536,0,0,0,0,0.4901,2000,400,600,800,逃げ,0,0.34605,35.980000000000004,420,test,202608201307,0.22199999999999998,0,0,0,0,34.775,37.79449999999999,38.369375000000005,41.310449999999996,39.943749999999994,36.5525,-0.6,0.26,0.0,0.5,4-5-1;4-6-1;4-2-1;4-5-2;4-1-2;4-1-6;4-1-5;4-3-1;4-5-6;4-6-2;4-1-3;4-6-5;4-5-3;4-2-6;4-2-5;4-3-2;4-6-3;4-3-6;4-3-5;4-2-3,4-5-1;4-6-1;4-2-1;4-5-2,4-5-1;4-6-1;4-2-1;4-5-2;4-1-2;4-1-6,4-5-1;4-6-1;4-2-1;4-5-2;4-1-2;4-1-6;4-1-5;4-3-1,0,BREAK,37.79449999999999,0,54.39633333333334,0.587,0.5407500000000001,1
5-1-2,0.634,2026-08-20,0.61365,0.6559999999999999,0.534,0,1.852,0.9631,0,0,0,0,0.5735999999999999,2000,400,600,800,まくり,0,0.6338,65.192,5360,test,202608201604,0.5640000000000001,0,0,0,0,65.21199999999999,69.277,67.91324999999999,63.272699999999986,64.1945,66.20199999999998,0.4,0.67,0.6,0.8,4-5-1;4-5-2;4-2-1;4-1-2;4-6-1;4-1-5;4-2-5;4-3-1;4-6-2;4-5-6;4-5-3;4-3-2;4-1-6;4-1-3;4-2-6;4-2-3;4-6-5;4-3-5;4-6-3;4-3-6,4-5-1;4-5-2;4-2-1;4-1-2,4-5-1;4-5-2;4-2-1;4-1-2;4-6-1;4-1-5,4-5-1;4-5-2;4-2-1;4-1-2;4-6-1;4-1-5;4-2-5;4-3-1,0,BREAK,69.277,1,54.39633333333334,0.32200000000000006,0.5932999999999999,5
2-1-4,0.9913333333333333,2026-08-20,0.7264166666666666,0.6686666666666665,0.23066666666666663,0,1.912,0.9781,0,0,0,0,0.5084999999999998,2000,400,600,800,差し,0,0.95155,97.027,1740,test,202608202005,0.324,0,0,0,0,101.00533333333333,76.31766666666667,81.28575,82.43549999999999,87.75949999999999,86.48533333333333,0.19999999999999996,0.63,0.19999999999999996,0.6,4-5-1;4-5-2;4-2-1;4-6-1;4-1-2;4-6-2;4-3-1;4-5-6;4-1-5;4-5-3;4-2-5;4-3-2;4-1-6;4-1-3;4-2-6;4-2-3;4-6-5;4-3-5;4-6-3;4-3-6,4-5-1;4-5-2;4-2-1;4-6-1,4-5-1;4-5-2;4-2-1;4-6-1;4-1-2;4-6-2,4-5-1;4-5-2;4-2-1;4-6-1;4-1-2;4-6-2;4-3-1;4-5-6,0,BREAK,76.31766666666667,1,54.39633333333334,0.6540000000000001,0.4614999999999999,2
5-6-2,0.6426666666666667,2026-08-20,0.5170833333333333,0.5643333333333334,0.30866666666666664,0,0.047,0.5116,0,0,0,0,0.43579999999999997,2000,400,600,800,まくり,0,0.6379,63.797,95740,test,202608202311,0.784,0,0,0,0,64.27366666666666,49.06333333333333,53.34075,55.9551,57.9945,60.74866666666667,-0.4,0.21000000000000002,0.4,0.7,4-5-1;4-6-1;4-5-2;4-2-1;4-1-2;4-6-2;4-5-6;4-1-6;4-3-1;4-2-6;4-1-5;4-2-5;4-6-5;4-3-2;4-5-3;4-1-3;4-2-3;4-6-3;4-3-6;4-3-5,4-5-1;4-6-1;4-5-2;4-2-1,4-5-1;4-6-1;4-5-2;4-2-1;4-1-2;4-6-2,4-5-1;4-6-1;4-5-2;4-2-1;4-1-2;4-6-2;4-5-6;4-1-6,0,BREAK,49.06333333333333,0,54.39633333333334,0.514,0.39149999999999996,5
6-3-4,0.5006666666666666,2026-08-21,0.41218333333333323,0.34533333333333327,0.2886666666666667,0,-1.278,0.1806,0,0,0,0,0.3827999999999999,2000,400,600,800,まくり,0,0.516,50.282000000000004,11990,test,202608210205,0.428,0,0,0,0,48.748666666666665,28.064333333333334,33.71325,43.501099999999994,44.32449999999999,41.75866666666666,-0.8,0.16000000000000003,-0.8,0.09999999999999998,4-5-1;4-5-2;4-6-1;4-2-1;4-6-2;4-5-6;4-1-2;4-3-1;4-5-3;4-1-6;4-1-5;4-6-5;4-2-6;4-2-5;4-3-2;4-1-3;4-6-3;4-2-3;4-3-6;4-3-5,4-5-1;4-5-2;4-6-1;4-2-1,4-5-1;4-5-2;4-6-1;4-2-1;4-6-2;4-5-6,4-5-1;4-5-2;4-6-1;4-2-1;4-6-2;4-5-6;4-1-2;4-3-1,0,BREAK,28.064333333333334,0,54.39633333333334,0.81,0.3236999999999999,6
5-2-4,0.43666666666666665,2026-08-21,0.5039333333333333,0.5403333333333333,0.788,0,0.047,0.5116,0,0,0,0,0.5168,2000,400,600,800,まくり差し,0,0.4373,43.737,25850,test,202608210608,0.564,0,0,0,0,43.67366666666666,46.632333333333335,46.27199999999999,47.4546,47.037,48.33866666666667,0.20000000000000007,0.51,-0.19999999999999996,0.4,4-5-1;4-2-1;4-5-2;4-6-1;4-1-2;4-1-5;4-3-1;4-6-2;4-1-6;4-5-6;4-2-5;4-1-3;4-5-3;4-2-6;4-6-5;4-3-2;4-2-3;4-3-5;4-6-3;4-3-6,4-5-1;4-2-1;4-5-2;4-6-1,4-5-1;4-2-1;4-5-2;4-6-1;4-1-2;4-1-5,4-5-1;4-2-1;4-5-2;4-6-1;4-1-2;4-1-5;4-3-1;4-6-2,0,BREAK,46.632333333333335,0,54.39633333333334,0.356,0.5712,5
4-6-1,0.8340000000000001,2026-08-21,0.706,0.7270000000000001,0.6366666666666667,1,0.047,0.5116,1,1,1,1,0.5455,2000,400,600,800,まくり,1,0.8360000000000001,86.647,1770,test,202608210706,0.5,1770,1770,1770,1770,86.447,81.159,81.457,76.25999999999999,80.047,81.63200000000002,0.6000000000000001,0.77,0.6000000000000001,0.8,4-5-1;4-6-1;4-5-2;4-2-1;4-1-2;4-3-1;4-5-6;4-6-2;4-1-5;4-1-6;4-5-3;4-1-3;4-6-5;4-2-5;4-2-6;4-3-2;4-6-3;4-2-3;4-3-5;4-3-6,4-5-1;4-6-1;4-5-2;4-2-1,4-5-1;4-6-1;4-5-2;4-2-1;4-1-2;4-3-1,4-5-1;4-6-1;4-5-2;4-2-1;4-1-2;4-3-1;4-5-6;4-6-2,0.5,BREAK,81.159,1,54.39633333333334,0.38,0.578,4
1-2-5,0.324,2026-08-21,0.48860000000000003,0.56,0.3406666666666667,0,-1.343,0.1642,0,0,0,0,0.6531,2000,400,600,800,逃げ,0,0.3298,30.446999999999996,13840,test,202608211601,0.612,0,0,0,0,29.866999999999997,49.191,43.94200000000001,42.04520000000001,38.09700000000001,40.48700000000001,0.8,0.8400000000000001,-0.4,0.3,4-5-1;4-5-2;4-6-1;4-6-2;4-5-6;4-2-1;4-5-3;4-1-2;4-3-1;4-6-5;4-2-6;4-3-2;4-1-6;4-2-5;4-6-3;4-1-5;4-2-3;4-3-6;4-1-3;4-3-5,4-5-1;4-5-2;4-6-1;4-6-2,4-5-1;4-5-2;4-6-1;4-6-2;4-5-6;4-2-1,4-5-1;4-5-2;4-6-1;4-6-2;4-5-6;4-2-1;4-5-3;4-1-2,-0.5,BREAK,49.191,0,54.39633333333334,0.20400000000000001,0.6532,1
3-6-5,0.7240000000000001,2026-08-21,0.5781000000000001,0.506,0.029999999999999992,0,1.196,0.7989,0,0,0,0,0.5139,2000,400,600,800,まくり,0,0.68625,69.78099999999999,14490,test,202608212106,0.3,0,0,0,0,73.556,61.31000000000001,62.7685,64.5568,66.26100000000001,63.74600000000001,0.4,0.76,-0.6,0.2,4-5-1;4-5-2;4-5-6;4-6-1;4-6-2;4-6-5;4-2-1;4-2-6;4-2-5;4-1-2;4-1-6;4-5-3;4-1-5;4-6-3;4-3-1;4-3-2;4-3-6;4-3-5;4-2-3;4-1-3,4-5-1;4-5-2;4-5-6;4-6-1,4-5-1;4-5-2;4-5-6;4-6-1;4-6-2;4-6-5,4-5-1;4-5-2;4-5-6;4-6-1;4-6-2;4-6-5;4-2-1;4-2-6,0,BREAK,61.31000000000001,1,54.39633333333334,0.712,0.43220000000000003,3
1-2-6,0.42,2026-08-22,0.4586,0.474,0.44899999999999995,0,-1.332,0.1669,0,0,0,0,0.50505,2000,400,600,800,逃げ,0,0.45230000000000004,45.48800000000001,10010,test,202608220306,0.56,0,0,0,0,42.258,35.67,38.82300000000001,45.2871,44.188,44.688,-0.6,0.14,0.0,0.5,4-5-1;4-5-2;4-6-1;4-5-6;4-2-1;4-6-2;4-5-3;4-6-5;4-1-5;4-1-2;4-2-5;4-1-6;4-3-1;4-2-6;4-3-5;4-6-3;4-3-2;4-1-3;4-3-6;4-2-3,4-5-1;4-5-2;4-6-1;4-5-6,4-5-1;4-5-2;4-6-1;4-5-6;4-2-1;4-6-2,4-5-1;4-5-2;4-6-1;4-5-6;4-2-1;4-6-2;4-5-3;4-6-5,1.0,BREAK,35.67,0,54.39633333333334,0.472,0.4972,1
1-6-2,0.6240000000000001,2026-08-22,0.5186000000000001,0.45000000000000007,0.625,0,0.276,0.5691,0,0,0,0,0.40845,2000,400,600,800,逃げ,0,0.6323,66.506,1580,test,202608220309,0.33199999999999996,0,0,0,0,65.67600000000002,57.76000000000001,59.101000000000006,57.77190000000001,60.40600000000002,57.84600000000001,-0.20000000000000007,0.52,0.0,0.5,4-5-1;4-6-1;4-5-6;4-1-6;4-5-2;4-6-2;4-2-1;4-6-5;4-1-2;4-3-1;4-1-5;4-2-6;4-5-3;4-6-3;4-1-3;4-3-6;4-2-5;4-3-2;4-3-5;4-2-3,4-5-1;4-6-1;4-5-6;4-1-6,4-5-1;4-6-1;4-5-6;4-1-6;4-5-2;4-6-2,4-5-1;4-6-1;4-5-6;4-1-6;4-5-2;4-6-2;4-2-1;4-6-5,0.5,BREAK,57.76000000000001,1,54.39633333333334,0.724,0.4132,1
1-2-6,0.5720000000000001,2026-08-22,0.4832000000000001,0.5,0.567,0,-1.568,0.1081,0,0,0,0,0.39995,2000,400,600,800,抜き,0,0.5802999999999999,56.422,1510,test,202608220312,0.668,0,0,0,0,55.592000000000006,53.592000000000006,53.052,49.142900000000004,51.15200000000001,52.35200000000001,0.4,0.6100000000000001,0.0,0.5,4-5-1;4-6-1;4-2-1;4-5-2;4-1-2;4-6-2;4-1-6;4-5-6;4-3-1;4-1-5;4-2-6;4-6-5;4-1-3;4-5-3;4-2-5;4-3-2;4-6-3;4-2-3;4-3-6;4-3-5,4-5-1;4-6-1;4-2-1;4-5-2,4-5-1;4-6-1;4-2-1;4-5-2;4-1-2;4-6-2,4-5-1;4-6-1;4-2-1;4-5-2;4-1-2;4-6-2;4-1-6;4-5-6,0,BREAK,53.592000000000006,0,54.39633333333334,0.572,0.3944000000000001,1
1-6-4,0.8553333333333333,2026-08-22,0.8051666666666666,0.7876666666666666,0.45066666666666666,0,-1.103,0.2244,0,0,0,0,0.7244,2000,400,600,800,逃げ,0,0.83845,81.552,1740,test,202608220404,0.18,0,0,0,0,83.24033333333334,77.11966666666667,78.64950000000002,78.8548,80.732,80.19533333333334,0.4,0.73,0.6,0.8,4-5-1;4-6-1;4-5-6;4-5-2;4-6-5;4-6-2;4-1-6;4-2-1;4-1-5;4-5-3;4-3-1;4-1-2;4-2-6;4-6-3;4-2-5;4-3-6;4-1-3;4-3-5;4-3-2;4-2-3,4-5-1;4-6-1;4-5-6;4-5-2,4-5-1;4-6-1;4-5-6;4-5-2;4-6-5;4-6-2,4-5-1;4-6-1;4-5-6;4-5-2;4-6-5;4-6-2;4-1-6;4-2-1,-0.5,BREAK,77.11966666666667,1,54.39633333333334,0.27999999999999997,0.755,1
5-3-6,0.6686666666666667,2026-08-22,0.5500833333333334,0.5553333333333333,0.4786666666666667,0,1.398,0.8495,0,0,0,0,0.44489999999999996,2000,400,600,800,まくり差し,0,0.686,69.958,121970,test,202608220711,0.588,0,0,0,0,68.22466666666666,58.92233333333334,61.256750000000004,59.74430000000001,62.295500000000004,63.124666666666684,-0.20000000000000007,0.37000000000000005,0.6,0.8,4-5-1;4-5-2;4-2-1;4-6-1;4-6-2;4-1-2;4-5-6;4-3-1;4-5-3;4-2-5;4-1-5;4-2-6;4-3-2;4-1-6;4-6-5;4-2-3;4-1-3;4-6-3;4-3-5;4-3-6,4-5-1;4-5-2;4-2-1;4-6-1,4-5-1;4-5-2;4-2-1;4-6-1;4-6-2;4-1-2,4-5-1;4-5-2;4-2-1;4-6-1;4-6-2;4-1-2;4-5-6;4-3-1,0,BREAK,58.92233333333334,1,54.39633333333334,0.558,0.4315,5
1-3-4,0.6160000000000001,2026-08-22,0.49870000000000003,0.512,0.43499999999999994,0,0.047,0.5116,0,0,0,0,0.40874999999999995,2000,400,600,800,逃げ,0,0.6184999999999999,60.706999999999994,15250,test,202608220807,0.668,0,0,0,0,60.45700000000001,44.71900000000001,48.86450000000001,52.37850000000001,54.592,55.777000000000015,-0.4,0.2700000000000001,0.0,0.5,4-5-1;4-5-2;4-5-6;4-2-1;4-6-1;4-6-2;4-2-5;4-1-2;4-1-5;4-5-3;4-6-5;4-2-6;4-3-1;4-1-6;4-3-2;4-3-5;4-2-3;4-1-3;4-6-3;4-3-6,4-5-1;4-5-2;4-5-6;4-2-1,4-5-1;4-5-2;4-5-6;4-2-1;4-6-1;4-6-2,4-5-1;4-5-2;4-5-6;4-2-1;4-6-1;4-6-2;4-2-5;4-1-2,-0.5,BREAK,44.71900000000001,0,54.39633333333334,0.5920000000000001,0.38139999999999996,1
5-4-1,0.7326666666666667,2026-08-22,0.7281833333333334,0.7593333333333334,0.64,0,1.097,0.7743,0,0,0,0,0.6687,2000,400,600,800,まくり差し,0,0.7202500000000001,73.082,6750,test,202608222102,0.39199999999999996,0,0,0,0,74.32366666666665,68.29533333333333,70.16824999999999,72.7819,74.09949999999999,75.52366666666667,0.20000000000000007,0.63,0.20000000000000007,0.6000000000000001,4-5-1;4-6-1;4-5-2;4-2-1;4-5-6;4-1-2;4-1-5;4-1-6;4-3-1;4-6-2;4-6-5;4-5-3;4-1-3;4-2-5;4-2-6;4-6-3;4-3-2;4-3-5;4-3-6;4-2-3,4-5-1;4-6-1;4-5-2;4-2-1,4-5-1;4-6-1;4-5-2;4-2-1;4-5-6;4-1-2,4-5-1;4-6-1;4-5-2;4-2-1;4-5-6;4-1-2;4-1-5;4-1-6,0,BREAK,68.29533333333333,1,54.39633333333334,0.214,0.7237,5
4-1-2,0.606,2026-08-22,0.6214999999999999,0.597,0.3933333333333333,1,0.118,0.5294,1,0,0,1,0.6328,2000,400,600,800,まくり差し,0,0.5859000000000001,58.66800000000001,1760,test,202608222306,0.27199999999999996,1760,0,0,1760,60.678000000000004,50.196,53.5555,61.7326,61.453,60.273,-0.19999999999999996,0.46,-0.4,0.3,4-5-1;4-5-2;4-6-1;4-5-6;4-2-1;4-1-5;4-5-3;4-1-2;4-6-2;4-2-5;4-6-5;4-3-1;4-1-6;4-2-6;4-3-5;4-3-2;4-1-3;4-2-3;4-6-3;4-3-6,4-5-1;4-5-2;4-6-1;4-5-6,4-5-1;4-5-2;4-6-1;4-5-6;4-2-1;4-1-5,4-5-1;4-5-2;4-6-1;4-5-6;4-2-1;4-1-5;4-5-3;4-1-2,0,BREAK,50.196,0,54.39633333333334,0.41200000000000003,0.637,4
2-5-4,0.6086666666666667,2026-08-23,0.6672833333333333,0.7873333333333333,0.12666666666666665,0,1.562,0.8906,0,0,0,0,0.7463,2000,400,600,800,差し,0,0.5984499999999999,61.36699999999999,2990,test,202608230405,0.72,0,0,0,0,62.388666666666666,68.71033333333334,67.55075,67.17509999999999,65.31949999999999,70.42866666666666,0.6,0.65,0.6,0.8,4-5-1;4-5-2;4-6-1;4-2-1;4-6-2;4-1-2;4-5-6;4-2-6;4-2-5;4-1-6;4-1-5;4-3-1;4-5-3;4-6-5;4-3-2;4-2-3;4-1-3;4-6-3;4-3-6;4-3-5,4-5-1;4-5-2;4-6-1;4-2-1,4-5-1;4-5-2;4-6-1;4-2-1;4-6-2;4-1-2,4-5-1;4-5-2;4-6-1;4-2-1;4-6-2;4-1-2;4-5-6;4-2-6,0,BREAK,68.71033333333334,1,54.39633333333334,0.033999999999999996,0.7259,2
4-3-1,0.396,2026-08-23,0.458,0.402,0.3273333333333333,1,1.513,0.8782,1,0,0,1,0.5437000000000001,2000,400,600,800,抜き,0,0.4133,41.653,16970,test,202608230604,0.27199999999999996,16970,0,0,16970,39.923,36.891,38.813,45.0324,43.023,40.193000000000005,-0.6,0.26,-0.20000000000000007,0.39999999999999997,4-5-1;4-5-2;4-6-1;4-2-1;4-1-2;4-6-2;4-5-6;4-3-1;4-1-5;4-1-6;4-5-3;4-2-5;4-6-5;4-2-6;4-1-3;4-3-2;4-2-3;4-6-3;4-3-5;4-3-6,4-5-1;4-5-2;4-6-1;4-2-1,4-5-1;4-5-2;4-6-1;4-2-1;4-1-2;4-6-2,4-5-1;4-5-2;4-6-1;4-2-1;4-1-2;4-6-2;4-5-6;4-3-1,-0.5,BREAK,36.891,0,54.39633333333334,0.592,0.52,4
1-2-3,0.6006666666666667,2026-08-23,0.5930333333333333,0.5363333333333333,0.46,0,0.659,0.6648,0,0,0,0,0.5793999999999999,2000,400,600,800,逃げ,0,0.56725,57.344,770,test,202608232403,0.20399999999999996,0,0,0,0,60.68566666666667,66.33833333333332,63.3715,59.988800000000005,60.304,57.79066666666667,1.0,0.97,-0.4,0.3,4-5-1;4-5-2;4-2-1;4-6-1;4-6-2;4-1-2;4-5-6;4-2-5;4-5-3;4-1-5;4-3-1;4-2-6;4-6-5;4-3-2;4-1-6;4-2-3;4-1-3;4-3-5;4-6-3;4-3-6,4-5-1;4-5-2;4-2-1;4-6-1,4-5-1;4-5-2;4-2-1;4-6-1;4-6-2;4-1-2,4-5-1;4-5-2;4-2-1;4-6-1;4-6-2;4-1-2;4-5-6;4-2-5,0,BREAK,66.33833333333332,1,54.39633333333334,0.528,0.5854,1
4-5-3,0.20333333333333334,2026-08-23,0.3784791666666667,0.3929166666666667,0.3383333333333333,1,0.085,0.5212,1,0,0,0,0.569625,2000,400,600,800,差し,0,0.21025000000000002,21.070000000000004,16650,test,202608232408,0.5,16650,0,0,0,20.378333333333334,32.807916666666664,30.765312500000004,33.691125,29.135625000000005,28.90958333333334,-0.25,0.375,-0.25,0.375,4-5-1;4-6-1;4-5-6;4-5-2;4-1-6;4-2-1;4-3-1;4-1-5;4-5-3;4-6-5;4-6-2;4-1-2;4-1-3;4-6-3;4-2-6;4-3-6;4-2-5;4-3-5;4-3-2;4-2-3,4-5-1;4-6-1;4-5-6;4-5-2,4-5-1;4-6-1;4-5-6;4-5-2;4-1-6;4-2-1,4-5-1;4-6-1;4-5-6;4-5-2;4-1-6;4-2-1;4-3-1;4-1-5,0,BREAK,32.807916666666664,0,54.39633333333334,0.4175,0.553625,4
4-5-6,0.7926666666666666,2026-08-24,0.6953833333333332,0.7293333333333333,0.434,1,0.96,0.7401,1,0,1,1,0.5928,2000,400,600,800,まくり,1,0.788,79.71999999999998,1270,test,202608240706,0.528,1270,0,1270,1270,80.18666666666665,73.66233333333332,74.41124999999998,72.87109999999998,75.32249999999998,77.33666666666666,0.6,0.77,0.20000000000000007,0.6000000000000001,4-5-1;4-6-1;4-5-2;4-6-2;4-5-6;4-2-1;4-1-2;4-2-6;4-1-6;4-6-5;4-2-5;4-3-1;4-1-5;4-5-3;4-6-3;4-3-2;4-3-6;4-2-3;4-1-3;4-3-5,4-5-1;4-6-1;4-5-2;4-6-2,4-5-1;4-6-1;4-5-2;4-6-2;4-5-6;4-2-1,4-5-1;4-6-1;4-5-2;4-6-2;4-5-6;4-2-1;4-1-2;4-2-6,0,BREAK,73.66233333333332,1,54.39633333333334,0.334,0.5981,4
1-4-5,0.303,2026-08-24,0.38282499999999997,0.43899999999999995,0.7569999999999999,0,0.047,0.5116,0,0,0,0,0.42890000000000006,2000,400,600,800,逃げ,0,0.31305,34.352000000000004,2940,test,202608241311,0.746,0,0,0,0,33.347,45.5075,42.437625,38.51155,37.338249999999995,39.46699999999999,0.20000000000000007,0.51,0.0,0.5,4-5-1;4-5-2;4-2-1;4-1-2;4-6-1;4-1-5;4-6-2;4-3-1;4-5-6;4-2-5;4-5-3;4-1-6;4-3-2;4-1-3;4-2-6;4-6-5;4-2-3;4-3-5;4-6-3;4-3-6,4-5-1;4-5-2;4-2-1;4-1-2,4-5-1;4-5-2;4-2-1;4-1-2;4-6-1;4-1-5,4-5-1;4-5-2;4-2-1;4-1-2;4-6-1;4-1-5;4-6-2;4-3-1,0.5,BREAK,45.5075,0,54.39633333333334,0.42500000000000004,0.46265,1
4-6-5,0.833,2026-08-24,0.742325,0.76,0.46099999999999997,1,0.681,0.6703,1,0,0,0,0.6345000000000001,2000,400,600,800,まくり,1,0.79845,80.48599999999999,5290,test,202608241808,0.4139999999999999,5290,0,0,0,83.94099999999999,75.69149999999999,76.81912499999999,76.85374999999999,79.40724999999999,80.65599999999999,0.8,0.8400000000000001,0.0,0.5,4-5-2;4-5-1;4-5-6;4-6-2;4-6-1;4-2-1;4-2-5;4-1-2;4-6-5;4-5-3;4-2-6;4-1-5;4-1-6;4-3-2;4-3-1;4-2-3;4-3-5;4-6-3;4-3-6;4-1-3,4-5-2;4-5-1;4-5-6;4-6-2,4-5-2;4-5-1;4-5-6;4-6-2;4-6-1;4-2-1,4-5-2;4-5-1;4-5-6;4-6-2;4-6-1;4-2-1;4-2-5;4-1-2,0,BREAK,75.69149999999999,1,54.39633333333334,0.31299999999999994,0.6516500000000001,4
1-6-4,0.46599999999999997,2026-08-24,0.4894,0.397,0.8526666666666667,0,1.458,0.8646,0,0,0,0,0.45930000000000004,2000,400,600,800,逃げ,0,0.45555,46.973,10750,test,202608242007,0.144,0,0,0,0,48.017999999999994,40.254,43.293,48.5726,49.188,44.913000000000004,-0.8,0.25,-0.20000000000000007,0.39999999999999997,4-5-1;4-6-1;4-5-2;4-2-1;4-3-1;4-1-5;4-1-2;4-5-6;4-1-6;4-5-3;4-6-2;4-1-3;4-6-5;4-2-5;4-6-3;4-2-6;4-3-5;4-3-2;4-3-6;4-2-3,4-5-1;4-6-1;4-5-2;4-2-1,4-5-1;4-6-1;4-5-2;4-2-1;4-3-1;4-1-5,4-5-1;4-6-1;4-5-2;4-2-1;4-3-1;4-1-5;4-1-2;4-5-6,0,BREAK,40.254,0,54.39633333333334,0.6719999999999999,0.5128,1
6-4-2,0.7026666666666667,2026-08-24,0.7624333333333333,0.8513333333333333,0.6666666666666667,0,1.103,0.7756,0,0,0,0,0.7476,2000,400,600,800,まくり差し,0,0.67355,68.41799999999999,6600,test,202608242009,0.508,0,0,0,0,71.32966666666665,76.62633333333332,75.63049999999998,74.11119999999997,74.318,78.01966666666667,0.6,0.77,0.6,0.8,4-5-1;4-6-1;4-5-2;4-5-6;4-6-2;4-2-1;4-1-6;4-6-5;4-1-2;4-2-6;4-1-5;4-3-1;4-2-5;4-5-3;4-6-3;4-3-6;4-1-3;4-3-2;4-2-3;4-3-5,4-5-1;4-6-1;4-5-2;4-5-6,4-5-1;4-6-1;4-5-2;4-5-6;4-6-2;4-2-1,4-5-1;4-6-1;4-5-2;4-5-6;4-6-2;4-2-1;4-1-6;4-6-5,0,BREAK,76.62633333333332,1,54.39633333333334,0.0,0.8222,6
1-2-4,0.5529999999999999,2026-08-25,0.5829249999999999,0.532,0.503,0,0.118,0.5294,0,0,0,0,0.5962,2000,400,600,800,逃げ,0,0.56705,56.78300000000001,630,test,202608251305,0.198,0,0,0,0,55.378,49.700500000000005,52.071124999999995,57.226150000000004,56.874249999999996,54.433,-0.4,0.39,0.0,0.5,4-5-1;4-5-2;4-2-1;4-1-2;4-6-1;4-6-2;4-2-5;4-5-6;4-1-5;4-5-3;4-3-1;4-2-6;4-3-2;4-6-5;4-1-6;4-2-3;4-1-3;4-3-5;4-6-3;4-3-6,4-5-1;4-5-2;4-2-1;4-1-2,4-5-1;4-5-2;4-2-1;4-1-2;4-6-1;4-6-2,4-5-1;4-5-2;4-2-1;4-1-2;4-6-1;4-6-2;4-2-5;4-5-6,0,BREAK,49.700500000000005,0,54.39633333333334,0.489,0.61285,1
3-1-5,0.8250000000000001,2026-08-25,0.730025,0.6839999999999999,0.10899999999999999,0,1.415,0.8536,0,0,0,0,0.6740999999999999,2000,400,600,800,まくり,0,0.80705,80.93,49910,test,202608251306,0.194,0,0,0,0,82.72500000000001,75.44550000000001,76.17562500000001,76.55595000000001,77.97625000000001,76.38000000000001,0.6,0.86,0.0,0.5,4-5-1;4-5-2;4-5-6;4-6-1;4-5-3;4-2-1;4-6-2;4-1-5;4-2-5;4-6-5;4-1-2;4-3-1;4-3-5;4-1-6;4-2-6;4-3-2;4-1-3;4-2-3;4-6-3;4-3-6,4-5-1;4-5-2;4-5-6;4-6-1,4-5-1;4-5-2;4-5-6;4-6-1;4-5-3;4-2-1,4-5-1;4-5-2;4-5-6;4-6-1;4-5-3;4-2-1;4-6-2;4-1-5,-0.5,BREAK,75.44550000000001,1,54.39633333333334,0.4570000000000001,0.6350499999999999,3
5-1-4,0.8099999999999999,2026-08-25,0.8029999999999999,0.831,0.33666666666666667,0,0.189,0.5472,0,0,0,0,0.7757000000000001,2000,400,600,800,まくり差し,0,0.7877000000000001,78.919,3150,test,202608251505,0.30799999999999994,0,0,0,0,81.14899999999999,81.92899999999999,81.02399999999999,80.18439999999998,80.79899999999999,82.094,1.0,0.97,0.20000000000000007,0.6000000000000001,4-5-1;4-5-2;4-5-6;4-6-1;4-2-1;4-1-5;4-6-2;4-1-2;4-2-5;4-6-5;4-5-3;4-1-6;4-3-1;4-2-6;4-3-5;4-3-2;4-1-3;4-2-3;4-6-3;4-3-6,4-5-1;4-5-2;4-5-6;4-6-1,4-5-1;4-5-2;4-5-6;4-6-1;4-2-1;4-1-5,4-5-1;4-5-2;4-5-6;4-6-1;4-2-1;4-1-5;4-6-2;4-1-2,0,BREAK,81.92899999999999,1,54.39633333333334,0.148,0.796,5
1-2-6,0.362,2026-08-25,0.44249999999999995,0.42499999999999993,0.4306666666666667,0,1.256,0.814,0,0,0,0,0.5302,2000,400,600,800,逃げ,0,0.4124,42.456,4450,test,202608251707,0.412,0,0,0,0,37.416,35.882000000000005,37.5585,43.53139999999999,41.441,40.251,-0.4,0.24,-0.20000000000000007,0.39999999999999997,4-5-1;4-5-2;4-2-1;4-6-1;4-6-2;4-1-2;4-5-6;4-2-5;4-1-5;4-5-3;4-3-1;4-6-5;4-2-6;4-1-6;4-3-2;4-2-3;4-1-3;4-3-5;4-6-3;4-3-6,4-5-1;4-5-2;4-2-1;4-6-1,4-5-1;4-5-2;4-2-1;4-6-1;4-6-2;4-1-2,4-5-1;4-5-2;4-2-1;4-6-1;4-6-2;4-1-2;4-5-6;4-2-5,0,BREAK,35.882000000000005,0,54.39633333333334,0.5120000000000001,0.5229999999999999,1
1-4-2,0.5406666666666666,2026-08-25,0.5598833333333333,0.5413333333333333,0.34800000000000003,0,0.047,0.5116,0,0,0,0,0.5903,2000,400,600,800,逃げ,0,0.5684,56.847,1300,test,202608251708,0.352,0,0,0,0,54.07366666666666,50.663333333333334,52.83075,55.74209999999999,55.034499999999994,54.10366666666667,-0.6,0.26000000000000006,0.6,0.8,4-5-1;4-5-2;4-6-1;4-5-6;4-6-2;4-2-1;4-1-2;4-6-5;4-1-5;4-1-6;4-5-3;4-2-5;4-3-1;4-2-6;4-6-3;4-3-2;4-1-3;4-3-5;4-3-6;4-2-3,4-5-1;4-5-2;4-6-1;4-5-6,4-5-1;4-5-2;4-6-1;4-5-6;4-6-2;4-2-1,4-5-1;4-5-2;4-6-1;4-5-6;4-6-2;4-2-1;4-1-2;4-6-5,0,BREAK,50.663333333333334,0,54.39633333333334,0.45799999999999996,0.5791000000000001,1
1-2-3,0.396,2026-08-25,0.42235,0.415,0.564,0,0.386,0.5964,0,0,0,0,0.44689999999999996,2000,400,600,800,逃げ,0,0.37755,38.101000000000006,600,test,202608252005,0.5239999999999999,0,0,0,0,39.946000000000005,45.16100000000001,43.54475000000001,41.856300000000005,41.26350000000001,40.80100000000001,0.19999999999999996,0.54,-0.20000000000000007,0.39999999999999997,4-5-1;4-2-1;4-5-2;4-6-1;4-1-2;4-1-5;4-3-1;4-6-2;4-5-6;4-1-6;4-2-5;4-5-3;4-1-3;4-3-2;4-2-6;4-6-5;4-2-3;4-3-5;4-6-3;4-3-6,4-5-1;4-2-1;4-5-2;4-6-1,4-5-1;4-2-1;4-5-2;4-6-1;4-1-2;4-1-5,4-5-1;4-2-1;4-5-2;4-6-1;4-1-2;4-1-5;4-3-1;4-6-2,0,BREAK,45.16100000000001,0,54.39633333333334,0.5660000000000001,0.4487,1
1-6-2,0.40066666666666667,2026-08-26,0.42308333333333337,0.44933333333333336,0.6993333333333334,0,-1.212,0.197,0,0,0,0,0.4234,2000,400,600,800,逃げ,0,0.39925,37.522999999999996,2220,test,202608260902,0.6519999999999999,0,0,0,0,37.66466666666667,47.19833333333334,43.40175000000001,38.8373,38.7855,39.85466666666667,0.8,0.81,-0.6,0.2,4-5-1;4-6-1;4-5-2;4-6-2;4-2-1;4-5-6;4-1-2;4-1-6;4-3-1;4-2-6;4-6-5;4-5-3;4-1-5;4-2-5;4-3-2;4-6-3;4-1-3;4-3-6;4-2-3;4-3-5,4-5-1;4-6-1;4-5-2;4-6-2,4-5-1;4-6-1;4-5-2;4-6-2;4-2-1;4-5-6,4-5-1;4-6-1;4-5-2;4-6-2;4-2-1;4-5-6;4-1-2;4-1-6,-0.5,BREAK,47.19833333333334,0,54.39633333333334,0.502,0.4455,1
4-6-3,0.8173333333333334,2026-08-26,0.6871166666666667,0.6496666666666666,0.3933333333333333,1,1.907,0.9767,1,0,0,0,0.5649,2000,400,600,800,まくり,1,0.80925,81.642,3890,test,202608260905,0.304,3890,0,0,0,82.45033333333333,65.98466666666667,69.98825,72.99029999999999,75.9395,74.90533333333335,-0.19999999999999996,0.52,0.20000000000000007,0.6000000000000001,4-5-1;4-5-2;4-6-1;4-6-2;4-5-6;4-2-1;4-1-2;4-2-6;4-1-6;4-6-5;4-2-5;4-1-5;4-3-1;4-5-3;4-3-2;4-6-3;4-3-6;4-2-3;4-1-3;4-3-5,4-5-1;4-5-2;4-6-1;4-6-2,4-5-1;4-5-2;4-6-1;4-6-2;4-5-6;4-2-1,4-5-1;4-5-2;4-6-1;4-6-2;4-5-6;4-2-1;4-1-2;4-2-6,-0.5,BREAK,65.98466666666667,1,54.39633333333334,0.518,0.5569,4
4-1-3,0.5233333333333333,2026-08-26,0.5749666666666666,0.6316666666666666,0.764,1,1.557,0.8892,1,0,0,0,0.5671999999999999,2000,400,600,800,抜き,0,0.51345,51.712,19890,test,202608261010,0.584,19890,0,0,0,52.70033333333333,49.87966666666668,51.27450000000001,55.2144,55.28200000000001,57.57533333333333,0.20000000000000007,0.48000000000000004,-0.20000000000000007,0.39999999999999997,4-5-1;4-5-2;4-6-1;4-5-6;4-6-2;4-2-1;4-1-2;4-2-5;4-6-5;4-2-6;4-1-5;4-5-3;4-1-6;4-3-1;4-3-2;4-2-3;4-3-5;4-6-3;4-1-3;4-3-6,4-5-1;4-5-2;4-6-1;4-5-6,4-5-1;4-5-2;4-6-1;4-5-6;4-6-2;4-2-1,4-5-1;4-5-2;4-6-1;4-5-6;4-6-2;4-2-1;4-1-2;4-2-5,-0.5,BREAK,49.87966666666668,0,54.39633333333334,0.26,0.6266,4
1-5-4,0.5046666666666667,2026-08-26,0.5864333333333334,0.6263333333333334,0.4746666666666667,0,0.047,0.5116,0,0,0,0,0.6462000000000001,2000,400,600,800,逃げ,0,0.49999999999999994,50.00699999999999,620,test,202608261403,0.48,0,0,0,0,50.47366666666667,61.70633333333334,58.25449999999999,56.04040000000001,54.562,55.948666666666675,0.8,0.8700000000000001,-0.20000000000000007,0.39999999999999997,4-5-1;4-5-2;4-6-1;4-5-6;4-1-5;4-2-1;4-1-2;4-2-5;4-6-5;4-6-2;4-1-6;4-5-3;4-3-1;4-2-6;4-3-5;4-1-3;4-3-2;4-2-3;4-6-3;4-3-6,4-5-1;4-5-2;4-6-1;4-5-6,4-5-1;4-5-2;4-6-1;4-5-6;4-1-5;4-2-1,4-5-1;4-5-2;4-6-1;4-5-6;4-1-5;4-2-1;4-1-2;4-2-5,0,BREAK,61.70633333333334,1,54.39633333333334,0.252,0.6682,1
1-6-4,0.6273333333333334,2026-08-27,0.7250666666666667,0.7796666666666667,0.488,0,0.161,0.5404,0,0,0,0,0.7754000000000001,2000,400,600,800,逃げ,0,0.6176999999999999,60.74099999999999,2360,test,202608271505,0.37999999999999995,0,0,0,0,61.704333333333345,70.87766666666668,68.59100000000001,67.8938,66.59100000000002,68.55933333333334,0.8,0.8700000000000001,0.19999999999999996,0.6,4-6-1;4-5-1;4-6-2;4-5-2;4-2-1;4-5-6;4-1-2;4-2-6;4-1-6;4-6-5;4-2-5;4-1-5;4-3-1;4-6-3;4-5-3;4-3-2;4-3-6;4-2-3;4-1-3;4-3-5,4-6-1;4-5-1;4-6-2;4-5-2,4-6-1;4-5-1;4-6-2;4-5-2;4-2-1;4-5-6,4-6-1;4-5-1;4-6-2;4-5-2;4-2-1;4-5-6;4-1-2;4-2-6,-0.5,BREAK,70.87766666666668,1,54.39633333333334,0.068,0.8228,1
5-1-4,0.638,2026-08-27,0.6448,0.614,0.24566666666666664,0,0.413,0.6033,0,0,0,0,0.66745,2000,400,600,800,まくり差し,0,0.6316999999999999,62.392999999999994,36810,test,202608271506,0.23399999999999999,0,0,0,0,63.02300000000001,68.303,66.563,63.87490000000001,63.363,61.943,0.4,0.76,0.4,0.7,4-5-1;4-6-1;4-5-6;4-1-6;4-5-2;4-6-5;4-1-5;4-2-1;4-6-2;4-3-1;4-1-2;4-5-3;4-6-3;4-2-6;4-1-3;4-3-6;4-2-5;4-3-5;4-3-2;4-2-3,4-5-1;4-6-1;4-5-6;4-1-6,4-5-1;4-6-1;4-5-6;4-1-6;4-5-2;4-6-5,4-5-1;4-6-1;4-5-6;4-1-6;4-5-2;4-6-5;4-1-5;4-2-1,-0.5,BREAK,68.303,1,54.39633333333334,0.41000000000000003,0.6516,5
2-1-4,0.8773333333333334,2026-08-28,0.7032166666666667,0.6916666666666667,0.22333333333333333,0,1.021,0.7551,0,0,0,0,0.5664,2000,400,600,800,差し,0,0.85445,86.426,1110,test,202608280401,0.428,0,0,0,0,88.71433333333333,70.33066666666667,74.85475000000001,76.6503,80.0085,80.35933333333334,-0.19999999999999996,0.4600000000000001,0.6000000000000001,0.8,4-5-1;4-5-2;4-2-1;4-6-1;4-6-2;4-1-2;4-5-6;4-2-6;4-2-5;4-1-6;4-1-5;4-3-1;4-6-5;4-5-3;4-3-2;4-2-3;4-1-3;4-6-3;4-3-6;4-3-5,4-5-1;4-5-2;4-2-1;4-6-1,4-5-1;4-5-2;4-2-1;4-6-1;4-6-2;4-1-2,4-5-1;4-5-2;4-2-1;4-6-1;4-6-2;4-1-2;4-5-6;4-2-6,0,BREAK,70.33066666666667,1,54.39633333333334,0.494,0.5291,2
1-4-2,0.452,2026-08-28,0.58395,0.641,0.7066666666666667,0,0.047,0.5116,0,0,0,0,0.6517,2000,400,600,800,逃げ,0,0.45935000000000004,45.942,1080,test,202608280509,0.496,0,0,0,0,45.207,54.662000000000006,53.385749999999994,53.558899999999994,51.8045,53.712,0.19999999999999996,0.51,0.4,0.7,4-5-1;4-6-1;4-5-2;4-2-1;4-6-2;4-1-2;4-5-6;4-1-6;4-2-6;4-1-5;4-3-1;4-6-5;4-2-5;4-5-3;4-3-2;4-1-3;4-6-3;4-2-3;4-3-6;4-3-5,4-5-1;4-6-1;4-5-2;4-2-1,4-5-1;4-6-1;4-5-2;4-2-1;4-6-2;4-1-2,4-5-1;4-6-1;4-5-2;4-2-1;4-6-2;4-1-2;4-5-6;4-1-6,0,BREAK,54.662000000000006,1,54.39633333333334,0.17,0.7159,1
1-4-5,0.4753333333333334,2026-08-28,0.5092666666666668,0.5456666666666667,0.6566666666666667,0,-1.332,0.1669,0,0,0,0,0.5127,2000,400,600,800,逃げ,0,0.488,47.428,560,test,202608280708,0.592,0,0,0,0,46.16133333333334,52.042666666666676,49.57300000000001,48.001400000000004,47.858000000000004,49.326333333333345,0.8,0.81,-0.6,0.2,4-5-1;4-5-2;4-2-1;4-6-1;4-1-2;4-1-5;4-5-6;4-6-2;4-2-5;4-3-1;4-1-6;4-5-3;4-6-5;4-1-3;4-2-6;4-3-2;4-3-5;4-2-3;4-6-3;4-3-6,4-5-1;4-5-2;4-2-1;4-6-1,4-5-1;4-5-2;4-2-1;4-6-1;4-1-2;4-1-5,4-5-1;4-5-2;4-2-1;4-6-1;4-1-2;4-1-5;4-5-6;4-6-2,0,BREAK,52.042666666666676,0,54.39633333333334,0.38399999999999995,0.5432,1
1-5-2,0.294,2026-08-28,0.56695,0.54,0.8033333333333333,0,-1.606,0.0985,0,0,0,0,0.7438,2000,400,600,800,逃げ,0,0.30924999999999997,28.128999999999994,1450,test,202608280901,0.059999999999999984,0,0,0,0,26.603999999999996,46.215,42.53775,44.6881,40.25149999999999,37.67400000000001,0.4,0.67,-0.20000000000000007,0.39999999999999997,4-5-1;4-6-1;4-5-2;4-2-1;4-1-5;4-1-2;4-5-6;4-3-1;4-1-6;4-5-3;4-6-2;4-1-3;4-6-5;4-2-5;4-2-6;4-3-5;4-3-2;4-6-3;4-2-3;4-3-6,4-5-1;4-6-1;4-5-2;4-2-1,4-5-1;4-6-1;4-5-2;4-2-1;4-1-5;4-1-2,4-5-1;4-6-1;4-5-2;4-2-1;4-1-5;4-1-2;4-5-6;4-3-1,-0.5,BREAK,46.215,0,54.39633333333334,0.21400000000000002,0.8399,1
2-4-5,0.5686666666666668,2026-08-28,0.5149333333333334,0.6003333333333334,0.4086666666666666,0,1.825,0.9562,0,0,0,0,0.4794999999999999,2000,400,600,800,抜き,0,0.57525,58.16000000000001,1800,test,202608280912,0.8560000000000001,0,0,0,0,57.50166666666668,62.61633333333334,60.35500000000001,53.928000000000004,54.81500000000001,58.92666666666668,0.6000000000000001,0.68,0.4,0.7,4-5-2;4-5-1;4-2-1;4-1-2;4-6-2;4-6-1;4-2-5;4-1-5;4-2-6;4-5-6;4-3-2;4-3-1;4-1-6;4-2-3;4-5-3;4-6-5;4-1-3;4-3-5;4-6-3;4-3-6,4-5-2;4-5-1;4-2-1;4-1-2,4-5-2;4-5-1;4-2-1;4-1-2;4-6-2;4-6-1,4-5-2;4-5-1;4-2-1;4-1-2;4-6-2;4-6-1;4-2-5;4-1-5,-0.5,BREAK,62.61633333333334,1,54.39633333333334,0.368,0.46119999999999994,2
6-1-3,0.757,2026-08-28,0.5825750000000001,0.5529999999999999,0.519,0,1.847,0.9617,0,0,0,0,0.4195,2000,400,600,800,まくり差し,0,0.7470500000000001,76.512,16430,test,202608281304,0.482,0,0,0,0,77.50699999999999,60.33450000000001,63.951375,64.84925,68.78574999999998,68.32699999999998,-0.19999999999999996,0.49000000000000005,0.0,0.5,4-5-1;4-6-1;4-5-2;4-2-1;4-1-2;4-3-1;4-1-5;4-6-2;4-5-6;4-1-6;4-5-3;4-1-3;4-2-5;4-6-5;4-2-6;4-3-2;4-2-3;4-6-3;4-3-5;4-3-6,4-5-1;4-6-1;4-5-2;4-2-1,4-5-1;4-6-1;4-5-2;4-2-1;4-1-2;4-3-1,4-5-1;4-6-1;4-5-2;4-2-1;4-1-2;4-3-1;4-1-5;4-6-2,0,BREAK,60.33450000000001,1,54.39633333333334,0.651,0.40815,6
1-3-4,0.493,2026-08-28,0.509525,0.43199999999999994,0.533,0,2.0,1.0,0,0,0,0,0.5183,2000,400,600,800,逃げ,0,0.50305,52.265,1540,test,202608281306,0.18599999999999997,0,0,0,0,51.26,42.0345,45.71812500000001,52.31235,52.08624999999999,48.515,-0.8,0.19000000000000006,0.0,0.5,4-5-1;4-6-1;4-2-1;4-5-2;4-3-1;4-1-2;4-1-6;4-1-5;4-5-6;4-6-2;4-1-3;4-5-3;4-6-5;4-2-6;4-2-5;4-6-3;4-3-2;4-3-6;4-3-5;4-2-3,4-5-1;4-6-1;4-2-1;4-5-2,4-5-1;4-6-1;4-2-1;4-5-2;4-3-1;4-1-2,4-5-1;4-6-1;4-2-1;4-5-2;4-3-1;4-1-2;4-1-6;4-1-5,0,BREAK,42.0345,0,54.39633333333334,0.6290000000000001,0.5260499999999999,1
5-6-2,0.6320000000000001,2026-08-28,0.6993750000000001,0.6985000000000001,0.747,0,0.687,0.6717,0,0,0,0,0.6897,2000,400,600,800,まくり差し,0,0.61605,62.251999999999995,75240,test,202608281307,0.22999999999999998,0,0,0,0,63.84700000000001,68.89049999999999,67.511375,67.13765,67.21575,66.8395,0.6000000000000001,0.8300000000000001,0.0,0.5,4-5-1;4-6-1;4-5-2;4-5-6;4-1-5;4-2-1;4-6-5;4-1-6;4-1-2;4-6-2;4-5-3;4-2-5;4-3-1;4-2-6;4-1-3;4-3-5;4-6-3;4-3-6;4-3-2;4-2-3,4-5-1;4-6-1;4-5-2;4-5-6,4-5-1;4-6-1;4-5-2;4-5-6;4-1-5;4-2-1,4-5-1;4-6-1;4-5-2;4-5-6;4-1-5;4-2-1;4-6-5;4-1-6,0,BREAK,68.89049999999999,1,54.39633333333334,0.235,0.76675,5
,0.8466666666666667,2026-08-29,0.8397833333333333,0.8303333333333334,0.4946666666666667,0,1.907,0.9767,0,0,0,0,0.7839,2000,400,600,800,,0,0.82845,84.71199999999999,0,test,202608290408,0.13199999999999995,0,0,0,0,86.53366666666666,82.52933333333333,84.32824999999998,84.94629999999998,86.1895,85.79866666666666,0.19999999999999996,0.63,1.0,1.0,4-5-1;4-6-1;4-5-2;4-5-6;4-2-1;4-1-6;4-6-2;4-1-2;4-1-5;4-6-5;4-3-1;4-5-3;4-2-6;4-1-3;4-2-5;4-6-3;4-3-6;4-3-2;4-3-5;4-2-3,4-5-1;4-6-1;4-5-2;4-5-6,4-5-1;4-6-1;4-5-2;4-5-6;4-2-1;4-1-6,4-5-1;4-6-1;4-5-2;4-5-6;4-2-1;4-1-6;4-6-2;4-1-2,0,BREAK,82.52933333333333,1,54.39633333333334,0.18600000000000003,0.8329,0
,0.418,2026-08-29,0.406575,0.37349999999999994,0.47500000000000003,0,-1.486,0.1286,0,0,0,0,0.4150999999999999,2000,400,600,800,,0,0.41405,39.879,0,test,202608291305,0.482,0,0,0,0,40.274,40.789500000000004,40.658375000000014,39.867450000000005,39.70275000000001,38.2715,-0.4,0.39,0.0,0.5,4-5-1;4-6-1;4-5-2;4-2-1;4-5-6;4-6-2;4-1-2;4-1-5;4-1-6;4-6-5;4-3-1;4-2-5;4-5-3;4-2-6;4-1-3;4-3-2;4-6-3;4-3-5;4-2-3;4-3-6,4-5-1;4-6-1;4-5-2;4-2-1,4-5-1;4-6-1;4-5-2;4-2-1;4-5-6;4-6-2,4-5-1;4-6-1;4-5-2;4-2-1;4-5-6;4-6-2;4-1-2;4-1-5,0,BREAK,40.789500000000004,0,54.39633333333334,0.671,0.39515,0
,0.5640000000000001,2026-08-29,0.609575,0.5765,0.855,0,-0.725,0.3187,0,0,0,0,0.5791000000000001,2000,400,600,800,,0,0.5640499999999999,55.63999999999999,0,test,202608291310,0.22199999999999998,0,0,0,0,55.635000000000005,58.338499999999996,57.734375,57.334450000000004,57.91375,56.197500000000005,0.20000000000000007,0.66,0.0,0.5,4-5-1;4-6-1;4-2-1;4-1-2;4-5-2;4-3-1;4-1-5;4-1-6;4-6-2;4-5-6;4-1-3;4-2-5;4-2-6;4-5-3;4-6-5;4-3-2;4-2-3;4-6-3;4-3-5;4-3-6,4-5-1;4-6-1;4-2-1;4-1-2,4-5-1;4-6-1;4-2-1;4-1-2;4-5-2;4-3-1,4-5-1;4-6-1;4-2-1;4-1-2;4-5-2;4-3-1;4-1-5;4-1-6,0,BREAK,58.338499999999996,1,54.39633333333334,0.411,0.65515,0
,0.6333333333333334,2026-08-29,0.4709166666666667,0.5076666666666667,0.228,0,-1.502,0.1245,0,0,0,0,0.37749999999999995,2000,400,600,800,,0,0.6384000000000001,61.14800000000001,0,test,202608291704,0.8280000000000001,0,0,0,0,60.64133333333334,52.21966666666667,52.514250000000004,50.1405,52.520500000000006,54.98633333333334,0.6000000000000001,0.68,-0.4,0.3,4-6-1;4-5-1;4-6-2;4-5-2;4-5-6;4-2-1;4-1-6;4-1-2;4-2-6;4-6-5;4-3-1;4-1-5;4-6-3;4-2-5;4-3-6;4-5-3;4-3-2;4-1-3;4-2-3;4-3-5,4-6-1;4-5-1;4-6-2;4-5-2,4-6-1;4-5-1;4-6-2;4-5-2;4-5-6;4-2-1,4-6-1;4-5-1;4-6-2;4-5-2;4-5-6;4-2-1;4-1-6;4-1-2,-0.5,BREAK,52.21966666666667,0,54.39633333333334,0.618,0.3085,0
1-3-2,0.6053333333333334,2026-08-29,0.6255666666666667,0.6906666666666667,0.4433333333333333,0,0.047,0.5116,0,0,0,0,0.6315,2000,400,600,800,逃げ,0,0.58325,58.332,1380,test,202608291905,0.596,0,0,0,0,60.540333333333336,65.22766666666665,63.9595,61.723,61.552,64.38033333333334,0.6,0.6799999999999999,0.4,0.7,4-5-1;4-6-1;4-2-1;4-5-2;4-1-2;4-3-1;4-1-6;4-6-2;4-1-5;4-5-6;4-1-3;4-5-3;4-2-6;4-6-5;4-2-5;4-3-2;4-6-3;4-2-3;4-3-6;4-3-5,4-5-1;4-6-1;4-2-1;4-5-2,4-5-1;4-6-1;4-2-1;4-5-2;4-1-2;4-3-1,4-5-1;4-6-1;4-2-1;4-5-2;4-1-2;4-3-1;4-1-6;4-6-2,0,BREAK,65.22766666666665,1,54.39633333333334,0.22400000000000003,0.6457999999999999,1
1-2-3,0.4573333333333333,2026-08-30,0.5520166666666666,0.5656666666666667,0.3493333333333334,0,1.305,0.8263,0,0,0,0,0.6471,2000,400,600,800,逃げ,0,0.46135,46.25,1790,test,202608300511,0.40399999999999997,0,0,0,0,45.848333333333336,49.24066666666668,49.00875,52.863699999999994,50.5825,50.723333333333336,0.19999999999999996,0.54,-0.20000000000000007,0.39999999999999997,4-5-1;4-6-1;4-5-2;4-5-6;4-2-1;4-1-5;4-1-2;4-6-2;4-1-6;4-3-1;4-6-5;4-5-3;4-2-5;4-1-3;4-2-6;4-3-5;4-6-3;4-3-2;4-3-6;4-2-3,4-5-1;4-6-1;4-5-2;4-5-6,4-5-1;4-6-1;4-5-2;4-5-6;4-2-1;4-1-5,4-5-1;4-6-1;4-5-2;4-5-6;4-2-1;4-1-5;4-1-2;4-6-2,-0.5,BREAK,49.24066666666668,0,54.39633333333334,0.32600000000000007,0.6466999999999999,1
4-1-2,0.33666666666666667,2026-08-30,0.43898333333333334,0.45333333333333337,0.23066666666666663,1,0.047,0.5116,1,0,0,1,0.5753,2000,400,600,800,まくり差し,0,0.3393,32.787,2160,test,202608300608,0.5119999999999999,2160,0,0,2160,32.523666666666664,36.66333333333334,35.79825,40.8431,37.6395,37.773666666666664,0.4,0.55,-0.8,0.09999999999999998,4-5-1;4-6-1;4-5-2;4-5-6;4-2-1;4-1-5;4-1-2;4-1-6;4-3-1;4-6-2;4-5-3;4-6-5;4-2-5;4-1-3;4-2-6;4-3-5;4-6-3;4-3-2;4-3-6;4-2-3,4-5-1;4-6-1;4-5-2;4-5-6,4-5-1;4-6-1;4-5-2;4-5-6;4-2-1;4-1-5,4-5-1;4-6-1;4-5-2;4-5-6;4-2-1;4-1-5;4-1-2;4-1-6,-0.5,BREAK,36.66333333333334,0,54.39633333333334,0.43,0.5413,4
4-1-6,0.43733333333333335,2026-08-30,0.5429666666666667,0.5506666666666666,0.3026666666666667,1,0.047,0.5116,1,0,0,1,0.6557999999999999,2000,400,600,800,まくり,1,0.4453,43.38699999999999,5860,test,202608300611,0.38,5860,0,0,5860,42.590333333333334,55.721666666666664,52.5245,50.56559999999999,47.872,47.690333333333335,0.6,0.6799999999999999,0.19999999999999996,0.6,4-5-1;4-6-1;4-2-1;4-5-2;4-6-2;4-1-2;4-5-6;4-1-6;4-2-6;4-3-1;4-1-5;4-6-5;4-2-5;4-3-2;4-5-3;4-1-3;4-6-3;4-2-3;4-3-6;4-3-5,4-5-1;4-6-1;4-2-1;4-5-2,4-5-1;4-6-1;4-2-1;4-5-2;4-6-2;4-1-2,4-5-1;4-6-1;4-2-1;4-5-2;4-6-2;4-1-2;4-5-6;4-1-6,-0.5,BREAK,55.721666666666664,1,54.39633333333334,0.336,0.6486000000000001,4
1-6-3,0.458,2026-08-30,0.5076,0.551,0.5366666666666666,0,-1.951,0.0123,0,0,0,0,0.5425,2000,400,600,800,逃げ,0,0.47179999999999994,45.18899999999999,43310,test,202608301609,0.604,0,0,0,0,43.809000000000005,54.26500000000001,51.819,47.156,46.289,47.994,0.20000000000000007,0.54,0.6000000000000001,0.8,4-5-2;4-5-1;4-2-1;4-1-2;4-6-2;4-6-1;4-2-5;4-5-6;4-2-6;4-1-5;4-1-6;4-3-2;4-3-1;4-6-5;4-5-3;4-2-3;4-1-3;4-6-3;4-3-5;4-3-6,4-5-2;4-5-1;4-2-1;4-1-2,4-5-2;4-5-1;4-2-1;4-1-2;4-6-2;4-6-1,4-5-2;4-5-1;4-2-1;4-1-2;4-6-2;4-6-1;4-2-5;4-5-6,0,BREAK,54.26500000000001,0,54.39633333333334,0.356,0.5572,1
4-5-2,0.8099999999999999,2026-08-30,0.762,0.8109999999999999,0.5053333333333334,1,1.524,0.881,1,1,1,1,0.6804,2000,400,600,800,まくり,1,0.76925,78.40899999999999,13850,test,202608301905,0.46799999999999997,13850,13850,13850,13850,82.484,80.28399999999999,80.234,78.19279999999999,80.084,82.529,0.8,0.8400000000000001,0.4,0.7,4-5-1;4-2-1;4-6-1;4-5-2;4-1-2;4-1-5;4-3-1;4-6-2;4-5-6;4-1-6;4-2-5;4-5-3;4-1-3;4-6-5;4-2-6;4-3-2;4-2-3;4-3-5;4-6-3;4-3-6,4-5-1;4-2-1;4-6-1;4-5-2,4-5-1;4-2-1;4-6-1;4-5-2;4-1-2;4-1-5,4-5-1;4-2-1;4-6-1;4-5-2;4-1-2;4-1-5;4-3-1;4-6-2,0,BREAK,80.28399999999999,1,54.39633333333334,0.18799999999999997,0.714,4
4-5-2,0.41600000000000004,2026-08-30,0.42945,0.413,0.07866666666666668,1,0.047,0.5116,1,1,1,1,0.5148999999999999,2000,400,600,800,まくり,1,0.42625,42.632,3360,test,202608302106,0.496,3360,3360,3360,3360,41.607,43.364000000000004,44.08325000000001,44.186299999999996,42.2795,41.472,-0.8,0.16000000000000003,0.8,0.9,4-5-2;4-5-1;4-5-6;4-6-2;4-6-5;4-6-1;4-2-5;4-5-3;4-2-6;4-2-1;4-1-5;4-1-2;4-1-6;4-3-5;4-6-3;4-3-2;4-3-6;4-3-1;4-2-3;4-1-3,4-5-2;4-5-1;4-5-6;4-6-2,4-5-2;4-5-1;4-5-6;4-6-2;4-6-5;4-6-1,4-5-2;4-5-1;4-5-6;4-6-2;4-6-5;4-6-1;4-2-5;4-5-3,0,BREAK,43.364000000000004,0,54.39633333333334,0.5900000000000001,0.44289999999999996,4
1-4-3,0.43533333333333335,2026-08-31,0.47801666666666665,0.49866666666666665,0.4706666666666667,0,0.09,0.5226,0,0,0,0,0.5216999999999999,2000,400,600,800,逃げ,0,0.42045,42.095000000000006,2660,test,202608310409,0.556,0,0,0,0,43.583333333333336,47.15966666666667,45.51375000000001,46.7639,45.7175,46.43333333333334,0.4,0.73,-0.8,0.09999999999999998,4-5-1;4-5-2;4-6-1;4-2-1;4-5-6;4-1-5;4-1-2;4-6-2;4-1-6;4-6-5;4-3-1;4-5-3;4-2-5;4-2-6;4-1-3;4-3-5;4-3-2;4-6-3;4-2-3;4-3-6,4-5-1;4-5-2;4-6-1;4-2-1,4-5-1;4-5-2;4-6-1;4-2-1;4-5-6;4-1-5,4-5-1;4-5-2;4-6-1;4-2-1;4-5-6;4-1-5;4-1-2;4-6-2,0,BREAK,47.15966666666667,0,54.39633333333334,0.43800000000000006,0.5206999999999999,1
1-4-6,0.5226666666666667,2026-08-31,0.5743833333333334,0.5803333333333334,0.25999999999999995,0,1.71,0.9275,0,0,0,0,0.6431,2000,400,600,800,逃げ,0,0.5680000000000001,58.470000000000006,790,test,202608310705,0.396,0,0,0,0,53.936666666666675,56.43233333333334,57.33625000000001,58.1377,56.52250000000001,56.53166666666668,-0.4,0.27,1.0,1.0,4-6-1;4-5-1;4-6-2;4-5-6;4-5-2;4-1-6;4-2-1;4-2-6;4-6-5;4-1-2;4-6-3;4-3-1;4-1-5;4-3-6;4-2-5;4-5-3;4-3-2;4-1-3;4-2-3;4-3-5,4-6-1;4-5-1;4-6-2;4-5-6,4-6-1;4-5-1;4-6-2;4-5-6;4-5-2;4-1-6,4-6-1;4-5-1;4-6-2;4-5-6;4-5-2;4-1-6;4-2-1;4-2-6,0,BREAK,56.43233333333334,1,54.39633333333334,0.36200000000000004,0.6261,1
4-5-1,0.752,2026-08-31,0.6628000000000001,0.618,0.389,1,0.993,0.7483,1,1,1,1,0.57985,2000,400,600,800,まくり,1,0.7384999999999999,74.80299999999998,2290,test,202608310804,0.26,2290,2290,2290,2290,76.15299999999999,67.34499999999998,68.90299999999999,69.6897,71.693,70.12299999999999,0.20000000000000007,0.6900000000000001,0.0,0.5,4-5-1;4-5-2;4-5-6;4-6-1;4-6-2;4-2-1;4-5-3;4-2-5;4-6-5;4-1-2;4-1-5;4-2-6;4-3-1;4-1-6;4-3-2;4-3-5;4-2-3;4-6-3;4-1-3;4-3-6,4-5-1;4-5-2;4-5-6;4-6-1,4-5-1;4-5-2;4-5-6;4-6-1;4-6-2;4-2-1,4-5-1;4-5-2;4-5-6;4-6-1;4-6-2;4-2-1;4-5-3;4-2-5,0,BREAK,67.34499999999998,1,54.39633333333334,0.516,0.5736,4
1-4-2,0.35333333333333333,2026-08-31,0.3665666666666667,0.3406666666666667,0.462,0,0.391,0.5978,0,0,0,0,0.40390000000000004,2000,400,600,800,逃げ,0,0.36525,36.876,3030,test,202608311903,0.5239999999999999,0,0,0,0,35.684333333333335,30.53566666666667,33.2485,37.193799999999996,36.346,35.114333333333335,-1.0,0.030000000000000027,0.19999999999999996,0.6,4-5-1;4-5-2;4-2-1;4-5-6;4-5-3;4-2-5;4-6-1;4-1-5;4-1-2;4-6-2;4-3-1;4-6-5;4-3-5;4-3-2;4-2-6;4-2-3;4-1-6;4-1-3;4-6-3;4-3-6,4-5-1;4-5-2;4-2-1;4-5-6,4-5-1;4-5-2;4-2-1;4-5-6;4-5-3;4-2-5,4-5-1;4-5-2;4-2-1;4-5-6;4-5-3;4-2-5;4-6-1;4-1-5,0,BREAK,30.53566666666667,0,54.39633333333334,0.6719999999999999,0.37980000000000014,1
1-5-4,0.7700000000000001,2026-08-31,0.7696000000000001,0.8130000000000001,0.7793333333333333,0,0.211,0.5527,0,0,0,0,0.6863,2000,400,600,800,逃げ,0,0.72725,72.89599999999999,3430,test,202608311911,0.39199999999999996,0,0,0,0,77.171,82.883,80.811,75.31759999999998,77.151,79.10600000000001,0.8,0.93,0.6,0.8,4-5-1;4-2-1;4-5-2;4-6-1;4-1-2;4-6-2;4-5-6;4-1-6;4-1-5;4-2-6;4-3-1;4-2-5;4-6-5;4-3-2;4-5-3;4-1-3;4-2-3;4-6-3;4-3-6;4-3-5,4-5-1;4-2-1;4-5-2;4-6-1,4-5-1;4-2-1;4-5-2;4-6-1;4-1-2;4-6-2,4-5-1;4-2-1;4-5-2;4-6-1;4-1-2;4-6-2;4-5-6;4-1-6,0,BREAK,82.883,1,54.39633333333334,0.144,0.7692,1
1-5-2,0.6806666666666668,2026-08-31,0.7147833333333333,0.7893333333333334,0.47600000000000003,0,0.047,0.5116,0,0,0,0,0.7141,2000,400,600,800,逃げ,0,0.66555,65.41199999999999,2160,test,202608312010,0.528,0,0,0,0,66.92366666666668,71.97133333333333,71.05325,68.6827,68.62950000000001,71.81366666666668,0.6,0.6799999999999999,0.8,0.9,4-5-1;4-5-2;4-6-1;4-2-1;4-5-6;4-1-2;4-1-5;4-6-2;4-1-6;4-6-5;4-3-1;4-5-3;4-2-5;4-2-6;4-1-3;4-3-2;4-3-5;4-6-3;4-2-3;4-3-6,4-5-1;4-5-2;4-6-1;4-2-1,4-5-1;4-5-2;4-6-1;4-2-1;4-5-6;4-1-2,4-5-1;4-5-2;4-6-1;4-2-1;4-5-6;4-1-2;4-1-5;4-6-2,-0.5,BREAK,71.97133333333333,1,54.39633333333334,0.10200000000000001,0.7489,1
5-1-2,0.6006666666666667,2026-08-31,0.6487833333333334,0.7233333333333334,0.42000000000000004,0,-1.075,0.2312,0,0,0,0,0.6783,2000,400,600,800,まくり差し,0,0.59025,57.910000000000004,3210,test,202608312109,0.58,0,0,0,0,58.95166666666667,60.03933333333334,60.73125000000001,62.1031,61.357499999999995,64.47166666666666,0.20000000000000007,0.48000000000000004,0.6,0.8,4-5-1;4-5-2;4-1-5;4-2-1;4-5-6;4-2-5;4-6-1;4-5-3;4-1-2;4-6-5;4-6-2;4-3-1;4-3-5;4-1-6;4-3-2;4-1-3;4-2-6;4-2-3;4-6-3;4-3-6,4-5-1;4-5-2;4-1-5;4-2-1,4-5-1;4-5-2;4-1-5;4-2-1;4-5-6;4-2-5,4-5-1;4-5-2;4-1-5;4-2-1;4-5-6;4-2-5;4-6-1;4-5-3,0,BREAK,60.03933333333334,1,54.39633333333334,0.15399999999999997,0.6969000000000001,5
2-1-4,0.6920000000000001,2026-09-01,0.6067,0.606,0.24533333333333335,0,0.364,0.591,0,0,0,0,0.5564,2000,400,600,800,差し,0,0.6633000000000001,66.65400000000001,1620,test,202609010603,0.476,0,0,0,0,69.524,57.193999999999996,59.2715,63.9818,65.259,65.654,0.4,0.73,-0.8,0.09999999999999998,4-5-1;4-5-2;4-2-1;4-6-1;4-6-2;4-1-2;4-5-6;4-2-5;4-5-3;4-1-5;4-2-6;4-3-1;4-6-5;4-3-2;4-1-6;4-2-3;4-1-3;4-3-5;4-6-3;4-3-6,4-5-1;4-5-2;4-2-1;4-6-1,4-5-1;4-5-2;4-2-1;4-6-1;4-6-2;4-1-2,4-5-1;4-5-2;4-2-1;4-6-1;4-6-2;4-1-2;4-5-6;4-2-5,0,BREAK,57.193999999999996,1,54.39633333333334,0.48000000000000004,0.5214,2
4-2-3,0.752,2026-09-01,0.6189,0.5860000000000001,0.567,1,1.245,0.8112,1,0,0,0,0.47835000000000005,2000,400,600,800,まくり差し,0,0.7384999999999999,73.905,5460,test,202609010802,0.392,5460,0,0,0,75.25500000000001,60.12899999999999,63.50750000000001,65.24170000000001,68.60000000000001,67.78500000000001,-0.19999999999999996,0.52,0.0,0.5,4-5-1;4-5-2;4-6-1;4-2-1;4-6-2;4-1-2;4-5-6;4-3-1;4-5-3;4-2-5;4-1-5;4-2-6;4-1-6;4-3-2;4-6-5;4-2-3;4-1-3;4-6-3;4-3-5;4-3-6,4-5-1;4-5-2;4-6-1;4-2-1,4-5-1;4-5-2;4-6-1;4-2-1;4-6-2;4-1-2,4-5-1;4-5-2;4-6-1;4-2-1;4-6-2;4-1-2;4-5-6;4-3-1,-0.5,BREAK,60.12899999999999,1,54.39633333333334,0.58,0.4858,4
1-4-5,0.5800000000000001,2026-09-01,0.6333,0.6900000000000001,0.537,0,0.758,0.6895,0,0,0,0,0.65225,2000,400,600,800,逃げ,0,0.5744999999999999,61.20799999999999,820,test,202609010804,0.524,0,0,0,0,61.75800000000001,72.74400000000001,69.09049999999999,64.94650000000001,64.423,66.70800000000003,1.0,0.94,0.0,0.5,4-5-1;4-6-1;4-5-2;4-5-6;4-2-1;4-6-2;4-1-6;4-6-5;4-1-5;4-1-2;4-3-1;4-5-3;4-2-6;4-2-5;4-6-3;4-1-3;4-3-6;4-3-5;4-3-2;4-2-3,4-5-1;4-6-1;4-5-2;4-5-6,4-5-1;4-6-1;4-5-2;4-5-6;4-2-1;4-6-2,4-5-1;4-6-1;4-5-2;4-5-6;4-2-1;4-6-2;4-1-6;4-6-5,0.5,BREAK,72.74400000000001,1,54.39633333333334,0.2,0.6866,1
1-4-5,0.48000000000000004,2026-09-01,0.5975,0.622,0.522,0,1.622,0.9056,0,0,0,0,0.6791,2000,400,600,800,逃げ,0,0.46954999999999997,48.537,2840,test,202609012003,0.376,0,0,0,0,49.58200000000001,65.612,61.61950000000001,57.4872,55.45700000000001,55.97200000000001,0.6,0.77,0.4,0.7,4-5-1;4-5-2;4-6-1;4-2-1;4-5-6;4-6-2;4-1-2;4-5-3;4-1-5;4-2-5;4-3-1;4-6-5;4-1-6;4-2-6;4-3-2;4-1-3;4-2-3;4-3-5;4-6-3;4-3-6,4-5-1;4-5-2;4-6-1;4-2-1,4-5-1;4-5-2;4-6-1;4-2-1;4-5-6;4-6-2,4-5-1;4-5-2;4-6-1;4-2-1;4-5-6;4-6-2;4-1-2;4-5-3,0,BREAK,65.612,1,54.39633333333334,0.23600000000000002,0.715,1
6-2-3,0.21266666666666667,2026-09-01,0.45768333333333333,0.5133333333333333,0.734,0,-1.715,0.0711,0,0,0,0,0.6364000000000001,2000,400,600,800,まくり差し,0,0.22825000000000004,21.070000000000004,152730,test,202609012101,0.504,0,0,0,0,19.511666666666667,35.99333333333333,34.09375,36.18429999999999,31.7625,33.041666666666664,-0.4,0.27,0.4,0.7,4-5-1;4-6-1;4-2-1;4-1-2;4-5-2;4-1-6;4-3-1;4-1-5;4-5-6;4-6-2;4-1-3;4-6-5;4-5-3;4-2-6;4-2-5;4-6-3;4-3-2;4-3-6;4-2-3;4-3-5,4-5-1;4-6-1;4-2-1;4-1-2,4-5-1;4-6-1;4-2-1;4-1-2;4-5-2;4-1-6,4-5-1;4-6-1;4-2-1;4-1-2;4-5-2;4-1-6;4-3-1;4-1-5,0,BREAK,35.99333333333333,0,54.39633333333334,0.18600000000000003,0.7027,6
1-5-2,0.8973333333333334,2026-09-02,0.8262666666666667,0.8486666666666667,0.6113333333333333,0,1.415,0.8536,0,0,0,0,0.6999,2000,400,600,800,逃げ,0,0.8733,88.705,10630,test,202609020608,0.328,0,0,0,0,91.10833333333335,85.66566666666668,86.82500000000002,84.6328,87.555,88.91833333333335,0.6000000000000001,0.77,0.8,0.9,4-5-1;4-6-1;4-5-2;4-2-1;4-5-6;4-1-5;4-1-2;4-1-6;4-6-2;4-3-1;4-6-5;4-5-3;4-1-3;4-2-5;4-2-6;4-6-3;4-3-5;4-3-2;4-3-6;4-2-3,4-5-1;4-6-1;4-5-2;4-2-1,4-5-1;4-6-1;4-5-2;4-2-1;4-5-6;4-1-5,4-5-1;4-6-1;4-5-2;4-2-1;4-5-6;4-1-5;4-1-2;4-1-6,0,BREAK,85.66566666666668,1,54.39633333333334,0.19999999999999996,0.7552000000000001,1
5-4-1,0.512,2026-09-02,0.6224000000000001,0.656,0.493,0,-1.212,0.197,0,0,0,0,0.69845,2000,400,600,800,まくり差し,0,0.5145,50.19799999999999,3150,test,202609020803,0.392,0,0,0,0,49.948,63.37200000000001,59.688,57.361900000000006,55.468,56.428,0.8,0.8700000000000001,0.0,0.5,4-5-1;4-5-2;4-6-1;4-5-6;4-1-5;4-2-1;4-5-3;4-1-2;4-2-5;4-6-5;4-3-1;4-6-2;4-1-6;4-3-5;4-1-3;4-2-6;4-3-2;4-2-3;4-6-3;4-3-6,4-5-1;4-5-2;4-6-1;4-5-6,4-5-1;4-5-2;4-6-1;4-5-6;4-1-5;4-2-1,4-5-1;4-5-2;4-6-1;4-5-6;4-1-5;4-2-1;4-5-3;4-1-2,0,BREAK,63.37200000000001,1,54.39633333333334,0.2,0.7328,5
4-2-1,0.556,2026-09-02,0.4893,0.504,0.597,1,-1.508,0.1231,1,1,1,1,0.41945,2000,400,600,800,まくり,1,0.5625,53.552,9980,test,202609020809,0.632,9980,9980,9980,9980,52.90200000000001,41.29600000000001,44.67450000000001,47.896899999999995,49.56700000000001,50.562000000000005,-0.4,0.2700000000000001,0.0,0.5,4-5-1;4-6-1;4-2-1;4-5-2;4-1-2;4-3-1;4-6-2;4-1-6;4-1-5;4-5-6;4-1-3;4-2-6;4-3-2;4-5-3;4-2-5;4-2-3;4-6-5;4-6-3;4-3-6;4-3-5,4-5-1;4-6-1;4-2-1;4-5-2,4-5-1;4-6-1;4-2-1;4-5-2;4-1-2;4-3-1,4-5-1;4-6-1;4-2-1;4-5-2;4-1-2;4-3-1;4-6-2;4-1-6,-0.5,BREAK,41.29600000000001,0,54.39633333333334,0.548,0.4226,4
4-5-2,0.518,2026-09-02,0.484675,0.4565,0.7360000000000001,1,1.491,0.8728,1,1,1,1,0.42364999999999997,2000,400,600,800,差し,0,0.53615,53.916000000000004,1990,test,202609021204,0.44399999999999995,1990,1990,1990,1990,52.101000000000006,44.73850000000001,47.03787500000001,49.025549999999996,50.43475,49.33350000000001,-0.6,0.32000000000000006,0.0,0.5,4-5-1;4-5-2;4-2-1;4-1-2;4-6-1;4-6-2;4-2-5;4-5-6;4-1-5;4-2-6;4-3-1;4-1-6;4-5-3;4-6-5;4-3-2;4-2-3;4-1-3;4-3-5;4-6-3;4-3-6,4-5-1;4-5-2;4-2-1;4-1-2,4-5-1;4-5-2;4-2-1;4-1-2;4-6-1;4-6-2,4-5-1;4-5-2;4-2-1;4-1-2;4-6-1;4-6-2;4-2-5;4-5-6,-0.5,BREAK,44.73850000000001,0,54.39633333333334,0.605,0.45135000000000003,4
1-2-3,0.606,2026-09-02,0.652125,0.6565,0.41700000000000004,0,1.847,0.9617,0,0,0,0,0.6809,2000,400,600,800,逃げ,0,0.5894499999999999,60.751999999999995,4390,test,202609021803,0.31799999999999995,0,0,0,0,62.407000000000004,69.65749999999998,67.250125,65.43854999999998,64.71324999999999,64.67949999999999,0.8,0.87,0.0,0.5,4-5-1;4-5-2;4-6-1;4-5-6;4-2-1;4-1-5;4-1-2;4-6-5;4-2-5;4-6-2;4-5-3;4-1-6;4-3-1;4-2-6;4-3-5;4-1-3;4-3-2;4-6-3;4-2-3;4-3-6,4-5-1;4-5-2;4-6-1;4-5-6,4-5-1;4-5-2;4-6-1;4-5-6;4-2-1;4-1-5,4-5-1;4-5-2;4-6-1;4-5-6;4-2-1;4-1-5;4-1-2;4-6-5,0,BREAK,69.65749999999998,1,54.39633333333334,0.29300000000000004,0.69825,1
1-3-4,0.4753333333333334,2026-09-02,0.3700666666666667,0.3056666666666667,0.4926666666666667,0,0.047,0.5116,0,0,0,0,0.30210000000000004,2000,400,600,800,逃げ,0,0.46835000000000004,46.842000000000006,1320,test,202609022206,0.49599999999999994,0,0,0,0,47.540333333333336,33.83766666666667,37.47200000000001,40.571200000000005,42.27700000000001,39.90533333333334,-0.8,0.16000000000000003,-0.19999999999999996,0.4,4-6-1;4-5-1;4-6-2;4-5-6;4-5-2;4-1-6;4-2-1;4-3-1;4-6-3;4-2-6;4-1-2;4-6-5;4-3-6;4-5-3;4-1-3;4-3-2;4-1-5;4-2-3;4-2-5;4-3-5,4-6-1;4-5-1;4-6-2;4-5-6,4-6-1;4-5-1;4-6-2;4-5-6;4-5-2;4-1-6,4-6-1;4-5-1;4-6-2;4-5-6;4-5-2;4-1-6;4-2-1;4-3-1,0,BREAK,33.83766666666667,0,54.39633333333334,0.864,0.26480000000000004,1
1-4-6,0.40066666666666667,2026-09-02,0.4356833333333333,0.43533333333333335,0.5013333333333333,0,0.047,0.5116,0,0,0,0,0.4748999999999999,2000,400,600,800,逃げ,0,0.40035,40.041999999999994,2950,test,202609022207,0.528,0,0,0,0,40.07366666666667,39.29933333333333,40.52575,42.757299999999994,41.82449999999999,41.63366666666666,-0.6000000000000001,0.22999999999999998,0.20000000000000007,0.6000000000000001,4-5-1;4-5-2;4-2-1;4-1-2;4-6-1;4-6-2;4-2-5;4-5-6;4-1-5;4-3-1;4-2-6;4-5-3;4-3-2;4-1-6;4-2-3;4-6-5;4-1-3;4-3-5;4-6-3;4-3-6,4-5-1;4-5-2;4-2-1;4-1-2,4-5-1;4-5-2;4-2-1;4-1-2;4-6-1;4-6-2,4-5-1;4-5-2;4-2-1;4-1-2;4-6-1;4-6-2;4-2-5;4-5-6,0,BREAK,39.29933333333333,0,54.39633333333334,0.53,0.4707,1
