month,date,race_code,variant,p,y4
2026-04,2026-04-01,202604010103,ST_3HEAD_ANALOG,0.20049513618055081,0
2026-04,2026-04-01,202604010110,ST_3HEAD_ANALOG,0.4336396731003984,0
2026-04,2026-04-01,202604010206,ST_3HEAD_ANALOG,0.42066657888368736,0
2026-04,2026-04-01,202604010603,ST_3HEAD_ANALOG,0.315725522508694,1
2026-04,2026-04-01,202604010804,ST_3HEAD_ANALOG,0.29182477638051546,1
2026-04,2026-04-01,202604012401,ST_3HEAD_ANALOG,0.2604687750899697,0
2026-04,2026-04-02,202604020108,ST_3HEAD_ANALOG,0.29063162182305663,0
2026-04,2026-04-02,202604020203,ST_3HEAD_ANALOG,0.26512386802569676,0
2026-04,2026-04-02,202604022209,ST_3HEAD_ANALOG,0.20978799534858555,0
2026-04,2026-04-03,202604030402,ST_3HEAD_ANALOG,0.3673187087933893,0
2026-04,2026-04-03,202604031806,ST_3HEAD_ANALOG,0.28140506288490563,0
2026-04,2026-04-04,202604041505,ST_3HEAD_ANALOG,0.26324527666428843,0
2026-04,2026-04-04,202604042202,ST_3HEAD_ANALOG,0.31059098832548837,0
2026-04,2026-04-05,202604050401,ST_3HEAD_ANALOG,0.24192546448145863,0
2026-04,2026-04-05,202604051611,ST_3HEAD_ANALOG,0.32581826627925703,0
2026-04,2026-04-05,202604052207,ST_3HEAD_ANALOG,0.214637419490326,0
2026-04,2026-04-06,202604060408,ST_3HEAD_ANALOG,0.20881806245519252,1
2026-04,2026-04-07,202604070808,ST_3HEAD_ANALOG,0.22891667232222726,0
2026-04,2026-04-07,202604071007,ST_3HEAD_ANALOG,0.24562360880452982,0
2026-04,2026-04-07,202604072403,ST_3HEAD_ANALOG,0.23522498048525145,0
2026-04,2026-04-08,202604080210,ST_3HEAD_ANALOG,0.3696279062166448,0
2026-04,2026-04-08,202604081111,ST_3HEAD_ANALOG,0.3751602937417431,0
2026-04,2026-04-08,202604082303,ST_3HEAD_ANALOG,0.366342417965895,1
2026-04,2026-04-08,202604082306,ST_3HEAD_ANALOG,0.22864371724212562,1
2026-04,2026-04-09,202604090703,ST_3HEAD_ANALOG,0.31418430010440906,1
2026-04,2026-04-09,202604090804,ST_3HEAD_ANALOG,0.23412640226776243,0
2026-04,2026-04-09,202604091004,ST_3HEAD_ANALOG,0.2536315133170085,0
2026-04,2026-04-09,202604091506,ST_3HEAD_ANALOG,0.28718262048101356,0
2026-04,2026-04-09,202604091609,ST_3HEAD_ANALOG,0.2660709908537551,0
2026-04,2026-04-10,202604100708,ST_3HEAD_ANALOG,0.3726892285934466,0
2026-04,2026-04-10,202604101711,ST_3HEAD_ANALOG,0.18906651021321688,0
2026-04,2026-04-11,202604110709,ST_3HEAD_ANALOG,0.2588852245637915,0
2026-04,2026-04-11,202604111508,ST_3HEAD_ANALOG,0.22544626748703478,0
2026-04,2026-04-12,202604120406,ST_3HEAD_ANALOG,0.16890118322078476,0
2026-04,2026-04-12,202604120608,ST_3HEAD_ANALOG,0.16307214378551046,0
2026-04,2026-04-12,202604121605,ST_3HEAD_ANALOG,0.34194076397625695,0
2026-04,2026-04-12,202604121607,ST_3HEAD_ANALOG,0.3426365321872399,0
2026-04,2026-04-13,202604130405,ST_3HEAD_ANALOG,0.17107798278808245,0
2026-04,2026-04-13,202604130608,ST_3HEAD_ANALOG,0.26195191906101084,1
2026-04,2026-04-13,202604131606,ST_3HEAD_ANALOG,0.2542590050899439,0
2026-04,2026-04-13,202604132405,ST_3HEAD_ANALOG,0.26416181913260844,0
2026-04,2026-04-14,202604140205,ST_3HEAD_ANALOG,0.28243464971199145,0
2026-04,2026-04-14,202604140304,ST_3HEAD_ANALOG,0.28043358223198966,0
2026-04,2026-04-15,202604150307,ST_3HEAD_ANALOG,0.3507668285047195,0
2026-04,2026-04-15,202604151005,ST_3HEAD_ANALOG,0.25626026910164484,1
2026-04,2026-04-16,202604160811,ST_3HEAD_ANALOG,0.3195504028693169,0
2026-04,2026-04-16,202604160906,ST_3HEAD_ANALOG,0.31868755842710844,1
2026-04,2026-04-16,202604162011,ST_3HEAD_ANALOG,0.2949190319635851,0
2026-04,2026-04-17,202604170305,ST_3HEAD_ANALOG,0.48989383668090464,0
2026-04,2026-04-17,202604172102,ST_3HEAD_ANALOG,0.2634416623715681,0
2026-04,2026-04-17,202604172301,ST_3HEAD_ANALOG,0.3015676365519612,0
2026-04,2026-04-18,202604180305,ST_3HEAD_ANALOG,0.26586674003235944,1
2026-04,2026-04-18,202604180908,ST_3HEAD_ANALOG,0.3584383030005337,0
2026-04,2026-04-18,202604181306,ST_3HEAD_ANALOG,0.23164540690817745,0
2026-04,2026-04-18,202604181508,ST_3HEAD_ANALOG,0.35687506546878917,0
2026-04,2026-04-19,202604190501,ST_3HEAD_ANALOG,0.31069967972294865,0
2026-04,2026-04-19,202604190703,ST_3HEAD_ANALOG,0.2895136715142533,0
2026-04,2026-04-19,202604191006,ST_3HEAD_ANALOG,0.26472247525131254,0
2026-04,2026-04-19,202604191307,ST_3HEAD_ANALOG,0.4001583363166877,0
2026-04,2026-04-19,202604191506,ST_3HEAD_ANALOG,0.30161957789156785,0
2026-04,2026-04-19,202604192406,ST_3HEAD_ANALOG,0.29903527866271756,0
2026-04,2026-04-20,202604200707,ST_3HEAD_ANALOG,0.18203318699035526,0
2026-04,2026-04-20,202604201510,ST_3HEAD_ANALOG,0.2319285361138418,0
2026-04,2026-04-21,202604210508,ST_3HEAD_ANALOG,0.1931361209418056,0
2026-04,2026-04-21,202604210702,ST_3HEAD_ANALOG,0.2582025038425041,0
2026-04,2026-04-21,202604211109,ST_3HEAD_ANALOG,0.5180175729703786,0
2026-04,2026-04-21,202604211508,ST_3HEAD_ANALOG,0.2658814223875235,0
2026-04,2026-04-21,202604211803,ST_3HEAD_ANALOG,0.22476679371165087,0
2026-04,2026-04-21,202604212411,ST_3HEAD_ANALOG,0.172345858570261,0
2026-04,2026-04-22,202604220502,ST_3HEAD_ANALOG,0.21491628870701507,0
2026-04,2026-04-22,202604221103,ST_3HEAD_ANALOG,0.2025560837569374,1
2026-04,2026-04-22,202604222207,ST_3HEAD_ANALOG,0.2930168616794409,1
2026-04,2026-04-23,202604230507,ST_3HEAD_ANALOG,0.2548769853705195,1
2026-04,2026-04-23,202604231112,ST_3HEAD_ANALOG,0.2548769853705195,0
2026-04,2026-04-23,202604231402,ST_3HEAD_ANALOG,0.2450618784105969,0
2026-04,2026-04-23,202604231407,ST_3HEAD_ANALOG,0.21588167736516717,0
2026-04,2026-04-23,202604231603,ST_3HEAD_ANALOG,0.3545207210405316,0
2026-04,2026-04-23,202604231808,ST_3HEAD_ANALOG,0.3801774645796623,0
2026-04,2026-04-24,202604240706,ST_3HEAD_ANALOG,0.3918003469870472,0
2026-04,2026-04-24,202604240709,ST_3HEAD_ANALOG,0.33048237217892695,0
2026-04,2026-04-24,202604242010,ST_3HEAD_ANALOG,0.3054541435311912,1
2026-04,2026-04-24,202604242307,ST_3HEAD_ANALOG,0.2302924308774854,0
2026-04,2026-04-24,202604242308,ST_3HEAD_ANALOG,0.3497191638965721,0
2026-04,2026-04-25,202604250705,ST_3HEAD_ANALOG,0.2794356087268289,1
2026-04,2026-04-25,202604250708,ST_3HEAD_ANALOG,0.20397836320519216,1
2026-04,2026-04-25,202604250711,ST_3HEAD_ANALOG,0.2876401849271773,0
2026-04,2026-04-25,202604250903,ST_3HEAD_ANALOG,0.2865039246346282,0
2026-04,2026-04-25,202604251307,ST_3HEAD_ANALOG,0.31569697927305823,0
2026-04,2026-04-25,202604251505,ST_3HEAD_ANALOG,0.2164571336712151,0
2026-04,2026-04-25,202604251508,ST_3HEAD_ANALOG,0.21357885633038515,1
2026-04,2026-04-25,202604252307,ST_3HEAD_ANALOG,0.3841386433684595,1
2026-04,2026-04-26,202604260310,ST_3HEAD_ANALOG,0.2334471816674247,0
2026-04,2026-04-26,202604261504,ST_3HEAD_ANALOG,0.23051406361098029,0
2026-04,2026-04-26,202604262102,ST_3HEAD_ANALOG,0.24442470035500555,0
2026-04,2026-04-27,202604270405,ST_3HEAD_ANALOG,0.2659187582330049,0
2026-04,2026-04-27,202604270505,ST_3HEAD_ANALOG,0.23056271457171865,0
2026-04,2026-04-27,202604270602,ST_3HEAD_ANALOG,0.2663850115628577,1
2026-04,2026-04-27,202604270606,ST_3HEAD_ANALOG,0.3674246193841353,1
2026-04,2026-04-27,202604270707,ST_3HEAD_ANALOG,0.28824274803927746,0
2026-04,2026-04-27,202604271607,ST_3HEAD_ANALOG,0.33404065349534146,0
2026-04,2026-04-27,202604272401,ST_3HEAD_ANALOG,0.24918137756301761,0
2026-04,2026-04-27,202604272402,ST_3HEAD_ANALOG,0.2331226555052138,0
2026-04,2026-04-28,202604280603,ST_3HEAD_ANALOG,0.47637056416618284,0
2026-04,2026-04-28,202604280606,ST_3HEAD_ANALOG,0.3595588201912019,1
2026-04,2026-04-28,202604280707,ST_3HEAD_ANALOG,0.2552709821864012,1
2026-04,2026-04-28,202604280709,ST_3HEAD_ANALOG,0.2552709821864012,1
2026-04,2026-04-28,202604280806,ST_3HEAD_ANALOG,0.26071180469791827,0
2026-04,2026-04-28,202604281502,ST_3HEAD_ANALOG,0.22615489942820646,0
2026-04,2026-04-28,202604281606,ST_3HEAD_ANALOG,0.2552709821864012,0
2026-04,2026-04-28,202604282306,ST_3HEAD_ANALOG,0.2552709821864012,0
2026-04,2026-04-29,202604290306,ST_3HEAD_ANALOG,0.3643751969086578,0
2026-04,2026-04-29,202604290512,ST_3HEAD_ANALOG,0.22297192797929438,0
2026-04,2026-04-29,202604291402,ST_3HEAD_ANALOG,0.3077602899168302,0
2026-04,2026-04-29,202604291505,ST_3HEAD_ANALOG,0.30495033577101494,0
2026-04,2026-04-29,202604291908,ST_3HEAD_ANALOG,0.2880714863810182,0
2026-04,2026-04-29,202604292405,ST_3HEAD_ANALOG,0.22354773615192672,0
2026-04,2026-04-30,202604300505,ST_3HEAD_ANALOG,0.1847480288862486,0
2026-04,2026-04-01,202604010103,PLAYER_COURSE,0.13223008959062088,0
2026-04,2026-04-01,202604010110,PLAYER_COURSE,0.17657731531492388,0
2026-04,2026-04-01,202604010206,PLAYER_COURSE,0.3961032370945925,0
2026-04,2026-04-01,202604010603,PLAYER_COURSE,0.13219957201209995,1
2026-04,2026-04-01,202604010804,PLAYER_COURSE,0.12589211973397277,1
2026-04,2026-04-01,202604012401,PLAYER_COURSE,0.22911426203235313,0
2026-04,2026-04-02,202604020108,PLAYER_COURSE,0.14115722079617943,0
2026-04,2026-04-02,202604020203,PLAYER_COURSE,0.22345944514342886,0
2026-04,2026-04-02,202604022209,PLAYER_COURSE,0.3541048431770436,0
2026-04,2026-04-03,202604030402,PLAYER_COURSE,0.1974414306321618,0
2026-04,2026-04-03,202604031806,PLAYER_COURSE,0.2456767374884401,0
2026-04,2026-04-04,202604041505,PLAYER_COURSE,0.5481132898544903,0
2026-04,2026-04-04,202604042202,PLAYER_COURSE,0.29360611279187043,0
2026-04,2026-04-05,202604050401,PLAYER_COURSE,0.2893841039724122,0
2026-04,2026-04-05,202604051611,PLAYER_COURSE,0.057363156035866884,0
2026-04,2026-04-05,202604052207,PLAYER_COURSE,0.22975046896598686,0
2026-04,2026-04-06,202604060408,PLAYER_COURSE,0.2590645454124129,1
2026-04,2026-04-07,202604070808,PLAYER_COURSE,0.17892186286929151,0
2026-04,2026-04-07,202604071007,PLAYER_COURSE,0.6513973619189132,0
2026-04,2026-04-07,202604072403,PLAYER_COURSE,0.2685112073113039,0
2026-04,2026-04-08,202604080210,PLAYER_COURSE,0.23142183741611644,0
2026-04,2026-04-08,202604081111,PLAYER_COURSE,0.21586091509882369,0
2026-04,2026-04-08,202604082303,PLAYER_COURSE,0.2912210940169385,1
2026-04,2026-04-08,202604082306,PLAYER_COURSE,0.2742154072967943,1
2026-04,2026-04-09,202604090703,PLAYER_COURSE,0.6222997790933692,1
2026-04,2026-04-09,202604090804,PLAYER_COURSE,0.48720995029917946,0
2026-04,2026-04-09,202604091004,PLAYER_COURSE,0.16994813367137243,0
2026-04,2026-04-09,202604091506,PLAYER_COURSE,0.18010337819148964,0
2026-04,2026-04-09,202604091609,PLAYER_COURSE,0.13894619990760054,0
2026-04,2026-04-10,202604100708,PLAYER_COURSE,0.22035680204781133,0
2026-04,2026-04-10,202604101711,PLAYER_COURSE,0.19752898816653666,0
2026-04,2026-04-11,202604110709,PLAYER_COURSE,0.23142350346947685,0
2026-04,2026-04-11,202604111508,PLAYER_COURSE,0.3541143926152675,0
2026-04,2026-04-12,202604120406,PLAYER_COURSE,0.254284695287924,0
2026-04,2026-04-12,202604120608,PLAYER_COURSE,0.5721487184777304,0
2026-04,2026-04-12,202604121605,PLAYER_COURSE,0.19973773734854472,0
2026-04,2026-04-12,202604121607,PLAYER_COURSE,0.19777574843290688,0
2026-04,2026-04-13,202604130405,PLAYER_COURSE,0.190813570178038,0
2026-04,2026-04-13,202604130608,PLAYER_COURSE,0.2781804627252213,1
2026-04,2026-04-13,202604131606,PLAYER_COURSE,0.18534030277152336,0
2026-04,2026-04-13,202604132405,PLAYER_COURSE,0.3146839566906117,0
2026-04,2026-04-14,202604140205,PLAYER_COURSE,0.4664171383409436,0
2026-04,2026-04-14,202604140304,PLAYER_COURSE,0.6817020873101046,0
2026-04,2026-04-15,202604150307,PLAYER_COURSE,0.42102596086772326,0
2026-04,2026-04-15,202604151005,PLAYER_COURSE,0.23928906661916508,1
2026-04,2026-04-16,202604160811,PLAYER_COURSE,0.48210272149725286,0
2026-04,2026-04-16,202604160906,PLAYER_COURSE,0.5260496068615368,1
2026-04,2026-04-16,202604162011,PLAYER_COURSE,0.36472780255533915,0
2026-04,2026-04-17,202604170305,PLAYER_COURSE,0.3104296254661057,0
2026-04,2026-04-17,202604172102,PLAYER_COURSE,0.15634576939891826,0
2026-04,2026-04-17,202604172301,PLAYER_COURSE,0.4499173282906396,0
2026-04,2026-04-18,202604180305,PLAYER_COURSE,0.47820756547193355,1
2026-04,2026-04-18,202604180908,PLAYER_COURSE,0.33800758420277666,0
2026-04,2026-04-18,202604181306,PLAYER_COURSE,0.34543670594054643,0
2026-04,2026-04-18,202604181508,PLAYER_COURSE,0.2137625338777001,0
2026-04,2026-04-19,202604190501,PLAYER_COURSE,0.3415349873034538,0
2026-04,2026-04-19,202604190703,PLAYER_COURSE,0.5201419633459442,0
2026-04,2026-04-19,202604191006,PLAYER_COURSE,0.2236116168462346,0
2026-04,2026-04-19,202604191307,PLAYER_COURSE,0.2276090849718023,0
2026-04,2026-04-19,202604191506,PLAYER_COURSE,0.5319295665700685,0
2026-04,2026-04-19,202604192406,PLAYER_COURSE,0.2777707725559504,0
2026-04,2026-04-20,202604200707,PLAYER_COURSE,0.5056685993765293,0
2026-04,2026-04-20,202604201510,PLAYER_COURSE,0.0729667503243985,0
2026-04,2026-04-21,202604210508,PLAYER_COURSE,0.1694926357679309,0
2026-04,2026-04-21,202604210702,PLAYER_COURSE,0.4614009727895111,0
2026-04,2026-04-21,202604211109,PLAYER_COURSE,0.6142121065884638,0
2026-04,2026-04-21,202604211508,PLAYER_COURSE,0.44261189898799697,0
2026-04,2026-04-21,202604211803,PLAYER_COURSE,0.28350029083041195,0
2026-04,2026-04-21,202604212411,PLAYER_COURSE,0.13998772344924623,0
2026-04,2026-04-22,202604220502,PLAYER_COURSE,0.2463097605323316,0
2026-04,2026-04-22,202604221103,PLAYER_COURSE,0.43412077106538993,1
2026-04,2026-04-22,202604222207,PLAYER_COURSE,0.6545325307719174,1
2026-04,2026-04-23,202604230507,PLAYER_COURSE,0.3111135923340857,1
2026-04,2026-04-23,202604231112,PLAYER_COURSE,0.14893994267842595,0
2026-04,2026-04-23,202604231402,PLAYER_COURSE,0.3485921595652027,0
2026-04,2026-04-23,202604231407,PLAYER_COURSE,0.2511785998892313,0
2026-04,2026-04-23,202604231603,PLAYER_COURSE,0.18642759233304976,0
2026-04,2026-04-23,202604231808,PLAYER_COURSE,0.5349378952567074,0
2026-04,2026-04-24,202604240706,PLAYER_COURSE,0.1802722623504981,0
2026-04,2026-04-24,202604240709,PLAYER_COURSE,0.10309981791754046,0
2026-04,2026-04-24,202604242010,PLAYER_COURSE,0.3275828891343784,1
2026-04,2026-04-24,202604242307,PLAYER_COURSE,0.3095080733235263,0
2026-04,2026-04-24,202604242308,PLAYER_COURSE,0.23935774347800504,0
2026-04,2026-04-25,202604250705,PLAYER_COURSE,0.2625974743997469,1
2026-04,2026-04-25,202604250708,PLAYER_COURSE,0.3200722860946593,1
2026-04,2026-04-25,202604250711,PLAYER_COURSE,0.22414590182715477,0
2026-04,2026-04-25,202604250903,PLAYER_COURSE,0.380385602799994,0
2026-04,2026-04-25,202604251307,PLAYER_COURSE,0.40113594299005995,0
2026-04,2026-04-25,202604251505,PLAYER_COURSE,0.31343028643771736,0
2026-04,2026-04-25,202604251508,PLAYER_COURSE,0.2542021707788808,1
2026-04,2026-04-25,202604252307,PLAYER_COURSE,0.16683237203174964,1
2026-04,2026-04-26,202604260310,PLAYER_COURSE,0.6276236704399137,0
2026-04,2026-04-26,202604261504,PLAYER_COURSE,0.28172145054030423,0
2026-04,2026-04-26,202604262102,PLAYER_COURSE,0.06556647523500748,0
2026-04,2026-04-27,202604270405,PLAYER_COURSE,0.20259853741049516,0
2026-04,2026-04-27,202604270505,PLAYER_COURSE,0.07652889775248668,0
2026-04,2026-04-27,202604270602,PLAYER_COURSE,0.2209595846161861,1
2026-04,2026-04-27,202604270606,PLAYER_COURSE,0.25636594457662243,1
2026-04,2026-04-27,202604270707,PLAYER_COURSE,0.1979877433880628,0
2026-04,2026-04-27,202604271607,PLAYER_COURSE,0.5298710877862972,0
2026-04,2026-04-27,202604272401,PLAYER_COURSE,0.24369433328295856,0
2026-04,2026-04-27,202604272402,PLAYER_COURSE,0.3618515108345327,0
2026-04,2026-04-28,202604280603,PLAYER_COURSE,0.5846606650276017,0
2026-04,2026-04-28,202604280606,PLAYER_COURSE,0.37109997126270305,1
2026-04,2026-04-28,202604280707,PLAYER_COURSE,0.1673450397570974,1
2026-04,2026-04-28,202604280709,PLAYER_COURSE,0.08854296368943547,1
2026-04,2026-04-28,202604280806,PLAYER_COURSE,0.36425319254699373,0
2026-04,2026-04-28,202604281502,PLAYER_COURSE,0.22359593910766695,0
2026-04,2026-04-28,202604281606,PLAYER_COURSE,0.41987612647828576,0
2026-04,2026-04-28,202604282306,PLAYER_COURSE,0.10847708310742987,0
2026-04,2026-04-29,202604290306,PLAYER_COURSE,0.3835981472188872,0
2026-04,2026-04-29,202604290512,PLAYER_COURSE,0.2641086809719657,0
2026-04,2026-04-29,202604291402,PLAYER_COURSE,0.19020680342968055,0
2026-04,2026-04-29,202604291505,PLAYER_COURSE,0.39367291018361655,0
2026-04,2026-04-29,202604291908,PLAYER_COURSE,0.22536827976780643,0
2026-04,2026-04-29,202604292405,PLAYER_COURSE,0.5155656762552764,0
2026-04,2026-04-30,202604300505,PLAYER_COURSE,0.40787242320819445,0
2026-04,2026-04-01,202604010103,PRIOR_FOOT,0.45040334765157125,0
2026-04,2026-04-01,202604010110,PRIOR_FOOT,0.18877376770981427,0
2026-04,2026-04-01,202604010206,PRIOR_FOOT,0.2050133521119146,0
2026-04,2026-04-01,202604010603,PRIOR_FOOT,0.4931331564673804,1
2026-04,2026-04-01,202604010804,PRIOR_FOOT,0.3703244857143657,1
2026-04,2026-04-01,202604012401,PRIOR_FOOT,0.16830352387943529,0
2026-04,2026-04-02,202604020108,PRIOR_FOOT,0.1666419175943795,0
2026-04,2026-04-02,202604020203,PRIOR_FOOT,0.02665037320208449,0
2026-04,2026-04-02,202604022209,PRIOR_FOOT,0.14288181815149648,0
2026-04,2026-04-03,202604030402,PRIOR_FOOT,0.16050724425546306,0
2026-04,2026-04-03,202604031806,PRIOR_FOOT,0.06372485988129802,0
2026-04,2026-04-04,202604041505,PRIOR_FOOT,0.19150110718183477,0
2026-04,2026-04-04,202604042202,PRIOR_FOOT,0.40646667753588855,0
2026-04,2026-04-05,202604050401,PRIOR_FOOT,0.22649773440502297,0
2026-04,2026-04-05,202604051611,PRIOR_FOOT,0.3086601996716921,0
2026-04,2026-04-05,202604052207,PRIOR_FOOT,0.21518476599555308,0
2026-04,2026-04-06,202604060408,PRIOR_FOOT,0.278464930257627,1
2026-04,2026-04-07,202604070808,PRIOR_FOOT,0.35055271787117903,0
2026-04,2026-04-07,202604071007,PRIOR_FOOT,0.43494699615326127,0
2026-04,2026-04-07,202604072403,PRIOR_FOOT,0.28288265593543277,0
2026-04,2026-04-08,202604080210,PRIOR_FOOT,0.0970124251141305,0
2026-04,2026-04-08,202604081111,PRIOR_FOOT,0.1278806769083745,0
2026-04,2026-04-08,202604082303,PRIOR_FOOT,0.03303863114012291,1
2026-04,2026-04-08,202604082306,PRIOR_FOOT,0.07355476323748736,1
2026-04,2026-04-09,202604090703,PRIOR_FOOT,0.20280931719309192,1
2026-04,2026-04-09,202604090804,PRIOR_FOOT,0.04240185130973871,0
2026-04,2026-04-09,202604091004,PRIOR_FOOT,0.20549742176608726,0
2026-04,2026-04-09,202604091506,PRIOR_FOOT,0.210274051530705,0
2026-04,2026-04-09,202604091609,PRIOR_FOOT,0.23696420794855702,0
2026-04,2026-04-10,202604100708,PRIOR_FOOT,0.17560817060429953,0
2026-04,2026-04-10,202604101711,PRIOR_FOOT,0.1290148420669027,0
2026-04,2026-04-11,202604110709,PRIOR_FOOT,0.3147124688341354,0
2026-04,2026-04-11,202604111508,PRIOR_FOOT,0.07892274427633136,0
2026-04,2026-04-12,202604120406,PRIOR_FOOT,0.11908827721744655,0
2026-04,2026-04-12,202604120608,PRIOR_FOOT,0.4233477357492654,0
2026-04,2026-04-12,202604121605,PRIOR_FOOT,0.5631953164493717,0
2026-04,2026-04-12,202604121607,PRIOR_FOOT,0.051927515368134884,0
2026-04,2026-04-13,202604130405,PRIOR_FOOT,0.23367847902634978,0
2026-04,2026-04-13,202604130608,PRIOR_FOOT,0.218428016039815,1
2026-04,2026-04-13,202604131606,PRIOR_FOOT,0.25165529430919004,0
2026-04,2026-04-13,202604132405,PRIOR_FOOT,0.2503967835461386,0
2026-04,2026-04-14,202604140205,PRIOR_FOOT,0.09509534562634056,0
2026-04,2026-04-14,202604140304,PRIOR_FOOT,0.03838018394015832,0
2026-04,2026-04-15,202604150307,PRIOR_FOOT,0.22552546831810427,0
2026-04,2026-04-15,202604151005,PRIOR_FOOT,0.07234547861337987,1
2026-04,2026-04-16,202604160811,PRIOR_FOOT,0.053119809801032314,0
2026-04,2026-04-16,202604160906,PRIOR_FOOT,0.8218926682337705,1
2026-04,2026-04-16,202604162011,PRIOR_FOOT,0.4514114644469614,0
2026-04,2026-04-17,202604170305,PRIOR_FOOT,0.31015739433285794,0
2026-04,2026-04-17,202604172102,PRIOR_FOOT,0.10011864870172119,0
2026-04,2026-04-17,202604172301,PRIOR_FOOT,0.06492661162941306,0
2026-04,2026-04-18,202604180305,PRIOR_FOOT,0.1997392249860611,1
2026-04,2026-04-18,202604180908,PRIOR_FOOT,0.15933782330552826,0
2026-04,2026-04-18,202604181306,PRIOR_FOOT,0.15463435133734516,0
2026-04,2026-04-18,202604181508,PRIOR_FOOT,0.0858263609462462,0
2026-04,2026-04-19,202604190501,PRIOR_FOOT,0.037984815317699844,0
2026-04,2026-04-19,202604190703,PRIOR_FOOT,0.24156888132962956,0
2026-04,2026-04-19,202604191006,PRIOR_FOOT,0.1564267667093151,0
2026-04,2026-04-19,202604191307,PRIOR_FOOT,0.1736095739747033,0
2026-04,2026-04-19,202604191506,PRIOR_FOOT,0.07001600644195938,0
2026-04,2026-04-19,202604192406,PRIOR_FOOT,0.4017185998714724,0
2026-04,2026-04-20,202604200707,PRIOR_FOOT,0.07988121764904874,0
2026-04,2026-04-20,202604201510,PRIOR_FOOT,0.4355231064688943,0
2026-04,2026-04-21,202604210508,PRIOR_FOOT,0.5430238212186195,0
2026-04,2026-04-21,202604210702,PRIOR_FOOT,0.245263903422679,0
2026-04,2026-04-21,202604211109,PRIOR_FOOT,0.23274987994389823,0
2026-04,2026-04-21,202604211508,PRIOR_FOOT,0.10920643361614882,0
2026-04,2026-04-21,202604211803,PRIOR_FOOT,0.6141573141639907,0
2026-04,2026-04-21,202604212411,PRIOR_FOOT,0.38743315373754855,0
2026-04,2026-04-22,202604220502,PRIOR_FOOT,0.18113941741436293,0
2026-04,2026-04-22,202604221103,PRIOR_FOOT,0.228204937370273,1
2026-04,2026-04-22,202604222207,PRIOR_FOOT,0.1903825345812083,1
2026-04,2026-04-23,202604230507,PRIOR_FOOT,0.2378962885763473,1
2026-04,2026-04-23,202604231112,PRIOR_FOOT,0.05059263929036037,0
2026-04,2026-04-23,202604231402,PRIOR_FOOT,0.17280370401442768,0
2026-04,2026-04-23,202604231407,PRIOR_FOOT,0.18479041193321463,0
2026-04,2026-04-23,202604231603,PRIOR_FOOT,0.6965676211456321,0
2026-04,2026-04-23,202604231808,PRIOR_FOOT,0.1819204176773735,0
2026-04,2026-04-24,202604240706,PRIOR_FOOT,0.2395561482786458,0
2026-04,2026-04-24,202604240709,PRIOR_FOOT,0.1667725307213318,0
2026-04,2026-04-24,202604242010,PRIOR_FOOT,0.34947965557993377,1
2026-04,2026-04-24,202604242307,PRIOR_FOOT,0.05097437236328721,0
2026-04,2026-04-24,202604242308,PRIOR_FOOT,0.08492797824969954,0
2026-04,2026-04-25,202604250705,PRIOR_FOOT,0.016635784138877074,1
2026-04,2026-04-25,202604250708,PRIOR_FOOT,0.3665153237311704,1
2026-04,2026-04-25,202604250711,PRIOR_FOOT,0.2151706403619742,0
2026-04,2026-04-25,202604250903,PRIOR_FOOT,0.04783751899095448,0
2026-04,2026-04-25,202604251307,PRIOR_FOOT,0.022730440853106194,0
2026-04,2026-04-25,202604251505,PRIOR_FOOT,0.5197897094985335,0
2026-04,2026-04-25,202604251508,PRIOR_FOOT,0.20594693781061288,1
2026-04,2026-04-25,202604252307,PRIOR_FOOT,0.30849877997258524,1
2026-04,2026-04-26,202604260310,PRIOR_FOOT,0.19864638487671138,0
2026-04,2026-04-26,202604261504,PRIOR_FOOT,0.17391286137225098,0
2026-04,2026-04-26,202604262102,PRIOR_FOOT,0.7338360180892697,0
2026-04,2026-04-27,202604270405,PRIOR_FOOT,0.3456116871024529,0
2026-04,2026-04-27,202604270505,PRIOR_FOOT,0.11994560309304365,0
2026-04,2026-04-27,202604270602,PRIOR_FOOT,0.4552006763953394,1
2026-04,2026-04-27,202604270606,PRIOR_FOOT,0.6018470704952953,1
2026-04,2026-04-27,202604270707,PRIOR_FOOT,0.13730332269337625,0
2026-04,2026-04-27,202604271607,PRIOR_FOOT,0.47180918788245985,0
2026-04,2026-04-27,202604272401,PRIOR_FOOT,0.11237554186465666,0
2026-04,2026-04-27,202604272402,PRIOR_FOOT,0.04926823087162572,0
2026-04,2026-04-28,202604280603,PRIOR_FOOT,0.4034967893672012,0
2026-04,2026-04-28,202604280606,PRIOR_FOOT,0.3525076961422563,1
2026-04,2026-04-28,202604280707,PRIOR_FOOT,0.2087245928954038,1
2026-04,2026-04-28,202604280709,PRIOR_FOOT,0.4085797984034741,1
2026-04,2026-04-28,202604280806,PRIOR_FOOT,0.3105311671777599,0
2026-04,2026-04-28,202604281502,PRIOR_FOOT,0.5332022227731281,0
2026-04,2026-04-28,202604281606,PRIOR_FOOT,0.11039434792304399,0
2026-04,2026-04-28,202604282306,PRIOR_FOOT,0.20184776298660187,0
2026-04,2026-04-29,202604290306,PRIOR_FOOT,0.19744497887124013,0
2026-04,2026-04-29,202604290512,PRIOR_FOOT,0.12415287802847465,0
2026-04,2026-04-29,202604291402,PRIOR_FOOT,0.11569279088953174,0
2026-04,2026-04-29,202604291505,PRIOR_FOOT,0.08201612614512793,0
2026-04,2026-04-29,202604291908,PRIOR_FOOT,0.01771570991496625,0
2026-04,2026-04-29,202604292405,PRIOR_FOOT,0.22343068680460132,0
2026-04,2026-04-30,202604300505,PRIOR_FOOT,0.06923286868550793,0
2026-04,2026-04-01,202604010103,OPP_CONTEXT,0.23425026909561675,0
2026-04,2026-04-01,202604010110,OPP_CONTEXT,0.22546511556956847,0
2026-04,2026-04-01,202604010206,OPP_CONTEXT,0.31970742503297894,0
2026-04,2026-04-01,202604010603,OPP_CONTEXT,0.2880547284158071,1
2026-04,2026-04-01,202604010804,OPP_CONTEXT,0.3382328946506388,1
2026-04,2026-04-01,202604012401,OPP_CONTEXT,0.10754601264626669,0
2026-04,2026-04-02,202604020108,OPP_CONTEXT,0.46942998326313934,0
2026-04,2026-04-02,202604020203,OPP_CONTEXT,0.14975001211221162,0
2026-04,2026-04-02,202604022209,OPP_CONTEXT,0.31984633388820166,0
2026-04,2026-04-03,202604030402,OPP_CONTEXT,0.3868700027746822,0
2026-04,2026-04-03,202604031806,OPP_CONTEXT,0.3736548111722932,0
2026-04,2026-04-04,202604041505,OPP_CONTEXT,0.17799814977688788,0
2026-04,2026-04-04,202604042202,OPP_CONTEXT,0.7746599691802216,0
2026-04,2026-04-05,202604050401,OPP_CONTEXT,0.30151935561812315,0
2026-04,2026-04-05,202604051611,OPP_CONTEXT,0.08818410896073417,0
2026-04,2026-04-05,202604052207,OPP_CONTEXT,0.2895841072369655,0
2026-04,2026-04-06,202604060408,OPP_CONTEXT,0.1726612617991897,1
2026-04,2026-04-07,202604070808,OPP_CONTEXT,0.4493858955907678,0
2026-04,2026-04-07,202604071007,OPP_CONTEXT,0.2588587837382565,0
2026-04,2026-04-07,202604072403,OPP_CONTEXT,0.510590506394229,0
2026-04,2026-04-08,202604080210,OPP_CONTEXT,0.08938338027528626,0
2026-04,2026-04-08,202604081111,OPP_CONTEXT,0.10343075843075178,0
2026-04,2026-04-08,202604082303,OPP_CONTEXT,0.31619951769969956,1
2026-04,2026-04-08,202604082306,OPP_CONTEXT,0.29800440133188516,1
2026-04,2026-04-09,202604090703,OPP_CONTEXT,0.4145380089948811,1
2026-04,2026-04-09,202604090804,OPP_CONTEXT,0.16812060599149492,0
2026-04,2026-04-09,202604091004,OPP_CONTEXT,0.10073749795721218,0
2026-04,2026-04-09,202604091506,OPP_CONTEXT,0.15373492088344942,0
2026-04,2026-04-09,202604091609,OPP_CONTEXT,0.13817871363567466,0
2026-04,2026-04-10,202604100708,OPP_CONTEXT,0.25131285726243713,0
2026-04,2026-04-10,202604101711,OPP_CONTEXT,0.05699228790964289,0
2026-04,2026-04-11,202604110709,OPP_CONTEXT,0.19532790929691526,0
2026-04,2026-04-11,202604111508,OPP_CONTEXT,0.1456633454264867,0
2026-04,2026-04-12,202604120406,OPP_CONTEXT,0.14055244070032794,0
2026-04,2026-04-12,202604120608,OPP_CONTEXT,0.11666224807600298,0
2026-04,2026-04-12,202604121605,OPP_CONTEXT,0.10575350680787675,0
2026-04,2026-04-12,202604121607,OPP_CONTEXT,0.1901874623697729,0
2026-04,2026-04-13,202604130405,OPP_CONTEXT,0.10550014822654015,0
2026-04,2026-04-13,202604130608,OPP_CONTEXT,0.12806210544262386,1
2026-04,2026-04-13,202604131606,OPP_CONTEXT,0.2142622955341519,0
2026-04,2026-04-13,202604132405,OPP_CONTEXT,0.16984356226925124,0
2026-04,2026-04-14,202604140205,OPP_CONTEXT,0.3664206225171319,0
2026-04,2026-04-14,202604140304,OPP_CONTEXT,0.2956320964034521,0
2026-04,2026-04-15,202604150307,OPP_CONTEXT,0.4726089794992667,0
2026-04,2026-04-15,202604151005,OPP_CONTEXT,0.1443770106768159,1
2026-04,2026-04-16,202604160811,OPP_CONTEXT,0.17022367031023197,0
2026-04,2026-04-16,202604160906,OPP_CONTEXT,0.29896785527560193,1
2026-04,2026-04-16,202604162011,OPP_CONTEXT,0.08782827740366601,0
2026-04,2026-04-17,202604170305,OPP_CONTEXT,0.2425202335576999,0
2026-04,2026-04-17,202604172102,OPP_CONTEXT,0.15122453962079765,0
2026-04,2026-04-17,202604172301,OPP_CONTEXT,0.1847749343041822,0
2026-04,2026-04-18,202604180305,OPP_CONTEXT,0.2608882153316544,1
2026-04,2026-04-18,202604180908,OPP_CONTEXT,0.19677386353551035,0
2026-04,2026-04-18,202604181306,OPP_CONTEXT,0.10396957551240742,0
2026-04,2026-04-18,202604181508,OPP_CONTEXT,0.1747968236885671,0
2026-04,2026-04-19,202604190501,OPP_CONTEXT,0.30665260889712775,0
2026-04,2026-04-19,202604190703,OPP_CONTEXT,0.4019231799742345,0
2026-04,2026-04-19,202604191006,OPP_CONTEXT,0.13988553449175403,0
2026-04,2026-04-19,202604191307,OPP_CONTEXT,0.3030612728120605,0
2026-04,2026-04-19,202604191506,OPP_CONTEXT,0.34327499677055506,0
2026-04,2026-04-19,202604192406,OPP_CONTEXT,0.12311451991156888,0
2026-04,2026-04-20,202604200707,OPP_CONTEXT,0.17368752402741902,0
2026-04,2026-04-20,202604201510,OPP_CONTEXT,0.10229651928417524,0
2026-04,2026-04-21,202604210508,OPP_CONTEXT,0.11944186257168794,0
2026-04,2026-04-21,202604210702,OPP_CONTEXT,0.24908929214123385,0
2026-04,2026-04-21,202604211109,OPP_CONTEXT,0.23929711856421357,0
2026-04,2026-04-21,202604211508,OPP_CONTEXT,0.1715920755901329,0
2026-04,2026-04-21,202604211803,OPP_CONTEXT,0.06462113642387088,0
2026-04,2026-04-21,202604212411,OPP_CONTEXT,0.23974486600239595,0
2026-04,2026-04-22,202604220502,OPP_CONTEXT,0.23239113761663036,0
2026-04,2026-04-22,202604221103,OPP_CONTEXT,0.5039383417822011,1
2026-04,2026-04-22,202604222207,OPP_CONTEXT,0.1261134900482126,1
2026-04,2026-04-23,202604230507,OPP_CONTEXT,0.29672641688857254,1
2026-04,2026-04-23,202604231112,OPP_CONTEXT,0.072742422016863,0
2026-04,2026-04-23,202604231402,OPP_CONTEXT,0.12247467703033668,0
2026-04,2026-04-23,202604231407,OPP_CONTEXT,0.12325839758387111,0
2026-04,2026-04-23,202604231603,OPP_CONTEXT,0.2437559069191924,0
2026-04,2026-04-23,202604231808,OPP_CONTEXT,0.0928806165057837,0
2026-04,2026-04-24,202604240706,OPP_CONTEXT,0.425951533783784,0
2026-04,2026-04-24,202604240709,OPP_CONTEXT,0.2507304480631355,0
2026-04,2026-04-24,202604242010,OPP_CONTEXT,0.24178963673723838,1
2026-04,2026-04-24,202604242307,OPP_CONTEXT,0.3595053085284994,0
2026-04,2026-04-24,202604242308,OPP_CONTEXT,0.5135353122471555,0
2026-04,2026-04-25,202604250705,OPP_CONTEXT,0.1776266324743154,1
2026-04,2026-04-25,202604250708,OPP_CONTEXT,0.3334611308041427,1
2026-04,2026-04-25,202604250711,OPP_CONTEXT,0.10507913733717601,0
2026-04,2026-04-25,202604250903,OPP_CONTEXT,0.3530625551022857,0
2026-04,2026-04-25,202604251307,OPP_CONTEXT,0.36230556777152,0
2026-04,2026-04-25,202604251505,OPP_CONTEXT,0.22775331443591304,0
2026-04,2026-04-25,202604251508,OPP_CONTEXT,0.08956496263294977,1
2026-04,2026-04-25,202604252307,OPP_CONTEXT,0.3540031607162496,1
2026-04,2026-04-26,202604260310,OPP_CONTEXT,0.346746229427209,0
2026-04,2026-04-26,202604261504,OPP_CONTEXT,0.1987189725587797,0
2026-04,2026-04-26,202604262102,OPP_CONTEXT,0.17623578835185003,0
2026-04,2026-04-27,202604270405,OPP_CONTEXT,0.18360090371030013,0
2026-04,2026-04-27,202604270505,OPP_CONTEXT,0.1192091003811129,0
2026-04,2026-04-27,202604270602,OPP_CONTEXT,0.16432123648744776,1
2026-04,2026-04-27,202604270606,OPP_CONTEXT,0.14358693600185396,1
2026-04,2026-04-27,202604270707,OPP_CONTEXT,0.07045824161158865,0
2026-04,2026-04-27,202604271607,OPP_CONTEXT,0.31456304695072274,0
2026-04,2026-04-27,202604272401,OPP_CONTEXT,0.3102880219659424,0
2026-04,2026-04-27,202604272402,OPP_CONTEXT,0.24522207998826864,0
2026-04,2026-04-28,202604280603,OPP_CONTEXT,0.37801051143891035,0
2026-04,2026-04-28,202604280606,OPP_CONTEXT,0.2671998211942173,1
2026-04,2026-04-28,202604280707,OPP_CONTEXT,0.19373491277041247,1
2026-04,2026-04-28,202604280709,OPP_CONTEXT,0.13282859941432826,1
2026-04,2026-04-28,202604280806,OPP_CONTEXT,0.1970403637373756,0
2026-04,2026-04-28,202604281502,OPP_CONTEXT,0.27114531646251555,0
2026-04,2026-04-28,202604281606,OPP_CONTEXT,0.2570291077096515,0
2026-04,2026-04-28,202604282306,OPP_CONTEXT,0.21525336425953812,0
2026-04,2026-04-29,202604290306,OPP_CONTEXT,0.5219914419257237,0
2026-04,2026-04-29,202604290512,OPP_CONTEXT,0.05722938953572308,0
2026-04,2026-04-29,202604291402,OPP_CONTEXT,0.27748979845801336,0
2026-04,2026-04-29,202604291505,OPP_CONTEXT,0.152302507322248,0
2026-04,2026-04-29,202604291908,OPP_CONTEXT,0.1267894764971758,0
2026-04,2026-04-29,202604292405,OPP_CONTEXT,0.3110410011620183,0
2026-04,2026-04-30,202604300505,OPP_CONTEXT,0.11397946030094605,0
2026-04,2026-04-01,202604010103,ENV_ENTRY,0.10889148353999548,0
2026-04,2026-04-01,202604010110,ENV_ENTRY,0.36365169437473793,0
2026-04,2026-04-01,202604010206,ENV_ENTRY,0.3375596092639969,0
2026-04,2026-04-01,202604010603,ENV_ENTRY,0.23515893330263496,1
2026-04,2026-04-01,202604010804,ENV_ENTRY,0.41074618284441894,1
2026-04,2026-04-01,202604012401,ENV_ENTRY,0.08179782645902607,0
2026-04,2026-04-02,202604020108,ENV_ENTRY,0.3883316521979916,0
2026-04,2026-04-02,202604020203,ENV_ENTRY,0.29092398841523776,0
2026-04,2026-04-02,202604022209,ENV_ENTRY,0.32691892962203273,0
2026-04,2026-04-03,202604030402,ENV_ENTRY,0.5298660524555754,0
2026-04,2026-04-03,202604031806,ENV_ENTRY,0.2556875789916196,0
2026-04,2026-04-04,202604041505,ENV_ENTRY,0.2896283371196476,0
2026-04,2026-04-04,202604042202,ENV_ENTRY,0.23702341446671146,0
2026-04,2026-04-05,202604050401,ENV_ENTRY,0.21234952316178696,0
2026-04,2026-04-05,202604051611,ENV_ENTRY,0.22859906389994467,0
2026-04,2026-04-05,202604052207,ENV_ENTRY,0.24454226580710042,0
2026-04,2026-04-06,202604060408,ENV_ENTRY,0.2050865233510661,1
2026-04,2026-04-07,202604070808,ENV_ENTRY,0.23545848507843903,0
2026-04,2026-04-07,202604071007,ENV_ENTRY,0.22222760376643513,0
2026-04,2026-04-07,202604072403,ENV_ENTRY,0.24697747957414437,0
2026-04,2026-04-08,202604080210,ENV_ENTRY,0.18652577607982812,0
2026-04,2026-04-08,202604081111,ENV_ENTRY,0.4143244104994691,0
2026-04,2026-04-08,202604082303,ENV_ENTRY,0.1069683396916219,1
2026-04,2026-04-08,202604082306,ENV_ENTRY,0.26221215311755885,1
2026-04,2026-04-09,202604090703,ENV_ENTRY,0.19256226795550696,1
2026-04,2026-04-09,202604090804,ENV_ENTRY,0.09504823340620171,0
2026-04,2026-04-09,202604091004,ENV_ENTRY,0.24663112532498258,0
2026-04,2026-04-09,202604091506,ENV_ENTRY,0.35050021566366135,0
2026-04,2026-04-09,202604091609,ENV_ENTRY,0.2908332089002211,0
2026-04,2026-04-10,202604100708,ENV_ENTRY,0.16087706170358598,0
2026-04,2026-04-10,202604101711,ENV_ENTRY,0.2596367837734183,0
2026-04,2026-04-11,202604110709,ENV_ENTRY,0.29204372979881904,0
2026-04,2026-04-11,202604111508,ENV_ENTRY,0.08294544015282036,0
2026-04,2026-04-12,202604120406,ENV_ENTRY,0.4033589239885423,0
2026-04,2026-04-12,202604120608,ENV_ENTRY,0.4406087920214281,0
2026-04,2026-04-12,202604121605,ENV_ENTRY,0.09331639424035068,0
2026-04,2026-04-12,202604121607,ENV_ENTRY,0.39450565595201775,0
2026-04,2026-04-13,202604130405,ENV_ENTRY,0.1556491873269428,0
2026-04,2026-04-13,202604130608,ENV_ENTRY,0.2856394358054378,1
2026-04,2026-04-13,202604131606,ENV_ENTRY,0.24424917572955518,0
2026-04,2026-04-13,202604132405,ENV_ENTRY,0.2910562692468249,0
2026-04,2026-04-14,202604140205,ENV_ENTRY,0.0891716663029883,0
2026-04,2026-04-14,202604140304,ENV_ENTRY,0.3007004543368041,0
2026-04,2026-04-15,202604150307,ENV_ENTRY,0.6964671445157853,0
2026-04,2026-04-15,202604151005,ENV_ENTRY,0.12924424353581943,1
2026-04,2026-04-16,202604160811,ENV_ENTRY,0.31314597853505144,0
2026-04,2026-04-16,202604160906,ENV_ENTRY,0.22539375421772298,1
2026-04,2026-04-16,202604162011,ENV_ENTRY,0.11001535052439664,0
2026-04,2026-04-17,202604170305,ENV_ENTRY,0.3653324755324338,0
2026-04,2026-04-17,202604172102,ENV_ENTRY,0.28338326397870917,0
2026-04,2026-04-17,202604172301,ENV_ENTRY,0.3027231722821192,0
2026-04,2026-04-18,202604180305,ENV_ENTRY,0.2863157221706255,1
2026-04,2026-04-18,202604180908,ENV_ENTRY,0.09988643726186382,0
2026-04,2026-04-18,202604181306,ENV_ENTRY,0.22329967808582904,0
2026-04,2026-04-18,202604181508,ENV_ENTRY,0.3264309425611641,0
2026-04,2026-04-19,202604190501,ENV_ENTRY,0.25940413253752204,0
2026-04,2026-04-19,202604190703,ENV_ENTRY,0.14139410460389532,0
2026-04,2026-04-19,202604191006,ENV_ENTRY,0.29069104788028005,0
2026-04,2026-04-19,202604191307,ENV_ENTRY,0.13459980137571018,0
2026-04,2026-04-19,202604191506,ENV_ENTRY,0.26999417576977935,0
2026-04,2026-04-19,202604192406,ENV_ENTRY,0.13459338947076968,0
2026-04,2026-04-20,202604200707,ENV_ENTRY,0.13536024652308254,0
2026-04,2026-04-20,202604201510,ENV_ENTRY,0.06799674770150979,0
2026-04,2026-04-21,202604210508,ENV_ENTRY,0.19914780423011577,0
2026-04,2026-04-21,202604210702,ENV_ENTRY,0.290276027212332,0
2026-04,2026-04-21,202604211109,ENV_ENTRY,0.4019588119800107,0
2026-04,2026-04-21,202604211508,ENV_ENTRY,0.07090824552740164,0
2026-04,2026-04-21,202604211803,ENV_ENTRY,0.07968014730472861,0
2026-04,2026-04-21,202604212411,ENV_ENTRY,0.1355003628000269,0
2026-04,2026-04-22,202604220502,ENV_ENTRY,0.32031678664610724,0
2026-04,2026-04-22,202604221103,ENV_ENTRY,0.06447199372048663,1
2026-04,2026-04-22,202604222207,ENV_ENTRY,0.08065103062246218,1
2026-04,2026-04-23,202604230507,ENV_ENTRY,0.2843254163861286,1
2026-04,2026-04-23,202604231112,ENV_ENTRY,0.2903972066067526,0
2026-04,2026-04-23,202604231402,ENV_ENTRY,0.12018969008587425,0
2026-04,2026-04-23,202604231407,ENV_ENTRY,0.14351003059801515,0
2026-04,2026-04-23,202604231603,ENV_ENTRY,0.3275755846958609,0
2026-04,2026-04-23,202604231808,ENV_ENTRY,0.2072639005877049,0
2026-04,2026-04-24,202604240706,ENV_ENTRY,0.2318317692533582,0
2026-04,2026-04-24,202604240709,ENV_ENTRY,0.19800104940365057,0
2026-04,2026-04-24,202604242010,ENV_ENTRY,0.3258798262625939,1
2026-04,2026-04-24,202604242307,ENV_ENTRY,0.10389489792642091,0
2026-04,2026-04-24,202604242308,ENV_ENTRY,0.3681608737688358,0
2026-04,2026-04-25,202604250705,ENV_ENTRY,0.33790264982142093,1
2026-04,2026-04-25,202604250708,ENV_ENTRY,0.24624393133800335,1
2026-04,2026-04-25,202604250711,ENV_ENTRY,0.25210358688587636,0
2026-04,2026-04-25,202604250903,ENV_ENTRY,0.30780976667388976,0
2026-04,2026-04-25,202604251307,ENV_ENTRY,0.33455686352911135,0
2026-04,2026-04-25,202604251505,ENV_ENTRY,0.15404666725265861,0
2026-04,2026-04-25,202604251508,ENV_ENTRY,0.23816967282252285,1
2026-04,2026-04-25,202604252307,ENV_ENTRY,0.23965461809566846,1
2026-04,2026-04-26,202604260310,ENV_ENTRY,0.6070482981853471,0
2026-04,2026-04-26,202604261504,ENV_ENTRY,0.08644958219564254,0
2026-04,2026-04-26,202604262102,ENV_ENTRY,0.16838851950999834,0
2026-04,2026-04-27,202604270405,ENV_ENTRY,0.20318804527508708,0
2026-04,2026-04-27,202604270505,ENV_ENTRY,0.1577616004941934,0
2026-04,2026-04-27,202604270602,ENV_ENTRY,0.349267096536339,1
2026-04,2026-04-27,202604270606,ENV_ENTRY,0.42498115070646403,1
2026-04,2026-04-27,202604270707,ENV_ENTRY,0.2883253547729077,0
2026-04,2026-04-27,202604271607,ENV_ENTRY,0.287078344862007,0
2026-04,2026-04-27,202604272401,ENV_ENTRY,0.17557439794126173,0
2026-04,2026-04-27,202604272402,ENV_ENTRY,0.1825019769553761,0
2026-04,2026-04-28,202604280603,ENV_ENTRY,0.4482826489218298,0
2026-04,2026-04-28,202604280606,ENV_ENTRY,0.28654594416487755,1
2026-04,2026-04-28,202604280707,ENV_ENTRY,0.28963020283978747,1
2026-04,2026-04-28,202604280709,ENV_ENTRY,0.28374729996121,1
2026-04,2026-04-28,202604280806,ENV_ENTRY,0.24882059990547914,0
2026-04,2026-04-28,202604281502,ENV_ENTRY,0.3158896178843655,0
2026-04,2026-04-28,202604281606,ENV_ENTRY,0.29119994112892206,0
2026-04,2026-04-28,202604282306,ENV_ENTRY,0.29267974452202977,0
2026-04,2026-04-29,202604290306,ENV_ENTRY,0.41699140126034023,0
2026-04,2026-04-29,202604290512,ENV_ENTRY,0.3439492642512345,0
2026-04,2026-04-29,202604291402,ENV_ENTRY,0.2706624638766449,0
2026-04,2026-04-29,202604291505,ENV_ENTRY,0.3326753288314156,0
2026-04,2026-04-29,202604291908,ENV_ENTRY,0.19933879868089452,0
2026-04,2026-04-29,202604292405,ENV_ENTRY,0.04955412905096419,0
2026-04,2026-04-30,202604300505,ENV_ENTRY,0.20908230622102258,0
2026-04,2026-04-01,202604010103,ALL_SAFE_LINEAR,0.2789497278087031,0
2026-04,2026-04-01,202604010110,ALL_SAFE_LINEAR,0.44390773026409974,0
2026-04,2026-04-01,202604010206,ALL_SAFE_LINEAR,0.6084482990535434,0
2026-04,2026-04-01,202604010603,ALL_SAFE_LINEAR,0.41674735102500376,1
2026-04,2026-04-01,202604010804,ALL_SAFE_LINEAR,0.43406672883149255,1
2026-04,2026-04-01,202604012401,ALL_SAFE_LINEAR,0.04059093336296752,0
2026-04,2026-04-02,202604020108,ALL_SAFE_LINEAR,0.19237016224887324,0
2026-04,2026-04-02,202604020203,ALL_SAFE_LINEAR,0.006845172282805489,0
2026-04,2026-04-02,202604022209,ALL_SAFE_LINEAR,0.8190143039950865,0
2026-04,2026-04-03,202604030402,ALL_SAFE_LINEAR,0.42561855485331285,0
2026-04,2026-04-03,202604031806,ALL_SAFE_LINEAR,0.09388492680317355,0
2026-04,2026-04-04,202604041505,ALL_SAFE_LINEAR,0.334415176647724,0
2026-04,2026-04-04,202604042202,ALL_SAFE_LINEAR,0.9247789466977353,0
2026-04,2026-04-05,202604050401,ALL_SAFE_LINEAR,0.0945094958028134,0
2026-04,2026-04-05,202604051611,ALL_SAFE_LINEAR,0.04848771864209127,0
2026-04,2026-04-05,202604052207,ALL_SAFE_LINEAR,0.12104467341719152,0
2026-04,2026-04-06,202604060408,ALL_SAFE_LINEAR,0.39502223245043344,1
2026-04,2026-04-07,202604070808,ALL_SAFE_LINEAR,0.5738055506505451,0
2026-04,2026-04-07,202604071007,ALL_SAFE_LINEAR,0.7614409513546737,0
2026-04,2026-04-07,202604072403,ALL_SAFE_LINEAR,0.05325144525195164,0
2026-04,2026-04-08,202604080210,ALL_SAFE_LINEAR,0.049623701800926345,0
2026-04,2026-04-08,202604081111,ALL_SAFE_LINEAR,0.22460894624270966,0
2026-04,2026-04-08,202604082303,ALL_SAFE_LINEAR,0.024554457961021157,1
2026-04,2026-04-08,202604082306,ALL_SAFE_LINEAR,0.021953289884503385,1
2026-04,2026-04-09,202604090703,ALL_SAFE_LINEAR,0.6544308865886128,1
2026-04,2026-04-09,202604090804,ALL_SAFE_LINEAR,0.01996393827128769,0
2026-04,2026-04-09,202604091004,ALL_SAFE_LINEAR,0.31739939492343217,0
2026-04,2026-04-09,202604091506,ALL_SAFE_LINEAR,0.36241350647971726,0
2026-04,2026-04-09,202604091609,ALL_SAFE_LINEAR,0.1973816749795509,0
2026-04,2026-04-10,202604100708,ALL_SAFE_LINEAR,0.11951378866019206,0
2026-04,2026-04-10,202604101711,ALL_SAFE_LINEAR,0.023810915997404383,0
2026-04,2026-04-11,202604110709,ALL_SAFE_LINEAR,0.2687155972552507,0
2026-04,2026-04-11,202604111508,ALL_SAFE_LINEAR,0.046891681615672344,0
2026-04,2026-04-12,202604120406,ALL_SAFE_LINEAR,0.08880702562613851,0
2026-04,2026-04-12,202604120608,ALL_SAFE_LINEAR,0.8778408678158861,0
2026-04,2026-04-12,202604121605,ALL_SAFE_LINEAR,0.4232788056662173,0
2026-04,2026-04-12,202604121607,ALL_SAFE_LINEAR,0.17022210632011853,0
2026-04,2026-04-13,202604130405,ALL_SAFE_LINEAR,0.14275809839592532,0
2026-04,2026-04-13,202604130608,ALL_SAFE_LINEAR,0.059276601710609673,1
2026-04,2026-04-13,202604131606,ALL_SAFE_LINEAR,0.489865966518083,0
2026-04,2026-04-13,202604132405,ALL_SAFE_LINEAR,0.21008473686209825,0
2026-04,2026-04-14,202604140205,ALL_SAFE_LINEAR,0.14653897483331949,0
2026-04,2026-04-14,202604140304,ALL_SAFE_LINEAR,0.22122456868143775,0
2026-04,2026-04-15,202604150307,ALL_SAFE_LINEAR,0.8144472542782091,0
2026-04,2026-04-15,202604151005,ALL_SAFE_LINEAR,0.0060053878824535235,1
2026-04,2026-04-16,202604160811,ALL_SAFE_LINEAR,0.11684726081551014,0
2026-04,2026-04-16,202604160906,ALL_SAFE_LINEAR,0.9930950277488648,1
2026-04,2026-04-16,202604162011,ALL_SAFE_LINEAR,0.24627880475379801,0
2026-04,2026-04-17,202604170305,ALL_SAFE_LINEAR,0.5193248994972954,0
2026-04,2026-04-17,202604172102,ALL_SAFE_LINEAR,0.04964594827966058,0
2026-04,2026-04-17,202604172301,ALL_SAFE_LINEAR,0.2686886489869642,0
2026-04,2026-04-18,202604180305,ALL_SAFE_LINEAR,0.17270006516835693,1
2026-04,2026-04-18,202604180908,ALL_SAFE_LINEAR,0.10799327809014625,0
2026-04,2026-04-18,202604181306,ALL_SAFE_LINEAR,0.10237744261178247,0
2026-04,2026-04-18,202604181508,ALL_SAFE_LINEAR,0.20993111795760477,0
2026-04,2026-04-19,202604190501,ALL_SAFE_LINEAR,0.07696762121227467,0
2026-04,2026-04-19,202604190703,ALL_SAFE_LINEAR,0.4047519273477978,0
2026-04,2026-04-19,202604191006,ALL_SAFE_LINEAR,0.059942516428381186,0
2026-04,2026-04-19,202604191307,ALL_SAFE_LINEAR,0.11455271302712758,0
2026-04,2026-04-19,202604191506,ALL_SAFE_LINEAR,0.5489363266204623,0
2026-04,2026-04-19,202604192406,ALL_SAFE_LINEAR,0.746185187531412,0
2026-04,2026-04-20,202604200707,ALL_SAFE_LINEAR,0.024099738565218732,0
2026-04,2026-04-20,202604201510,ALL_SAFE_LINEAR,0.13716058731322697,0
2026-04,2026-04-21,202604210508,ALL_SAFE_LINEAR,0.21150101084990275,0
2026-04,2026-04-21,202604210702,ALL_SAFE_LINEAR,0.241881521045915,0
2026-04,2026-04-21,202604211109,ALL_SAFE_LINEAR,0.564854777352455,0
2026-04,2026-04-21,202604211508,ALL_SAFE_LINEAR,0.24709690738897455,0
2026-04,2026-04-21,202604211803,ALL_SAFE_LINEAR,0.027038799988481205,0
2026-04,2026-04-21,202604212411,ALL_SAFE_LINEAR,0.4006494933563012,0
2026-04,2026-04-22,202604220502,ALL_SAFE_LINEAR,0.13518362455042515,0
2026-04,2026-04-22,202604221103,ALL_SAFE_LINEAR,0.18674524002994758,1
2026-04,2026-04-22,202604222207,ALL_SAFE_LINEAR,0.01527134957337563,1
2026-04,2026-04-23,202604230507,ALL_SAFE_LINEAR,0.07271868780321983,1
2026-04,2026-04-23,202604231112,ALL_SAFE_LINEAR,0.011899157033987928,0
2026-04,2026-04-23,202604231402,ALL_SAFE_LINEAR,0.03590798164993789,0
2026-04,2026-04-23,202604231407,ALL_SAFE_LINEAR,0.010298392268217259,0
2026-04,2026-04-23,202604231603,ALL_SAFE_LINEAR,0.7782940031665345,0
2026-04,2026-04-23,202604231808,ALL_SAFE_LINEAR,0.09064151132612815,0
2026-04,2026-04-24,202604240706,ALL_SAFE_LINEAR,0.49429422150383034,0
2026-04,2026-04-24,202604240709,ALL_SAFE_LINEAR,0.10676911860496106,0
2026-04,2026-04-24,202604242010,ALL_SAFE_LINEAR,0.8178847814396711,1
2026-04,2026-04-24,202604242307,ALL_SAFE_LINEAR,0.06609562612338592,0
2026-04,2026-04-24,202604242308,ALL_SAFE_LINEAR,0.11527407501978686,0
2026-04,2026-04-25,202604250705,ALL_SAFE_LINEAR,0.027911428222046893,1
2026-04,2026-04-25,202604250708,ALL_SAFE_LINEAR,0.7844162602398295,1
2026-04,2026-04-25,202604250711,ALL_SAFE_LINEAR,0.06253822108753691,0
2026-04,2026-04-25,202604250903,ALL_SAFE_LINEAR,0.11703974746629532,0
2026-04,2026-04-25,202604251307,ALL_SAFE_LINEAR,0.09315170185078983,0
2026-04,2026-04-25,202604251505,ALL_SAFE_LINEAR,0.1821866831523615,0
2026-04,2026-04-25,202604251508,ALL_SAFE_LINEAR,0.03467565797439078,1
2026-04,2026-04-25,202604252307,ALL_SAFE_LINEAR,0.2880739034587564,1
2026-04,2026-04-26,202604260310,ALL_SAFE_LINEAR,0.9454070946778813,0
2026-04,2026-04-26,202604261504,ALL_SAFE_LINEAR,0.07551490360604696,0
2026-04,2026-04-26,202604262102,ALL_SAFE_LINEAR,0.280057777823419,0
2026-04,2026-04-27,202604270405,ALL_SAFE_LINEAR,0.2789727114984354,0
2026-04,2026-04-27,202604270505,ALL_SAFE_LINEAR,0.0006237608518403853,0
2026-04,2026-04-27,202604270602,ALL_SAFE_LINEAR,0.24979858744570388,1
2026-04,2026-04-27,202604270606,ALL_SAFE_LINEAR,0.17024189276425697,1
2026-04,2026-04-27,202604270707,ALL_SAFE_LINEAR,0.06114177358808023,0
2026-04,2026-04-27,202604271607,ALL_SAFE_LINEAR,0.9131052265694082,0
2026-04,2026-04-27,202604272401,ALL_SAFE_LINEAR,0.2786638663938515,0
2026-04,2026-04-27,202604272402,ALL_SAFE_LINEAR,0.03603346137743025,0
2026-04,2026-04-28,202604280603,ALL_SAFE_LINEAR,0.5507211614505261,0
2026-04,2026-04-28,202604280606,ALL_SAFE_LINEAR,0.5229385368656022,1
2026-04,2026-04-28,202604280707,ALL_SAFE_LINEAR,0.06997385358796632,1
2026-04,2026-04-28,202604280709,ALL_SAFE_LINEAR,0.11993398338088643,1
2026-04,2026-04-28,202604280806,ALL_SAFE_LINEAR,0.31516007243259164,0
2026-04,2026-04-28,202604281502,ALL_SAFE_LINEAR,0.23982843013584731,0
2026-04,2026-04-28,202604281606,ALL_SAFE_LINEAR,0.04553032196472511,0
2026-04,2026-04-28,202604282306,ALL_SAFE_LINEAR,0.048106966361154795,0
2026-04,2026-04-29,202604290306,ALL_SAFE_LINEAR,0.7312967084241495,0
2026-04,2026-04-29,202604290512,ALL_SAFE_LINEAR,0.028542372615584576,0
2026-04,2026-04-29,202604291402,ALL_SAFE_LINEAR,0.058176462437881736,0
2026-04,2026-04-29,202604291505,ALL_SAFE_LINEAR,0.052408108869588604,0
2026-04,2026-04-29,202604291908,ALL_SAFE_LINEAR,0.0018663509348164683,0
2026-04,2026-04-29,202604292405,ALL_SAFE_LINEAR,0.026267330047335523,0
2026-04,2026-04-30,202604300505,ALL_SAFE_LINEAR,0.018140907400148846,0
2026-04,2026-04-01,202604010103,ALL_SAFE_HGB,0.16632891087451662,0
2026-04,2026-04-01,202604010110,ALL_SAFE_HGB,0.502914319677148,0
2026-04,2026-04-01,202604010206,ALL_SAFE_HGB,0.3461668395096694,0
2026-04,2026-04-01,202604010603,ALL_SAFE_HGB,0.25836824037068745,1
2026-04,2026-04-01,202604010804,ALL_SAFE_HGB,0.23628660246439598,1
2026-04,2026-04-01,202604012401,ALL_SAFE_HGB,0.08769659279128805,0
2026-04,2026-04-02,202604020108,ALL_SAFE_HGB,0.31969632397037,0
2026-04,2026-04-02,202604020203,ALL_SAFE_HGB,0.03180921014713173,0
2026-04,2026-04-02,202604022209,ALL_SAFE_HGB,0.08443729190938573,0
2026-04,2026-04-03,202604030402,ALL_SAFE_HGB,0.6133976475255233,0
2026-04,2026-04-03,202604031806,ALL_SAFE_HGB,0.1784341824452542,0
2026-04,2026-04-04,202604041505,ALL_SAFE_HGB,0.18130164800806642,0
2026-04,2026-04-04,202604042202,ALL_SAFE_HGB,0.41696828166871935,0
2026-04,2026-04-05,202604050401,ALL_SAFE_HGB,0.11655997897310279,0
2026-04,2026-04-05,202604051611,ALL_SAFE_HGB,0.13042826461135018,0
2026-04,2026-04-05,202604052207,ALL_SAFE_HGB,0.13981252196747912,0
2026-04,2026-04-06,202604060408,ALL_SAFE_HGB,0.13131500911905022,1
2026-04,2026-04-07,202604070808,ALL_SAFE_HGB,0.5332165702310583,0
2026-04,2026-04-07,202604071007,ALL_SAFE_HGB,0.2545260280958669,0
2026-04,2026-04-07,202604072403,ALL_SAFE_HGB,0.4904653236251853,0
2026-04,2026-04-08,202604080210,ALL_SAFE_HGB,0.15827813623748957,0
2026-04,2026-04-08,202604081111,ALL_SAFE_HGB,0.3342358440367819,0
2026-04,2026-04-08,202604082303,ALL_SAFE_HGB,0.3087334955669952,1
2026-04,2026-04-08,202604082306,ALL_SAFE_HGB,0.46037671022683785,1
2026-04,2026-04-09,202604090703,ALL_SAFE_HGB,0.266159107352121,1
2026-04,2026-04-09,202604090804,ALL_SAFE_HGB,0.09547976008745476,0
2026-04,2026-04-09,202604091004,ALL_SAFE_HGB,0.08000499008242483,0
2026-04,2026-04-09,202604091506,ALL_SAFE_HGB,0.10933440664623781,0
2026-04,2026-04-09,202604091609,ALL_SAFE_HGB,0.19277689566883774,0
2026-04,2026-04-10,202604100708,ALL_SAFE_HGB,0.32286872903435343,0
2026-04,2026-04-10,202604101711,ALL_SAFE_HGB,0.05960064826312654,0
2026-04,2026-04-11,202604110709,ALL_SAFE_HGB,0.19946611748724552,0
2026-04,2026-04-11,202604111508,ALL_SAFE_HGB,0.08605084517203503,0
2026-04,2026-04-12,202604120406,ALL_SAFE_HGB,0.12565101182184094,0
2026-04,2026-04-12,202604120608,ALL_SAFE_HGB,0.20628774992328947,0
2026-04,2026-04-12,202604121605,ALL_SAFE_HGB,0.029912069164454873,0
2026-04,2026-04-12,202604121607,ALL_SAFE_HGB,0.0722229244296154,0
2026-04,2026-04-13,202604130405,ALL_SAFE_HGB,0.02052386045053155,0
2026-04,2026-04-13,202604130608,ALL_SAFE_HGB,0.3886444498725674,1
2026-04,2026-04-13,202604131606,ALL_SAFE_HGB,0.20480950276304039,0
2026-04,2026-04-13,202604132405,ALL_SAFE_HGB,0.06321696065846216,0
2026-04,2026-04-14,202604140205,ALL_SAFE_HGB,0.06960135948049695,0
2026-04,2026-04-14,202604140304,ALL_SAFE_HGB,0.3577243051201703,0
2026-04,2026-04-15,202604150307,ALL_SAFE_HGB,0.6284397138142308,0
2026-04,2026-04-15,202604151005,ALL_SAFE_HGB,0.03879790877127043,1
2026-04,2026-04-16,202604160811,ALL_SAFE_HGB,0.09191342098831794,0
2026-04,2026-04-16,202604160906,ALL_SAFE_HGB,0.7125574146385109,1
2026-04,2026-04-16,202604162011,ALL_SAFE_HGB,0.05161093161852559,0
2026-04,2026-04-17,202604170305,ALL_SAFE_HGB,0.5739928557981677,0
2026-04,2026-04-17,202604172102,ALL_SAFE_HGB,0.10237810080488391,0
2026-04,2026-04-17,202604172301,ALL_SAFE_HGB,0.05304565465057658,0
2026-04,2026-04-18,202604180305,ALL_SAFE_HGB,0.18019627750285364,1
2026-04,2026-04-18,202604180908,ALL_SAFE_HGB,0.11651620251349512,0
2026-04,2026-04-18,202604181306,ALL_SAFE_HGB,0.037754329040632306,0
2026-04,2026-04-18,202604181508,ALL_SAFE_HGB,0.06672704537492108,0
2026-04,2026-04-19,202604190501,ALL_SAFE_HGB,0.07545000860832564,0
2026-04,2026-04-19,202604190703,ALL_SAFE_HGB,0.13208922650284832,0
2026-04,2026-04-19,202604191006,ALL_SAFE_HGB,0.12343651397395214,0
2026-04,2026-04-19,202604191307,ALL_SAFE_HGB,0.10900153764475314,0
2026-04,2026-04-19,202604191506,ALL_SAFE_HGB,0.2573919189880731,0
2026-04,2026-04-19,202604192406,ALL_SAFE_HGB,0.24359060700585375,0
2026-04,2026-04-20,202604200707,ALL_SAFE_HGB,0.09702382325974664,0
2026-04,2026-04-20,202604201510,ALL_SAFE_HGB,0.0926620676356637,0
2026-04,2026-04-21,202604210508,ALL_SAFE_HGB,0.14364967530613304,0
2026-04,2026-04-21,202604210702,ALL_SAFE_HGB,0.2250812737237593,0
2026-04,2026-04-21,202604211109,ALL_SAFE_HGB,0.2629563928663243,0
2026-04,2026-04-21,202604211508,ALL_SAFE_HGB,0.25186298890584313,0
2026-04,2026-04-21,202604211803,ALL_SAFE_HGB,0.09274465820548936,0
2026-04,2026-04-21,202604212411,ALL_SAFE_HGB,0.04285391439315627,0
2026-04,2026-04-22,202604220502,ALL_SAFE_HGB,0.09980948301109696,0
2026-04,2026-04-22,202604221103,ALL_SAFE_HGB,0.11635087683453836,1
2026-04,2026-04-22,202604222207,ALL_SAFE_HGB,0.07799591097193134,1
2026-04,2026-04-23,202604230507,ALL_SAFE_HGB,0.11757247311431535,1
2026-04,2026-04-23,202604231112,ALL_SAFE_HGB,0.14314796648960645,0
2026-04,2026-04-23,202604231402,ALL_SAFE_HGB,0.1315688482990884,0
2026-04,2026-04-23,202604231407,ALL_SAFE_HGB,0.1054812415836035,0
2026-04,2026-04-23,202604231603,ALL_SAFE_HGB,0.4756337602857835,0
2026-04,2026-04-23,202604231808,ALL_SAFE_HGB,0.18842806972761364,0
2026-04,2026-04-24,202604240706,ALL_SAFE_HGB,0.3208721506973333,0
2026-04,2026-04-24,202604240709,ALL_SAFE_HGB,0.031198549700522715,0
2026-04,2026-04-24,202604242010,ALL_SAFE_HGB,0.044332741537729675,1
2026-04,2026-04-24,202604242307,ALL_SAFE_HGB,0.044668035082667534,0
2026-04,2026-04-24,202604242308,ALL_SAFE_HGB,0.18088619512563617,0
2026-04,2026-04-25,202604250705,ALL_SAFE_HGB,0.02564585564351398,1
2026-04,2026-04-25,202604250708,ALL_SAFE_HGB,0.19532559314784545,1
2026-04,2026-04-25,202604250711,ALL_SAFE_HGB,0.25183333723152196,0
2026-04,2026-04-25,202604250903,ALL_SAFE_HGB,0.2240553396086301,0
2026-04,2026-04-25,202604251307,ALL_SAFE_HGB,0.3331566265854839,0
2026-04,2026-04-25,202604251505,ALL_SAFE_HGB,0.15034743812726367,0
2026-04,2026-04-25,202604251508,ALL_SAFE_HGB,0.04539348298081142,1
2026-04,2026-04-25,202604252307,ALL_SAFE_HGB,0.20839495445571715,1
2026-04,2026-04-26,202604260310,ALL_SAFE_HGB,0.3393947844798516,0
2026-04,2026-04-26,202604261504,ALL_SAFE_HGB,0.08436648942845439,0
2026-04,2026-04-26,202604262102,ALL_SAFE_HGB,0.01809259966034344,0
2026-04,2026-04-27,202604270405,ALL_SAFE_HGB,0.1704628886441325,0
2026-04,2026-04-27,202604270505,ALL_SAFE_HGB,0.2748628736137324,0
2026-04,2026-04-27,202604270602,ALL_SAFE_HGB,0.057233341475655695,1
2026-04,2026-04-27,202604270606,ALL_SAFE_HGB,0.40521392494155034,1
2026-04,2026-04-27,202604270707,ALL_SAFE_HGB,0.025598068546582173,0
2026-04,2026-04-27,202604271607,ALL_SAFE_HGB,0.7013154392709013,0
2026-04,2026-04-27,202604272401,ALL_SAFE_HGB,0.12028256115354105,0
2026-04,2026-04-27,202604272402,ALL_SAFE_HGB,0.4806171364692301,0
2026-04,2026-04-28,202604280603,ALL_SAFE_HGB,0.3284917587202476,0
2026-04,2026-04-28,202604280606,ALL_SAFE_HGB,0.4337922985104614,1
2026-04,2026-04-28,202604280707,ALL_SAFE_HGB,0.12466265874665808,1
2026-04,2026-04-28,202604280709,ALL_SAFE_HGB,0.13121496163239452,1
2026-04,2026-04-28,202604280806,ALL_SAFE_HGB,0.16638749869845995,0
2026-04,2026-04-28,202604281502,ALL_SAFE_HGB,0.15224998130112036,0
2026-04,2026-04-28,202604281606,ALL_SAFE_HGB,0.16117876771195486,0
2026-04,2026-04-28,202604282306,ALL_SAFE_HGB,0.16724682465736246,0
2026-04,2026-04-29,202604290306,ALL_SAFE_HGB,0.5853117352480595,0
2026-04,2026-04-29,202604290512,ALL_SAFE_HGB,0.05850632981685201,0
2026-04,2026-04-29,202604291402,ALL_SAFE_HGB,0.2368747734659652,0
2026-04,2026-04-29,202604291505,ALL_SAFE_HGB,0.056922504104222185,0
2026-04,2026-04-29,202604291908,ALL_SAFE_HGB,0.10578900172496103,0
2026-04,2026-04-29,202604292405,ALL_SAFE_HGB,0.042225146858792674,0
2026-04,2026-04-30,202604300505,ALL_SAFE_HGB,0.04722273183407814,0
2026-05,2026-05-01,202605010108,ST_3HEAD_ANALOG,0.19223028950597276,0
2026-05,2026-05-01,202605011103,ST_3HEAD_ANALOG,0.27249792005281936,0
2026-05,2026-05-01,202605011702,ST_3HEAD_ANALOG,0.18902933199528704,0
2026-05,2026-05-01,202605011707,ST_3HEAD_ANALOG,0.35045434815107895,0
2026-05,2026-05-01,202605012005,ST_3HEAD_ANALOG,0.2723945868910436,0
2026-05,2026-05-01,202605012009,ST_3HEAD_ANALOG,0.28598583910709163,0
2026-05,2026-05-01,202605012306,ST_3HEAD_ANALOG,0.1515589510761718,0
2026-05,2026-05-02,202605020202,ST_3HEAD_ANALOG,0.2061183361542577,0
2026-05,2026-05-02,202605020211,ST_3HEAD_ANALOG,0.2572025941529716,1
2026-05,2026-05-02,202605020908,ST_3HEAD_ANALOG,0.3761975238327696,0
2026-05,2026-05-02,202605021004,ST_3HEAD_ANALOG,0.20481494342043743,0
2026-05,2026-05-02,202605021103,ST_3HEAD_ANALOG,0.1987719605279963,1
2026-05,2026-05-02,202605021104,ST_3HEAD_ANALOG,0.26004221910224085,0
2026-05,2026-05-02,202605021911,ST_3HEAD_ANALOG,0.30891765888122014,0
2026-05,2026-05-02,202605022205,ST_3HEAD_ANALOG,0.24793922560049955,0
2026-05,2026-05-02,202605022307,ST_3HEAD_ANALOG,0.25972075521443205,0
2026-05,2026-05-03,202605030104,ST_3HEAD_ANALOG,0.24977098759755204,0
2026-05,2026-05-03,202605030105,ST_3HEAD_ANALOG,0.24977098759755204,0
2026-05,2026-05-03,202605030608,ST_3HEAD_ANALOG,0.24977098759755204,0
2026-05,2026-05-03,202605030708,ST_3HEAD_ANALOG,0.24977098759755204,0
2026-05,2026-05-03,202605030805,ST_3HEAD_ANALOG,0.24977098759755204,1
2026-05,2026-05-03,202605030811,ST_3HEAD_ANALOG,0.2487522346628619,0
2026-05,2026-05-03,202605031208,ST_3HEAD_ANALOG,0.28801091202251083,0
2026-05,2026-05-03,202605031702,ST_3HEAD_ANALOG,0.24977098759755204,0
2026-05,2026-05-03,202605032307,ST_3HEAD_ANALOG,0.24977098759755204,1
2026-05,2026-05-04,202605040202,ST_3HEAD_ANALOG,0.194808652726545,0
2026-05,2026-05-04,202605040205,ST_3HEAD_ANALOG,0.2140079759043151,0
2026-05,2026-05-04,202605040403,ST_3HEAD_ANALOG,0.3272491039682639,0
2026-05,2026-05-04,202605040701,ST_3HEAD_ANALOG,0.20199432611624024,1
2026-05,2026-05-04,202605040705,ST_3HEAD_ANALOG,0.23742551533647613,1
2026-05,2026-05-04,202605040802,ST_3HEAD_ANALOG,0.35019723251022766,1
2026-05,2026-05-04,202605040805,ST_3HEAD_ANALOG,0.2645364021585584,1
2026-05,2026-05-04,202605040904,ST_3HEAD_ANALOG,0.24779836951758474,0
2026-05,2026-05-04,202605041307,ST_3HEAD_ANALOG,0.20350520710543202,0
2026-05,2026-05-04,202605041410,ST_3HEAD_ANALOG,0.31450522149265475,1
2026-05,2026-05-04,202605041707,ST_3HEAD_ANALOG,0.2819615916874374,0
2026-05,2026-05-04,202605042009,ST_3HEAD_ANALOG,0.2332215682036544,0
2026-05,2026-05-05,202605050109,ST_3HEAD_ANALOG,0.19255495888229066,0
2026-05,2026-05-05,202605050202,ST_3HEAD_ANALOG,0.19101810015171838,0
2026-05,2026-05-05,202605050203,ST_3HEAD_ANALOG,0.24278844981939268,1
2026-05,2026-05-05,202605050205,ST_3HEAD_ANALOG,0.24004695785713195,0
2026-05,2026-05-05,202605050702,ST_3HEAD_ANALOG,0.1201948802561517,1
2026-05,2026-05-05,202605050811,ST_3HEAD_ANALOG,0.20508591356485784,0
2026-05,2026-05-05,202605050904,ST_3HEAD_ANALOG,0.24786656781163444,0
2026-05,2026-05-05,202605051303,ST_3HEAD_ANALOG,0.28824493846504107,0
2026-05,2026-05-05,202605051306,ST_3HEAD_ANALOG,0.20626077537762322,0
2026-05,2026-05-05,202605051602,ST_3HEAD_ANALOG,0.30892181149836295,0
2026-05,2026-05-06,202605060505,ST_3HEAD_ANALOG,0.2230834072807613,0
2026-05,2026-05-06,202605060709,ST_3HEAD_ANALOG,0.25505576079600545,0
2026-05,2026-05-06,202605061105,ST_3HEAD_ANALOG,0.24086369336499477,1
2026-05,2026-05-06,202605061303,ST_3HEAD_ANALOG,0.21687221295210585,0
2026-05,2026-05-06,202605061611,ST_3HEAD_ANALOG,0.2435291897145983,0
2026-05,2026-05-07,202605070504,ST_3HEAD_ANALOG,0.16816887296514407,0
2026-05,2026-05-07,202605070512,ST_3HEAD_ANALOG,0.21750644591621882,0
2026-05,2026-05-07,202605070805,ST_3HEAD_ANALOG,0.20818514740501737,0
2026-05,2026-05-07,202605070808,ST_3HEAD_ANALOG,0.28758315884901425,0
2026-05,2026-05-07,202605071306,ST_3HEAD_ANALOG,0.2920263607253725,0
2026-05,2026-05-07,202605072406,ST_3HEAD_ANALOG,0.32780203831719795,1
2026-05,2026-05-08,202605080807,ST_3HEAD_ANALOG,0.2057005131396878,0
2026-05,2026-05-09,202605091105,ST_3HEAD_ANALOG,0.266945774941672,0
2026-05,2026-05-09,202605091410,ST_3HEAD_ANALOG,0.13350841743931624,1
2026-05,2026-05-09,202605091805,ST_3HEAD_ANALOG,0.23881070104976174,0
2026-05,2026-05-10,202605101604,ST_3HEAD_ANALOG,0.32503627355438075,0
2026-05,2026-05-10,202605102010,ST_3HEAD_ANALOG,0.28253949752238433,0
2026-05,2026-05-11,202605110502,ST_3HEAD_ANALOG,0.2995356017318331,0
2026-05,2026-05-11,202605110811,ST_3HEAD_ANALOG,0.26684501943311634,1
2026-05,2026-05-11,202605111110,ST_3HEAD_ANALOG,0.28130140860780284,1
2026-05,2026-05-11,202605111606,ST_3HEAD_ANALOG,0.2342547496599382,1
2026-05,2026-05-11,202605112204,ST_3HEAD_ANALOG,0.2904059119980126,0
2026-05,2026-05-11,202605112210,ST_3HEAD_ANALOG,0.2690246056089693,0
2026-05,2026-05-11,202605112308,ST_3HEAD_ANALOG,0.352915141603641,1
2026-05,2026-05-12,202605120710,ST_3HEAD_ANALOG,0.236638831808437,0
2026-05,2026-05-12,202605121802,ST_3HEAD_ANALOG,0.1980611317164079,0
2026-05,2026-05-12,202605122005,ST_3HEAD_ANALOG,0.22027658692607394,0
2026-05,2026-05-13,202605130406,ST_3HEAD_ANALOG,0.2977171336233032,1
2026-05,2026-05-13,202605130408,ST_3HEAD_ANALOG,0.22885847808505783,1
2026-05,2026-05-13,202605130812,ST_3HEAD_ANALOG,0.2170010028849898,0
2026-05,2026-05-13,202605131209,ST_3HEAD_ANALOG,0.21117219062816867,0
2026-05,2026-05-13,202605132202,ST_3HEAD_ANALOG,0.26369566494986857,0
2026-05,2026-05-13,202605132210,ST_3HEAD_ANALOG,0.2306900427168244,0
2026-05,2026-05-14,202605140205,ST_3HEAD_ANALOG,0.2535205645431339,0
2026-05,2026-05-14,202605140408,ST_3HEAD_ANALOG,0.23193285767412447,0
2026-05,2026-05-14,202605141910,ST_3HEAD_ANALOG,0.23013577059552318,0
2026-05,2026-05-15,202605151308,ST_3HEAD_ANALOG,0.24054777141334202,0
2026-05,2026-05-15,202605151604,ST_3HEAD_ANALOG,0.3077959944564564,0
2026-05,2026-05-15,202605151911,ST_3HEAD_ANALOG,0.16563774049959462,0
2026-05,2026-05-16,202605160205,ST_3HEAD_ANALOG,0.21023890608320867,0
2026-05,2026-05-16,202605160411,ST_3HEAD_ANALOG,0.2435201070647267,0
2026-05,2026-05-16,202605160603,ST_3HEAD_ANALOG,0.2534493907769571,1
2026-05,2026-05-16,202605161706,ST_3HEAD_ANALOG,0.1627217436125906,0
2026-05,2026-05-16,202605161910,ST_3HEAD_ANALOG,0.22281540001740002,0
2026-05,2026-05-16,202605162006,ST_3HEAD_ANALOG,0.26157747570174555,0
2026-05,2026-05-17,202605170608,ST_3HEAD_ANALOG,0.31060663315224973,0
2026-05,2026-05-17,202605171007,ST_3HEAD_ANALOG,0.2697209475752373,0
2026-05,2026-05-17,202605172011,ST_3HEAD_ANALOG,0.2122628495705909,0
2026-05,2026-05-17,202605172111,ST_3HEAD_ANALOG,0.22682387226599254,0
2026-05,2026-05-18,202605180207,ST_3HEAD_ANALOG,0.3483421875139778,0
2026-05,2026-05-18,202605180612,ST_3HEAD_ANALOG,0.29525366753241383,0
2026-05,2026-05-18,202605181406,ST_3HEAD_ANALOG,0.2500889672738131,1
2026-05,2026-05-18,202605181907,ST_3HEAD_ANALOG,0.1892464667866266,0
2026-05,2026-05-18,202605182003,ST_3HEAD_ANALOG,0.178626598153186,0
2026-05,2026-05-18,202605182004,ST_3HEAD_ANALOG,0.1927722774279061,0
2026-05,2026-05-19,202605190206,ST_3HEAD_ANALOG,0.24549211896687842,0
2026-05,2026-05-19,202605191406,ST_3HEAD_ANALOG,0.23726108286065992,1
2026-05,2026-05-19,202605191809,ST_3HEAD_ANALOG,0.22222307600358895,0
2026-05,2026-05-19,202605191811,ST_3HEAD_ANALOG,0.19839389155191334,0
2026-05,2026-05-20,202605200506,ST_3HEAD_ANALOG,0.24498206189662095,0
2026-05,2026-05-20,202605201405,ST_3HEAD_ANALOG,0.22725428122339197,1
2026-05,2026-05-20,202605201505,ST_3HEAD_ANALOG,0.22907272545703325,1
2026-05,2026-05-20,202605202002,ST_3HEAD_ANALOG,0.2450407669731491,0
2026-05,2026-05-21,202605210511,ST_3HEAD_ANALOG,0.2756349185459259,0
2026-05,2026-05-21,202605210811,ST_3HEAD_ANALOG,0.22965427106255018,0
2026-05,2026-05-21,202605210908,ST_3HEAD_ANALOG,0.2584816414008205,0
2026-05,2026-05-21,202605211905,ST_3HEAD_ANALOG,0.25232600586951204,1
2026-05,2026-05-22,202605221102,ST_3HEAD_ANALOG,0.20537460253513856,0
2026-05,2026-05-23,202605231101,ST_3HEAD_ANALOG,0.18148310271341675,0
2026-05,2026-05-23,202605231808,ST_3HEAD_ANALOG,0.2198879187853394,1
2026-05,2026-05-24,202605241910,ST_3HEAD_ANALOG,0.2187080625574748,1
2026-05,2026-05-24,202605242305,ST_3HEAD_ANALOG,0.18192638680330178,0
2026-05,2026-05-24,202605242411,ST_3HEAD_ANALOG,0.3511917413889229,1
2026-05,2026-05-25,202605251307,ST_3HEAD_ANALOG,0.2548320854063636,0
2026-05,2026-05-25,202605251704,ST_3HEAD_ANALOG,0.18025632703897881,0
2026-05,2026-05-25,202605252408,ST_3HEAD_ANALOG,0.18634103799728202,1
2026-05,2026-05-26,202605261206,ST_3HEAD_ANALOG,0.2319033215184572,1
2026-05,2026-05-26,202605261705,ST_3HEAD_ANALOG,0.20875652471781164,0
2026-05,2026-05-27,202605270611,ST_3HEAD_ANALOG,0.2119041345433004,0
2026-05,2026-05-27,202605270807,ST_3HEAD_ANALOG,0.2928451403523278,1
2026-05,2026-05-27,202605270810,ST_3HEAD_ANALOG,0.26326354218243014,1
2026-05,2026-05-27,202605271005,ST_3HEAD_ANALOG,0.20398615540200327,0
2026-05,2026-05-27,202605271204,ST_3HEAD_ANALOG,0.22263340247717636,0
2026-05,2026-05-28,202605280204,ST_3HEAD_ANALOG,0.1995454384249722,0
2026-05,2026-05-28,202605280710,ST_3HEAD_ANALOG,0.24879213755436666,0
2026-05,2026-05-28,202605281004,ST_3HEAD_ANALOG,0.2954916925498287,0
2026-05,2026-05-28,202605281008,ST_3HEAD_ANALOG,0.25233438061225844,1
2026-05,2026-05-28,202605281810,ST_3HEAD_ANALOG,0.3615456146495137,0
2026-05,2026-05-28,202605282111,ST_3HEAD_ANALOG,0.20049727037356718,0
2026-05,2026-05-29,202605290102,ST_3HEAD_ANALOG,0.24776473010168298,0
2026-05,2026-05-29,202605290104,ST_3HEAD_ANALOG,0.24776473010168298,0
2026-05,2026-05-29,202605290708,ST_3HEAD_ANALOG,0.19976954654373213,0
2026-05,2026-05-29,202605291807,ST_3HEAD_ANALOG,0.3109167534505469,0
2026-05,2026-05-29,202605292404,ST_3HEAD_ANALOG,0.22412473405005276,0
2026-05,2026-05-30,202605300102,ST_3HEAD_ANALOG,0.26011342897969886,0
2026-05,2026-05-30,202605300104,ST_3HEAD_ANALOG,0.25441926663484055,0
2026-05,2026-05-30,202605300504,ST_3HEAD_ANALOG,0.25809596308826016,0
2026-05,2026-05-30,202605300507,ST_3HEAD_ANALOG,0.3197978834909717,0
2026-05,2026-05-30,202605300509,ST_3HEAD_ANALOG,0.32874272011276223,0
2026-05,2026-05-30,202605301108,ST_3HEAD_ANALOG,0.15721036312828554,1
2026-05,2026-05-31,202605310508,ST_3HEAD_ANALOG,0.2018762321704927,0
2026-05,2026-05-31,202605310910,ST_3HEAD_ANALOG,0.21434614458596893,0
2026-05,2026-05-31,202605311208,ST_3HEAD_ANALOG,0.21053918290777707,1
2026-05,2026-05-31,202605311306,ST_3HEAD_ANALOG,0.2526403522197458,0
2026-05,2026-05-31,202605311410,ST_3HEAD_ANALOG,0.20991732704295465,0
2026-05,2026-05-31,202605312006,ST_3HEAD_ANALOG,0.20653393831626676,0
2026-05,2026-05-31,202605312009,ST_3HEAD_ANALOG,0.1526412052238396,0
2026-05,2026-05-31,202605312304,ST_3HEAD_ANALOG,0.2994463186591834,0
2026-05,2026-05-01,202605010108,PLAYER_COURSE,0.16651124661347727,0
2026-05,2026-05-01,202605011103,PLAYER_COURSE,0.5729616358880275,0
2026-05,2026-05-01,202605011702,PLAYER_COURSE,0.22268338691341308,0
2026-05,2026-05-01,202605011707,PLAYER_COURSE,0.20116916408577773,0
2026-05,2026-05-01,202605012005,PLAYER_COURSE,0.16909457525563934,0
2026-05,2026-05-01,202605012009,PLAYER_COURSE,0.25532213427153,0
2026-05,2026-05-01,202605012306,PLAYER_COURSE,0.2231909315582217,0
2026-05,2026-05-02,202605020202,PLAYER_COURSE,0.20901709211536615,0
2026-05,2026-05-02,202605020211,PLAYER_COURSE,0.22607081991898492,1
2026-05,2026-05-02,202605020908,PLAYER_COURSE,0.26093474108258136,0
2026-05,2026-05-02,202605021004,PLAYER_COURSE,0.19402707161177019,0
2026-05,2026-05-02,202605021103,PLAYER_COURSE,0.1568339651729844,1
2026-05,2026-05-02,202605021104,PLAYER_COURSE,0.13770912150445508,0
2026-05,2026-05-02,202605021911,PLAYER_COURSE,0.31117440162867555,0
2026-05,2026-05-02,202605022205,PLAYER_COURSE,0.3427001066223499,0
2026-05,2026-05-02,202605022307,PLAYER_COURSE,0.1717240657200554,0
2026-05,2026-05-03,202605030104,PLAYER_COURSE,0.19549122916528658,0
2026-05,2026-05-03,202605030105,PLAYER_COURSE,0.2657961664245265,0
2026-05,2026-05-03,202605030608,PLAYER_COURSE,0.30658435960197283,0
2026-05,2026-05-03,202605030708,PLAYER_COURSE,0.1888010079622411,0
2026-05,2026-05-03,202605030805,PLAYER_COURSE,0.3284850247150028,1
2026-05,2026-05-03,202605030811,PLAYER_COURSE,0.30208524153116917,0
2026-05,2026-05-03,202605031208,PLAYER_COURSE,0.35364575908713736,0
2026-05,2026-05-03,202605031702,PLAYER_COURSE,0.15281055279629674,0
2026-05,2026-05-03,202605032307,PLAYER_COURSE,0.33846133327620015,1
2026-05,2026-05-04,202605040202,PLAYER_COURSE,0.2992007243283931,0
2026-05,2026-05-04,202605040205,PLAYER_COURSE,0.22259892280671884,0
2026-05,2026-05-04,202605040403,PLAYER_COURSE,0.4080669483220816,0
2026-05,2026-05-04,202605040701,PLAYER_COURSE,0.3507469843883667,1
2026-05,2026-05-04,202605040705,PLAYER_COURSE,0.1921653046077005,1
2026-05,2026-05-04,202605040802,PLAYER_COURSE,0.27013536989699777,1
2026-05,2026-05-04,202605040805,PLAYER_COURSE,0.10522225479334334,1
2026-05,2026-05-04,202605040904,PLAYER_COURSE,0.11856521814996314,0
2026-05,2026-05-04,202605041307,PLAYER_COURSE,0.1096974291418465,0
2026-05,2026-05-04,202605041410,PLAYER_COURSE,0.288416869791667,1
2026-05,2026-05-04,202605041707,PLAYER_COURSE,0.16532629635507956,0
2026-05,2026-05-04,202605042009,PLAYER_COURSE,0.21153294135753237,0
2026-05,2026-05-05,202605050109,PLAYER_COURSE,0.14730832347505046,0
2026-05,2026-05-05,202605050202,PLAYER_COURSE,0.2742187561537374,0
2026-05,2026-05-05,202605050203,PLAYER_COURSE,0.2623494027520712,1
2026-05,2026-05-05,202605050205,PLAYER_COURSE,0.3186881655483952,0
2026-05,2026-05-05,202605050702,PLAYER_COURSE,0.3971158072902368,1
2026-05,2026-05-05,202605050811,PLAYER_COURSE,0.35987233564162724,0
2026-05,2026-05-05,202605050904,PLAYER_COURSE,0.128473034564277,0
2026-05,2026-05-05,202605051303,PLAYER_COURSE,0.2645095521473756,0
2026-05,2026-05-05,202605051306,PLAYER_COURSE,0.16200054374539408,0
2026-05,2026-05-05,202605051602,PLAYER_COURSE,0.4372903835887501,0
2026-05,2026-05-06,202605060505,PLAYER_COURSE,0.09817048345729087,0
2026-05,2026-05-06,202605060709,PLAYER_COURSE,0.12150658633171159,0
2026-05,2026-05-06,202605061105,PLAYER_COURSE,0.26636558773533003,1
2026-05,2026-05-06,202605061303,PLAYER_COURSE,0.40307259911734505,0
2026-05,2026-05-06,202605061611,PLAYER_COURSE,0.3227867387035345,0
2026-05,2026-05-07,202605070504,PLAYER_COURSE,0.3631671316422908,0
2026-05,2026-05-07,202605070512,PLAYER_COURSE,0.18339724254261877,0
2026-05,2026-05-07,202605070805,PLAYER_COURSE,0.36578221775047737,0
2026-05,2026-05-07,202605070808,PLAYER_COURSE,0.17042319425356878,0
2026-05,2026-05-07,202605071306,PLAYER_COURSE,0.16445812476309435,0
2026-05,2026-05-07,202605072406,PLAYER_COURSE,0.19062633526907344,1
2026-05,2026-05-08,202605080807,PLAYER_COURSE,0.4692242332695417,0
2026-05,2026-05-09,202605091105,PLAYER_COURSE,0.1400881973936323,0
2026-05,2026-05-09,202605091410,PLAYER_COURSE,0.2870032347837623,1
2026-05,2026-05-09,202605091805,PLAYER_COURSE,0.5614662016595758,0
2026-05,2026-05-10,202605101604,PLAYER_COURSE,0.21703021258059746,0
2026-05,2026-05-10,202605102010,PLAYER_COURSE,0.2388059046242409,0
2026-05,2026-05-11,202605110502,PLAYER_COURSE,0.2787882477186887,0
2026-05,2026-05-11,202605110811,PLAYER_COURSE,0.21059300968440803,1
2026-05,2026-05-11,202605111110,PLAYER_COURSE,0.1580316662012264,1
2026-05,2026-05-11,202605111606,PLAYER_COURSE,0.4501896602919786,1
2026-05,2026-05-11,202605112204,PLAYER_COURSE,0.2485634745868526,0
2026-05,2026-05-11,202605112210,PLAYER_COURSE,0.1857668620991705,0
2026-05,2026-05-11,202605112308,PLAYER_COURSE,0.4739514421986872,1
2026-05,2026-05-12,202605120710,PLAYER_COURSE,0.3148283195584451,0
2026-05,2026-05-12,202605121802,PLAYER_COURSE,0.16565213919992258,0
2026-05,2026-05-12,202605122005,PLAYER_COURSE,0.39021261611394753,0
2026-05,2026-05-13,202605130406,PLAYER_COURSE,0.3719872570137962,1
2026-05,2026-05-13,202605130408,PLAYER_COURSE,0.2257275551360336,1
2026-05,2026-05-13,202605130812,PLAYER_COURSE,0.27213751804052355,0
2026-05,2026-05-13,202605131209,PLAYER_COURSE,0.20332755013449405,0
2026-05,2026-05-13,202605132202,PLAYER_COURSE,0.20693024149837114,0
2026-05,2026-05-13,202605132210,PLAYER_COURSE,0.17248685442148584,0
2026-05,2026-05-14,202605140205,PLAYER_COURSE,0.16724222708799316,0
2026-05,2026-05-14,202605140408,PLAYER_COURSE,0.18083901105209008,0
2026-05,2026-05-14,202605141910,PLAYER_COURSE,0.4110490637702282,0
2026-05,2026-05-15,202605151308,PLAYER_COURSE,0.262414439607097,0
2026-05,2026-05-15,202605151604,PLAYER_COURSE,0.22177623727032533,0
2026-05,2026-05-15,202605151911,PLAYER_COURSE,0.2582447797653846,0
2026-05,2026-05-16,202605160205,PLAYER_COURSE,0.3606916462214421,0
2026-05,2026-05-16,202605160411,PLAYER_COURSE,0.13647774602802634,0
2026-05,2026-05-16,202605160603,PLAYER_COURSE,0.35803075051258365,1
2026-05,2026-05-16,202605161706,PLAYER_COURSE,0.46383097302898685,0
2026-05,2026-05-16,202605161910,PLAYER_COURSE,0.2697037401129945,0
2026-05,2026-05-16,202605162006,PLAYER_COURSE,0.24465639638483366,0
2026-05,2026-05-17,202605170608,PLAYER_COURSE,0.3298128418252007,0
2026-05,2026-05-17,202605171007,PLAYER_COURSE,0.2882341584325009,0
2026-05,2026-05-17,202605172011,PLAYER_COURSE,0.2505010058677859,0
2026-05,2026-05-17,202605172111,PLAYER_COURSE,0.14231455562978013,0
2026-05,2026-05-18,202605180207,PLAYER_COURSE,0.2470578895893442,0
2026-05,2026-05-18,202605180612,PLAYER_COURSE,0.07116722472842602,0
2026-05,2026-05-18,202605181406,PLAYER_COURSE,0.5459064943637387,1
2026-05,2026-05-18,202605181907,PLAYER_COURSE,0.21533708649682065,0
2026-05,2026-05-18,202605182003,PLAYER_COURSE,0.3385351971663512,0
2026-05,2026-05-18,202605182004,PLAYER_COURSE,0.29578045431098055,0
2026-05,2026-05-19,202605190206,PLAYER_COURSE,0.16138335772061657,0
2026-05,2026-05-19,202605191406,PLAYER_COURSE,0.11392633469331023,1
2026-05,2026-05-19,202605191809,PLAYER_COURSE,0.3429063412804142,0
2026-05,2026-05-19,202605191811,PLAYER_COURSE,0.2714432718177114,0
2026-05,2026-05-20,202605200506,PLAYER_COURSE,0.08433329505541518,0
2026-05,2026-05-20,202605201405,PLAYER_COURSE,0.2799119437056001,1
2026-05,2026-05-20,202605201505,PLAYER_COURSE,0.43892202925926627,1
2026-05,2026-05-20,202605202002,PLAYER_COURSE,0.4619478545867598,0
2026-05,2026-05-21,202605210511,PLAYER_COURSE,0.3291493625411046,0
2026-05,2026-05-21,202605210811,PLAYER_COURSE,0.13005215688833796,0
2026-05,2026-05-21,202605210908,PLAYER_COURSE,0.1844808952257645,0
2026-05,2026-05-21,202605211905,PLAYER_COURSE,0.31614034622722426,1
2026-05,2026-05-22,202605221102,PLAYER_COURSE,0.15744391681400363,0
2026-05,2026-05-23,202605231101,PLAYER_COURSE,0.09343144025349821,0
2026-05,2026-05-23,202605231808,PLAYER_COURSE,0.33104001686705026,1
2026-05,2026-05-24,202605241910,PLAYER_COURSE,0.31089562753001726,1
2026-05,2026-05-24,202605242305,PLAYER_COURSE,0.3156410627485461,0
2026-05,2026-05-24,202605242411,PLAYER_COURSE,0.39304637405404264,1
2026-05,2026-05-25,202605251307,PLAYER_COURSE,0.39106081060057074,0
2026-05,2026-05-25,202605251704,PLAYER_COURSE,0.2182304722399919,0
2026-05,2026-05-25,202605252408,PLAYER_COURSE,0.38295296006371665,1
2026-05,2026-05-26,202605261206,PLAYER_COURSE,0.2993365860196811,1
2026-05,2026-05-26,202605261705,PLAYER_COURSE,0.15986501986188006,0
2026-05,2026-05-27,202605270611,PLAYER_COURSE,0.20333221892282288,0
2026-05,2026-05-27,202605270807,PLAYER_COURSE,0.13335740546746816,1
2026-05,2026-05-27,202605270810,PLAYER_COURSE,0.17639986294561025,1
2026-05,2026-05-27,202605271005,PLAYER_COURSE,0.10019012440151955,0
2026-05,2026-05-27,202605271204,PLAYER_COURSE,0.2494351004283904,0
2026-05,2026-05-28,202605280204,PLAYER_COURSE,0.4969458093602099,0
2026-05,2026-05-28,202605280710,PLAYER_COURSE,0.1442160362108831,0
2026-05,2026-05-28,202605281004,PLAYER_COURSE,0.2264546390604688,0
2026-05,2026-05-28,202605281008,PLAYER_COURSE,0.4612100980144201,1
2026-05,2026-05-28,202605281810,PLAYER_COURSE,0.27395162400764456,0
2026-05,2026-05-28,202605282111,PLAYER_COURSE,0.11960578394958746,0
2026-05,2026-05-29,202605290102,PLAYER_COURSE,0.40453705271448454,0
2026-05,2026-05-29,202605290104,PLAYER_COURSE,0.357536627698925,0
2026-05,2026-05-29,202605290708,PLAYER_COURSE,0.20483459538857793,0
2026-05,2026-05-29,202605291807,PLAYER_COURSE,0.491702744768101,0
2026-05,2026-05-29,202605292404,PLAYER_COURSE,0.18347588331550196,0
2026-05,2026-05-30,202605300102,PLAYER_COURSE,0.3869605174002496,0
2026-05,2026-05-30,202605300104,PLAYER_COURSE,0.3453056059738614,0
2026-05,2026-05-30,202605300504,PLAYER_COURSE,0.13228123653849289,0
2026-05,2026-05-30,202605300507,PLAYER_COURSE,0.13225586240950532,0
2026-05,2026-05-30,202605300509,PLAYER_COURSE,0.3332519818517758,0
2026-05,2026-05-30,202605301108,PLAYER_COURSE,0.3169055222342941,1
2026-05,2026-05-31,202605310508,PLAYER_COURSE,0.2849969951647047,0
2026-05,2026-05-31,202605310910,PLAYER_COURSE,0.12972561100481037,0
2026-05,2026-05-31,202605311208,PLAYER_COURSE,0.20787472434412899,1
2026-05,2026-05-31,202605311306,PLAYER_COURSE,0.18292231546754079,0
2026-05,2026-05-31,202605311410,PLAYER_COURSE,0.27783147654287865,0
2026-05,2026-05-31,202605312006,PLAYER_COURSE,0.18775780618034504,0
2026-05,2026-05-31,202605312009,PLAYER_COURSE,0.19164730971175428,0
2026-05,2026-05-31,202605312304,PLAYER_COURSE,0.10950578133750144,0
2026-05,2026-05-01,202605010108,PRIOR_FOOT,0.042796970991570496,0
2026-05,2026-05-01,202605011103,PRIOR_FOOT,0.7636892410693458,0
2026-05,2026-05-01,202605011702,PRIOR_FOOT,0.6637812524271639,0
2026-05,2026-05-01,202605011707,PRIOR_FOOT,0.14171246757016354,0
2026-05,2026-05-01,202605012005,PRIOR_FOOT,0.16781588522887478,0
2026-05,2026-05-01,202605012009,PRIOR_FOOT,0.27141550291936734,0
2026-05,2026-05-01,202605012306,PRIOR_FOOT,0.024822166451626142,0
2026-05,2026-05-02,202605020202,PRIOR_FOOT,0.025310824312215555,0
2026-05,2026-05-02,202605020211,PRIOR_FOOT,0.11565487756956769,1
2026-05,2026-05-02,202605020908,PRIOR_FOOT,0.42979653502586956,0
2026-05,2026-05-02,202605021004,PRIOR_FOOT,0.01756699075127696,0
2026-05,2026-05-02,202605021103,PRIOR_FOOT,0.3885603123440537,1
2026-05,2026-05-02,202605021104,PRIOR_FOOT,0.020445162130084408,0
2026-05,2026-05-02,202605021911,PRIOR_FOOT,0.1016632644995825,0
2026-05,2026-05-02,202605022205,PRIOR_FOOT,0.41582007233640517,0
2026-05,2026-05-02,202605022307,PRIOR_FOOT,0.6581693928942479,0
2026-05,2026-05-03,202605030104,PRIOR_FOOT,0.046405162568782764,0
2026-05,2026-05-03,202605030105,PRIOR_FOOT,0.5757835792194771,0
2026-05,2026-05-03,202605030608,PRIOR_FOOT,0.10248759518582648,0
2026-05,2026-05-03,202605030708,PRIOR_FOOT,0.18687542344895777,0
2026-05,2026-05-03,202605030805,PRIOR_FOOT,0.18600459617488152,1
2026-05,2026-05-03,202605030811,PRIOR_FOOT,0.24761152456807328,0
2026-05,2026-05-03,202605031208,PRIOR_FOOT,0.5947026774873069,0
2026-05,2026-05-03,202605031702,PRIOR_FOOT,0.19257692271651541,0
2026-05,2026-05-03,202605032307,PRIOR_FOOT,0.3514263679674801,1
2026-05,2026-05-04,202605040202,PRIOR_FOOT,0.29270381352528485,0
2026-05,2026-05-04,202605040205,PRIOR_FOOT,0.1579832419738063,0
2026-05,2026-05-04,202605040403,PRIOR_FOOT,0.025288427449045827,0
2026-05,2026-05-04,202605040701,PRIOR_FOOT,0.1710731038857489,1
2026-05,2026-05-04,202605040705,PRIOR_FOOT,0.16972635890746324,1
2026-05,2026-05-04,202605040802,PRIOR_FOOT,0.11243720365331669,1
2026-05,2026-05-04,202605040805,PRIOR_FOOT,0.029471118213481293,1
2026-05,2026-05-04,202605040904,PRIOR_FOOT,0.3809739746086836,0
2026-05,2026-05-04,202605041307,PRIOR_FOOT,0.5921205124707165,0
2026-05,2026-05-04,202605041410,PRIOR_FOOT,0.11352741679687213,1
2026-05,2026-05-04,202605041707,PRIOR_FOOT,0.1849150168216413,0
2026-05,2026-05-04,202605042009,PRIOR_FOOT,0.194625026613679,0
2026-05,2026-05-05,202605050109,PRIOR_FOOT,0.16527916935937986,0
2026-05,2026-05-05,202605050202,PRIOR_FOOT,0.23717735880715238,0
2026-05,2026-05-05,202605050203,PRIOR_FOOT,0.5467964187295205,1
2026-05,2026-05-05,202605050205,PRIOR_FOOT,0.2086705841648964,0
2026-05,2026-05-05,202605050702,PRIOR_FOOT,0.1930233477554992,1
2026-05,2026-05-05,202605050811,PRIOR_FOOT,0.3954442941130275,0
2026-05,2026-05-05,202605050904,PRIOR_FOOT,0.19174982303473356,0
2026-05,2026-05-05,202605051303,PRIOR_FOOT,0.025774891341368605,0
2026-05,2026-05-05,202605051306,PRIOR_FOOT,0.04982505675478239,0
2026-05,2026-05-05,202605051602,PRIOR_FOOT,0.12666277557588548,0
2026-05,2026-05-06,202605060505,PRIOR_FOOT,0.4551687531667754,0
2026-05,2026-05-06,202605060709,PRIOR_FOOT,0.033734284827825395,0
2026-05,2026-05-06,202605061105,PRIOR_FOOT,0.2557858785143907,1
2026-05,2026-05-06,202605061303,PRIOR_FOOT,0.06331299602239009,0
2026-05,2026-05-06,202605061611,PRIOR_FOOT,0.07039216673877025,0
2026-05,2026-05-07,202605070504,PRIOR_FOOT,0.5587488048449369,0
2026-05,2026-05-07,202605070512,PRIOR_FOOT,0.013671074365575903,0
2026-05,2026-05-07,202605070805,PRIOR_FOOT,0.2935163702762166,0
2026-05,2026-05-07,202605070808,PRIOR_FOOT,0.26215049974453986,0
2026-05,2026-05-07,202605071306,PRIOR_FOOT,0.07053781981447534,0
2026-05,2026-05-07,202605072406,PRIOR_FOOT,0.0647138053397644,1
2026-05,2026-05-08,202605080807,PRIOR_FOOT,0.35922257283281905,0
2026-05,2026-05-09,202605091105,PRIOR_FOOT,0.1780654081067425,0
2026-05,2026-05-09,202605091410,PRIOR_FOOT,0.171091417419695,1
2026-05,2026-05-09,202605091805,PRIOR_FOOT,0.3320083665863398,0
2026-05,2026-05-10,202605101604,PRIOR_FOOT,0.6749494946154918,0
2026-05,2026-05-10,202605102010,PRIOR_FOOT,0.10048610372034467,0
2026-05,2026-05-11,202605110502,PRIOR_FOOT,0.49799025803970876,0
2026-05,2026-05-11,202605110811,PRIOR_FOOT,0.15931194626884634,1
2026-05,2026-05-11,202605111110,PRIOR_FOOT,0.47653591592307093,1
2026-05,2026-05-11,202605111606,PRIOR_FOOT,0.27499431051699696,1
2026-05,2026-05-11,202605112204,PRIOR_FOOT,0.3038565783290309,0
2026-05,2026-05-11,202605112210,PRIOR_FOOT,0.03019873412811045,0
2026-05,2026-05-11,202605112308,PRIOR_FOOT,0.10203129358854338,1
2026-05,2026-05-12,202605120710,PRIOR_FOOT,0.07868718258325362,0
2026-05,2026-05-12,202605121802,PRIOR_FOOT,0.7290879639175033,0
2026-05,2026-05-12,202605122005,PRIOR_FOOT,0.0771227987574018,0
2026-05,2026-05-13,202605130406,PRIOR_FOOT,0.070142109530597,1
2026-05,2026-05-13,202605130408,PRIOR_FOOT,0.47491378620562674,1
2026-05,2026-05-13,202605130812,PRIOR_FOOT,0.07694407995747032,0
2026-05,2026-05-13,202605131209,PRIOR_FOOT,0.12561624691242912,0
2026-05,2026-05-13,202605132202,PRIOR_FOOT,0.2717705053130555,0
2026-05,2026-05-13,202605132210,PRIOR_FOOT,0.0477898665907206,0
2026-05,2026-05-14,202605140205,PRIOR_FOOT,0.30172987989306743,0
2026-05,2026-05-14,202605140408,PRIOR_FOOT,0.5598384128399918,0
2026-05,2026-05-14,202605141910,PRIOR_FOOT,0.031435893006395675,0
2026-05,2026-05-15,202605151308,PRIOR_FOOT,0.27433257616903745,0
2026-05,2026-05-15,202605151604,PRIOR_FOOT,0.29806281480369756,0
2026-05,2026-05-15,202605151911,PRIOR_FOOT,0.18501331320178677,0
2026-05,2026-05-16,202605160205,PRIOR_FOOT,0.24207035858317846,0
2026-05,2026-05-16,202605160411,PRIOR_FOOT,0.12084418946105993,0
2026-05,2026-05-16,202605160603,PRIOR_FOOT,0.06795439061847565,1
2026-05,2026-05-16,202605161706,PRIOR_FOOT,0.002617629776169914,0
2026-05,2026-05-16,202605161910,PRIOR_FOOT,0.09865327586971764,0
2026-05,2026-05-16,202605162006,PRIOR_FOOT,0.033056661712915124,0
2026-05,2026-05-17,202605170608,PRIOR_FOOT,0.7333516240927866,0
2026-05,2026-05-17,202605171007,PRIOR_FOOT,0.2956698818843457,0
2026-05,2026-05-17,202605172011,PRIOR_FOOT,0.6112031000310063,0
2026-05,2026-05-17,202605172111,PRIOR_FOOT,0.314108967132077,0
2026-05,2026-05-18,202605180207,PRIOR_FOOT,0.1164552573609377,0
2026-05,2026-05-18,202605180612,PRIOR_FOOT,0.5443644493024256,0
2026-05,2026-05-18,202605181406,PRIOR_FOOT,0.2463159300092883,1
2026-05,2026-05-18,202605181907,PRIOR_FOOT,0.36191335271685354,0
2026-05,2026-05-18,202605182003,PRIOR_FOOT,0.019654413509545846,0
2026-05,2026-05-18,202605182004,PRIOR_FOOT,0.3825017939801581,0
2026-05,2026-05-19,202605190206,PRIOR_FOOT,0.22482322474427444,0
2026-05,2026-05-19,202605191406,PRIOR_FOOT,0.16700084939062712,1
2026-05,2026-05-19,202605191809,PRIOR_FOOT,0.1917518530490796,0
2026-05,2026-05-19,202605191811,PRIOR_FOOT,0.2208818352779528,0
2026-05,2026-05-20,202605200506,PRIOR_FOOT,0.7640625221396912,0
2026-05,2026-05-20,202605201405,PRIOR_FOOT,0.322843436126969,1
2026-05,2026-05-20,202605201505,PRIOR_FOOT,0.02969755091813676,1
2026-05,2026-05-20,202605202002,PRIOR_FOOT,0.24843508048937463,0
2026-05,2026-05-21,202605210511,PRIOR_FOOT,0.27052311838919185,0
2026-05,2026-05-21,202605210811,PRIOR_FOOT,0.06498023523848362,0
2026-05,2026-05-21,202605210908,PRIOR_FOOT,0.03850923569347354,0
2026-05,2026-05-21,202605211905,PRIOR_FOOT,0.013022346137546914,1
2026-05,2026-05-22,202605221102,PRIOR_FOOT,0.0373752053811204,0
2026-05,2026-05-23,202605231101,PRIOR_FOOT,0.04384062228365867,0
2026-05,2026-05-23,202605231808,PRIOR_FOOT,0.2256795082520817,1
2026-05,2026-05-24,202605241910,PRIOR_FOOT,0.09963395680709057,1
2026-05,2026-05-24,202605242305,PRIOR_FOOT,0.38562848417897616,0
2026-05,2026-05-24,202605242411,PRIOR_FOOT,0.03225748544239522,1
2026-05,2026-05-25,202605251307,PRIOR_FOOT,0.13922171739616324,0
2026-05,2026-05-25,202605251704,PRIOR_FOOT,0.6017122171442332,0
2026-05,2026-05-25,202605252408,PRIOR_FOOT,0.26012694542130144,1
2026-05,2026-05-26,202605261206,PRIOR_FOOT,0.10579998598037901,1
2026-05,2026-05-26,202605261705,PRIOR_FOOT,0.604074357750367,0
2026-05,2026-05-27,202605270611,PRIOR_FOOT,0.984042595259406,0
2026-05,2026-05-27,202605270807,PRIOR_FOOT,0.03009919767684783,1
2026-05,2026-05-27,202605270810,PRIOR_FOOT,0.13214674823732495,1
2026-05,2026-05-27,202605271005,PRIOR_FOOT,0.08438414958035963,0
2026-05,2026-05-27,202605271204,PRIOR_FOOT,0.4025457787702814,0
2026-05,2026-05-28,202605280204,PRIOR_FOOT,0.8436037730510149,0
2026-05,2026-05-28,202605280710,PRIOR_FOOT,0.00980328858465263,0
2026-05,2026-05-28,202605281004,PRIOR_FOOT,0.36102120658637593,0
2026-05,2026-05-28,202605281008,PRIOR_FOOT,0.13845168936238422,1
2026-05,2026-05-28,202605281810,PRIOR_FOOT,0.29862943996839864,0
2026-05,2026-05-28,202605282111,PRIOR_FOOT,0.12954873357712768,0
2026-05,2026-05-29,202605290102,PRIOR_FOOT,0.10531605871071298,0
2026-05,2026-05-29,202605290104,PRIOR_FOOT,0.05741123094658394,0
2026-05,2026-05-29,202605290708,PRIOR_FOOT,0.23310894405127625,0
2026-05,2026-05-29,202605291807,PRIOR_FOOT,0.5702993049402846,0
2026-05,2026-05-29,202605292404,PRIOR_FOOT,0.11667774611766399,0
2026-05,2026-05-30,202605300102,PRIOR_FOOT,0.1860894640116423,0
2026-05,2026-05-30,202605300104,PRIOR_FOOT,0.26258191095306577,0
2026-05,2026-05-30,202605300504,PRIOR_FOOT,0.13091846358674764,0
2026-05,2026-05-30,202605300507,PRIOR_FOOT,0.5954642087945335,0
2026-05,2026-05-30,202605300509,PRIOR_FOOT,0.7687819608833106,0
2026-05,2026-05-30,202605301108,PRIOR_FOOT,0.07243656089456489,1
2026-05,2026-05-31,202605310508,PRIOR_FOOT,0.0025441981544327445,0
2026-05,2026-05-31,202605310910,PRIOR_FOOT,0.3559597460654207,0
2026-05,2026-05-31,202605311208,PRIOR_FOOT,0.3602488701814565,1
2026-05,2026-05-31,202605311306,PRIOR_FOOT,0.0816434501738724,0
2026-05,2026-05-31,202605311410,PRIOR_FOOT,0.060299286073508256,0
2026-05,2026-05-31,202605312006,PRIOR_FOOT,0.07561627575937033,0
2026-05,2026-05-31,202605312009,PRIOR_FOOT,0.39919659759665815,0
2026-05,2026-05-31,202605312304,PRIOR_FOOT,0.44861040298592275,0
2026-05,2026-05-01,202605010108,OPP_CONTEXT,0.14058499807298225,0
2026-05,2026-05-01,202605011103,OPP_CONTEXT,0.13511905722072068,0
2026-05,2026-05-01,202605011702,OPP_CONTEXT,0.21404415158415743,0
2026-05,2026-05-01,202605011707,OPP_CONTEXT,0.2333836141956078,0
2026-05,2026-05-01,202605012005,OPP_CONTEXT,0.10038689210634381,0
2026-05,2026-05-01,202605012009,OPP_CONTEXT,0.18819500534910633,0
2026-05,2026-05-01,202605012306,OPP_CONTEXT,0.1137972958710908,0
2026-05,2026-05-02,202605020202,OPP_CONTEXT,0.1659739107822248,0
2026-05,2026-05-02,202605020211,OPP_CONTEXT,0.17151964508487946,1
2026-05,2026-05-02,202605020908,OPP_CONTEXT,0.1803148165065583,0
2026-05,2026-05-02,202605021004,OPP_CONTEXT,0.18351204124884557,0
2026-05,2026-05-02,202605021103,OPP_CONTEXT,0.31142949742608117,1
2026-05,2026-05-02,202605021104,OPP_CONTEXT,0.26385728639147826,0
2026-05,2026-05-02,202605021911,OPP_CONTEXT,0.08456965879999787,0
2026-05,2026-05-02,202605022205,OPP_CONTEXT,0.1605831188630728,0
2026-05,2026-05-02,202605022307,OPP_CONTEXT,0.4861094398236108,0
2026-05,2026-05-03,202605030104,OPP_CONTEXT,0.28374189976717784,0
2026-05,2026-05-03,202605030105,OPP_CONTEXT,0.2962793517605138,0
2026-05,2026-05-03,202605030608,OPP_CONTEXT,0.1099332606203577,0
2026-05,2026-05-03,202605030708,OPP_CONTEXT,0.0812491669570032,0
2026-05,2026-05-03,202605030805,OPP_CONTEXT,0.2298461881843538,1
2026-05,2026-05-03,202605030811,OPP_CONTEXT,0.2819810316018195,0
2026-05,2026-05-03,202605031208,OPP_CONTEXT,0.2984714775017453,0
2026-05,2026-05-03,202605031702,OPP_CONTEXT,0.1902995523060847,0
2026-05,2026-05-03,202605032307,OPP_CONTEXT,0.3698193827491104,1
2026-05,2026-05-04,202605040202,OPP_CONTEXT,0.4175510794319426,0
2026-05,2026-05-04,202605040205,OPP_CONTEXT,0.2688916843861798,0
2026-05,2026-05-04,202605040403,OPP_CONTEXT,0.26504717549261303,0
2026-05,2026-05-04,202605040701,OPP_CONTEXT,0.3255987653959565,1
2026-05,2026-05-04,202605040705,OPP_CONTEXT,0.13830205915445906,1
2026-05,2026-05-04,202605040802,OPP_CONTEXT,0.26594812266416545,1
2026-05,2026-05-04,202605040805,OPP_CONTEXT,0.2206864060144298,1
2026-05,2026-05-04,202605040904,OPP_CONTEXT,0.20742709826312736,0
2026-05,2026-05-04,202605041307,OPP_CONTEXT,0.13579412675931404,0
2026-05,2026-05-04,202605041410,OPP_CONTEXT,0.22588132830687768,1
2026-05,2026-05-04,202605041707,OPP_CONTEXT,0.21927331811030673,0
2026-05,2026-05-04,202605042009,OPP_CONTEXT,0.2382738010206796,0
2026-05,2026-05-05,202605050109,OPP_CONTEXT,0.05540186570582541,0
2026-05,2026-05-05,202605050202,OPP_CONTEXT,0.610743500498751,0
2026-05,2026-05-05,202605050203,OPP_CONTEXT,0.3352515981001129,1
2026-05,2026-05-05,202605050205,OPP_CONTEXT,0.15225789610728663,0
2026-05,2026-05-05,202605050702,OPP_CONTEXT,0.33499882738007036,1
2026-05,2026-05-05,202605050811,OPP_CONTEXT,0.19918809132924756,0
2026-05,2026-05-05,202605050904,OPP_CONTEXT,0.2581654791647756,0
2026-05,2026-05-05,202605051303,OPP_CONTEXT,0.32495136018655846,0
2026-05,2026-05-05,202605051306,OPP_CONTEXT,0.38523835605642337,0
2026-05,2026-05-05,202605051602,OPP_CONTEXT,0.6637171277494882,0
2026-05,2026-05-06,202605060505,OPP_CONTEXT,0.32671264762727964,0
2026-05,2026-05-06,202605060709,OPP_CONTEXT,0.06792817677103814,0
2026-05,2026-05-06,202605061105,OPP_CONTEXT,0.1414176780329593,1
2026-05,2026-05-06,202605061303,OPP_CONTEXT,0.27291144796119987,0
2026-05,2026-05-06,202605061611,OPP_CONTEXT,0.12292554537594601,0
2026-05,2026-05-07,202605070504,OPP_CONTEXT,0.23662267545613852,0
2026-05,2026-05-07,202605070512,OPP_CONTEXT,0.09883403124933121,0
2026-05,2026-05-07,202605070805,OPP_CONTEXT,0.18066886633934007,0
2026-05,2026-05-07,202605070808,OPP_CONTEXT,0.39734709382448946,0
2026-05,2026-05-07,202605071306,OPP_CONTEXT,0.11220256338500792,0
2026-05,2026-05-07,202605072406,OPP_CONTEXT,0.2453572788258406,1
2026-05,2026-05-08,202605080807,OPP_CONTEXT,0.22592635490220855,0
2026-05,2026-05-09,202605091105,OPP_CONTEXT,0.2840363059334739,0
2026-05,2026-05-09,202605091410,OPP_CONTEXT,0.09691973251259327,1
2026-05,2026-05-09,202605091805,OPP_CONTEXT,0.5135222195761477,0
2026-05,2026-05-10,202605101604,OPP_CONTEXT,0.3373177141198815,0
2026-05,2026-05-10,202605102010,OPP_CONTEXT,0.3921267204996435,0
2026-05,2026-05-11,202605110502,OPP_CONTEXT,0.23983979953062023,0
2026-05,2026-05-11,202605110811,OPP_CONTEXT,0.1878197048417905,1
2026-05,2026-05-11,202605111110,OPP_CONTEXT,0.2628687824756767,1
2026-05,2026-05-11,202605111606,OPP_CONTEXT,0.5156042715194104,1
2026-05,2026-05-11,202605112204,OPP_CONTEXT,0.14298598827824732,0
2026-05,2026-05-11,202605112210,OPP_CONTEXT,0.16240434894171696,0
2026-05,2026-05-11,202605112308,OPP_CONTEXT,0.45959396978065103,1
2026-05,2026-05-12,202605120710,OPP_CONTEXT,0.1655356605963948,0
2026-05,2026-05-12,202605121802,OPP_CONTEXT,0.10989540837005496,0
2026-05,2026-05-12,202605122005,OPP_CONTEXT,0.12736817506172293,0
2026-05,2026-05-13,202605130406,OPP_CONTEXT,0.3345152551468248,1
2026-05,2026-05-13,202605130408,OPP_CONTEXT,0.2666247683670941,1
2026-05,2026-05-13,202605130812,OPP_CONTEXT,0.08169805656773874,0
2026-05,2026-05-13,202605131209,OPP_CONTEXT,0.11309503358482412,0
2026-05,2026-05-13,202605132202,OPP_CONTEXT,0.2500803391999291,0
2026-05,2026-05-13,202605132210,OPP_CONTEXT,0.09021602217664366,0
2026-05,2026-05-14,202605140205,OPP_CONTEXT,0.16532943272565645,0
2026-05,2026-05-14,202605140408,OPP_CONTEXT,0.16984127917543754,0
2026-05,2026-05-14,202605141910,OPP_CONTEXT,0.2554381945384562,0
2026-05,2026-05-15,202605151308,OPP_CONTEXT,0.08945292656340198,0
2026-05,2026-05-15,202605151604,OPP_CONTEXT,0.19900023144496914,0
2026-05,2026-05-15,202605151911,OPP_CONTEXT,0.059912052857739866,0
2026-05,2026-05-16,202605160205,OPP_CONTEXT,0.20044814415008025,0
2026-05,2026-05-16,202605160411,OPP_CONTEXT,0.08898227342595304,0
2026-05,2026-05-16,202605160603,OPP_CONTEXT,0.26425481228900344,1
2026-05,2026-05-16,202605161706,OPP_CONTEXT,0.20740971552710233,0
2026-05,2026-05-16,202605161910,OPP_CONTEXT,0.18681482338146813,0
2026-05,2026-05-16,202605162006,OPP_CONTEXT,0.261487676172743,0
2026-05,2026-05-17,202605170608,OPP_CONTEXT,0.14450807701890037,0
2026-05,2026-05-17,202605171007,OPP_CONTEXT,0.32963956088048124,0
2026-05,2026-05-17,202605172011,OPP_CONTEXT,0.13319978466203145,0
2026-05,2026-05-17,202605172111,OPP_CONTEXT,0.055235431892402785,0
2026-05,2026-05-18,202605180207,OPP_CONTEXT,0.08464302651062443,0
2026-05,2026-05-18,202605180612,OPP_CONTEXT,0.07630501803092184,0
2026-05,2026-05-18,202605181406,OPP_CONTEXT,0.13481684823299758,1
2026-05,2026-05-18,202605181907,OPP_CONTEXT,0.1974415237870799,0
2026-05,2026-05-18,202605182003,OPP_CONTEXT,0.22618396584521172,0
2026-05,2026-05-18,202605182004,OPP_CONTEXT,0.17123286824827932,0
2026-05,2026-05-19,202605190206,OPP_CONTEXT,0.19968433511815403,0
2026-05,2026-05-19,202605191406,OPP_CONTEXT,0.18066196374365676,1
2026-05,2026-05-19,202605191809,OPP_CONTEXT,0.21099237786789876,0
2026-05,2026-05-19,202605191811,OPP_CONTEXT,0.3173165178051897,0
2026-05,2026-05-20,202605200506,OPP_CONTEXT,0.267788980540823,0
2026-05,2026-05-20,202605201405,OPP_CONTEXT,0.22096247457790863,1
2026-05,2026-05-20,202605201505,OPP_CONTEXT,0.5485599419227912,1
2026-05,2026-05-20,202605202002,OPP_CONTEXT,0.34000962472890917,0
2026-05,2026-05-21,202605210511,OPP_CONTEXT,0.09343132252538704,0
2026-05,2026-05-21,202605210811,OPP_CONTEXT,0.13348568875559827,0
2026-05,2026-05-21,202605210908,OPP_CONTEXT,0.19426158587332398,0
2026-05,2026-05-21,202605211905,OPP_CONTEXT,0.1680754874420584,1
2026-05,2026-05-22,202605221102,OPP_CONTEXT,0.0702596698583576,0
2026-05,2026-05-23,202605231101,OPP_CONTEXT,0.11922954753425989,0
2026-05,2026-05-23,202605231808,OPP_CONTEXT,0.31376706905281004,1
2026-05,2026-05-24,202605241910,OPP_CONTEXT,0.04600294835659236,1
2026-05,2026-05-24,202605242305,OPP_CONTEXT,0.3627310814207145,0
2026-05,2026-05-24,202605242411,OPP_CONTEXT,0.21375322703851704,1
2026-05,2026-05-25,202605251307,OPP_CONTEXT,0.4019285154305925,0
2026-05,2026-05-25,202605251704,OPP_CONTEXT,0.19055717904232328,0
2026-05,2026-05-25,202605252408,OPP_CONTEXT,0.3935425632258884,1
2026-05,2026-05-26,202605261206,OPP_CONTEXT,0.2724921101209764,1
2026-05,2026-05-26,202605261705,OPP_CONTEXT,0.14682123099163844,0
2026-05,2026-05-27,202605270611,OPP_CONTEXT,0.03498539028202741,0
2026-05,2026-05-27,202605270807,OPP_CONTEXT,0.27712123290907725,1
2026-05,2026-05-27,202605270810,OPP_CONTEXT,0.18822019805061363,1
2026-05,2026-05-27,202605271005,OPP_CONTEXT,0.04474433372078794,0
2026-05,2026-05-27,202605271204,OPP_CONTEXT,0.3195228559731439,0
2026-05,2026-05-28,202605280204,OPP_CONTEXT,0.2239443598995362,0
2026-05,2026-05-28,202605280710,OPP_CONTEXT,0.23187564337029748,0
2026-05,2026-05-28,202605281004,OPP_CONTEXT,0.1541530503713115,0
2026-05,2026-05-28,202605281008,OPP_CONTEXT,0.4343151663923635,1
2026-05,2026-05-28,202605281810,OPP_CONTEXT,0.23803117639347535,0
2026-05,2026-05-28,202605282111,OPP_CONTEXT,0.0805137129131272,0
2026-05,2026-05-29,202605290102,OPP_CONTEXT,0.22468447815038614,0
2026-05,2026-05-29,202605290104,OPP_CONTEXT,0.32748508021793776,0
2026-05,2026-05-29,202605290708,OPP_CONTEXT,0.1316676798220869,0
2026-05,2026-05-29,202605291807,OPP_CONTEXT,0.30917141054169023,0
2026-05,2026-05-29,202605292404,OPP_CONTEXT,0.1061797706107644,0
2026-05,2026-05-30,202605300102,OPP_CONTEXT,0.24254846436244762,0
2026-05,2026-05-30,202605300104,OPP_CONTEXT,0.48073966761248876,0
2026-05,2026-05-30,202605300504,OPP_CONTEXT,0.11581816195195002,0
2026-05,2026-05-30,202605300507,OPP_CONTEXT,0.26602700680215696,0
2026-05,2026-05-30,202605300509,OPP_CONTEXT,0.15396916257149176,0
2026-05,2026-05-30,202605301108,OPP_CONTEXT,0.3807723604164939,1
2026-05,2026-05-31,202605310508,OPP_CONTEXT,0.17912907311763204,0
2026-05,2026-05-31,202605310910,OPP_CONTEXT,0.1586085851923288,0
2026-05,2026-05-31,202605311208,OPP_CONTEXT,0.10209776110171606,1
2026-05,2026-05-31,202605311306,OPP_CONTEXT,0.2507210762940408,0
2026-05,2026-05-31,202605311410,OPP_CONTEXT,0.1371159240696071,0
2026-05,2026-05-31,202605312006,OPP_CONTEXT,0.10526846030815988,0
2026-05,2026-05-31,202605312009,OPP_CONTEXT,0.14781023909802019,0
2026-05,2026-05-31,202605312304,OPP_CONTEXT,0.3051929157019034,0
2026-05,2026-05-01,202605010108,ENV_ENTRY,0.10153779288203918,0
2026-05,2026-05-01,202605011103,ENV_ENTRY,0.14303197529065417,0
2026-05,2026-05-01,202605011702,ENV_ENTRY,0.20552641914419295,0
2026-05,2026-05-01,202605011707,ENV_ENTRY,0.30109198608830906,0
2026-05,2026-05-01,202605012005,ENV_ENTRY,0.2648629692656472,0
2026-05,2026-05-01,202605012009,ENV_ENTRY,0.3565988244346925,0
2026-05,2026-05-01,202605012306,ENV_ENTRY,0.24176222879393652,0
2026-05,2026-05-02,202605020202,ENV_ENTRY,0.31881927343319544,0
2026-05,2026-05-02,202605020211,ENV_ENTRY,0.25689086218987733,1
2026-05,2026-05-02,202605020908,ENV_ENTRY,0.3183721489640668,0
2026-05,2026-05-02,202605021004,ENV_ENTRY,0.2082597918197871,0
2026-05,2026-05-02,202605021103,ENV_ENTRY,0.3562107103884097,1
2026-05,2026-05-02,202605021104,ENV_ENTRY,0.23934726091365144,0
2026-05,2026-05-02,202605021911,ENV_ENTRY,0.2806516860824012,0
2026-05,2026-05-02,202605022205,ENV_ENTRY,0.2922784827892299,0
2026-05,2026-05-02,202605022307,ENV_ENTRY,0.22479041524568205,0
2026-05,2026-05-03,202605030104,ENV_ENTRY,0.2874310298631882,0
2026-05,2026-05-03,202605030105,ENV_ENTRY,0.2950405493122142,0
2026-05,2026-05-03,202605030608,ENV_ENTRY,0.2946899046867874,0
2026-05,2026-05-03,202605030708,ENV_ENTRY,0.2941047652510621,0
2026-05,2026-05-03,202605030805,ENV_ENTRY,0.2943968604343089,1
2026-05,2026-05-03,202605030811,ENV_ENTRY,0.3529264182052222,0
2026-05,2026-05-03,202605031208,ENV_ENTRY,0.21802995387828403,0
2026-05,2026-05-03,202605031702,ENV_ENTRY,0.26046626904892495,0
2026-05,2026-05-03,202605032307,ENV_ENTRY,0.2681268887003482,1
2026-05,2026-05-04,202605040202,ENV_ENTRY,0.25922836752291656,0
2026-05,2026-05-04,202605040205,ENV_ENTRY,0.25310304539391093,0
2026-05,2026-05-04,202605040403,ENV_ENTRY,0.4397220525111697,0
2026-05,2026-05-04,202605040701,ENV_ENTRY,0.26007152306063425,1
2026-05,2026-05-04,202605040705,ENV_ENTRY,0.3457215686008816,1
2026-05,2026-05-04,202605040802,ENV_ENTRY,0.2285705490857425,1
2026-05,2026-05-04,202605040805,ENV_ENTRY,0.30638993432498995,1
2026-05,2026-05-04,202605040904,ENV_ENTRY,0.2818417130879631,0
2026-05,2026-05-04,202605041307,ENV_ENTRY,0.2168557795498699,0
2026-05,2026-05-04,202605041410,ENV_ENTRY,0.36402615569869445,1
2026-05,2026-05-04,202605041707,ENV_ENTRY,0.2234308749650974,0
2026-05,2026-05-04,202605042009,ENV_ENTRY,0.35500576908818793,0
2026-05,2026-05-05,202605050109,ENV_ENTRY,0.154114019392463,0
2026-05,2026-05-05,202605050202,ENV_ENTRY,0.2734927010266707,0
2026-05,2026-05-05,202605050203,ENV_ENTRY,0.32055281313071804,1
2026-05,2026-05-05,202605050205,ENV_ENTRY,0.1752241697279967,0
2026-05,2026-05-05,202605050702,ENV_ENTRY,0.2745172637003892,1
2026-05,2026-05-05,202605050811,ENV_ENTRY,0.35356657900611344,0
2026-05,2026-05-05,202605050904,ENV_ENTRY,0.27236282449959953,0
2026-05,2026-05-05,202605051303,ENV_ENTRY,0.22882424105024532,0
2026-05,2026-05-05,202605051306,ENV_ENTRY,0.2901248746733344,0
2026-05,2026-05-05,202605051602,ENV_ENTRY,0.23026448994017554,0
2026-05,2026-05-06,202605060505,ENV_ENTRY,0.168253782714823,0
2026-05,2026-05-06,202605060709,ENV_ENTRY,0.10950369264425926,0
2026-05,2026-05-06,202605061105,ENV_ENTRY,0.3217393574342991,1
2026-05,2026-05-06,202605061303,ENV_ENTRY,0.17247639311520888,0
2026-05,2026-05-06,202605061611,ENV_ENTRY,0.16811096195354913,0
2026-05,2026-05-07,202605070504,ENV_ENTRY,0.257055542401275,0
2026-05,2026-05-07,202605070512,ENV_ENTRY,0.17052418944390976,0
2026-05,2026-05-07,202605070805,ENV_ENTRY,0.26551120862616157,0
2026-05,2026-05-07,202605070808,ENV_ENTRY,0.25133635338334726,0
2026-05,2026-05-07,202605071306,ENV_ENTRY,0.21046956684060517,0
2026-05,2026-05-07,202605072406,ENV_ENTRY,0.41390136655388843,1
2026-05,2026-05-08,202605080807,ENV_ENTRY,0.15648698845169584,0
2026-05,2026-05-09,202605091105,ENV_ENTRY,0.17358241364472252,0
2026-05,2026-05-09,202605091410,ENV_ENTRY,0.13284144604959694,1
2026-05,2026-05-09,202605091805,ENV_ENTRY,0.4686025492944157,0
2026-05,2026-05-10,202605101604,ENV_ENTRY,0.19343509621922206,0
2026-05,2026-05-10,202605102010,ENV_ENTRY,0.21871650508555973,0
2026-05,2026-05-11,202605110502,ENV_ENTRY,0.14719248258382575,0
2026-05,2026-05-11,202605110811,ENV_ENTRY,0.2847398325274257,1
2026-05,2026-05-11,202605111110,ENV_ENTRY,0.2709192845464846,1
2026-05,2026-05-11,202605111606,ENV_ENTRY,0.22512243885831548,1
2026-05,2026-05-11,202605112204,ENV_ENTRY,0.3495639624766254,0
2026-05,2026-05-11,202605112210,ENV_ENTRY,0.18489939690188598,0
2026-05,2026-05-11,202605112308,ENV_ENTRY,0.4110972329069589,1
2026-05,2026-05-12,202605120710,ENV_ENTRY,0.15263998101218734,0
2026-05,2026-05-12,202605121802,ENV_ENTRY,0.20867592880427377,0
2026-05,2026-05-12,202605122005,ENV_ENTRY,0.16827869012829183,0
2026-05,2026-05-13,202605130406,ENV_ENTRY,0.2775194699154706,1
2026-05,2026-05-13,202605130408,ENV_ENTRY,0.44257275264559354,1
2026-05,2026-05-13,202605130812,ENV_ENTRY,0.1893572936607959,0
2026-05,2026-05-13,202605131209,ENV_ENTRY,0.17828341147970275,0
2026-05,2026-05-13,202605132202,ENV_ENTRY,0.15069103961152178,0
2026-05,2026-05-13,202605132210,ENV_ENTRY,0.10255926736587677,0
2026-05,2026-05-14,202605140205,ENV_ENTRY,0.14865940134173153,0
2026-05,2026-05-14,202605140408,ENV_ENTRY,0.11101135118070747,0
2026-05,2026-05-14,202605141910,ENV_ENTRY,0.24478426350236027,0
2026-05,2026-05-15,202605151308,ENV_ENTRY,0.28159774045906777,0
2026-05,2026-05-15,202605151604,ENV_ENTRY,0.22618531953293486,0
2026-05,2026-05-15,202605151911,ENV_ENTRY,0.14270798862763737,0
2026-05,2026-05-16,202605160205,ENV_ENTRY,0.20461266289795724,0
2026-05,2026-05-16,202605160411,ENV_ENTRY,0.22675534659197005,0
2026-05,2026-05-16,202605160603,ENV_ENTRY,0.16686059488672342,1
2026-05,2026-05-16,202605161706,ENV_ENTRY,0.24681494257089576,0
2026-05,2026-05-16,202605161910,ENV_ENTRY,0.34011201073123787,0
2026-05,2026-05-16,202605162006,ENV_ENTRY,0.11089169845592202,0
2026-05,2026-05-17,202605170608,ENV_ENTRY,0.3195705972999392,0
2026-05,2026-05-17,202605171007,ENV_ENTRY,0.3291269036405205,0
2026-05,2026-05-17,202605172011,ENV_ENTRY,0.30276250667635896,0
2026-05,2026-05-17,202605172111,ENV_ENTRY,0.1417744926122529,0
2026-05,2026-05-18,202605180207,ENV_ENTRY,0.2173059516021399,0
2026-05,2026-05-18,202605180612,ENV_ENTRY,0.28538513472240223,0
2026-05,2026-05-18,202605181406,ENV_ENTRY,0.34683176051615366,1
2026-05,2026-05-18,202605181907,ENV_ENTRY,0.24816778064017098,0
2026-05,2026-05-18,202605182003,ENV_ENTRY,0.12133029706073457,0
2026-05,2026-05-18,202605182004,ENV_ENTRY,0.14647161797310773,0
2026-05,2026-05-19,202605190206,ENV_ENTRY,0.18663217786348016,0
2026-05,2026-05-19,202605191406,ENV_ENTRY,0.3802316112143753,1
2026-05,2026-05-19,202605191809,ENV_ENTRY,0.2119709532833835,0
2026-05,2026-05-19,202605191811,ENV_ENTRY,0.23708634730999856,0
2026-05,2026-05-20,202605200506,ENV_ENTRY,0.27801004167697946,0
2026-05,2026-05-20,202605201405,ENV_ENTRY,0.20368515156864023,1
2026-05,2026-05-20,202605201505,ENV_ENTRY,0.3192505381219345,1
2026-05,2026-05-20,202605202002,ENV_ENTRY,0.29618210253966004,0
2026-05,2026-05-21,202605210511,ENV_ENTRY,0.3376843519266835,0
2026-05,2026-05-21,202605210811,ENV_ENTRY,0.2516165237252504,0
2026-05,2026-05-21,202605210908,ENV_ENTRY,0.18918156964152597,0
2026-05,2026-05-21,202605211905,ENV_ENTRY,0.3629369141737915,1
2026-05,2026-05-22,202605221102,ENV_ENTRY,0.2964173280599821,0
2026-05,2026-05-23,202605231101,ENV_ENTRY,0.22098317176412194,0
2026-05,2026-05-23,202605231808,ENV_ENTRY,0.36445497208609706,1
2026-05,2026-05-24,202605241910,ENV_ENTRY,0.23275351030442124,1
2026-05,2026-05-24,202605242305,ENV_ENTRY,0.15539380507281988,0
2026-05,2026-05-24,202605242411,ENV_ENTRY,0.3754252216684993,1
2026-05,2026-05-25,202605251307,ENV_ENTRY,0.3126671768306844,0
2026-05,2026-05-25,202605251704,ENV_ENTRY,0.21424063068909133,0
2026-05,2026-05-25,202605252408,ENV_ENTRY,0.24882993454205438,1
2026-05,2026-05-26,202605261206,ENV_ENTRY,0.30225891497575463,1
2026-05,2026-05-26,202605261705,ENV_ENTRY,0.33273378362629935,0
2026-05,2026-05-27,202605270611,ENV_ENTRY,0.13218405310026432,0
2026-05,2026-05-27,202605270807,ENV_ENTRY,0.3385458075142273,1
2026-05,2026-05-27,202605270810,ENV_ENTRY,0.318539792411237,1
2026-05,2026-05-27,202605271005,ENV_ENTRY,0.13567998888633323,0
2026-05,2026-05-27,202605271204,ENV_ENTRY,0.22942619928711847,0
2026-05,2026-05-28,202605280204,ENV_ENTRY,0.14351024148892635,0
2026-05,2026-05-28,202605280710,ENV_ENTRY,0.3120517613463808,0
2026-05,2026-05-28,202605281004,ENV_ENTRY,0.10829484428889345,0
2026-05,2026-05-28,202605281008,ENV_ENTRY,0.22868307399889465,1
2026-05,2026-05-28,202605281810,ENV_ENTRY,0.2779848120699418,0
2026-05,2026-05-28,202605282111,ENV_ENTRY,0.07927532730936862,0
2026-05,2026-05-29,202605290102,ENV_ENTRY,0.26312364894253193,0
2026-05,2026-05-29,202605290104,ENV_ENTRY,0.29739171150991683,0
2026-05,2026-05-29,202605290708,ENV_ENTRY,0.29995727113455917,0
2026-05,2026-05-29,202605291807,ENV_ENTRY,0.22443602142496175,0
2026-05,2026-05-29,202605292404,ENV_ENTRY,0.1271888709800766,0
2026-05,2026-05-30,202605300102,ENV_ENTRY,0.22801411757373777,0
2026-05,2026-05-30,202605300104,ENV_ENTRY,0.208032257353795,0
2026-05,2026-05-30,202605300504,ENV_ENTRY,0.19372802642111148,0
2026-05,2026-05-30,202605300507,ENV_ENTRY,0.27405144311620916,0
2026-05,2026-05-30,202605300509,ENV_ENTRY,0.16780323360160201,0
2026-05,2026-05-30,202605301108,ENV_ENTRY,0.2048948197755307,1
2026-05,2026-05-31,202605310508,ENV_ENTRY,0.18718748121631507,0
2026-05,2026-05-31,202605310910,ENV_ENTRY,0.1914808702907947,0
2026-05,2026-05-31,202605311208,ENV_ENTRY,0.14210793768812627,1
2026-05,2026-05-31,202605311306,ENV_ENTRY,0.19642408324876234,0
2026-05,2026-05-31,202605311410,ENV_ENTRY,0.24464454213438414,0
2026-05,2026-05-31,202605312006,ENV_ENTRY,0.10330209212448839,0
2026-05,2026-05-31,202605312009,ENV_ENTRY,0.135755655582172,0
2026-05,2026-05-31,202605312304,ENV_ENTRY,0.3527938296356217,0
2026-05,2026-05-01,202605010108,ALL_SAFE_LINEAR,0.0064604479747960505,0
2026-05,2026-05-01,202605011103,ALL_SAFE_LINEAR,0.6716915548308021,0
2026-05,2026-05-01,202605011702,ALL_SAFE_LINEAR,0.44771849835415967,0
2026-05,2026-05-01,202605011707,ALL_SAFE_LINEAR,0.14341344918765772,0
2026-05,2026-05-01,202605012005,ALL_SAFE_LINEAR,0.042328871481523055,0
2026-05,2026-05-01,202605012009,ALL_SAFE_LINEAR,0.36945958700072,0
2026-05,2026-05-01,202605012306,ALL_SAFE_LINEAR,0.004877228676705789,0
2026-05,2026-05-02,202605020202,ALL_SAFE_LINEAR,0.019886808129138008,0
2026-05,2026-05-02,202605020211,ALL_SAFE_LINEAR,0.1768405537127895,1
2026-05,2026-05-02,202605020908,ALL_SAFE_LINEAR,0.29178745254761906,0
2026-05,2026-05-02,202605021004,ALL_SAFE_LINEAR,0.0028501202525088834,0
2026-05,2026-05-02,202605021103,ALL_SAFE_LINEAR,0.2591680632465083,1
2026-05,2026-05-02,202605021104,ALL_SAFE_LINEAR,0.015885479944608896,0
2026-05,2026-05-02,202605021911,ALL_SAFE_LINEAR,0.0852722949992476,0
2026-05,2026-05-02,202605022205,ALL_SAFE_LINEAR,0.27950671460314475,0
2026-05,2026-05-02,202605022307,ALL_SAFE_LINEAR,0.6061005666024777,0
2026-05,2026-05-03,202605030104,ALL_SAFE_LINEAR,0.06940055133664808,0
2026-05,2026-05-03,202605030105,ALL_SAFE_LINEAR,0.6746691786205948,0
2026-05,2026-05-03,202605030608,ALL_SAFE_LINEAR,0.11937078702361073,0
2026-05,2026-05-03,202605030708,ALL_SAFE_LINEAR,0.043459305553202515,0
2026-05,2026-05-03,202605030805,ALL_SAFE_LINEAR,0.2754493224908658,1
2026-05,2026-05-03,202605030811,ALL_SAFE_LINEAR,0.5595892798137613,0
2026-05,2026-05-03,202605031208,ALL_SAFE_LINEAR,0.7731756271601941,0
2026-05,2026-05-03,202605031702,ALL_SAFE_LINEAR,0.17054850761223184,0
2026-05,2026-05-03,202605032307,ALL_SAFE_LINEAR,0.5920868149719052,1
2026-05,2026-05-04,202605040202,ALL_SAFE_LINEAR,0.34684406724937683,0
2026-05,2026-05-04,202605040205,ALL_SAFE_LINEAR,0.26446517133368935,0
2026-05,2026-05-04,202605040403,ALL_SAFE_LINEAR,0.030356616662463736,0
2026-05,2026-05-04,202605040701,ALL_SAFE_LINEAR,0.13055980175446652,1
2026-05,2026-05-04,202605040705,ALL_SAFE_LINEAR,0.07467548811167522,1
2026-05,2026-05-04,202605040802,ALL_SAFE_LINEAR,0.08476911052588132,1
2026-05,2026-05-04,202605040805,ALL_SAFE_LINEAR,0.08942998419825149,1
2026-05,2026-05-04,202605040904,ALL_SAFE_LINEAR,0.12883426582847737,0
2026-05,2026-05-04,202605041307,ALL_SAFE_LINEAR,0.2150145994195153,0
2026-05,2026-05-04,202605041410,ALL_SAFE_LINEAR,0.1572673436796185,1
2026-05,2026-05-04,202605041707,ALL_SAFE_LINEAR,0.015125181171803344,0
2026-05,2026-05-04,202605042009,ALL_SAFE_LINEAR,0.14351800334938303,0
2026-05,2026-05-05,202605050109,ALL_SAFE_LINEAR,0.011843025345311682,0
2026-05,2026-05-05,202605050202,ALL_SAFE_LINEAR,0.6198773707784612,0
2026-05,2026-05-05,202605050203,ALL_SAFE_LINEAR,0.6397022920004728,1
2026-05,2026-05-05,202605050205,ALL_SAFE_LINEAR,0.16636584470557678,0
2026-05,2026-05-05,202605050702,ALL_SAFE_LINEAR,0.36656859601612574,1
2026-05,2026-05-05,202605050811,ALL_SAFE_LINEAR,0.5705937238824829,0
2026-05,2026-05-05,202605050904,ALL_SAFE_LINEAR,0.07988487854773475,0
2026-05,2026-05-05,202605051303,ALL_SAFE_LINEAR,0.04217968257351814,0
2026-05,2026-05-05,202605051306,ALL_SAFE_LINEAR,0.04956746853315363,0
2026-05,2026-05-05,202605051602,ALL_SAFE_LINEAR,0.6851953398542137,0
2026-05,2026-05-06,202605060505,ALL_SAFE_LINEAR,0.1253738620370803,0
2026-05,2026-05-06,202605060709,ALL_SAFE_LINEAR,0.0013556018206259861,0
2026-05,2026-05-06,202605061105,ALL_SAFE_LINEAR,0.3039437349317401,1
2026-05,2026-05-06,202605061303,ALL_SAFE_LINEAR,0.04060205784068869,0
2026-05,2026-05-06,202605061611,ALL_SAFE_LINEAR,0.025761385901015305,0
2026-05,2026-05-07,202605070504,ALL_SAFE_LINEAR,0.5630793071649717,0
2026-05,2026-05-07,202605070512,ALL_SAFE_LINEAR,0.0010350952091084382,0
2026-05,2026-05-07,202605070805,ALL_SAFE_LINEAR,0.4935148947480425,0
2026-05,2026-05-07,202605070808,ALL_SAFE_LINEAR,0.3325389880509722,0
2026-05,2026-05-07,202605071306,ALL_SAFE_LINEAR,0.045676277689506314,0
2026-05,2026-05-07,202605072406,ALL_SAFE_LINEAR,0.09608581046784341,1
2026-05,2026-05-08,202605080807,ALL_SAFE_LINEAR,0.24287827417040345,0
2026-05,2026-05-09,202605091105,ALL_SAFE_LINEAR,0.022929351105529162,0
2026-05,2026-05-09,202605091410,ALL_SAFE_LINEAR,0.009188080729135998,1
2026-05,2026-05-09,202605091805,ALL_SAFE_LINEAR,0.8194626946829867,0
2026-05,2026-05-10,202605101604,ALL_SAFE_LINEAR,0.9383585892563829,0
2026-05,2026-05-10,202605102010,ALL_SAFE_LINEAR,0.26770732846625733,0
2026-05,2026-05-11,202605110502,ALL_SAFE_LINEAR,0.12725316713553878,0
2026-05,2026-05-11,202605110811,ALL_SAFE_LINEAR,0.05061278261027776,1
2026-05,2026-05-11,202605111110,ALL_SAFE_LINEAR,0.6158094624628888,1
2026-05,2026-05-11,202605111606,ALL_SAFE_LINEAR,0.3825796693025409,1
2026-05,2026-05-11,202605112204,ALL_SAFE_LINEAR,0.1845918918855235,0
2026-05,2026-05-11,202605112210,ALL_SAFE_LINEAR,0.03497349193357867,0
2026-05,2026-05-11,202605112308,ALL_SAFE_LINEAR,0.38035425656573185,1
2026-05,2026-05-12,202605120710,ALL_SAFE_LINEAR,0.0423945481660433,0
2026-05,2026-05-12,202605121802,ALL_SAFE_LINEAR,0.26039824341554413,0
2026-05,2026-05-12,202605122005,ALL_SAFE_LINEAR,0.027098086114678902,0
2026-05,2026-05-13,202605130406,ALL_SAFE_LINEAR,0.13913056125187243,1
2026-05,2026-05-13,202605130408,ALL_SAFE_LINEAR,0.31368638445691605,1
2026-05,2026-05-13,202605130812,ALL_SAFE_LINEAR,0.05041321597158845,0
2026-05,2026-05-13,202605131209,ALL_SAFE_LINEAR,0.042508472249479894,0
2026-05,2026-05-13,202605132202,ALL_SAFE_LINEAR,0.12953804518169212,0
2026-05,2026-05-13,202605132210,ALL_SAFE_LINEAR,0.010444300938959884,0
2026-05,2026-05-14,202605140205,ALL_SAFE_LINEAR,0.028514050013575917,0
2026-05,2026-05-14,202605140408,ALL_SAFE_LINEAR,0.07481471240402082,0
2026-05,2026-05-14,202605141910,ALL_SAFE_LINEAR,0.009206326333115323,0
2026-05,2026-05-15,202605151308,ALL_SAFE_LINEAR,0.03493584640865033,0
2026-05,2026-05-15,202605151604,ALL_SAFE_LINEAR,0.35006158055170217,0
2026-05,2026-05-15,202605151911,ALL_SAFE_LINEAR,0.1760194630549996,0
2026-05,2026-05-16,202605160205,ALL_SAFE_LINEAR,0.2385675595824757,0
2026-05,2026-05-16,202605160411,ALL_SAFE_LINEAR,0.005563612469175755,0
2026-05,2026-05-16,202605160603,ALL_SAFE_LINEAR,0.010426996847007233,1
2026-05,2026-05-16,202605161706,ALL_SAFE_LINEAR,0.0007445260459863175,0
2026-05,2026-05-16,202605161910,ALL_SAFE_LINEAR,0.30928469628390204,0
2026-05,2026-05-16,202605162006,ALL_SAFE_LINEAR,0.026508191832868344,0
2026-05,2026-05-17,202605170608,ALL_SAFE_LINEAR,0.777757918334552,0
2026-05,2026-05-17,202605171007,ALL_SAFE_LINEAR,0.2137783257818749,0
2026-05,2026-05-17,202605172011,ALL_SAFE_LINEAR,0.2818655721360269,0
2026-05,2026-05-17,202605172111,ALL_SAFE_LINEAR,0.03813229098719944,0
2026-05,2026-05-18,202605180207,ALL_SAFE_LINEAR,0.08887323902671035,0
2026-05,2026-05-18,202605180612,ALL_SAFE_LINEAR,0.0785046580965739,0
2026-05,2026-05-18,202605181406,ALL_SAFE_LINEAR,0.2524112520979107,1
2026-05,2026-05-18,202605181907,ALL_SAFE_LINEAR,0.6591450943795473,0
2026-05,2026-05-18,202605182003,ALL_SAFE_LINEAR,0.017989547253363502,0
2026-05,2026-05-18,202605182004,ALL_SAFE_LINEAR,0.23492649366721272,0
2026-05,2026-05-19,202605190206,ALL_SAFE_LINEAR,0.047585165163476176,0
2026-05,2026-05-19,202605191406,ALL_SAFE_LINEAR,0.02242173969447485,1
2026-05,2026-05-19,202605191809,ALL_SAFE_LINEAR,0.3087030656651817,0
2026-05,2026-05-19,202605191811,ALL_SAFE_LINEAR,0.09364465123081069,0
2026-05,2026-05-20,202605200506,ALL_SAFE_LINEAR,0.4469514029686771,0
2026-05,2026-05-20,202605201405,ALL_SAFE_LINEAR,0.28696329322967346,1
2026-05,2026-05-20,202605201505,ALL_SAFE_LINEAR,0.28783743374735116,1
2026-05,2026-05-20,202605202002,ALL_SAFE_LINEAR,0.37799355691418757,0
2026-05,2026-05-21,202605210511,ALL_SAFE_LINEAR,0.10216871663850652,0
2026-05,2026-05-21,202605210811,ALL_SAFE_LINEAR,0.05041263961682958,0
2026-05,2026-05-21,202605210908,ALL_SAFE_LINEAR,0.017571228299197425,0
2026-05,2026-05-21,202605211905,ALL_SAFE_LINEAR,0.07344212752729233,1
2026-05,2026-05-22,202605221102,ALL_SAFE_LINEAR,0.009686352900335806,0
2026-05,2026-05-23,202605231101,ALL_SAFE_LINEAR,0.014324884772402723,0
2026-05,2026-05-23,202605231808,ALL_SAFE_LINEAR,0.2345538274470265,1
2026-05,2026-05-24,202605241910,ALL_SAFE_LINEAR,0.007686679247478757,1
2026-05,2026-05-24,202605242305,ALL_SAFE_LINEAR,0.4423007617030453,0
2026-05,2026-05-24,202605242411,ALL_SAFE_LINEAR,0.030173625778299348,1
2026-05,2026-05-25,202605251307,ALL_SAFE_LINEAR,0.32297672808288197,0
2026-05,2026-05-25,202605251704,ALL_SAFE_LINEAR,0.8448065272200724,0
2026-05,2026-05-25,202605252408,ALL_SAFE_LINEAR,0.6339122861186913,1
2026-05,2026-05-26,202605261206,ALL_SAFE_LINEAR,0.17745200644593553,1
2026-05,2026-05-26,202605261705,ALL_SAFE_LINEAR,0.2651326183908911,0
2026-05,2026-05-27,202605270611,ALL_SAFE_LINEAR,0.7765897046084135,0
2026-05,2026-05-27,202605270807,ALL_SAFE_LINEAR,0.03599148297935451,1
2026-05,2026-05-27,202605270810,ALL_SAFE_LINEAR,0.049381535663715025,1
2026-05,2026-05-27,202605271005,ALL_SAFE_LINEAR,0.0022266113971207355,0
2026-05,2026-05-27,202605271204,ALL_SAFE_LINEAR,0.4598958971925522,0
2026-05,2026-05-28,202605280204,ALL_SAFE_LINEAR,0.8126478177127059,0
2026-05,2026-05-28,202605280710,ALL_SAFE_LINEAR,0.0019407221324674428,0
2026-05,2026-05-28,202605281004,ALL_SAFE_LINEAR,0.40782182072565815,0
2026-05,2026-05-28,202605281008,ALL_SAFE_LINEAR,0.3790754161717158,1
2026-05,2026-05-28,202605281810,ALL_SAFE_LINEAR,0.45766718846619586,0
2026-05,2026-05-28,202605282111,ALL_SAFE_LINEAR,0.011739034938443941,0
2026-05,2026-05-29,202605290102,ALL_SAFE_LINEAR,0.15254270373568066,0
2026-05,2026-05-29,202605290104,ALL_SAFE_LINEAR,0.022332188443101312,0
2026-05,2026-05-29,202605290708,ALL_SAFE_LINEAR,0.054406132011026544,0
2026-05,2026-05-29,202605291807,ALL_SAFE_LINEAR,0.814149423203379,0
2026-05,2026-05-29,202605292404,ALL_SAFE_LINEAR,0.008349484049175104,0
2026-05,2026-05-30,202605300102,ALL_SAFE_LINEAR,0.15777109148509655,0
2026-05,2026-05-30,202605300104,ALL_SAFE_LINEAR,0.2705005789231199,0
2026-05,2026-05-30,202605300504,ALL_SAFE_LINEAR,0.06337530182233216,0
2026-05,2026-05-30,202605300507,ALL_SAFE_LINEAR,0.503467808413967,0
2026-05,2026-05-30,202605300509,ALL_SAFE_LINEAR,0.23633352470841834,0
2026-05,2026-05-30,202605301108,ALL_SAFE_LINEAR,0.034646379195817596,1
2026-05,2026-05-31,202605310508,ALL_SAFE_LINEAR,0.0015141687086567355,0
2026-05,2026-05-31,202605310910,ALL_SAFE_LINEAR,0.05310001143690248,0
2026-05,2026-05-31,202605311208,ALL_SAFE_LINEAR,0.16091009044648913,1
2026-05,2026-05-31,202605311306,ALL_SAFE_LINEAR,0.11808760007436034,0
2026-05,2026-05-31,202605311410,ALL_SAFE_LINEAR,0.0383479292798084,0
2026-05,2026-05-31,202605312006,ALL_SAFE_LINEAR,0.007791517731949306,0
2026-05,2026-05-31,202605312009,ALL_SAFE_LINEAR,0.05964138481914317,0
2026-05,2026-05-31,202605312304,ALL_SAFE_LINEAR,0.2727447548400865,0
2026-05,2026-05-01,202605010108,ALL_SAFE_HGB,0.021904287744670032,0
2026-05,2026-05-01,202605011103,ALL_SAFE_HGB,0.11081072306759748,0
2026-05,2026-05-01,202605011702,ALL_SAFE_HGB,0.08763017890135709,0
2026-05,2026-05-01,202605011707,ALL_SAFE_HGB,0.06394618606987923,0
2026-05,2026-05-01,202605012005,ALL_SAFE_HGB,0.03827214075089501,0
2026-05,2026-05-01,202605012009,ALL_SAFE_HGB,0.07131009463005879,0
2026-05,2026-05-01,202605012306,ALL_SAFE_HGB,0.014058035407355769,0
2026-05,2026-05-02,202605020202,ALL_SAFE_HGB,0.018654765420360157,0
2026-05,2026-05-02,202605020211,ALL_SAFE_HGB,0.1394945055470602,1
2026-05,2026-05-02,202605020908,ALL_SAFE_HGB,0.1862317045002472,0
2026-05,2026-05-02,202605021004,ALL_SAFE_HGB,0.052357387776876416,0
2026-05,2026-05-02,202605021103,ALL_SAFE_HGB,0.20094577185527984,1
2026-05,2026-05-02,202605021104,ALL_SAFE_HGB,0.03068492229765531,0
2026-05,2026-05-02,202605021911,ALL_SAFE_HGB,0.033875383537724256,0
2026-05,2026-05-02,202605022205,ALL_SAFE_HGB,0.0374072513770569,0
2026-05,2026-05-02,202605022307,ALL_SAFE_HGB,0.2867437997605436,0
2026-05,2026-05-03,202605030104,ALL_SAFE_HGB,0.29407414027036005,0
2026-05,2026-05-03,202605030105,ALL_SAFE_HGB,0.23296865309407933,0
2026-05,2026-05-03,202605030608,ALL_SAFE_HGB,0.19719110322117306,0
2026-05,2026-05-03,202605030708,ALL_SAFE_HGB,0.09224043009763776,0
2026-05,2026-05-03,202605030805,ALL_SAFE_HGB,0.17023870183085354,1
2026-05,2026-05-03,202605030811,ALL_SAFE_HGB,0.11449870587135431,0
2026-05,2026-05-03,202605031208,ALL_SAFE_HGB,0.3061556908340927,0
2026-05,2026-05-03,202605031702,ALL_SAFE_HGB,0.19585817100231598,0
2026-05,2026-05-03,202605032307,ALL_SAFE_HGB,0.30134665975091784,1
2026-05,2026-05-04,202605040202,ALL_SAFE_HGB,0.5265104497678116,0
2026-05,2026-05-04,202605040205,ALL_SAFE_HGB,0.0489462872288477,0
2026-05,2026-05-04,202605040403,ALL_SAFE_HGB,0.1348504031627899,0
2026-05,2026-05-04,202605040701,ALL_SAFE_HGB,0.06937729451988862,1
2026-05,2026-05-04,202605040705,ALL_SAFE_HGB,0.06079806185461486,1
2026-05,2026-05-04,202605040802,ALL_SAFE_HGB,0.18159598899815876,1
2026-05,2026-05-04,202605040805,ALL_SAFE_HGB,0.050443675072437036,1
2026-05,2026-05-04,202605040904,ALL_SAFE_HGB,0.2504941183859626,0
2026-05,2026-05-04,202605041307,ALL_SAFE_HGB,0.023914329125063655,0
2026-05,2026-05-04,202605041410,ALL_SAFE_HGB,0.39029613095502874,1
2026-05,2026-05-04,202605041707,ALL_SAFE_HGB,0.19947257542381805,0
2026-05,2026-05-04,202605042009,ALL_SAFE_HGB,0.1077772616430123,0
2026-05,2026-05-05,202605050109,ALL_SAFE_HGB,0.007400266755095911,0
2026-05,2026-05-05,202605050202,ALL_SAFE_HGB,0.4184694458854811,0
2026-05,2026-05-05,202605050203,ALL_SAFE_HGB,0.23183451797877644,1
2026-05,2026-05-05,202605050205,ALL_SAFE_HGB,0.06478537619267766,0
2026-05,2026-05-05,202605050702,ALL_SAFE_HGB,0.19461911608799043,1
2026-05,2026-05-05,202605050811,ALL_SAFE_HGB,0.14006524011270835,0
2026-05,2026-05-05,202605050904,ALL_SAFE_HGB,0.1103476633873662,0
2026-05,2026-05-05,202605051303,ALL_SAFE_HGB,0.06327942004732814,0
2026-05,2026-05-05,202605051306,ALL_SAFE_HGB,0.2028090264212145,0
2026-05,2026-05-05,202605051602,ALL_SAFE_HGB,0.12364218019559932,0
2026-05,2026-05-06,202605060505,ALL_SAFE_HGB,0.04931568451367812,0
2026-05,2026-05-06,202605060709,ALL_SAFE_HGB,0.03189250930500886,0
2026-05,2026-05-06,202605061105,ALL_SAFE_HGB,0.36876088213193975,1
2026-05,2026-05-06,202605061303,ALL_SAFE_HGB,0.05606383522807841,0
2026-05,2026-05-06,202605061611,ALL_SAFE_HGB,0.024049360419442695,0
2026-05,2026-05-07,202605070504,ALL_SAFE_HGB,0.4344047973293202,0
2026-05,2026-05-07,202605070512,ALL_SAFE_HGB,0.03563790963931261,0
2026-05,2026-05-07,202605070805,ALL_SAFE_HGB,0.19337071499060812,0
2026-05,2026-05-07,202605070808,ALL_SAFE_HGB,0.4599437737537722,0
2026-05,2026-05-07,202605071306,ALL_SAFE_HGB,0.021647800511017955,0
2026-05,2026-05-07,202605072406,ALL_SAFE_HGB,0.21247567056859515,1
2026-05,2026-05-08,202605080807,ALL_SAFE_HGB,0.24002323746037585,0
2026-05,2026-05-09,202605091105,ALL_SAFE_HGB,0.20610605782048957,0
2026-05,2026-05-09,202605091410,ALL_SAFE_HGB,0.028134321399572303,1
2026-05,2026-05-09,202605091805,ALL_SAFE_HGB,0.5298610488790555,0
2026-05,2026-05-10,202605101604,ALL_SAFE_HGB,0.0625820217570625,0
2026-05,2026-05-10,202605102010,ALL_SAFE_HGB,0.38631346043090675,0
2026-05,2026-05-11,202605110502,ALL_SAFE_HGB,0.24462827773755194,0
2026-05,2026-05-11,202605110811,ALL_SAFE_HGB,0.12507466739273468,1
2026-05,2026-05-11,202605111110,ALL_SAFE_HGB,0.515707923345354,1
2026-05,2026-05-11,202605111606,ALL_SAFE_HGB,0.16559303964362673,1
2026-05,2026-05-11,202605112204,ALL_SAFE_HGB,0.049667193347254356,0
2026-05,2026-05-11,202605112210,ALL_SAFE_HGB,0.016966263082250188,0
2026-05,2026-05-11,202605112308,ALL_SAFE_HGB,0.35523627420966913,1
2026-05,2026-05-12,202605120710,ALL_SAFE_HGB,0.31610852074428175,0
2026-05,2026-05-12,202605121802,ALL_SAFE_HGB,0.23105703008702555,0
2026-05,2026-05-12,202605122005,ALL_SAFE_HGB,0.04341939469767814,0
2026-05,2026-05-13,202605130406,ALL_SAFE_HGB,0.14257510440851873,1
2026-05,2026-05-13,202605130408,ALL_SAFE_HGB,0.4446297564030811,1
2026-05,2026-05-13,202605130812,ALL_SAFE_HGB,0.028102630118744053,0
2026-05,2026-05-13,202605131209,ALL_SAFE_HGB,0.03322656410646519,0
2026-05,2026-05-13,202605132202,ALL_SAFE_HGB,0.13140676816256694,0
2026-05,2026-05-13,202605132210,ALL_SAFE_HGB,0.049150331535620255,0
2026-05,2026-05-14,202605140205,ALL_SAFE_HGB,0.034977678341382594,0
2026-05,2026-05-14,202605140408,ALL_SAFE_HGB,0.35663789639030863,0
2026-05,2026-05-14,202605141910,ALL_SAFE_HGB,0.09570430268615637,0
2026-05,2026-05-15,202605151308,ALL_SAFE_HGB,0.11125350856905335,0
2026-05,2026-05-15,202605151604,ALL_SAFE_HGB,0.11351345791150061,0
2026-05,2026-05-15,202605151911,ALL_SAFE_HGB,0.16229464997226234,0
2026-05,2026-05-16,202605160205,ALL_SAFE_HGB,0.07564444733096264,0
2026-05,2026-05-16,202605160411,ALL_SAFE_HGB,0.05050757745057386,0
2026-05,2026-05-16,202605160603,ALL_SAFE_HGB,0.032395113512349784,1
2026-05,2026-05-16,202605161706,ALL_SAFE_HGB,0.10089626691135051,0
2026-05,2026-05-16,202605161910,ALL_SAFE_HGB,0.04821352608917839,0
2026-05,2026-05-16,202605162006,ALL_SAFE_HGB,0.07765469463987554,0
2026-05,2026-05-17,202605170608,ALL_SAFE_HGB,0.2892144758996999,0
2026-05,2026-05-17,202605171007,ALL_SAFE_HGB,0.1832026939068054,0
2026-05,2026-05-17,202605172011,ALL_SAFE_HGB,0.48649287700143473,0
2026-05,2026-05-17,202605172111,ALL_SAFE_HGB,0.04474310934311163,0
2026-05,2026-05-18,202605180207,ALL_SAFE_HGB,0.043470283032347075,0
2026-05,2026-05-18,202605180612,ALL_SAFE_HGB,0.08699039062938214,0
2026-05,2026-05-18,202605181406,ALL_SAFE_HGB,0.19308188512025298,1
2026-05,2026-05-18,202605181907,ALL_SAFE_HGB,0.27513865369725277,0
2026-05,2026-05-18,202605182003,ALL_SAFE_HGB,0.0710292876305767,0
2026-05,2026-05-18,202605182004,ALL_SAFE_HGB,0.16539927427910717,0
2026-05,2026-05-19,202605190206,ALL_SAFE_HGB,0.057367335745024964,0
2026-05,2026-05-19,202605191406,ALL_SAFE_HGB,0.310285415348574,1
2026-05,2026-05-19,202605191809,ALL_SAFE_HGB,0.09799611332014954,0
2026-05,2026-05-19,202605191811,ALL_SAFE_HGB,0.07765825123171122,0
2026-05,2026-05-20,202605200506,ALL_SAFE_HGB,0.03087951686641423,0
2026-05,2026-05-20,202605201405,ALL_SAFE_HGB,0.049951233567291344,1
2026-05,2026-05-20,202605201505,ALL_SAFE_HGB,0.10596265064209198,1
2026-05,2026-05-20,202605202002,ALL_SAFE_HGB,0.6787989946587506,0
2026-05,2026-05-21,202605210511,ALL_SAFE_HGB,0.12282042147835269,0
2026-05,2026-05-21,202605210811,ALL_SAFE_HGB,0.1014224446114736,0
2026-05,2026-05-21,202605210908,ALL_SAFE_HGB,0.0649114484252058,0
2026-05,2026-05-21,202605211905,ALL_SAFE_HGB,0.20904534493278223,1
2026-05,2026-05-22,202605221102,ALL_SAFE_HGB,0.10570200535312653,0
2026-05,2026-05-23,202605231101,ALL_SAFE_HGB,0.13003051623657313,0
2026-05,2026-05-23,202605231808,ALL_SAFE_HGB,0.31032357472368455,1
2026-05,2026-05-24,202605241910,ALL_SAFE_HGB,0.0182553651934067,1
2026-05,2026-05-24,202605242305,ALL_SAFE_HGB,0.13967808188815378,0
2026-05,2026-05-24,202605242411,ALL_SAFE_HGB,0.10197281177775448,1
2026-05,2026-05-25,202605251307,ALL_SAFE_HGB,0.16277148569413136,0
2026-05,2026-05-25,202605251704,ALL_SAFE_HGB,0.23971640746891534,0
2026-05,2026-05-25,202605252408,ALL_SAFE_HGB,0.05721794998717853,1
2026-05,2026-05-26,202605261206,ALL_SAFE_HGB,0.08946502826320164,1
2026-05,2026-05-26,202605261705,ALL_SAFE_HGB,0.13940113967190076,0
2026-05,2026-05-27,202605270611,ALL_SAFE_HGB,0.1540383083374149,0
2026-05,2026-05-27,202605270807,ALL_SAFE_HGB,0.08142263918701098,1
2026-05,2026-05-27,202605270810,ALL_SAFE_HGB,0.03249642398698682,1
2026-05,2026-05-27,202605271005,ALL_SAFE_HGB,0.027382035264709816,0
2026-05,2026-05-27,202605271204,ALL_SAFE_HGB,0.3489555806126737,0
2026-05,2026-05-28,202605280204,ALL_SAFE_HGB,0.40588813928200146,0
2026-05,2026-05-28,202605280710,ALL_SAFE_HGB,0.02490955365816712,0
2026-05,2026-05-28,202605281004,ALL_SAFE_HGB,0.13165472348032953,0
2026-05,2026-05-28,202605281008,ALL_SAFE_HGB,0.3714069164586418,1
2026-05,2026-05-28,202605281810,ALL_SAFE_HGB,0.27976679579460834,0
2026-05,2026-05-28,202605282111,ALL_SAFE_HGB,0.04677748840795158,0
2026-05,2026-05-29,202605290102,ALL_SAFE_HGB,0.05245263813011677,0
2026-05,2026-05-29,202605290104,ALL_SAFE_HGB,0.35051594305745754,0
2026-05,2026-05-29,202605290708,ALL_SAFE_HGB,0.022644460231405972,0
2026-05,2026-05-29,202605291807,ALL_SAFE_HGB,0.4586377159609336,0
2026-05,2026-05-29,202605292404,ALL_SAFE_HGB,0.13267415224909324,0
2026-05,2026-05-30,202605300102,ALL_SAFE_HGB,0.07715315906771374,0
2026-05,2026-05-30,202605300104,ALL_SAFE_HGB,0.15108643654678944,0
2026-05,2026-05-30,202605300504,ALL_SAFE_HGB,0.04924820406690036,0
2026-05,2026-05-30,202605300507,ALL_SAFE_HGB,0.05850000553022255,0
2026-05,2026-05-30,202605300509,ALL_SAFE_HGB,0.04791244200507157,0
2026-05,2026-05-30,202605301108,ALL_SAFE_HGB,0.08669935584099005,1
2026-05,2026-05-31,202605310508,ALL_SAFE_HGB,0.05778920811019691,0
2026-05,2026-05-31,202605310910,ALL_SAFE_HGB,0.026955083456449244,0
2026-05,2026-05-31,202605311208,ALL_SAFE_HGB,0.05978870384907988,1
2026-05,2026-05-31,202605311306,ALL_SAFE_HGB,0.13817451212546844,0
2026-05,2026-05-31,202605311410,ALL_SAFE_HGB,0.28417356947140265,0
2026-05,2026-05-31,202605312006,ALL_SAFE_HGB,0.04897108166038294,0
2026-05,2026-05-31,202605312009,ALL_SAFE_HGB,0.04023288968090928,0
2026-05,2026-05-31,202605312304,ALL_SAFE_HGB,0.5209592774579439,0
2026-06,2026-06-01,202606010506,BASE_P4,0.38974367167814167,0
2026-06,2026-06-01,202606010803,BASE_P4,0.3010599110268232,0
2026-06,2026-06-01,202606010807,BASE_P4,0.20515004414770865,0
2026-06,2026-06-01,202606010809,BASE_P4,0.1528490699063466,0
2026-06,2026-06-01,202606010906,BASE_P4,0.1557433571345524,0
2026-06,2026-06-01,202606012011,BASE_P4,0.22206255541637454,0
2026-06,2026-06-01,202606012402,BASE_P4,0.34231679898178285,0
2026-06,2026-06-02,202606020906,BASE_P4,0.31833346894050296,0
2026-06,2026-06-02,202606021007,BASE_P4,0.2479962296016039,1
2026-06,2026-06-02,202606021305,BASE_P4,0.1335990558774968,0
2026-06,2026-06-02,202606022010,BASE_P4,0.1638240408735665,0
2026-06,2026-06-02,202606022307,BASE_P4,0.40957146999770383,0
2026-06,2026-06-02,202606022412,BASE_P4,0.16560832963367658,0
2026-06,2026-06-03,202606030503,BASE_P4,0.18315404165541613,0
2026-06,2026-06-03,202606031203,BASE_P4,0.16907754539381856,0
2026-06,2026-06-03,202606031209,BASE_P4,0.15737663444354144,0
2026-06,2026-06-03,202606032109,BASE_P4,0.26719607931422146,0
2026-06,2026-06-03,202606032412,BASE_P4,0.16568168528028496,0
2026-06,2026-06-04,202606040305,BASE_P4,0.2792796591354359,1
2026-06,2026-06-04,202606040506,BASE_P4,0.45760609219944837,1
2026-06,2026-06-04,202606040907,BASE_P4,0.2572807744711441,0
2026-06,2026-06-04,202606041307,BASE_P4,0.19371285658129217,1
2026-06,2026-06-04,202606041908,BASE_P4,0.1988350182368372,0
2026-06,2026-06-05,202606050305,BASE_P4,0.32827286158433183,0
2026-06,2026-06-05,202606051306,BASE_P4,0.1502003115118028,0
2026-06,2026-06-05,202606051804,BASE_P4,0.13395102958406918,0
2026-06,2026-06-06,202606060702,BASE_P4,0.2490823003739369,1
2026-06,2026-06-06,202606060703,BASE_P4,0.2462179581902174,0
2026-06,2026-06-06,202606060802,BASE_P4,0.24790168260490048,0
2026-06,2026-06-06,202606061506,BASE_P4,0.16796505031686554,0
2026-06,2026-06-06,202606061507,BASE_P4,0.17491054008752327,0
2026-06,2026-06-07,202606070708,BASE_P4,0.12263124953618708,0
2026-06,2026-06-07,202606070908,BASE_P4,0.21479370674055195,1
2026-06,2026-06-07,202606071005,BASE_P4,0.27975221082720136,0
2026-06,2026-06-07,202606072408,BASE_P4,0.21210316193417858,0
2026-06,2026-06-08,202606080510,BASE_P4,0.2821926393847592,0
2026-06,2026-06-08,202606080910,BASE_P4,0.3560693695390476,1
2026-06,2026-06-10,202606100112,BASE_P4,0.16901233313051842,0
2026-06,2026-06-10,202606100606,BASE_P4,0.21922164464284177,0
2026-06,2026-06-10,202606100903,BASE_P4,0.23975546215851004,1
2026-06,2026-06-12,202606121108,BASE_P4,0.2169884990236218,0
2026-06,2026-06-12,202606121901,BASE_P4,0.22857764950822107,0
2026-06,2026-06-12,202606122306,BASE_P4,0.22800683009083644,1
2026-06,2026-06-13,202606130312,BASE_P4,0.1417348017025056,1
2026-06,2026-06-13,202606130609,BASE_P4,0.28986872736168295,0
2026-06,2026-06-13,202606130702,BASE_P4,0.27994604892458314,1
2026-06,2026-06-13,202606130707,BASE_P4,0.21362268268103196,0
2026-06,2026-06-13,202606132007,BASE_P4,0.13587012751335714,0
2026-06,2026-06-13,202606132204,BASE_P4,0.24384162257146785,1
2026-06,2026-06-13,202606132307,BASE_P4,0.3067439074141126,0
2026-06,2026-06-14,202606140105,BASE_P4,0.22834806068081379,1
2026-06,2026-06-14,202606141005,BASE_P4,0.22611690071853038,0
2026-06,2026-06-14,202606142007,BASE_P4,0.16712180805649748,0
2026-06,2026-06-14,202606142208,BASE_P4,0.2202069378170897,0
2026-06,2026-06-15,202606150310,BASE_P4,0.4009805817592072,0
2026-06,2026-06-15,202606151208,BASE_P4,0.32777835919700965,0
2026-06,2026-06-15,202606151605,BASE_P4,0.1979191878154361,0
2026-06,2026-06-16,202606161202,BASE_P4,0.13065404098346875,1
2026-06,2026-06-18,202606180205,BASE_P4,0.31740527473655283,0
2026-06,2026-06-18,202606180208,BASE_P4,0.18228520107826057,0
2026-06,2026-06-18,202606180510,BASE_P4,0.1877701540538988,0
2026-06,2026-06-18,202606180512,BASE_P4,0.1749076664656424,0
2026-06,2026-06-18,202606180906,BASE_P4,0.18320573953167885,0
2026-06,2026-06-18,202606180909,BASE_P4,0.20334575684474693,0
2026-06,2026-06-18,202606181306,BASE_P4,0.21791250951524624,0
2026-06,2026-06-18,202606182107,BASE_P4,0.24258684885136284,0
2026-06,2026-06-19,202606190903,BASE_P4,0.3399015697556624,0
2026-06,2026-06-19,202606192007,BASE_P4,0.3089894404648791,1
2026-06,2026-06-19,202606192105,BASE_P4,0.15890287023918415,1
2026-06,2026-06-19,202606192107,BASE_P4,0.20730180758261754,0
2026-06,2026-06-20,202606200408,BASE_P4,0.276743044757204,0
2026-06,2026-06-20,202606200410,BASE_P4,0.2486837619290059,0
2026-06,2026-06-20,202606200607,BASE_P4,0.1407759756235796,0
2026-06,2026-06-20,202606200608,BASE_P4,0.28913329726102766,1
2026-06,2026-06-20,202606200903,BASE_P4,0.29641805188195025,0
2026-06,2026-06-20,202606201709,BASE_P4,0.22678011474540824,1
2026-06,2026-06-20,202606202108,BASE_P4,0.22773869876361383,0
2026-06,2026-06-21,202606210401,BASE_P4,0.1403735754608177,0
2026-06,2026-06-21,202606210608,BASE_P4,0.21128937427670152,0
2026-06,2026-06-21,202606210906,BASE_P4,0.24773429626430526,1
2026-06,2026-06-21,202606211012,BASE_P4,0.1532808915329598,0
2026-06,2026-06-22,202606220604,BASE_P4,0.1494082255238217,0
2026-06,2026-06-22,202606220812,BASE_P4,0.1909295295104468,0
2026-06,2026-06-22,202606221310,BASE_P4,0.29588537900279915,0
2026-06,2026-06-22,202606222204,BASE_P4,0.1957270672524696,0
2026-06,2026-06-22,202606222306,BASE_P4,0.3260662181090276,0
2026-06,2026-06-23,202606230808,BASE_P4,0.14001141746982512,0
2026-06,2026-06-23,202606231004,BASE_P4,0.21184674556511354,1
2026-06,2026-06-23,202606232303,BASE_P4,0.20852032001931292,0
2026-06,2026-06-24,202606240605,BASE_P4,0.21910865269355742,1
2026-06,2026-06-24,202606240804,BASE_P4,0.16886644781680807,0
2026-06,2026-06-24,202606240911,BASE_P4,0.19632746583669322,0
2026-06,2026-06-24,202606241207,BASE_P4,0.3005199092078919,1
2026-06,2026-06-24,202606241210,BASE_P4,0.19868931702112608,0
2026-06,2026-06-24,202606242309,BASE_P4,0.18563634043030322,1
2026-06,2026-06-25,202606250310,BASE_P4,0.1510622213088078,0
2026-06,2026-06-25,202606250409,BASE_P4,0.14991898352605093,0
2026-06,2026-06-25,202606252102,BASE_P4,0.34256729692700333,0
2026-06,2026-06-25,202606252106,BASE_P4,0.19594661894073953,1
2026-06,2026-06-26,202606260304,BASE_P4,0.4033195928434847,0
2026-06,2026-06-26,202606260410,BASE_P4,0.27326922203106907,0
2026-06,2026-06-26,202606260705,BASE_P4,0.41519269028259487,1
2026-06,2026-06-26,202606261709,BASE_P4,0.2468777980080324,0
2026-06,2026-06-26,202606261803,BASE_P4,0.26699048877023174,0
2026-06,2026-06-27,202606270912,BASE_P4,0.21289995351128316,0
2026-06,2026-06-28,202606280204,BASE_P4,0.17523864845535547,0
2026-06,2026-06-28,202606280205,BASE_P4,0.21859458258252426,0
2026-06,2026-06-28,202606280405,BASE_P4,0.2670991424878793,0
2026-06,2026-06-28,202606280508,BASE_P4,0.25918626231931835,0
2026-06,2026-06-28,202606281006,BASE_P4,0.14745412108236208,0
2026-06,2026-06-28,202606281008,BASE_P4,0.30097688761338626,0
2026-06,2026-06-28,202606281803,BASE_P4,0.21313565401541787,0
2026-06,2026-06-28,202606282005,BASE_P4,0.1566418789491216,1
2026-06,2026-06-28,202606282407,BASE_P4,0.21964076218849388,0
2026-06,2026-06-29,202606290212,BASE_P4,0.1544604045395833,0
2026-06,2026-06-29,202606290301,BASE_P4,0.16678748686735095,0
2026-06,2026-06-29,202606290310,BASE_P4,0.16202395727438992,1
2026-06,2026-06-29,202606290806,BASE_P4,0.32151323688275146,1
2026-06,2026-06-29,202606291109,BASE_P4,0.23729973018297404,0
2026-06,2026-06-29,202606291111,BASE_P4,0.14675292093617012,0
2026-06,2026-06-29,202606292007,BASE_P4,0.14992607474441566,0
2026-06,2026-06-29,202606292011,BASE_P4,0.2059036598240251,0
2026-06,2026-06-29,202606292102,BASE_P4,0.15401747468473598,0
2026-06,2026-06-30,202606301004,BASE_P4,0.16444232046531312,0
2026-06,2026-06-30,202606301104,BASE_P4,0.28329020877929156,0
2026-06,2026-06-30,202606302304,BASE_P4,0.28874798668737484,0
2026-06,2026-06-01,202606010506,ST_3HEAD_ANALOG,0.44928927577098215,0
2026-06,2026-06-01,202606010803,ST_3HEAD_ANALOG,0.23387514318631802,0
2026-06,2026-06-01,202606010807,ST_3HEAD_ANALOG,0.17323241640004253,0
2026-06,2026-06-01,202606010809,ST_3HEAD_ANALOG,0.23112012710583582,0
2026-06,2026-06-01,202606010906,ST_3HEAD_ANALOG,0.27300907466220464,0
2026-06,2026-06-01,202606012011,ST_3HEAD_ANALOG,0.281146234263354,0
2026-06,2026-06-01,202606012402,ST_3HEAD_ANALOG,0.4061304830666444,0
2026-06,2026-06-02,202606020906,ST_3HEAD_ANALOG,0.2959029514324885,0
2026-06,2026-06-02,202606021007,ST_3HEAD_ANALOG,0.41338284781847895,1
2026-06,2026-06-02,202606021305,ST_3HEAD_ANALOG,0.09688089276874166,0
2026-06,2026-06-02,202606022010,ST_3HEAD_ANALOG,0.14741572669283834,0
2026-06,2026-06-02,202606022307,ST_3HEAD_ANALOG,0.43334002514483655,0
2026-06,2026-06-02,202606022412,ST_3HEAD_ANALOG,0.17466444315704938,0
2026-06,2026-06-03,202606030503,ST_3HEAD_ANALOG,0.20274095239864523,0
2026-06,2026-06-03,202606031203,ST_3HEAD_ANALOG,0.25536991532303144,0
2026-06,2026-06-03,202606031209,ST_3HEAD_ANALOG,0.22409433504475146,0
2026-06,2026-06-03,202606032109,ST_3HEAD_ANALOG,0.2108629842827439,0
2026-06,2026-06-03,202606032412,ST_3HEAD_ANALOG,0.13625019423234233,0
2026-06,2026-06-04,202606040305,ST_3HEAD_ANALOG,0.3244110012281006,1
2026-06,2026-06-04,202606040506,ST_3HEAD_ANALOG,0.3788499391466268,1
2026-06,2026-06-04,202606040907,ST_3HEAD_ANALOG,0.3949359219595235,0
2026-06,2026-06-04,202606041307,ST_3HEAD_ANALOG,0.15748654231308765,1
2026-06,2026-06-04,202606041908,ST_3HEAD_ANALOG,0.18400323729867252,0
2026-06,2026-06-05,202606050305,ST_3HEAD_ANALOG,0.3407081814526622,0
2026-06,2026-06-05,202606051306,ST_3HEAD_ANALOG,0.14506120755776497,0
2026-06,2026-06-05,202606051804,ST_3HEAD_ANALOG,0.12235034011694244,0
2026-06,2026-06-06,202606060702,ST_3HEAD_ANALOG,0.21732171639426032,1
2026-06,2026-06-06,202606060703,ST_3HEAD_ANALOG,0.3096480985232929,0
2026-06,2026-06-06,202606060802,ST_3HEAD_ANALOG,0.34354218522127006,0
2026-06,2026-06-06,202606061506,ST_3HEAD_ANALOG,0.23915671629770577,0
2026-06,2026-06-06,202606061507,ST_3HEAD_ANALOG,0.28520905661160156,0
2026-06,2026-06-07,202606070708,ST_3HEAD_ANALOG,0.178569342675244,0
2026-06,2026-06-07,202606070908,ST_3HEAD_ANALOG,0.21370740998114507,1
2026-06,2026-06-07,202606071005,ST_3HEAD_ANALOG,0.2742469402236236,0
2026-06,2026-06-07,202606072408,ST_3HEAD_ANALOG,0.16284496132285353,0
2026-06,2026-06-08,202606080510,ST_3HEAD_ANALOG,0.3603389637130179,0
2026-06,2026-06-08,202606080910,ST_3HEAD_ANALOG,0.3705281344518763,1
2026-06,2026-06-10,202606100112,ST_3HEAD_ANALOG,0.12922240536628404,0
2026-06,2026-06-10,202606100606,ST_3HEAD_ANALOG,0.23410980631824418,0
2026-06,2026-06-10,202606100903,ST_3HEAD_ANALOG,0.30574867923506543,1
2026-06,2026-06-12,202606121108,ST_3HEAD_ANALOG,0.19938529649862102,0
2026-06,2026-06-12,202606121901,ST_3HEAD_ANALOG,0.21991654887535586,0
2026-06,2026-06-12,202606122306,ST_3HEAD_ANALOG,0.3714194142122357,1
2026-06,2026-06-13,202606130312,ST_3HEAD_ANALOG,0.14548689001361503,1
2026-06,2026-06-13,202606130609,ST_3HEAD_ANALOG,0.25199247342561193,0
2026-06,2026-06-13,202606130702,ST_3HEAD_ANALOG,0.3941086478040514,1
2026-06,2026-06-13,202606130707,ST_3HEAD_ANALOG,0.18204912799575076,0
2026-06,2026-06-13,202606132007,ST_3HEAD_ANALOG,0.14057751030481827,0
2026-06,2026-06-13,202606132204,ST_3HEAD_ANALOG,0.29469055403801514,1
2026-06,2026-06-13,202606132307,ST_3HEAD_ANALOG,0.28159568299935656,0
2026-06,2026-06-14,202606140105,ST_3HEAD_ANALOG,0.2539352339658244,1
2026-06,2026-06-14,202606141005,ST_3HEAD_ANALOG,0.2593218545610565,0
2026-06,2026-06-14,202606142007,ST_3HEAD_ANALOG,0.11524279520387005,0
2026-06,2026-06-14,202606142208,ST_3HEAD_ANALOG,0.37565976579528937,0
2026-06,2026-06-15,202606150310,ST_3HEAD_ANALOG,0.3732190771303949,0
2026-06,2026-06-15,202606151208,ST_3HEAD_ANALOG,0.6214488782262647,0
2026-06,2026-06-15,202606151605,ST_3HEAD_ANALOG,0.1328176389356718,0
2026-06,2026-06-16,202606161202,ST_3HEAD_ANALOG,0.14437884762068479,1
2026-06,2026-06-18,202606180205,ST_3HEAD_ANALOG,0.3555080026320571,0
2026-06,2026-06-18,202606180208,ST_3HEAD_ANALOG,0.3532211915021207,0
2026-06,2026-06-18,202606180510,ST_3HEAD_ANALOG,0.1595015164350014,0
2026-06,2026-06-18,202606180512,ST_3HEAD_ANALOG,0.18758436937576578,0
2026-06,2026-06-18,202606180906,ST_3HEAD_ANALOG,0.2156439175963334,0
2026-06,2026-06-18,202606180909,ST_3HEAD_ANALOG,0.29152910177326624,0
2026-06,2026-06-18,202606181306,ST_3HEAD_ANALOG,0.16918096143738312,0
2026-06,2026-06-18,202606182107,ST_3HEAD_ANALOG,0.19932460120933482,0
2026-06,2026-06-19,202606190903,ST_3HEAD_ANALOG,0.38585478102664145,0
2026-06,2026-06-19,202606192007,ST_3HEAD_ANALOG,0.27979177933722765,1
2026-06,2026-06-19,202606192105,ST_3HEAD_ANALOG,0.1642869426445554,1
2026-06,2026-06-19,202606192107,ST_3HEAD_ANALOG,0.19811156102003472,0
2026-06,2026-06-20,202606200408,ST_3HEAD_ANALOG,0.37972237139852616,0
2026-06,2026-06-20,202606200410,ST_3HEAD_ANALOG,0.2195042812398392,0
2026-06,2026-06-20,202606200607,ST_3HEAD_ANALOG,0.11313964930800008,0
2026-06,2026-06-20,202606200608,ST_3HEAD_ANALOG,0.38173561842587594,1
2026-06,2026-06-20,202606200903,ST_3HEAD_ANALOG,0.3403204156004605,0
2026-06,2026-06-20,202606201709,ST_3HEAD_ANALOG,0.2530325094306591,1
2026-06,2026-06-20,202606202108,ST_3HEAD_ANALOG,0.26203100935205026,0
2026-06,2026-06-21,202606210401,ST_3HEAD_ANALOG,0.13137885343070643,0
2026-06,2026-06-21,202606210608,ST_3HEAD_ANALOG,0.26642352169886246,0
2026-06,2026-06-21,202606210906,ST_3HEAD_ANALOG,0.2772240305168785,1
2026-06,2026-06-21,202606211012,ST_3HEAD_ANALOG,0.1728835680502437,0
2026-06,2026-06-22,202606220604,ST_3HEAD_ANALOG,0.10520399896492022,0
2026-06,2026-06-22,202606220812,ST_3HEAD_ANALOG,0.17414959525408083,0
2026-06,2026-06-22,202606221310,ST_3HEAD_ANALOG,0.24687192037941091,0
2026-06,2026-06-22,202606222204,ST_3HEAD_ANALOG,0.298167719121093,0
2026-06,2026-06-22,202606222306,ST_3HEAD_ANALOG,0.2544430120104642,0
2026-06,2026-06-23,202606230808,ST_3HEAD_ANALOG,0.15267876028824975,0
2026-06,2026-06-23,202606231004,ST_3HEAD_ANALOG,0.20469309617906215,1
2026-06,2026-06-23,202606232303,ST_3HEAD_ANALOG,0.23790212014547854,0
2026-06,2026-06-24,202606240605,ST_3HEAD_ANALOG,0.2824241067274238,1
2026-06,2026-06-24,202606240804,ST_3HEAD_ANALOG,0.14636378674236197,0
2026-06,2026-06-24,202606240911,ST_3HEAD_ANALOG,0.1826401115436465,0
2026-06,2026-06-24,202606241207,ST_3HEAD_ANALOG,0.3673599359024508,1
2026-06,2026-06-24,202606241210,ST_3HEAD_ANALOG,0.23003719667798436,0
2026-06,2026-06-24,202606242309,ST_3HEAD_ANALOG,0.21275759441528383,1
2026-06,2026-06-25,202606250310,ST_3HEAD_ANALOG,0.15239052199366668,0
2026-06,2026-06-25,202606250409,ST_3HEAD_ANALOG,0.1531747892473274,0
2026-06,2026-06-25,202606252102,ST_3HEAD_ANALOG,0.43835992346628344,0
2026-06,2026-06-25,202606252106,ST_3HEAD_ANALOG,0.22135824869584453,1
2026-06,2026-06-26,202606260304,ST_3HEAD_ANALOG,0.47182263166164695,0
2026-06,2026-06-26,202606260410,ST_3HEAD_ANALOG,0.3448862346606872,0
2026-06,2026-06-26,202606260705,ST_3HEAD_ANALOG,0.46516948632448457,1
2026-06,2026-06-26,202606261709,ST_3HEAD_ANALOG,0.34184704902918983,0
2026-06,2026-06-26,202606261803,ST_3HEAD_ANALOG,0.2283249557615529,0
2026-06,2026-06-27,202606270912,ST_3HEAD_ANALOG,0.18864820461900597,0
2026-06,2026-06-28,202606280204,ST_3HEAD_ANALOG,0.27570754991557195,0
2026-06,2026-06-28,202606280205,ST_3HEAD_ANALOG,0.264781796324885,0
2026-06,2026-06-28,202606280405,ST_3HEAD_ANALOG,0.19766864026375766,0
2026-06,2026-06-28,202606280508,ST_3HEAD_ANALOG,0.2610690664646976,0
2026-06,2026-06-28,202606281006,ST_3HEAD_ANALOG,0.2241050244775626,0
2026-06,2026-06-28,202606281008,ST_3HEAD_ANALOG,0.21281031591235922,0
2026-06,2026-06-28,202606281803,ST_3HEAD_ANALOG,0.20367751738429307,0
2026-06,2026-06-28,202606282005,ST_3HEAD_ANALOG,0.1428758133757853,1
2026-06,2026-06-28,202606282407,ST_3HEAD_ANALOG,0.264193708215982,0
2026-06,2026-06-29,202606290212,ST_3HEAD_ANALOG,0.12416561940801701,0
2026-06,2026-06-29,202606290301,ST_3HEAD_ANALOG,0.16270653191137072,0
2026-06,2026-06-29,202606290310,ST_3HEAD_ANALOG,0.19531637891781306,1
2026-06,2026-06-29,202606290806,ST_3HEAD_ANALOG,0.4809551407395091,1
2026-06,2026-06-29,202606291109,ST_3HEAD_ANALOG,0.28509983279545337,0
2026-06,2026-06-29,202606291111,ST_3HEAD_ANALOG,0.1325199711801752,0
2026-06,2026-06-29,202606292007,ST_3HEAD_ANALOG,0.1742923426201293,0
2026-06,2026-06-29,202606292011,ST_3HEAD_ANALOG,0.25812043117886363,0
2026-06,2026-06-29,202606292102,ST_3HEAD_ANALOG,0.19800256548503262,0
2026-06,2026-06-30,202606301004,ST_3HEAD_ANALOG,0.25417610228366927,0
2026-06,2026-06-30,202606301104,ST_3HEAD_ANALOG,0.2837352785260535,0
2026-06,2026-06-30,202606302304,ST_3HEAD_ANALOG,0.49234991434299297,0
2026-06,2026-06-01,202606010506,PLAYER_COURSE,0.3763798552483417,0
2026-06,2026-06-01,202606010803,PLAYER_COURSE,0.26497702038459664,0
2026-06,2026-06-01,202606010807,PLAYER_COURSE,0.16406893655081872,0
2026-06,2026-06-01,202606010809,PLAYER_COURSE,0.10064403202147088,0
2026-06,2026-06-01,202606010906,PLAYER_COURSE,0.1791639539018357,0
2026-06,2026-06-01,202606012011,PLAYER_COURSE,0.12155761525879612,0
2026-06,2026-06-01,202606012402,PLAYER_COURSE,0.4779584858390038,0
2026-06,2026-06-02,202606020906,PLAYER_COURSE,0.4681880559214882,0
2026-06,2026-06-02,202606021007,PLAYER_COURSE,0.4142753826120568,1
2026-06,2026-06-02,202606021305,PLAYER_COURSE,0.05803953813965336,0
2026-06,2026-06-02,202606022010,PLAYER_COURSE,0.08507071437910976,0
2026-06,2026-06-02,202606022307,PLAYER_COURSE,0.5640772597553033,0
2026-06,2026-06-02,202606022412,PLAYER_COURSE,0.08904801020297827,0
2026-06,2026-06-03,202606030503,PLAYER_COURSE,0.07250216831090178,0
2026-06,2026-06-03,202606031203,PLAYER_COURSE,0.17766487768355996,0
2026-06,2026-06-03,202606031209,PLAYER_COURSE,0.17751758364641645,0
2026-06,2026-06-03,202606032109,PLAYER_COURSE,0.34451366057179084,0
2026-06,2026-06-03,202606032412,PLAYER_COURSE,0.09873532691591566,0
2026-06,2026-06-04,202606040305,PLAYER_COURSE,0.35713081038265615,1
2026-06,2026-06-04,202606040506,PLAYER_COURSE,0.5349946224442037,1
2026-06,2026-06-04,202606040907,PLAYER_COURSE,0.06599035497003815,0
2026-06,2026-06-04,202606041307,PLAYER_COURSE,0.1662328596976626,1
2026-06,2026-06-04,202606041908,PLAYER_COURSE,0.09725280461552875,0
2026-06,2026-06-05,202606050305,PLAYER_COURSE,0.5768392204417335,0
2026-06,2026-06-05,202606051306,PLAYER_COURSE,0.13845700266065183,0
2026-06,2026-06-05,202606051804,PLAYER_COURSE,0.10029151481758228,0
2026-06,2026-06-06,202606060702,PLAYER_COURSE,0.21974628968992316,1
2026-06,2026-06-06,202606060703,PLAYER_COURSE,0.20450456446174486,0
2026-06,2026-06-06,202606060802,PLAYER_COURSE,0.4269273585513065,0
2026-06,2026-06-06,202606061506,PLAYER_COURSE,0.10567958426322131,0
2026-06,2026-06-06,202606061507,PLAYER_COURSE,0.16567097072951809,0
2026-06,2026-06-07,202606070708,PLAYER_COURSE,0.06187145794188923,0
2026-06,2026-06-07,202606070908,PLAYER_COURSE,0.16532749976032038,1
2026-06,2026-06-07,202606071005,PLAYER_COURSE,0.3525432205180607,0
2026-06,2026-06-07,202606072408,PLAYER_COURSE,0.08317874318541016,0
2026-06,2026-06-08,202606080510,PLAYER_COURSE,0.34653025797515785,0
2026-06,2026-06-08,202606080910,PLAYER_COURSE,0.4311233233614663,1
2026-06,2026-06-10,202606100112,PLAYER_COURSE,0.12417553695311032,0
2026-06,2026-06-10,202606100606,PLAYER_COURSE,0.11429877071460377,0
2026-06,2026-06-10,202606100903,PLAYER_COURSE,0.4700498113720952,1
2026-06,2026-06-12,202606121108,PLAYER_COURSE,0.2783397302456804,0
2026-06,2026-06-12,202606121901,PLAYER_COURSE,0.1551573811276946,0
2026-06,2026-06-12,202606122306,PLAYER_COURSE,0.4317854357781921,1
2026-06,2026-06-13,202606130312,PLAYER_COURSE,0.13953890266908683,1
2026-06,2026-06-13,202606130609,PLAYER_COURSE,0.2570566394879783,0
2026-06,2026-06-13,202606130702,PLAYER_COURSE,0.1860727771016869,1
2026-06,2026-06-13,202606130707,PLAYER_COURSE,0.23450697837754175,0
2026-06,2026-06-13,202606132007,PLAYER_COURSE,0.15840569484976935,0
2026-06,2026-06-13,202606132204,PLAYER_COURSE,0.17434745133867152,1
2026-06,2026-06-13,202606132307,PLAYER_COURSE,0.150588336408675,0
2026-06,2026-06-14,202606140105,PLAYER_COURSE,0.283542299177362,1
2026-06,2026-06-14,202606141005,PLAYER_COURSE,0.17939381762838633,0
2026-06,2026-06-14,202606142007,PLAYER_COURSE,0.19495284292282225,0
2026-06,2026-06-14,202606142208,PLAYER_COURSE,0.3076543298733795,0
2026-06,2026-06-15,202606150310,PLAYER_COURSE,0.42075585029384727,0
2026-06,2026-06-15,202606151208,PLAYER_COURSE,0.42735715449814515,0
2026-06,2026-06-15,202606151605,PLAYER_COURSE,0.11380975292329837,0
2026-06,2026-06-16,202606161202,PLAYER_COURSE,0.26304459215455817,1
2026-06,2026-06-18,202606180205,PLAYER_COURSE,0.46933450146731726,0
2026-06,2026-06-18,202606180208,PLAYER_COURSE,0.12331288040695568,0
2026-06,2026-06-18,202606180510,PLAYER_COURSE,0.07451936102070911,0
2026-06,2026-06-18,202606180512,PLAYER_COURSE,0.11697172911637845,0
2026-06,2026-06-18,202606180906,PLAYER_COURSE,0.25928824248739357,0
2026-06,2026-06-18,202606180909,PLAYER_COURSE,0.2284068640238305,0
2026-06,2026-06-18,202606181306,PLAYER_COURSE,0.25241189274505954,0
2026-06,2026-06-18,202606182107,PLAYER_COURSE,0.15761962018066494,0
2026-06,2026-06-19,202606190903,PLAYER_COURSE,0.4224226946867735,0
2026-06,2026-06-19,202606192007,PLAYER_COURSE,0.21505568812704348,1
2026-06,2026-06-19,202606192105,PLAYER_COURSE,0.08319114175419118,1
2026-06,2026-06-19,202606192107,PLAYER_COURSE,0.1557719906386526,0
2026-06,2026-06-20,202606200408,PLAYER_COURSE,0.2604304560909671,0
2026-06,2026-06-20,202606200410,PLAYER_COURSE,0.21212522838355305,0
2026-06,2026-06-20,202606200607,PLAYER_COURSE,0.2155681039732776,0
2026-06,2026-06-20,202606200608,PLAYER_COURSE,0.18221076176041087,1
2026-06,2026-06-20,202606200903,PLAYER_COURSE,0.15736030589226743,0
2026-06,2026-06-20,202606201709,PLAYER_COURSE,0.17458872432180542,1
2026-06,2026-06-20,202606202108,PLAYER_COURSE,0.27037065403728655,0
2026-06,2026-06-21,202606210401,PLAYER_COURSE,0.16205435377384905,0
2026-06,2026-06-21,202606210608,PLAYER_COURSE,0.25832942008448384,0
2026-06,2026-06-21,202606210906,PLAYER_COURSE,0.31134531573840457,1
2026-06,2026-06-21,202606211012,PLAYER_COURSE,0.16783382965651364,0
2026-06,2026-06-22,202606220604,PLAYER_COURSE,0.16586813710929502,0
2026-06,2026-06-22,202606220812,PLAYER_COURSE,0.1822051138101227,0
2026-06,2026-06-22,202606221310,PLAYER_COURSE,0.1535933023968057,0
2026-06,2026-06-22,202606222204,PLAYER_COURSE,0.2128857291299342,0
2026-06,2026-06-22,202606222306,PLAYER_COURSE,0.3925025172091701,0
2026-06,2026-06-23,202606230808,PLAYER_COURSE,0.11644805657512579,0
2026-06,2026-06-23,202606231004,PLAYER_COURSE,0.16601928442818184,1
2026-06,2026-06-23,202606232303,PLAYER_COURSE,0.3205592424318322,0
2026-06,2026-06-24,202606240605,PLAYER_COURSE,0.17289181646648089,1
2026-06,2026-06-24,202606240804,PLAYER_COURSE,0.2098035911879993,0
2026-06,2026-06-24,202606240911,PLAYER_COURSE,0.10261980347437022,0
2026-06,2026-06-24,202606241207,PLAYER_COURSE,0.29381760346841523,1
2026-06,2026-06-24,202606241210,PLAYER_COURSE,0.2334605517279589,0
2026-06,2026-06-24,202606242309,PLAYER_COURSE,0.19238239189919895,1
2026-06,2026-06-25,202606250310,PLAYER_COURSE,0.23110489771306525,0
2026-06,2026-06-25,202606250409,PLAYER_COURSE,0.0901066927328822,0
2026-06,2026-06-25,202606252102,PLAYER_COURSE,0.2835136992022543,0
2026-06,2026-06-25,202606252106,PLAYER_COURSE,0.13375734713739165,1
2026-06,2026-06-26,202606260304,PLAYER_COURSE,0.656466276874558,0
2026-06,2026-06-26,202606260410,PLAYER_COURSE,0.20630287714582168,0
2026-06,2026-06-26,202606260705,PLAYER_COURSE,0.37240658783950914,1
2026-06,2026-06-26,202606261709,PLAYER_COURSE,0.18142695237416254,0
2026-06,2026-06-26,202606261803,PLAYER_COURSE,0.3052167269487914,0
2026-06,2026-06-27,202606270912,PLAYER_COURSE,0.14719273335830738,0
2026-06,2026-06-28,202606280204,PLAYER_COURSE,0.1694898987480269,0
2026-06,2026-06-28,202606280205,PLAYER_COURSE,0.4376981479542247,0
2026-06,2026-06-28,202606280405,PLAYER_COURSE,0.25744504335237756,0
2026-06,2026-06-28,202606280508,PLAYER_COURSE,0.22306309451249834,0
2026-06,2026-06-28,202606281006,PLAYER_COURSE,0.2251104121283184,0
2026-06,2026-06-28,202606281008,PLAYER_COURSE,0.2852009487278367,0
2026-06,2026-06-28,202606281803,PLAYER_COURSE,0.040396023128271744,0
2026-06,2026-06-28,202606282005,PLAYER_COURSE,0.21587209851988778,1
2026-06,2026-06-28,202606282407,PLAYER_COURSE,0.2658696399291731,0
2026-06,2026-06-29,202606290212,PLAYER_COURSE,0.08954685351774848,0
2026-06,2026-06-29,202606290301,PLAYER_COURSE,0.10043925063195817,0
2026-06,2026-06-29,202606290310,PLAYER_COURSE,0.18152335230764766,1
2026-06,2026-06-29,202606290806,PLAYER_COURSE,0.5582481208872008,1
2026-06,2026-06-29,202606291109,PLAYER_COURSE,0.30207450646926415,0
2026-06,2026-06-29,202606291111,PLAYER_COURSE,0.15354698484880774,0
2026-06,2026-06-29,202606292007,PLAYER_COURSE,0.07005627864311316,0
2026-06,2026-06-29,202606292011,PLAYER_COURSE,0.34544208637841506,0
2026-06,2026-06-29,202606292102,PLAYER_COURSE,0.19328984130286955,0
2026-06,2026-06-30,202606301004,PLAYER_COURSE,0.16902947543570573,0
2026-06,2026-06-30,202606301104,PLAYER_COURSE,0.19112163827425255,0
2026-06,2026-06-30,202606302304,PLAYER_COURSE,0.24978598848684203,0
2026-06,2026-06-01,202606010506,PRIOR_FOOT,0.3358745806384019,0
2026-06,2026-06-01,202606010803,PRIOR_FOOT,0.17658195430478144,0
2026-06,2026-06-01,202606010807,PRIOR_FOOT,0.0924076389657578,0
2026-06,2026-06-01,202606010809,PRIOR_FOOT,0.19433292281340311,0
2026-06,2026-06-01,202606010906,PRIOR_FOOT,0.06363460163188388,0
2026-06,2026-06-01,202606012011,PRIOR_FOOT,0.17426711276466933,0
2026-06,2026-06-01,202606012402,PRIOR_FOOT,0.04565673211859124,0
2026-06,2026-06-02,202606020906,PRIOR_FOOT,0.4671357297755171,0
2026-06,2026-06-02,202606021007,PRIOR_FOOT,0.4363860233038603,1
2026-06,2026-06-02,202606021305,PRIOR_FOOT,0.05289428126602775,0
2026-06,2026-06-02,202606022010,PRIOR_FOOT,0.19482990273421008,0
2026-06,2026-06-02,202606022307,PRIOR_FOOT,0.0420710371777884,0
2026-06,2026-06-02,202606022412,PRIOR_FOOT,0.173394834180865,0
2026-06,2026-06-03,202606030503,PRIOR_FOOT,0.14138801579014199,0
2026-06,2026-06-03,202606031203,PRIOR_FOOT,0.2579046804318823,0
2026-06,2026-06-03,202606031209,PRIOR_FOOT,0.18650306569699263,0
2026-06,2026-06-03,202606032109,PRIOR_FOOT,0.21263549296054932,0
2026-06,2026-06-03,202606032412,PRIOR_FOOT,0.09007627645495017,0
2026-06,2026-06-04,202606040305,PRIOR_FOOT,0.5772197366596652,1
2026-06,2026-06-04,202606040506,PRIOR_FOOT,0.34672572617790365,1
2026-06,2026-06-04,202606040907,PRIOR_FOOT,0.23099200348491084,0
2026-06,2026-06-04,202606041307,PRIOR_FOOT,0.3684231812570209,1
2026-06,2026-06-04,202606041908,PRIOR_FOOT,0.3756156363424478,0
2026-06,2026-06-05,202606050305,PRIOR_FOOT,0.2446660157378645,0
2026-06,2026-06-05,202606051306,PRIOR_FOOT,0.07815564768251217,0
2026-06,2026-06-05,202606051804,PRIOR_FOOT,0.06087357177117568,0
2026-06,2026-06-06,202606060702,PRIOR_FOOT,0.5474552925138195,1
2026-06,2026-06-06,202606060703,PRIOR_FOOT,0.2819255531393604,0
2026-06,2026-06-06,202606060802,PRIOR_FOOT,0.3068996447090932,0
2026-06,2026-06-06,202606061506,PRIOR_FOOT,0.05729251896528986,0
2026-06,2026-06-06,202606061507,PRIOR_FOOT,0.002576265722825613,0
2026-06,2026-06-07,202606070708,PRIOR_FOOT,0.052797423909913634,0
2026-06,2026-06-07,202606070908,PRIOR_FOOT,0.13306670414539204,1
2026-06,2026-06-07,202606071005,PRIOR_FOOT,0.2334761247939027,0
2026-06,2026-06-07,202606072408,PRIOR_FOOT,0.07758349618074964,0
2026-06,2026-06-08,202606080510,PRIOR_FOOT,0.15651260661723218,0
2026-06,2026-06-08,202606080910,PRIOR_FOOT,0.31766979348634383,1
2026-06,2026-06-10,202606100112,PRIOR_FOOT,0.06495695654713966,0
2026-06,2026-06-10,202606100606,PRIOR_FOOT,0.3034425144843388,0
2026-06,2026-06-10,202606100903,PRIOR_FOOT,0.18322673581898027,1
2026-06,2026-06-12,202606121108,PRIOR_FOOT,0.5509596226345912,0
2026-06,2026-06-12,202606121901,PRIOR_FOOT,0.031241468169962937,0
2026-06,2026-06-12,202606122306,PRIOR_FOOT,0.335237585577218,1
2026-06,2026-06-13,202606130312,PRIOR_FOOT,0.22228428138129996,1
2026-06,2026-06-13,202606130609,PRIOR_FOOT,0.24512502152148233,0
2026-06,2026-06-13,202606130702,PRIOR_FOOT,0.19798700461202387,1
2026-06,2026-06-13,202606130707,PRIOR_FOOT,0.11115281218200682,0
2026-06,2026-06-13,202606132007,PRIOR_FOOT,0.030585810500936134,0
2026-06,2026-06-13,202606132204,PRIOR_FOOT,0.4127046638863932,1
2026-06,2026-06-13,202606132307,PRIOR_FOOT,0.5103801389369632,0
2026-06,2026-06-14,202606140105,PRIOR_FOOT,0.1683997475277601,1
2026-06,2026-06-14,202606141005,PRIOR_FOOT,0.08005242360149196,0
2026-06,2026-06-14,202606142007,PRIOR_FOOT,0.4719769593799197,0
2026-06,2026-06-14,202606142208,PRIOR_FOOT,0.470040810818702,0
2026-06,2026-06-15,202606150310,PRIOR_FOOT,0.3591799022632793,0
2026-06,2026-06-15,202606151208,PRIOR_FOOT,0.16840007155778725,0
2026-06,2026-06-15,202606151605,PRIOR_FOOT,0.743353614955497,0
2026-06,2026-06-16,202606161202,PRIOR_FOOT,0.09395909111974333,1
2026-06,2026-06-18,202606180205,PRIOR_FOOT,0.03775631786803496,0
2026-06,2026-06-18,202606180208,PRIOR_FOOT,0.4830338548826749,0
2026-06,2026-06-18,202606180510,PRIOR_FOOT,0.10312037528784213,0
2026-06,2026-06-18,202606180512,PRIOR_FOOT,0.2992823001083482,0
2026-06,2026-06-18,202606180906,PRIOR_FOOT,0.09377171300552987,0
2026-06,2026-06-18,202606180909,PRIOR_FOOT,0.12785332537567481,0
2026-06,2026-06-18,202606181306,PRIOR_FOOT,0.17473009052884453,0
2026-06,2026-06-18,202606182107,PRIOR_FOOT,0.14877525886185886,0
2026-06,2026-06-19,202606190903,PRIOR_FOOT,0.1836447671563985,0
2026-06,2026-06-19,202606192007,PRIOR_FOOT,0.22483145143118471,1
2026-06,2026-06-19,202606192105,PRIOR_FOOT,0.06373974584190316,1
2026-06,2026-06-19,202606192107,PRIOR_FOOT,0.08833768842531149,0
2026-06,2026-06-20,202606200408,PRIOR_FOOT,0.24009395845810422,0
2026-06,2026-06-20,202606200410,PRIOR_FOOT,0.08060368921693281,0
2026-06,2026-06-20,202606200607,PRIOR_FOOT,0.10375875083322683,0
2026-06,2026-06-20,202606200608,PRIOR_FOOT,0.353877952062627,1
2026-06,2026-06-20,202606200903,PRIOR_FOOT,0.2838659647514817,0
2026-06,2026-06-20,202606201709,PRIOR_FOOT,0.23232113890249392,1
2026-06,2026-06-20,202606202108,PRIOR_FOOT,0.28063692407146373,0
2026-06,2026-06-21,202606210401,PRIOR_FOOT,0.3361695690982344,0
2026-06,2026-06-21,202606210608,PRIOR_FOOT,0.1275262811610459,0
2026-06,2026-06-21,202606210906,PRIOR_FOOT,0.17088729035974895,1
2026-06,2026-06-21,202606211012,PRIOR_FOOT,0.01137165043207573,0
2026-06,2026-06-22,202606220604,PRIOR_FOOT,0.18123130070755342,0
2026-06,2026-06-22,202606220812,PRIOR_FOOT,0.15643415405301755,0
2026-06,2026-06-22,202606221310,PRIOR_FOOT,0.023583504626606168,0
2026-06,2026-06-22,202606222204,PRIOR_FOOT,0.10598376730306487,0
2026-06,2026-06-22,202606222306,PRIOR_FOOT,0.06550830843182784,0
2026-06,2026-06-23,202606230808,PRIOR_FOOT,0.10678089308809247,0
2026-06,2026-06-23,202606231004,PRIOR_FOOT,0.1125865809896532,1
2026-06,2026-06-23,202606232303,PRIOR_FOOT,0.03927308918340391,0
2026-06,2026-06-24,202606240605,PRIOR_FOOT,0.07493490142054259,1
2026-06,2026-06-24,202606240804,PRIOR_FOOT,0.1567504847513833,0
2026-06,2026-06-24,202606240911,PRIOR_FOOT,0.10354893991610942,0
2026-06,2026-06-24,202606241207,PRIOR_FOOT,0.20891722354914763,1
2026-06,2026-06-24,202606241210,PRIOR_FOOT,0.18691699439457177,0
2026-06,2026-06-24,202606242309,PRIOR_FOOT,0.25761432816929297,1
2026-06,2026-06-25,202606250310,PRIOR_FOOT,0.2141061576165444,0
2026-06,2026-06-25,202606250409,PRIOR_FOOT,0.2976270688873184,0
2026-06,2026-06-25,202606252102,PRIOR_FOOT,0.12266030535984358,0
2026-06,2026-06-25,202606252106,PRIOR_FOOT,0.03236310208230521,1
2026-06,2026-06-26,202606260304,PRIOR_FOOT,0.1731793409575572,0
2026-06,2026-06-26,202606260410,PRIOR_FOOT,0.28150676724436025,0
2026-06,2026-06-26,202606260705,PRIOR_FOOT,0.3444444705060223,1
2026-06,2026-06-26,202606261709,PRIOR_FOOT,0.3670250241336041,0
2026-06,2026-06-26,202606261803,PRIOR_FOOT,0.39792321823192234,0
2026-06,2026-06-27,202606270912,PRIOR_FOOT,0.14352381720029495,0
2026-06,2026-06-28,202606280204,PRIOR_FOOT,0.37294405677304415,0
2026-06,2026-06-28,202606280205,PRIOR_FOOT,0.23161834477190196,0
2026-06,2026-06-28,202606280405,PRIOR_FOOT,0.2231870001732937,0
2026-06,2026-06-28,202606280508,PRIOR_FOOT,0.3337307167432219,0
2026-06,2026-06-28,202606281006,PRIOR_FOOT,0.10171073049526505,0
2026-06,2026-06-28,202606281008,PRIOR_FOOT,0.06428374378987117,0
2026-06,2026-06-28,202606281803,PRIOR_FOOT,0.2464062481697267,0
2026-06,2026-06-28,202606282005,PRIOR_FOOT,0.1829083067294994,1
2026-06,2026-06-28,202606282407,PRIOR_FOOT,0.3253146840299204,0
2026-06,2026-06-29,202606290212,PRIOR_FOOT,0.04984352905541305,0
2026-06,2026-06-29,202606290301,PRIOR_FOOT,0.11027277800713188,0
2026-06,2026-06-29,202606290310,PRIOR_FOOT,0.22317296611806434,1
2026-06,2026-06-29,202606290806,PRIOR_FOOT,0.401019102063573,1
2026-06,2026-06-29,202606291109,PRIOR_FOOT,0.13619644970923278,0
2026-06,2026-06-29,202606291111,PRIOR_FOOT,0.01609812049453707,0
2026-06,2026-06-29,202606292007,PRIOR_FOOT,0.3422775084736081,0
2026-06,2026-06-29,202606292011,PRIOR_FOOT,0.031650415759158244,0
2026-06,2026-06-29,202606292102,PRIOR_FOOT,0.09670875600993893,0
2026-06,2026-06-30,202606301004,PRIOR_FOOT,0.36217892986536065,0
2026-06,2026-06-30,202606301104,PRIOR_FOOT,0.03013200444351548,0
2026-06,2026-06-30,202606302304,PRIOR_FOOT,0.6723438893401124,0
2026-06,2026-06-01,202606010506,OPP_CONTEXT,0.5594294180416157,0
2026-06,2026-06-01,202606010803,OPP_CONTEXT,0.5570705229486442,0
2026-06,2026-06-01,202606010807,OPP_CONTEXT,0.14151482738461515,0
2026-06,2026-06-01,202606010809,OPP_CONTEXT,0.26438085670010797,0
2026-06,2026-06-01,202606010906,OPP_CONTEXT,0.07938275955541749,0
2026-06,2026-06-01,202606012011,OPP_CONTEXT,0.07418913650301949,0
2026-06,2026-06-01,202606012402,OPP_CONTEXT,0.3418922658397862,0
2026-06,2026-06-02,202606020906,OPP_CONTEXT,0.31522264942086403,0
2026-06,2026-06-02,202606021007,OPP_CONTEXT,0.39166683352000353,1
2026-06,2026-06-02,202606021305,OPP_CONTEXT,0.06005234438964897,0
2026-06,2026-06-02,202606022010,OPP_CONTEXT,0.08755620068364264,0
2026-06,2026-06-02,202606022307,OPP_CONTEXT,0.5317583986530456,0
2026-06,2026-06-02,202606022412,OPP_CONTEXT,0.08365104027742212,0
2026-06,2026-06-03,202606030503,OPP_CONTEXT,0.19998388452306057,0
2026-06,2026-06-03,202606031203,OPP_CONTEXT,0.10679407480884583,0
2026-06,2026-06-03,202606031209,OPP_CONTEXT,0.29141691616208043,0
2026-06,2026-06-03,202606032109,OPP_CONTEXT,0.2037395115821467,0
2026-06,2026-06-03,202606032412,OPP_CONTEXT,0.11833012711762907,0
2026-06,2026-06-04,202606040305,OPP_CONTEXT,0.20507157441829166,1
2026-06,2026-06-04,202606040506,OPP_CONTEXT,0.47715222495976983,1
2026-06,2026-06-04,202606040907,OPP_CONTEXT,0.2482750268530358,0
2026-06,2026-06-04,202606041307,OPP_CONTEXT,0.1642792391947574,1
2026-06,2026-06-04,202606041908,OPP_CONTEXT,0.11365202401863402,0
2026-06,2026-06-05,202606050305,OPP_CONTEXT,0.46004926967073345,0
2026-06,2026-06-05,202606051306,OPP_CONTEXT,0.17380399432846858,0
2026-06,2026-06-05,202606051804,OPP_CONTEXT,0.12948728700118003,0
2026-06,2026-06-06,202606060702,OPP_CONTEXT,0.4837550601800163,1
2026-06,2026-06-06,202606060703,OPP_CONTEXT,0.16881504419382343,0
2026-06,2026-06-06,202606060802,OPP_CONTEXT,0.3743159939712936,0
2026-06,2026-06-06,202606061506,OPP_CONTEXT,0.36135907889390173,0
2026-06,2026-06-06,202606061507,OPP_CONTEXT,0.18132184300416318,0
2026-06,2026-06-07,202606070708,OPP_CONTEXT,0.11593999834008946,0
2026-06,2026-06-07,202606070908,OPP_CONTEXT,0.14914125907411124,1
2026-06,2026-06-07,202606071005,OPP_CONTEXT,0.32777166884003794,0
2026-06,2026-06-07,202606072408,OPP_CONTEXT,0.20975609105517365,0
2026-06,2026-06-08,202606080510,OPP_CONTEXT,0.3684658288592875,0
2026-06,2026-06-08,202606080910,OPP_CONTEXT,0.5360831034588457,1
2026-06,2026-06-10,202606100112,OPP_CONTEXT,0.1718200700727992,0
2026-06,2026-06-10,202606100606,OPP_CONTEXT,0.09881838776459634,0
2026-06,2026-06-10,202606100903,OPP_CONTEXT,0.18560175314948832,1
2026-06,2026-06-12,202606121108,OPP_CONTEXT,0.32927212307767967,0
2026-06,2026-06-12,202606121901,OPP_CONTEXT,0.3249734164505736,0
2026-06,2026-06-12,202606122306,OPP_CONTEXT,0.21301698453771278,1
2026-06,2026-06-13,202606130312,OPP_CONTEXT,0.12535864495488938,1
2026-06,2026-06-13,202606130609,OPP_CONTEXT,0.40115625785204106,0
2026-06,2026-06-13,202606130702,OPP_CONTEXT,0.32618020558507643,1
2026-06,2026-06-13,202606130707,OPP_CONTEXT,0.14069017541387238,0
2026-06,2026-06-13,202606132007,OPP_CONTEXT,0.14435015671049378,0
2026-06,2026-06-13,202606132204,OPP_CONTEXT,0.35307892556586196,1
2026-06,2026-06-13,202606132307,OPP_CONTEXT,0.15136472917892677,0
2026-06,2026-06-14,202606140105,OPP_CONTEXT,0.20068970146428625,1
2026-06,2026-06-14,202606141005,OPP_CONTEXT,0.32547457913484334,0
2026-06,2026-06-14,202606142007,OPP_CONTEXT,0.09176874492497754,0
2026-06,2026-06-14,202606142208,OPP_CONTEXT,0.22564161972882213,0
2026-06,2026-06-15,202606150310,OPP_CONTEXT,0.5276684474586963,0
2026-06,2026-06-15,202606151208,OPP_CONTEXT,0.36210307185046375,0
2026-06,2026-06-15,202606151605,OPP_CONTEXT,0.06396575790745647,0
2026-06,2026-06-16,202606161202,OPP_CONTEXT,0.12145531076460465,1
2026-06,2026-06-18,202606180205,OPP_CONTEXT,0.4189548230088698,0
2026-06,2026-06-18,202606180208,OPP_CONTEXT,0.20715794725339284,0
2026-06,2026-06-18,202606180510,OPP_CONTEXT,0.11901055688281073,0
2026-06,2026-06-18,202606180512,OPP_CONTEXT,0.18023305742813175,0
2026-06,2026-06-18,202606180906,OPP_CONTEXT,0.1274523738035922,0
2026-06,2026-06-18,202606180909,OPP_CONTEXT,0.09946995249494284,0
2026-06,2026-06-18,202606181306,OPP_CONTEXT,0.06646073517454472,0
2026-06,2026-06-18,202606182107,OPP_CONTEXT,0.23131835818093635,0
2026-06,2026-06-19,202606190903,OPP_CONTEXT,0.2667732202072642,0
2026-06,2026-06-19,202606192007,OPP_CONTEXT,0.2084935300375367,1
2026-06,2026-06-19,202606192105,OPP_CONTEXT,0.1474694788592039,1
2026-06,2026-06-19,202606192107,OPP_CONTEXT,0.38550491696776257,0
2026-06,2026-06-20,202606200408,OPP_CONTEXT,0.15692697441211173,0
2026-06,2026-06-20,202606200410,OPP_CONTEXT,0.134204449146879,0
2026-06,2026-06-20,202606200607,OPP_CONTEXT,0.10409817537672608,0
2026-06,2026-06-20,202606200608,OPP_CONTEXT,0.21536637981602375,1
2026-06,2026-06-20,202606200903,OPP_CONTEXT,0.32315970301798375,0
2026-06,2026-06-20,202606201709,OPP_CONTEXT,0.4053908216905622,1
2026-06,2026-06-20,202606202108,OPP_CONTEXT,0.2850896842411918,0
2026-06,2026-06-21,202606210401,OPP_CONTEXT,0.17060825790648,0
2026-06,2026-06-21,202606210608,OPP_CONTEXT,0.1979691156876638,0
2026-06,2026-06-21,202606210906,OPP_CONTEXT,0.25313833856107026,1
2026-06,2026-06-21,202606211012,OPP_CONTEXT,0.052223039133203676,0
2026-06,2026-06-22,202606220604,OPP_CONTEXT,0.1615404652621019,0
2026-06,2026-06-22,202606220812,OPP_CONTEXT,0.08639779643095666,0
2026-06,2026-06-22,202606221310,OPP_CONTEXT,0.17334264618831902,0
2026-06,2026-06-22,202606222204,OPP_CONTEXT,0.3537614016194148,0
2026-06,2026-06-22,202606222306,OPP_CONTEXT,0.1720533130646742,0
2026-06,2026-06-23,202606230808,OPP_CONTEXT,0.1094989624288042,0
2026-06,2026-06-23,202606231004,OPP_CONTEXT,0.11424646435683916,1
2026-06,2026-06-23,202606232303,OPP_CONTEXT,0.24118542630148854,0
2026-06,2026-06-24,202606240605,OPP_CONTEXT,0.25827499906037016,1
2026-06,2026-06-24,202606240804,OPP_CONTEXT,0.14413803958183263,0
2026-06,2026-06-24,202606240911,OPP_CONTEXT,0.18181044133425697,0
2026-06,2026-06-24,202606241207,OPP_CONTEXT,0.5552107259431951,1
2026-06,2026-06-24,202606241210,OPP_CONTEXT,0.3403626473246871,0
2026-06,2026-06-24,202606242309,OPP_CONTEXT,0.14006545365179585,1
2026-06,2026-06-25,202606250310,OPP_CONTEXT,0.09989912505378128,0
2026-06,2026-06-25,202606250409,OPP_CONTEXT,0.1435858227529303,0
2026-06,2026-06-25,202606252102,OPP_CONTEXT,0.16943840387084771,0
2026-06,2026-06-25,202606252106,OPP_CONTEXT,0.21124188925215573,1
2026-06,2026-06-26,202606260304,OPP_CONTEXT,0.45310876855033255,0
2026-06,2026-06-26,202606260410,OPP_CONTEXT,0.34574187572184173,0
2026-06,2026-06-26,202606260705,OPP_CONTEXT,0.7259800545681961,1
2026-06,2026-06-26,202606261709,OPP_CONTEXT,0.25268957540517917,0
2026-06,2026-06-26,202606261803,OPP_CONTEXT,0.5053787716669295,0
2026-06,2026-06-27,202606270912,OPP_CONTEXT,0.1610784381040705,0
2026-06,2026-06-28,202606280204,OPP_CONTEXT,0.33415406898116334,0
2026-06,2026-06-28,202606280205,OPP_CONTEXT,0.2888585191408323,0
2026-06,2026-06-28,202606280405,OPP_CONTEXT,0.09536789070226259,0
2026-06,2026-06-28,202606280508,OPP_CONTEXT,0.26574020770986145,0
2026-06,2026-06-28,202606281006,OPP_CONTEXT,0.10607149911031309,0
2026-06,2026-06-28,202606281008,OPP_CONTEXT,0.29394146824876294,0
2026-06,2026-06-28,202606281803,OPP_CONTEXT,0.08373338647264114,0
2026-06,2026-06-28,202606282005,OPP_CONTEXT,0.19496772536436197,1
2026-06,2026-06-28,202606282407,OPP_CONTEXT,0.18315207982935777,0
2026-06,2026-06-29,202606290212,OPP_CONTEXT,0.10821973699862011,0
2026-06,2026-06-29,202606290301,OPP_CONTEXT,0.18503547651903277,0
2026-06,2026-06-29,202606290310,OPP_CONTEXT,0.26004868866783093,1
2026-06,2026-06-29,202606290806,OPP_CONTEXT,0.1578805105130812,1
2026-06,2026-06-29,202606291109,OPP_CONTEXT,0.16641341237847235,0
2026-06,2026-06-29,202606291111,OPP_CONTEXT,0.13926181348950936,0
2026-06,2026-06-29,202606292007,OPP_CONTEXT,0.12341114565122825,0
2026-06,2026-06-29,202606292011,OPP_CONTEXT,0.3124114425059374,0
2026-06,2026-06-29,202606292102,OPP_CONTEXT,0.18814889916505878,0
2026-06,2026-06-30,202606301004,OPP_CONTEXT,0.16980586011129004,0
2026-06,2026-06-30,202606301104,OPP_CONTEXT,0.1513374243515154,0
2026-06,2026-06-30,202606302304,OPP_CONTEXT,0.25179282456263213,0
2026-06,2026-06-01,202606010506,ENV_ENTRY,0.319370222833072,0
2026-06,2026-06-01,202606010803,ENV_ENTRY,0.31891688000730173,0
2026-06,2026-06-01,202606010807,ENV_ENTRY,0.14487771168805236,0
2026-06,2026-06-01,202606010809,ENV_ENTRY,0.32977605850460273,0
2026-06,2026-06-01,202606010906,ENV_ENTRY,0.19333502250845522,0
2026-06,2026-06-01,202606012011,ENV_ENTRY,0.26319552153054016,0
2026-06,2026-06-01,202606012402,ENV_ENTRY,0.44396703291822404,0
2026-06,2026-06-02,202606020906,ENV_ENTRY,0.38060202540939586,0
2026-06,2026-06-02,202606021007,ENV_ENTRY,0.28101423186696256,1
2026-06,2026-06-02,202606021305,ENV_ENTRY,0.07441626343015507,0
2026-06,2026-06-02,202606022010,ENV_ENTRY,0.1267620463120471,0
2026-06,2026-06-02,202606022307,ENV_ENTRY,0.45562748568719524,0
2026-06,2026-06-02,202606022412,ENV_ENTRY,0.20642721031441813,0
2026-06,2026-06-03,202606030503,ENV_ENTRY,0.15092792270736094,0
2026-06,2026-06-03,202606031203,ENV_ENTRY,0.11193485416302486,0
2026-06,2026-06-03,202606031209,ENV_ENTRY,0.19732855785487433,0
2026-06,2026-06-03,202606032109,ENV_ENTRY,0.4050858265811509,0
2026-06,2026-06-03,202606032412,ENV_ENTRY,0.14323288443880208,0
2026-06,2026-06-04,202606040305,ENV_ENTRY,0.3497146726489679,1
2026-06,2026-06-04,202606040506,ENV_ENTRY,0.5940814137467045,1
2026-06,2026-06-04,202606040907,ENV_ENTRY,0.3002935444468836,0
2026-06,2026-06-04,202606041307,ENV_ENTRY,0.3868591101556654,1
2026-06,2026-06-04,202606041908,ENV_ENTRY,0.1496703585068111,0
2026-06,2026-06-05,202606050305,ENV_ENTRY,0.3478331164323352,0
2026-06,2026-06-05,202606051306,ENV_ENTRY,0.17907275473897943,0
2026-06,2026-06-05,202606051804,ENV_ENTRY,0.1720718848331717,0
2026-06,2026-06-06,202606060702,ENV_ENTRY,0.15332485320740272,1
2026-06,2026-06-06,202606060703,ENV_ENTRY,0.32224773705381643,0
2026-06,2026-06-06,202606060802,ENV_ENTRY,0.402083472502961,0
2026-06,2026-06-06,202606061506,ENV_ENTRY,0.17468305186973027,0
2026-06,2026-06-06,202606061507,ENV_ENTRY,0.1093600612396884,0
2026-06,2026-06-07,202606070708,ENV_ENTRY,0.14903283992343325,0
2026-06,2026-06-07,202606070908,ENV_ENTRY,0.2487343170504283,1
2026-06,2026-06-07,202606071005,ENV_ENTRY,0.4489603657082399,0
2026-06,2026-06-07,202606072408,ENV_ENTRY,0.2644837227392932,0
2026-06,2026-06-08,202606080510,ENV_ENTRY,0.3196681939009657,0
2026-06,2026-06-08,202606080910,ENV_ENTRY,0.4776706414071659,1
2026-06,2026-06-10,202606100112,ENV_ENTRY,0.08199464561040536,0
2026-06,2026-06-10,202606100606,ENV_ENTRY,0.14862487975648778,0
2026-06,2026-06-10,202606100903,ENV_ENTRY,0.3387848758787957,1
2026-06,2026-06-12,202606121108,ENV_ENTRY,0.2902380963068975,0
2026-06,2026-06-12,202606121901,ENV_ENTRY,0.40644391392812823,0
2026-06,2026-06-12,202606122306,ENV_ENTRY,0.4053733557225019,1
2026-06,2026-06-13,202606130312,ENV_ENTRY,0.21571244206593557,1
2026-06,2026-06-13,202606130609,ENV_ENTRY,0.31133315098383274,0
2026-06,2026-06-13,202606130702,ENV_ENTRY,0.26839030055504287,1
2026-06,2026-06-13,202606130707,ENV_ENTRY,0.2302019164431509,0
2026-06,2026-06-13,202606132007,ENV_ENTRY,0.17477066606891686,0
2026-06,2026-06-13,202606132204,ENV_ENTRY,0.25464362309493,1
2026-06,2026-06-13,202606132307,ENV_ENTRY,0.3483010677013435,0
2026-06,2026-06-14,202606140105,ENV_ENTRY,0.13621996880410792,1
2026-06,2026-06-14,202606141005,ENV_ENTRY,0.12014013438956159,0
2026-06,2026-06-14,202606142007,ENV_ENTRY,0.13063529776325167,0
2026-06,2026-06-14,202606142208,ENV_ENTRY,0.1637234703254832,0
2026-06,2026-06-15,202606150310,ENV_ENTRY,0.5383927713107777,0
2026-06,2026-06-15,202606151208,ENV_ENTRY,0.1619665475351778,0
2026-06,2026-06-15,202606151605,ENV_ENTRY,0.1233776550844944,0
2026-06,2026-06-16,202606161202,ENV_ENTRY,0.06504273927158918,1
2026-06,2026-06-18,202606180205,ENV_ENTRY,0.26470920032996664,0
2026-06,2026-06-18,202606180208,ENV_ENTRY,0.14195057258417837,0
2026-06,2026-06-18,202606180510,ENV_ENTRY,0.2656509223581433,0
2026-06,2026-06-18,202606180512,ENV_ENTRY,0.23132916403400577,0
2026-06,2026-06-18,202606180906,ENV_ENTRY,0.20390199908949327,0
2026-06,2026-06-18,202606180909,ENV_ENTRY,0.3915987095294498,0
2026-06,2026-06-18,202606181306,ENV_ENTRY,0.312674248585753,0
2026-06,2026-06-18,202606182107,ENV_ENTRY,0.17377694613857572,0
2026-06,2026-06-19,202606190903,ENV_ENTRY,0.2946277494056129,0
2026-06,2026-06-19,202606192007,ENV_ENTRY,0.23783163057422632,1
2026-06,2026-06-19,202606192105,ENV_ENTRY,0.1291830516097643,1
2026-06,2026-06-19,202606192107,ENV_ENTRY,0.242505803292822,0
2026-06,2026-06-20,202606200408,ENV_ENTRY,0.24648682000833702,0
2026-06,2026-06-20,202606200410,ENV_ENTRY,0.319623912710969,0
2026-06,2026-06-20,202606200607,ENV_ENTRY,0.05635133893723916,0
2026-06,2026-06-20,202606200608,ENV_ENTRY,0.20740439258663504,1
2026-06,2026-06-20,202606200903,ENV_ENTRY,0.2634229312006445,0
2026-06,2026-06-20,202606201709,ENV_ENTRY,0.33318193576191085,1
2026-06,2026-06-20,202606202108,ENV_ENTRY,0.12895945264476316,0
2026-06,2026-06-21,202606210401,ENV_ENTRY,0.11838130693103098,0
2026-06,2026-06-21,202606210608,ENV_ENTRY,0.3142905912161475,0
2026-06,2026-06-21,202606210906,ENV_ENTRY,0.4230519091933525,1
2026-06,2026-06-21,202606211012,ENV_ENTRY,0.2598925151132987,0
2026-06,2026-06-22,202606220604,ENV_ENTRY,0.09610136283582876,0
2026-06,2026-06-22,202606220812,ENV_ENTRY,0.10835947079286652,0
2026-06,2026-06-22,202606221310,ENV_ENTRY,0.2849744410333658,0
2026-06,2026-06-22,202606222204,ENV_ENTRY,0.12668419583647755,0
2026-06,2026-06-22,202606222306,ENV_ENTRY,0.108028521603245,0
2026-06,2026-06-23,202606230808,ENV_ENTRY,0.11687204859262139,0
2026-06,2026-06-23,202606231004,ENV_ENTRY,0.2417656191452538,1
2026-06,2026-06-23,202606232303,ENV_ENTRY,0.27479293122684845,0
2026-06,2026-06-24,202606240605,ENV_ENTRY,0.29903094393528135,1
2026-06,2026-06-24,202606240804,ENV_ENTRY,0.0862508505140828,0
2026-06,2026-06-24,202606240911,ENV_ENTRY,0.11451563905289412,0
2026-06,2026-06-24,202606241207,ENV_ENTRY,0.33522672442048285,1
2026-06,2026-06-24,202606241210,ENV_ENTRY,0.24200751189418176,0
2026-06,2026-06-24,202606242309,ENV_ENTRY,0.21061387538588802,1
2026-06,2026-06-25,202606250310,ENV_ENTRY,0.08529410754268699,0
2026-06,2026-06-25,202606250409,ENV_ENTRY,0.08134308635998,0
2026-06,2026-06-25,202606252102,ENV_ENTRY,0.23881252669543573,0
2026-06,2026-06-25,202606252106,ENV_ENTRY,0.22251021326084222,1
2026-06,2026-06-26,202606260304,ENV_ENTRY,0.18194663024068325,0
2026-06,2026-06-26,202606260410,ENV_ENTRY,0.4285510109146492,0
2026-06,2026-06-26,202606260705,ENV_ENTRY,0.561666553333629,1
2026-06,2026-06-26,202606261709,ENV_ENTRY,0.3824789443402196,0
2026-06,2026-06-26,202606261803,ENV_ENTRY,0.29703899529176103,0
2026-06,2026-06-27,202606270912,ENV_ENTRY,0.1559694410294943,0
2026-06,2026-06-28,202606280204,ENV_ENTRY,0.14785089505329993,0
2026-06,2026-06-28,202606280205,ENV_ENTRY,0.24713362109834836,0
2026-06,2026-06-28,202606280405,ENV_ENTRY,0.13710876997360896,0
2026-06,2026-06-28,202606280508,ENV_ENTRY,0.5190273985381935,0
2026-06,2026-06-28,202606281006,ENV_ENTRY,0.13820604714034931,0
2026-06,2026-06-28,202606281008,ENV_ENTRY,0.2865087509685108,0
2026-06,2026-06-28,202606281803,ENV_ENTRY,0.13173228991491343,0
2026-06,2026-06-28,202606282005,ENV_ENTRY,0.14138828054106514,1
2026-06,2026-06-28,202606282407,ENV_ENTRY,0.2829769170960578,0
2026-06,2026-06-29,202606290212,ENV_ENTRY,0.08875675320500039,0
2026-06,2026-06-29,202606290301,ENV_ENTRY,0.09774954549416803,0
2026-06,2026-06-29,202606290310,ENV_ENTRY,0.21513455701784814,1
2026-06,2026-06-29,202606290806,ENV_ENTRY,0.41185755325719425,1
2026-06,2026-06-29,202606291109,ENV_ENTRY,0.2398336919377511,0
2026-06,2026-06-29,202606291111,ENV_ENTRY,0.20338815559677606,0
2026-06,2026-06-29,202606292007,ENV_ENTRY,0.13590662729011208,0
2026-06,2026-06-29,202606292011,ENV_ENTRY,0.20991103719008888,0
2026-06,2026-06-29,202606292102,ENV_ENTRY,0.139577767661529,0
2026-06,2026-06-30,202606301004,ENV_ENTRY,0.2617292814238051,0
2026-06,2026-06-30,202606301104,ENV_ENTRY,0.1259443625189117,0
2026-06,2026-06-30,202606302304,ENV_ENTRY,0.4029733562426436,0
2026-06,2026-06-01,202606010506,ALL_SAFE_LINEAR,0.2312820821820469,0
2026-06,2026-06-01,202606010803,ALL_SAFE_LINEAR,0.10736930970772458,0
2026-06,2026-06-01,202606010807,ALL_SAFE_LINEAR,0.02391223657348828,0
2026-06,2026-06-01,202606010809,ALL_SAFE_LINEAR,0.17903121311110176,0
2026-06,2026-06-01,202606010906,ALL_SAFE_LINEAR,0.03556392715946225,0
2026-06,2026-06-01,202606012011,ALL_SAFE_LINEAR,0.040879043540617985,0
2026-06,2026-06-01,202606012402,ALL_SAFE_LINEAR,0.0459030831584761,0
2026-06,2026-06-02,202606020906,ALL_SAFE_LINEAR,0.8151619157583407,0
2026-06,2026-06-02,202606021007,ALL_SAFE_LINEAR,0.8263419716117741,1
2026-06,2026-06-02,202606021305,ALL_SAFE_LINEAR,0.0008803891299675517,0
2026-06,2026-06-02,202606022010,ALL_SAFE_LINEAR,0.054327276386782024,0
2026-06,2026-06-02,202606022307,ALL_SAFE_LINEAR,0.05789593042866099,0
2026-06,2026-06-02,202606022412,ALL_SAFE_LINEAR,0.1264678948922401,0
2026-06,2026-06-03,202606030503,ALL_SAFE_LINEAR,0.01631058110137368,0
2026-06,2026-06-03,202606031203,ALL_SAFE_LINEAR,0.41391164435121464,0
2026-06,2026-06-03,202606031209,ALL_SAFE_LINEAR,0.6710329316411382,0
2026-06,2026-06-03,202606032109,ALL_SAFE_LINEAR,0.19596292359676315,0
2026-06,2026-06-03,202606032412,ALL_SAFE_LINEAR,0.010972477536674732,0
2026-06,2026-06-04,202606040305,ALL_SAFE_LINEAR,0.6969432887319316,1
2026-06,2026-06-04,202606040506,ALL_SAFE_LINEAR,0.15450379397968977,1
2026-06,2026-06-04,202606040907,ALL_SAFE_LINEAR,0.12558662419655464,0
2026-06,2026-06-04,202606041307,ALL_SAFE_LINEAR,0.17351692868495333,1
2026-06,2026-06-04,202606041908,ALL_SAFE_LINEAR,0.0709247332365974,0
2026-06,2026-06-05,202606050305,ALL_SAFE_LINEAR,0.5339975121220728,0
2026-06,2026-06-05,202606051306,ALL_SAFE_LINEAR,0.06819994292337767,0
2026-06,2026-06-05,202606051804,ALL_SAFE_LINEAR,0.014527911810511095,0
2026-06,2026-06-06,202606060702,ALL_SAFE_LINEAR,0.27324917702229573,1
2026-06,2026-06-06,202606060703,ALL_SAFE_LINEAR,0.16295267043974151,0
2026-06,2026-06-06,202606060802,ALL_SAFE_LINEAR,0.6531076596910146,0
2026-06,2026-06-06,202606061506,ALL_SAFE_LINEAR,0.018993663927985266,0
2026-06,2026-06-06,202606061507,ALL_SAFE_LINEAR,0.0015421088621240372,0
2026-06,2026-06-07,202606070708,ALL_SAFE_LINEAR,0.006611357880940428,0
2026-06,2026-06-07,202606070908,ALL_SAFE_LINEAR,0.035914564316015224,1
2026-06,2026-06-07,202606071005,ALL_SAFE_LINEAR,0.3264608936652592,0
2026-06,2026-06-07,202606072408,ALL_SAFE_LINEAR,0.056719007910844985,0
2026-06,2026-06-08,202606080510,ALL_SAFE_LINEAR,0.25468321206426286,0
2026-06,2026-06-08,202606080910,ALL_SAFE_LINEAR,0.49494876436638674,1
2026-06,2026-06-10,202606100112,ALL_SAFE_LINEAR,0.028252216860966246,0
2026-06,2026-06-10,202606100606,ALL_SAFE_LINEAR,0.12230877390313603,0
2026-06,2026-06-10,202606100903,ALL_SAFE_LINEAR,0.38510184507324685,1
2026-06,2026-06-12,202606121108,ALL_SAFE_LINEAR,0.789735182767376,0
2026-06,2026-06-12,202606121901,ALL_SAFE_LINEAR,0.05037769406006572,0
2026-06,2026-06-12,202606122306,ALL_SAFE_LINEAR,0.8310050915119811,1
2026-06,2026-06-13,202606130312,ALL_SAFE_LINEAR,0.22489510863757625,1
2026-06,2026-06-13,202606130609,ALL_SAFE_LINEAR,0.22755439871982228,0
2026-06,2026-06-13,202606130702,ALL_SAFE_LINEAR,0.267736007282947,1
2026-06,2026-06-13,202606130707,ALL_SAFE_LINEAR,0.05770794393306507,0
2026-06,2026-06-13,202606132007,ALL_SAFE_LINEAR,0.035367179472424,0
2026-06,2026-06-13,202606132204,ALL_SAFE_LINEAR,0.22148348480603744,1
2026-06,2026-06-13,202606132307,ALL_SAFE_LINEAR,0.35042824051148774,0
2026-06,2026-06-14,202606140105,ALL_SAFE_LINEAR,0.024358163562005763,1
2026-06,2026-06-14,202606141005,ALL_SAFE_LINEAR,0.2401545544635644,0
2026-06,2026-06-14,202606142007,ALL_SAFE_LINEAR,0.5557036704780083,0
2026-06,2026-06-14,202606142208,ALL_SAFE_LINEAR,0.2606430106725539,0
2026-06,2026-06-15,202606150310,ALL_SAFE_LINEAR,0.21950645159285803,0
2026-06,2026-06-15,202606151208,ALL_SAFE_LINEAR,0.30784082294768345,0
2026-06,2026-06-15,202606151605,ALL_SAFE_LINEAR,0.17219039512662804,0
2026-06,2026-06-16,202606161202,ALL_SAFE_LINEAR,0.09997583217491979,1
2026-06,2026-06-18,202606180205,ALL_SAFE_LINEAR,0.12457645235767,0
2026-06,2026-06-18,202606180208,ALL_SAFE_LINEAR,0.10809157703790265,0
2026-06,2026-06-18,202606180510,ALL_SAFE_LINEAR,0.012209282065086766,0
2026-06,2026-06-18,202606180512,ALL_SAFE_LINEAR,0.23697168951557662,0
2026-06,2026-06-18,202606180906,ALL_SAFE_LINEAR,0.10604061371603889,0
2026-06,2026-06-18,202606180909,ALL_SAFE_LINEAR,0.07540902744300791,0
2026-06,2026-06-18,202606181306,ALL_SAFE_LINEAR,0.16369321032658618,0
2026-06,2026-06-18,202606182107,ALL_SAFE_LINEAR,0.03516485464024947,0
2026-06,2026-06-19,202606190903,ALL_SAFE_LINEAR,0.08811942532013806,0
2026-06,2026-06-19,202606192007,ALL_SAFE_LINEAR,0.2117686032509188,1
2026-06,2026-06-19,202606192105,ALL_SAFE_LINEAR,0.01822014317845626,1
2026-06,2026-06-19,202606192107,ALL_SAFE_LINEAR,0.15087213789881845,0
2026-06,2026-06-20,202606200408,ALL_SAFE_LINEAR,0.14061208068369288,0
2026-06,2026-06-20,202606200410,ALL_SAFE_LINEAR,0.009268113510336698,0
2026-06,2026-06-20,202606200607,ALL_SAFE_LINEAR,0.08530658315877222,0
2026-06,2026-06-20,202606200608,ALL_SAFE_LINEAR,0.1583832958368796,1
2026-06,2026-06-20,202606200903,ALL_SAFE_LINEAR,0.23832434730599153,0
2026-06,2026-06-20,202606201709,ALL_SAFE_LINEAR,0.19304513570635573,1
2026-06,2026-06-20,202606202108,ALL_SAFE_LINEAR,0.1338152349722542,0
2026-06,2026-06-21,202606210401,ALL_SAFE_LINEAR,0.24419472633104594,0
2026-06,2026-06-21,202606210608,ALL_SAFE_LINEAR,0.13232889777977744,0
2026-06,2026-06-21,202606210906,ALL_SAFE_LINEAR,0.2486165091795599,1
2026-06,2026-06-21,202606211012,ALL_SAFE_LINEAR,0.01624321828568664,0
2026-06,2026-06-22,202606220604,ALL_SAFE_LINEAR,0.1523796243024691,0
2026-06,2026-06-22,202606220812,ALL_SAFE_LINEAR,0.03209244343106001,0
2026-06,2026-06-22,202606221310,ALL_SAFE_LINEAR,0.0018697520498397622,0
2026-06,2026-06-22,202606222204,ALL_SAFE_LINEAR,0.12069741043822466,0
2026-06,2026-06-22,202606222306,ALL_SAFE_LINEAR,0.0021291936372654714,0
2026-06,2026-06-23,202606230808,ALL_SAFE_LINEAR,0.0897072875594522,0
2026-06,2026-06-23,202606231004,ALL_SAFE_LINEAR,0.12331863781697741,1
2026-06,2026-06-23,202606232303,ALL_SAFE_LINEAR,0.19290599026828478,0
2026-06,2026-06-24,202606240605,ALL_SAFE_LINEAR,0.019895878351944542,1
2026-06,2026-06-24,202606240804,ALL_SAFE_LINEAR,0.05586597325739833,0
2026-06,2026-06-24,202606240911,ALL_SAFE_LINEAR,0.021591188560974615,0
2026-06,2026-06-24,202606241207,ALL_SAFE_LINEAR,0.35118007818119,1
2026-06,2026-06-24,202606241210,ALL_SAFE_LINEAR,0.42030472660308343,0
2026-06,2026-06-24,202606242309,ALL_SAFE_LINEAR,0.20914176831146994,1
2026-06,2026-06-25,202606250310,ALL_SAFE_LINEAR,0.19831997664979095,0
2026-06,2026-06-25,202606250409,ALL_SAFE_LINEAR,0.05090084470251643,0
2026-06,2026-06-25,202606252102,ALL_SAFE_LINEAR,0.5007333941543739,0
2026-06,2026-06-25,202606252106,ALL_SAFE_LINEAR,0.01776533281124478,1
2026-06,2026-06-26,202606260304,ALL_SAFE_LINEAR,0.08621293788713577,0
2026-06,2026-06-26,202606260410,ALL_SAFE_LINEAR,0.26442897020566075,0
2026-06,2026-06-26,202606260705,ALL_SAFE_LINEAR,0.3589173832250426,1
2026-06,2026-06-26,202606261709,ALL_SAFE_LINEAR,0.3925863991703332,0
2026-06,2026-06-26,202606261803,ALL_SAFE_LINEAR,0.4034942852643226,0
2026-06,2026-06-27,202606270912,ALL_SAFE_LINEAR,0.04457794541471992,0
2026-06,2026-06-28,202606280204,ALL_SAFE_LINEAR,0.8118562123149901,0
2026-06,2026-06-28,202606280205,ALL_SAFE_LINEAR,0.40551339751622,0
2026-06,2026-06-28,202606280405,ALL_SAFE_LINEAR,0.05398932382715521,0
2026-06,2026-06-28,202606280508,ALL_SAFE_LINEAR,0.7460708910685404,0
2026-06,2026-06-28,202606281006,ALL_SAFE_LINEAR,0.09662934707148459,0
2026-06,2026-06-28,202606281008,ALL_SAFE_LINEAR,0.0208265449094442,0
2026-06,2026-06-28,202606281803,ALL_SAFE_LINEAR,0.005068491181434895,0
2026-06,2026-06-28,202606282005,ALL_SAFE_LINEAR,0.2913559369351985,1
2026-06,2026-06-28,202606282407,ALL_SAFE_LINEAR,0.24240243753920884,0
2026-06,2026-06-29,202606290212,ALL_SAFE_LINEAR,0.006735801203400413,0
2026-06,2026-06-29,202606290301,ALL_SAFE_LINEAR,0.014867636799803534,0
2026-06,2026-06-29,202606290310,ALL_SAFE_LINEAR,0.3194763508039369,1
2026-06,2026-06-29,202606290806,ALL_SAFE_LINEAR,0.5669739640469562,1
2026-06,2026-06-29,202606291109,ALL_SAFE_LINEAR,0.12248856882185136,0
2026-06,2026-06-29,202606291111,ALL_SAFE_LINEAR,0.025112781796524996,0
2026-06,2026-06-29,202606292007,ALL_SAFE_LINEAR,0.10437429153953871,0
2026-06,2026-06-29,202606292011,ALL_SAFE_LINEAR,0.11172647148897615,0
2026-06,2026-06-29,202606292102,ALL_SAFE_LINEAR,0.2112284070109999,0
2026-06,2026-06-30,202606301004,ALL_SAFE_LINEAR,0.791563914469268,0
2026-06,2026-06-30,202606301104,ALL_SAFE_LINEAR,0.0016180124487502098,0
2026-06,2026-06-30,202606302304,ALL_SAFE_LINEAR,0.5962826789930387,0
2026-06,2026-06-01,202606010506,ALL_SAFE_HGB,0.07212123772417044,0
2026-06,2026-06-01,202606010803,ALL_SAFE_HGB,0.14092366575259171,0
2026-06,2026-06-01,202606010807,ALL_SAFE_HGB,0.029892949198549724,0
2026-06,2026-06-01,202606010809,ALL_SAFE_HGB,0.05329423374427608,0
2026-06,2026-06-01,202606010906,ALL_SAFE_HGB,0.304617358288296,0
2026-06,2026-06-01,202606012011,ALL_SAFE_HGB,0.12680986578998626,0
2026-06,2026-06-01,202606012402,ALL_SAFE_HGB,0.22373225401305152,0
2026-06,2026-06-02,202606020906,ALL_SAFE_HGB,0.4096854978601617,0
2026-06,2026-06-02,202606021007,ALL_SAFE_HGB,0.41401090883832176,1
2026-06,2026-06-02,202606021305,ALL_SAFE_HGB,0.029277627621863905,0
2026-06,2026-06-02,202606022010,ALL_SAFE_HGB,0.03035588536944495,0
2026-06,2026-06-02,202606022307,ALL_SAFE_HGB,0.15470997629093378,0
2026-06,2026-06-02,202606022412,ALL_SAFE_HGB,0.07336920595893286,0
2026-06,2026-06-03,202606030503,ALL_SAFE_HGB,0.041935646831117626,0
2026-06,2026-06-03,202606031203,ALL_SAFE_HGB,0.06925932720898406,0
2026-06,2026-06-03,202606031209,ALL_SAFE_HGB,0.1927000480763893,0
2026-06,2026-06-03,202606032109,ALL_SAFE_HGB,0.13905441662498413,0
2026-06,2026-06-03,202606032412,ALL_SAFE_HGB,0.009115718787266046,0
2026-06,2026-06-04,202606040305,ALL_SAFE_HGB,0.11085925946229419,1
2026-06,2026-06-04,202606040506,ALL_SAFE_HGB,0.07489239599137876,1
2026-06,2026-06-04,202606040907,ALL_SAFE_HGB,0.04357153895815891,0
2026-06,2026-06-04,202606041307,ALL_SAFE_HGB,0.2395197876570942,1
2026-06,2026-06-04,202606041908,ALL_SAFE_HGB,0.13967817639860036,0
2026-06,2026-06-05,202606050305,ALL_SAFE_HGB,0.17245747359968236,0
2026-06,2026-06-05,202606051306,ALL_SAFE_HGB,0.045190512413418704,0
2026-06,2026-06-05,202606051804,ALL_SAFE_HGB,0.04131595685340663,0
2026-06,2026-06-06,202606060702,ALL_SAFE_HGB,0.17930341997687352,1
2026-06,2026-06-06,202606060703,ALL_SAFE_HGB,0.14305776469007206,0
2026-06,2026-06-06,202606060802,ALL_SAFE_HGB,0.3491539758643345,0
2026-06,2026-06-06,202606061506,ALL_SAFE_HGB,0.4337924420188059,0
2026-06,2026-06-06,202606061507,ALL_SAFE_HGB,0.052829449216483054,0
2026-06,2026-06-07,202606070708,ALL_SAFE_HGB,0.1698609681241318,0
2026-06,2026-06-07,202606070908,ALL_SAFE_HGB,0.37991482305161206,1
2026-06,2026-06-07,202606071005,ALL_SAFE_HGB,0.15059207271246416,0
2026-06,2026-06-07,202606072408,ALL_SAFE_HGB,0.10742113748184179,0
2026-06,2026-06-08,202606080510,ALL_SAFE_HGB,0.26869177996808963,0
2026-06,2026-06-08,202606080910,ALL_SAFE_HGB,0.4803621777002659,1
2026-06,2026-06-10,202606100112,ALL_SAFE_HGB,0.012954161208553165,0
2026-06,2026-06-10,202606100606,ALL_SAFE_HGB,0.2031286245216766,0
2026-06,2026-06-10,202606100903,ALL_SAFE_HGB,0.40852917522426024,1
2026-06,2026-06-12,202606121108,ALL_SAFE_HGB,0.36917303600380147,0
2026-06,2026-06-12,202606121901,ALL_SAFE_HGB,0.22826180581663622,0
2026-06,2026-06-12,202606122306,ALL_SAFE_HGB,0.4343450165764912,1
2026-06,2026-06-13,202606130312,ALL_SAFE_HGB,0.038765201187131636,1
2026-06,2026-06-13,202606130609,ALL_SAFE_HGB,0.1491141931847997,0
2026-06,2026-06-13,202606130702,ALL_SAFE_HGB,0.12702844959571438,1
2026-06,2026-06-13,202606130707,ALL_SAFE_HGB,0.12973853155284157,0
2026-06,2026-06-13,202606132007,ALL_SAFE_HGB,0.01094923212907421,0
2026-06,2026-06-13,202606132204,ALL_SAFE_HGB,0.3380607292648963,1
2026-06,2026-06-13,202606132307,ALL_SAFE_HGB,0.1748770870918011,0
2026-06,2026-06-14,202606140105,ALL_SAFE_HGB,0.06872747804981101,1
2026-06,2026-06-14,202606141005,ALL_SAFE_HGB,0.04296104768320358,0
2026-06,2026-06-14,202606142007,ALL_SAFE_HGB,0.1881838555035569,0
2026-06,2026-06-14,202606142208,ALL_SAFE_HGB,0.5098231491720553,0
2026-06,2026-06-15,202606150310,ALL_SAFE_HGB,0.33421703341020204,0
2026-06,2026-06-15,202606151208,ALL_SAFE_HGB,0.05353075577125631,0
2026-06,2026-06-15,202606151605,ALL_SAFE_HGB,0.1328631506280127,0
2026-06,2026-06-16,202606161202,ALL_SAFE_HGB,0.034086222127594844,1
2026-06,2026-06-18,202606180205,ALL_SAFE_HGB,0.366300622868304,0
2026-06,2026-06-18,202606180208,ALL_SAFE_HGB,0.20909938622691357,0
2026-06,2026-06-18,202606180510,ALL_SAFE_HGB,0.03622937958147404,0
2026-06,2026-06-18,202606180512,ALL_SAFE_HGB,0.043329499387460765,0
2026-06,2026-06-18,202606180906,ALL_SAFE_HGB,0.10087598046528667,0
2026-06,2026-06-18,202606180909,ALL_SAFE_HGB,0.12162400614307298,0
2026-06,2026-06-18,202606181306,ALL_SAFE_HGB,0.028111500844056652,0
2026-06,2026-06-18,202606182107,ALL_SAFE_HGB,0.029145841606670397,0
2026-06,2026-06-19,202606190903,ALL_SAFE_HGB,0.126728324515321,0
2026-06,2026-06-19,202606192007,ALL_SAFE_HGB,0.11034723709063451,1
2026-06,2026-06-19,202606192105,ALL_SAFE_HGB,0.0668349257685907,1
2026-06,2026-06-19,202606192107,ALL_SAFE_HGB,0.07529006474752517,0
2026-06,2026-06-20,202606200408,ALL_SAFE_HGB,0.0803660005937784,0
2026-06,2026-06-20,202606200410,ALL_SAFE_HGB,0.2605994971913711,0
2026-06,2026-06-20,202606200607,ALL_SAFE_HGB,0.04436688945542581,0
2026-06,2026-06-20,202606200608,ALL_SAFE_HGB,0.15140262587143719,1
2026-06,2026-06-20,202606200903,ALL_SAFE_HGB,0.08935498058394316,0
2026-06,2026-06-20,202606201709,ALL_SAFE_HGB,0.512019864479885,1
2026-06,2026-06-20,202606202108,ALL_SAFE_HGB,0.12259800700230088,0
2026-06,2026-06-21,202606210401,ALL_SAFE_HGB,0.05888547681829717,0
2026-06,2026-06-21,202606210608,ALL_SAFE_HGB,0.05151555977824134,0
2026-06,2026-06-21,202606210906,ALL_SAFE_HGB,0.5906616790595071,1
2026-06,2026-06-21,202606211012,ALL_SAFE_HGB,0.09349134484539114,0
2026-06,2026-06-22,202606220604,ALL_SAFE_HGB,0.06083959616741115,0
2026-06,2026-06-22,202606220812,ALL_SAFE_HGB,0.022815318974982055,0
2026-06,2026-06-22,202606221310,ALL_SAFE_HGB,0.06039400886698579,0
2026-06,2026-06-22,202606222204,ALL_SAFE_HGB,0.2680918286433947,0
2026-06,2026-06-22,202606222306,ALL_SAFE_HGB,0.07115218526080343,0
2026-06,2026-06-23,202606230808,ALL_SAFE_HGB,0.03883257499618671,0
2026-06,2026-06-23,202606231004,ALL_SAFE_HGB,0.06878039207443055,1
2026-06,2026-06-23,202606232303,ALL_SAFE_HGB,0.03549562328043947,0
2026-06,2026-06-24,202606240605,ALL_SAFE_HGB,0.11699824183802543,1
2026-06,2026-06-24,202606240804,ALL_SAFE_HGB,0.021538401141756137,0
2026-06,2026-06-24,202606240911,ALL_SAFE_HGB,0.020519871406340987,0
2026-06,2026-06-24,202606241207,ALL_SAFE_HGB,0.6825218625604403,1
2026-06,2026-06-24,202606241210,ALL_SAFE_HGB,0.24438382114063992,0
2026-06,2026-06-24,202606242309,ALL_SAFE_HGB,0.18762832850390349,1
2026-06,2026-06-25,202606250310,ALL_SAFE_HGB,0.09824783356773364,0
2026-06,2026-06-25,202606250409,ALL_SAFE_HGB,0.13484105585265127,0
2026-06,2026-06-25,202606252102,ALL_SAFE_HGB,0.043938315610423294,0
2026-06,2026-06-25,202606252106,ALL_SAFE_HGB,0.1866918498051373,1
2026-06,2026-06-26,202606260304,ALL_SAFE_HGB,0.19308981383984486,0
2026-06,2026-06-26,202606260410,ALL_SAFE_HGB,0.3260871559528316,0
2026-06,2026-06-26,202606260705,ALL_SAFE_HGB,0.3506927612027995,1
2026-06,2026-06-26,202606261709,ALL_SAFE_HGB,0.1350243978278762,0
2026-06,2026-06-26,202606261803,ALL_SAFE_HGB,0.24882297463721584,0
2026-06,2026-06-27,202606270912,ALL_SAFE_HGB,0.05414332471462648,0
2026-06,2026-06-28,202606280204,ALL_SAFE_HGB,0.1332662836507798,0
2026-06,2026-06-28,202606280205,ALL_SAFE_HGB,0.12100172107500795,0
2026-06,2026-06-28,202606280405,ALL_SAFE_HGB,0.026899541012676817,0
2026-06,2026-06-28,202606280508,ALL_SAFE_HGB,0.29502383087410217,0
2026-06,2026-06-28,202606281006,ALL_SAFE_HGB,0.5110455817933328,0
2026-06,2026-06-28,202606281008,ALL_SAFE_HGB,0.36355619903145187,0
2026-06,2026-06-28,202606281803,ALL_SAFE_HGB,0.049093367449720024,0
2026-06,2026-06-28,202606282005,ALL_SAFE_HGB,0.12531932340704602,1
2026-06,2026-06-28,202606282407,ALL_SAFE_HGB,0.2862433216002704,0
2026-06,2026-06-29,202606290212,ALL_SAFE_HGB,0.07633542866789929,0
2026-06,2026-06-29,202606290301,ALL_SAFE_HGB,0.06578290946312704,0
2026-06,2026-06-29,202606290310,ALL_SAFE_HGB,0.34360910805356504,1
2026-06,2026-06-29,202606290806,ALL_SAFE_HGB,0.09814290975199082,1
2026-06,2026-06-29,202606291109,ALL_SAFE_HGB,0.09829633211239044,0
2026-06,2026-06-29,202606291111,ALL_SAFE_HGB,0.023417725096024196,0
2026-06,2026-06-29,202606292007,ALL_SAFE_HGB,0.09330828375848063,0
2026-06,2026-06-29,202606292011,ALL_SAFE_HGB,0.34188561374628146,0
2026-06,2026-06-29,202606292102,ALL_SAFE_HGB,0.053555462882205807,0
2026-06,2026-06-30,202606301004,ALL_SAFE_HGB,0.1970282434134176,0
2026-06,2026-06-30,202606301104,ALL_SAFE_HGB,0.020520771429923104,0
2026-06,2026-06-30,202606302304,ALL_SAFE_HGB,0.4891414866027444,0
