pre_cut,post_cut,target_comp,R,avg_n,avg_comp,hit_pct,roi_pct,profit_yen,R_feb_jun,roi_feb_jun_pct
0.15,0.15,5.0,396,7.207070707070707,5.0718099100678735,13.88888888888889,70.65833333333333,-1161930.0,323,70.87678018575852
0.15,0.15,5.5,396,6.421717171717172,5.448465389597785,12.626262626262626,69.54974747474748,-1205830.0,323,68.2609907120743
0.15,0.15,6.0,396,5.734848484848484,5.862644746769987,11.616161616161616,68.77146464646465,-1236650.0,323,67.59473684210526
0.15,0.15,6.5,396,5.151515151515151,6.277026043941569,11.616161616161616,71.93989898989899,-1111180.0,323,70.69040247678019
0.15,0.15,7.0,396,4.691919191919192,6.673504873060739,11.363636363636363,75.0199494949495,-989210.0,323,76.33281733746131
0.15,0.15,7.5,396,4.333333333333333,6.985408418531765,11.11111111111111,76.71363636363637,-922140.0,323,79.52445820433437
0.15,0.15,8.0,396,4.0353535353535355,7.301754679828287,11.11111111111111,80.1189393939394,-787290.0,323,82.77770897832818
0.15,0.15,8.5,396,3.775252525252525,7.657733582820586,10.85858585858586,82.72979797979798,-683900.0,323,85.97863777089783
0.15,0.15,9.0,396,3.525252525252525,8.028754630707162,10.353535353535353,81.22222222222223,-743600.0,323,83.72136222910217
0.15,0.15,9.5,396,3.3484848484848486,8.291303575813687,9.848484848484848,80.74520202020202,-762490.0,323,82.00835913312693
0.15,0.15,10.0,396,3.217171717171717,8.524316118611843,9.595959595959595,81.65151515151516,-726600.0,323,80.19876160990712
0.15,0.16,5.0,374,6.925133689839572,5.010510197211676,13.903743315508022,69.00026737967914,-1159390.0,304,69.66644736842105
0.15,0.16,5.5,374,6.152406417112299,5.3959405150577355,12.566844919786096,67.41764705882353,-1218580.0,304,66.7625
0.15,0.16,6.0,374,5.470588235294118,5.814459832323295,11.497326203208557,66.49224598930482,-1253190.0,304,65.92993421052631
0.15,0.16,6.5,374,4.898395721925134,6.228748719169707,11.497326203208557,69.33689839572193,-1146800.0,304,68.96973684210526
0.15,0.16,7.0,374,4.449197860962567,6.620464198532645,11.229946524064172,72.59812834224599,-1024830.0,304,74.96480263157895
0.15,0.16,7.5,374,4.096256684491979,6.9353501640014015,10.962566844919785,73.88128342245989,-976840.0,304,78.10657894736842
0.15,0.16,8.0,374,3.8155080213903743,7.243311308867614,10.962566844919785,77.48689839572192,-841990.0,304,81.56315789473685
0.15,0.16,8.5,374,3.572192513368984,7.605681380538654,10.695187165775401,80.25133689839572,-738600.0,304,84.9641447368421
0.15,0.16,9.0,374,3.336898395721925,7.976386766671076,10.427807486631016,80.37433155080214,-734000.0,304,85.0592105263158
0.15,0.16,9.5,374,3.1684491978609626,8.237446250233718,9.893048128342247,79.8692513368984,-752890.0,304,83.2391447368421
0.15,0.16,10.0,374,3.0481283422459895,8.438333722377733,9.62566844919786,80.52139037433155,-728500.0,304,81.31644736842105
0.15,0.17,5.0,352,6.596590909090909,4.966784268346424,14.204545454545455,70.30596590909092,-1045230.0,285,70.59719298245614
0.15,0.17,5.5,352,5.8352272727272725,5.358910805632889,12.784090909090908,68.45738636363636,-1110300.0,285,67.29333333333334
0.15,0.17,6.0,352,5.181818181818182,5.786751842398081,11.647727272727272,67.19573863636364,-1154710.0,285,66.06140350877193
0.15,0.17,6.5,352,4.636363636363637,6.185456957657634,11.647727272727272,70.05113636363636,-1054200.0,285,69.09754385964912
0.15,0.17,7.0,352,4.198863636363637,6.586543620526917,11.363636363636363,73.265625,-941050.0,285,75.18280701754387
0.15,0.17,7.5,352,3.9005681818181817,6.890838847908461,11.079545454545455,74.18352272727273,-908740.0,285,77.9838596491228
0.15,0.17,8.0,352,3.627840909090909,7.211370268512371,11.079545454545455,77.93096590909092,-776830.0,285,81.56771929824562
0.15,0.17,8.5,352,3.3948863636363638,7.571031232978617,10.795454545454545,80.14431818181818,-698920.0,285,84.30140350877193
0.15,0.17,9.0,352,3.1875,7.939702428427743,10.511363636363637,80.10795454545455,-700200.0,285,84.19649122807017
0.15,0.17,9.5,352,3.03125,8.1960364551839,9.943181818181818,79.57130681818182,-719090.0,285,82.25508771929825
0.15,0.17,10.0,352,2.928977272727273,8.388205374596986,9.659090909090908,80.04147727272728,-702540.0,285,79.92912280701755
0.15,0.18,5.0,329,6.279635258358662,4.951304390640954,14.285714285714285,70.7531914893617,-962220.0,268,75.07537313432836
0.15,0.18,5.5,329,5.589665653495441,5.342444507185238,12.76595744680851,68.11124620060791,-1049140.0,268,71.56194029850747
0.15,0.18,6.0,329,4.975683890577508,5.7776318632122905,11.55015197568389,66.34650455927051,-1107200.0,268,70.2518656716418
0.15,0.18,6.5,329,4.462006079027356,6.176493572980493,11.55015197568389,69.14164133738602,-1015240.0,268,73.48059701492538
0.15,0.18,7.0,329,4.054711246200608,6.569556074864589,11.55015197568389,74.52310030395137,-838190.0,268,79.9518656716418
0.15,0.18,7.5,329,3.778115501519757,6.8464305577246325,11.55015197568389,77.29057750759878,-747140.0,268,82.93059701492537
0.15,0.18,8.0,329,3.525835866261398,7.142219045882967,11.55015197568389,80.78024316109422,-632330.0,268,86.74179104477612
0.15,0.18,8.5,329,3.2948328267477205,7.504731438841897,11.246200607902736,83.1483282674772,-554420.0,268,89.64888059701492
0.15,0.18,9.0,329,3.094224924012158,7.878223802536458,10.94224924012158,83.05744680851063,-557410.0,268,89.53731343283582
0.15,0.18,9.5,329,2.9483282674772036,8.125891582332851,10.33434650455927,82.17142857142858,-586560.0,268,87.47276119402986
0.15,0.18,10.0,329,2.857142857142857,8.310106593203344,10.030395136778116,82.67446808510638,-570010.0,268,84.99925373134329
0.15,0.19,5.0,307,6.03257328990228,4.946075864027155,14.332247557003258,71.41889250814332,-877440.0,252,74.47619047619048
0.15,0.19,5.5,307,5.397394136807818,5.326660394747315,12.703583061889251,67.1042345276873,-1009900.0,252,68.93253968253968
0.15,0.19,6.0,307,4.807817589576548,5.763881814533031,11.400651465798045,64.94560260586319,-1076170.0,252,67.21349206349207
0.15,0.19,6.5,307,4.309446254071661,6.154646206195881,11.400651465798045,67.94104234527687,-984210.0,252,70.64722222222223
0.15,0.19,7.0,307,3.9348534201954397,6.550213544048308,11.400651465798045,72.88892508143323,-832310.0,252,76.5313492063492
0.15,0.19,7.5,307,3.6807817589576546,6.816062484654778,11.400651465798045,75.47752442996743,-752840.0,252,79.23968253968253
0.15,0.19,8.0,307,3.429967426710098,7.121769908373768,11.400651465798045,79.21726384364821,-638030.0,252,83.29285714285714
0.15,0.19,8.5,307,3.211726384364821,7.476400144963747,11.074918566775244,81.75504885993486,-560120.0,252,86.38452380952381
0.15,0.19,9.0,307,3.022801302931596,7.8387430485088485,11.074918566775244,84.29804560260587,-482050.0,252,89.48253968253968
0.15,0.19,9.5,307,2.8794788273615635,8.07924977900636,10.749185667752444,85.87100977198698,-433760.0,252,90.35992063492064
0.15,0.19,10.0,307,2.791530944625407,8.26681750414482,10.423452768729643,86.41009771986971,-417210.0,252,87.72936507936508
0.15,0.2,5.0,282,5.666666666666667,4.922696185322327,14.184397163120568,70.8450354609929,-822170.0,233,72.19184549356223
0.15,0.2,5.5,282,5.070921985815603,5.298497175714257,12.411347517730496,65.09255319148936,-984390.0,233,64.91888412017167
0.15,0.2,6.0,282,4.528368794326241,5.729014881421334,11.347517730496454,64.60709219858155,-998080.0,233,65.31630901287554
0.15,0.2,6.5,282,4.0638297872340425,6.117445258299872,11.347517730496454,66.95354609929078,-931910.0,233,67.92317596566524
0.15,0.2,7.0,282,3.7092198581560285,6.5182577891305655,11.347517730496454,72.34007092198581,-780010.0,233,74.28712446351932
0.15,0.2,7.5,282,3.5,6.76712083441996,11.347517730496454,74.81950354609928,-710090.0,233,76.80643776824034
0.15,0.2,8.0,282,3.2836879432624113,7.068605013518063,11.347517730496454,77.61843971631205,-631160.0,233,79.65021459227468
0.15,0.2,8.5,282,3.0851063829787235,7.4365914000895526,10.99290780141844,80.38120567375887,-553250.0,233,82.99399141630902
0.15,0.2,9.0,282,2.9113475177304964,7.789530578281056,10.99290780141844,83.14964539007092,-475180.0,233,86.34463519313304
0.15,0.2,9.5,282,2.797872340425532,7.986760099954531,10.99290780141844,87.38156028368795,-355840.0,233,90.34291845493563
0.15,0.2,10.0,282,2.719858156028369,8.173263535984253,10.638297872340425,87.96843971631206,-339290.0,233,87.49785407725322
0.15,0.21,5.0,260,5.3307692307692305,4.908348804256203,14.23076923076923,70.45538461538462,-768160.0,214,70.84485981308411
0.15,0.21,5.5,260,4.776923076923077,5.290036034955844,12.307692307692308,64.05115384615385,-934670.0,214,62.725700934579436
0.15,0.21,6.0,260,4.288461538461538,5.722248520008131,11.538461538461538,65.66961538461538,-892590.0,214,65.76448598130841
0.15,0.21,6.5,260,3.896153846153846,6.088497792405354,11.538461538461538,68.01115384615385,-831710.0,214,68.35560747663551
0.15,0.21,7.0,260,3.5923076923076924,6.483405171304385,11.538461538461538,73.44653846153847,-690390.0,214,74.79018691588784
0.15,0.21,7.5,260,3.396153846153846,6.739002529119179,11.538461538461538,76.13576923076923,-620470.0,214,77.53317757009346
0.15,0.21,8.0,260,3.2,7.028493250655377,11.538461538461538,78.76461538461538,-552120.0,214,80.13504672897196
0.15,0.21,8.5,260,3.026923076923077,7.355559088470405,11.153846153846155,79.595,-530530.0,214,81.14392523364486
0.15,0.21,9.0,260,2.85,7.7159084317992574,11.153846153846155,82.39423076923077,-457750.0,214,84.54485981308412
0.15,0.21,9.5,260,2.7423076923076923,7.903668648410775,11.153846153846155,86.98423076923076,-338410.0,214,88.8981308411215
0.15,0.21,10.0,260,2.6615384615384614,8.101990457402959,10.76923076923077,87.21384615384615,-332440.0,214,85.30607476635514
0.15,0.22,5.0,242,5.132231404958677,4.897643676076704,14.46280991735537,71.83264462809917,-681650.0,198,71.8479797979798
0.15,0.22,5.5,242,4.603305785123967,5.289067508889208,12.396694214876034,64.56818181818181,-857450.0,198,62.60353535353536
0.15,0.22,6.0,242,4.132231404958677,5.725027011242084,11.570247933884298,65.13347107438017,-843770.0,198,64.45353535353536
0.15,0.22,6.5,242,3.772727272727273,6.085424950088761,11.570247933884298,67.64917355371901,-782890.0,198,67.25404040404041
0.15,0.22,7.0,242,3.5,6.460870009320533,11.570247933884298,73.10495867768596,-650860.0,198,73.73939393939393
0.15,0.22,7.5,242,3.309917355371901,6.694888712896639,11.570247933884298,75.6297520661157,-589760.0,198,76.25858585858586
0.15,0.22,8.0,242,3.12396694214876,6.97001154958465,11.570247933884298,78.45413223140496,-521410.0,198,79.07070707070707
0.15,0.22,8.5,242,2.9545454545454546,7.3006895440189625,11.15702479338843,78.57851239669421,-518400.0,198,79.22272727272727
0.15,0.22,9.0,242,2.7851239669421486,7.673254433270364,11.15702479338843,81.58595041322315,-445620.0,198,82.89848484848486
0.15,0.22,9.5,242,2.6942148760330578,7.8273192165227945,11.15702479338843,84.87727272727273,-365970.0,198,85.5989898989899
0.15,0.22,10.0,242,2.6198347107438016,8.02988969386496,11.15702479338843,88.96280991735537,-267100.0,198,86.40858585858585
0.15,0.23,5.0,223,5.044843049327354,4.8896859280391345,14.798206278026907,73.5,-590950.0,183,72.31092896174863
0.15,0.23,5.5,223,4.5291479820627805,5.288996985402511,13.004484304932735,67.85784753363228,-716770.0,183,65.03989071038251
0.15,0.23,6.0,223,4.0807174887892375,5.700895277431714,12.10762331838565,68.4713004484305,-703090.0,183,67.04153005464481
0.15,0.23,6.5,223,3.7309417040358746,6.0495471854011145,12.10762331838565,71.20134529147983,-642210.0,183,70.07158469945355
0.15,0.23,7.0,223,3.4708520179372195,6.408177077662059,12.10762331838565,75.27892376681615,-551280.0,183,74.84262295081967
0.15,0.23,7.5,223,3.291479820627803,6.642081727334297,12.10762331838565,78.01883408071748,-490180.0,183,77.56830601092896
0.15,0.23,8.0,223,3.116591928251121,6.913664563150735,12.10762331838565,81.08385650224216,-421830.0,183,80.61092896174863
0.15,0.23,8.5,223,2.9417040358744395,7.254575389394317,11.659192825112108,81.21883408071749,-418820.0,183,80.77540983606558
0.15,0.23,9.0,223,2.7757847533632285,7.6062893898516215,11.659192825112108,84.48251121076233,-346040.0,183,84.75245901639344
0.15,0.23,9.5,223,2.68609865470852,7.750588535230061,11.659192825112108,88.0542600896861,-266390.0,183,87.67431693989072
0.15,0.23,10.0,223,2.623318385650224,7.939438747190026,11.659192825112108,92.48789237668161,-167520.0,183,88.55027322404372
0.15,0.24,5.0,207,4.975845410628019,4.867775996291186,15.458937198067632,76.84782608695652,-479250.0,170,74.99941176470588
0.15,0.24,5.5,207,4.473429951690822,5.271479613470959,13.526570048309178,70.36376811594202,-613470.0,170,66.67823529411764
0.15,0.24,6.0,207,4.019323671497585,5.687352598857637,12.560386473429952,70.82173913043478,-603990.0,170,68.58588235294117
0.15,0.24,6.5,207,3.652173913043478,6.04812447210363,12.560386473429952,73.76280193236715,-543110.0,170,71.84764705882353
0.15,0.24,7.0,207,3.4009661835748792,6.390797290630685,12.560386473429952,77.64830917874396,-462680.0,170,76.36588235294117
0.15,0.24,7.5,207,3.2222222222222223,6.629079602716816,12.560386473429952,80.6,-401580.0,170,79.3
0.15,0.24,8.0,207,3.0483091787439616,6.894236662753578,12.560386473429952,83.90193236714975,-333230.0,170,82.57529411764706
0.15,0.24,8.5,207,2.8743961352657004,7.23866832401449,12.077294685990339,82.93140096618357,-353320.0,170,81.3935294117647
0.15,0.24,9.0,207,2.739130434782609,7.572055005882524,12.077294685990339,86.44734299516908,-280540.0,170,85.67470588235294
0.15,0.24,9.5,207,2.652173913043478,7.706768262597716,12.077294685990339,90.29516908212561,-200890.0,170,88.82
0.15,0.24,10.0,207,2.5990338164251208,7.904106330451921,12.077294685990339,95.07149758454106,-102020.0,170,89.76294117647059
0.15,0.25,5.0,190,4.942105263157894,4.8603795447719,16.315789473684212,81.26894736842105,-355890.0,155,79.2483870967742
0.15,0.25,5.5,190,4.442105263157894,5.271080569640515,14.210526315789473,74.20473684210526,-490110.0,155,70.12193548387097
0.15,0.25,6.0,190,4.021052631578947,5.682196141861628,13.157894736842104,73.47631578947369,-503950.0,155,70.70967741935483
0.15,0.25,6.5,190,3.6578947368421053,6.060928253663663,13.157894736842104,76.68052631578948,-443070.0,155,74.28709677419354
0.15,0.25,7.0,190,3.4105263157894736,6.408375332459624,13.157894736842104,80.91368421052631,-362640.0,155,79.2425806451613
0.15,0.25,7.5,190,3.2263157894736842,6.662291146933019,13.157894736842104,83.90631578947368,-305780.0,155,82.18709677419355
0.15,0.25,8.0,190,3.057894736842105,6.926163507686783,13.157894736842104,87.16894736842106,-243790.0,155,85.36903225806452
0.15,0.25,8.5,190,2.873684210526316,7.289986506025216,12.631578947368421,86.11157894736841,-263880.0,155,84.07290322580646
0.15,0.25,9.0,190,2.7473684210526317,7.6180269878860525,12.631578947368421,89.9421052631579,-191100.0,155,88.76838709677419
0.15,0.25,9.5,190,2.6578947368421053,7.7614395846090485,12.631578947368421,94.13421052631578,-111450.0,155,92.21806451612903
0.15,0.25,10.0,190,2.6,7.976434216429154,12.631578947368421,99.3378947368421,-12580.0,155,93.25225806451613
0.15,0.26,5.0,172,4.895348837209302,4.856649521203966,15.11627906976744,74.88313953488372,-432010.0,139,69.94460431654676
0.15,0.26,5.5,172,4.3895348837209305,5.270549935291839,12.790697674418606,66.4703488372093,-576710.0,139,59.0136690647482
0.15,0.26,6.0,172,3.9709302325581395,5.682863492649813,11.627906976744185,63.92383720930233,-620510.0,139,57.5136690647482
0.15,0.26,6.5,172,3.604651162790698,6.072157075854894,11.627906976744185,66.7046511627907,-572680.0,139,60.56402877697842
0.15,0.26,7.0,172,3.366279069767442,6.4261628408818545,11.627906976744185,69.89360465116279,-517830.0,139,64.24964028776978
0.15,0.26,7.5,172,3.191860465116279,6.690417007091266,11.627906976744185,72.13313953488372,-479310.0,139,66.2136690647482
0.15,0.26,8.0,172,3.0290697674418605,6.956461814249917,11.627906976744185,74.91279069767442,-431500.0,139,68.74172661870503
0.15,0.26,8.5,172,2.8488372093023258,7.308348786608298,11.046511627906977,70.88372093023256,-500800.0,139,63.75611510791367
0.15,0.26,9.0,172,2.7151162790697674,7.662352192159333,11.046511627906977,74.35348837209303,-441120.0,139,68.04964028776979
0.15,0.26,9.5,172,2.633720930232558,7.789167455388848,11.046511627906977,77.74767441860465,-382740.0,139,70.36618705035971
0.15,0.26,10.0,172,2.5755813953488373,8.010721072263506,11.046511627906977,83.49593023255814,-283870.0,139,71.51942446043165
0.15,0.27,5.0,152,4.802631578947368,4.848793145158905,14.473684210526317,71.07697368421053,-439630.0,122,66.83360655737705
0.15,0.27,5.5,152,4.322368421052632,5.2658121146204735,11.842105263157894,61.13355263157895,-590770.0,122,53.851639344262296
0.15,0.27,6.0,152,3.9276315789473686,5.673416077020352,11.842105263157894,64.89276315789473,-533630.0,122,56.25573770491803
0.15,0.27,6.5,152,3.5789473684210527,6.018140571501524,11.842105263157894,66.79144736842105,-504770.0,122,58.17622950819672
0.15,0.27,7.0,152,3.348684210526316,6.382449487837953,11.842105263157894,69.65855263157894,-461190.0,122,61.4516393442623
0.15,0.27,7.5,152,3.1710526315789473,6.647822013896126,11.842105263157894,72.19276315789473,-422670.0,122,63.68934426229508
0.15,0.27,8.0,152,3.013157894736842,6.919623443372018,11.842105263157894,75.33815789473684,-374860.0,122,66.56967213114754
0.15,0.27,8.5,152,2.8421052631578947,7.231789510676645,11.842105263157894,75.33815789473684,-374860.0,122,66.56967213114754
0.15,0.27,9.0,152,2.710526315789474,7.595008510107536,11.842105263157894,79.26447368421053,-315180.0,122,71.46147540983607
0.15,0.27,9.5,152,2.625,7.717463540631047,11.842105263157894,80.98684210526316,-289000.0,122,71.46147540983607
0.15,0.27,10.0,152,2.5592105263157894,7.968168949199738,11.842105263157894,87.49144736842105,-190130.0,122,72.77540983606558
0.15,0.28,5.0,136,4.727941176470588,4.846708120695048,16.176470588235293,79.43897058823529,-279630.0,107,76.20280373831775
0.15,0.28,5.5,136,4.264705882352941,5.260466221645162,13.23529411764706,68.32573529411765,-430770.0,107,61.40093457943925
0.15,0.28,6.0,136,3.875,5.660117966196776,13.23529411764706,72.52720588235294,-373630.0,107,64.14205607476636
0.15,0.28,6.5,136,3.5220588235294117,6.0138094782548475,13.23529411764706,74.64926470588236,-344770.0,107,66.33177570093459
0.15,0.28,7.0,136,3.301470588235294,6.350721425471054,13.23529411764706,77.85367647058824,-301190.0,107,70.06635514018691
0.15,0.28,7.5,136,3.1323529411764706,6.5896832379280745,13.23529411764706,80.68602941176471,-262670.0,107,72.6177570093458
0.15,0.28,8.0,136,2.985294117647059,6.8351326470351115,13.23529411764706,84.2014705882353,-214860.0,107,75.90186915887851
0.15,0.28,8.5,136,2.8161764705882355,7.146268731366955,13.23529411764706,84.2014705882353,-214860.0,107,75.90186915887851
0.15,0.28,9.0,136,2.676470588235294,7.5201916617965425,13.23529411764706,88.58970588235294,-155180.0,107,81.47943925233645
0.15,0.28,9.5,136,2.5955882352941178,7.6268505185154725,13.23529411764706,90.51470588235294,-129000.0,107,81.47943925233645
0.15,0.28,10.0,136,2.5220588235294117,7.9070506810334225,13.23529411764706,97.78455882352941,-30130.0,107,82.97757009345794
0.15,0.29,5.0,121,4.694214876033058,4.841779610709202,16.528925619834713,81.18677685950414,-227640.0,93,77.13548387096775
0.15,0.29,5.5,121,4.231404958677686,5.257372130445997,14.049586776859504,72.6900826446281,-330450.0,93,65.3021505376344
0.15,0.29,6.0,121,3.8512396694214877,5.657152433124308,14.049586776859504,77.41239669421488,-273310.0,93,68.45591397849462
0.15,0.29,6.5,121,3.487603305785124,6.037042549585599,14.049586776859504,79.79752066115702,-244450.0,93,70.9752688172043
0.15,0.29,7.0,121,3.28099173553719,6.332438104571343,14.049586776859504,83.39917355371901,-200870.0,93,75.27204301075268
0.15,0.29,7.5,121,3.115702479338843,6.547951145843194,14.049586776859504,86.58264462809917,-162350.0,93,78.20752688172043
0.15,0.29,8.0,121,2.975206611570248,6.754045065908621,14.049586776859504,90.53388429752066,-114540.0,93,81.98602150537634
0.15,0.29,8.5,121,2.809917355371901,7.039801362311639,14.049586776859504,90.53388429752066,-114540.0,93,81.98602150537634
0.15,0.29,9.0,121,2.6611570247933884,7.425223257713105,14.049586776859504,95.46611570247934,-54860.0,93,88.40322580645162
0.15,0.29,9.5,121,2.5785123966942147,7.522333126058101,14.049586776859504,97.6297520661157,-28680.0,93,88.40322580645162
0.15,0.29,10.0,121,2.5041322314049586,7.800461924392264,14.049586776859504,105.800826446281,70190.0,93,90.1268817204301
0.15,0.3,5.0,112,4.571428571428571,4.836409844881379,16.964285714285715,82.825,-192360.0,87,76.1655172413793
0.15,0.3,5.5,112,4.125,5.2735690535797755,14.285714285714285,73.64553571428571,-295170.0,87,63.51609195402299
0.15,0.3,6.0,112,3.794642857142857,5.659450143999826,14.285714285714285,78.74732142857142,-238030.0,87,66.88735632183908
0.15,0.3,6.5,112,3.455357142857143,6.036518723069256,14.285714285714285,81.32410714285714,-209170.0,87,69.58045977011494
0.15,0.3,7.0,112,3.2589285714285716,6.313106925914279,14.285714285714285,82.64375,-194390.0,87,70.8632183908046
0.15,0.3,7.5,112,3.107142857142857,6.523242140768484,14.285714285714285,86.08303571428571,-155870.0,87,74.00114942528735
0.15,0.3,8.0,112,2.955357142857143,6.745897179410597,14.285714285714285,90.35178571428571,-108060.0,87,78.04022988505747
0.15,0.3,8.5,112,2.7857142857142856,7.040489360142104,14.285714285714285,90.35178571428571,-108060.0,87,78.04022988505747
0.15,0.3,9.0,112,2.642857142857143,7.424435618610294,14.285714285714285,95.68035714285715,-48380.0,87,84.9
0.15,0.3,9.5,112,2.5625,7.521497445838511,14.285714285714285,98.01785714285714,-22200.0,87,84.9
0.15,0.3,10.0,112,2.482142857142857,7.821975879753097,14.285714285714285,106.84553571428572,76670.0,87,86.74252873563218
0.15,0.31,5.0,103,4.29126213592233,4.834169727038372,17.475728155339805,85.27087378640776,-151710.0,80,76.66125
0.15,0.31,5.5,103,3.8737864077669903,5.259134238398675,14.563106796116504,75.28932038834951,-254520.0,80,62.905
0.15,0.31,6.0,103,3.5728155339805827,5.632354664154901,14.563106796116504,79.55922330097087,-210540.0,80,64.92625
0.15,0.31,6.5,103,3.2718446601941746,5.996392296674529,14.563106796116504,82.36116504854368,-181680.0,80,67.855
0.15,0.31,7.0,103,3.0970873786407767,6.256885487997589,14.563106796116504,83.15728155339806,-173480.0,80,68.4275
0.15,0.31,7.5,103,2.970873786407767,6.456495664642922,14.563106796116504,85.93883495145631,-144830.0,80,70.60625
0.15,0.31,8.0,103,2.8349514563106797,6.643851427603268,14.563106796116504,90.58058252427185,-97020.0,80,74.99875
0.15,0.31,8.5,103,2.679611650485437,6.944298974625539,14.563106796116504,90.58058252427185,-97020.0,80,74.99875
0.15,0.31,9.0,103,2.533980582524272,7.347336167763471,14.563106796116504,94.77766990291262,-53790.0,80,80.4025
0.15,0.31,9.5,103,2.4563106796116503,7.446902925808872,14.563106796116504,97.31941747572816,-27610.0,80,80.4025
0.15,0.31,10.0,103,2.3883495145631066,7.720670736465435,14.563106796116504,106.91844660194175,71260.0,80,82.40625
0.15,0.32,5.0,93,4.387096774193548,4.821016439421301,18.27956989247312,89.28279569892473,-99670.0,70,80.76142857142857
0.15,0.32,5.5,93,3.956989247311828,5.252552307518423,16.129032258064516,83.38494623655914,-154520.0,70,71.89142857142858
0.15,0.32,6.0,93,3.6559139784946235,5.638263709191287,16.129032258064516,88.11397849462365,-110540.0,70,74.20142857142856
0.15,0.32,6.5,93,3.3440860215053765,6.0001129408862255,16.129032258064516,91.21720430107527,-81680.0,70,77.54857142857144
0.15,0.32,7.0,93,3.161290322580645,6.254408898557308,16.129032258064516,92.09892473118279,-73480.0,70,78.20285714285714
0.15,0.32,7.5,93,3.021505376344086,6.475482535056979,16.129032258064516,95.17956989247311,-44830.0,70,80.69285714285714
0.15,0.32,8.0,93,2.881720430107527,6.653100380576917,16.129032258064516,100.32043010752689,2980.0,70,85.71285714285715
0.15,0.32,8.5,93,2.7204301075268815,6.952212304260902,16.129032258064516,100.32043010752689,2980.0,70,85.71285714285715
0.15,0.32,9.0,93,2.5698924731182795,7.335636878358641,16.129032258064516,104.96881720430108,46210.0,70,91.88857142857142
0.15,0.32,9.5,93,2.4838709677419355,7.445909739419676,16.129032258064516,107.78387096774193,72390.0,70,91.88857142857142
0.15,0.32,10.0,93,2.4193548387096775,7.663708342620838,16.129032258064516,118.41505376344087,171260.0,70,94.17857142857143
0.16,0.15,5.0,377,6.848806366047746,5.016001361092324,14.323607427055704,71.07877984084881,-1090330.0,305,71.17770491803279
0.16,0.15,5.5,377,6.068965517241379,5.402729959072038,12.9973474801061,69.91432360742705,-1134230.0,305,68.40754098360655
0.16,0.15,6.0,377,5.400530503978779,5.82169214068807,11.936339522546419,69.09681697612731,-1165050.0,305,67.70196721311476
0.16,0.15,6.5,377,4.848806366047746,6.222382578836608,11.936339522546419,72.42493368700265,-1039580.0,305,70.98032786885246
0.16,0.15,7.0,377,4.4217506631299734,6.624613295826623,11.671087533156498,75.6602122015915,-917610.0,305,76.95573770491804
0.16,0.15,7.5,377,4.082228116710875,6.931060581200631,11.405835543766578,77.43925729442971,-850540.0,305,80.33573770491803
0.16,0.15,8.0,377,3.7984084880636604,7.246006941478251,11.405835543766578,81.01618037135279,-715690.0,305,83.78098360655737
0.16,0.15,8.5,377,3.546419098143236,7.607282604367855,11.140583554376658,83.75862068965517,-612300.0,305,87.17081967213115
0.16,0.15,9.0,377,3.3050397877984086,7.977670101518375,10.610079575596817,82.17506631299734,-672000.0,305,84.78032786885245
0.16,0.15,9.5,377,3.140583554376658,8.238819720337961,10.079575596816976,81.67400530503978,-690890.0,305,82.96622950819672
0.16,0.15,10.0,377,3.018567639257294,8.466570134612375,9.814323607427056,82.62599469496021,-655000.0,305,81.04983606557377
0.16,0.16,5.0,363,6.707988980716253,5.002765985546342,14.325068870523417,71.09118457300275,-1049390.0,294,72.03605442176871
0.16,0.16,5.5,363,5.9393939393939394,5.3929572885321955,12.947658402203857,69.46060606060605,-1108580.0,294,69.03333333333333
0.16,0.16,6.0,363,5.2837465564738295,5.812594270606561,11.84573002754821,68.50716253443527,-1143190.0,294,68.17244897959183
0.16,0.16,6.5,363,4.746556473829201,6.212889416255861,11.84573002754821,71.43801652892562,-1036800.0,294,71.3156462585034
0.16,0.16,7.0,363,4.330578512396694,6.605290951296085,11.570247933884298,74.79807162534435,-914830.0,294,77.51462585034014
0.16,0.16,7.5,363,3.9917355371900825,6.915613261244688,11.294765840220386,76.12011019283747,-866840.0,294,80.76326530612245
0.16,0.16,8.0,363,3.71900826446281,7.224990808242317,11.294765840220386,79.83498622589532,-731990.0,294,84.3374149659864
0.16,0.16,8.5,363,3.479338842975207,7.587384174101723,11.019283746556475,82.6831955922865,-628600.0,294,87.85408163265306
0.16,0.16,9.0,363,3.2506887052341598,7.955576274730783,10.743801652892563,82.8099173553719,-624000.0,294,87.95238095238095
0.16,0.16,9.5,363,3.090909090909091,8.213345213386111,10.192837465564738,82.28953168044077,-642890.0,294,86.07040816326531
0.16,0.16,10.0,363,2.975206611570248,8.417547020464857,9.917355371900827,82.96143250688705,-618500.0,294,84.08231292517007
0.16,0.17,5.0,343,6.346938775510204,4.953884542020612,14.577259475218659,72.15072886297376,-955230.0,277,72.63610108303249
0.16,0.17,5.5,343,5.591836734693878,5.352454967723009,13.119533527696792,70.25364431486881,-1020300.0,277,69.23682310469314
0.16,0.17,6.0,343,4.970845481049563,5.779283086606456,11.9533527696793,68.95889212827989,-1064710.0,277,67.96931407942239
0.16,0.17,6.5,343,4.460641399416909,6.17473769097073,11.9533527696793,71.88921282798835,-964200.0,277,71.09314079422383
0.16,0.17,7.0,343,4.061224489795919,6.57451224860295,11.661807580174926,75.18804664723032,-851050.0,277,77.35415162454873
0.16,0.17,7.5,343,3.7784256559766765,6.8757761765322565,11.370262390670554,76.13002915451895,-818740.0,277,80.2361010830325
0.16,0.17,8.0,343,3.5160349854227406,7.196340728814332,11.370262390670554,79.97580174927114,-686830.0,277,83.92346570397112
0.16,0.17,8.5,343,3.2886297376093294,7.55384231626073,11.078717201166182,82.24723032069971,-608920.0,277,86.7361010830325
0.16,0.17,9.0,343,3.0903790087463556,7.917638756240075,10.787172011661808,82.20991253644316,-610200.0,277,86.62815884476534
0.16,0.17,9.5,343,2.944606413994169,8.168844165271045,10.204081632653061,81.65918367346939,-629090.0,277,84.63068592057762
0.16,0.17,10.0,343,2.848396501457726,8.36312055308775,9.912536443148689,82.14169096209912,-612540.0,277,82.2375451263538
0.16,0.18,5.0,323,6.1269349845201235,4.9449178479509595,14.551083591331269,72.06749226006193,-902220.0,263,76.50266159695818
0.16,0.18,5.5,323,5.445820433436532,5.339956195680942,13.003095975232199,69.37647058823529,-989140.0,263,72.92243346007605
0.16,0.18,6.0,323,4.857585139318886,5.773630606182348,11.76470588235294,67.57894736842105,-1047200.0,263,71.58745247148289
0.16,0.18,6.5,323,4.377708978328173,6.167043365485384,11.76470588235294,70.42600619195046,-955240.0,263,74.87756653992396
0.16,0.18,7.0,323,4.0,6.560150852110319,11.76470588235294,75.90743034055727,-778190.0,263,81.47186311787073
0.16,0.18,7.5,323,3.7306501547987616,6.834494081888607,11.76470588235294,78.72631578947369,-687140.0,263,84.50722433460076
0.16,0.18,8.0,323,3.48297213622291,7.1324783922714925,11.76470588235294,82.28080495356038,-572330.0,263,88.39087452471483
0.16,0.18,8.5,323,3.2569659442724457,7.4904208409839255,11.455108359133128,84.69287925696594,-494420.0,263,91.35323193916349
0.16,0.18,9.0,323,3.0588235294117645,7.867314814845765,11.145510835913312,84.60030959752322,-497410.0,263,91.23954372623574
0.16,0.18,9.5,323,2.9226006191950464,8.107417314004623,10.526315789473683,83.69783281733746,-526560.0,263,89.13574144486692
0.16,0.18,10.0,323,2.829721362229102,8.295054275541439,10.21671826625387,84.21021671826625,-510010.0,263,86.61520912547529
0.16,0.19,5.0,302,5.860927152317881,4.93904385812769,14.56953642384106,72.60132450331126,-827440.0,248,75.6774193548387
0.16,0.19,5.5,302,5.235099337748345,5.323821584035574,12.91390728476821,68.21523178807946,-959900.0,248,70.04435483870968
0.16,0.19,6.0,302,4.675496688741722,5.758017512291432,11.589403973509933,66.02086092715231,-1026170.0,248,68.29758064516129
0.16,0.19,6.5,302,4.211920529801325,6.148820113765186,11.589403973509933,69.0658940397351,-934210.0,248,71.78669354838709
0.16,0.19,7.0,302,3.870860927152318,6.5431755037674435,11.589403973509933,74.09569536423841,-782310.0,248,77.76572580645161
0.16,0.19,7.5,302,3.6258278145695364,6.8052178319913486,11.589403973509933,76.7271523178808,-702840.0,248,80.51774193548387
0.16,0.19,8.0,302,3.380794701986755,7.1124585562672085,11.589403973509933,80.52880794701987,-588030.0,248,84.63629032258065
0.16,0.19,8.5,302,3.165562913907285,7.465260325333843,11.258278145695364,83.10860927152318,-510120.0,248,87.77782258064516
0.16,0.19,9.0,302,2.980132450331126,7.8298200514603655,11.258278145695364,85.69370860927152,-432050.0,248,90.9258064516129
0.16,0.19,9.5,302,2.847682119205298,8.061296786354522,10.927152317880795,87.29271523178808,-383760.0,248,91.81733870967741
0.16,0.19,10.0,302,2.7582781456953644,8.251969937405867,10.596026490066226,87.8407284768212,-367210.0,248,89.14435483870967
0.16,0.2,5.0,279,5.573476702508961,4.916866197019547,14.336917562724013,71.6068100358423,-792170.0,231,72.81688311688312
0.16,0.2,5.5,279,4.978494623655914,5.296376625964172,12.544802867383511,65.79247311827957,-954390.0,231,65.48095238095237
0.16,0.2,6.0,279,4.451612903225806,5.723978712692362,11.469534050179211,65.30179211469535,-968080.0,231,65.88181818181818
0.16,0.2,6.5,279,4.014336917562724,6.112691176783239,11.469534050179211,67.67347670250896,-901910.0,231,68.5112554112554
0.16,0.2,7.0,279,3.6810035842293907,6.513253126379541,11.469534050179211,73.1179211469534,-750010.0,231,74.93030303030304
0.16,0.2,7.5,279,3.4767025089605736,6.760194937798878,11.469534050179211,75.62401433691757,-680090.0,231,77.47142857142858
0.16,0.2,8.0,279,3.2580645161290325,7.064920882263626,11.469534050179211,78.45304659498208,-601160.0,231,80.33982683982684
0.16,0.2,8.5,279,3.064516129032258,7.428529529712229,11.11111111111111,81.24551971326164,-523250.0,231,83.71255411255412
0.16,0.2,9.0,279,2.89247311827957,7.783690977534327,11.11111111111111,84.0437275985663,-445180.0,231,87.09220779220779
0.16,0.2,9.5,279,2.78494623655914,7.980434001727286,11.11111111111111,88.32114695340502,-325840.0,231,91.12510822510822
0.16,0.2,10.0,279,2.706093189964158,8.16894285104765,10.75268817204301,88.91433691756272,-309290.0,231,88.25541125541126
0.16,0.21,5.0,259,5.274131274131274,4.904235472363949,14.285714285714285,70.72741312741313,-758160.0,214,70.84485981308411
0.16,0.21,5.5,259,4.718146718146718,5.287396398935018,12.355212355212355,64.2984555984556,-924670.0,214,62.725700934579436
0.16,0.21,6.0,259,4.231660231660232,5.721209619261416,11.583011583011583,65.92316602316602,-882590.0,214,65.76448598130841
0.16,0.21,6.5,259,3.857142857142857,6.087008222987653,11.583011583011583,68.27374517374517,-821710.0,214,68.35560747663551
0.16,0.21,7.0,259,3.5714285714285716,6.481332591472266,11.583011583011583,73.73011583011584,-680390.0,214,74.79018691588784
0.16,0.21,7.5,259,3.3783783783783785,6.734270135176575,11.583011583011583,76.42972972972973,-610470.0,214,77.53317757009346
0.16,0.21,8.0,259,3.1814671814671813,7.02487858150635,11.583011583011583,79.06872586872586,-542120.0,214,80.13504672897196
0.16,0.21,8.5,259,3.011583011583012,7.350787829657796,11.196911196911197,79.9023166023166,-520530.0,214,81.14392523364486
0.16,0.21,9.0,259,2.8378378378378377,7.710834258066534,11.196911196911197,82.7123552123552,-447750.0,214,84.54485981308412
0.16,0.21,9.5,259,2.7374517374517375,7.8965108409117475,11.196911196911197,87.32007722007722,-328410.0,214,88.8981308411215
0.16,0.21,10.0,259,2.6563706563706564,8.095598371174171,10.81081081081081,87.55057915057915,-322440.0,214,85.30607476635514
0.16,0.22,5.0,242,5.132231404958677,4.897643676076704,14.46280991735537,71.83264462809917,-681650.0,198,71.8479797979798
0.16,0.22,5.5,242,4.603305785123967,5.289067508889208,12.396694214876034,64.56818181818181,-857450.0,198,62.60353535353536
0.16,0.22,6.0,242,4.132231404958677,5.725027011242084,11.570247933884298,65.13347107438017,-843770.0,198,64.45353535353536
0.16,0.22,6.5,242,3.772727272727273,6.085424950088761,11.570247933884298,67.64917355371901,-782890.0,198,67.25404040404041
0.16,0.22,7.0,242,3.5,6.460870009320533,11.570247933884298,73.10495867768596,-650860.0,198,73.73939393939393
0.16,0.22,7.5,242,3.309917355371901,6.694888712896639,11.570247933884298,75.6297520661157,-589760.0,198,76.25858585858586
0.16,0.22,8.0,242,3.12396694214876,6.97001154958465,11.570247933884298,78.45413223140496,-521410.0,198,79.07070707070707
0.16,0.22,8.5,242,2.9545454545454546,7.3006895440189625,11.15702479338843,78.57851239669421,-518400.0,198,79.22272727272727
0.16,0.22,9.0,242,2.7851239669421486,7.673254433270364,11.15702479338843,81.58595041322315,-445620.0,198,82.89848484848486
0.16,0.22,9.5,242,2.6942148760330578,7.8273192165227945,11.15702479338843,84.87727272727273,-365970.0,198,85.5989898989899
0.16,0.22,10.0,242,2.6198347107438016,8.02988969386496,11.15702479338843,88.96280991735537,-267100.0,198,86.40858585858585
0.16,0.23,5.0,223,5.044843049327354,4.8896859280391345,14.798206278026907,73.5,-590950.0,183,72.31092896174863
0.16,0.23,5.5,223,4.5291479820627805,5.288996985402511,13.004484304932735,67.85784753363228,-716770.0,183,65.03989071038251
0.16,0.23,6.0,223,4.0807174887892375,5.700895277431714,12.10762331838565,68.4713004484305,-703090.0,183,67.04153005464481
0.16,0.23,6.5,223,3.7309417040358746,6.0495471854011145,12.10762331838565,71.20134529147983,-642210.0,183,70.07158469945355
0.16,0.23,7.0,223,3.4708520179372195,6.408177077662059,12.10762331838565,75.27892376681615,-551280.0,183,74.84262295081967
0.16,0.23,7.5,223,3.291479820627803,6.642081727334297,12.10762331838565,78.01883408071748,-490180.0,183,77.56830601092896
0.16,0.23,8.0,223,3.116591928251121,6.913664563150735,12.10762331838565,81.08385650224216,-421830.0,183,80.61092896174863
0.16,0.23,8.5,223,2.9417040358744395,7.254575389394317,11.659192825112108,81.21883408071749,-418820.0,183,80.77540983606558
0.16,0.23,9.0,223,2.7757847533632285,7.6062893898516215,11.659192825112108,84.48251121076233,-346040.0,183,84.75245901639344
0.16,0.23,9.5,223,2.68609865470852,7.750588535230061,11.659192825112108,88.0542600896861,-266390.0,183,87.67431693989072
0.16,0.23,10.0,223,2.623318385650224,7.939438747190026,11.659192825112108,92.48789237668161,-167520.0,183,88.55027322404372
0.16,0.24,5.0,207,4.975845410628019,4.867775996291186,15.458937198067632,76.84782608695652,-479250.0,170,74.99941176470588
0.16,0.24,5.5,207,4.473429951690822,5.271479613470959,13.526570048309178,70.36376811594202,-613470.0,170,66.67823529411764
0.16,0.24,6.0,207,4.019323671497585,5.687352598857637,12.560386473429952,70.82173913043478,-603990.0,170,68.58588235294117
0.16,0.24,6.5,207,3.652173913043478,6.04812447210363,12.560386473429952,73.76280193236715,-543110.0,170,71.84764705882353
0.16,0.24,7.0,207,3.4009661835748792,6.390797290630685,12.560386473429952,77.64830917874396,-462680.0,170,76.36588235294117
0.16,0.24,7.5,207,3.2222222222222223,6.629079602716816,12.560386473429952,80.6,-401580.0,170,79.3
0.16,0.24,8.0,207,3.0483091787439616,6.894236662753578,12.560386473429952,83.90193236714975,-333230.0,170,82.57529411764706
0.16,0.24,8.5,207,2.8743961352657004,7.23866832401449,12.077294685990339,82.93140096618357,-353320.0,170,81.3935294117647
0.16,0.24,9.0,207,2.739130434782609,7.572055005882524,12.077294685990339,86.44734299516908,-280540.0,170,85.67470588235294
0.16,0.24,9.5,207,2.652173913043478,7.706768262597716,12.077294685990339,90.29516908212561,-200890.0,170,88.82
0.16,0.24,10.0,207,2.5990338164251208,7.904106330451921,12.077294685990339,95.07149758454106,-102020.0,170,89.76294117647059
0.16,0.25,5.0,190,4.942105263157894,4.8603795447719,16.315789473684212,81.26894736842105,-355890.0,155,79.2483870967742
0.16,0.25,5.5,190,4.442105263157894,5.271080569640515,14.210526315789473,74.20473684210526,-490110.0,155,70.12193548387097
0.16,0.25,6.0,190,4.021052631578947,5.682196141861628,13.157894736842104,73.47631578947369,-503950.0,155,70.70967741935483
0.16,0.25,6.5,190,3.6578947368421053,6.060928253663663,13.157894736842104,76.68052631578948,-443070.0,155,74.28709677419354
0.16,0.25,7.0,190,3.4105263157894736,6.408375332459624,13.157894736842104,80.91368421052631,-362640.0,155,79.2425806451613
0.16,0.25,7.5,190,3.2263157894736842,6.662291146933019,13.157894736842104,83.90631578947368,-305780.0,155,82.18709677419355
0.16,0.25,8.0,190,3.057894736842105,6.926163507686783,13.157894736842104,87.16894736842106,-243790.0,155,85.36903225806452
0.16,0.25,8.5,190,2.873684210526316,7.289986506025216,12.631578947368421,86.11157894736841,-263880.0,155,84.07290322580646
0.16,0.25,9.0,190,2.7473684210526317,7.6180269878860525,12.631578947368421,89.9421052631579,-191100.0,155,88.76838709677419
0.16,0.25,9.5,190,2.6578947368421053,7.7614395846090485,12.631578947368421,94.13421052631578,-111450.0,155,92.21806451612903
0.16,0.25,10.0,190,2.6,7.976434216429154,12.631578947368421,99.3378947368421,-12580.0,155,93.25225806451613
0.16,0.26,5.0,172,4.895348837209302,4.856649521203966,15.11627906976744,74.88313953488372,-432010.0,139,69.94460431654676
0.16,0.26,5.5,172,4.3895348837209305,5.270549935291839,12.790697674418606,66.4703488372093,-576710.0,139,59.0136690647482
0.16,0.26,6.0,172,3.9709302325581395,5.682863492649813,11.627906976744185,63.92383720930233,-620510.0,139,57.5136690647482
0.16,0.26,6.5,172,3.604651162790698,6.072157075854894,11.627906976744185,66.7046511627907,-572680.0,139,60.56402877697842
0.16,0.26,7.0,172,3.366279069767442,6.4261628408818545,11.627906976744185,69.89360465116279,-517830.0,139,64.24964028776978
0.16,0.26,7.5,172,3.191860465116279,6.690417007091266,11.627906976744185,72.13313953488372,-479310.0,139,66.2136690647482
0.16,0.26,8.0,172,3.0290697674418605,6.956461814249917,11.627906976744185,74.91279069767442,-431500.0,139,68.74172661870503
0.16,0.26,8.5,172,2.8488372093023258,7.308348786608298,11.046511627906977,70.88372093023256,-500800.0,139,63.75611510791367
0.16,0.26,9.0,172,2.7151162790697674,7.662352192159333,11.046511627906977,74.35348837209303,-441120.0,139,68.04964028776979
0.16,0.26,9.5,172,2.633720930232558,7.789167455388848,11.046511627906977,77.74767441860465,-382740.0,139,70.36618705035971
0.16,0.26,10.0,172,2.5755813953488373,8.010721072263506,11.046511627906977,83.49593023255814,-283870.0,139,71.51942446043165
0.16,0.27,5.0,152,4.802631578947368,4.848793145158905,14.473684210526317,71.07697368421053,-439630.0,122,66.83360655737705
0.16,0.27,5.5,152,4.322368421052632,5.2658121146204735,11.842105263157894,61.13355263157895,-590770.0,122,53.851639344262296
0.16,0.27,6.0,152,3.9276315789473686,5.673416077020352,11.842105263157894,64.89276315789473,-533630.0,122,56.25573770491803
0.16,0.27,6.5,152,3.5789473684210527,6.018140571501524,11.842105263157894,66.79144736842105,-504770.0,122,58.17622950819672
0.16,0.27,7.0,152,3.348684210526316,6.382449487837953,11.842105263157894,69.65855263157894,-461190.0,122,61.4516393442623
0.16,0.27,7.5,152,3.1710526315789473,6.647822013896126,11.842105263157894,72.19276315789473,-422670.0,122,63.68934426229508
0.16,0.27,8.0,152,3.013157894736842,6.919623443372018,11.842105263157894,75.33815789473684,-374860.0,122,66.56967213114754
0.16,0.27,8.5,152,2.8421052631578947,7.231789510676645,11.842105263157894,75.33815789473684,-374860.0,122,66.56967213114754
0.16,0.27,9.0,152,2.710526315789474,7.595008510107536,11.842105263157894,79.26447368421053,-315180.0,122,71.46147540983607
0.16,0.27,9.5,152,2.625,7.717463540631047,11.842105263157894,80.98684210526316,-289000.0,122,71.46147540983607
0.16,0.27,10.0,152,2.5592105263157894,7.968168949199738,11.842105263157894,87.49144736842105,-190130.0,122,72.77540983606558
0.16,0.28,5.0,136,4.727941176470588,4.846708120695048,16.176470588235293,79.43897058823529,-279630.0,107,76.20280373831775
0.16,0.28,5.5,136,4.264705882352941,5.260466221645162,13.23529411764706,68.32573529411765,-430770.0,107,61.40093457943925
0.16,0.28,6.0,136,3.875,5.660117966196776,13.23529411764706,72.52720588235294,-373630.0,107,64.14205607476636
0.16,0.28,6.5,136,3.5220588235294117,6.0138094782548475,13.23529411764706,74.64926470588236,-344770.0,107,66.33177570093459
0.16,0.28,7.0,136,3.301470588235294,6.350721425471054,13.23529411764706,77.85367647058824,-301190.0,107,70.06635514018691
0.16,0.28,7.5,136,3.1323529411764706,6.5896832379280745,13.23529411764706,80.68602941176471,-262670.0,107,72.6177570093458
0.16,0.28,8.0,136,2.985294117647059,6.8351326470351115,13.23529411764706,84.2014705882353,-214860.0,107,75.90186915887851
0.16,0.28,8.5,136,2.8161764705882355,7.146268731366955,13.23529411764706,84.2014705882353,-214860.0,107,75.90186915887851
0.16,0.28,9.0,136,2.676470588235294,7.5201916617965425,13.23529411764706,88.58970588235294,-155180.0,107,81.47943925233645
0.16,0.28,9.5,136,2.5955882352941178,7.6268505185154725,13.23529411764706,90.51470588235294,-129000.0,107,81.47943925233645
0.16,0.28,10.0,136,2.5220588235294117,7.9070506810334225,13.23529411764706,97.78455882352941,-30130.0,107,82.97757009345794
0.16,0.29,5.0,121,4.694214876033058,4.841779610709202,16.528925619834713,81.18677685950414,-227640.0,93,77.13548387096775
0.16,0.29,5.5,121,4.231404958677686,5.257372130445997,14.049586776859504,72.6900826446281,-330450.0,93,65.3021505376344
0.16,0.29,6.0,121,3.8512396694214877,5.657152433124308,14.049586776859504,77.41239669421488,-273310.0,93,68.45591397849462
0.16,0.29,6.5,121,3.487603305785124,6.037042549585599,14.049586776859504,79.79752066115702,-244450.0,93,70.9752688172043
0.16,0.29,7.0,121,3.28099173553719,6.332438104571343,14.049586776859504,83.39917355371901,-200870.0,93,75.27204301075268
0.16,0.29,7.5,121,3.115702479338843,6.547951145843194,14.049586776859504,86.58264462809917,-162350.0,93,78.20752688172043
0.16,0.29,8.0,121,2.975206611570248,6.754045065908621,14.049586776859504,90.53388429752066,-114540.0,93,81.98602150537634
0.16,0.29,8.5,121,2.809917355371901,7.039801362311639,14.049586776859504,90.53388429752066,-114540.0,93,81.98602150537634
0.16,0.29,9.0,121,2.6611570247933884,7.425223257713105,14.049586776859504,95.46611570247934,-54860.0,93,88.40322580645162
0.16,0.29,9.5,121,2.5785123966942147,7.522333126058101,14.049586776859504,97.6297520661157,-28680.0,93,88.40322580645162
0.16,0.29,10.0,121,2.5041322314049586,7.800461924392264,14.049586776859504,105.800826446281,70190.0,93,90.1268817204301
0.16,0.3,5.0,112,4.571428571428571,4.836409844881379,16.964285714285715,82.825,-192360.0,87,76.1655172413793
0.16,0.3,5.5,112,4.125,5.2735690535797755,14.285714285714285,73.64553571428571,-295170.0,87,63.51609195402299
0.16,0.3,6.0,112,3.794642857142857,5.659450143999826,14.285714285714285,78.74732142857142,-238030.0,87,66.88735632183908
0.16,0.3,6.5,112,3.455357142857143,6.036518723069256,14.285714285714285,81.32410714285714,-209170.0,87,69.58045977011494
0.16,0.3,7.0,112,3.2589285714285716,6.313106925914279,14.285714285714285,82.64375,-194390.0,87,70.8632183908046
0.16,0.3,7.5,112,3.107142857142857,6.523242140768484,14.285714285714285,86.08303571428571,-155870.0,87,74.00114942528735
0.16,0.3,8.0,112,2.955357142857143,6.745897179410597,14.285714285714285,90.35178571428571,-108060.0,87,78.04022988505747
0.16,0.3,8.5,112,2.7857142857142856,7.040489360142104,14.285714285714285,90.35178571428571,-108060.0,87,78.04022988505747
0.16,0.3,9.0,112,2.642857142857143,7.424435618610294,14.285714285714285,95.68035714285715,-48380.0,87,84.9
0.16,0.3,9.5,112,2.5625,7.521497445838511,14.285714285714285,98.01785714285714,-22200.0,87,84.9
0.16,0.3,10.0,112,2.482142857142857,7.821975879753097,14.285714285714285,106.84553571428572,76670.0,87,86.74252873563218
0.16,0.31,5.0,103,4.29126213592233,4.834169727038372,17.475728155339805,85.27087378640776,-151710.0,80,76.66125
0.16,0.31,5.5,103,3.8737864077669903,5.259134238398675,14.563106796116504,75.28932038834951,-254520.0,80,62.905
0.16,0.31,6.0,103,3.5728155339805827,5.632354664154901,14.563106796116504,79.55922330097087,-210540.0,80,64.92625
0.16,0.31,6.5,103,3.2718446601941746,5.996392296674529,14.563106796116504,82.36116504854368,-181680.0,80,67.855
0.16,0.31,7.0,103,3.0970873786407767,6.256885487997589,14.563106796116504,83.15728155339806,-173480.0,80,68.4275
0.16,0.31,7.5,103,2.970873786407767,6.456495664642922,14.563106796116504,85.93883495145631,-144830.0,80,70.60625
0.16,0.31,8.0,103,2.8349514563106797,6.643851427603268,14.563106796116504,90.58058252427185,-97020.0,80,74.99875
0.16,0.31,8.5,103,2.679611650485437,6.944298974625539,14.563106796116504,90.58058252427185,-97020.0,80,74.99875
0.16,0.31,9.0,103,2.533980582524272,7.347336167763471,14.563106796116504,94.77766990291262,-53790.0,80,80.4025
0.16,0.31,9.5,103,2.4563106796116503,7.446902925808872,14.563106796116504,97.31941747572816,-27610.0,80,80.4025
0.16,0.31,10.0,103,2.3883495145631066,7.720670736465435,14.563106796116504,106.91844660194175,71260.0,80,82.40625
0.16,0.32,5.0,93,4.387096774193548,4.821016439421301,18.27956989247312,89.28279569892473,-99670.0,70,80.76142857142857
0.16,0.32,5.5,93,3.956989247311828,5.252552307518423,16.129032258064516,83.38494623655914,-154520.0,70,71.89142857142858
0.16,0.32,6.0,93,3.6559139784946235,5.638263709191287,16.129032258064516,88.11397849462365,-110540.0,70,74.20142857142856
0.16,0.32,6.5,93,3.3440860215053765,6.0001129408862255,16.129032258064516,91.21720430107527,-81680.0,70,77.54857142857144
0.16,0.32,7.0,93,3.161290322580645,6.254408898557308,16.129032258064516,92.09892473118279,-73480.0,70,78.20285714285714
0.16,0.32,7.5,93,3.021505376344086,6.475482535056979,16.129032258064516,95.17956989247311,-44830.0,70,80.69285714285714
0.16,0.32,8.0,93,2.881720430107527,6.653100380576917,16.129032258064516,100.32043010752689,2980.0,70,85.71285714285715
0.16,0.32,8.5,93,2.7204301075268815,6.952212304260902,16.129032258064516,100.32043010752689,2980.0,70,85.71285714285715
0.16,0.32,9.0,93,2.5698924731182795,7.335636878358641,16.129032258064516,104.96881720430108,46210.0,70,91.88857142857142
0.16,0.32,9.5,93,2.4838709677419355,7.445909739419676,16.129032258064516,107.78387096774193,72390.0,70,91.88857142857142
0.16,0.32,10.0,93,2.4193548387096775,7.663708342620838,16.129032258064516,118.41505376344087,171260.0,70,94.17857142857143
0.17,0.15,5.0,352,6.724431818181818,4.993674136133699,13.920454545454545,69.1875,-1084600.0,290,69.74206896551725
0.17,0.15,5.5,352,5.9772727272727275,5.383510451251551,12.5,67.09431818181818,-1158280.0,290,66.40827586206896
0.17,0.15,6.0,352,5.318181818181818,5.809981676799612,11.363636363636363,65.303125,-1221330.0,290,64.73172413793104
0.17,0.15,6.5,352,4.767045454545454,6.20659946274418,11.363636363636363,68.409375,-1111990.0,290,67.91827586206897
0.17,0.15,7.0,352,4.3352272727272725,6.61041155883228,11.079545454545455,71.57613636363637,-1000520.0,290,73.84068965517241
0.17,0.15,7.5,352,3.997159090909091,6.910365564482836,11.079545454545455,74.684375,-891110.0,290,76.83
0.17,0.15,8.0,352,3.721590909090909,7.214293477579924,11.079545454545455,78.02954545454546,-773360.0,290,80.45344827586207
0.17,0.15,8.5,352,3.4744318181818183,7.576052401803424,10.795454545454545,80.31051136363637,-693070.0,290,83.22206896551724
0.17,0.15,9.0,352,3.2329545454545454,7.963909226102327,10.511363636363637,80.71931818181818,-678680.0,290,83.32172413793103
0.17,0.15,9.5,352,3.0880681818181817,8.187881658703175,9.943181818181818,78.76363636363637,-747520.0,290,80.0451724137931
0.17,0.15,10.0,352,2.965909090909091,8.40727648626458,9.659090909090908,79.78323863636363,-711630.0,290,78.0296551724138
0.17,0.16,5.0,342,6.608187134502924,4.988662481641776,14.035087719298245,69.86549707602339,-1030600.0,281,71.97580071174377
0.17,0.16,5.5,342,5.874269005847953,5.380972213094175,12.573099415204677,67.37485380116959,-1115780.0,281,68.53523131672598
0.17,0.16,6.0,342,5.228070175438597,5.806563663948352,11.403508771929824,65.5312865497076,-1178830.0,281,66.8049822064057
0.17,0.16,6.5,342,4.695906432748538,6.200247370129546,11.403508771929824,68.3921052631579,-1080990.0,281,70.09359430604982
0.17,0.16,7.0,342,4.277777777777778,6.592474136587722,11.11111111111111,71.65146198830409,-969520.0,281,76.20569395017793
0.17,0.16,7.5,342,3.9415204678362574,6.895268403070133,11.11111111111111,74.51432748538012,-871610.0,281,79.29074733096085
0.17,0.16,8.0,342,3.675438596491228,7.189967245685364,11.11111111111111,77.95730994152046,-753860.0,281,83.03024911032028
0.17,0.16,8.5,342,3.435672514619883,7.555830848012304,10.818713450292398,80.30497076023391,-673570.0,281,85.88754448398576
0.17,0.16,9.0,342,3.2017543859649122,7.94511999192114,10.526315789473683,80.38947368421053,-670680.0,281,85.99039145907473
0.17,0.16,9.5,342,3.06140350877193,8.162028294328524,9.941520467836257,78.37660818713451,-739520.0,281,82.60889679715302
0.17,0.16,10.0,342,2.9415204678362574,8.378148254324454,9.649122807017543,79.08976608187135,-715130.0,281,80.5288256227758
0.17,0.17,5.0,327,6.244648318042813,4.950789017280973,14.067278287461773,69.83363914373089,-986440.0,269,71.25204460966543
0.17,0.17,5.5,327,5.532110091743119,5.347475432249102,12.538226299694188,67.04892966360856,-1077500.0,269,67.43940520446097
0.17,0.17,6.0,327,4.9296636085626915,5.77546684527724,11.314984709480122,64.8211009174312,-1150350.0,269,65.26765799256506
0.17,0.17,6.5,327,4.425076452599388,6.1732484163962456,11.314984709480122,67.63333333333334,-1058390.0,269,68.48438661710037
0.17,0.17,7.0,327,4.030581039755352,6.5672009245826235,11.009174311926607,70.77247706422018,-955740.0,269,74.54126394052045
0.17,0.17,7.5,327,3.7553516819571864,6.858509477517942,11.009174311926607,73.28715596330275,-873510.0,269,77.18104089219331
0.17,0.17,8.0,327,3.5045871559633026,7.159538823227489,11.009174311926607,76.79816513761467,-758700.0,269,80.97806691449814
0.17,0.17,8.5,327,3.2782874617737003,7.51790598858344,10.703363914373089,78.47431192660551,-703890.0,269,83.01561338289963
0.17,0.17,9.0,327,3.073394495412844,7.898725462218286,10.397553516819572,78.382874617737,-706880.0,269,82.90446096654276
0.17,0.17,9.5,327,2.9388379204892967,8.119088274430073,9.785932721712538,76.27767584097859,-775720.0,269,79.37211895910781
0.17,0.17,10.0,327,2.837920489296636,8.322870540549738,9.480122324159021,76.78379204892967,-759170.0,269,76.90780669144982
0.17,0.18,5.0,312,6.080128205128205,4.94422724928033,14.423076923076922,71.5525641025641,-887560.0,256,74.8703125
0.17,0.18,5.5,312,5.416666666666667,5.339388275945726,12.82051282051282,68.49743589743589,-982880.0,256,70.8640625
0.17,0.18,6.0,312,4.839743589743589,5.770355339989588,11.538461538461538,65.88942307692308,-1064250.0,256,68.58203125
0.17,0.18,6.5,312,4.362179487179487,6.165104212910448,11.538461538461538,68.83685897435898,-972290.0,256,71.962109375
0.17,0.18,7.0,312,3.9871794871794872,6.555290375272077,11.538461538461538,74.175,-805740.0,256,78.3265625
0.17,0.18,7.5,312,3.7243589743589745,6.8240590508207495,11.538461538461538,76.81057692307692,-723510.0,256,81.100390625
0.17,0.18,8.0,312,3.483974358974359,7.110185055959858,11.538461538461538,80.49038461538461,-608700.0,256,85.090234375
0.17,0.18,8.5,312,3.2596153846153846,7.466627665257825,11.217948717948719,82.24711538461538,-553890.0,256,87.23125
0.17,0.18,9.0,312,3.0544871794871793,7.856809567685305,10.897435897435898,82.15128205128205,-556880.0,256,87.114453125
0.17,0.18,9.5,312,2.926282051282051,8.072531024148397,10.256410256410255,79.9448717948718,-625720.0,256,83.402734375
0.17,0.18,10.0,312,2.8301282051282053,8.266783391380422,9.935897435897436,80.47532051282052,-609170.0,256,80.81328125
0.17,0.19,5.0,293,5.819112627986348,4.939364483694445,14.334470989761092,71.57747440273037,-832780.0,242,73.61404958677686
0.17,0.19,5.5,293,5.21160409556314,5.323798784267315,12.627986348122866,66.76996587030716,-973640.0,242,67.49421487603306
0.17,0.19,6.0,293,4.658703071672355,5.7549409929916635,11.262798634812286,63.712627986348124,-1063220.0,242,64.74090909090908
0.17,0.19,6.5,293,4.194539249146757,6.149434768019436,11.262798634812286,66.85119453924915,-971260.0,242,68.31652892561983
0.17,0.19,7.0,293,3.8600682593856654,6.538034400298124,11.262798634812286,71.67713310580204,-829860.0,242,74.0099173553719
0.17,0.19,7.5,293,3.6177474402730376,6.802853315803968,11.262798634812286,74.08839590443687,-759210.0,242,76.46570247933884
0.17,0.19,8.0,293,3.3822525597269624,7.095717070346764,11.262798634812286,78.00682593856655,-644400.0,242,80.68636363636364
0.17,0.19,8.5,293,3.1706484641638224,7.444320542786946,10.921501706484642,79.87747440273037,-589590.0,242,82.95123966942148
0.17,0.19,9.0,293,2.9795221843003414,7.820078349238174,10.921501706484642,82.5419795221843,-511520.0,242,86.17727272727272
0.17,0.19,9.5,293,2.8532423208191124,8.029390615208825,10.580204778156997,82.83549488054608,-502920.0,242,85.45082644628098
0.17,0.19,10.0,293,2.7610921501706485,8.225920620729324,10.238907849829351,83.40034129692833,-486370.0,242,82.71157024793388
0.17,0.2,5.0,270,5.518518518518518,4.916474879764312,14.074074074074074,70.46259259259259,-797510.0,225,70.52133333333333
0.17,0.2,5.5,270,4.944444444444445,5.295437052057717,12.222222222222221,64.14333333333333,-968130.0,225,62.61644444444445
0.17,0.2,6.0,270,4.425925925925926,5.719505492873013,11.11111111111111,62.772962962962964,-1005130.0,225,61.992
0.17,0.2,6.5,270,3.988888888888889,6.112153892574563,11.11111111111111,65.2237037037037,-938960.0,225,64.69155555555555
0.17,0.2,7.0,270,3.662962962962963,6.506676664479536,11.11111111111111,70.46074074074075,-797560.0,225,70.81511111111111
0.17,0.2,7.5,270,3.462962962962963,6.756128236722452,11.11111111111111,72.7237037037037,-736460.0,225,73.032
0.17,0.2,8.0,270,3.2555555555555555,7.04516868063132,11.11111111111111,75.64703703703704,-657530.0,225,75.9768888888889
0.17,0.2,8.5,270,3.066666666666667,7.404581628057285,10.74074074074074,77.67703703703704,-602720.0,225,78.41288888888889
0.17,0.2,9.0,270,2.888888888888889,7.771581790806785,10.74074074074074,80.56851851851852,-524650.0,225,81.88266666666667
0.17,0.2,9.5,270,2.7888888888888888,7.943114471329753,10.74074074074074,83.51851851851852,-445000.0,225,84.25911111111111
0.17,0.2,10.0,270,2.7074074074074073,8.137906948960797,10.37037037037037,84.13148148148149,-428450.0,225,81.31288888888889
0.17,0.21,5.0,254,5.283464566929134,4.9054828365115455,13.779527559055119,68.36614173228347,-803500.0,210,67.65428571428572
0.17,0.21,5.5,254,4.728346456692913,5.289532233640385,11.811023622047244,61.47992125984252,-978410.0,210,58.98047619047619
0.17,0.21,6.0,254,4.244094488188976,5.7183111625433725,11.023622047244094,62.21889763779527,-959640.0,210,60.96714285714286
0.17,0.21,6.5,254,3.8622047244094486,6.09131052618548,11.023622047244094,64.61574803149607,-898760.0,210,63.607619047619046
0.17,0.21,7.0,254,3.578740157480315,6.482738806388669,11.023622047244094,69.76614173228346,-767940.0,210,69.6647619047619
0.17,0.21,7.5,254,3.3858267716535435,6.737341092606581,11.023622047244094,72.17165354330709,-706840.0,210,72.04
0.17,0.21,8.0,254,3.188976377952756,7.02080106520262,11.023622047244094,74.86259842519685,-638490.0,210,74.69142857142857
0.17,0.21,8.5,254,3.0196850393700787,7.344310721280888,10.62992125984252,74.80314960629921,-640000.0,210,74.61952380952381
0.17,0.21,9.0,254,2.84251968503937,7.711444677807909,10.62992125984252,77.66850393700787,-567220.0,210,78.0852380952381
0.17,0.21,9.5,254,2.748031496062992,7.870099715112424,10.62992125984252,80.80433070866141,-487570.0,210,80.63142857142857
0.17,0.21,10.0,254,2.6653543307086616,8.073106291246155,10.236220472440944,81.03937007874016,-481600.0,210,76.97095238095238
0.17,0.22,5.0,239,5.138075313807532,4.898240324365815,14.225941422594143,70.7133891213389,-699950.0,196,70.11683673469388
0.17,0.22,5.5,239,4.615062761506276,5.287505740388595,12.133891213389122,63.00627615062761,-884150.0,196,60.349489795918366
0.17,0.22,6.0,239,4.142259414225942,5.727132921254705,11.297071129707113,63.40292887029289,-874670.0,196,62.00408163265306
0.17,0.22,6.5,239,3.778242677824268,6.09205468360155,11.297071129707113,65.95020920502093,-813790.0,196,64.83316326530613
0.17,0.22,7.0,239,3.510460251046025,6.460885127401482,11.297071129707113,71.03514644351465,-692260.0,196,70.84897959183674
0.17,0.22,7.5,239,3.3179916317991633,6.697841304244233,11.297071129707113,73.59163179916318,-631160.0,196,73.39387755102041
0.17,0.22,8.0,239,3.1297071129707112,6.976417565660546,11.297071129707113,76.45146443514645,-562810.0,196,76.23469387755102
0.17,0.22,8.5,239,2.9623430962343096,7.301877950705563,10.87866108786611,75.61087866108787,-582900.0,196,75.20969387755102
0.17,0.22,9.0,239,2.790794979079498,7.679119386683969,10.87866108786611,78.6560669456067,-510120.0,196,78.92295918367347
0.17,0.22,9.5,239,2.702928870292887,7.819290428308152,10.87866108786611,81.9887029288703,-430470.0,196,81.65102040816326
0.17,0.22,10.0,239,2.6276150627615062,8.024403631307333,10.87866108786611,86.1255230125523,-331600.0,196,82.46887755102041
0.17,0.23,5.0,220,5.05,4.890225590298156,14.545454545454545,72.30681818181819,-609250.0,181,70.4414364640884
0.17,0.23,5.5,220,4.540909090909091,5.287299375211118,12.727272727272727,66.20590909090909,-743470.0,181,62.62596685082873
0.17,0.23,6.0,220,4.090909090909091,5.702853992393466,11.818181818181818,66.63681818181819,-733990.0,181,64.41767955801105
0.17,0.23,6.5,220,3.7363636363636363,6.056260244562448,11.818181818181818,69.40409090909091,-673110.0,181,67.48121546961326
0.17,0.23,7.0,220,3.481818181818182,6.407474961418294,11.818181818181818,73.06,-592680.0,181,71.72486187845304
0.17,0.23,7.5,220,3.3,6.644569219949699,11.818181818181818,75.83727272727273,-531580.0,181,74.48066298342542
0.17,0.23,8.0,220,3.1227272727272726,6.919855458072724,11.818181818181818,78.9440909090909,-463230.0,181,77.55690607734806
0.17,0.23,8.5,220,2.95,7.255237601822608,11.363636363636363,78.03090909090909,-483320.0,181,76.44696132596685
0.17,0.23,9.0,220,2.7818181818181817,7.611747702286147,11.363636363636363,81.33909090909091,-410540.0,181,80.46795580110498
0.17,0.23,9.5,220,2.6954545454545453,7.740820024197434,11.363636363636363,84.95954545454545,-330890.0,181,83.42209944751382
0.17,0.23,10.0,220,2.631818181818182,7.932245466320491,11.363636363636363,89.45363636363636,-232020.0,181,84.30773480662984
0.17,0.24,5.0,207,4.975845410628019,4.867775996291186,15.458937198067632,76.84782608695652,-479250.0,170,74.99941176470588
0.17,0.24,5.5,207,4.473429951690822,5.271479613470959,13.526570048309178,70.36376811594202,-613470.0,170,66.67823529411764
0.17,0.24,6.0,207,4.019323671497585,5.687352598857637,12.560386473429952,70.82173913043478,-603990.0,170,68.58588235294117
0.17,0.24,6.5,207,3.652173913043478,6.04812447210363,12.560386473429952,73.76280193236715,-543110.0,170,71.84764705882353
0.17,0.24,7.0,207,3.4009661835748792,6.390797290630685,12.560386473429952,77.64830917874396,-462680.0,170,76.36588235294117
0.17,0.24,7.5,207,3.2222222222222223,6.629079602716816,12.560386473429952,80.6,-401580.0,170,79.3
0.17,0.24,8.0,207,3.0483091787439616,6.894236662753578,12.560386473429952,83.90193236714975,-333230.0,170,82.57529411764706
0.17,0.24,8.5,207,2.8743961352657004,7.23866832401449,12.077294685990339,82.93140096618357,-353320.0,170,81.3935294117647
0.17,0.24,9.0,207,2.739130434782609,7.572055005882524,12.077294685990339,86.44734299516908,-280540.0,170,85.67470588235294
0.17,0.24,9.5,207,2.652173913043478,7.706768262597716,12.077294685990339,90.29516908212561,-200890.0,170,88.82
0.17,0.24,10.0,207,2.5990338164251208,7.904106330451921,12.077294685990339,95.07149758454106,-102020.0,170,89.76294117647059
0.17,0.25,5.0,190,4.942105263157894,4.8603795447719,16.315789473684212,81.26894736842105,-355890.0,155,79.2483870967742
0.17,0.25,5.5,190,4.442105263157894,5.271080569640515,14.210526315789473,74.20473684210526,-490110.0,155,70.12193548387097
0.17,0.25,6.0,190,4.021052631578947,5.682196141861628,13.157894736842104,73.47631578947369,-503950.0,155,70.70967741935483
0.17,0.25,6.5,190,3.6578947368421053,6.060928253663663,13.157894736842104,76.68052631578948,-443070.0,155,74.28709677419354
0.17,0.25,7.0,190,3.4105263157894736,6.408375332459624,13.157894736842104,80.91368421052631,-362640.0,155,79.2425806451613
0.17,0.25,7.5,190,3.2263157894736842,6.662291146933019,13.157894736842104,83.90631578947368,-305780.0,155,82.18709677419355
0.17,0.25,8.0,190,3.057894736842105,6.926163507686783,13.157894736842104,87.16894736842106,-243790.0,155,85.36903225806452
0.17,0.25,8.5,190,2.873684210526316,7.289986506025216,12.631578947368421,86.11157894736841,-263880.0,155,84.07290322580646
0.17,0.25,9.0,190,2.7473684210526317,7.6180269878860525,12.631578947368421,89.9421052631579,-191100.0,155,88.76838709677419
0.17,0.25,9.5,190,2.6578947368421053,7.7614395846090485,12.631578947368421,94.13421052631578,-111450.0,155,92.21806451612903
0.17,0.25,10.0,190,2.6,7.976434216429154,12.631578947368421,99.3378947368421,-12580.0,155,93.25225806451613
0.17,0.26,5.0,172,4.895348837209302,4.856649521203966,15.11627906976744,74.88313953488372,-432010.0,139,69.94460431654676
0.17,0.26,5.5,172,4.3895348837209305,5.270549935291839,12.790697674418606,66.4703488372093,-576710.0,139,59.0136690647482
0.17,0.26,6.0,172,3.9709302325581395,5.682863492649813,11.627906976744185,63.92383720930233,-620510.0,139,57.5136690647482
0.17,0.26,6.5,172,3.604651162790698,6.072157075854894,11.627906976744185,66.7046511627907,-572680.0,139,60.56402877697842
0.17,0.26,7.0,172,3.366279069767442,6.4261628408818545,11.627906976744185,69.89360465116279,-517830.0,139,64.24964028776978
0.17,0.26,7.5,172,3.191860465116279,6.690417007091266,11.627906976744185,72.13313953488372,-479310.0,139,66.2136690647482
0.17,0.26,8.0,172,3.0290697674418605,6.956461814249917,11.627906976744185,74.91279069767442,-431500.0,139,68.74172661870503
0.17,0.26,8.5,172,2.8488372093023258,7.308348786608298,11.046511627906977,70.88372093023256,-500800.0,139,63.75611510791367
0.17,0.26,9.0,172,2.7151162790697674,7.662352192159333,11.046511627906977,74.35348837209303,-441120.0,139,68.04964028776979
0.17,0.26,9.5,172,2.633720930232558,7.789167455388848,11.046511627906977,77.74767441860465,-382740.0,139,70.36618705035971
0.17,0.26,10.0,172,2.5755813953488373,8.010721072263506,11.046511627906977,83.49593023255814,-283870.0,139,71.51942446043165
0.17,0.27,5.0,152,4.802631578947368,4.848793145158905,14.473684210526317,71.07697368421053,-439630.0,122,66.83360655737705
0.17,0.27,5.5,152,4.322368421052632,5.2658121146204735,11.842105263157894,61.13355263157895,-590770.0,122,53.851639344262296
0.17,0.27,6.0,152,3.9276315789473686,5.673416077020352,11.842105263157894,64.89276315789473,-533630.0,122,56.25573770491803
0.17,0.27,6.5,152,3.5789473684210527,6.018140571501524,11.842105263157894,66.79144736842105,-504770.0,122,58.17622950819672
0.17,0.27,7.0,152,3.348684210526316,6.382449487837953,11.842105263157894,69.65855263157894,-461190.0,122,61.4516393442623
0.17,0.27,7.5,152,3.1710526315789473,6.647822013896126,11.842105263157894,72.19276315789473,-422670.0,122,63.68934426229508
0.17,0.27,8.0,152,3.013157894736842,6.919623443372018,11.842105263157894,75.33815789473684,-374860.0,122,66.56967213114754
0.17,0.27,8.5,152,2.8421052631578947,7.231789510676645,11.842105263157894,75.33815789473684,-374860.0,122,66.56967213114754
0.17,0.27,9.0,152,2.710526315789474,7.595008510107536,11.842105263157894,79.26447368421053,-315180.0,122,71.46147540983607
0.17,0.27,9.5,152,2.625,7.717463540631047,11.842105263157894,80.98684210526316,-289000.0,122,71.46147540983607
0.17,0.27,10.0,152,2.5592105263157894,7.968168949199738,11.842105263157894,87.49144736842105,-190130.0,122,72.77540983606558
0.17,0.28,5.0,136,4.727941176470588,4.846708120695048,16.176470588235293,79.43897058823529,-279630.0,107,76.20280373831775
0.17,0.28,5.5,136,4.264705882352941,5.260466221645162,13.23529411764706,68.32573529411765,-430770.0,107,61.40093457943925
0.17,0.28,6.0,136,3.875,5.660117966196776,13.23529411764706,72.52720588235294,-373630.0,107,64.14205607476636
0.17,0.28,6.5,136,3.5220588235294117,6.0138094782548475,13.23529411764706,74.64926470588236,-344770.0,107,66.33177570093459
0.17,0.28,7.0,136,3.301470588235294,6.350721425471054,13.23529411764706,77.85367647058824,-301190.0,107,70.06635514018691
0.17,0.28,7.5,136,3.1323529411764706,6.5896832379280745,13.23529411764706,80.68602941176471,-262670.0,107,72.6177570093458
0.17,0.28,8.0,136,2.985294117647059,6.8351326470351115,13.23529411764706,84.2014705882353,-214860.0,107,75.90186915887851
0.17,0.28,8.5,136,2.8161764705882355,7.146268731366955,13.23529411764706,84.2014705882353,-214860.0,107,75.90186915887851
0.17,0.28,9.0,136,2.676470588235294,7.5201916617965425,13.23529411764706,88.58970588235294,-155180.0,107,81.47943925233645
0.17,0.28,9.5,136,2.5955882352941178,7.6268505185154725,13.23529411764706,90.51470588235294,-129000.0,107,81.47943925233645
0.17,0.28,10.0,136,2.5220588235294117,7.9070506810334225,13.23529411764706,97.78455882352941,-30130.0,107,82.97757009345794
0.17,0.29,5.0,121,4.694214876033058,4.841779610709202,16.528925619834713,81.18677685950414,-227640.0,93,77.13548387096775
0.17,0.29,5.5,121,4.231404958677686,5.257372130445997,14.049586776859504,72.6900826446281,-330450.0,93,65.3021505376344
0.17,0.29,6.0,121,3.8512396694214877,5.657152433124308,14.049586776859504,77.41239669421488,-273310.0,93,68.45591397849462
0.17,0.29,6.5,121,3.487603305785124,6.037042549585599,14.049586776859504,79.79752066115702,-244450.0,93,70.9752688172043
0.17,0.29,7.0,121,3.28099173553719,6.332438104571343,14.049586776859504,83.39917355371901,-200870.0,93,75.27204301075268
0.17,0.29,7.5,121,3.115702479338843,6.547951145843194,14.049586776859504,86.58264462809917,-162350.0,93,78.20752688172043
0.17,0.29,8.0,121,2.975206611570248,6.754045065908621,14.049586776859504,90.53388429752066,-114540.0,93,81.98602150537634
0.17,0.29,8.5,121,2.809917355371901,7.039801362311639,14.049586776859504,90.53388429752066,-114540.0,93,81.98602150537634
0.17,0.29,9.0,121,2.6611570247933884,7.425223257713105,14.049586776859504,95.46611570247934,-54860.0,93,88.40322580645162
0.17,0.29,9.5,121,2.5785123966942147,7.522333126058101,14.049586776859504,97.6297520661157,-28680.0,93,88.40322580645162
0.17,0.29,10.0,121,2.5041322314049586,7.800461924392264,14.049586776859504,105.800826446281,70190.0,93,90.1268817204301
0.17,0.3,5.0,112,4.571428571428571,4.836409844881379,16.964285714285715,82.825,-192360.0,87,76.1655172413793
0.17,0.3,5.5,112,4.125,5.2735690535797755,14.285714285714285,73.64553571428571,-295170.0,87,63.51609195402299
0.17,0.3,6.0,112,3.794642857142857,5.659450143999826,14.285714285714285,78.74732142857142,-238030.0,87,66.88735632183908
0.17,0.3,6.5,112,3.455357142857143,6.036518723069256,14.285714285714285,81.32410714285714,-209170.0,87,69.58045977011494
0.17,0.3,7.0,112,3.2589285714285716,6.313106925914279,14.285714285714285,82.64375,-194390.0,87,70.8632183908046
0.17,0.3,7.5,112,3.107142857142857,6.523242140768484,14.285714285714285,86.08303571428571,-155870.0,87,74.00114942528735
0.17,0.3,8.0,112,2.955357142857143,6.745897179410597,14.285714285714285,90.35178571428571,-108060.0,87,78.04022988505747
0.17,0.3,8.5,112,2.7857142857142856,7.040489360142104,14.285714285714285,90.35178571428571,-108060.0,87,78.04022988505747
0.17,0.3,9.0,112,2.642857142857143,7.424435618610294,14.285714285714285,95.68035714285715,-48380.0,87,84.9
0.17,0.3,9.5,112,2.5625,7.521497445838511,14.285714285714285,98.01785714285714,-22200.0,87,84.9
0.17,0.3,10.0,112,2.482142857142857,7.821975879753097,14.285714285714285,106.84553571428572,76670.0,87,86.74252873563218
0.17,0.31,5.0,103,4.29126213592233,4.834169727038372,17.475728155339805,85.27087378640776,-151710.0,80,76.66125
0.17,0.31,5.5,103,3.8737864077669903,5.259134238398675,14.563106796116504,75.28932038834951,-254520.0,80,62.905
0.17,0.31,6.0,103,3.5728155339805827,5.632354664154901,14.563106796116504,79.55922330097087,-210540.0,80,64.92625
0.17,0.31,6.5,103,3.2718446601941746,5.996392296674529,14.563106796116504,82.36116504854368,-181680.0,80,67.855
0.17,0.31,7.0,103,3.0970873786407767,6.256885487997589,14.563106796116504,83.15728155339806,-173480.0,80,68.4275
0.17,0.31,7.5,103,2.970873786407767,6.456495664642922,14.563106796116504,85.93883495145631,-144830.0,80,70.60625
0.17,0.31,8.0,103,2.8349514563106797,6.643851427603268,14.563106796116504,90.58058252427185,-97020.0,80,74.99875
0.17,0.31,8.5,103,2.679611650485437,6.944298974625539,14.563106796116504,90.58058252427185,-97020.0,80,74.99875
0.17,0.31,9.0,103,2.533980582524272,7.347336167763471,14.563106796116504,94.77766990291262,-53790.0,80,80.4025
0.17,0.31,9.5,103,2.4563106796116503,7.446902925808872,14.563106796116504,97.31941747572816,-27610.0,80,80.4025
0.17,0.31,10.0,103,2.3883495145631066,7.720670736465435,14.563106796116504,106.91844660194175,71260.0,80,82.40625
0.17,0.32,5.0,93,4.387096774193548,4.821016439421301,18.27956989247312,89.28279569892473,-99670.0,70,80.76142857142857
0.17,0.32,5.5,93,3.956989247311828,5.252552307518423,16.129032258064516,83.38494623655914,-154520.0,70,71.89142857142858
0.17,0.32,6.0,93,3.6559139784946235,5.638263709191287,16.129032258064516,88.11397849462365,-110540.0,70,74.20142857142856
0.17,0.32,6.5,93,3.3440860215053765,6.0001129408862255,16.129032258064516,91.21720430107527,-81680.0,70,77.54857142857144
0.17,0.32,7.0,93,3.161290322580645,6.254408898557308,16.129032258064516,92.09892473118279,-73480.0,70,78.20285714285714
0.17,0.32,7.5,93,3.021505376344086,6.475482535056979,16.129032258064516,95.17956989247311,-44830.0,70,80.69285714285714
0.17,0.32,8.0,93,2.881720430107527,6.653100380576917,16.129032258064516,100.32043010752689,2980.0,70,85.71285714285715
0.17,0.32,8.5,93,2.7204301075268815,6.952212304260902,16.129032258064516,100.32043010752689,2980.0,70,85.71285714285715
0.17,0.32,9.0,93,2.5698924731182795,7.335636878358641,16.129032258064516,104.96881720430108,46210.0,70,91.88857142857142
0.17,0.32,9.5,93,2.4838709677419355,7.445909739419676,16.129032258064516,107.78387096774193,72390.0,70,91.88857142857142
0.17,0.32,10.0,93,2.4193548387096775,7.663708342620838,16.129032258064516,118.41505376344087,171260.0,70,94.17857142857143
0.18,0.15,5.0,325,6.593846153846154,4.979901589113012,14.461538461538462,71.98892307692307,-910360.0,267,72.16329588014982
0.18,0.15,5.5,325,5.846153846153846,5.376963509448742,12.923076923076923,69.35353846153846,-996010.0,267,68.0940074906367
0.18,0.15,6.0,325,5.193846153846154,5.802284986861247,11.692307692307692,67.112,-1068860.0,267,65.9059925093633
0.18,0.15,6.5,325,4.658461538461538,6.179494153221102,11.692307692307692,69.97661538461539,-975760.0,267,68.75880149812734
0.18,0.15,7.0,325,4.236923076923077,6.583931081730147,11.384615384615385,73.22553846153846,-870170.0,267,74.97116104868914
0.18,0.15,7.5,325,3.9323076923076923,6.882524397558383,11.384615384615385,76.29046153846154,-770560.0,267,77.85093632958801
0.18,0.15,8.0,325,3.667692307692308,7.189892721138807,11.384615384615385,79.91353846153847,-652810.0,267,81.78651685393258
0.18,0.15,8.5,325,3.44,7.550341995753984,11.076923076923077,81.96184615384615,-586240.0,267,84.27977528089887
0.18,0.15,9.0,325,3.209230769230769,7.938017546561803,10.76923076923077,82.40461538461538,-571850.0,267,84.38801498127341
0.18,0.15,9.5,325,3.0646153846153847,8.157884574259315,10.461538461538462,82.47261538461538,-569640.0,267,83.49026217228464
0.18,0.15,10.0,325,2.953846153846154,8.366296099116102,10.153846153846153,83.33569230769231,-541590.0,267,81.00749063670412
0.18,0.16,5.0,318,6.5251572327044025,4.979379847051913,14.465408805031446,72.12704402515723,-886360.0,261,73.82222222222222
0.18,0.16,5.5,318,5.79559748427673,5.3765892130357775,12.89308176100629,69.07201257861635,-983510.0,261,69.65938697318008
0.18,0.16,6.0,318,5.154088050314465,5.8004099609514554,11.635220125786164,66.7811320754717,-1056360.0,261,67.42107279693487
0.18,0.16,6.5,318,4.6257861635220126,6.172910243088805,11.635220125786164,69.34716981132075,-974760.0,261,70.33946360153257
0.18,0.16,7.0,318,4.2075471698113205,6.569451387234548,11.320754716981133,72.66761006289308,-869170.0,261,76.69463601532567
0.18,0.16,7.5,318,3.9056603773584904,6.869446526223743,11.320754716981133,75.43836477987422,-781060.0,261,79.64061302681992
0.18,0.16,8.0,318,3.6446540880503147,7.17013644842405,11.320754716981133,79.14119496855346,-663310.0,261,83.66666666666667
0.18,0.16,8.5,318,3.4182389937106916,7.536396510075642,11.0062893081761,81.23459119496856,-596740.0,261,86.21724137931035
0.18,0.16,9.0,318,3.191823899371069,7.926278746097632,10.69182389937107,81.3254716981132,-593850.0,261,86.32796934865901
0.18,0.16,9.5,318,3.050314465408805,8.138151131238276,10.377358490566039,81.39496855345912,-591640.0,261,85.4095785440613
0.18,0.16,10.0,318,2.940251572327044,8.346872931423787,10.062893081761008,81.91540880503145,-575090.0,261,82.86973180076629
0.18,0.17,5.0,306,6.2026143790849675,4.944435593705232,14.705882352941178,73.03398692810458,-825160.0,251,74.4207171314741
0.18,0.17,5.5,306,5.496732026143791,5.345993957291574,13.071895424836603,69.85915032679739,-922310.0,251,70.09203187250996
0.18,0.17,6.0,306,4.898692810457517,5.773721333122873,11.76470588235294,67.47843137254903,-995160.0,251,67.76454183266932
0.18,0.17,6.5,306,4.401960784313726,6.147548485083534,11.76470588235294,69.95294117647059,-919440.0,251,70.56494023904382
0.18,0.17,7.0,306,4.006535947712418,6.544455103270373,11.437908496732026,73.30751633986928,-816790.0,251,77.05617529880477
0.18,0.17,7.5,306,3.7483660130718954,6.838171630363699,11.437908496732026,75.99477124183007,-734560.0,251,79.88525896414343
0.18,0.17,8.0,306,3.503267973856209,7.143573589583031,11.437908496732026,79.74673202614379,-619750.0,251,83.95458167330678
0.18,0.17,8.5,306,3.287581699346405,7.504752143602619,11.11111111111111,81.53790849673203,-564940.0,251,86.13824701195219
0.18,0.17,9.0,306,3.088235294117647,7.884660983499065,10.784313725490197,81.44019607843137,-567930.0,251,86.0191235059761
0.18,0.17,9.5,306,2.954248366013072,8.097900913710355,10.457516339869281,81.5124183006536,-565720.0,251,85.06414342629482
0.18,0.17,10.0,306,2.8529411764705883,8.30766424197535,10.130718954248366,82.05326797385621,-549170.0,251,82.42310756972111
0.18,0.18,5.0,294,6.034013605442177,4.936849236530831,14.965986394557824,74.27619047619048,-756280.0,240,77.83166666666666
0.18,0.18,5.5,294,5.374149659863946,5.335199048736754,13.26530612244898,70.82687074829931,-857690.0,240,73.30458333333333
0.18,0.18,6.0,294,4.799319727891157,5.766495511624555,11.904761904761903,68.05918367346939,-939060.0,240,70.87041666666667
0.18,0.18,6.5,294,4.329931972789115,6.144179672811821,11.904761904761903,70.63469387755102,-863340.0,240,73.79916666666666
0.18,0.18,7.0,294,3.95578231292517,6.5361082626676685,11.904761904761903,76.29965986394558,-696790.0,240,80.58791666666667
0.18,0.18,7.5,294,3.7142857142857144,6.8030306682863575,11.904761904761903,79.09659863945578,-614560.0,240,83.54666666666667
0.18,0.18,8.0,294,3.479591836734694,7.1012884432164425,11.904761904761903,83.00170068027211,-499750.0,240,87.8025
0.18,0.18,8.5,294,3.2653061224489797,7.462894658895889,11.564625850340136,84.86598639455782,-444940.0,240,90.08625
0.18,0.18,9.0,294,3.064625850340136,7.852714751761129,11.224489795918368,84.76428571428572,-447930.0,240,89.96166666666667
0.18,0.18,9.5,294,2.938775510204082,8.058489831583863,10.884353741496598,84.83945578231292,-445720.0,240,88.96291666666667
0.18,0.18,10.0,294,2.8401360544217686,8.261956110838128,10.54421768707483,85.40238095238095,-429170.0,240,86.20083333333334
0.18,0.19,5.0,275,5.752727272727273,4.931158427225724,14.909090909090908,74.49090909090908,-701500.0,226,76.66991150442477
0.18,0.19,5.5,275,5.152727272727272,5.31829971645041,13.090909090909092,69.14727272727272,-848450.0,226,69.84734513274336
0.18,0.19,6.0,275,4.6036363636363635,5.749805546499727,11.636363636363637,65.88981818181819,-938030.0,226,66.8991150442478
0.18,0.19,6.5,275,4.149090909090909,6.126038896030218,11.636363636363637,68.64327272727273,-862310.0,226,70.00929203539823
0.18,0.19,7.0,275,3.8181818181818183,6.516397496097298,11.636363636363637,73.78509090909091,-720910.0,226,76.10575221238938
0.18,0.19,7.5,275,3.6,6.77898405145701,11.636363636363637,76.35418181818181,-650260.0,226,78.73539823008849
0.18,0.19,8.0,275,3.370909090909091,7.085258787119129,11.636363636363637,80.52909090909091,-535450.0,226,83.25486725663717
0.18,0.19,8.5,275,3.170909090909091,7.438869517060093,11.272727272727273,82.52218181818182,-480640.0,226,85.68008849557522
0.18,0.19,9.0,275,2.9854545454545454,7.813296393551788,11.272727272727273,85.3610909090909,-402570.0,226,89.13451327433629
0.18,0.19,9.5,275,2.861818181818182,8.011555568027424,11.272727272727273,88.25745454545455,-322920.0,226,91.5004424778761
0.18,0.19,10.0,275,2.767272727272727,8.218085164906947,10.909090909090908,88.85927272727272,-306370.0,226,88.56725663716814
0.18,0.2,5.0,257,5.509727626459144,4.916040986914731,14.785992217898833,74.02684824902724,-667510.0,213,74.4943661971831
0.18,0.2,5.5,257,4.937743190661479,5.298462526598857,12.840466926070038,67.38793774319066,-838130.0,213,66.14413145539906
0.18,0.2,6.0,257,4.428015564202335,5.719947602594332,11.673151750972762,65.94824902723735,-875130.0,213,65.48450704225353
0.18,0.2,6.5,257,3.9961089494163424,6.096866886990233,11.673151750972762,68.52295719844358,-808960.0,213,68.33615023474178
0.18,0.2,7.0,257,3.67704280155642,6.487381235642171,11.673151750972762,74.02490272373541,-667560.0,213,74.80469483568075
0.18,0.2,7.5,257,3.4747081712062258,6.744575921790029,11.673151750972762,76.4023346303502,-606460.0,213,77.14647887323943
0.18,0.2,8.0,257,3.264591439688716,7.044708664615786,11.673151750972762,79.47354085603112,-527530.0,213,80.25727699530516
0.18,0.2,8.5,257,3.0817120622568095,7.4045747643921995,11.284046692607005,81.60622568093385,-472720.0,213,82.83051643192488
0.18,0.2,9.0,257,2.906614785992218,7.769659877429692,11.284046692607005,84.64396887159533,-394650.0,213,86.49577464788733
0.18,0.2,9.5,257,2.801556420233463,7.949869308329307,11.284046692607005,87.7431906614786,-315000.0,213,89.00610328638497
0.18,0.2,10.0,257,2.7159533073929962,8.15451510194947,10.894941634241246,88.38715953307393,-298450.0,213,85.89389671361502
0.18,0.21,5.0,247,5.323886639676114,4.903006115553431,14.17004048582996,70.30364372469636,-733500.0,203,69.9871921182266
0.18,0.21,5.5,247,4.761133603238866,5.292910616655203,12.145748987854251,63.22226720647773,-908410.0,203,61.01428571428571
0.18,0.21,6.0,247,4.279352226720648,5.7155759695155295,11.336032388663968,63.98218623481782,-889640.0,203,63.069458128078814
0.18,0.21,6.5,247,3.8947368421052633,6.092559021011143,11.336032388663968,66.44696356275304,-828760.0,203,65.80098522167488
0.18,0.21,7.0,247,3.611336032388664,6.4839248730782,11.336032388663968,71.74331983805668,-697940.0,203,72.06699507389162
0.18,0.21,7.5,247,3.4129554655870447,6.745742608703097,11.336032388663968,74.217004048583,-636840.0,203,74.52413793103449
0.18,0.21,8.0,247,3.210526315789474,7.037235859874734,11.336032388663968,76.98421052631579,-568490.0,203,77.26699507389162
0.18,0.21,8.5,247,3.0364372469635628,7.369913805801374,10.931174089068826,76.92307692307692,-570000.0,203,77.19261083743842
0.18,0.21,9.0,247,2.8623481781376516,7.728225205616024,10.931174089068826,79.86963562753037,-497220.0,203,80.77783251231527
0.18,0.21,9.5,247,2.7651821862348176,7.891376539524311,10.931174089068826,83.09433198380567,-417570.0,203,83.41182266009852
0.18,0.21,10.0,247,2.6801619433198383,8.10013633846345,10.526315789473683,83.33603238866397,-411600.0,203,79.62512315270936
0.18,0.22,5.0,233,5.184549356223176,4.895582356423637,14.592274678111588,72.5343347639485,-639950.0,190,72.33105263157894
0.18,0.22,5.5,233,4.652360515021459,5.29096925374082,12.446351931330472,64.62875536480686,-824150.0,190,62.25526315789474
0.18,0.22,6.0,233,4.180257510729613,5.725098817007762,11.587982832618025,65.03562231759656,-814670.0,190,63.962105263157895
0.18,0.22,6.5,233,3.815450643776824,6.0924347678885225,11.587982832618025,67.64849785407725,-753790.0,190,66.88052631578947
0.18,0.22,7.0,233,3.5450643776824036,6.467766075336111,11.587982832618025,72.86437768240343,-632260.0,190,73.08631578947369
0.18,0.22,7.5,233,3.347639484978541,6.710824127977388,11.587982832618025,75.48669527896996,-571160.0,190,75.71157894736842
0.18,0.22,8.0,233,3.1545064377682404,6.996574027026739,11.587982832618025,78.42017167381974,-502810.0,190,78.6421052631579
0.18,0.22,8.5,233,2.982832618025751,7.330415366193087,11.158798283261802,77.55793991416309,-522900.0,190,77.58473684210526
0.18,0.22,9.0,233,2.811158798283262,7.703363415522397,11.158798283261802,80.68154506437769,-450120.0,190,81.41526315789474
0.18,0.22,9.5,233,2.721030042918455,7.847144011866517,11.158798283261802,84.1,-370470.0,190,84.22947368421053
0.18,0.22,10.0,233,2.643776824034335,8.05753909992147,11.158798283261802,88.34334763948497,-271600.0,190,85.07315789473684
0.18,0.23,5.0,216,5.097222222222222,4.886672696621492,14.814814814814813,73.64583333333333,-569250.0,177,72.03333333333333
0.18,0.23,5.5,216,4.578703703703703,5.291099699773582,12.962962962962962,67.43194444444444,-703470.0,177,64.04124293785311
0.18,0.23,6.0,216,4.125,5.709094985219597,12.037037037037036,67.87083333333334,-693990.0,177,65.87344632768361
0.18,0.23,6.5,216,3.7685185185185186,6.063581716005935,12.037037037037036,70.68935185185185,-633110.0,177,69.00621468926553
0.18,0.23,7.0,216,3.509259259259259,6.4213004090998504,12.037037037037036,74.41296296296296,-552680.0,177,73.34576271186441
0.18,0.23,7.5,216,3.324074074074074,6.662785302048504,12.037037037037036,77.24166666666666,-491580.0,177,76.1638418079096
0.18,0.23,8.0,216,3.1435185185185186,6.9431694334701035,12.037037037037036,80.40601851851852,-423230.0,177,79.30960451977401
0.18,0.23,8.5,216,2.9675925925925926,7.2847623576598,11.574074074074074,79.47592592592592,-443320.0,177,78.17457627118644
0.18,0.23,9.0,216,2.7962962962962963,7.647874497020813,11.574074074074074,82.84537037037038,-370540.0,177,82.2864406779661
0.18,0.23,9.5,216,2.7083333333333335,7.779337047115643,11.574074074074074,86.53287037037038,-290890.0,177,85.30734463276836
0.18,0.23,10.0,216,2.6435185185185186,7.97430740483357,11.574074074074074,91.11018518518519,-192020.0,177,86.21299435028249
0.18,0.24,5.0,203,5.024630541871921,4.863553220871544,15.763546798029557,78.36206896551724,-439250.0,166,76.8066265060241
0.18,0.24,5.5,203,4.512315270935961,5.275211589128749,13.793103448275861,71.75024630541871,-573470.0,166,68.28493975903615
0.18,0.24,6.0,203,4.054187192118227,5.693687814997053,12.807881773399016,72.21724137931035,-563990.0,166,70.23855421686747
0.18,0.24,6.5,203,3.684729064039409,6.055754495463028,12.807881773399016,75.21625615763547,-503110.0,166,73.5789156626506
0.18,0.24,7.0,203,3.4285714285714284,6.405179487754162,12.807881773399016,79.1783251231527,-422680.0,166,78.20602409638555
0.18,0.24,7.5,203,3.2463054187192117,6.648157017812434,12.807881773399016,82.18817733990147,-361580.0,166,81.21084337349397
0.18,0.24,8.0,203,3.0689655172413794,6.918538847505093,12.807881773399016,85.5551724137931,-293230.0,166,84.56506024096386
0.18,0.24,8.5,203,2.8916256157635467,7.269757339529766,12.31527093596059,84.56551724137931,-313320.0,166,83.35481927710843
0.18,0.24,9.0,203,2.7536945812807883,7.6097132170996336,12.31527093596059,88.15073891625616,-240540.0,166,87.73915662650603
0.18,0.24,9.5,203,2.665024630541872,7.747080922223008,12.31527093596059,92.0743842364532,-160890.0,166,90.96024096385543
0.18,0.24,10.0,203,2.6108374384236455,7.948307424911777,12.31527093596059,96.9448275862069,-62020.0,166,91.92590361445784
0.18,0.25,5.0,189,4.9523809523809526,4.859871345057165,16.402116402116402,81.6989417989418,-345890.0,154,79.76298701298701
0.18,0.25,5.5,189,4.449735449735449,5.272745391221381,14.285714285714285,74.5973544973545,-480110.0,154,70.57727272727273
0.18,0.25,6.0,189,4.031746031746032,5.680030706555954,13.227513227513226,73.86507936507937,-493950.0,154,71.16883116883118
0.18,0.25,6.5,189,3.6666666666666665,6.060766691965405,13.227513227513226,77.08624338624338,-433070.0,154,74.76948051948052
0.18,0.25,7.0,189,3.417989417989418,6.410052115093621,13.227513227513226,81.34179894179894,-352640.0,154,79.75714285714285
0.18,0.25,7.5,189,3.232804232804233,6.6653113994848665,13.227513227513226,84.35026455026455,-295780.0,154,82.72077922077922
0.18,0.25,8.0,189,3.0634920634920637,6.930579910295528,13.227513227513226,87.63015873015873,-233790.0,154,85.92337662337663
0.18,0.25,8.5,189,2.878306878306878,7.296327898043159,12.698412698412698,86.56719576719577,-253880.0,154,84.61883116883116
0.18,0.25,9.0,189,2.751322751322751,7.626104043829185,12.698412698412698,90.41798941798942,-181100.0,154,89.34480519480519
0.18,0.25,9.5,189,2.6613756613756614,7.770275437360238,12.698412698412698,94.63227513227513,-101450.0,154,92.81688311688312
0.18,0.25,10.0,189,2.6031746031746033,7.9864076069148435,12.698412698412698,99.86349206349206,-2580.0,154,93.8577922077922
0.18,0.26,5.0,172,4.895348837209302,4.856649521203966,15.11627906976744,74.88313953488372,-432010.0,139,69.94460431654676
0.18,0.26,5.5,172,4.3895348837209305,5.270549935291839,12.790697674418606,66.4703488372093,-576710.0,139,59.0136690647482
0.18,0.26,6.0,172,3.9709302325581395,5.682863492649813,11.627906976744185,63.92383720930233,-620510.0,139,57.5136690647482
0.18,0.26,6.5,172,3.604651162790698,6.072157075854894,11.627906976744185,66.7046511627907,-572680.0,139,60.56402877697842
0.18,0.26,7.0,172,3.366279069767442,6.4261628408818545,11.627906976744185,69.89360465116279,-517830.0,139,64.24964028776978
0.18,0.26,7.5,172,3.191860465116279,6.690417007091266,11.627906976744185,72.13313953488372,-479310.0,139,66.2136690647482
0.18,0.26,8.0,172,3.0290697674418605,6.956461814249917,11.627906976744185,74.91279069767442,-431500.0,139,68.74172661870503
0.18,0.26,8.5,172,2.8488372093023258,7.308348786608298,11.046511627906977,70.88372093023256,-500800.0,139,63.75611510791367
0.18,0.26,9.0,172,2.7151162790697674,7.662352192159333,11.046511627906977,74.35348837209303,-441120.0,139,68.04964028776979
0.18,0.26,9.5,172,2.633720930232558,7.789167455388848,11.046511627906977,77.74767441860465,-382740.0,139,70.36618705035971
0.18,0.26,10.0,172,2.5755813953488373,8.010721072263506,11.046511627906977,83.49593023255814,-283870.0,139,71.51942446043165
0.18,0.27,5.0,152,4.802631578947368,4.848793145158905,14.473684210526317,71.07697368421053,-439630.0,122,66.83360655737705
0.18,0.27,5.5,152,4.322368421052632,5.2658121146204735,11.842105263157894,61.13355263157895,-590770.0,122,53.851639344262296
0.18,0.27,6.0,152,3.9276315789473686,5.673416077020352,11.842105263157894,64.89276315789473,-533630.0,122,56.25573770491803
0.18,0.27,6.5,152,3.5789473684210527,6.018140571501524,11.842105263157894,66.79144736842105,-504770.0,122,58.17622950819672
0.18,0.27,7.0,152,3.348684210526316,6.382449487837953,11.842105263157894,69.65855263157894,-461190.0,122,61.4516393442623
0.18,0.27,7.5,152,3.1710526315789473,6.647822013896126,11.842105263157894,72.19276315789473,-422670.0,122,63.68934426229508
0.18,0.27,8.0,152,3.013157894736842,6.919623443372018,11.842105263157894,75.33815789473684,-374860.0,122,66.56967213114754
0.18,0.27,8.5,152,2.8421052631578947,7.231789510676645,11.842105263157894,75.33815789473684,-374860.0,122,66.56967213114754
0.18,0.27,9.0,152,2.710526315789474,7.595008510107536,11.842105263157894,79.26447368421053,-315180.0,122,71.46147540983607
0.18,0.27,9.5,152,2.625,7.717463540631047,11.842105263157894,80.98684210526316,-289000.0,122,71.46147540983607
0.18,0.27,10.0,152,2.5592105263157894,7.968168949199738,11.842105263157894,87.49144736842105,-190130.0,122,72.77540983606558
0.18,0.28,5.0,136,4.727941176470588,4.846708120695048,16.176470588235293,79.43897058823529,-279630.0,107,76.20280373831775
0.18,0.28,5.5,136,4.264705882352941,5.260466221645162,13.23529411764706,68.32573529411765,-430770.0,107,61.40093457943925
0.18,0.28,6.0,136,3.875,5.660117966196776,13.23529411764706,72.52720588235294,-373630.0,107,64.14205607476636
0.18,0.28,6.5,136,3.5220588235294117,6.0138094782548475,13.23529411764706,74.64926470588236,-344770.0,107,66.33177570093459
0.18,0.28,7.0,136,3.301470588235294,6.350721425471054,13.23529411764706,77.85367647058824,-301190.0,107,70.06635514018691
0.18,0.28,7.5,136,3.1323529411764706,6.5896832379280745,13.23529411764706,80.68602941176471,-262670.0,107,72.6177570093458
0.18,0.28,8.0,136,2.985294117647059,6.8351326470351115,13.23529411764706,84.2014705882353,-214860.0,107,75.90186915887851
0.18,0.28,8.5,136,2.8161764705882355,7.146268731366955,13.23529411764706,84.2014705882353,-214860.0,107,75.90186915887851
0.18,0.28,9.0,136,2.676470588235294,7.5201916617965425,13.23529411764706,88.58970588235294,-155180.0,107,81.47943925233645
0.18,0.28,9.5,136,2.5955882352941178,7.6268505185154725,13.23529411764706,90.51470588235294,-129000.0,107,81.47943925233645
0.18,0.28,10.0,136,2.5220588235294117,7.9070506810334225,13.23529411764706,97.78455882352941,-30130.0,107,82.97757009345794
0.18,0.29,5.0,121,4.694214876033058,4.841779610709202,16.528925619834713,81.18677685950414,-227640.0,93,77.13548387096775
0.18,0.29,5.5,121,4.231404958677686,5.257372130445997,14.049586776859504,72.6900826446281,-330450.0,93,65.3021505376344
0.18,0.29,6.0,121,3.8512396694214877,5.657152433124308,14.049586776859504,77.41239669421488,-273310.0,93,68.45591397849462
0.18,0.29,6.5,121,3.487603305785124,6.037042549585599,14.049586776859504,79.79752066115702,-244450.0,93,70.9752688172043
0.18,0.29,7.0,121,3.28099173553719,6.332438104571343,14.049586776859504,83.39917355371901,-200870.0,93,75.27204301075268
0.18,0.29,7.5,121,3.115702479338843,6.547951145843194,14.049586776859504,86.58264462809917,-162350.0,93,78.20752688172043
0.18,0.29,8.0,121,2.975206611570248,6.754045065908621,14.049586776859504,90.53388429752066,-114540.0,93,81.98602150537634
0.18,0.29,8.5,121,2.809917355371901,7.039801362311639,14.049586776859504,90.53388429752066,-114540.0,93,81.98602150537634
0.18,0.29,9.0,121,2.6611570247933884,7.425223257713105,14.049586776859504,95.46611570247934,-54860.0,93,88.40322580645162
0.18,0.29,9.5,121,2.5785123966942147,7.522333126058101,14.049586776859504,97.6297520661157,-28680.0,93,88.40322580645162
0.18,0.29,10.0,121,2.5041322314049586,7.800461924392264,14.049586776859504,105.800826446281,70190.0,93,90.1268817204301
0.18,0.3,5.0,112,4.571428571428571,4.836409844881379,16.964285714285715,82.825,-192360.0,87,76.1655172413793
0.18,0.3,5.5,112,4.125,5.2735690535797755,14.285714285714285,73.64553571428571,-295170.0,87,63.51609195402299
0.18,0.3,6.0,112,3.794642857142857,5.659450143999826,14.285714285714285,78.74732142857142,-238030.0,87,66.88735632183908
0.18,0.3,6.5,112,3.455357142857143,6.036518723069256,14.285714285714285,81.32410714285714,-209170.0,87,69.58045977011494
0.18,0.3,7.0,112,3.2589285714285716,6.313106925914279,14.285714285714285,82.64375,-194390.0,87,70.8632183908046
0.18,0.3,7.5,112,3.107142857142857,6.523242140768484,14.285714285714285,86.08303571428571,-155870.0,87,74.00114942528735
0.18,0.3,8.0,112,2.955357142857143,6.745897179410597,14.285714285714285,90.35178571428571,-108060.0,87,78.04022988505747
0.18,0.3,8.5,112,2.7857142857142856,7.040489360142104,14.285714285714285,90.35178571428571,-108060.0,87,78.04022988505747
0.18,0.3,9.0,112,2.642857142857143,7.424435618610294,14.285714285714285,95.68035714285715,-48380.0,87,84.9
0.18,0.3,9.5,112,2.5625,7.521497445838511,14.285714285714285,98.01785714285714,-22200.0,87,84.9
0.18,0.3,10.0,112,2.482142857142857,7.821975879753097,14.285714285714285,106.84553571428572,76670.0,87,86.74252873563218
0.18,0.31,5.0,103,4.29126213592233,4.834169727038372,17.475728155339805,85.27087378640776,-151710.0,80,76.66125
0.18,0.31,5.5,103,3.8737864077669903,5.259134238398675,14.563106796116504,75.28932038834951,-254520.0,80,62.905
0.18,0.31,6.0,103,3.5728155339805827,5.632354664154901,14.563106796116504,79.55922330097087,-210540.0,80,64.92625
0.18,0.31,6.5,103,3.2718446601941746,5.996392296674529,14.563106796116504,82.36116504854368,-181680.0,80,67.855
0.18,0.31,7.0,103,3.0970873786407767,6.256885487997589,14.563106796116504,83.15728155339806,-173480.0,80,68.4275
0.18,0.31,7.5,103,2.970873786407767,6.456495664642922,14.563106796116504,85.93883495145631,-144830.0,80,70.60625
0.18,0.31,8.0,103,2.8349514563106797,6.643851427603268,14.563106796116504,90.58058252427185,-97020.0,80,74.99875
0.18,0.31,8.5,103,2.679611650485437,6.944298974625539,14.563106796116504,90.58058252427185,-97020.0,80,74.99875
0.18,0.31,9.0,103,2.533980582524272,7.347336167763471,14.563106796116504,94.77766990291262,-53790.0,80,80.4025
0.18,0.31,9.5,103,2.4563106796116503,7.446902925808872,14.563106796116504,97.31941747572816,-27610.0,80,80.4025
0.18,0.31,10.0,103,2.3883495145631066,7.720670736465435,14.563106796116504,106.91844660194175,71260.0,80,82.40625
0.18,0.32,5.0,93,4.387096774193548,4.821016439421301,18.27956989247312,89.28279569892473,-99670.0,70,80.76142857142857
0.18,0.32,5.5,93,3.956989247311828,5.252552307518423,16.129032258064516,83.38494623655914,-154520.0,70,71.89142857142858
0.18,0.32,6.0,93,3.6559139784946235,5.638263709191287,16.129032258064516,88.11397849462365,-110540.0,70,74.20142857142856
0.18,0.32,6.5,93,3.3440860215053765,6.0001129408862255,16.129032258064516,91.21720430107527,-81680.0,70,77.54857142857144
0.18,0.32,7.0,93,3.161290322580645,6.254408898557308,16.129032258064516,92.09892473118279,-73480.0,70,78.20285714285714
0.18,0.32,7.5,93,3.021505376344086,6.475482535056979,16.129032258064516,95.17956989247311,-44830.0,70,80.69285714285714
0.18,0.32,8.0,93,2.881720430107527,6.653100380576917,16.129032258064516,100.32043010752689,2980.0,70,85.71285714285715
0.18,0.32,8.5,93,2.7204301075268815,6.952212304260902,16.129032258064516,100.32043010752689,2980.0,70,85.71285714285715
0.18,0.32,9.0,93,2.5698924731182795,7.335636878358641,16.129032258064516,104.96881720430108,46210.0,70,91.88857142857142
0.18,0.32,9.5,93,2.4838709677419355,7.445909739419676,16.129032258064516,107.78387096774193,72390.0,70,91.88857142857142
0.18,0.32,10.0,93,2.4193548387096775,7.663708342620838,16.129032258064516,118.41505376344087,171260.0,70,94.17857142857143
0.19,0.15,5.0,282,6.127659574468085,4.917702939017164,14.539007092198581,72.27446808510638,-781860.0,230,72.66347826086957
0.19,0.15,5.5,282,5.400709219858156,5.320827861864408,12.76595744680851,67.47304964539008,-917260.0,230,66.27652173913043
0.19,0.15,6.0,282,4.794326241134752,5.749776351756815,11.702127659574469,66.78156028368794,-936760.0,230,66.05608695652174
0.19,0.15,6.5,282,4.294326241134752,6.1149618851109295,11.702127659574469,69.46666666666667,-861040.0,230,69.11217391304348
0.19,0.15,7.0,282,3.879432624113475,6.522891000588087,11.347517730496454,72.42021276595744,-777750.0,230,75.35434782608695
0.19,0.15,7.5,282,3.6099290780141846,6.834113129901174,11.347517730496454,75.33617021276596,-695520.0,230,78.44173913043478
0.19,0.15,8.0,282,3.382978723404255,7.1236162075178,11.347517730496454,79.40744680851064,-580710.0,230,82.88260869565218
0.19,0.15,8.5,282,3.1879432624113475,7.464788007837071,10.99290780141844,79.35390070921986,-582220.0,230,82.81695652173913
0.19,0.15,9.0,282,2.9858156028368796,7.866365996699663,10.638297872340425,79.24787234042553,-585210.0,230,82.68695652173913
0.19,0.15,9.5,282,2.8652482269503547,8.071417493477705,10.638297872340425,82.07234042553192,-505560.0,230,85.01173913043478
0.19,0.15,10.0,282,2.773049645390071,8.272326888992891,10.28368794326241,82.65921985815604,-489010.0,230,82.1295652173913
0.19,0.16,5.0,280,6.1,4.9172996456014975,14.642857142857144,72.79071428571429,-761860.0,228,73.30087719298245
0.19,0.16,5.5,280,5.382142857142857,5.321313581329529,12.857142857142856,67.955,-897260.0,228,66.8578947368421
0.19,0.16,6.0,280,4.7821428571428575,5.746916343637981,11.785714285714285,67.25857142857143,-916760.0,228,66.63552631578948
0.19,0.16,6.5,280,4.2821428571428575,6.113980307867384,11.785714285714285,69.96285714285715,-841040.0,228,69.71842105263158
0.19,0.16,7.0,280,3.8714285714285714,6.516776470596754,11.428571428571429,72.9375,-757750.0,228,76.01535087719299
0.19,0.16,7.5,280,3.6,6.8302216151192185,11.428571428571429,75.87428571428572,-675520.0,228,79.12982456140351
0.19,0.16,8.0,280,3.375,7.116361373605525,11.428571428571429,79.97464285714285,-560710.0,228,83.60964912280701
0.19,0.16,8.5,280,3.1785714285714284,7.459970115355647,11.071428571428571,79.92071428571428,-562220.0,228,83.54342105263157
0.19,0.16,9.0,280,2.9785714285714286,7.863251573890323,10.714285714285714,79.81392857142858,-565210.0,228,83.41228070175438
0.19,0.16,9.5,280,2.8642857142857143,8.055191418763332,10.714285714285714,82.65857142857143,-485560.0,228,85.75745614035088
0.19,0.16,10.0,280,2.7714285714285714,8.257535881389337,10.357142857142858,83.24964285714286,-469010.0,228,82.85
0.19,0.17,5.0,275,5.963636363636364,4.915121776044362,14.909090909090908,74.11418181818182,-711860.0,224,74.60982142857142
0.19,0.17,5.5,275,5.283636363636363,5.31785703523047,13.090909090909092,69.19054545454546,-847260.0,224,68.05178571428571
0.19,0.17,6.0,275,4.712727272727273,5.741788295464882,12.0,68.48145454545454,-866760.0,224,67.82544642857142
0.19,0.17,6.5,275,4.2290909090909095,6.109604153580245,12.0,71.23490909090908,-791040.0,224,70.96339285714286
0.19,0.17,7.0,275,3.8327272727272725,6.506524485134636,11.636363636363637,74.26363636363637,-707750.0,224,77.37276785714286
0.19,0.17,7.5,275,3.570909090909091,6.8118140455077345,11.636363636363637,77.25381818181818,-625520.0,224,80.54285714285714
0.19,0.17,8.0,275,3.3454545454545452,7.101189008230823,11.636363636363637,81.42872727272727,-510710.0,224,85.10267857142857
0.19,0.17,8.5,275,3.149090909090909,7.447998462626958,11.272727272727273,81.37381818181818,-512220.0,224,85.03526785714286
0.19,0.17,9.0,275,2.96,7.840233301292326,10.909090909090908,81.26509090909092,-515210.0,224,84.90178571428571
0.19,0.17,9.5,275,2.847272727272727,8.031124180498049,10.909090909090908,84.16145454545455,-435560.0,224,87.28883928571429
0.19,0.17,10.0,275,2.7563636363636363,8.233449079042058,10.545454545454545,84.76327272727272,-419010.0,224,84.32946428571428
0.19,0.18,5.0,267,5.8164794007490634,4.909111552653032,14.981273408239701,74.42022471910113,-682980.0,217,77.01658986175116
0.19,0.18,5.5,267,5.176029962546816,5.307551349547703,13.108614232209737,69.18951310861424,-822640.0,217,70.24700460829493
0.19,0.18,6.0,267,4.621722846441948,5.734643183046155,11.985018726591761,68.14007490636705,-850660.0,217,70.01336405529953
0.19,0.18,6.5,267,4.157303370786517,6.10785568038869,11.985018726591761,70.97602996254682,-774940.0,217,73.25253456221198
0.19,0.18,7.0,267,3.7827715355805243,6.502927265770659,11.985018726591761,76.48876404494382,-627750.0,217,79.86866359447005
0.19,0.18,7.5,267,3.539325842696629,6.7819453646222705,11.985018726591761,79.56853932584269,-545520.0,217,83.1410138248848
0.19,0.18,8.0,267,3.3183520599250937,7.071578584106113,11.985018726591761,83.86853932584269,-430710.0,217,87.84792626728111
0.19,0.18,8.5,267,3.1273408239700373,7.413017497359676,11.610486891385769,83.81198501872659,-432220.0,217,87.77834101382489
0.19,0.18,9.0,267,2.940074906367041,7.810843650644481,11.235955056179774,83.7,-435210.0,217,87.6405529953917
0.19,0.18,9.5,267,2.831460674157303,7.999945232676162,11.235955056179774,86.68314606741573,-355560.0,217,90.10460829493087
0.19,0.18,10.0,267,2.741573033707865,8.205986406569654,10.861423220973784,87.30299625468164,-339010.0,217,87.04976958525346
0.19,0.19,5.0,256,5.55078125,4.899031070953685,15.234375,75.80859375,-619300.0,209,77.74832535885167
0.19,0.19,5.5,256,4.953125,5.294534867379968,13.28125,69.90078125,-770540.0,209,70.16555023923445
0.19,0.19,6.0,256,4.421875,5.718489299218464,12.109375,68.580078125,-804350.0,209,69.64593301435407
0.19,0.19,6.5,256,3.96875,6.09035327165501,12.109375,71.537890625,-728630.0,209,73.00909090909092
0.19,0.19,7.0,256,3.640625,6.485386059000193,12.109375,77.061328125,-587230.0,209,79.60143540669857
0.19,0.19,7.5,256,3.42578125,6.755443270136831,12.109375,79.82109375,-516580.0,209,82.44497607655502
0.19,0.19,8.0,256,3.21484375,7.049201246463769,12.109375,84.305859375,-401770.0,209,87.33205741626794
0.19,0.19,8.5,256,3.0390625,7.387527214618867,11.71875,84.246875,-403280.0,209,87.2598086124402
0.19,0.19,9.0,256,2.86328125,7.770775138566183,11.71875,87.296484375,-325210.0,209,90.99521531100478
0.19,0.19,9.5,256,2.7578125,7.958220705941049,11.71875,90.4078125,-245560.0,209,93.55358851674642
0.19,0.19,10.0,256,2.671875,8.166177885292651,11.328125,91.054296875,-229010.0,209,90.38181818181818
0.19,0.2,5.0,244,5.430327868852459,4.896521535594804,14.754098360655737,73.55286885245901,-645310.0,201,73.57860696517413
0.19,0.2,5.5,244,4.864754098360656,5.280655218742828,12.704918032786885,66.3844262295082,-820220.0,201,64.51641791044776
0.19,0.2,6.0,244,4.35655737704918,5.697309296970826,11.885245901639344,67.15368852459017,-801450.0,201,66.59203980099502
0.19,0.2,6.5,244,3.918032786885246,6.0724377732919255,11.885245901639344,69.8655737704918,-735280.0,201,69.6139303482587
0.19,0.2,7.0,244,3.5942622950819674,6.472502905157305,11.885245901639344,75.66065573770491,-593880.0,201,76.46865671641791
0.19,0.2,7.5,244,3.389344262295082,6.738585297552899,11.885245901639344,78.16475409836066,-532780.0,201,78.95024875621891
0.19,0.2,8.0,244,3.1844262295081966,7.025204677066863,11.885245901639344,81.39959016393442,-453850.0,201,82.24676616915423
0.19,0.2,8.5,244,3.0163934426229506,7.366985079320703,11.475409836065573,81.33770491803278,-455360.0,201,82.17164179104478
0.19,0.2,9.0,244,2.8442622950819674,7.740453373795777,11.475409836065573,84.53729508196722,-377290.0,201,86.05572139303483
0.19,0.2,9.5,244,2.75,7.91918725409524,11.475409836065573,87.8016393442623,-297640.0,201,88.71592039800996
0.19,0.2,10.0,244,2.668032786885246,8.12316673650228,11.065573770491802,88.47991803278688,-281090.0,201,85.41791044776119
0.19,0.21,5.0,237,5.257383966244726,4.889046431026564,14.767932489451477,73.27004219409282,-633500.0,194,73.2340206185567
0.19,0.21,5.5,237,4.70464135021097,5.277431756503912,12.658227848101266,65.88987341772152,-808410.0,194,63.84484536082474
0.19,0.21,6.0,237,4.223628691983122,5.6979678649972545,11.814345991561181,66.68185654008438,-789640.0,194,65.99536082474226
0.19,0.21,6.5,237,3.839662447257384,6.068338775765265,11.814345991561181,69.2506329113924,-728760.0,194,68.85360824742268
0.19,0.21,7.0,237,3.5527426160337554,6.468679973342062,11.814345991561181,74.7704641350211,-597940.0,194,75.41030927835051
0.19,0.21,7.5,237,3.3544303797468356,6.736587357746599,11.814345991561181,77.34852320675105,-536840.0,194,77.98144329896907
0.19,0.21,8.0,237,3.151898734177215,7.026058534854592,11.814345991561181,80.2324894514768,-468490.0,194,80.85154639175258
0.19,0.21,8.5,237,2.9915611814345993,7.357426451288166,11.39240506329114,80.16877637130801,-470000.0,194,80.77371134020619
0.19,0.21,9.0,237,2.8227848101265822,7.719461495826146,11.39240506329114,83.23966244725739,-397220.0,194,84.52525773195876
0.19,0.21,9.5,237,2.729957805907173,7.888103353544729,11.39240506329114,86.60042194092827,-317570.0,194,87.28144329896907
0.19,0.21,10.0,237,2.649789029535865,8.093760294831242,10.970464135021098,86.85232067510549,-311600.0,194,83.31907216494845
0.19,0.22,5.0,225,5.088888888888889,4.8795511882154035,15.11111111111111,75.11333333333333,-559950.0,183,75.09781420765027
0.19,0.22,5.5,225,4.568888888888889,5.274513413969279,12.88888888888889,66.92666666666666,-744150.0,183,64.63661202185793
0.19,0.22,6.0,225,4.102222222222222,5.703050764180919,12.0,67.348,-734670.0,183,66.4087431693989
0.19,0.22,6.5,225,3.7377777777777776,6.0720079978894885,12.0,70.05377777777778,-673790.0,183,69.43879781420765
0.19,0.22,7.0,225,3.466666666666667,6.452744411224713,12.0,75.45511111111111,-552260.0,183,75.88196721311475
0.19,0.22,7.5,225,3.2711111111111113,6.699222614202241,12.0,78.17066666666666,-491160.0,183,78.60765027322404
0.19,0.22,8.0,225,3.08,6.9800473360409,12.0,81.20844444444444,-422810.0,183,81.65027322404372
0.19,0.22,8.5,225,2.9244444444444446,7.309593005270395,11.555555555555555,80.31555555555556,-442900.0,183,80.55245901639344
0.19,0.22,9.0,225,2.76,7.68379871769267,11.555555555555555,83.55022222222222,-370120.0,183,84.52950819672131
0.19,0.22,9.5,225,2.6755555555555555,7.831223694368835,11.555555555555555,87.09022222222222,-290470.0,183,87.45136612021858
0.19,0.22,10.0,225,2.6044444444444443,8.036552939985457,11.555555555555555,91.48444444444445,-191600.0,183,88.32732240437159
0.19,0.23,5.0,211,5.0,4.871801526436463,15.165876777251185,75.3909952606635,-519250.0,172,74.12732558139535
0.19,0.23,5.5,211,4.492890995260663,5.27244659812792,13.270142180094787,69.02985781990522,-653470.0,172,65.90290697674419
0.19,0.23,6.0,211,4.042654028436019,5.692212916000116,12.322274881516588,69.47914691943127,-643990.0,172,67.78837209302326
0.19,0.23,6.5,211,3.6872037914691944,6.047764106682562,12.322274881516588,72.36445497630332,-583110.0,172,71.01220930232559
0.19,0.23,7.0,211,3.4218009478672986,6.413959546058326,12.322274881516588,76.17630331753554,-502680.0,172,75.47790697674418
0.19,0.23,7.5,211,3.2369668246445498,6.657272051624133,12.322274881516588,79.07203791469195,-441580.0,172,78.37790697674419
0.19,0.23,8.0,211,3.056872037914692,6.933473256757725,12.322274881516588,82.31137440758293,-373230.0,172,81.61511627906977
0.19,0.23,8.5,211,2.9004739336492893,7.265922617780719,11.848341232227488,81.35924170616114,-393320.0,172,80.44709302325582
0.19,0.23,9.0,211,2.7393364928909953,7.624840209739305,11.848341232227488,84.8085308056872,-320540.0,172,84.67848837209303
0.19,0.23,9.5,211,2.6587677725118484,7.75785277667978,11.848341232227488,88.58341232227488,-240890.0,172,87.78720930232558
0.19,0.23,10.0,211,2.5971563981042656,7.9536798312043535,11.848341232227488,93.2691943127962,-142020.0,172,88.71918604651162
0.19,0.24,5.0,198,4.91919191919192,4.847121835579672,16.161616161616163,80.3409090909091,-389250.0,161,79.19192546583851
0.19,0.24,5.5,198,4.41919191919192,5.254932573974918,14.14141414141414,73.56212121212121,-523470.0,161,70.4055900621118
0.19,0.24,6.0,198,3.9646464646464645,5.675308257136327,13.131313131313133,74.0409090909091,-513990.0,161,72.41987577639752
0.19,0.24,6.5,198,3.595959595959596,6.038700699150169,13.131313131313133,77.11565656565656,-453110.0,161,75.8639751552795
0.19,0.24,7.0,198,3.3333333333333335,6.396949554883,13.131313131313133,81.17777777777778,-372680.0,161,80.63478260869566
0.19,0.24,7.5,198,3.1515151515151514,6.641912385182521,13.131313131313133,84.26363636363637,-311580.0,161,83.73291925465838
0.19,0.24,8.0,198,2.974747474747475,6.907584068635715,13.131313131313133,87.71565656565656,-243230.0,161,87.19130434782609
0.19,0.24,8.5,198,2.8181818181818183,7.249301732433118,12.626262626262626,86.7010101010101,-263320.0,161,85.94347826086957
0.19,0.24,9.0,198,2.691919191919192,7.584202908937996,12.626262626262626,90.37676767676767,-190540.0,161,90.4639751552795
0.19,0.24,9.5,198,2.611111111111111,7.723371519766289,12.626262626262626,94.39949494949495,-110890.0,161,93.78509316770186
0.19,0.24,10.0,198,2.5606060606060606,7.925668950490695,12.626262626262626,99.3929292929293,-12020.0,161,94.7807453416149
0.19,0.25,5.0,187,4.866310160427807,4.841878550016897,16.577540106951872,82.57272727272728,-325890.0,152,80.8125
0.19,0.25,5.5,187,4.363636363636363,5.254981565893941,14.43850267379679,75.3951871657754,-460110.0,152,71.50592105263158
0.19,0.25,6.0,187,3.9411764705882355,5.666622873905889,13.368983957219251,74.65508021390374,-473950.0,152,72.10526315789474
0.19,0.25,6.5,187,3.5775401069518717,6.046787121323042,13.368983957219251,77.91069518716577,-413070.0,152,75.7532894736842
0.19,0.25,7.0,187,3.3262032085561497,6.399808217425891,13.368983957219251,82.21176470588236,-332640.0,152,80.80657894736842
0.19,0.25,7.5,187,3.1390374331550803,6.657797547639502,13.368983957219251,85.2524064171123,-275780.0,152,83.8092105263158
0.19,0.25,8.0,187,2.9679144385026737,6.925903154822469,13.368983957219251,88.56737967914438,-213790.0,152,87.05394736842105
0.19,0.25,8.5,187,2.807486631016043,7.276112316507921,12.834224598930483,87.49304812834225,-233880.0,152,85.73223684210527
0.19,0.25,9.0,187,2.6898395721925135,7.605876095775504,12.834224598930483,91.38502673796792,-161100.0,152,90.5203947368421
0.19,0.25,9.5,187,2.609625668449198,7.749823337386877,12.834224598930483,95.64438502673796,-81450.0,152,94.03815789473684
0.19,0.25,10.0,187,2.556149732620321,7.964020616977426,12.834224598930483,100.93155080213904,17420.0,152,95.09276315789474
0.19,0.26,5.0,170,4.8,4.836819542849635,15.294117647058824,75.76411764705882,-412010.0,137,70.96569343065694
0.19,0.26,5.5,170,4.294117647058823,5.250983898538366,12.941176470588237,67.25235294117647,-556710.0,137,59.87518248175183
0.19,0.26,6.0,170,3.8705882352941177,5.668148203629963,11.76470588235294,64.67588235294117,-600510.0,137,58.35328467153285
0.19,0.26,6.5,170,3.5058823529411764,6.056913552664641,11.76470588235294,67.48941176470588,-552680.0,137,61.448175182481755
0.19,0.26,7.0,170,3.264705882352941,6.415084091397801,11.76470588235294,70.71588235294118,-497830.0,137,65.18759124087592
0.19,0.26,7.5,170,3.088235294117647,6.682447130150853,11.76470588235294,72.98176470588236,-459310.0,137,67.18029197080293
0.19,0.26,8.0,170,2.9235294117647057,6.951621876217253,11.76470588235294,75.79411764705883,-411500.0,137,69.74525547445255
0.19,0.26,8.5,170,2.7705882352941176,7.286253069137951,11.176470588235295,71.71764705882353,-480800.0,137,64.68686131386862
0.19,0.26,9.0,170,2.6470588235294117,7.64052789810417,11.176470588235295,75.22823529411765,-421120.0,137,69.04306569343066
0.19,0.26,9.5,170,2.5764705882352943,7.76689240445378,11.176470588235295,78.66235294117647,-362740.0,137,71.39343065693431
0.19,0.26,10.0,170,2.523529411764706,7.986381424101153,11.176470588235295,84.47823529411765,-263870.0,137,72.56350364963504
0.19,0.27,5.0,151,4.701986754966887,4.82782811400884,14.56953642384106,71.54768211920529,-429630.0,121,67.38595041322314
0.19,0.27,5.5,151,4.218543046357616,5.2476087984999555,11.920529801324504,61.53841059602649,-580770.0,121,54.296694214876034
0.19,0.27,6.0,151,3.8211920529801326,5.657912124889238,11.920529801324504,65.32251655629139,-523630.0,121,56.72066115702479
0.19,0.27,6.5,151,3.4701986754966887,6.0049195630424705,11.920529801324504,67.23377483443709,-494770.0,121,58.65702479338843
0.19,0.27,7.0,151,3.23841059602649,6.371641121208943,11.920529801324504,70.11986754966887,-451190.0,121,61.9595041322314
0.19,0.27,7.5,151,3.0596026490066226,6.638771081214521,11.920529801324504,72.67086092715232,-412670.0,121,64.21570247933884
0.19,0.27,8.0,151,2.9006622516556293,6.91237252015714,11.920529801324504,75.83708609271523,-364860.0,121,67.1198347107438
0.19,0.27,8.5,151,2.7549668874172184,7.224073954444644,11.920529801324504,75.83708609271523,-364860.0,121,67.1198347107438
0.19,0.27,9.0,151,2.6357615894039736,7.585315166914677,11.920529801324504,79.78940397350993,-305180.0,121,72.05206611570247
0.19,0.27,9.5,151,2.562913907284768,7.706394010911572,11.920529801324504,81.52317880794702,-279000.0,121,72.05206611570247
0.19,0.27,10.0,151,2.5033112582781456,7.953500854223183,11.920529801324504,88.07086092715232,-180130.0,121,73.37685950413223
0.19,0.28,5.0,135,4.614814814814815,4.823242900486725,16.296296296296298,80.02740740740741,-269630.0,106,76.92169811320754
0.19,0.28,5.5,135,4.148148148148148,5.240065876258691,13.333333333333334,68.83185185185185,-420770.0,106,61.98018867924528
0.19,0.28,6.0,135,3.7555555555555555,5.642678004103281,13.333333333333334,73.06444444444445,-363630.0,106,64.74716981132076
0.19,0.28,6.5,135,3.4,5.998989453287708,13.333333333333334,75.20222222222222,-334770.0,106,66.95754716981132
0.19,0.28,7.0,135,3.1777777777777776,6.338397044557368,13.333333333333334,78.43037037037037,-291190.0,106,70.72735849056603
0.19,0.28,7.5,135,3.0074074074074075,6.579128944514071,13.333333333333334,81.28370370370371,-252670.0,106,73.30283018867925
0.19,0.28,8.0,135,2.859259259259259,6.82639649739227,13.333333333333334,84.82518518518519,-204860.0,106,76.61792452830188
0.19,0.28,8.5,135,2.7185185185185183,7.137005251586647,13.333333333333334,84.82518518518519,-204860.0,106,76.61792452830188
0.19,0.28,9.0,135,2.5925925925925926,7.508795279052597,13.333333333333334,89.24592592592593,-145180.0,106,82.24811320754716
0.19,0.28,9.5,135,2.525925925925926,7.613797836961721,13.333333333333334,91.18518518518519,-119000.0,106,82.24811320754716
0.19,0.28,10.0,135,2.4592592592592593,7.890191417258415,13.333333333333334,98.50888888888889,-20130.0,106,83.76037735849057
0.19,0.29,5.0,120,4.566666666666666,4.815340167058292,16.666666666666664,81.86333333333333,-217640.0,92,77.97391304347826
0.19,0.29,5.5,120,4.1,5.234395957792893,14.166666666666666,73.29583333333333,-320450.0,92,66.01195652173914
0.19,0.29,6.0,120,3.716666666666667,5.637507762993522,14.166666666666666,78.0575,-263310.0,92,69.2
0.19,0.29,6.5,120,3.35,6.020563630425324,14.166666666666666,80.4625,-234450.0,92,71.74673913043478
0.19,0.29,7.0,120,3.1416666666666666,6.3184208150359495,14.166666666666666,84.09416666666667,-190870.0,92,76.09021739130435
0.19,0.29,7.5,120,2.975,6.535729798318399,14.166666666666666,87.30416666666666,-152350.0,92,79.05760869565218
0.19,0.29,8.0,120,2.8333333333333335,6.743541167717705,14.166666666666666,91.28833333333333,-104540.0,92,82.87717391304348
0.19,0.29,8.5,120,2.7,7.02849271948333,14.166666666666666,91.28833333333333,-104540.0,92,82.87717391304348
0.19,0.29,9.0,120,2.566666666666667,7.411610923758803,14.166666666666666,96.26166666666667,-44860.0,92,89.36413043478261
0.19,0.29,9.5,120,2.5,7.5067778810396515,14.166666666666666,98.44333333333333,-18680.0,92,89.36413043478261
0.19,0.29,10.0,120,2.433333333333333,7.780607013006702,14.166666666666666,106.6825,80190.0,92,91.10652173913043
0.19,0.3,5.0,111,4.4324324324324325,4.80777828628735,17.117117117117118,83.57117117117117,-182360.0,86,77.05116279069767
0.19,0.3,5.5,111,3.981981981981982,5.24887586623528,14.414414414414415,74.309009009009,-285170.0,86,64.2546511627907
0.19,0.3,6.0,111,3.6486486486486487,5.638233362875331,14.414414414414415,79.45675675675676,-228030.0,86,67.66511627906976
0.19,0.3,6.5,111,3.3063063063063063,6.018698956170611,14.414414414414415,82.05675675675676,-199170.0,86,70.38953488372093
0.19,0.3,7.0,111,3.108108108108108,6.2977789446268515,14.414414414414415,83.3882882882883,-184390.0,86,71.68720930232558
0.19,0.3,7.5,111,2.954954954954955,6.509807269524789,14.414414414414415,86.85855855855856,-145870.0,86,74.86162790697675
0.19,0.3,8.0,111,2.8018018018018016,6.73446820941593,14.414414414414415,91.16576576576577,-98060.0,86,78.94767441860465
0.19,0.3,8.5,111,2.6666666666666665,7.02826999850637,14.414414414414415,91.16576576576577,-98060.0,86,78.94767441860465
0.19,0.3,9.0,111,2.5405405405405403,7.409712486055168,14.414414414414415,96.54234234234234,-38380.0,86,85.88720930232559
0.19,0.3,9.5,111,2.4774774774774775,7.5046734360868586,14.414414414414415,98.90090090090091,-12200.0,86,85.88720930232559
0.19,0.3,10.0,111,2.4054054054054053,7.800704930105292,14.414414414414415,107.80810810810812,86670.0,86,87.75116279069768
0.19,0.31,5.0,102,4.137254901960785,4.802989892511114,17.647058823529413,86.10686274509804,-141710.0,79,77.63164556962025
0.19,0.31,5.5,102,3.715686274509804,5.232120722610245,14.705882352941178,76.02745098039216,-244520.0,79,63.70126582278481
0.19,0.31,6.0,102,3.411764705882353,5.609000172148394,14.705882352941178,80.33921568627451,-200540.0,79,65.74810126582278
0.19,0.31,6.5,102,3.107843137254902,5.976606801065272,14.705882352941178,83.1686274509804,-171680.0,79,68.71392405063291
0.19,0.31,7.0,102,2.9313725490196076,6.2396538472052265,14.705882352941178,83.97254901960784,-163480.0,79,69.29367088607594
0.19,0.31,7.5,102,2.803921568627451,6.441220986366691,14.705882352941178,86.78137254901961,-134830.0,79,71.5
0.19,0.31,8.0,102,2.6666666666666665,6.6304135705325296,14.705882352941178,91.46862745098039,-87020.0,79,75.94810126582279
0.19,0.31,8.5,102,2.549019607843137,6.930058391026685,14.705882352941178,91.46862745098039,-87020.0,79,75.94810126582279
0.19,0.31,9.0,102,2.4215686274509802,7.330558058307925,14.705882352941178,95.70686274509804,-43790.0,79,81.42025316455697
0.19,0.31,9.5,102,2.3627450980392157,7.427863125784724,14.705882352941178,98.27352941176471,-17610.0,79,81.42025316455697
0.19,0.31,10.0,102,2.303921568627451,7.6965297506400026,14.705882352941178,107.96666666666667,81260.0,79,83.4493670886076
0.19,0.32,5.0,92,4.217391304347826,4.7863045219278515,18.478260869565215,90.25326086956522,-89670.0,69,81.93188405797102
0.19,0.32,5.5,92,3.782608695652174,5.222530997286899,16.304347826086957,84.29130434782608,-144520.0,69,72.93333333333334
0.19,0.32,6.0,92,3.4782608695652173,5.612434914195338,16.304347826086957,89.07173913043478,-100540.0,69,75.2768115942029
0.19,0.32,6.5,92,3.1630434782608696,5.978217289713046,16.304347826086957,92.20869565217392,-71680.0,69,78.67246376811595
0.19,0.32,7.0,92,2.9782608695652173,6.235277333880554,16.304347826086957,93.1,-63480.0,69,79.33623188405797
0.19,0.32,7.5,92,2.8369565217391304,6.458753944690003,16.304347826086957,96.2141304347826,-34830.0,69,81.8623188405797
0.19,0.32,8.0,92,2.6956521739130435,6.638302418965594,16.304347826086957,101.4108695652174,12980.0,69,86.95507246376812
0.19,0.32,8.5,92,2.5760869565217392,6.936509845592992,16.304347826086957,101.4108695652174,12980.0,69,86.95507246376812
0.19,0.32,9.0,92,2.4456521739130435,7.316907895164396,16.304347826086957,106.10978260869565,56210.0,69,93.22028985507247
0.19,0.32,9.5,92,2.380434782608696,7.424789600410413,16.304347826086957,108.95543478260869,82390.0,69,93.22028985507247
0.19,0.32,10.0,92,2.3260869565217392,7.6363241801421555,16.304347826086957,119.70217391304348,181260.0,69,95.54347826086956
0.2,0.15,5.0,253,5.747035573122529,4.896900946058591,15.019762845849801,74.84545454545454,-636410.0,208,75.85721153846154
0.2,0.15,5.5,253,5.098814229249012,5.295047146645764,13.043478260869565,68.3897233201581,-799740.0,208,67.65673076923076
0.2,0.15,6.0,253,4.549407114624506,5.723304970536674,11.857707509881422,67.28221343873518,-827760.0,208,67.41298076923077
0.2,0.15,6.5,253,4.075098814229249,6.090781356635464,11.857707509881422,69.89762845849802,-761590.0,208,70.33317307692307
0.2,0.15,7.0,253,3.7154150197628457,6.478429660427209,11.857707509881422,75.71541501976284,-614400.0,208,77.23557692307692
0.2,0.15,7.5,253,3.4782608695652173,6.772844774176551,11.857707509881422,78.58814229249012,-541720.0,208,80.19038461538462
0.2,0.15,8.0,253,3.268774703557312,7.042965185162425,11.857707509881422,81.70790513833992,-462790.0,208,83.37596153846154
0.2,0.15,8.5,253,3.0869565217391304,7.398195033932967,11.462450592885375,81.64822134387352,-464300.0,208,83.30336538461539
0.2,0.15,9.0,253,2.909090909090909,7.7938473344921775,11.067193675889328,81.5300395256917,-467290.0,208,83.15961538461538
0.2,0.15,9.5,253,2.802371541501976,7.966175201274666,11.067193675889328,84.67826086956522,-387640.0,208,85.73028846153846
0.2,0.15,10.0,253,2.7233201581027666,8.167802356810347,10.67193675889328,85.33241106719368,-371090.0,208,82.54326923076923
0.2,0.16,5.0,251,5.713147410358566,4.89628530405738,15.139442231075698,75.44183266932271,-616410.0,206,76.59368932038835
0.2,0.16,5.5,251,5.075697211155378,5.295383561067266,13.147410358565736,68.93466135458168,-779740.0,206,68.31359223300971
0.2,0.16,6.0,251,4.53386454183267,5.719903595892396,11.952191235059761,67.81832669322709,-807760.0,206,68.06747572815534
0.2,0.16,6.5,251,4.059760956175299,6.089493696535289,11.952191235059761,70.45458167330678,-741590.0,206,71.01601941747573
0.2,0.16,7.0,251,3.7051792828685257,6.471254397168661,11.952191235059761,76.3187250996016,-594400.0,206,77.98543689320388
0.2,0.16,7.5,251,3.4661354581673307,6.768015448079354,11.952191235059761,79.21434262948208,-521720.0,206,80.96893203883495
0.2,0.16,8.0,251,3.258964143426295,7.034229505719606,11.952191235059761,82.35896414342629,-442790.0,206,84.18543689320389
0.2,0.16,8.5,251,3.0756972111553784,7.3922898712134195,11.553784860557768,82.2988047808765,-444300.0,206,84.1121359223301
0.2,0.16,9.0,251,2.900398406374502,7.789795240025922,11.155378486055776,82.1796812749004,-447290.0,206,83.96699029126214
0.2,0.16,9.5,251,2.800796812749004,7.947235816794861,11.155378486055776,85.35298804780876,-367640.0,206,86.5626213592233
0.2,0.16,10.0,251,2.7211155378486054,8.150469563211304,10.756972111553784,86.01235059760957,-351090.0,206,83.34466019417475
0.2,0.17,5.0,248,5.629032258064516,4.89447347525553,15.32258064516129,76.35443548387097,-586410.0,204,77.34460784313725
0.2,0.17,5.5,248,5.020161290322581,5.292982826652294,13.306451612903224,69.76854838709677,-749740.0,204,68.98333333333333
0.2,0.17,6.0,248,4.495967741935484,5.715994394127825,12.096774193548388,68.63870967741936,-777760.0,204,68.73480392156863
0.2,0.17,6.5,248,4.028225806451613,6.088371187021379,12.096774193548388,71.30685483870968,-711590.0,204,71.71225490196079
0.2,0.17,7.0,248,3.681451612903226,6.463383609943184,12.096774193548388,77.24193548387096,-564400.0,204,78.75
0.2,0.17,7.5,248,3.4475806451612905,6.752799919577686,12.096774193548388,80.17258064516129,-491720.0,204,81.76274509803922
0.2,0.17,8.0,248,3.2379032258064515,7.0222343085603605,12.096774193548388,83.35524193548387,-412790.0,204,85.0107843137255
0.2,0.17,8.5,248,3.056451612903226,7.381247631172661,11.693548387096774,83.29435483870968,-414300.0,204,84.93676470588235
0.2,0.17,9.0,248,2.8870967741935485,7.775279890985732,11.29032258064516,83.17379032258064,-417290.0,204,84.79019607843138
0.2,0.17,9.5,248,2.7903225806451615,7.929592068349181,11.29032258064516,86.38548387096775,-337640.0,204,87.41127450980392
0.2,0.17,10.0,248,2.7096774193548385,8.13528428750453,10.887096774193548,87.05282258064516,-321090.0,204,84.16176470588235
0.2,0.18,5.0,244,5.569672131147541,4.888535309458816,15.573770491803279,77.60614754098361,-546410.0,200,78.8915
0.2,0.18,5.5,244,4.959016393442623,5.2843446230470095,13.524590163934427,70.91229508196722,-709740.0,200,70.363
0.2,0.18,6.0,244,4.426229508196721,5.714290806382794,12.295081967213115,69.76393442622951,-737760.0,200,70.1095
0.2,0.18,6.5,244,3.971311475409836,6.091045079893266,12.295081967213115,72.47581967213115,-671590.0,200,73.1465
0.2,0.18,7.0,244,3.6352459016393444,6.4651101421315715,12.295081967213115,78.50819672131148,-524400.0,200,80.325
0.2,0.18,7.5,244,3.418032786885246,6.7316637667820975,12.295081967213115,81.48688524590163,-451720.0,200,83.398
0.2,0.18,8.0,244,3.2049180327868854,7.005515112961208,12.295081967213115,84.7217213114754,-372790.0,200,86.711
0.2,0.18,8.5,244,3.028688524590164,7.35611389880397,11.885245901639344,84.65983606557377,-374300.0,200,86.6355
0.2,0.18,9.0,244,2.860655737704918,7.754797043705726,11.475409836065573,84.53729508196722,-377290.0,200,86.486
0.2,0.18,9.5,244,2.7704918032786887,7.903422251111548,11.475409836065573,87.8016393442623,-297640.0,200,89.1595
0.2,0.18,10.0,244,2.692622950819672,8.109919450621739,11.065573770491802,88.47991803278688,-281090.0,200,85.845
0.2,0.19,5.0,238,5.42436974789916,4.8841702424329645,15.546218487394958,77.61638655462185,-532730.0,196,78.13826530612245
0.2,0.19,5.5,238,4.840336134453781,5.27418604887983,13.445378151260504,70.2672268907563,-707640.0,196,68.84489795918367
0.2,0.19,6.0,238,4.323529411764706,5.705554093483539,12.184873949579831,68.84663865546219,-741450.0,196,68.29081632653062
0.2,0.19,6.5,238,3.8739495798319328,6.0817916830153536,12.184873949579831,71.62689075630252,-675280.0,196,71.38979591836734
0.2,0.19,7.0,238,3.5588235294117645,6.454386646700024,12.184873949579831,77.56806722689076,-533880.0,196,78.41938775510204
0.2,0.19,7.5,238,3.3529411764705883,6.715084901328881,12.184873949579831,80.13529411764706,-472780.0,196,80.96428571428571
0.2,0.19,8.0,238,3.138655462184874,6.992809655180278,12.184873949579831,83.4516806722689,-393850.0,196,84.34489795918367
0.2,0.19,8.5,238,2.9705882352941178,7.341509281096436,11.76470588235294,83.38823529411765,-395360.0,196,84.26785714285714
0.2,0.19,9.0,238,2.810924369747899,7.729313015211029,11.76470588235294,86.66848739495798,-317290.0,196,88.25102040816327
0.2,0.19,9.5,238,2.722689075630252,7.877841329288357,11.76470588235294,90.01512605042016,-237640.0,196,90.97908163265306
0.2,0.19,10.0,238,2.6470588235294117,8.086902517268996,11.344537815126051,90.71050420168068,-221090.0,196,87.59693877551021
0.2,0.2,5.0,232,5.331896551724138,4.8807717056065405,15.517241379310345,77.35732758620689,-525310.0,192,77.02760416666666
0.2,0.2,5.5,232,4.775862068965517,5.26845249970873,13.36206896551724,69.81810344827586,-700220.0,192,67.540625
0.2,0.2,6.0,232,4.280172413793103,5.690864722461658,12.5,70.6271551724138,-681450.0,192,69.71354166666667
0.2,0.2,6.5,232,3.8405172413793105,6.071953102370738,12.5,73.47931034482758,-615280.0,192,72.87708333333333
0.2,0.2,7.0,232,3.5301724137931036,6.442784651305413,12.5,79.57413793103449,-473880.0,192,80.053125
0.2,0.2,7.5,232,3.3275862068965516,6.704955306071514,12.5,82.20775862068966,-412780.0,192,82.65104166666667
0.2,0.2,8.0,232,3.1163793103448274,6.98546298306018,12.5,85.60991379310344,-333850.0,192,86.10208333333334
0.2,0.2,8.5,232,2.9482758620689653,7.339683668337769,12.068965517241379,85.54482758620689,-335360.0,192,86.0234375
0.2,0.2,9.0,232,2.793103448275862,7.711353232619458,12.068965517241379,88.90991379310344,-257290.0,192,90.08958333333334
0.2,0.2,9.5,232,2.711206896551724,7.854631025255495,12.068965517241379,92.34310344827587,-177640.0,192,92.87447916666666
0.2,0.2,10.0,232,2.6379310344827585,8.056832129343219,11.637931034482758,93.05646551724138,-161090.0,192,89.421875
0.2,0.21,5.0,229,5.205240174672489,4.871392282130914,15.283842794759824,75.82969432314411,-553500.0,189,75.17142857142858
0.2,0.21,5.5,229,4.646288209606987,5.262049293508137,13.100436681222707,68.19170305676856,-728410.0,189,65.53386243386244
0.2,0.21,6.0,229,4.1615720524017465,5.688685372845737,12.22707423580786,69.01135371179039,-709640.0,189,67.74126984126984
0.2,0.21,6.5,229,3.7685589519650655,6.0664254497290715,12.22707423580786,71.6698689956332,-648760.0,189,70.67513227513227
0.2,0.21,7.0,229,3.489082969432314,6.436636094134401,12.22707423580786,77.3825327510917,-517940.0,189,77.405291005291
0.2,0.21,7.5,229,3.2925764192139737,6.699772995517362,12.22707423580786,80.05065502183406,-456840.0,189,80.04444444444445
0.2,0.21,8.0,229,3.087336244541485,6.978145578201021,12.22707423580786,83.0353711790393,-388490.0,189,82.99047619047619
0.2,0.21,8.5,229,2.925764192139738,7.319243102272368,11.790393013100436,82.96943231441048,-390000.0,189,82.910582010582
0.2,0.21,9.0,229,2.7729257641921397,7.692190396174846,11.790393013100436,86.1475982532751,-317220.0,189,86.76137566137567
0.2,0.21,9.5,229,2.6899563318777293,7.8373451904611375,11.790393013100436,89.62576419213974,-237570.0,189,89.5904761904762
0.2,0.21,10.0,229,2.6200873362445414,8.037696096687938,11.353711790393014,89.88646288209607,-231600.0,189,85.52328042328043
0.2,0.22,5.0,219,5.018264840182648,4.86260519234013,15.52511415525114,77.17123287671232,-499950.0,179,76.77597765363129
0.2,0.22,5.5,219,4.497716894977169,5.256576125042754,13.24200913242009,68.76027397260275,-684150.0,179,66.08100558659218
0.2,0.22,6.0,219,4.027397260273973,5.691656549735775,12.32876712328767,69.19315068493151,-674670.0,179,67.8927374301676
0.2,0.22,6.5,219,3.6575342465753424,6.064898327538029,12.32876712328767,71.97305936073059,-613790.0,179,70.99050279329609
0.2,0.22,7.0,219,3.3881278538812785,6.433824115643741,12.32876712328767,77.52237442922375,-492260.0,179,77.57765363128492
0.2,0.22,7.5,219,3.1963470319634704,6.672280261683771,12.32876712328767,80.31232876712329,-431160.0,179,80.36424581005586
0.2,0.22,8.0,219,3.0045662100456623,6.938619142385424,12.32876712328767,83.43333333333334,-362810.0,179,83.47486033519553
0.2,0.22,8.5,219,2.8493150684931505,7.275262577975458,11.87214611872146,82.51598173515981,-382900.0,179,82.35251396648044
0.2,0.22,9.0,219,2.7031963470319633,7.6579060028301535,11.87214611872146,85.83926940639269,-310120.0,179,86.41843575418994
0.2,0.22,9.5,219,2.625570776255708,7.795388544791029,11.87214611872146,89.47625570776256,-230470.0,179,89.40558659217876
0.2,0.22,10.0,219,2.5662100456621006,7.993282347095934,11.87214611872146,93.99086757990868,-131600.0,179,90.30111731843576
0.2,0.23,5.0,206,4.932038834951456,4.854323613344772,15.53398058252427,77.22087378640776,-469250.0,168,75.89226190476191
0.2,0.23,5.5,206,4.422330097087379,5.253457440338804,13.592233009708737,70.70533980582525,-603470.0,168,67.4720238095238
0.2,0.23,6.0,206,3.966019417475728,5.680222736953942,12.62135922330097,71.16553398058252,-593990.0,168,69.40238095238095
0.2,0.23,6.5,206,3.6019417475728157,6.044403810905381,12.62135922330097,74.12087378640777,-533110.0,168,72.70297619047619
0.2,0.23,7.0,206,3.3398058252427183,6.395842123055919,12.62135922330097,78.0252427184466,-452680.0,168,77.275
0.2,0.23,7.5,206,3.1553398058252426,6.6334007961687576,12.62135922330097,80.99126213592233,-391580.0,168,80.24404761904762
0.2,0.23,8.0,206,2.9757281553398056,6.892726557057841,12.62135922330097,84.30922330097087,-323230.0,168,83.55833333333334
0.2,0.23,8.5,206,2.820388349514563,7.23119234343373,12.135922330097088,83.33398058252428,-343320.0,168,82.3625
0.2,0.23,9.0,206,2.679611650485437,7.59689252135328,12.135922330097088,86.86699029126214,-270540.0,168,86.69464285714285
0.2,0.23,9.5,206,2.6019417475728157,7.730656525935815,12.135922330097088,90.73349514563107,-190890.0,168,89.87738095238095
0.2,0.23,10.0,206,2.5533980582524274,7.917351530526684,12.135922330097088,95.53300970873786,-92020.0,168,90.83154761904763
0.2,0.24,5.0,196,4.918367346938775,4.843878119557609,16.3265306122449,81.16071428571429,-369250.0,160,79.686875
0.2,0.24,5.5,196,4.413265306122449,5.255850192018113,14.285714285714285,74.31275510204081,-503470.0,160,70.845625
0.2,0.24,6.0,196,3.9591836734693877,5.677163168026503,13.26530612244898,74.79642857142858,-493990.0,160,72.8725
0.2,0.24,6.5,196,3.586734693877551,6.044263696183344,13.26530612244898,77.90255102040817,-433110.0,160,76.338125
0.2,0.24,7.0,196,3.326530612244898,6.390101985849943,13.26530612244898,82.0061224489796,-352680.0,160,81.13875
0.2,0.24,7.5,196,3.1479591836734695,6.625310089860985,13.26530612244898,85.12346938775511,-291580.0,160,84.25625
0.2,0.24,8.0,196,2.9693877551020407,6.893692708859617,13.26530612244898,88.61071428571428,-223230.0,160,87.73625
0.2,0.24,8.5,196,2.816326530612245,7.236739822377309,12.755102040816327,87.58571428571429,-243320.0,160,86.480625
0.2,0.24,9.0,196,2.688775510204082,7.575058357826116,12.755102040816327,91.29897959183674,-170540.0,160,91.029375
0.2,0.24,9.5,196,2.607142857142857,7.7156470565200035,12.755102040816327,95.36275510204082,-90890.0,160,94.37125
0.2,0.24,10.0,196,2.561224489795918,7.909032797648569,12.755102040816327,100.40714285714286,7980.0,160,95.373125
0.2,0.25,5.0,185,4.864864864864865,4.838385280225277,16.756756756756758,83.4654054054054,-305890.0,151,81.3476821192053
0.2,0.25,5.5,185,4.356756756756757,5.2559542746523435,14.594594594594595,76.21027027027027,-440110.0,151,71.9794701986755
0.2,0.25,6.0,185,3.9351351351351354,5.668494180760017,13.513513513513514,75.46216216216216,-453950.0,151,72.58278145695364
0.2,0.25,6.5,185,3.5675675675675675,6.052768311933031,13.513513513513514,78.75297297297297,-393070.0,151,76.25496688741723
0.2,0.25,7.0,185,3.3189189189189188,6.39258440009944,13.513513513513514,83.10054054054054,-312640.0,151,81.34172185430464
0.2,0.25,7.5,185,3.135135135135135,6.640379820298382,13.513513513513514,86.17405405405405,-255780.0,151,84.36423841059603
0.2,0.25,8.0,185,2.962162162162162,6.911383866477923,13.513513513513514,89.52486486486487,-193790.0,151,87.63046357615895
0.2,0.25,8.5,185,2.8054054054054056,7.263093326222576,12.972972972972974,88.43891891891892,-213880.0,151,86.3
0.2,0.25,9.0,185,2.6864864864864866,7.59642211932008,12.972972972972974,92.37297297297297,-141100.0,151,91.11986754966887
0.2,0.25,9.5,185,2.6054054054054054,7.74192554732725,12.972972972972974,96.67837837837838,-61450.0,151,94.66092715231788
0.2,0.25,10.0,185,2.556756756756757,7.946809900090488,12.972972972972974,102.0227027027027,37420.0,151,95.7225165562914
0.2,0.26,5.0,168,4.7976190476190474,4.832912561148539,15.476190476190476,76.66607142857143,-392010.0,136,71.4875
0.2,0.26,5.5,168,4.285714285714286,5.252007444881183,13.095238095238097,68.05297619047619,-536710.0,136,60.315441176470586
0.2,0.26,6.0,168,3.863095238095238,5.67022702760295,11.904761904761903,65.44583333333334,-580510.0,136,58.78235294117647
0.2,0.26,6.5,168,3.494047619047619,6.063620535554707,11.904761904761903,68.29285714285714,-532680.0,136,61.9
0.2,0.26,7.0,168,3.255952380952381,6.407311148198698,11.904761904761903,71.5577380952381,-477830.0,136,65.66691176470589
0.2,0.26,7.5,168,3.0833333333333335,6.663560342096779,11.904761904761903,73.85059523809524,-439310.0,136,67.67426470588235
0.2,0.26,8.0,168,2.9166666666666665,6.935939549425874,11.904761904761903,76.69642857142857,-391500.0,136,70.25808823529412
0.2,0.26,8.5,168,2.767857142857143,7.272037404271707,11.30952380952381,72.57142857142857,-460800.0,136,65.1625
0.2,0.26,9.0,168,2.642857142857143,7.630529790725619,11.30952380952381,76.12380952380953,-401120.0,136,69.55073529411764
0.2,0.26,9.5,168,2.5714285714285716,7.758398636436534,11.30952380952381,79.59880952380952,-342740.0,136,71.91838235294118
0.2,0.26,10.0,168,2.5238095238095237,7.967695346661652,11.30952380952381,85.48392857142858,-243870.0,136,73.09705882352941
0.2,0.27,5.0,150,4.693333333333333,4.826107852642859,14.666666666666666,72.02466666666666,-419630.0,120,67.9475
0.2,0.27,5.5,150,4.206666666666667,5.248687075030581,12.0,61.94866666666667,-570770.0,120,54.74916666666667
0.2,0.27,6.0,150,3.8066666666666666,5.661725756929125,12.0,65.758,-513630.0,120,57.193333333333335
0.2,0.27,6.5,150,3.453333333333333,6.01104657800338,12.0,67.682,-484770.0,120,59.145833333333336
0.2,0.27,7.0,150,3.2266666666666666,6.359219822154649,12.0,70.58733333333333,-441190.0,120,62.475833333333334
0.2,0.27,7.5,150,3.046666666666667,6.628130648560264,12.0,73.15533333333333,-402670.0,120,64.75083333333333
0.2,0.27,8.0,150,2.8866666666666667,6.903556097095834,12.0,76.34266666666667,-354860.0,120,67.67916666666666
0.2,0.27,8.5,150,2.7466666666666666,7.2145164530624655,12.0,76.34266666666667,-354860.0,120,67.67916666666666
0.2,0.27,9.0,150,2.6266666666666665,7.5781659402822985,12.0,80.32133333333333,-295180.0,120,72.6525
0.2,0.27,9.5,150,2.5533333333333332,7.700051976572504,12.0,82.06666666666666,-269000.0,120,72.6525
0.2,0.27,10.0,150,2.5,7.9344642920246375,12.0,88.658,-170130.0,120,73.98833333333333
0.2,0.28,5.0,134,4.604477611940299,4.821283016767177,16.417910447761194,80.62462686567164,-259630.0,105,77.65428571428572
0.2,0.28,5.5,134,4.134328358208955,5.241216611761323,13.432835820895523,69.3455223880597,-410770.0,105,62.57047619047619
0.2,0.28,6.0,134,3.7388059701492535,5.6468333077241555,13.432835820895523,73.60970149253731,-353630.0,105,65.36380952380952
0.2,0.28,6.5,134,3.3805970149253732,6.0058037975741385,13.432835820895523,75.7634328358209,-324770.0,105,67.5952380952381
0.2,0.28,7.0,134,3.1641791044776117,6.324244515193222,13.432835820895523,79.01567164179104,-281190.0,105,71.40095238095238
0.2,0.28,7.5,134,2.9925373134328357,6.566772921866019,13.432835820895523,81.89029850746269,-242670.0,105,74.00095238095238
0.2,0.28,8.0,134,2.843283582089552,6.81588575498958,13.432835820895523,85.45820895522388,-194860.0,105,77.34761904761905
0.2,0.28,8.5,134,2.708955223880597,7.125656789570343,13.432835820895523,85.45820895522388,-194860.0,105,77.34761904761905
0.2,0.28,9.0,134,2.582089552238806,7.500221369480068,13.432835820895523,89.91194029850746,-135180.0,105,83.03142857142858
0.2,0.28,9.5,134,2.514925373134328,7.606007528567619,13.432835820895523,91.86567164179104,-109000.0,105,83.03142857142858
0.2,0.28,10.0,134,2.455223880597015,7.868409374222991,13.432835820895523,99.24402985074627,-10130.0,105,84.55809523809523
0.2,0.29,5.0,119,4.554621848739496,4.8130668296478065,16.80672268907563,82.55126050420168,-207640.0,91,78.83076923076923
0.2,0.29,5.5,119,4.084033613445378,5.23564409761547,14.285714285714285,73.91176470588235,-310450.0,91,66.73736263736264
0.2,0.29,6.0,119,3.697478991596639,5.64214339697745,14.285714285714285,78.71344537815126,-253310.0,91,69.96043956043955
0.2,0.29,6.5,119,3.327731092436975,6.028418221278426,14.285714285714285,81.13865546218487,-224450.0,91,72.53516483516484
0.2,0.29,7.0,119,3.1260504201680672,6.302316485924042,14.285714285714285,84.80084033613446,-180870.0,91,76.92637362637363
0.2,0.29,7.5,119,2.957983193277311,6.521451595116429,14.285714285714285,88.03781512605042,-142350.0,91,79.92637362637363
0.2,0.29,8.0,119,2.8151260504201683,6.7310092785443,14.285714285714285,92.05546218487395,-94540.0,91,83.78791208791209
0.2,0.29,8.5,119,2.689075630252101,7.014801909043934,14.285714285714285,92.05546218487395,-94540.0,91,83.78791208791209
0.2,0.29,9.0,119,2.5546218487394956,7.401139594027605,14.285714285714285,97.07058823529412,-34860.0,91,90.34615384615384
0.2,0.29,9.5,119,2.4873949579831933,7.497106273638545,14.285714285714285,99.27058823529411,-8680.0,91,90.34615384615384
0.2,0.29,10.0,119,2.4285714285714284,7.7551584569478935,14.285714285714285,107.57899159663866,90190.0,91,92.1076923076923
0.2,0.3,5.0,110,4.418181818181818,4.805250204172632,17.272727272727273,84.33090909090909,-172360.0,85,77.95764705882353
0.2,0.3,5.5,110,3.963636363636364,5.250357762120092,14.545454545454545,74.98454545454545,-275170.0,85,65.01058823529412
0.2,0.3,6.0,110,3.6272727272727274,5.643254872365961,14.545454545454545,80.1790909090909,-218030.0,85,68.46117647058824
0.2,0.3,6.5,110,3.2818181818181817,6.027179243782108,14.545454545454545,82.80272727272727,-189170.0,85,71.21764705882353
0.2,0.3,7.0,110,3.090909090909091,6.2801693352202514,14.545454545454545,84.14636363636363,-174390.0,85,72.53058823529412
0.2,0.3,7.5,110,2.9363636363636365,6.4941251903445325,14.545454545454545,87.64818181818181,-135870.0,85,75.74235294117648
0.2,0.3,8.0,110,2.7818181818181817,6.720828502416503,14.545454545454545,91.99454545454546,-88060.0,85,79.87647058823529
0.2,0.3,8.5,110,2.6545454545454548,7.013457006113051,14.545454545454545,91.99454545454546,-88060.0,85,79.87647058823529
0.2,0.3,9.0,110,2.5272727272727273,7.398367152639566,14.545454545454545,97.42,-28380.0,85,86.89764705882352
0.2,0.3,9.5,110,2.463636363636364,7.49419138403518,14.545454545454545,99.8,-2200.0,85,86.89764705882352
0.2,0.3,10.0,110,2.4,7.773356927797112,14.545454545454545,108.78818181818181,96670.0,85,88.7835294117647
0.2,0.31,5.0,102,4.137254901960785,4.802989892511114,17.647058823529413,86.10686274509804,-141710.0,79,77.63164556962025
0.2,0.31,5.5,102,3.715686274509804,5.232120722610245,14.705882352941178,76.02745098039216,-244520.0,79,63.70126582278481
0.2,0.31,6.0,102,3.411764705882353,5.609000172148394,14.705882352941178,80.33921568627451,-200540.0,79,65.74810126582278
0.2,0.31,6.5,102,3.107843137254902,5.976606801065272,14.705882352941178,83.1686274509804,-171680.0,79,68.71392405063291
0.2,0.31,7.0,102,2.9313725490196076,6.2396538472052265,14.705882352941178,83.97254901960784,-163480.0,79,69.29367088607594
0.2,0.31,7.5,102,2.803921568627451,6.441220986366691,14.705882352941178,86.78137254901961,-134830.0,79,71.5
0.2,0.31,8.0,102,2.6666666666666665,6.6304135705325296,14.705882352941178,91.46862745098039,-87020.0,79,75.94810126582279
0.2,0.31,8.5,102,2.549019607843137,6.930058391026685,14.705882352941178,91.46862745098039,-87020.0,79,75.94810126582279
0.2,0.31,9.0,102,2.4215686274509802,7.330558058307925,14.705882352941178,95.70686274509804,-43790.0,79,81.42025316455697
0.2,0.31,9.5,102,2.3627450980392157,7.427863125784724,14.705882352941178,98.27352941176471,-17610.0,79,81.42025316455697
0.2,0.31,10.0,102,2.303921568627451,7.6965297506400026,14.705882352941178,107.96666666666667,81260.0,79,83.4493670886076
0.2,0.32,5.0,92,4.217391304347826,4.7863045219278515,18.478260869565215,90.25326086956522,-89670.0,69,81.93188405797102
0.2,0.32,5.5,92,3.782608695652174,5.222530997286899,16.304347826086957,84.29130434782608,-144520.0,69,72.93333333333334
0.2,0.32,6.0,92,3.4782608695652173,5.612434914195338,16.304347826086957,89.07173913043478,-100540.0,69,75.2768115942029
0.2,0.32,6.5,92,3.1630434782608696,5.978217289713046,16.304347826086957,92.20869565217392,-71680.0,69,78.67246376811595
0.2,0.32,7.0,92,2.9782608695652173,6.235277333880554,16.304347826086957,93.1,-63480.0,69,79.33623188405797
0.2,0.32,7.5,92,2.8369565217391304,6.458753944690003,16.304347826086957,96.2141304347826,-34830.0,69,81.8623188405797
0.2,0.32,8.0,92,2.6956521739130435,6.638302418965594,16.304347826086957,101.4108695652174,12980.0,69,86.95507246376812
0.2,0.32,8.5,92,2.5760869565217392,6.936509845592992,16.304347826086957,101.4108695652174,12980.0,69,86.95507246376812
0.2,0.32,9.0,92,2.4456521739130435,7.316907895164396,16.304347826086957,106.10978260869565,56210.0,69,93.22028985507247
0.2,0.32,9.5,92,2.380434782608696,7.424789600410413,16.304347826086957,108.95543478260869,82390.0,69,93.22028985507247
0.2,0.32,10.0,92,2.3260869565217392,7.6363241801421555,16.304347826086957,119.70217391304348,181260.0,69,95.54347826086956
0.21,0.15,5.0,232,5.508620689655173,4.88162557012173,15.086206896551724,74.84137931034483,-583680.0,189,75.16190476190476
0.21,0.15,5.5,232,4.879310344827586,5.282755886942672,12.931034482758621,67.80129310344827,-747010.0,189,66.13703703703703
0.21,0.15,6.0,232,4.375,5.706308306205572,11.637931034482758,66.10215517241379,-786430.0,189,65.26560846560847
0.21,0.15,6.5,232,3.9439655172413794,6.076201458659918,11.637931034482758,68.72629310344827,-725550.0,189,68.1994708994709
0.21,0.15,7.0,232,3.6120689655172415,6.449373430193179,11.637931034482758,74.12327586206897,-600340.0,189,74.63280423280423
0.21,0.15,7.5,232,3.3922413793103448,6.73032946571478,11.637931034482758,77.25603448275862,-527660.0,189,77.88465608465609
0.21,0.15,8.0,232,3.185344827586207,6.994307391650754,11.637931034482758,80.2021551724138,-459310.0,189,80.83068783068784
0.21,0.15,8.5,232,3.0129310344827585,7.33509229142862,11.206896551724139,79.23620689655172,-481720.0,189,79.64497354497354
0.21,0.15,9.0,232,2.8491379310344827,7.725143924644614,10.775862068965516,78.87931034482759,-490000.0,189,79.20687830687831
0.21,0.15,9.5,232,2.7543103448275863,7.879890932332726,10.775862068965516,82.3125,-410350.0,189,82.03597883597884
0.21,0.15,10.0,232,2.685344827586207,8.088329149260106,10.344827586206897,82.5698275862069,-404380.0,189,77.96878306878307
0.21,0.16,5.0,232,5.508620689655173,4.88162557012173,15.086206896551724,74.84137931034483,-583680.0,189,75.16190476190476
0.21,0.16,5.5,232,4.879310344827586,5.282755886942672,12.931034482758621,67.80129310344827,-747010.0,189,66.13703703703703
0.21,0.16,6.0,232,4.375,5.706308306205572,11.637931034482758,66.10215517241379,-786430.0,189,65.26560846560847
0.21,0.16,6.5,232,3.9439655172413794,6.076201458659918,11.637931034482758,68.72629310344827,-725550.0,189,68.1994708994709
0.21,0.16,7.0,232,3.6120689655172415,6.449373430193179,11.637931034482758,74.12327586206897,-600340.0,189,74.63280423280423
0.21,0.16,7.5,232,3.3922413793103448,6.73032946571478,11.637931034482758,77.25603448275862,-527660.0,189,77.88465608465609
0.21,0.16,8.0,232,3.185344827586207,6.994307391650754,11.637931034482758,80.2021551724138,-459310.0,189,80.83068783068784
0.21,0.16,8.5,232,3.0129310344827585,7.33509229142862,11.206896551724139,79.23620689655172,-481720.0,189,79.64497354497354
0.21,0.16,9.0,232,2.8491379310344827,7.725143924644614,10.775862068965516,78.87931034482759,-490000.0,189,79.20687830687831
0.21,0.16,9.5,232,2.7543103448275863,7.879890932332726,10.775862068965516,82.3125,-410350.0,189,82.03597883597884
0.21,0.16,10.0,232,2.685344827586207,8.088329149260106,10.344827586206897,82.5698275862069,-404380.0,189,77.96878306878307
0.21,0.17,5.0,231,5.445887445887446,4.881125752019538,15.151515151515152,75.16536796536796,-573680.0,188,75.56170212765957
0.21,0.17,5.5,231,4.83982683982684,5.2819748024676265,12.987012987012985,68.09480519480519,-737010.0,188,66.48882978723404
0.21,0.17,6.0,231,4.35064935064935,5.704891463314934,11.688311688311687,66.38831168831169,-776430.0,188,65.61276595744681
0.21,0.17,6.5,231,3.930735930735931,6.074577786889147,11.688311688311687,69.02380952380952,-715550.0,188,68.56223404255319
0.21,0.17,7.0,231,3.601731601731602,6.448533222575099,11.688311688311687,74.44415584415584,-590340.0,188,75.02978723404256
0.21,0.17,7.5,231,3.3852813852813854,6.725479008018568,11.688311688311687,77.5904761904762,-517660.0,188,78.29893617021277
0.21,0.17,8.0,231,3.1774891774891776,6.990599695538681,11.688311688311687,80.54935064935064,-449310.0,188,81.26063829787235
0.21,0.17,8.5,231,3.0043290043290045,7.332859854622946,11.255411255411255,79.57922077922078,-471720.0,188,80.0686170212766
0.21,0.17,9.0,231,2.844155844155844,7.717987318458974,10.822510822510822,79.22077922077922,-480000.0,188,79.6281914893617
0.21,0.17,9.5,231,2.7489177489177488,7.873404226613267,10.822510822510822,82.66883116883118,-400350.0,188,82.47234042553191
0.21,0.17,10.0,231,2.6796536796536796,8.082744773484057,10.38961038961039,82.92727272727272,-394380.0,188,78.38351063829788
0.21,0.18,5.0,230,5.443478260869565,4.882944335898547,15.217391304347828,75.49217391304347,-563680.0,187,75.96577540106952
0.21,0.18,5.5,230,4.839130434782609,5.280362337762791,13.043478260869565,68.39086956521739,-727010.0,187,66.84438502673797
0.21,0.18,6.0,230,4.3478260869565215,5.705117766700739,11.73913043478261,66.67695652173913,-766430.0,187,65.96363636363637
0.21,0.18,6.5,230,3.9260869565217393,6.07641142211658,11.73913043478261,69.32391304347826,-705550.0,187,68.92887700534759
0.21,0.18,7.0,230,3.5956521739130434,6.451992751001165,11.73913043478261,74.76782608695652,-580340.0,187,75.43101604278075
0.21,0.18,7.5,230,3.382608695652174,6.717215219509215,11.73913043478261,77.92782608695653,-507660.0,187,78.71764705882353
0.21,0.18,8.0,230,3.1739130434782608,6.983488605670718,11.73913043478261,80.8995652173913,-439310.0,187,81.6951871657754
0.21,0.18,8.5,230,3.0,7.327236852403174,11.304347826086957,79.92521739130434,-461720.0,187,80.49679144385027
0.21,0.18,9.0,230,2.8391304347826085,7.714038783473273,10.869565217391305,79.56521739130434,-470000.0,187,80.05401069518716
0.21,0.18,9.5,230,2.747826086956522,7.86255010496794,10.869565217391305,83.02826086956522,-390350.0,187,82.91336898395721
0.21,0.18,10.0,230,2.6782608695652175,8.07280082812947,10.434782608695652,83.28782608695653,-384380.0,187,78.80267379679144
0.21,0.19,5.0,225,5.337777777777778,4.878491942360851,15.11111111111111,75.11111111111111,-560000.0,184,74.68695652173913
0.21,0.19,5.5,225,4.751111111111111,5.270654224508689,12.88888888888889,67.33733333333333,-734910.0,184,64.7875
0.21,0.19,6.0,225,4.262222222222222,5.697376232745244,11.555555555555555,65.328,-780120.0,184,63.57771739130435
0.21,0.19,6.5,225,3.84,6.067443329491193,11.555555555555555,68.03377777777777,-719240.0,184,66.59130434782608
0.21,0.19,7.0,225,3.528888888888889,6.441631263697472,11.555555555555555,73.34133333333334,-599820.0,184,72.88478260869566
0.21,0.19,7.5,225,3.3244444444444445,6.705867444132327,11.555555555555555,76.05688888888889,-538720.0,184,75.59565217391304
0.21,0.19,8.0,225,3.1155555555555554,6.974852518648218,11.555555555555555,79.09466666666667,-470370.0,184,78.62173913043478
0.21,0.19,8.5,225,2.951111111111111,7.314881425185447,11.11111111111111,78.09866666666667,-492780.0,184,77.40380434782608
0.21,0.19,9.0,225,2.7955555555555556,7.693699260077836,11.11111111111111,81.33333333333333,-420000.0,184,81.35923913043479
0.21,0.19,9.5,225,2.7066666666666666,7.841445002687421,11.11111111111111,84.87333333333333,-340350.0,184,84.26521739130435
0.21,0.19,10.0,225,2.6355555555555554,8.05636796414143,10.666666666666668,85.13866666666667,-334380.0,184,80.0875
0.21,0.2,5.0,220,5.254545454545455,4.875325112672886,15.0,74.42818181818181,-562580.0,180,73.42555555555556
0.21,0.2,5.5,220,4.6909090909090905,5.265444183446673,12.727272727272727,66.47772727272728,-737490.0,180,63.306111111111115
0.21,0.2,6.0,220,4.218181818181818,5.684201583777712,11.818181818181818,66.81272727272727,-730120.0,180,64.99055555555556
0.21,0.2,6.5,220,3.8045454545454547,6.058334460771136,11.818181818181818,69.58,-669240.0,180,68.07111111111111
0.21,0.2,7.0,220,3.5,6.429005384372528,11.818181818181818,75.00818181818182,-549820.0,180,74.50444444444445
0.21,0.2,7.5,220,3.3,6.693689693017572,11.818181818181818,77.78545454545454,-488720.0,180,77.27555555555556
0.21,0.2,8.0,220,3.0954545454545452,6.964148472157633,11.818181818181818,80.89227272727273,-420370.0,180,80.36888888888889
0.21,0.2,8.5,220,2.9318181818181817,7.308217526645049,11.363636363636363,79.87363636363636,-442780.0,180,79.12388888888889
0.21,0.2,9.0,220,2.7772727272727273,7.690799592474946,11.363636363636363,83.18181818181819,-370000.0,180,83.16722222222222
0.21,0.2,9.5,220,2.6954545454545453,7.832315507149096,11.363636363636363,86.80227272727272,-290350.0,180,86.13777777777777
0.21,0.2,10.0,220,2.6272727272727274,8.039187142313242,10.909090909090908,87.07363636363637,-284380.0,180,81.86722222222222
0.21,0.21,5.0,218,5.1880733944954125,4.869037834102747,15.137614678899084,75.11100917431193,-542580.0,178,74.25056179775281
0.21,0.21,5.5,218,4.623853211009174,5.260527315496824,12.844036697247708,67.08761467889909,-717490.0,178,64.01741573033708
0.21,0.21,6.0,218,4.146788990825688,5.683126526840074,11.926605504587156,67.4256880733945,-710120.0,178,65.72078651685393
0.21,0.21,6.5,218,3.7660550458715596,6.054385164106156,11.926605504587156,70.21834862385322,-649240.0,178,68.83595505617977
0.21,0.21,7.0,218,3.4862385321100917,6.425962158713727,11.926605504587156,75.69633027522936,-529820.0,178,75.34157303370786
0.21,0.21,7.5,218,3.2889908256880735,6.6919661154941705,11.926605504587156,78.49908256880734,-468720.0,178,78.14382022471911
0.21,0.21,8.0,218,3.0871559633027523,6.962346885638758,11.926605504587156,81.63440366972478,-400370.0,178,81.27191011235955
0.21,0.21,8.5,218,2.9311926605504586,7.290912601304674,11.46788990825688,80.60642201834862,-422780.0,178,80.0129213483146
0.21,0.21,9.0,218,2.7752293577981653,7.677004594344019,11.46788990825688,83.94495412844037,-350000.0,178,84.10168539325842
0.21,0.21,9.5,218,2.6926605504587156,7.819818820161968,11.46788990825688,87.59862385321101,-270350.0,178,87.10561797752808
0.21,0.21,10.0,218,2.623853211009174,8.028588360235876,11.009174311926607,87.87247706422018,-264380.0,178,82.78707865168539
0.21,0.22,5.0,210,5.0476190476190474,4.859408051174619,15.238095238095239,75.7604761904762,-509030.0,170,75.01235294117647
0.21,0.22,5.5,210,4.514285714285714,5.255528957938315,12.857142857142856,66.98904761904762,-693230.0,170,63.751176470588234
0.21,0.22,6.0,210,4.042857142857143,5.688839080904439,11.904761904761903,66.89761904761905,-695150.0,170,64.98823529411764
0.21,0.22,6.5,210,3.6714285714285713,6.056494638528785,11.904761904761903,69.79666666666667,-634270.0,170,68.25
0.21,0.22,7.0,210,3.4,6.426578321797483,11.904761904761903,75.04095238095238,-524140.0,170,74.51529411764706
0.21,0.22,7.5,210,3.204761904761905,6.670671586225485,11.904761904761903,77.9504761904762,-463040.0,170,77.44941176470589
0.21,0.22,8.0,210,3.019047619047619,6.925547306847505,11.904761904761903,81.2052380952381,-394690.0,170,80.72470588235294
0.21,0.22,8.5,210,2.8666666666666667,7.256907394897928,11.428571428571429,79.25333333333333,-435680.0,170,78.3135294117647
0.21,0.22,9.0,210,2.719047619047619,7.650059938812631,11.428571428571429,82.71904761904761,-362900.0,170,82.59470588235294
0.21,0.22,9.5,210,2.638095238095238,7.793434589714687,11.428571428571429,86.51190476190476,-283250.0,170,85.74
0.21,0.22,10.0,210,2.580952380952381,7.998054327404919,11.428571428571429,91.22,-184380.0,170,86.68294117647059
0.21,0.23,5.0,199,4.969849246231155,4.852293295146501,15.07537688442211,74.95829145728644,-498330.0,161,73.03788819875777
0.21,0.23,5.5,199,4.447236180904523,5.255067688697783,13.06532663316583,68.21356783919597,-632550.0,161,64.25155279503106
0.21,0.23,6.0,199,3.9899497487437188,5.676198078090242,12.060301507537687,68.11708542713568,-634470.0,161,65.55776397515528
0.21,0.23,6.5,199,3.6231155778894473,6.036753040214411,12.060301507537687,71.17638190954774,-573590.0,161,69.00186335403727
0.21,0.23,7.0,199,3.35678391959799,6.394645082210406,12.060301507537687,74.64522613065327,-504560.0,161,73.06459627329193
0.21,0.23,7.5,199,3.170854271356784,6.635724359639343,12.060301507537687,77.71557788944723,-443460.0,161,76.16273291925467
0.21,0.23,8.0,199,2.9949748743718594,6.887138640485415,12.060301507537687,81.15025125628141,-375110.0,161,79.62111801242236
0.21,0.23,8.5,199,2.8442211055276383,7.216709786665336,11.557788944723619,79.09045226130654,-416100.0,161,77.07515527950311
0.21,0.23,9.0,199,2.698492462311558,7.59527378993884,11.557788944723619,82.74773869346734,-343320.0,161,81.59565217391304
0.21,0.23,9.5,199,2.6180904522613067,7.733743061014227,11.557788944723619,86.7502512562814,-263670.0,161,84.9167701863354
0.21,0.23,10.0,199,2.5678391959798996,7.927005226570604,11.557788944723619,91.71859296482413,-164800.0,161,85.91242236024844
0.21,0.24,5.0,191,4.952879581151833,4.843377026502229,15.706806282722512,78.0979057591623,-418330.0,155,75.86516129032258
0.21,0.24,5.5,191,4.439790575916231,5.255298817906381,13.612565445026178,71.07068062827226,-552550.0,155,66.73870967741935
0.21,0.24,6.0,191,3.9842931937172774,5.676342742195293,12.56544502617801,70.97015706806283,-554470.0,155,68.09548387096774
0.21,0.24,6.5,191,3.607329842931937,6.044978830730498,12.56544502617801,74.15759162303665,-493590.0,155,71.67290322580645
0.21,0.24,7.0,191,3.345549738219895,6.393714583761102,12.56544502617801,77.7717277486911,-424560.0,155,75.89290322580645
0.21,0.24,7.5,191,3.162303664921466,6.635079967981859,12.56544502617801,80.97068062827225,-363460.0,155,79.11096774193548
0.21,0.24,8.0,191,2.9842931937172774,6.8959376086738535,12.56544502617801,84.54921465968586,-295110.0,155,82.70322580645161
0.21,0.24,8.5,191,2.832460732984293,7.236873289029311,12.041884816753926,82.40314136125654,-336100.0,155,80.05870967741936
0.21,0.24,9.0,191,2.701570680628272,7.584048330641697,12.041884816753926,86.21361256544503,-263320.0,155,84.7541935483871
0.21,0.24,9.5,191,2.6178010471204187,7.728317361762126,12.041884816753926,90.38376963350785,-183670.0,155,88.20387096774193
0.21,0.24,10.0,191,2.5706806282722514,7.926765556846938,12.041884816753926,95.56020942408377,-84800.0,155,89.23806451612903
0.21,0.25,5.0,180,4.9,4.837700985946169,16.11111111111111,80.27944444444445,-354970.0,146,77.34726027397261
0.21,0.25,5.5,180,4.383333333333334,5.255372096640289,13.88888888888889,72.82277777777777,-489190.0,146,67.65821917808219
0.21,0.25,6.0,180,3.9611111111111112,5.66738281259283,12.777777777777777,71.42055555555555,-514430.0,146,67.5013698630137
0.21,0.25,6.5,180,3.588888888888889,6.053763388473337,12.777777777777777,74.80277777777778,-453550.0,146,71.29931506849314
0.21,0.25,7.0,180,3.338888888888889,6.3964867238343235,12.777777777777777,78.63777777777777,-384520.0,146,75.77945205479452
0.21,0.25,7.5,180,3.15,6.651165350149903,12.777777777777777,81.79666666666667,-327660.0,146,78.90547945205479
0.21,0.25,8.0,180,2.977777777777778,6.914257375659089,12.777777777777777,85.24055555555556,-265670.0,146,82.28356164383561
0.21,0.25,8.5,180,2.8222222222222224,7.263966990943456,12.222222222222221,82.96333333333334,-306660.0,146,79.47602739726027
0.21,0.25,9.0,180,2.7,7.6065549171825575,12.222222222222221,87.00666666666666,-233880.0,146,84.46095890410959
0.21,0.25,9.5,180,2.6166666666666667,7.756100107078817,12.222222222222221,91.43166666666667,-154230.0,146,88.12328767123287
0.21,0.25,10.0,180,2.566666666666667,7.966675691863255,12.222222222222221,96.92444444444445,-55360.0,146,89.22123287671234
0.21,0.26,5.0,165,4.824242424242424,4.82787937550157,15.151515151515152,75.0490909090909,-411690.0,133,69.36466165413533
0.21,0.26,5.5,165,4.303030303030303,5.254594166211173,12.727272727272727,66.27939393939394,-556390.0,133,57.940601503759396
0.21,0.26,6.0,165,3.878787878787879,5.674080342498278,11.515151515151516,63.624848484848485,-600190.0,133,56.37293233082707
0.21,0.26,6.5,165,3.5090909090909093,6.065279728724816,11.515151515151516,66.52363636363637,-552360.0,133,59.5609022556391
0.21,0.26,7.0,165,3.2666666666666666,6.415219261598697,11.515151515151516,69.84787878787878,-497510.0,133,63.412781954887215
0.21,0.26,7.5,165,3.090909090909091,6.676127531749471,11.515151515151516,72.18242424242425,-458990.0,133,65.46541353383459
0.21,0.26,8.0,165,2.9272727272727272,6.93661554920236,11.515151515151516,75.08,-411180.0,133,68.10751879699248
0.21,0.26,8.5,165,2.775757575757576,7.278824274136299,10.909090909090908,70.88,-480480.0,133,62.89699248120301
0.21,0.26,9.0,165,2.6484848484848484,7.643834703980284,10.909090909090908,74.4969696969697,-420800.0,133,67.38421052631578
0.21,0.26,9.5,165,2.5757575757575757,7.774028437795035,10.909090909090908,78.03515151515151,-362420.0,133,69.80526315789474
0.21,0.26,10.0,165,2.5272727272727273,7.987130542751517,10.909090909090908,84.02727272727273,-263550.0,133,71.01052631578948
0.21,0.27,5.0,148,4.70945945945946,4.823116964522121,14.18918918918919,69.64121621621622,-449310.0,118,64.88898305084746
0.21,0.27,5.5,148,4.216216216216216,5.25140671694211,11.486486486486488,59.429054054054056,-600450.0,118,51.46694915254237
0.21,0.27,6.0,148,3.8175675675675675,5.6629616593400645,11.486486486486488,63.28986486486487,-543310.0,118,53.952542372881354
0.21,0.27,6.5,148,3.4594594594594597,6.017003032050457,11.486486486486488,65.23986486486487,-514450.0,118,55.93813559322034
0.21,0.27,7.0,148,3.22972972972973,6.369881320041609,11.486486486486488,68.18445945945946,-470870.0,118,59.32457627118644
0.21,0.27,7.5,148,3.0472972972972974,6.642426076533786,11.486486486486488,70.78716216216216,-432350.0,118,61.63813559322034
0.21,0.27,8.0,148,2.891891891891892,6.902795220647125,11.486486486486488,74.01756756756757,-384540.0,118,64.61610169491526
0.21,0.27,8.5,148,2.75,7.217957743586278,11.486486486486488,74.01756756756757,-384540.0,118,64.61610169491526
0.21,0.27,9.0,148,2.6283783783783785,7.586521413065839,11.486486486486488,78.05,-324860.0,118,69.67372881355932
0.21,0.27,9.5,148,2.554054054054054,7.710054557954562,11.486486486486488,79.81891891891892,-298680.0,118,69.67372881355932
0.21,0.27,10.0,148,2.5,7.947634607399291,11.486486486486488,86.49932432432432,-199810.0,118,71.03220338983051
0.21,0.28,5.0,132,4.621212121212121,4.817856493179141,15.909090909090908,78.08257575757575,-289310.0,103,74.3388349514563
0.21,0.28,5.5,132,4.143939393939394,5.244152718400471,12.878787878787879,66.63257575757575,-440450.0,103,58.9621359223301
0.21,0.28,6.0,132,3.75,5.6479933733181635,12.878787878787879,70.96136363636364,-383310.0,103,61.80970873786408
0.21,0.28,6.5,132,3.3863636363636362,6.012402809984055,12.878787878787879,73.14772727272727,-354450.0,103,64.08446601941748
0.21,0.28,7.0,132,3.1666666666666665,6.335668386961004,12.878787878787879,76.44924242424243,-310870.0,103,67.9640776699029
0.21,0.28,7.5,132,2.992424242424242,6.581871466462177,12.878787878787879,79.36742424242425,-272350.0,103,70.61456310679611
0.21,0.28,8.0,132,2.8484848484848486,6.81370431257578,12.878787878787879,82.98939393939393,-224540.0,103,74.026213592233
0.21,0.28,8.5,132,2.712121212121212,7.128168847680494,12.878787878787879,82.98939393939393,-224540.0,103,74.026213592233
0.21,0.28,9.0,132,2.5833333333333335,7.508408648497943,12.878787878787879,87.51060606060607,-164860.0,103,79.82038834951456
0.21,0.28,9.5,132,2.515151515151515,7.61579762817773,12.878787878787879,89.4939393939394,-138680.0,103,79.82038834951456
0.21,0.28,10.0,132,2.4545454545454546,7.8821752593733345,12.878787878787879,96.98409090909091,-39810.0,103,81.37669902912621
0.21,0.29,5.0,118,4.5508474576271185,4.810378980739621,16.94915254237288,83.25084745762712,-197640.0,90,79.70666666666666
0.21,0.29,5.5,118,4.076271186440678,5.2365374119951476,14.40677966101695,74.53813559322033,-300450.0,90,67.47888888888889
0.21,0.29,6.0,118,3.694915254237288,5.637620003640837,14.40677966101695,79.38050847457627,-243310.0,90,70.73777777777778
0.21,0.29,6.5,118,3.3220338983050848,6.027168343401991,14.40677966101695,81.82627118644068,-214450.0,90,73.3411111111111
0.21,0.29,7.0,118,3.1186440677966103,6.303387779781892,14.40677966101695,85.51949152542373,-170870.0,90,77.78111111111112
0.21,0.29,7.5,118,2.9491525423728815,6.524379966170822,14.40677966101695,88.78389830508475,-132350.0,90,80.81444444444445
0.21,0.29,8.0,118,2.8135593220338984,6.712161155800954,14.40677966101695,92.83559322033898,-84540.0,90,84.71888888888888
0.21,0.29,8.5,118,2.6864406779661016,6.9983588085929584,14.40677966101695,92.83559322033898,-84540.0,90,84.71888888888888
0.21,0.29,9.0,118,2.5508474576271185,7.387970541754456,14.40677966101695,97.89322033898306,-24860.0,90,91.35
0.21,0.29,9.5,118,2.483050847457627,7.484750498311251,14.40677966101695,100.11186440677966,1320.0,90,91.35
0.21,0.29,10.0,118,2.4237288135593222,7.744989564530001,14.40677966101695,108.4906779661017,100190.0,90,93.13111111111111
0.21,0.3,5.0,109,4.412844036697248,4.8022687106254685,17.431192660550458,85.1045871559633,-162360.0,84,78.88571428571429
0.21,0.3,5.5,109,3.9541284403669725,5.251459824150426,14.678899082568808,75.67247706422019,-265170.0,84,65.7845238095238
0.21,0.3,6.0,109,3.623853211009174,5.6383681848583285,14.678899082568808,80.91467889908257,-208030.0,84,69.27619047619048
0.21,0.3,6.5,109,3.2752293577981653,6.025814798214073,14.678899082568808,83.56238532110092,-179170.0,84,72.06547619047619
0.21,0.3,7.0,109,3.0825688073394497,6.28112589966541,14.678899082568808,84.9183486238532,-164390.0,84,73.39404761904763
0.21,0.3,7.5,109,2.926605504587156,6.497044652543126,14.678899082568808,88.45229357798165,-125870.0,84,76.64404761904763
0.21,0.3,8.0,109,2.779816513761468,6.7003307110418,14.678899082568808,92.83853211009175,-78060.0,84,80.82738095238095
0.21,0.3,8.5,109,2.6513761467889907,6.995643879909875,14.678899082568808,92.83853211009175,-78060.0,84,80.82738095238095
0.21,0.3,9.0,109,2.522935779816514,7.38408531218434,14.678899082568808,98.3137614678899,-18380.0,84,87.93214285714286
0.21,0.3,9.5,109,2.458715596330275,7.480788664968904,14.678899082568808,100.71559633027523,7800.0,84,87.93214285714286
0.21,0.3,10.0,109,2.3944954128440368,7.762515360508469,14.678899082568808,109.78623853211009,106670.0,84,89.8404761904762
0.21,0.31,5.0,101,4.128712871287129,4.799749861735842,17.82178217821782,86.95940594059405,-131710.0,78,78.62692307692308
0.21,0.31,5.5,101,3.702970297029703,5.233129511934964,14.85148514851485,76.78019801980199,-234520.0,78,64.51794871794871
0.21,0.31,6.0,101,3.405940594059406,5.603387264836022,14.85148514851485,81.13465346534653,-190540.0,78,66.59102564102564
0.21,0.31,6.5,101,3.099009900990099,5.974633563346138,14.85148514851485,83.9920792079208,-161680.0,78,69.59487179487179
0.21,0.31,7.0,101,2.9207920792079207,6.240285035685498,14.85148514851485,84.8039603960396,-153480.0,78,70.18205128205128
0.21,0.31,7.5,101,2.792079207920792,6.4438478890960855,14.85148514851485,87.64059405940594,-124830.0,78,72.41666666666667
0.21,0.31,8.0,101,2.6633663366336635,6.607396994376821,14.85148514851485,92.37425742574257,-77020.0,78,76.92179487179487
0.21,0.31,8.5,101,2.5445544554455446,6.910008595271908,14.85148514851485,92.37425742574257,-77020.0,78,76.92179487179487
0.21,0.31,9.0,101,2.4158415841584158,7.314473605793557,14.85148514851485,96.65445544554456,-33790.0,78,82.46410256410256
0.21,0.31,9.5,101,2.3564356435643563,7.412742089780026,14.85148514851485,99.24653465346535,-7610.0,78,82.46410256410256
0.21,0.31,10.0,101,2.297029702970297,7.68406878022793,14.85148514851485,109.03564356435643,91260.0,78,84.51923076923077
0.21,0.32,5.0,92,4.217391304347826,4.7863045219278515,18.478260869565215,90.25326086956522,-89670.0,69,81.93188405797102
0.21,0.32,5.5,92,3.782608695652174,5.222530997286899,16.304347826086957,84.29130434782608,-144520.0,69,72.93333333333334
0.21,0.32,6.0,92,3.4782608695652173,5.612434914195338,16.304347826086957,89.07173913043478,-100540.0,69,75.2768115942029
0.21,0.32,6.5,92,3.1630434782608696,5.978217289713046,16.304347826086957,92.20869565217392,-71680.0,69,78.67246376811595
0.21,0.32,7.0,92,2.9782608695652173,6.235277333880554,16.304347826086957,93.1,-63480.0,69,79.33623188405797
0.21,0.32,7.5,92,2.8369565217391304,6.458753944690003,16.304347826086957,96.2141304347826,-34830.0,69,81.8623188405797
0.21,0.32,8.0,92,2.6956521739130435,6.638302418965594,16.304347826086957,101.4108695652174,12980.0,69,86.95507246376812
0.21,0.32,8.5,92,2.5760869565217392,6.936509845592992,16.304347826086957,101.4108695652174,12980.0,69,86.95507246376812
0.21,0.32,9.0,92,2.4456521739130435,7.316907895164396,16.304347826086957,106.10978260869565,56210.0,69,93.22028985507247
0.21,0.32,9.5,92,2.380434782608696,7.424789600410413,16.304347826086957,108.95543478260869,82390.0,69,93.22028985507247
0.21,0.32,10.0,92,2.3260869565217392,7.6363241801421555,16.304347826086957,119.70217391304348,181260.0,69,95.54347826086956
0.22,0.15,5.0,217,5.359447004608295,4.872846983184428,15.207373271889402,75.60138248847926,-529450.0,176,75.27215909090908
0.22,0.15,5.5,217,4.728110599078341,5.2841803577287205,12.903225806451612,67.64654377880184,-702070.0,176,65.0528409090909
0.22,0.15,6.0,217,4.235023041474655,5.700401115939217,11.52073732718894,65.40184331797235,-750780.0,176,63.58920454545454
0.22,0.15,6.5,217,3.8202764976958523,6.080616714564916,11.52073732718894,68.2073732718894,-689900.0,176,66.73977272727272
0.22,0.15,7.0,217,3.5299539170506913,6.4300746258350845,11.52073732718894,71.65529953917051,-615080.0,176,70.78522727272727
0.22,0.15,7.5,217,3.3179723502304146,6.698291135854135,11.52073732718894,75.00460829493088,-542400.0,176,74.27727272727273
0.22,0.15,8.0,217,3.1152073732718892,6.96911176513357,11.52073732718894,78.15437788018433,-474050.0,176,77.44090909090909
0.22,0.15,8.5,217,2.953917050691244,7.294255397754487,11.059907834101383,76.26543778801843,-515040.0,176,75.11193181818182
0.22,0.15,9.0,217,2.792626728110599,7.662999765352297,10.599078341013826,75.88387096774194,-523320.0,176,74.64147727272727
0.22,0.15,9.5,217,2.7004608294930876,7.816488722154708,10.599078341013826,79.55437788018433,-443670.0,176,77.67954545454545
0.22,0.15,10.0,217,2.6359447004608296,8.021581900879193,10.599078341013826,84.11059907834101,-344800.0,176,78.59034090909091
0.22,0.16,5.0,217,5.359447004608295,4.872846983184428,15.207373271889402,75.60138248847926,-529450.0,176,75.27215909090908
0.22,0.16,5.5,217,4.728110599078341,5.2841803577287205,12.903225806451612,67.64654377880184,-702070.0,176,65.0528409090909
0.22,0.16,6.0,217,4.235023041474655,5.700401115939217,11.52073732718894,65.40184331797235,-750780.0,176,63.58920454545454
0.22,0.16,6.5,217,3.8202764976958523,6.080616714564916,11.52073732718894,68.2073732718894,-689900.0,176,66.73977272727272
0.22,0.16,7.0,217,3.5299539170506913,6.4300746258350845,11.52073732718894,71.65529953917051,-615080.0,176,70.78522727272727
0.22,0.16,7.5,217,3.3179723502304146,6.698291135854135,11.52073732718894,75.00460829493088,-542400.0,176,74.27727272727273
0.22,0.16,8.0,217,3.1152073732718892,6.96911176513357,11.52073732718894,78.15437788018433,-474050.0,176,77.44090909090909
0.22,0.16,8.5,217,2.953917050691244,7.294255397754487,11.059907834101383,76.26543778801843,-515040.0,176,75.11193181818182
0.22,0.16,9.0,217,2.792626728110599,7.662999765352297,10.599078341013826,75.88387096774194,-523320.0,176,74.64147727272727
0.22,0.16,9.5,217,2.7004608294930876,7.816488722154708,10.599078341013826,79.55437788018433,-443670.0,176,77.67954545454545
0.22,0.16,10.0,217,2.6359447004608296,8.021581900879193,10.599078341013826,84.11059907834101,-344800.0,176,78.59034090909091
0.22,0.17,5.0,216,5.291666666666667,4.872271813885614,15.277777777777779,75.95138888888889,-519450.0,175,75.70228571428571
0.22,0.17,5.5,216,4.685185185185185,5.283351626048401,12.962962962962962,67.95972222222223,-692070.0,175,65.42457142857143
0.22,0.17,6.0,216,4.208333333333333,5.698858533078088,11.574074074074074,65.70462962962964,-740780.0,175,63.95257142857143
0.22,0.17,6.5,216,3.8055555555555554,6.078900728809627,11.574074074074074,68.52314814814815,-679900.0,175,67.12114285714286
0.22,0.17,7.0,216,3.5185185185185186,6.429086724149276,11.574074074074074,71.98703703703704,-605080.0,175,71.18971428571429
0.22,0.17,7.5,216,3.310185185185185,6.692955515216703,11.574074074074074,75.35185185185185,-532400.0,175,74.70171428571429
0.22,0.17,8.0,216,3.1064814814814814,6.965029943705765,11.574074074074074,78.51620370370371,-464050.0,175,77.88342857142857
0.22,0.17,8.5,216,2.9444444444444446,7.291678870922149,11.11111111111111,76.61851851851851,-505040.0,175,75.54114285714286
0.22,0.17,9.0,216,2.787037037037037,7.655058468184818,10.648148148148149,76.23518518518519,-513320.0,175,75.068
0.22,0.17,9.5,216,2.6944444444444446,7.809258022009463,10.648148148148149,79.92268518518519,-433670.0,175,78.12342857142858
0.22,0.17,10.0,216,2.6296296296296298,8.015300706191002,10.648148148148149,84.5,-334800.0,175,79.03942857142857
0.22,0.18,5.0,215,5.288372093023256,4.87417609460207,15.348837209302326,76.30465116279069,-509450.0,174,76.13735632183908
0.22,0.18,5.5,215,4.683720930232558,5.281633067636627,13.023255813953488,68.27581395348837,-682070.0,174,65.80057471264368
0.22,0.18,6.0,215,4.2046511627906975,5.699072564931569,11.627906976744185,66.01023255813953,-730780.0,174,64.32011494252873
0.22,0.18,6.5,215,3.8,6.080882398782789,11.627906976744185,68.84186046511628,-669900.0,174,67.50689655172414
0.22,0.18,7.0,215,3.511627906976744,6.432697166193786,11.627906976744185,72.32186046511627,-595080.0,174,71.59885057471264
0.22,0.18,7.5,215,3.3069767441860467,6.683963911263431,11.627906976744185,75.70232558139534,-522400.0,174,75.13103448275862
0.22,0.18,8.0,215,3.1023255813953488,6.957303802210582,11.627906976744185,78.88139534883722,-454050.0,174,78.33103448275862
0.22,0.18,8.5,215,2.9395348837209303,7.285472026762856,11.162790697674419,76.97488372093024,-495040.0,174,75.97528735632184
0.22,0.18,9.0,215,2.781395348837209,7.650541761687213,10.69767441860465,76.58976744186046,-503320.0,174,75.49942528735632
0.22,0.18,9.5,215,2.6930232558139533,7.7973482816232815,10.69767441860465,80.29441860465116,-423670.0,174,78.57241379310345
0.22,0.18,10.0,215,2.627906976744186,8.004349303870782,10.69767441860465,84.89302325581396,-324800.0,174,79.49367816091954
0.22,0.19,5.0,212,5.183962264150943,4.870967128839313,15.09433962264151,75.19952830188679,-525770.0,172,74.3296511627907
0.22,0.19,5.5,212,4.59433962264151,5.271181974482703,12.735849056603774,66.51084905660377,-709970.0,172,63.199418604651164
0.22,0.19,6.0,212,4.117924528301887,5.691798664352722,11.320754716981133,63.94009433962264,-764470.0,172,61.36511627906977
0.22,0.19,6.5,212,3.7122641509433962,6.0774568222504906,11.320754716981133,66.81179245283019,-703590.0,172,64.5889534883721
0.22,0.19,7.0,212,3.443396226415094,6.42978689177845,11.320754716981133,70.06792452830189,-634560.0,172,68.39186046511628
0.22,0.19,7.5,212,3.25,6.677307283433947,11.320754716981133,72.95,-573460.0,172,71.29186046511627
0.22,0.19,8.0,212,3.047169811320755,6.951113130144169,11.320754716981133,76.17405660377358,-505110.0,172,74.52906976744185
0.22,0.19,8.5,212,2.891509433962264,7.281926560982016,10.849056603773585,74.24056603773585,-546100.0,172,72.14593023255814
0.22,0.19,9.0,212,2.7358490566037736,7.6461649330392705,10.849056603773585,77.67358490566038,-473320.0,172,76.37732558139535
0.22,0.19,9.5,212,2.650943396226415,7.790733753462089,10.849056603773585,81.43066037735849,-393670.0,172,79.4860465116279
0.22,0.19,10.0,212,2.5849056603773586,8.000664035458376,10.849056603773585,86.09433962264151,-294800.0,172,80.41802325581395
0.22,0.2,5.0,209,5.1291866028708135,4.868663957676446,14.832535885167463,73.76315789473684,-548350.0,170,72.11117647058823
0.22,0.2,5.5,209,4.559808612440191,5.2703491721204765,12.440191387559809,64.94976076555024,-732550.0,170,60.85
0.22,0.2,6.0,209,4.095693779904306,5.68228016054865,11.483253588516746,64.8578947368421,-734470.0,170,62.08705882352941
0.22,0.2,6.5,209,3.6985645933014353,6.070793790690595,11.483253588516746,67.77081339712919,-673590.0,170,65.34882352941176
0.22,0.2,7.0,209,3.430622009569378,6.424746476795797,11.483253588516746,71.07368421052631,-604560.0,170,69.1964705882353
0.22,0.2,7.5,209,3.2392344497607657,6.674416149700581,11.483253588516746,73.99712918660288,-543460.0,170,72.13058823529411
0.22,0.2,8.0,209,3.0382775119617227,6.949956669520224,11.483253588516746,77.26746411483253,-475110.0,170,75.40588235294118
0.22,0.2,8.5,209,2.8803827751196174,7.285518618504071,11.004784688995215,75.30622009569377,-516100.0,170,72.99470588235295
0.22,0.2,9.0,209,2.727272727272727,7.649885013278841,11.004784688995215,78.78851674641149,-443320.0,170,77.27588235294118
0.22,0.2,9.5,209,2.645933014354067,7.792935575485252,11.004784688995215,82.59952153110048,-363670.0,170,80.42117647058824
0.22,0.2,10.0,209,2.5789473684210527,8.00587921081163,11.004784688995215,87.33014354066985,-264800.0,170,81.36411764705882
0.22,0.21,5.0,208,5.1298076923076925,4.867751916938837,14.903846153846153,74.11778846153847,-538350.0,169,72.5378698224852
0.22,0.21,5.5,208,4.5625,5.26905346113344,12.5,65.26201923076923,-722550.0,169,61.210059171597635
0.22,0.21,6.0,208,4.096153846153846,5.682964887005982,11.538461538461538,65.16971153846154,-724470.0,169,62.454437869822485
0.22,0.21,6.5,208,3.701923076923077,6.068656368453461,11.538461538461538,68.09663461538462,-663590.0,169,65.73550295857989
0.22,0.21,7.0,208,3.4326923076923075,6.424310750164938,11.538461538461538,71.41538461538461,-594560.0,169,69.60591715976331
0.22,0.21,7.5,208,3.2403846153846154,6.6751807580356095,11.538461538461538,74.35288461538461,-533460.0,169,72.55739644970414
0.22,0.21,8.0,208,3.0384615384615383,6.952045991892847,11.538461538461538,77.6389423076923,-465110.0,169,75.85207100591715
0.22,0.21,8.5,208,2.8846153846153846,7.274522423051075,11.057692307692307,75.66826923076923,-506100.0,169,73.42662721893491
0.22,0.21,9.0,208,2.730769230769231,7.640640579339185,11.057692307692307,79.16730769230769,-433320.0,169,77.73313609467456
0.22,0.21,9.5,208,2.6490384615384617,7.784378884633127,11.057692307692307,82.99663461538462,-353670.0,169,80.89704142011834
0.22,0.21,10.0,208,2.581730769230769,7.998346287437036,11.057692307692307,87.75,-254800.0,169,81.84556213017751
0.22,0.22,5.0,203,4.995073891625616,4.859163660282169,15.270935960591133,75.94334975369458,-488350.0,164,74.74939024390244
0.22,0.22,5.5,203,4.463054187192118,5.261376615045446,12.807881773399016,66.86945812807882,-672550.0,164,63.076219512195124
0.22,0.22,6.0,203,4.0,5.683610615775497,11.822660098522167,66.77487684729064,-674470.0,164,64.35853658536585
0.22,0.22,6.5,203,3.6206896551724137,6.060443681382306,11.822660098522167,69.77389162561576,-613590.0,164,67.73963414634146
0.22,0.22,7.0,203,3.3596059113300494,6.416292125089949,11.822660098522167,73.17438423645321,-544560.0,164,71.72804878048781
0.22,0.22,7.5,203,3.167487684729064,6.6605307138179946,11.822660098522167,76.18423645320198,-483460.0,164,74.76951219512195
0.22,0.22,8.0,203,2.9852216748768474,6.917520182199325,11.822660098522167,79.55123152709359,-415110.0,164,78.16463414634147
0.22,0.22,8.5,203,2.832512315270936,7.2457916605062564,11.330049261083744,77.5320197044335,-456100.0,164,75.66524390243903
0.22,0.22,9.0,203,2.689655172413793,7.613016075518265,11.330049261083744,81.11724137931034,-383320.0,164,80.10304878048781
0.22,0.22,9.5,203,2.6108374384236455,7.755246336416091,11.330049261083744,85.04088669950738,-303670.0,164,83.36341463414634
0.22,0.22,10.0,203,2.5517241379310347,7.966921927130125,11.330049261083744,89.91133004926108,-204800.0,164,84.34085365853659
0.22,0.23,5.0,196,4.938775510204081,4.85325839403074,15.306122448979592,76.10561224489796,-468330.0,158,74.4246835443038
0.22,0.23,5.5,196,4.413265306122449,5.260127707006085,13.26530612244898,69.25765306122449,-602550.0,158,65.47151898734177
0.22,0.23,6.0,196,3.9591836734693877,5.675956059109281,12.244897959183673,69.15969387755102,-604470.0,158,66.80253164556962
0.22,0.23,6.5,196,3.586734693877551,6.042029719633311,12.244897959183673,72.26581632653061,-543590.0,158,70.3120253164557
0.22,0.23,7.0,196,3.326530612244898,6.402146469453862,12.244897959183673,75.78775510204082,-474560.0,158,74.45189873417722
0.22,0.23,7.5,196,3.142857142857143,6.645157931779942,12.244897959183673,78.90510204081633,-413460.0,158,77.60886075949367
0.22,0.23,8.0,196,2.9693877551020407,6.895579083522261,12.244897959183673,82.3923469387755,-345110.0,158,81.13291139240506
0.22,0.23,8.5,196,2.816326530612245,7.230194686021261,11.73469387755102,80.30102040816327,-386100.0,158,78.5386075949367
0.22,0.23,9.0,196,2.673469387755102,7.590946286227064,11.73469387755102,84.01428571428572,-313320.0,158,83.14493670886075
0.22,0.23,9.5,196,2.5969387755102042,7.7252292005986405,11.73469387755102,88.0780612244898,-233670.0,158,86.52911392405063
0.22,0.23,10.0,196,2.545918367346939,7.921449460525778,11.73469387755102,93.12244897959184,-134800.0,158,87.54367088607594
0.22,0.24,5.0,190,4.9,4.842028073443583,15.789473684210526,78.50894736842105,-408330.0,154,76.3577922077922
0.22,0.24,5.5,190,4.389473684210526,5.253982511257559,13.684210526315791,71.44473684210526,-542550.0,154,67.17207792207792
0.22,0.24,6.0,190,3.9368421052631577,5.672095652331698,12.631578947368421,71.34368421052632,-544470.0,154,68.53766233766234
0.22,0.24,6.5,190,3.557894736842105,6.042671930806563,12.631578947368421,74.54789473684211,-483590.0,154,72.13831168831169
0.22,0.24,7.0,190,3.305263157894737,6.38988716994588,12.631578947368421,78.18105263157895,-414560.0,154,76.38571428571429
0.22,0.24,7.5,190,3.126315789473684,6.630709584649659,12.631578947368421,81.39684210526316,-353460.0,154,79.62467532467532
0.22,0.24,8.0,190,2.9526315789473685,6.887945970045956,12.631578947368421,84.99421052631578,-285110.0,154,83.24025974025975
0.22,0.24,8.5,190,2.8,7.230676048719074,12.105263157894736,82.83684210526316,-326100.0,154,80.57857142857142
0.22,0.24,9.0,190,2.668421052631579,7.579678327392579,12.105263157894736,86.66736842105263,-253320.0,154,85.30454545454545
0.22,0.24,9.5,190,2.5894736842105264,7.718201754849574,12.105263157894736,90.85947368421053,-173670.0,154,88.77662337662338
0.22,0.24,10.0,190,2.542105263157895,7.917694414119042,12.105263157894736,96.06315789473685,-74800.0,154,89.81753246753247
0.22,0.25,5.0,179,4.843575418994414,4.836237426607069,16.201117318435752,80.72793296089385,-344970.0,145,77.88068965517242
0.22,0.25,5.5,179,4.329608938547486,5.2539753090171475,13.966480446927374,73.22960893854749,-479190.0,145,68.12482758620689
0.22,0.25,6.0,179,3.910614525139665,5.662824672907436,12.849162011173185,71.8195530726257,-504430.0,145,67.96689655172413
0.22,0.25,6.5,179,3.536312849162011,6.051363799491185,12.849162011173185,75.22067039106145,-443550.0,145,71.79103448275862
0.22,0.25,7.0,179,3.2960893854748603,6.392439592634218,12.849162011173185,79.07709497206704,-374520.0,145,76.30206896551724
0.22,0.25,7.5,179,3.111731843575419,6.646616258245157,12.849162011173185,82.2536312849162,-317660.0,145,79.4496551724138
0.22,0.25,8.0,179,2.9441340782122905,6.905876975813755,12.849162011173185,85.7167597765363,-255670.0,145,82.85103448275862
0.22,0.25,8.5,179,2.787709497206704,7.257540276099711,12.290502793296088,83.4268156424581,-296660.0,145,80.02413793103449
0.22,0.25,9.0,179,2.664804469273743,7.602042101368081,12.290502793296088,87.4927374301676,-223880.0,145,85.04344827586208
0.22,0.25,9.5,179,2.5865921787709496,7.745518081558881,12.290502793296088,91.94245810055865,-144230.0,145,88.73103448275862
0.22,0.25,10.0,179,2.536312849162011,7.957270066258317,12.290502793296088,97.46592178770949,-45360.0,145,89.83655172413793
0.22,0.26,5.0,165,4.824242424242424,4.82787937550157,15.151515151515152,75.0490909090909,-411690.0,133,69.36466165413533
0.22,0.26,5.5,165,4.303030303030303,5.254594166211173,12.727272727272727,66.27939393939394,-556390.0,133,57.940601503759396
0.22,0.26,6.0,165,3.878787878787879,5.674080342498278,11.515151515151516,63.624848484848485,-600190.0,133,56.37293233082707
0.22,0.26,6.5,165,3.5090909090909093,6.065279728724816,11.515151515151516,66.52363636363637,-552360.0,133,59.5609022556391
0.22,0.26,7.0,165,3.2666666666666666,6.415219261598697,11.515151515151516,69.84787878787878,-497510.0,133,63.412781954887215
0.22,0.26,7.5,165,3.090909090909091,6.676127531749471,11.515151515151516,72.18242424242425,-458990.0,133,65.46541353383459
0.22,0.26,8.0,165,2.9272727272727272,6.93661554920236,11.515151515151516,75.08,-411180.0,133,68.10751879699248
0.22,0.26,8.5,165,2.775757575757576,7.278824274136299,10.909090909090908,70.88,-480480.0,133,62.89699248120301
0.22,0.26,9.0,165,2.6484848484848484,7.643834703980284,10.909090909090908,74.4969696969697,-420800.0,133,67.38421052631578
0.22,0.26,9.5,165,2.5757575757575757,7.774028437795035,10.909090909090908,78.03515151515151,-362420.0,133,69.80526315789474
0.22,0.26,10.0,165,2.5272727272727273,7.987130542751517,10.909090909090908,84.02727272727273,-263550.0,133,71.01052631578948
0.22,0.27,5.0,148,4.70945945945946,4.823116964522121,14.18918918918919,69.64121621621622,-449310.0,118,64.88898305084746
0.22,0.27,5.5,148,4.216216216216216,5.25140671694211,11.486486486486488,59.429054054054056,-600450.0,118,51.46694915254237
0.22,0.27,6.0,148,3.8175675675675675,5.6629616593400645,11.486486486486488,63.28986486486487,-543310.0,118,53.952542372881354
0.22,0.27,6.5,148,3.4594594594594597,6.017003032050457,11.486486486486488,65.23986486486487,-514450.0,118,55.93813559322034
0.22,0.27,7.0,148,3.22972972972973,6.369881320041609,11.486486486486488,68.18445945945946,-470870.0,118,59.32457627118644
0.22,0.27,7.5,148,3.0472972972972974,6.642426076533786,11.486486486486488,70.78716216216216,-432350.0,118,61.63813559322034
0.22,0.27,8.0,148,2.891891891891892,6.902795220647125,11.486486486486488,74.01756756756757,-384540.0,118,64.61610169491526
0.22,0.27,8.5,148,2.75,7.217957743586278,11.486486486486488,74.01756756756757,-384540.0,118,64.61610169491526
0.22,0.27,9.0,148,2.6283783783783785,7.586521413065839,11.486486486486488,78.05,-324860.0,118,69.67372881355932
0.22,0.27,9.5,148,2.554054054054054,7.710054557954562,11.486486486486488,79.81891891891892,-298680.0,118,69.67372881355932
0.22,0.27,10.0,148,2.5,7.947634607399291,11.486486486486488,86.49932432432432,-199810.0,118,71.03220338983051
0.22,0.28,5.0,132,4.621212121212121,4.817856493179141,15.909090909090908,78.08257575757575,-289310.0,103,74.3388349514563
0.22,0.28,5.5,132,4.143939393939394,5.244152718400471,12.878787878787879,66.63257575757575,-440450.0,103,58.9621359223301
0.22,0.28,6.0,132,3.75,5.6479933733181635,12.878787878787879,70.96136363636364,-383310.0,103,61.80970873786408
0.22,0.28,6.5,132,3.3863636363636362,6.012402809984055,12.878787878787879,73.14772727272727,-354450.0,103,64.08446601941748
0.22,0.28,7.0,132,3.1666666666666665,6.335668386961004,12.878787878787879,76.44924242424243,-310870.0,103,67.9640776699029
0.22,0.28,7.5,132,2.992424242424242,6.581871466462177,12.878787878787879,79.36742424242425,-272350.0,103,70.61456310679611
0.22,0.28,8.0,132,2.8484848484848486,6.81370431257578,12.878787878787879,82.98939393939393,-224540.0,103,74.026213592233
0.22,0.28,8.5,132,2.712121212121212,7.128168847680494,12.878787878787879,82.98939393939393,-224540.0,103,74.026213592233
0.22,0.28,9.0,132,2.5833333333333335,7.508408648497943,12.878787878787879,87.51060606060607,-164860.0,103,79.82038834951456
0.22,0.28,9.5,132,2.515151515151515,7.61579762817773,12.878787878787879,89.4939393939394,-138680.0,103,79.82038834951456
0.22,0.28,10.0,132,2.4545454545454546,7.8821752593733345,12.878787878787879,96.98409090909091,-39810.0,103,81.37669902912621
0.22,0.29,5.0,118,4.5508474576271185,4.810378980739621,16.94915254237288,83.25084745762712,-197640.0,90,79.70666666666666
0.22,0.29,5.5,118,4.076271186440678,5.2365374119951476,14.40677966101695,74.53813559322033,-300450.0,90,67.47888888888889
0.22,0.29,6.0,118,3.694915254237288,5.637620003640837,14.40677966101695,79.38050847457627,-243310.0,90,70.73777777777778
0.22,0.29,6.5,118,3.3220338983050848,6.027168343401991,14.40677966101695,81.82627118644068,-214450.0,90,73.3411111111111
0.22,0.29,7.0,118,3.1186440677966103,6.303387779781892,14.40677966101695,85.51949152542373,-170870.0,90,77.78111111111112
0.22,0.29,7.5,118,2.9491525423728815,6.524379966170822,14.40677966101695,88.78389830508475,-132350.0,90,80.81444444444445
0.22,0.29,8.0,118,2.8135593220338984,6.712161155800954,14.40677966101695,92.83559322033898,-84540.0,90,84.71888888888888
0.22,0.29,8.5,118,2.6864406779661016,6.9983588085929584,14.40677966101695,92.83559322033898,-84540.0,90,84.71888888888888
0.22,0.29,9.0,118,2.5508474576271185,7.387970541754456,14.40677966101695,97.89322033898306,-24860.0,90,91.35
0.22,0.29,9.5,118,2.483050847457627,7.484750498311251,14.40677966101695,100.11186440677966,1320.0,90,91.35
0.22,0.29,10.0,118,2.4237288135593222,7.744989564530001,14.40677966101695,108.4906779661017,100190.0,90,93.13111111111111
0.22,0.3,5.0,109,4.412844036697248,4.8022687106254685,17.431192660550458,85.1045871559633,-162360.0,84,78.88571428571429
0.22,0.3,5.5,109,3.9541284403669725,5.251459824150426,14.678899082568808,75.67247706422019,-265170.0,84,65.7845238095238
0.22,0.3,6.0,109,3.623853211009174,5.6383681848583285,14.678899082568808,80.91467889908257,-208030.0,84,69.27619047619048
0.22,0.3,6.5,109,3.2752293577981653,6.025814798214073,14.678899082568808,83.56238532110092,-179170.0,84,72.06547619047619
0.22,0.3,7.0,109,3.0825688073394497,6.28112589966541,14.678899082568808,84.9183486238532,-164390.0,84,73.39404761904763
0.22,0.3,7.5,109,2.926605504587156,6.497044652543126,14.678899082568808,88.45229357798165,-125870.0,84,76.64404761904763
0.22,0.3,8.0,109,2.779816513761468,6.7003307110418,14.678899082568808,92.83853211009175,-78060.0,84,80.82738095238095
0.22,0.3,8.5,109,2.6513761467889907,6.995643879909875,14.678899082568808,92.83853211009175,-78060.0,84,80.82738095238095
0.22,0.3,9.0,109,2.522935779816514,7.38408531218434,14.678899082568808,98.3137614678899,-18380.0,84,87.93214285714286
0.22,0.3,9.5,109,2.458715596330275,7.480788664968904,14.678899082568808,100.71559633027523,7800.0,84,87.93214285714286
0.22,0.3,10.0,109,2.3944954128440368,7.762515360508469,14.678899082568808,109.78623853211009,106670.0,84,89.8404761904762
0.22,0.31,5.0,101,4.128712871287129,4.799749861735842,17.82178217821782,86.95940594059405,-131710.0,78,78.62692307692308
0.22,0.31,5.5,101,3.702970297029703,5.233129511934964,14.85148514851485,76.78019801980199,-234520.0,78,64.51794871794871
0.22,0.31,6.0,101,3.405940594059406,5.603387264836022,14.85148514851485,81.13465346534653,-190540.0,78,66.59102564102564
0.22,0.31,6.5,101,3.099009900990099,5.974633563346138,14.85148514851485,83.9920792079208,-161680.0,78,69.59487179487179
0.22,0.31,7.0,101,2.9207920792079207,6.240285035685498,14.85148514851485,84.8039603960396,-153480.0,78,70.18205128205128
0.22,0.31,7.5,101,2.792079207920792,6.4438478890960855,14.85148514851485,87.64059405940594,-124830.0,78,72.41666666666667
0.22,0.31,8.0,101,2.6633663366336635,6.607396994376821,14.85148514851485,92.37425742574257,-77020.0,78,76.92179487179487
0.22,0.31,8.5,101,2.5445544554455446,6.910008595271908,14.85148514851485,92.37425742574257,-77020.0,78,76.92179487179487
0.22,0.31,9.0,101,2.4158415841584158,7.314473605793557,14.85148514851485,96.65445544554456,-33790.0,78,82.46410256410256
0.22,0.31,9.5,101,2.3564356435643563,7.412742089780026,14.85148514851485,99.24653465346535,-7610.0,78,82.46410256410256
0.22,0.31,10.0,101,2.297029702970297,7.68406878022793,14.85148514851485,109.03564356435643,91260.0,78,84.51923076923077
0.22,0.32,5.0,92,4.217391304347826,4.7863045219278515,18.478260869565215,90.25326086956522,-89670.0,69,81.93188405797102
0.22,0.32,5.5,92,3.782608695652174,5.222530997286899,16.304347826086957,84.29130434782608,-144520.0,69,72.93333333333334
0.22,0.32,6.0,92,3.4782608695652173,5.612434914195338,16.304347826086957,89.07173913043478,-100540.0,69,75.2768115942029
0.22,0.32,6.5,92,3.1630434782608696,5.978217289713046,16.304347826086957,92.20869565217392,-71680.0,69,78.67246376811595
0.22,0.32,7.0,92,2.9782608695652173,6.235277333880554,16.304347826086957,93.1,-63480.0,69,79.33623188405797
0.22,0.32,7.5,92,2.8369565217391304,6.458753944690003,16.304347826086957,96.2141304347826,-34830.0,69,81.8623188405797
0.22,0.32,8.0,92,2.6956521739130435,6.638302418965594,16.304347826086957,101.4108695652174,12980.0,69,86.95507246376812
0.22,0.32,8.5,92,2.5760869565217392,6.936509845592992,16.304347826086957,101.4108695652174,12980.0,69,86.95507246376812
0.22,0.32,9.0,92,2.4456521739130435,7.316907895164396,16.304347826086957,106.10978260869565,56210.0,69,93.22028985507247
0.22,0.32,9.5,92,2.380434782608696,7.424789600410413,16.304347826086957,108.95543478260869,82390.0,69,93.22028985507247
0.22,0.32,10.0,92,2.3260869565217392,7.6363241801421555,16.304347826086957,119.70217391304348,181260.0,69,95.54347826086956
0.23,0.15,5.0,203,5.4088669950738915,4.8761678288121955,15.270935960591133,76.23596059113301,-482410.0,163,75.5723926380368
0.23,0.15,5.5,203,4.788177339901478,5.276148251076287,12.807881773399016,67.16206896551724,-666610.0,163,63.82760736196319
0.23,0.15,6.0,203,4.29064039408867,5.6856776826487705,11.330049261083744,63.32857142857143,-744430.0,163,60.461349693251535
0.23,0.15,6.5,203,3.8669950738916254,6.069016881016884,11.330049261083744,66.32758620689656,-683550.0,163,63.86319018404908
0.23,0.15,7.0,203,3.5665024630541873,6.440501960385219,11.330049261083744,69.72807881773399,-614520.0,163,67.8760736196319
0.23,0.15,7.5,203,3.3596059113300494,6.680397160404189,11.330049261083744,72.52906403940887,-557660.0,163,70.67607361963191
0.23,0.15,8.0,203,3.1527093596059115,6.955316969656648,11.330049261083744,75.58275862068966,-495670.0,163,73.70184049079755
0.23,0.15,8.5,203,2.9852216748768474,7.287823465331656,10.83743842364532,73.56354679802956,-536660.0,163,71.18711656441718
0.23,0.15,9.0,203,2.8226600985221677,7.660267830282591,10.83743842364532,77.1487684729064,-463880.0,163,75.6521472392638
0.23,0.15,9.5,203,2.7241379310344827,7.824342232381719,10.83743842364532,81.07241379310345,-384230.0,163,78.93251533742331
0.23,0.15,10.0,203,2.6551724137931036,8.043579768259615,10.83743842364532,85.94285714285714,-285360.0,163,79.9159509202454
0.23,0.16,5.0,203,5.4088669950738915,4.8761678288121955,15.270935960591133,76.23596059113301,-482410.0,163,75.5723926380368
0.23,0.16,5.5,203,4.788177339901478,5.276148251076287,12.807881773399016,67.16206896551724,-666610.0,163,63.82760736196319
0.23,0.16,6.0,203,4.29064039408867,5.6856776826487705,11.330049261083744,63.32857142857143,-744430.0,163,60.461349693251535
0.23,0.16,6.5,203,3.8669950738916254,6.069016881016884,11.330049261083744,66.32758620689656,-683550.0,163,63.86319018404908
0.23,0.16,7.0,203,3.5665024630541873,6.440501960385219,11.330049261083744,69.72807881773399,-614520.0,163,67.8760736196319
0.23,0.16,7.5,203,3.3596059113300494,6.680397160404189,11.330049261083744,72.52906403940887,-557660.0,163,70.67607361963191
0.23,0.16,8.0,203,3.1527093596059115,6.955316969656648,11.330049261083744,75.58275862068966,-495670.0,163,73.70184049079755
0.23,0.16,8.5,203,2.9852216748768474,7.287823465331656,10.83743842364532,73.56354679802956,-536660.0,163,71.18711656441718
0.23,0.16,9.0,203,2.8226600985221677,7.660267830282591,10.83743842364532,77.1487684729064,-463880.0,163,75.6521472392638
0.23,0.16,9.5,203,2.7241379310344827,7.824342232381719,10.83743842364532,81.07241379310345,-384230.0,163,78.93251533742331
0.23,0.16,10.0,203,2.6551724137931036,8.043579768259615,10.83743842364532,85.94285714285714,-285360.0,163,79.9159509202454
0.23,0.17,5.0,202,5.336633663366337,4.875569236124494,15.346534653465346,76.61336633663366,-472410.0,162,76.03888888888889
0.23,0.17,5.5,202,4.742574257425742,5.275222319642617,12.871287128712872,67.49455445544554,-656610.0,162,64.22160493827161
0.23,0.17,6.0,202,4.262376237623762,5.683955299820582,11.386138613861387,63.642079207920794,-734430.0,162,60.83456790123457
0.23,0.17,6.5,202,3.8514851485148514,6.067124540637227,11.386138613861387,66.6559405940594,-673550.0,162,64.25740740740741
0.23,0.17,7.0,202,3.5544554455445545,6.439497210733811,11.386138613861387,70.07326732673268,-604520.0,162,68.29506172839505
0.23,0.17,7.5,202,3.3514851485148514,6.674603160240153,11.386138613861387,72.88811881188118,-547660.0,162,71.11234567901235
0.23,0.17,8.0,202,3.1435643564356437,6.950883958647327,11.386138613861387,75.95693069306931,-485670.0,162,74.15679012345679
0.23,0.17,8.5,202,2.9752475247524752,7.285036526083101,10.891089108910892,73.92772277227722,-526660.0,162,71.62654320987654
0.23,0.17,9.0,202,2.8168316831683167,7.651762621751673,10.891089108910892,77.53069306930693,-453880.0,162,76.11913580246913
0.23,0.17,9.5,202,2.717821782178218,7.816649273366145,10.891089108910892,81.47376237623763,-374230.0,162,79.41975308641975
0.23,0.17,10.0,202,2.6485148514851486,8.036972143580071,10.891089108910892,86.36831683168317,-275360.0,162,80.40925925925926
0.23,0.18,5.0,201,5.333333333333333,4.877622558394528,15.422885572139302,76.99452736318408,-462410.0,161,76.5111801242236
0.23,0.18,5.5,201,4.741293532338308,5.273343616334472,12.935323383084576,67.83034825870647,-646610.0,161,64.62049689440994
0.23,0.18,6.0,201,4.258706467661692,5.684110093926257,11.442786069651742,63.95870646766169,-724430.0,161,61.212422360248446
0.23,0.18,6.5,201,3.845771144278607,6.069185649373831,11.442786069651742,66.98756218905473,-663550.0,161,64.65652173913044
0.23,0.18,7.0,201,3.5472636815920398,6.443410919819155,11.442786069651742,70.42189054726369,-594520.0,161,68.7192546583851
0.23,0.18,7.5,201,3.3482587064676617,6.664893970165874,11.442786069651742,73.25074626865671,-537660.0,161,71.55403726708074
0.23,0.18,8.0,201,3.1393034825870645,6.942549299908408,11.442786069651742,76.33482587064677,-475670.0,161,74.61739130434782
0.23,0.18,8.5,201,2.970149253731343,7.27836431792844,10.945273631840797,74.2955223880597,-516660.0,161,72.07142857142857
0.23,0.18,9.0,201,2.810945273631841,7.646914921535661,10.945273631840797,77.91641791044776,-443880.0,161,76.59192546583851
0.23,0.18,9.5,201,2.716417910447761,7.803946771218519,10.945273631840797,81.87910447761195,-364230.0,161,79.91304347826087
0.23,0.18,10.0,201,2.646766169154229,8.025365775115102,10.945273631840797,86.79800995024875,-265360.0,161,80.90869565217392
0.23,0.19,5.0,200,5.26,4.8696752346162855,15.5,77.3795,-452410.0,161,76.5111801242236
0.23,0.19,5.5,200,4.665,5.267374897845929,13.0,68.1695,-636610.0,161,64.62049689440994
0.23,0.19,6.0,200,4.18,5.680195207825675,11.5,64.2785,-714430.0,161,61.212422360248446
0.23,0.19,6.5,200,3.765,6.067196141050487,11.5,67.3225,-653550.0,161,64.65652173913044
0.23,0.19,7.0,200,3.48,6.440666014750125,11.5,70.774,-584520.0,161,68.7192546583851
0.23,0.19,7.5,200,3.29,6.660854240372369,11.5,73.617,-527660.0,161,71.55403726708074
0.23,0.19,8.0,200,3.085,6.936291661508262,11.5,76.7165,-465670.0,161,74.61739130434782
0.23,0.19,8.5,200,2.925,7.271667149912819,11.0,74.667,-506660.0,161,72.07142857142857
0.23,0.19,9.0,200,2.765,7.642060506538075,11.0,78.306,-433880.0,161,76.59192546583851
0.23,0.19,9.5,200,2.675,7.7953034561862635,11.0,82.2885,-354230.0,161,79.91304347826087
0.23,0.19,10.0,200,2.605,8.017829555102328,11.0,87.232,-255360.0,161,80.90869565217392
0.23,0.2,5.0,198,5.196969696969697,4.867349630319847,15.151515151515152,75.50555555555556,-484990.0,159,74.16666666666667
0.23,0.2,5.5,198,4.621212121212121,5.266328526532869,12.626262626262626,66.20252525252525,-669190.0,159,62.12641509433962
0.23,0.2,6.0,198,4.146464646464646,5.673831932936717,11.616161616161616,64.92777777777778,-694430.0,159,61.982389937106916
0.23,0.2,6.5,198,3.742424242424242,6.061912770665516,11.616161616161616,68.00252525252525,-633550.0,159,65.46981132075472
0.23,0.2,7.0,198,3.45959595959596,6.435529494887675,11.616161616161616,71.4888888888889,-564520.0,159,69.58364779874213
0.23,0.2,7.5,198,3.272727272727273,6.65646022079971,11.616161616161616,74.36060606060606,-507660.0,159,72.45408805031447
0.23,0.2,8.0,198,3.0707070707070705,6.932362308511415,11.616161616161616,77.49141414141414,-445670.0,159,75.5559748427673
0.23,0.2,8.5,198,2.909090909090909,7.271125428111976,11.11111111111111,75.42121212121212,-486660.0,159,72.97798742138365
0.23,0.2,9.0,198,2.7525252525252526,7.6398765036515766,11.11111111111111,79.0969696969697,-413880.0,159,77.55534591194969
0.23,0.2,9.5,198,2.6666666666666665,7.790874319313899,11.11111111111111,83.11969696969697,-334230.0,159,80.91823899371069
0.23,0.2,10.0,198,2.595959595959596,8.015648156602854,11.11111111111111,88.11313131313132,-235360.0,159,81.92641509433962
0.23,0.21,5.0,198,5.196969696969697,4.867349630319847,15.151515151515152,75.50555555555556,-484990.0,159,74.16666666666667
0.23,0.21,5.5,198,4.621212121212121,5.266328526532869,12.626262626262626,66.20252525252525,-669190.0,159,62.12641509433962
0.23,0.21,6.0,198,4.146464646464646,5.673831932936717,11.616161616161616,64.92777777777778,-694430.0,159,61.982389937106916
0.23,0.21,6.5,198,3.742424242424242,6.061912770665516,11.616161616161616,68.00252525252525,-633550.0,159,65.46981132075472
0.23,0.21,7.0,198,3.45959595959596,6.435529494887675,11.616161616161616,71.4888888888889,-564520.0,159,69.58364779874213
0.23,0.21,7.5,198,3.272727272727273,6.65646022079971,11.616161616161616,74.36060606060606,-507660.0,159,72.45408805031447
0.23,0.21,8.0,198,3.0707070707070705,6.932362308511415,11.616161616161616,77.49141414141414,-445670.0,159,75.5559748427673
0.23,0.21,8.5,198,2.909090909090909,7.271125428111976,11.11111111111111,75.42121212121212,-486660.0,159,72.97798742138365
0.23,0.21,9.0,198,2.7525252525252526,7.6398765036515766,11.11111111111111,79.0969696969697,-413880.0,159,77.55534591194969
0.23,0.21,9.5,198,2.6666666666666665,7.790874319313899,11.11111111111111,83.11969696969697,-334230.0,159,80.91823899371069
0.23,0.21,10.0,198,2.595959595959596,8.015648156602854,11.11111111111111,88.11313131313132,-235360.0,159,81.92641509433962
0.23,0.22,5.0,194,5.051546391752577,4.8626507051461525,15.463917525773196,77.06237113402062,-444990.0,155,76.08064516129032
0.23,0.22,5.5,194,4.515463917525773,5.260466839551543,12.886597938144329,67.56752577319588,-629190.0,155,63.729677419354836
0.23,0.22,6.0,194,4.046391752577319,5.674413231482853,11.855670103092782,66.26649484536082,-654430.0,155,63.581935483870964
0.23,0.22,6.5,194,3.6597938144329896,6.051285860593209,11.855670103092782,69.40463917525773,-593550.0,155,67.15935483870967
0.23,0.22,7.0,194,3.38659793814433,6.423642737256358,11.855670103092782,72.96288659793814,-524520.0,155,71.37935483870967
0.23,0.22,7.5,194,3.195876288659794,6.649128735867613,11.855670103092782,75.89381443298969,-467660.0,155,74.32387096774194
0.23,0.22,8.0,194,3.015463917525773,6.902785987445045,11.855670103092782,79.08917525773195,-405670.0,155,77.5058064516129
0.23,0.22,8.5,194,2.8556701030927836,7.246286554951784,11.34020618556701,76.97628865979381,-446660.0,155,74.86129032258064
0.23,0.22,9.0,194,2.711340206185567,7.614362290499988,11.34020618556701,80.72783505154639,-373880.0,155,79.55677419354839
0.23,0.22,9.5,194,2.6288659793814433,7.763190862470394,11.34020618556701,84.83350515463917,-294230.0,155,83.00645161290322
0.23,0.22,10.0,194,2.5670103092783507,7.984686454815489,11.34020618556701,89.92989690721649,-195360.0,155,84.04064516129033
0.23,0.23,5.0,189,4.984126984126984,4.8571268173203626,15.343915343915343,76.45661375661376,-444970.0,151,74.78609271523179
0.23,0.23,5.5,189,4.455026455026455,5.25741066072291,13.227513227513226,69.35502645502646,-579190.0,151,65.41788079470199
0.23,0.23,6.0,189,3.994708994708995,5.668742308475649,12.16931216931217,68.01957671957672,-604430.0,151,65.26622516556291
0.23,0.23,6.5,189,3.613756613756614,6.03916937418343,12.16931216931217,71.24074074074075,-543550.0,151,68.93841059602649
0.23,0.23,7.0,189,3.3439153439153437,6.412623781404741,12.16931216931217,74.8931216931217,-474520.0,151,73.27019867549669
0.23,0.23,7.5,189,3.164021164021164,6.633756568889937,12.16931216931217,77.9015873015873,-417660.0,151,76.29271523178808
0.23,0.23,8.0,189,2.9894179894179893,6.890091701228554,12.16931216931217,81.18148148148148,-355670.0,151,79.558940397351
0.23,0.23,8.5,189,2.8306878306878307,7.237100474190481,11.64021164021164,79.01269841269841,-396660.0,151,76.84437086092716
0.23,0.23,9.0,189,2.687830687830688,7.5946002101124455,11.64021164021164,82.86349206349206,-323880.0,151,81.66423841059603
0.23,0.23,9.5,189,2.6084656084656084,7.733856565757043,11.64021164021164,87.07777777777778,-244230.0,151,85.20529801324503
0.23,0.23,10.0,189,2.5555555555555554,7.937344242718518,11.64021164021164,92.3089947089947,-145360.0,151,86.26688741721854
0.23,0.24,5.0,184,4.929347826086956,4.848817915671296,15.760869565217392,78.53423913043478,-394970.0,148,76.30202702702702
0.23,0.24,5.5,184,4.418478260869565,5.251962503957,13.586956521739129,71.23967391304348,-529190.0,148,66.74391891891892
0.23,0.24,6.0,184,3.9619565217391304,5.6632713149196485,12.5,69.8679347826087,-554430.0,148,66.58918918918918
0.23,0.24,6.5,184,3.5760869565217392,6.036476591366851,12.5,73.17663043478261,-493550.0,148,70.33581081081081
0.23,0.24,7.0,184,3.3152173913043477,6.395014066565061,12.5,76.92826086956522,-424520.0,148,74.75540540540541
0.23,0.24,7.5,184,3.141304347826087,6.611971180763472,12.5,80.01847826086957,-367660.0,148,77.83918918918918
0.23,0.24,8.0,184,2.967391304347826,6.874143504110217,12.5,83.3875,-305670.0,148,81.17162162162163
0.23,0.24,8.5,184,2.8097826086956523,7.228049563609631,11.956521739130435,81.15978260869565,-346660.0,148,78.40202702702703
0.23,0.24,9.0,184,2.6793478260869565,7.571367875549195,11.956521739130435,85.11521739130434,-273880.0,148,83.31959459459459
0.23,0.24,9.5,184,2.597826086956522,7.714408371292831,11.956521739130435,89.44402173913043,-194230.0,148,86.93243243243244
0.23,0.24,10.0,184,2.5489130434782608,7.9204062259732595,11.956521739130435,94.81739130434782,-95360.0,148,88.01554054054054
0.23,0.25,5.0,175,4.862857142857143,4.83811235895659,16.57142857142857,82.57314285714286,-304970.0,141,80.09007092198581
0.23,0.25,5.5,175,4.348571428571429,5.254832318989987,14.285714285714285,74.90342857142858,-439190.0,141,70.05744680851063
0.23,0.25,6.0,175,3.9257142857142857,5.665755576343689,13.142857142857142,73.46114285714286,-464430.0,141,69.8950354609929
0.23,0.25,6.5,175,3.5485714285714285,6.0532343284268455,13.142857142857142,76.94,-403550.0,141,73.82765957446809
0.23,0.25,7.0,175,3.302857142857143,6.402106139698861,13.142857142857142,80.88457142857143,-334520.0,141,78.46666666666667
0.23,0.25,7.5,175,3.12,6.630221048341762,13.142857142857142,84.13371428571429,-277660.0,141,81.70354609929078
0.23,0.25,8.0,175,2.9485714285714284,6.895407725169075,13.142857142857142,87.676,-215670.0,141,85.2014184397163
0.23,0.25,8.5,175,2.7885714285714287,7.25510904374728,12.571428571428573,85.33371428571428,-256660.0,141,82.29432624113475
0.23,0.25,9.0,175,2.6685714285714286,7.589543119015577,12.571428571428573,89.49257142857142,-183880.0,141,87.45602836879432
0.23,0.25,9.5,175,2.5885714285714285,7.736298550182168,12.571428571428573,94.044,-104230.0,141,91.2482269503546
0.23,0.25,10.0,175,2.537142857142857,7.952890580246161,12.571428571428573,99.69371428571428,-5360.0,141,92.38510638297872
0.23,0.26,5.0,162,4.833333333333333,4.830023575457194,15.432098765432098,76.43888888888888,-381690.0,130,70.96538461538462
0.23,0.26,5.5,162,4.314814814814815,5.25322636879994,12.962962962962962,67.5067901234568,-526390.0,130,59.277692307692305
0.23,0.26,6.0,162,3.882716049382716,5.680480807610881,11.728395061728394,64.80308641975309,-570190.0,130,57.673846153846156
0.23,0.26,6.5,162,3.5123456790123457,6.068185601953103,11.728395061728394,67.75555555555556,-522360.0,130,60.93538461538461
0.23,0.26,7.0,162,3.265432098765432,6.42460549654687,11.728395061728394,71.14135802469136,-467510.0,130,64.87615384615384
0.23,0.26,7.5,162,3.0925925925925926,6.655916301750744,11.728395061728394,73.51913580246914,-428990.0,130,66.97615384615385
0.23,0.26,8.0,162,2.925925925925926,6.921228171378687,11.728395061728394,76.47037037037038,-381180.0,130,69.67923076923077
0.23,0.26,8.5,162,2.771604938271605,7.269774094922513,11.11111111111111,72.19259259259259,-450480.0,130,64.34846153846154
0.23,0.26,9.0,162,2.6481481481481484,7.622162103398879,11.11111111111111,75.87654320987654,-390800.0,130,68.93923076923078
0.23,0.26,9.5,162,2.574074074074074,7.754766832284273,11.11111111111111,79.48024691358025,-332420.0,130,71.41615384615385
0.23,0.26,10.0,162,2.5246913580246915,7.97181527251773,11.11111111111111,85.58333333333333,-233550.0,130,72.64923076923077
0.23,0.27,5.0,146,4.732876712328767,4.8264419906342875,14.383561643835616,70.59520547945205,-429310.0,116,66.00775862068966
0.23,0.27,5.5,146,4.239726027397261,5.249625529362338,11.643835616438356,60.24315068493151,-580450.0,116,52.35431034482759
0.23,0.27,6.0,146,3.835616438356164,5.666818210697251,11.643835616438356,64.1568493150685,-523310.0,116,54.88275862068966
0.23,0.27,6.5,146,3.4726027397260273,6.025709465225595,11.643835616438356,66.13356164383562,-494450.0,116,56.90258620689655
0.23,0.27,7.0,146,3.23972602739726,6.383421702367309,11.643835616438356,69.11849315068493,-450870.0,116,60.34741379310345
0.23,0.27,7.5,146,3.0616438356164384,6.621497797086435,11.643835616438356,71.7568493150685,-412350.0,116,62.70086206896552
0.23,0.27,8.0,146,2.904109589041096,6.885433641804066,11.643835616438356,75.03150684931506,-364540.0,116,65.7301724137931
0.23,0.27,8.5,146,2.76027397260274,7.204913459578002,11.643835616438356,75.03150684931506,-364540.0,116,65.7301724137931
0.23,0.27,9.0,146,2.636986301369863,7.5785259464476935,11.643835616438356,79.11917808219178,-304860.0,116,70.875
0.23,0.27,9.5,146,2.5616438356164384,7.7037513261979065,11.643835616438356,80.91232876712328,-278680.0,116,70.875
0.23,0.27,10.0,146,2.506849315068493,7.944585896867904,11.643835616438356,87.68424657534247,-179810.0,116,72.25689655172414
0.23,0.28,5.0,131,4.633587786259542,4.818965958999286,16.030534351145036,78.67862595419847,-279310.0,102,75.06764705882352
0.23,0.28,5.5,131,4.1603053435114505,5.236286684383656,12.977099236641221,67.1412213740458,-430450.0,102,59.54019607843137
0.23,0.28,6.0,131,3.763358778625954,5.643210092392323,12.977099236641221,71.50305343511451,-373310.0,102,62.4156862745098
0.23,0.28,6.5,131,3.3969465648854964,6.010401280483146,12.977099236641221,73.70610687022901,-344450.0,102,64.71274509803922
0.23,0.28,7.0,131,3.1755725190839694,6.336134533620223,12.977099236641221,77.03282442748092,-300870.0,102,68.63039215686274
0.23,0.28,7.5,131,3.0,6.584217025942016,12.977099236641221,79.97328244274809,-262350.0,102,71.30686274509804
0.23,0.28,8.0,131,2.854961832061069,6.817819588438167,12.977099236641221,83.62290076335879,-214540.0,102,74.75196078431372
0.23,0.28,8.5,131,2.717557251908397,7.134684616177267,12.977099236641221,83.62290076335879,-214540.0,102,74.75196078431372
0.23,0.28,9.0,131,2.5877862595419847,7.517827010894085,12.977099236641221,88.17862595419847,-154860.0,102,80.6029411764706
0.23,0.28,9.5,131,2.519083969465649,7.626035753777535,12.977099236641221,90.17709923664123,-128680.0,102,80.6029411764706
0.23,0.28,10.0,131,2.4580152671755724,7.894446802005167,12.977099236641221,97.72442748091603,-29810.0,102,82.17450980392157
0.23,0.29,5.0,117,4.564102564102564,4.811557292790898,17.094017094017094,83.96239316239316,-187640.0,89,80.60224719101123
0.23,0.29,5.5,117,4.094017094017094,5.22766505504978,14.529914529914532,75.17521367521367,-290450.0,89,68.2370786516854
0.23,0.29,6.0,117,3.7094017094017095,5.632175703034321,14.529914529914532,80.05897435897435,-233310.0,89,71.53258426966292
0.23,0.29,6.5,117,3.3333333333333335,6.025053515784886,14.529914529914532,82.52564102564102,-204450.0,89,74.16516853932585
0.23,0.29,7.0,117,3.128205128205128,6.303633802048377,14.529914529914532,86.25042735042734,-160870.0,89,78.65505617977529
0.23,0.29,7.5,117,2.9572649572649574,6.526514810543197,14.529914529914532,89.54273504273505,-122350.0,89,81.72247191011236
0.23,0.29,8.0,117,2.8205128205128207,6.715900967606063,14.529914529914532,93.62905982905983,-74540.0,89,85.67078651685394
0.23,0.29,8.5,117,2.6923076923076925,7.004544754182614,14.529914529914532,93.62905982905983,-74540.0,89,85.67078651685394
0.23,0.29,9.0,117,2.5555555555555554,7.3974865021574585,14.529914529914532,98.72991452991452,-14860.0,89,92.37640449438203
0.23,0.29,9.5,117,2.4871794871794872,7.495093637830123,14.529914529914532,100.96752136752137,11320.0,89,92.37640449438203
0.23,0.29,10.0,117,2.427350427350427,7.757556969572111,14.529914529914532,109.41794871794872,110190.0,89,94.17752808988764
0.23,0.3,5.0,108,4.425925925925926,4.803470120254036,17.59259259259259,85.89259259259259,-152360.0,83,79.83614457831325
0.23,0.3,5.5,108,3.9722222222222223,5.241986274609196,14.814814814814813,76.37314814814815,-255170.0,83,66.57710843373494
0.23,0.3,6.0,108,3.638888888888889,5.63247712013847,14.814814814814813,81.66388888888889,-198030.0,83,70.11084337349398
0.23,0.3,6.5,108,3.287037037037037,6.023511202136395,14.814814814814813,84.33611111111111,-169170.0,83,72.93373493975903
0.23,0.3,7.0,108,3.0925925925925926,6.281186295267839,14.814814814814813,85.70462962962964,-154390.0,83,74.27831325301204
0.23,0.3,7.5,108,2.935185185185185,6.499104295857387,14.814814814814813,89.2712962962963,-115870.0,83,77.56746987951807
0.23,0.3,8.0,108,2.787037037037037,6.704272632675491,14.814814814814813,93.69814814814815,-68060.0,83,81.8012048192771
0.23,0.3,8.5,108,2.6574074074074074,7.002320182736789,14.814814814814813,93.69814814814815,-68060.0,83,81.8012048192771
0.23,0.3,9.0,108,2.5277777777777777,7.394358294939722,14.814814814814813,99.22407407407407,-8380.0,83,88.99156626506024
0.23,0.3,9.5,108,2.462962962962963,7.491957049138959,14.814814814814813,101.64814814814815,17800.0,83,88.99156626506024
0.23,0.3,10.0,108,2.3981481481481484,7.776292325192777,14.814814814814813,110.80277777777778,116670.0,83,90.92289156626506
0.23,0.31,5.0,101,4.128712871287129,4.799749861735842,17.82178217821782,86.95940594059405,-131710.0,78,78.62692307692308
0.23,0.31,5.5,101,3.702970297029703,5.233129511934964,14.85148514851485,76.78019801980199,-234520.0,78,64.51794871794871
0.23,0.31,6.0,101,3.405940594059406,5.603387264836022,14.85148514851485,81.13465346534653,-190540.0,78,66.59102564102564
0.23,0.31,6.5,101,3.099009900990099,5.974633563346138,14.85148514851485,83.9920792079208,-161680.0,78,69.59487179487179
0.23,0.31,7.0,101,2.9207920792079207,6.240285035685498,14.85148514851485,84.8039603960396,-153480.0,78,70.18205128205128
0.23,0.31,7.5,101,2.792079207920792,6.4438478890960855,14.85148514851485,87.64059405940594,-124830.0,78,72.41666666666667
0.23,0.31,8.0,101,2.6633663366336635,6.607396994376821,14.85148514851485,92.37425742574257,-77020.0,78,76.92179487179487
0.23,0.31,8.5,101,2.5445544554455446,6.910008595271908,14.85148514851485,92.37425742574257,-77020.0,78,76.92179487179487
0.23,0.31,9.0,101,2.4158415841584158,7.314473605793557,14.85148514851485,96.65445544554456,-33790.0,78,82.46410256410256
0.23,0.31,9.5,101,2.3564356435643563,7.412742089780026,14.85148514851485,99.24653465346535,-7610.0,78,82.46410256410256
0.23,0.31,10.0,101,2.297029702970297,7.68406878022793,14.85148514851485,109.03564356435643,91260.0,78,84.51923076923077
0.23,0.32,5.0,92,4.217391304347826,4.7863045219278515,18.478260869565215,90.25326086956522,-89670.0,69,81.93188405797102
0.23,0.32,5.5,92,3.782608695652174,5.222530997286899,16.304347826086957,84.29130434782608,-144520.0,69,72.93333333333334
0.23,0.32,6.0,92,3.4782608695652173,5.612434914195338,16.304347826086957,89.07173913043478,-100540.0,69,75.2768115942029
0.23,0.32,6.5,92,3.1630434782608696,5.978217289713046,16.304347826086957,92.20869565217392,-71680.0,69,78.67246376811595
0.23,0.32,7.0,92,2.9782608695652173,6.235277333880554,16.304347826086957,93.1,-63480.0,69,79.33623188405797
0.23,0.32,7.5,92,2.8369565217391304,6.458753944690003,16.304347826086957,96.2141304347826,-34830.0,69,81.8623188405797
0.23,0.32,8.0,92,2.6956521739130435,6.638302418965594,16.304347826086957,101.4108695652174,12980.0,69,86.95507246376812
0.23,0.32,8.5,92,2.5760869565217392,6.936509845592992,16.304347826086957,101.4108695652174,12980.0,69,86.95507246376812
0.23,0.32,9.0,92,2.4456521739130435,7.316907895164396,16.304347826086957,106.10978260869565,56210.0,69,93.22028985507247
0.23,0.32,9.5,92,2.380434782608696,7.424789600410413,16.304347826086957,108.95543478260869,82390.0,69,93.22028985507247
0.23,0.32,10.0,92,2.3260869565217392,7.6363241801421555,16.304347826086957,119.70217391304348,181260.0,69,95.54347826086956
0.24,0.15,5.0,189,5.275132275132275,4.863317365199983,16.402116402116402,81.88306878306878,-342410.0,152,81.04144736842105
0.24,0.15,5.5,189,4.671957671957672,5.257698109598325,13.756613756613756,72.13703703703703,-526610.0,152,68.44671052631578
0.24,0.15,6.0,189,4.1798941798941796,5.676272202245964,12.16931216931217,68.01957671957672,-604430.0,152,64.83684210526316
0.24,0.15,6.5,189,3.7566137566137567,6.058816528951295,12.16931216931217,71.24074074074075,-543550.0,152,68.48486842105264
0.24,0.15,7.0,189,3.4761904761904763,6.433074972574129,12.16931216931217,74.8931216931217,-474520.0,152,72.78815789473684
0.24,0.15,7.5,189,3.291005291005291,6.663705898055618,12.16931216931217,77.9015873015873,-417660.0,152,75.79078947368421
0.24,0.15,8.0,189,3.105820105820106,6.911118434062527,12.16931216931217,81.18148148148148,-355670.0,152,79.03552631578947
0.24,0.15,8.5,189,2.947089947089947,7.259023336267668,11.64021164021164,79.01269841269841,-396660.0,152,76.33881578947368
0.24,0.15,9.0,189,2.7777777777777777,7.649413429927403,11.64021164021164,82.86349206349206,-323880.0,152,81.12697368421053
0.24,0.15,9.5,189,2.687830687830688,7.806152929349392,11.64021164021164,87.07777777777778,-244230.0,152,84.64473684210526
0.24,0.15,10.0,189,2.619047619047619,8.024727593239977,11.64021164021164,92.3089947089947,-145360.0,152,85.69934210526316
0.24,0.16,5.0,189,5.275132275132275,4.863317365199983,16.402116402116402,81.88306878306878,-342410.0,152,81.04144736842105
0.24,0.16,5.5,189,4.671957671957672,5.257698109598325,13.756613756613756,72.13703703703703,-526610.0,152,68.44671052631578
0.24,0.16,6.0,189,4.1798941798941796,5.676272202245964,12.16931216931217,68.01957671957672,-604430.0,152,64.83684210526316
0.24,0.16,6.5,189,3.7566137566137567,6.058816528951295,12.16931216931217,71.24074074074075,-543550.0,152,68.48486842105264
0.24,0.16,7.0,189,3.4761904761904763,6.433074972574129,12.16931216931217,74.8931216931217,-474520.0,152,72.78815789473684
0.24,0.16,7.5,189,3.291005291005291,6.663705898055618,12.16931216931217,77.9015873015873,-417660.0,152,75.79078947368421
0.24,0.16,8.0,189,3.105820105820106,6.911118434062527,12.16931216931217,81.18148148148148,-355670.0,152,79.03552631578947
0.24,0.16,8.5,189,2.947089947089947,7.259023336267668,11.64021164021164,79.01269841269841,-396660.0,152,76.33881578947368
0.24,0.16,9.0,189,2.7777777777777777,7.649413429927403,11.64021164021164,82.86349206349206,-323880.0,152,81.12697368421053
0.24,0.16,9.5,189,2.687830687830688,7.806152929349392,11.64021164021164,87.07777777777778,-244230.0,152,84.64473684210526
0.24,0.16,10.0,189,2.619047619047619,8.024727593239977,11.64021164021164,92.3089947089947,-145360.0,152,85.69934210526316
0.24,0.17,5.0,188,5.196808510638298,4.862605842931217,16.48936170212766,82.3186170212766,-332410.0,151,81.57814569536424
0.24,0.17,5.5,188,4.622340425531915,5.256605086773432,13.829787234042554,72.52074468085107,-516610.0,151,68.9
0.24,0.17,6.0,188,4.148936170212766,5.67437152771566,12.23404255319149,68.38138297872341,-594430.0,151,65.26622516556291
0.24,0.17,6.5,188,3.7393617021276597,6.0567290124153566,12.23404255319149,71.61968085106383,-533550.0,151,68.93841059602649
0.24,0.17,7.0,188,3.4627659574468086,6.431955895885857,12.23404255319149,75.29148936170213,-464520.0,151,73.27019867549669
0.24,0.17,7.5,188,3.2819148936170213,6.657391646483894,12.23404255319149,78.31595744680851,-407660.0,151,76.29271523178808
0.24,0.17,8.0,188,3.095744680851064,6.906120206618502,12.23404255319149,81.61329787234042,-345670.0,151,79.558940397351
0.24,0.17,8.5,188,2.9361702127659575,7.255875666814094,11.702127659574469,79.43297872340426,-386660.0,151,76.84437086092716
0.24,0.17,9.0,188,2.771276595744681,7.640217118631656,11.702127659574469,83.30425531914894,-313880.0,151,81.66423841059603
0.24,0.17,9.5,188,2.6808510638297873,7.797790338795254,11.702127659574469,87.5409574468085,-234230.0,151,85.20529801324503
0.24,0.17,10.0,188,2.6117021276595747,8.017527633876742,11.702127659574469,92.8,-135360.0,151,86.26688741721854
0.24,0.18,5.0,188,5.196808510638298,4.862605842931217,16.48936170212766,82.3186170212766,-332410.0,151,81.57814569536424
0.24,0.18,5.5,188,4.622340425531915,5.256605086773432,13.829787234042554,72.52074468085107,-516610.0,151,68.9
0.24,0.18,6.0,188,4.148936170212766,5.67437152771566,12.23404255319149,68.38138297872341,-594430.0,151,65.26622516556291
0.24,0.18,6.5,188,3.7393617021276597,6.0567290124153566,12.23404255319149,71.61968085106383,-533550.0,151,68.93841059602649
0.24,0.18,7.0,188,3.4627659574468086,6.431955895885857,12.23404255319149,75.29148936170213,-464520.0,151,73.27019867549669
0.24,0.18,7.5,188,3.2819148936170213,6.657391646483894,12.23404255319149,78.31595744680851,-407660.0,151,76.29271523178808
0.24,0.18,8.0,188,3.095744680851064,6.906120206618502,12.23404255319149,81.61329787234042,-345670.0,151,79.558940397351
0.24,0.18,8.5,188,2.9361702127659575,7.255875666814094,11.702127659574469,79.43297872340426,-386660.0,151,76.84437086092716
0.24,0.18,9.0,188,2.771276595744681,7.640217118631656,11.702127659574469,83.30425531914894,-313880.0,151,81.66423841059603
0.24,0.18,9.5,188,2.6808510638297873,7.797790338795254,11.702127659574469,87.5409574468085,-234230.0,151,85.20529801324503
0.24,0.18,10.0,188,2.6117021276595747,8.017527633876742,11.702127659574469,92.8,-135360.0,151,86.26688741721854
0.24,0.19,5.0,188,5.196808510638298,4.862605842931217,16.48936170212766,82.3186170212766,-332410.0,151,81.57814569536424
0.24,0.19,5.5,188,4.622340425531915,5.256605086773432,13.829787234042554,72.52074468085107,-516610.0,151,68.9
0.24,0.19,6.0,188,4.148936170212766,5.67437152771566,12.23404255319149,68.38138297872341,-594430.0,151,65.26622516556291
0.24,0.19,6.5,188,3.7393617021276597,6.0567290124153566,12.23404255319149,71.61968085106383,-533550.0,151,68.93841059602649
0.24,0.19,7.0,188,3.4627659574468086,6.431955895885857,12.23404255319149,75.29148936170213,-464520.0,151,73.27019867549669
0.24,0.19,7.5,188,3.2819148936170213,6.657391646483894,12.23404255319149,78.31595744680851,-407660.0,151,76.29271523178808
0.24,0.19,8.0,188,3.095744680851064,6.906120206618502,12.23404255319149,81.61329787234042,-345670.0,151,79.558940397351
0.24,0.19,8.5,188,2.9361702127659575,7.255875666814094,11.702127659574469,79.43297872340426,-386660.0,151,76.84437086092716
0.24,0.19,9.0,188,2.771276595744681,7.640217118631656,11.702127659574469,83.30425531914894,-313880.0,151,81.66423841059603
0.24,0.19,9.5,188,2.6808510638297873,7.797790338795254,11.702127659574469,87.5409574468085,-234230.0,151,85.20529801324503
0.24,0.19,10.0,188,2.6117021276595747,8.017527633876742,11.702127659574469,92.8,-135360.0,151,86.26688741721854
0.24,0.2,5.0,186,5.129032258064516,4.860054184683556,16.129032258064516,80.3768817204301,-364990.0,149,79.14429530201342
0.24,0.2,5.5,186,4.575268817204301,5.255375403213588,13.440860215053762,70.47365591397849,-549190.0,149,66.29597315436241
0.24,0.2,6.0,186,4.112903225806452,5.667535098746664,12.365591397849462,69.11666666666666,-574430.0,149,66.14228187919463
0.24,0.2,6.5,186,3.71505376344086,6.050992229654634,12.365591397849462,72.38978494623656,-513550.0,149,69.86375838926175
0.24,0.2,7.0,186,3.4408602150537635,6.426394330453094,12.365591397849462,76.1010752688172,-444520.0,149,74.25369127516778
0.24,0.2,7.5,186,3.263440860215054,6.652676909585169,12.365591397849462,79.15806451612903,-387660.0,149,77.31677852348993
0.24,0.2,8.0,186,3.0806451612903225,6.901612922730569,12.365591397849462,82.49086021505376,-325670.0,149,80.6268456375839
0.24,0.2,8.5,186,2.9193548387096775,7.2551291943261145,11.827956989247312,80.28709677419354,-366660.0,149,77.8758389261745
0.24,0.2,9.0,186,2.7580645161290325,7.637872390957787,11.827956989247312,84.2,-293880.0,149,82.76040268456376
0.24,0.2,9.5,186,2.672043010752688,7.793102191830145,11.827956989247312,88.48225806451613,-214230.0,149,86.3489932885906
0.24,0.2,10.0,186,2.6021505376344085,8.015202253525414,11.827956989247312,93.79784946236559,-115360.0,149,87.4248322147651
0.24,0.21,5.0,186,5.129032258064516,4.860054184683556,16.129032258064516,80.3768817204301,-364990.0,149,79.14429530201342
0.24,0.21,5.5,186,4.575268817204301,5.255375403213588,13.440860215053762,70.47365591397849,-549190.0,149,66.29597315436241
0.24,0.21,6.0,186,4.112903225806452,5.667535098746664,12.365591397849462,69.11666666666666,-574430.0,149,66.14228187919463
0.24,0.21,6.5,186,3.71505376344086,6.050992229654634,12.365591397849462,72.38978494623656,-513550.0,149,69.86375838926175
0.24,0.21,7.0,186,3.4408602150537635,6.426394330453094,12.365591397849462,76.1010752688172,-444520.0,149,74.25369127516778
0.24,0.21,7.5,186,3.263440860215054,6.652676909585169,12.365591397849462,79.15806451612903,-387660.0,149,77.31677852348993
0.24,0.21,8.0,186,3.0806451612903225,6.901612922730569,12.365591397849462,82.49086021505376,-325670.0,149,80.6268456375839
0.24,0.21,8.5,186,2.9193548387096775,7.2551291943261145,11.827956989247312,80.28709677419354,-366660.0,149,77.8758389261745
0.24,0.21,9.0,186,2.7580645161290325,7.637872390957787,11.827956989247312,84.2,-293880.0,149,82.76040268456376
0.24,0.21,9.5,186,2.672043010752688,7.793102191830145,11.827956989247312,88.48225806451613,-214230.0,149,86.3489932885906
0.24,0.21,10.0,186,2.6021505376344085,8.015202253525414,11.827956989247312,93.79784946236559,-115360.0,149,87.4248322147651
0.24,0.22,5.0,184,5.021739130434782,4.8589140223763305,16.304347826086957,81.25054347826087,-344990.0,147,80.22108843537416
0.24,0.22,5.5,184,4.505434782608695,5.25159030208812,13.586956521739129,71.23967391304348,-529190.0,147,67.19795918367348
0.24,0.22,6.0,184,4.038043478260869,5.6682299943117735,12.5,69.8679347826087,-554430.0,147,67.04217687074829
0.24,0.22,6.5,184,3.6467391304347827,6.046062539297232,12.5,73.17663043478261,-493550.0,147,70.81428571428572
0.24,0.22,7.0,184,3.380434782608696,6.41781883857788,12.5,76.92826086956522,-424520.0,147,75.26394557823129
0.24,0.22,7.5,184,3.2010869565217392,6.646561010961388,12.5,80.01847826086957,-367660.0,147,78.3687074829932
0.24,0.22,8.0,184,3.032608695652174,6.8847261632613606,12.5,83.3875,-305670.0,147,81.72380952380952
0.24,0.22,8.5,184,2.869565217391304,7.242085003026422,11.956521739130435,81.15978260869565,-346660.0,147,78.93537414965986
0.24,0.22,9.0,184,2.722826086956522,7.620260080814476,11.956521739130435,85.11521739130434,-273880.0,147,83.88639455782312
0.24,0.22,9.5,184,2.635869565217391,7.777177162131097,11.956521739130435,89.44402173913043,-194230.0,147,87.52380952380952
0.24,0.22,10.0,184,2.5760869565217392,7.993348556734661,11.956521739130435,94.81739130434782,-95360.0,147,88.61428571428571
0.24,0.23,5.0,181,4.961325966850829,4.855757202834375,16.022099447513813,79.83591160220995,-364970.0,144,78.42152777777778
0.24,0.23,5.5,181,4.45303867403315,5.247628409867726,13.812154696132598,72.42044198895027,-499190.0,144,68.59791666666666
0.24,0.23,6.0,181,3.9889502762430937,5.666719757668695,12.70718232044199,71.02596685082872,-524430.0,144,68.43888888888888
0.24,0.23,6.5,181,3.6077348066298343,6.033673424236023,12.70718232044199,74.38950276243094,-463550.0,144,72.28958333333334
0.24,0.23,7.0,181,3.342541436464088,6.407083530794702,12.70718232044199,78.20331491712707,-394520.0,144,76.83194444444445
0.24,0.23,7.5,181,3.1712707182320443,6.632959863272508,12.70718232044199,81.34475138121547,-337660.0,144,80.00138888888888
0.24,0.23,8.0,181,3.005524861878453,6.873205516471756,12.70718232044199,84.7696132596685,-275670.0,144,83.4263888888889
0.24,0.23,8.5,181,2.845303867403315,7.230661729235668,12.154696132596685,82.50497237569061,-316660.0,144,80.57986111111111
0.24,0.23,9.0,181,2.701657458563536,7.593893617113575,12.154696132596685,86.52596685082872,-243880.0,144,85.63402777777777
0.24,0.23,9.5,181,2.6187845303867405,7.739304949803237,12.154696132596685,90.92651933701657,-164230.0,144,89.34722222222223
0.24,0.23,10.0,181,2.56353591160221,7.951786557238147,12.154696132596685,96.3889502762431,-65360.0,144,90.46041666666666
0.24,0.24,5.0,177,4.943502824858757,4.847955573293996,16.38418079096045,81.64011299435029,-324970.0,142,79.52605633802817
0.24,0.24,5.5,177,4.435028248587571,5.243567456914131,14.124293785310735,74.05706214689266,-459190.0,142,69.56408450704225
0.24,0.24,6.0,177,3.9717514124293785,5.663099794124523,12.994350282485875,72.63107344632769,-484430.0,142,69.40281690140846
0.24,0.24,6.5,177,3.5875706214689265,6.030770240995716,12.994350282485875,76.07062146892656,-423550.0,142,73.30774647887324
0.24,0.24,7.0,177,3.327683615819209,6.392532351815091,12.994350282485875,79.97062146892655,-354520.0,142,77.91408450704225
0.24,0.24,7.5,177,3.15819209039548,6.615126303686578,12.994350282485875,83.18305084745762,-297660.0,142,81.1281690140845
0.24,0.24,8.0,177,2.9887005649717513,6.860801237184113,12.994350282485875,86.68531073446327,-235670.0,142,84.60140845070423
0.24,0.24,8.5,177,2.830508474576271,7.223703109321719,12.429378531073446,84.36949152542373,-276660.0,142,81.71478873239437
0.24,0.24,9.0,177,2.694915254237288,7.580598981620476,12.429378531073446,88.48135593220339,-203880.0,142,86.84014084507042
0.24,0.24,9.5,177,2.610169491525424,7.7292964461223335,12.429378531073446,92.98135593220339,-124230.0,142,90.6056338028169
0.24,0.24,10.0,177,2.559322033898305,7.943441108614983,12.429378531073446,98.56723163841808,-25360.0,142,91.73450704225353
0.24,0.25,5.0,168,4.875,4.836757754803109,17.261904761904763,86.01369047619048,-234970.0,135,83.64962962962963
0.24,0.25,5.5,168,4.363095238095238,5.24610711291048,14.880952380952381,78.02440476190476,-369190.0,135,73.17111111111112
0.24,0.25,6.0,168,3.9345238095238093,5.665678377827209,13.690476190476192,76.52202380952382,-394430.0,135,73.00148148148148
0.24,0.25,6.5,168,3.5595238095238093,6.047920519758567,13.690476190476192,80.14583333333333,-333550.0,135,77.10888888888888
0.24,0.25,7.0,168,3.3154761904761907,6.399786978991672,13.690476190476192,84.2547619047619,-264520.0,135,81.95407407407407
0.24,0.25,7.5,168,3.136904761904762,6.634305606856274,13.690476190476192,87.63928571428572,-207660.0,135,85.33481481481482
0.24,0.25,8.0,168,2.9702380952380953,6.882236703154144,13.690476190476192,91.32916666666667,-145670.0,135,88.98814814814814
0.24,0.25,8.5,168,2.8095238095238093,7.251657222033013,13.095238095238097,88.88928571428572,-186660.0,135,85.95185185185186
0.24,0.25,9.0,168,2.6845238095238093,7.60002605043749,13.095238095238097,93.22142857142858,-113880.0,135,91.34296296296296
0.24,0.25,9.5,168,2.6011904761904763,7.752896291236022,13.095238095238097,97.9625,-34230.0,135,95.3037037037037
0.24,0.25,10.0,168,2.5476190476190474,7.978512989219347,13.095238095238097,103.84761904761905,64640.0,135,96.49111111111111
0.24,0.26,5.0,158,4.841772151898734,4.82783367071673,15.822784810126583,78.37405063291139,-341690.0,126,73.21825396825396
0.24,0.26,5.5,158,4.329113924050633,5.244728722126812,13.291139240506327,69.21582278481013,-486390.0,126,61.15952380952381
0.24,0.26,6.0,158,3.8987341772151898,5.673789618053932,12.025316455696203,66.44367088607595,-530190.0,126,59.50476190476191
0.24,0.26,6.5,158,3.5316455696202533,6.0584227560921455,12.025316455696203,69.47088607594937,-482360.0,126,62.86984126984127
0.24,0.26,7.0,158,3.2848101265822787,6.413852006231051,12.025316455696203,72.94240506329113,-427510.0,126,66.93571428571428
0.24,0.26,7.5,158,3.107594936708861,6.651018781186924,12.025316455696203,75.38037974683544,-388990.0,126,69.10238095238095
0.24,0.26,8.0,158,2.949367088607595,6.892950924307108,12.025316455696203,78.40632911392404,-341180.0,126,71.89126984126985
0.24,0.26,8.5,158,2.7911392405063293,7.250320795282424,11.39240506329114,74.02025316455696,-410480.0,126,66.39126984126985
0.24,0.26,9.0,158,2.6645569620253164,7.611630019163256,11.39240506329114,77.79746835443038,-350800.0,126,71.12777777777778
0.24,0.26,9.5,158,2.588607594936709,7.747591829792583,11.39240506329114,81.49240506329114,-292420.0,126,73.68333333333334
0.24,0.26,10.0,158,2.537974683544304,7.9701351672471406,11.39240506329114,87.75,-193550.0,126,74.95555555555555
0.24,0.27,5.0,142,4.73943661971831,4.823904446350591,14.788732394366196,72.58380281690141,-389310.0,112,68.36517857142857
0.24,0.27,5.5,142,4.253521126760563,5.240068969277095,11.971830985915492,61.940140845070424,-540450.0,112,54.22410714285714
0.24,0.27,6.0,142,3.852112676056338,5.658988222403925,11.971830985915492,65.96408450704226,-483310.0,112,56.84285714285714
0.24,0.27,6.5,142,3.492957746478873,6.013650069500657,11.971830985915492,67.99647887323944,-454450.0,112,58.93482142857143
0.24,0.27,7.0,142,3.26056338028169,6.3702964442925385,11.971830985915492,71.06549295774649,-410870.0,112,62.50267857142857
0.24,0.27,7.5,142,3.0774647887323945,6.61507890787699,11.971830985915492,73.77816901408451,-372350.0,112,64.94017857142858
0.24,0.27,8.0,142,2.9295774647887325,6.852961929440632,11.971830985915492,77.14507042253521,-324540.0,112,68.07767857142858
0.24,0.27,8.5,142,2.7816901408450705,7.181441178701157,11.971830985915492,77.14507042253521,-324540.0,112,68.07767857142858
0.24,0.27,9.0,142,2.6549295774647885,7.565577960975628,11.971830985915492,81.34788732394367,-264860.0,112,73.40625
0.24,0.27,9.5,142,2.5774647887323945,7.694330816211764,11.971830985915492,83.19154929577465,-238680.0,112,73.40625
0.24,0.27,10.0,142,2.5211267605633805,7.941949459295,11.971830985915492,90.15422535211268,-139810.0,112,74.8375
0.24,0.28,5.0,129,4.635658914728682,4.813986976629252,16.27906976744186,79.8984496124031,-259310.0,100,76.569
0.24,0.28,5.5,129,4.162790697674419,5.234486630792311,13.178294573643413,68.18217054263566,-410450.0,100,60.731
0.24,0.28,6.0,129,3.7674418604651163,5.642848830579067,13.178294573643413,72.61162790697675,-353310.0,100,63.664
0.24,0.28,6.5,129,3.4108527131782944,5.999948867528644,13.178294573643413,74.84883720930233,-324450.0,100,66.007
0.24,0.28,7.0,129,3.186046511627907,6.330732248621335,13.178294573643413,78.22713178294573,-280870.0,100,70.003
0.24,0.28,7.5,129,3.007751937984496,6.582660981134164,13.178294573643413,81.21317829457364,-242350.0,100,72.733
0.24,0.28,8.0,129,2.868217054263566,6.802345139445338,13.178294573643413,84.91937984496124,-194540.0,100,76.247
0.24,0.28,8.5,129,2.7286821705426356,7.124122803273418,13.178294573643413,84.91937984496124,-194540.0,100,76.247
0.24,0.28,9.0,129,2.5968992248062017,7.513205390156388,13.178294573643413,89.54573643410853,-134860.0,100,82.215
0.24,0.28,9.5,129,2.5271317829457365,7.6230917879682645,13.178294573643413,91.57519379844962,-108680.0,100,82.215
0.24,0.28,10.0,129,2.4651162790697674,7.895664247796326,13.178294573643413,99.23953488372094,-9810.0,100,83.818
0.24,0.29,5.0,115,4.565217391304348,4.805843327067845,17.391304347826086,85.42260869565217,-167640.0,87,82.45517241379311
0.24,0.29,5.5,115,4.095652173913043,5.225495923119767,14.782608695652174,76.48260869565217,-270450.0,87,69.80574712643678
0.24,0.29,6.0,115,3.7130434782608694,5.6315785590984415,14.782608695652174,81.45130434782608,-213310.0,87,73.17701149425288
0.24,0.29,6.5,115,3.347826086956522,6.013583456649868,14.782608695652174,83.9608695652174,-184450.0,87,75.87011494252873
0.24,0.29,7.0,115,3.139130434782609,6.297008617457069,14.782608695652174,87.75043478260869,-140870.0,87,80.4632183908046
0.24,0.29,7.5,115,2.965217391304348,6.523765817403974,14.782608695652174,91.1,-102350.0,87,83.60114942528736
0.24,0.29,8.0,115,2.8347826086956522,6.696770174895289,14.782608695652174,95.25739130434782,-54540.0,87,87.64022988505747
0.24,0.29,8.5,115,2.7043478260869565,6.990433853412303,14.782608695652174,95.25739130434782,-54540.0,87,87.64022988505747
0.24,0.29,9.0,115,2.5652173913043477,7.390209370917145,14.782608695652174,100.44695652173912,5140.0,87,94.5
0.24,0.29,9.5,115,2.4956521739130433,7.489514021992812,14.782608695652174,102.72347826086957,31320.0,87,94.5
0.24,0.29,10.0,115,2.4347826086956523,7.756541933417269,14.782608695652174,111.3208695652174,130190.0,87,96.34252873563219
0.24,0.3,5.0,106,4.4245283018867925,4.79711841833682,17.92452830188679,87.51320754716981,-132360.0,81,81.80740740740741
0.24,0.3,5.5,106,3.9716981132075473,5.23990318279002,15.09433962264151,77.81415094339623,-235170.0,81,68.220987654321
0.24,0.3,6.0,106,3.641509433962264,5.631834962417546,15.09433962264151,83.20471698113208,-178030.0,81,71.84197530864198
0.24,0.3,6.5,106,3.30188679245283,6.011038169798433,15.09433962264151,85.92735849056604,-149170.0,81,74.73456790123457
0.24,0.3,7.0,106,3.1037735849056602,6.273575057139903,15.09433962264151,87.32169811320755,-134390.0,81,76.11234567901235
0.24,0.3,7.5,106,2.943396226415094,6.4956047181179315,15.09433962264151,90.95566037735848,-95870.0,81,79.48271604938272
0.24,0.3,8.0,106,2.80188679245283,6.683298124830208,15.09433962264151,95.46603773584906,-48060.0,81,83.82098765432099
0.24,0.3,8.5,106,2.669811320754717,6.986969213571907,15.09433962264151,95.46603773584906,-48060.0,81,83.82098765432099
0.24,0.3,9.0,106,2.5377358490566038,7.386404271288103,15.09433962264151,101.09622641509434,11620.0,81,91.18888888888888
0.24,0.3,9.5,106,2.4716981132075473,7.485844511415627,15.09433962264151,103.56603773584905,37800.0,81,91.18888888888888
0.24,0.3,10.0,106,2.4056603773584904,7.775544603998764,15.09433962264151,112.89339622641509,136670.0,81,93.1679012345679
0.24,0.31,5.0,99,4.121212121212121,4.792873892844314,18.181818181818183,88.71616161616161,-111710.0,76,80.69605263157895
0.24,0.31,5.5,99,3.696969696969697,5.2307202062967715,15.151515151515152,78.33131313131314,-214520.0,76,66.21578947368421
0.24,0.31,6.0,99,3.404040404040404,5.602112028179229,15.151515151515152,82.77373737373738,-170540.0,76,68.34342105263158
0.24,0.31,6.5,99,3.111111111111111,5.960291172382455,15.151515151515152,85.68888888888888,-141680.0,76,71.42631578947369
0.24,0.31,7.0,99,2.9292929292929295,6.23130934113271,15.151515151515152,86.51717171717172,-133480.0,76,72.02894736842106
0.24,0.31,7.5,99,2.797979797979798,6.43898457542028,15.151515151515152,89.41111111111111,-104830.0,76,74.32236842105263
0.24,0.31,8.0,99,2.676767676767677,6.582982356920282,15.151515151515152,94.24040404040404,-57020.0,76,78.94605263157895
0.24,0.31,8.5,99,2.5555555555555554,6.891707323490017,15.151515151515152,94.24040404040404,-57020.0,76,78.94605263157895
0.24,0.31,9.0,99,2.4242424242424243,7.3043433443252335,15.151515151515152,98.6070707070707,-13790.0,76,84.63421052631578
0.24,0.31,9.5,99,2.3636363636363638,7.4045970502104215,15.151515151515152,101.25151515151515,12390.0,76,84.63421052631578
0.24,0.31,10.0,99,2.303030303030303,7.681405087940101,15.151515151515152,111.23838383838384,111260.0,76,86.74342105263158
0.24,0.32,5.0,90,4.211111111111111,4.7784421708181055,18.88888888888889,92.25888888888889,-69670.0,67,84.37761194029851
0.24,0.32,5.5,90,3.7777777777777777,5.219645238537153,16.666666666666664,86.16444444444444,-124520.0,67,75.11044776119402
0.24,0.32,6.0,90,3.477777777777778,5.611233212747514,16.666666666666664,91.05111111111111,-80540.0,67,77.52388059701492
0.24,0.32,6.5,90,3.1777777777777776,5.962520298016706,16.666666666666664,94.25777777777778,-51680.0,67,81.02089552238806
0.24,0.32,7.0,90,2.988888888888889,6.225292787610157,16.666666666666664,95.16888888888889,-43480.0,67,81.7044776119403
0.24,0.32,7.5,90,2.8444444444444446,6.453735545326482,16.666666666666664,98.35222222222222,-14830.0,67,84.30597014925372
0.24,0.32,8.0,90,2.7111111111111112,6.612133104976486,16.666666666666664,103.66444444444444,32980.0,67,89.55074626865671
0.24,0.32,8.5,90,2.588888888888889,6.916967363306714,16.666666666666664,103.66444444444444,32980.0,67,89.55074626865671
0.24,0.32,9.0,90,2.4555555555555557,7.305818702868594,16.666666666666664,108.46777777777778,76210.0,67,96.00298507462686
0.24,0.32,9.5,90,2.388888888888889,7.416097779342298,16.666666666666664,111.37666666666667,102390.0,67,96.00298507462686
0.24,0.32,10.0,90,2.3333333333333335,7.632333127512524,16.666666666666664,122.36222222222223,201260.0,67,98.3955223880597
0.25,0.15,5.0,168,5.0,4.856206754154336,16.666666666666664,83.80833333333334,-272020.0,135,80.90518518518519
0.25,0.15,5.5,168,4.470238095238095,5.255476905397402,14.285714285714285,75.81904761904762,-406240.0,135,70.42666666666666
0.25,0.15,6.0,168,4.005952380952381,5.676984656518199,13.095238095238097,74.31666666666666,-431480.0,135,70.25703703703704
0.25,0.15,6.5,168,3.613095238095238,6.051745461055357,13.095238095238097,77.94047619047619,-370600.0,135,74.36444444444444
0.25,0.15,7.0,168,3.3511904761904763,6.423024601389608,13.095238095238097,82.04940476190477,-301570.0,135,79.20962962962963
0.25,0.15,7.5,168,3.1785714285714284,6.657596702665395,13.095238095238097,85.43392857142857,-244710.0,135,82.59037037037037
0.25,0.15,8.0,168,3.011904761904762,6.901671872585883,13.095238095238097,89.12380952380953,-182720.0,135,86.2437037037037
0.25,0.15,8.5,168,2.857142857142857,7.2507784777212505,12.5,86.68392857142857,-223710.0,135,83.2074074074074
0.25,0.15,9.0,168,2.6964285714285716,7.65828874460545,12.5,91.01607142857142,-150930.0,135,88.59851851851852
0.25,0.15,9.5,168,2.613095238095238,7.783973034237463,12.5,95.75714285714285,-71280.0,135,92.55925925925926
0.25,0.15,10.0,168,2.5476190476190474,8.016055553905577,12.5,101.64226190476191,27590.0,135,93.74666666666667
0.25,0.16,5.0,168,5.0,4.856206754154336,16.666666666666664,83.80833333333334,-272020.0,135,80.90518518518519
0.25,0.16,5.5,168,4.470238095238095,5.255476905397402,14.285714285714285,75.81904761904762,-406240.0,135,70.42666666666666
0.25,0.16,6.0,168,4.005952380952381,5.676984656518199,13.095238095238097,74.31666666666666,-431480.0,135,70.25703703703704
0.25,0.16,6.5,168,3.613095238095238,6.051745461055357,13.095238095238097,77.94047619047619,-370600.0,135,74.36444444444444
0.25,0.16,7.0,168,3.3511904761904763,6.423024601389608,13.095238095238097,82.04940476190477,-301570.0,135,79.20962962962963
0.25,0.16,7.5,168,3.1785714285714284,6.657596702665395,13.095238095238097,85.43392857142857,-244710.0,135,82.59037037037037
0.25,0.16,8.0,168,3.011904761904762,6.901671872585883,13.095238095238097,89.12380952380953,-182720.0,135,86.2437037037037
0.25,0.16,8.5,168,2.857142857142857,7.2507784777212505,12.5,86.68392857142857,-223710.0,135,83.2074074074074
0.25,0.16,9.0,168,2.6964285714285716,7.65828874460545,12.5,91.01607142857142,-150930.0,135,88.59851851851852
0.25,0.16,9.5,168,2.613095238095238,7.783973034237463,12.5,95.75714285714285,-71280.0,135,92.55925925925926
0.25,0.16,10.0,168,2.5476190476190474,8.016055553905577,12.5,101.64226190476191,27590.0,135,93.74666666666667
0.25,0.17,5.0,168,5.0,4.856206754154336,16.666666666666664,83.80833333333334,-272020.0,135,80.90518518518519
0.25,0.17,5.5,168,4.470238095238095,5.255476905397402,14.285714285714285,75.81904761904762,-406240.0,135,70.42666666666666
0.25,0.17,6.0,168,4.005952380952381,5.676984656518199,13.095238095238097,74.31666666666666,-431480.0,135,70.25703703703704
0.25,0.17,6.5,168,3.613095238095238,6.051745461055357,13.095238095238097,77.94047619047619,-370600.0,135,74.36444444444444
0.25,0.17,7.0,168,3.3511904761904763,6.423024601389608,13.095238095238097,82.04940476190477,-301570.0,135,79.20962962962963
0.25,0.17,7.5,168,3.1785714285714284,6.657596702665395,13.095238095238097,85.43392857142857,-244710.0,135,82.59037037037037
0.25,0.17,8.0,168,3.011904761904762,6.901671872585883,13.095238095238097,89.12380952380953,-182720.0,135,86.2437037037037
0.25,0.17,8.5,168,2.857142857142857,7.2507784777212505,12.5,86.68392857142857,-223710.0,135,83.2074074074074
0.25,0.17,9.0,168,2.6964285714285716,7.65828874460545,12.5,91.01607142857142,-150930.0,135,88.59851851851852
0.25,0.17,9.5,168,2.613095238095238,7.783973034237463,12.5,95.75714285714285,-71280.0,135,92.55925925925926
0.25,0.17,10.0,168,2.5476190476190474,8.016055553905577,12.5,101.64226190476191,27590.0,135,93.74666666666667
0.25,0.18,5.0,168,5.0,4.856206754154336,16.666666666666664,83.80833333333334,-272020.0,135,80.90518518518519
0.25,0.18,5.5,168,4.470238095238095,5.255476905397402,14.285714285714285,75.81904761904762,-406240.0,135,70.42666666666666
0.25,0.18,6.0,168,4.005952380952381,5.676984656518199,13.095238095238097,74.31666666666666,-431480.0,135,70.25703703703704
0.25,0.18,6.5,168,3.613095238095238,6.051745461055357,13.095238095238097,77.94047619047619,-370600.0,135,74.36444444444444
0.25,0.18,7.0,168,3.3511904761904763,6.423024601389608,13.095238095238097,82.04940476190477,-301570.0,135,79.20962962962963
0.25,0.18,7.5,168,3.1785714285714284,6.657596702665395,13.095238095238097,85.43392857142857,-244710.0,135,82.59037037037037
0.25,0.18,8.0,168,3.011904761904762,6.901671872585883,13.095238095238097,89.12380952380953,-182720.0,135,86.2437037037037
0.25,0.18,8.5,168,2.857142857142857,7.2507784777212505,12.5,86.68392857142857,-223710.0,135,83.2074074074074
0.25,0.18,9.0,168,2.6964285714285716,7.65828874460545,12.5,91.01607142857142,-150930.0,135,88.59851851851852
0.25,0.18,9.5,168,2.613095238095238,7.783973034237463,12.5,95.75714285714285,-71280.0,135,92.55925925925926
0.25,0.18,10.0,168,2.5476190476190474,8.016055553905577,12.5,101.64226190476191,27590.0,135,93.74666666666667
0.25,0.19,5.0,168,5.0,4.856206754154336,16.666666666666664,83.80833333333334,-272020.0,135,80.90518518518519
0.25,0.19,5.5,168,4.470238095238095,5.255476905397402,14.285714285714285,75.81904761904762,-406240.0,135,70.42666666666666
0.25,0.19,6.0,168,4.005952380952381,5.676984656518199,13.095238095238097,74.31666666666666,-431480.0,135,70.25703703703704
0.25,0.19,6.5,168,3.613095238095238,6.051745461055357,13.095238095238097,77.94047619047619,-370600.0,135,74.36444444444444
0.25,0.19,7.0,168,3.3511904761904763,6.423024601389608,13.095238095238097,82.04940476190477,-301570.0,135,79.20962962962963
0.25,0.19,7.5,168,3.1785714285714284,6.657596702665395,13.095238095238097,85.43392857142857,-244710.0,135,82.59037037037037
0.25,0.19,8.0,168,3.011904761904762,6.901671872585883,13.095238095238097,89.12380952380953,-182720.0,135,86.2437037037037
0.25,0.19,8.5,168,2.857142857142857,7.2507784777212505,12.5,86.68392857142857,-223710.0,135,83.2074074074074
0.25,0.19,9.0,168,2.6964285714285716,7.65828874460545,12.5,91.01607142857142,-150930.0,135,88.59851851851852
0.25,0.19,9.5,168,2.613095238095238,7.783973034237463,12.5,95.75714285714285,-71280.0,135,92.55925925925926
0.25,0.19,10.0,168,2.5476190476190474,8.016055553905577,12.5,101.64226190476191,27590.0,135,93.74666666666667
0.25,0.2,5.0,167,4.910179640718563,4.855349912832493,16.766467065868262,84.31017964071856,-262020.0,134,81.50895522388059
0.25,0.2,5.5,167,4.407185628742515,5.253764728479707,14.37125748502994,76.27305389221557,-396240.0,134,70.95223880597015
0.25,0.2,6.0,167,3.9520958083832336,5.675209243114321,13.17365269461078,74.76167664670659,-421480.0,134,70.78134328358209
0.25,0.2,6.5,167,3.5748502994011977,6.048859748429184,13.17365269461078,78.40718562874251,-360600.0,134,74.91940298507463
0.25,0.2,7.0,167,3.317365269461078,6.418063534250825,13.17365269461078,82.54071856287425,-291570.0,134,79.80074626865671
0.25,0.2,7.5,167,3.1497005988023954,6.652283603834456,13.17365269461078,85.94550898203593,-234710.0,134,83.20671641791044
0.25,0.2,8.0,167,2.9880239520958085,6.895072572016376,13.17365269461078,89.65748502994012,-172720.0,134,86.88731343283582
0.25,0.2,8.5,167,2.8323353293413174,7.246269635865129,12.574850299401197,87.20299401197605,-213710.0,134,83.82835820895522
0.25,0.2,9.0,167,2.6766467065868262,7.6498370997473755,12.574850299401197,91.56107784431137,-140930.0,134,89.25970149253732
0.25,0.2,9.5,167,2.5988023952095807,7.7717768496257005,12.574850299401197,96.33053892215568,-61280.0,134,93.25
0.25,0.2,10.0,167,2.532934131736527,8.00524908498045,12.574850299401197,102.25089820359281,37590.0,134,94.44626865671641
0.25,0.21,5.0,167,4.910179640718563,4.855349912832493,16.766467065868262,84.31017964071856,-262020.0,134,81.50895522388059
0.25,0.21,5.5,167,4.407185628742515,5.253764728479707,14.37125748502994,76.27305389221557,-396240.0,134,70.95223880597015
0.25,0.21,6.0,167,3.9520958083832336,5.675209243114321,13.17365269461078,74.76167664670659,-421480.0,134,70.78134328358209
0.25,0.21,6.5,167,3.5748502994011977,6.048859748429184,13.17365269461078,78.40718562874251,-360600.0,134,74.91940298507463
0.25,0.21,7.0,167,3.317365269461078,6.418063534250825,13.17365269461078,82.54071856287425,-291570.0,134,79.80074626865671
0.25,0.21,7.5,167,3.1497005988023954,6.652283603834456,13.17365269461078,85.94550898203593,-234710.0,134,83.20671641791044
0.25,0.21,8.0,167,2.9880239520958085,6.895072572016376,13.17365269461078,89.65748502994012,-172720.0,134,86.88731343283582
0.25,0.21,8.5,167,2.8323353293413174,7.246269635865129,12.574850299401197,87.20299401197605,-213710.0,134,83.82835820895522
0.25,0.21,9.0,167,2.6766467065868262,7.6498370997473755,12.574850299401197,91.56107784431137,-140930.0,134,89.25970149253732
0.25,0.21,9.5,167,2.5988023952095807,7.7717768496257005,12.574850299401197,96.33053892215568,-61280.0,134,93.25
0.25,0.21,10.0,167,2.532934131736527,8.00524908498045,12.574850299401197,102.25089820359281,37590.0,134,94.44626865671641
0.25,0.22,5.0,166,4.867469879518072,4.854747174724262,16.867469879518072,84.81807228915663,-252020.0,133,82.1218045112782
0.25,0.22,5.5,166,4.379518072289157,5.251082655822776,14.457831325301203,76.73253012048193,-386240.0,133,71.48571428571428
0.25,0.22,6.0,166,3.9216867469879517,5.675065992834708,13.253012048192772,75.21204819277108,-411480.0,133,71.31353383458647
0.25,0.22,6.5,166,3.5481927710843375,6.0462070972781925,13.253012048192772,78.87951807228916,-350600.0,133,75.48270676691729
0.25,0.22,7.0,166,3.2951807228915664,6.414408054101962,13.253012048192772,83.03795180722892,-281570.0,133,80.40075187969924
0.25,0.22,7.5,166,3.1265060240963853,6.650039087960193,13.253012048192772,86.4632530120482,-224710.0,133,83.83233082706766
0.25,0.22,8.0,166,2.9698795180722892,6.88456763258823,13.253012048192772,90.19759036144578,-162720.0,133,87.5406015037594
0.25,0.22,8.5,166,2.8132530120481927,7.237880341399927,12.650602409638553,87.72831325301205,-203710.0,133,84.45864661654136
0.25,0.22,9.0,166,2.6626506024096384,7.639775461020822,12.650602409638553,92.11265060240964,-130930.0,133,89.93082706766917
0.25,0.22,9.5,166,2.5843373493975905,7.762449787705645,12.650602409638553,96.91084337349398,-51280.0,133,93.95112781954887
0.25,0.22,10.0,166,2.5240963855421685,7.994131540390699,12.650602409638553,102.86686746987952,47590.0,133,95.1563909774436
0.25,0.23,5.0,165,4.872727272727273,4.851499419348783,16.969696969696972,85.33212121212121,-242020.0,132,82.7439393939394
0.25,0.23,5.5,165,4.381818181818182,5.250236933666076,14.545454545454545,77.19757575757576,-376240.0,132,72.02727272727273
0.25,0.23,6.0,165,3.9212121212121214,5.676789866659899,13.333333333333334,75.66787878787879,-401480.0,132,71.85378787878788
0.25,0.23,6.5,165,3.5515151515151517,6.04050868292052,13.333333333333334,79.35757575757576,-340600.0,132,76.05454545454545
0.25,0.23,7.0,165,3.296969696969697,6.410941160694737,13.333333333333334,83.54121212121213,-271570.0,132,81.00984848484849
0.25,0.23,7.5,165,3.1272727272727274,6.648000261424838,13.333333333333334,86.98727272727272,-214710.0,132,84.46742424242424
0.25,0.23,8.0,165,2.9696969696969697,6.88395019117183,13.333333333333334,90.74424242424243,-152720.0,132,88.20378787878788
0.25,0.23,8.5,165,2.812121212121212,7.239404189127841,12.727272727272727,88.26,-193710.0,132,85.09848484848484
0.25,0.23,9.0,165,2.6666666666666665,7.620466899733708,12.727272727272727,92.67090909090909,-120930.0,132,90.61212121212121
0.25,0.23,9.5,165,2.587878787878788,7.74388470718632,12.727272727272727,97.49818181818182,-41280.0,132,94.66287878787878
0.25,0.23,10.0,165,2.5272727272727273,7.976970591705827,12.727272727272727,103.49030303030302,57590.0,132,95.87727272727273
0.25,0.24,5.0,161,4.850931677018633,4.842816689146364,17.391304347826086,87.45217391304348,-202020.0,130,84.01692307692308
0.25,0.24,5.5,161,4.3602484472049685,5.245837215792828,14.906832298136646,79.11552795031056,-336240.0,130,73.13538461538461
0.25,0.24,6.0,161,3.900621118012422,5.673060344229131,13.664596273291925,77.54782608695652,-361480.0,130,72.95923076923077
0.25,0.24,6.5,161,3.527950310559006,6.037486804667127,13.664596273291925,81.32919254658385,-300600.0,130,77.22461538461539
0.25,0.24,7.0,161,3.279503105590062,6.395039743553179,13.664596273291925,85.6167701863354,-231570.0,130,82.25615384615385
0.25,0.24,7.5,161,3.111801242236025,6.628768097113655,13.664596273291925,89.14844720496895,-174710.0,130,85.76692307692308
0.25,0.24,8.0,161,2.950310559006211,6.870580136916475,13.664596273291925,92.99875776397515,-112720.0,130,89.56076923076922
0.25,0.24,8.5,161,2.7950310559006213,7.231971233319147,13.043478260869565,90.4527950310559,-153710.0,130,86.4076923076923
0.25,0.24,9.0,161,2.658385093167702,7.606511264008255,13.043478260869565,94.97329192546584,-80930.0,130,92.00615384615385
0.25,0.24,9.5,161,2.577639751552795,7.732995352391364,13.043478260869565,99.92049689440994,-1280.0,130,96.11923076923077
0.25,0.24,10.0,161,2.5217391304347827,7.968421472026141,13.043478260869565,106.06149068322982,97590.0,130,97.35230769230769
0.25,0.25,5.0,156,4.801282051282051,4.836334889004705,17.94871794871795,90.2551282051282,-152020.0,126,86.68412698412699
0.25,0.25,5.5,156,4.301282051282051,5.248999116171102,15.384615384615385,81.65128205128205,-286240.0,126,75.45714285714286
0.25,0.25,6.0,156,3.8653846153846154,5.687070925175225,14.102564102564102,80.03333333333333,-311480.0,126,75.27539682539683
0.25,0.25,6.5,156,3.5064102564102564,6.059632212110534,14.102564102564102,83.93589743589743,-250600.0,126,79.67619047619047
0.25,0.25,7.0,156,3.269230769230769,6.407721287545964,14.102564102564102,88.36089743589744,-181570.0,126,84.86746031746031
0.25,0.25,7.5,156,3.0961538461538463,6.648940934489788,14.102564102564102,92.00576923076923,-124710.0,126,88.48968253968253
0.25,0.25,8.0,156,2.9358974358974357,6.892491466725362,14.102564102564102,95.97948717948718,-62720.0,126,92.40396825396826
0.25,0.25,8.5,156,2.7756410256410255,7.265465611089658,13.461538461538462,93.35192307692307,-103710.0,126,89.15079365079364
0.25,0.25,9.0,156,2.6474358974358974,7.630767152319129,13.461538461538462,98.0173076923077,-30930.0,126,94.92698412698412
0.25,0.25,9.5,156,2.5705128205128207,7.757220277107622,13.461538461538462,103.12307692307692,48720.0,126,99.17063492063492
0.25,0.25,10.0,156,2.5128205128205128,8.000192105705054,13.461538461538462,109.46089743589744,147590.0,126,100.44285714285714
0.25,0.26,5.0,149,4.798657718120805,4.833995316506793,16.10738255033557,80.62147651006711,-288740.0,119,74.41176470588235
0.25,0.26,5.5,149,4.295302013422819,5.248333150944904,13.422818791946309,70.91006711409396,-433440.0,119,61.6436974789916
0.25,0.26,6.0,149,3.859060402684564,5.692293016281807,12.080536912751679,67.97046979865772,-477240.0,119,59.891596638655464
0.25,0.26,6.5,149,3.5033557046979866,6.0694270545396565,12.080536912751679,71.18053691275168,-429410.0,119,63.45462184873949
0.25,0.26,7.0,149,3.261744966442953,6.420575386062416,12.080536912751679,74.86174496644296,-374560.0,119,67.75966386554622
0.25,0.26,7.5,149,3.087248322147651,6.6620557758869925,12.080536912751679,77.44697986577181,-336040.0,119,70.05378151260504
0.25,0.26,8.0,149,2.9328859060402683,6.897647065379146,12.080536912751679,80.65570469798658,-288230.0,119,73.00672268907563
0.25,0.26,8.5,149,2.771812080536913,7.269323001870099,11.409395973154362,76.00469798657718,-357530.0,119,67.18319327731092
0.25,0.26,9.0,149,2.6442953020134228,7.6421279322930316,11.409395973154362,80.01006711409396,-297850.0,119,72.1983193277311
0.25,0.26,9.5,149,2.5704697986577183,7.760697645468596,11.409395973154362,83.92818791946308,-239470.0,119,74.90420168067227
0.25,0.26,10.0,149,2.5167785234899327,7.996683197937186,11.409395973154362,90.56375838926175,-140600.0,119,76.25126050420168
0.25,0.27,5.0,134,4.731343283582089,4.829563108499547,14.925373134328357,74.15223880597014,-346360.0,106,68.73962264150943
0.25,0.27,5.5,134,4.253731343283582,5.245278498600234,11.940298507462686,62.87313432835821,-497500.0,106,53.79811320754717
0.25,0.27,6.0,134,3.843283582089552,5.679628695663249,11.940298507462686,67.13731343283582,-440360.0,106,56.56509433962264
0.25,0.27,6.5,134,3.4925373134328357,6.027815369016127,11.940298507462686,69.2910447761194,-411500.0,106,58.77547169811321
0.25,0.27,7.0,134,3.2611940298507465,6.378715671302297,11.940298507462686,72.54328358208956,-367920.0,106,62.54528301886793
0.25,0.27,7.5,134,3.074626865671642,6.631507304706773,11.940298507462686,75.41791044776119,-329400.0,106,65.12075471698114
0.25,0.27,8.0,134,2.925373134328358,6.864066078526902,11.940298507462686,78.9858208955224,-281590.0,106,68.43584905660377
0.25,0.27,8.5,134,2.7761194029850746,7.204061065975014,11.940298507462686,78.9858208955224,-281590.0,106,68.43584905660377
0.25,0.27,9.0,134,2.6417910447761193,7.611131387489752,11.940298507462686,83.43955223880597,-221910.0,106,74.06603773584905
0.25,0.27,9.5,134,2.5671641791044775,7.719100242917037,11.940298507462686,85.39328358208955,-195730.0,106,74.06603773584905
0.25,0.27,10.0,134,2.5074626865671643,7.981502088572411,11.940298507462686,92.77164179104477,-96860.0,106,75.57830188679246
0.25,0.28,5.0,123,4.634146341463414,4.819843906027479,16.260162601626014,80.78373983739837,-236360.0,96,75.9
0.25,0.28,5.5,123,4.170731707317073,5.237852920005053,13.008130081300814,68.4959349593496,-387500.0,96,59.40208333333333
0.25,0.28,6.0,123,3.7642276422764227,5.659267633481335,13.008130081300814,73.14146341463415,-330360.0,96,62.45729166666667
0.25,0.28,6.5,123,3.4146341463414633,6.008734963408363,13.008130081300814,75.48780487804878,-301500.0,96,64.89791666666666
0.25,0.28,7.0,123,3.1951219512195124,6.326197658098256,13.008130081300814,79.03089430894309,-257920.0,96,69.06041666666667
0.25,0.28,7.5,123,3.016260162601626,6.583220223475187,13.008130081300814,82.16260162601625,-219400.0,96,71.90416666666667
0.25,0.28,8.0,123,2.869918699186992,6.813620682191786,13.008130081300814,86.04959349593496,-171590.0,96,75.56458333333333
0.25,0.28,8.5,123,2.731707317073171,7.142275914361497,13.008130081300814,86.04959349593496,-171590.0,96,75.56458333333333
0.25,0.28,9.0,123,2.5934959349593494,7.550338139629003,13.008130081300814,90.90162601626017,-111910.0,96,81.78125
0.25,0.28,9.5,123,2.5284552845528454,7.634567948583939,13.008130081300814,93.03008130081301,-85730.0,96,81.78125
0.25,0.28,10.0,123,2.4634146341463414,7.920436625964588,13.008130081300814,101.06829268292682,13140.0,96,83.45104166666667
0.25,0.29,5.0,111,4.585585585585585,4.8140374823878105,17.117117117117118,85.16306306306306,-164690.0,85,80.03647058823529
0.25,0.29,5.5,111,4.117117117117117,5.235020654343759,14.414414414414415,75.90090090090091,-267500.0,85,67.08941176470589
0.25,0.29,6.0,111,3.72972972972973,5.648126862655819,14.414414414414415,81.04864864864865,-210360.0,85,70.54
0.25,0.29,6.5,111,3.369369369369369,6.021766419036093,14.414414414414415,83.64864864864865,-181500.0,85,73.2964705882353
0.25,0.29,7.0,111,3.1531531531531534,6.315405099151664,14.414414414414415,87.57477477477478,-137920.0,85,77.99764705882353
0.25,0.29,7.5,111,2.972972972972973,6.550333729727286,14.414414414414415,91.04504504504504,-99400.0,85,81.20941176470588
0.25,0.29,8.0,111,2.8378378378378377,6.7295724784795485,14.414414414414415,95.35225225225226,-51590.0,85,85.3435294117647
0.25,0.29,8.5,111,2.7027027027027026,7.033818631898077,14.414414414414415,95.35225225225226,-51590.0,85,85.3435294117647
0.25,0.29,9.0,111,2.5585585585585586,7.448000474358048,14.414414414414415,100.72882882882882,8090.0,85,92.36470588235294
0.25,0.29,9.5,111,2.4954954954954953,7.516513591992527,14.414414414414415,103.08738738738738,34270.0,85,92.36470588235294
0.25,0.29,10.0,111,2.4324324324324325,7.793164130855702,14.414414414414415,111.99459459459459,133140.0,85,94.25058823529412
0.25,0.3,5.0,103,4.446601941747573,4.806661369754547,17.475728155339805,86.46504854368932,-139410.0,79,79.18860759493671
0.25,0.3,5.5,103,3.9902912621359223,5.249523527069026,14.563106796116504,76.48349514563107,-242220.0,79,65.25822784810127
0.25,0.3,6.0,103,3.650485436893204,5.652870795423565,14.563106796116504,82.03106796116505,-185080.0,79,68.97088607594937
0.25,0.3,6.5,103,3.3106796116504853,6.023397655309762,14.563106796116504,84.83300970873786,-156220.0,79,71.9367088607595
0.25,0.3,7.0,103,3.1067961165048543,6.29358124810778,14.563106796116504,86.26796116504855,-141440.0,79,73.3493670886076
0.25,0.3,7.5,103,2.941747572815534,6.522077792415265,14.563106796116504,90.00776699029126,-102920.0,79,76.80506329113923
0.25,0.3,8.0,103,2.796116504854369,6.715237997381297,14.563106796116504,94.64951456310679,-55110.0,79,81.25316455696202
0.25,0.3,8.5,103,2.6601941747572817,7.027753875115474,14.563106796116504,94.64951456310679,-55110.0,79,81.25316455696202
0.25,0.3,9.0,103,2.5242718446601944,7.438822963638938,14.563106796116504,100.44368932038834,4570.0,79,88.80759493670887
0.25,0.3,9.5,103,2.466019417475728,7.504119921282072,14.563106796116504,102.98543689320388,30750.0,79,88.80759493670887
0.25,0.3,10.0,103,2.3980582524271843,7.802257880639476,14.563106796116504,112.58446601941748,129620.0,79,90.83670886075949
0.25,0.31,5.0,96,4.135416666666667,4.802980043047944,17.708333333333336,87.62916666666666,-118760.0,74,77.87027027027027
0.25,0.31,5.5,96,3.7083333333333335,5.240755065997374,14.583333333333334,76.91979166666667,-221570.0,74,62.99864864864865
0.25,0.31,6.0,96,3.40625,5.623752882313657,14.583333333333334,81.50104166666667,-177590.0,74,65.18378378378378
0.25,0.31,6.5,96,3.1145833333333335,5.971966026709737,14.583333333333334,84.50729166666666,-148730.0,74,68.35
0.25,0.31,7.0,96,2.9270833333333335,6.251453513233439,14.583333333333334,85.36145833333333,-140530.0,74,68.96891891891892
0.25,0.31,7.5,96,2.7916666666666665,6.465618598592492,14.583333333333334,88.34583333333333,-111880.0,74,71.32432432432432
0.25,0.31,8.0,96,2.6666666666666665,6.61411631076437,14.583333333333334,93.32604166666667,-64070.0,74,76.07297297297298
0.25,0.31,8.5,96,2.5416666666666665,6.93248893253941,14.583333333333334,93.32604166666667,-64070.0,74,76.07297297297298
0.25,0.31,9.0,96,2.40625,7.358019829025728,14.583333333333334,97.82916666666667,-20840.0,74,81.91486486486487
0.25,0.31,9.5,96,2.3541666666666665,7.421666058883631,14.583333333333334,100.55625,5340.0,74,81.91486486486487
0.25,0.31,10.0,96,2.2916666666666665,7.707124347792363,14.583333333333334,110.85520833333334,104210.0,74,84.08108108108108
0.25,0.32,5.0,87,4.2298850574712645,4.789096139248793,18.39080459770115,91.1816091954023,-76720.0,65,81.27384615384615
0.25,0.32,5.5,87,3.793103448275862,5.230336291732312,16.091954022988507,84.87701149425287,-131570.0,65,71.72153846153846
0.25,0.32,6.0,87,3.4827586206896552,5.6354272995361345,16.091954022988507,89.93218390804597,-87590.0,65,74.20923076923077
0.25,0.32,6.5,87,3.1839080459770117,5.975479762296267,16.091954022988507,93.24942528735632,-58730.0,65,77.81384615384616
0.25,0.32,7.0,87,2.9885057471264367,6.247313372220525,16.091954022988507,94.19195402298851,-50530.0,65,78.51846153846154
0.25,0.32,7.5,87,2.839080459770115,6.483633466409828,16.091954022988507,97.48505747126437,-21880.0,65,81.2
0.25,0.32,8.0,87,2.7011494252873565,6.6474930108753485,16.091954022988507,102.98045977011495,25930.0,65,86.60615384615384
0.25,0.32,8.5,87,2.574712643678161,6.962838795354896,16.091954022988507,102.98045977011495,25930.0,65,86.60615384615384
0.25,0.32,9.0,87,2.4367816091954024,7.36509880179822,16.091954022988507,107.94942528735632,69160.0,65,93.25692307692307
0.25,0.32,9.5,87,2.3793103448275863,7.435329124400046,16.091954022988507,110.95862068965518,95340.0,65,93.25692307692307
0.25,0.32,10.0,87,2.32183908045977,7.659020863886485,16.091954022988507,122.32298850574712,194210.0,65,95.72307692307692
0.26,0.15,5.0,155,4.832258064516129,4.847724103595368,16.7741935483871,83.69677419354839,-252700.0,124,83.51612903225806
0.26,0.15,5.5,155,4.32258064516129,5.243895010603699,14.193548387096774,75.0374193548387,-386920.0,124,72.10806451612903
0.26,0.15,6.0,155,3.8838709677419354,5.675231372994036,12.903225806451612,73.40903225806451,-412160.0,124,71.92338709677419
0.26,0.15,6.5,155,3.529032258064516,6.024430696251171,12.903225806451612,76.66387096774193,-361710.0,124,75.55403225806451
0.26,0.15,7.0,155,3.2774193548387096,6.401083447798299,12.903225806451612,81.11741935483872,-292680.0,124,80.82903225806452
0.26,0.15,7.5,155,3.1032258064516127,6.648574484055914,12.903225806451612,84.7858064516129,-235820.0,124,84.50967741935484
0.26,0.15,8.0,155,2.9483870967741934,6.893478220942679,12.903225806451612,88.78516129032258,-173830.0,124,88.48709677419355
0.26,0.15,8.5,155,2.8,7.23611374452822,12.258064516129032,84.3141935483871,-243130.0,124,82.89838709677419
0.26,0.15,9.0,155,2.638709677419355,7.667043457223266,12.258064516129032,89.00967741935484,-170350.0,124,88.76774193548387
0.26,0.15,9.5,155,2.554838709677419,7.798423703866367,12.258064516129032,94.14838709677419,-90700.0,124,93.07983870967742
0.26,0.15,10.0,155,2.490322580645161,8.03838189766903,12.258064516129032,100.52709677419355,8170.0,124,94.37258064516129
0.26,0.16,5.0,155,4.832258064516129,4.847724103595368,16.7741935483871,83.69677419354839,-252700.0,124,83.51612903225806
0.26,0.16,5.5,155,4.32258064516129,5.243895010603699,14.193548387096774,75.0374193548387,-386920.0,124,72.10806451612903
0.26,0.16,6.0,155,3.8838709677419354,5.675231372994036,12.903225806451612,73.40903225806451,-412160.0,124,71.92338709677419
0.26,0.16,6.5,155,3.529032258064516,6.024430696251171,12.903225806451612,76.66387096774193,-361710.0,124,75.55403225806451
0.26,0.16,7.0,155,3.2774193548387096,6.401083447798299,12.903225806451612,81.11741935483872,-292680.0,124,80.82903225806452
0.26,0.16,7.5,155,3.1032258064516127,6.648574484055914,12.903225806451612,84.7858064516129,-235820.0,124,84.50967741935484
0.26,0.16,8.0,155,2.9483870967741934,6.893478220942679,12.903225806451612,88.78516129032258,-173830.0,124,88.48709677419355
0.26,0.16,8.5,155,2.8,7.23611374452822,12.258064516129032,84.3141935483871,-243130.0,124,82.89838709677419
0.26,0.16,9.0,155,2.638709677419355,7.667043457223266,12.258064516129032,89.00967741935484,-170350.0,124,88.76774193548387
0.26,0.16,9.5,155,2.554838709677419,7.798423703866367,12.258064516129032,94.14838709677419,-90700.0,124,93.07983870967742
0.26,0.16,10.0,155,2.490322580645161,8.03838189766903,12.258064516129032,100.52709677419355,8170.0,124,94.37258064516129
0.26,0.17,5.0,155,4.832258064516129,4.847724103595368,16.7741935483871,83.69677419354839,-252700.0,124,83.51612903225806
0.26,0.17,5.5,155,4.32258064516129,5.243895010603699,14.193548387096774,75.0374193548387,-386920.0,124,72.10806451612903
0.26,0.17,6.0,155,3.8838709677419354,5.675231372994036,12.903225806451612,73.40903225806451,-412160.0,124,71.92338709677419
0.26,0.17,6.5,155,3.529032258064516,6.024430696251171,12.903225806451612,76.66387096774193,-361710.0,124,75.55403225806451
0.26,0.17,7.0,155,3.2774193548387096,6.401083447798299,12.903225806451612,81.11741935483872,-292680.0,124,80.82903225806452
0.26,0.17,7.5,155,3.1032258064516127,6.648574484055914,12.903225806451612,84.7858064516129,-235820.0,124,84.50967741935484
0.26,0.17,8.0,155,2.9483870967741934,6.893478220942679,12.903225806451612,88.78516129032258,-173830.0,124,88.48709677419355
0.26,0.17,8.5,155,2.8,7.23611374452822,12.258064516129032,84.3141935483871,-243130.0,124,82.89838709677419
0.26,0.17,9.0,155,2.638709677419355,7.667043457223266,12.258064516129032,89.00967741935484,-170350.0,124,88.76774193548387
0.26,0.17,9.5,155,2.554838709677419,7.798423703866367,12.258064516129032,94.14838709677419,-90700.0,124,93.07983870967742
0.26,0.17,10.0,155,2.490322580645161,8.03838189766903,12.258064516129032,100.52709677419355,8170.0,124,94.37258064516129
0.26,0.18,5.0,155,4.832258064516129,4.847724103595368,16.7741935483871,83.69677419354839,-252700.0,124,83.51612903225806
0.26,0.18,5.5,155,4.32258064516129,5.243895010603699,14.193548387096774,75.0374193548387,-386920.0,124,72.10806451612903
0.26,0.18,6.0,155,3.8838709677419354,5.675231372994036,12.903225806451612,73.40903225806451,-412160.0,124,71.92338709677419
0.26,0.18,6.5,155,3.529032258064516,6.024430696251171,12.903225806451612,76.66387096774193,-361710.0,124,75.55403225806451
0.26,0.18,7.0,155,3.2774193548387096,6.401083447798299,12.903225806451612,81.11741935483872,-292680.0,124,80.82903225806452
0.26,0.18,7.5,155,3.1032258064516127,6.648574484055914,12.903225806451612,84.7858064516129,-235820.0,124,84.50967741935484
0.26,0.18,8.0,155,2.9483870967741934,6.893478220942679,12.903225806451612,88.78516129032258,-173830.0,124,88.48709677419355
0.26,0.18,8.5,155,2.8,7.23611374452822,12.258064516129032,84.3141935483871,-243130.0,124,82.89838709677419
0.26,0.18,9.0,155,2.638709677419355,7.667043457223266,12.258064516129032,89.00967741935484,-170350.0,124,88.76774193548387
0.26,0.18,9.5,155,2.554838709677419,7.798423703866367,12.258064516129032,94.14838709677419,-90700.0,124,93.07983870967742
0.26,0.18,10.0,155,2.490322580645161,8.03838189766903,12.258064516129032,100.52709677419355,8170.0,124,94.37258064516129
0.26,0.19,5.0,155,4.832258064516129,4.847724103595368,16.7741935483871,83.69677419354839,-252700.0,124,83.51612903225806
0.26,0.19,5.5,155,4.32258064516129,5.243895010603699,14.193548387096774,75.0374193548387,-386920.0,124,72.10806451612903
0.26,0.19,6.0,155,3.8838709677419354,5.675231372994036,12.903225806451612,73.40903225806451,-412160.0,124,71.92338709677419
0.26,0.19,6.5,155,3.529032258064516,6.024430696251171,12.903225806451612,76.66387096774193,-361710.0,124,75.55403225806451
0.26,0.19,7.0,155,3.2774193548387096,6.401083447798299,12.903225806451612,81.11741935483872,-292680.0,124,80.82903225806452
0.26,0.19,7.5,155,3.1032258064516127,6.648574484055914,12.903225806451612,84.7858064516129,-235820.0,124,84.50967741935484
0.26,0.19,8.0,155,2.9483870967741934,6.893478220942679,12.903225806451612,88.78516129032258,-173830.0,124,88.48709677419355
0.26,0.19,8.5,155,2.8,7.23611374452822,12.258064516129032,84.3141935483871,-243130.0,124,82.89838709677419
0.26,0.19,9.0,155,2.638709677419355,7.667043457223266,12.258064516129032,89.00967741935484,-170350.0,124,88.76774193548387
0.26,0.19,9.5,155,2.554838709677419,7.798423703866367,12.258064516129032,94.14838709677419,-90700.0,124,93.07983870967742
0.26,0.19,10.0,155,2.490322580645161,8.03838189766903,12.258064516129032,100.52709677419355,8170.0,124,94.37258064516129
0.26,0.2,5.0,155,4.832258064516129,4.847724103595368,16.7741935483871,83.69677419354839,-252700.0,124,83.51612903225806
0.26,0.2,5.5,155,4.32258064516129,5.243895010603699,14.193548387096774,75.0374193548387,-386920.0,124,72.10806451612903
0.26,0.2,6.0,155,3.8838709677419354,5.675231372994036,12.903225806451612,73.40903225806451,-412160.0,124,71.92338709677419
0.26,0.2,6.5,155,3.529032258064516,6.024430696251171,12.903225806451612,76.66387096774193,-361710.0,124,75.55403225806451
0.26,0.2,7.0,155,3.2774193548387096,6.401083447798299,12.903225806451612,81.11741935483872,-292680.0,124,80.82903225806452
0.26,0.2,7.5,155,3.1032258064516127,6.648574484055914,12.903225806451612,84.7858064516129,-235820.0,124,84.50967741935484
0.26,0.2,8.0,155,2.9483870967741934,6.893478220942679,12.903225806451612,88.78516129032258,-173830.0,124,88.48709677419355
0.26,0.2,8.5,155,2.8,7.23611374452822,12.258064516129032,84.3141935483871,-243130.0,124,82.89838709677419
0.26,0.2,9.0,155,2.638709677419355,7.667043457223266,12.258064516129032,89.00967741935484,-170350.0,124,88.76774193548387
0.26,0.2,9.5,155,2.554838709677419,7.798423703866367,12.258064516129032,94.14838709677419,-90700.0,124,93.07983870967742
0.26,0.2,10.0,155,2.490322580645161,8.03838189766903,12.258064516129032,100.52709677419355,8170.0,124,94.37258064516129
0.26,0.21,5.0,155,4.832258064516129,4.847724103595368,16.7741935483871,83.69677419354839,-252700.0,124,83.51612903225806
0.26,0.21,5.5,155,4.32258064516129,5.243895010603699,14.193548387096774,75.0374193548387,-386920.0,124,72.10806451612903
0.26,0.21,6.0,155,3.8838709677419354,5.675231372994036,12.903225806451612,73.40903225806451,-412160.0,124,71.92338709677419
0.26,0.21,6.5,155,3.529032258064516,6.024430696251171,12.903225806451612,76.66387096774193,-361710.0,124,75.55403225806451
0.26,0.21,7.0,155,3.2774193548387096,6.401083447798299,12.903225806451612,81.11741935483872,-292680.0,124,80.82903225806452
0.26,0.21,7.5,155,3.1032258064516127,6.648574484055914,12.903225806451612,84.7858064516129,-235820.0,124,84.50967741935484
0.26,0.21,8.0,155,2.9483870967741934,6.893478220942679,12.903225806451612,88.78516129032258,-173830.0,124,88.48709677419355
0.26,0.21,8.5,155,2.8,7.23611374452822,12.258064516129032,84.3141935483871,-243130.0,124,82.89838709677419
0.26,0.21,9.0,155,2.638709677419355,7.667043457223266,12.258064516129032,89.00967741935484,-170350.0,124,88.76774193548387
0.26,0.21,9.5,155,2.554838709677419,7.798423703866367,12.258064516129032,94.14838709677419,-90700.0,124,93.07983870967742
0.26,0.21,10.0,155,2.490322580645161,8.03838189766903,12.258064516129032,100.52709677419355,8170.0,124,94.37258064516129
0.26,0.22,5.0,154,4.785714285714286,4.847024880639502,16.883116883116884,84.24025974025975,-242700.0,123,84.1951219512195
0.26,0.22,5.5,154,4.292207792207792,5.2409398561950855,14.285714285714285,75.52467532467533,-376920.0,123,72.69430894308942
0.26,0.22,6.0,154,3.8506493506493507,5.6750771040554895,12.987012987012985,73.88571428571429,-402160.0,123,72.50813008130082
0.26,0.22,6.5,154,3.5,6.021412714801542,12.987012987012985,77.16168831168831,-351710.0,123,76.16829268292683
0.26,0.22,7.0,154,3.2532467532467533,6.3970328647387955,12.987012987012985,81.64415584415585,-282680.0,123,81.48617886178862
0.26,0.22,7.5,154,3.0779220779220777,6.6461309856474315,12.987012987012985,85.33636363636364,-225820.0,123,85.19674796747968
0.26,0.22,8.0,154,2.9285714285714284,6.882144361876797,12.987012987012985,89.36168831168831,-163830.0,123,89.20650406504065
0.26,0.22,8.5,154,2.779220779220779,7.2270047914596445,12.337662337662337,84.86168831168831,-233130.0,123,83.57235772357724
0.26,0.22,9.0,154,2.6233766233766236,7.656309524293839,12.337662337662337,89.58766233766234,-160350.0,123,89.48943089430894
0.26,0.22,9.5,154,2.538961038961039,7.788542889421635,12.337662337662337,94.75974025974025,-80700.0,123,93.83658536585367
0.26,0.22,10.0,154,2.4805194805194803,8.026613199037794,12.337662337662337,101.17987012987012,18170.0,123,95.13983739837398
0.26,0.23,5.0,153,4.790849673202614,4.843471926841865,16.99346405228758,84.79084967320262,-232700.0,122,84.88524590163935
0.26,0.23,5.5,153,4.294117647058823,5.239961510080817,14.37908496732026,76.01830065359478,-366920.0,122,73.29016393442623
0.26,0.23,6.0,153,3.849673202614379,5.676936256293249,13.071895424836603,74.3686274509804,-392160.0,122,73.10245901639344
0.26,0.23,6.5,153,3.503267973856209,6.015105311197017,13.071895424836603,77.66601307189542,-341710.0,122,76.79262295081968
0.26,0.23,7.0,153,3.2549019607843137,6.393180494793989,13.071895424836603,82.17777777777778,-272680.0,122,82.15409836065574
0.26,0.23,7.5,153,3.0784313725490198,6.6439067079961465,13.071895424836603,85.89411764705882,-215820.0,122,85.89508196721312
0.26,0.23,8.0,153,2.9281045751633985,6.881462655311978,13.071895424836603,89.94575163398693,-153830.0,122,89.9377049180328
0.26,0.23,8.5,153,2.7777777777777777,7.228577074630661,12.418300653594772,85.41633986928105,-223130.0,122,84.25737704918033
0.26,0.23,9.0,153,2.627450980392157,7.635594631816055,12.418300653594772,90.17320261437908,-150350.0,122,90.22295081967214
0.26,0.23,9.5,153,2.542483660130719,7.768692267304165,12.418300653594772,95.37908496732027,-70700.0,122,94.60573770491803
0.26,0.23,10.0,153,2.4836601307189543,8.008318592015854,12.418300653594772,101.84117647058824,28170.0,122,95.91967213114754
0.26,0.24,5.0,149,4.76510067114094,4.833874413200137,17.449664429530202,87.06711409395973,-192700.0,120,86.3
0.26,0.24,5.5,149,4.268456375838926,5.234931602215488,14.76510067114094,78.05906040268457,-326920.0,120,74.51166666666667
0.26,0.24,6.0,149,3.825503355704698,5.672910299562913,13.422818791946309,76.36510067114094,-352160.0,120,74.32083333333334
0.26,0.24,6.5,149,3.476510067114094,6.011158090487685,13.422818791946309,79.7510067114094,-301710.0,120,78.0725
0.26,0.24,7.0,149,3.2348993288590604,6.375521630207454,13.422818791946309,84.38389261744966,-232680.0,120,83.52333333333333
0.26,0.24,7.5,149,3.0604026845637584,6.623015750494032,13.422818791946309,88.2,-175820.0,120,87.32666666666667
0.26,0.24,8.0,149,2.9060402684563758,6.866949038677403,13.422818791946309,92.36040268456375,-113830.0,120,91.43666666666667
0.26,0.24,8.5,149,2.7583892617449663,7.2202548307166445,12.751677852348994,87.70939597315436,-183130.0,120,85.66166666666666
0.26,0.24,9.0,149,2.61744966442953,7.620921165886737,12.751677852348994,92.59395973154362,-110350.0,120,91.72666666666667
0.26,0.24,9.5,149,2.530201342281879,7.757591892260432,12.751677852348994,97.93959731543625,-30700.0,120,96.1825
0.26,0.24,10.0,149,2.476510067114094,7.9999225096857245,12.751677852348994,104.5751677852349,68170.0,120,97.51833333333333
0.26,0.25,5.0,145,4.689655172413793,4.823755277304154,17.93103448275862,89.46896551724137,-152700.0,117,88.51282051282051
0.26,0.25,5.5,145,4.186206896551724,5.232354144967356,15.172413793103448,80.21241379310345,-286920.0,117,76.42222222222222
0.26,0.25,6.0,145,3.7724137931034485,5.679354865182285,13.793103448275861,78.47172413793103,-312160.0,117,76.22649572649573
0.26,0.25,6.5,145,3.4413793103448276,6.02311915124561,13.793103448275861,81.95103448275862,-261710.0,117,80.07435897435897
0.26,0.25,7.0,145,3.213793103448276,6.375022875559527,13.793103448275861,86.71172413793103,-192680.0,117,85.66495726495727
0.26,0.25,7.5,145,3.0344827586206895,6.629344419854011,13.793103448275861,90.63310344827586,-135820.0,117,89.56581196581196
0.26,0.25,8.0,145,2.882758620689655,6.873538934059652,13.793103448275861,94.90827586206896,-73830.0,117,93.78119658119658
0.26,0.25,8.5,145,2.731034482758621,7.236591092775836,13.10344827586207,90.12896551724138,-143130.0,117,87.85811965811966
0.26,0.25,9.0,145,2.6,7.625455778508215,13.10344827586207,95.14827586206897,-70350.0,117,94.07863247863249
0.26,0.25,9.5,145,2.5172413793103448,7.7615018989703195,13.10344827586207,100.64137931034483,9300.0,117,98.64871794871794
0.26,0.25,10.0,145,2.462068965517241,8.010517498945275,13.10344827586207,107.46,108170.0,117,100.01880341880342
0.26,0.26,5.0,139,4.676258992805756,4.8270104175389426,16.546762589928058,82.53237410071942,-242800.0,111,79.77477477477477
0.26,0.26,5.5,139,4.172661870503597,5.234259005340992,13.66906474820144,72.12230215827338,-387500.0,111,66.08648648648649
0.26,0.26,6.0,139,3.762589928057554,5.684805207943296,12.23021582733813,68.97122302158273,-431300.0,111,64.2081081081081
0.26,0.26,6.5,139,3.431654676258993,6.036888277680773,12.23021582733813,72.41223021582734,-383470.0,111,68.02792792792793
0.26,0.26,7.0,139,3.2014388489208634,6.389731771597909,12.23021582733813,76.35827338129496,-328620.0,111,72.64324324324325
0.26,0.26,7.5,139,3.0215827338129495,6.643162973636223,12.23021582733813,79.12949640287769,-290100.0,111,75.1027027027027
0.26,0.26,8.0,139,2.8776978417266186,6.877101273387297,12.23021582733813,82.56906474820144,-242290.0,111,78.26846846846847
0.26,0.26,8.5,139,2.7194244604316546,7.2558247483070595,11.510791366906476,77.58345323741007,-311590.0,111,72.02522522522523
0.26,0.26,9.0,139,2.5899280575539567,7.651121680914354,11.510791366906476,81.87697841726619,-251910.0,111,77.4018018018018
0.26,0.26,9.5,139,2.5107913669064748,7.7782215892824045,11.510791366906476,86.07697841726619,-193530.0,111,80.3027027027027
0.26,0.26,10.0,139,2.460431654676259,8.018261186785926,11.510791366906476,93.18992805755396,-94660.0,111,81.74684684684685
0.26,0.27,5.0,127,4.6299212598425195,4.817599705509628,14.960629921259844,73.98267716535433,-330420.0,101,72.14257425742574
0.26,0.27,5.5,127,4.149606299212598,5.230675931326636,11.811023622047244,62.08188976377953,-481560.0,101,56.46138613861386
0.26,0.27,6.0,127,3.7716535433070866,5.670065750912841,11.811023622047244,66.58110236220472,-424420.0,101,59.36534653465347
0.26,0.27,6.5,127,3.4488188976377954,6.008415788607517,11.811023622047244,68.85354330708661,-395560.0,101,61.685148514851484
0.26,0.27,7.0,127,3.220472440944882,6.3643086746124995,11.811023622047244,72.28503937007874,-351980.0,101,65.64158415841584
0.26,0.27,7.5,127,3.031496062992126,6.6250995240271715,11.811023622047244,75.31811023622048,-313460.0,101,68.34455445544555
0.26,0.27,8.0,127,2.8976377952755907,6.850116824995406,11.811023622047244,79.08267716535433,-265650.0,101,71.82376237623762
0.26,0.27,8.5,127,2.748031496062992,7.2063018434012625,11.811023622047244,79.08267716535433,-265650.0,101,71.82376237623762
0.26,0.27,9.0,127,2.6141732283464565,7.631071623577421,11.811023622047244,83.78188976377953,-205970.0,101,77.73267326732673
0.26,0.27,9.5,127,2.5354330708661417,7.744991518280227,11.811023622047244,85.84330708661417,-179790.0,101,77.73267326732673
0.26,0.27,10.0,127,2.4803149606299213,8.007712022634477,11.811023622047244,93.62834645669291,-80920.0,101,79.31980198019802
0.26,0.28,5.0,116,4.517241379310345,4.8061595388117535,16.379310344827587,80.99827586206897,-220420.0,91,80.07032967032967
0.26,0.28,5.5,116,4.051724137931035,5.2214175312644215,12.931034482758621,67.96896551724137,-371560.0,91,62.66593406593407
0.26,0.28,6.0,116,3.6810344827586206,5.647569172976376,12.931034482758621,72.8948275862069,-314420.0,91,65.88901098901098
0.26,0.28,6.5,116,3.3620689655172415,5.986344363829504,12.931034482758621,75.38275862068966,-285560.0,91,68.46373626373627
0.26,0.28,7.0,116,3.146551724137931,6.307255290235907,12.931034482758621,79.1396551724138,-241980.0,91,72.85494505494505
0.26,0.28,7.5,116,2.9655172413793105,6.573290932829235,12.931034482758621,82.46034482758621,-203460.0,91,75.85494505494505
0.26,0.28,8.0,116,2.836206896551724,6.795304535874149,12.931034482758621,86.58189655172414,-155650.0,91,79.71648351648352
0.26,0.28,8.5,116,2.6982758620689653,7.141000764980798,12.931034482758621,86.58189655172414,-155650.0,91,79.71648351648352
0.26,0.28,9.0,116,2.560344827586207,7.5685007021127,12.931034482758621,91.72672413793103,-95970.0,91,86.27472527472527
0.26,0.28,9.5,116,2.4913793103448274,7.657813344366643,12.931034482758621,93.98362068965517,-69790.0,91,86.27472527472527
0.26,0.28,10.0,116,2.4310344827586206,7.945446999995862,12.931034482758621,102.50689655172414,29080.0,91,88.03626373626373
0.26,0.29,5.0,106,4.481132075471698,4.7989539686648355,16.9811320754717,84.08018867924528,-168750.0,82,82.96463414634147
0.26,0.29,5.5,106,4.009433962264151,5.217713593741067,14.150943396226415,74.3811320754717,-271560.0,82,69.5439024390244
0.26,0.29,6.0,106,3.650943396226415,5.644847532996032,14.150943396226415,79.77169811320755,-214420.0,82,73.12073170731708
0.26,0.29,6.5,106,3.3207547169811322,6.010218045687049,14.150943396226415,82.4943396226415,-185560.0,82,75.97804878048781
0.26,0.29,7.0,106,3.1132075471698113,6.300516625961713,14.150943396226415,86.60566037735849,-141980.0,82,80.85121951219512
0.26,0.29,7.5,106,2.9339622641509435,6.539416974955651,14.150943396226415,90.23962264150943,-103460.0,82,84.18048780487806
0.26,0.29,8.0,106,2.811320754716981,6.723244157694251,14.150943396226415,94.75,-55650.0,82,88.46585365853659
0.26,0.29,8.5,106,2.6792452830188678,7.038786535514564,14.150943396226415,94.75,-55650.0,82,88.46585365853659
0.26,0.29,9.0,106,2.5377358490566038,7.466829210160357,14.150943396226415,100.38018867924528,4030.0,82,95.7439024390244
0.26,0.29,9.5,106,2.4716981132075473,7.5385740786266515,14.150943396226415,102.85,30210.0,82,95.7439024390244
0.26,0.29,10.0,106,2.4150943396226414,7.811327536635917,14.150943396226415,112.17735849056604,129080.0,82,97.69878048780488
0.26,0.3,5.0,99,4.333333333333333,4.792245323844263,17.17171717171717,84.4979797979798,-153470.0,76,82.31447368421053
0.26,0.3,5.5,99,3.8686868686868685,5.235572490516954,14.14141414141414,74.11313131313132,-256280.0,76,67.83421052631579
0.26,0.3,6.0,99,3.5555555555555554,5.653695446780079,14.14141414141414,79.88484848484849,-199140.0,76,71.69342105263158
0.26,0.3,6.5,99,3.2525252525252526,6.011468680672157,14.14141414141414,82.8,-170280.0,76,74.77631578947368
0.26,0.3,7.0,99,3.0606060606060606,6.274162277384095,14.14141414141414,84.29292929292929,-155500.0,76,76.24473684210527
0.26,0.3,7.5,99,2.898989898989899,6.504278469941009,14.14141414141414,88.18383838383838,-116980.0,76,79.83684210526316
0.26,0.3,8.0,99,2.7676767676767677,6.701103534287388,14.14141414141414,93.01313131313131,-69170.0,76,84.46052631578948
0.26,0.3,8.5,99,2.6363636363636362,7.022975296167357,14.14141414141414,93.01313131313131,-69170.0,76,84.46052631578948
0.26,0.3,9.0,99,2.505050505050505,7.444575852907903,14.14141414141414,99.04141414141414,-9490.0,76,92.31315789473685
0.26,0.3,9.5,99,2.4444444444444446,7.512511071465912,14.14141414141414,101.68585858585858,16690.0,76,92.31315789473685
0.26,0.3,10.0,99,2.3838383838383836,7.804550127516237,14.14141414141414,111.67272727272727,115560.0,76,94.42236842105264
0.26,0.31,5.0,92,4.0,4.787307066396372,17.391304347826086,85.56304347826087,-132820.0,71,81.16056338028169
0.26,0.31,5.5,92,3.5652173913043477,5.225361300095832,14.130434782608695,74.38804347826087,-235630.0,71,65.66056338028169
0.26,0.31,6.0,92,3.2934782608695654,5.62337428265991,14.130434782608695,79.16847826086956,-191650.0,71,67.93802816901409
0.26,0.31,6.5,92,3.0434782608695654,5.956893254932312,14.130434782608695,82.3054347826087,-162790.0,71,71.23802816901409
0.26,0.31,7.0,92,2.869565217391304,6.228725371481891,14.130434782608695,83.19673913043478,-154590.0,71,71.8830985915493
0.26,0.31,7.5,92,2.739130434782609,6.4440102322855095,14.130434782608695,86.31086956521739,-125940.0,71,74.33802816901408
0.26,0.31,8.0,92,2.630434782608696,6.594509804321276,14.130434782608695,91.50760869565218,-78130.0,71,79.28732394366197
0.26,0.31,8.5,92,2.510869565217391,6.923204812037587,14.130434782608695,91.50760869565218,-78130.0,71,79.28732394366197
0.26,0.31,9.0,92,2.380434782608696,7.360697258364585,14.130434782608695,96.20652173913044,-34900.0,71,85.37605633802816
0.26,0.31,9.5,92,2.3260869565217392,7.427110715607614,14.130434782608695,99.05217391304348,-8720.0,71,85.37605633802816
0.26,0.31,10.0,92,2.2717391304347827,7.705454764199005,14.130434782608695,109.79891304347827,90150.0,71,87.63380281690141
0.26,0.32,5.0,83,4.0843373493975905,4.771054579403717,18.072289156626507,89.06265060240963,-90780.0,62,85.20645161290322
0.26,0.32,5.5,83,3.63855421686747,5.2127712126961425,15.66265060240964,82.45421686746988,-145630.0,62,75.19193548387096
0.26,0.32,6.0,83,3.36144578313253,5.635570269424631,15.66265060240964,87.75301204819277,-101650.0,62,77.8
0.26,0.32,6.5,83,3.108433734939759,5.958941930233894,15.66265060240964,91.23012048192771,-72790.0,62,81.57903225806452
0.26,0.32,7.0,83,2.927710843373494,6.221921208302527,15.66265060240964,92.21807228915662,-64590.0,62,82.31774193548387
0.26,0.32,7.5,83,2.783132530120482,6.460550210639068,15.66265060240964,95.66987951807229,-35940.0,62,85.12903225806451
0.26,0.32,8.0,83,2.6626506024096384,6.627369013377509,15.66265060240964,101.43012048192772,11870.0,62,90.79677419354839
0.26,0.32,8.5,83,2.5421686746987953,6.9540106069825365,15.66265060240964,101.43012048192772,11870.0,62,90.79677419354839
0.26,0.32,9.0,83,2.4096385542168677,7.3684077101146634,15.66265060240964,106.63855421686748,55100.0,62,97.76935483870967
0.26,0.32,9.5,83,2.3493975903614457,7.442022626576816,15.66265060240964,109.79277108433735,81280.0,62,97.76935483870967
0.26,0.32,10.0,83,2.3012048192771086,7.65485200092007,15.66265060240964,121.70481927710843,180150.0,62,100.35483870967742
0.27,0.15,5.0,141,4.794326241134752,4.860041936765659,17.02127659574468,85.44680851063829,-205200.0,111,84.96396396396396
0.27,0.15,5.5,141,4.3120567375886525,5.215943945880994,14.893617021276595,78.58581560283687,-301940.0,111,75.5963963963964
0.27,0.15,6.0,141,3.858156028368794,5.658224020486147,13.47517730496454,76.42411347517731,-332420.0,111,74.91801801801802
0.27,0.15,6.5,141,3.50354609929078,6.008057488091074,13.47517730496454,79.81631205673759,-284590.0,111,78.73783783783784
0.27,0.15,7.0,141,3.269503546099291,6.3689315620884885,13.47517730496454,84.71205673758865,-215560.0,111,84.63063063063063
0.27,0.15,7.5,141,3.0921985815602837,6.6279500674154335,13.47517730496454,87.44397163120567,-177040.0,111,87.09009009009009
0.27,0.15,8.0,141,2.9574468085106385,6.845162613306033,13.47517730496454,91.84042553191489,-115050.0,111,91.53333333333333
0.27,0.15,8.5,141,2.8085106382978724,7.187542055359946,12.76595744680851,86.92553191489361,-184350.0,111,85.29009009009009
0.27,0.15,9.0,141,2.6595744680851063,7.6024020691298695,12.76595744680851,91.1581560283688,-124670.0,111,90.66666666666667
0.27,0.15,9.5,141,2.574468085106383,7.734312044810077,12.76595744680851,96.80709219858156,-45020.0,111,95.48378378378378
0.27,0.15,10.0,141,2.5106382978723403,7.994332099284465,12.76595744680851,103.81914893617021,53850.0,111,96.92792792792793
0.27,0.16,5.0,141,4.794326241134752,4.860041936765659,17.02127659574468,85.44680851063829,-205200.0,111,84.96396396396396
0.27,0.16,5.5,141,4.3120567375886525,5.215943945880994,14.893617021276595,78.58581560283687,-301940.0,111,75.5963963963964
0.27,0.16,6.0,141,3.858156028368794,5.658224020486147,13.47517730496454,76.42411347517731,-332420.0,111,74.91801801801802
0.27,0.16,6.5,141,3.50354609929078,6.008057488091074,13.47517730496454,79.81631205673759,-284590.0,111,78.73783783783784
0.27,0.16,7.0,141,3.269503546099291,6.3689315620884885,13.47517730496454,84.71205673758865,-215560.0,111,84.63063063063063
0.27,0.16,7.5,141,3.0921985815602837,6.6279500674154335,13.47517730496454,87.44397163120567,-177040.0,111,87.09009009009009
0.27,0.16,8.0,141,2.9574468085106385,6.845162613306033,13.47517730496454,91.84042553191489,-115050.0,111,91.53333333333333
0.27,0.16,8.5,141,2.8085106382978724,7.187542055359946,12.76595744680851,86.92553191489361,-184350.0,111,85.29009009009009
0.27,0.16,9.0,141,2.6595744680851063,7.6024020691298695,12.76595744680851,91.1581560283688,-124670.0,111,90.66666666666667
0.27,0.16,9.5,141,2.574468085106383,7.734312044810077,12.76595744680851,96.80709219858156,-45020.0,111,95.48378378378378
0.27,0.16,10.0,141,2.5106382978723403,7.994332099284465,12.76595744680851,103.81914893617021,53850.0,111,96.92792792792793
0.27,0.17,5.0,141,4.794326241134752,4.860041936765659,17.02127659574468,85.44680851063829,-205200.0,111,84.96396396396396
0.27,0.17,5.5,141,4.3120567375886525,5.215943945880994,14.893617021276595,78.58581560283687,-301940.0,111,75.5963963963964
0.27,0.17,6.0,141,3.858156028368794,5.658224020486147,13.47517730496454,76.42411347517731,-332420.0,111,74.91801801801802
0.27,0.17,6.5,141,3.50354609929078,6.008057488091074,13.47517730496454,79.81631205673759,-284590.0,111,78.73783783783784
0.27,0.17,7.0,141,3.269503546099291,6.3689315620884885,13.47517730496454,84.71205673758865,-215560.0,111,84.63063063063063
0.27,0.17,7.5,141,3.0921985815602837,6.6279500674154335,13.47517730496454,87.44397163120567,-177040.0,111,87.09009009009009
0.27,0.17,8.0,141,2.9574468085106385,6.845162613306033,13.47517730496454,91.84042553191489,-115050.0,111,91.53333333333333
0.27,0.17,8.5,141,2.8085106382978724,7.187542055359946,12.76595744680851,86.92553191489361,-184350.0,111,85.29009009009009
0.27,0.17,9.0,141,2.6595744680851063,7.6024020691298695,12.76595744680851,91.1581560283688,-124670.0,111,90.66666666666667
0.27,0.17,9.5,141,2.574468085106383,7.734312044810077,12.76595744680851,96.80709219858156,-45020.0,111,95.48378378378378
0.27,0.17,10.0,141,2.5106382978723403,7.994332099284465,12.76595744680851,103.81914893617021,53850.0,111,96.92792792792793
0.27,0.18,5.0,141,4.794326241134752,4.860041936765659,17.02127659574468,85.44680851063829,-205200.0,111,84.96396396396396
0.27,0.18,5.5,141,4.3120567375886525,5.215943945880994,14.893617021276595,78.58581560283687,-301940.0,111,75.5963963963964
0.27,0.18,6.0,141,3.858156028368794,5.658224020486147,13.47517730496454,76.42411347517731,-332420.0,111,74.91801801801802
0.27,0.18,6.5,141,3.50354609929078,6.008057488091074,13.47517730496454,79.81631205673759,-284590.0,111,78.73783783783784
0.27,0.18,7.0,141,3.269503546099291,6.3689315620884885,13.47517730496454,84.71205673758865,-215560.0,111,84.63063063063063
0.27,0.18,7.5,141,3.0921985815602837,6.6279500674154335,13.47517730496454,87.44397163120567,-177040.0,111,87.09009009009009
0.27,0.18,8.0,141,2.9574468085106385,6.845162613306033,13.47517730496454,91.84042553191489,-115050.0,111,91.53333333333333
0.27,0.18,8.5,141,2.8085106382978724,7.187542055359946,12.76595744680851,86.92553191489361,-184350.0,111,85.29009009009009
0.27,0.18,9.0,141,2.6595744680851063,7.6024020691298695,12.76595744680851,91.1581560283688,-124670.0,111,90.66666666666667
0.27,0.18,9.5,141,2.574468085106383,7.734312044810077,12.76595744680851,96.80709219858156,-45020.0,111,95.48378378378378
0.27,0.18,10.0,141,2.5106382978723403,7.994332099284465,12.76595744680851,103.81914893617021,53850.0,111,96.92792792792793
0.27,0.19,5.0,141,4.794326241134752,4.860041936765659,17.02127659574468,85.44680851063829,-205200.0,111,84.96396396396396
0.27,0.19,5.5,141,4.3120567375886525,5.215943945880994,14.893617021276595,78.58581560283687,-301940.0,111,75.5963963963964
0.27,0.19,6.0,141,3.858156028368794,5.658224020486147,13.47517730496454,76.42411347517731,-332420.0,111,74.91801801801802
0.27,0.19,6.5,141,3.50354609929078,6.008057488091074,13.47517730496454,79.81631205673759,-284590.0,111,78.73783783783784
0.27,0.19,7.0,141,3.269503546099291,6.3689315620884885,13.47517730496454,84.71205673758865,-215560.0,111,84.63063063063063
0.27,0.19,7.5,141,3.0921985815602837,6.6279500674154335,13.47517730496454,87.44397163120567,-177040.0,111,87.09009009009009
0.27,0.19,8.0,141,2.9574468085106385,6.845162613306033,13.47517730496454,91.84042553191489,-115050.0,111,91.53333333333333
0.27,0.19,8.5,141,2.8085106382978724,7.187542055359946,12.76595744680851,86.92553191489361,-184350.0,111,85.29009009009009
0.27,0.19,9.0,141,2.6595744680851063,7.6024020691298695,12.76595744680851,91.1581560283688,-124670.0,111,90.66666666666667
0.27,0.19,9.5,141,2.574468085106383,7.734312044810077,12.76595744680851,96.80709219858156,-45020.0,111,95.48378378378378
0.27,0.19,10.0,141,2.5106382978723403,7.994332099284465,12.76595744680851,103.81914893617021,53850.0,111,96.92792792792793
0.27,0.2,5.0,141,4.794326241134752,4.860041936765659,17.02127659574468,85.44680851063829,-205200.0,111,84.96396396396396
0.27,0.2,5.5,141,4.3120567375886525,5.215943945880994,14.893617021276595,78.58581560283687,-301940.0,111,75.5963963963964
0.27,0.2,6.0,141,3.858156028368794,5.658224020486147,13.47517730496454,76.42411347517731,-332420.0,111,74.91801801801802
0.27,0.2,6.5,141,3.50354609929078,6.008057488091074,13.47517730496454,79.81631205673759,-284590.0,111,78.73783783783784
0.27,0.2,7.0,141,3.269503546099291,6.3689315620884885,13.47517730496454,84.71205673758865,-215560.0,111,84.63063063063063
0.27,0.2,7.5,141,3.0921985815602837,6.6279500674154335,13.47517730496454,87.44397163120567,-177040.0,111,87.09009009009009
0.27,0.2,8.0,141,2.9574468085106385,6.845162613306033,13.47517730496454,91.84042553191489,-115050.0,111,91.53333333333333
0.27,0.2,8.5,141,2.8085106382978724,7.187542055359946,12.76595744680851,86.92553191489361,-184350.0,111,85.29009009009009
0.27,0.2,9.0,141,2.6595744680851063,7.6024020691298695,12.76595744680851,91.1581560283688,-124670.0,111,90.66666666666667
0.27,0.2,9.5,141,2.574468085106383,7.734312044810077,12.76595744680851,96.80709219858156,-45020.0,111,95.48378378378378
0.27,0.2,10.0,141,2.5106382978723403,7.994332099284465,12.76595744680851,103.81914893617021,53850.0,111,96.92792792792793
0.27,0.21,5.0,141,4.794326241134752,4.860041936765659,17.02127659574468,85.44680851063829,-205200.0,111,84.96396396396396
0.27,0.21,5.5,141,4.3120567375886525,5.215943945880994,14.893617021276595,78.58581560283687,-301940.0,111,75.5963963963964
0.27,0.21,6.0,141,3.858156028368794,5.658224020486147,13.47517730496454,76.42411347517731,-332420.0,111,74.91801801801802
0.27,0.21,6.5,141,3.50354609929078,6.008057488091074,13.47517730496454,79.81631205673759,-284590.0,111,78.73783783783784
0.27,0.21,7.0,141,3.269503546099291,6.3689315620884885,13.47517730496454,84.71205673758865,-215560.0,111,84.63063063063063
0.27,0.21,7.5,141,3.0921985815602837,6.6279500674154335,13.47517730496454,87.44397163120567,-177040.0,111,87.09009009009009
0.27,0.21,8.0,141,2.9574468085106385,6.845162613306033,13.47517730496454,91.84042553191489,-115050.0,111,91.53333333333333
0.27,0.21,8.5,141,2.8085106382978724,7.187542055359946,12.76595744680851,86.92553191489361,-184350.0,111,85.29009009009009
0.27,0.21,9.0,141,2.6595744680851063,7.6024020691298695,12.76595744680851,91.1581560283688,-124670.0,111,90.66666666666667
0.27,0.21,9.5,141,2.574468085106383,7.734312044810077,12.76595744680851,96.80709219858156,-45020.0,111,95.48378378378378
0.27,0.21,10.0,141,2.5106382978723403,7.994332099284465,12.76595744680851,103.81914893617021,53850.0,111,96.92792792792793
0.27,0.22,5.0,141,4.794326241134752,4.860041936765659,17.02127659574468,85.44680851063829,-205200.0,111,84.96396396396396
0.27,0.22,5.5,141,4.3120567375886525,5.215943945880994,14.893617021276595,78.58581560283687,-301940.0,111,75.5963963963964
0.27,0.22,6.0,141,3.858156028368794,5.658224020486147,13.47517730496454,76.42411347517731,-332420.0,111,74.91801801801802
0.27,0.22,6.5,141,3.50354609929078,6.008057488091074,13.47517730496454,79.81631205673759,-284590.0,111,78.73783783783784
0.27,0.22,7.0,141,3.269503546099291,6.3689315620884885,13.47517730496454,84.71205673758865,-215560.0,111,84.63063063063063
0.27,0.22,7.5,141,3.0921985815602837,6.6279500674154335,13.47517730496454,87.44397163120567,-177040.0,111,87.09009009009009
0.27,0.22,8.0,141,2.9574468085106385,6.845162613306033,13.47517730496454,91.84042553191489,-115050.0,111,91.53333333333333
0.27,0.22,8.5,141,2.8085106382978724,7.187542055359946,12.76595744680851,86.92553191489361,-184350.0,111,85.29009009009009
0.27,0.22,9.0,141,2.6595744680851063,7.6024020691298695,12.76595744680851,91.1581560283688,-124670.0,111,90.66666666666667
0.27,0.22,9.5,141,2.574468085106383,7.734312044810077,12.76595744680851,96.80709219858156,-45020.0,111,95.48378378378378
0.27,0.22,10.0,141,2.5106382978723403,7.994332099284465,12.76595744680851,103.81914893617021,53850.0,111,96.92792792792793
0.27,0.23,5.0,141,4.794326241134752,4.860041936765659,17.02127659574468,85.44680851063829,-205200.0,111,84.96396396396396
0.27,0.23,5.5,141,4.3120567375886525,5.215943945880994,14.893617021276595,78.58581560283687,-301940.0,111,75.5963963963964
0.27,0.23,6.0,141,3.858156028368794,5.658224020486147,13.47517730496454,76.42411347517731,-332420.0,111,74.91801801801802
0.27,0.23,6.5,141,3.50354609929078,6.008057488091074,13.47517730496454,79.81631205673759,-284590.0,111,78.73783783783784
0.27,0.23,7.0,141,3.269503546099291,6.3689315620884885,13.47517730496454,84.71205673758865,-215560.0,111,84.63063063063063
0.27,0.23,7.5,141,3.0921985815602837,6.6279500674154335,13.47517730496454,87.44397163120567,-177040.0,111,87.09009009009009
0.27,0.23,8.0,141,2.9574468085106385,6.845162613306033,13.47517730496454,91.84042553191489,-115050.0,111,91.53333333333333
0.27,0.23,8.5,141,2.8085106382978724,7.187542055359946,12.76595744680851,86.92553191489361,-184350.0,111,85.29009009009009
0.27,0.23,9.0,141,2.6595744680851063,7.6024020691298695,12.76595744680851,91.1581560283688,-124670.0,111,90.66666666666667
0.27,0.23,9.5,141,2.574468085106383,7.734312044810077,12.76595744680851,96.80709219858156,-45020.0,111,95.48378378378378
0.27,0.23,10.0,141,2.5106382978723403,7.994332099284465,12.76595744680851,103.81914893617021,53850.0,111,96.92792792792793
0.27,0.24,5.0,138,4.753623188405797,4.852342575645867,17.391304347826086,87.30434782608695,-175200.0,110,85.73636363636363
0.27,0.24,5.5,138,4.27536231884058,5.20942082356608,15.217391304347828,80.29420289855072,-271940.0,110,76.28363636363636
0.27,0.24,6.0,138,3.818840579710145,5.659819812767062,13.768115942028986,78.0855072463768,-302420.0,110,75.5990909090909
0.27,0.24,6.5,138,3.463768115942029,6.0075413662439425,13.768115942028986,81.55144927536232,-254590.0,110,79.45363636363636
0.27,0.24,7.0,138,3.239130434782609,6.350497226834841,13.768115942028986,86.5536231884058,-185560.0,110,85.4
0.27,0.24,7.5,138,3.0652173913043477,6.604389419254184,13.768115942028986,89.34492753623188,-147040.0,110,87.88181818181818
0.27,0.24,8.0,138,2.927536231884058,6.82632397701197,13.768115942028986,93.83695652173913,-85050.0,110,92.36545454545454
0.27,0.24,8.5,138,2.782608695652174,7.172770050835813,13.043478260869565,88.81521739130434,-154350.0,110,86.06545454545454
0.27,0.24,9.0,138,2.6449275362318843,7.577993671361449,13.043478260869565,93.13985507246377,-94670.0,110,91.49090909090908
0.27,0.24,9.5,138,2.5579710144927534,7.712771255208617,13.043478260869565,98.91159420289856,-15020.0,110,96.35181818181819
0.27,0.24,10.0,138,2.5,7.97441808126926,13.043478260869565,106.07608695652173,83850.0,110,97.80909090909091
0.27,0.25,5.0,135,4.666666666666667,4.844793274083828,17.77777777777778,89.24444444444444,-145200.0,107,88.14018691588785
0.27,0.25,5.5,135,4.185185185185185,5.206023739719877,15.555555555555555,82.07851851851852,-241940.0,107,78.42242990654205
0.27,0.25,6.0,135,3.762962962962963,5.663144769617167,14.074074074074074,79.82074074074075,-272420.0,107,77.71869158878505
0.27,0.25,6.5,135,3.4296296296296296,6.0144964363668,14.074074074074074,83.3637037037037,-224590.0,107,81.68130841121496
0.27,0.25,7.0,135,3.214814814814815,6.359853129566384,14.074074074074074,88.47703703703704,-155560.0,107,87.79439252336448
0.27,0.25,7.5,135,3.037037037037037,6.619387370706156,14.074074074074074,91.33037037037037,-117040.0,107,90.34579439252336
0.27,0.25,8.0,135,2.903703703703704,6.8393067306400095,14.074074074074074,95.92222222222222,-55050.0,107,94.95514018691588
0.27,0.25,8.5,135,2.7555555555555555,7.193451606104381,13.333333333333334,90.78888888888889,-124350.0,107,88.4785046728972
0.27,0.25,9.0,135,2.6222222222222222,7.60046104041856,13.333333333333334,95.20962962962963,-64670.0,107,94.05607476635514
0.27,0.25,9.5,135,2.5407407407407407,7.733513305664735,13.333333333333334,101.10962962962962,14980.0,107,99.05327102803739
0.27,0.25,10.0,135,2.4814814814814814,8.000974505637837,13.333333333333334,108.43333333333334,113850.0,107,100.55140186915888
0.27,0.26,5.0,131,4.648854961832061,4.839406084521083,16.793893129770993,83.91145038167939,-210760.0,103,81.31456310679611
0.27,0.26,5.5,131,4.1679389312977095,5.199277903255335,14.50381679389313,76.52671755725191,-307500.0,103,71.21941747572815
0.27,0.26,6.0,131,3.7480916030534353,5.657649667685975,12.977099236641221,73.18320610687023,-351300.0,103,69.19514563106796
0.27,0.26,6.5,131,3.4122137404580153,6.014942608799106,12.977099236641221,76.83435114503817,-303470.0,103,73.3116504854369
0.27,0.26,7.0,131,3.198473282442748,6.355723976821302,12.977099236641221,81.02137404580152,-248620.0,103,78.28543689320388
0.27,0.26,7.5,131,3.015267175572519,6.6231829276142,12.977099236641221,83.9618320610687,-210100.0,103,80.93592233009709
0.27,0.26,8.0,131,2.8931297709923665,6.8277503527794785,12.977099236641221,87.61145038167939,-162290.0,103,84.34757281553398
0.27,0.26,8.5,131,2.7404580152671754,7.192708812227495,12.213740458015266,82.32137404580153,-231590.0,103,77.61941747572816
0.27,0.26,9.0,131,2.6030534351145036,7.612146015528365,12.213740458015266,86.87709923664121,-171910.0,103,83.41359223300971
0.27,0.26,9.5,131,2.5267175572519083,7.733537279683996,12.213740458015266,91.33358778625954,-113530.0,103,86.53980582524272
0.27,0.26,10.0,131,2.4732824427480917,7.9882357839052895,12.213740458015266,98.88091603053435,-14660.0,103,88.09611650485436
0.27,0.27,5.0,120,4.608333333333333,4.83065057012575,15.0,74.30166666666666,-308380.0,94,72.41276595744681
0.27,0.27,5.5,120,4.15,5.196342857381366,12.5,65.70333333333333,-411560.0,94,60.66595744680851
0.27,0.27,6.0,120,3.7583333333333333,5.644209337075865,12.5,70.465,-354420.0,94,63.78617021276596
0.27,0.27,6.5,120,3.433333333333333,5.984511698571988,12.5,72.87,-325560.0,94,66.27872340425532
0.27,0.27,7.0,120,3.216666666666667,6.335350950397986,12.5,76.50166666666667,-281980.0,94,70.52978723404256
0.27,0.27,7.5,120,3.025,6.609772811616381,12.5,79.71166666666667,-243460.0,94,73.43404255319149
0.27,0.27,8.0,120,2.908333333333333,6.8043690563077055,12.5,83.69583333333334,-195650.0,94,77.17234042553191
0.27,0.27,8.5,120,2.7666666666666666,7.141056493902597,12.5,83.69583333333334,-195650.0,94,77.17234042553191
0.27,0.27,9.0,120,2.625,7.5906045112557,12.5,88.66916666666667,-135970.0,94,83.52127659574468
0.27,0.27,9.5,120,2.55,7.696464469326406,12.5,90.85083333333333,-109790.0,94,83.52127659574468
0.27,0.27,10.0,120,2.4916666666666667,7.974510336434652,12.5,99.09,-10920.0,94,85.22659574468085
0.27,0.28,5.0,111,4.531531531531532,4.820237642883803,16.216216216216218,80.32612612612613,-218380.0,86,79.14883720930233
0.27,0.28,5.5,111,4.09009009009009,5.183530755459683,13.513513513513514,71.03063063063063,-321560.0,86,66.3093023255814
0.27,0.28,6.0,111,3.7027027027027026,5.628878417068572,13.513513513513514,76.17837837837838,-264420.0,86,69.71976744186047
0.27,0.28,6.5,111,3.3783783783783785,5.971576685344392,13.513513513513514,78.77837837837838,-235560.0,86,72.44418604651163
0.27,0.28,7.0,111,3.171171171171171,6.28405653470871,13.513513513513514,82.7045045045045,-191980.0,86,77.0906976744186
0.27,0.28,7.5,111,2.981981981981982,6.562075764806242,13.513513513513514,86.17477477477478,-153460.0,86,80.26511627906977
0.27,0.28,8.0,111,2.855855855855856,6.772450083391459,13.513513513513514,90.48198198198199,-105650.0,86,84.35116279069767
0.27,0.28,8.5,111,2.72972972972973,7.09017763069069,13.513513513513514,90.48198198198199,-105650.0,86,84.35116279069767
0.27,0.28,9.0,111,2.5855855855855854,7.536934321747452,13.513513513513514,95.85855855855856,-45970.0,86,91.29069767441861
0.27,0.28,9.5,111,2.5135135135135136,7.630270055994814,13.513513513513514,98.21711711711711,-19790.0,86,91.29069767441861
0.27,0.28,10.0,111,2.4504504504504503,7.930860182598323,13.513513513513514,107.12432432432432,79080.0,86,93.1546511627907
0.27,0.29,5.0,102,4.5,4.8074232698043895,16.666666666666664,82.67549019607843,-176710.0,78,81.07051282051282
0.27,0.29,5.5,102,4.049019607843137,5.185058335066905,14.705882352941178,77.29803921568627,-231560.0,78,73.11025641025641
0.27,0.29,6.0,102,3.676470588235294,5.628942624880885,14.705882352941178,82.9,-174420.0,78,76.87051282051281
0.27,0.29,6.5,102,3.343137254901961,5.996303997281878,14.705882352941178,85.72941176470589,-145560.0,78,79.87435897435897
0.27,0.29,7.0,102,3.1372549019607843,6.285167750335595,14.705882352941178,90.00196078431372,-101980.0,78,84.99743589743589
0.27,0.29,7.5,102,2.950980392156863,6.533436740466552,14.705882352941178,93.77843137254902,-63460.0,78,88.49743589743589
0.27,0.29,8.0,102,2.8333333333333335,6.7009235324277325,14.705882352941178,98.4656862745098,-15650.0,78,93.00256410256411
0.27,0.29,8.5,102,2.7058823529411766,6.999654208767718,14.705882352941178,98.4656862745098,-15650.0,78,93.00256410256411
0.27,0.29,9.0,102,2.5588235294117645,7.444482870654523,14.705882352941178,104.31666666666666,44030.0,78,100.65384615384616
0.27,0.29,9.5,102,2.4901960784313726,7.519041263374396,14.705882352941178,106.88333333333334,70210.0,78,100.65384615384616
0.27,0.29,10.0,102,2.4313725490196076,7.802490935423242,14.705882352941178,116.5764705882353,169080.0,78,102.70897435897436
0.27,0.3,5.0,95,4.347368421052631,4.801056209496392,16.842105263157894,83.00736842105263,-161430.0,72,80.22638888888889
0.27,0.3,5.5,95,3.905263157894737,5.20126300843631,14.736842105263156,77.23368421052632,-216280.0,72,71.60277777777777
0.27,0.3,6.0,95,3.5789473684210527,5.636991141805252,14.736842105263156,83.24842105263158,-159140.0,72,75.6763888888889
0.27,0.3,6.5,95,3.2736842105263158,5.996582044910188,14.736842105263156,86.28631578947369,-130280.0,72,78.93055555555556
0.27,0.3,7.0,95,3.0842105263157893,6.256572775192785,14.736842105263156,87.84210526315789,-115500.0,72,80.48055555555555
0.27,0.3,7.5,95,2.9157894736842107,6.496378070594202,14.736842105263156,91.89684210526316,-76980.0,72,84.27222222222223
0.27,0.3,8.0,95,2.789473684210526,6.676205994594628,14.736842105263156,96.92947368421052,-29170.0,72,89.15277777777777
0.27,0.3,8.5,95,2.663157894736842,6.980293798424545,14.736842105263156,96.92947368421052,-29170.0,72,89.15277777777777
0.27,0.3,9.0,95,2.526315789473684,7.419645957554167,14.736842105263156,103.21157894736842,30510.0,72,97.44166666666666
0.27,0.3,9.5,95,2.463157894736842,7.49044160636725,14.736842105263156,105.96736842105263,56690.0,72,97.44166666666666
0.27,0.3,10.0,95,2.4,7.794777043724958,14.736842105263156,116.37473684210526,155560.0,72,99.66805555555555
0.27,0.31,5.0,89,4.0,4.792649800448065,16.853932584269664,83.05842696629213,-150780.0,68,77.68823529411765
0.27,0.31,5.5,89,3.5842696629213484,5.201385258024934,14.606741573033707,76.89550561797753,-205630.0,68,68.55735294117648
0.27,0.31,6.0,89,3.303370786516854,5.61281440854061,14.606741573033707,81.83707865168539,-161650.0,68,70.93529411764706
0.27,0.31,6.5,89,3.056179775280899,5.943436106166613,14.606741573033707,85.07977528089887,-132790.0,68,74.38088235294117
0.27,0.31,7.0,89,2.8876404494382024,6.209739567120839,14.606741573033707,86.00112359550562,-124590.0,68,75.05441176470588
0.27,0.31,7.5,89,2.752808988764045,6.432281220985254,14.606741573033707,89.22022471910113,-95940.0,68,77.61764705882354
0.27,0.31,8.0,89,2.640449438202247,6.587853812303125,14.606741573033707,94.59213483146067,-48130.0,68,82.78529411764706
0.27,0.31,8.5,89,2.5280898876404496,6.894179403849481,14.606741573033707,94.59213483146067,-48130.0,68,82.78529411764706
0.27,0.31,9.0,89,2.393258426966292,7.346418786569524,14.606741573033707,99.4494382022472,-4900.0,68,89.14264705882353
0.27,0.31,9.5,89,2.337078651685393,7.41507089967468,14.606741573033707,102.39101123595506,21280.0,68,89.14264705882353
0.27,0.31,10.0,89,2.2808988764044944,7.702797331926453,14.606741573033707,113.5,120150.0,68,91.5
0.27,0.32,5.0,81,4.074074074074074,4.776379269243463,18.51851851851852,91.26172839506172,-70780.0,60,88.04666666666667
0.27,0.32,5.5,81,3.6419753086419755,5.1971024770971646,16.049382716049383,84.49012345679013,-125630.0,60,77.69833333333334
0.27,0.32,6.0,81,3.3580246913580245,5.630341016707835,16.049382716049383,89.91975308641975,-81650.0,60,80.39333333333333
0.27,0.32,6.5,81,3.111111111111111,5.946161183211812,16.049382716049383,93.48271604938272,-52790.0,60,84.29833333333333
0.27,0.32,7.0,81,2.9382716049382718,6.199491224965656,16.049382716049383,94.49506172839506,-44590.0,60,85.06166666666667
0.27,0.32,7.5,81,2.7901234567901234,6.444012301433964,16.049382716049383,98.0320987654321,-15940.0,60,87.96666666666667
0.27,0.32,8.0,81,2.6666666666666665,6.614950086956068,16.049382716049383,103.93456790123457,31870.0,60,93.82333333333334
0.27,0.32,8.5,81,2.5555555555555554,6.9129042746961,16.049382716049383,103.93456790123457,31870.0,60,93.82333333333334
0.27,0.32,9.0,81,2.419753086419753,7.337533405066058,16.049382716049383,109.27160493827161,75100.0,60,101.02833333333334
0.27,0.32,9.5,81,2.3580246913580245,7.412965973786535,16.049382716049383,112.5037037037037,101280.0,60,101.02833333333334
0.27,0.32,10.0,81,2.308641975308642,7.631050394409869,16.049382716049383,124.70987654320987,200150.0,60,103.7
0.28,0.15,5.0,127,4.606299212598425,4.844296041244643,18.11023622047244,90.81023622047245,-116710.0,99,90.05959595959595
0.28,0.15,5.5,127,4.133858267716535,5.188001879878388,15.748031496062993,82.71574803149606,-219510.0,99,78.94444444444444
0.28,0.15,6.0,127,3.7007874015748032,5.643869555206619,14.173228346456693,80.31574803149606,-249990.0,99,78.18383838383838
0.28,0.15,6.5,127,3.37007874015748,5.984387446489243,14.173228346456693,83.36614173228347,-211250.0,99,81.54848484848485
0.28,0.15,7.0,127,3.141732283464567,6.357963824250685,14.173228346456693,88.8015748031496,-142220.0,99,88.15555555555555
0.28,0.15,7.5,127,2.9921259842519685,6.579916742154878,14.173228346456693,91.83464566929133,-103700.0,99,90.91313131313132
0.28,0.15,8.0,127,2.8661417322834644,6.7821940776394305,14.173228346456693,96.71574803149606,-41710.0,99,95.8949494949495
0.28,0.15,8.5,127,2.716535433070866,7.144831422330107,13.385826771653544,91.25905511811024,-111010.0,99,88.8949494949495
0.28,0.15,9.0,127,2.574803149606299,7.525765091233217,13.385826771653544,93.09527559055118,-87690.0,99,91.25050505050505
0.28,0.15,9.5,127,2.4960629921259843,7.645674127107194,13.385826771653544,99.36692913385826,-8040.0,99,96.65151515151516
0.28,0.15,10.0,127,2.440944881889764,7.886751730720858,13.385826771653544,107.15196850393701,90830.0,99,98.27070707070708
0.28,0.16,5.0,127,4.606299212598425,4.844296041244643,18.11023622047244,90.81023622047245,-116710.0,99,90.05959595959595
0.28,0.16,5.5,127,4.133858267716535,5.188001879878388,15.748031496062993,82.71574803149606,-219510.0,99,78.94444444444444
0.28,0.16,6.0,127,3.7007874015748032,5.643869555206619,14.173228346456693,80.31574803149606,-249990.0,99,78.18383838383838
0.28,0.16,6.5,127,3.37007874015748,5.984387446489243,14.173228346456693,83.36614173228347,-211250.0,99,81.54848484848485
0.28,0.16,7.0,127,3.141732283464567,6.357963824250685,14.173228346456693,88.8015748031496,-142220.0,99,88.15555555555555
0.28,0.16,7.5,127,2.9921259842519685,6.579916742154878,14.173228346456693,91.83464566929133,-103700.0,99,90.91313131313132
0.28,0.16,8.0,127,2.8661417322834644,6.7821940776394305,14.173228346456693,96.71574803149606,-41710.0,99,95.8949494949495
0.28,0.16,8.5,127,2.716535433070866,7.144831422330107,13.385826771653544,91.25905511811024,-111010.0,99,88.8949494949495
0.28,0.16,9.0,127,2.574803149606299,7.525765091233217,13.385826771653544,93.09527559055118,-87690.0,99,91.25050505050505
0.28,0.16,9.5,127,2.4960629921259843,7.645674127107194,13.385826771653544,99.36692913385826,-8040.0,99,96.65151515151516
0.28,0.16,10.0,127,2.440944881889764,7.886751730720858,13.385826771653544,107.15196850393701,90830.0,99,98.27070707070708
0.28,0.17,5.0,127,4.606299212598425,4.844296041244643,18.11023622047244,90.81023622047245,-116710.0,99,90.05959595959595
0.28,0.17,5.5,127,4.133858267716535,5.188001879878388,15.748031496062993,82.71574803149606,-219510.0,99,78.94444444444444
0.28,0.17,6.0,127,3.7007874015748032,5.643869555206619,14.173228346456693,80.31574803149606,-249990.0,99,78.18383838383838
0.28,0.17,6.5,127,3.37007874015748,5.984387446489243,14.173228346456693,83.36614173228347,-211250.0,99,81.54848484848485
0.28,0.17,7.0,127,3.141732283464567,6.357963824250685,14.173228346456693,88.8015748031496,-142220.0,99,88.15555555555555
0.28,0.17,7.5,127,2.9921259842519685,6.579916742154878,14.173228346456693,91.83464566929133,-103700.0,99,90.91313131313132
0.28,0.17,8.0,127,2.8661417322834644,6.7821940776394305,14.173228346456693,96.71574803149606,-41710.0,99,95.8949494949495
0.28,0.17,8.5,127,2.716535433070866,7.144831422330107,13.385826771653544,91.25905511811024,-111010.0,99,88.8949494949495
0.28,0.17,9.0,127,2.574803149606299,7.525765091233217,13.385826771653544,93.09527559055118,-87690.0,99,91.25050505050505
0.28,0.17,9.5,127,2.4960629921259843,7.645674127107194,13.385826771653544,99.36692913385826,-8040.0,99,96.65151515151516
0.28,0.17,10.0,127,2.440944881889764,7.886751730720858,13.385826771653544,107.15196850393701,90830.0,99,98.27070707070708
0.28,0.18,5.0,127,4.606299212598425,4.844296041244643,18.11023622047244,90.81023622047245,-116710.0,99,90.05959595959595
0.28,0.18,5.5,127,4.133858267716535,5.188001879878388,15.748031496062993,82.71574803149606,-219510.0,99,78.94444444444444
0.28,0.18,6.0,127,3.7007874015748032,5.643869555206619,14.173228346456693,80.31574803149606,-249990.0,99,78.18383838383838
0.28,0.18,6.5,127,3.37007874015748,5.984387446489243,14.173228346456693,83.36614173228347,-211250.0,99,81.54848484848485
0.28,0.18,7.0,127,3.141732283464567,6.357963824250685,14.173228346456693,88.8015748031496,-142220.0,99,88.15555555555555
0.28,0.18,7.5,127,2.9921259842519685,6.579916742154878,14.173228346456693,91.83464566929133,-103700.0,99,90.91313131313132
0.28,0.18,8.0,127,2.8661417322834644,6.7821940776394305,14.173228346456693,96.71574803149606,-41710.0,99,95.8949494949495
0.28,0.18,8.5,127,2.716535433070866,7.144831422330107,13.385826771653544,91.25905511811024,-111010.0,99,88.8949494949495
0.28,0.18,9.0,127,2.574803149606299,7.525765091233217,13.385826771653544,93.09527559055118,-87690.0,99,91.25050505050505
0.28,0.18,9.5,127,2.4960629921259843,7.645674127107194,13.385826771653544,99.36692913385826,-8040.0,99,96.65151515151516
0.28,0.18,10.0,127,2.440944881889764,7.886751730720858,13.385826771653544,107.15196850393701,90830.0,99,98.27070707070708
0.28,0.19,5.0,127,4.606299212598425,4.844296041244643,18.11023622047244,90.81023622047245,-116710.0,99,90.05959595959595
0.28,0.19,5.5,127,4.133858267716535,5.188001879878388,15.748031496062993,82.71574803149606,-219510.0,99,78.94444444444444
0.28,0.19,6.0,127,3.7007874015748032,5.643869555206619,14.173228346456693,80.31574803149606,-249990.0,99,78.18383838383838
0.28,0.19,6.5,127,3.37007874015748,5.984387446489243,14.173228346456693,83.36614173228347,-211250.0,99,81.54848484848485
0.28,0.19,7.0,127,3.141732283464567,6.357963824250685,14.173228346456693,88.8015748031496,-142220.0,99,88.15555555555555
0.28,0.19,7.5,127,2.9921259842519685,6.579916742154878,14.173228346456693,91.83464566929133,-103700.0,99,90.91313131313132
0.28,0.19,8.0,127,2.8661417322834644,6.7821940776394305,14.173228346456693,96.71574803149606,-41710.0,99,95.8949494949495
0.28,0.19,8.5,127,2.716535433070866,7.144831422330107,13.385826771653544,91.25905511811024,-111010.0,99,88.8949494949495
0.28,0.19,9.0,127,2.574803149606299,7.525765091233217,13.385826771653544,93.09527559055118,-87690.0,99,91.25050505050505
0.28,0.19,9.5,127,2.4960629921259843,7.645674127107194,13.385826771653544,99.36692913385826,-8040.0,99,96.65151515151516
0.28,0.19,10.0,127,2.440944881889764,7.886751730720858,13.385826771653544,107.15196850393701,90830.0,99,98.27070707070708
0.28,0.2,5.0,127,4.606299212598425,4.844296041244643,18.11023622047244,90.81023622047245,-116710.0,99,90.05959595959595
0.28,0.2,5.5,127,4.133858267716535,5.188001879878388,15.748031496062993,82.71574803149606,-219510.0,99,78.94444444444444
0.28,0.2,6.0,127,3.7007874015748032,5.643869555206619,14.173228346456693,80.31574803149606,-249990.0,99,78.18383838383838
0.28,0.2,6.5,127,3.37007874015748,5.984387446489243,14.173228346456693,83.36614173228347,-211250.0,99,81.54848484848485
0.28,0.2,7.0,127,3.141732283464567,6.357963824250685,14.173228346456693,88.8015748031496,-142220.0,99,88.15555555555555
0.28,0.2,7.5,127,2.9921259842519685,6.579916742154878,14.173228346456693,91.83464566929133,-103700.0,99,90.91313131313132
0.28,0.2,8.0,127,2.8661417322834644,6.7821940776394305,14.173228346456693,96.71574803149606,-41710.0,99,95.8949494949495
0.28,0.2,8.5,127,2.716535433070866,7.144831422330107,13.385826771653544,91.25905511811024,-111010.0,99,88.8949494949495
0.28,0.2,9.0,127,2.574803149606299,7.525765091233217,13.385826771653544,93.09527559055118,-87690.0,99,91.25050505050505
0.28,0.2,9.5,127,2.4960629921259843,7.645674127107194,13.385826771653544,99.36692913385826,-8040.0,99,96.65151515151516
0.28,0.2,10.0,127,2.440944881889764,7.886751730720858,13.385826771653544,107.15196850393701,90830.0,99,98.27070707070708
0.28,0.21,5.0,127,4.606299212598425,4.844296041244643,18.11023622047244,90.81023622047245,-116710.0,99,90.05959595959595
0.28,0.21,5.5,127,4.133858267716535,5.188001879878388,15.748031496062993,82.71574803149606,-219510.0,99,78.94444444444444
0.28,0.21,6.0,127,3.7007874015748032,5.643869555206619,14.173228346456693,80.31574803149606,-249990.0,99,78.18383838383838
0.28,0.21,6.5,127,3.37007874015748,5.984387446489243,14.173228346456693,83.36614173228347,-211250.0,99,81.54848484848485
0.28,0.21,7.0,127,3.141732283464567,6.357963824250685,14.173228346456693,88.8015748031496,-142220.0,99,88.15555555555555
0.28,0.21,7.5,127,2.9921259842519685,6.579916742154878,14.173228346456693,91.83464566929133,-103700.0,99,90.91313131313132
0.28,0.21,8.0,127,2.8661417322834644,6.7821940776394305,14.173228346456693,96.71574803149606,-41710.0,99,95.8949494949495
0.28,0.21,8.5,127,2.716535433070866,7.144831422330107,13.385826771653544,91.25905511811024,-111010.0,99,88.8949494949495
0.28,0.21,9.0,127,2.574803149606299,7.525765091233217,13.385826771653544,93.09527559055118,-87690.0,99,91.25050505050505
0.28,0.21,9.5,127,2.4960629921259843,7.645674127107194,13.385826771653544,99.36692913385826,-8040.0,99,96.65151515151516
0.28,0.21,10.0,127,2.440944881889764,7.886751730720858,13.385826771653544,107.15196850393701,90830.0,99,98.27070707070708
0.28,0.22,5.0,127,4.606299212598425,4.844296041244643,18.11023622047244,90.81023622047245,-116710.0,99,90.05959595959595
0.28,0.22,5.5,127,4.133858267716535,5.188001879878388,15.748031496062993,82.71574803149606,-219510.0,99,78.94444444444444
0.28,0.22,6.0,127,3.7007874015748032,5.643869555206619,14.173228346456693,80.31574803149606,-249990.0,99,78.18383838383838
0.28,0.22,6.5,127,3.37007874015748,5.984387446489243,14.173228346456693,83.36614173228347,-211250.0,99,81.54848484848485
0.28,0.22,7.0,127,3.141732283464567,6.357963824250685,14.173228346456693,88.8015748031496,-142220.0,99,88.15555555555555
0.28,0.22,7.5,127,2.9921259842519685,6.579916742154878,14.173228346456693,91.83464566929133,-103700.0,99,90.91313131313132
0.28,0.22,8.0,127,2.8661417322834644,6.7821940776394305,14.173228346456693,96.71574803149606,-41710.0,99,95.8949494949495
0.28,0.22,8.5,127,2.716535433070866,7.144831422330107,13.385826771653544,91.25905511811024,-111010.0,99,88.8949494949495
0.28,0.22,9.0,127,2.574803149606299,7.525765091233217,13.385826771653544,93.09527559055118,-87690.0,99,91.25050505050505
0.28,0.22,9.5,127,2.4960629921259843,7.645674127107194,13.385826771653544,99.36692913385826,-8040.0,99,96.65151515151516
0.28,0.22,10.0,127,2.440944881889764,7.886751730720858,13.385826771653544,107.15196850393701,90830.0,99,98.27070707070708
0.28,0.23,5.0,127,4.606299212598425,4.844296041244643,18.11023622047244,90.81023622047245,-116710.0,99,90.05959595959595
0.28,0.23,5.5,127,4.133858267716535,5.188001879878388,15.748031496062993,82.71574803149606,-219510.0,99,78.94444444444444
0.28,0.23,6.0,127,3.7007874015748032,5.643869555206619,14.173228346456693,80.31574803149606,-249990.0,99,78.18383838383838
0.28,0.23,6.5,127,3.37007874015748,5.984387446489243,14.173228346456693,83.36614173228347,-211250.0,99,81.54848484848485
0.28,0.23,7.0,127,3.141732283464567,6.357963824250685,14.173228346456693,88.8015748031496,-142220.0,99,88.15555555555555
0.28,0.23,7.5,127,2.9921259842519685,6.579916742154878,14.173228346456693,91.83464566929133,-103700.0,99,90.91313131313132
0.28,0.23,8.0,127,2.8661417322834644,6.7821940776394305,14.173228346456693,96.71574803149606,-41710.0,99,95.8949494949495
0.28,0.23,8.5,127,2.716535433070866,7.144831422330107,13.385826771653544,91.25905511811024,-111010.0,99,88.8949494949495
0.28,0.23,9.0,127,2.574803149606299,7.525765091233217,13.385826771653544,93.09527559055118,-87690.0,99,91.25050505050505
0.28,0.23,9.5,127,2.4960629921259843,7.645674127107194,13.385826771653544,99.36692913385826,-8040.0,99,96.65151515151516
0.28,0.23,10.0,127,2.440944881889764,7.886751730720858,13.385826771653544,107.15196850393701,90830.0,99,98.27070707070708
0.28,0.24,5.0,126,4.563492063492063,4.841392557271407,18.253968253968253,91.53095238095239,-106710.0,99,90.05959595959595
0.28,0.24,5.5,126,4.095238095238095,5.186474562365092,15.873015873015872,83.37222222222222,-209510.0,99,78.94444444444444
0.28,0.24,6.0,126,3.6587301587301586,5.645960235116562,14.285714285714285,80.9531746031746,-239990.0,99,78.18383838383838
0.28,0.24,6.5,126,3.3253968253968256,5.989180649345874,14.285714285714285,84.02777777777777,-201250.0,99,81.54848484848485
0.28,0.24,7.0,126,3.1031746031746033,6.346283340575756,14.285714285714285,89.50634920634921,-132220.0,99,88.15555555555555
0.28,0.24,7.5,126,2.9523809523809526,6.569997789574425,14.285714285714285,92.56349206349206,-93700.0,99,90.91313131313132
0.28,0.24,8.0,126,2.8253968253968256,6.773880500737427,14.285714285714285,97.48333333333333,-31710.0,99,95.8949494949495
0.28,0.24,8.5,126,2.6825396825396823,7.135697958148572,13.492063492063492,91.98333333333333,-101010.0,99,88.8949494949495
0.28,0.24,9.0,126,2.5476190476190474,7.509232630507118,13.492063492063492,93.83412698412698,-77690.0,99,91.25050505050505
0.28,0.24,9.5,126,2.4682539682539684,7.6300933253959675,13.492063492063492,100.15555555555555,1960.0,99,96.65151515151516
0.28,0.24,10.0,126,2.4206349206349205,7.868674991859581,13.492063492063492,108.00238095238095,100830.0,99,98.27070707070708
0.28,0.25,5.0,123,4.463414634146342,4.832839664864915,18.69918699186992,93.76341463414634,-76710.0,96,92.87395833333333
0.28,0.25,5.5,123,3.991869918699187,5.182186390797285,16.260162601626014,85.40569105691057,-179510.0,96,81.41145833333333
0.28,0.25,6.0,123,3.5934959349593494,5.649271539521541,14.634146341463413,82.92764227642276,-209990.0,96,80.62708333333333
0.28,0.25,6.5,123,3.2845528455284554,5.996366440531983,14.634146341463413,86.07723577235772,-171250.0,96,84.096875
0.28,0.25,7.0,123,3.073170731707317,6.356449236591861,14.634146341463413,91.68943089430894,-102220.0,96,90.91041666666666
0.28,0.25,7.5,123,2.9186991869918697,6.585620135566108,14.634146341463413,94.82113821138212,-63700.0,96,93.75416666666666
0.28,0.25,8.0,123,2.796747967479675,6.786850755298091,14.634146341463413,99.8609756097561,-1710.0,96,98.89166666666667
0.28,0.25,8.5,123,2.6504065040650406,7.157493028743653,13.821138211382115,94.22682926829269,-71010.0,96,91.67291666666667
0.28,0.25,9.0,123,2.5203252032520327,7.532214839451402,13.821138211382115,96.12276422764228,-47690.0,96,94.10208333333334
0.28,0.25,9.5,123,2.4471544715447155,7.650842455657252,13.821138211382115,102.59837398373983,31960.0,96,99.671875
0.28,0.25,10.0,123,2.3983739837398375,7.895243187156565,13.821138211382115,110.63658536585366,130830.0,96,101.34166666666667
0.28,0.26,5.0,120,4.466666666666667,4.827641293734581,17.5,87.31083333333333,-152270.0,93,84.51935483870967
0.28,0.26,5.5,120,3.9916666666666667,5.177056347614775,15.0,78.74416666666667,-255070.0,93,72.68709677419355
0.28,0.26,6.0,120,3.591666666666667,5.644515792459206,13.333333333333334,75.09416666666667,-298870.0,93,70.44516129032257
0.28,0.26,6.5,120,3.275,6.00028806599491,13.333333333333334,78.3225,-260130.0,93,74.02688172043011
0.28,0.26,7.0,120,3.066666666666667,6.352866312197651,13.333333333333334,82.89333333333333,-205280.0,93,79.53548387096774
0.28,0.26,7.5,120,2.908333333333333,6.587766483646253,13.333333333333334,86.10333333333334,-166760.0,93,82.47096774193548
0.28,0.26,8.0,120,2.7916666666666665,6.787164866398617,13.333333333333334,90.0875,-118950.0,93,86.2494623655914
0.28,0.26,8.5,120,2.6416666666666666,7.167073196680319,12.5,84.3125,-188250.0,93,78.79784946236559
0.28,0.26,9.0,120,2.5083333333333333,7.551163052655761,12.5,86.25583333333333,-164930.0,93,81.30537634408603
0.28,0.26,9.5,120,2.441666666666667,7.655591357568039,12.5,91.12083333333334,-106550.0,93,84.76774193548387
0.28,0.26,10.0,120,2.3916666666666666,7.906102107354834,12.5,99.36,-7680.0,93,86.49139784946236
0.28,0.27,5.0,109,4.4036697247706424,4.816814922853006,15.59633027522936,77.0743119266055,-249890.0,84,74.90119047619048
0.28,0.27,5.5,109,3.9541284403669725,5.171582562138419,12.844036697247708,67.05229357798166,-359130.0,84,61.03452380952381
0.28,0.27,6.0,109,3.5871559633027523,5.628393661260055,12.844036697247708,72.29449541284404,-301990.0,84,64.52619047619048
0.28,0.27,6.5,109,3.2844036697247705,5.965307247663713,12.844036697247708,74.10825688073395,-282220.0,84,66.23333333333333
0.28,0.27,7.0,109,3.073394495412844,6.330148904109044,12.844036697247708,78.10642201834862,-238640.0,84,70.99047619047619
0.28,0.27,7.5,109,2.908256880733945,6.569428916642717,12.844036697247708,81.64036697247707,-200120.0,84,74.24047619047619
0.28,0.27,8.0,109,2.7981651376146788,6.7573282065196985,12.844036697247708,86.02660550458715,-152310.0,84,78.42380952380952
0.28,0.27,8.5,109,2.6605504587155964,7.107621178606864,12.844036697247708,86.02660550458715,-152310.0,84,78.42380952380952
0.28,0.27,9.0,109,2.522935779816514,7.521293391148252,12.844036697247708,88.16605504587156,-128990.0,84,81.2
0.28,0.27,9.5,109,2.458715596330275,7.606911152190185,12.844036697247708,90.56788990825689,-102810.0,84,81.2
0.28,0.27,10.0,109,2.403669724770642,7.88270280333161,12.844036697247708,99.63853211009175,-3940.0,84,83.10833333333333
0.28,0.28,5.0,102,4.313725490196078,4.811463802186066,16.666666666666664,82.36372549019607,-179890.0,78,80.66282051282052
0.28,0.28,5.5,102,3.8823529411764706,5.164245565888145,13.725490196078432,71.65392156862745,-289130.0,78,65.72948717948718
0.28,0.28,6.0,102,3.5294117647058822,5.610147749020548,13.725490196078432,77.25588235294117,-231990.0,78,69.48974358974358
0.28,0.28,6.5,102,3.235294117647059,5.942763487423296,13.725490196078432,79.19411764705882,-212220.0,78,71.32820512820513
0.28,0.28,7.0,102,3.0294117647058822,6.276880339641056,13.725490196078432,83.46666666666667,-168640.0,78,76.45128205128205
0.28,0.28,7.5,102,2.872549019607843,6.512282619648793,13.725490196078432,87.24313725490197,-130120.0,78,79.95128205128205
0.28,0.28,8.0,102,2.7549019607843137,6.713076958831059,13.725490196078432,91.93039215686275,-82310.0,78,84.45641025641025
0.28,0.28,8.5,102,2.627450980392157,7.0486563535242155,13.725490196078432,91.93039215686275,-82310.0,78,84.45641025641025
0.28,0.28,9.0,102,2.4901960784313726,7.448014214229506,13.725490196078432,94.21666666666667,-58990.0,78,87.44615384615385
0.28,0.28,9.5,102,2.4313725490196076,7.516537817038752,13.725490196078432,96.78333333333333,-32810.0,78,87.44615384615385
0.28,0.28,10.0,102,2.372549019607843,7.811256346199687,13.725490196078432,106.47647058823529,66060.0,78,89.50128205128205
0.28,0.29,5.0,96,4.322916666666667,4.803277011309742,16.666666666666664,82.47708333333334,-168220.0,73,79.56712328767124
0.28,0.29,5.5,96,3.8854166666666665,5.167907270763818,14.583333333333334,76.13229166666666,-229130.0,73,70.23150684931507
0.28,0.29,6.0,96,3.53125,5.621204419494304,14.583333333333334,82.084375,-171990.0,73,74.24931506849315
0.28,0.29,6.5,96,3.21875,5.974608641547223,14.583333333333334,84.14375,-152220.0,73,76.21369863013699
0.28,0.29,7.0,96,3.0208333333333335,6.275220708820676,14.583333333333334,88.68333333333334,-108640.0,73,81.68767123287671
0.28,0.29,7.5,96,2.8541666666666665,6.525335631328893,14.583333333333334,92.69583333333334,-70120.0,73,85.42739726027398
0.28,0.29,8.0,96,2.7395833333333335,6.694682054941064,14.583333333333334,97.67604166666666,-22310.0,73,90.24109589041096
0.28,0.29,8.5,96,2.6145833333333335,7.001264028849044,14.583333333333334,97.67604166666666,-22310.0,73,90.24109589041096
0.28,0.29,9.0,96,2.4791666666666665,7.381649785068762,14.583333333333334,100.10520833333334,1010.0,73,93.43561643835616
0.28,0.29,9.5,96,2.4166666666666665,7.454456113053586,14.583333333333334,102.83229166666666,27190.0,73,93.43561643835616
0.28,0.29,10.0,96,2.3645833333333335,7.721202492953668,14.583333333333334,113.13125,126060.0,73,95.63150684931507
0.28,0.3,5.0,90,4.177777777777778,4.800537976549745,16.666666666666664,81.89555555555556,-162940.0,68,77.37058823529412
0.28,0.3,5.5,90,3.7555555555555555,5.183931022662047,14.444444444444443,75.12777777777778,-223850.0,68,67.3485294117647
0.28,0.3,6.0,90,3.4444444444444446,5.6387005037925535,14.444444444444443,81.47666666666667,-166710.0,68,71.66176470588235
0.28,0.3,6.5,90,3.1666666666666665,5.978890294094198,14.444444444444443,83.67333333333333,-146940.0,68,73.77058823529411
0.28,0.3,7.0,90,2.977777777777778,6.250785987237841,14.444444444444443,85.31555555555556,-132160.0,68,75.41176470588235
0.28,0.3,7.5,90,2.8222222222222224,6.495885158337027,14.444444444444443,89.59555555555555,-93640.0,68,79.42647058823529
0.28,0.3,8.0,90,2.7,6.67652134352334,14.444444444444443,94.90777777777778,-45830.0,68,84.59411764705882
0.28,0.3,8.5,90,2.577777777777778,6.9859622532158925,14.444444444444443,94.90777777777778,-45830.0,68,84.59411764705882
0.28,0.3,9.0,90,2.4555555555555557,7.351328522126481,14.444444444444443,97.49888888888889,-22510.0,68,88.02352941176471
0.28,0.3,9.5,90,2.4,7.419217833974912,14.444444444444443,100.40777777777778,3670.0,68,88.02352941176471
0.28,0.3,10.0,90,2.3444444444444446,7.703747305868333,14.444444444444443,111.39333333333333,102540.0,68,90.38088235294117
0.28,0.31,5.0,86,4.0,4.801515328443184,16.27906976744186,79.96627906976744,-172290.0,65,73.34923076923077
0.28,0.31,5.5,86,3.5930232558139537,5.188576501605662,13.953488372093023,72.88372093023256,-233200.0,65,62.864615384615384
0.28,0.31,6.0,86,3.302325581395349,5.614357831790491,13.953488372093023,77.99767441860465,-189220.0,65,65.35230769230769
0.28,0.31,6.5,86,3.058139534883721,5.94651523135484,13.953488372093023,80.29651162790698,-169450.0,65,67.55846153846154
0.28,0.31,7.0,86,2.883720930232558,6.222108347923746,13.953488372093023,81.25,-161250.0,65,68.26307692307692
0.28,0.31,7.5,86,2.744186046511628,6.4524130827369195,13.953488372093023,84.5813953488372,-132600.0,65,70.94461538461539
0.28,0.31,8.0,86,2.627906976744186,6.613412624914716,13.953488372093023,90.1406976744186,-84790.0,65,76.35076923076923
0.28,0.31,8.5,86,2.511627906976744,6.930423992910364,13.953488372093023,90.1406976744186,-84790.0,65,76.35076923076923
0.28,0.31,9.0,86,2.395348837209302,7.295468343453652,13.953488372093023,90.93953488372092,-77920.0,65,77.4076923076923
0.28,0.31,9.5,86,2.3372093023255816,7.366515297713638,13.953488372093023,93.98372093023256,-51740.0,65,77.4076923076923
0.28,0.31,10.0,86,2.2790697674418605,7.664278698532336,13.953488372093023,105.48023255813953,47130.0,65,79.87384615384616
0.28,0.32,5.0,78,4.076923076923077,4.78552829249944,17.94871794871795,88.16794871794872,-92290.0,57,83.6438596491228
0.28,0.32,5.5,78,3.6538461538461537,5.182815279727411,15.384615384615385,80.35897435897436,-153200.0,57,71.68771929824561
0.28,0.32,6.0,78,3.358974358974359,5.632716840092339,15.384615384615385,85.99743589743589,-109220.0,57,74.52456140350877
0.28,0.32,6.5,78,3.1153846153846154,5.949660926767235,15.384615384615385,88.53205128205128,-89450.0,57,77.04035087719298
0.28,0.32,7.0,78,2.9358974358974357,6.212734431665457,15.384615384615385,89.58333333333333,-81250.0,57,77.8438596491228
0.28,0.32,7.5,78,2.782051282051282,6.466660164921007,15.384615384615385,93.25641025641026,-52600.0,57,80.9017543859649
0.28,0.32,8.0,78,2.6538461538461537,6.6441724806555005,15.384615384615385,99.38589743589743,-4790.0,57,87.06666666666666
0.28,0.32,8.5,78,2.5384615384615383,6.953586444847072,15.384615384615385,99.38589743589743,-4790.0,57,87.06666666666666
0.28,0.32,9.0,78,2.423076923076923,7.281015530034321,15.384615384615385,100.26666666666667,2080.0,57,88.2719298245614
0.28,0.32,9.5,78,2.358974358974359,7.359349351397896,15.384615384615385,103.62307692307692,28260.0,57,88.2719298245614
0.28,0.32,10.0,78,2.3076923076923075,7.585821634352897,15.384615384615385,116.29871794871795,127130.0,57,91.08421052631579
0.29,0.15,5.0,112,4.526785714285714,4.838817141615396,18.75,94.15535714285714,-65460.0,85,93.27529411764706
0.29,0.15,5.5,112,4.0625,5.191508415739668,16.071428571428573,84.40178571428571,-174700.0,85,79.57176470588236
0.29,0.15,6.0,112,3.6607142857142856,5.674053616664962,14.285714285714285,80.20357142857142,-221720.0,85,76.74
0.29,0.15,6.5,112,3.357142857142857,6.0214835180454385,14.285714285714285,83.375,-186200.0,85,80.28
0.29,0.15,7.0,112,3.1339285714285716,6.402874552224978,14.285714285714285,88.53214285714286,-128440.0,85,86.64941176470589
0.29,0.15,7.5,112,2.982142857142857,6.628501870485732,14.285714285714285,91.97142857142858,-89920.0,85,89.86117647058823
0.29,0.15,8.0,112,2.8660714285714284,6.801629221731487,14.285714285714285,97.50625,-27930.0,85,95.6635294117647
0.29,0.15,8.5,112,2.705357142857143,7.15864954519778,13.392857142857142,91.31875,-97230.0,85,87.51058823529412
0.29,0.15,9.0,112,2.5714285714285716,7.520695374647888,13.392857142857142,93.40089285714286,-73910.0,85,90.25411764705882
0.29,0.15,9.5,112,2.5,7.622410876053394,13.392857142857142,97.6375,-26460.0,85,92.75647058823529
0.29,0.15,10.0,112,2.4464285714285716,7.86763342167316,13.392857142857142,106.46517857142857,72410.0,85,94.64235294117647
0.29,0.16,5.0,112,4.526785714285714,4.838817141615396,18.75,94.15535714285714,-65460.0,85,93.27529411764706
0.29,0.16,5.5,112,4.0625,5.191508415739668,16.071428571428573,84.40178571428571,-174700.0,85,79.57176470588236
0.29,0.16,6.0,112,3.6607142857142856,5.674053616664962,14.285714285714285,80.20357142857142,-221720.0,85,76.74
0.29,0.16,6.5,112,3.357142857142857,6.0214835180454385,14.285714285714285,83.375,-186200.0,85,80.28
0.29,0.16,7.0,112,3.1339285714285716,6.402874552224978,14.285714285714285,88.53214285714286,-128440.0,85,86.64941176470589
0.29,0.16,7.5,112,2.982142857142857,6.628501870485732,14.285714285714285,91.97142857142858,-89920.0,85,89.86117647058823
0.29,0.16,8.0,112,2.8660714285714284,6.801629221731487,14.285714285714285,97.50625,-27930.0,85,95.6635294117647
0.29,0.16,8.5,112,2.705357142857143,7.15864954519778,13.392857142857142,91.31875,-97230.0,85,87.51058823529412
0.29,0.16,9.0,112,2.5714285714285716,7.520695374647888,13.392857142857142,93.40089285714286,-73910.0,85,90.25411764705882
0.29,0.16,9.5,112,2.5,7.622410876053394,13.392857142857142,97.6375,-26460.0,85,92.75647058823529
0.29,0.16,10.0,112,2.4464285714285716,7.86763342167316,13.392857142857142,106.46517857142857,72410.0,85,94.64235294117647
0.29,0.17,5.0,112,4.526785714285714,4.838817141615396,18.75,94.15535714285714,-65460.0,85,93.27529411764706
0.29,0.17,5.5,112,4.0625,5.191508415739668,16.071428571428573,84.40178571428571,-174700.0,85,79.57176470588236
0.29,0.17,6.0,112,3.6607142857142856,5.674053616664962,14.285714285714285,80.20357142857142,-221720.0,85,76.74
0.29,0.17,6.5,112,3.357142857142857,6.0214835180454385,14.285714285714285,83.375,-186200.0,85,80.28
0.29,0.17,7.0,112,3.1339285714285716,6.402874552224978,14.285714285714285,88.53214285714286,-128440.0,85,86.64941176470589
0.29,0.17,7.5,112,2.982142857142857,6.628501870485732,14.285714285714285,91.97142857142858,-89920.0,85,89.86117647058823
0.29,0.17,8.0,112,2.8660714285714284,6.801629221731487,14.285714285714285,97.50625,-27930.0,85,95.6635294117647
0.29,0.17,8.5,112,2.705357142857143,7.15864954519778,13.392857142857142,91.31875,-97230.0,85,87.51058823529412
0.29,0.17,9.0,112,2.5714285714285716,7.520695374647888,13.392857142857142,93.40089285714286,-73910.0,85,90.25411764705882
0.29,0.17,9.5,112,2.5,7.622410876053394,13.392857142857142,97.6375,-26460.0,85,92.75647058823529
0.29,0.17,10.0,112,2.4464285714285716,7.86763342167316,13.392857142857142,106.46517857142857,72410.0,85,94.64235294117647
0.29,0.18,5.0,112,4.526785714285714,4.838817141615396,18.75,94.15535714285714,-65460.0,85,93.27529411764706
0.29,0.18,5.5,112,4.0625,5.191508415739668,16.071428571428573,84.40178571428571,-174700.0,85,79.57176470588236
0.29,0.18,6.0,112,3.6607142857142856,5.674053616664962,14.285714285714285,80.20357142857142,-221720.0,85,76.74
0.29,0.18,6.5,112,3.357142857142857,6.0214835180454385,14.285714285714285,83.375,-186200.0,85,80.28
0.29,0.18,7.0,112,3.1339285714285716,6.402874552224978,14.285714285714285,88.53214285714286,-128440.0,85,86.64941176470589
0.29,0.18,7.5,112,2.982142857142857,6.628501870485732,14.285714285714285,91.97142857142858,-89920.0,85,89.86117647058823
0.29,0.18,8.0,112,2.8660714285714284,6.801629221731487,14.285714285714285,97.50625,-27930.0,85,95.6635294117647
0.29,0.18,8.5,112,2.705357142857143,7.15864954519778,13.392857142857142,91.31875,-97230.0,85,87.51058823529412
0.29,0.18,9.0,112,2.5714285714285716,7.520695374647888,13.392857142857142,93.40089285714286,-73910.0,85,90.25411764705882
0.29,0.18,9.5,112,2.5,7.622410876053394,13.392857142857142,97.6375,-26460.0,85,92.75647058823529
0.29,0.18,10.0,112,2.4464285714285716,7.86763342167316,13.392857142857142,106.46517857142857,72410.0,85,94.64235294117647
0.29,0.19,5.0,112,4.526785714285714,4.838817141615396,18.75,94.15535714285714,-65460.0,85,93.27529411764706
0.29,0.19,5.5,112,4.0625,5.191508415739668,16.071428571428573,84.40178571428571,-174700.0,85,79.57176470588236
0.29,0.19,6.0,112,3.6607142857142856,5.674053616664962,14.285714285714285,80.20357142857142,-221720.0,85,76.74
0.29,0.19,6.5,112,3.357142857142857,6.0214835180454385,14.285714285714285,83.375,-186200.0,85,80.28
0.29,0.19,7.0,112,3.1339285714285716,6.402874552224978,14.285714285714285,88.53214285714286,-128440.0,85,86.64941176470589
0.29,0.19,7.5,112,2.982142857142857,6.628501870485732,14.285714285714285,91.97142857142858,-89920.0,85,89.86117647058823
0.29,0.19,8.0,112,2.8660714285714284,6.801629221731487,14.285714285714285,97.50625,-27930.0,85,95.6635294117647
0.29,0.19,8.5,112,2.705357142857143,7.15864954519778,13.392857142857142,91.31875,-97230.0,85,87.51058823529412
0.29,0.19,9.0,112,2.5714285714285716,7.520695374647888,13.392857142857142,93.40089285714286,-73910.0,85,90.25411764705882
0.29,0.19,9.5,112,2.5,7.622410876053394,13.392857142857142,97.6375,-26460.0,85,92.75647058823529
0.29,0.19,10.0,112,2.4464285714285716,7.86763342167316,13.392857142857142,106.46517857142857,72410.0,85,94.64235294117647
0.29,0.2,5.0,112,4.526785714285714,4.838817141615396,18.75,94.15535714285714,-65460.0,85,93.27529411764706
0.29,0.2,5.5,112,4.0625,5.191508415739668,16.071428571428573,84.40178571428571,-174700.0,85,79.57176470588236
0.29,0.2,6.0,112,3.6607142857142856,5.674053616664962,14.285714285714285,80.20357142857142,-221720.0,85,76.74
0.29,0.2,6.5,112,3.357142857142857,6.0214835180454385,14.285714285714285,83.375,-186200.0,85,80.28
0.29,0.2,7.0,112,3.1339285714285716,6.402874552224978,14.285714285714285,88.53214285714286,-128440.0,85,86.64941176470589
0.29,0.2,7.5,112,2.982142857142857,6.628501870485732,14.285714285714285,91.97142857142858,-89920.0,85,89.86117647058823
0.29,0.2,8.0,112,2.8660714285714284,6.801629221731487,14.285714285714285,97.50625,-27930.0,85,95.6635294117647
0.29,0.2,8.5,112,2.705357142857143,7.15864954519778,13.392857142857142,91.31875,-97230.0,85,87.51058823529412
0.29,0.2,9.0,112,2.5714285714285716,7.520695374647888,13.392857142857142,93.40089285714286,-73910.0,85,90.25411764705882
0.29,0.2,9.5,112,2.5,7.622410876053394,13.392857142857142,97.6375,-26460.0,85,92.75647058823529
0.29,0.2,10.0,112,2.4464285714285716,7.86763342167316,13.392857142857142,106.46517857142857,72410.0,85,94.64235294117647
0.29,0.21,5.0,112,4.526785714285714,4.838817141615396,18.75,94.15535714285714,-65460.0,85,93.27529411764706
0.29,0.21,5.5,112,4.0625,5.191508415739668,16.071428571428573,84.40178571428571,-174700.0,85,79.57176470588236
0.29,0.21,6.0,112,3.6607142857142856,5.674053616664962,14.285714285714285,80.20357142857142,-221720.0,85,76.74
0.29,0.21,6.5,112,3.357142857142857,6.0214835180454385,14.285714285714285,83.375,-186200.0,85,80.28
0.29,0.21,7.0,112,3.1339285714285716,6.402874552224978,14.285714285714285,88.53214285714286,-128440.0,85,86.64941176470589
0.29,0.21,7.5,112,2.982142857142857,6.628501870485732,14.285714285714285,91.97142857142858,-89920.0,85,89.86117647058823
0.29,0.21,8.0,112,2.8660714285714284,6.801629221731487,14.285714285714285,97.50625,-27930.0,85,95.6635294117647
0.29,0.21,8.5,112,2.705357142857143,7.15864954519778,13.392857142857142,91.31875,-97230.0,85,87.51058823529412
0.29,0.21,9.0,112,2.5714285714285716,7.520695374647888,13.392857142857142,93.40089285714286,-73910.0,85,90.25411764705882
0.29,0.21,9.5,112,2.5,7.622410876053394,13.392857142857142,97.6375,-26460.0,85,92.75647058823529
0.29,0.21,10.0,112,2.4464285714285716,7.86763342167316,13.392857142857142,106.46517857142857,72410.0,85,94.64235294117647
0.29,0.22,5.0,112,4.526785714285714,4.838817141615396,18.75,94.15535714285714,-65460.0,85,93.27529411764706
0.29,0.22,5.5,112,4.0625,5.191508415739668,16.071428571428573,84.40178571428571,-174700.0,85,79.57176470588236
0.29,0.22,6.0,112,3.6607142857142856,5.674053616664962,14.285714285714285,80.20357142857142,-221720.0,85,76.74
0.29,0.22,6.5,112,3.357142857142857,6.0214835180454385,14.285714285714285,83.375,-186200.0,85,80.28
0.29,0.22,7.0,112,3.1339285714285716,6.402874552224978,14.285714285714285,88.53214285714286,-128440.0,85,86.64941176470589
0.29,0.22,7.5,112,2.982142857142857,6.628501870485732,14.285714285714285,91.97142857142858,-89920.0,85,89.86117647058823
0.29,0.22,8.0,112,2.8660714285714284,6.801629221731487,14.285714285714285,97.50625,-27930.0,85,95.6635294117647
0.29,0.22,8.5,112,2.705357142857143,7.15864954519778,13.392857142857142,91.31875,-97230.0,85,87.51058823529412
0.29,0.22,9.0,112,2.5714285714285716,7.520695374647888,13.392857142857142,93.40089285714286,-73910.0,85,90.25411764705882
0.29,0.22,9.5,112,2.5,7.622410876053394,13.392857142857142,97.6375,-26460.0,85,92.75647058823529
0.29,0.22,10.0,112,2.4464285714285716,7.86763342167316,13.392857142857142,106.46517857142857,72410.0,85,94.64235294117647
0.29,0.23,5.0,112,4.526785714285714,4.838817141615396,18.75,94.15535714285714,-65460.0,85,93.27529411764706
0.29,0.23,5.5,112,4.0625,5.191508415739668,16.071428571428573,84.40178571428571,-174700.0,85,79.57176470588236
0.29,0.23,6.0,112,3.6607142857142856,5.674053616664962,14.285714285714285,80.20357142857142,-221720.0,85,76.74
0.29,0.23,6.5,112,3.357142857142857,6.0214835180454385,14.285714285714285,83.375,-186200.0,85,80.28
0.29,0.23,7.0,112,3.1339285714285716,6.402874552224978,14.285714285714285,88.53214285714286,-128440.0,85,86.64941176470589
0.29,0.23,7.5,112,2.982142857142857,6.628501870485732,14.285714285714285,91.97142857142858,-89920.0,85,89.86117647058823
0.29,0.23,8.0,112,2.8660714285714284,6.801629221731487,14.285714285714285,97.50625,-27930.0,85,95.6635294117647
0.29,0.23,8.5,112,2.705357142857143,7.15864954519778,13.392857142857142,91.31875,-97230.0,85,87.51058823529412
0.29,0.23,9.0,112,2.5714285714285716,7.520695374647888,13.392857142857142,93.40089285714286,-73910.0,85,90.25411764705882
0.29,0.23,9.5,112,2.5,7.622410876053394,13.392857142857142,97.6375,-26460.0,85,92.75647058823529
0.29,0.23,10.0,112,2.4464285714285716,7.86763342167316,13.392857142857142,106.46517857142857,72410.0,85,94.64235294117647
0.29,0.24,5.0,111,4.4774774774774775,4.835471935486954,18.91891891891892,95.00360360360361,-55460.0,85,93.27529411764706
0.29,0.24,5.5,111,4.018018018018018,5.189806294380981,16.216216216216218,85.16216216216216,-164700.0,85,79.57176470588236
0.29,0.24,6.0,111,3.6126126126126126,5.676698749368665,14.414414414414415,80.92612612612612,-211720.0,85,76.74
0.29,0.24,6.5,111,3.3063063063063063,6.027258649860679,14.414414414414415,84.12612612612612,-176200.0,85,80.28
0.29,0.24,7.0,111,3.09009009009009,6.390020225963112,14.414414414414415,89.32972972972973,-118440.0,85,86.64941176470589
0.29,0.24,7.5,111,2.936936936936937,6.617680222766757,14.414414414414415,92.8,-79920.0,85,89.86117647058823
0.29,0.24,8.0,111,2.81981981981982,6.792367279879589,14.414414414414415,98.38468468468469,-17930.0,85,95.6635294117647
0.29,0.24,8.5,111,2.6666666666666665,7.148406316693224,13.513513513513514,92.14144144144144,-87230.0,85,87.51058823529412
0.29,0.24,9.0,111,2.5405405405405403,7.501883124485061,13.513513513513514,94.24234234234234,-63910.0,85,90.25411764705882
0.29,0.24,9.5,111,2.4684684684684686,7.6045149817590865,13.513513513513514,98.51711711711712,-16460.0,85,92.75647058823529
0.29,0.24,10.0,111,2.4234234234234235,7.846941643244615,13.513513513513514,107.42432432432433,82410.0,85,94.64235294117647
0.29,0.25,5.0,109,4.504587155963303,4.833398689824232,19.26605504587156,96.74678899082569,-35460.0,83,95.52289156626506
0.29,0.25,5.5,109,4.045871559633028,5.189549409871151,16.51376146788991,86.72477064220183,-144700.0,83,81.48915662650603
0.29,0.25,6.0,109,3.6422018348623855,5.683618398145189,14.678899082568808,82.41100917431193,-191720.0,83,78.58915662650602
0.29,0.25,6.5,109,3.330275229357798,6.040610590389348,14.678899082568808,85.6697247706422,-156200.0,83,82.2144578313253
0.29,0.25,7.0,109,3.110091743119266,6.410028342200085,14.678899082568808,90.96880733944954,-98440.0,83,88.73734939759036
0.29,0.25,7.5,109,2.9541284403669725,6.6418655866515035,14.678899082568808,94.50275229357798,-59920.0,83,92.02650602409639
0.29,0.25,8.0,109,2.834862385321101,6.819757910867324,14.678899082568808,100.18990825688073,2070.0,83,97.96867469879518
0.29,0.25,8.5,109,2.6788990825688073,7.18232977404451,13.761467889908257,93.83211009174312,-67230.0,83,89.61927710843374
0.29,0.25,9.0,109,2.55045871559633,7.5422923948233525,13.761467889908257,95.97155963302752,-43910.0,83,92.4289156626506
0.29,0.25,9.5,109,2.477064220183486,7.646807405441856,13.761467889908257,100.32477064220184,3540.0,83,94.99156626506024
0.29,0.25,10.0,109,2.4311926605504586,7.893682262550972,13.761467889908257,109.3954128440367,102410.0,83,96.92289156626506
0.29,0.26,5.0,107,4.4953271028037385,4.828318028438996,18.69158878504673,93.25420560747664,-72180.0,81,90.87901234567902
0.29,0.26,5.5,107,4.037383177570093,5.181407632747926,15.887850467289718,83.04485981308412,-181420.0,81,76.49876543209876
0.29,0.26,6.0,107,3.6261682242990654,5.684711555382227,14.018691588785046,78.65046728971963,-228440.0,81,73.52716049382715
0.29,0.26,6.5,107,3.308411214953271,6.048376498883288,14.018691588785046,81.97009345794393,-192920.0,81,77.24197530864197
0.29,0.26,7.0,107,3.0934579439252334,6.4061871584751975,14.018691588785046,86.04299065420561,-149340.0,81,82.1753086419753
0.29,0.26,7.5,107,2.9345794392523366,6.6423578093649605,14.018691588785046,89.6429906542056,-110820.0,81,85.54567901234567
0.29,0.26,8.0,107,2.822429906542056,6.815878398549765,14.018691588785046,94.11121495327103,-63010.0,81,89.88395061728394
0.29,0.26,8.5,107,2.663551401869159,7.185227305898488,13.084112149532709,87.63457943925233,-132310.0,81,81.3283950617284
0.29,0.26,9.0,107,2.532710280373832,7.551918199962917,13.084112149532709,89.81401869158879,-108990.0,81,84.2074074074074
0.29,0.26,9.5,107,2.467289719626168,7.639136292986942,13.084112149532709,92.2607476635514,-82810.0,81,84.2074074074074
0.29,0.26,10.0,107,2.4205607476635516,7.890625633406509,13.084112149532709,101.50093457943925,16060.0,81,86.18641975308643
0.29,0.27,5.0,99,4.505050505050505,4.821019476373347,17.17171717171717,84.85959595959596,-149890.0,75,83.88933333333334
0.29,0.27,5.5,99,4.040404040404041,5.186083799768281,14.14141414141414,73.82525252525252,-259130.0,75,68.35866666666666
0.29,0.27,6.0,99,3.6464646464646466,5.676105092086307,14.14141414141414,79.5969696969697,-201990.0,75,72.26933333333334
0.29,0.27,6.5,99,3.3333333333333335,6.0232419202318175,14.14141414141414,81.5939393939394,-182220.0,75,74.18133333333333
0.29,0.27,7.0,99,3.111111111111111,6.396547963858473,14.14141414141414,85.99595959595959,-138640.0,75,79.50933333333333
0.29,0.27,7.5,99,2.9393939393939394,6.651803111789832,14.14141414141414,89.88686868686868,-100120.0,75,83.14933333333333
0.29,0.27,8.0,99,2.8383838383838382,6.804529573497729,14.14141414141414,94.71616161616161,-52310.0,75,87.83466666666666
0.29,0.27,8.5,99,2.696969696969697,7.128906011982678,14.14141414141414,94.71616161616161,-52310.0,75,87.83466666666666
0.29,0.27,9.0,99,2.5555555555555554,7.525228493446253,14.14141414141414,97.07171717171717,-28990.0,75,90.944
0.29,0.27,9.5,99,2.484848484848485,7.619494513179289,14.14141414141414,99.71616161616161,-2810.0,75,90.944
0.29,0.27,10.0,99,2.4343434343434343,7.891306224541851,14.14141414141414,109.7030303030303,96060.0,75,93.08133333333333
0.29,0.28,5.0,93,4.419354838709677,4.8143017201775855,18.27956989247312,90.33440860215053,-89890.0,70,89.88142857142857
0.29,0.28,5.5,93,3.967741935483871,5.1830195712694005,15.053763440860216,78.58817204301076,-199130.0,70,73.24142857142857
0.29,0.28,6.0,93,3.5913978494623655,5.6583068918579125,15.053763440860216,84.73225806451613,-141990.0,70,77.43142857142857
0.29,0.28,6.5,93,3.2903225806451615,5.997766788476049,15.053763440860216,86.85806451612903,-122220.0,70,79.48
0.29,0.28,7.0,93,3.064516129032258,6.36421752961811,15.053763440860216,91.54408602150538,-78640.0,70,85.18857142857142
0.29,0.28,7.5,93,2.903225806451613,6.613677431121588,15.053763440860216,95.68602150537635,-40120.0,70,89.08857142857143
0.29,0.28,8.0,93,2.795698924731183,6.77625721293967,15.053763440860216,100.82688172043011,7690.0,70,94.10857142857142
0.29,0.28,8.5,93,2.6666666666666665,7.079057553920435,15.053763440860216,100.82688172043011,7690.0,70,94.10857142857142
0.29,0.28,9.0,93,2.5268817204301075,7.454112997897018,15.053763440860216,103.33440860215053,31010.0,70,97.44
0.29,0.28,9.5,93,2.4623655913978495,7.529267917107158,15.053763440860216,106.1494623655914,57190.0,70,97.44
0.29,0.28,10.0,93,2.4086021505376345,7.8186158679124675,15.053763440860216,116.78064516129032,156060.0,70,99.73
0.29,0.29,5.0,88,4.431818181818182,4.8102391909891145,18.181818181818183,89.975,-88220.0,66,88.0060606060606
0.29,0.29,5.5,88,3.965909090909091,5.193885321576342,15.909090909090908,83.05340909090908,-149130.0,66,77.68030303030304
0.29,0.29,6.0,88,3.590909090909091,5.673842417182628,15.909090909090908,89.54659090909091,-91990.0,66,82.12424242424242
0.29,0.29,6.5,88,3.272727272727273,6.032589807926797,15.909090909090908,91.79318181818182,-72220.0,66,84.2969696969697
0.29,0.29,7.0,88,3.0568181818181817,6.360530244952383,15.909090909090908,96.74545454545455,-28640.0,66,90.35151515151514
0.29,0.29,7.5,88,2.8863636363636362,6.624164004495828,15.909090909090908,101.12272727272727,9880.0,66,94.48787878787878
0.29,0.29,8.0,88,2.772727272727273,6.79598127391721,15.909090909090908,106.55568181818182,57690.0,66,99.81212121212121
0.29,0.29,8.5,88,2.647727272727273,7.06147221650443,15.909090909090908,106.55568181818182,57690.0,66,99.81212121212121
0.29,0.29,9.0,88,2.5113636363636362,7.409911842583697,15.909090909090908,109.20568181818182,81010.0,66,103.34545454545454
0.29,0.29,9.5,88,2.4431818181818183,7.489336927658051,15.909090909090908,112.18068181818182,107190.0,66,103.34545454545454
0.29,0.29,10.0,88,2.397727272727273,7.744515585849942,15.909090909090908,123.4159090909091,206060.0,66,105.77424242424243
0.29,0.3,5.0,84,4.261904761904762,4.790688771035995,17.857142857142858,87.7452380952381,-102940.0,63,83.5111111111111
0.29,0.3,5.5,84,3.8214285714285716,5.186661732157327,15.476190476190476,80.49404761904762,-163850.0,63,72.69365079365079
0.29,0.3,6.0,84,3.488095238095238,5.673914747654299,15.476190476190476,87.29642857142858,-106710.0,63,77.34920634920636
0.29,0.3,6.5,84,3.2023809523809526,6.015281776800895,15.476190476190476,89.65,-86940.0,63,79.62539682539682
0.29,0.3,7.0,84,3.0,6.30659859088337,15.476190476190476,91.4095238095238,-72160.0,63,81.39682539682539
0.29,0.3,7.5,84,2.8333333333333335,6.569204845632494,15.476190476190476,95.9952380952381,-33640.0,63,85.73015873015873
0.29,0.3,8.0,84,2.7142857142857144,6.749203889788229,15.476190476190476,101.68690476190476,14170.0,63,91.3079365079365
0.29,0.3,8.5,84,2.5952380952380953,7.008501691274406,15.476190476190476,101.68690476190476,14170.0,63,91.3079365079365
0.29,0.3,9.0,84,2.4761904761904763,7.330270961510544,15.476190476190476,104.46309523809524,37490.0,63,95.00952380952381
0.29,0.3,9.5,84,2.4166666666666665,7.403009509919578,15.476190476190476,107.57976190476191,63670.0,63,95.00952380952381
0.29,0.3,10.0,84,2.369047619047619,7.670339532787271,15.476190476190476,119.35,162540.0,63,97.55396825396825
0.29,0.31,5.0,80,4.075,4.7912469640457545,17.5,85.96375,-112290.0,60,79.46166666666667
0.29,0.31,5.5,80,3.65,5.191792157496479,15.0,78.35,-173200.0,60,68.10333333333334
0.29,0.31,6.0,80,3.3375,5.649507087445168,15.0,83.8475,-129220.0,60,70.79833333333333
0.29,0.31,6.5,80,3.0875,5.982298158491418,15.0,86.31875,-109450.0,60,73.18833333333333
0.29,0.31,7.0,80,2.9,6.278560758802992,15.0,87.34375,-101250.0,60,73.95166666666667
0.29,0.31,7.5,80,2.75,6.526138348727153,15.0,90.925,-72600.0,60,76.85666666666667
0.29,0.31,8.0,80,2.6375,6.684996144597203,15.0,96.90125,-24790.0,60,82.71333333333334
0.29,0.31,8.5,80,2.525,6.949925033348888,15.0,96.90125,-24790.0,60,82.71333333333334
0.29,0.31,9.0,80,2.4125,7.269168391406455,15.0,97.76,-17920.0,60,83.85833333333333
0.29,0.31,9.5,80,2.35,7.345543867235941,15.0,101.0325,8260.0,60,83.85833333333333
0.29,0.31,10.0,80,2.3,7.626240391247019,15.0,113.39125,107130.0,60,86.53
0.29,0.32,5.0,74,4.135135135135135,4.769284329667371,18.91891891891892,92.93378378378378,-52290.0,54,88.29074074074074
0.29,0.32,5.5,74,3.689189189189189,5.188046289177933,16.216216216216218,84.70270270270271,-113200.0,54,75.67037037037036
0.29,0.32,6.0,74,3.3783783783783785,5.662266852805831,16.216216216216218,90.64594594594594,-69220.0,54,78.66481481481482
0.29,0.32,6.5,74,3.135135135135135,5.9700964214789085,16.216216216216218,93.31756756756756,-49450.0,54,81.32037037037037
0.29,0.32,7.0,74,2.945945945945946,6.24739011583109,16.216216216216218,94.42567567567568,-41250.0,54,82.16851851851852
0.29,0.32,7.5,74,2.7837837837837838,6.51504156439775,16.216216216216218,98.29729729729729,-12600.0,54,85.3962962962963
0.29,0.32,8.0,74,2.6621621621621623,6.686779722095101,16.216216216216218,104.7581081081081,35210.0,54,91.9037037037037
0.29,0.32,8.5,74,2.554054054054054,6.930909758033636,16.216216216216218,104.7581081081081,35210.0,54,91.9037037037037
0.29,0.32,9.0,74,2.4324324324324325,7.276037712690467,16.216216216216218,105.68648648648649,42080.0,54,93.17592592592592
0.29,0.32,9.5,74,2.364864864864865,7.3586057946682875,16.216216216216218,109.22432432432433,68260.0,54,93.17592592592592
0.29,0.32,10.0,74,2.324324324324324,7.554726166573266,16.216216216216218,122.58513513513513,167130.0,54,96.14444444444445
0.3,0.15,5.0,98,4.5,4.825724450528512,16.3265306122449,80.99795918367347,-186220.0,76,76.68947368421053
0.3,0.15,5.5,98,4.020408163265306,5.172656488889367,14.285714285714285,74.7826530612245,-247130.0,76,67.72236842105264
0.3,0.15,6.0,98,3.622448979591837,5.6555119814314505,14.285714285714285,80.61326530612244,-189990.0,76,71.58157894736843
0.3,0.15,6.5,98,3.306122448979592,5.986433422257663,14.285714285714285,82.63061224489796,-170220.0,76,73.46842105263158
0.3,0.15,7.0,98,3.0918367346938775,6.334149877108021,14.285714285714285,85.58571428571429,-141260.0,76,76.80263157894737
0.3,0.15,7.5,98,2.9183673469387754,6.592009669406028,14.285714285714285,89.51632653061225,-102740.0,76,80.39473684210526
0.3,0.15,8.0,98,2.806122448979592,6.754698240894108,14.285714285714285,95.84183673469387,-40750.0,76,86.88421052631578
0.3,0.15,8.5,98,2.663265306122449,7.060610785504016,14.285714285714285,95.84183673469387,-40750.0,76,86.88421052631578
0.3,0.15,9.0,98,2.5408163265306123,7.373548745352919,14.285714285714285,98.22142857142858,-17430.0,76,89.95263157894736
0.3,0.15,9.5,98,2.4591836734693877,7.4897950326734986,14.285714285714285,103.06326530612245,30020.0,76,92.75131578947368
0.3,0.15,10.0,98,2.4183673469387754,7.7189350522743805,14.285714285714285,113.15204081632653,128890.0,76,94.86052631578947
0.3,0.16,5.0,98,4.5,4.825724450528512,16.3265306122449,80.99795918367347,-186220.0,76,76.68947368421053
0.3,0.16,5.5,98,4.020408163265306,5.172656488889367,14.285714285714285,74.7826530612245,-247130.0,76,67.72236842105264
0.3,0.16,6.0,98,3.622448979591837,5.6555119814314505,14.285714285714285,80.61326530612244,-189990.0,76,71.58157894736843
0.3,0.16,6.5,98,3.306122448979592,5.986433422257663,14.285714285714285,82.63061224489796,-170220.0,76,73.46842105263158
0.3,0.16,7.0,98,3.0918367346938775,6.334149877108021,14.285714285714285,85.58571428571429,-141260.0,76,76.80263157894737
0.3,0.16,7.5,98,2.9183673469387754,6.592009669406028,14.285714285714285,89.51632653061225,-102740.0,76,80.39473684210526
0.3,0.16,8.0,98,2.806122448979592,6.754698240894108,14.285714285714285,95.84183673469387,-40750.0,76,86.88421052631578
0.3,0.16,8.5,98,2.663265306122449,7.060610785504016,14.285714285714285,95.84183673469387,-40750.0,76,86.88421052631578
0.3,0.16,9.0,98,2.5408163265306123,7.373548745352919,14.285714285714285,98.22142857142858,-17430.0,76,89.95263157894736
0.3,0.16,9.5,98,2.4591836734693877,7.4897950326734986,14.285714285714285,103.06326530612245,30020.0,76,92.75131578947368
0.3,0.16,10.0,98,2.4183673469387754,7.7189350522743805,14.285714285714285,113.15204081632653,128890.0,76,94.86052631578947
0.3,0.17,5.0,98,4.5,4.825724450528512,16.3265306122449,80.99795918367347,-186220.0,76,76.68947368421053
0.3,0.17,5.5,98,4.020408163265306,5.172656488889367,14.285714285714285,74.7826530612245,-247130.0,76,67.72236842105264
0.3,0.17,6.0,98,3.622448979591837,5.6555119814314505,14.285714285714285,80.61326530612244,-189990.0,76,71.58157894736843
0.3,0.17,6.5,98,3.306122448979592,5.986433422257663,14.285714285714285,82.63061224489796,-170220.0,76,73.46842105263158
0.3,0.17,7.0,98,3.0918367346938775,6.334149877108021,14.285714285714285,85.58571428571429,-141260.0,76,76.80263157894737
0.3,0.17,7.5,98,2.9183673469387754,6.592009669406028,14.285714285714285,89.51632653061225,-102740.0,76,80.39473684210526
0.3,0.17,8.0,98,2.806122448979592,6.754698240894108,14.285714285714285,95.84183673469387,-40750.0,76,86.88421052631578
0.3,0.17,8.5,98,2.663265306122449,7.060610785504016,14.285714285714285,95.84183673469387,-40750.0,76,86.88421052631578
0.3,0.17,9.0,98,2.5408163265306123,7.373548745352919,14.285714285714285,98.22142857142858,-17430.0,76,89.95263157894736
0.3,0.17,9.5,98,2.4591836734693877,7.4897950326734986,14.285714285714285,103.06326530612245,30020.0,76,92.75131578947368
0.3,0.17,10.0,98,2.4183673469387754,7.7189350522743805,14.285714285714285,113.15204081632653,128890.0,76,94.86052631578947
0.3,0.18,5.0,98,4.5,4.825724450528512,16.3265306122449,80.99795918367347,-186220.0,76,76.68947368421053
0.3,0.18,5.5,98,4.020408163265306,5.172656488889367,14.285714285714285,74.7826530612245,-247130.0,76,67.72236842105264
0.3,0.18,6.0,98,3.622448979591837,5.6555119814314505,14.285714285714285,80.61326530612244,-189990.0,76,71.58157894736843
0.3,0.18,6.5,98,3.306122448979592,5.986433422257663,14.285714285714285,82.63061224489796,-170220.0,76,73.46842105263158
0.3,0.18,7.0,98,3.0918367346938775,6.334149877108021,14.285714285714285,85.58571428571429,-141260.0,76,76.80263157894737
0.3,0.18,7.5,98,2.9183673469387754,6.592009669406028,14.285714285714285,89.51632653061225,-102740.0,76,80.39473684210526
0.3,0.18,8.0,98,2.806122448979592,6.754698240894108,14.285714285714285,95.84183673469387,-40750.0,76,86.88421052631578
0.3,0.18,8.5,98,2.663265306122449,7.060610785504016,14.285714285714285,95.84183673469387,-40750.0,76,86.88421052631578
0.3,0.18,9.0,98,2.5408163265306123,7.373548745352919,14.285714285714285,98.22142857142858,-17430.0,76,89.95263157894736
0.3,0.18,9.5,98,2.4591836734693877,7.4897950326734986,14.285714285714285,103.06326530612245,30020.0,76,92.75131578947368
0.3,0.18,10.0,98,2.4183673469387754,7.7189350522743805,14.285714285714285,113.15204081632653,128890.0,76,94.86052631578947
0.3,0.19,5.0,98,4.5,4.825724450528512,16.3265306122449,80.99795918367347,-186220.0,76,76.68947368421053
0.3,0.19,5.5,98,4.020408163265306,5.172656488889367,14.285714285714285,74.7826530612245,-247130.0,76,67.72236842105264
0.3,0.19,6.0,98,3.622448979591837,5.6555119814314505,14.285714285714285,80.61326530612244,-189990.0,76,71.58157894736843
0.3,0.19,6.5,98,3.306122448979592,5.986433422257663,14.285714285714285,82.63061224489796,-170220.0,76,73.46842105263158
0.3,0.19,7.0,98,3.0918367346938775,6.334149877108021,14.285714285714285,85.58571428571429,-141260.0,76,76.80263157894737
0.3,0.19,7.5,98,2.9183673469387754,6.592009669406028,14.285714285714285,89.51632653061225,-102740.0,76,80.39473684210526
0.3,0.19,8.0,98,2.806122448979592,6.754698240894108,14.285714285714285,95.84183673469387,-40750.0,76,86.88421052631578
0.3,0.19,8.5,98,2.663265306122449,7.060610785504016,14.285714285714285,95.84183673469387,-40750.0,76,86.88421052631578
0.3,0.19,9.0,98,2.5408163265306123,7.373548745352919,14.285714285714285,98.22142857142858,-17430.0,76,89.95263157894736
0.3,0.19,9.5,98,2.4591836734693877,7.4897950326734986,14.285714285714285,103.06326530612245,30020.0,76,92.75131578947368
0.3,0.19,10.0,98,2.4183673469387754,7.7189350522743805,14.285714285714285,113.15204081632653,128890.0,76,94.86052631578947
0.3,0.2,5.0,98,4.5,4.825724450528512,16.3265306122449,80.99795918367347,-186220.0,76,76.68947368421053
0.3,0.2,5.5,98,4.020408163265306,5.172656488889367,14.285714285714285,74.7826530612245,-247130.0,76,67.72236842105264
0.3,0.2,6.0,98,3.622448979591837,5.6555119814314505,14.285714285714285,80.61326530612244,-189990.0,76,71.58157894736843
0.3,0.2,6.5,98,3.306122448979592,5.986433422257663,14.285714285714285,82.63061224489796,-170220.0,76,73.46842105263158
0.3,0.2,7.0,98,3.0918367346938775,6.334149877108021,14.285714285714285,85.58571428571429,-141260.0,76,76.80263157894737
0.3,0.2,7.5,98,2.9183673469387754,6.592009669406028,14.285714285714285,89.51632653061225,-102740.0,76,80.39473684210526
0.3,0.2,8.0,98,2.806122448979592,6.754698240894108,14.285714285714285,95.84183673469387,-40750.0,76,86.88421052631578
0.3,0.2,8.5,98,2.663265306122449,7.060610785504016,14.285714285714285,95.84183673469387,-40750.0,76,86.88421052631578
0.3,0.2,9.0,98,2.5408163265306123,7.373548745352919,14.285714285714285,98.22142857142858,-17430.0,76,89.95263157894736
0.3,0.2,9.5,98,2.4591836734693877,7.4897950326734986,14.285714285714285,103.06326530612245,30020.0,76,92.75131578947368
0.3,0.2,10.0,98,2.4183673469387754,7.7189350522743805,14.285714285714285,113.15204081632653,128890.0,76,94.86052631578947
0.3,0.21,5.0,98,4.5,4.825724450528512,16.3265306122449,80.99795918367347,-186220.0,76,76.68947368421053
0.3,0.21,5.5,98,4.020408163265306,5.172656488889367,14.285714285714285,74.7826530612245,-247130.0,76,67.72236842105264
0.3,0.21,6.0,98,3.622448979591837,5.6555119814314505,14.285714285714285,80.61326530612244,-189990.0,76,71.58157894736843
0.3,0.21,6.5,98,3.306122448979592,5.986433422257663,14.285714285714285,82.63061224489796,-170220.0,76,73.46842105263158
0.3,0.21,7.0,98,3.0918367346938775,6.334149877108021,14.285714285714285,85.58571428571429,-141260.0,76,76.80263157894737
0.3,0.21,7.5,98,2.9183673469387754,6.592009669406028,14.285714285714285,89.51632653061225,-102740.0,76,80.39473684210526
0.3,0.21,8.0,98,2.806122448979592,6.754698240894108,14.285714285714285,95.84183673469387,-40750.0,76,86.88421052631578
0.3,0.21,8.5,98,2.663265306122449,7.060610785504016,14.285714285714285,95.84183673469387,-40750.0,76,86.88421052631578
0.3,0.21,9.0,98,2.5408163265306123,7.373548745352919,14.285714285714285,98.22142857142858,-17430.0,76,89.95263157894736
0.3,0.21,9.5,98,2.4591836734693877,7.4897950326734986,14.285714285714285,103.06326530612245,30020.0,76,92.75131578947368
0.3,0.21,10.0,98,2.4183673469387754,7.7189350522743805,14.285714285714285,113.15204081632653,128890.0,76,94.86052631578947
0.3,0.22,5.0,98,4.5,4.825724450528512,16.3265306122449,80.99795918367347,-186220.0,76,76.68947368421053
0.3,0.22,5.5,98,4.020408163265306,5.172656488889367,14.285714285714285,74.7826530612245,-247130.0,76,67.72236842105264
0.3,0.22,6.0,98,3.622448979591837,5.6555119814314505,14.285714285714285,80.61326530612244,-189990.0,76,71.58157894736843
0.3,0.22,6.5,98,3.306122448979592,5.986433422257663,14.285714285714285,82.63061224489796,-170220.0,76,73.46842105263158
0.3,0.22,7.0,98,3.0918367346938775,6.334149877108021,14.285714285714285,85.58571428571429,-141260.0,76,76.80263157894737
0.3,0.22,7.5,98,2.9183673469387754,6.592009669406028,14.285714285714285,89.51632653061225,-102740.0,76,80.39473684210526
0.3,0.22,8.0,98,2.806122448979592,6.754698240894108,14.285714285714285,95.84183673469387,-40750.0,76,86.88421052631578
0.3,0.22,8.5,98,2.663265306122449,7.060610785504016,14.285714285714285,95.84183673469387,-40750.0,76,86.88421052631578
0.3,0.22,9.0,98,2.5408163265306123,7.373548745352919,14.285714285714285,98.22142857142858,-17430.0,76,89.95263157894736
0.3,0.22,9.5,98,2.4591836734693877,7.4897950326734986,14.285714285714285,103.06326530612245,30020.0,76,92.75131578947368
0.3,0.22,10.0,98,2.4183673469387754,7.7189350522743805,14.285714285714285,113.15204081632653,128890.0,76,94.86052631578947
0.3,0.23,5.0,98,4.5,4.825724450528512,16.3265306122449,80.99795918367347,-186220.0,76,76.68947368421053
0.3,0.23,5.5,98,4.020408163265306,5.172656488889367,14.285714285714285,74.7826530612245,-247130.0,76,67.72236842105264
0.3,0.23,6.0,98,3.622448979591837,5.6555119814314505,14.285714285714285,80.61326530612244,-189990.0,76,71.58157894736843
0.3,0.23,6.5,98,3.306122448979592,5.986433422257663,14.285714285714285,82.63061224489796,-170220.0,76,73.46842105263158
0.3,0.23,7.0,98,3.0918367346938775,6.334149877108021,14.285714285714285,85.58571428571429,-141260.0,76,76.80263157894737
0.3,0.23,7.5,98,2.9183673469387754,6.592009669406028,14.285714285714285,89.51632653061225,-102740.0,76,80.39473684210526
0.3,0.23,8.0,98,2.806122448979592,6.754698240894108,14.285714285714285,95.84183673469387,-40750.0,76,86.88421052631578
0.3,0.23,8.5,98,2.663265306122449,7.060610785504016,14.285714285714285,95.84183673469387,-40750.0,76,86.88421052631578
0.3,0.23,9.0,98,2.5408163265306123,7.373548745352919,14.285714285714285,98.22142857142858,-17430.0,76,89.95263157894736
0.3,0.23,9.5,98,2.4591836734693877,7.4897950326734986,14.285714285714285,103.06326530612245,30020.0,76,92.75131578947368
0.3,0.23,10.0,98,2.4183673469387754,7.7189350522743805,14.285714285714285,113.15204081632653,128890.0,76,94.86052631578947
0.3,0.24,5.0,98,4.5,4.825724450528512,16.3265306122449,80.99795918367347,-186220.0,76,76.68947368421053
0.3,0.24,5.5,98,4.020408163265306,5.172656488889367,14.285714285714285,74.7826530612245,-247130.0,76,67.72236842105264
0.3,0.24,6.0,98,3.622448979591837,5.6555119814314505,14.285714285714285,80.61326530612244,-189990.0,76,71.58157894736843
0.3,0.24,6.5,98,3.306122448979592,5.986433422257663,14.285714285714285,82.63061224489796,-170220.0,76,73.46842105263158
0.3,0.24,7.0,98,3.0918367346938775,6.334149877108021,14.285714285714285,85.58571428571429,-141260.0,76,76.80263157894737
0.3,0.24,7.5,98,2.9183673469387754,6.592009669406028,14.285714285714285,89.51632653061225,-102740.0,76,80.39473684210526
0.3,0.24,8.0,98,2.806122448979592,6.754698240894108,14.285714285714285,95.84183673469387,-40750.0,76,86.88421052631578
0.3,0.24,8.5,98,2.663265306122449,7.060610785504016,14.285714285714285,95.84183673469387,-40750.0,76,86.88421052631578
0.3,0.24,9.0,98,2.5408163265306123,7.373548745352919,14.285714285714285,98.22142857142858,-17430.0,76,89.95263157894736
0.3,0.24,9.5,98,2.4591836734693877,7.4897950326734986,14.285714285714285,103.06326530612245,30020.0,76,92.75131578947368
0.3,0.24,10.0,98,2.4183673469387754,7.7189350522743805,14.285714285714285,113.15204081632653,128890.0,76,94.86052631578947
0.3,0.25,5.0,96,4.53125,4.823167380245663,16.666666666666664,82.68541666666667,-166220.0,74,78.76216216216216
0.3,0.25,5.5,96,4.052083333333333,5.17200753032109,14.583333333333334,76.340625,-227130.0,74,69.5527027027027
0.3,0.25,6.0,96,3.65625,5.6629272749811035,14.583333333333334,82.29270833333334,-169990.0,74,73.51621621621622
0.3,0.25,6.5,96,3.3333333333333335,6.000742912491195,14.583333333333334,84.35208333333334,-150220.0,74,75.45405405405405
0.3,0.25,7.0,96,3.1145833333333335,6.355703460150937,14.583333333333334,87.36875,-121260.0,74,78.87837837837837
0.3,0.25,7.5,96,2.9375,6.618935331455149,14.583333333333334,91.38125,-82740.0,74,82.56756756756756
0.3,0.25,8.0,96,2.8229166666666665,6.785013248182565,14.583333333333334,97.83854166666667,-20750.0,74,89.23243243243243
0.3,0.25,8.5,96,2.6770833333333335,7.09729897080518,14.583333333333334,97.83854166666667,-20750.0,74,89.23243243243243
0.3,0.25,9.0,96,2.5520833333333335,7.41675647148427,14.583333333333334,100.26770833333333,2570.0,74,92.38378378378378
0.3,0.25,9.5,96,2.46875,7.53542455645736,14.583333333333334,105.21041666666666,50020.0,74,95.2581081081081
0.3,0.25,10.0,96,2.4270833333333335,7.769338326466593,14.583333333333334,115.509375,148890.0,74,97.42432432432433
0.3,0.26,5.0,95,4.505263157894737,4.815677018663533,15.789473684210526,77.58526315789474,-212940.0,73,72.07123287671233
0.3,0.26,5.5,95,4.021052631578947,5.168189170318701,13.684210526315791,71.17368421052632,-273850.0,73,62.73561643835617
0.3,0.26,6.0,95,3.6210526315789475,5.664276491238294,13.684210526315791,77.18842105263158,-216710.0,73,66.75342465753425
0.3,0.26,6.5,95,3.294736842105263,6.005648082827438,13.684210526315791,79.26947368421052,-196940.0,73,68.71780821917808
0.3,0.26,7.0,95,3.0842105263157893,6.343494590241114,13.684210526315791,80.82526315789474,-182160.0,73,70.24657534246575
0.3,0.26,7.5,95,2.905263157894737,6.60949732334853,13.684210526315791,84.88,-143640.0,73,73.98630136986301
0.3,0.26,8.0,95,2.8,6.768654372917811,13.684210526315791,89.91263157894737,-95830.0,73,78.8
0.3,0.26,8.5,95,2.6526315789473682,7.084227313673296,13.684210526315791,89.91263157894737,-95830.0,73,78.8
0.3,0.26,9.0,95,2.526315789473684,7.407047524885849,13.684210526315791,92.36736842105263,-72510.0,73,81.9945205479452
0.3,0.26,9.5,95,2.4526315789473685,7.505282640186593,13.684210526315791,95.12315789473685,-46330.0,73,81.9945205479452
0.3,0.26,10.0,95,2.4105263157894736,7.741658660406449,13.684210526315791,105.53052631578947,52540.0,73,84.19041095890411
0.3,0.27,5.0,91,4.516483516483516,4.814565640353895,16.483516483516482,80.99560439560439,-172940.0,70,75.16
0.3,0.27,5.5,91,4.032967032967033,5.169269943688878,14.285714285714285,74.3021978021978,-233850.0,70,65.42428571428572
0.3,0.27,6.0,91,3.6483516483516483,5.642009433816652,14.285714285714285,80.58131868131868,-176710.0,70,69.61428571428571
0.3,0.27,6.5,91,3.318681318681319,5.977270396549108,14.285714285714285,82.75384615384615,-156940.0,70,71.66285714285715
0.3,0.27,7.0,91,3.098901098901099,6.329967299893055,14.285714285714285,84.37802197802198,-142160.0,70,73.25714285714285
0.3,0.27,7.5,91,2.912087912087912,6.607662460829369,14.285714285714285,88.61098901098902,-103640.0,70,77.15714285714286
0.3,0.27,8.0,91,2.802197802197802,6.7738154246654325,14.285714285714285,93.86483516483517,-55830.0,70,82.17714285714285
0.3,0.27,8.5,91,2.67032967032967,7.043886757581002,14.285714285714285,93.86483516483517,-55830.0,70,82.17714285714285
0.3,0.27,9.0,91,2.5384615384615383,7.380896868187512,14.285714285714285,96.42747252747253,-32510.0,70,85.50857142857143
0.3,0.27,9.5,91,2.4615384615384617,7.483450010534443,14.285714285714285,99.30439560439561,-6330.0,70,85.50857142857143
0.3,0.27,10.0,91,2.4175824175824174,7.730216185489239,14.285714285714285,110.16923076923077,92540.0,70,87.79857142857144
0.3,0.28,5.0,86,4.430232558139535,4.807038915251889,17.441860465116278,85.7046511627907,-122940.0,65,80.94153846153846
0.3,0.28,5.5,86,3.9651162790697674,5.160846865704491,15.11627906976744,78.62209302325581,-183850.0,65,70.45692307692308
0.3,0.28,6.0,86,3.5930232558139537,5.6352447540133594,15.11627906976744,85.26627906976744,-126710.0,65,74.96923076923076
0.3,0.28,6.5,86,3.2790697674418605,5.957476986661439,15.11627906976744,87.56511627906977,-106940.0,65,77.17538461538462
0.3,0.28,7.0,86,3.058139534883721,6.297221624004135,15.11627906976744,89.28372093023256,-92160.0,65,78.8923076923077
0.3,0.28,7.5,86,2.883720930232558,6.566986401211385,15.11627906976744,93.76279069767442,-53640.0,65,83.0923076923077
0.3,0.28,8.0,86,2.7674418604651163,6.7427994210844275,15.11627906976744,99.32209302325582,-5830.0,65,88.49846153846154
0.3,0.28,8.5,86,2.63953488372093,7.01446457163879,15.11627906976744,99.32209302325582,-5830.0,65,88.49846153846154
0.3,0.28,9.0,86,2.511627906976744,7.320419812221591,15.11627906976744,102.03372093023256,17490.0,65,92.08615384615385
0.3,0.28,9.5,86,2.441860465116279,7.401691992297674,15.11627906976744,105.07790697674419,43670.0,65,92.08615384615385
0.3,0.28,10.0,86,2.395348837209302,7.662805037889374,15.11627906976744,116.57441860465116,142540.0,65,94.55230769230769
0.3,0.29,5.0,83,4.481927710843373,4.816390837955163,18.072289156626507,88.80240963855422,-92940.0,63,83.5111111111111
0.3,0.29,5.5,83,4.0,5.18298702758075,15.66265060240964,81.46385542168674,-153850.0,63,72.69365079365079
0.3,0.29,6.0,83,3.6265060240963853,5.651878373939064,15.66265060240964,88.34819277108434,-96710.0,63,77.34920634920636
0.3,0.29,6.5,83,3.3012048192771086,5.985757554755146,15.66265060240964,90.73012048192771,-76940.0,63,79.62539682539682
0.3,0.29,7.0,83,3.0843373493975905,6.297685500391296,15.66265060240964,92.51084337349397,-62160.0,63,81.39682539682539
0.3,0.29,7.5,83,2.9036144578313254,6.57720081171447,15.66265060240964,97.15180722891566,-23640.0,63,85.73015873015873
0.3,0.29,8.0,83,2.783132530120482,6.759368519052803,15.66265060240964,102.91204819277108,24170.0,63,91.3079365079365
0.3,0.29,8.5,83,2.6506024096385543,7.0408528919163595,15.66265060240964,102.91204819277108,24170.0,63,91.3079365079365
0.3,0.29,9.0,83,2.5301204819277108,7.307053873787133,15.66265060240964,105.72168674698796,47490.0,63,95.00952380952381
0.3,0.29,9.5,83,2.4578313253012047,7.391263602540665,15.66265060240964,108.87590361445783,73670.0,63,95.00952380952381
0.3,0.29,10.0,83,2.4096385542168677,7.661814469057368,15.66265060240964,120.78795180722892,172540.0,63,97.55396825396825
0.3,0.3,5.0,80,4.2875,4.803943061949927,18.75,92.1325,-62940.0,61,86.24918032786886
0.3,0.3,5.5,80,3.8375,5.178047474217922,16.25,84.51875,-123850.0,61,75.07704918032788
0.3,0.3,6.0,80,3.5125,5.648185107169577,16.25,91.66125,-66710.0,61,79.88524590163935
0.3,0.3,6.5,80,3.225,5.958398008051601,16.25,94.1325,-46940.0,61,82.23606557377049
0.3,0.3,7.0,80,3.0125,6.264280662838201,16.25,95.98,-32160.0,61,84.06557377049181
0.3,0.3,7.5,80,2.8375,6.540017230324781,16.25,100.795,6360.0,61,88.54098360655738
0.3,0.3,8.0,80,2.7125,6.729016226688302,16.25,106.77125,54170.0,61,94.3016393442623
0.3,0.3,8.5,80,2.5875,7.001278918248788,16.25,106.77125,54170.0,61,94.3016393442623
0.3,0.3,9.0,80,2.4875,7.232036582000466,16.25,109.68625,77490.0,61,98.12459016393443
0.3,0.3,9.5,80,2.425,7.308412057829952,16.25,112.95875,103670.0,61,98.12459016393443
0.3,0.3,10.0,80,2.375,7.58910858184103,16.25,125.3175,202540.0,61,100.75245901639344
0.3,0.31,5.0,76,4.092105263157895,4.805228227797773,18.421052631578945,90.48815789473684,-72290.0,58,82.20172413793104
0.3,0.31,5.5,76,3.6578947368421053,5.182994539946532,15.789473684210526,82.47368421052632,-133200.0,58,70.45172413793104
0.3,0.31,6.0,76,3.3552631578947367,5.621138641660769,15.789473684210526,88.26052631578948,-89220.0,58,73.23965517241379
0.3,0.31,6.5,76,3.1052631578947367,5.920684527265347,15.789473684210526,90.86184210526316,-69450.0,58,75.71206896551725
0.3,0.31,7.0,76,2.9078947368421053,6.232539896014375,15.789473684210526,91.9407894736842,-61250.0,58,76.50172413793103
0.3,0.31,7.5,76,2.75,6.493147885408227,15.789473684210526,95.71052631578948,-32600.0,58,79.50689655172414
0.3,0.31,8.0,76,2.6315789473684212,6.660366617903016,15.789473684210526,102.00131578947368,15210.0,58,85.56551724137931
0.3,0.31,8.5,76,2.513157894736842,6.939239132378473,15.789473684210526,102.00131578947368,15210.0,58,85.56551724137931
0.3,0.31,9.0,76,2.4210526315789473,7.162547856653529,15.789473684210526,102.90526315789474,22080.0,58,86.75
0.3,0.31,9.5,76,2.3552631578947367,7.242943094368776,15.789473684210526,106.35,48260.0,58,86.75
0.3,0.31,10.0,76,2.3026315789473686,7.538413119643595,15.789473684210526,119.35921052631579,147130.0,58,89.51379310344828
0.3,0.32,5.0,70,4.1571428571428575,4.783208979776512,20.0,98.24428571428571,-12290.0,52,91.68653846153846
0.3,0.32,5.5,70,3.7,5.1782805405055035,17.142857142857142,89.54285714285714,-73200.0,52,78.58076923076923
0.3,0.32,6.0,70,3.4,5.632195955403379,17.142857142857142,95.82571428571428,-29220.0,52,81.69038461538462
0.3,0.32,6.5,70,3.157142857142857,5.9025043797470325,17.142857142857142,98.65,-9450.0,52,84.44807692307693
0.3,0.32,7.0,70,2.9571428571428573,6.195643428062194,17.142857142857142,99.82142857142857,-1250.0,52,85.32884615384616
0.3,0.32,7.5,70,2.7857142857142856,6.4785892451183775,17.142857142857142,103.91428571428571,27400.0,52,88.68076923076923
0.3,0.32,8.0,70,2.657142857142857,6.660141011827006,17.142857142857142,110.74428571428571,75210.0,52,95.43846153846154
0.3,0.32,8.5,70,2.5428571428571427,6.918221335533457,17.142857142857142,110.74428571428571,75210.0,52,95.43846153846154
0.3,0.32,9.0,70,2.442857142857143,7.160670807603515,17.142857142857142,111.72571428571429,82080.0,52,96.75961538461539
0.3,0.32,9.5,70,2.3714285714285714,7.247957065694355,17.142857142857142,115.46571428571428,108260.0,52,96.75961538461539
0.3,0.32,10.0,70,2.3285714285714287,7.455284315993905,17.142857142857142,129.59,207130.0,52,99.8423076923077
0.31,0.15,5.0,86,4.383720930232558,4.816877555885785,18.6046511627907,92.3,-66220.0,67,86.99104477611941
0.31,0.15,5.5,86,3.9069767441860463,5.180443787595154,16.27906976744186,85.21744186046512,-127130.0,67,76.81940298507463
0.31,0.15,6.0,86,3.558139534883721,5.603314144326523,16.27906976744186,91.86162790697675,-69990.0,67,81.19701492537314
0.31,0.15,6.5,86,3.255813953488372,5.923410107694982,16.27906976744186,94.16046511627907,-50220.0,67,83.33731343283583
0.31,0.15,7.0,86,3.058139534883721,6.243248982640621,16.27906976744186,97.52790697674419,-21260.0,67,87.11940298507463
0.31,0.15,7.5,86,2.895348837209302,6.5045655044130966,16.27906976744186,102.00697674418605,17260.0,67,91.19402985074628
0.31,0.15,8.0,86,2.7674418604651163,6.689954806806491,16.27906976744186,109.21511627906976,79250.0,67,98.55522388059701
0.31,0.15,8.5,86,2.627906976744186,7.004819912124864,16.27906976744186,109.21511627906976,79250.0,67,98.55522388059701
0.31,0.15,9.0,86,2.5,7.338574285266515,16.27906976744186,111.9267441860465,102570.0,67,102.03582089552239
0.31,0.15,9.5,86,2.441860465116279,7.450794828047352,16.27906976744186,117.44418604651163,150020.0,67,105.21044776119403
0.31,0.15,10.0,86,2.4069767441860463,7.660865917950591,16.27906976744186,128.9406976744186,248890.0,67,107.60298507462687
0.31,0.16,5.0,86,4.383720930232558,4.816877555885785,18.6046511627907,92.3,-66220.0,67,86.99104477611941
0.31,0.16,5.5,86,3.9069767441860463,5.180443787595154,16.27906976744186,85.21744186046512,-127130.0,67,76.81940298507463
0.31,0.16,6.0,86,3.558139534883721,5.603314144326523,16.27906976744186,91.86162790697675,-69990.0,67,81.19701492537314
0.31,0.16,6.5,86,3.255813953488372,5.923410107694982,16.27906976744186,94.16046511627907,-50220.0,67,83.33731343283583
0.31,0.16,7.0,86,3.058139534883721,6.243248982640621,16.27906976744186,97.52790697674419,-21260.0,67,87.11940298507463
0.31,0.16,7.5,86,2.895348837209302,6.5045655044130966,16.27906976744186,102.00697674418605,17260.0,67,91.19402985074628
0.31,0.16,8.0,86,2.7674418604651163,6.689954806806491,16.27906976744186,109.21511627906976,79250.0,67,98.55522388059701
0.31,0.16,8.5,86,2.627906976744186,7.004819912124864,16.27906976744186,109.21511627906976,79250.0,67,98.55522388059701
0.31,0.16,9.0,86,2.5,7.338574285266515,16.27906976744186,111.9267441860465,102570.0,67,102.03582089552239
0.31,0.16,9.5,86,2.441860465116279,7.450794828047352,16.27906976744186,117.44418604651163,150020.0,67,105.21044776119403
0.31,0.16,10.0,86,2.4069767441860463,7.660865917950591,16.27906976744186,128.9406976744186,248890.0,67,107.60298507462687
0.31,0.17,5.0,86,4.383720930232558,4.816877555885785,18.6046511627907,92.3,-66220.0,67,86.99104477611941
0.31,0.17,5.5,86,3.9069767441860463,5.180443787595154,16.27906976744186,85.21744186046512,-127130.0,67,76.81940298507463
0.31,0.17,6.0,86,3.558139534883721,5.603314144326523,16.27906976744186,91.86162790697675,-69990.0,67,81.19701492537314
0.31,0.17,6.5,86,3.255813953488372,5.923410107694982,16.27906976744186,94.16046511627907,-50220.0,67,83.33731343283583
0.31,0.17,7.0,86,3.058139534883721,6.243248982640621,16.27906976744186,97.52790697674419,-21260.0,67,87.11940298507463
0.31,0.17,7.5,86,2.895348837209302,6.5045655044130966,16.27906976744186,102.00697674418605,17260.0,67,91.19402985074628
0.31,0.17,8.0,86,2.7674418604651163,6.689954806806491,16.27906976744186,109.21511627906976,79250.0,67,98.55522388059701
0.31,0.17,8.5,86,2.627906976744186,7.004819912124864,16.27906976744186,109.21511627906976,79250.0,67,98.55522388059701
0.31,0.17,9.0,86,2.5,7.338574285266515,16.27906976744186,111.9267441860465,102570.0,67,102.03582089552239
0.31,0.17,9.5,86,2.441860465116279,7.450794828047352,16.27906976744186,117.44418604651163,150020.0,67,105.21044776119403
0.31,0.17,10.0,86,2.4069767441860463,7.660865917950591,16.27906976744186,128.9406976744186,248890.0,67,107.60298507462687
0.31,0.18,5.0,86,4.383720930232558,4.816877555885785,18.6046511627907,92.3,-66220.0,67,86.99104477611941
0.31,0.18,5.5,86,3.9069767441860463,5.180443787595154,16.27906976744186,85.21744186046512,-127130.0,67,76.81940298507463
0.31,0.18,6.0,86,3.558139534883721,5.603314144326523,16.27906976744186,91.86162790697675,-69990.0,67,81.19701492537314
0.31,0.18,6.5,86,3.255813953488372,5.923410107694982,16.27906976744186,94.16046511627907,-50220.0,67,83.33731343283583
0.31,0.18,7.0,86,3.058139534883721,6.243248982640621,16.27906976744186,97.52790697674419,-21260.0,67,87.11940298507463
0.31,0.18,7.5,86,2.895348837209302,6.5045655044130966,16.27906976744186,102.00697674418605,17260.0,67,91.19402985074628
0.31,0.18,8.0,86,2.7674418604651163,6.689954806806491,16.27906976744186,109.21511627906976,79250.0,67,98.55522388059701
0.31,0.18,8.5,86,2.627906976744186,7.004819912124864,16.27906976744186,109.21511627906976,79250.0,67,98.55522388059701
0.31,0.18,9.0,86,2.5,7.338574285266515,16.27906976744186,111.9267441860465,102570.0,67,102.03582089552239
0.31,0.18,9.5,86,2.441860465116279,7.450794828047352,16.27906976744186,117.44418604651163,150020.0,67,105.21044776119403
0.31,0.18,10.0,86,2.4069767441860463,7.660865917950591,16.27906976744186,128.9406976744186,248890.0,67,107.60298507462687
0.31,0.19,5.0,86,4.383720930232558,4.816877555885785,18.6046511627907,92.3,-66220.0,67,86.99104477611941
0.31,0.19,5.5,86,3.9069767441860463,5.180443787595154,16.27906976744186,85.21744186046512,-127130.0,67,76.81940298507463
0.31,0.19,6.0,86,3.558139534883721,5.603314144326523,16.27906976744186,91.86162790697675,-69990.0,67,81.19701492537314
0.31,0.19,6.5,86,3.255813953488372,5.923410107694982,16.27906976744186,94.16046511627907,-50220.0,67,83.33731343283583
0.31,0.19,7.0,86,3.058139534883721,6.243248982640621,16.27906976744186,97.52790697674419,-21260.0,67,87.11940298507463
0.31,0.19,7.5,86,2.895348837209302,6.5045655044130966,16.27906976744186,102.00697674418605,17260.0,67,91.19402985074628
0.31,0.19,8.0,86,2.7674418604651163,6.689954806806491,16.27906976744186,109.21511627906976,79250.0,67,98.55522388059701
0.31,0.19,8.5,86,2.627906976744186,7.004819912124864,16.27906976744186,109.21511627906976,79250.0,67,98.55522388059701
0.31,0.19,9.0,86,2.5,7.338574285266515,16.27906976744186,111.9267441860465,102570.0,67,102.03582089552239
0.31,0.19,9.5,86,2.441860465116279,7.450794828047352,16.27906976744186,117.44418604651163,150020.0,67,105.21044776119403
0.31,0.19,10.0,86,2.4069767441860463,7.660865917950591,16.27906976744186,128.9406976744186,248890.0,67,107.60298507462687
0.31,0.2,5.0,86,4.383720930232558,4.816877555885785,18.6046511627907,92.3,-66220.0,67,86.99104477611941
0.31,0.2,5.5,86,3.9069767441860463,5.180443787595154,16.27906976744186,85.21744186046512,-127130.0,67,76.81940298507463
0.31,0.2,6.0,86,3.558139534883721,5.603314144326523,16.27906976744186,91.86162790697675,-69990.0,67,81.19701492537314
0.31,0.2,6.5,86,3.255813953488372,5.923410107694982,16.27906976744186,94.16046511627907,-50220.0,67,83.33731343283583
0.31,0.2,7.0,86,3.058139534883721,6.243248982640621,16.27906976744186,97.52790697674419,-21260.0,67,87.11940298507463
0.31,0.2,7.5,86,2.895348837209302,6.5045655044130966,16.27906976744186,102.00697674418605,17260.0,67,91.19402985074628
0.31,0.2,8.0,86,2.7674418604651163,6.689954806806491,16.27906976744186,109.21511627906976,79250.0,67,98.55522388059701
0.31,0.2,8.5,86,2.627906976744186,7.004819912124864,16.27906976744186,109.21511627906976,79250.0,67,98.55522388059701
0.31,0.2,9.0,86,2.5,7.338574285266515,16.27906976744186,111.9267441860465,102570.0,67,102.03582089552239
0.31,0.2,9.5,86,2.441860465116279,7.450794828047352,16.27906976744186,117.44418604651163,150020.0,67,105.21044776119403
0.31,0.2,10.0,86,2.4069767441860463,7.660865917950591,16.27906976744186,128.9406976744186,248890.0,67,107.60298507462687
0.31,0.21,5.0,86,4.383720930232558,4.816877555885785,18.6046511627907,92.3,-66220.0,67,86.99104477611941
0.31,0.21,5.5,86,3.9069767441860463,5.180443787595154,16.27906976744186,85.21744186046512,-127130.0,67,76.81940298507463
0.31,0.21,6.0,86,3.558139534883721,5.603314144326523,16.27906976744186,91.86162790697675,-69990.0,67,81.19701492537314
0.31,0.21,6.5,86,3.255813953488372,5.923410107694982,16.27906976744186,94.16046511627907,-50220.0,67,83.33731343283583
0.31,0.21,7.0,86,3.058139534883721,6.243248982640621,16.27906976744186,97.52790697674419,-21260.0,67,87.11940298507463
0.31,0.21,7.5,86,2.895348837209302,6.5045655044130966,16.27906976744186,102.00697674418605,17260.0,67,91.19402985074628
0.31,0.21,8.0,86,2.7674418604651163,6.689954806806491,16.27906976744186,109.21511627906976,79250.0,67,98.55522388059701
0.31,0.21,8.5,86,2.627906976744186,7.004819912124864,16.27906976744186,109.21511627906976,79250.0,67,98.55522388059701
0.31,0.21,9.0,86,2.5,7.338574285266515,16.27906976744186,111.9267441860465,102570.0,67,102.03582089552239
0.31,0.21,9.5,86,2.441860465116279,7.450794828047352,16.27906976744186,117.44418604651163,150020.0,67,105.21044776119403
0.31,0.21,10.0,86,2.4069767441860463,7.660865917950591,16.27906976744186,128.9406976744186,248890.0,67,107.60298507462687
0.31,0.22,5.0,86,4.383720930232558,4.816877555885785,18.6046511627907,92.3,-66220.0,67,86.99104477611941
0.31,0.22,5.5,86,3.9069767441860463,5.180443787595154,16.27906976744186,85.21744186046512,-127130.0,67,76.81940298507463
0.31,0.22,6.0,86,3.558139534883721,5.603314144326523,16.27906976744186,91.86162790697675,-69990.0,67,81.19701492537314
0.31,0.22,6.5,86,3.255813953488372,5.923410107694982,16.27906976744186,94.16046511627907,-50220.0,67,83.33731343283583
0.31,0.22,7.0,86,3.058139534883721,6.243248982640621,16.27906976744186,97.52790697674419,-21260.0,67,87.11940298507463
0.31,0.22,7.5,86,2.895348837209302,6.5045655044130966,16.27906976744186,102.00697674418605,17260.0,67,91.19402985074628
0.31,0.22,8.0,86,2.7674418604651163,6.689954806806491,16.27906976744186,109.21511627906976,79250.0,67,98.55522388059701
0.31,0.22,8.5,86,2.627906976744186,7.004819912124864,16.27906976744186,109.21511627906976,79250.0,67,98.55522388059701
0.31,0.22,9.0,86,2.5,7.338574285266515,16.27906976744186,111.9267441860465,102570.0,67,102.03582089552239
0.31,0.22,9.5,86,2.441860465116279,7.450794828047352,16.27906976744186,117.44418604651163,150020.0,67,105.21044776119403
0.31,0.22,10.0,86,2.4069767441860463,7.660865917950591,16.27906976744186,128.9406976744186,248890.0,67,107.60298507462687
0.31,0.23,5.0,86,4.383720930232558,4.816877555885785,18.6046511627907,92.3,-66220.0,67,86.99104477611941
0.31,0.23,5.5,86,3.9069767441860463,5.180443787595154,16.27906976744186,85.21744186046512,-127130.0,67,76.81940298507463
0.31,0.23,6.0,86,3.558139534883721,5.603314144326523,16.27906976744186,91.86162790697675,-69990.0,67,81.19701492537314
0.31,0.23,6.5,86,3.255813953488372,5.923410107694982,16.27906976744186,94.16046511627907,-50220.0,67,83.33731343283583
0.31,0.23,7.0,86,3.058139534883721,6.243248982640621,16.27906976744186,97.52790697674419,-21260.0,67,87.11940298507463
0.31,0.23,7.5,86,2.895348837209302,6.5045655044130966,16.27906976744186,102.00697674418605,17260.0,67,91.19402985074628
0.31,0.23,8.0,86,2.7674418604651163,6.689954806806491,16.27906976744186,109.21511627906976,79250.0,67,98.55522388059701
0.31,0.23,8.5,86,2.627906976744186,7.004819912124864,16.27906976744186,109.21511627906976,79250.0,67,98.55522388059701
0.31,0.23,9.0,86,2.5,7.338574285266515,16.27906976744186,111.9267441860465,102570.0,67,102.03582089552239
0.31,0.23,9.5,86,2.441860465116279,7.450794828047352,16.27906976744186,117.44418604651163,150020.0,67,105.21044776119403
0.31,0.23,10.0,86,2.4069767441860463,7.660865917950591,16.27906976744186,128.9406976744186,248890.0,67,107.60298507462687
0.31,0.24,5.0,86,4.383720930232558,4.816877555885785,18.6046511627907,92.3,-66220.0,67,86.99104477611941
0.31,0.24,5.5,86,3.9069767441860463,5.180443787595154,16.27906976744186,85.21744186046512,-127130.0,67,76.81940298507463
0.31,0.24,6.0,86,3.558139534883721,5.603314144326523,16.27906976744186,91.86162790697675,-69990.0,67,81.19701492537314
0.31,0.24,6.5,86,3.255813953488372,5.923410107694982,16.27906976744186,94.16046511627907,-50220.0,67,83.33731343283583
0.31,0.24,7.0,86,3.058139534883721,6.243248982640621,16.27906976744186,97.52790697674419,-21260.0,67,87.11940298507463
0.31,0.24,7.5,86,2.895348837209302,6.5045655044130966,16.27906976744186,102.00697674418605,17260.0,67,91.19402985074628
0.31,0.24,8.0,86,2.7674418604651163,6.689954806806491,16.27906976744186,109.21511627906976,79250.0,67,98.55522388059701
0.31,0.24,8.5,86,2.627906976744186,7.004819912124864,16.27906976744186,109.21511627906976,79250.0,67,98.55522388059701
0.31,0.24,9.0,86,2.5,7.338574285266515,16.27906976744186,111.9267441860465,102570.0,67,102.03582089552239
0.31,0.24,9.5,86,2.441860465116279,7.450794828047352,16.27906976744186,117.44418604651163,150020.0,67,105.21044776119403
0.31,0.24,10.0,86,2.4069767441860463,7.660865917950591,16.27906976744186,128.9406976744186,248890.0,67,107.60298507462687
0.31,0.25,5.0,84,4.416666666666667,4.813744549499605,19.047619047619047,94.49761904761905,-46220.0,65,89.6676923076923
0.31,0.25,5.5,84,3.9404761904761907,5.179887532533926,16.666666666666664,87.24642857142857,-107130.0,65,79.18307692307692
0.31,0.25,6.0,84,3.5952380952380953,5.610545959880771,16.666666666666664,94.04880952380952,-49990.0,65,83.69538461538461
0.31,0.25,6.5,84,3.2857142857142856,5.938263255710384,16.666666666666664,96.40238095238095,-30220.0,65,85.90153846153846
0.31,0.25,7.0,84,3.0833333333333335,6.265717341964254,16.666666666666664,99.85,-1260.0,65,89.8
0.31,0.25,7.5,84,2.9166666666666665,6.533255685683692,16.666666666666664,104.43571428571428,37260.0,65,94.0
0.31,0.25,8.0,84,2.7857142857142856,6.7230590190864525,16.666666666666664,111.81547619047619,99250.0,65,101.58769230769231
0.31,0.25,8.5,84,2.642857142857143,7.045420912626692,16.666666666666664,111.81547619047619,99250.0,65,101.58769230769231
0.31,0.25,9.0,84,2.511904761904762,7.387121818462189,16.666666666666664,114.59166666666667,122570.0,65,105.17538461538462
0.31,0.25,9.5,84,2.4523809523809526,7.502014278928285,16.666666666666664,120.24047619047619,170020.0,65,108.44769230769231
0.31,0.25,10.0,84,2.4166666666666665,7.717087061448268,16.666666666666664,132.01071428571427,268890.0,65,110.91384615384615
0.31,0.26,5.0,83,4.385542168674699,4.805057715992998,18.072289156626507,88.80240963855422,-92940.0,64,82.20625
0.31,0.26,5.5,83,3.9036144578313254,5.175612060268696,15.66265060240964,81.46385542168674,-153850.0,64,71.5578125
0.31,0.26,6.0,83,3.5542168674698793,5.611459143366708,15.66265060240964,88.34819277108434,-96710.0,64,76.140625
0.31,0.26,6.5,83,3.2409638554216866,5.943124840350894,15.66265060240964,90.73012048192771,-76940.0,64,78.38125
0.31,0.26,7.0,83,3.0481927710843375,6.25065916413751,15.66265060240964,92.51084337349397,-62160.0,64,80.125
0.31,0.26,7.5,83,2.8795180722891565,6.521420861395738,15.66265060240964,97.15180722891566,-23640.0,64,84.390625
0.31,0.26,8.0,83,2.7590361445783134,6.7035885687340695,15.66265060240964,102.91204819277108,24170.0,64,89.88125
0.31,0.26,8.5,83,2.6144578313253013,7.029834340509734,15.66265060240964,102.91204819277108,24170.0,64,89.88125
0.31,0.26,9.0,83,2.4819277108433737,7.375652124728792,15.66265060240964,105.72168674698796,47490.0,64,93.525
0.31,0.26,9.5,83,2.433734939759036,7.467111961780671,15.66265060240964,108.87590361445783,73670.0,64,93.525
0.31,0.26,10.0,83,2.397590361445783,7.684775982644269,15.66265060240964,120.78795180722892,172540.0,64,96.0296875
0.31,0.27,5.0,80,4.375,4.805606162788702,18.75,92.1325,-62940.0,61,86.24918032786886
0.31,0.27,5.5,80,3.9,5.174924259927769,16.25,84.51875,-123850.0,61,75.07704918032788
0.31,0.27,6.0,80,3.5625,5.596240995706031,16.25,91.66125,-66710.0,61,79.88524590163935
0.31,0.27,6.5,80,3.25,5.916324736423185,16.25,94.1325,-46940.0,61,82.23606557377049
0.31,0.27,7.0,80,3.05,6.2353915973518,16.25,95.98,-32160.0,61,84.06557377049181
0.31,0.27,7.5,80,2.875,6.5163068582572095,16.25,100.795,6360.0,61,88.54098360655738
0.31,0.27,8.0,80,2.75,6.70530585462073,16.25,106.77125,54170.0,61,94.3016393442623
0.31,0.27,8.5,80,2.625,6.976249116882303,16.25,106.77125,54170.0,61,94.3016393442623
0.31,0.27,9.0,80,2.4875,7.335035068009577,16.25,109.68625,77490.0,61,98.12459016393443
0.31,0.27,9.5,80,2.4375,7.429924648950902,16.25,112.95875,103670.0,61,98.12459016393443
0.31,0.27,10.0,80,2.4,7.6557510705968825,16.25,125.3175,202540.0,61,100.75245901639344
0.31,0.28,5.0,77,4.259740259740259,4.804101082479059,19.480519480519483,95.72207792207791,-32940.0,58,90.71034482758621
0.31,0.28,5.5,77,3.8051948051948052,5.174871910209523,16.883116883116884,87.81168831168831,-93850.0,58,78.96034482758621
0.31,0.28,6.0,77,3.4935064935064934,5.583758451186099,16.883116883116884,95.23246753246754,-36710.0,58,84.01724137931035
0.31,0.28,6.5,77,3.1818181818181817,5.906163660036774,16.883116883116884,97.8,-16940.0,58,86.48965517241379
0.31,0.28,7.0,77,2.987012987012987,6.2002931338219955,16.883116883116884,99.71948051948051,-2160.0,58,88.41379310344827
0.31,0.28,7.5,77,2.8181818181818183,6.47943732473262,16.883116883116884,104.72207792207791,36360.0,58,93.12068965517241
0.31,0.28,8.0,77,2.688311688311688,6.675799918357058,16.883116883116884,110.93116883116883,84170.0,58,99.17931034482758
0.31,0.28,8.5,77,2.5714285714285716,6.941542420088024,16.883116883116884,110.93116883116883,84170.0,58,99.17931034482758
0.31,0.28,9.0,77,2.4415584415584415,7.257738611193351,16.883116883116884,113.95974025974026,107490.0,58,103.2
0.31,0.28,9.5,77,2.4025974025974026,7.325897546365796,16.883116883116884,117.35974025974026,133670.0,58,103.2
0.31,0.28,10.0,77,2.3636363636363638,7.560522400023959,16.883116883116884,130.2,232540.0,58,105.96379310344828
0.31,0.29,5.0,74,4.3108108108108105,4.814471299858158,20.27027027027027,99.6027027027027,-2940.0,56,93.95
0.31,0.29,5.5,74,3.8378378378378377,5.200273377361479,17.56756756756757,91.37162162162163,-63850.0,56,81.78035714285714
0.31,0.29,6.0,74,3.527027027027027,5.600327796393553,17.56756756756757,99.09324324324324,-6710.0,56,87.01785714285714
0.31,0.29,6.5,74,3.2027027027027026,5.935803486684121,17.56756756756757,101.76486486486486,13060.0,56,89.57857142857142
0.31,0.29,7.0,74,3.0135135135135136,6.1968838942218305,17.56756756756757,103.76216216216216,27840.0,56,91.57142857142857
0.31,0.29,7.5,74,2.8378378378378377,6.487344741520725,17.56756756756757,108.96756756756757,66360.0,56,96.44642857142857
0.31,0.29,8.0,74,2.7027027027027026,6.691667980832639,17.56756756756757,115.42837837837838,114170.0,56,102.72142857142858
0.31,0.29,8.5,74,2.581081081081081,6.968183827228374,17.56756756756757,115.42837837837838,114170.0,56,102.72142857142858
0.31,0.29,9.0,74,2.4594594594594597,7.240205955880586,17.56756756756757,118.57972972972973,137490.0,56,106.88571428571429
0.31,0.29,9.5,74,2.418918918918919,7.311128091127589,17.56756756756757,122.11756756756756,163670.0,56,106.88571428571429
0.31,0.29,10.0,74,2.3783783783783785,7.5552647631773,17.56756756756757,135.47837837837838,262540.0,56,109.74821428571428
0.31,0.3,5.0,73,4.260273972602739,4.808915248105943,20.54794520547945,100.96712328767123,7060.0,56,93.95
0.31,0.3,5.5,73,3.7945205479452055,5.197807583594224,17.80821917808219,92.62328767123287,-53850.0,56,81.78035714285714
0.31,0.3,6.0,73,3.493150684931507,5.593205641831815,17.80821917808219,100.45068493150686,3290.0,56,87.01785714285714
0.31,0.3,6.5,73,3.191780821917808,5.9251718232705235,17.80821917808219,103.15890410958905,23060.0,56,89.57857142857142
0.31,0.3,7.0,73,3.0,6.189828674747106,17.80821917808219,105.18356164383562,37840.0,56,91.57142857142857
0.31,0.3,7.5,73,2.835616438356164,6.46864041802411,17.80821917808219,110.46027397260274,76360.0,56,96.44642857142857
0.31,0.3,8.0,73,2.6986301369863015,6.67576260581975,17.80821917808219,117.0095890410959,124170.0,56,102.72142857142858
0.31,0.3,8.5,73,2.5753424657534247,6.956066340522274,17.80821917808219,117.0095890410959,124170.0,56,102.72142857142858
0.31,0.3,9.0,73,2.4657534246575343,7.208951451483021,17.80821917808219,120.2041095890411,147490.0,56,106.88571428571429
0.31,0.3,9.5,73,2.4246575342465753,7.280845122829299,17.80821917808219,123.7904109589041,173670.0,56,106.88571428571429
0.31,0.3,10.0,73,2.3835616438356166,7.528326132852292,17.80821917808219,137.33424657534246,272540.0,56,109.74821428571428
0.31,0.31,5.0,70,4.0285714285714285,4.804481544888475,20.0,98.24428571428571,-12290.0,53,89.9566037735849
0.31,0.31,5.5,70,3.585714285714286,5.192639076781482,17.142857142857142,89.54285714285714,-73200.0,53,77.09811320754717
0.31,0.31,6.0,70,3.3,5.586096852147644,17.142857142857142,95.82571428571428,-29220.0,53,80.14905660377359
0.31,0.31,6.5,70,3.0428571428571427,5.9029823732963855,17.142857142857142,98.65,-9450.0,53,82.85471698113207
0.31,0.31,7.0,70,2.8714285714285714,6.167987313293364,17.142857142857142,99.82142857142857,-1250.0,53,83.7188679245283
0.31,0.31,7.5,70,2.7285714285714286,6.426566442639475,17.142857142857142,103.91428571428571,27400.0,53,87.00754716981132
0.31,0.31,8.0,70,2.6,6.608118209348102,17.142857142857142,110.74428571428571,75210.0,53,93.6377358490566
0.31,0.31,8.5,70,2.4857142857142858,6.892053472327821,17.142857142857142,110.74428571428571,75210.0,53,93.6377358490566
0.31,0.31,9.0,70,2.3857142857142857,7.13450294439788,17.142857142857142,111.72571428571429,82080.0,53,94.93396226415095
0.31,0.31,9.5,70,2.342857142857143,7.2094777730875705,17.142857142857142,115.46571428571428,108260.0,53,94.93396226415095
0.31,0.31,10.0,70,2.3,7.467565112111549,17.142857142857142,129.59,207130.0,53,97.95849056603774
0.31,0.32,5.0,64,4.09375,4.780327990842473,21.875,107.4546875,47710.0,47,101.4404255319149
0.31,0.32,5.5,64,3.625,5.188387315221134,18.75,97.9375,-13200.0,47,86.9404255319149
0.31,0.32,6.0,64,3.34375,5.5949056212867685,18.75,104.809375,30780.0,47,90.38085106382978
0.31,0.32,6.5,64,3.09375,5.881438260013637,18.75,107.8984375,50550.0,47,93.43191489361702
0.31,0.32,7.0,64,2.921875,6.1215799968405715,18.75,109.1796875,58750.0,47,94.4063829787234
0.31,0.32,7.5,64,2.765625,6.404400919562882,18.75,113.65625,87400.0,47,98.11489361702128
0.31,0.32,8.0,64,2.625,6.602973164400442,18.75,121.1265625,135210.0,47,105.59148936170213
0.31,0.32,8.5,64,2.515625,6.8646416013988345,18.75,121.1265625,135210.0,47,105.59148936170213
0.31,0.32,9.0,64,2.40625,7.129820711475462,18.75,122.2,142080.0,47,107.05319148936171
0.31,0.32,9.5,64,2.359375,7.211824430354811,18.75,126.290625,168260.0,47,107.05319148936171
0.31,0.32,10.0,64,2.328125,7.37000098241357,18.75,141.7390625,267130.0,47,110.46382978723405
0.32,0.15,5.0,75,4.226666666666667,4.819375381497228,20.0,99.25733333333334,-5570.0,58,91.98103448275862
0.32,0.15,5.5,75,3.7733333333333334,5.17754208074093,17.333333333333336,91.136,-66480.0,58,80.23103448275862
0.32,0.15,6.0,75,3.466666666666667,5.574487293910571,17.333333333333336,97.0,-22500.0,58,83.01896551724138
0.32,0.15,6.5,75,3.2,5.893504287377092,17.333333333333336,99.636,-2730.0,58,85.49137931034483
0.32,0.15,7.0,75,3.013333333333333,6.242454352985022,17.333333333333336,102.62,19650.0,58,88.72586206896551
0.32,0.15,7.5,75,2.8666666666666667,6.492304034938939,17.333333333333336,106.44,48300.0,58,91.73103448275862
0.32,0.15,8.0,75,2.72,6.70488376835003,17.333333333333336,114.70533333333333,110290.0,58,100.23448275862069
0.32,0.15,8.5,75,2.6,6.974068890860458,17.333333333333336,114.70533333333333,110290.0,58,100.23448275862069
0.32,0.15,9.0,75,2.493333333333333,7.22260872372757,17.333333333333336,115.62133333333334,117160.0,58,101.41896551724138
0.32,0.15,9.5,75,2.4266666666666667,7.351288279449597,17.333333333333336,121.948,164610.0,58,105.08620689655173
0.32,0.15,10.0,75,2.3866666666666667,7.592169795871978,17.333333333333336,135.13066666666666,263480.0,58,107.85
0.32,0.16,5.0,75,4.226666666666667,4.819375381497228,20.0,99.25733333333334,-5570.0,58,91.98103448275862
0.32,0.16,5.5,75,3.7733333333333334,5.17754208074093,17.333333333333336,91.136,-66480.0,58,80.23103448275862
0.32,0.16,6.0,75,3.466666666666667,5.574487293910571,17.333333333333336,97.0,-22500.0,58,83.01896551724138
0.32,0.16,6.5,75,3.2,5.893504287377092,17.333333333333336,99.636,-2730.0,58,85.49137931034483
0.32,0.16,7.0,75,3.013333333333333,6.242454352985022,17.333333333333336,102.62,19650.0,58,88.72586206896551
0.32,0.16,7.5,75,2.8666666666666667,6.492304034938939,17.333333333333336,106.44,48300.0,58,91.73103448275862
0.32,0.16,8.0,75,2.72,6.70488376835003,17.333333333333336,114.70533333333333,110290.0,58,100.23448275862069
0.32,0.16,8.5,75,2.6,6.974068890860458,17.333333333333336,114.70533333333333,110290.0,58,100.23448275862069
0.32,0.16,9.0,75,2.493333333333333,7.22260872372757,17.333333333333336,115.62133333333334,117160.0,58,101.41896551724138
0.32,0.16,9.5,75,2.4266666666666667,7.351288279449597,17.333333333333336,121.948,164610.0,58,105.08620689655173
0.32,0.16,10.0,75,2.3866666666666667,7.592169795871978,17.333333333333336,135.13066666666666,263480.0,58,107.85
0.32,0.17,5.0,75,4.226666666666667,4.819375381497228,20.0,99.25733333333334,-5570.0,58,91.98103448275862
0.32,0.17,5.5,75,3.7733333333333334,5.17754208074093,17.333333333333336,91.136,-66480.0,58,80.23103448275862
0.32,0.17,6.0,75,3.466666666666667,5.574487293910571,17.333333333333336,97.0,-22500.0,58,83.01896551724138
0.32,0.17,6.5,75,3.2,5.893504287377092,17.333333333333336,99.636,-2730.0,58,85.49137931034483
0.32,0.17,7.0,75,3.013333333333333,6.242454352985022,17.333333333333336,102.62,19650.0,58,88.72586206896551
0.32,0.17,7.5,75,2.8666666666666667,6.492304034938939,17.333333333333336,106.44,48300.0,58,91.73103448275862
0.32,0.17,8.0,75,2.72,6.70488376835003,17.333333333333336,114.70533333333333,110290.0,58,100.23448275862069
0.32,0.17,8.5,75,2.6,6.974068890860458,17.333333333333336,114.70533333333333,110290.0,58,100.23448275862069
0.32,0.17,9.0,75,2.493333333333333,7.22260872372757,17.333333333333336,115.62133333333334,117160.0,58,101.41896551724138
0.32,0.17,9.5,75,2.4266666666666667,7.351288279449597,17.333333333333336,121.948,164610.0,58,105.08620689655173
0.32,0.17,10.0,75,2.3866666666666667,7.592169795871978,17.333333333333336,135.13066666666666,263480.0,58,107.85
0.32,0.18,5.0,75,4.226666666666667,4.819375381497228,20.0,99.25733333333334,-5570.0,58,91.98103448275862
0.32,0.18,5.5,75,3.7733333333333334,5.17754208074093,17.333333333333336,91.136,-66480.0,58,80.23103448275862
0.32,0.18,6.0,75,3.466666666666667,5.574487293910571,17.333333333333336,97.0,-22500.0,58,83.01896551724138
0.32,0.18,6.5,75,3.2,5.893504287377092,17.333333333333336,99.636,-2730.0,58,85.49137931034483
0.32,0.18,7.0,75,3.013333333333333,6.242454352985022,17.333333333333336,102.62,19650.0,58,88.72586206896551
0.32,0.18,7.5,75,2.8666666666666667,6.492304034938939,17.333333333333336,106.44,48300.0,58,91.73103448275862
0.32,0.18,8.0,75,2.72,6.70488376835003,17.333333333333336,114.70533333333333,110290.0,58,100.23448275862069
0.32,0.18,8.5,75,2.6,6.974068890860458,17.333333333333336,114.70533333333333,110290.0,58,100.23448275862069
0.32,0.18,9.0,75,2.493333333333333,7.22260872372757,17.333333333333336,115.62133333333334,117160.0,58,101.41896551724138
0.32,0.18,9.5,75,2.4266666666666667,7.351288279449597,17.333333333333336,121.948,164610.0,58,105.08620689655173
0.32,0.18,10.0,75,2.3866666666666667,7.592169795871978,17.333333333333336,135.13066666666666,263480.0,58,107.85
0.32,0.19,5.0,75,4.226666666666667,4.819375381497228,20.0,99.25733333333334,-5570.0,58,91.98103448275862
0.32,0.19,5.5,75,3.7733333333333334,5.17754208074093,17.333333333333336,91.136,-66480.0,58,80.23103448275862
0.32,0.19,6.0,75,3.466666666666667,5.574487293910571,17.333333333333336,97.0,-22500.0,58,83.01896551724138
0.32,0.19,6.5,75,3.2,5.893504287377092,17.333333333333336,99.636,-2730.0,58,85.49137931034483
0.32,0.19,7.0,75,3.013333333333333,6.242454352985022,17.333333333333336,102.62,19650.0,58,88.72586206896551
0.32,0.19,7.5,75,2.8666666666666667,6.492304034938939,17.333333333333336,106.44,48300.0,58,91.73103448275862
0.32,0.19,8.0,75,2.72,6.70488376835003,17.333333333333336,114.70533333333333,110290.0,58,100.23448275862069
0.32,0.19,8.5,75,2.6,6.974068890860458,17.333333333333336,114.70533333333333,110290.0,58,100.23448275862069
0.32,0.19,9.0,75,2.493333333333333,7.22260872372757,17.333333333333336,115.62133333333334,117160.0,58,101.41896551724138
0.32,0.19,9.5,75,2.4266666666666667,7.351288279449597,17.333333333333336,121.948,164610.0,58,105.08620689655173
0.32,0.19,10.0,75,2.3866666666666667,7.592169795871978,17.333333333333336,135.13066666666666,263480.0,58,107.85
0.32,0.2,5.0,75,4.226666666666667,4.819375381497228,20.0,99.25733333333334,-5570.0,58,91.98103448275862
0.32,0.2,5.5,75,3.7733333333333334,5.17754208074093,17.333333333333336,91.136,-66480.0,58,80.23103448275862
0.32,0.2,6.0,75,3.466666666666667,5.574487293910571,17.333333333333336,97.0,-22500.0,58,83.01896551724138
0.32,0.2,6.5,75,3.2,5.893504287377092,17.333333333333336,99.636,-2730.0,58,85.49137931034483
0.32,0.2,7.0,75,3.013333333333333,6.242454352985022,17.333333333333336,102.62,19650.0,58,88.72586206896551
0.32,0.2,7.5,75,2.8666666666666667,6.492304034938939,17.333333333333336,106.44,48300.0,58,91.73103448275862
0.32,0.2,8.0,75,2.72,6.70488376835003,17.333333333333336,114.70533333333333,110290.0,58,100.23448275862069
0.32,0.2,8.5,75,2.6,6.974068890860458,17.333333333333336,114.70533333333333,110290.0,58,100.23448275862069
0.32,0.2,9.0,75,2.493333333333333,7.22260872372757,17.333333333333336,115.62133333333334,117160.0,58,101.41896551724138
0.32,0.2,9.5,75,2.4266666666666667,7.351288279449597,17.333333333333336,121.948,164610.0,58,105.08620689655173
0.32,0.2,10.0,75,2.3866666666666667,7.592169795871978,17.333333333333336,135.13066666666666,263480.0,58,107.85
0.32,0.21,5.0,75,4.226666666666667,4.819375381497228,20.0,99.25733333333334,-5570.0,58,91.98103448275862
0.32,0.21,5.5,75,3.7733333333333334,5.17754208074093,17.333333333333336,91.136,-66480.0,58,80.23103448275862
0.32,0.21,6.0,75,3.466666666666667,5.574487293910571,17.333333333333336,97.0,-22500.0,58,83.01896551724138
0.32,0.21,6.5,75,3.2,5.893504287377092,17.333333333333336,99.636,-2730.0,58,85.49137931034483
0.32,0.21,7.0,75,3.013333333333333,6.242454352985022,17.333333333333336,102.62,19650.0,58,88.72586206896551
0.32,0.21,7.5,75,2.8666666666666667,6.492304034938939,17.333333333333336,106.44,48300.0,58,91.73103448275862
0.32,0.21,8.0,75,2.72,6.70488376835003,17.333333333333336,114.70533333333333,110290.0,58,100.23448275862069
0.32,0.21,8.5,75,2.6,6.974068890860458,17.333333333333336,114.70533333333333,110290.0,58,100.23448275862069
0.32,0.21,9.0,75,2.493333333333333,7.22260872372757,17.333333333333336,115.62133333333334,117160.0,58,101.41896551724138
0.32,0.21,9.5,75,2.4266666666666667,7.351288279449597,17.333333333333336,121.948,164610.0,58,105.08620689655173
0.32,0.21,10.0,75,2.3866666666666667,7.592169795871978,17.333333333333336,135.13066666666666,263480.0,58,107.85
0.32,0.22,5.0,75,4.226666666666667,4.819375381497228,20.0,99.25733333333334,-5570.0,58,91.98103448275862
0.32,0.22,5.5,75,3.7733333333333334,5.17754208074093,17.333333333333336,91.136,-66480.0,58,80.23103448275862
0.32,0.22,6.0,75,3.466666666666667,5.574487293910571,17.333333333333336,97.0,-22500.0,58,83.01896551724138
0.32,0.22,6.5,75,3.2,5.893504287377092,17.333333333333336,99.636,-2730.0,58,85.49137931034483
0.32,0.22,7.0,75,3.013333333333333,6.242454352985022,17.333333333333336,102.62,19650.0,58,88.72586206896551
0.32,0.22,7.5,75,2.8666666666666667,6.492304034938939,17.333333333333336,106.44,48300.0,58,91.73103448275862
0.32,0.22,8.0,75,2.72,6.70488376835003,17.333333333333336,114.70533333333333,110290.0,58,100.23448275862069
0.32,0.22,8.5,75,2.6,6.974068890860458,17.333333333333336,114.70533333333333,110290.0,58,100.23448275862069
0.32,0.22,9.0,75,2.493333333333333,7.22260872372757,17.333333333333336,115.62133333333334,117160.0,58,101.41896551724138
0.32,0.22,9.5,75,2.4266666666666667,7.351288279449597,17.333333333333336,121.948,164610.0,58,105.08620689655173
0.32,0.22,10.0,75,2.3866666666666667,7.592169795871978,17.333333333333336,135.13066666666666,263480.0,58,107.85
0.32,0.23,5.0,75,4.226666666666667,4.819375381497228,20.0,99.25733333333334,-5570.0,58,91.98103448275862
0.32,0.23,5.5,75,3.7733333333333334,5.17754208074093,17.333333333333336,91.136,-66480.0,58,80.23103448275862
0.32,0.23,6.0,75,3.466666666666667,5.574487293910571,17.333333333333336,97.0,-22500.0,58,83.01896551724138
0.32,0.23,6.5,75,3.2,5.893504287377092,17.333333333333336,99.636,-2730.0,58,85.49137931034483
0.32,0.23,7.0,75,3.013333333333333,6.242454352985022,17.333333333333336,102.62,19650.0,58,88.72586206896551
0.32,0.23,7.5,75,2.8666666666666667,6.492304034938939,17.333333333333336,106.44,48300.0,58,91.73103448275862
0.32,0.23,8.0,75,2.72,6.70488376835003,17.333333333333336,114.70533333333333,110290.0,58,100.23448275862069
0.32,0.23,8.5,75,2.6,6.974068890860458,17.333333333333336,114.70533333333333,110290.0,58,100.23448275862069
0.32,0.23,9.0,75,2.493333333333333,7.22260872372757,17.333333333333336,115.62133333333334,117160.0,58,101.41896551724138
0.32,0.23,9.5,75,2.4266666666666667,7.351288279449597,17.333333333333336,121.948,164610.0,58,105.08620689655173
0.32,0.23,10.0,75,2.3866666666666667,7.592169795871978,17.333333333333336,135.13066666666666,263480.0,58,107.85
0.32,0.24,5.0,75,4.226666666666667,4.819375381497228,20.0,99.25733333333334,-5570.0,58,91.98103448275862
0.32,0.24,5.5,75,3.7733333333333334,5.17754208074093,17.333333333333336,91.136,-66480.0,58,80.23103448275862
0.32,0.24,6.0,75,3.466666666666667,5.574487293910571,17.333333333333336,97.0,-22500.0,58,83.01896551724138
0.32,0.24,6.5,75,3.2,5.893504287377092,17.333333333333336,99.636,-2730.0,58,85.49137931034483
0.32,0.24,7.0,75,3.013333333333333,6.242454352985022,17.333333333333336,102.62,19650.0,58,88.72586206896551
0.32,0.24,7.5,75,2.8666666666666667,6.492304034938939,17.333333333333336,106.44,48300.0,58,91.73103448275862
0.32,0.24,8.0,75,2.72,6.70488376835003,17.333333333333336,114.70533333333333,110290.0,58,100.23448275862069
0.32,0.24,8.5,75,2.6,6.974068890860458,17.333333333333336,114.70533333333333,110290.0,58,100.23448275862069
0.32,0.24,9.0,75,2.493333333333333,7.22260872372757,17.333333333333336,115.62133333333334,117160.0,58,101.41896551724138
0.32,0.24,9.5,75,2.4266666666666667,7.351288279449597,17.333333333333336,121.948,164610.0,58,105.08620689655173
0.32,0.24,10.0,75,2.3866666666666667,7.592169795871978,17.333333333333336,135.13066666666666,263480.0,58,107.85
0.32,0.25,5.0,74,4.256756756756757,4.818292030179686,20.27027027027027,100.59864864864865,4430.0,57,93.59473684210526
0.32,0.25,5.5,74,3.7972972972972974,5.1812988199537084,17.56756756756757,92.36756756756756,-56480.0,57,81.63859649122807
0.32,0.25,6.0,74,3.4864864864864864,5.583608157625642,17.56756756756757,98.3108108108108,-12500.0,57,84.47543859649123
0.32,0.25,6.5,74,3.2162162162162162,5.906936191544411,17.56756756756757,100.98243243243243,7270.0,57,86.99122807017544
0.32,0.25,7.0,74,3.027027027027027,6.260601798579475,17.56756756756757,104.00675675675676,29650.0,57,90.28245614035087
0.32,0.25,7.5,74,2.8783783783783785,6.513827827586823,17.56756756756757,107.87837837837837,58300.0,57,93.34035087719299
0.32,0.25,8.0,74,2.72972972972973,6.729280260098065,17.56756756756757,116.25540540540541,120290.0,57,101.99298245614035
0.32,0.25,8.5,74,2.608108108108108,7.002103019399175,17.56756756756757,116.25540540540541,120290.0,57,101.99298245614035
0.32,0.25,9.0,74,2.5,7.254001498656384,17.56756756756757,117.18378378378378,127160.0,57,103.19824561403509
0.32,0.25,9.5,74,2.4324324324324325,7.384419967293573,17.56756756756757,123.59594594594594,174610.0,57,106.9298245614035
0.32,0.25,10.0,74,2.391891891891892,7.628556639343283,17.56756756756757,136.95675675675676,273480.0,57,109.7421052631579
0.32,0.26,5.0,73,4.219178082191781,4.8084775137362845,19.17808219178082,94.2068493150685,-42290.0,56,85.1375
0.32,0.26,5.5,73,3.7534246575342465,5.176456999260636,16.43835616438356,85.86301369863014,-103200.0,56,72.96785714285714
0.32,0.26,6.0,73,3.4383561643835616,5.584277423749993,16.43835616438356,91.88767123287671,-59220.0,56,75.85535714285714
0.32,0.26,6.5,73,3.164383561643836,5.912034608818335,16.43835616438356,94.5958904109589,-39450.0,56,78.41607142857143
0.32,0.26,7.0,73,2.9863013698630136,6.243410780730099,16.43835616438356,95.71917808219177,-31250.0,56,79.23392857142858
0.32,0.26,7.5,73,2.835616438356164,6.500105659449876,16.43835616438356,99.64383561643835,-2600.0,56,82.34642857142858
0.32,0.26,8.0,73,2.6986301369863015,6.707227847245515,16.43835616438356,106.19315068493151,45210.0,56,88.62142857142857
0.32,0.26,8.5,73,2.5753424657534247,6.983787904619241,16.43835616438356,106.19315068493151,45210.0,56,88.62142857142857
0.32,0.26,9.0,73,2.4657534246575343,7.239137047975864,16.43835616438356,107.13424657534246,52080.0,56,89.84821428571429
0.32,0.26,9.5,73,2.410958904109589,7.343125629829371,16.43835616438356,110.72054794520548,78260.0,56,89.84821428571429
0.32,0.26,10.0,73,2.3698630136986303,7.590606639852364,16.43835616438356,124.26438356164384,177130.0,56,92.71071428571429
0.32,0.27,5.0,70,4.2,4.8092508728346575,20.0,98.24428571428571,-12290.0,53,89.9566037735849
0.32,0.27,5.5,70,3.742857142857143,5.175707153399231,17.142857142857142,89.54285714285714,-73200.0,53,77.09811320754717
0.32,0.27,6.0,70,3.442857142857143,5.565720324154218,17.142857142857142,95.82571428571428,-29220.0,53,80.14905660377359
0.32,0.27,6.5,70,3.1714285714285713,5.880073480120986,17.142857142857142,98.65,-9450.0,53,82.85471698113207
0.32,0.27,7.0,70,2.9857142857142858,6.2256514879718265,17.142857142857142,99.82142857142857,-1250.0,53,83.7188679245283
0.32,0.27,7.5,70,2.8285714285714287,6.493347575779595,17.142857142857142,103.91428571428571,27400.0,53,87.00754716981132
0.32,0.27,8.0,70,2.6857142857142855,6.709346428766476,17.142857142857142,110.74428571428571,75210.0,53,93.6377358490566
0.32,0.27,8.5,70,2.585714285714286,6.920574230364015,17.142857142857142,110.74428571428571,75210.0,53,93.6377358490566
0.32,0.27,9.0,70,2.4714285714285715,7.186866908435921,17.142857142857142,111.72571428571429,82080.0,53,94.93396226415095
0.32,0.27,9.5,70,2.414285714285714,7.295312143797435,17.142857142857142,115.46571428571428,108260.0,53,94.93396226415095
0.32,0.27,10.0,70,2.3714285714285714,7.553399482821415,17.142857142857142,129.59,207130.0,53,97.95849056603774
0.32,0.28,5.0,68,4.0588235294117645,4.807920924285905,20.588235294117645,101.13382352941177,7710.0,51,93.4843137254902
0.32,0.28,5.5,68,3.6323529411764706,5.170506889045324,17.647058823529413,92.17647058823529,-53200.0,51,80.12156862745098
0.32,0.28,6.0,68,3.3529411764705883,5.566537260299292,17.647058823529413,98.64411764705882,-9220.0,51,83.2921568627451
0.32,0.28,6.5,68,3.088235294117647,5.87864347709052,17.647058823529413,101.55147058823529,10550.0,51,86.10392156862746
0.32,0.28,7.0,68,2.911764705882353,6.1920711411601035,17.647058823529413,102.75735294117646,18750.0,51,87.00196078431372
0.32,0.28,7.5,68,2.764705882352941,6.453241846663473,17.647058823529413,106.97058823529412,47400.0,51,90.41960784313726
0.32,0.28,8.0,68,2.6176470588235294,6.675593607091144,17.647058823529413,114.00147058823529,95210.0,51,97.30980392156863
0.32,0.28,8.5,68,2.5294117647058822,6.875191515388,17.647058823529413,114.00147058823529,95210.0,51,97.30980392156863
0.32,0.28,9.0,68,2.411764705882353,7.149316331050255,17.647058823529413,115.01176470588236,102080.0,51,98.65686274509804
0.32,0.28,9.5,68,2.3676470588235294,7.226496301760231,17.647058823529413,118.86176470588235,128260.0,51,98.65686274509804
0.32,0.28,10.0,68,2.323529411764706,7.492174444873151,17.647058823529413,133.4014705882353,227130.0,51,101.8
0.32,0.29,5.0,66,4.106060606060606,4.816432746216024,21.21212121212121,104.19848484848485,27710.0,49,97.3
0.32,0.29,5.5,66,3.6666666666666665,5.190006164453002,18.181818181818183,94.96969696969697,-33200.0,49,83.39183673469388
0.32,0.29,6.0,66,3.378787878787879,5.598037456047997,18.181818181818183,101.63333333333334,10780.0,49,86.69183673469388
0.32,0.29,6.5,66,3.106060606060606,5.919601436984414,18.181818181818183,104.62878787878788,30550.0,49,89.61836734693877
0.32,0.29,7.0,66,2.9393939393939394,6.192102373848962,18.181818181818183,105.87121212121212,38750.0,49,90.5530612244898
0.32,0.29,7.5,66,2.787878787878788,6.461187343155465,18.181818181818183,110.21212121212122,67400.0,49,94.11020408163266
0.32,0.29,8.0,66,2.6363636363636362,6.690277035717307,18.181818181818183,117.4560606060606,115210.0,49,101.28163265306122
0.32,0.29,8.5,66,2.5454545454545454,6.895923365477705,18.181818181818183,117.4560606060606,115210.0,49,101.28163265306122
0.32,0.29,9.0,66,2.4242424242424243,7.178354993735788,18.181818181818183,118.4969696969697,122080.0,49,102.68367346938776
0.32,0.29,9.5,66,2.378787878787879,7.257873751436973,18.181818181818183,122.46363636363637,148260.0,49,102.68367346938776
0.32,0.29,10.0,66,2.3333333333333335,7.531602747371497,18.181818181818183,137.4439393939394,247130.0,49,105.95510204081633
0.32,0.3,5.0,65,4.046153846153846,4.8102230488075035,21.53846153846154,105.80153846153846,37710.0,49,97.3
0.32,0.3,5.5,65,3.6153846153846154,5.187078931254261,18.461538461538463,96.43076923076923,-23200.0,49,83.39183673469388
0.32,0.3,6.0,65,3.3384615384615386,5.590003492611806,18.461538461538463,103.19692307692307,20780.0,49,86.69183673469388
0.32,0.3,6.5,65,3.0923076923076924,5.907411998847609,18.461538461538463,106.23846153846154,40550.0,49,89.61836734693877
0.32,0.3,7.0,65,2.923076923076923,6.184105257817766,18.461538461538463,107.5,48750.0,49,90.5530612244898
0.32,0.3,7.5,65,2.7846153846153845,6.439778527561339,18.461538461538463,111.9076923076923,77400.0,49,94.11020408163266
0.32,0.3,8.0,65,2.6307692307692307,6.672392676931826,18.461538461538463,119.26307692307692,125210.0,49,101.28163265306122
0.32,0.3,8.5,65,2.5384615384615383,6.881202796380846,18.461538461538463,119.26307692307692,125210.0,49,101.28163265306122
0.32,0.3,9.0,65,2.4307692307692306,7.142302227840908,18.461538461538463,120.32,132080.0,49,102.68367346938776
0.32,0.3,9.5,65,2.3846153846153846,7.22304435104519,18.461538461538463,124.34769230769231,158260.0,49,102.68367346938776
0.32,0.3,10.0,65,2.3384615384615386,7.500984562301783,18.461538461538463,139.55846153846153,257130.0,49,105.95510204081633
0.32,0.31,5.0,64,3.984375,4.812074848631903,21.875,107.4546875,47710.0,48,99.32708333333333
0.32,0.31,5.5,64,3.5625,5.183691364968708,18.75,97.9375,-13200.0,48,85.12916666666666
0.32,0.31,6.0,64,3.28125,5.592911622597464,18.75,104.809375,30780.0,48,88.49791666666667
0.32,0.31,6.5,64,3.046875,5.896264871794245,18.75,107.8984375,50550.0,48,91.48541666666667
0.32,0.31,7.0,64,2.875,6.177281462935809,18.75,109.1796875,58750.0,48,92.43958333333333
0.32,0.31,7.5,64,2.734375,6.436949627519126,18.75,113.65625,87400.0,48,96.07083333333334
0.32,0.31,8.0,64,2.59375,6.635521872356688,18.75,121.1265625,135210.0,48,103.39166666666667
0.32,0.31,8.5,64,2.5,6.847594649922097,18.75,121.1265625,135210.0,48,103.39166666666667
0.32,0.31,9.0,64,2.390625,7.112773759998724,18.75,122.2,142080.0,48,104.82291666666667
0.32,0.31,9.5,64,2.34375,7.1947774788780725,18.75,126.290625,168260.0,48,104.82291666666667
0.32,0.31,10.0,64,2.296875,7.477060505935549,18.75,141.7390625,267130.0,48,108.1625
0.32,0.32,5.0,59,4.067796610169491,4.784860156339999,23.728813559322035,116.56101694915255,97710.0,43,110.87674418604651
0.32,0.32,5.5,59,3.610169491525424,5.187969597790093,20.33898305084746,106.23728813559322,36800.0,43,95.02790697674419
0.32,0.32,6.0,59,3.3389830508474576,5.6060242384817816,20.33898305084746,113.69152542372882,80780.0,43,98.78837209302326
0.32,0.32,6.5,59,3.1016949152542375,5.888856591038429,20.33898305084746,117.04237288135593,100550.0,43,102.12325581395349
0.32,0.32,7.0,59,2.9322033898305087,6.139768238329878,20.33898305084746,118.4322033898305,108750.0,43,103.18837209302326
0.32,0.32,7.5,59,2.7796610169491527,6.421442179572798,20.33898305084746,123.28813559322033,137400.0,43,107.24186046511628
0.32,0.32,8.0,59,2.6271186440677967,6.636842580752527,20.33898305084746,131.3915254237288,185210.0,43,115.41395348837209
0.32,0.32,8.5,59,2.5254237288135593,6.866887627603139,20.33898305084746,131.3915254237288,185210.0,43,115.41395348837209
0.32,0.32,9.0,59,2.406779661016949,7.154539543618465,20.33898305084746,132.55593220338983,192080.0,43,117.01162790697674
0.32,0.32,9.5,59,2.3559322033898304,7.243492730199453,20.33898305084746,136.99322033898306,218260.0,43,117.01162790697674
0.32,0.32,10.0,59,2.3220338983050848,7.415074074805564,20.33898305084746,153.75084745762712,317130.0,43,120.73953488372094
