selector,target,month,race_code,score,n,hit,return_yen,comp_odds,y4
V265_200_TOP,7.0,2026-04,202604010110,0.377793166204427,10,0,0.0,6.621542990706436,0
V265_200_TOP,7.0,2026-04,202604010206,0.33657134149149504,2,0,0.0,7.370847457627118,0
V265_200_TOP,7.0,2026-04,202604010603,0.2527008844456851,4,0,0.0,6.369206424677222,1
V265_200_TOP,7.0,2026-04,202604010804,0.34390565109165594,3,0,0.0,6.312047008516348,1
V265_200_TOP,7.0,2026-04,202604020108,0.3839607199427347,2,0,0.0,6.069958847736625,0
V265_200_TOP,7.0,2026-04,202604022209,0.2527599191614724,3,0,0.0,6.8005735802636895,0
V265_200_TOP,7.0,2026-04,202604030402,0.5263263210403811,2,0,0.0,7.531353135313531,0
V265_200_TOP,7.0,2026-04,202604031806,0.2561050064638447,2,0,0.0,6.532584269662922,0
V265_200_TOP,7.0,2026-04,202604041505,0.23480429291762125,5,0,0.0,7.075411455081686,0
V265_200_TOP,7.0,2026-04,202604042202,0.3985341855700158,2,0,0.0,6.39375,0
V265_200_TOP,7.0,2026-04,202604052207,0.22213171094118705,3,0,0.0,8.734920117378547,0
V265_200_TOP,7.0,2026-04,202604070808,0.3675713927266906,2,0,0.0,5.27688679245283,0
V265_200_TOP,7.0,2026-04,202604071007,0.2392433670596289,5,0,0.0,7.323743167187085,0
V265_200_TOP,7.0,2026-04,202604072403,0.3727464381534735,4,0,0.0,5.635766920167453,0
V265_200_TOP,7.0,2026-04,202604081111,0.32811911014691947,5,0,0.0,6.420051051236147,0
V265_200_TOP,7.0,2026-04,202604082303,0.2093441220558494,3,0,0.0,6.9352625298329365,1
V265_200_TOP,7.0,2026-04,202604082306,0.3288199698932077,2,1,54500.0,5.399537037037037,1
V265_200_TOP,7.0,2026-04,202604090703,0.25903646798236596,2,0,0.0,7.899683544303797,1
V265_200_TOP,7.0,2026-04,202604091506,0.23879741400239188,3,0,0.0,7.284654640998434,0
V265_200_TOP,7.0,2026-04,202604091609,0.23088541587789677,5,0,0.0,6.912465376919977,0
V265_200_TOP,7.0,2026-04,202604100708,0.22756172101458638,2,0,0.0,8.344213649851632,0
V265_200_TOP,7.0,2026-04,202604110709,0.2449272820049662,15,0,0.0,7.054935090201144,0
V265_200_TOP,7.0,2026-04,202604120406,0.267485253680889,20,0,0.0,8.014512848818613,0
V265_200_TOP,7.0,2026-04,202604120608,0.30552317060290146,4,0,0.0,6.078157339961098,0
V265_200_TOP,7.0,2026-04,202604121607,0.25695719777884807,5,0,0.0,6.582114336106131,0
V265_200_TOP,7.0,2026-04,202604130608,0.2850254739530139,2,0,0.0,5.916115702479338,1
V265_200_TOP,7.0,2026-04,202604131606,0.22641989780052002,7,0,0.0,7.117426035783725,0
V265_200_TOP,7.0,2026-04,202604140304,0.31679393798514355,2,0,0.0,4.544623655913979,0
V265_200_TOP,7.0,2026-04,202604150307,0.6312872823020153,3,0,0.0,5.253013140009061,0
V265_200_TOP,7.0,2026-04,202604160811,0.21819174962606744,11,0,0.0,6.8205824821657695,0
V265_200_TOP,7.0,2026-04,202604160906,0.38625767255553506,7,0,0.0,7.382995559348461,1
V265_200_TOP,7.0,2026-04,202604170305,0.4033681412172072,2,0,0.0,5.5560538116591935,0
V265_200_TOP,7.0,2026-04,202604180305,0.24939438740249972,6,0,0.0,7.210740151209254,1
V265_200_TOP,7.0,2026-04,202604181508,0.2181929496307718,2,0,0.0,6.091463414634146,0
V265_200_TOP,7.0,2026-04,202604190501,0.21366759063068422,7,0,0.0,6.997165072361942,0
V265_200_TOP,7.0,2026-04,202604191006,0.21035358503067644,13,0,0.0,7.020606083305676,0
V265_200_TOP,7.0,2026-04,202604191506,0.2808696629354226,2,0,0.0,4.394886363636363,0
V265_200_TOP,7.0,2026-04,202604210702,0.2624802541515405,3,0,0.0,8.358417736993513,0
V265_200_TOP,7.0,2026-04,202604211109,0.32772574756274536,4,0,0.0,6.570006019831536,0
V265_200_TOP,7.0,2026-04,202604220502,0.23657946574970873,2,0,0.0,5.148058252427185,0
V265_200_TOP,7.0,2026-04,202604230507,0.2367797335050734,4,1,62880.0,6.327833278714931,1
V265_200_TOP,7.0,2026-04,202604231603,0.355229101817504,5,0,0.0,6.9622209026612865,0
V265_200_TOP,7.0,2026-04,202604240706,0.2973678365926359,2,0,0.0,4.871794871794871,0
V265_200_TOP,7.0,2026-04,202604242010,0.2245976629400635,9,1,67980.0,6.828344562691653,1
V265_200_TOP,7.0,2026-04,202604242308,0.34105335787153984,4,0,0.0,6.702657532017641,0
V265_200_TOP,7.0,2026-04,202604250705,0.2121704080986277,5,0,0.0,7.465300749395349,1
V265_200_TOP,7.0,2026-04,202604250708,0.24841186977418378,2,0,0.0,4.786363636363636,1
V265_200_TOP,7.0,2026-04,202604250711,0.2226176220798299,2,0,0.0,7.0,0
V265_200_TOP,7.0,2026-04,202604250903,0.291733996239991,5,0,0.0,6.740752854784208,0
V265_200_TOP,7.0,2026-04,202604251307,0.3396865332945048,4,0,0.0,6.97090020804775,0
V265_200_TOP,7.0,2026-04,202604252307,0.25314642752779926,6,0,0.0,7.584312201481032,1
V265_200_TOP,7.0,2026-04,202604260310,0.4746918303220708,3,0,0.0,7.580606060606061,0
V265_200_TOP,7.0,2026-04,202604270602,0.2246677980083557,10,0,0.0,6.3025910274918,1
V265_200_TOP,7.0,2026-04,202604270606,0.36277214003606784,3,0,0.0,5.6118908181145235,1
V265_200_TOP,7.0,2026-04,202604271607,0.4168464136024185,4,0,0.0,7.201452189761502,0
V265_200_TOP,7.0,2026-04,202604272402,0.2844805454161108,5,0,0.0,7.6637204107201855,0
V265_200_TOP,7.0,2026-04,202604280603,0.39829095436477124,2,0,0.0,4.712,0
V265_200_TOP,7.0,2026-04,202604280606,0.32685062587442065,6,1,72500.0,7.100924282208626,1
V265_200_TOP,7.0,2026-04,202604280707,0.22096088159797359,6,1,64739.99999999999,6.49962819572546,1
V265_200_TOP,7.0,2026-04,202604280709,0.20780385835318899,6,1,69090.0,6.730568956248991,1
V265_200_TOP,7.0,2026-04,202604280806,0.21373462230975265,5,0,0.0,7.305262063033026,0
V265_200_TOP,7.0,2026-04,202604281502,0.25784886662502193,7,0,0.0,6.507551394076002,0
V265_200_TOP,7.0,2026-04,202604281606,0.24535942241997774,7,0,0.0,7.507560931962644,0
V265_200_TOP,7.0,2026-04,202604282306,0.23956459251013118,6,0,0.0,6.590494661515206,0
V265_200_TOP,7.0,2026-04,202604290306,0.48848750958973264,2,0,0.0,6.274603174603175,0
V265_200_TOP,7.0,2026-04,202604291402,0.2618916236697147,3,0,0.0,7.570394379556842,0
V265_200_TOP,7.0,2026-04,202604291505,0.21387491711142403,5,0,0.0,6.950489798630175,0
V265_200_TOP,7.0,2026-05,202605011707,0.21640657170423983,3,0,0.0,7.203087272059474,0
V265_200_TOP,7.0,2026-05,202605012009,0.2373314416761851,3,0,0.0,6.197779561955573,0
V265_200_TOP,7.0,2026-05,202605020908,0.25111854913341924,3,0,0.0,7.1849790652622225,0
V265_200_TOP,7.0,2026-05,202605021103,0.300674986236005,2,1,62160.0,6.268235294117647,1
V265_200_TOP,7.0,2026-05,202605022307,0.29564023551572627,2,0,0.0,3.5517857142857143,0
V265_200_TOP,7.0,2026-05,202605030104,0.28868613696613765,2,0,0.0,6.849097472924187,0
V265_200_TOP,7.0,2026-05,202605030105,0.2766667409364336,2,0,0.0,6.595289855072465,0
V265_200_TOP,7.0,2026-05,202605030608,0.22848893543381715,2,0,0.0,3.897435897435898,0
V265_200_TOP,7.0,2026-05,202605030805,0.24423927840328127,3,1,67050.0,6.733187629848612,1
V265_200_TOP,7.0,2026-05,202605030811,0.2672090271843813,4,0,0.0,6.628197599472916,0
V265_200_TOP,7.0,2026-05,202605031208,0.2605559796897189,3,0,0.0,6.681845835655625,0
V265_200_TOP,7.0,2026-05,202605031702,0.22705049628637414,5,0,0.0,7.258204614174675,0
V265_200_TOP,7.0,2026-05,202605032307,0.2984313188252715,2,0,0.0,7.57125748502994,1
V265_200_TOP,7.0,2026-05,202605040202,0.37107753457819026,3,0,0.0,6.272970394907993,0
V265_200_TOP,7.0,2026-05,202605040403,0.3133255823029444,3,0,0.0,7.384505010433035,0
V265_200_TOP,7.0,2026-05,202605040701,0.215968702965475,3,1,72200.0,7.280416868637906,1
V265_200_TOP,7.0,2026-05,202605040705,0.21876061468771704,2,1,45240.0,4.554973821989528,1
V265_200_TOP,7.0,2026-05,202605040802,0.22195369577515195,6,1,71820.0,7.155858666833921,1
V265_200_TOP,7.0,2026-05,202605040805,0.21246535088711202,6,1,68220.0,6.731443684200264,1
V265_200_TOP,7.0,2026-05,202605041410,0.3442781827972313,5,0,0.0,7.518446633804893,1
V265_200_TOP,7.0,2026-05,202605041707,0.2154118737317554,20,0,0.0,8.595991934774222,0
V265_200_TOP,7.0,2026-05,202605042009,0.25749082324113354,3,0,0.0,5.536444381784858,0
V265_200_TOP,7.0,2026-05,202605050202,0.3844358843787299,2,0,0.0,3.988271604938272,0
V265_200_TOP,7.0,2026-05,202605050203,0.2968770815790145,2,0,0.0,7.600638977635782,1
V265_200_TOP,7.0,2026-05,202605050702,0.2626441321526058,3,0,0.0,7.089967599111096,1
V265_200_TOP,7.0,2026-05,202605050811,0.25864047980271865,3,0,0.0,8.183008189205426,0
V265_200_TOP,7.0,2026-05,202605050904,0.22091880709896472,3,0,0.0,6.673989924709532,0
V265_200_TOP,7.0,2026-05,202605051306,0.28295281647431625,4,0,0.0,6.629424710374639,0
V265_200_TOP,7.0,2026-05,202605051602,0.2849683245786652,18,0,0.0,7.033461106059609,0
V265_200_TOP,7.0,2026-05,202605061105,0.2997814789633233,4,1,66150.0,6.609369862346402,1
V265_200_TOP,7.0,2026-05,202605072406,0.3197648402126908,2,0,0.0,4.800000000000001,1
V265_200_TOP,7.0,2026-05,202605091105,0.20543028535520286,4,0,0.0,6.721200245234264,0
V265_200_TOP,7.0,2026-05,202605091805,0.495964033226154,3,0,0.0,6.62554339016519,0
V265_200_TOP,7.0,2026-05,202605102010,0.30367763477198056,2,0,0.0,4.623404255319148,0
V265_200_TOP,7.0,2026-05,202605110811,0.21745625744989133,5,1,66450.0,6.451626790093803,1
V265_200_TOP,7.0,2026-05,202605111110,0.34274577577198384,7,0,0.0,6.88868932617372,1
V265_200_TOP,7.0,2026-05,202605111606,0.2653599856261278,2,1,56950.0,5.721153846153847,1
V265_200_TOP,7.0,2026-05,202605112204,0.21827933689813847,20,0,0.0,7.9349593827581755,0
V265_200_TOP,7.0,2026-05,202605112308,0.4040382926725104,2,1,57200.0,5.71551724137931,1
V265_200_TOP,7.0,2026-05,202605130406,0.24843531730965585,4,0,0.0,7.008216941024337,1
V265_200_TOP,7.0,2026-05,202605130408,0.4080002569171399,2,0,0.0,3.78125,1
V265_200_TOP,7.0,2026-05,202605161910,0.22188302786866604,2,0,0.0,6.75,0
V265_200_TOP,7.0,2026-05,202605170608,0.2754512568236596,2,0,0.0,4.120754716981132,0
V265_200_TOP,7.0,2026-05,202605171007,0.28545217216839813,2,0,0.0,7.096830985915493,0
V265_200_TOP,7.0,2026-05,202605172011,0.3239690733710161,4,0,0.0,7.924163276765884,0
V265_200_TOP,7.0,2026-05,202605181406,0.2583038154407522,2,0,0.0,7.748709677419354,1
V265_200_TOP,7.0,2026-05,202605191406,0.3193338229604912,3,0,0.0,6.277173913043478,1
V265_200_TOP,7.0,2026-05,202605191811,0.20530395258555054,3,0,0.0,6.65127582017011,0
V265_200_TOP,7.0,2026-05,202605201505,0.30112605263815306,6,0,0.0,6.6208281302629715,1
V265_200_TOP,7.0,2026-05,202605202002,0.41973267461323693,3,0,0.0,6.936684580405126,0
V265_200_TOP,7.0,2026-05,202605210511,0.22437456691192492,8,0,0.0,6.843267375851408,0
V265_200_TOP,7.0,2026-05,202605211905,0.2777971580551421,5,1,66000.0,6.633622023465776,1
V265_200_TOP,7.0,2026-05,202605231808,0.33807797227071584,6,0,0.0,6.956459733073844,1
V265_200_TOP,7.0,2026-05,202605242411,0.26105509977527935,5,0,0.0,7.010619377360398,1
V265_200_TOP,7.0,2026-05,202605251307,0.2855507372097001,2,0,0.0,4.701492537313433,0
V265_200_TOP,7.0,2026-05,202605251704,0.21714667339368487,11,0,0.0,6.8122060161425875,0
V265_200_TOP,7.0,2026-05,202605252408,0.22028886491235838,5,1,67680.0,6.7353595501639525,1
V265_200_TOP,7.0,2026-05,202605261206,0.23246738799103306,2,1,67200.0,6.72,1
V265_200_TOP,7.0,2026-05,202605261705,0.23755147991304756,2,0,0.0,6.335826771653544,0
V265_200_TOP,7.0,2026-05,202605270807,0.24912394209503236,7,0,0.0,7.141540561612862,1
V265_200_TOP,7.0,2026-05,202605270810,0.20666286301183726,3,1,59800.0,5.978719931501351,1
V265_200_TOP,7.0,2026-05,202605271204,0.2833043450219901,3,0,0.0,6.719310839913854,0
V265_200_TOP,7.0,2026-05,202605280204,0.23831043450897083,3,0,0.0,7.119177551055839,0
V265_200_TOP,7.0,2026-05,202605280710,0.20987387544470001,6,0,0.0,6.738948913059272,0
V265_200_TOP,7.0,2026-05,202605281008,0.31262664521551253,4,1,66660.0,6.664925383949871,1
V265_200_TOP,7.0,2026-05,202605281810,0.27052868005204844,3,0,0.0,6.59365867328556,0
V265_200_TOP,7.0,2026-05,202605291807,0.3116436076090989,2,0,0.0,6.151470588235294,0
V265_200_TOP,7.0,2026-05,202605300104,0.24548999316343206,2,0,0.0,6.913636363636364,0
V265_200_TOP,7.0,2026-05,202605300507,0.2077811245776027,5,0,0.0,6.695082908946532,0
V265_200_TOP,7.0,2026-05,202605301108,0.20461168872336113,2,0,0.0,6.776556776556777,1
V265_200_TOP,7.0,2026-05,202605311410,0.23499752672253427,3,0,0.0,6.391739115131464,0
V265_200_TOP,7.0,2026-05,202605312304,0.3937232811955747,4,0,0.0,8.099568400993501,0
V265_200_TOP,7.0,2026-06,202606010506,0.29320736634211025,2,0,0.0,3.788235294117647,0
V265_200_TOP,7.0,2026-06,202606010803,0.31314964431915715,5,0,0.0,6.862247695537049,0
V265_200_TOP,7.0,2026-06,202606010809,0.23375247071560573,20,0,0.0,8.720877511477761,0
V265_200_TOP,7.0,2026-06,202606012402,0.3574816458309847,2,0,0.0,7.068131868131867,0
V265_200_TOP,7.0,2026-06,202606020906,0.3762511919469192,2,0,0.0,5.71551724137931,0
V265_200_TOP,7.0,2026-06,202606021007,0.34304375528897846,3,1,90420.0,8.911720981940872,1
V265_200_TOP,7.0,2026-06,202606022307,0.38057841546148685,2,0,0.0,6.739436619718309,0
V265_200_TOP,7.0,2026-06,202606031209,0.21475767658277,3,0,0.0,6.718123942299943,0
V265_200_TOP,7.0,2026-06,202606032109,0.2850071405945,3,0,0.0,6.279599946570494,0
V265_200_TOP,7.0,2026-06,202606040305,0.2491294290468305,2,0,0.0,8.526,1
V265_200_TOP,7.0,2026-06,202606040506,0.41493887066271984,2,1,50960.00000000001,5.092156862745099,1
V265_200_TOP,7.0,2026-06,202606040907,0.21287323928149662,7,0,0.0,6.966193973909969,0
V265_200_TOP,7.0,2026-06,202606041307,0.29814133921391245,6,0,0.0,7.301711705479801,1
V265_200_TOP,7.0,2026-06,202606050305,0.31766365423021903,6,0,0.0,7.252812462484859,0
V265_200_TOP,7.0,2026-06,202606060702,0.22720446463276664,4,0,0.0,5.701185681021552,1
V265_200_TOP,7.0,2026-06,202606060703,0.23780420677269448,3,0,0.0,6.5153776160145584,0
V265_200_TOP,7.0,2026-06,202606060802,0.38065112780503957,11,0,0.0,7.120923208653383,0
V265_200_TOP,7.0,2026-06,202606061506,0.2897510743192872,3,0,0.0,6.67888114788727,0
V265_200_TOP,7.0,2026-06,202606070908,0.26816985725552,2,0,0.0,7.315359477124183,1
V265_200_TOP,7.0,2026-06,202606071005,0.3352121384358668,2,0,0.0,4.4224719101123595,0
V265_200_TOP,7.0,2026-06,202606072408,0.20641942082523385,4,0,0.0,6.746085533448201,0
V265_200_TOP,7.0,2026-06,202606080510,0.31413479671276723,3,0,0.0,6.577796925622113,0
V265_200_TOP,7.0,2026-06,202606080910,0.4901605947054319,2,0,0.0,8.3,1
V265_200_TOP,7.0,2026-06,202606100903,0.32907154113657355,5,0,0.0,6.6606836590654295,1
V265_200_TOP,7.0,2026-06,202606121108,0.3217253835701251,2,0,0.0,7.666478873239437,0
V265_200_TOP,7.0,2026-06,202606121901,0.33669518199916965,7,0,0.0,6.746484844698799,0
V265_200_TOP,7.0,2026-06,202606122306,0.37559357974174085,5,1,66850.0,6.586359909641079,1
V265_200_TOP,7.0,2026-06,202606130609,0.28063208501776443,4,0,0.0,6.73587666882527,0
V265_200_TOP,7.0,2026-06,202606130702,0.23753972627325098,6,0,0.0,6.492047008965884,1
V265_200_TOP,7.0,2026-06,202606132204,0.29935581544010625,6,1,69480.0,6.900271102003246,1
V265_200_TOP,7.0,2026-06,202606132307,0.2568866058139974,6,0,0.0,6.468835732910452,0
V265_200_TOP,7.0,2026-06,202606142208,0.2799370038601226,2,0,0.0,4.795024875621891,0
V265_200_TOP,7.0,2026-06,202606150310,0.4749951851701887,4,0,0.0,7.064685386548407,0
V265_200_TOP,7.0,2026-06,202606180205,0.32603575162724846,2,0,0.0,4.699530516431925,0
V265_200_TOP,7.0,2026-06,202606180909,0.25218054710663534,10,0,0.0,7.059239701491663,0
V265_200_TOP,7.0,2026-06,202606190903,0.23868701609885562,3,0,0.0,7.336905380729604,0
V265_200_TOP,7.0,2026-06,202606192107,0.22094090446422104,5,0,0.0,7.126533141650879,0
V265_200_TOP,7.0,2026-06,202606200410,0.2648326953422716,3,0,0.0,6.197853774624301,0
V265_200_TOP,7.0,2026-06,202606200903,0.22314990037910193,11,0,0.0,6.875448615446971,0
V265_200_TOP,7.0,2026-06,202606201709,0.4012750915630333,4,0,0.0,6.545592648623452,1
V265_200_TOP,7.0,2026-06,202606210608,0.2121937866790789,2,0,0.0,8.346518105849583,0
V265_200_TOP,7.0,2026-06,202606210906,0.4393521260267424,2,1,49680.0,4.964634146341463,1
V265_200_TOP,7.0,2026-06,202606222204,0.21452192683514015,14,0,0.0,7.065018009998847,0
V265_200_TOP,7.0,2026-06,202606240605,0.2362699443311223,3,1,56320.00000000001,5.74608695652174,1
V265_200_TOP,7.0,2026-06,202606241207,0.48341206616701254,4,0,0.0,6.8753100048264715,1
V265_200_TOP,7.0,2026-06,202606241210,0.2623914317542202,2,0,0.0,8.1865889212828,0
V265_200_TOP,7.0,2026-06,202606252106,0.20951103942239344,3,0,0.0,6.176638176638177,1
V265_200_TOP,7.0,2026-06,202606260304,0.23952201298236153,4,0,0.0,5.802532067614995,0
V265_200_TOP,7.0,2026-06,202606260410,0.38125002738754243,5,0,0.0,6.808514725143859,0
V265_200_TOP,7.0,2026-06,202606260705,0.5312371159412936,2,0,0.0,5.211428571428571,1
V265_200_TOP,7.0,2026-06,202606261709,0.2822847065995085,5,0,0.0,6.391465876977802,0
V265_200_TOP,7.0,2026-06,202606280205,0.21763903069984297,2,0,0.0,4.680851063829787,0
V265_200_TOP,7.0,2026-06,202606280508,0.40116889007329964,3,0,0.0,4.4882636459276295,0
V265_200_TOP,7.0,2026-06,202606281006,0.2436309979302371,20,0,0.0,8.250079697147244,0
V265_200_TOP,7.0,2026-06,202606281008,0.3111095288434435,3,0,0.0,5.278412484096279,0
V265_200_TOP,7.0,2026-06,202606290310,0.2626597486585597,19,1,72990.0,7.144098187833851,1
V265_200_TOP,7.0,2026-06,202606290806,0.26694775165681056,3,0,0.0,5.70809336531554,1
V265_200_TOP,7.0,2026-06,202606292011,0.2700034912201163,3,0,0.0,7.658392203428784,0
V265_200_TOP,7.0,2026-06,202606301004,0.22393428575818583,12,0,0.0,6.973562937525221,0
V265_200_TOP,7.0,2026-06,202606302304,0.3985876890146715,2,0,0.0,5.979583333333333,0
V265_200_TOP,7.5,2026-04,202604010110,0.377793166204427,9,0,0.0,7.38038692402091,0
V265_200_TOP,7.5,2026-04,202604010206,0.33657134149149504,2,0,0.0,7.370847457627118,0
V265_200_TOP,7.5,2026-04,202604010603,0.2527008844456851,4,0,0.0,6.369206424677222,1
V265_200_TOP,7.5,2026-04,202604010804,0.34390565109165594,2,0,0.0,7.793823529411765,1
V265_200_TOP,7.5,2026-04,202604020108,0.3839607199427347,2,0,0.0,6.069958847736625,0
V265_200_TOP,7.5,2026-04,202604022209,0.2527599191614724,2,0,0.0,7.392739273927393,0
V265_200_TOP,7.5,2026-04,202604030402,0.5263263210403811,2,0,0.0,7.531353135313531,0
V265_200_TOP,7.5,2026-04,202604031806,0.2561050064638447,2,0,0.0,6.532584269662922,0
V265_200_TOP,7.5,2026-04,202604041505,0.23480429291762125,5,0,0.0,7.075411455081686,0
V265_200_TOP,7.5,2026-04,202604042202,0.3985341855700158,2,0,0.0,6.39375,0
V265_200_TOP,7.5,2026-04,202604052207,0.22213171094118705,3,0,0.0,8.734920117378547,0
V265_200_TOP,7.5,2026-04,202604070808,0.3675713927266906,2,0,0.0,5.27688679245283,0
V265_200_TOP,7.5,2026-04,202604071007,0.2392433670596289,5,0,0.0,7.323743167187085,0
V265_200_TOP,7.5,2026-04,202604072403,0.3727464381534735,3,0,0.0,8.455476753349094,0
V265_200_TOP,7.5,2026-04,202604081111,0.32811911014691947,4,0,0.0,7.959152398267687,0
V265_200_TOP,7.5,2026-04,202604082303,0.2093441220558494,3,0,0.0,6.9352625298329365,1
V265_200_TOP,7.5,2026-04,202604082306,0.3288199698932077,2,1,54500.0,5.399537037037037,1
V265_200_TOP,7.5,2026-04,202604090703,0.25903646798236596,2,0,0.0,7.899683544303797,1
V265_200_TOP,7.5,2026-04,202604091506,0.23879741400239188,3,0,0.0,7.284654640998434,0
V265_200_TOP,7.5,2026-04,202604091609,0.23088541587789677,4,0,0.0,7.622584685864429,0
V265_200_TOP,7.5,2026-04,202604100708,0.22756172101458638,2,0,0.0,8.344213649851632,0
V265_200_TOP,7.5,2026-04,202604110709,0.2449272820049662,12,0,0.0,7.467046805974338,0
V265_200_TOP,7.5,2026-04,202604120406,0.267485253680889,20,0,0.0,8.014512848818613,0
V265_200_TOP,7.5,2026-04,202604120608,0.30552317060290146,3,0,0.0,8.712903538804873,0
V265_200_TOP,7.5,2026-04,202604121607,0.25695719777884807,4,0,0.0,7.630673051961073,0
V265_200_TOP,7.5,2026-04,202604130608,0.2850254739530139,2,0,0.0,5.916115702479338,1
V265_200_TOP,7.5,2026-04,202604131606,0.22641989780052002,6,0,0.0,7.63602163906307,0
V265_200_TOP,7.5,2026-04,202604140304,0.31679393798514355,2,0,0.0,4.544623655913979,0
V265_200_TOP,7.5,2026-04,202604150307,0.6312872823020153,3,0,0.0,5.253013140009061,0
V265_200_TOP,7.5,2026-04,202604160811,0.21819174962606744,10,0,0.0,7.588505768690129,0
V265_200_TOP,7.5,2026-04,202604160906,0.38625767255553506,7,0,0.0,7.382995559348461,1
V265_200_TOP,7.5,2026-04,202604170305,0.4033681412172072,2,0,0.0,5.5560538116591935,0
V265_200_TOP,7.5,2026-04,202604180305,0.24939438740249972,5,0,0.0,7.658626317388501,1
V265_200_TOP,7.5,2026-04,202604181508,0.2181929496307718,2,0,0.0,6.091463414634146,0
V265_200_TOP,7.5,2026-04,202604190501,0.21366759063068422,6,0,0.0,7.498793115094315,0
V265_200_TOP,7.5,2026-04,202604191006,0.21035358503067644,13,0,0.0,7.020606083305676,0
V265_200_TOP,7.5,2026-04,202604191506,0.2808696629354226,2,0,0.0,4.394886363636363,0
V265_200_TOP,7.5,2026-04,202604210702,0.2624802541515405,3,0,0.0,8.358417736993513,0
V265_200_TOP,7.5,2026-04,202604211109,0.32772574756274536,3,0,0.0,8.002630902831305,0
V265_200_TOP,7.5,2026-04,202604220502,0.23657946574970873,2,0,0.0,5.148058252427185,0
V265_200_TOP,7.5,2026-04,202604230507,0.2367797335050734,3,1,81220.0,7.977520118089615,1
V265_200_TOP,7.5,2026-04,202604231603,0.355229101817504,5,0,0.0,6.9622209026612865,0
V265_200_TOP,7.5,2026-04,202604240706,0.2973678365926359,2,0,0.0,4.871794871794871,0
V265_200_TOP,7.5,2026-04,202604242010,0.2245976629400635,7,1,77250.0,7.76327020448136,1
V265_200_TOP,7.5,2026-04,202604242308,0.34105335787153984,4,0,0.0,6.702657532017641,0
V265_200_TOP,7.5,2026-04,202604250705,0.2121704080986277,5,0,0.0,7.465300749395349,1
V265_200_TOP,7.5,2026-04,202604250708,0.24841186977418378,2,0,0.0,4.786363636363636,1
V265_200_TOP,7.5,2026-04,202604250711,0.2226176220798299,2,0,0.0,7.0,0
V265_200_TOP,7.5,2026-04,202604250903,0.291733996239991,4,0,0.0,8.082712670205021,0
V265_200_TOP,7.5,2026-04,202604251307,0.3396865332945048,4,0,0.0,6.97090020804775,0
V265_200_TOP,7.5,2026-04,202604252307,0.25314642752779926,6,0,0.0,7.584312201481032,1
V265_200_TOP,7.5,2026-04,202604260310,0.4746918303220708,3,0,0.0,7.580606060606061,0
V265_200_TOP,7.5,2026-04,202604270602,0.2246677980083557,10,0,0.0,6.3025910274918,1
V265_200_TOP,7.5,2026-04,202604270606,0.36277214003606784,2,0,0.0,9.115777777777778,1
V265_200_TOP,7.5,2026-04,202604271607,0.4168464136024185,4,0,0.0,7.201452189761502,0
V265_200_TOP,7.5,2026-04,202604272402,0.2844805454161108,5,0,0.0,7.6637204107201855,0
V265_200_TOP,7.5,2026-04,202604280603,0.39829095436477124,2,0,0.0,4.712,0
V265_200_TOP,7.5,2026-04,202604280606,0.32685062587442065,6,1,72500.0,7.100924282208626,1
V265_200_TOP,7.5,2026-04,202604280707,0.22096088159797359,5,1,82170.0,8.1306922978901,1
V265_200_TOP,7.5,2026-04,202604280709,0.20780385835318899,5,1,78960.0,7.959244235264467,1
V265_200_TOP,7.5,2026-04,202604280806,0.21373462230975265,5,0,0.0,7.305262063033026,0
V265_200_TOP,7.5,2026-04,202604281502,0.25784886662502193,6,0,0.0,7.5232802985309775,0
V265_200_TOP,7.5,2026-04,202604281606,0.24535942241997774,7,0,0.0,7.507560931962644,0
V265_200_TOP,7.5,2026-04,202604282306,0.23956459251013118,6,0,0.0,6.590494661515206,0
V265_200_TOP,7.5,2026-04,202604290306,0.48848750958973264,2,0,0.0,6.274603174603175,0
V265_200_TOP,7.5,2026-04,202604291402,0.2618916236697147,3,0,0.0,7.570394379556842,0
V265_200_TOP,7.5,2026-04,202604291505,0.21387491711142403,4,0,0.0,7.767221979106344,0
V265_200_TOP,7.5,2026-05,202605011707,0.21640657170423983,3,0,0.0,7.203087272059474,0
V265_200_TOP,7.5,2026-05,202605012009,0.2373314416761851,2,0,0.0,8.080538922155688,0
V265_200_TOP,7.5,2026-05,202605020908,0.25111854913341924,3,0,0.0,7.1849790652622225,0
V265_200_TOP,7.5,2026-05,202605021103,0.300674986236005,2,1,62160.0,6.268235294117647,1
V265_200_TOP,7.5,2026-05,202605022307,0.29564023551572627,2,0,0.0,3.5517857142857143,0
V265_200_TOP,7.5,2026-05,202605030104,0.28868613696613765,2,0,0.0,6.849097472924187,0
V265_200_TOP,7.5,2026-05,202605030105,0.2766667409364336,2,0,0.0,6.595289855072465,0
V265_200_TOP,7.5,2026-05,202605030608,0.22848893543381715,2,0,0.0,3.897435897435898,0
V265_200_TOP,7.5,2026-05,202605030805,0.24423927840328127,3,1,67050.0,6.733187629848612,1
V265_200_TOP,7.5,2026-05,202605030811,0.2672090271843813,3,0,0.0,7.4751510767866725,0
V265_200_TOP,7.5,2026-05,202605031208,0.2605559796897189,3,0,0.0,6.681845835655625,0
V265_200_TOP,7.5,2026-05,202605031702,0.22705049628637414,5,0,0.0,7.258204614174675,0
V265_200_TOP,7.5,2026-05,202605032307,0.2984313188252715,2,0,0.0,7.57125748502994,1
V265_200_TOP,7.5,2026-05,202605040202,0.37107753457819026,2,0,0.0,8.46798866855524,0
V265_200_TOP,7.5,2026-05,202605040403,0.3133255823029444,3,0,0.0,7.384505010433035,0
V265_200_TOP,7.5,2026-05,202605040701,0.215968702965475,3,1,72200.0,7.280416868637906,1
V265_200_TOP,7.5,2026-05,202605040705,0.21876061468771704,2,1,45240.0,4.554973821989528,1
V265_200_TOP,7.5,2026-05,202605040802,0.22195369577515195,5,1,75600.0,7.607635994337644,1
V265_200_TOP,7.5,2026-05,202605040805,0.21246535088711202,5,1,75800.0,7.586900906847724,1
V265_200_TOP,7.5,2026-05,202605041410,0.3442781827972313,5,0,0.0,7.518446633804893,1
V265_200_TOP,7.5,2026-05,202605041707,0.2154118737317554,20,0,0.0,8.595991934774222,0
V265_200_TOP,7.5,2026-05,202605042009,0.25749082324113354,2,0,0.0,8.64406779661017,0
V265_200_TOP,7.5,2026-05,202605050202,0.3844358843787299,2,0,0.0,3.988271604938272,0
V265_200_TOP,7.5,2026-05,202605050203,0.2968770815790145,2,0,0.0,7.600638977635782,1
V265_200_TOP,7.5,2026-05,202605050702,0.2626441321526058,3,0,0.0,7.089967599111096,1
V265_200_TOP,7.5,2026-05,202605050811,0.25864047980271865,3,0,0.0,8.183008189205426,0
V265_200_TOP,7.5,2026-05,202605050904,0.22091880709896472,3,0,0.0,6.673989924709532,0
V265_200_TOP,7.5,2026-05,202605051306,0.28295281647431625,3,0,0.0,7.591735163260689,0
V265_200_TOP,7.5,2026-05,202605051602,0.2849683245786652,16,0,0.0,7.565115720142528,0
V265_200_TOP,7.5,2026-05,202605061105,0.2997814789633233,3,1,74970.0,7.451212982412784,1
V265_200_TOP,7.5,2026-05,202605072406,0.3197648402126908,2,0,0.0,4.800000000000001,1
V265_200_TOP,7.5,2026-05,202605091105,0.20543028535520286,4,0,0.0,6.721200245234264,0
V265_200_TOP,7.5,2026-05,202605091805,0.495964033226154,3,0,0.0,6.62554339016519,0
V265_200_TOP,7.5,2026-05,202605102010,0.30367763477198056,2,0,0.0,4.623404255319148,0
V265_200_TOP,7.5,2026-05,202605110811,0.21745625744989133,4,0,0.0,7.551369915321753,1
V265_200_TOP,7.5,2026-05,202605111110,0.34274577577198384,6,0,0.0,7.495430732547063,1
V265_200_TOP,7.5,2026-05,202605111606,0.2653599856261278,2,1,56950.0,5.721153846153847,1
V265_200_TOP,7.5,2026-05,202605112204,0.21827933689813847,20,0,0.0,7.9349593827581755,0
V265_200_TOP,7.5,2026-05,202605112308,0.4040382926725104,2,1,57200.0,5.71551724137931,1
V265_200_TOP,7.5,2026-05,202605130406,0.24843531730965585,3,0,0.0,7.977113707494736,1
V265_200_TOP,7.5,2026-05,202605130408,0.4080002569171399,2,0,0.0,3.78125,1
V265_200_TOP,7.5,2026-05,202605161910,0.22188302786866604,2,0,0.0,6.75,0
V265_200_TOP,7.5,2026-05,202605170608,0.2754512568236596,2,0,0.0,4.120754716981132,0
V265_200_TOP,7.5,2026-05,202605171007,0.28545217216839813,2,0,0.0,7.096830985915493,0
V265_200_TOP,7.5,2026-05,202605172011,0.3239690733710161,4,0,0.0,7.924163276765884,0
V265_200_TOP,7.5,2026-05,202605181406,0.2583038154407522,2,0,0.0,7.748709677419354,1
V265_200_TOP,7.5,2026-05,202605191406,0.3193338229604912,3,0,0.0,6.277173913043478,1
V265_200_TOP,7.5,2026-05,202605191811,0.20530395258555054,3,0,0.0,6.65127582017011,0
V265_200_TOP,7.5,2026-05,202605201505,0.30112605263815306,6,0,0.0,6.6208281302629715,1
V265_200_TOP,7.5,2026-05,202605202002,0.41973267461323693,3,0,0.0,6.936684580405126,0
V265_200_TOP,7.5,2026-05,202605210511,0.22437456691192492,8,0,0.0,6.843267375851408,0
V265_200_TOP,7.5,2026-05,202605211905,0.2777971580551421,4,1,82500.0,8.23576050666169,1
V265_200_TOP,7.5,2026-05,202605231808,0.33807797227071584,5,0,0.0,7.634759854385764,1
V265_200_TOP,7.5,2026-05,202605242411,0.26105509977527935,5,0,0.0,7.010619377360398,1
V265_200_TOP,7.5,2026-05,202605251307,0.2855507372097001,2,0,0.0,4.701492537313433,0
V265_200_TOP,7.5,2026-05,202605251704,0.21714667339368487,10,0,0.0,7.636650314309218,0
V265_200_TOP,7.5,2026-05,202605252408,0.22028886491235838,4,0,0.0,8.205166669534616,1
V265_200_TOP,7.5,2026-05,202605261206,0.23246738799103306,2,1,67200.0,6.72,1
V265_200_TOP,7.5,2026-05,202605261705,0.23755147991304756,2,0,0.0,6.335826771653544,0
V265_200_TOP,7.5,2026-05,202605270807,0.24912394209503236,5,0,0.0,7.662520092867652,1
V265_200_TOP,7.5,2026-05,202605270810,0.20666286301183726,3,1,59800.0,5.978719931501351,1
V265_200_TOP,7.5,2026-05,202605271204,0.2833043450219901,3,0,0.0,6.719310839913854,0
V265_200_TOP,7.5,2026-05,202605280204,0.23831043450897083,3,0,0.0,7.119177551055839,0
V265_200_TOP,7.5,2026-05,202605280710,0.20987387544470001,5,0,0.0,7.560747115583054,0
V265_200_TOP,7.5,2026-05,202605281008,0.31262664521551253,4,1,66660.0,6.664925383949871,1
V265_200_TOP,7.5,2026-05,202605281810,0.27052868005204844,3,0,0.0,6.59365867328556,0
V265_200_TOP,7.5,2026-05,202605291807,0.3116436076090989,2,0,0.0,6.151470588235294,0
V265_200_TOP,7.5,2026-05,202605300104,0.24548999316343206,2,0,0.0,6.913636363636364,0
V265_200_TOP,7.5,2026-05,202605300507,0.2077811245776027,4,0,0.0,8.184013604955283,0
V265_200_TOP,7.5,2026-05,202605301108,0.20461168872336113,2,0,0.0,6.776556776556777,1
V265_200_TOP,7.5,2026-05,202605311410,0.23499752672253427,3,0,0.0,6.391739115131464,0
V265_200_TOP,7.5,2026-05,202605312304,0.3937232811955747,4,0,0.0,8.099568400993501,0
V265_200_TOP,7.5,2026-06,202606010506,0.29320736634211025,2,0,0.0,3.788235294117647,0
V265_200_TOP,7.5,2026-06,202606010803,0.31314964431915715,4,0,0.0,7.4520744638975,0
V265_200_TOP,7.5,2026-06,202606010809,0.23375247071560573,20,0,0.0,8.720877511477761,0
V265_200_TOP,7.5,2026-06,202606012402,0.3574816458309847,2,0,0.0,7.068131868131867,0
V265_200_TOP,7.5,2026-06,202606020906,0.3762511919469192,2,0,0.0,5.71551724137931,0
V265_200_TOP,7.5,2026-06,202606021007,0.34304375528897846,3,1,90420.0,8.911720981940872,1
V265_200_TOP,7.5,2026-06,202606022307,0.38057841546148685,2,0,0.0,6.739436619718309,0
V265_200_TOP,7.5,2026-06,202606031209,0.21475767658277,3,0,0.0,6.718123942299943,0
V265_200_TOP,7.5,2026-06,202606032109,0.2850071405945,3,0,0.0,6.279599946570494,0
V265_200_TOP,7.5,2026-06,202606040305,0.2491294290468305,2,0,0.0,8.526,1
V265_200_TOP,7.5,2026-06,202606040506,0.41493887066271984,2,1,50960.00000000001,5.092156862745099,1
V265_200_TOP,7.5,2026-06,202606040907,0.21287323928149662,7,0,0.0,6.966193973909969,0
V265_200_TOP,7.5,2026-06,202606041307,0.29814133921391245,6,0,0.0,7.301711705479801,1
V265_200_TOP,7.5,2026-06,202606050305,0.31766365423021903,6,0,0.0,7.252812462484859,0
V265_200_TOP,7.5,2026-06,202606060702,0.22720446463276664,3,0,0.0,8.3017138063279,1
V265_200_TOP,7.5,2026-06,202606060703,0.23780420677269448,3,0,0.0,6.5153776160145584,0
V265_200_TOP,7.5,2026-06,202606060802,0.38065112780503957,10,0,0.0,7.4654528010996355,0
V265_200_TOP,7.5,2026-06,202606061506,0.2897510743192872,3,0,0.0,6.67888114788727,0
V265_200_TOP,7.5,2026-06,202606070908,0.26816985725552,2,0,0.0,7.315359477124183,1
V265_200_TOP,7.5,2026-06,202606071005,0.3352121384358668,2,0,0.0,4.4224719101123595,0
V265_200_TOP,7.5,2026-06,202606072408,0.20641942082523385,3,0,0.0,7.512836478750142,0
V265_200_TOP,7.5,2026-06,202606080510,0.31413479671276723,3,0,0.0,6.577796925622113,0
V265_200_TOP,7.5,2026-06,202606080910,0.4901605947054319,2,0,0.0,8.3,1
V265_200_TOP,7.5,2026-06,202606100903,0.32907154113657355,4,0,0.0,7.967861044740476,1
V265_200_TOP,7.5,2026-06,202606121108,0.3217253835701251,2,0,0.0,7.666478873239437,0
V265_200_TOP,7.5,2026-06,202606121901,0.33669518199916965,6,0,0.0,8.250940030355967,0
V265_200_TOP,7.5,2026-06,202606122306,0.37559357974174085,4,1,76400.0,7.5948803875220126,1
V265_200_TOP,7.5,2026-06,202606130609,0.28063208501776443,3,0,0.0,8.220363366055226,0
V265_200_TOP,7.5,2026-06,202606130702,0.23753972627325098,6,0,0.0,6.492047008965884,1
V265_200_TOP,7.5,2026-06,202606132204,0.29935581544010625,5,1,81060.0,7.967850265769861,1
V265_200_TOP,7.5,2026-06,202606132307,0.2568866058139974,5,0,0.0,7.6667870928885735,0
V265_200_TOP,7.5,2026-06,202606142208,0.2799370038601226,2,0,0.0,4.795024875621891,0
V265_200_TOP,7.5,2026-06,202606150310,0.4749951851701887,4,0,0.0,7.064685386548407,0
V265_200_TOP,7.5,2026-06,202606180205,0.32603575162724846,2,0,0.0,4.699530516431925,0
V265_200_TOP,7.5,2026-06,202606180909,0.25218054710663534,9,0,0.0,7.415594065246131,0
V265_200_TOP,7.5,2026-06,202606190903,0.23868701609885562,3,0,0.0,7.336905380729604,0
V265_200_TOP,7.5,2026-06,202606192107,0.22094090446422104,5,0,0.0,7.126533141650879,0
V265_200_TOP,7.5,2026-06,202606200410,0.2648326953422716,3,0,0.0,6.197853774624301,0
V265_200_TOP,7.5,2026-06,202606200903,0.22314990037910193,10,0,0.0,7.629089615983376,0
V265_200_TOP,7.5,2026-06,202606201709,0.4012750915630333,4,0,0.0,6.545592648623452,1
V265_200_TOP,7.5,2026-06,202606210608,0.2121937866790789,2,0,0.0,8.346518105849583,0
V265_200_TOP,7.5,2026-06,202606210906,0.4393521260267424,2,1,49680.0,4.964634146341463,1
V265_200_TOP,7.5,2026-06,202606222204,0.21452192683514015,14,0,0.0,7.065018009998847,0
V265_200_TOP,7.5,2026-06,202606240605,0.2362699443311223,3,1,56320.00000000001,5.74608695652174,1
V265_200_TOP,7.5,2026-06,202606241207,0.48341206616701254,4,0,0.0,6.8753100048264715,1
V265_200_TOP,7.5,2026-06,202606241210,0.2623914317542202,2,0,0.0,8.1865889212828,0
V265_200_TOP,7.5,2026-06,202606252106,0.20951103942239344,2,0,0.0,8.0,1
V265_200_TOP,7.5,2026-06,202606260304,0.23952201298236153,3,0,0.0,8.705698395989252,0
V265_200_TOP,7.5,2026-06,202606260410,0.38125002738754243,5,0,0.0,6.808514725143859,0
V265_200_TOP,7.5,2026-06,202606260705,0.5312371159412936,2,0,0.0,5.211428571428571,1
V265_200_TOP,7.5,2026-06,202606261709,0.2822847065995085,4,0,0.0,7.7260883026184235,0
V265_200_TOP,7.5,2026-06,202606280205,0.21763903069984297,2,0,0.0,4.680851063829787,0
V265_200_TOP,7.5,2026-06,202606280508,0.40116889007329964,2,0,0.0,10.065777777777779,0
V265_200_TOP,7.5,2026-06,202606281006,0.2436309979302371,20,0,0.0,8.250079697147244,0
V265_200_TOP,7.5,2026-06,202606281008,0.3111095288434435,2,0,0.0,9.617158671586715,0
V265_200_TOP,7.5,2026-06,202606290310,0.2626597486585597,18,1,72990.0,7.49619243359658,1
V265_200_TOP,7.5,2026-06,202606290806,0.26694775165681056,3,0,0.0,5.70809336531554,1
V265_200_TOP,7.5,2026-06,202606292011,0.2700034912201163,3,0,0.0,7.658392203428784,0
V265_200_TOP,7.5,2026-06,202606301004,0.22393428575818583,11,0,0.0,7.447885282443852,0
V265_200_TOP,7.5,2026-06,202606302304,0.3985876890146715,2,0,0.0,5.979583333333333,0
V265_200_TOP,8.0,2026-04,202604010110,0.377793166204427,8,0,0.0,7.795809985990253,0
V265_200_TOP,8.0,2026-04,202604010206,0.33657134149149504,2,0,0.0,7.370847457627118,0
V265_200_TOP,8.0,2026-04,202604010603,0.2527008844456851,4,0,0.0,6.369206424677222,1
V265_200_TOP,8.0,2026-04,202604010804,0.34390565109165594,2,0,0.0,7.793823529411765,1
V265_200_TOP,8.0,2026-04,202604020108,0.3839607199427347,2,0,0.0,6.069958847736625,0
V265_200_TOP,8.0,2026-04,202604022209,0.2527599191614724,2,0,0.0,7.392739273927393,0
V265_200_TOP,8.0,2026-04,202604030402,0.5263263210403811,2,0,0.0,7.531353135313531,0
V265_200_TOP,8.0,2026-04,202604031806,0.2561050064638447,2,0,0.0,6.532584269662922,0
V265_200_TOP,8.0,2026-04,202604041505,0.23480429291762125,4,0,0.0,8.881081074942536,0
V265_200_TOP,8.0,2026-04,202604042202,0.3985341855700158,2,0,0.0,6.39375,0
V265_200_TOP,8.0,2026-04,202604052207,0.22213171094118705,3,0,0.0,8.734920117378547,0
V265_200_TOP,8.0,2026-04,202604070808,0.3675713927266906,2,0,0.0,5.27688679245283,0
V265_200_TOP,8.0,2026-04,202604071007,0.2392433670596289,5,0,0.0,7.323743167187085,0
V265_200_TOP,8.0,2026-04,202604072403,0.3727464381534735,3,0,0.0,8.455476753349094,0
V265_200_TOP,8.0,2026-04,202604081111,0.32811911014691947,4,0,0.0,7.959152398267687,0
V265_200_TOP,8.0,2026-04,202604082303,0.2093441220558494,3,0,0.0,6.9352625298329365,1
V265_200_TOP,8.0,2026-04,202604082306,0.3288199698932077,2,1,54500.0,5.399537037037037,1
V265_200_TOP,8.0,2026-04,202604090703,0.25903646798236596,2,0,0.0,7.899683544303797,1
V265_200_TOP,8.0,2026-04,202604091506,0.23879741400239188,3,0,0.0,7.284654640998434,0
V265_200_TOP,8.0,2026-04,202604091609,0.23088541587789677,4,0,0.0,7.622584685864429,0
V265_200_TOP,8.0,2026-04,202604100708,0.22756172101458638,2,0,0.0,8.344213649851632,0
V265_200_TOP,8.0,2026-04,202604110709,0.2449272820049662,10,0,0.0,8.101987779491287,0
V265_200_TOP,8.0,2026-04,202604120406,0.267485253680889,20,0,0.0,8.014512848818613,0
V265_200_TOP,8.0,2026-04,202604120608,0.30552317060290146,3,0,0.0,8.712903538804873,0
V265_200_TOP,8.0,2026-04,202604121607,0.25695719777884807,4,0,0.0,7.630673051961073,0
V265_200_TOP,8.0,2026-04,202604130608,0.2850254739530139,2,0,0.0,5.916115702479338,1
V265_200_TOP,8.0,2026-04,202604131606,0.22641989780052002,6,0,0.0,7.63602163906307,0
V265_200_TOP,8.0,2026-04,202604140304,0.31679393798514355,2,0,0.0,4.544623655913979,0
V265_200_TOP,8.0,2026-04,202604150307,0.6312872823020153,3,0,0.0,5.253013140009061,0
V265_200_TOP,8.0,2026-04,202604160811,0.21819174962606744,9,0,0.0,8.084882616372363,0
V265_200_TOP,8.0,2026-04,202604160906,0.38625767255553506,6,0,0.0,8.043569992446832,1
V265_200_TOP,8.0,2026-04,202604170305,0.4033681412172072,2,0,0.0,5.5560538116591935,0
V265_200_TOP,8.0,2026-04,202604180305,0.24939438740249972,4,0,0.0,8.137668289111541,1
V265_200_TOP,8.0,2026-04,202604181508,0.2181929496307718,2,0,0.0,6.091463414634146,0
V265_200_TOP,8.0,2026-04,202604190501,0.21366759063068422,6,0,0.0,7.498793115094315,0
V265_200_TOP,8.0,2026-04,202604191006,0.21035358503067644,12,0,0.0,8.109156647114704,0
V265_200_TOP,8.0,2026-04,202604191506,0.2808696629354226,2,0,0.0,4.394886363636363,0
V265_200_TOP,8.0,2026-04,202604210702,0.2624802541515405,3,0,0.0,8.358417736993513,0
V265_200_TOP,8.0,2026-04,202604211109,0.32772574756274536,3,0,0.0,8.002630902831305,0
V265_200_TOP,8.0,2026-04,202604220502,0.23657946574970873,2,0,0.0,5.148058252427185,0
V265_200_TOP,8.0,2026-04,202604230507,0.2367797335050734,3,1,81220.0,7.977520118089615,1
V265_200_TOP,8.0,2026-04,202604231603,0.355229101817504,5,0,0.0,6.9622209026612865,0
V265_200_TOP,8.0,2026-04,202604240706,0.2973678365926359,2,0,0.0,4.871794871794871,0
V265_200_TOP,8.0,2026-04,202604242010,0.2245976629400635,7,1,77250.0,7.76327020448136,1
V265_200_TOP,8.0,2026-04,202604242308,0.34105335787153984,4,0,0.0,6.702657532017641,0
V265_200_TOP,8.0,2026-04,202604250705,0.2121704080986277,4,0,0.0,8.43226537319944,1
V265_200_TOP,8.0,2026-04,202604250708,0.24841186977418378,2,0,0.0,4.786363636363636,1
V265_200_TOP,8.0,2026-04,202604250711,0.2226176220798299,2,0,0.0,7.0,0
V265_200_TOP,8.0,2026-04,202604250903,0.291733996239991,4,0,0.0,8.082712670205021,0
V265_200_TOP,8.0,2026-04,202604251307,0.3396865332945048,3,0,0.0,8.390553368835379,0
V265_200_TOP,8.0,2026-04,202604252307,0.25314642752779926,6,0,0.0,7.584312201481032,1
V265_200_TOP,8.0,2026-04,202604260310,0.4746918303220708,3,0,0.0,7.580606060606061,0
V265_200_TOP,8.0,2026-04,202604270602,0.2246677980083557,9,0,0.0,9.140448643700482,1
V265_200_TOP,8.0,2026-04,202604270606,0.36277214003606784,2,0,0.0,9.115777777777778,1
V265_200_TOP,8.0,2026-04,202604271607,0.4168464136024185,3,0,0.0,8.33878914744804,0
V265_200_TOP,8.0,2026-04,202604272402,0.2844805454161108,4,0,0.0,8.22555990572085,0
V265_200_TOP,8.0,2026-04,202604280603,0.39829095436477124,2,0,0.0,4.712,0
V265_200_TOP,8.0,2026-04,202604280606,0.32685062587442065,5,1,80000.0,8.085768734080993,1
V265_200_TOP,8.0,2026-04,202604280707,0.22096088159797359,5,1,82170.0,8.1306922978901,1
V265_200_TOP,8.0,2026-04,202604280709,0.20780385835318899,5,1,78960.0,7.959244235264467,1
V265_200_TOP,8.0,2026-04,202604280806,0.21373462230975265,4,0,0.0,8.543623319287729,0
V265_200_TOP,8.0,2026-04,202604281502,0.25784886662502193,6,0,0.0,7.5232802985309775,0
V265_200_TOP,8.0,2026-04,202604281606,0.24535942241997774,6,0,0.0,7.942489632683681,0
V265_200_TOP,8.0,2026-04,202604282306,0.23956459251013118,6,0,0.0,6.590494661515206,0
V265_200_TOP,8.0,2026-04,202604290306,0.48848750958973264,2,0,0.0,6.274603174603175,0
V265_200_TOP,8.0,2026-04,202604291402,0.2618916236697147,3,0,0.0,7.570394379556842,0
V265_200_TOP,8.0,2026-04,202604291505,0.21387491711142403,4,0,0.0,7.767221979106344,0
V265_200_TOP,8.0,2026-05,202605011707,0.21640657170423983,3,0,0.0,7.203087272059474,0
V265_200_TOP,8.0,2026-05,202605012009,0.2373314416761851,2,0,0.0,8.080538922155688,0
V265_200_TOP,8.0,2026-05,202605020908,0.25111854913341924,3,0,0.0,7.1849790652622225,0
V265_200_TOP,8.0,2026-05,202605021103,0.300674986236005,2,1,62160.0,6.268235294117647,1
V265_200_TOP,8.0,2026-05,202605022307,0.29564023551572627,2,0,0.0,3.5517857142857143,0
V265_200_TOP,8.0,2026-05,202605030104,0.28868613696613765,2,0,0.0,6.849097472924187,0
V265_200_TOP,8.0,2026-05,202605030105,0.2766667409364336,2,0,0.0,6.595289855072465,0
V265_200_TOP,8.0,2026-05,202605030608,0.22848893543381715,2,0,0.0,3.897435897435898,0
V265_200_TOP,8.0,2026-05,202605030805,0.24423927840328127,3,1,67050.0,6.733187629848612,1
V265_200_TOP,8.0,2026-05,202605030811,0.2672090271843813,3,0,0.0,7.4751510767866725,0
V265_200_TOP,8.0,2026-05,202605031208,0.2605559796897189,3,0,0.0,6.681845835655625,0
V265_200_TOP,8.0,2026-05,202605031702,0.22705049628637414,4,0,0.0,7.991503857857285,0
V265_200_TOP,8.0,2026-05,202605032307,0.2984313188252715,2,0,0.0,7.57125748502994,1
V265_200_TOP,8.0,2026-05,202605040202,0.37107753457819026,2,0,0.0,8.46798866855524,0
V265_200_TOP,8.0,2026-05,202605040403,0.3133255823029444,3,0,0.0,7.384505010433035,0
V265_200_TOP,8.0,2026-05,202605040701,0.215968702965475,3,1,72200.0,7.280416868637906,1
V265_200_TOP,8.0,2026-05,202605040705,0.21876061468771704,2,1,45240.0,4.554973821989528,1
V265_200_TOP,8.0,2026-05,202605040802,0.22195369577515195,4,1,79380.0,7.979131258510144,1
V265_200_TOP,8.0,2026-05,202605040805,0.21246535088711202,5,1,75800.0,7.586900906847724,1
V265_200_TOP,8.0,2026-05,202605041410,0.3442781827972313,5,0,0.0,7.518446633804893,1
V265_200_TOP,8.0,2026-05,202605041707,0.2154118737317554,20,0,0.0,8.595991934774222,0
V265_200_TOP,8.0,2026-05,202605042009,0.25749082324113354,2,0,0.0,8.64406779661017,0
V265_200_TOP,8.0,2026-05,202605050202,0.3844358843787299,2,0,0.0,3.988271604938272,0
V265_200_TOP,8.0,2026-05,202605050203,0.2968770815790145,2,0,0.0,7.600638977635782,1
V265_200_TOP,8.0,2026-05,202605050702,0.2626441321526058,2,0,0.0,8.75390625,1
V265_200_TOP,8.0,2026-05,202605050811,0.25864047980271865,3,0,0.0,8.183008189205426,0
V265_200_TOP,8.0,2026-05,202605050904,0.22091880709896472,3,0,0.0,6.673989924709532,0
V265_200_TOP,8.0,2026-05,202605051306,0.28295281647431625,2,0,0.0,8.202216066481995,0
V265_200_TOP,8.0,2026-05,202605051602,0.2849683245786652,14,0,0.0,7.895796719862704,0
V265_200_TOP,8.0,2026-05,202605061105,0.2997814789633233,3,1,74970.0,7.451212982412784,1
V265_200_TOP,8.0,2026-05,202605072406,0.3197648402126908,2,0,0.0,4.800000000000001,1
V265_200_TOP,8.0,2026-05,202605091105,0.20543028535520286,4,0,0.0,6.721200245234264,0
V265_200_TOP,8.0,2026-05,202605091805,0.495964033226154,3,0,0.0,6.62554339016519,0
V265_200_TOP,8.0,2026-05,202605102010,0.30367763477198056,2,0,0.0,4.623404255319148,0
V265_200_TOP,8.0,2026-05,202605110811,0.21745625744989133,4,0,0.0,7.551369915321753,1
V265_200_TOP,8.0,2026-05,202605111110,0.34274577577198384,5,0,0.0,8.00109384106576,1
V265_200_TOP,8.0,2026-05,202605111606,0.2653599856261278,2,1,56950.0,5.721153846153847,1
V265_200_TOP,8.0,2026-05,202605112204,0.21827933689813847,18,0,0.0,8.017425119975991,0
V265_200_TOP,8.0,2026-05,202605112308,0.4040382926725104,2,1,57200.0,5.71551724137931,1
V265_200_TOP,8.0,2026-05,202605130406,0.24843531730965585,3,0,0.0,7.977113707494736,1
V265_200_TOP,8.0,2026-05,202605130408,0.4080002569171399,2,0,0.0,3.78125,1
V265_200_TOP,8.0,2026-05,202605161910,0.22188302786866604,2,0,0.0,6.75,0
V265_200_TOP,8.0,2026-05,202605170608,0.2754512568236596,2,0,0.0,4.120754716981132,0
V265_200_TOP,8.0,2026-05,202605171007,0.28545217216839813,2,0,0.0,7.096830985915493,0
V265_200_TOP,8.0,2026-05,202605172011,0.3239690733710161,4,0,0.0,7.924163276765884,0
V265_200_TOP,8.0,2026-05,202605181406,0.2583038154407522,2,0,0.0,7.748709677419354,1
V265_200_TOP,8.0,2026-05,202605191406,0.3193338229604912,3,0,0.0,6.277173913043478,1
V265_200_TOP,8.0,2026-05,202605191811,0.20530395258555054,2,0,0.0,8.498533724340177,0
V265_200_TOP,8.0,2026-05,202605201505,0.30112605263815306,5,0,0.0,9.03212416974068,1
V265_200_TOP,8.0,2026-05,202605202002,0.41973267461323693,3,0,0.0,6.936684580405126,0
V265_200_TOP,8.0,2026-05,202605210511,0.22437456691192492,7,0,0.0,8.202372108392757,0
V265_200_TOP,8.0,2026-05,202605211905,0.2777971580551421,4,1,82500.0,8.23576050666169,1
V265_200_TOP,8.0,2026-05,202605231808,0.33807797227071584,4,0,0.0,8.043622196809514,1
V265_200_TOP,8.0,2026-05,202605242411,0.26105509977527935,5,0,0.0,7.010619377360398,1
V265_200_TOP,8.0,2026-05,202605251307,0.2855507372097001,2,0,0.0,4.701492537313433,0
V265_200_TOP,8.0,2026-05,202605251704,0.21714667339368487,9,0,0.0,7.903354488131063,0
V265_200_TOP,8.0,2026-05,202605252408,0.22028886491235838,4,0,0.0,8.205166669534616,1
V265_200_TOP,8.0,2026-05,202605261206,0.23246738799103306,2,1,67200.0,6.72,1
V265_200_TOP,8.0,2026-05,202605261705,0.23755147991304756,2,0,0.0,6.335826771653544,0
V265_200_TOP,8.0,2026-05,202605270807,0.24912394209503236,5,0,0.0,7.662520092867652,1
V265_200_TOP,8.0,2026-05,202605270810,0.20666286301183726,2,1,95680.0,9.58159090909091,1
V265_200_TOP,8.0,2026-05,202605271204,0.2833043450219901,2,0,0.0,8.764044943820224,0
V265_200_TOP,8.0,2026-05,202605280204,0.23831043450897083,3,0,0.0,7.119177551055839,0
V265_200_TOP,8.0,2026-05,202605280710,0.20987387544470001,5,0,0.0,7.560747115583054,0
V265_200_TOP,8.0,2026-05,202605281008,0.31262664521551253,4,1,66660.0,6.664925383949871,1
V265_200_TOP,8.0,2026-05,202605281810,0.27052868005204844,2,0,0.0,8.917808219178083,0
V265_200_TOP,8.0,2026-05,202605291807,0.3116436076090989,2,0,0.0,6.151470588235294,0
V265_200_TOP,8.0,2026-05,202605300104,0.24548999316343206,2,0,0.0,6.913636363636364,0
V265_200_TOP,8.0,2026-05,202605300507,0.2077811245776027,4,0,0.0,8.184013604955283,0
V265_200_TOP,8.0,2026-05,202605301108,0.20461168872336113,2,0,0.0,6.776556776556777,1
V265_200_TOP,8.0,2026-05,202605311410,0.23499752672253427,2,0,0.0,8.793767705382438,0
V265_200_TOP,8.0,2026-05,202605312304,0.3937232811955747,4,0,0.0,8.099568400993501,0
V265_200_TOP,8.0,2026-06,202606010506,0.29320736634211025,2,0,0.0,3.788235294117647,0
V265_200_TOP,8.0,2026-06,202606010803,0.31314964431915715,4,0,0.0,7.4520744638975,0
V265_200_TOP,8.0,2026-06,202606010809,0.23375247071560573,20,0,0.0,8.720877511477761,0
V265_200_TOP,8.0,2026-06,202606012402,0.3574816458309847,2,0,0.0,7.068131868131867,0
V265_200_TOP,8.0,2026-06,202606020906,0.3762511919469192,2,0,0.0,5.71551724137931,0
V265_200_TOP,8.0,2026-06,202606021007,0.34304375528897846,3,1,90420.0,8.911720981940872,1
V265_200_TOP,8.0,2026-06,202606022307,0.38057841546148685,2,0,0.0,6.739436619718309,0
V265_200_TOP,8.0,2026-06,202606031209,0.21475767658277,3,0,0.0,6.718123942299943,0
V265_200_TOP,8.0,2026-06,202606032109,0.2850071405945,2,0,0.0,8.772164948453609,0
V265_200_TOP,8.0,2026-06,202606040305,0.2491294290468305,2,0,0.0,8.526,1
V265_200_TOP,8.0,2026-06,202606040506,0.41493887066271984,2,1,50960.00000000001,5.092156862745099,1
V265_200_TOP,8.0,2026-06,202606040907,0.21287323928149662,6,0,0.0,8.058332208785586,0
V265_200_TOP,8.0,2026-06,202606041307,0.29814133921391245,5,0,0.0,7.852496174598961,1
V265_200_TOP,8.0,2026-06,202606050305,0.31766365423021903,6,0,0.0,7.252812462484859,0
V265_200_TOP,8.0,2026-06,202606060702,0.22720446463276664,3,0,0.0,8.3017138063279,1
V265_200_TOP,8.0,2026-06,202606060703,0.23780420677269448,3,0,0.0,6.5153776160145584,0
V265_200_TOP,8.0,2026-06,202606060802,0.38065112780503957,9,0,0.0,8.41434894797399,0
V265_200_TOP,8.0,2026-06,202606061506,0.2897510743192872,2,0,0.0,8.863259668508288,0
V265_200_TOP,8.0,2026-06,202606070908,0.26816985725552,2,0,0.0,7.315359477124183,1
V265_200_TOP,8.0,2026-06,202606071005,0.3352121384358668,2,0,0.0,4.4224719101123595,0
V265_200_TOP,8.0,2026-06,202606072408,0.20641942082523385,2,0,0.0,7.715076923076923,0
V265_200_TOP,8.0,2026-06,202606080510,0.31413479671276723,2,0,0.0,8.84047619047619,0
V265_200_TOP,8.0,2026-06,202606080910,0.4901605947054319,2,0,0.0,8.3,1
V265_200_TOP,8.0,2026-06,202606100903,0.32907154113657355,4,0,0.0,7.967861044740476,1
V265_200_TOP,8.0,2026-06,202606121108,0.3217253835701251,2,0,0.0,7.666478873239437,0
V265_200_TOP,8.0,2026-06,202606121901,0.33669518199916965,6,0,0.0,8.250940030355967,0
V265_200_TOP,8.0,2026-06,202606122306,0.37559357974174085,4,1,76400.0,7.5948803875220126,1
V265_200_TOP,8.0,2026-06,202606130609,0.28063208501776443,3,0,0.0,8.220363366055226,0
V265_200_TOP,8.0,2026-06,202606130702,0.23753972627325098,5,0,0.0,9.108560379105606,1
V265_200_TOP,8.0,2026-06,202606132204,0.29935581544010625,5,1,81060.0,7.967850265769861,1
V265_200_TOP,8.0,2026-06,202606132307,0.2568866058139974,5,0,0.0,7.6667870928885735,0
V265_200_TOP,8.0,2026-06,202606142208,0.2799370038601226,2,0,0.0,4.795024875621891,0
V265_200_TOP,8.0,2026-06,202606150310,0.4749951851701887,3,0,0.0,8.185364111827596,0
V265_200_TOP,8.0,2026-06,202606180205,0.32603575162724846,2,0,0.0,4.699530516431925,0
V265_200_TOP,8.0,2026-06,202606180909,0.25218054710663534,7,0,0.0,8.19223206520971,0
V265_200_TOP,8.0,2026-06,202606190903,0.23868701609885562,3,0,0.0,7.336905380729604,0
V265_200_TOP,8.0,2026-06,202606192107,0.22094090446422104,4,0,0.0,8.82094756688449,0
V265_200_TOP,8.0,2026-06,202606200410,0.2648326953422716,3,0,0.0,6.197853774624301,0
V265_200_TOP,8.0,2026-06,202606200903,0.22314990037910193,8,0,0.0,8.038909357193132,0
V265_200_TOP,8.0,2026-06,202606201709,0.4012750915630333,3,0,0.0,8.830110752500971,1
V265_200_TOP,8.0,2026-06,202606210608,0.2121937866790789,2,0,0.0,8.346518105849583,0
V265_200_TOP,8.0,2026-06,202606210906,0.4393521260267424,2,1,49680.0,4.964634146341463,1
V265_200_TOP,8.0,2026-06,202606222204,0.21452192683514015,13,0,0.0,7.970332162285325,0
V265_200_TOP,8.0,2026-06,202606240605,0.2362699443311223,3,1,56320.00000000001,5.74608695652174,1
V265_200_TOP,8.0,2026-06,202606241207,0.48341206616701254,3,0,0.0,8.919440657922056,1
V265_200_TOP,8.0,2026-06,202606241210,0.2623914317542202,2,0,0.0,8.1865889212828,0
V265_200_TOP,8.0,2026-06,202606252106,0.20951103942239344,2,0,0.0,8.0,1
V265_200_TOP,8.0,2026-06,202606260304,0.23952201298236153,3,0,0.0,8.705698395989252,0
V265_200_TOP,8.0,2026-06,202606260410,0.38125002738754243,5,0,0.0,6.808514725143859,0
V265_200_TOP,8.0,2026-06,202606260705,0.5312371159412936,2,0,0.0,5.211428571428571,1
V265_200_TOP,8.0,2026-06,202606261709,0.2822847065995085,3,0,0.0,8.132231404958679,0
V265_200_TOP,8.0,2026-06,202606280205,0.21763903069984297,2,0,0.0,4.680851063829787,0
V265_200_TOP,8.0,2026-06,202606280508,0.40116889007329964,2,0,0.0,10.065777777777779,0
V265_200_TOP,8.0,2026-06,202606281006,0.2436309979302371,20,0,0.0,8.250079697147244,0
V265_200_TOP,8.0,2026-06,202606281008,0.3111095288434435,2,0,0.0,9.617158671586715,0
V265_200_TOP,8.0,2026-06,202606290310,0.2626597486585597,17,0,0.0,8.259643440540955,1
V265_200_TOP,8.0,2026-06,202606290806,0.26694775165681056,3,0,0.0,5.70809336531554,1
V265_200_TOP,8.0,2026-06,202606292011,0.2700034912201163,3,0,0.0,7.658392203428784,0
V265_200_TOP,8.0,2026-06,202606301004,0.22393428575818583,10,0,0.0,7.904616688969336,0
V265_200_TOP,8.0,2026-06,202606302304,0.3985876890146715,2,0,0.0,5.979583333333333,0
V265_200_TOP,8.5,2026-04,202604010110,0.377793166204427,7,0,0.0,8.399906627782231,0
V265_200_TOP,8.5,2026-04,202604010206,0.33657134149149504,2,0,0.0,7.370847457627118,0
V265_200_TOP,8.5,2026-04,202604010603,0.2527008844456851,3,0,0.0,9.918110550435095,1
V265_200_TOP,8.5,2026-04,202604010804,0.34390565109165594,2,0,0.0,7.793823529411765,1
V265_200_TOP,8.5,2026-04,202604020108,0.3839607199427347,2,0,0.0,6.069958847736625,0
V265_200_TOP,8.5,2026-04,202604022209,0.2527599191614724,2,0,0.0,7.392739273927393,0
V265_200_TOP,8.5,2026-04,202604030402,0.5263263210403811,2,0,0.0,7.531353135313531,0
V265_200_TOP,8.5,2026-04,202604031806,0.2561050064638447,2,0,0.0,6.532584269662922,0
V265_200_TOP,8.5,2026-04,202604041505,0.23480429291762125,4,0,0.0,8.881081074942536,0
V265_200_TOP,8.5,2026-04,202604042202,0.3985341855700158,2,0,0.0,6.39375,0
V265_200_TOP,8.5,2026-04,202604052207,0.22213171094118705,3,0,0.0,8.734920117378547,0
V265_200_TOP,8.5,2026-04,202604070808,0.3675713927266906,2,0,0.0,5.27688679245283,0
V265_200_TOP,8.5,2026-04,202604071007,0.2392433670596289,4,0,0.0,8.925989626425178,0
V265_200_TOP,8.5,2026-04,202604072403,0.3727464381534735,3,0,0.0,8.455476753349094,0
V265_200_TOP,8.5,2026-04,202604081111,0.32811911014691947,4,0,0.0,7.959152398267687,0
V265_200_TOP,8.5,2026-04,202604082303,0.2093441220558494,2,0,0.0,9.145161290322582,1
V265_200_TOP,8.5,2026-04,202604082306,0.3288199698932077,2,1,54500.0,5.399537037037037,1
V265_200_TOP,8.5,2026-04,202604090703,0.25903646798236596,2,0,0.0,7.899683544303797,1
V265_200_TOP,8.5,2026-04,202604091506,0.23879741400239188,2,0,0.0,8.8775,0
V265_200_TOP,8.5,2026-04,202604091609,0.23088541587789677,3,0,0.0,8.6011351496355,0
V265_200_TOP,8.5,2026-04,202604100708,0.22756172101458638,2,0,0.0,8.344213649851632,0
V265_200_TOP,8.5,2026-04,202604110709,0.2449272820049662,9,0,0.0,8.451896636211304,0
V265_200_TOP,8.5,2026-04,202604120406,0.267485253680889,16,0,0.0,8.396838501708665,0
V265_200_TOP,8.5,2026-04,202604120608,0.30552317060290146,3,0,0.0,8.712903538804873,0
V265_200_TOP,8.5,2026-04,202604121607,0.25695719777884807,4,0,0.0,7.630673051961073,0
V265_200_TOP,8.5,2026-04,202604130608,0.2850254739530139,2,0,0.0,5.916115702479338,1
V265_200_TOP,8.5,2026-04,202604131606,0.22641989780052002,5,0,0.0,8.629967636272594,0
V265_200_TOP,8.5,2026-04,202604140304,0.31679393798514355,2,0,0.0,4.544623655913979,0
V265_200_TOP,8.5,2026-04,202604150307,0.6312872823020153,2,0,0.0,11.3216796875,0
V265_200_TOP,8.5,2026-04,202604160811,0.21819174962606744,8,0,0.0,8.62547115761436,0
V265_200_TOP,8.5,2026-04,202604160906,0.38625767255553506,5,0,0.0,8.09617268360313,1
V265_200_TOP,8.5,2026-04,202604170305,0.4033681412172072,2,0,0.0,5.5560538116591935,0
V265_200_TOP,8.5,2026-04,202604180305,0.24939438740249972,4,0,0.0,8.137668289111541,1
V265_200_TOP,8.5,2026-04,202604181508,0.2181929496307718,2,0,0.0,6.091463414634146,0
V265_200_TOP,8.5,2026-04,202604190501,0.21366759063068422,6,0,0.0,7.498793115094315,0
V265_200_TOP,8.5,2026-04,202604191006,0.21035358503067644,11,0,0.0,8.386512029539025,0
V265_200_TOP,8.5,2026-04,202604191506,0.2808696629354226,2,0,0.0,4.394886363636363,0
V265_200_TOP,8.5,2026-04,202604210702,0.2624802541515405,3,0,0.0,8.358417736993513,0
V265_200_TOP,8.5,2026-04,202604211109,0.32772574756274536,2,0,0.0,8.955675675675677,0
V265_200_TOP,8.5,2026-04,202604220502,0.23657946574970873,2,0,0.0,5.148058252427185,0
V265_200_TOP,8.5,2026-04,202604230507,0.2367797335050734,3,1,81220.0,7.977520118089615,1
V265_200_TOP,8.5,2026-04,202604231603,0.355229101817504,5,0,0.0,6.9622209026612865,0
V265_200_TOP,8.5,2026-04,202604240706,0.2973678365926359,2,0,0.0,4.871794871794871,0
V265_200_TOP,8.5,2026-04,202604242010,0.2245976629400635,5,1,83430.0,8.400260547960329,1
V265_200_TOP,8.5,2026-04,202604242308,0.34105335787153984,4,0,0.0,6.702657532017641,0
V265_200_TOP,8.5,2026-04,202604250705,0.2121704080986277,4,0,0.0,8.43226537319944,1
V265_200_TOP,8.5,2026-04,202604250708,0.24841186977418378,2,0,0.0,4.786363636363636,1
V265_200_TOP,8.5,2026-04,202604250711,0.2226176220798299,2,0,0.0,7.0,0
V265_200_TOP,8.5,2026-04,202604250903,0.291733996239991,4,0,0.0,8.082712670205021,0
V265_200_TOP,8.5,2026-04,202604251307,0.3396865332945048,3,0,0.0,8.390553368835379,0
V265_200_TOP,8.5,2026-04,202604252307,0.25314642752779926,6,0,0.0,7.584312201481032,1
V265_200_TOP,8.5,2026-04,202604260310,0.4746918303220708,3,0,0.0,7.580606060606061,0
V265_200_TOP,8.5,2026-04,202604270602,0.2246677980083557,9,0,0.0,9.140448643700482,1
V265_200_TOP,8.5,2026-04,202604270606,0.36277214003606784,2,0,0.0,9.115777777777778,1
V265_200_TOP,8.5,2026-04,202604271607,0.4168464136024185,3,0,0.0,8.33878914744804,0
V265_200_TOP,8.5,2026-04,202604272402,0.2844805454161108,4,0,0.0,8.22555990572085,0
V265_200_TOP,8.5,2026-04,202604280603,0.39829095436477124,2,0,0.0,4.712,0
V265_200_TOP,8.5,2026-04,202604280606,0.32685062587442065,4,1,85000.0,8.51054853178589,1
V265_200_TOP,8.5,2026-04,202604280707,0.22096088159797359,5,1,82170.0,8.1306922978901,1
V265_200_TOP,8.5,2026-04,202604280709,0.20780385835318899,5,1,78960.0,7.959244235264467,1
V265_200_TOP,8.5,2026-04,202604280806,0.21373462230975265,4,0,0.0,8.543623319287729,0
V265_200_TOP,8.5,2026-04,202604281502,0.25784886662502193,5,0,0.0,8.50973868696365,0
V265_200_TOP,8.5,2026-04,202604281606,0.24535942241997774,6,0,0.0,7.942489632683681,0
V265_200_TOP,8.5,2026-04,202604282306,0.23956459251013118,5,0,0.0,10.062623951059233,0
V265_200_TOP,8.5,2026-04,202604290306,0.48848750958973264,2,0,0.0,6.274603174603175,0
V265_200_TOP,8.5,2026-04,202604291402,0.2618916236697147,3,0,0.0,7.570394379556842,0
V265_200_TOP,8.5,2026-04,202604291505,0.21387491711142403,3,0,0.0,9.063721776423925,0
V265_200_TOP,8.5,2026-05,202605011707,0.21640657170423983,3,0,0.0,7.203087272059474,0
V265_200_TOP,8.5,2026-05,202605012009,0.2373314416761851,2,0,0.0,8.080538922155688,0
V265_200_TOP,8.5,2026-05,202605020908,0.25111854913341924,3,0,0.0,7.1849790652622225,0
V265_200_TOP,8.5,2026-05,202605021103,0.300674986236005,2,1,62160.0,6.268235294117647,1
V265_200_TOP,8.5,2026-05,202605022307,0.29564023551572627,2,0,0.0,3.5517857142857143,0
V265_200_TOP,8.5,2026-05,202605030104,0.28868613696613765,2,0,0.0,6.849097472924187,0
V265_200_TOP,8.5,2026-05,202605030105,0.2766667409364336,2,0,0.0,6.595289855072465,0
V265_200_TOP,8.5,2026-05,202605030608,0.22848893543381715,2,0,0.0,3.897435897435898,0
V265_200_TOP,8.5,2026-05,202605030805,0.24423927840328127,2,1,95360.0,9.537439613526569,1
V265_200_TOP,8.5,2026-05,202605030811,0.2672090271843813,2,0,0.0,8.817567567567567,0
V265_200_TOP,8.5,2026-05,202605031208,0.2605559796897189,3,0,0.0,6.681845835655625,0
V265_200_TOP,8.5,2026-05,202605031702,0.22705049628637414,4,0,0.0,7.991503857857285,0
V265_200_TOP,8.5,2026-05,202605032307,0.2984313188252715,2,0,0.0,7.57125748502994,1
V265_200_TOP,8.5,2026-05,202605040202,0.37107753457819026,2,0,0.0,8.46798866855524,0
V265_200_TOP,8.5,2026-05,202605040403,0.3133255823029444,3,0,0.0,7.384505010433035,0
V265_200_TOP,8.5,2026-05,202605040701,0.215968702965475,2,1,93100.0,9.398936170212767,1
V265_200_TOP,8.5,2026-05,202605040705,0.21876061468771704,2,1,45240.0,4.554973821989528,1
V265_200_TOP,8.5,2026-05,202605040802,0.22195369577515195,4,1,79380.0,7.979131258510144,1
V265_200_TOP,8.5,2026-05,202605040805,0.21246535088711202,5,1,75800.0,7.586900906847724,1
V265_200_TOP,8.5,2026-05,202605041410,0.3442781827972313,4,0,0.0,9.462188739791573,1
V265_200_TOP,8.5,2026-05,202605041707,0.2154118737317554,20,0,0.0,8.595991934774222,0
V265_200_TOP,8.5,2026-05,202605042009,0.25749082324113354,2,0,0.0,8.64406779661017,0
V265_200_TOP,8.5,2026-05,202605050202,0.3844358843787299,2,0,0.0,3.988271604938272,0
V265_200_TOP,8.5,2026-05,202605050203,0.2968770815790145,2,0,0.0,7.600638977635782,1
V265_200_TOP,8.5,2026-05,202605050702,0.2626441321526058,2,0,0.0,8.75390625,1
V265_200_TOP,8.5,2026-05,202605050811,0.25864047980271865,3,0,0.0,8.183008189205426,0
V265_200_TOP,8.5,2026-05,202605050904,0.22091880709896472,3,0,0.0,6.673989924709532,0
V265_200_TOP,8.5,2026-05,202605051306,0.28295281647431625,2,0,0.0,8.202216066481995,0
V265_200_TOP,8.5,2026-05,202605051602,0.2849683245786652,11,0,0.0,8.550423136348845,0
V265_200_TOP,8.5,2026-05,202605061105,0.2997814789633233,3,1,74970.0,7.451212982412784,1
V265_200_TOP,8.5,2026-05,202605072406,0.3197648402126908,2,0,0.0,4.800000000000001,1
V265_200_TOP,8.5,2026-05,202605091105,0.20543028535520286,3,0,0.0,9.9761310414672,0
V265_200_TOP,8.5,2026-05,202605091805,0.495964033226154,3,0,0.0,6.62554339016519,0
V265_200_TOP,8.5,2026-05,202605102010,0.30367763477198056,2,0,0.0,4.623404255319148,0
V265_200_TOP,8.5,2026-05,202605110811,0.21745625744989133,3,0,0.0,8.933796131197651,1
V265_200_TOP,8.5,2026-05,202605111110,0.34274577577198384,5,0,0.0,8.00109384106576,1
V265_200_TOP,8.5,2026-05,202605111606,0.2653599856261278,2,1,56950.0,5.721153846153847,1
V265_200_TOP,8.5,2026-05,202605112204,0.21827933689813847,14,0,0.0,8.488752555553605,0
V265_200_TOP,8.5,2026-05,202605112308,0.4040382926725104,2,1,57200.0,5.71551724137931,1
V265_200_TOP,8.5,2026-05,202605130406,0.24843531730965585,3,0,0.0,7.977113707494736,1
V265_200_TOP,8.5,2026-05,202605130408,0.4080002569171399,2,0,0.0,3.78125,1
V265_200_TOP,8.5,2026-05,202605161910,0.22188302786866604,2,0,0.0,6.75,0
V265_200_TOP,8.5,2026-05,202605170608,0.2754512568236596,2,0,0.0,4.120754716981132,0
V265_200_TOP,8.5,2026-05,202605171007,0.28545217216839813,2,0,0.0,7.096830985915493,0
V265_200_TOP,8.5,2026-05,202605172011,0.3239690733710161,4,0,0.0,7.924163276765884,0
V265_200_TOP,8.5,2026-05,202605181406,0.2583038154407522,2,0,0.0,7.748709677419354,1
V265_200_TOP,8.5,2026-05,202605191406,0.3193338229604912,3,0,0.0,6.277173913043478,1
V265_200_TOP,8.5,2026-05,202605191811,0.20530395258555054,2,0,0.0,8.498533724340177,0
V265_200_TOP,8.5,2026-05,202605201505,0.30112605263815306,5,0,0.0,9.03212416974068,1
V265_200_TOP,8.5,2026-05,202605202002,0.41973267461323693,2,0,0.0,9.913647642679901,0
V265_200_TOP,8.5,2026-05,202605210511,0.22437456691192492,7,0,0.0,8.202372108392757,0
V265_200_TOP,8.5,2026-05,202605211905,0.2777971580551421,4,1,82500.0,8.23576050666169,1
V265_200_TOP,8.5,2026-05,202605231808,0.33807797227071584,3,0,0.0,8.281614987590556,1
V265_200_TOP,8.5,2026-05,202605242411,0.26105509977527935,4,0,0.0,9.319225011568243,1
V265_200_TOP,8.5,2026-05,202605251307,0.2855507372097001,2,0,0.0,4.701492537313433,0
V265_200_TOP,8.5,2026-05,202605251704,0.21714667339368487,8,0,0.0,8.345737605227217,0
V265_200_TOP,8.5,2026-05,202605252408,0.22028886491235838,4,0,0.0,8.205166669534616,1
V265_200_TOP,8.5,2026-05,202605261206,0.23246738799103306,2,1,67200.0,6.72,1
V265_200_TOP,8.5,2026-05,202605261705,0.23755147991304756,2,0,0.0,6.335826771653544,0
V265_200_TOP,8.5,2026-05,202605270807,0.24912394209503236,4,0,0.0,8.547603672403627,1
V265_200_TOP,8.5,2026-05,202605270810,0.20666286301183726,2,1,95680.0,9.58159090909091,1
V265_200_TOP,8.5,2026-05,202605271204,0.2833043450219901,2,0,0.0,8.764044943820224,0
V265_200_TOP,8.5,2026-05,202605280204,0.23831043450897083,2,0,0.0,9.139952153110048,0
V265_200_TOP,8.5,2026-05,202605280710,0.20987387544470001,5,0,0.0,7.560747115583054,0
V265_200_TOP,8.5,2026-05,202605281008,0.31262664521551253,4,1,66660.0,6.664925383949871,1
V265_200_TOP,8.5,2026-05,202605281810,0.27052868005204844,2,0,0.0,8.917808219178083,0
V265_200_TOP,8.5,2026-05,202605291807,0.3116436076090989,2,0,0.0,6.151470588235294,0
V265_200_TOP,8.5,2026-05,202605300104,0.24548999316343206,2,0,0.0,6.913636363636364,0
V265_200_TOP,8.5,2026-05,202605300507,0.2077811245776027,4,0,0.0,8.184013604955283,0
V265_200_TOP,8.5,2026-05,202605301108,0.20461168872336113,2,0,0.0,6.776556776556777,1
V265_200_TOP,8.5,2026-05,202605311410,0.23499752672253427,2,0,0.0,8.793767705382438,0
V265_200_TOP,8.5,2026-05,202605312304,0.3937232811955747,4,0,0.0,8.099568400993501,0
V265_200_TOP,8.5,2026-06,202606010506,0.29320736634211025,2,0,0.0,3.788235294117647,0
V265_200_TOP,8.5,2026-06,202606010803,0.31314964431915715,4,0,0.0,7.4520744638975,0
V265_200_TOP,8.5,2026-06,202606010809,0.23375247071560573,20,0,0.0,8.720877511477761,0
V265_200_TOP,8.5,2026-06,202606012402,0.3574816458309847,2,0,0.0,7.068131868131867,0
V265_200_TOP,8.5,2026-06,202606020906,0.3762511919469192,2,0,0.0,5.71551724137931,0
V265_200_TOP,8.5,2026-06,202606021007,0.34304375528897846,3,1,90420.0,8.911720981940872,1
V265_200_TOP,8.5,2026-06,202606022307,0.38057841546148685,2,0,0.0,6.739436619718309,0
V265_200_TOP,8.5,2026-06,202606031209,0.21475767658277,3,0,0.0,6.718123942299943,0
V265_200_TOP,8.5,2026-06,202606032109,0.2850071405945,2,0,0.0,8.772164948453609,0
V265_200_TOP,8.5,2026-06,202606040305,0.2491294290468305,2,0,0.0,8.526,1
V265_200_TOP,8.5,2026-06,202606040506,0.41493887066271984,2,1,50960.00000000001,5.092156862745099,1
V265_200_TOP,8.5,2026-06,202606040907,0.21287323928149662,5,0,0.0,8.494319793389373,0
V265_200_TOP,8.5,2026-06,202606041307,0.29814133921391245,5,0,0.0,7.852496174598961,1
V265_200_TOP,8.5,2026-06,202606050305,0.31766365423021903,5,0,0.0,8.835000085321218,0
V265_200_TOP,8.5,2026-06,202606060702,0.22720446463276664,3,0,0.0,8.3017138063279,1
V265_200_TOP,8.5,2026-06,202606060703,0.23780420677269448,2,0,0.0,9.572727272727272,0
V265_200_TOP,8.5,2026-06,202606060802,0.38065112780503957,9,0,0.0,8.41434894797399,0
V265_200_TOP,8.5,2026-06,202606061506,0.2897510743192872,2,0,0.0,8.863259668508288,0
V265_200_TOP,8.5,2026-06,202606070908,0.26816985725552,2,0,0.0,7.315359477124183,1
V265_200_TOP,8.5,2026-06,202606071005,0.3352121384358668,2,0,0.0,4.4224719101123595,0
V265_200_TOP,8.5,2026-06,202606072408,0.20641942082523385,2,0,0.0,7.715076923076923,0
V265_200_TOP,8.5,2026-06,202606080510,0.31413479671276723,2,0,0.0,8.84047619047619,0
V265_200_TOP,8.5,2026-06,202606080910,0.4901605947054319,2,0,0.0,8.3,1
V265_200_TOP,8.5,2026-06,202606100903,0.32907154113657355,4,0,0.0,7.967861044740476,1
V265_200_TOP,8.5,2026-06,202606121108,0.3217253835701251,2,0,0.0,7.666478873239437,0
V265_200_TOP,8.5,2026-06,202606121901,0.33669518199916965,6,0,0.0,8.250940030355967,0
V265_200_TOP,8.5,2026-06,202606122306,0.37559357974174085,4,1,76400.0,7.5948803875220126,1
V265_200_TOP,8.5,2026-06,202606130609,0.28063208501776443,3,0,0.0,8.220363366055226,0
V265_200_TOP,8.5,2026-06,202606130702,0.23753972627325098,5,0,0.0,9.108560379105606,1
V265_200_TOP,8.5,2026-06,202606132204,0.29935581544010625,5,1,81060.0,7.967850265769861,1
V265_200_TOP,8.5,2026-06,202606132307,0.2568866058139974,5,0,0.0,7.6667870928885735,0
V265_200_TOP,8.5,2026-06,202606142208,0.2799370038601226,2,0,0.0,4.795024875621891,0
V265_200_TOP,8.5,2026-06,202606150310,0.4749951851701887,3,0,0.0,8.185364111827596,0
V265_200_TOP,8.5,2026-06,202606180205,0.32603575162724846,2,0,0.0,4.699530516431925,0
V265_200_TOP,8.5,2026-06,202606180909,0.25218054710663534,7,0,0.0,8.19223206520971,0
V265_200_TOP,8.5,2026-06,202606190903,0.23868701609885562,3,0,0.0,7.336905380729604,0
V265_200_TOP,8.5,2026-06,202606192107,0.22094090446422104,4,0,0.0,8.82094756688449,0
V265_200_TOP,8.5,2026-06,202606200410,0.2648326953422716,3,0,0.0,6.197853774624301,0
V265_200_TOP,8.5,2026-06,202606200903,0.22314990037910193,7,0,0.0,8.362740337696428,0
V265_200_TOP,8.5,2026-06,202606201709,0.4012750915630333,3,0,0.0,8.830110752500971,1
V265_200_TOP,8.5,2026-06,202606210608,0.2121937866790789,2,0,0.0,8.346518105849583,0
V265_200_TOP,8.5,2026-06,202606210906,0.4393521260267424,2,1,49680.0,4.964634146341463,1
V265_200_TOP,8.5,2026-06,202606222204,0.21452192683514015,13,0,0.0,7.970332162285325,0
V265_200_TOP,8.5,2026-06,202606240605,0.2362699443311223,2,1,112640.00000000001,11.200000000000001,1
V265_200_TOP,8.5,2026-06,202606241207,0.48341206616701254,3,0,0.0,8.919440657922056,1
V265_200_TOP,8.5,2026-06,202606241210,0.2623914317542202,2,0,0.0,8.1865889212828,0
V265_200_TOP,8.5,2026-06,202606252106,0.20951103942239344,2,0,0.0,8.0,1
V265_200_TOP,8.5,2026-06,202606260304,0.23952201298236153,3,0,0.0,8.705698395989252,0
V265_200_TOP,8.5,2026-06,202606260410,0.38125002738754243,4,0,0.0,9.602470299015934,0
V265_200_TOP,8.5,2026-06,202606260705,0.5312371159412936,2,0,0.0,5.211428571428571,1
V265_200_TOP,8.5,2026-06,202606261709,0.2822847065995085,3,0,0.0,8.132231404958679,0
V265_200_TOP,8.5,2026-06,202606280205,0.21763903069984297,2,0,0.0,4.680851063829787,0
V265_200_TOP,8.5,2026-06,202606280508,0.40116889007329964,2,0,0.0,10.065777777777779,0
V265_200_TOP,8.5,2026-06,202606281006,0.2436309979302371,15,0,0.0,8.479882269058342,0
V265_200_TOP,8.5,2026-06,202606281008,0.3111095288434435,2,0,0.0,9.617158671586715,0
V265_200_TOP,8.5,2026-06,202606290310,0.2626597486585597,17,0,0.0,8.259643440540955,1
V265_200_TOP,8.5,2026-06,202606290806,0.26694775165681056,2,0,0.0,10.50532212885154,1
V265_200_TOP,8.5,2026-06,202606292011,0.2700034912201163,3,0,0.0,7.658392203428784,0
V265_200_TOP,8.5,2026-06,202606301004,0.22393428575818583,8,0,0.0,8.763155613216233,0
V265_200_TOP,8.5,2026-06,202606302304,0.3985876890146715,2,0,0.0,5.979583333333333,0
V265_200_TOP,9.0,2026-04,202604010110,0.377793166204427,7,0,0.0,8.399906627782231,0
V265_200_TOP,9.0,2026-04,202604010206,0.33657134149149504,2,0,0.0,7.370847457627118,0
V265_200_TOP,9.0,2026-04,202604010603,0.2527008844456851,3,0,0.0,9.918110550435095,1
V265_200_TOP,9.0,2026-04,202604010804,0.34390565109165594,2,0,0.0,7.793823529411765,1
V265_200_TOP,9.0,2026-04,202604020108,0.3839607199427347,2,0,0.0,6.069958847736625,0
V265_200_TOP,9.0,2026-04,202604022209,0.2527599191614724,2,0,0.0,7.392739273927393,0
V265_200_TOP,9.0,2026-04,202604030402,0.5263263210403811,2,0,0.0,7.531353135313531,0
V265_200_TOP,9.0,2026-04,202604031806,0.2561050064638447,2,0,0.0,6.532584269662922,0
V265_200_TOP,9.0,2026-04,202604041505,0.23480429291762125,4,0,0.0,8.881081074942536,0
V265_200_TOP,9.0,2026-04,202604042202,0.3985341855700158,2,0,0.0,6.39375,0
V265_200_TOP,9.0,2026-04,202604052207,0.22213171094118705,3,0,0.0,8.734920117378547,0
V265_200_TOP,9.0,2026-04,202604070808,0.3675713927266906,2,0,0.0,5.27688679245283,0
V265_200_TOP,9.0,2026-04,202604071007,0.2392433670596289,4,0,0.0,8.925989626425178,0
V265_200_TOP,9.0,2026-04,202604072403,0.3727464381534735,3,0,0.0,8.455476753349094,0
V265_200_TOP,9.0,2026-04,202604081111,0.32811911014691947,4,0,0.0,7.959152398267687,0
V265_200_TOP,9.0,2026-04,202604082303,0.2093441220558494,2,0,0.0,9.145161290322582,1
V265_200_TOP,9.0,2026-04,202604082306,0.3288199698932077,2,1,54500.0,5.399537037037037,1
V265_200_TOP,9.0,2026-04,202604090703,0.25903646798236596,2,0,0.0,7.899683544303797,1
V265_200_TOP,9.0,2026-04,202604091506,0.23879741400239188,2,0,0.0,8.8775,0
V265_200_TOP,9.0,2026-04,202604091609,0.23088541587789677,3,0,0.0,8.6011351496355,0
V265_200_TOP,9.0,2026-04,202604100708,0.22756172101458638,2,0,0.0,8.344213649851632,0
V265_200_TOP,9.0,2026-04,202604110709,0.2449272820049662,8,0,0.0,9.381451870789292,0
V265_200_TOP,9.0,2026-04,202604120406,0.267485253680889,14,0,0.0,9.0587033322292,0
V265_200_TOP,9.0,2026-04,202604120608,0.30552317060290146,3,0,0.0,8.712903538804873,0
V265_200_TOP,9.0,2026-04,202604121607,0.25695719777884807,4,0,0.0,7.630673051961073,0
V265_200_TOP,9.0,2026-04,202604130608,0.2850254739530139,2,0,0.0,5.916115702479338,1
V265_200_TOP,9.0,2026-04,202604131606,0.22641989780052002,5,0,0.0,8.629967636272594,0
V265_200_TOP,9.0,2026-04,202604140304,0.31679393798514355,2,0,0.0,4.544623655913979,0
V265_200_TOP,9.0,2026-04,202604150307,0.6312872823020153,2,0,0.0,11.3216796875,0
V265_200_TOP,9.0,2026-04,202604160811,0.21819174962606744,7,0,0.0,9.241995236096658,0
V265_200_TOP,9.0,2026-04,202604160906,0.38625767255553506,5,0,0.0,8.09617268360313,1
V265_200_TOP,9.0,2026-04,202604170305,0.4033681412172072,2,0,0.0,5.5560538116591935,0
V265_200_TOP,9.0,2026-04,202604180305,0.24939438740249972,4,0,0.0,8.137668289111541,1
V265_200_TOP,9.0,2026-04,202604181508,0.2181929496307718,2,0,0.0,6.091463414634146,0
V265_200_TOP,9.0,2026-04,202604190501,0.21366759063068422,5,0,0.0,10.138638757964086,0
V265_200_TOP,9.0,2026-04,202604191006,0.21035358503067644,10,0,0.0,8.648156579269846,0
V265_200_TOP,9.0,2026-04,202604191506,0.2808696629354226,2,0,0.0,4.394886363636363,0
V265_200_TOP,9.0,2026-04,202604210702,0.2624802541515405,3,0,0.0,8.358417736993513,0
V265_200_TOP,9.0,2026-04,202604211109,0.32772574756274536,2,0,0.0,8.955675675675677,0
V265_200_TOP,9.0,2026-04,202604220502,0.23657946574970873,2,0,0.0,5.148058252427185,0
V265_200_TOP,9.0,2026-04,202604230507,0.2367797335050734,2,1,94320.0,9.416625916870416,1
V265_200_TOP,9.0,2026-04,202604231603,0.355229101817504,4,0,0.0,10.102084453747453,0
V265_200_TOP,9.0,2026-04,202604240706,0.2973678365926359,2,0,0.0,4.871794871794871,0
V265_200_TOP,9.0,2026-04,202604242010,0.2245976629400635,5,1,83430.0,8.400260547960329,1
V265_200_TOP,9.0,2026-04,202604242308,0.34105335787153984,3,0,0.0,11.19641356122163,0
V265_200_TOP,9.0,2026-04,202604250705,0.2121704080986277,4,0,0.0,8.43226537319944,1
V265_200_TOP,9.0,2026-04,202604250708,0.24841186977418378,2,0,0.0,4.786363636363636,1
V265_200_TOP,9.0,2026-04,202604250711,0.2226176220798299,2,0,0.0,7.0,0
V265_200_TOP,9.0,2026-04,202604250903,0.291733996239991,4,0,0.0,8.082712670205021,0
V265_200_TOP,9.0,2026-04,202604251307,0.3396865332945048,3,0,0.0,8.390553368835379,0
V265_200_TOP,9.0,2026-04,202604252307,0.25314642752779926,6,0,0.0,7.584312201481032,1
V265_200_TOP,9.0,2026-04,202604260310,0.4746918303220708,3,0,0.0,7.580606060606061,0
V265_200_TOP,9.0,2026-04,202604270602,0.2246677980083557,9,0,0.0,9.140448643700482,1
V265_200_TOP,9.0,2026-04,202604270606,0.36277214003606784,2,0,0.0,9.115777777777778,1
V265_200_TOP,9.0,2026-04,202604271607,0.4168464136024185,3,0,0.0,8.33878914744804,0
V265_200_TOP,9.0,2026-04,202604272402,0.2844805454161108,4,0,0.0,8.22555990572085,0
V265_200_TOP,9.0,2026-04,202604280603,0.39829095436477124,2,0,0.0,4.712,0
V265_200_TOP,9.0,2026-04,202604280606,0.32685062587442065,4,1,85000.0,8.51054853178589,1
V265_200_TOP,9.0,2026-04,202604280707,0.22096088159797359,5,1,82170.0,8.1306922978901,1
V265_200_TOP,9.0,2026-04,202604280709,0.20780385835318899,4,1,95410.0,9.448394290494672,1
V265_200_TOP,9.0,2026-04,202604280806,0.21373462230975265,4,0,0.0,8.543623319287729,0
V265_200_TOP,9.0,2026-04,202604281502,0.25784886662502193,5,0,0.0,8.50973868696365,0
V265_200_TOP,9.0,2026-04,202604281606,0.24535942241997774,6,0,0.0,7.942489632683681,0
V265_200_TOP,9.0,2026-04,202604282306,0.23956459251013118,5,0,0.0,10.062623951059233,0
V265_200_TOP,9.0,2026-04,202604290306,0.48848750958973264,2,0,0.0,6.274603174603175,0
V265_200_TOP,9.0,2026-04,202604291402,0.2618916236697147,3,0,0.0,7.570394379556842,0
V265_200_TOP,9.0,2026-04,202604291505,0.21387491711142403,3,0,0.0,9.063721776423925,0
V265_200_TOP,9.0,2026-05,202605011707,0.21640657170423983,2,0,0.0,10.46689497716895,0
V265_200_TOP,9.0,2026-05,202605012009,0.2373314416761851,2,0,0.0,8.080538922155688,0
V265_200_TOP,9.0,2026-05,202605020908,0.25111854913341924,2,0,0.0,9.885678391959798,0
V265_200_TOP,9.0,2026-05,202605021103,0.300674986236005,2,1,62160.0,6.268235294117647,1
V265_200_TOP,9.0,2026-05,202605022307,0.29564023551572627,2,0,0.0,3.5517857142857143,0
V265_200_TOP,9.0,2026-05,202605030104,0.28868613696613765,2,0,0.0,6.849097472924187,0
V265_200_TOP,9.0,2026-05,202605030105,0.2766667409364336,2,0,0.0,6.595289855072465,0
V265_200_TOP,9.0,2026-05,202605030608,0.22848893543381715,2,0,0.0,3.897435897435898,0
V265_200_TOP,9.0,2026-05,202605030805,0.24423927840328127,2,1,95360.0,9.537439613526569,1
V265_200_TOP,9.0,2026-05,202605030811,0.2672090271843813,2,0,0.0,8.817567567567567,0
V265_200_TOP,9.0,2026-05,202605031208,0.2605559796897189,2,0,0.0,11.18339552238806,0
V265_200_TOP,9.0,2026-05,202605031702,0.22705049628637414,3,0,0.0,9.423162385565728,0
V265_200_TOP,9.0,2026-05,202605032307,0.2984313188252715,2,0,0.0,7.57125748502994,1
V265_200_TOP,9.0,2026-05,202605040202,0.37107753457819026,2,0,0.0,8.46798866855524,0
V265_200_TOP,9.0,2026-05,202605040403,0.3133255823029444,3,0,0.0,7.384505010433035,0
V265_200_TOP,9.0,2026-05,202605040701,0.215968702965475,2,1,93100.0,9.398936170212767,1
V265_200_TOP,9.0,2026-05,202605040705,0.21876061468771704,2,1,45240.0,4.554973821989528,1
V265_200_TOP,9.0,2026-05,202605040802,0.22195369577515195,3,1,94500.0,9.409169293262185,1
V265_200_TOP,9.0,2026-05,202605040805,0.21246535088711202,4,0,0.0,9.485785121669887,1
V265_200_TOP,9.0,2026-05,202605041410,0.3442781827972313,4,0,0.0,9.462188739791573,1
V265_200_TOP,9.0,2026-05,202605041707,0.2154118737317554,15,0,0.0,8.993367186608314,0
V265_200_TOP,9.0,2026-05,202605042009,0.25749082324113354,2,0,0.0,8.64406779661017,0
V265_200_TOP,9.0,2026-05,202605050202,0.3844358843787299,2,0,0.0,3.988271604938272,0
V265_200_TOP,9.0,2026-05,202605050203,0.2968770815790145,2,0,0.0,7.600638977635782,1
V265_200_TOP,9.0,2026-05,202605050702,0.2626441321526058,2,0,0.0,8.75390625,1
V265_200_TOP,9.0,2026-05,202605050811,0.25864047980271865,2,0,0.0,9.711219512195123,0
V265_200_TOP,9.0,2026-05,202605050904,0.22091880709896472,2,0,0.0,11.029759299781182,0
V265_200_TOP,9.0,2026-05,202605051306,0.28295281647431625,2,0,0.0,8.202216066481995,0
V265_200_TOP,9.0,2026-05,202605051602,0.2849683245786652,10,0,0.0,9.31477294539011,0
V265_200_TOP,9.0,2026-05,202605061105,0.2997814789633233,3,1,74970.0,7.451212982412784,1
V265_200_TOP,9.0,2026-05,202605072406,0.3197648402126908,2,0,0.0,4.800000000000001,1
V265_200_TOP,9.0,2026-05,202605091105,0.20543028535520286,3,0,0.0,9.9761310414672,0
V265_200_TOP,9.0,2026-05,202605091805,0.495964033226154,2,0,0.0,10.699792960662526,0
V265_200_TOP,9.0,2026-05,202605102010,0.30367763477198056,2,0,0.0,4.623404255319148,0
V265_200_TOP,9.0,2026-05,202605110811,0.21745625744989133,3,0,0.0,8.933796131197651,1
V265_200_TOP,9.0,2026-05,202605111110,0.34274577577198384,4,0,0.0,9.54001658122034,1
V265_200_TOP,9.0,2026-05,202605111606,0.2653599856261278,2,1,56950.0,5.721153846153847,1
V265_200_TOP,9.0,2026-05,202605112204,0.21827933689813847,12,0,0.0,8.829557951570951,0
V265_200_TOP,9.0,2026-05,202605112308,0.4040382926725104,2,1,57200.0,5.71551724137931,1
V265_200_TOP,9.0,2026-05,202605130406,0.24843531730965585,3,0,0.0,7.977113707494736,1
V265_200_TOP,9.0,2026-05,202605130408,0.4080002569171399,2,0,0.0,3.78125,1
V265_200_TOP,9.0,2026-05,202605161910,0.22188302786866604,2,0,0.0,6.75,0
V265_200_TOP,9.0,2026-05,202605170608,0.2754512568236596,2,0,0.0,4.120754716981132,0
V265_200_TOP,9.0,2026-05,202605171007,0.28545217216839813,2,0,0.0,7.096830985915493,0
V265_200_TOP,9.0,2026-05,202605172011,0.3239690733710161,3,0,0.0,9.40946477530099,0
V265_200_TOP,9.0,2026-05,202605181406,0.2583038154407522,2,0,0.0,7.748709677419354,1
V265_200_TOP,9.0,2026-05,202605191406,0.3193338229604912,2,0,0.0,11.379310344827585,1
V265_200_TOP,9.0,2026-05,202605191811,0.20530395258555054,2,0,0.0,8.498533724340177,0
V265_200_TOP,9.0,2026-05,202605201505,0.30112605263815306,5,0,0.0,9.03212416974068,1
V265_200_TOP,9.0,2026-05,202605202002,0.41973267461323693,2,0,0.0,9.913647642679901,0
V265_200_TOP,9.0,2026-05,202605210511,0.22437456691192492,6,0,0.0,9.498749436949224,0
V265_200_TOP,9.0,2026-05,202605211905,0.2777971580551421,3,1,94050.0,9.380257621666642,1
V265_200_TOP,9.0,2026-05,202605231808,0.33807797227071584,2,0,0.0,8.795675675675675,1
V265_200_TOP,9.0,2026-05,202605242411,0.26105509977527935,4,0,0.0,9.319225011568243,1
V265_200_TOP,9.0,2026-05,202605251307,0.2855507372097001,2,0,0.0,4.701492537313433,0
V265_200_TOP,9.0,2026-05,202605251704,0.21714667339368487,8,0,0.0,8.345737605227217,0
V265_200_TOP,9.0,2026-05,202605252408,0.22028886491235838,4,0,0.0,8.205166669534616,1
V265_200_TOP,9.0,2026-05,202605261206,0.23246738799103306,2,1,67200.0,6.72,1
V265_200_TOP,9.0,2026-05,202605261705,0.23755147991304756,2,0,0.0,6.335826771653544,0
V265_200_TOP,9.0,2026-05,202605270807,0.24912394209503236,4,0,0.0,8.547603672403627,1
V265_200_TOP,9.0,2026-05,202605270810,0.20666286301183726,2,1,95680.0,9.58159090909091,1
V265_200_TOP,9.0,2026-05,202605271204,0.2833043450219901,2,0,0.0,8.764044943820224,0
V265_200_TOP,9.0,2026-05,202605280204,0.23831043450897083,2,0,0.0,9.139952153110048,0
V265_200_TOP,9.0,2026-05,202605280710,0.20987387544470001,4,0,0.0,9.599492483779628,0
V265_200_TOP,9.0,2026-05,202605281008,0.31262664521551253,3,1,103020.0,10.418279867526808,1
V265_200_TOP,9.0,2026-05,202605281810,0.27052868005204844,2,0,0.0,8.917808219178083,0
V265_200_TOP,9.0,2026-05,202605291807,0.3116436076090989,2,0,0.0,6.151470588235294,0
V265_200_TOP,9.0,2026-05,202605300104,0.24548999316343206,2,0,0.0,6.913636363636364,0
V265_200_TOP,9.0,2026-05,202605300507,0.2077811245776027,3,0,0.0,9.423981310001905,0
V265_200_TOP,9.0,2026-05,202605301108,0.20461168872336113,2,0,0.0,6.776556776556777,1
V265_200_TOP,9.0,2026-05,202605311410,0.23499752672253427,2,0,0.0,8.793767705382438,0
V265_200_TOP,9.0,2026-05,202605312304,0.3937232811955747,4,0,0.0,8.099568400993501,0
V265_200_TOP,9.0,2026-06,202606010506,0.29320736634211025,2,0,0.0,3.788235294117647,0
V265_200_TOP,9.0,2026-06,202606010803,0.31314964431915715,4,0,0.0,7.4520744638975,0
V265_200_TOP,9.0,2026-06,202606010809,0.23375247071560573,17,0,0.0,9.028603707910664,0
V265_200_TOP,9.0,2026-06,202606012402,0.3574816458309847,2,0,0.0,7.068131868131867,0
V265_200_TOP,9.0,2026-06,202606020906,0.3762511919469192,2,0,0.0,5.71551724137931,0
V265_200_TOP,9.0,2026-06,202606021007,0.34304375528897846,3,1,90420.0,8.911720981940872,1
V265_200_TOP,9.0,2026-06,202606022307,0.38057841546148685,2,0,0.0,6.739436619718309,0
V265_200_TOP,9.0,2026-06,202606031209,0.21475767658277,3,0,0.0,6.718123942299943,0
V265_200_TOP,9.0,2026-06,202606032109,0.2850071405945,2,0,0.0,8.772164948453609,0
V265_200_TOP,9.0,2026-06,202606040305,0.2491294290468305,2,0,0.0,8.526,1
V265_200_TOP,9.0,2026-06,202606040506,0.41493887066271984,2,1,50960.00000000001,5.092156862745099,1
V265_200_TOP,9.0,2026-06,202606040907,0.21287323928149662,5,0,0.0,8.494319793389373,0
V265_200_TOP,9.0,2026-06,202606041307,0.29814133921391245,4,0,0.0,9.477417182731694,1
V265_200_TOP,9.0,2026-06,202606050305,0.31766365423021903,5,0,0.0,8.835000085321218,0
V265_200_TOP,9.0,2026-06,202606060702,0.22720446463276664,3,0,0.0,8.3017138063279,1
V265_200_TOP,9.0,2026-06,202606060703,0.23780420677269448,2,0,0.0,9.572727272727272,0
V265_200_TOP,9.0,2026-06,202606060802,0.38065112780503957,9,0,0.0,8.41434894797399,0
V265_200_TOP,9.0,2026-06,202606061506,0.2897510743192872,2,0,0.0,8.863259668508288,0
V265_200_TOP,9.0,2026-06,202606070908,0.26816985725552,2,0,0.0,7.315359477124183,1
V265_200_TOP,9.0,2026-06,202606071005,0.3352121384358668,2,0,0.0,4.4224719101123595,0
V265_200_TOP,9.0,2026-06,202606072408,0.20641942082523385,2,0,0.0,7.715076923076923,0
V265_200_TOP,9.0,2026-06,202606080510,0.31413479671276723,2,0,0.0,8.84047619047619,0
V265_200_TOP,9.0,2026-06,202606080910,0.4901605947054319,2,0,0.0,8.3,1
V265_200_TOP,9.0,2026-06,202606100903,0.32907154113657355,4,0,0.0,7.967861044740476,1
V265_200_TOP,9.0,2026-06,202606121108,0.3217253835701251,2,0,0.0,7.666478873239437,0
V265_200_TOP,9.0,2026-06,202606121901,0.33669518199916965,5,0,0.0,8.77725240866399,0
V265_200_TOP,9.0,2026-06,202606122306,0.37559357974174085,4,1,76400.0,7.5948803875220126,1
V265_200_TOP,9.0,2026-06,202606130609,0.28063208501776443,2,0,0.0,9.481558441558441,0
V265_200_TOP,9.0,2026-06,202606130702,0.23753972627325098,5,0,0.0,9.108560379105606,1
V265_200_TOP,9.0,2026-06,202606132204,0.29935581544010625,4,0,0.0,9.23930839836868,1
V265_200_TOP,9.0,2026-06,202606132307,0.2568866058139974,5,0,0.0,7.6667870928885735,0
V265_200_TOP,9.0,2026-06,202606142208,0.2799370038601226,2,0,0.0,4.795024875621891,0
V265_200_TOP,9.0,2026-06,202606150310,0.4749951851701887,3,0,0.0,8.185364111827596,0
V265_200_TOP,9.0,2026-06,202606180205,0.32603575162724846,2,0,0.0,4.699530516431925,0
V265_200_TOP,9.0,2026-06,202606180909,0.25218054710663534,6,0,0.0,8.895661855707699,0
V265_200_TOP,9.0,2026-06,202606190903,0.23868701609885562,3,0,0.0,7.336905380729604,0
V265_200_TOP,9.0,2026-06,202606192107,0.22094090446422104,4,0,0.0,8.82094756688449,0
V265_200_TOP,9.0,2026-06,202606200410,0.2648326953422716,2,0,0.0,10.824776785714286,0
V265_200_TOP,9.0,2026-06,202606200903,0.22314990037910193,6,0,0.0,8.964401338299107,0
V265_200_TOP,9.0,2026-06,202606201709,0.4012750915630333,3,0,0.0,8.830110752500971,1
V265_200_TOP,9.0,2026-06,202606210608,0.2121937866790789,2,0,0.0,8.346518105849583,0
V265_200_TOP,9.0,2026-06,202606210906,0.4393521260267424,2,1,49680.0,4.964634146341463,1
V265_200_TOP,9.0,2026-06,202606222204,0.21452192683514015,12,0,0.0,9.384235220874931,0
V265_200_TOP,9.0,2026-06,202606240605,0.2362699443311223,2,1,112640.00000000001,11.200000000000001,1
V265_200_TOP,9.0,2026-06,202606241207,0.48341206616701254,3,0,0.0,8.919440657922056,1
V265_200_TOP,9.0,2026-06,202606241210,0.2623914317542202,2,0,0.0,8.1865889212828,0
V265_200_TOP,9.0,2026-06,202606252106,0.20951103942239344,2,0,0.0,8.0,1
V265_200_TOP,9.0,2026-06,202606260304,0.23952201298236153,3,0,0.0,8.705698395989252,0
V265_200_TOP,9.0,2026-06,202606260410,0.38125002738754243,4,0,0.0,9.602470299015934,0
V265_200_TOP,9.0,2026-06,202606260705,0.5312371159412936,2,0,0.0,5.211428571428571,1
V265_200_TOP,9.0,2026-06,202606261709,0.2822847065995085,3,0,0.0,8.132231404958679,0
V265_200_TOP,9.0,2026-06,202606280205,0.21763903069984297,2,0,0.0,4.680851063829787,0
V265_200_TOP,9.0,2026-06,202606280508,0.40116889007329964,2,0,0.0,10.065777777777779,0
V265_200_TOP,9.0,2026-06,202606281006,0.2436309979302371,14,0,0.0,8.785979524549454,0
V265_200_TOP,9.0,2026-06,202606281008,0.3111095288434435,2,0,0.0,9.617158671586715,0
V265_200_TOP,9.0,2026-06,202606290310,0.2626597486585597,16,0,0.0,8.863694214269078,1
V265_200_TOP,9.0,2026-06,202606290806,0.26694775165681056,2,0,0.0,10.50532212885154,1
V265_200_TOP,9.0,2026-06,202606292011,0.2700034912201163,3,0,0.0,7.658392203428784,0
V265_200_TOP,9.0,2026-06,202606301004,0.22393428575818583,7,0,0.0,9.231014591426408,0
V265_200_TOP,9.0,2026-06,202606302304,0.3985876890146715,2,0,0.0,5.979583333333333,0
V265_200_TOP,9.5,2026-04,202604010110,0.377793166204427,6,0,0.0,9.848742276128478,0
V265_200_TOP,9.5,2026-04,202604010206,0.33657134149149504,2,0,0.0,7.370847457627118,0
V265_200_TOP,9.5,2026-04,202604010603,0.2527008844456851,3,0,0.0,9.918110550435095,1
V265_200_TOP,9.5,2026-04,202604010804,0.34390565109165594,2,0,0.0,7.793823529411765,1
V265_200_TOP,9.5,2026-04,202604020108,0.3839607199427347,2,0,0.0,6.069958847736625,0
V265_200_TOP,9.5,2026-04,202604022209,0.2527599191614724,2,0,0.0,7.392739273927393,0
V265_200_TOP,9.5,2026-04,202604030402,0.5263263210403811,2,0,0.0,7.531353135313531,0
V265_200_TOP,9.5,2026-04,202604031806,0.2561050064638447,2,0,0.0,6.532584269662922,0
V265_200_TOP,9.5,2026-04,202604041505,0.23480429291762125,4,0,0.0,8.881081074942536,0
V265_200_TOP,9.5,2026-04,202604042202,0.3985341855700158,2,0,0.0,6.39375,0
V265_200_TOP,9.5,2026-04,202604052207,0.22213171094118705,3,0,0.0,8.734920117378547,0
V265_200_TOP,9.5,2026-04,202604070808,0.3675713927266906,2,0,0.0,5.27688679245283,0
V265_200_TOP,9.5,2026-04,202604071007,0.2392433670596289,4,0,0.0,8.925989626425178,0
V265_200_TOP,9.5,2026-04,202604072403,0.3727464381534735,3,0,0.0,8.455476753349094,0
V265_200_TOP,9.5,2026-04,202604081111,0.32811911014691947,3,0,0.0,10.499086401731558,0
V265_200_TOP,9.5,2026-04,202604082303,0.2093441220558494,2,0,0.0,9.145161290322582,1
V265_200_TOP,9.5,2026-04,202604082306,0.3288199698932077,2,1,54500.0,5.399537037037037,1
V265_200_TOP,9.5,2026-04,202604090703,0.25903646798236596,2,0,0.0,7.899683544303797,1
V265_200_TOP,9.5,2026-04,202604091506,0.23879741400239188,2,0,0.0,8.8775,0
V265_200_TOP,9.5,2026-04,202604091609,0.23088541587789677,3,0,0.0,8.6011351496355,0
V265_200_TOP,9.5,2026-04,202604100708,0.22756172101458638,2,0,0.0,8.344213649851632,0
V265_200_TOP,9.5,2026-04,202604110709,0.2449272820049662,8,0,0.0,9.381451870789292,0
V265_200_TOP,9.5,2026-04,202604120406,0.267485253680889,12,0,0.0,9.388962528271948,0
V265_200_TOP,9.5,2026-04,202604120608,0.30552317060290146,3,0,0.0,8.712903538804873,0
V265_200_TOP,9.5,2026-04,202604121607,0.25695719777884807,3,0,0.0,10.517589971694298,0
V265_200_TOP,9.5,2026-04,202604130608,0.2850254739530139,2,0,0.0,5.916115702479338,1
V265_200_TOP,9.5,2026-04,202604131606,0.22641989780052002,4,0,0.0,10.28979129762833,0
V265_200_TOP,9.5,2026-04,202604140304,0.31679393798514355,2,0,0.0,4.544623655913979,0
V265_200_TOP,9.5,2026-04,202604150307,0.6312872823020153,2,0,0.0,11.3216796875,0
V265_200_TOP,9.5,2026-04,202604160811,0.21819174962606744,7,0,0.0,9.241995236096658,0
V265_200_TOP,9.5,2026-04,202604160906,0.38625767255553506,5,0,0.0,8.09617268360313,1
V265_200_TOP,9.5,2026-04,202604170305,0.4033681412172072,2,0,0.0,5.5560538116591935,0
V265_200_TOP,9.5,2026-04,202604180305,0.24939438740249972,4,0,0.0,8.137668289111541,1
V265_200_TOP,9.5,2026-04,202604181508,0.2181929496307718,2,0,0.0,6.091463414634146,0
V265_200_TOP,9.5,2026-04,202604190501,0.21366759063068422,5,0,0.0,10.138638757964086,0
V265_200_TOP,9.5,2026-04,202604191006,0.21035358503067644,9,0,0.0,9.752047018901552,0
V265_200_TOP,9.5,2026-04,202604191506,0.2808696629354226,2,0,0.0,4.394886363636363,0
V265_200_TOP,9.5,2026-04,202604210702,0.2624802541515405,3,0,0.0,8.358417736993513,0
V265_200_TOP,9.5,2026-04,202604211109,0.32772574756274536,2,0,0.0,8.955675675675677,0
V265_200_TOP,9.5,2026-04,202604220502,0.23657946574970873,2,0,0.0,5.148058252427185,0
V265_200_TOP,9.5,2026-04,202604230507,0.2367797335050734,2,1,94320.0,9.416625916870416,1
V265_200_TOP,9.5,2026-04,202604231603,0.355229101817504,4,0,0.0,10.102084453747453,0
V265_200_TOP,9.5,2026-04,202604240706,0.2973678365926359,2,0,0.0,4.871794871794871,0
V265_200_TOP,9.5,2026-04,202604242010,0.2245976629400635,4,1,98880.0,10.045127816968039,1
V265_200_TOP,9.5,2026-04,202604242308,0.34105335787153984,3,0,0.0,11.19641356122163,0
V265_200_TOP,9.5,2026-04,202604250705,0.2121704080986277,3,0,0.0,10.106550567568778,1
V265_200_TOP,9.5,2026-04,202604250708,0.24841186977418378,2,0,0.0,4.786363636363636,1
V265_200_TOP,9.5,2026-04,202604250711,0.2226176220798299,2,0,0.0,7.0,0
V265_200_TOP,9.5,2026-04,202604250903,0.291733996239991,4,0,0.0,8.082712670205021,0
V265_200_TOP,9.5,2026-04,202604251307,0.3396865332945048,3,0,0.0,8.390553368835379,0
V265_200_TOP,9.5,2026-04,202604252307,0.25314642752779926,6,0,0.0,7.584312201481032,1
V265_200_TOP,9.5,2026-04,202604260310,0.4746918303220708,2,0,0.0,11.167857142857143,0
V265_200_TOP,9.5,2026-04,202604270602,0.2246677980083557,8,0,0.0,9.838661201420619,1
V265_200_TOP,9.5,2026-04,202604270606,0.36277214003606784,2,0,0.0,9.115777777777778,1
V265_200_TOP,9.5,2026-04,202604271607,0.4168464136024185,3,0,0.0,8.33878914744804,0
V265_200_TOP,9.5,2026-04,202604272402,0.2844805454161108,4,0,0.0,8.22555990572085,0
V265_200_TOP,9.5,2026-04,202604280603,0.39829095436477124,2,0,0.0,4.712,0
V265_200_TOP,9.5,2026-04,202604280606,0.32685062587442065,3,1,97500.0,9.792724839563247,1
V265_200_TOP,9.5,2026-04,202604280707,0.22096088159797359,5,1,82170.0,8.1306922978901,1
V265_200_TOP,9.5,2026-04,202604280709,0.20780385835318899,4,1,95410.0,9.448394290494672,1
V265_200_TOP,9.5,2026-04,202604280806,0.21373462230975265,4,0,0.0,8.543623319287729,0
V265_200_TOP,9.5,2026-04,202604281502,0.25784886662502193,4,0,0.0,10.202078259060256,0
V265_200_TOP,9.5,2026-04,202604281606,0.24535942241997774,6,0,0.0,7.942489632683681,0
V265_200_TOP,9.5,2026-04,202604282306,0.23956459251013118,5,0,0.0,10.062623951059233,0
V265_200_TOP,9.5,2026-04,202604290306,0.48848750958973264,2,0,0.0,6.274603174603175,0
V265_200_TOP,9.5,2026-04,202604291402,0.2618916236697147,3,0,0.0,7.570394379556842,0
V265_200_TOP,9.5,2026-04,202604291505,0.21387491711142403,3,0,0.0,9.063721776423925,0
V265_200_TOP,9.5,2026-05,202605011707,0.21640657170423983,2,0,0.0,10.46689497716895,0
V265_200_TOP,9.5,2026-05,202605012009,0.2373314416761851,2,0,0.0,8.080538922155688,0
V265_200_TOP,9.5,2026-05,202605020908,0.25111854913341924,2,0,0.0,9.885678391959798,0
V265_200_TOP,9.5,2026-05,202605021103,0.300674986236005,2,1,62160.0,6.268235294117647,1
V265_200_TOP,9.5,2026-05,202605022307,0.29564023551572627,2,0,0.0,3.5517857142857143,0
V265_200_TOP,9.5,2026-05,202605030104,0.28868613696613765,2,0,0.0,6.849097472924187,0
V265_200_TOP,9.5,2026-05,202605030105,0.2766667409364336,2,0,0.0,6.595289855072465,0
V265_200_TOP,9.5,2026-05,202605030608,0.22848893543381715,2,0,0.0,3.897435897435898,0
V265_200_TOP,9.5,2026-05,202605030805,0.24423927840328127,2,1,95360.0,9.537439613526569,1
V265_200_TOP,9.5,2026-05,202605030811,0.2672090271843813,2,0,0.0,8.817567567567567,0
V265_200_TOP,9.5,2026-05,202605031208,0.2605559796897189,2,0,0.0,11.18339552238806,0
V265_200_TOP,9.5,2026-05,202605031702,0.22705049628637414,3,0,0.0,9.423162385565728,0
V265_200_TOP,9.5,2026-05,202605032307,0.2984313188252715,2,0,0.0,7.57125748502994,1
V265_200_TOP,9.5,2026-05,202605040202,0.37107753457819026,2,0,0.0,8.46798866855524,0
V265_200_TOP,9.5,2026-05,202605040403,0.3133255823029444,2,0,0.0,11.167303609341825,0
V265_200_TOP,9.5,2026-05,202605040701,0.215968702965475,2,1,93100.0,9.398936170212767,1
V265_200_TOP,9.5,2026-05,202605040705,0.21876061468771704,2,1,45240.0,4.554973821989528,1
V265_200_TOP,9.5,2026-05,202605040802,0.22195369577515195,3,1,94500.0,9.409169293262185,1
V265_200_TOP,9.5,2026-05,202605040805,0.21246535088711202,4,0,0.0,9.485785121669887,1
V265_200_TOP,9.5,2026-05,202605041410,0.3442781827972313,4,0,0.0,9.462188739791573,1
V265_200_TOP,9.5,2026-05,202605041707,0.2154118737317554,14,0,0.0,9.503633867046748,0
V265_200_TOP,9.5,2026-05,202605042009,0.25749082324113354,2,0,0.0,8.64406779661017,0
V265_200_TOP,9.5,2026-05,202605050202,0.3844358843787299,2,0,0.0,3.988271604938272,0
V265_200_TOP,9.5,2026-05,202605050203,0.2968770815790145,2,0,0.0,7.600638977635782,1
V265_200_TOP,9.5,2026-05,202605050702,0.2626441321526058,2,0,0.0,8.75390625,1
V265_200_TOP,9.5,2026-05,202605050811,0.25864047980271865,2,0,0.0,9.711219512195123,0
V265_200_TOP,9.5,2026-05,202605050904,0.22091880709896472,2,0,0.0,11.029759299781182,0
V265_200_TOP,9.5,2026-05,202605051306,0.28295281647431625,2,0,0.0,8.202216066481995,0
V265_200_TOP,9.5,2026-05,202605051602,0.2849683245786652,9,0,0.0,9.613257309054974,0
V265_200_TOP,9.5,2026-05,202605061105,0.2997814789633233,2,1,114660.0,11.460269865067465,1
V265_200_TOP,9.5,2026-05,202605072406,0.3197648402126908,2,0,0.0,4.800000000000001,1
V265_200_TOP,9.5,2026-05,202605091105,0.20543028535520286,3,0,0.0,9.9761310414672,0
V265_200_TOP,9.5,2026-05,202605091805,0.495964033226154,2,0,0.0,10.699792960662526,0
V265_200_TOP,9.5,2026-05,202605102010,0.30367763477198056,2,0,0.0,4.623404255319148,0
V265_200_TOP,9.5,2026-05,202605110811,0.21745625744989133,3,0,0.0,8.933796131197651,1
V265_200_TOP,9.5,2026-05,202605111110,0.34274577577198384,4,0,0.0,9.54001658122034,1
V265_200_TOP,9.5,2026-05,202605111606,0.2653599856261278,2,1,56950.0,5.721153846153847,1
V265_200_TOP,9.5,2026-05,202605112204,0.21827933689813847,9,0,0.0,9.442232856306477,0
V265_200_TOP,9.5,2026-05,202605112308,0.4040382926725104,2,1,57200.0,5.71551724137931,1
V265_200_TOP,9.5,2026-05,202605130406,0.24843531730965585,2,0,0.0,10.961434977578474,1
V265_200_TOP,9.5,2026-05,202605130408,0.4080002569171399,2,0,0.0,3.78125,1
V265_200_TOP,9.5,2026-05,202605161910,0.22188302786866604,2,0,0.0,6.75,0
V265_200_TOP,9.5,2026-05,202605170608,0.2754512568236596,2,0,0.0,4.120754716981132,0
V265_200_TOP,9.5,2026-05,202605171007,0.28545217216839813,2,0,0.0,7.096830985915493,0
V265_200_TOP,9.5,2026-05,202605172011,0.3239690733710161,3,0,0.0,9.40946477530099,0
V265_200_TOP,9.5,2026-05,202605181406,0.2583038154407522,2,0,0.0,7.748709677419354,1
V265_200_TOP,9.5,2026-05,202605191406,0.3193338229604912,2,0,0.0,11.379310344827585,1
V265_200_TOP,9.5,2026-05,202605191811,0.20530395258555054,2,0,0.0,8.498533724340177,0
V265_200_TOP,9.5,2026-05,202605201505,0.30112605263815306,5,0,0.0,9.03212416974068,1
V265_200_TOP,9.5,2026-05,202605202002,0.41973267461323693,2,0,0.0,9.913647642679901,0
V265_200_TOP,9.5,2026-05,202605210511,0.22437456691192492,6,0,0.0,9.498749436949224,0
V265_200_TOP,9.5,2026-05,202605211905,0.2777971580551421,3,1,94050.0,9.380257621666642,1
V265_200_TOP,9.5,2026-05,202605231808,0.33807797227071584,2,0,0.0,8.795675675675675,1
V265_200_TOP,9.5,2026-05,202605242411,0.26105509977527935,4,0,0.0,9.319225011568243,1
V265_200_TOP,9.5,2026-05,202605251307,0.2855507372097001,2,0,0.0,4.701492537313433,0
V265_200_TOP,9.5,2026-05,202605251704,0.21714667339368487,7,0,0.0,9.699392928102462,0
V265_200_TOP,9.5,2026-05,202605252408,0.22028886491235838,4,0,0.0,8.205166669534616,1
V265_200_TOP,9.5,2026-05,202605261206,0.23246738799103306,2,1,67200.0,6.72,1
V265_200_TOP,9.5,2026-05,202605261705,0.23755147991304756,2,0,0.0,6.335826771653544,0
V265_200_TOP,9.5,2026-05,202605270807,0.24912394209503236,4,0,0.0,8.547603672403627,1
V265_200_TOP,9.5,2026-05,202605270810,0.20666286301183726,2,1,95680.0,9.58159090909091,1
V265_200_TOP,9.5,2026-05,202605271204,0.2833043450219901,2,0,0.0,8.764044943820224,0
V265_200_TOP,9.5,2026-05,202605280204,0.23831043450897083,2,0,0.0,9.139952153110048,0
V265_200_TOP,9.5,2026-05,202605280710,0.20987387544470001,4,0,0.0,9.599492483779628,0
V265_200_TOP,9.5,2026-05,202605281008,0.31262664521551253,3,1,103020.0,10.418279867526808,1
V265_200_TOP,9.5,2026-05,202605281810,0.27052868005204844,2,0,0.0,8.917808219178083,0
V265_200_TOP,9.5,2026-05,202605291807,0.3116436076090989,2,0,0.0,6.151470588235294,0
V265_200_TOP,9.5,2026-05,202605300104,0.24548999316343206,2,0,0.0,6.913636363636364,0
V265_200_TOP,9.5,2026-05,202605300507,0.2077811245776027,3,0,0.0,9.423981310001905,0
V265_200_TOP,9.5,2026-05,202605301108,0.20461168872336113,2,0,0.0,6.776556776556777,1
V265_200_TOP,9.5,2026-05,202605311410,0.23499752672253427,2,0,0.0,8.793767705382438,0
V265_200_TOP,9.5,2026-05,202605312304,0.3937232811955747,3,0,0.0,10.442496868021134,0
V265_200_TOP,9.5,2026-06,202606010506,0.29320736634211025,2,0,0.0,3.788235294117647,0
V265_200_TOP,9.5,2026-06,202606010803,0.31314964431915715,4,0,0.0,7.4520744638975,0
V265_200_TOP,9.5,2026-06,202606010809,0.23375247071560573,15,0,0.0,9.47969256120926,0
V265_200_TOP,9.5,2026-06,202606012402,0.3574816458309847,2,0,0.0,7.068131868131867,0
V265_200_TOP,9.5,2026-06,202606020906,0.3762511919469192,2,0,0.0,5.71551724137931,0
V265_200_TOP,9.5,2026-06,202606021007,0.34304375528897846,3,1,90420.0,8.911720981940872,1
V265_200_TOP,9.5,2026-06,202606022307,0.38057841546148685,2,0,0.0,6.739436619718309,0
V265_200_TOP,9.5,2026-06,202606031209,0.21475767658277,2,0,0.0,11.478066914498143,0
V265_200_TOP,9.5,2026-06,202606032109,0.2850071405945,2,0,0.0,8.772164948453609,0
V265_200_TOP,9.5,2026-06,202606040305,0.2491294290468305,2,0,0.0,8.526,1
V265_200_TOP,9.5,2026-06,202606040506,0.41493887066271984,2,1,50960.00000000001,5.092156862745099,1
V265_200_TOP,9.5,2026-06,202606040907,0.21287323928149662,4,0,0.0,9.519144332270708,0
V265_200_TOP,9.5,2026-06,202606041307,0.29814133921391245,4,0,0.0,9.477417182731694,1
V265_200_TOP,9.5,2026-06,202606050305,0.31766365423021903,4,0,0.0,9.714369505505465,0
V265_200_TOP,9.5,2026-06,202606060702,0.22720446463276664,3,0,0.0,8.3017138063279,1
V265_200_TOP,9.5,2026-06,202606060703,0.23780420677269448,2,0,0.0,9.572727272727272,0
V265_200_TOP,9.5,2026-06,202606060802,0.38065112780503957,8,0,0.0,9.650282675147139,0
V265_200_TOP,9.5,2026-06,202606061506,0.2897510743192872,2,0,0.0,8.863259668508288,0
V265_200_TOP,9.5,2026-06,202606070908,0.26816985725552,2,0,0.0,7.315359477124183,1
V265_200_TOP,9.5,2026-06,202606071005,0.3352121384358668,2,0,0.0,4.4224719101123595,0
V265_200_TOP,9.5,2026-06,202606072408,0.20641942082523385,2,0,0.0,7.715076923076923,0
V265_200_TOP,9.5,2026-06,202606080510,0.31413479671276723,2,0,0.0,8.84047619047619,0
V265_200_TOP,9.5,2026-06,202606080910,0.4901605947054319,2,0,0.0,8.3,1
V265_200_TOP,9.5,2026-06,202606100903,0.32907154113657355,3,0,0.0,10.074807707987933,1
V265_200_TOP,9.5,2026-06,202606121108,0.3217253835701251,2,0,0.0,7.666478873239437,0
V265_200_TOP,9.5,2026-06,202606121901,0.33669518199916965,4,0,0.0,10.025417191532664,0
V265_200_TOP,9.5,2026-06,202606122306,0.37559357974174085,4,1,76400.0,7.5948803875220126,1
V265_200_TOP,9.5,2026-06,202606130609,0.28063208501776443,2,0,0.0,9.481558441558441,0
V265_200_TOP,9.5,2026-06,202606130702,0.23753972627325098,5,0,0.0,9.108560379105606,1
V265_200_TOP,9.5,2026-06,202606132204,0.29935581544010625,4,0,0.0,9.23930839836868,1
V265_200_TOP,9.5,2026-06,202606132307,0.2568866058139974,4,0,0.0,10.422097536918722,0
V265_200_TOP,9.5,2026-06,202606142208,0.2799370038601226,2,0,0.0,4.795024875621891,0
V265_200_TOP,9.5,2026-06,202606150310,0.4749951851701887,2,0,0.0,9.859756097560977,0
V265_200_TOP,9.5,2026-06,202606180205,0.32603575162724846,2,0,0.0,4.699530516431925,0
V265_200_TOP,9.5,2026-06,202606180909,0.25218054710663534,5,0,0.0,9.63038434891942,0
V265_200_TOP,9.5,2026-06,202606190903,0.23868701609885562,3,0,0.0,7.336905380729604,0
V265_200_TOP,9.5,2026-06,202606192107,0.22094090446422104,4,0,0.0,8.82094756688449,0
V265_200_TOP,9.5,2026-06,202606200410,0.2648326953422716,2,0,0.0,10.824776785714286,0
V265_200_TOP,9.5,2026-06,202606200903,0.22314990037910193,6,0,0.0,8.964401338299107,0
V265_200_TOP,9.5,2026-06,202606201709,0.4012750915630333,3,0,0.0,8.830110752500971,1
V265_200_TOP,9.5,2026-06,202606210608,0.2121937866790789,2,0,0.0,8.346518105849583,0
V265_200_TOP,9.5,2026-06,202606210906,0.4393521260267424,2,1,49680.0,4.964634146341463,1
V265_200_TOP,9.5,2026-06,202606222204,0.21452192683514015,11,0,0.0,9.520765016717775,0
V265_200_TOP,9.5,2026-06,202606240605,0.2362699443311223,2,1,112640.00000000001,11.200000000000001,1
V265_200_TOP,9.5,2026-06,202606241207,0.48341206616701254,3,0,0.0,8.919440657922056,1
V265_200_TOP,9.5,2026-06,202606241210,0.2623914317542202,2,0,0.0,8.1865889212828,0
V265_200_TOP,9.5,2026-06,202606252106,0.20951103942239344,2,0,0.0,8.0,1
V265_200_TOP,9.5,2026-06,202606260304,0.23952201298236153,3,0,0.0,8.705698395989252,0
V265_200_TOP,9.5,2026-06,202606260410,0.38125002738754243,4,0,0.0,9.602470299015934,0
V265_200_TOP,9.5,2026-06,202606260705,0.5312371159412936,2,0,0.0,5.211428571428571,1
V265_200_TOP,9.5,2026-06,202606261709,0.2822847065995085,3,0,0.0,8.132231404958679,0
V265_200_TOP,9.5,2026-06,202606280205,0.21763903069984297,2,0,0.0,4.680851063829787,0
V265_200_TOP,9.5,2026-06,202606280508,0.40116889007329964,2,0,0.0,10.065777777777779,0
V265_200_TOP,9.5,2026-06,202606281006,0.2436309979302371,12,0,0.0,9.273686113557439,0
V265_200_TOP,9.5,2026-06,202606281008,0.3111095288434435,2,0,0.0,9.617158671586715,0
V265_200_TOP,9.5,2026-06,202606290310,0.2626597486585597,16,0,0.0,8.863694214269078,1
V265_200_TOP,9.5,2026-06,202606290806,0.26694775165681056,2,0,0.0,10.50532212885154,1
V265_200_TOP,9.5,2026-06,202606292011,0.2700034912201163,2,0,0.0,10.499787685774947,0
V265_200_TOP,9.5,2026-06,202606301004,0.22393428575818583,6,0,0.0,9.564433884267833,0
V265_200_TOP,9.5,2026-06,202606302304,0.3985876890146715,2,0,0.0,5.979583333333333,0
V265_200_TOP,10.0,2026-04,202604010110,0.377793166204427,6,0,0.0,9.848742276128478,0
V265_200_TOP,10.0,2026-04,202604010206,0.33657134149149504,2,0,0.0,7.370847457627118,0
V265_200_TOP,10.0,2026-04,202604010603,0.2527008844456851,3,0,0.0,9.918110550435095,1
V265_200_TOP,10.0,2026-04,202604010804,0.34390565109165594,2,0,0.0,7.793823529411765,1
V265_200_TOP,10.0,2026-04,202604020108,0.3839607199427347,2,0,0.0,6.069958847736625,0
V265_200_TOP,10.0,2026-04,202604022209,0.2527599191614724,2,0,0.0,7.392739273927393,0
V265_200_TOP,10.0,2026-04,202604030402,0.5263263210403811,2,0,0.0,7.531353135313531,0
V265_200_TOP,10.0,2026-04,202604031806,0.2561050064638447,2,0,0.0,6.532584269662922,0
V265_200_TOP,10.0,2026-04,202604041505,0.23480429291762125,3,0,0.0,10.714544189092543,0
V265_200_TOP,10.0,2026-04,202604042202,0.3985341855700158,2,0,0.0,6.39375,0
V265_200_TOP,10.0,2026-04,202604052207,0.22213171094118705,2,0,0.0,10.804597701149426,0
V265_200_TOP,10.0,2026-04,202604070808,0.3675713927266906,2,0,0.0,5.27688679245283,0
V265_200_TOP,10.0,2026-04,202604071007,0.2392433670596289,4,0,0.0,8.925989626425178,0
V265_200_TOP,10.0,2026-04,202604072403,0.3727464381534735,3,0,0.0,8.455476753349094,0
V265_200_TOP,10.0,2026-04,202604081111,0.32811911014691947,3,0,0.0,10.499086401731558,0
V265_200_TOP,10.0,2026-04,202604082303,0.2093441220558494,2,0,0.0,9.145161290322582,1
V265_200_TOP,10.0,2026-04,202604082306,0.3288199698932077,2,1,54500.0,5.399537037037037,1
V265_200_TOP,10.0,2026-04,202604090703,0.25903646798236596,2,0,0.0,7.899683544303797,1
V265_200_TOP,10.0,2026-04,202604091506,0.23879741400239188,2,0,0.0,8.8775,0
V265_200_TOP,10.0,2026-04,202604091609,0.23088541587789677,3,0,0.0,8.6011351496355,0
V265_200_TOP,10.0,2026-04,202604100708,0.22756172101458638,2,0,0.0,8.344213649851632,0
V265_200_TOP,10.0,2026-04,202604110709,0.2449272820049662,7,0,0.0,10.528653445246945,0
V265_200_TOP,10.0,2026-04,202604120406,0.267485253680889,11,0,0.0,10.18305129065961,0
V265_200_TOP,10.0,2026-04,202604120608,0.30552317060290146,3,0,0.0,8.712903538804873,0
V265_200_TOP,10.0,2026-04,202604121607,0.25695719777884807,3,0,0.0,10.517589971694298,0
V265_200_TOP,10.0,2026-04,202604130608,0.2850254739530139,2,0,0.0,5.916115702479338,1
V265_200_TOP,10.0,2026-04,202604131606,0.22641989780052002,4,0,0.0,10.28979129762833,0
V265_200_TOP,10.0,2026-04,202604140304,0.31679393798514355,2,0,0.0,4.544623655913979,0
V265_200_TOP,10.0,2026-04,202604150307,0.6312872823020153,2,0,0.0,11.3216796875,0
V265_200_TOP,10.0,2026-04,202604160811,0.21819174962606744,7,0,0.0,9.241995236096658,0
V265_200_TOP,10.0,2026-04,202604160906,0.38625767255553506,4,0,0.0,11.439806100935694,1
V265_200_TOP,10.0,2026-04,202604170305,0.4033681412172072,2,0,0.0,5.5560538116591935,0
V265_200_TOP,10.0,2026-04,202604180305,0.24939438740249972,3,0,0.0,11.166697674418606,1
V265_200_TOP,10.0,2026-04,202604181508,0.2181929496307718,2,0,0.0,6.091463414634146,0
V265_200_TOP,10.0,2026-04,202604190501,0.21366759063068422,5,0,0.0,10.138638757964086,0
V265_200_TOP,10.0,2026-04,202604191006,0.21035358503067644,9,0,0.0,9.752047018901552,0
V265_200_TOP,10.0,2026-04,202604191506,0.2808696629354226,2,0,0.0,4.394886363636363,0
V265_200_TOP,10.0,2026-04,202604210702,0.2624802541515405,3,0,0.0,8.358417736993513,0
V265_200_TOP,10.0,2026-04,202604211109,0.32772574756274536,2,0,0.0,8.955675675675677,0
V265_200_TOP,10.0,2026-04,202604220502,0.23657946574970873,2,0,0.0,5.148058252427185,0
V265_200_TOP,10.0,2026-04,202604230507,0.2367797335050734,2,1,94320.0,9.416625916870416,1
V265_200_TOP,10.0,2026-04,202604231603,0.355229101817504,4,0,0.0,10.102084453747453,0
V265_200_TOP,10.0,2026-04,202604240706,0.2973678365926359,2,0,0.0,4.871794871794871,0
V265_200_TOP,10.0,2026-04,202604242010,0.2245976629400635,4,1,98880.0,10.045127816968039,1
V265_200_TOP,10.0,2026-04,202604242308,0.34105335787153984,3,0,0.0,11.19641356122163,0
V265_200_TOP,10.0,2026-04,202604250705,0.2121704080986277,3,0,0.0,10.106550567568778,1
V265_200_TOP,10.0,2026-04,202604250708,0.24841186977418378,2,0,0.0,4.786363636363636,1
V265_200_TOP,10.0,2026-04,202604250711,0.2226176220798299,2,0,0.0,7.0,0
V265_200_TOP,10.0,2026-04,202604250903,0.291733996239991,4,0,0.0,8.082712670205021,0
V265_200_TOP,10.0,2026-04,202604251307,0.3396865332945048,3,0,0.0,8.390553368835379,0
V265_200_TOP,10.0,2026-04,202604252307,0.25314642752779926,5,0,0.0,12.037949705488371,1
V265_200_TOP,10.0,2026-04,202604260310,0.4746918303220708,2,0,0.0,11.167857142857143,0
V265_200_TOP,10.0,2026-04,202604270602,0.2246677980083557,8,0,0.0,9.838661201420619,1
V265_200_TOP,10.0,2026-04,202604270606,0.36277214003606784,2,0,0.0,9.115777777777778,1
V265_200_TOP,10.0,2026-04,202604271607,0.4168464136024185,2,0,0.0,11.490719696969697,0
V265_200_TOP,10.0,2026-04,202604272402,0.2844805454161108,3,0,0.0,11.071466496761175,0
V265_200_TOP,10.0,2026-04,202604280603,0.39829095436477124,2,0,0.0,4.712,0
V265_200_TOP,10.0,2026-04,202604280606,0.32685062587442065,3,1,97500.0,9.792724839563247,1
V265_200_TOP,10.0,2026-04,202604280707,0.22096088159797359,5,1,82170.0,8.1306922978901,1
V265_200_TOP,10.0,2026-04,202604280709,0.20780385835318899,4,1,95410.0,9.448394290494672,1
V265_200_TOP,10.0,2026-04,202604280806,0.21373462230975265,4,0,0.0,8.543623319287729,0
V265_200_TOP,10.0,2026-04,202604281502,0.25784886662502193,4,0,0.0,10.202078259060256,0
V265_200_TOP,10.0,2026-04,202604281606,0.24535942241997774,5,0,0.0,11.684628310978349,0
V265_200_TOP,10.0,2026-04,202604282306,0.23956459251013118,5,0,0.0,10.062623951059233,0
V265_200_TOP,10.0,2026-04,202604290306,0.48848750958973264,2,0,0.0,6.274603174603175,0
V265_200_TOP,10.0,2026-04,202604291402,0.2618916236697147,3,0,0.0,7.570394379556842,0
V265_200_TOP,10.0,2026-04,202604291505,0.21387491711142403,2,0,0.0,10.197836538461537,0
V265_200_TOP,10.0,2026-05,202605011707,0.21640657170423983,2,0,0.0,10.46689497716895,0
V265_200_TOP,10.0,2026-05,202605012009,0.2373314416761851,2,0,0.0,8.080538922155688,0
V265_200_TOP,10.0,2026-05,202605020908,0.25111854913341924,2,0,0.0,9.885678391959798,0
V265_200_TOP,10.0,2026-05,202605021103,0.300674986236005,2,1,62160.0,6.268235294117647,1
V265_200_TOP,10.0,2026-05,202605022307,0.29564023551572627,2,0,0.0,3.5517857142857143,0
V265_200_TOP,10.0,2026-05,202605030104,0.28868613696613765,2,0,0.0,6.849097472924187,0
V265_200_TOP,10.0,2026-05,202605030105,0.2766667409364336,2,0,0.0,6.595289855072465,0
V265_200_TOP,10.0,2026-05,202605030608,0.22848893543381715,2,0,0.0,3.897435897435898,0
V265_200_TOP,10.0,2026-05,202605030805,0.24423927840328127,2,1,95360.0,9.537439613526569,1
V265_200_TOP,10.0,2026-05,202605030811,0.2672090271843813,2,0,0.0,8.817567567567567,0
V265_200_TOP,10.0,2026-05,202605031208,0.2605559796897189,2,0,0.0,11.18339552238806,0
V265_200_TOP,10.0,2026-05,202605031702,0.22705049628637414,3,0,0.0,9.423162385565728,0
V265_200_TOP,10.0,2026-05,202605032307,0.2984313188252715,2,0,0.0,7.57125748502994,1
V265_200_TOP,10.0,2026-05,202605040202,0.37107753457819026,2,0,0.0,8.46798866855524,0
V265_200_TOP,10.0,2026-05,202605040403,0.3133255823029444,2,0,0.0,11.167303609341825,0
V265_200_TOP,10.0,2026-05,202605040701,0.215968702965475,2,1,93100.0,9.398936170212767,1
V265_200_TOP,10.0,2026-05,202605040705,0.21876061468771704,2,1,45240.0,4.554973821989528,1
V265_200_TOP,10.0,2026-05,202605040802,0.22195369577515195,3,1,94500.0,9.409169293262185,1
V265_200_TOP,10.0,2026-05,202605040805,0.21246535088711202,3,0,0.0,10.065127582017011,1
V265_200_TOP,10.0,2026-05,202605041410,0.3442781827972313,3,0,0.0,10.293215606777,1
V265_200_TOP,10.0,2026-05,202605041707,0.2154118737317554,12,0,0.0,10.212685403779046,0
V265_200_TOP,10.0,2026-05,202605042009,0.25749082324113354,2,0,0.0,8.64406779661017,0
V265_200_TOP,10.0,2026-05,202605050202,0.3844358843787299,2,0,0.0,3.988271604938272,0
V265_200_TOP,10.0,2026-05,202605050203,0.2968770815790145,2,0,0.0,7.600638977635782,1
V265_200_TOP,10.0,2026-05,202605050702,0.2626441321526058,2,0,0.0,8.75390625,1
V265_200_TOP,10.0,2026-05,202605050811,0.25864047980271865,2,0,0.0,9.711219512195123,0
V265_200_TOP,10.0,2026-05,202605050904,0.22091880709896472,2,0,0.0,11.029759299781182,0
V265_200_TOP,10.0,2026-05,202605051306,0.28295281647431625,2,0,0.0,8.202216066481995,0
V265_200_TOP,10.0,2026-05,202605051602,0.2849683245786652,8,0,0.0,9.975828995265243,0
V265_200_TOP,10.0,2026-05,202605061105,0.2997814789633233,2,1,114660.0,11.460269865067465,1
V265_200_TOP,10.0,2026-05,202605072406,0.3197648402126908,2,0,0.0,4.800000000000001,1
V265_200_TOP,10.0,2026-05,202605091105,0.20543028535520286,3,0,0.0,9.9761310414672,0
V265_200_TOP,10.0,2026-05,202605091805,0.495964033226154,2,0,0.0,10.699792960662526,0
V265_200_TOP,10.0,2026-05,202605102010,0.30367763477198056,2,0,0.0,4.623404255319148,0
V265_200_TOP,10.0,2026-05,202605110811,0.21745625744989133,2,0,0.0,10.499789029535865,1
V265_200_TOP,10.0,2026-05,202605111110,0.34274577577198384,4,0,0.0,9.54001658122034,1
V265_200_TOP,10.0,2026-05,202605111606,0.2653599856261278,2,1,56950.0,5.721153846153847,1
V265_200_TOP,10.0,2026-05,202605112204,0.21827933689813847,8,0,0.0,9.855262984860358,0
V265_200_TOP,10.0,2026-05,202605112308,0.4040382926725104,2,1,57200.0,5.71551724137931,1
V265_200_TOP,10.0,2026-05,202605130406,0.24843531730965585,2,0,0.0,10.961434977578474,1
V265_200_TOP,10.0,2026-05,202605130408,0.4080002569171399,2,0,0.0,3.78125,1
V265_200_TOP,10.0,2026-05,202605161910,0.22188302786866604,2,0,0.0,6.75,0
V265_200_TOP,10.0,2026-05,202605170608,0.2754512568236596,2,0,0.0,4.120754716981132,0
V265_200_TOP,10.0,2026-05,202605171007,0.28545217216839813,2,0,0.0,7.096830985915493,0
V265_200_TOP,10.0,2026-05,202605172011,0.3239690733710161,3,0,0.0,9.40946477530099,0
V265_200_TOP,10.0,2026-05,202605181406,0.2583038154407522,2,0,0.0,7.748709677419354,1
V265_200_TOP,10.0,2026-05,202605191406,0.3193338229604912,2,0,0.0,11.379310344827585,1
V265_200_TOP,10.0,2026-05,202605191811,0.20530395258555054,2,0,0.0,8.498533724340177,0
V265_200_TOP,10.0,2026-05,202605201505,0.30112605263815306,5,0,0.0,9.03212416974068,1
V265_200_TOP,10.0,2026-05,202605202002,0.41973267461323693,2,0,0.0,9.913647642679901,0
V265_200_TOP,10.0,2026-05,202605210511,0.22437456691192492,4,0,0.0,10.170147917888016,0
V265_200_TOP,10.0,2026-05,202605211905,0.2777971580551421,2,1,100650.0,10.063829787234042,1
V265_200_TOP,10.0,2026-05,202605231808,0.33807797227071584,2,0,0.0,8.795675675675675,1
V265_200_TOP,10.0,2026-05,202605242411,0.26105509977527935,4,0,0.0,9.319225011568243,1
V265_200_TOP,10.0,2026-05,202605251307,0.2855507372097001,2,0,0.0,4.701492537313433,0
V265_200_TOP,10.0,2026-05,202605251704,0.21714667339368487,7,0,0.0,9.699392928102462,0
V265_200_TOP,10.0,2026-05,202605252408,0.22028886491235838,3,0,0.0,11.381637039701172,1
V265_200_TOP,10.0,2026-05,202605261206,0.23246738799103306,2,1,67200.0,6.72,1
V265_200_TOP,10.0,2026-05,202605261705,0.23755147991304756,2,0,0.0,6.335826771653544,0
V265_200_TOP,10.0,2026-05,202605270807,0.24912394209503236,4,0,0.0,8.547603672403627,1
V265_200_TOP,10.0,2026-05,202605270810,0.20666286301183726,2,1,95680.0,9.58159090909091,1
V265_200_TOP,10.0,2026-05,202605271204,0.2833043450219901,2,0,0.0,8.764044943820224,0
V265_200_TOP,10.0,2026-05,202605280204,0.23831043450897083,2,0,0.0,9.139952153110048,0
V265_200_TOP,10.0,2026-05,202605280710,0.20987387544470001,4,0,0.0,9.599492483779628,0
V265_200_TOP,10.0,2026-05,202605281008,0.31262664521551253,3,1,103020.0,10.418279867526808,1
V265_200_TOP,10.0,2026-05,202605281810,0.27052868005204844,2,0,0.0,8.917808219178083,0
V265_200_TOP,10.0,2026-05,202605291807,0.3116436076090989,2,0,0.0,6.151470588235294,0
V265_200_TOP,10.0,2026-05,202605300104,0.24548999316343206,2,0,0.0,6.913636363636364,0
V265_200_TOP,10.0,2026-05,202605300507,0.2077811245776027,3,0,0.0,9.423981310001905,0
V265_200_TOP,10.0,2026-05,202605301108,0.20461168872336113,2,0,0.0,6.776556776556777,1
V265_200_TOP,10.0,2026-05,202605311410,0.23499752672253427,2,0,0.0,8.793767705382438,0
V265_200_TOP,10.0,2026-05,202605312304,0.3937232811955747,3,0,0.0,10.442496868021134,0
V265_200_TOP,10.0,2026-06,202606010506,0.29320736634211025,2,0,0.0,3.788235294117647,0
V265_200_TOP,10.0,2026-06,202606010803,0.31314964431915715,4,0,0.0,7.4520744638975,0
V265_200_TOP,10.0,2026-06,202606010809,0.23375247071560573,13,0,0.0,9.907348037485985,0
V265_200_TOP,10.0,2026-06,202606012402,0.3574816458309847,2,0,0.0,7.068131868131867,0
V265_200_TOP,10.0,2026-06,202606020906,0.3762511919469192,2,0,0.0,5.71551724137931,0
V265_200_TOP,10.0,2026-06,202606021007,0.34304375528897846,3,1,90420.0,8.911720981940872,1
V265_200_TOP,10.0,2026-06,202606022307,0.38057841546148685,2,0,0.0,6.739436619718309,0
V265_200_TOP,10.0,2026-06,202606031209,0.21475767658277,2,0,0.0,11.478066914498143,0
V265_200_TOP,10.0,2026-06,202606032109,0.2850071405945,2,0,0.0,8.772164948453609,0
V265_200_TOP,10.0,2026-06,202606040305,0.2491294290468305,2,0,0.0,8.526,1
V265_200_TOP,10.0,2026-06,202606040506,0.41493887066271984,2,1,50960.00000000001,5.092156862745099,1
V265_200_TOP,10.0,2026-06,202606040907,0.21287323928149662,4,0,0.0,9.519144332270708,0
V265_200_TOP,10.0,2026-06,202606041307,0.29814133921391245,3,0,0.0,10.462057539116504,1
V265_200_TOP,10.0,2026-06,202606050305,0.31766365423021903,4,0,0.0,9.714369505505465,0
V265_200_TOP,10.0,2026-06,202606060702,0.22720446463276664,3,0,0.0,8.3017138063279,1
V265_200_TOP,10.0,2026-06,202606060703,0.23780420677269448,2,0,0.0,9.572727272727272,0
V265_200_TOP,10.0,2026-06,202606060802,0.38065112780503957,8,0,0.0,9.650282675147139,0
V265_200_TOP,10.0,2026-06,202606061506,0.2897510743192872,2,0,0.0,8.863259668508288,0
V265_200_TOP,10.0,2026-06,202606070908,0.26816985725552,2,0,0.0,7.315359477124183,1
V265_200_TOP,10.0,2026-06,202606071005,0.3352121384358668,2,0,0.0,4.4224719101123595,0
V265_200_TOP,10.0,2026-06,202606072408,0.20641942082523385,2,0,0.0,7.715076923076923,0
V265_200_TOP,10.0,2026-06,202606080510,0.31413479671276723,2,0,0.0,8.84047619047619,0
V265_200_TOP,10.0,2026-06,202606080910,0.4901605947054319,2,0,0.0,8.3,1
V265_200_TOP,10.0,2026-06,202606100903,0.32907154113657355,3,0,0.0,10.074807707987933,1
V265_200_TOP,10.0,2026-06,202606121108,0.3217253835701251,2,0,0.0,7.666478873239437,0
V265_200_TOP,10.0,2026-06,202606121901,0.33669518199916965,4,0,0.0,10.025417191532664,0
V265_200_TOP,10.0,2026-06,202606122306,0.37559357974174085,4,1,76400.0,7.5948803875220126,1
V265_200_TOP,10.0,2026-06,202606130609,0.28063208501776443,2,0,0.0,9.481558441558441,0
V265_200_TOP,10.0,2026-06,202606130702,0.23753972627325098,5,0,0.0,9.108560379105606,1
V265_200_TOP,10.0,2026-06,202606132204,0.29935581544010625,4,0,0.0,9.23930839836868,1
V265_200_TOP,10.0,2026-06,202606132307,0.2568866058139974,4,0,0.0,10.422097536918722,0
V265_200_TOP,10.0,2026-06,202606142208,0.2799370038601226,2,0,0.0,4.795024875621891,0
V265_200_TOP,10.0,2026-06,202606150310,0.4749951851701887,2,0,0.0,9.859756097560977,0
V265_200_TOP,10.0,2026-06,202606180205,0.32603575162724846,2,0,0.0,4.699530516431925,0
V265_200_TOP,10.0,2026-06,202606180909,0.25218054710663534,5,0,0.0,9.63038434891942,0
V265_200_TOP,10.0,2026-06,202606190903,0.23868701609885562,2,0,0.0,11.726513569937369,0
V265_200_TOP,10.0,2026-06,202606192107,0.22094090446422104,4,0,0.0,8.82094756688449,0
V265_200_TOP,10.0,2026-06,202606200410,0.2648326953422716,2,0,0.0,10.824776785714286,0
V265_200_TOP,10.0,2026-06,202606200903,0.22314990037910193,5,0,0.0,10.760744603129428,0
V265_200_TOP,10.0,2026-06,202606201709,0.4012750915630333,3,0,0.0,8.830110752500971,1
V265_200_TOP,10.0,2026-06,202606210608,0.2121937866790789,2,0,0.0,8.346518105849583,0
V265_200_TOP,10.0,2026-06,202606210906,0.4393521260267424,2,1,49680.0,4.964634146341463,1
V265_200_TOP,10.0,2026-06,202606222204,0.21452192683514015,9,0,0.0,10.158683988338767,0
V265_200_TOP,10.0,2026-06,202606240605,0.2362699443311223,2,1,112640.00000000001,11.200000000000001,1
V265_200_TOP,10.0,2026-06,202606241207,0.48341206616701254,3,0,0.0,8.919440657922056,1
V265_200_TOP,10.0,2026-06,202606241210,0.2623914317542202,2,0,0.0,8.1865889212828,0
V265_200_TOP,10.0,2026-06,202606252106,0.20951103942239344,2,0,0.0,8.0,1
V265_200_TOP,10.0,2026-06,202606260304,0.23952201298236153,3,0,0.0,8.705698395989252,0
V265_200_TOP,10.0,2026-06,202606260410,0.38125002738754243,4,0,0.0,9.602470299015934,0
V265_200_TOP,10.0,2026-06,202606260705,0.5312371159412936,2,0,0.0,5.211428571428571,1
V265_200_TOP,10.0,2026-06,202606261709,0.2822847065995085,3,0,0.0,8.132231404958679,0
V265_200_TOP,10.0,2026-06,202606280205,0.21763903069984297,2,0,0.0,4.680851063829787,0
V265_200_TOP,10.0,2026-06,202606280508,0.40116889007329964,2,0,0.0,10.065777777777779,0
V265_200_TOP,10.0,2026-06,202606281006,0.2436309979302371,11,0,0.0,9.837531472049593,0
V265_200_TOP,10.0,2026-06,202606281008,0.3111095288434435,2,0,0.0,9.617158671586715,0
V265_200_TOP,10.0,2026-06,202606290310,0.2626597486585597,15,0,0.0,10.945643506554456,1
V265_200_TOP,10.0,2026-06,202606290806,0.26694775165681056,2,0,0.0,10.50532212885154,1
V265_200_TOP,10.0,2026-06,202606292011,0.2700034912201163,2,0,0.0,10.499787685774947,0
V265_200_TOP,10.0,2026-06,202606301004,0.22393428575818583,6,0,0.0,9.564433884267833,0
V265_200_TOP,10.0,2026-06,202606302304,0.3985876890146715,2,0,0.0,5.979583333333333,0
V265_200_TOP,10.5,2026-04,202604010110,0.377793166204427,5,0,0.0,10.610995837755981,0
V265_200_TOP,10.5,2026-04,202604010206,0.33657134149149504,2,0,0.0,7.370847457627118,0
V265_200_TOP,10.5,2026-04,202604010603,0.2527008844456851,3,0,0.0,9.918110550435095,1
V265_200_TOP,10.5,2026-04,202604010804,0.34390565109165594,2,0,0.0,7.793823529411765,1
V265_200_TOP,10.5,2026-04,202604020108,0.3839607199427347,2,0,0.0,6.069958847736625,0
V265_200_TOP,10.5,2026-04,202604022209,0.2527599191614724,2,0,0.0,7.392739273927393,0
V265_200_TOP,10.5,2026-04,202604030402,0.5263263210403811,2,0,0.0,7.531353135313531,0
V265_200_TOP,10.5,2026-04,202604031806,0.2561050064638447,2,0,0.0,6.532584269662922,0
V265_200_TOP,10.5,2026-04,202604041505,0.23480429291762125,3,0,0.0,10.714544189092543,0
V265_200_TOP,10.5,2026-04,202604042202,0.3985341855700158,2,0,0.0,6.39375,0
V265_200_TOP,10.5,2026-04,202604052207,0.22213171094118705,2,0,0.0,10.804597701149426,0
V265_200_TOP,10.5,2026-04,202604070808,0.3675713927266906,2,0,0.0,5.27688679245283,0
V265_200_TOP,10.5,2026-04,202604071007,0.2392433670596289,4,0,0.0,8.925989626425178,0
V265_200_TOP,10.5,2026-04,202604072403,0.3727464381534735,3,0,0.0,8.455476753349094,0
V265_200_TOP,10.5,2026-04,202604081111,0.32811911014691947,3,0,0.0,10.499086401731558,0
V265_200_TOP,10.5,2026-04,202604082303,0.2093441220558494,2,0,0.0,9.145161290322582,1
V265_200_TOP,10.5,2026-04,202604082306,0.3288199698932077,2,1,54500.0,5.399537037037037,1
V265_200_TOP,10.5,2026-04,202604090703,0.25903646798236596,2,0,0.0,7.899683544303797,1
V265_200_TOP,10.5,2026-04,202604091506,0.23879741400239188,2,0,0.0,8.8775,0
V265_200_TOP,10.5,2026-04,202604091609,0.23088541587789677,3,0,0.0,8.6011351496355,0
V265_200_TOP,10.5,2026-04,202604100708,0.22756172101458638,2,0,0.0,8.344213649851632,0
V265_200_TOP,10.5,2026-04,202604110709,0.2449272820049662,7,0,0.0,10.528653445246945,0
V265_200_TOP,10.5,2026-04,202604120406,0.267485253680889,11,0,0.0,10.18305129065961,0
V265_200_TOP,10.5,2026-04,202604120608,0.30552317060290146,3,0,0.0,8.712903538804873,0
V265_200_TOP,10.5,2026-04,202604121607,0.25695719777884807,3,0,0.0,10.517589971694298,0
V265_200_TOP,10.5,2026-04,202604130608,0.2850254739530139,2,0,0.0,5.916115702479338,1
V265_200_TOP,10.5,2026-04,202604131606,0.22641989780052002,4,0,0.0,10.28979129762833,0
V265_200_TOP,10.5,2026-04,202604140304,0.31679393798514355,2,0,0.0,4.544623655913979,0
V265_200_TOP,10.5,2026-04,202604150307,0.6312872823020153,2,0,0.0,11.3216796875,0
V265_200_TOP,10.5,2026-04,202604160811,0.21819174962606744,6,0,0.0,10.876471644637853,0
V265_200_TOP,10.5,2026-04,202604160906,0.38625767255553506,4,0,0.0,11.439806100935694,1
V265_200_TOP,10.5,2026-04,202604170305,0.4033681412172072,2,0,0.0,5.5560538116591935,0
V265_200_TOP,10.5,2026-04,202604180305,0.24939438740249972,3,0,0.0,11.166697674418606,1
V265_200_TOP,10.5,2026-04,202604181508,0.2181929496307718,2,0,0.0,6.091463414634146,0
V265_200_TOP,10.5,2026-04,202604190501,0.21366759063068422,5,0,0.0,10.138638757964086,0
V265_200_TOP,10.5,2026-04,202604191006,0.21035358503067644,8,0,0.0,10.35415941899228,0
V265_200_TOP,10.5,2026-04,202604191506,0.2808696629354226,2,0,0.0,4.394886363636363,0
V265_200_TOP,10.5,2026-04,202604210702,0.2624802541515405,3,0,0.0,8.358417736993513,0
V265_200_TOP,10.5,2026-04,202604211109,0.32772574756274536,2,0,0.0,8.955675675675677,0
V265_200_TOP,10.5,2026-04,202604220502,0.23657946574970873,2,0,0.0,5.148058252427185,0
V265_200_TOP,10.5,2026-04,202604230507,0.2367797335050734,2,1,94320.0,9.416625916870416,1
V265_200_TOP,10.5,2026-04,202604231603,0.355229101817504,4,0,0.0,10.102084453747453,0
V265_200_TOP,10.5,2026-04,202604240706,0.2973678365926359,2,0,0.0,4.871794871794871,0
V265_200_TOP,10.5,2026-04,202604242010,0.2245976629400635,4,1,98880.0,10.045127816968039,1
V265_200_TOP,10.5,2026-04,202604242308,0.34105335787153984,3,0,0.0,11.19641356122163,0
V265_200_TOP,10.5,2026-04,202604250705,0.2121704080986277,3,0,0.0,10.106550567568778,1
V265_200_TOP,10.5,2026-04,202604250708,0.24841186977418378,2,0,0.0,4.786363636363636,1
V265_200_TOP,10.5,2026-04,202604250711,0.2226176220798299,2,0,0.0,7.0,0
V265_200_TOP,10.5,2026-04,202604250903,0.291733996239991,3,0,0.0,12.136139451790095,0
V265_200_TOP,10.5,2026-04,202604251307,0.3396865332945048,3,0,0.0,8.390553368835379,0
V265_200_TOP,10.5,2026-04,202604252307,0.25314642752779926,5,0,0.0,12.037949705488371,1
V265_200_TOP,10.5,2026-04,202604260310,0.4746918303220708,2,0,0.0,11.167857142857143,0
V265_200_TOP,10.5,2026-04,202604270602,0.2246677980083557,7,0,0.0,10.926765939317,1
V265_200_TOP,10.5,2026-04,202604270606,0.36277214003606784,2,0,0.0,9.115777777777778,1
V265_200_TOP,10.5,2026-04,202604271607,0.4168464136024185,2,0,0.0,11.490719696969697,0
V265_200_TOP,10.5,2026-04,202604272402,0.2844805454161108,3,0,0.0,11.071466496761175,0
V265_200_TOP,10.5,2026-04,202604280603,0.39829095436477124,2,0,0.0,4.712,0
V265_200_TOP,10.5,2026-04,202604280606,0.32685062587442065,3,1,97500.0,9.792724839563247,1
V265_200_TOP,10.5,2026-04,202604280707,0.22096088159797359,4,1,119520.0,12.049534636316416,1
V265_200_TOP,10.5,2026-04,202604280709,0.20780385835318899,3,1,108570.0,10.783772157954918,1
V265_200_TOP,10.5,2026-04,202604280806,0.21373462230975265,3,0,0.0,11.929790693473043,0
V265_200_TOP,10.5,2026-04,202604281502,0.25784886662502193,4,0,0.0,10.202078259060256,0
V265_200_TOP,10.5,2026-04,202604281606,0.24535942241997774,5,0,0.0,11.684628310978349,0
V265_200_TOP,10.5,2026-04,202604282306,0.23956459251013118,5,0,0.0,10.062623951059233,0
V265_200_TOP,10.5,2026-04,202604290306,0.48848750958973264,2,0,0.0,6.274603174603175,0
V265_200_TOP,10.5,2026-04,202604291402,0.2618916236697147,3,0,0.0,7.570394379556842,0
V265_200_TOP,10.5,2026-04,202604291505,0.21387491711142403,2,0,0.0,10.197836538461537,0
V265_200_TOP,10.5,2026-05,202605011707,0.21640657170423983,2,0,0.0,10.46689497716895,0
V265_200_TOP,10.5,2026-05,202605012009,0.2373314416761851,2,0,0.0,8.080538922155688,0
V265_200_TOP,10.5,2026-05,202605020908,0.25111854913341924,2,0,0.0,9.885678391959798,0
V265_200_TOP,10.5,2026-05,202605021103,0.300674986236005,2,1,62160.0,6.268235294117647,1
V265_200_TOP,10.5,2026-05,202605022307,0.29564023551572627,2,0,0.0,3.5517857142857143,0
V265_200_TOP,10.5,2026-05,202605030104,0.28868613696613765,2,0,0.0,6.849097472924187,0
V265_200_TOP,10.5,2026-05,202605030105,0.2766667409364336,2,0,0.0,6.595289855072465,0
V265_200_TOP,10.5,2026-05,202605030608,0.22848893543381715,2,0,0.0,3.897435897435898,0
V265_200_TOP,10.5,2026-05,202605030805,0.24423927840328127,2,1,95360.0,9.537439613526569,1
V265_200_TOP,10.5,2026-05,202605030811,0.2672090271843813,2,0,0.0,8.817567567567567,0
V265_200_TOP,10.5,2026-05,202605031208,0.2605559796897189,2,0,0.0,11.18339552238806,0
V265_200_TOP,10.5,2026-05,202605031702,0.22705049628637414,3,0,0.0,9.423162385565728,0
V265_200_TOP,10.5,2026-05,202605032307,0.2984313188252715,2,0,0.0,7.57125748502994,1
V265_200_TOP,10.5,2026-05,202605040202,0.37107753457819026,2,0,0.0,8.46798866855524,0
V265_200_TOP,10.5,2026-05,202605040403,0.3133255823029444,2,0,0.0,11.167303609341825,0
V265_200_TOP,10.5,2026-05,202605040701,0.215968702965475,2,1,93100.0,9.398936170212767,1
V265_200_TOP,10.5,2026-05,202605040705,0.21876061468771704,2,1,45240.0,4.554973821989528,1
V265_200_TOP,10.5,2026-05,202605040802,0.22195369577515195,2,1,113399.99999999999,11.363924050632912,1
V265_200_TOP,10.5,2026-05,202605040805,0.21246535088711202,3,0,0.0,10.065127582017011,1
V265_200_TOP,10.5,2026-05,202605041410,0.3442781827972313,3,0,0.0,10.293215606777,1
V265_200_TOP,10.5,2026-05,202605041707,0.2154118737317554,12,0,0.0,10.212685403779046,0
V265_200_TOP,10.5,2026-05,202605042009,0.25749082324113354,2,0,0.0,8.64406779661017,0
V265_200_TOP,10.5,2026-05,202605050202,0.3844358843787299,2,0,0.0,3.988271604938272,0
V265_200_TOP,10.5,2026-05,202605050203,0.2968770815790145,2,0,0.0,7.600638977635782,1
V265_200_TOP,10.5,2026-05,202605050702,0.2626441321526058,2,0,0.0,8.75390625,1
V265_200_TOP,10.5,2026-05,202605050811,0.25864047980271865,2,0,0.0,9.711219512195123,0
V265_200_TOP,10.5,2026-05,202605050904,0.22091880709896472,2,0,0.0,11.029759299781182,0
V265_200_TOP,10.5,2026-05,202605051306,0.28295281647431625,2,0,0.0,8.202216066481995,0
V265_200_TOP,10.5,2026-05,202605051602,0.2849683245786652,8,0,0.0,9.975828995265243,0
V265_200_TOP,10.5,2026-05,202605061105,0.2997814789633233,2,1,114660.0,11.460269865067465,1
V265_200_TOP,10.5,2026-05,202605072406,0.3197648402126908,2,0,0.0,4.800000000000001,1
V265_200_TOP,10.5,2026-05,202605091105,0.20543028535520286,3,0,0.0,9.9761310414672,0
V265_200_TOP,10.5,2026-05,202605091805,0.495964033226154,2,0,0.0,10.699792960662526,0
V265_200_TOP,10.5,2026-05,202605102010,0.30367763477198056,2,0,0.0,4.623404255319148,0
V265_200_TOP,10.5,2026-05,202605110811,0.21745625744989133,2,0,0.0,10.499789029535865,1
V265_200_TOP,10.5,2026-05,202605111110,0.34274577577198384,3,0,0.0,10.639725795870897,1
V265_200_TOP,10.5,2026-05,202605111606,0.2653599856261278,2,1,56950.0,5.721153846153847,1
V265_200_TOP,10.5,2026-05,202605112204,0.21827933689813847,6,0,0.0,10.467787679575464,0
V265_200_TOP,10.5,2026-05,202605112308,0.4040382926725104,2,1,57200.0,5.71551724137931,1
V265_200_TOP,10.5,2026-05,202605130406,0.24843531730965585,2,0,0.0,10.961434977578474,1
V265_200_TOP,10.5,2026-05,202605130408,0.4080002569171399,2,0,0.0,3.78125,1
V265_200_TOP,10.5,2026-05,202605161910,0.22188302786866604,2,0,0.0,6.75,0
V265_200_TOP,10.5,2026-05,202605170608,0.2754512568236596,2,0,0.0,4.120754716981132,0
V265_200_TOP,10.5,2026-05,202605171007,0.28545217216839813,2,0,0.0,7.096830985915493,0
V265_200_TOP,10.5,2026-05,202605172011,0.3239690733710161,3,0,0.0,9.40946477530099,0
V265_200_TOP,10.5,2026-05,202605181406,0.2583038154407522,2,0,0.0,7.748709677419354,1
V265_200_TOP,10.5,2026-05,202605191406,0.3193338229604912,2,0,0.0,11.379310344827585,1
V265_200_TOP,10.5,2026-05,202605191811,0.20530395258555054,2,0,0.0,8.498533724340177,0
V265_200_TOP,10.5,2026-05,202605201505,0.30112605263815306,4,0,0.0,11.33221305603408,1
V265_200_TOP,10.5,2026-05,202605202002,0.41973267461323693,2,0,0.0,9.913647642679901,0
V265_200_TOP,10.5,2026-05,202605210511,0.22437456691192492,4,0,0.0,10.170147917888016,0
V265_200_TOP,10.5,2026-05,202605211905,0.2777971580551421,2,1,100650.0,10.063829787234042,1
V265_200_TOP,10.5,2026-05,202605231808,0.33807797227071584,2,0,0.0,8.795675675675675,1
V265_200_TOP,10.5,2026-05,202605242411,0.26105509977527935,3,0,0.0,11.611890746172701,1
V265_200_TOP,10.5,2026-05,202605251307,0.2855507372097001,2,0,0.0,4.701492537313433,0
V265_200_TOP,10.5,2026-05,202605251704,0.21714667339368487,7,0,0.0,9.699392928102462,0
V265_200_TOP,10.5,2026-05,202605252408,0.22028886491235838,3,0,0.0,11.381637039701172,1
V265_200_TOP,10.5,2026-05,202605261206,0.23246738799103306,2,1,67200.0,6.72,1
V265_200_TOP,10.5,2026-05,202605261705,0.23755147991304756,2,0,0.0,6.335826771653544,0
V265_200_TOP,10.5,2026-05,202605270807,0.24912394209503236,3,0,0.0,12.03462861208839,1
V265_200_TOP,10.5,2026-05,202605270810,0.20666286301183726,2,1,95680.0,9.58159090909091,1
V265_200_TOP,10.5,2026-05,202605271204,0.2833043450219901,2,0,0.0,8.764044943820224,0
V265_200_TOP,10.5,2026-05,202605280204,0.23831043450897083,2,0,0.0,9.139952153110048,0
V265_200_TOP,10.5,2026-05,202605280710,0.20987387544470001,3,0,0.0,10.780898334593852,0
V265_200_TOP,10.5,2026-05,202605281008,0.31262664521551253,3,1,103020.0,10.418279867526808,1
V265_200_TOP,10.5,2026-05,202605281810,0.27052868005204844,2,0,0.0,8.917808219178083,0
V265_200_TOP,10.5,2026-05,202605291807,0.3116436076090989,2,0,0.0,6.151470588235294,0
V265_200_TOP,10.5,2026-05,202605300104,0.24548999316343206,2,0,0.0,6.913636363636364,0
V265_200_TOP,10.5,2026-05,202605300507,0.2077811245776027,3,0,0.0,9.423981310001905,0
V265_200_TOP,10.5,2026-05,202605301108,0.20461168872336113,2,0,0.0,6.776556776556777,1
V265_200_TOP,10.5,2026-05,202605311410,0.23499752672253427,2,0,0.0,8.793767705382438,0
V265_200_TOP,10.5,2026-05,202605312304,0.3937232811955747,3,0,0.0,10.442496868021134,0
V265_200_TOP,10.5,2026-06,202606010506,0.29320736634211025,2,0,0.0,3.788235294117647,0
V265_200_TOP,10.5,2026-06,202606010803,0.31314964431915715,4,0,0.0,7.4520744638975,0
V265_200_TOP,10.5,2026-06,202606010809,0.23375247071560573,11,0,0.0,10.815661989353584,0
V265_200_TOP,10.5,2026-06,202606012402,0.3574816458309847,2,0,0.0,7.068131868131867,0
V265_200_TOP,10.5,2026-06,202606020906,0.3762511919469192,2,0,0.0,5.71551724137931,0
V265_200_TOP,10.5,2026-06,202606021007,0.34304375528897846,3,1,90420.0,8.911720981940872,1
V265_200_TOP,10.5,2026-06,202606022307,0.38057841546148685,2,0,0.0,6.739436619718309,0
V265_200_TOP,10.5,2026-06,202606031209,0.21475767658277,2,0,0.0,11.478066914498143,0
V265_200_TOP,10.5,2026-06,202606032109,0.2850071405945,2,0,0.0,8.772164948453609,0
V265_200_TOP,10.5,2026-06,202606040305,0.2491294290468305,2,0,0.0,8.526,1
V265_200_TOP,10.5,2026-06,202606040506,0.41493887066271984,2,1,50960.00000000001,5.092156862745099,1
V265_200_TOP,10.5,2026-06,202606040907,0.21287323928149662,4,0,0.0,9.519144332270708,0
V265_200_TOP,10.5,2026-06,202606041307,0.29814133921391245,3,0,0.0,10.462057539116504,1
V265_200_TOP,10.5,2026-06,202606050305,0.31766365423021903,4,0,0.0,9.714369505505465,0
V265_200_TOP,10.5,2026-06,202606060702,0.22720446463276664,3,0,0.0,8.3017138063279,1
V265_200_TOP,10.5,2026-06,202606060703,0.23780420677269448,2,0,0.0,9.572727272727272,0
V265_200_TOP,10.5,2026-06,202606060802,0.38065112780503957,7,0,0.0,10.863680703912106,0
V265_200_TOP,10.5,2026-06,202606061506,0.2897510743192872,2,0,0.0,8.863259668508288,0
V265_200_TOP,10.5,2026-06,202606070908,0.26816985725552,2,0,0.0,7.315359477124183,1
V265_200_TOP,10.5,2026-06,202606071005,0.3352121384358668,2,0,0.0,4.4224719101123595,0
V265_200_TOP,10.5,2026-06,202606072408,0.20641942082523385,2,0,0.0,7.715076923076923,0
V265_200_TOP,10.5,2026-06,202606080510,0.31413479671276723,2,0,0.0,8.84047619047619,0
V265_200_TOP,10.5,2026-06,202606080910,0.4901605947054319,2,0,0.0,8.3,1
V265_200_TOP,10.5,2026-06,202606100903,0.32907154113657355,3,0,0.0,10.074807707987933,1
V265_200_TOP,10.5,2026-06,202606121108,0.3217253835701251,2,0,0.0,7.666478873239437,0
V265_200_TOP,10.5,2026-06,202606121901,0.33669518199916965,4,0,0.0,10.025417191532664,0
V265_200_TOP,10.5,2026-06,202606122306,0.37559357974174085,3,0,0.0,12.608492591797292,1
V265_200_TOP,10.5,2026-06,202606130609,0.28063208501776443,2,0,0.0,9.481558441558441,0
V265_200_TOP,10.5,2026-06,202606130702,0.23753972627325098,5,0,0.0,9.108560379105606,1
V265_200_TOP,10.5,2026-06,202606132204,0.29935581544010625,4,0,0.0,9.23930839836868,1
V265_200_TOP,10.5,2026-06,202606132307,0.2568866058139974,4,0,0.0,10.422097536918722,0
V265_200_TOP,10.5,2026-06,202606142208,0.2799370038601226,2,0,0.0,4.795024875621891,0
V265_200_TOP,10.5,2026-06,202606150310,0.4749951851701887,2,0,0.0,9.859756097560977,0
V265_200_TOP,10.5,2026-06,202606180205,0.32603575162724846,2,0,0.0,4.699530516431925,0
V265_200_TOP,10.5,2026-06,202606180909,0.25218054710663534,4,0,0.0,11.136716680657543,0
V265_200_TOP,10.5,2026-06,202606190903,0.23868701609885562,2,0,0.0,11.726513569937369,0
V265_200_TOP,10.5,2026-06,202606192107,0.22094090446422104,4,0,0.0,8.82094756688449,0
V265_200_TOP,10.5,2026-06,202606200410,0.2648326953422716,2,0,0.0,10.824776785714286,0
V265_200_TOP,10.5,2026-06,202606200903,0.22314990037910193,5,0,0.0,10.760744603129428,0
V265_200_TOP,10.5,2026-06,202606201709,0.4012750915630333,2,0,0.0,11.668522483940043,1
V265_200_TOP,10.5,2026-06,202606210608,0.2121937866790789,2,0,0.0,8.346518105849583,0
V265_200_TOP,10.5,2026-06,202606210906,0.4393521260267424,2,1,49680.0,4.964634146341463,1
V265_200_TOP,10.5,2026-06,202606222204,0.21452192683514015,9,0,0.0,10.158683988338767,0
V265_200_TOP,10.5,2026-06,202606240605,0.2362699443311223,2,1,112640.00000000001,11.200000000000001,1
V265_200_TOP,10.5,2026-06,202606241207,0.48341206616701254,3,0,0.0,8.919440657922056,1
V265_200_TOP,10.5,2026-06,202606241210,0.2623914317542202,2,0,0.0,8.1865889212828,0
V265_200_TOP,10.5,2026-06,202606252106,0.20951103942239344,2,0,0.0,8.0,1
V265_200_TOP,10.5,2026-06,202606260304,0.23952201298236153,3,0,0.0,8.705698395989252,0
V265_200_TOP,10.5,2026-06,202606260410,0.38125002738754243,4,0,0.0,9.602470299015934,0
V265_200_TOP,10.5,2026-06,202606260705,0.5312371159412936,2,0,0.0,5.211428571428571,1
V265_200_TOP,10.5,2026-06,202606261709,0.2822847065995085,2,0,0.0,12.3,0
V265_200_TOP,10.5,2026-06,202606280205,0.21763903069984297,2,0,0.0,4.680851063829787,0
V265_200_TOP,10.5,2026-06,202606280508,0.40116889007329964,2,0,0.0,10.065777777777779,0
V265_200_TOP,10.5,2026-06,202606281006,0.2436309979302371,10,0,0.0,10.637589759891199,0
V265_200_TOP,10.5,2026-06,202606281008,0.3111095288434435,2,0,0.0,9.617158671586715,0
V265_200_TOP,10.5,2026-06,202606290310,0.2626597486585597,15,0,0.0,10.945643506554456,1
V265_200_TOP,10.5,2026-06,202606290806,0.26694775165681056,2,0,0.0,10.50532212885154,1
V265_200_TOP,10.5,2026-06,202606292011,0.2700034912201163,2,0,0.0,10.499787685774947,0
V265_200_TOP,10.5,2026-06,202606301004,0.22393428575818583,6,0,0.0,9.564433884267833,0
V265_200_TOP,10.5,2026-06,202606302304,0.3985876890146715,2,0,0.0,5.979583333333333,0
V265_200_TOP,11.0,2026-04,202604010110,0.377793166204427,5,0,0.0,10.610995837755981,0
V265_200_TOP,11.0,2026-04,202604010206,0.33657134149149504,2,0,0.0,7.370847457627118,0
V265_200_TOP,11.0,2026-04,202604010603,0.2527008844456851,3,0,0.0,9.918110550435095,1
V265_200_TOP,11.0,2026-04,202604010804,0.34390565109165594,2,0,0.0,7.793823529411765,1
V265_200_TOP,11.0,2026-04,202604020108,0.3839607199427347,2,0,0.0,6.069958847736625,0
V265_200_TOP,11.0,2026-04,202604022209,0.2527599191614724,2,0,0.0,7.392739273927393,0
V265_200_TOP,11.0,2026-04,202604030402,0.5263263210403811,2,0,0.0,7.531353135313531,0
V265_200_TOP,11.0,2026-04,202604031806,0.2561050064638447,2,0,0.0,6.532584269662922,0
V265_200_TOP,11.0,2026-04,202604041505,0.23480429291762125,3,0,0.0,10.714544189092543,0
V265_200_TOP,11.0,2026-04,202604042202,0.3985341855700158,2,0,0.0,6.39375,0
V265_200_TOP,11.0,2026-04,202604052207,0.22213171094118705,2,0,0.0,10.804597701149426,0
V265_200_TOP,11.0,2026-04,202604070808,0.3675713927266906,2,0,0.0,5.27688679245283,0
V265_200_TOP,11.0,2026-04,202604071007,0.2392433670596289,4,0,0.0,8.925989626425178,0
V265_200_TOP,11.0,2026-04,202604072403,0.3727464381534735,3,0,0.0,8.455476753349094,0
V265_200_TOP,11.0,2026-04,202604081111,0.32811911014691947,3,0,0.0,10.499086401731558,0
V265_200_TOP,11.0,2026-04,202604082303,0.2093441220558494,2,0,0.0,9.145161290322582,1
V265_200_TOP,11.0,2026-04,202604082306,0.3288199698932077,2,1,54500.0,5.399537037037037,1
V265_200_TOP,11.0,2026-04,202604090703,0.25903646798236596,2,0,0.0,7.899683544303797,1
V265_200_TOP,11.0,2026-04,202604091506,0.23879741400239188,2,0,0.0,8.8775,0
V265_200_TOP,11.0,2026-04,202604091609,0.23088541587789677,2,0,0.0,12.515630885122409,0
V265_200_TOP,11.0,2026-04,202604100708,0.22756172101458638,2,0,0.0,8.344213649851632,0
V265_200_TOP,11.0,2026-04,202604110709,0.2449272820049662,6,0,0.0,11.029181143726012,0
V265_200_TOP,11.0,2026-04,202604120406,0.267485253680889,10,0,0.0,11.044896065652265,0
V265_200_TOP,11.0,2026-04,202604120608,0.30552317060290146,3,0,0.0,8.712903538804873,0
V265_200_TOP,11.0,2026-04,202604121607,0.25695719777884807,3,0,0.0,10.517589971694298,0
V265_200_TOP,11.0,2026-04,202604130608,0.2850254739530139,2,0,0.0,5.916115702479338,1
V265_200_TOP,11.0,2026-04,202604131606,0.22641989780052002,4,0,0.0,10.28979129762833,0
V265_200_TOP,11.0,2026-04,202604140304,0.31679393798514355,2,0,0.0,4.544623655913979,0
V265_200_TOP,11.0,2026-04,202604150307,0.6312872823020153,2,0,0.0,11.3216796875,0
V265_200_TOP,11.0,2026-04,202604160811,0.21819174962606744,6,0,0.0,10.876471644637853,0
V265_200_TOP,11.0,2026-04,202604160906,0.38625767255553506,4,0,0.0,11.439806100935694,1
V265_200_TOP,11.0,2026-04,202604170305,0.4033681412172072,2,0,0.0,5.5560538116591935,0
V265_200_TOP,11.0,2026-04,202604180305,0.24939438740249972,3,0,0.0,11.166697674418606,1
V265_200_TOP,11.0,2026-04,202604181508,0.2181929496307718,2,0,0.0,6.091463414634146,0
V265_200_TOP,11.0,2026-04,202604190501,0.21366759063068422,5,0,0.0,10.138638757964086,0
V265_200_TOP,11.0,2026-04,202604191006,0.21035358503067644,7,0,0.0,11.271681315713801,0
V265_200_TOP,11.0,2026-04,202604191506,0.2808696629354226,2,0,0.0,4.394886363636363,0
V265_200_TOP,11.0,2026-04,202604210702,0.2624802541515405,2,0,0.0,12.796545105566217,0
V265_200_TOP,11.0,2026-04,202604211109,0.32772574756274536,2,0,0.0,8.955675675675677,0
V265_200_TOP,11.0,2026-04,202604220502,0.23657946574970873,2,0,0.0,5.148058252427185,0
V265_200_TOP,11.0,2026-04,202604230507,0.2367797335050734,2,1,94320.0,9.416625916870416,1
V265_200_TOP,11.0,2026-04,202604231603,0.355229101817504,4,0,0.0,10.102084453747453,0
V265_200_TOP,11.0,2026-04,202604240706,0.2973678365926359,2,0,0.0,4.871794871794871,0
V265_200_TOP,11.0,2026-04,202604242010,0.2245976629400635,4,1,98880.0,10.045127816968039,1
V265_200_TOP,11.0,2026-04,202604242308,0.34105335787153984,3,0,0.0,11.19641356122163,0
V265_200_TOP,11.0,2026-04,202604250705,0.2121704080986277,3,0,0.0,10.106550567568778,1
V265_200_TOP,11.0,2026-04,202604250708,0.24841186977418378,2,0,0.0,4.786363636363636,1
V265_200_TOP,11.0,2026-04,202604250711,0.2226176220798299,2,0,0.0,7.0,0
V265_200_TOP,11.0,2026-04,202604250903,0.291733996239991,3,0,0.0,12.136139451790095,0
V265_200_TOP,11.0,2026-04,202604251307,0.3396865332945048,3,0,0.0,8.390553368835379,0
V265_200_TOP,11.0,2026-04,202604252307,0.25314642752779926,5,0,0.0,12.037949705488371,1
V265_200_TOP,11.0,2026-04,202604260310,0.4746918303220708,2,0,0.0,11.167857142857143,0
V265_200_TOP,11.0,2026-04,202604270602,0.2246677980083557,7,0,0.0,10.926765939317,1
V265_200_TOP,11.0,2026-04,202604270606,0.36277214003606784,2,0,0.0,9.115777777777778,1
V265_200_TOP,11.0,2026-04,202604271607,0.4168464136024185,2,0,0.0,11.490719696969697,0
V265_200_TOP,11.0,2026-04,202604272402,0.2844805454161108,3,0,0.0,11.071466496761175,0
V265_200_TOP,11.0,2026-04,202604280603,0.39829095436477124,2,0,0.0,4.712,0
V265_200_TOP,11.0,2026-04,202604280606,0.32685062587442065,3,1,97500.0,9.792724839563247,1
V265_200_TOP,11.0,2026-04,202604280707,0.22096088159797359,4,1,119520.0,12.049534636316416,1
V265_200_TOP,11.0,2026-04,202604280709,0.20780385835318899,3,1,108570.0,10.783772157954918,1
V265_200_TOP,11.0,2026-04,202604280806,0.21373462230975265,3,0,0.0,11.929790693473043,0
V265_200_TOP,11.0,2026-04,202604281502,0.25784886662502193,4,0,0.0,10.202078259060256,0
V265_200_TOP,11.0,2026-04,202604281606,0.24535942241997774,5,0,0.0,11.684628310978349,0
V265_200_TOP,11.0,2026-04,202604282306,0.23956459251013118,4,0,0.0,11.284975570702619,0
V265_200_TOP,11.0,2026-04,202604290306,0.48848750958973264,2,0,0.0,6.274603174603175,0
V265_200_TOP,11.0,2026-04,202604291402,0.2618916236697147,3,0,0.0,7.570394379556842,0
V265_200_TOP,11.0,2026-04,202604291505,0.21387491711142403,2,0,0.0,10.197836538461537,0
V265_200_TOP,11.0,2026-05,202605011707,0.21640657170423983,2,0,0.0,10.46689497716895,0
V265_200_TOP,11.0,2026-05,202605012009,0.2373314416761851,2,0,0.0,8.080538922155688,0
V265_200_TOP,11.0,2026-05,202605020908,0.25111854913341924,2,0,0.0,9.885678391959798,0
V265_200_TOP,11.0,2026-05,202605021103,0.300674986236005,2,1,62160.0,6.268235294117647,1
V265_200_TOP,11.0,2026-05,202605022307,0.29564023551572627,2,0,0.0,3.5517857142857143,0
V265_200_TOP,11.0,2026-05,202605030104,0.28868613696613765,2,0,0.0,6.849097472924187,0
V265_200_TOP,11.0,2026-05,202605030105,0.2766667409364336,2,0,0.0,6.595289855072465,0
V265_200_TOP,11.0,2026-05,202605030608,0.22848893543381715,2,0,0.0,3.897435897435898,0
V265_200_TOP,11.0,2026-05,202605030805,0.24423927840328127,2,1,95360.0,9.537439613526569,1
V265_200_TOP,11.0,2026-05,202605030811,0.2672090271843813,2,0,0.0,8.817567567567567,0
V265_200_TOP,11.0,2026-05,202605031208,0.2605559796897189,2,0,0.0,11.18339552238806,0
V265_200_TOP,11.0,2026-05,202605031702,0.22705049628637414,3,0,0.0,9.423162385565728,0
V265_200_TOP,11.0,2026-05,202605032307,0.2984313188252715,2,0,0.0,7.57125748502994,1
V265_200_TOP,11.0,2026-05,202605040202,0.37107753457819026,2,0,0.0,8.46798866855524,0
V265_200_TOP,11.0,2026-05,202605040403,0.3133255823029444,2,0,0.0,11.167303609341825,0
V265_200_TOP,11.0,2026-05,202605040701,0.215968702965475,2,1,93100.0,9.398936170212767,1
V265_200_TOP,11.0,2026-05,202605040705,0.21876061468771704,2,1,45240.0,4.554973821989528,1
V265_200_TOP,11.0,2026-05,202605040802,0.22195369577515195,2,1,113399.99999999999,11.363924050632912,1
V265_200_TOP,11.0,2026-05,202605040805,0.21246535088711202,3,0,0.0,10.065127582017011,1
V265_200_TOP,11.0,2026-05,202605041410,0.3442781827972313,3,0,0.0,10.293215606777,1
V265_200_TOP,11.0,2026-05,202605041707,0.2154118737317554,11,0,0.0,11.076893406960744,0
V265_200_TOP,11.0,2026-05,202605042009,0.25749082324113354,2,0,0.0,8.64406779661017,0
V265_200_TOP,11.0,2026-05,202605050202,0.3844358843787299,2,0,0.0,3.988271604938272,0
V265_200_TOP,11.0,2026-05,202605050203,0.2968770815790145,2,0,0.0,7.600638977635782,1
V265_200_TOP,11.0,2026-05,202605050702,0.2626441321526058,2,0,0.0,8.75390625,1
V265_200_TOP,11.0,2026-05,202605050811,0.25864047980271865,2,0,0.0,9.711219512195123,0
V265_200_TOP,11.0,2026-05,202605050904,0.22091880709896472,2,0,0.0,11.029759299781182,0
V265_200_TOP,11.0,2026-05,202605051306,0.28295281647431625,2,0,0.0,8.202216066481995,0
V265_200_TOP,11.0,2026-05,202605051602,0.2849683245786652,7,0,0.0,11.937756852765082,0
V265_200_TOP,11.0,2026-05,202605061105,0.2997814789633233,2,1,114660.0,11.460269865067465,1
V265_200_TOP,11.0,2026-05,202605072406,0.3197648402126908,2,0,0.0,4.800000000000001,1
V265_200_TOP,11.0,2026-05,202605091105,0.20543028535520286,3,0,0.0,9.9761310414672,0
V265_200_TOP,11.0,2026-05,202605091805,0.495964033226154,2,0,0.0,10.699792960662526,0
V265_200_TOP,11.0,2026-05,202605102010,0.30367763477198056,2,0,0.0,4.623404255319148,0
V265_200_TOP,11.0,2026-05,202605110811,0.21745625744989133,2,0,0.0,10.499789029535865,1
V265_200_TOP,11.0,2026-05,202605111110,0.34274577577198384,3,0,0.0,10.639725795870897,1
V265_200_TOP,11.0,2026-05,202605111606,0.2653599856261278,2,1,56950.0,5.721153846153847,1
V265_200_TOP,11.0,2026-05,202605112204,0.21827933689813847,6,0,0.0,10.467787679575464,0
V265_200_TOP,11.0,2026-05,202605112308,0.4040382926725104,2,1,57200.0,5.71551724137931,1
V265_200_TOP,11.0,2026-05,202605130406,0.24843531730965585,2,0,0.0,10.961434977578474,1
V265_200_TOP,11.0,2026-05,202605130408,0.4080002569171399,2,0,0.0,3.78125,1
V265_200_TOP,11.0,2026-05,202605161910,0.22188302786866604,2,0,0.0,6.75,0
V265_200_TOP,11.0,2026-05,202605170608,0.2754512568236596,2,0,0.0,4.120754716981132,0
V265_200_TOP,11.0,2026-05,202605171007,0.28545217216839813,2,0,0.0,7.096830985915493,0
V265_200_TOP,11.0,2026-05,202605172011,0.3239690733710161,3,0,0.0,9.40946477530099,0
V265_200_TOP,11.0,2026-05,202605181406,0.2583038154407522,2,0,0.0,7.748709677419354,1
V265_200_TOP,11.0,2026-05,202605191406,0.3193338229604912,2,0,0.0,11.379310344827585,1
V265_200_TOP,11.0,2026-05,202605191811,0.20530395258555054,2,0,0.0,8.498533724340177,0
V265_200_TOP,11.0,2026-05,202605201505,0.30112605263815306,4,0,0.0,11.33221305603408,1
V265_200_TOP,11.0,2026-05,202605202002,0.41973267461323693,2,0,0.0,9.913647642679901,0
V265_200_TOP,11.0,2026-05,202605210511,0.22437456691192492,3,0,0.0,10.881852410735656,0
V265_200_TOP,11.0,2026-05,202605211905,0.2777971580551421,2,1,100650.0,10.063829787234042,1
V265_200_TOP,11.0,2026-05,202605231808,0.33807797227071584,2,0,0.0,8.795675675675675,1
V265_200_TOP,11.0,2026-05,202605242411,0.26105509977527935,3,0,0.0,11.611890746172701,1
V265_200_TOP,11.0,2026-05,202605251307,0.2855507372097001,2,0,0.0,4.701492537313433,0
V265_200_TOP,11.0,2026-05,202605251704,0.21714667339368487,6,0,0.0,11.696781688508816,0
V265_200_TOP,11.0,2026-05,202605252408,0.22028886491235838,3,0,0.0,11.381637039701172,1
V265_200_TOP,11.0,2026-05,202605261206,0.23246738799103306,2,1,67200.0,6.72,1
V265_200_TOP,11.0,2026-05,202605261705,0.23755147991304756,2,0,0.0,6.335826771653544,0
V265_200_TOP,11.0,2026-05,202605270807,0.24912394209503236,3,0,0.0,12.03462861208839,1
V265_200_TOP,11.0,2026-05,202605270810,0.20666286301183726,2,1,95680.0,9.58159090909091,1
V265_200_TOP,11.0,2026-05,202605271204,0.2833043450219901,2,0,0.0,8.764044943820224,0
V265_200_TOP,11.0,2026-05,202605280204,0.23831043450897083,2,0,0.0,9.139952153110048,0
V265_200_TOP,11.0,2026-05,202605280710,0.20987387544470001,3,0,0.0,10.780898334593852,0
V265_200_TOP,11.0,2026-05,202605281008,0.31262664521551253,3,1,103020.0,10.418279867526808,1
V265_200_TOP,11.0,2026-05,202605281810,0.27052868005204844,2,0,0.0,8.917808219178083,0
V265_200_TOP,11.0,2026-05,202605291807,0.3116436076090989,2,0,0.0,6.151470588235294,0
V265_200_TOP,11.0,2026-05,202605300104,0.24548999316343206,2,0,0.0,6.913636363636364,0
V265_200_TOP,11.0,2026-05,202605300507,0.2077811245776027,3,0,0.0,9.423981310001905,0
V265_200_TOP,11.0,2026-05,202605301108,0.20461168872336113,2,0,0.0,6.776556776556777,1
V265_200_TOP,11.0,2026-05,202605311410,0.23499752672253427,2,0,0.0,8.793767705382438,0
V265_200_TOP,11.0,2026-05,202605312304,0.3937232811955747,3,0,0.0,10.442496868021134,0
V265_200_TOP,11.0,2026-06,202606010506,0.29320736634211025,2,0,0.0,3.788235294117647,0
V265_200_TOP,11.0,2026-06,202606010803,0.31314964431915715,3,0,0.0,13.658363686065325,0
V265_200_TOP,11.0,2026-06,202606010809,0.23375247071560573,11,0,0.0,10.815661989353584,0
V265_200_TOP,11.0,2026-06,202606012402,0.3574816458309847,2,0,0.0,7.068131868131867,0
V265_200_TOP,11.0,2026-06,202606020906,0.3762511919469192,2,0,0.0,5.71551724137931,0
V265_200_TOP,11.0,2026-06,202606021007,0.34304375528897846,3,1,90420.0,8.911720981940872,1
V265_200_TOP,11.0,2026-06,202606022307,0.38057841546148685,2,0,0.0,6.739436619718309,0
V265_200_TOP,11.0,2026-06,202606031209,0.21475767658277,2,0,0.0,11.478066914498143,0
V265_200_TOP,11.0,2026-06,202606032109,0.2850071405945,2,0,0.0,8.772164948453609,0
V265_200_TOP,11.0,2026-06,202606040305,0.2491294290468305,2,0,0.0,8.526,1
V265_200_TOP,11.0,2026-06,202606040506,0.41493887066271984,2,1,50960.00000000001,5.092156862745099,1
V265_200_TOP,11.0,2026-06,202606040907,0.21287323928149662,4,0,0.0,9.519144332270708,0
V265_200_TOP,11.0,2026-06,202606041307,0.29814133921391245,3,0,0.0,10.462057539116504,1
V265_200_TOP,11.0,2026-06,202606050305,0.31766365423021903,3,0,0.0,11.34463549869474,0
V265_200_TOP,11.0,2026-06,202606060702,0.22720446463276664,3,0,0.0,8.3017138063279,1
V265_200_TOP,11.0,2026-06,202606060703,0.23780420677269448,2,0,0.0,9.572727272727272,0
V265_200_TOP,11.0,2026-06,202606060802,0.38065112780503957,7,0,0.0,10.863680703912106,0
V265_200_TOP,11.0,2026-06,202606061506,0.2897510743192872,2,0,0.0,8.863259668508288,0
V265_200_TOP,11.0,2026-06,202606070908,0.26816985725552,2,0,0.0,7.315359477124183,1
V265_200_TOP,11.0,2026-06,202606071005,0.3352121384358668,2,0,0.0,4.4224719101123595,0
V265_200_TOP,11.0,2026-06,202606072408,0.20641942082523385,2,0,0.0,7.715076923076923,0
V265_200_TOP,11.0,2026-06,202606080510,0.31413479671276723,2,0,0.0,8.84047619047619,0
V265_200_TOP,11.0,2026-06,202606080910,0.4901605947054319,2,0,0.0,8.3,1
V265_200_TOP,11.0,2026-06,202606100903,0.32907154113657355,3,0,0.0,10.074807707987933,1
V265_200_TOP,11.0,2026-06,202606121108,0.3217253835701251,2,0,0.0,7.666478873239437,0
V265_200_TOP,11.0,2026-06,202606121901,0.33669518199916965,3,0,0.0,11.032777854290043,0
V265_200_TOP,11.0,2026-06,202606122306,0.37559357974174085,3,0,0.0,12.608492591797292,1
V265_200_TOP,11.0,2026-06,202606130609,0.28063208501776443,2,0,0.0,9.481558441558441,0
V265_200_TOP,11.0,2026-06,202606130702,0.23753972627325098,4,0,0.0,12.228582211794254,1
V265_200_TOP,11.0,2026-06,202606132204,0.29935581544010625,4,0,0.0,9.23930839836868,1
V265_200_TOP,11.0,2026-06,202606132307,0.2568866058139974,3,0,0.0,11.079692260240291,0
V265_200_TOP,11.0,2026-06,202606142208,0.2799370038601226,2,0,0.0,4.795024875621891,0
V265_200_TOP,11.0,2026-06,202606150310,0.4749951851701887,2,0,0.0,9.859756097560977,0
V265_200_TOP,11.0,2026-06,202606180205,0.32603575162724846,2,0,0.0,4.699530516431925,0
V265_200_TOP,11.0,2026-06,202606180909,0.25218054710663534,4,0,0.0,11.136716680657543,0
V265_200_TOP,11.0,2026-06,202606190903,0.23868701609885562,2,0,0.0,11.726513569937369,0
V265_200_TOP,11.0,2026-06,202606192107,0.22094090446422104,3,0,0.0,12.620396600566572,0
V265_200_TOP,11.0,2026-06,202606200410,0.2648326953422716,2,0,0.0,10.824776785714286,0
V265_200_TOP,11.0,2026-06,202606200903,0.22314990037910193,5,0,0.0,10.760744603129428,0
V265_200_TOP,11.0,2026-06,202606201709,0.4012750915630333,2,0,0.0,11.668522483940043,1
V265_200_TOP,11.0,2026-06,202606210608,0.2121937866790789,2,0,0.0,8.346518105849583,0
V265_200_TOP,11.0,2026-06,202606210906,0.4393521260267424,2,1,49680.0,4.964634146341463,1
V265_200_TOP,11.0,2026-06,202606222204,0.21452192683514015,8,0,0.0,10.960905728402244,0
V265_200_TOP,11.0,2026-06,202606240605,0.2362699443311223,2,1,112640.00000000001,11.200000000000001,1
V265_200_TOP,11.0,2026-06,202606241207,0.48341206616701254,2,0,0.0,12.55538160469667,1
V265_200_TOP,11.0,2026-06,202606241210,0.2623914317542202,2,0,0.0,8.1865889212828,0
V265_200_TOP,11.0,2026-06,202606252106,0.20951103942239344,2,0,0.0,8.0,1
V265_200_TOP,11.0,2026-06,202606260304,0.23952201298236153,2,0,0.0,12.496237623762376,0
V265_200_TOP,11.0,2026-06,202606260410,0.38125002738754243,4,0,0.0,9.602470299015934,0
V265_200_TOP,11.0,2026-06,202606260705,0.5312371159412936,2,0,0.0,5.211428571428571,1
V265_200_TOP,11.0,2026-06,202606261709,0.2822847065995085,2,0,0.0,12.3,0
V265_200_TOP,11.0,2026-06,202606280205,0.21763903069984297,2,0,0.0,4.680851063829787,0
V265_200_TOP,11.0,2026-06,202606280508,0.40116889007329964,2,0,0.0,10.065777777777779,0
V265_200_TOP,11.0,2026-06,202606281006,0.2436309979302371,8,0,0.0,10.850468165383166,0
V265_200_TOP,11.0,2026-06,202606281008,0.3111095288434435,2,0,0.0,9.617158671586715,0
V265_200_TOP,11.0,2026-06,202606290310,0.2626597486585597,15,0,0.0,10.945643506554456,1
V265_200_TOP,11.0,2026-06,202606290806,0.26694775165681056,2,0,0.0,10.50532212885154,1
V265_200_TOP,11.0,2026-06,202606292011,0.2700034912201163,2,0,0.0,10.499787685774947,0
V265_200_TOP,11.0,2026-06,202606301004,0.22393428575818583,5,0,0.0,11.586700949357489,0
V265_200_TOP,11.0,2026-06,202606302304,0.3985876890146715,2,0,0.0,5.979583333333333,0
V265_200_TOP,11.5,2026-04,202604010110,0.377793166204427,5,0,0.0,10.610995837755981,0
V265_200_TOP,11.5,2026-04,202604010206,0.33657134149149504,2,0,0.0,7.370847457627118,0
V265_200_TOP,11.5,2026-04,202604010603,0.2527008844456851,3,0,0.0,9.918110550435095,1
V265_200_TOP,11.5,2026-04,202604010804,0.34390565109165594,2,0,0.0,7.793823529411765,1
V265_200_TOP,11.5,2026-04,202604020108,0.3839607199427347,2,0,0.0,6.069958847736625,0
V265_200_TOP,11.5,2026-04,202604022209,0.2527599191614724,2,0,0.0,7.392739273927393,0
V265_200_TOP,11.5,2026-04,202604030402,0.5263263210403811,2,0,0.0,7.531353135313531,0
V265_200_TOP,11.5,2026-04,202604031806,0.2561050064638447,2,0,0.0,6.532584269662922,0
V265_200_TOP,11.5,2026-04,202604041505,0.23480429291762125,3,0,0.0,10.714544189092543,0
V265_200_TOP,11.5,2026-04,202604042202,0.3985341855700158,2,0,0.0,6.39375,0
V265_200_TOP,11.5,2026-04,202604052207,0.22213171094118705,2,0,0.0,10.804597701149426,0
V265_200_TOP,11.5,2026-04,202604070808,0.3675713927266906,2,0,0.0,5.27688679245283,0
V265_200_TOP,11.5,2026-04,202604071007,0.2392433670596289,3,0,0.0,13.821727614918823,0
V265_200_TOP,11.5,2026-04,202604072403,0.3727464381534735,3,0,0.0,8.455476753349094,0
V265_200_TOP,11.5,2026-04,202604081111,0.32811911014691947,2,0,0.0,11.932500000000001,0
V265_200_TOP,11.5,2026-04,202604082303,0.2093441220558494,2,0,0.0,9.145161290322582,1
V265_200_TOP,11.5,2026-04,202604082306,0.3288199698932077,2,1,54500.0,5.399537037037037,1
V265_200_TOP,11.5,2026-04,202604090703,0.25903646798236596,2,0,0.0,7.899683544303797,1
V265_200_TOP,11.5,2026-04,202604091506,0.23879741400239188,2,0,0.0,8.8775,0
V265_200_TOP,11.5,2026-04,202604091609,0.23088541587789677,2,0,0.0,12.515630885122409,0
V265_200_TOP,11.5,2026-04,202604100708,0.22756172101458638,2,0,0.0,8.344213649851632,0
V265_200_TOP,11.5,2026-04,202604110709,0.2449272820049662,5,0,0.0,11.608789292033787,0
V265_200_TOP,11.5,2026-04,202604120406,0.267485253680889,9,0,0.0,11.931738688077123,0
V265_200_TOP,11.5,2026-04,202604120608,0.30552317060290146,2,0,0.0,13.373936170212765,0
V265_200_TOP,11.5,2026-04,202604121607,0.25695719777884807,3,0,0.0,10.517589971694298,0
V265_200_TOP,11.5,2026-04,202604130608,0.2850254739530139,2,0,0.0,5.916115702479338,1
V265_200_TOP,11.5,2026-04,202604131606,0.22641989780052002,4,0,0.0,10.28979129762833,0
V265_200_TOP,11.5,2026-04,202604140304,0.31679393798514355,2,0,0.0,4.544623655913979,0
V265_200_TOP,11.5,2026-04,202604150307,0.6312872823020153,2,0,0.0,11.3216796875,0
V265_200_TOP,11.5,2026-04,202604160811,0.21819174962606744,5,0,0.0,12.029205694347906,0
V265_200_TOP,11.5,2026-04,202604160906,0.38625767255553506,4,0,0.0,11.439806100935694,1
V265_200_TOP,11.5,2026-04,202604170305,0.4033681412172072,2,0,0.0,5.5560538116591935,0
V265_200_TOP,11.5,2026-04,202604180305,0.24939438740249972,3,0,0.0,11.166697674418606,1
V265_200_TOP,11.5,2026-04,202604181508,0.2181929496307718,2,0,0.0,6.091463414634146,0
V265_200_TOP,11.5,2026-04,202604190501,0.21366759063068422,5,0,0.0,10.138638757964086,0
V265_200_TOP,11.5,2026-04,202604191006,0.21035358503067644,6,0,0.0,11.542677743659036,0
V265_200_TOP,11.5,2026-04,202604191506,0.2808696629354226,2,0,0.0,4.394886363636363,0
V265_200_TOP,11.5,2026-04,202604210702,0.2624802541515405,2,0,0.0,12.796545105566217,0
V265_200_TOP,11.5,2026-04,202604211109,0.32772574756274536,2,0,0.0,8.955675675675677,0
V265_200_TOP,11.5,2026-04,202604220502,0.23657946574970873,2,0,0.0,5.148058252427185,0
V265_200_TOP,11.5,2026-04,202604230507,0.2367797335050734,2,1,94320.0,9.416625916870416,1
V265_200_TOP,11.5,2026-04,202604231603,0.355229101817504,3,0,0.0,12.320709126163944,0
V265_200_TOP,11.5,2026-04,202604240706,0.2973678365926359,2,0,0.0,4.871794871794871,0
V265_200_TOP,11.5,2026-04,202604242010,0.2245976629400635,4,1,98880.0,10.045127816968039,1
V265_200_TOP,11.5,2026-04,202604242308,0.34105335787153984,3,0,0.0,11.19641356122163,0
V265_200_TOP,11.5,2026-04,202604250705,0.2121704080986277,3,0,0.0,10.106550567568778,1
V265_200_TOP,11.5,2026-04,202604250708,0.24841186977418378,2,0,0.0,4.786363636363636,1
V265_200_TOP,11.5,2026-04,202604250711,0.2226176220798299,2,0,0.0,7.0,0
V265_200_TOP,11.5,2026-04,202604250903,0.291733996239991,3,0,0.0,12.136139451790095,0
V265_200_TOP,11.5,2026-04,202604251307,0.3396865332945048,2,0,0.0,14.352,0
V265_200_TOP,11.5,2026-04,202604252307,0.25314642752779926,5,0,0.0,12.037949705488371,1
V265_200_TOP,11.5,2026-04,202604260310,0.4746918303220708,2,0,0.0,11.167857142857143,0
V265_200_TOP,11.5,2026-04,202604270602,0.2246677980083557,7,0,0.0,10.926765939317,1
V265_200_TOP,11.5,2026-04,202604270606,0.36277214003606784,2,0,0.0,9.115777777777778,1
V265_200_TOP,11.5,2026-04,202604271607,0.4168464136024185,2,0,0.0,11.490719696969697,0
V265_200_TOP,11.5,2026-04,202604272402,0.2844805454161108,3,0,0.0,11.071466496761175,0
V265_200_TOP,11.5,2026-04,202604280603,0.39829095436477124,2,0,0.0,4.712,0
V265_200_TOP,11.5,2026-04,202604280606,0.32685062587442065,3,1,97500.0,9.792724839563247,1
V265_200_TOP,11.5,2026-04,202604280707,0.22096088159797359,4,1,119520.0,12.049534636316416,1
V265_200_TOP,11.5,2026-04,202604280709,0.20780385835318899,3,1,108570.0,10.783772157954918,1
V265_200_TOP,11.5,2026-04,202604280806,0.21373462230975265,3,0,0.0,11.929790693473043,0
V265_200_TOP,11.5,2026-04,202604281502,0.25784886662502193,3,0,0.0,12.098004325171628,0
V265_200_TOP,11.5,2026-04,202604281606,0.24535942241997774,5,0,0.0,11.684628310978349,0
V265_200_TOP,11.5,2026-04,202604282306,0.23956459251013118,4,0,0.0,11.284975570702619,0
V265_200_TOP,11.5,2026-04,202604290306,0.48848750958973264,2,0,0.0,6.274603174603175,0
V265_200_TOP,11.5,2026-04,202604291402,0.2618916236697147,3,0,0.0,7.570394379556842,0
V265_200_TOP,11.5,2026-04,202604291505,0.21387491711142403,2,0,0.0,10.197836538461537,0
V265_200_TOP,11.5,2026-05,202605011707,0.21640657170423983,2,0,0.0,10.46689497716895,0
V265_200_TOP,11.5,2026-05,202605012009,0.2373314416761851,2,0,0.0,8.080538922155688,0
V265_200_TOP,11.5,2026-05,202605020908,0.25111854913341924,2,0,0.0,9.885678391959798,0
V265_200_TOP,11.5,2026-05,202605021103,0.300674986236005,2,1,62160.0,6.268235294117647,1
V265_200_TOP,11.5,2026-05,202605022307,0.29564023551572627,2,0,0.0,3.5517857142857143,0
V265_200_TOP,11.5,2026-05,202605030104,0.28868613696613765,2,0,0.0,6.849097472924187,0
V265_200_TOP,11.5,2026-05,202605030105,0.2766667409364336,2,0,0.0,6.595289855072465,0
V265_200_TOP,11.5,2026-05,202605030608,0.22848893543381715,2,0,0.0,3.897435897435898,0
V265_200_TOP,11.5,2026-05,202605030805,0.24423927840328127,2,1,95360.0,9.537439613526569,1
V265_200_TOP,11.5,2026-05,202605030811,0.2672090271843813,2,0,0.0,8.817567567567567,0
V265_200_TOP,11.5,2026-05,202605031208,0.2605559796897189,2,0,0.0,11.18339552238806,0
V265_200_TOP,11.5,2026-05,202605031702,0.22705049628637414,2,0,0.0,13.006993006993008,0
V265_200_TOP,11.5,2026-05,202605032307,0.2984313188252715,2,0,0.0,7.57125748502994,1
V265_200_TOP,11.5,2026-05,202605040202,0.37107753457819026,2,0,0.0,8.46798866855524,0
V265_200_TOP,11.5,2026-05,202605040403,0.3133255823029444,2,0,0.0,11.167303609341825,0
V265_200_TOP,11.5,2026-05,202605040701,0.215968702965475,2,1,93100.0,9.398936170212767,1
V265_200_TOP,11.5,2026-05,202605040705,0.21876061468771704,2,1,45240.0,4.554973821989528,1
V265_200_TOP,11.5,2026-05,202605040802,0.22195369577515195,2,1,113399.99999999999,11.363924050632912,1
V265_200_TOP,11.5,2026-05,202605040805,0.21246535088711202,2,0,0.0,12.370967741935484,1
V265_200_TOP,11.5,2026-05,202605041410,0.3442781827972313,2,0,0.0,12.67911877394636,1
V265_200_TOP,11.5,2026-05,202605041707,0.2154118737317554,10,0,0.0,11.559340987885854,0
V265_200_TOP,11.5,2026-05,202605042009,0.25749082324113354,2,0,0.0,8.64406779661017,0
V265_200_TOP,11.5,2026-05,202605050202,0.3844358843787299,2,0,0.0,3.988271604938272,0
V265_200_TOP,11.5,2026-05,202605050203,0.2968770815790145,2,0,0.0,7.600638977635782,1
V265_200_TOP,11.5,2026-05,202605050702,0.2626441321526058,2,0,0.0,8.75390625,1
V265_200_TOP,11.5,2026-05,202605050811,0.25864047980271865,2,0,0.0,9.711219512195123,0
V265_200_TOP,11.5,2026-05,202605050904,0.22091880709896472,2,0,0.0,11.029759299781182,0
V265_200_TOP,11.5,2026-05,202605051306,0.28295281647431625,2,0,0.0,8.202216066481995,0
V265_200_TOP,11.5,2026-05,202605051602,0.2849683245786652,7,0,0.0,11.937756852765082,0
V265_200_TOP,11.5,2026-05,202605061105,0.2997814789633233,2,1,114660.0,11.460269865067465,1
V265_200_TOP,11.5,2026-05,202605072406,0.3197648402126908,2,0,0.0,4.800000000000001,1
V265_200_TOP,11.5,2026-05,202605091105,0.20543028535520286,3,0,0.0,9.9761310414672,0
V265_200_TOP,11.5,2026-05,202605091805,0.495964033226154,2,0,0.0,10.699792960662526,0
V265_200_TOP,11.5,2026-05,202605102010,0.30367763477198056,2,0,0.0,4.623404255319148,0
V265_200_TOP,11.5,2026-05,202605110811,0.21745625744989133,2,0,0.0,10.499789029535865,1
V265_200_TOP,11.5,2026-05,202605111110,0.34274577577198384,3,0,0.0,10.639725795870897,1
V265_200_TOP,11.5,2026-05,202605111606,0.2653599856261278,2,1,56950.0,5.721153846153847,1
V265_200_TOP,11.5,2026-05,202605112204,0.21827933689813847,6,0,0.0,10.467787679575464,0
V265_200_TOP,11.5,2026-05,202605112308,0.4040382926725104,2,1,57200.0,5.71551724137931,1
V265_200_TOP,11.5,2026-05,202605130406,0.24843531730965585,2,0,0.0,10.961434977578474,1
V265_200_TOP,11.5,2026-05,202605130408,0.4080002569171399,2,0,0.0,3.78125,1
V265_200_TOP,11.5,2026-05,202605161910,0.22188302786866604,2,0,0.0,6.75,0
V265_200_TOP,11.5,2026-05,202605170608,0.2754512568236596,2,0,0.0,4.120754716981132,0
V265_200_TOP,11.5,2026-05,202605171007,0.28545217216839813,2,0,0.0,7.096830985915493,0
V265_200_TOP,11.5,2026-05,202605172011,0.3239690733710161,3,0,0.0,9.40946477530099,0
V265_200_TOP,11.5,2026-05,202605181406,0.2583038154407522,2,0,0.0,7.748709677419354,1
V265_200_TOP,11.5,2026-05,202605191406,0.3193338229604912,2,0,0.0,11.379310344827585,1
V265_200_TOP,11.5,2026-05,202605191811,0.20530395258555054,2,0,0.0,8.498533724340177,0
V265_200_TOP,11.5,2026-05,202605201505,0.30112605263815306,4,0,0.0,11.33221305603408,1
V265_200_TOP,11.5,2026-05,202605202002,0.41973267461323693,2,0,0.0,9.913647642679901,0
V265_200_TOP,11.5,2026-05,202605210511,0.22437456691192492,3,0,0.0,10.881852410735656,0
V265_200_TOP,11.5,2026-05,202605211905,0.2777971580551421,2,1,100650.0,10.063829787234042,1
V265_200_TOP,11.5,2026-05,202605231808,0.33807797227071584,2,0,0.0,8.795675675675675,1
V265_200_TOP,11.5,2026-05,202605242411,0.26105509977527935,3,0,0.0,11.611890746172701,1
V265_200_TOP,11.5,2026-05,202605251307,0.2855507372097001,2,0,0.0,4.701492537313433,0
V265_200_TOP,11.5,2026-05,202605251704,0.21714667339368487,6,0,0.0,11.696781688508816,0
V265_200_TOP,11.5,2026-05,202605252408,0.22028886491235838,3,0,0.0,11.381637039701172,1
V265_200_TOP,11.5,2026-05,202605261206,0.23246738799103306,2,1,67200.0,6.72,1
V265_200_TOP,11.5,2026-05,202605261705,0.23755147991304756,2,0,0.0,6.335826771653544,0
V265_200_TOP,11.5,2026-05,202605270807,0.24912394209503236,3,0,0.0,12.03462861208839,1
V265_200_TOP,11.5,2026-05,202605270810,0.20666286301183726,2,1,95680.0,9.58159090909091,1
V265_200_TOP,11.5,2026-05,202605271204,0.2833043450219901,2,0,0.0,8.764044943820224,0
V265_200_TOP,11.5,2026-05,202605280204,0.23831043450897083,2,0,0.0,9.139952153110048,0
V265_200_TOP,11.5,2026-05,202605280710,0.20987387544470001,3,0,0.0,10.780898334593852,0
V265_200_TOP,11.5,2026-05,202605281008,0.31262664521551253,3,1,103020.0,10.418279867526808,1
V265_200_TOP,11.5,2026-05,202605281810,0.27052868005204844,2,0,0.0,8.917808219178083,0
V265_200_TOP,11.5,2026-05,202605291807,0.3116436076090989,2,0,0.0,6.151470588235294,0
V265_200_TOP,11.5,2026-05,202605300104,0.24548999316343206,2,0,0.0,6.913636363636364,0
V265_200_TOP,11.5,2026-05,202605300507,0.2077811245776027,3,0,0.0,9.423981310001905,0
V265_200_TOP,11.5,2026-05,202605301108,0.20461168872336113,2,0,0.0,6.776556776556777,1
V265_200_TOP,11.5,2026-05,202605311410,0.23499752672253427,2,0,0.0,8.793767705382438,0
V265_200_TOP,11.5,2026-05,202605312304,0.3937232811955747,3,0,0.0,10.442496868021134,0
V265_200_TOP,11.5,2026-06,202606010506,0.29320736634211025,2,0,0.0,3.788235294117647,0
V265_200_TOP,11.5,2026-06,202606010803,0.31314964431915715,3,0,0.0,13.658363686065325,0
V265_200_TOP,11.5,2026-06,202606010809,0.23375247071560573,11,0,0.0,10.815661989353584,0
V265_200_TOP,11.5,2026-06,202606012402,0.3574816458309847,2,0,0.0,7.068131868131867,0
V265_200_TOP,11.5,2026-06,202606020906,0.3762511919469192,2,0,0.0,5.71551724137931,0
V265_200_TOP,11.5,2026-06,202606021007,0.34304375528897846,2,0,0.0,13.20734908136483,1
V265_200_TOP,11.5,2026-06,202606022307,0.38057841546148685,2,0,0.0,6.739436619718309,0
V265_200_TOP,11.5,2026-06,202606031209,0.21475767658277,2,0,0.0,11.478066914498143,0
V265_200_TOP,11.5,2026-06,202606032109,0.2850071405945,2,0,0.0,8.772164948453609,0
V265_200_TOP,11.5,2026-06,202606040305,0.2491294290468305,2,0,0.0,8.526,1
V265_200_TOP,11.5,2026-06,202606040506,0.41493887066271984,2,1,50960.00000000001,5.092156862745099,1
V265_200_TOP,11.5,2026-06,202606040907,0.21287323928149662,3,0,0.0,12.804543085313156,0
V265_200_TOP,11.5,2026-06,202606041307,0.29814133921391245,3,0,0.0,10.462057539116504,1
V265_200_TOP,11.5,2026-06,202606050305,0.31766365423021903,3,0,0.0,11.34463549869474,0
V265_200_TOP,11.5,2026-06,202606060702,0.22720446463276664,3,0,0.0,8.3017138063279,1
V265_200_TOP,11.5,2026-06,202606060703,0.23780420677269448,2,0,0.0,9.572727272727272,0
V265_200_TOP,11.5,2026-06,202606060802,0.38065112780503957,7,0,0.0,10.863680703912106,0
V265_200_TOP,11.5,2026-06,202606061506,0.2897510743192872,2,0,0.0,8.863259668508288,0
V265_200_TOP,11.5,2026-06,202606070908,0.26816985725552,2,0,0.0,7.315359477124183,1
V265_200_TOP,11.5,2026-06,202606071005,0.3352121384358668,2,0,0.0,4.4224719101123595,0
V265_200_TOP,11.5,2026-06,202606072408,0.20641942082523385,2,0,0.0,7.715076923076923,0
V265_200_TOP,11.5,2026-06,202606080510,0.31413479671276723,2,0,0.0,8.84047619047619,0
V265_200_TOP,11.5,2026-06,202606080910,0.4901605947054319,2,0,0.0,8.3,1
V265_200_TOP,11.5,2026-06,202606100903,0.32907154113657355,3,0,0.0,10.074807707987933,1
V265_200_TOP,11.5,2026-06,202606121108,0.3217253835701251,2,0,0.0,7.666478873239437,0
V265_200_TOP,11.5,2026-06,202606121901,0.33669518199916965,2,0,0.0,11.727272727272727,0
V265_200_TOP,11.5,2026-06,202606122306,0.37559357974174085,3,0,0.0,12.608492591797292,1
V265_200_TOP,11.5,2026-06,202606130609,0.28063208501776443,2,0,0.0,9.481558441558441,0
V265_200_TOP,11.5,2026-06,202606130702,0.23753972627325098,4,0,0.0,12.228582211794254,1
V265_200_TOP,11.5,2026-06,202606132204,0.29935581544010625,3,0,0.0,12.772519329896907,1
V265_200_TOP,11.5,2026-06,202606132307,0.2568866058139974,2,0,0.0,11.532478632478632,0
V265_200_TOP,11.5,2026-06,202606142208,0.2799370038601226,2,0,0.0,4.795024875621891,0
V265_200_TOP,11.5,2026-06,202606150310,0.4749951851701887,2,0,0.0,9.859756097560977,0
V265_200_TOP,11.5,2026-06,202606180205,0.32603575162724846,2,0,0.0,4.699530516431925,0
V265_200_TOP,11.5,2026-06,202606180909,0.25218054710663534,4,0,0.0,11.136716680657543,0
V265_200_TOP,11.5,2026-06,202606190903,0.23868701609885562,2,0,0.0,11.726513569937369,0
V265_200_TOP,11.5,2026-06,202606192107,0.22094090446422104,3,0,0.0,12.620396600566572,0
V265_200_TOP,11.5,2026-06,202606200410,0.2648326953422716,2,0,0.0,10.824776785714286,0
V265_200_TOP,11.5,2026-06,202606200903,0.22314990037910193,5,0,0.0,10.760744603129428,0
V265_200_TOP,11.5,2026-06,202606201709,0.4012750915630333,2,0,0.0,11.668522483940043,1
V265_200_TOP,11.5,2026-06,202606210608,0.2121937866790789,2,0,0.0,8.346518105849583,0
V265_200_TOP,11.5,2026-06,202606210906,0.4393521260267424,2,1,49680.0,4.964634146341463,1
V265_200_TOP,11.5,2026-06,202606222204,0.21452192683514015,7,0,0.0,11.566033171073911,0
V265_200_TOP,11.5,2026-06,202606240605,0.2362699443311223,2,1,112640.00000000001,11.200000000000001,1
V265_200_TOP,11.5,2026-06,202606241207,0.48341206616701254,2,0,0.0,12.55538160469667,1
V265_200_TOP,11.5,2026-06,202606241210,0.2623914317542202,2,0,0.0,8.1865889212828,0
V265_200_TOP,11.5,2026-06,202606252106,0.20951103942239344,2,0,0.0,8.0,1
V265_200_TOP,11.5,2026-06,202606260304,0.23952201298236153,2,0,0.0,12.496237623762376,0
V265_200_TOP,11.5,2026-06,202606260410,0.38125002738754243,4,0,0.0,9.602470299015934,0
V265_200_TOP,11.5,2026-06,202606260705,0.5312371159412936,2,0,0.0,5.211428571428571,1
V265_200_TOP,11.5,2026-06,202606261709,0.2822847065995085,2,0,0.0,12.3,0
V265_200_TOP,11.5,2026-06,202606280205,0.21763903069984297,2,0,0.0,4.680851063829787,0
V265_200_TOP,11.5,2026-06,202606280508,0.40116889007329964,2,0,0.0,10.065777777777779,0
V265_200_TOP,11.5,2026-06,202606281006,0.2436309979302371,8,0,0.0,10.850468165383166,0
V265_200_TOP,11.5,2026-06,202606281008,0.3111095288434435,2,0,0.0,9.617158671586715,0
V265_200_TOP,11.5,2026-06,202606290310,0.2626597486585597,14,0,0.0,11.908302549983663,1
V265_200_TOP,11.5,2026-06,202606290806,0.26694775165681056,2,0,0.0,10.50532212885154,1
V265_200_TOP,11.5,2026-06,202606292011,0.2700034912201163,2,0,0.0,10.499787685774947,0
V265_200_TOP,11.5,2026-06,202606301004,0.22393428575818583,5,0,0.0,11.586700949357489,0
V265_200_TOP,11.5,2026-06,202606302304,0.3985876890146715,2,0,0.0,5.979583333333333,0
V265_200_TOP,12.0,2026-04,202604010110,0.377793166204427,5,0,0.0,10.610995837755981,0
V265_200_TOP,12.0,2026-04,202604010206,0.33657134149149504,2,0,0.0,7.370847457627118,0
V265_200_TOP,12.0,2026-04,202604010603,0.2527008844456851,2,0,0.0,13.618709677419355,1
V265_200_TOP,12.0,2026-04,202604010804,0.34390565109165594,2,0,0.0,7.793823529411765,1
V265_200_TOP,12.0,2026-04,202604020108,0.3839607199427347,2,0,0.0,6.069958847736625,0
V265_200_TOP,12.0,2026-04,202604022209,0.2527599191614724,2,0,0.0,7.392739273927393,0
V265_200_TOP,12.0,2026-04,202604030402,0.5263263210403811,2,0,0.0,7.531353135313531,0
V265_200_TOP,12.0,2026-04,202604031806,0.2561050064638447,2,0,0.0,6.532584269662922,0
V265_200_TOP,12.0,2026-04,202604041505,0.23480429291762125,3,0,0.0,10.714544189092543,0
V265_200_TOP,12.0,2026-04,202604042202,0.3985341855700158,2,0,0.0,6.39375,0
V265_200_TOP,12.0,2026-04,202604052207,0.22213171094118705,2,0,0.0,10.804597701149426,0
V265_200_TOP,12.0,2026-04,202604070808,0.3675713927266906,2,0,0.0,5.27688679245283,0
V265_200_TOP,12.0,2026-04,202604071007,0.2392433670596289,3,0,0.0,13.821727614918823,0
V265_200_TOP,12.0,2026-04,202604072403,0.3727464381534735,2,0,0.0,14.648464163822526,0
V265_200_TOP,12.0,2026-04,202604081111,0.32811911014691947,2,0,0.0,11.932500000000001,0
V265_200_TOP,12.0,2026-04,202604082303,0.2093441220558494,2,0,0.0,9.145161290322582,1
V265_200_TOP,12.0,2026-04,202604082306,0.3288199698932077,2,1,54500.0,5.399537037037037,1
V265_200_TOP,12.0,2026-04,202604090703,0.25903646798236596,2,0,0.0,7.899683544303797,1
V265_200_TOP,12.0,2026-04,202604091506,0.23879741400239188,2,0,0.0,8.8775,0
V265_200_TOP,12.0,2026-04,202604091609,0.23088541587789677,2,0,0.0,12.515630885122409,0
V265_200_TOP,12.0,2026-04,202604100708,0.22756172101458638,2,0,0.0,8.344213649851632,0
V265_200_TOP,12.0,2026-04,202604110709,0.2449272820049662,5,0,0.0,11.608789292033787,0
V265_200_TOP,12.0,2026-04,202604120406,0.267485253680889,9,0,0.0,11.931738688077123,0
V265_200_TOP,12.0,2026-04,202604120608,0.30552317060290146,2,0,0.0,13.373936170212765,0
V265_200_TOP,12.0,2026-04,202604121607,0.25695719777884807,2,0,0.0,12.857142857142858,0
V265_200_TOP,12.0,2026-04,202604130608,0.2850254739530139,2,0,0.0,5.916115702479338,1
V265_200_TOP,12.0,2026-04,202604131606,0.22641989780052002,4,0,0.0,10.28979129762833,0
V265_200_TOP,12.0,2026-04,202604140304,0.31679393798514355,2,0,0.0,4.544623655913979,0
V265_200_TOP,12.0,2026-04,202604150307,0.6312872823020153,2,0,0.0,11.3216796875,0
V265_200_TOP,12.0,2026-04,202604160811,0.21819174962606744,5,0,0.0,12.029205694347906,0
V265_200_TOP,12.0,2026-04,202604160906,0.38625767255553506,3,0,0.0,12.262054179560177,1
V265_200_TOP,12.0,2026-04,202604170305,0.4033681412172072,2,0,0.0,5.5560538116591935,0
V265_200_TOP,12.0,2026-04,202604180305,0.24939438740249972,3,0,0.0,11.166697674418606,1
V265_200_TOP,12.0,2026-04,202604181508,0.2181929496307718,2,0,0.0,6.091463414634146,0
V265_200_TOP,12.0,2026-04,202604190501,0.21366759063068422,5,0,0.0,10.138638757964086,0
V265_200_TOP,12.0,2026-04,202604191006,0.21035358503067644,6,0,0.0,11.542677743659036,0
V265_200_TOP,12.0,2026-04,202604191506,0.2808696629354226,2,0,0.0,4.394886363636363,0
V265_200_TOP,12.0,2026-04,202604210702,0.2624802541515405,2,0,0.0,12.796545105566217,0
V265_200_TOP,12.0,2026-04,202604211109,0.32772574756274536,2,0,0.0,8.955675675675677,0
V265_200_TOP,12.0,2026-04,202604220502,0.23657946574970873,2,0,0.0,5.148058252427185,0
V265_200_TOP,12.0,2026-04,202604230507,0.2367797335050734,2,1,94320.0,9.416625916870416,1
V265_200_TOP,12.0,2026-04,202604231603,0.355229101817504,3,0,0.0,12.320709126163944,0
V265_200_TOP,12.0,2026-04,202604240706,0.2973678365926359,2,0,0.0,4.871794871794871,0
V265_200_TOP,12.0,2026-04,202604242010,0.2245976629400635,4,1,98880.0,10.045127816968039,1
V265_200_TOP,12.0,2026-04,202604242308,0.34105335787153984,3,0,0.0,11.19641356122163,0
V265_200_TOP,12.0,2026-04,202604250705,0.2121704080986277,3,0,0.0,10.106550567568778,1
V265_200_TOP,12.0,2026-04,202604250708,0.24841186977418378,2,0,0.0,4.786363636363636,1
V265_200_TOP,12.0,2026-04,202604250711,0.2226176220798299,2,0,0.0,7.0,0
V265_200_TOP,12.0,2026-04,202604250903,0.291733996239991,3,0,0.0,12.136139451790095,0
V265_200_TOP,12.0,2026-04,202604251307,0.3396865332945048,2,0,0.0,14.352,0
V265_200_TOP,12.0,2026-04,202604252307,0.25314642752779926,5,0,0.0,12.037949705488371,1
V265_200_TOP,12.0,2026-04,202604260310,0.4746918303220708,2,0,0.0,11.167857142857143,0
V265_200_TOP,12.0,2026-04,202604270602,0.2246677980083557,7,0,0.0,10.926765939317,1
V265_200_TOP,12.0,2026-04,202604270606,0.36277214003606784,2,0,0.0,9.115777777777778,1
V265_200_TOP,12.0,2026-04,202604271607,0.4168464136024185,2,0,0.0,11.490719696969697,0
V265_200_TOP,12.0,2026-04,202604272402,0.2844805454161108,3,0,0.0,11.071466496761175,0
V265_200_TOP,12.0,2026-04,202604280603,0.39829095436477124,2,0,0.0,4.712,0
V265_200_TOP,12.0,2026-04,202604280606,0.32685062587442065,3,1,97500.0,9.792724839563247,1
V265_200_TOP,12.0,2026-04,202604280707,0.22096088159797359,4,1,119520.0,12.049534636316416,1
V265_200_TOP,12.0,2026-04,202604280709,0.20780385835318899,2,1,128310.0,12.668037383177571,1
V265_200_TOP,12.0,2026-04,202604280806,0.21373462230975265,3,0,0.0,11.929790693473043,0
V265_200_TOP,12.0,2026-04,202604281502,0.25784886662502193,3,0,0.0,12.098004325171628,0
V265_200_TOP,12.0,2026-04,202604281606,0.24535942241997774,4,0,0.0,12.054413940815861,0
V265_200_TOP,12.0,2026-04,202604282306,0.23956459251013118,4,0,0.0,11.284975570702619,0
V265_200_TOP,12.0,2026-04,202604290306,0.48848750958973264,2,0,0.0,6.274603174603175,0
V265_200_TOP,12.0,2026-04,202604291402,0.2618916236697147,3,0,0.0,7.570394379556842,0
V265_200_TOP,12.0,2026-04,202604291505,0.21387491711142403,2,0,0.0,10.197836538461537,0
V265_200_TOP,12.0,2026-05,202605011707,0.21640657170423983,2,0,0.0,10.46689497716895,0
V265_200_TOP,12.0,2026-05,202605012009,0.2373314416761851,2,0,0.0,8.080538922155688,0
V265_200_TOP,12.0,2026-05,202605020908,0.25111854913341924,2,0,0.0,9.885678391959798,0
V265_200_TOP,12.0,2026-05,202605021103,0.300674986236005,2,1,62160.0,6.268235294117647,1
V265_200_TOP,12.0,2026-05,202605022307,0.29564023551572627,2,0,0.0,3.5517857142857143,0
V265_200_TOP,12.0,2026-05,202605030104,0.28868613696613765,2,0,0.0,6.849097472924187,0
V265_200_TOP,12.0,2026-05,202605030105,0.2766667409364336,2,0,0.0,6.595289855072465,0
V265_200_TOP,12.0,2026-05,202605030608,0.22848893543381715,2,0,0.0,3.897435897435898,0
V265_200_TOP,12.0,2026-05,202605030805,0.24423927840328127,2,1,95360.0,9.537439613526569,1
V265_200_TOP,12.0,2026-05,202605030811,0.2672090271843813,2,0,0.0,8.817567567567567,0
V265_200_TOP,12.0,2026-05,202605031208,0.2605559796897189,2,0,0.0,11.18339552238806,0
V265_200_TOP,12.0,2026-05,202605031702,0.22705049628637414,2,0,0.0,13.006993006993008,0
V265_200_TOP,12.0,2026-05,202605032307,0.2984313188252715,2,0,0.0,7.57125748502994,1
V265_200_TOP,12.0,2026-05,202605040202,0.37107753457819026,2,0,0.0,8.46798866855524,0
V265_200_TOP,12.0,2026-05,202605040403,0.3133255823029444,2,0,0.0,11.167303609341825,0
V265_200_TOP,12.0,2026-05,202605040701,0.215968702965475,2,1,93100.0,9.398936170212767,1
V265_200_TOP,12.0,2026-05,202605040705,0.21876061468771704,2,1,45240.0,4.554973821989528,1
V265_200_TOP,12.0,2026-05,202605040802,0.22195369577515195,2,1,113399.99999999999,11.363924050632912,1
V265_200_TOP,12.0,2026-05,202605040805,0.21246535088711202,2,0,0.0,12.370967741935484,1
V265_200_TOP,12.0,2026-05,202605041410,0.3442781827972313,2,0,0.0,12.67911877394636,1
V265_200_TOP,12.0,2026-05,202605041707,0.2154118737317554,9,0,0.0,12.06635331977835,0
V265_200_TOP,12.0,2026-05,202605042009,0.25749082324113354,2,0,0.0,8.64406779661017,0
V265_200_TOP,12.0,2026-05,202605050202,0.3844358843787299,2,0,0.0,3.988271604938272,0
V265_200_TOP,12.0,2026-05,202605050203,0.2968770815790145,2,0,0.0,7.600638977635782,1
V265_200_TOP,12.0,2026-05,202605050702,0.2626441321526058,2,0,0.0,8.75390625,1
V265_200_TOP,12.0,2026-05,202605050811,0.25864047980271865,2,0,0.0,9.711219512195123,0
V265_200_TOP,12.0,2026-05,202605050904,0.22091880709896472,2,0,0.0,11.029759299781182,0
V265_200_TOP,12.0,2026-05,202605051306,0.28295281647431625,2,0,0.0,8.202216066481995,0
V265_200_TOP,12.0,2026-05,202605051602,0.2849683245786652,7,0,0.0,11.937756852765082,0
V265_200_TOP,12.0,2026-05,202605061105,0.2997814789633233,2,1,114660.0,11.460269865067465,1
V265_200_TOP,12.0,2026-05,202605072406,0.3197648402126908,2,0,0.0,4.800000000000001,1
V265_200_TOP,12.0,2026-05,202605091105,0.20543028535520286,3,0,0.0,9.9761310414672,0
V265_200_TOP,12.0,2026-05,202605091805,0.495964033226154,2,0,0.0,10.699792960662526,0
V265_200_TOP,12.0,2026-05,202605102010,0.30367763477198056,2,0,0.0,4.623404255319148,0
V265_200_TOP,12.0,2026-05,202605110811,0.21745625744989133,2,0,0.0,10.499789029535865,1
V265_200_TOP,12.0,2026-05,202605111110,0.34274577577198384,3,0,0.0,10.639725795870897,1
V265_200_TOP,12.0,2026-05,202605111606,0.2653599856261278,2,1,56950.0,5.721153846153847,1
V265_200_TOP,12.0,2026-05,202605112204,0.21827933689813847,5,0,0.0,12.54967962509321,0
V265_200_TOP,12.0,2026-05,202605112308,0.4040382926725104,2,1,57200.0,5.71551724137931,1
V265_200_TOP,12.0,2026-05,202605130406,0.24843531730965585,2,0,0.0,10.961434977578474,1
V265_200_TOP,12.0,2026-05,202605130408,0.4080002569171399,2,0,0.0,3.78125,1
V265_200_TOP,12.0,2026-05,202605161910,0.22188302786866604,2,0,0.0,6.75,0
V265_200_TOP,12.0,2026-05,202605170608,0.2754512568236596,2,0,0.0,4.120754716981132,0
V265_200_TOP,12.0,2026-05,202605171007,0.28545217216839813,2,0,0.0,7.096830985915493,0
V265_200_TOP,12.0,2026-05,202605172011,0.3239690733710161,2,0,0.0,14.02309468822171,0
V265_200_TOP,12.0,2026-05,202605181406,0.2583038154407522,2,0,0.0,7.748709677419354,1
V265_200_TOP,12.0,2026-05,202605191406,0.3193338229604912,2,0,0.0,11.379310344827585,1
V265_200_TOP,12.0,2026-05,202605191811,0.20530395258555054,2,0,0.0,8.498533724340177,0
V265_200_TOP,12.0,2026-05,202605201505,0.30112605263815306,3,0,0.0,12.643042429170787,1
V265_200_TOP,12.0,2026-05,202605202002,0.41973267461323693,2,0,0.0,9.913647642679901,0
V265_200_TOP,12.0,2026-05,202605210511,0.22437456691192492,2,0,0.0,12.528373015873015,0
V265_200_TOP,12.0,2026-05,202605211905,0.2777971580551421,2,1,100650.0,10.063829787234042,1
V265_200_TOP,12.0,2026-05,202605231808,0.33807797227071584,2,0,0.0,8.795675675675675,1
V265_200_TOP,12.0,2026-05,202605242411,0.26105509977527935,3,0,0.0,11.611890746172701,1
V265_200_TOP,12.0,2026-05,202605251307,0.2855507372097001,2,0,0.0,4.701492537313433,0
V265_200_TOP,12.0,2026-05,202605251704,0.21714667339368487,6,0,0.0,11.696781688508816,0
V265_200_TOP,12.0,2026-05,202605252408,0.22028886491235838,3,0,0.0,11.381637039701172,1
V265_200_TOP,12.0,2026-05,202605261206,0.23246738799103306,2,1,67200.0,6.72,1
V265_200_TOP,12.0,2026-05,202605261705,0.23755147991304756,2,0,0.0,6.335826771653544,0
V265_200_TOP,12.0,2026-05,202605270807,0.24912394209503236,3,0,0.0,12.03462861208839,1
V265_200_TOP,12.0,2026-05,202605270810,0.20666286301183726,2,1,95680.0,9.58159090909091,1
V265_200_TOP,12.0,2026-05,202605271204,0.2833043450219901,2,0,0.0,8.764044943820224,0
V265_200_TOP,12.0,2026-05,202605280204,0.23831043450897083,2,0,0.0,9.139952153110048,0
V265_200_TOP,12.0,2026-05,202605280710,0.20987387544470001,2,0,0.0,13.137546468401487,0
V265_200_TOP,12.0,2026-05,202605281008,0.31262664521551253,3,1,103020.0,10.418279867526808,1
V265_200_TOP,12.0,2026-05,202605281810,0.27052868005204844,2,0,0.0,8.917808219178083,0
V265_200_TOP,12.0,2026-05,202605291807,0.3116436076090989,2,0,0.0,6.151470588235294,0
V265_200_TOP,12.0,2026-05,202605300104,0.24548999316343206,2,0,0.0,6.913636363636364,0
V265_200_TOP,12.0,2026-05,202605300507,0.2077811245776027,2,0,0.0,14.564715719063546,0
V265_200_TOP,12.0,2026-05,202605301108,0.20461168872336113,2,0,0.0,6.776556776556777,1
V265_200_TOP,12.0,2026-05,202605311410,0.23499752672253427,2,0,0.0,8.793767705382438,0
V265_200_TOP,12.0,2026-05,202605312304,0.3937232811955747,3,0,0.0,10.442496868021134,0
V265_200_TOP,12.0,2026-06,202606010506,0.29320736634211025,2,0,0.0,3.788235294117647,0
V265_200_TOP,12.0,2026-06,202606010803,0.31314964431915715,3,0,0.0,13.658363686065325,0
V265_200_TOP,12.0,2026-06,202606010809,0.23375247071560573,10,0,0.0,12.228713625436052,0
V265_200_TOP,12.0,2026-06,202606012402,0.3574816458309847,2,0,0.0,7.068131868131867,0
V265_200_TOP,12.0,2026-06,202606020906,0.3762511919469192,2,0,0.0,5.71551724137931,0
V265_200_TOP,12.0,2026-06,202606021007,0.34304375528897846,2,0,0.0,13.20734908136483,1
V265_200_TOP,12.0,2026-06,202606022307,0.38057841546148685,2,0,0.0,6.739436619718309,0
V265_200_TOP,12.0,2026-06,202606031209,0.21475767658277,2,0,0.0,11.478066914498143,0
V265_200_TOP,12.0,2026-06,202606032109,0.2850071405945,2,0,0.0,8.772164948453609,0
V265_200_TOP,12.0,2026-06,202606040305,0.2491294290468305,2,0,0.0,8.526,1
V265_200_TOP,12.0,2026-06,202606040506,0.41493887066271984,2,1,50960.00000000001,5.092156862745099,1
V265_200_TOP,12.0,2026-06,202606040907,0.21287323928149662,3,0,0.0,12.804543085313156,0
V265_200_TOP,12.0,2026-06,202606041307,0.29814133921391245,3,0,0.0,10.462057539116504,1
V265_200_TOP,12.0,2026-06,202606050305,0.31766365423021903,3,0,0.0,11.34463549869474,0
V265_200_TOP,12.0,2026-06,202606060702,0.22720446463276664,3,0,0.0,8.3017138063279,1
V265_200_TOP,12.0,2026-06,202606060703,0.23780420677269448,2,0,0.0,9.572727272727272,0
V265_200_TOP,12.0,2026-06,202606060802,0.38065112780503957,6,0,0.0,12.784687036790961,0
V265_200_TOP,12.0,2026-06,202606061506,0.2897510743192872,2,0,0.0,8.863259668508288,0
V265_200_TOP,12.0,2026-06,202606070908,0.26816985725552,2,0,0.0,7.315359477124183,1
V265_200_TOP,12.0,2026-06,202606071005,0.3352121384358668,2,0,0.0,4.4224719101123595,0
V265_200_TOP,12.0,2026-06,202606072408,0.20641942082523385,2,0,0.0,7.715076923076923,0
V265_200_TOP,12.0,2026-06,202606080510,0.31413479671276723,2,0,0.0,8.84047619047619,0
V265_200_TOP,12.0,2026-06,202606080910,0.4901605947054319,2,0,0.0,8.3,1
V265_200_TOP,12.0,2026-06,202606100903,0.32907154113657355,3,0,0.0,10.074807707987933,1
V265_200_TOP,12.0,2026-06,202606121108,0.3217253835701251,2,0,0.0,7.666478873239437,0
V265_200_TOP,12.0,2026-06,202606121901,0.33669518199916965,2,0,0.0,11.727272727272727,0
V265_200_TOP,12.0,2026-06,202606122306,0.37559357974174085,3,0,0.0,12.608492591797292,1
V265_200_TOP,12.0,2026-06,202606130609,0.28063208501776443,2,0,0.0,9.481558441558441,0
V265_200_TOP,12.0,2026-06,202606130702,0.23753972627325098,4,0,0.0,12.228582211794254,1
V265_200_TOP,12.0,2026-06,202606132204,0.29935581544010625,3,0,0.0,12.772519329896907,1
V265_200_TOP,12.0,2026-06,202606132307,0.2568866058139974,2,0,0.0,11.532478632478632,0
V265_200_TOP,12.0,2026-06,202606142208,0.2799370038601226,2,0,0.0,4.795024875621891,0
V265_200_TOP,12.0,2026-06,202606150310,0.4749951851701887,2,0,0.0,9.859756097560977,0
V265_200_TOP,12.0,2026-06,202606180205,0.32603575162724846,2,0,0.0,4.699530516431925,0
V265_200_TOP,12.0,2026-06,202606180909,0.25218054710663534,4,0,0.0,11.136716680657543,0
V265_200_TOP,12.0,2026-06,202606190903,0.23868701609885562,2,0,0.0,11.726513569937369,0
V265_200_TOP,12.0,2026-06,202606192107,0.22094090446422104,3,0,0.0,12.620396600566572,0
V265_200_TOP,12.0,2026-06,202606200410,0.2648326953422716,2,0,0.0,10.824776785714286,0
V265_200_TOP,12.0,2026-06,202606200903,0.22314990037910193,5,0,0.0,10.760744603129428,0
V265_200_TOP,12.0,2026-06,202606201709,0.4012750915630333,2,0,0.0,11.668522483940043,1
V265_200_TOP,12.0,2026-06,202606210608,0.2121937866790789,2,0,0.0,8.346518105849583,0
V265_200_TOP,12.0,2026-06,202606210906,0.4393521260267424,2,1,49680.0,4.964634146341463,1
V265_200_TOP,12.0,2026-06,202606222204,0.21452192683514015,6,0,0.0,12.0104120055408,0
V265_200_TOP,12.0,2026-06,202606240605,0.2362699443311223,2,1,112640.00000000001,11.200000000000001,1
V265_200_TOP,12.0,2026-06,202606241207,0.48341206616701254,2,0,0.0,12.55538160469667,1
V265_200_TOP,12.0,2026-06,202606241210,0.2623914317542202,2,0,0.0,8.1865889212828,0
V265_200_TOP,12.0,2026-06,202606252106,0.20951103942239344,2,0,0.0,8.0,1
V265_200_TOP,12.0,2026-06,202606260304,0.23952201298236153,2,0,0.0,12.496237623762376,0
V265_200_TOP,12.0,2026-06,202606260410,0.38125002738754243,4,0,0.0,9.602470299015934,0
V265_200_TOP,12.0,2026-06,202606260705,0.5312371159412936,2,0,0.0,5.211428571428571,1
V265_200_TOP,12.0,2026-06,202606261709,0.2822847065995085,2,0,0.0,12.3,0
V265_200_TOP,12.0,2026-06,202606280205,0.21763903069984297,2,0,0.0,4.680851063829787,0
V265_200_TOP,12.0,2026-06,202606280508,0.40116889007329964,2,0,0.0,10.065777777777779,0
V265_200_TOP,12.0,2026-06,202606281006,0.2436309979302371,8,0,0.0,10.850468165383166,0
V265_200_TOP,12.0,2026-06,202606281008,0.3111095288434435,2,0,0.0,9.617158671586715,0
V265_200_TOP,12.0,2026-06,202606290310,0.2626597486585597,14,0,0.0,11.908302549983663,1
V265_200_TOP,12.0,2026-06,202606290806,0.26694775165681056,2,0,0.0,10.50532212885154,1
V265_200_TOP,12.0,2026-06,202606292011,0.2700034912201163,2,0,0.0,10.499787685774947,0
V265_200_TOP,12.0,2026-06,202606301004,0.22393428575818583,5,0,0.0,11.586700949357489,0
V265_200_TOP,12.0,2026-06,202606302304,0.3985876890146715,2,0,0.0,5.979583333333333,0
V265_200_TOP,12.5,2026-04,202604010110,0.377793166204427,5,0,0.0,10.610995837755981,0
V265_200_TOP,12.5,2026-04,202604010206,0.33657134149149504,2,0,0.0,7.370847457627118,0
V265_200_TOP,12.5,2026-04,202604010603,0.2527008844456851,2,0,0.0,13.618709677419355,1
V265_200_TOP,12.5,2026-04,202604010804,0.34390565109165594,2,0,0.0,7.793823529411765,1
V265_200_TOP,12.5,2026-04,202604020108,0.3839607199427347,2,0,0.0,6.069958847736625,0
V265_200_TOP,12.5,2026-04,202604022209,0.2527599191614724,2,0,0.0,7.392739273927393,0
V265_200_TOP,12.5,2026-04,202604030402,0.5263263210403811,2,0,0.0,7.531353135313531,0
V265_200_TOP,12.5,2026-04,202604031806,0.2561050064638447,2,0,0.0,6.532584269662922,0
V265_200_TOP,12.5,2026-04,202604041505,0.23480429291762125,2,0,0.0,13.501971326164872,0
V265_200_TOP,12.5,2026-04,202604042202,0.3985341855700158,2,0,0.0,6.39375,0
V265_200_TOP,12.5,2026-04,202604052207,0.22213171094118705,2,0,0.0,10.804597701149426,0
V265_200_TOP,12.5,2026-04,202604070808,0.3675713927266906,2,0,0.0,5.27688679245283,0
V265_200_TOP,12.5,2026-04,202604071007,0.2392433670596289,3,0,0.0,13.821727614918823,0
V265_200_TOP,12.5,2026-04,202604072403,0.3727464381534735,2,0,0.0,14.648464163822526,0
V265_200_TOP,12.5,2026-04,202604081111,0.32811911014691947,2,0,0.0,11.932500000000001,0
V265_200_TOP,12.5,2026-04,202604082303,0.2093441220558494,2,0,0.0,9.145161290322582,1
V265_200_TOP,12.5,2026-04,202604082306,0.3288199698932077,2,1,54500.0,5.399537037037037,1
V265_200_TOP,12.5,2026-04,202604090703,0.25903646798236596,2,0,0.0,7.899683544303797,1
V265_200_TOP,12.5,2026-04,202604091506,0.23879741400239188,2,0,0.0,8.8775,0
V265_200_TOP,12.5,2026-04,202604091609,0.23088541587789677,2,0,0.0,12.515630885122409,0
V265_200_TOP,12.5,2026-04,202604100708,0.22756172101458638,2,0,0.0,8.344213649851632,0
V265_200_TOP,12.5,2026-04,202604110709,0.2449272820049662,5,0,0.0,11.608789292033787,0
V265_200_TOP,12.5,2026-04,202604120406,0.267485253680889,8,0,0.0,12.729451329383867,0
V265_200_TOP,12.5,2026-04,202604120608,0.30552317060290146,2,0,0.0,13.373936170212765,0
V265_200_TOP,12.5,2026-04,202604121607,0.25695719777884807,2,0,0.0,12.857142857142858,0
V265_200_TOP,12.5,2026-04,202604130608,0.2850254739530139,2,0,0.0,5.916115702479338,1
V265_200_TOP,12.5,2026-04,202604131606,0.22641989780052002,3,0,0.0,14.523254768835084,0
V265_200_TOP,12.5,2026-04,202604140304,0.31679393798514355,2,0,0.0,4.544623655913979,0
V265_200_TOP,12.5,2026-04,202604150307,0.6312872823020153,2,0,0.0,11.3216796875,0
V265_200_TOP,12.5,2026-04,202604160811,0.21819174962606744,5,0,0.0,12.029205694347906,0
V265_200_TOP,12.5,2026-04,202604160906,0.38625767255553506,2,0,0.0,12.47098976109215,1
V265_200_TOP,12.5,2026-04,202604170305,0.4033681412172072,2,0,0.0,5.5560538116591935,0
V265_200_TOP,12.5,2026-04,202604180305,0.24939438740249972,3,0,0.0,11.166697674418606,1
V265_200_TOP,12.5,2026-04,202604181508,0.2181929496307718,2,0,0.0,6.091463414634146,0
V265_200_TOP,12.5,2026-04,202604190501,0.21366759063068422,4,0,0.0,14.674641461712374,0
V265_200_TOP,12.5,2026-04,202604191006,0.21035358503067644,6,0,0.0,11.542677743659036,0
V265_200_TOP,12.5,2026-04,202604191506,0.2808696629354226,2,0,0.0,4.394886363636363,0
V265_200_TOP,12.5,2026-04,202604210702,0.2624802541515405,2,0,0.0,12.796545105566217,0
V265_200_TOP,12.5,2026-04,202604211109,0.32772574756274536,2,0,0.0,8.955675675675677,0
V265_200_TOP,12.5,2026-04,202604220502,0.23657946574970873,2,0,0.0,5.148058252427185,0
V265_200_TOP,12.5,2026-04,202604230507,0.2367797335050734,2,1,94320.0,9.416625916870416,1
V265_200_TOP,12.5,2026-04,202604231603,0.355229101817504,3,0,0.0,12.320709126163944,0
V265_200_TOP,12.5,2026-04,202604240706,0.2973678365926359,2,0,0.0,4.871794871794871,0
V265_200_TOP,12.5,2026-04,202604242010,0.2245976629400635,3,0,0.0,14.88354600402955,1
V265_200_TOP,12.5,2026-04,202604242308,0.34105335787153984,3,0,0.0,11.19641356122163,0
V265_200_TOP,12.5,2026-04,202604250705,0.2121704080986277,3,0,0.0,10.106550567568778,1
V265_200_TOP,12.5,2026-04,202604250708,0.24841186977418378,2,0,0.0,4.786363636363636,1
V265_200_TOP,12.5,2026-04,202604250711,0.2226176220798299,2,0,0.0,7.0,0
V265_200_TOP,12.5,2026-04,202604250903,0.291733996239991,3,0,0.0,12.136139451790095,0
V265_200_TOP,12.5,2026-04,202604251307,0.3396865332945048,2,0,0.0,14.352,0
V265_200_TOP,12.5,2026-04,202604252307,0.25314642752779926,5,0,0.0,12.037949705488371,1
V265_200_TOP,12.5,2026-04,202604260310,0.4746918303220708,2,0,0.0,11.167857142857143,0
V265_200_TOP,12.5,2026-04,202604270602,0.2246677980083557,7,0,0.0,10.926765939317,1
V265_200_TOP,12.5,2026-04,202604270606,0.36277214003606784,2,0,0.0,9.115777777777778,1
V265_200_TOP,12.5,2026-04,202604271607,0.4168464136024185,2,0,0.0,11.490719696969697,0
V265_200_TOP,12.5,2026-04,202604272402,0.2844805454161108,3,0,0.0,11.071466496761175,0
V265_200_TOP,12.5,2026-04,202604280603,0.39829095436477124,2,0,0.0,4.712,0
V265_200_TOP,12.5,2026-04,202604280606,0.32685062587442065,3,1,97500.0,9.792724839563247,1
V265_200_TOP,12.5,2026-04,202604280707,0.22096088159797359,4,1,119520.0,12.049534636316416,1
V265_200_TOP,12.5,2026-04,202604280709,0.20780385835318899,2,1,128310.0,12.668037383177571,1
V265_200_TOP,12.5,2026-04,202604280806,0.21373462230975265,3,0,0.0,11.929790693473043,0
V265_200_TOP,12.5,2026-04,202604281502,0.25784886662502193,3,0,0.0,12.098004325171628,0
V265_200_TOP,12.5,2026-04,202604281606,0.24535942241997774,4,0,0.0,12.054413940815861,0
V265_200_TOP,12.5,2026-04,202604282306,0.23956459251013118,4,0,0.0,11.284975570702619,0
V265_200_TOP,12.5,2026-04,202604290306,0.48848750958973264,2,0,0.0,6.274603174603175,0
V265_200_TOP,12.5,2026-04,202604291402,0.2618916236697147,2,0,0.0,16.920240782543264,0
V265_200_TOP,12.5,2026-04,202604291505,0.21387491711142403,2,0,0.0,10.197836538461537,0
V265_200_TOP,12.5,2026-05,202605011707,0.21640657170423983,2,0,0.0,10.46689497716895,0
V265_200_TOP,12.5,2026-05,202605012009,0.2373314416761851,2,0,0.0,8.080538922155688,0
V265_200_TOP,12.5,2026-05,202605020908,0.25111854913341924,2,0,0.0,9.885678391959798,0
V265_200_TOP,12.5,2026-05,202605021103,0.300674986236005,2,1,62160.0,6.268235294117647,1
V265_200_TOP,12.5,2026-05,202605022307,0.29564023551572627,2,0,0.0,3.5517857142857143,0
V265_200_TOP,12.5,2026-05,202605030104,0.28868613696613765,2,0,0.0,6.849097472924187,0
V265_200_TOP,12.5,2026-05,202605030105,0.2766667409364336,2,0,0.0,6.595289855072465,0
V265_200_TOP,12.5,2026-05,202605030608,0.22848893543381715,2,0,0.0,3.897435897435898,0
V265_200_TOP,12.5,2026-05,202605030805,0.24423927840328127,2,1,95360.0,9.537439613526569,1
V265_200_TOP,12.5,2026-05,202605030811,0.2672090271843813,2,0,0.0,8.817567567567567,0
V265_200_TOP,12.5,2026-05,202605031208,0.2605559796897189,2,0,0.0,11.18339552238806,0
V265_200_TOP,12.5,2026-05,202605031702,0.22705049628637414,2,0,0.0,13.006993006993008,0
V265_200_TOP,12.5,2026-05,202605032307,0.2984313188252715,2,0,0.0,7.57125748502994,1
V265_200_TOP,12.5,2026-05,202605040202,0.37107753457819026,2,0,0.0,8.46798866855524,0
V265_200_TOP,12.5,2026-05,202605040403,0.3133255823029444,2,0,0.0,11.167303609341825,0
V265_200_TOP,12.5,2026-05,202605040701,0.215968702965475,2,1,93100.0,9.398936170212767,1
V265_200_TOP,12.5,2026-05,202605040705,0.21876061468771704,2,1,45240.0,4.554973821989528,1
V265_200_TOP,12.5,2026-05,202605040802,0.22195369577515195,2,1,113399.99999999999,11.363924050632912,1
V265_200_TOP,12.5,2026-05,202605040805,0.21246535088711202,2,0,0.0,12.370967741935484,1
V265_200_TOP,12.5,2026-05,202605041410,0.3442781827972313,2,0,0.0,12.67911877394636,1
V265_200_TOP,12.5,2026-05,202605041707,0.2154118737317554,8,0,0.0,12.608949763567738,0
V265_200_TOP,12.5,2026-05,202605042009,0.25749082324113354,2,0,0.0,8.64406779661017,0
V265_200_TOP,12.5,2026-05,202605050202,0.3844358843787299,2,0,0.0,3.988271604938272,0
V265_200_TOP,12.5,2026-05,202605050203,0.2968770815790145,2,0,0.0,7.600638977635782,1
V265_200_TOP,12.5,2026-05,202605050702,0.2626441321526058,2,0,0.0,8.75390625,1
V265_200_TOP,12.5,2026-05,202605050811,0.25864047980271865,2,0,0.0,9.711219512195123,0
V265_200_TOP,12.5,2026-05,202605050904,0.22091880709896472,2,0,0.0,11.029759299781182,0
V265_200_TOP,12.5,2026-05,202605051306,0.28295281647431625,2,0,0.0,8.202216066481995,0
V265_200_TOP,12.5,2026-05,202605051602,0.2849683245786652,6,0,0.0,13.042809271192986,0
V265_200_TOP,12.5,2026-05,202605061105,0.2997814789633233,2,1,114660.0,11.460269865067465,1
V265_200_TOP,12.5,2026-05,202605072406,0.3197648402126908,2,0,0.0,4.800000000000001,1
V265_200_TOP,12.5,2026-05,202605091105,0.20543028535520286,2,0,0.0,14.41440129449838,0
V265_200_TOP,12.5,2026-05,202605091805,0.495964033226154,2,0,0.0,10.699792960662526,0
V265_200_TOP,12.5,2026-05,202605102010,0.30367763477198056,2,0,0.0,4.623404255319148,0
V265_200_TOP,12.5,2026-05,202605110811,0.21745625744989133,2,0,0.0,10.499789029535865,1
V265_200_TOP,12.5,2026-05,202605111110,0.34274577577198384,2,0,0.0,13.501277372262773,1
V265_200_TOP,12.5,2026-05,202605111606,0.2653599856261278,2,1,56950.0,5.721153846153847,1
V265_200_TOP,12.5,2026-05,202605112204,0.21827933689813847,5,0,0.0,12.54967962509321,0
V265_200_TOP,12.5,2026-05,202605112308,0.4040382926725104,2,1,57200.0,5.71551724137931,1
V265_200_TOP,12.5,2026-05,202605130406,0.24843531730965585,2,0,0.0,10.961434977578474,1
V265_200_TOP,12.5,2026-05,202605130408,0.4080002569171399,2,0,0.0,3.78125,1
V265_200_TOP,12.5,2026-05,202605161910,0.22188302786866604,2,0,0.0,6.75,0
V265_200_TOP,12.5,2026-05,202605170608,0.2754512568236596,2,0,0.0,4.120754716981132,0
V265_200_TOP,12.5,2026-05,202605171007,0.28545217216839813,2,0,0.0,7.096830985915493,0
V265_200_TOP,12.5,2026-05,202605172011,0.3239690733710161,2,0,0.0,14.02309468822171,0
V265_200_TOP,12.5,2026-05,202605181406,0.2583038154407522,2,0,0.0,7.748709677419354,1
V265_200_TOP,12.5,2026-05,202605191406,0.3193338229604912,2,0,0.0,11.379310344827585,1
V265_200_TOP,12.5,2026-05,202605191811,0.20530395258555054,2,0,0.0,8.498533724340177,0
V265_200_TOP,12.5,2026-05,202605201505,0.30112605263815306,3,0,0.0,12.643042429170787,1
V265_200_TOP,12.5,2026-05,202605202002,0.41973267461323693,2,0,0.0,9.913647642679901,0
V265_200_TOP,12.5,2026-05,202605210511,0.22437456691192492,2,0,0.0,12.528373015873015,0
V265_200_TOP,12.5,2026-05,202605211905,0.2777971580551421,2,1,100650.0,10.063829787234042,1
V265_200_TOP,12.5,2026-05,202605231808,0.33807797227071584,2,0,0.0,8.795675675675675,1
V265_200_TOP,12.5,2026-05,202605242411,0.26105509977527935,3,0,0.0,11.611890746172701,1
V265_200_TOP,12.5,2026-05,202605251307,0.2855507372097001,2,0,0.0,4.701492537313433,0
V265_200_TOP,12.5,2026-05,202605251704,0.21714667339368487,5,0,0.0,12.516997888493307,0
V265_200_TOP,12.5,2026-05,202605252408,0.22028886491235838,2,0,0.0,12.722393162393162,1
V265_200_TOP,12.5,2026-05,202605261206,0.23246738799103306,2,1,67200.0,6.72,1
V265_200_TOP,12.5,2026-05,202605261705,0.23755147991304756,2,0,0.0,6.335826771653544,0
V265_200_TOP,12.5,2026-05,202605270807,0.24912394209503236,3,0,0.0,12.03462861208839,1
V265_200_TOP,12.5,2026-05,202605270810,0.20666286301183726,2,1,95680.0,9.58159090909091,1
V265_200_TOP,12.5,2026-05,202605271204,0.2833043450219901,2,0,0.0,8.764044943820224,0
V265_200_TOP,12.5,2026-05,202605280204,0.23831043450897083,2,0,0.0,9.139952153110048,0
V265_200_TOP,12.5,2026-05,202605280710,0.20987387544470001,2,0,0.0,13.137546468401487,0
V265_200_TOP,12.5,2026-05,202605281008,0.31262664521551253,3,1,103020.0,10.418279867526808,1
V265_200_TOP,12.5,2026-05,202605281810,0.27052868005204844,2,0,0.0,8.917808219178083,0
V265_200_TOP,12.5,2026-05,202605291807,0.3116436076090989,2,0,0.0,6.151470588235294,0
V265_200_TOP,12.5,2026-05,202605300104,0.24548999316343206,2,0,0.0,6.913636363636364,0
V265_200_TOP,12.5,2026-05,202605300507,0.2077811245776027,2,0,0.0,14.564715719063546,0
V265_200_TOP,12.5,2026-05,202605301108,0.20461168872336113,2,0,0.0,6.776556776556777,1
V265_200_TOP,12.5,2026-05,202605311410,0.23499752672253427,2,0,0.0,8.793767705382438,0
V265_200_TOP,12.5,2026-05,202605312304,0.3937232811955747,3,0,0.0,10.442496868021134,0
V265_200_TOP,12.5,2026-06,202606010506,0.29320736634211025,2,0,0.0,3.788235294117647,0
V265_200_TOP,12.5,2026-06,202606010803,0.31314964431915715,3,0,0.0,13.658363686065325,0
V265_200_TOP,12.5,2026-06,202606010809,0.23375247071560573,10,0,0.0,12.228713625436052,0
V265_200_TOP,12.5,2026-06,202606012402,0.3574816458309847,2,0,0.0,7.068131868131867,0
V265_200_TOP,12.5,2026-06,202606020906,0.3762511919469192,2,0,0.0,5.71551724137931,0
V265_200_TOP,12.5,2026-06,202606021007,0.34304375528897846,2,0,0.0,13.20734908136483,1
V265_200_TOP,12.5,2026-06,202606022307,0.38057841546148685,2,0,0.0,6.739436619718309,0
V265_200_TOP,12.5,2026-06,202606031209,0.21475767658277,2,0,0.0,11.478066914498143,0
V265_200_TOP,12.5,2026-06,202606032109,0.2850071405945,2,0,0.0,8.772164948453609,0
V265_200_TOP,12.5,2026-06,202606040305,0.2491294290468305,2,0,0.0,8.526,1
V265_200_TOP,12.5,2026-06,202606040506,0.41493887066271984,2,1,50960.00000000001,5.092156862745099,1
V265_200_TOP,12.5,2026-06,202606040907,0.21287323928149662,3,0,0.0,12.804543085313156,0
V265_200_TOP,12.5,2026-06,202606041307,0.29814133921391245,2,0,0.0,13.8572695035461,1
V265_200_TOP,12.5,2026-06,202606050305,0.31766365423021903,3,0,0.0,11.34463549869474,0
V265_200_TOP,12.5,2026-06,202606060702,0.22720446463276664,3,0,0.0,8.3017138063279,1
V265_200_TOP,12.5,2026-06,202606060703,0.23780420677269448,2,0,0.0,9.572727272727272,0
V265_200_TOP,12.5,2026-06,202606060802,0.38065112780503957,6,0,0.0,12.784687036790961,0
V265_200_TOP,12.5,2026-06,202606061506,0.2897510743192872,2,0,0.0,8.863259668508288,0
V265_200_TOP,12.5,2026-06,202606070908,0.26816985725552,2,0,0.0,7.315359477124183,1
V265_200_TOP,12.5,2026-06,202606071005,0.3352121384358668,2,0,0.0,4.4224719101123595,0
V265_200_TOP,12.5,2026-06,202606072408,0.20641942082523385,2,0,0.0,7.715076923076923,0
V265_200_TOP,12.5,2026-06,202606080510,0.31413479671276723,2,0,0.0,8.84047619047619,0
V265_200_TOP,12.5,2026-06,202606080910,0.4901605947054319,2,0,0.0,8.3,1
V265_200_TOP,12.5,2026-06,202606100903,0.32907154113657355,3,0,0.0,10.074807707987933,1
V265_200_TOP,12.5,2026-06,202606121108,0.3217253835701251,2,0,0.0,7.666478873239437,0
V265_200_TOP,12.5,2026-06,202606121901,0.33669518199916965,2,0,0.0,11.727272727272727,0
V265_200_TOP,12.5,2026-06,202606122306,0.37559357974174085,3,0,0.0,12.608492591797292,1
V265_200_TOP,12.5,2026-06,202606130609,0.28063208501776443,2,0,0.0,9.481558441558441,0
V265_200_TOP,12.5,2026-06,202606130702,0.23753972627325098,4,0,0.0,12.228582211794254,1
V265_200_TOP,12.5,2026-06,202606132204,0.29935581544010625,3,0,0.0,12.772519329896907,1
V265_200_TOP,12.5,2026-06,202606132307,0.2568866058139974,2,0,0.0,11.532478632478632,0
V265_200_TOP,12.5,2026-06,202606142208,0.2799370038601226,2,0,0.0,4.795024875621891,0
V265_200_TOP,12.5,2026-06,202606150310,0.4749951851701887,2,0,0.0,9.859756097560977,0
V265_200_TOP,12.5,2026-06,202606180205,0.32603575162724846,2,0,0.0,4.699530516431925,0
V265_200_TOP,12.5,2026-06,202606180909,0.25218054710663534,4,0,0.0,11.136716680657543,0
V265_200_TOP,12.5,2026-06,202606190903,0.23868701609885562,2,0,0.0,11.726513569937369,0
V265_200_TOP,12.5,2026-06,202606192107,0.22094090446422104,3,0,0.0,12.620396600566572,0
V265_200_TOP,12.5,2026-06,202606200410,0.2648326953422716,2,0,0.0,10.824776785714286,0
V265_200_TOP,12.5,2026-06,202606200903,0.22314990037910193,4,0,0.0,13.947205722080998,0
V265_200_TOP,12.5,2026-06,202606201709,0.4012750915630333,2,0,0.0,11.668522483940043,1
V265_200_TOP,12.5,2026-06,202606210608,0.2121937866790789,2,0,0.0,8.346518105849583,0
V265_200_TOP,12.5,2026-06,202606210906,0.4393521260267424,2,1,49680.0,4.964634146341463,1
V265_200_TOP,12.5,2026-06,202606222204,0.21452192683514015,5,0,0.0,12.45980351834379,0
V265_200_TOP,12.5,2026-06,202606240605,0.2362699443311223,2,1,112640.00000000001,11.200000000000001,1
V265_200_TOP,12.5,2026-06,202606241207,0.48341206616701254,2,0,0.0,12.55538160469667,1
V265_200_TOP,12.5,2026-06,202606241210,0.2623914317542202,2,0,0.0,8.1865889212828,0
V265_200_TOP,12.5,2026-06,202606252106,0.20951103942239344,2,0,0.0,8.0,1
V265_200_TOP,12.5,2026-06,202606260304,0.23952201298236153,2,0,0.0,12.496237623762376,0
V265_200_TOP,12.5,2026-06,202606260410,0.38125002738754243,3,0,0.0,15.260225648154249,0
V265_200_TOP,12.5,2026-06,202606260705,0.5312371159412936,2,0,0.0,5.211428571428571,1
V265_200_TOP,12.5,2026-06,202606261709,0.2822847065995085,2,0,0.0,12.3,0
V265_200_TOP,12.5,2026-06,202606280205,0.21763903069984297,2,0,0.0,4.680851063829787,0
V265_200_TOP,12.5,2026-06,202606280508,0.40116889007329964,2,0,0.0,10.065777777777779,0
V265_200_TOP,12.5,2026-06,202606281006,0.2436309979302371,7,0,0.0,13.499149817330386,0
V265_200_TOP,12.5,2026-06,202606281008,0.3111095288434435,2,0,0.0,9.617158671586715,0
V265_200_TOP,12.5,2026-06,202606290310,0.2626597486585597,13,0,0.0,12.474645887506886,1
V265_200_TOP,12.5,2026-06,202606290806,0.26694775165681056,2,0,0.0,10.50532212885154,1
V265_200_TOP,12.5,2026-06,202606292011,0.2700034912201163,2,0,0.0,10.499787685774947,0
V265_200_TOP,12.5,2026-06,202606301004,0.22393428575818583,5,0,0.0,11.586700949357489,0
V265_200_TOP,12.5,2026-06,202606302304,0.3985876890146715,2,0,0.0,5.979583333333333,0
V265_200_TOP,13.0,2026-04,202604010110,0.377793166204427,5,0,0.0,10.610995837755981,0
V265_200_TOP,13.0,2026-04,202604010206,0.33657134149149504,2,0,0.0,7.370847457627118,0
V265_200_TOP,13.0,2026-04,202604010603,0.2527008844456851,2,0,0.0,13.618709677419355,1
V265_200_TOP,13.0,2026-04,202604010804,0.34390565109165594,2,0,0.0,7.793823529411765,1
V265_200_TOP,13.0,2026-04,202604020108,0.3839607199427347,2,0,0.0,6.069958847736625,0
V265_200_TOP,13.0,2026-04,202604022209,0.2527599191614724,2,0,0.0,7.392739273927393,0
V265_200_TOP,13.0,2026-04,202604030402,0.5263263210403811,2,0,0.0,7.531353135313531,0
V265_200_TOP,13.0,2026-04,202604031806,0.2561050064638447,2,0,0.0,6.532584269662922,0
V265_200_TOP,13.0,2026-04,202604041505,0.23480429291762125,2,0,0.0,13.501971326164872,0
V265_200_TOP,13.0,2026-04,202604042202,0.3985341855700158,2,0,0.0,6.39375,0
V265_200_TOP,13.0,2026-04,202604052207,0.22213171094118705,2,0,0.0,10.804597701149426,0
V265_200_TOP,13.0,2026-04,202604070808,0.3675713927266906,2,0,0.0,5.27688679245283,0
V265_200_TOP,13.0,2026-04,202604071007,0.2392433670596289,3,0,0.0,13.821727614918823,0
V265_200_TOP,13.0,2026-04,202604072403,0.3727464381534735,2,0,0.0,14.648464163822526,0
V265_200_TOP,13.0,2026-04,202604081111,0.32811911014691947,2,0,0.0,11.932500000000001,0
V265_200_TOP,13.0,2026-04,202604082303,0.2093441220558494,2,0,0.0,9.145161290322582,1
V265_200_TOP,13.0,2026-04,202604082306,0.3288199698932077,2,1,54500.0,5.399537037037037,1
V265_200_TOP,13.0,2026-04,202604090703,0.25903646798236596,2,0,0.0,7.899683544303797,1
V265_200_TOP,13.0,2026-04,202604091506,0.23879741400239188,2,0,0.0,8.8775,0
V265_200_TOP,13.0,2026-04,202604091609,0.23088541587789677,2,0,0.0,12.515630885122409,0
V265_200_TOP,13.0,2026-04,202604100708,0.22756172101458638,2,0,0.0,8.344213649851632,0
V265_200_TOP,13.0,2026-04,202604110709,0.2449272820049662,4,0,0.0,13.688762599435941,0
V265_200_TOP,13.0,2026-04,202604120406,0.267485253680889,7,0,0.0,13.019080393026593,0
V265_200_TOP,13.0,2026-04,202604120608,0.30552317060290146,2,0,0.0,13.373936170212765,0
V265_200_TOP,13.0,2026-04,202604121607,0.25695719777884807,2,0,0.0,12.857142857142858,0
V265_200_TOP,13.0,2026-04,202604130608,0.2850254739530139,2,0,0.0,5.916115702479338,1
V265_200_TOP,13.0,2026-04,202604131606,0.22641989780052002,3,0,0.0,14.523254768835084,0
V265_200_TOP,13.0,2026-04,202604140304,0.31679393798514355,2,0,0.0,4.544623655913979,0
V265_200_TOP,13.0,2026-04,202604150307,0.6312872823020153,2,0,0.0,11.3216796875,0
V265_200_TOP,13.0,2026-04,202604160811,0.21819174962606744,4,0,0.0,13.00777479121656,0
V265_200_TOP,13.0,2026-04,202604160906,0.38625767255553506,2,0,0.0,12.47098976109215,1
V265_200_TOP,13.0,2026-04,202604170305,0.4033681412172072,2,0,0.0,5.5560538116591935,0
V265_200_TOP,13.0,2026-04,202604180305,0.24939438740249972,2,0,0.0,14.497826086956524,1
V265_200_TOP,13.0,2026-04,202604181508,0.2181929496307718,2,0,0.0,6.091463414634146,0
V265_200_TOP,13.0,2026-04,202604190501,0.21366759063068422,4,0,0.0,14.674641461712374,0
V265_200_TOP,13.0,2026-04,202604191006,0.21035358503067644,6,0,0.0,11.542677743659036,0
V265_200_TOP,13.0,2026-04,202604191506,0.2808696629354226,2,0,0.0,4.394886363636363,0
V265_200_TOP,13.0,2026-04,202604210702,0.2624802541515405,2,0,0.0,12.796545105566217,0
V265_200_TOP,13.0,2026-04,202604211109,0.32772574756274536,2,0,0.0,8.955675675675677,0
V265_200_TOP,13.0,2026-04,202604220502,0.23657946574970873,2,0,0.0,5.148058252427185,0
V265_200_TOP,13.0,2026-04,202604230507,0.2367797335050734,2,1,94320.0,9.416625916870416,1
V265_200_TOP,13.0,2026-04,202604231603,0.355229101817504,3,0,0.0,12.320709126163944,0
V265_200_TOP,13.0,2026-04,202604240706,0.2973678365926359,2,0,0.0,4.871794871794871,0
V265_200_TOP,13.0,2026-04,202604242010,0.2245976629400635,3,0,0.0,14.88354600402955,1
V265_200_TOP,13.0,2026-04,202604242308,0.34105335787153984,3,0,0.0,11.19641356122163,0
V265_200_TOP,13.0,2026-04,202604250705,0.2121704080986277,2,0,0.0,15.720789074355084,1
V265_200_TOP,13.0,2026-04,202604250708,0.24841186977418378,2,0,0.0,4.786363636363636,1
V265_200_TOP,13.0,2026-04,202604250711,0.2226176220798299,2,0,0.0,7.0,0
V265_200_TOP,13.0,2026-04,202604250903,0.291733996239991,3,0,0.0,12.136139451790095,0
V265_200_TOP,13.0,2026-04,202604251307,0.3396865332945048,2,0,0.0,14.352,0
V265_200_TOP,13.0,2026-04,202604252307,0.25314642752779926,4,0,0.0,12.999786032742618,1
V265_200_TOP,13.0,2026-04,202604260310,0.4746918303220708,2,0,0.0,11.167857142857143,0
V265_200_TOP,13.0,2026-04,202604270602,0.2246677980083557,7,0,0.0,10.926765939317,1
V265_200_TOP,13.0,2026-04,202604270606,0.36277214003606784,2,0,0.0,9.115777777777778,1
V265_200_TOP,13.0,2026-04,202604271607,0.4168464136024185,2,0,0.0,11.490719696969697,0
V265_200_TOP,13.0,2026-04,202604272402,0.2844805454161108,3,0,0.0,11.071466496761175,0
V265_200_TOP,13.0,2026-04,202604280603,0.39829095436477124,2,0,0.0,4.712,0
V265_200_TOP,13.0,2026-04,202604280606,0.32685062587442065,2,0,0.0,16.09875,1
V265_200_TOP,13.0,2026-04,202604280707,0.22096088159797359,4,1,119520.0,12.049534636316416,1
V265_200_TOP,13.0,2026-04,202604280709,0.20780385835318899,2,1,128310.0,12.668037383177571,1
V265_200_TOP,13.0,2026-04,202604280806,0.21373462230975265,3,0,0.0,11.929790693473043,0
V265_200_TOP,13.0,2026-04,202604281502,0.25784886662502193,3,0,0.0,12.098004325171628,0
V265_200_TOP,13.0,2026-04,202604281606,0.24535942241997774,4,0,0.0,12.054413940815861,0
V265_200_TOP,13.0,2026-04,202604282306,0.23956459251013118,4,0,0.0,11.284975570702619,0
V265_200_TOP,13.0,2026-04,202604290306,0.48848750958973264,2,0,0.0,6.274603174603175,0
V265_200_TOP,13.0,2026-04,202604291402,0.2618916236697147,2,0,0.0,16.920240782543264,0
V265_200_TOP,13.0,2026-04,202604291505,0.21387491711142403,2,0,0.0,10.197836538461537,0
V265_200_TOP,13.0,2026-05,202605011707,0.21640657170423983,2,0,0.0,10.46689497716895,0
V265_200_TOP,13.0,2026-05,202605012009,0.2373314416761851,2,0,0.0,8.080538922155688,0
V265_200_TOP,13.0,2026-05,202605020908,0.25111854913341924,2,0,0.0,9.885678391959798,0
V265_200_TOP,13.0,2026-05,202605021103,0.300674986236005,2,1,62160.0,6.268235294117647,1
V265_200_TOP,13.0,2026-05,202605022307,0.29564023551572627,2,0,0.0,3.5517857142857143,0
V265_200_TOP,13.0,2026-05,202605030104,0.28868613696613765,2,0,0.0,6.849097472924187,0
V265_200_TOP,13.0,2026-05,202605030105,0.2766667409364336,2,0,0.0,6.595289855072465,0
V265_200_TOP,13.0,2026-05,202605030608,0.22848893543381715,2,0,0.0,3.897435897435898,0
V265_200_TOP,13.0,2026-05,202605030805,0.24423927840328127,2,1,95360.0,9.537439613526569,1
V265_200_TOP,13.0,2026-05,202605030811,0.2672090271843813,2,0,0.0,8.817567567567567,0
V265_200_TOP,13.0,2026-05,202605031208,0.2605559796897189,2,0,0.0,11.18339552238806,0
V265_200_TOP,13.0,2026-05,202605031702,0.22705049628637414,2,0,0.0,13.006993006993008,0
V265_200_TOP,13.0,2026-05,202605032307,0.2984313188252715,2,0,0.0,7.57125748502994,1
V265_200_TOP,13.0,2026-05,202605040202,0.37107753457819026,2,0,0.0,8.46798866855524,0
V265_200_TOP,13.0,2026-05,202605040403,0.3133255823029444,2,0,0.0,11.167303609341825,0
V265_200_TOP,13.0,2026-05,202605040701,0.215968702965475,2,1,93100.0,9.398936170212767,1
V265_200_TOP,13.0,2026-05,202605040705,0.21876061468771704,2,1,45240.0,4.554973821989528,1
V265_200_TOP,13.0,2026-05,202605040802,0.22195369577515195,2,1,113399.99999999999,11.363924050632912,1
V265_200_TOP,13.0,2026-05,202605040805,0.21246535088711202,2,0,0.0,12.370967741935484,1
V265_200_TOP,13.0,2026-05,202605041410,0.3442781827972313,2,0,0.0,12.67911877394636,1
V265_200_TOP,13.0,2026-05,202605041707,0.2154118737317554,6,0,0.0,13.240232426578824,0
V265_200_TOP,13.0,2026-05,202605042009,0.25749082324113354,2,0,0.0,8.64406779661017,0
V265_200_TOP,13.0,2026-05,202605050202,0.3844358843787299,2,0,0.0,3.988271604938272,0
V265_200_TOP,13.0,2026-05,202605050203,0.2968770815790145,2,0,0.0,7.600638977635782,1
V265_200_TOP,13.0,2026-05,202605050702,0.2626441321526058,2,0,0.0,8.75390625,1
V265_200_TOP,13.0,2026-05,202605050811,0.25864047980271865,2,0,0.0,9.711219512195123,0
V265_200_TOP,13.0,2026-05,202605050904,0.22091880709896472,2,0,0.0,11.029759299781182,0
V265_200_TOP,13.0,2026-05,202605051306,0.28295281647431625,2,0,0.0,8.202216066481995,0
V265_200_TOP,13.0,2026-05,202605051602,0.2849683245786652,6,0,0.0,13.042809271192986,0
V265_200_TOP,13.0,2026-05,202605061105,0.2997814789633233,2,1,114660.0,11.460269865067465,1
V265_200_TOP,13.0,2026-05,202605072406,0.3197648402126908,2,0,0.0,4.800000000000001,1
V265_200_TOP,13.0,2026-05,202605091105,0.20543028535520286,2,0,0.0,14.41440129449838,0
V265_200_TOP,13.0,2026-05,202605091805,0.495964033226154,2,0,0.0,10.699792960662526,0
V265_200_TOP,13.0,2026-05,202605102010,0.30367763477198056,2,0,0.0,4.623404255319148,0
V265_200_TOP,13.0,2026-05,202605110811,0.21745625744989133,2,0,0.0,10.499789029535865,1
V265_200_TOP,13.0,2026-05,202605111110,0.34274577577198384,2,0,0.0,13.501277372262773,1
V265_200_TOP,13.0,2026-05,202605111606,0.2653599856261278,2,1,56950.0,5.721153846153847,1
V265_200_TOP,13.0,2026-05,202605112204,0.21827933689813847,5,0,0.0,12.54967962509321,0
V265_200_TOP,13.0,2026-05,202605112308,0.4040382926725104,2,1,57200.0,5.71551724137931,1
V265_200_TOP,13.0,2026-05,202605130406,0.24843531730965585,2,0,0.0,10.961434977578474,1
V265_200_TOP,13.0,2026-05,202605130408,0.4080002569171399,2,0,0.0,3.78125,1
V265_200_TOP,13.0,2026-05,202605161910,0.22188302786866604,2,0,0.0,6.75,0
V265_200_TOP,13.0,2026-05,202605170608,0.2754512568236596,2,0,0.0,4.120754716981132,0
V265_200_TOP,13.0,2026-05,202605171007,0.28545217216839813,2,0,0.0,7.096830985915493,0
V265_200_TOP,13.0,2026-05,202605172011,0.3239690733710161,2,0,0.0,14.02309468822171,0
V265_200_TOP,13.0,2026-05,202605181406,0.2583038154407522,2,0,0.0,7.748709677419354,1
V265_200_TOP,13.0,2026-05,202605191406,0.3193338229604912,2,0,0.0,11.379310344827585,1
V265_200_TOP,13.0,2026-05,202605191811,0.20530395258555054,2,0,0.0,8.498533724340177,0
V265_200_TOP,13.0,2026-05,202605201505,0.30112605263815306,3,0,0.0,12.643042429170787,1
V265_200_TOP,13.0,2026-05,202605202002,0.41973267461323693,2,0,0.0,9.913647642679901,0
V265_200_TOP,13.0,2026-05,202605210511,0.22437456691192492,2,0,0.0,12.528373015873015,0
V265_200_TOP,13.0,2026-05,202605211905,0.2777971580551421,2,1,100650.0,10.063829787234042,1
V265_200_TOP,13.0,2026-05,202605231808,0.33807797227071584,2,0,0.0,8.795675675675675,1
V265_200_TOP,13.0,2026-05,202605242411,0.26105509977527935,3,0,0.0,11.611890746172701,1
V265_200_TOP,13.0,2026-05,202605251307,0.2855507372097001,2,0,0.0,4.701492537313433,0
V265_200_TOP,13.0,2026-05,202605251704,0.21714667339368487,5,0,0.0,12.516997888493307,0
V265_200_TOP,13.0,2026-05,202605252408,0.22028886491235838,2,0,0.0,12.722393162393162,1
V265_200_TOP,13.0,2026-05,202605261206,0.23246738799103306,2,1,67200.0,6.72,1
V265_200_TOP,13.0,2026-05,202605261705,0.23755147991304756,2,0,0.0,6.335826771653544,0
V265_200_TOP,13.0,2026-05,202605270807,0.24912394209503236,2,0,0.0,13.37609841827768,1
V265_200_TOP,13.0,2026-05,202605270810,0.20666286301183726,2,1,95680.0,9.58159090909091,1
V265_200_TOP,13.0,2026-05,202605271204,0.2833043450219901,2,0,0.0,8.764044943820224,0
V265_200_TOP,13.0,2026-05,202605280204,0.23831043450897083,2,0,0.0,9.139952153110048,0
V265_200_TOP,13.0,2026-05,202605280710,0.20987387544470001,2,0,0.0,13.137546468401487,0
V265_200_TOP,13.0,2026-05,202605281008,0.31262664521551253,3,1,103020.0,10.418279867526808,1
V265_200_TOP,13.0,2026-05,202605281810,0.27052868005204844,2,0,0.0,8.917808219178083,0
V265_200_TOP,13.0,2026-05,202605291807,0.3116436076090989,2,0,0.0,6.151470588235294,0
V265_200_TOP,13.0,2026-05,202605300104,0.24548999316343206,2,0,0.0,6.913636363636364,0
V265_200_TOP,13.0,2026-05,202605300507,0.2077811245776027,2,0,0.0,14.564715719063546,0
V265_200_TOP,13.0,2026-05,202605301108,0.20461168872336113,2,0,0.0,6.776556776556777,1
V265_200_TOP,13.0,2026-05,202605311410,0.23499752672253427,2,0,0.0,8.793767705382438,0
V265_200_TOP,13.0,2026-05,202605312304,0.3937232811955747,2,0,0.0,15.171792152704136,0
V265_200_TOP,13.0,2026-06,202606010506,0.29320736634211025,2,0,0.0,3.788235294117647,0
V265_200_TOP,13.0,2026-06,202606010803,0.31314964431915715,3,0,0.0,13.658363686065325,0
V265_200_TOP,13.0,2026-06,202606010809,0.23375247071560573,9,0,0.0,13.689488831344587,0
V265_200_TOP,13.0,2026-06,202606012402,0.3574816458309847,2,0,0.0,7.068131868131867,0
V265_200_TOP,13.0,2026-06,202606020906,0.3762511919469192,2,0,0.0,5.71551724137931,0
V265_200_TOP,13.0,2026-06,202606021007,0.34304375528897846,2,0,0.0,13.20734908136483,1
V265_200_TOP,13.0,2026-06,202606022307,0.38057841546148685,2,0,0.0,6.739436619718309,0
V265_200_TOP,13.0,2026-06,202606031209,0.21475767658277,2,0,0.0,11.478066914498143,0
V265_200_TOP,13.0,2026-06,202606032109,0.2850071405945,2,0,0.0,8.772164948453609,0
V265_200_TOP,13.0,2026-06,202606040305,0.2491294290468305,2,0,0.0,8.526,1
V265_200_TOP,13.0,2026-06,202606040506,0.41493887066271984,2,1,50960.00000000001,5.092156862745099,1
V265_200_TOP,13.0,2026-06,202606040907,0.21287323928149662,3,0,0.0,12.804543085313156,0
V265_200_TOP,13.0,2026-06,202606041307,0.29814133921391245,2,0,0.0,13.8572695035461,1
V265_200_TOP,13.0,2026-06,202606050305,0.31766365423021903,3,0,0.0,11.34463549869474,0
V265_200_TOP,13.0,2026-06,202606060702,0.22720446463276664,3,0,0.0,8.3017138063279,1
V265_200_TOP,13.0,2026-06,202606060703,0.23780420677269448,2,0,0.0,9.572727272727272,0
V265_200_TOP,13.0,2026-06,202606060802,0.38065112780503957,6,0,0.0,12.784687036790961,0
V265_200_TOP,13.0,2026-06,202606061506,0.2897510743192872,2,0,0.0,8.863259668508288,0
V265_200_TOP,13.0,2026-06,202606070908,0.26816985725552,2,0,0.0,7.315359477124183,1
V265_200_TOP,13.0,2026-06,202606071005,0.3352121384358668,2,0,0.0,4.4224719101123595,0
V265_200_TOP,13.0,2026-06,202606072408,0.20641942082523385,2,0,0.0,7.715076923076923,0
V265_200_TOP,13.0,2026-06,202606080510,0.31413479671276723,2,0,0.0,8.84047619047619,0
V265_200_TOP,13.0,2026-06,202606080910,0.4901605947054319,2,0,0.0,8.3,1
V265_200_TOP,13.0,2026-06,202606100903,0.32907154113657355,3,0,0.0,10.074807707987933,1
V265_200_TOP,13.0,2026-06,202606121108,0.3217253835701251,2,0,0.0,7.666478873239437,0
V265_200_TOP,13.0,2026-06,202606121901,0.33669518199916965,2,0,0.0,11.727272727272727,0
V265_200_TOP,13.0,2026-06,202606122306,0.37559357974174085,3,0,0.0,12.608492591797292,1
V265_200_TOP,13.0,2026-06,202606130609,0.28063208501776443,2,0,0.0,9.481558441558441,0
V265_200_TOP,13.0,2026-06,202606130702,0.23753972627325098,4,0,0.0,12.228582211794254,1
V265_200_TOP,13.0,2026-06,202606132204,0.29935581544010625,3,0,0.0,12.772519329896907,1
V265_200_TOP,13.0,2026-06,202606132307,0.2568866058139974,2,0,0.0,11.532478632478632,0
V265_200_TOP,13.0,2026-06,202606142208,0.2799370038601226,2,0,0.0,4.795024875621891,0
V265_200_TOP,13.0,2026-06,202606150310,0.4749951851701887,2,0,0.0,9.859756097560977,0
V265_200_TOP,13.0,2026-06,202606180205,0.32603575162724846,2,0,0.0,4.699530516431925,0
V265_200_TOP,13.0,2026-06,202606180909,0.25218054710663534,3,0,0.0,14.821041149209073,0
V265_200_TOP,13.0,2026-06,202606190903,0.23868701609885562,2,0,0.0,11.726513569937369,0
V265_200_TOP,13.0,2026-06,202606192107,0.22094090446422104,3,0,0.0,12.620396600566572,0
V265_200_TOP,13.0,2026-06,202606200410,0.2648326953422716,2,0,0.0,10.824776785714286,0
V265_200_TOP,13.0,2026-06,202606200903,0.22314990037910193,4,0,0.0,13.947205722080998,0
V265_200_TOP,13.0,2026-06,202606201709,0.4012750915630333,2,0,0.0,11.668522483940043,1
V265_200_TOP,13.0,2026-06,202606210608,0.2121937866790789,2,0,0.0,8.346518105849583,0
V265_200_TOP,13.0,2026-06,202606210906,0.4393521260267424,2,1,49680.0,4.964634146341463,1
V265_200_TOP,13.0,2026-06,202606222204,0.21452192683514015,4,0,0.0,13.066614746019123,0
V265_200_TOP,13.0,2026-06,202606240605,0.2362699443311223,2,1,112640.00000000001,11.200000000000001,1
V265_200_TOP,13.0,2026-06,202606241207,0.48341206616701254,2,0,0.0,12.55538160469667,1
V265_200_TOP,13.0,2026-06,202606241210,0.2623914317542202,2,0,0.0,8.1865889212828,0
V265_200_TOP,13.0,2026-06,202606252106,0.20951103942239344,2,0,0.0,8.0,1
V265_200_TOP,13.0,2026-06,202606260304,0.23952201298236153,2,0,0.0,12.496237623762376,0
V265_200_TOP,13.0,2026-06,202606260410,0.38125002738754243,3,0,0.0,15.260225648154249,0
V265_200_TOP,13.0,2026-06,202606260705,0.5312371159412936,2,0,0.0,5.211428571428571,1
V265_200_TOP,13.0,2026-06,202606261709,0.2822847065995085,2,0,0.0,12.3,0
V265_200_TOP,13.0,2026-06,202606280205,0.21763903069984297,2,0,0.0,4.680851063829787,0
V265_200_TOP,13.0,2026-06,202606280508,0.40116889007329964,2,0,0.0,10.065777777777779,0
V265_200_TOP,13.0,2026-06,202606281006,0.2436309979302371,7,0,0.0,13.499149817330386,0
V265_200_TOP,13.0,2026-06,202606281008,0.3111095288434435,2,0,0.0,9.617158671586715,0
V265_200_TOP,13.0,2026-06,202606290310,0.2626597486585597,13,0,0.0,12.474645887506886,1
V265_200_TOP,13.0,2026-06,202606290806,0.26694775165681056,2,0,0.0,10.50532212885154,1
V265_200_TOP,13.0,2026-06,202606292011,0.2700034912201163,2,0,0.0,10.499787685774947,0
V265_200_TOP,13.0,2026-06,202606301004,0.22393428575818583,5,0,0.0,11.586700949357489,0
V265_200_TOP,13.0,2026-06,202606302304,0.3985876890146715,2,0,0.0,5.979583333333333,0
V265_200_TOP,13.5,2026-04,202604010110,0.377793166204427,4,0,0.0,15.754822017984177,0
V265_200_TOP,13.5,2026-04,202604010206,0.33657134149149504,2,0,0.0,7.370847457627118,0
V265_200_TOP,13.5,2026-04,202604010603,0.2527008844456851,2,0,0.0,13.618709677419355,1
V265_200_TOP,13.5,2026-04,202604010804,0.34390565109165594,2,0,0.0,7.793823529411765,1
V265_200_TOP,13.5,2026-04,202604020108,0.3839607199427347,2,0,0.0,6.069958847736625,0
V265_200_TOP,13.5,2026-04,202604022209,0.2527599191614724,2,0,0.0,7.392739273927393,0
V265_200_TOP,13.5,2026-04,202604030402,0.5263263210403811,2,0,0.0,7.531353135313531,0
V265_200_TOP,13.5,2026-04,202604031806,0.2561050064638447,2,0,0.0,6.532584269662922,0
V265_200_TOP,13.5,2026-04,202604041505,0.23480429291762125,2,0,0.0,13.501971326164872,0
V265_200_TOP,13.5,2026-04,202604042202,0.3985341855700158,2,0,0.0,6.39375,0
V265_200_TOP,13.5,2026-04,202604052207,0.22213171094118705,2,0,0.0,10.804597701149426,0
V265_200_TOP,13.5,2026-04,202604070808,0.3675713927266906,2,0,0.0,5.27688679245283,0
V265_200_TOP,13.5,2026-04,202604071007,0.2392433670596289,3,0,0.0,13.821727614918823,0
V265_200_TOP,13.5,2026-04,202604072403,0.3727464381534735,2,0,0.0,14.648464163822526,0
V265_200_TOP,13.5,2026-04,202604081111,0.32811911014691947,2,0,0.0,11.932500000000001,0
V265_200_TOP,13.5,2026-04,202604082303,0.2093441220558494,2,0,0.0,9.145161290322582,1
V265_200_TOP,13.5,2026-04,202604082306,0.3288199698932077,2,1,54500.0,5.399537037037037,1
V265_200_TOP,13.5,2026-04,202604090703,0.25903646798236596,2,0,0.0,7.899683544303797,1
V265_200_TOP,13.5,2026-04,202604091506,0.23879741400239188,2,0,0.0,8.8775,0
V265_200_TOP,13.5,2026-04,202604091609,0.23088541587789677,2,0,0.0,12.515630885122409,0
V265_200_TOP,13.5,2026-04,202604100708,0.22756172101458638,2,0,0.0,8.344213649851632,0
V265_200_TOP,13.5,2026-04,202604110709,0.2449272820049662,4,0,0.0,13.688762599435941,0
V265_200_TOP,13.5,2026-04,202604120406,0.267485253680889,6,0,0.0,13.608262513660987,0
V265_200_TOP,13.5,2026-04,202604120608,0.30552317060290146,2,0,0.0,13.373936170212765,0
V265_200_TOP,13.5,2026-04,202604121607,0.25695719777884807,2,0,0.0,12.857142857142858,0
V265_200_TOP,13.5,2026-04,202604130608,0.2850254739530139,2,0,0.0,5.916115702479338,1
V265_200_TOP,13.5,2026-04,202604131606,0.22641989780052002,3,0,0.0,14.523254768835084,0
V265_200_TOP,13.5,2026-04,202604140304,0.31679393798514355,2,0,0.0,4.544623655913979,0
V265_200_TOP,13.5,2026-04,202604150307,0.6312872823020153,2,0,0.0,11.3216796875,0
V265_200_TOP,13.5,2026-04,202604160811,0.21819174962606744,4,0,0.0,13.00777479121656,0
V265_200_TOP,13.5,2026-04,202604160906,0.38625767255553506,2,0,0.0,12.47098976109215,1
V265_200_TOP,13.5,2026-04,202604170305,0.4033681412172072,2,0,0.0,5.5560538116591935,0
V265_200_TOP,13.5,2026-04,202604180305,0.24939438740249972,2,0,0.0,14.497826086956524,1
V265_200_TOP,13.5,2026-04,202604181508,0.2181929496307718,2,0,0.0,6.091463414634146,0
V265_200_TOP,13.5,2026-04,202604190501,0.21366759063068422,4,0,0.0,14.674641461712374,0
V265_200_TOP,13.5,2026-04,202604191006,0.21035358503067644,6,0,0.0,11.542677743659036,0
V265_200_TOP,13.5,2026-04,202604191506,0.2808696629354226,2,0,0.0,4.394886363636363,0
V265_200_TOP,13.5,2026-04,202604210702,0.2624802541515405,2,0,0.0,12.796545105566217,0
V265_200_TOP,13.5,2026-04,202604211109,0.32772574756274536,2,0,0.0,8.955675675675677,0
V265_200_TOP,13.5,2026-04,202604220502,0.23657946574970873,2,0,0.0,5.148058252427185,0
V265_200_TOP,13.5,2026-04,202604230507,0.2367797335050734,2,1,94320.0,9.416625916870416,1
V265_200_TOP,13.5,2026-04,202604231603,0.355229101817504,3,0,0.0,12.320709126163944,0
V265_200_TOP,13.5,2026-04,202604240706,0.2973678365926359,2,0,0.0,4.871794871794871,0
V265_200_TOP,13.5,2026-04,202604242010,0.2245976629400635,3,0,0.0,14.88354600402955,1
V265_200_TOP,13.5,2026-04,202604242308,0.34105335787153984,3,0,0.0,11.19641356122163,0
V265_200_TOP,13.5,2026-04,202604250705,0.2121704080986277,2,0,0.0,15.720789074355084,1
V265_200_TOP,13.5,2026-04,202604250708,0.24841186977418378,2,0,0.0,4.786363636363636,1
V265_200_TOP,13.5,2026-04,202604250711,0.2226176220798299,2,0,0.0,7.0,0
V265_200_TOP,13.5,2026-04,202604250903,0.291733996239991,3,0,0.0,12.136139451790095,0
V265_200_TOP,13.5,2026-04,202604251307,0.3396865332945048,2,0,0.0,14.352,0
V265_200_TOP,13.5,2026-04,202604252307,0.25314642752779926,4,0,0.0,12.999786032742618,1
V265_200_TOP,13.5,2026-04,202604260310,0.4746918303220708,2,0,0.0,11.167857142857143,0
V265_200_TOP,13.5,2026-04,202604270602,0.2246677980083557,7,0,0.0,10.926765939317,1
V265_200_TOP,13.5,2026-04,202604270606,0.36277214003606784,2,0,0.0,9.115777777777778,1
V265_200_TOP,13.5,2026-04,202604271607,0.4168464136024185,2,0,0.0,11.490719696969697,0
V265_200_TOP,13.5,2026-04,202604272402,0.2844805454161108,2,0,0.0,15.294117647058822,0
V265_200_TOP,13.5,2026-04,202604280603,0.39829095436477124,2,0,0.0,4.712,0
V265_200_TOP,13.5,2026-04,202604280606,0.32685062587442065,2,0,0.0,16.09875,1
V265_200_TOP,13.5,2026-04,202604280707,0.22096088159797359,4,1,119520.0,12.049534636316416,1
V265_200_TOP,13.5,2026-04,202604280709,0.20780385835318899,2,1,128310.0,12.668037383177571,1
V265_200_TOP,13.5,2026-04,202604280806,0.21373462230975265,3,0,0.0,11.929790693473043,0
V265_200_TOP,13.5,2026-04,202604281502,0.25784886662502193,3,0,0.0,12.098004325171628,0
V265_200_TOP,13.5,2026-04,202604281606,0.24535942241997774,3,0,0.0,14.825074093084094,0
V265_200_TOP,13.5,2026-04,202604282306,0.23956459251013118,4,0,0.0,11.284975570702619,0
V265_200_TOP,13.5,2026-04,202604290306,0.48848750958973264,2,0,0.0,6.274603174603175,0
V265_200_TOP,13.5,2026-04,202604291402,0.2618916236697147,2,0,0.0,16.920240782543264,0
V265_200_TOP,13.5,2026-04,202604291505,0.21387491711142403,2,0,0.0,10.197836538461537,0
V265_200_TOP,13.5,2026-05,202605011707,0.21640657170423983,2,0,0.0,10.46689497716895,0
V265_200_TOP,13.5,2026-05,202605012009,0.2373314416761851,2,0,0.0,8.080538922155688,0
V265_200_TOP,13.5,2026-05,202605020908,0.25111854913341924,2,0,0.0,9.885678391959798,0
V265_200_TOP,13.5,2026-05,202605021103,0.300674986236005,2,1,62160.0,6.268235294117647,1
V265_200_TOP,13.5,2026-05,202605022307,0.29564023551572627,2,0,0.0,3.5517857142857143,0
V265_200_TOP,13.5,2026-05,202605030104,0.28868613696613765,2,0,0.0,6.849097472924187,0
V265_200_TOP,13.5,2026-05,202605030105,0.2766667409364336,2,0,0.0,6.595289855072465,0
V265_200_TOP,13.5,2026-05,202605030608,0.22848893543381715,2,0,0.0,3.897435897435898,0
V265_200_TOP,13.5,2026-05,202605030805,0.24423927840328127,2,1,95360.0,9.537439613526569,1
V265_200_TOP,13.5,2026-05,202605030811,0.2672090271843813,2,0,0.0,8.817567567567567,0
V265_200_TOP,13.5,2026-05,202605031208,0.2605559796897189,2,0,0.0,11.18339552238806,0
V265_200_TOP,13.5,2026-05,202605031702,0.22705049628637414,2,0,0.0,13.006993006993008,0
V265_200_TOP,13.5,2026-05,202605032307,0.2984313188252715,2,0,0.0,7.57125748502994,1
V265_200_TOP,13.5,2026-05,202605040202,0.37107753457819026,2,0,0.0,8.46798866855524,0
V265_200_TOP,13.5,2026-05,202605040403,0.3133255823029444,2,0,0.0,11.167303609341825,0
V265_200_TOP,13.5,2026-05,202605040701,0.215968702965475,2,1,93100.0,9.398936170212767,1
V265_200_TOP,13.5,2026-05,202605040705,0.21876061468771704,2,1,45240.0,4.554973821989528,1
V265_200_TOP,13.5,2026-05,202605040802,0.22195369577515195,2,1,113399.99999999999,11.363924050632912,1
V265_200_TOP,13.5,2026-05,202605040805,0.21246535088711202,2,0,0.0,12.370967741935484,1
V265_200_TOP,13.5,2026-05,202605041410,0.3442781827972313,2,0,0.0,12.67911877394636,1
V265_200_TOP,13.5,2026-05,202605041707,0.2154118737317554,6,0,0.0,13.240232426578824,0
V265_200_TOP,13.5,2026-05,202605042009,0.25749082324113354,2,0,0.0,8.64406779661017,0
V265_200_TOP,13.5,2026-05,202605050202,0.3844358843787299,2,0,0.0,3.988271604938272,0
V265_200_TOP,13.5,2026-05,202605050203,0.2968770815790145,2,0,0.0,7.600638977635782,1
V265_200_TOP,13.5,2026-05,202605050702,0.2626441321526058,2,0,0.0,8.75390625,1
V265_200_TOP,13.5,2026-05,202605050811,0.25864047980271865,2,0,0.0,9.711219512195123,0
V265_200_TOP,13.5,2026-05,202605050904,0.22091880709896472,2,0,0.0,11.029759299781182,0
V265_200_TOP,13.5,2026-05,202605051306,0.28295281647431625,2,0,0.0,8.202216066481995,0
V265_200_TOP,13.5,2026-05,202605051602,0.2849683245786652,6,0,0.0,13.042809271192986,0
V265_200_TOP,13.5,2026-05,202605061105,0.2997814789633233,2,1,114660.0,11.460269865067465,1
V265_200_TOP,13.5,2026-05,202605072406,0.3197648402126908,2,0,0.0,4.800000000000001,1
V265_200_TOP,13.5,2026-05,202605091105,0.20543028535520286,2,0,0.0,14.41440129449838,0
V265_200_TOP,13.5,2026-05,202605091805,0.495964033226154,2,0,0.0,10.699792960662526,0
V265_200_TOP,13.5,2026-05,202605102010,0.30367763477198056,2,0,0.0,4.623404255319148,0
V265_200_TOP,13.5,2026-05,202605110811,0.21745625744989133,2,0,0.0,10.499789029535865,1
V265_200_TOP,13.5,2026-05,202605111110,0.34274577577198384,2,0,0.0,13.501277372262773,1
V265_200_TOP,13.5,2026-05,202605111606,0.2653599856261278,2,1,56950.0,5.721153846153847,1
V265_200_TOP,13.5,2026-05,202605112204,0.21827933689813847,5,0,0.0,12.54967962509321,0
V265_200_TOP,13.5,2026-05,202605112308,0.4040382926725104,2,1,57200.0,5.71551724137931,1
V265_200_TOP,13.5,2026-05,202605130406,0.24843531730965585,2,0,0.0,10.961434977578474,1
V265_200_TOP,13.5,2026-05,202605130408,0.4080002569171399,2,0,0.0,3.78125,1
V265_200_TOP,13.5,2026-05,202605161910,0.22188302786866604,2,0,0.0,6.75,0
V265_200_TOP,13.5,2026-05,202605170608,0.2754512568236596,2,0,0.0,4.120754716981132,0
V265_200_TOP,13.5,2026-05,202605171007,0.28545217216839813,2,0,0.0,7.096830985915493,0
V265_200_TOP,13.5,2026-05,202605172011,0.3239690733710161,2,0,0.0,14.02309468822171,0
V265_200_TOP,13.5,2026-05,202605181406,0.2583038154407522,2,0,0.0,7.748709677419354,1
V265_200_TOP,13.5,2026-05,202605191406,0.3193338229604912,2,0,0.0,11.379310344827585,1
V265_200_TOP,13.5,2026-05,202605191811,0.20530395258555054,2,0,0.0,8.498533724340177,0
V265_200_TOP,13.5,2026-05,202605201505,0.30112605263815306,3,0,0.0,12.643042429170787,1
V265_200_TOP,13.5,2026-05,202605202002,0.41973267461323693,2,0,0.0,9.913647642679901,0
V265_200_TOP,13.5,2026-05,202605210511,0.22437456691192492,2,0,0.0,12.528373015873015,0
V265_200_TOP,13.5,2026-05,202605211905,0.2777971580551421,2,1,100650.0,10.063829787234042,1
V265_200_TOP,13.5,2026-05,202605231808,0.33807797227071584,2,0,0.0,8.795675675675675,1
V265_200_TOP,13.5,2026-05,202605242411,0.26105509977527935,3,0,0.0,11.611890746172701,1
V265_200_TOP,13.5,2026-05,202605251307,0.2855507372097001,2,0,0.0,4.701492537313433,0
V265_200_TOP,13.5,2026-05,202605251704,0.21714667339368487,5,0,0.0,12.516997888493307,0
V265_200_TOP,13.5,2026-05,202605252408,0.22028886491235838,2,0,0.0,12.722393162393162,1
V265_200_TOP,13.5,2026-05,202605261206,0.23246738799103306,2,1,67200.0,6.72,1
V265_200_TOP,13.5,2026-05,202605261705,0.23755147991304756,2,0,0.0,6.335826771653544,0
V265_200_TOP,13.5,2026-05,202605270807,0.24912394209503236,2,0,0.0,13.37609841827768,1
V265_200_TOP,13.5,2026-05,202605270810,0.20666286301183726,2,1,95680.0,9.58159090909091,1
V265_200_TOP,13.5,2026-05,202605271204,0.2833043450219901,2,0,0.0,8.764044943820224,0
V265_200_TOP,13.5,2026-05,202605280204,0.23831043450897083,2,0,0.0,9.139952153110048,0
V265_200_TOP,13.5,2026-05,202605280710,0.20987387544470001,2,0,0.0,13.137546468401487,0
V265_200_TOP,13.5,2026-05,202605281008,0.31262664521551253,2,0,0.0,15.877593984962404,1
V265_200_TOP,13.5,2026-05,202605281810,0.27052868005204844,2,0,0.0,8.917808219178083,0
V265_200_TOP,13.5,2026-05,202605291807,0.3116436076090989,2,0,0.0,6.151470588235294,0
V265_200_TOP,13.5,2026-05,202605300104,0.24548999316343206,2,0,0.0,6.913636363636364,0
V265_200_TOP,13.5,2026-05,202605300507,0.2077811245776027,2,0,0.0,14.564715719063546,0
V265_200_TOP,13.5,2026-05,202605301108,0.20461168872336113,2,0,0.0,6.776556776556777,1
V265_200_TOP,13.5,2026-05,202605311410,0.23499752672253427,2,0,0.0,8.793767705382438,0
V265_200_TOP,13.5,2026-05,202605312304,0.3937232811955747,2,0,0.0,15.171792152704136,0
V265_200_TOP,13.5,2026-06,202606010506,0.29320736634211025,2,0,0.0,3.788235294117647,0
V265_200_TOP,13.5,2026-06,202606010803,0.31314964431915715,3,0,0.0,13.658363686065325,0
V265_200_TOP,13.5,2026-06,202606010809,0.23375247071560573,9,0,0.0,13.689488831344587,0
V265_200_TOP,13.5,2026-06,202606012402,0.3574816458309847,2,0,0.0,7.068131868131867,0
V265_200_TOP,13.5,2026-06,202606020906,0.3762511919469192,2,0,0.0,5.71551724137931,0
V265_200_TOP,13.5,2026-06,202606021007,0.34304375528897846,2,0,0.0,13.20734908136483,1
V265_200_TOP,13.5,2026-06,202606022307,0.38057841546148685,2,0,0.0,6.739436619718309,0
V265_200_TOP,13.5,2026-06,202606031209,0.21475767658277,2,0,0.0,11.478066914498143,0
V265_200_TOP,13.5,2026-06,202606032109,0.2850071405945,2,0,0.0,8.772164948453609,0
V265_200_TOP,13.5,2026-06,202606040305,0.2491294290468305,2,0,0.0,8.526,1
V265_200_TOP,13.5,2026-06,202606040506,0.41493887066271984,2,1,50960.00000000001,5.092156862745099,1
V265_200_TOP,13.5,2026-06,202606040907,0.21287323928149662,3,0,0.0,12.804543085313156,0
V265_200_TOP,13.5,2026-06,202606041307,0.29814133921391245,2,0,0.0,13.8572695035461,1
V265_200_TOP,13.5,2026-06,202606050305,0.31766365423021903,3,0,0.0,11.34463549869474,0
V265_200_TOP,13.5,2026-06,202606060702,0.22720446463276664,2,0,0.0,17.876,1
V265_200_TOP,13.5,2026-06,202606060703,0.23780420677269448,2,0,0.0,9.572727272727272,0
V265_200_TOP,13.5,2026-06,202606060802,0.38065112780503957,6,0,0.0,12.784687036790961,0
V265_200_TOP,13.5,2026-06,202606061506,0.2897510743192872,2,0,0.0,8.863259668508288,0
V265_200_TOP,13.5,2026-06,202606070908,0.26816985725552,2,0,0.0,7.315359477124183,1
V265_200_TOP,13.5,2026-06,202606071005,0.3352121384358668,2,0,0.0,4.4224719101123595,0
V265_200_TOP,13.5,2026-06,202606072408,0.20641942082523385,2,0,0.0,7.715076923076923,0
V265_200_TOP,13.5,2026-06,202606080510,0.31413479671276723,2,0,0.0,8.84047619047619,0
V265_200_TOP,13.5,2026-06,202606080910,0.4901605947054319,2,0,0.0,8.3,1
V265_200_TOP,13.5,2026-06,202606100903,0.32907154113657355,3,0,0.0,10.074807707987933,1
V265_200_TOP,13.5,2026-06,202606121108,0.3217253835701251,2,0,0.0,7.666478873239437,0
V265_200_TOP,13.5,2026-06,202606121901,0.33669518199916965,2,0,0.0,11.727272727272727,0
V265_200_TOP,13.5,2026-06,202606122306,0.37559357974174085,3,0,0.0,12.608492591797292,1
V265_200_TOP,13.5,2026-06,202606130609,0.28063208501776443,2,0,0.0,9.481558441558441,0
V265_200_TOP,13.5,2026-06,202606130702,0.23753972627325098,4,0,0.0,12.228582211794254,1
V265_200_TOP,13.5,2026-06,202606132204,0.29935581544010625,3,0,0.0,12.772519329896907,1
V265_200_TOP,13.5,2026-06,202606132307,0.2568866058139974,2,0,0.0,11.532478632478632,0
V265_200_TOP,13.5,2026-06,202606142208,0.2799370038601226,2,0,0.0,4.795024875621891,0
V265_200_TOP,13.5,2026-06,202606150310,0.4749951851701887,2,0,0.0,9.859756097560977,0
V265_200_TOP,13.5,2026-06,202606180205,0.32603575162724846,2,0,0.0,4.699530516431925,0
V265_200_TOP,13.5,2026-06,202606180909,0.25218054710663534,3,0,0.0,14.821041149209073,0
V265_200_TOP,13.5,2026-06,202606190903,0.23868701609885562,2,0,0.0,11.726513569937369,0
V265_200_TOP,13.5,2026-06,202606192107,0.22094090446422104,3,0,0.0,12.620396600566572,0
V265_200_TOP,13.5,2026-06,202606200410,0.2648326953422716,2,0,0.0,10.824776785714286,0
V265_200_TOP,13.5,2026-06,202606200903,0.22314990037910193,4,0,0.0,13.947205722080998,0
V265_200_TOP,13.5,2026-06,202606201709,0.4012750915630333,2,0,0.0,11.668522483940043,1
V265_200_TOP,13.5,2026-06,202606210608,0.2121937866790789,2,0,0.0,8.346518105849583,0
V265_200_TOP,13.5,2026-06,202606210906,0.4393521260267424,2,1,49680.0,4.964634146341463,1
V265_200_TOP,13.5,2026-06,202606222204,0.21452192683514015,4,0,0.0,13.066614746019123,0
V265_200_TOP,13.5,2026-06,202606240605,0.2362699443311223,2,1,112640.00000000001,11.200000000000001,1
V265_200_TOP,13.5,2026-06,202606241207,0.48341206616701254,2,0,0.0,12.55538160469667,1
V265_200_TOP,13.5,2026-06,202606241210,0.2623914317542202,2,0,0.0,8.1865889212828,0
V265_200_TOP,13.5,2026-06,202606252106,0.20951103942239344,2,0,0.0,8.0,1
V265_200_TOP,13.5,2026-06,202606260304,0.23952201298236153,2,0,0.0,12.496237623762376,0
V265_200_TOP,13.5,2026-06,202606260410,0.38125002738754243,3,0,0.0,15.260225648154249,0
V265_200_TOP,13.5,2026-06,202606260705,0.5312371159412936,2,0,0.0,5.211428571428571,1
V265_200_TOP,13.5,2026-06,202606261709,0.2822847065995085,2,0,0.0,12.3,0
V265_200_TOP,13.5,2026-06,202606280205,0.21763903069984297,2,0,0.0,4.680851063829787,0
V265_200_TOP,13.5,2026-06,202606280508,0.40116889007329964,2,0,0.0,10.065777777777779,0
V265_200_TOP,13.5,2026-06,202606281006,0.2436309979302371,7,0,0.0,13.499149817330386,0
V265_200_TOP,13.5,2026-06,202606281008,0.3111095288434435,2,0,0.0,9.617158671586715,0
V265_200_TOP,13.5,2026-06,202606290310,0.2626597486585597,13,0,0.0,12.474645887506886,1
V265_200_TOP,13.5,2026-06,202606290806,0.26694775165681056,2,0,0.0,10.50532212885154,1
V265_200_TOP,13.5,2026-06,202606292011,0.2700034912201163,2,0,0.0,10.499787685774947,0
V265_200_TOP,13.5,2026-06,202606301004,0.22393428575818583,4,0,0.0,14.707866771392625,0
V265_200_TOP,13.5,2026-06,202606302304,0.3985876890146715,2,0,0.0,5.979583333333333,0
V265_200_TOP,14.0,2026-04,202604010110,0.377793166204427,4,0,0.0,15.754822017984177,0
V265_200_TOP,14.0,2026-04,202604010206,0.33657134149149504,2,0,0.0,7.370847457627118,0
V265_200_TOP,14.0,2026-04,202604010603,0.2527008844456851,2,0,0.0,13.618709677419355,1
V265_200_TOP,14.0,2026-04,202604010804,0.34390565109165594,2,0,0.0,7.793823529411765,1
V265_200_TOP,14.0,2026-04,202604020108,0.3839607199427347,2,0,0.0,6.069958847736625,0
V265_200_TOP,14.0,2026-04,202604022209,0.2527599191614724,2,0,0.0,7.392739273927393,0
V265_200_TOP,14.0,2026-04,202604030402,0.5263263210403811,2,0,0.0,7.531353135313531,0
V265_200_TOP,14.0,2026-04,202604031806,0.2561050064638447,2,0,0.0,6.532584269662922,0
V265_200_TOP,14.0,2026-04,202604041505,0.23480429291762125,2,0,0.0,13.501971326164872,0
V265_200_TOP,14.0,2026-04,202604042202,0.3985341855700158,2,0,0.0,6.39375,0
V265_200_TOP,14.0,2026-04,202604052207,0.22213171094118705,2,0,0.0,10.804597701149426,0
V265_200_TOP,14.0,2026-04,202604070808,0.3675713927266906,2,0,0.0,5.27688679245283,0
V265_200_TOP,14.0,2026-04,202604071007,0.2392433670596289,3,0,0.0,13.821727614918823,0
V265_200_TOP,14.0,2026-04,202604072403,0.3727464381534735,2,0,0.0,14.648464163822526,0
V265_200_TOP,14.0,2026-04,202604081111,0.32811911014691947,2,0,0.0,11.932500000000001,0
V265_200_TOP,14.0,2026-04,202604082303,0.2093441220558494,2,0,0.0,9.145161290322582,1
V265_200_TOP,14.0,2026-04,202604082306,0.3288199698932077,2,1,54500.0,5.399537037037037,1
V265_200_TOP,14.0,2026-04,202604090703,0.25903646798236596,2,0,0.0,7.899683544303797,1
V265_200_TOP,14.0,2026-04,202604091506,0.23879741400239188,2,0,0.0,8.8775,0
V265_200_TOP,14.0,2026-04,202604091609,0.23088541587789677,2,0,0.0,12.515630885122409,0
V265_200_TOP,14.0,2026-04,202604100708,0.22756172101458638,2,0,0.0,8.344213649851632,0
V265_200_TOP,14.0,2026-04,202604110709,0.2449272820049662,4,0,0.0,13.688762599435941,0
V265_200_TOP,14.0,2026-04,202604120406,0.267485253680889,6,0,0.0,13.608262513660987,0
V265_200_TOP,14.0,2026-04,202604120608,0.30552317060290146,2,0,0.0,13.373936170212765,0
V265_200_TOP,14.0,2026-04,202604121607,0.25695719777884807,2,0,0.0,12.857142857142858,0
V265_200_TOP,14.0,2026-04,202604130608,0.2850254739530139,2,0,0.0,5.916115702479338,1
V265_200_TOP,14.0,2026-04,202604131606,0.22641989780052002,3,0,0.0,14.523254768835084,0
V265_200_TOP,14.0,2026-04,202604140304,0.31679393798514355,2,0,0.0,4.544623655913979,0
V265_200_TOP,14.0,2026-04,202604150307,0.6312872823020153,2,0,0.0,11.3216796875,0
V265_200_TOP,14.0,2026-04,202604160811,0.21819174962606744,4,0,0.0,13.00777479121656,0
V265_200_TOP,14.0,2026-04,202604160906,0.38625767255553506,2,0,0.0,12.47098976109215,1
V265_200_TOP,14.0,2026-04,202604170305,0.4033681412172072,2,0,0.0,5.5560538116591935,0
V265_200_TOP,14.0,2026-04,202604180305,0.24939438740249972,2,0,0.0,14.497826086956524,1
V265_200_TOP,14.0,2026-04,202604181508,0.2181929496307718,2,0,0.0,6.091463414634146,0
V265_200_TOP,14.0,2026-04,202604190501,0.21366759063068422,4,0,0.0,14.674641461712374,0
V265_200_TOP,14.0,2026-04,202604191006,0.21035358503067644,5,0,0.0,15.524867605512393,0
V265_200_TOP,14.0,2026-04,202604191506,0.2808696629354226,2,0,0.0,4.394886363636363,0
V265_200_TOP,14.0,2026-04,202604210702,0.2624802541515405,2,0,0.0,12.796545105566217,0
V265_200_TOP,14.0,2026-04,202604211109,0.32772574756274536,2,0,0.0,8.955675675675677,0
V265_200_TOP,14.0,2026-04,202604220502,0.23657946574970873,2,0,0.0,5.148058252427185,0
V265_200_TOP,14.0,2026-04,202604230507,0.2367797335050734,2,1,94320.0,9.416625916870416,1
V265_200_TOP,14.0,2026-04,202604231603,0.355229101817504,3,0,0.0,12.320709126163944,0
V265_200_TOP,14.0,2026-04,202604240706,0.2973678365926359,2,0,0.0,4.871794871794871,0
V265_200_TOP,14.0,2026-04,202604242010,0.2245976629400635,3,0,0.0,14.88354600402955,1
V265_200_TOP,14.0,2026-04,202604242308,0.34105335787153984,3,0,0.0,11.19641356122163,0
V265_200_TOP,14.0,2026-04,202604250705,0.2121704080986277,2,0,0.0,15.720789074355084,1
V265_200_TOP,14.0,2026-04,202604250708,0.24841186977418378,2,0,0.0,4.786363636363636,1
V265_200_TOP,14.0,2026-04,202604250711,0.2226176220798299,2,0,0.0,7.0,0
V265_200_TOP,14.0,2026-04,202604250903,0.291733996239991,3,0,0.0,12.136139451790095,0
V265_200_TOP,14.0,2026-04,202604251307,0.3396865332945048,2,0,0.0,14.352,0
V265_200_TOP,14.0,2026-04,202604252307,0.25314642752779926,3,0,0.0,14.289817795128357,1
V265_200_TOP,14.0,2026-04,202604260310,0.4746918303220708,2,0,0.0,11.167857142857143,0
V265_200_TOP,14.0,2026-04,202604270602,0.2246677980083557,6,0,0.0,16.239495454358128,1
V265_200_TOP,14.0,2026-04,202604270606,0.36277214003606784,2,0,0.0,9.115777777777778,1
V265_200_TOP,14.0,2026-04,202604271607,0.4168464136024185,2,0,0.0,11.490719696969697,0
V265_200_TOP,14.0,2026-04,202604272402,0.2844805454161108,2,0,0.0,15.294117647058822,0
V265_200_TOP,14.0,2026-04,202604280603,0.39829095436477124,2,0,0.0,4.712,0
V265_200_TOP,14.0,2026-04,202604280606,0.32685062587442065,2,0,0.0,16.09875,1
V265_200_TOP,14.0,2026-04,202604280707,0.22096088159797359,4,1,119520.0,12.049534636316416,1
V265_200_TOP,14.0,2026-04,202604280709,0.20780385835318899,2,1,128310.0,12.668037383177571,1
V265_200_TOP,14.0,2026-04,202604280806,0.21373462230975265,2,0,0.0,15.687887323943663,0
V265_200_TOP,14.0,2026-04,202604281502,0.25784886662502193,3,0,0.0,12.098004325171628,0
V265_200_TOP,14.0,2026-04,202604281606,0.24535942241997774,3,0,0.0,14.825074093084094,0
V265_200_TOP,14.0,2026-04,202604282306,0.23956459251013118,4,0,0.0,11.284975570702619,0
V265_200_TOP,14.0,2026-04,202604290306,0.48848750958973264,2,0,0.0,6.274603174603175,0
V265_200_TOP,14.0,2026-04,202604291402,0.2618916236697147,2,0,0.0,16.920240782543264,0
V265_200_TOP,14.0,2026-04,202604291505,0.21387491711142403,2,0,0.0,10.197836538461537,0
V265_200_TOP,14.0,2026-05,202605011707,0.21640657170423983,2,0,0.0,10.46689497716895,0
V265_200_TOP,14.0,2026-05,202605012009,0.2373314416761851,2,0,0.0,8.080538922155688,0
V265_200_TOP,14.0,2026-05,202605020908,0.25111854913341924,2,0,0.0,9.885678391959798,0
V265_200_TOP,14.0,2026-05,202605021103,0.300674986236005,2,1,62160.0,6.268235294117647,1
V265_200_TOP,14.0,2026-05,202605022307,0.29564023551572627,2,0,0.0,3.5517857142857143,0
V265_200_TOP,14.0,2026-05,202605030104,0.28868613696613765,2,0,0.0,6.849097472924187,0
V265_200_TOP,14.0,2026-05,202605030105,0.2766667409364336,2,0,0.0,6.595289855072465,0
V265_200_TOP,14.0,2026-05,202605030608,0.22848893543381715,2,0,0.0,3.897435897435898,0
V265_200_TOP,14.0,2026-05,202605030805,0.24423927840328127,2,1,95360.0,9.537439613526569,1
V265_200_TOP,14.0,2026-05,202605030811,0.2672090271843813,2,0,0.0,8.817567567567567,0
V265_200_TOP,14.0,2026-05,202605031208,0.2605559796897189,2,0,0.0,11.18339552238806,0
V265_200_TOP,14.0,2026-05,202605031702,0.22705049628637414,2,0,0.0,13.006993006993008,0
V265_200_TOP,14.0,2026-05,202605032307,0.2984313188252715,2,0,0.0,7.57125748502994,1
V265_200_TOP,14.0,2026-05,202605040202,0.37107753457819026,2,0,0.0,8.46798866855524,0
V265_200_TOP,14.0,2026-05,202605040403,0.3133255823029444,2,0,0.0,11.167303609341825,0
V265_200_TOP,14.0,2026-05,202605040701,0.215968702965475,2,1,93100.0,9.398936170212767,1
V265_200_TOP,14.0,2026-05,202605040705,0.21876061468771704,2,1,45240.0,4.554973821989528,1
V265_200_TOP,14.0,2026-05,202605040802,0.22195369577515195,2,1,113399.99999999999,11.363924050632912,1
V265_200_TOP,14.0,2026-05,202605040805,0.21246535088711202,2,0,0.0,12.370967741935484,1
V265_200_TOP,14.0,2026-05,202605041410,0.3442781827972313,2,0,0.0,12.67911877394636,1
V265_200_TOP,14.0,2026-05,202605041707,0.2154118737317554,6,0,0.0,13.240232426578824,0
V265_200_TOP,14.0,2026-05,202605042009,0.25749082324113354,2,0,0.0,8.64406779661017,0
V265_200_TOP,14.0,2026-05,202605050202,0.3844358843787299,2,0,0.0,3.988271604938272,0
V265_200_TOP,14.0,2026-05,202605050203,0.2968770815790145,2,0,0.0,7.600638977635782,1
V265_200_TOP,14.0,2026-05,202605050702,0.2626441321526058,2,0,0.0,8.75390625,1
V265_200_TOP,14.0,2026-05,202605050811,0.25864047980271865,2,0,0.0,9.711219512195123,0
V265_200_TOP,14.0,2026-05,202605050904,0.22091880709896472,2,0,0.0,11.029759299781182,0
V265_200_TOP,14.0,2026-05,202605051306,0.28295281647431625,2,0,0.0,8.202216066481995,0
V265_200_TOP,14.0,2026-05,202605051602,0.2849683245786652,6,0,0.0,13.042809271192986,0
V265_200_TOP,14.0,2026-05,202605061105,0.2997814789633233,2,1,114660.0,11.460269865067465,1
V265_200_TOP,14.0,2026-05,202605072406,0.3197648402126908,2,0,0.0,4.800000000000001,1
V265_200_TOP,14.0,2026-05,202605091105,0.20543028535520286,2,0,0.0,14.41440129449838,0
V265_200_TOP,14.0,2026-05,202605091805,0.495964033226154,2,0,0.0,10.699792960662526,0
V265_200_TOP,14.0,2026-05,202605102010,0.30367763477198056,2,0,0.0,4.623404255319148,0
V265_200_TOP,14.0,2026-05,202605110811,0.21745625744989133,2,0,0.0,10.499789029535865,1
V265_200_TOP,14.0,2026-05,202605111110,0.34274577577198384,2,0,0.0,13.501277372262773,1
V265_200_TOP,14.0,2026-05,202605111606,0.2653599856261278,2,1,56950.0,5.721153846153847,1
V265_200_TOP,14.0,2026-05,202605112204,0.21827933689813847,4,0,0.0,14.623330636900059,0
V265_200_TOP,14.0,2026-05,202605112308,0.4040382926725104,2,1,57200.0,5.71551724137931,1
V265_200_TOP,14.0,2026-05,202605130406,0.24843531730965585,2,0,0.0,10.961434977578474,1
V265_200_TOP,14.0,2026-05,202605130408,0.4080002569171399,2,0,0.0,3.78125,1
V265_200_TOP,14.0,2026-05,202605161910,0.22188302786866604,2,0,0.0,6.75,0
V265_200_TOP,14.0,2026-05,202605170608,0.2754512568236596,2,0,0.0,4.120754716981132,0
V265_200_TOP,14.0,2026-05,202605171007,0.28545217216839813,2,0,0.0,7.096830985915493,0
V265_200_TOP,14.0,2026-05,202605172011,0.3239690733710161,2,0,0.0,14.02309468822171,0
V265_200_TOP,14.0,2026-05,202605181406,0.2583038154407522,2,0,0.0,7.748709677419354,1
V265_200_TOP,14.0,2026-05,202605191406,0.3193338229604912,2,0,0.0,11.379310344827585,1
V265_200_TOP,14.0,2026-05,202605191811,0.20530395258555054,2,0,0.0,8.498533724340177,0
V265_200_TOP,14.0,2026-05,202605201505,0.30112605263815306,3,0,0.0,12.643042429170787,1
V265_200_TOP,14.0,2026-05,202605202002,0.41973267461323693,2,0,0.0,9.913647642679901,0
V265_200_TOP,14.0,2026-05,202605210511,0.22437456691192492,2,0,0.0,12.528373015873015,0
V265_200_TOP,14.0,2026-05,202605211905,0.2777971580551421,2,1,100650.0,10.063829787234042,1
V265_200_TOP,14.0,2026-05,202605231808,0.33807797227071584,2,0,0.0,8.795675675675675,1
V265_200_TOP,14.0,2026-05,202605242411,0.26105509977527935,3,0,0.0,11.611890746172701,1
V265_200_TOP,14.0,2026-05,202605251307,0.2855507372097001,2,0,0.0,4.701492537313433,0
V265_200_TOP,14.0,2026-05,202605251704,0.21714667339368487,5,0,0.0,12.516997888493307,0
V265_200_TOP,14.0,2026-05,202605252408,0.22028886491235838,2,0,0.0,12.722393162393162,1
V265_200_TOP,14.0,2026-05,202605261206,0.23246738799103306,2,1,67200.0,6.72,1
V265_200_TOP,14.0,2026-05,202605261705,0.23755147991304756,2,0,0.0,6.335826771653544,0
V265_200_TOP,14.0,2026-05,202605270807,0.24912394209503236,2,0,0.0,13.37609841827768,1
V265_200_TOP,14.0,2026-05,202605270810,0.20666286301183726,2,1,95680.0,9.58159090909091,1
V265_200_TOP,14.0,2026-05,202605271204,0.2833043450219901,2,0,0.0,8.764044943820224,0
V265_200_TOP,14.0,2026-05,202605280204,0.23831043450897083,2,0,0.0,9.139952153110048,0
V265_200_TOP,14.0,2026-05,202605280710,0.20987387544470001,2,0,0.0,13.137546468401487,0
V265_200_TOP,14.0,2026-05,202605281008,0.31262664521551253,2,0,0.0,15.877593984962404,1
V265_200_TOP,14.0,2026-05,202605281810,0.27052868005204844,2,0,0.0,8.917808219178083,0
V265_200_TOP,14.0,2026-05,202605291807,0.3116436076090989,2,0,0.0,6.151470588235294,0
V265_200_TOP,14.0,2026-05,202605300104,0.24548999316343206,2,0,0.0,6.913636363636364,0
V265_200_TOP,14.0,2026-05,202605300507,0.2077811245776027,2,0,0.0,14.564715719063546,0
V265_200_TOP,14.0,2026-05,202605301108,0.20461168872336113,2,0,0.0,6.776556776556777,1
V265_200_TOP,14.0,2026-05,202605311410,0.23499752672253427,2,0,0.0,8.793767705382438,0
V265_200_TOP,14.0,2026-05,202605312304,0.3937232811955747,2,0,0.0,15.171792152704136,0
V265_200_TOP,14.0,2026-06,202606010506,0.29320736634211025,2,0,0.0,3.788235294117647,0
V265_200_TOP,14.0,2026-06,202606010803,0.31314964431915715,3,0,0.0,13.658363686065325,0
V265_200_TOP,14.0,2026-06,202606010809,0.23375247071560573,8,0,0.0,13.83631995341371,0
V265_200_TOP,14.0,2026-06,202606012402,0.3574816458309847,2,0,0.0,7.068131868131867,0
V265_200_TOP,14.0,2026-06,202606020906,0.3762511919469192,2,0,0.0,5.71551724137931,0
V265_200_TOP,14.0,2026-06,202606021007,0.34304375528897846,2,0,0.0,13.20734908136483,1
V265_200_TOP,14.0,2026-06,202606022307,0.38057841546148685,2,0,0.0,6.739436619718309,0
V265_200_TOP,14.0,2026-06,202606031209,0.21475767658277,2,0,0.0,11.478066914498143,0
V265_200_TOP,14.0,2026-06,202606032109,0.2850071405945,2,0,0.0,8.772164948453609,0
V265_200_TOP,14.0,2026-06,202606040305,0.2491294290468305,2,0,0.0,8.526,1
V265_200_TOP,14.0,2026-06,202606040506,0.41493887066271984,2,1,50960.00000000001,5.092156862745099,1
V265_200_TOP,14.0,2026-06,202606040907,0.21287323928149662,2,0,0.0,15.041466498103665,0
V265_200_TOP,14.0,2026-06,202606041307,0.29814133921391245,2,0,0.0,13.8572695035461,1
V265_200_TOP,14.0,2026-06,202606050305,0.31766365423021903,2,0,0.0,16.40057388809182,0
V265_200_TOP,14.0,2026-06,202606060702,0.22720446463276664,2,0,0.0,17.876,1
V265_200_TOP,14.0,2026-06,202606060703,0.23780420677269448,2,0,0.0,9.572727272727272,0
V265_200_TOP,14.0,2026-06,202606060802,0.38065112780503957,6,0,0.0,12.784687036790961,0
V265_200_TOP,14.0,2026-06,202606061506,0.2897510743192872,2,0,0.0,8.863259668508288,0
V265_200_TOP,14.0,2026-06,202606070908,0.26816985725552,2,0,0.0,7.315359477124183,1
V265_200_TOP,14.0,2026-06,202606071005,0.3352121384358668,2,0,0.0,4.4224719101123595,0
V265_200_TOP,14.0,2026-06,202606072408,0.20641942082523385,2,0,0.0,7.715076923076923,0
V265_200_TOP,14.0,2026-06,202606080510,0.31413479671276723,2,0,0.0,8.84047619047619,0
V265_200_TOP,14.0,2026-06,202606080910,0.4901605947054319,2,0,0.0,8.3,1
V265_200_TOP,14.0,2026-06,202606100903,0.32907154113657355,3,0,0.0,10.074807707987933,1
V265_200_TOP,14.0,2026-06,202606121108,0.3217253835701251,2,0,0.0,7.666478873239437,0
V265_200_TOP,14.0,2026-06,202606121901,0.33669518199916965,2,0,0.0,11.727272727272727,0
V265_200_TOP,14.0,2026-06,202606122306,0.37559357974174085,3,0,0.0,12.608492591797292,1
V265_200_TOP,14.0,2026-06,202606130609,0.28063208501776443,2,0,0.0,9.481558441558441,0
V265_200_TOP,14.0,2026-06,202606130702,0.23753972627325098,3,0,0.0,15.467343984208563,1
V265_200_TOP,14.0,2026-06,202606132204,0.29935581544010625,3,0,0.0,12.772519329896907,1
V265_200_TOP,14.0,2026-06,202606132307,0.2568866058139974,2,0,0.0,11.532478632478632,0
V265_200_TOP,14.0,2026-06,202606142208,0.2799370038601226,2,0,0.0,4.795024875621891,0
V265_200_TOP,14.0,2026-06,202606150310,0.4749951851701887,2,0,0.0,9.859756097560977,0
V265_200_TOP,14.0,2026-06,202606180205,0.32603575162724846,2,0,0.0,4.699530516431925,0
V265_200_TOP,14.0,2026-06,202606180909,0.25218054710663534,3,0,0.0,14.821041149209073,0
V265_200_TOP,14.0,2026-06,202606190903,0.23868701609885562,2,0,0.0,11.726513569937369,0
V265_200_TOP,14.0,2026-06,202606192107,0.22094090446422104,3,0,0.0,12.620396600566572,0
V265_200_TOP,14.0,2026-06,202606200410,0.2648326953422716,2,0,0.0,10.824776785714286,0
V265_200_TOP,14.0,2026-06,202606200903,0.22314990037910193,4,0,0.0,13.947205722080998,0
V265_200_TOP,14.0,2026-06,202606201709,0.4012750915630333,2,0,0.0,11.668522483940043,1
V265_200_TOP,14.0,2026-06,202606210608,0.2121937866790789,2,0,0.0,8.346518105849583,0
V265_200_TOP,14.0,2026-06,202606210906,0.4393521260267424,2,1,49680.0,4.964634146341463,1
V265_200_TOP,14.0,2026-06,202606222204,0.21452192683514015,4,0,0.0,13.066614746019123,0
V265_200_TOP,14.0,2026-06,202606240605,0.2362699443311223,2,1,112640.00000000001,11.200000000000001,1
V265_200_TOP,14.0,2026-06,202606241207,0.48341206616701254,2,0,0.0,12.55538160469667,1
V265_200_TOP,14.0,2026-06,202606241210,0.2623914317542202,2,0,0.0,8.1865889212828,0
V265_200_TOP,14.0,2026-06,202606252106,0.20951103942239344,2,0,0.0,8.0,1
V265_200_TOP,14.0,2026-06,202606260304,0.23952201298236153,2,0,0.0,12.496237623762376,0
V265_200_TOP,14.0,2026-06,202606260410,0.38125002738754243,3,0,0.0,15.260225648154249,0
V265_200_TOP,14.0,2026-06,202606260705,0.5312371159412936,2,0,0.0,5.211428571428571,1
V265_200_TOP,14.0,2026-06,202606261709,0.2822847065995085,2,0,0.0,12.3,0
V265_200_TOP,14.0,2026-06,202606280205,0.21763903069984297,2,0,0.0,4.680851063829787,0
V265_200_TOP,14.0,2026-06,202606280508,0.40116889007329964,2,0,0.0,10.065777777777779,0
V265_200_TOP,14.0,2026-06,202606281006,0.2436309979302371,7,0,0.0,13.499149817330386,0
V265_200_TOP,14.0,2026-06,202606281008,0.3111095288434435,2,0,0.0,9.617158671586715,0
V265_200_TOP,14.0,2026-06,202606290310,0.2626597486585597,13,0,0.0,12.474645887506886,1
V265_200_TOP,14.0,2026-06,202606290806,0.26694775165681056,2,0,0.0,10.50532212885154,1
V265_200_TOP,14.0,2026-06,202606292011,0.2700034912201163,2,0,0.0,10.499787685774947,0
V265_200_TOP,14.0,2026-06,202606301004,0.22393428575818583,4,0,0.0,14.707866771392625,0
V265_200_TOP,14.0,2026-06,202606302304,0.3985876890146715,2,0,0.0,5.979583333333333,0
V265_150_TOP,7.0,2026-04,202604010110,0.3362295879131521,10,0,0.0,6.621542990706436,0
V265_150_TOP,7.0,2026-04,202604010206,0.33214018162072423,2,0,0.0,7.370847457627118,0
V265_150_TOP,7.0,2026-04,202604010603,0.2609591127615143,4,0,0.0,6.369206424677222,1
V265_150_TOP,7.0,2026-04,202604010804,0.3468489514909023,3,0,0.0,6.312047008516348,1
V265_150_TOP,7.0,2026-04,202604020108,0.4070439189785264,2,0,0.0,6.069958847736625,0
V265_150_TOP,7.0,2026-04,202604022209,0.2755935637859709,3,0,0.0,6.8005735802636895,0
V265_150_TOP,7.0,2026-04,202604030402,0.48937395159720765,2,0,0.0,7.531353135313531,0
V265_150_TOP,7.0,2026-04,202604031806,0.287423792554616,2,0,0.0,6.532584269662922,0
V265_150_TOP,7.0,2026-04,202604042202,0.4880670097925171,2,0,0.0,6.39375,0
V265_150_TOP,7.0,2026-04,202604052207,0.2416130536111222,3,0,0.0,8.734920117378547,0
V265_150_TOP,7.0,2026-04,202604070808,0.38058106631389443,2,0,0.0,5.27688679245283,0
V265_150_TOP,7.0,2026-04,202604071007,0.24333976062105006,5,0,0.0,7.323743167187085,0
V265_150_TOP,7.0,2026-04,202604072403,0.40112025911238636,4,0,0.0,5.635766920167453,0
V265_150_TOP,7.0,2026-04,202604081111,0.27394923637944474,5,0,0.0,6.420051051236147,0
V265_150_TOP,7.0,2026-04,202604082306,0.3161619638251451,2,1,54500.0,5.399537037037037,1
V265_150_TOP,7.0,2026-04,202604090703,0.29607193225057943,2,0,0.0,7.899683544303797,1
V265_150_TOP,7.0,2026-04,202604120406,0.2426947482399163,20,0,0.0,8.014512848818613,0
V265_150_TOP,7.0,2026-04,202604120608,0.2641659660236303,4,0,0.0,6.078157339961098,0
V265_150_TOP,7.0,2026-04,202604121607,0.24832183221463933,5,0,0.0,6.582114336106131,0
V265_150_TOP,7.0,2026-04,202604130608,0.24320950647373815,2,0,0.0,5.916115702479338,1
V265_150_TOP,7.0,2026-04,202604140304,0.3100778813201366,2,0,0.0,4.544623655913979,0
V265_150_TOP,7.0,2026-04,202604150307,0.593318392368867,3,0,0.0,5.253013140009061,0
V265_150_TOP,7.0,2026-04,202604160906,0.35225612672503215,7,0,0.0,7.382995559348461,1
V265_150_TOP,7.0,2026-04,202604170305,0.357939654795687,2,0,0.0,5.5560538116591935,0
V265_150_TOP,7.0,2026-04,202604180305,0.25492083050148273,6,0,0.0,7.210740151209254,1
V265_150_TOP,7.0,2026-04,202604190703,0.2437447591318216,2,0,0.0,6.153024911032029,0
V265_150_TOP,7.0,2026-04,202604191506,0.29678605281374837,2,0,0.0,4.394886363636363,0
V265_150_TOP,7.0,2026-04,202604210702,0.26076238248617817,3,0,0.0,8.358417736993513,0
V265_150_TOP,7.0,2026-04,202604211109,0.3090936507909546,4,0,0.0,6.570006019831536,0
V265_150_TOP,7.0,2026-04,202604221103,0.25063430956798277,5,0,0.0,7.355320718331719,1
V265_150_TOP,7.0,2026-04,202604230507,0.2559352279327435,4,1,62880.0,6.327833278714931,1
V265_150_TOP,7.0,2026-04,202604231603,0.32365934870317803,5,0,0.0,6.9622209026612865,0
V265_150_TOP,7.0,2026-04,202604240706,0.32728775135432353,2,0,0.0,4.871794871794871,0
V265_150_TOP,7.0,2026-04,202604242308,0.38885571343152375,4,0,0.0,6.702657532017641,0
V265_150_TOP,7.0,2026-04,202604250708,0.27094714348642746,2,0,0.0,4.786363636363636,1
V265_150_TOP,7.0,2026-04,202604250903,0.3091599966321962,5,0,0.0,6.740752854784208,0
V265_150_TOP,7.0,2026-04,202604251307,0.34537629783734936,4,0,0.0,6.97090020804775,0
V265_150_TOP,7.0,2026-04,202604252307,0.27914210241591064,6,0,0.0,7.584312201481032,1
V265_150_TOP,7.0,2026-04,202604260310,0.4493967679409928,3,0,0.0,7.580606060606061,0
V265_150_TOP,7.0,2026-04,202604270606,0.30847001967163723,3,0,0.0,5.6118908181145235,1
V265_150_TOP,7.0,2026-04,202604271607,0.3809196445792722,4,0,0.0,7.201452189761502,0
V265_150_TOP,7.0,2026-04,202604272402,0.2672130500713039,5,0,0.0,7.6637204107201855,0
V265_150_TOP,7.0,2026-04,202604280603,0.3962156158883456,2,0,0.0,4.712,0
V265_150_TOP,7.0,2026-04,202604280606,0.30825676584573025,6,1,72500.0,7.100924282208626,1
V265_150_TOP,7.0,2026-04,202604281502,0.26526396999897645,7,0,0.0,6.507551394076002,0
V265_150_TOP,7.0,2026-04,202604281606,0.25152737307782036,7,0,0.0,7.507560931962644,0
V265_150_TOP,7.0,2026-04,202604290306,0.49265548432403744,2,0,0.0,6.274603174603175,0
V265_150_TOP,7.0,2026-04,202604291402,0.2666358596270563,3,0,0.0,7.570394379556842,0
V265_150_TOP,7.0,2026-05,202605021103,0.3072452374968523,2,1,62160.0,6.268235294117647,1
V265_150_TOP,7.0,2026-05,202605022307,0.34170870197982584,2,0,0.0,3.5517857142857143,0
V265_150_TOP,7.0,2026-05,202605030104,0.2872839999062184,2,0,0.0,6.849097472924187,0
V265_150_TOP,7.0,2026-05,202605030105,0.2831216910479071,2,0,0.0,6.595289855072465,0
V265_150_TOP,7.0,2026-05,202605030805,0.24374495981363578,3,1,67050.0,6.733187629848612,1
V265_150_TOP,7.0,2026-05,202605030811,0.27686272109708754,4,0,0.0,6.628197599472916,0
V265_150_TOP,7.0,2026-05,202605031208,0.2678317107188303,3,0,0.0,6.681845835655625,0
V265_150_TOP,7.0,2026-05,202605032307,0.31544784052996705,2,0,0.0,7.57125748502994,1
V265_150_TOP,7.0,2026-05,202605040202,0.37601386873550596,3,0,0.0,6.272970394907993,0
V265_150_TOP,7.0,2026-05,202605040403,0.30887777183407106,3,0,0.0,7.384505010433035,0
V265_150_TOP,7.0,2026-05,202605040701,0.24814357428661404,3,1,72200.0,7.280416868637906,1
V265_150_TOP,7.0,2026-05,202605041410,0.3140222197932346,5,0,0.0,7.518446633804893,1
V265_150_TOP,7.0,2026-05,202605042009,0.25886728037214946,3,0,0.0,5.536444381784858,0
V265_150_TOP,7.0,2026-05,202605050202,0.4373883697872649,2,0,0.0,3.988271604938272,0
V265_150_TOP,7.0,2026-05,202605050203,0.30868866808808765,2,0,0.0,7.600638977635782,1
V265_150_TOP,7.0,2026-05,202605050702,0.2827302596497819,3,0,0.0,7.089967599111096,1
V265_150_TOP,7.0,2026-05,202605050811,0.24911491615668602,3,0,0.0,8.183008189205426,0
V265_150_TOP,7.0,2026-05,202605051306,0.310707097576146,4,0,0.0,6.629424710374639,0
V265_150_TOP,7.0,2026-05,202605051602,0.38232108311498536,18,0,0.0,7.033461106059609,0
V265_150_TOP,7.0,2026-05,202605061105,0.2590149906132913,4,1,66150.0,6.609369862346402,1
V265_150_TOP,7.0,2026-05,202605072406,0.30619859226561064,2,0,0.0,4.800000000000001,1
V265_150_TOP,7.0,2026-05,202605091805,0.4988221173240365,3,0,0.0,6.62554339016519,0
V265_150_TOP,7.0,2026-05,202605102010,0.32159998232026266,2,0,0.0,4.623404255319148,0
V265_150_TOP,7.0,2026-05,202605111110,0.31665681147793534,7,0,0.0,6.88868932617372,1
V265_150_TOP,7.0,2026-05,202605111606,0.3294092920798156,2,1,56950.0,5.721153846153847,1
V265_150_TOP,7.0,2026-05,202605112308,0.41932373591697775,2,1,57200.0,5.71551724137931,1
V265_150_TOP,7.0,2026-05,202605130406,0.2733289109066219,4,0,0.0,7.008216941024337,1
V265_150_TOP,7.0,2026-05,202605130408,0.3726049596856913,2,0,0.0,3.78125,1
V265_150_TOP,7.0,2026-05,202605170608,0.2434743649074758,2,0,0.0,4.120754716981132,0
V265_150_TOP,7.0,2026-05,202605171007,0.3001471245897618,2,0,0.0,7.096830985915493,0
V265_150_TOP,7.0,2026-05,202605172011,0.27168349193564306,4,0,0.0,7.924163276765884,0
V265_150_TOP,7.0,2026-05,202605191406,0.28641451305292764,3,0,0.0,6.277173913043478,1
V265_150_TOP,7.0,2026-05,202605201505,0.36831672214630873,6,0,0.0,6.6208281302629715,1
V265_150_TOP,7.0,2026-05,202605202002,0.3902364898391778,3,0,0.0,6.936684580405126,0
V265_150_TOP,7.0,2026-05,202605211905,0.2542140296328964,5,1,66000.0,6.633622023465776,1
V265_150_TOP,7.0,2026-05,202605231808,0.3333535314002997,6,0,0.0,6.956459733073844,1
V265_150_TOP,7.0,2026-05,202605242411,0.2560659418383574,5,0,0.0,7.010619377360398,1
V265_150_TOP,7.0,2026-05,202605251307,0.31839257404333704,2,0,0.0,4.701492537313433,0
V265_150_TOP,7.0,2026-05,202605252408,0.2683925891046128,5,1,67680.0,6.7353595501639525,1
V265_150_TOP,7.0,2026-05,202605261206,0.2477934156913327,2,1,67200.0,6.72,1
V265_150_TOP,7.0,2026-05,202605270807,0.262551344006724,7,0,0.0,7.141540561612862,1
V265_150_TOP,7.0,2026-05,202605271204,0.28937073822663967,3,0,0.0,6.719310839913854,0
V265_150_TOP,7.0,2026-05,202605281008,0.3394806794482317,4,1,66660.0,6.664925383949871,1
V265_150_TOP,7.0,2026-05,202605281810,0.2623597545442885,3,0,0.0,6.59365867328556,0
V265_150_TOP,7.0,2026-05,202605291807,0.3051705159788475,2,0,0.0,6.151470588235294,0
V265_150_TOP,7.0,2026-05,202605300104,0.30572605729587143,2,0,0.0,6.913636363636364,0
V265_150_TOP,7.0,2026-05,202605301108,0.25160674324500787,2,0,0.0,6.776556776556777,1
V265_150_TOP,7.0,2026-05,202605312304,0.36738655362659883,4,0,0.0,8.099568400993501,0
V265_150_TOP,7.0,2026-06,202606010506,0.36594410389470916,2,0,0.0,3.788235294117647,0
V265_150_TOP,7.0,2026-06,202606010803,0.3785796943328967,5,0,0.0,6.862247695537049,0
V265_150_TOP,7.0,2026-06,202606010809,0.24832161283073945,20,0,0.0,8.720877511477761,0
V265_150_TOP,7.0,2026-06,202606012402,0.3590901703058144,2,0,0.0,7.068131868131867,0
V265_150_TOP,7.0,2026-06,202606020906,0.3602669695041363,2,0,0.0,5.71551724137931,0
V265_150_TOP,7.0,2026-06,202606021007,0.3518746079224508,3,1,90420.0,8.911720981940872,1
V265_150_TOP,7.0,2026-06,202606022307,0.4258963489942831,2,0,0.0,6.739436619718309,0
V265_150_TOP,7.0,2026-06,202606032109,0.2713410185903159,3,0,0.0,6.279599946570494,0
V265_150_TOP,7.0,2026-06,202606040305,0.24408635071936263,2,0,0.0,8.526,1
V265_150_TOP,7.0,2026-06,202606040506,0.4434719346808655,2,1,50960.00000000001,5.092156862745099,1
V265_150_TOP,7.0,2026-06,202606041307,0.26835929727158797,6,0,0.0,7.301711705479801,1
V265_150_TOP,7.0,2026-06,202606050305,0.35764444916116395,6,0,0.0,7.252812462484859,0
V265_150_TOP,7.0,2026-06,202606060702,0.2906926493503423,4,0,0.0,5.701185681021552,1
V265_150_TOP,7.0,2026-06,202606060802,0.38039058176256874,11,0,0.0,7.120923208653383,0
V265_150_TOP,7.0,2026-06,202606061506,0.3011753407092139,3,0,0.0,6.67888114788727,0
V265_150_TOP,7.0,2026-06,202606071005,0.34081122836180394,2,0,0.0,4.4224719101123595,0
V265_150_TOP,7.0,2026-06,202606080510,0.3289919650977192,3,0,0.0,6.577796925622113,0
V265_150_TOP,7.0,2026-06,202606080910,0.5015739334864578,2,0,0.0,8.3,1
V265_150_TOP,7.0,2026-06,202606100903,0.29146048665616564,5,0,0.0,6.6606836590654295,1
V265_150_TOP,7.0,2026-06,202606121108,0.32163869495459113,2,0,0.0,7.666478873239437,0
V265_150_TOP,7.0,2026-06,202606121901,0.33821929331480793,7,0,0.0,6.746484844698799,0
V265_150_TOP,7.0,2026-06,202606122306,0.3342251394193841,5,1,66850.0,6.586359909641079,1
V265_150_TOP,7.0,2026-06,202606130609,0.31481860217130947,4,0,0.0,6.73587666882527,0
V265_150_TOP,7.0,2026-06,202606130702,0.26323389237519057,6,0,0.0,6.492047008965884,1
V265_150_TOP,7.0,2026-06,202606132204,0.310701165317296,6,1,69480.0,6.900271102003246,1
V265_150_TOP,7.0,2026-06,202606142208,0.2577106658561332,2,0,0.0,4.795024875621891,0
V265_150_TOP,7.0,2026-06,202606150310,0.49326789418983,4,0,0.0,7.064685386548407,0
V265_150_TOP,7.0,2026-06,202606180205,0.3467257339091954,2,0,0.0,4.699530516431925,0
V265_150_TOP,7.0,2026-06,202606190903,0.24990605274821506,3,0,0.0,7.336905380729604,0
V265_150_TOP,7.0,2026-06,202606192107,0.2662623010537389,5,0,0.0,7.126533141650879,0
V265_150_TOP,7.0,2026-06,202606200903,0.2525040498042399,11,0,0.0,6.875448615446971,0
V265_150_TOP,7.0,2026-06,202606201709,0.39783307587696626,4,0,0.0,6.545592648623452,1
V265_150_TOP,7.0,2026-06,202606210906,0.38860843491367053,2,1,49680.0,4.964634146341463,1
V265_150_TOP,7.0,2026-06,202606222204,0.24579660471103587,14,0,0.0,7.065018009998847,0
V265_150_TOP,7.0,2026-06,202606240605,0.24632202556586566,3,1,56320.00000000001,5.74608695652174,1
V265_150_TOP,7.0,2026-06,202606241207,0.4926793526575593,4,0,0.0,6.8753100048264715,1
V265_150_TOP,7.0,2026-06,202606241210,0.2818248279156755,2,0,0.0,8.1865889212828,0
V265_150_TOP,7.0,2026-06,202606260304,0.29264012228437525,4,0,0.0,5.802532067614995,0
V265_150_TOP,7.0,2026-06,202606260410,0.3749345858451627,5,0,0.0,6.808514725143859,0
V265_150_TOP,7.0,2026-06,202606260705,0.5851971954012899,2,0,0.0,5.211428571428571,1
V265_150_TOP,7.0,2026-06,202606261709,0.28107228746373475,5,0,0.0,6.391465876977802,0
V265_150_TOP,7.0,2026-06,202606280508,0.3729118086740424,3,0,0.0,4.4882636459276295,0
V265_150_TOP,7.0,2026-06,202606281008,0.30489132749319986,3,0,0.0,5.278412484096279,0
V265_150_TOP,7.0,2026-06,202606290310,0.2587951198849846,19,1,72990.0,7.144098187833851,1
V265_150_TOP,7.0,2026-06,202606290806,0.2475238074585083,3,0,0.0,5.70809336531554,1
V265_150_TOP,7.0,2026-06,202606292011,0.27730611462766674,3,0,0.0,7.658392203428784,0
V265_150_TOP,7.0,2026-06,202606302304,0.35973476964265916,2,0,0.0,5.979583333333333,0
V265_150_TOP,7.5,2026-04,202604010110,0.3362295879131521,9,0,0.0,7.38038692402091,0
V265_150_TOP,7.5,2026-04,202604010206,0.33214018162072423,2,0,0.0,7.370847457627118,0
V265_150_TOP,7.5,2026-04,202604010603,0.2609591127615143,4,0,0.0,6.369206424677222,1
V265_150_TOP,7.5,2026-04,202604010804,0.3468489514909023,2,0,0.0,7.793823529411765,1
V265_150_TOP,7.5,2026-04,202604020108,0.4070439189785264,2,0,0.0,6.069958847736625,0
V265_150_TOP,7.5,2026-04,202604022209,0.2755935637859709,2,0,0.0,7.392739273927393,0
V265_150_TOP,7.5,2026-04,202604030402,0.48937395159720765,2,0,0.0,7.531353135313531,0
V265_150_TOP,7.5,2026-04,202604031806,0.287423792554616,2,0,0.0,6.532584269662922,0
V265_150_TOP,7.5,2026-04,202604042202,0.4880670097925171,2,0,0.0,6.39375,0
V265_150_TOP,7.5,2026-04,202604052207,0.2416130536111222,3,0,0.0,8.734920117378547,0
V265_150_TOP,7.5,2026-04,202604070808,0.38058106631389443,2,0,0.0,5.27688679245283,0
V265_150_TOP,7.5,2026-04,202604071007,0.24333976062105006,5,0,0.0,7.323743167187085,0
V265_150_TOP,7.5,2026-04,202604072403,0.40112025911238636,3,0,0.0,8.455476753349094,0
V265_150_TOP,7.5,2026-04,202604081111,0.27394923637944474,4,0,0.0,7.959152398267687,0
V265_150_TOP,7.5,2026-04,202604082306,0.3161619638251451,2,1,54500.0,5.399537037037037,1
V265_150_TOP,7.5,2026-04,202604090703,0.29607193225057943,2,0,0.0,7.899683544303797,1
V265_150_TOP,7.5,2026-04,202604120406,0.2426947482399163,20,0,0.0,8.014512848818613,0
V265_150_TOP,7.5,2026-04,202604120608,0.2641659660236303,3,0,0.0,8.712903538804873,0
V265_150_TOP,7.5,2026-04,202604121607,0.24832183221463933,4,0,0.0,7.630673051961073,0
V265_150_TOP,7.5,2026-04,202604130608,0.24320950647373815,2,0,0.0,5.916115702479338,1
V265_150_TOP,7.5,2026-04,202604140304,0.3100778813201366,2,0,0.0,4.544623655913979,0
V265_150_TOP,7.5,2026-04,202604150307,0.593318392368867,3,0,0.0,5.253013140009061,0
V265_150_TOP,7.5,2026-04,202604160906,0.35225612672503215,7,0,0.0,7.382995559348461,1
V265_150_TOP,7.5,2026-04,202604170305,0.357939654795687,2,0,0.0,5.5560538116591935,0
V265_150_TOP,7.5,2026-04,202604180305,0.25492083050148273,5,0,0.0,7.658626317388501,1
V265_150_TOP,7.5,2026-04,202604190703,0.2437447591318216,2,0,0.0,6.153024911032029,0
V265_150_TOP,7.5,2026-04,202604191506,0.29678605281374837,2,0,0.0,4.394886363636363,0
V265_150_TOP,7.5,2026-04,202604210702,0.26076238248617817,3,0,0.0,8.358417736993513,0
V265_150_TOP,7.5,2026-04,202604211109,0.3090936507909546,3,0,0.0,8.002630902831305,0
V265_150_TOP,7.5,2026-04,202604221103,0.25063430956798277,5,0,0.0,7.355320718331719,1
V265_150_TOP,7.5,2026-04,202604230507,0.2559352279327435,3,1,81220.0,7.977520118089615,1
V265_150_TOP,7.5,2026-04,202604231603,0.32365934870317803,5,0,0.0,6.9622209026612865,0
V265_150_TOP,7.5,2026-04,202604240706,0.32728775135432353,2,0,0.0,4.871794871794871,0
V265_150_TOP,7.5,2026-04,202604242308,0.38885571343152375,4,0,0.0,6.702657532017641,0
V265_150_TOP,7.5,2026-04,202604250708,0.27094714348642746,2,0,0.0,4.786363636363636,1
V265_150_TOP,7.5,2026-04,202604250903,0.3091599966321962,4,0,0.0,8.082712670205021,0
V265_150_TOP,7.5,2026-04,202604251307,0.34537629783734936,4,0,0.0,6.97090020804775,0
V265_150_TOP,7.5,2026-04,202604252307,0.27914210241591064,6,0,0.0,7.584312201481032,1
V265_150_TOP,7.5,2026-04,202604260310,0.4493967679409928,3,0,0.0,7.580606060606061,0
V265_150_TOP,7.5,2026-04,202604270606,0.30847001967163723,2,0,0.0,9.115777777777778,1
V265_150_TOP,7.5,2026-04,202604271607,0.3809196445792722,4,0,0.0,7.201452189761502,0
V265_150_TOP,7.5,2026-04,202604272402,0.2672130500713039,5,0,0.0,7.6637204107201855,0
V265_150_TOP,7.5,2026-04,202604280603,0.3962156158883456,2,0,0.0,4.712,0
V265_150_TOP,7.5,2026-04,202604280606,0.30825676584573025,6,1,72500.0,7.100924282208626,1
V265_150_TOP,7.5,2026-04,202604281502,0.26526396999897645,6,0,0.0,7.5232802985309775,0
V265_150_TOP,7.5,2026-04,202604281606,0.25152737307782036,7,0,0.0,7.507560931962644,0
V265_150_TOP,7.5,2026-04,202604290306,0.49265548432403744,2,0,0.0,6.274603174603175,0
V265_150_TOP,7.5,2026-04,202604291402,0.2666358596270563,3,0,0.0,7.570394379556842,0
V265_150_TOP,7.5,2026-05,202605021103,0.3072452374968523,2,1,62160.0,6.268235294117647,1
V265_150_TOP,7.5,2026-05,202605022307,0.34170870197982584,2,0,0.0,3.5517857142857143,0
V265_150_TOP,7.5,2026-05,202605030104,0.2872839999062184,2,0,0.0,6.849097472924187,0
V265_150_TOP,7.5,2026-05,202605030105,0.2831216910479071,2,0,0.0,6.595289855072465,0
V265_150_TOP,7.5,2026-05,202605030805,0.24374495981363578,3,1,67050.0,6.733187629848612,1
V265_150_TOP,7.5,2026-05,202605030811,0.27686272109708754,3,0,0.0,7.4751510767866725,0
V265_150_TOP,7.5,2026-05,202605031208,0.2678317107188303,3,0,0.0,6.681845835655625,0
V265_150_TOP,7.5,2026-05,202605032307,0.31544784052996705,2,0,0.0,7.57125748502994,1
V265_150_TOP,7.5,2026-05,202605040202,0.37601386873550596,2,0,0.0,8.46798866855524,0
V265_150_TOP,7.5,2026-05,202605040403,0.30887777183407106,3,0,0.0,7.384505010433035,0
V265_150_TOP,7.5,2026-05,202605040701,0.24814357428661404,3,1,72200.0,7.280416868637906,1
V265_150_TOP,7.5,2026-05,202605041410,0.3140222197932346,5,0,0.0,7.518446633804893,1
V265_150_TOP,7.5,2026-05,202605042009,0.25886728037214946,2,0,0.0,8.64406779661017,0
V265_150_TOP,7.5,2026-05,202605050202,0.4373883697872649,2,0,0.0,3.988271604938272,0
V265_150_TOP,7.5,2026-05,202605050203,0.30868866808808765,2,0,0.0,7.600638977635782,1
V265_150_TOP,7.5,2026-05,202605050702,0.2827302596497819,3,0,0.0,7.089967599111096,1
V265_150_TOP,7.5,2026-05,202605050811,0.24911491615668602,3,0,0.0,8.183008189205426,0
V265_150_TOP,7.5,2026-05,202605051306,0.310707097576146,3,0,0.0,7.591735163260689,0
V265_150_TOP,7.5,2026-05,202605051602,0.38232108311498536,16,0,0.0,7.565115720142528,0
V265_150_TOP,7.5,2026-05,202605061105,0.2590149906132913,3,1,74970.0,7.451212982412784,1
V265_150_TOP,7.5,2026-05,202605072406,0.30619859226561064,2,0,0.0,4.800000000000001,1
V265_150_TOP,7.5,2026-05,202605091805,0.4988221173240365,3,0,0.0,6.62554339016519,0
V265_150_TOP,7.5,2026-05,202605102010,0.32159998232026266,2,0,0.0,4.623404255319148,0
V265_150_TOP,7.5,2026-05,202605111110,0.31665681147793534,6,0,0.0,7.495430732547063,1
V265_150_TOP,7.5,2026-05,202605111606,0.3294092920798156,2,1,56950.0,5.721153846153847,1
V265_150_TOP,7.5,2026-05,202605112308,0.41932373591697775,2,1,57200.0,5.71551724137931,1
V265_150_TOP,7.5,2026-05,202605130406,0.2733289109066219,3,0,0.0,7.977113707494736,1
V265_150_TOP,7.5,2026-05,202605130408,0.3726049596856913,2,0,0.0,3.78125,1
V265_150_TOP,7.5,2026-05,202605170608,0.2434743649074758,2,0,0.0,4.120754716981132,0
V265_150_TOP,7.5,2026-05,202605171007,0.3001471245897618,2,0,0.0,7.096830985915493,0
V265_150_TOP,7.5,2026-05,202605172011,0.27168349193564306,4,0,0.0,7.924163276765884,0
V265_150_TOP,7.5,2026-05,202605191406,0.28641451305292764,3,0,0.0,6.277173913043478,1
V265_150_TOP,7.5,2026-05,202605201505,0.36831672214630873,6,0,0.0,6.6208281302629715,1
V265_150_TOP,7.5,2026-05,202605202002,0.3902364898391778,3,0,0.0,6.936684580405126,0
V265_150_TOP,7.5,2026-05,202605211905,0.2542140296328964,4,1,82500.0,8.23576050666169,1
V265_150_TOP,7.5,2026-05,202605231808,0.3333535314002997,5,0,0.0,7.634759854385764,1
V265_150_TOP,7.5,2026-05,202605242411,0.2560659418383574,5,0,0.0,7.010619377360398,1
V265_150_TOP,7.5,2026-05,202605251307,0.31839257404333704,2,0,0.0,4.701492537313433,0
V265_150_TOP,7.5,2026-05,202605252408,0.2683925891046128,4,0,0.0,8.205166669534616,1
V265_150_TOP,7.5,2026-05,202605261206,0.2477934156913327,2,1,67200.0,6.72,1
V265_150_TOP,7.5,2026-05,202605270807,0.262551344006724,5,0,0.0,7.662520092867652,1
V265_150_TOP,7.5,2026-05,202605271204,0.28937073822663967,3,0,0.0,6.719310839913854,0
V265_150_TOP,7.5,2026-05,202605281008,0.3394806794482317,4,1,66660.0,6.664925383949871,1
V265_150_TOP,7.5,2026-05,202605281810,0.2623597545442885,3,0,0.0,6.59365867328556,0
V265_150_TOP,7.5,2026-05,202605291807,0.3051705159788475,2,0,0.0,6.151470588235294,0
V265_150_TOP,7.5,2026-05,202605300104,0.30572605729587143,2,0,0.0,6.913636363636364,0
V265_150_TOP,7.5,2026-05,202605301108,0.25160674324500787,2,0,0.0,6.776556776556777,1
V265_150_TOP,7.5,2026-05,202605312304,0.36738655362659883,4,0,0.0,8.099568400993501,0
V265_150_TOP,7.5,2026-06,202606010506,0.36594410389470916,2,0,0.0,3.788235294117647,0
V265_150_TOP,7.5,2026-06,202606010803,0.3785796943328967,4,0,0.0,7.4520744638975,0
V265_150_TOP,7.5,2026-06,202606010809,0.24832161283073945,20,0,0.0,8.720877511477761,0
V265_150_TOP,7.5,2026-06,202606012402,0.3590901703058144,2,0,0.0,7.068131868131867,0
V265_150_TOP,7.5,2026-06,202606020906,0.3602669695041363,2,0,0.0,5.71551724137931,0
V265_150_TOP,7.5,2026-06,202606021007,0.3518746079224508,3,1,90420.0,8.911720981940872,1
V265_150_TOP,7.5,2026-06,202606022307,0.4258963489942831,2,0,0.0,6.739436619718309,0
V265_150_TOP,7.5,2026-06,202606032109,0.2713410185903159,3,0,0.0,6.279599946570494,0
V265_150_TOP,7.5,2026-06,202606040305,0.24408635071936263,2,0,0.0,8.526,1
V265_150_TOP,7.5,2026-06,202606040506,0.4434719346808655,2,1,50960.00000000001,5.092156862745099,1
V265_150_TOP,7.5,2026-06,202606041307,0.26835929727158797,6,0,0.0,7.301711705479801,1
V265_150_TOP,7.5,2026-06,202606050305,0.35764444916116395,6,0,0.0,7.252812462484859,0
V265_150_TOP,7.5,2026-06,202606060702,0.2906926493503423,3,0,0.0,8.3017138063279,1
V265_150_TOP,7.5,2026-06,202606060802,0.38039058176256874,10,0,0.0,7.4654528010996355,0
V265_150_TOP,7.5,2026-06,202606061506,0.3011753407092139,3,0,0.0,6.67888114788727,0
V265_150_TOP,7.5,2026-06,202606071005,0.34081122836180394,2,0,0.0,4.4224719101123595,0
V265_150_TOP,7.5,2026-06,202606080510,0.3289919650977192,3,0,0.0,6.577796925622113,0
V265_150_TOP,7.5,2026-06,202606080910,0.5015739334864578,2,0,0.0,8.3,1
V265_150_TOP,7.5,2026-06,202606100903,0.29146048665616564,4,0,0.0,7.967861044740476,1
V265_150_TOP,7.5,2026-06,202606121108,0.32163869495459113,2,0,0.0,7.666478873239437,0
V265_150_TOP,7.5,2026-06,202606121901,0.33821929331480793,6,0,0.0,8.250940030355967,0
V265_150_TOP,7.5,2026-06,202606122306,0.3342251394193841,4,1,76400.0,7.5948803875220126,1
V265_150_TOP,7.5,2026-06,202606130609,0.31481860217130947,3,0,0.0,8.220363366055226,0
V265_150_TOP,7.5,2026-06,202606130702,0.26323389237519057,6,0,0.0,6.492047008965884,1
V265_150_TOP,7.5,2026-06,202606132204,0.310701165317296,5,1,81060.0,7.967850265769861,1
V265_150_TOP,7.5,2026-06,202606142208,0.2577106658561332,2,0,0.0,4.795024875621891,0
V265_150_TOP,7.5,2026-06,202606150310,0.49326789418983,4,0,0.0,7.064685386548407,0
V265_150_TOP,7.5,2026-06,202606180205,0.3467257339091954,2,0,0.0,4.699530516431925,0
V265_150_TOP,7.5,2026-06,202606190903,0.24990605274821506,3,0,0.0,7.336905380729604,0
V265_150_TOP,7.5,2026-06,202606192107,0.2662623010537389,5,0,0.0,7.126533141650879,0
V265_150_TOP,7.5,2026-06,202606200903,0.2525040498042399,10,0,0.0,7.629089615983376,0
V265_150_TOP,7.5,2026-06,202606201709,0.39783307587696626,4,0,0.0,6.545592648623452,1
V265_150_TOP,7.5,2026-06,202606210906,0.38860843491367053,2,1,49680.0,4.964634146341463,1
V265_150_TOP,7.5,2026-06,202606222204,0.24579660471103587,14,0,0.0,7.065018009998847,0
V265_150_TOP,7.5,2026-06,202606240605,0.24632202556586566,3,1,56320.00000000001,5.74608695652174,1
V265_150_TOP,7.5,2026-06,202606241207,0.4926793526575593,4,0,0.0,6.8753100048264715,1
V265_150_TOP,7.5,2026-06,202606241210,0.2818248279156755,2,0,0.0,8.1865889212828,0
V265_150_TOP,7.5,2026-06,202606260304,0.29264012228437525,3,0,0.0,8.705698395989252,0
V265_150_TOP,7.5,2026-06,202606260410,0.3749345858451627,5,0,0.0,6.808514725143859,0
V265_150_TOP,7.5,2026-06,202606260705,0.5851971954012899,2,0,0.0,5.211428571428571,1
V265_150_TOP,7.5,2026-06,202606261709,0.28107228746373475,4,0,0.0,7.7260883026184235,0
V265_150_TOP,7.5,2026-06,202606280508,0.3729118086740424,2,0,0.0,10.065777777777779,0
V265_150_TOP,7.5,2026-06,202606281008,0.30489132749319986,2,0,0.0,9.617158671586715,0
V265_150_TOP,7.5,2026-06,202606290310,0.2587951198849846,18,1,72990.0,7.49619243359658,1
V265_150_TOP,7.5,2026-06,202606290806,0.2475238074585083,3,0,0.0,5.70809336531554,1
V265_150_TOP,7.5,2026-06,202606292011,0.27730611462766674,3,0,0.0,7.658392203428784,0
V265_150_TOP,7.5,2026-06,202606302304,0.35973476964265916,2,0,0.0,5.979583333333333,0
V265_150_TOP,8.0,2026-04,202604010110,0.3362295879131521,8,0,0.0,7.795809985990253,0
V265_150_TOP,8.0,2026-04,202604010206,0.33214018162072423,2,0,0.0,7.370847457627118,0
V265_150_TOP,8.0,2026-04,202604010603,0.2609591127615143,4,0,0.0,6.369206424677222,1
V265_150_TOP,8.0,2026-04,202604010804,0.3468489514909023,2,0,0.0,7.793823529411765,1
V265_150_TOP,8.0,2026-04,202604020108,0.4070439189785264,2,0,0.0,6.069958847736625,0
V265_150_TOP,8.0,2026-04,202604022209,0.2755935637859709,2,0,0.0,7.392739273927393,0
V265_150_TOP,8.0,2026-04,202604030402,0.48937395159720765,2,0,0.0,7.531353135313531,0
V265_150_TOP,8.0,2026-04,202604031806,0.287423792554616,2,0,0.0,6.532584269662922,0
V265_150_TOP,8.0,2026-04,202604042202,0.4880670097925171,2,0,0.0,6.39375,0
V265_150_TOP,8.0,2026-04,202604052207,0.2416130536111222,3,0,0.0,8.734920117378547,0
V265_150_TOP,8.0,2026-04,202604070808,0.38058106631389443,2,0,0.0,5.27688679245283,0
V265_150_TOP,8.0,2026-04,202604071007,0.24333976062105006,5,0,0.0,7.323743167187085,0
V265_150_TOP,8.0,2026-04,202604072403,0.40112025911238636,3,0,0.0,8.455476753349094,0
V265_150_TOP,8.0,2026-04,202604081111,0.27394923637944474,4,0,0.0,7.959152398267687,0
V265_150_TOP,8.0,2026-04,202604082306,0.3161619638251451,2,1,54500.0,5.399537037037037,1
V265_150_TOP,8.0,2026-04,202604090703,0.29607193225057943,2,0,0.0,7.899683544303797,1
V265_150_TOP,8.0,2026-04,202604120406,0.2426947482399163,20,0,0.0,8.014512848818613,0
V265_150_TOP,8.0,2026-04,202604120608,0.2641659660236303,3,0,0.0,8.712903538804873,0
V265_150_TOP,8.0,2026-04,202604121607,0.24832183221463933,4,0,0.0,7.630673051961073,0
V265_150_TOP,8.0,2026-04,202604130608,0.24320950647373815,2,0,0.0,5.916115702479338,1
V265_150_TOP,8.0,2026-04,202604140304,0.3100778813201366,2,0,0.0,4.544623655913979,0
V265_150_TOP,8.0,2026-04,202604150307,0.593318392368867,3,0,0.0,5.253013140009061,0
V265_150_TOP,8.0,2026-04,202604160906,0.35225612672503215,6,0,0.0,8.043569992446832,1
V265_150_TOP,8.0,2026-04,202604170305,0.357939654795687,2,0,0.0,5.5560538116591935,0
V265_150_TOP,8.0,2026-04,202604180305,0.25492083050148273,4,0,0.0,8.137668289111541,1
V265_150_TOP,8.0,2026-04,202604190703,0.2437447591318216,2,0,0.0,6.153024911032029,0
V265_150_TOP,8.0,2026-04,202604191506,0.29678605281374837,2,0,0.0,4.394886363636363,0
V265_150_TOP,8.0,2026-04,202604210702,0.26076238248617817,3,0,0.0,8.358417736993513,0
V265_150_TOP,8.0,2026-04,202604211109,0.3090936507909546,3,0,0.0,8.002630902831305,0
V265_150_TOP,8.0,2026-04,202604221103,0.25063430956798277,4,0,0.0,8.39482645871152,1
V265_150_TOP,8.0,2026-04,202604230507,0.2559352279327435,3,1,81220.0,7.977520118089615,1
V265_150_TOP,8.0,2026-04,202604231603,0.32365934870317803,5,0,0.0,6.9622209026612865,0
V265_150_TOP,8.0,2026-04,202604240706,0.32728775135432353,2,0,0.0,4.871794871794871,0
V265_150_TOP,8.0,2026-04,202604242308,0.38885571343152375,4,0,0.0,6.702657532017641,0
V265_150_TOP,8.0,2026-04,202604250708,0.27094714348642746,2,0,0.0,4.786363636363636,1
V265_150_TOP,8.0,2026-04,202604250903,0.3091599966321962,4,0,0.0,8.082712670205021,0
V265_150_TOP,8.0,2026-04,202604251307,0.34537629783734936,3,0,0.0,8.390553368835379,0
V265_150_TOP,8.0,2026-04,202604252307,0.27914210241591064,6,0,0.0,7.584312201481032,1
V265_150_TOP,8.0,2026-04,202604260310,0.4493967679409928,3,0,0.0,7.580606060606061,0
V265_150_TOP,8.0,2026-04,202604270606,0.30847001967163723,2,0,0.0,9.115777777777778,1
V265_150_TOP,8.0,2026-04,202604271607,0.3809196445792722,3,0,0.0,8.33878914744804,0
V265_150_TOP,8.0,2026-04,202604272402,0.2672130500713039,4,0,0.0,8.22555990572085,0
V265_150_TOP,8.0,2026-04,202604280603,0.3962156158883456,2,0,0.0,4.712,0
V265_150_TOP,8.0,2026-04,202604280606,0.30825676584573025,5,1,80000.0,8.085768734080993,1
V265_150_TOP,8.0,2026-04,202604281502,0.26526396999897645,6,0,0.0,7.5232802985309775,0
V265_150_TOP,8.0,2026-04,202604281606,0.25152737307782036,6,0,0.0,7.942489632683681,0
V265_150_TOP,8.0,2026-04,202604290306,0.49265548432403744,2,0,0.0,6.274603174603175,0
V265_150_TOP,8.0,2026-04,202604291402,0.2666358596270563,3,0,0.0,7.570394379556842,0
V265_150_TOP,8.0,2026-05,202605021103,0.3072452374968523,2,1,62160.0,6.268235294117647,1
V265_150_TOP,8.0,2026-05,202605022307,0.34170870197982584,2,0,0.0,3.5517857142857143,0
V265_150_TOP,8.0,2026-05,202605030104,0.2872839999062184,2,0,0.0,6.849097472924187,0
V265_150_TOP,8.0,2026-05,202605030105,0.2831216910479071,2,0,0.0,6.595289855072465,0
V265_150_TOP,8.0,2026-05,202605030805,0.24374495981363578,3,1,67050.0,6.733187629848612,1
V265_150_TOP,8.0,2026-05,202605030811,0.27686272109708754,3,0,0.0,7.4751510767866725,0
V265_150_TOP,8.0,2026-05,202605031208,0.2678317107188303,3,0,0.0,6.681845835655625,0
V265_150_TOP,8.0,2026-05,202605032307,0.31544784052996705,2,0,0.0,7.57125748502994,1
V265_150_TOP,8.0,2026-05,202605040202,0.37601386873550596,2,0,0.0,8.46798866855524,0
V265_150_TOP,8.0,2026-05,202605040403,0.30887777183407106,3,0,0.0,7.384505010433035,0
V265_150_TOP,8.0,2026-05,202605040701,0.24814357428661404,3,1,72200.0,7.280416868637906,1
V265_150_TOP,8.0,2026-05,202605041410,0.3140222197932346,5,0,0.0,7.518446633804893,1
V265_150_TOP,8.0,2026-05,202605042009,0.25886728037214946,2,0,0.0,8.64406779661017,0
V265_150_TOP,8.0,2026-05,202605050202,0.4373883697872649,2,0,0.0,3.988271604938272,0
V265_150_TOP,8.0,2026-05,202605050203,0.30868866808808765,2,0,0.0,7.600638977635782,1
V265_150_TOP,8.0,2026-05,202605050702,0.2827302596497819,2,0,0.0,8.75390625,1
V265_150_TOP,8.0,2026-05,202605050811,0.24911491615668602,3,0,0.0,8.183008189205426,0
V265_150_TOP,8.0,2026-05,202605051306,0.310707097576146,2,0,0.0,8.202216066481995,0
V265_150_TOP,8.0,2026-05,202605051602,0.38232108311498536,14,0,0.0,7.895796719862704,0
V265_150_TOP,8.0,2026-05,202605061105,0.2590149906132913,3,1,74970.0,7.451212982412784,1
V265_150_TOP,8.0,2026-05,202605072406,0.30619859226561064,2,0,0.0,4.800000000000001,1
V265_150_TOP,8.0,2026-05,202605091805,0.4988221173240365,3,0,0.0,6.62554339016519,0
V265_150_TOP,8.0,2026-05,202605102010,0.32159998232026266,2,0,0.0,4.623404255319148,0
V265_150_TOP,8.0,2026-05,202605111110,0.31665681147793534,5,0,0.0,8.00109384106576,1
V265_150_TOP,8.0,2026-05,202605111606,0.3294092920798156,2,1,56950.0,5.721153846153847,1
V265_150_TOP,8.0,2026-05,202605112308,0.41932373591697775,2,1,57200.0,5.71551724137931,1
V265_150_TOP,8.0,2026-05,202605130406,0.2733289109066219,3,0,0.0,7.977113707494736,1
V265_150_TOP,8.0,2026-05,202605130408,0.3726049596856913,2,0,0.0,3.78125,1
V265_150_TOP,8.0,2026-05,202605170608,0.2434743649074758,2,0,0.0,4.120754716981132,0
V265_150_TOP,8.0,2026-05,202605171007,0.3001471245897618,2,0,0.0,7.096830985915493,0
V265_150_TOP,8.0,2026-05,202605172011,0.27168349193564306,4,0,0.0,7.924163276765884,0
V265_150_TOP,8.0,2026-05,202605191406,0.28641451305292764,3,0,0.0,6.277173913043478,1
V265_150_TOP,8.0,2026-05,202605201505,0.36831672214630873,5,0,0.0,9.03212416974068,1
V265_150_TOP,8.0,2026-05,202605202002,0.3902364898391778,3,0,0.0,6.936684580405126,0
V265_150_TOP,8.0,2026-05,202605211905,0.2542140296328964,4,1,82500.0,8.23576050666169,1
V265_150_TOP,8.0,2026-05,202605231808,0.3333535314002997,4,0,0.0,8.043622196809514,1
V265_150_TOP,8.0,2026-05,202605242411,0.2560659418383574,5,0,0.0,7.010619377360398,1
V265_150_TOP,8.0,2026-05,202605251307,0.31839257404333704,2,0,0.0,4.701492537313433,0
V265_150_TOP,8.0,2026-05,202605252408,0.2683925891046128,4,0,0.0,8.205166669534616,1
V265_150_TOP,8.0,2026-05,202605261206,0.2477934156913327,2,1,67200.0,6.72,1
V265_150_TOP,8.0,2026-05,202605270807,0.262551344006724,5,0,0.0,7.662520092867652,1
V265_150_TOP,8.0,2026-05,202605271204,0.28937073822663967,2,0,0.0,8.764044943820224,0
V265_150_TOP,8.0,2026-05,202605281008,0.3394806794482317,4,1,66660.0,6.664925383949871,1
V265_150_TOP,8.0,2026-05,202605281810,0.2623597545442885,2,0,0.0,8.917808219178083,0
V265_150_TOP,8.0,2026-05,202605291807,0.3051705159788475,2,0,0.0,6.151470588235294,0
V265_150_TOP,8.0,2026-05,202605300104,0.30572605729587143,2,0,0.0,6.913636363636364,0
V265_150_TOP,8.0,2026-05,202605301108,0.25160674324500787,2,0,0.0,6.776556776556777,1
V265_150_TOP,8.0,2026-05,202605312304,0.36738655362659883,4,0,0.0,8.099568400993501,0
V265_150_TOP,8.0,2026-06,202606010506,0.36594410389470916,2,0,0.0,3.788235294117647,0
V265_150_TOP,8.0,2026-06,202606010803,0.3785796943328967,4,0,0.0,7.4520744638975,0
V265_150_TOP,8.0,2026-06,202606010809,0.24832161283073945,20,0,0.0,8.720877511477761,0
V265_150_TOP,8.0,2026-06,202606012402,0.3590901703058144,2,0,0.0,7.068131868131867,0
V265_150_TOP,8.0,2026-06,202606020906,0.3602669695041363,2,0,0.0,5.71551724137931,0
V265_150_TOP,8.0,2026-06,202606021007,0.3518746079224508,3,1,90420.0,8.911720981940872,1
V265_150_TOP,8.0,2026-06,202606022307,0.4258963489942831,2,0,0.0,6.739436619718309,0
V265_150_TOP,8.0,2026-06,202606032109,0.2713410185903159,2,0,0.0,8.772164948453609,0
V265_150_TOP,8.0,2026-06,202606040305,0.24408635071936263,2,0,0.0,8.526,1
V265_150_TOP,8.0,2026-06,202606040506,0.4434719346808655,2,1,50960.00000000001,5.092156862745099,1
V265_150_TOP,8.0,2026-06,202606041307,0.26835929727158797,5,0,0.0,7.852496174598961,1
V265_150_TOP,8.0,2026-06,202606050305,0.35764444916116395,6,0,0.0,7.252812462484859,0
V265_150_TOP,8.0,2026-06,202606060702,0.2906926493503423,3,0,0.0,8.3017138063279,1
V265_150_TOP,8.0,2026-06,202606060802,0.38039058176256874,9,0,0.0,8.41434894797399,0
V265_150_TOP,8.0,2026-06,202606061506,0.3011753407092139,2,0,0.0,8.863259668508288,0
V265_150_TOP,8.0,2026-06,202606071005,0.34081122836180394,2,0,0.0,4.4224719101123595,0
V265_150_TOP,8.0,2026-06,202606080510,0.3289919650977192,2,0,0.0,8.84047619047619,0
V265_150_TOP,8.0,2026-06,202606080910,0.5015739334864578,2,0,0.0,8.3,1
V265_150_TOP,8.0,2026-06,202606100903,0.29146048665616564,4,0,0.0,7.967861044740476,1
V265_150_TOP,8.0,2026-06,202606121108,0.32163869495459113,2,0,0.0,7.666478873239437,0
V265_150_TOP,8.0,2026-06,202606121901,0.33821929331480793,6,0,0.0,8.250940030355967,0
V265_150_TOP,8.0,2026-06,202606122306,0.3342251394193841,4,1,76400.0,7.5948803875220126,1
V265_150_TOP,8.0,2026-06,202606130609,0.31481860217130947,3,0,0.0,8.220363366055226,0
V265_150_TOP,8.0,2026-06,202606130702,0.26323389237519057,5,0,0.0,9.108560379105606,1
V265_150_TOP,8.0,2026-06,202606132204,0.310701165317296,5,1,81060.0,7.967850265769861,1
V265_150_TOP,8.0,2026-06,202606142208,0.2577106658561332,2,0,0.0,4.795024875621891,0
V265_150_TOP,8.0,2026-06,202606150310,0.49326789418983,3,0,0.0,8.185364111827596,0
V265_150_TOP,8.0,2026-06,202606180205,0.3467257339091954,2,0,0.0,4.699530516431925,0
V265_150_TOP,8.0,2026-06,202606190903,0.24990605274821506,3,0,0.0,7.336905380729604,0
V265_150_TOP,8.0,2026-06,202606192107,0.2662623010537389,4,0,0.0,8.82094756688449,0
V265_150_TOP,8.0,2026-06,202606200903,0.2525040498042399,8,0,0.0,8.038909357193132,0
V265_150_TOP,8.0,2026-06,202606201709,0.39783307587696626,3,0,0.0,8.830110752500971,1
V265_150_TOP,8.0,2026-06,202606210906,0.38860843491367053,2,1,49680.0,4.964634146341463,1
V265_150_TOP,8.0,2026-06,202606222204,0.24579660471103587,13,0,0.0,7.970332162285325,0
V265_150_TOP,8.0,2026-06,202606240605,0.24632202556586566,3,1,56320.00000000001,5.74608695652174,1
V265_150_TOP,8.0,2026-06,202606241207,0.4926793526575593,3,0,0.0,8.919440657922056,1
V265_150_TOP,8.0,2026-06,202606241210,0.2818248279156755,2,0,0.0,8.1865889212828,0
V265_150_TOP,8.0,2026-06,202606260304,0.29264012228437525,3,0,0.0,8.705698395989252,0
V265_150_TOP,8.0,2026-06,202606260410,0.3749345858451627,5,0,0.0,6.808514725143859,0
V265_150_TOP,8.0,2026-06,202606260705,0.5851971954012899,2,0,0.0,5.211428571428571,1
V265_150_TOP,8.0,2026-06,202606261709,0.28107228746373475,3,0,0.0,8.132231404958679,0
V265_150_TOP,8.0,2026-06,202606280508,0.3729118086740424,2,0,0.0,10.065777777777779,0
V265_150_TOP,8.0,2026-06,202606281008,0.30489132749319986,2,0,0.0,9.617158671586715,0
V265_150_TOP,8.0,2026-06,202606290310,0.2587951198849846,17,0,0.0,8.259643440540955,1
V265_150_TOP,8.0,2026-06,202606290806,0.2475238074585083,3,0,0.0,5.70809336531554,1
V265_150_TOP,8.0,2026-06,202606292011,0.27730611462766674,3,0,0.0,7.658392203428784,0
V265_150_TOP,8.0,2026-06,202606302304,0.35973476964265916,2,0,0.0,5.979583333333333,0
V265_150_TOP,8.5,2026-04,202604010110,0.3362295879131521,7,0,0.0,8.399906627782231,0
V265_150_TOP,8.5,2026-04,202604010206,0.33214018162072423,2,0,0.0,7.370847457627118,0
V265_150_TOP,8.5,2026-04,202604010603,0.2609591127615143,3,0,0.0,9.918110550435095,1
V265_150_TOP,8.5,2026-04,202604010804,0.3468489514909023,2,0,0.0,7.793823529411765,1
V265_150_TOP,8.5,2026-04,202604020108,0.4070439189785264,2,0,0.0,6.069958847736625,0
V265_150_TOP,8.5,2026-04,202604022209,0.2755935637859709,2,0,0.0,7.392739273927393,0
V265_150_TOP,8.5,2026-04,202604030402,0.48937395159720765,2,0,0.0,7.531353135313531,0
V265_150_TOP,8.5,2026-04,202604031806,0.287423792554616,2,0,0.0,6.532584269662922,0
V265_150_TOP,8.5,2026-04,202604042202,0.4880670097925171,2,0,0.0,6.39375,0
V265_150_TOP,8.5,2026-04,202604052207,0.2416130536111222,3,0,0.0,8.734920117378547,0
V265_150_TOP,8.5,2026-04,202604070808,0.38058106631389443,2,0,0.0,5.27688679245283,0
V265_150_TOP,8.5,2026-04,202604071007,0.24333976062105006,4,0,0.0,8.925989626425178,0
V265_150_TOP,8.5,2026-04,202604072403,0.40112025911238636,3,0,0.0,8.455476753349094,0
V265_150_TOP,8.5,2026-04,202604081111,0.27394923637944474,4,0,0.0,7.959152398267687,0
V265_150_TOP,8.5,2026-04,202604082306,0.3161619638251451,2,1,54500.0,5.399537037037037,1
V265_150_TOP,8.5,2026-04,202604090703,0.29607193225057943,2,0,0.0,7.899683544303797,1
V265_150_TOP,8.5,2026-04,202604120406,0.2426947482399163,16,0,0.0,8.396838501708665,0
V265_150_TOP,8.5,2026-04,202604120608,0.2641659660236303,3,0,0.0,8.712903538804873,0
V265_150_TOP,8.5,2026-04,202604121607,0.24832183221463933,4,0,0.0,7.630673051961073,0
V265_150_TOP,8.5,2026-04,202604130608,0.24320950647373815,2,0,0.0,5.916115702479338,1
V265_150_TOP,8.5,2026-04,202604140304,0.3100778813201366,2,0,0.0,4.544623655913979,0
V265_150_TOP,8.5,2026-04,202604150307,0.593318392368867,2,0,0.0,11.3216796875,0
V265_150_TOP,8.5,2026-04,202604160906,0.35225612672503215,5,0,0.0,8.09617268360313,1
V265_150_TOP,8.5,2026-04,202604170305,0.357939654795687,2,0,0.0,5.5560538116591935,0
V265_150_TOP,8.5,2026-04,202604180305,0.25492083050148273,4,0,0.0,8.137668289111541,1
V265_150_TOP,8.5,2026-04,202604190703,0.2437447591318216,2,0,0.0,6.153024911032029,0
V265_150_TOP,8.5,2026-04,202604191506,0.29678605281374837,2,0,0.0,4.394886363636363,0
V265_150_TOP,8.5,2026-04,202604210702,0.26076238248617817,3,0,0.0,8.358417736993513,0
V265_150_TOP,8.5,2026-04,202604211109,0.3090936507909546,2,0,0.0,8.955675675675677,0
V265_150_TOP,8.5,2026-04,202604221103,0.25063430956798277,4,0,0.0,8.39482645871152,1
V265_150_TOP,8.5,2026-04,202604230507,0.2559352279327435,3,1,81220.0,7.977520118089615,1
V265_150_TOP,8.5,2026-04,202604231603,0.32365934870317803,5,0,0.0,6.9622209026612865,0
V265_150_TOP,8.5,2026-04,202604240706,0.32728775135432353,2,0,0.0,4.871794871794871,0
V265_150_TOP,8.5,2026-04,202604242308,0.38885571343152375,4,0,0.0,6.702657532017641,0
V265_150_TOP,8.5,2026-04,202604250708,0.27094714348642746,2,0,0.0,4.786363636363636,1
V265_150_TOP,8.5,2026-04,202604250903,0.3091599966321962,4,0,0.0,8.082712670205021,0
V265_150_TOP,8.5,2026-04,202604251307,0.34537629783734936,3,0,0.0,8.390553368835379,0
V265_150_TOP,8.5,2026-04,202604252307,0.27914210241591064,6,0,0.0,7.584312201481032,1
V265_150_TOP,8.5,2026-04,202604260310,0.4493967679409928,3,0,0.0,7.580606060606061,0
V265_150_TOP,8.5,2026-04,202604270606,0.30847001967163723,2,0,0.0,9.115777777777778,1
V265_150_TOP,8.5,2026-04,202604271607,0.3809196445792722,3,0,0.0,8.33878914744804,0
V265_150_TOP,8.5,2026-04,202604272402,0.2672130500713039,4,0,0.0,8.22555990572085,0
V265_150_TOP,8.5,2026-04,202604280603,0.3962156158883456,2,0,0.0,4.712,0
V265_150_TOP,8.5,2026-04,202604280606,0.30825676584573025,4,1,85000.0,8.51054853178589,1
V265_150_TOP,8.5,2026-04,202604281502,0.26526396999897645,5,0,0.0,8.50973868696365,0
V265_150_TOP,8.5,2026-04,202604281606,0.25152737307782036,6,0,0.0,7.942489632683681,0
V265_150_TOP,8.5,2026-04,202604290306,0.49265548432403744,2,0,0.0,6.274603174603175,0
V265_150_TOP,8.5,2026-04,202604291402,0.2666358596270563,3,0,0.0,7.570394379556842,0
V265_150_TOP,8.5,2026-05,202605021103,0.3072452374968523,2,1,62160.0,6.268235294117647,1
V265_150_TOP,8.5,2026-05,202605022307,0.34170870197982584,2,0,0.0,3.5517857142857143,0
V265_150_TOP,8.5,2026-05,202605030104,0.2872839999062184,2,0,0.0,6.849097472924187,0
V265_150_TOP,8.5,2026-05,202605030105,0.2831216910479071,2,0,0.0,6.595289855072465,0
V265_150_TOP,8.5,2026-05,202605030805,0.24374495981363578,2,1,95360.0,9.537439613526569,1
V265_150_TOP,8.5,2026-05,202605030811,0.27686272109708754,2,0,0.0,8.817567567567567,0
V265_150_TOP,8.5,2026-05,202605031208,0.2678317107188303,3,0,0.0,6.681845835655625,0
V265_150_TOP,8.5,2026-05,202605032307,0.31544784052996705,2,0,0.0,7.57125748502994,1
V265_150_TOP,8.5,2026-05,202605040202,0.37601386873550596,2,0,0.0,8.46798866855524,0
V265_150_TOP,8.5,2026-05,202605040403,0.30887777183407106,3,0,0.0,7.384505010433035,0
V265_150_TOP,8.5,2026-05,202605040701,0.24814357428661404,2,1,93100.0,9.398936170212767,1
V265_150_TOP,8.5,2026-05,202605041410,0.3140222197932346,4,0,0.0,9.462188739791573,1
V265_150_TOP,8.5,2026-05,202605042009,0.25886728037214946,2,0,0.0,8.64406779661017,0
V265_150_TOP,8.5,2026-05,202605050202,0.4373883697872649,2,0,0.0,3.988271604938272,0
V265_150_TOP,8.5,2026-05,202605050203,0.30868866808808765,2,0,0.0,7.600638977635782,1
V265_150_TOP,8.5,2026-05,202605050702,0.2827302596497819,2,0,0.0,8.75390625,1
V265_150_TOP,8.5,2026-05,202605050811,0.24911491615668602,3,0,0.0,8.183008189205426,0
V265_150_TOP,8.5,2026-05,202605051306,0.310707097576146,2,0,0.0,8.202216066481995,0
V265_150_TOP,8.5,2026-05,202605051602,0.38232108311498536,11,0,0.0,8.550423136348845,0
V265_150_TOP,8.5,2026-05,202605061105,0.2590149906132913,3,1,74970.0,7.451212982412784,1
V265_150_TOP,8.5,2026-05,202605072406,0.30619859226561064,2,0,0.0,4.800000000000001,1
V265_150_TOP,8.5,2026-05,202605091805,0.4988221173240365,3,0,0.0,6.62554339016519,0
V265_150_TOP,8.5,2026-05,202605102010,0.32159998232026266,2,0,0.0,4.623404255319148,0
V265_150_TOP,8.5,2026-05,202605111110,0.31665681147793534,5,0,0.0,8.00109384106576,1
V265_150_TOP,8.5,2026-05,202605111606,0.3294092920798156,2,1,56950.0,5.721153846153847,1
V265_150_TOP,8.5,2026-05,202605112308,0.41932373591697775,2,1,57200.0,5.71551724137931,1
V265_150_TOP,8.5,2026-05,202605130406,0.2733289109066219,3,0,0.0,7.977113707494736,1
V265_150_TOP,8.5,2026-05,202605130408,0.3726049596856913,2,0,0.0,3.78125,1
V265_150_TOP,8.5,2026-05,202605170608,0.2434743649074758,2,0,0.0,4.120754716981132,0
V265_150_TOP,8.5,2026-05,202605171007,0.3001471245897618,2,0,0.0,7.096830985915493,0
V265_150_TOP,8.5,2026-05,202605172011,0.27168349193564306,4,0,0.0,7.924163276765884,0
V265_150_TOP,8.5,2026-05,202605191406,0.28641451305292764,3,0,0.0,6.277173913043478,1
V265_150_TOP,8.5,2026-05,202605201505,0.36831672214630873,5,0,0.0,9.03212416974068,1
V265_150_TOP,8.5,2026-05,202605202002,0.3902364898391778,2,0,0.0,9.913647642679901,0
V265_150_TOP,8.5,2026-05,202605211905,0.2542140296328964,4,1,82500.0,8.23576050666169,1
V265_150_TOP,8.5,2026-05,202605231808,0.3333535314002997,3,0,0.0,8.281614987590556,1
V265_150_TOP,8.5,2026-05,202605242411,0.2560659418383574,4,0,0.0,9.319225011568243,1
V265_150_TOP,8.5,2026-05,202605251307,0.31839257404333704,2,0,0.0,4.701492537313433,0
V265_150_TOP,8.5,2026-05,202605252408,0.2683925891046128,4,0,0.0,8.205166669534616,1
V265_150_TOP,8.5,2026-05,202605261206,0.2477934156913327,2,1,67200.0,6.72,1
V265_150_TOP,8.5,2026-05,202605270807,0.262551344006724,4,0,0.0,8.547603672403627,1
V265_150_TOP,8.5,2026-05,202605271204,0.28937073822663967,2,0,0.0,8.764044943820224,0
V265_150_TOP,8.5,2026-05,202605281008,0.3394806794482317,4,1,66660.0,6.664925383949871,1
V265_150_TOP,8.5,2026-05,202605281810,0.2623597545442885,2,0,0.0,8.917808219178083,0
V265_150_TOP,8.5,2026-05,202605291807,0.3051705159788475,2,0,0.0,6.151470588235294,0
V265_150_TOP,8.5,2026-05,202605300104,0.30572605729587143,2,0,0.0,6.913636363636364,0
V265_150_TOP,8.5,2026-05,202605301108,0.25160674324500787,2,0,0.0,6.776556776556777,1
V265_150_TOP,8.5,2026-05,202605312304,0.36738655362659883,4,0,0.0,8.099568400993501,0
V265_150_TOP,8.5,2026-06,202606010506,0.36594410389470916,2,0,0.0,3.788235294117647,0
V265_150_TOP,8.5,2026-06,202606010803,0.3785796943328967,4,0,0.0,7.4520744638975,0
V265_150_TOP,8.5,2026-06,202606010809,0.24832161283073945,20,0,0.0,8.720877511477761,0
V265_150_TOP,8.5,2026-06,202606012402,0.3590901703058144,2,0,0.0,7.068131868131867,0
V265_150_TOP,8.5,2026-06,202606020906,0.3602669695041363,2,0,0.0,5.71551724137931,0
V265_150_TOP,8.5,2026-06,202606021007,0.3518746079224508,3,1,90420.0,8.911720981940872,1
V265_150_TOP,8.5,2026-06,202606022307,0.4258963489942831,2,0,0.0,6.739436619718309,0
V265_150_TOP,8.5,2026-06,202606032109,0.2713410185903159,2,0,0.0,8.772164948453609,0
V265_150_TOP,8.5,2026-06,202606040305,0.24408635071936263,2,0,0.0,8.526,1
V265_150_TOP,8.5,2026-06,202606040506,0.4434719346808655,2,1,50960.00000000001,5.092156862745099,1
V265_150_TOP,8.5,2026-06,202606041307,0.26835929727158797,5,0,0.0,7.852496174598961,1
V265_150_TOP,8.5,2026-06,202606050305,0.35764444916116395,5,0,0.0,8.835000085321218,0
V265_150_TOP,8.5,2026-06,202606060702,0.2906926493503423,3,0,0.0,8.3017138063279,1
V265_150_TOP,8.5,2026-06,202606060802,0.38039058176256874,9,0,0.0,8.41434894797399,0
V265_150_TOP,8.5,2026-06,202606061506,0.3011753407092139,2,0,0.0,8.863259668508288,0
V265_150_TOP,8.5,2026-06,202606071005,0.34081122836180394,2,0,0.0,4.4224719101123595,0
V265_150_TOP,8.5,2026-06,202606080510,0.3289919650977192,2,0,0.0,8.84047619047619,0
V265_150_TOP,8.5,2026-06,202606080910,0.5015739334864578,2,0,0.0,8.3,1
V265_150_TOP,8.5,2026-06,202606100903,0.29146048665616564,4,0,0.0,7.967861044740476,1
V265_150_TOP,8.5,2026-06,202606121108,0.32163869495459113,2,0,0.0,7.666478873239437,0
V265_150_TOP,8.5,2026-06,202606121901,0.33821929331480793,6,0,0.0,8.250940030355967,0
V265_150_TOP,8.5,2026-06,202606122306,0.3342251394193841,4,1,76400.0,7.5948803875220126,1
V265_150_TOP,8.5,2026-06,202606130609,0.31481860217130947,3,0,0.0,8.220363366055226,0
V265_150_TOP,8.5,2026-06,202606130702,0.26323389237519057,5,0,0.0,9.108560379105606,1
V265_150_TOP,8.5,2026-06,202606132204,0.310701165317296,5,1,81060.0,7.967850265769861,1
V265_150_TOP,8.5,2026-06,202606142208,0.2577106658561332,2,0,0.0,4.795024875621891,0
V265_150_TOP,8.5,2026-06,202606150310,0.49326789418983,3,0,0.0,8.185364111827596,0
V265_150_TOP,8.5,2026-06,202606180205,0.3467257339091954,2,0,0.0,4.699530516431925,0
V265_150_TOP,8.5,2026-06,202606190903,0.24990605274821506,3,0,0.0,7.336905380729604,0
V265_150_TOP,8.5,2026-06,202606192107,0.2662623010537389,4,0,0.0,8.82094756688449,0
V265_150_TOP,8.5,2026-06,202606200903,0.2525040498042399,7,0,0.0,8.362740337696428,0
V265_150_TOP,8.5,2026-06,202606201709,0.39783307587696626,3,0,0.0,8.830110752500971,1
V265_150_TOP,8.5,2026-06,202606210906,0.38860843491367053,2,1,49680.0,4.964634146341463,1
V265_150_TOP,8.5,2026-06,202606222204,0.24579660471103587,13,0,0.0,7.970332162285325,0
V265_150_TOP,8.5,2026-06,202606240605,0.24632202556586566,2,1,112640.00000000001,11.200000000000001,1
V265_150_TOP,8.5,2026-06,202606241207,0.4926793526575593,3,0,0.0,8.919440657922056,1
V265_150_TOP,8.5,2026-06,202606241210,0.2818248279156755,2,0,0.0,8.1865889212828,0
V265_150_TOP,8.5,2026-06,202606260304,0.29264012228437525,3,0,0.0,8.705698395989252,0
V265_150_TOP,8.5,2026-06,202606260410,0.3749345858451627,4,0,0.0,9.602470299015934,0
V265_150_TOP,8.5,2026-06,202606260705,0.5851971954012899,2,0,0.0,5.211428571428571,1
V265_150_TOP,8.5,2026-06,202606261709,0.28107228746373475,3,0,0.0,8.132231404958679,0
V265_150_TOP,8.5,2026-06,202606280508,0.3729118086740424,2,0,0.0,10.065777777777779,0
V265_150_TOP,8.5,2026-06,202606281008,0.30489132749319986,2,0,0.0,9.617158671586715,0
V265_150_TOP,8.5,2026-06,202606290310,0.2587951198849846,17,0,0.0,8.259643440540955,1
V265_150_TOP,8.5,2026-06,202606290806,0.2475238074585083,2,0,0.0,10.50532212885154,1
V265_150_TOP,8.5,2026-06,202606292011,0.27730611462766674,3,0,0.0,7.658392203428784,0
V265_150_TOP,8.5,2026-06,202606302304,0.35973476964265916,2,0,0.0,5.979583333333333,0
V265_150_TOP,9.0,2026-04,202604010110,0.3362295879131521,7,0,0.0,8.399906627782231,0
V265_150_TOP,9.0,2026-04,202604010206,0.33214018162072423,2,0,0.0,7.370847457627118,0
V265_150_TOP,9.0,2026-04,202604010603,0.2609591127615143,3,0,0.0,9.918110550435095,1
V265_150_TOP,9.0,2026-04,202604010804,0.3468489514909023,2,0,0.0,7.793823529411765,1
V265_150_TOP,9.0,2026-04,202604020108,0.4070439189785264,2,0,0.0,6.069958847736625,0
V265_150_TOP,9.0,2026-04,202604022209,0.2755935637859709,2,0,0.0,7.392739273927393,0
V265_150_TOP,9.0,2026-04,202604030402,0.48937395159720765,2,0,0.0,7.531353135313531,0
V265_150_TOP,9.0,2026-04,202604031806,0.287423792554616,2,0,0.0,6.532584269662922,0
V265_150_TOP,9.0,2026-04,202604042202,0.4880670097925171,2,0,0.0,6.39375,0
V265_150_TOP,9.0,2026-04,202604052207,0.2416130536111222,3,0,0.0,8.734920117378547,0
V265_150_TOP,9.0,2026-04,202604070808,0.38058106631389443,2,0,0.0,5.27688679245283,0
V265_150_TOP,9.0,2026-04,202604071007,0.24333976062105006,4,0,0.0,8.925989626425178,0
V265_150_TOP,9.0,2026-04,202604072403,0.40112025911238636,3,0,0.0,8.455476753349094,0
V265_150_TOP,9.0,2026-04,202604081111,0.27394923637944474,4,0,0.0,7.959152398267687,0
V265_150_TOP,9.0,2026-04,202604082306,0.3161619638251451,2,1,54500.0,5.399537037037037,1
V265_150_TOP,9.0,2026-04,202604090703,0.29607193225057943,2,0,0.0,7.899683544303797,1
V265_150_TOP,9.0,2026-04,202604120406,0.2426947482399163,14,0,0.0,9.0587033322292,0
V265_150_TOP,9.0,2026-04,202604120608,0.2641659660236303,3,0,0.0,8.712903538804873,0
V265_150_TOP,9.0,2026-04,202604121607,0.24832183221463933,4,0,0.0,7.630673051961073,0
V265_150_TOP,9.0,2026-04,202604130608,0.24320950647373815,2,0,0.0,5.916115702479338,1
V265_150_TOP,9.0,2026-04,202604140304,0.3100778813201366,2,0,0.0,4.544623655913979,0
V265_150_TOP,9.0,2026-04,202604150307,0.593318392368867,2,0,0.0,11.3216796875,0
V265_150_TOP,9.0,2026-04,202604160906,0.35225612672503215,5,0,0.0,8.09617268360313,1
V265_150_TOP,9.0,2026-04,202604170305,0.357939654795687,2,0,0.0,5.5560538116591935,0
V265_150_TOP,9.0,2026-04,202604180305,0.25492083050148273,4,0,0.0,8.137668289111541,1
V265_150_TOP,9.0,2026-04,202604190703,0.2437447591318216,2,0,0.0,6.153024911032029,0
V265_150_TOP,9.0,2026-04,202604191506,0.29678605281374837,2,0,0.0,4.394886363636363,0
V265_150_TOP,9.0,2026-04,202604210702,0.26076238248617817,3,0,0.0,8.358417736993513,0
V265_150_TOP,9.0,2026-04,202604211109,0.3090936507909546,2,0,0.0,8.955675675675677,0
V265_150_TOP,9.0,2026-04,202604221103,0.25063430956798277,4,0,0.0,8.39482645871152,1
V265_150_TOP,9.0,2026-04,202604230507,0.2559352279327435,2,1,94320.0,9.416625916870416,1
V265_150_TOP,9.0,2026-04,202604231603,0.32365934870317803,4,0,0.0,10.102084453747453,0
V265_150_TOP,9.0,2026-04,202604240706,0.32728775135432353,2,0,0.0,4.871794871794871,0
V265_150_TOP,9.0,2026-04,202604242308,0.38885571343152375,3,0,0.0,11.19641356122163,0
V265_150_TOP,9.0,2026-04,202604250708,0.27094714348642746,2,0,0.0,4.786363636363636,1
V265_150_TOP,9.0,2026-04,202604250903,0.3091599966321962,4,0,0.0,8.082712670205021,0
V265_150_TOP,9.0,2026-04,202604251307,0.34537629783734936,3,0,0.0,8.390553368835379,0
V265_150_TOP,9.0,2026-04,202604252307,0.27914210241591064,6,0,0.0,7.584312201481032,1
V265_150_TOP,9.0,2026-04,202604260310,0.4493967679409928,3,0,0.0,7.580606060606061,0
V265_150_TOP,9.0,2026-04,202604270606,0.30847001967163723,2,0,0.0,9.115777777777778,1
V265_150_TOP,9.0,2026-04,202604271607,0.3809196445792722,3,0,0.0,8.33878914744804,0
V265_150_TOP,9.0,2026-04,202604272402,0.2672130500713039,4,0,0.0,8.22555990572085,0
V265_150_TOP,9.0,2026-04,202604280603,0.3962156158883456,2,0,0.0,4.712,0
V265_150_TOP,9.0,2026-04,202604280606,0.30825676584573025,4,1,85000.0,8.51054853178589,1
V265_150_TOP,9.0,2026-04,202604281502,0.26526396999897645,5,0,0.0,8.50973868696365,0
V265_150_TOP,9.0,2026-04,202604281606,0.25152737307782036,6,0,0.0,7.942489632683681,0
V265_150_TOP,9.0,2026-04,202604290306,0.49265548432403744,2,0,0.0,6.274603174603175,0
V265_150_TOP,9.0,2026-04,202604291402,0.2666358596270563,3,0,0.0,7.570394379556842,0
V265_150_TOP,9.0,2026-05,202605021103,0.3072452374968523,2,1,62160.0,6.268235294117647,1
V265_150_TOP,9.0,2026-05,202605022307,0.34170870197982584,2,0,0.0,3.5517857142857143,0
V265_150_TOP,9.0,2026-05,202605030104,0.2872839999062184,2,0,0.0,6.849097472924187,0
V265_150_TOP,9.0,2026-05,202605030105,0.2831216910479071,2,0,0.0,6.595289855072465,0
V265_150_TOP,9.0,2026-05,202605030805,0.24374495981363578,2,1,95360.0,9.537439613526569,1
V265_150_TOP,9.0,2026-05,202605030811,0.27686272109708754,2,0,0.0,8.817567567567567,0
V265_150_TOP,9.0,2026-05,202605031208,0.2678317107188303,2,0,0.0,11.18339552238806,0
V265_150_TOP,9.0,2026-05,202605032307,0.31544784052996705,2,0,0.0,7.57125748502994,1
V265_150_TOP,9.0,2026-05,202605040202,0.37601386873550596,2,0,0.0,8.46798866855524,0
V265_150_TOP,9.0,2026-05,202605040403,0.30887777183407106,3,0,0.0,7.384505010433035,0
V265_150_TOP,9.0,2026-05,202605040701,0.24814357428661404,2,1,93100.0,9.398936170212767,1
V265_150_TOP,9.0,2026-05,202605041410,0.3140222197932346,4,0,0.0,9.462188739791573,1
V265_150_TOP,9.0,2026-05,202605042009,0.25886728037214946,2,0,0.0,8.64406779661017,0
V265_150_TOP,9.0,2026-05,202605050202,0.4373883697872649,2,0,0.0,3.988271604938272,0
V265_150_TOP,9.0,2026-05,202605050203,0.30868866808808765,2,0,0.0,7.600638977635782,1
V265_150_TOP,9.0,2026-05,202605050702,0.2827302596497819,2,0,0.0,8.75390625,1
V265_150_TOP,9.0,2026-05,202605050811,0.24911491615668602,2,0,0.0,9.711219512195123,0
V265_150_TOP,9.0,2026-05,202605051306,0.310707097576146,2,0,0.0,8.202216066481995,0
V265_150_TOP,9.0,2026-05,202605051602,0.38232108311498536,10,0,0.0,9.31477294539011,0
V265_150_TOP,9.0,2026-05,202605061105,0.2590149906132913,3,1,74970.0,7.451212982412784,1
V265_150_TOP,9.0,2026-05,202605072406,0.30619859226561064,2,0,0.0,4.800000000000001,1
V265_150_TOP,9.0,2026-05,202605091805,0.4988221173240365,2,0,0.0,10.699792960662526,0
V265_150_TOP,9.0,2026-05,202605102010,0.32159998232026266,2,0,0.0,4.623404255319148,0
V265_150_TOP,9.0,2026-05,202605111110,0.31665681147793534,4,0,0.0,9.54001658122034,1
V265_150_TOP,9.0,2026-05,202605111606,0.3294092920798156,2,1,56950.0,5.721153846153847,1
V265_150_TOP,9.0,2026-05,202605112308,0.41932373591697775,2,1,57200.0,5.71551724137931,1
V265_150_TOP,9.0,2026-05,202605130406,0.2733289109066219,3,0,0.0,7.977113707494736,1
V265_150_TOP,9.0,2026-05,202605130408,0.3726049596856913,2,0,0.0,3.78125,1
V265_150_TOP,9.0,2026-05,202605170608,0.2434743649074758,2,0,0.0,4.120754716981132,0
V265_150_TOP,9.0,2026-05,202605171007,0.3001471245897618,2,0,0.0,7.096830985915493,0
V265_150_TOP,9.0,2026-05,202605172011,0.27168349193564306,3,0,0.0,9.40946477530099,0
V265_150_TOP,9.0,2026-05,202605191406,0.28641451305292764,2,0,0.0,11.379310344827585,1
V265_150_TOP,9.0,2026-05,202605201505,0.36831672214630873,5,0,0.0,9.03212416974068,1
V265_150_TOP,9.0,2026-05,202605202002,0.3902364898391778,2,0,0.0,9.913647642679901,0
V265_150_TOP,9.0,2026-05,202605211905,0.2542140296328964,3,1,94050.0,9.380257621666642,1
V265_150_TOP,9.0,2026-05,202605231808,0.3333535314002997,2,0,0.0,8.795675675675675,1
V265_150_TOP,9.0,2026-05,202605242411,0.2560659418383574,4,0,0.0,9.319225011568243,1
V265_150_TOP,9.0,2026-05,202605251307,0.31839257404333704,2,0,0.0,4.701492537313433,0
V265_150_TOP,9.0,2026-05,202605252408,0.2683925891046128,4,0,0.0,8.205166669534616,1
V265_150_TOP,9.0,2026-05,202605261206,0.2477934156913327,2,1,67200.0,6.72,1
V265_150_TOP,9.0,2026-05,202605270807,0.262551344006724,4,0,0.0,8.547603672403627,1
V265_150_TOP,9.0,2026-05,202605271204,0.28937073822663967,2,0,0.0,8.764044943820224,0
V265_150_TOP,9.0,2026-05,202605281008,0.3394806794482317,3,1,103020.0,10.418279867526808,1
V265_150_TOP,9.0,2026-05,202605281810,0.2623597545442885,2,0,0.0,8.917808219178083,0
V265_150_TOP,9.0,2026-05,202605291807,0.3051705159788475,2,0,0.0,6.151470588235294,0
V265_150_TOP,9.0,2026-05,202605300104,0.30572605729587143,2,0,0.0,6.913636363636364,0
V265_150_TOP,9.0,2026-05,202605301108,0.25160674324500787,2,0,0.0,6.776556776556777,1
V265_150_TOP,9.0,2026-05,202605312304,0.36738655362659883,4,0,0.0,8.099568400993501,0
V265_150_TOP,9.0,2026-06,202606010506,0.36594410389470916,2,0,0.0,3.788235294117647,0
V265_150_TOP,9.0,2026-06,202606010803,0.3785796943328967,4,0,0.0,7.4520744638975,0
V265_150_TOP,9.0,2026-06,202606010809,0.24832161283073945,17,0,0.0,9.028603707910664,0
V265_150_TOP,9.0,2026-06,202606012402,0.3590901703058144,2,0,0.0,7.068131868131867,0
V265_150_TOP,9.0,2026-06,202606020906,0.3602669695041363,2,0,0.0,5.71551724137931,0
V265_150_TOP,9.0,2026-06,202606021007,0.3518746079224508,3,1,90420.0,8.911720981940872,1
V265_150_TOP,9.0,2026-06,202606022307,0.4258963489942831,2,0,0.0,6.739436619718309,0
V265_150_TOP,9.0,2026-06,202606032109,0.2713410185903159,2,0,0.0,8.772164948453609,0
V265_150_TOP,9.0,2026-06,202606040305,0.24408635071936263,2,0,0.0,8.526,1
V265_150_TOP,9.0,2026-06,202606040506,0.4434719346808655,2,1,50960.00000000001,5.092156862745099,1
V265_150_TOP,9.0,2026-06,202606041307,0.26835929727158797,4,0,0.0,9.477417182731694,1
V265_150_TOP,9.0,2026-06,202606050305,0.35764444916116395,5,0,0.0,8.835000085321218,0
V265_150_TOP,9.0,2026-06,202606060702,0.2906926493503423,3,0,0.0,8.3017138063279,1
V265_150_TOP,9.0,2026-06,202606060802,0.38039058176256874,9,0,0.0,8.41434894797399,0
V265_150_TOP,9.0,2026-06,202606061506,0.3011753407092139,2,0,0.0,8.863259668508288,0
V265_150_TOP,9.0,2026-06,202606071005,0.34081122836180394,2,0,0.0,4.4224719101123595,0
V265_150_TOP,9.0,2026-06,202606080510,0.3289919650977192,2,0,0.0,8.84047619047619,0
V265_150_TOP,9.0,2026-06,202606080910,0.5015739334864578,2,0,0.0,8.3,1
V265_150_TOP,9.0,2026-06,202606100903,0.29146048665616564,4,0,0.0,7.967861044740476,1
V265_150_TOP,9.0,2026-06,202606121108,0.32163869495459113,2,0,0.0,7.666478873239437,0
V265_150_TOP,9.0,2026-06,202606121901,0.33821929331480793,5,0,0.0,8.77725240866399,0
V265_150_TOP,9.0,2026-06,202606122306,0.3342251394193841,4,1,76400.0,7.5948803875220126,1
V265_150_TOP,9.0,2026-06,202606130609,0.31481860217130947,2,0,0.0,9.481558441558441,0
V265_150_TOP,9.0,2026-06,202606130702,0.26323389237519057,5,0,0.0,9.108560379105606,1
V265_150_TOP,9.0,2026-06,202606132204,0.310701165317296,4,0,0.0,9.23930839836868,1
V265_150_TOP,9.0,2026-06,202606142208,0.2577106658561332,2,0,0.0,4.795024875621891,0
V265_150_TOP,9.0,2026-06,202606150310,0.49326789418983,3,0,0.0,8.185364111827596,0
V265_150_TOP,9.0,2026-06,202606180205,0.3467257339091954,2,0,0.0,4.699530516431925,0
V265_150_TOP,9.0,2026-06,202606190903,0.24990605274821506,3,0,0.0,7.336905380729604,0
V265_150_TOP,9.0,2026-06,202606192107,0.2662623010537389,4,0,0.0,8.82094756688449,0
V265_150_TOP,9.0,2026-06,202606200903,0.2525040498042399,6,0,0.0,8.964401338299107,0
V265_150_TOP,9.0,2026-06,202606201709,0.39783307587696626,3,0,0.0,8.830110752500971,1
V265_150_TOP,9.0,2026-06,202606210906,0.38860843491367053,2,1,49680.0,4.964634146341463,1
V265_150_TOP,9.0,2026-06,202606222204,0.24579660471103587,12,0,0.0,9.384235220874931,0
V265_150_TOP,9.0,2026-06,202606240605,0.24632202556586566,2,1,112640.00000000001,11.200000000000001,1
V265_150_TOP,9.0,2026-06,202606241207,0.4926793526575593,3,0,0.0,8.919440657922056,1
V265_150_TOP,9.0,2026-06,202606241210,0.2818248279156755,2,0,0.0,8.1865889212828,0
V265_150_TOP,9.0,2026-06,202606260304,0.29264012228437525,3,0,0.0,8.705698395989252,0
V265_150_TOP,9.0,2026-06,202606260410,0.3749345858451627,4,0,0.0,9.602470299015934,0
V265_150_TOP,9.0,2026-06,202606260705,0.5851971954012899,2,0,0.0,5.211428571428571,1
V265_150_TOP,9.0,2026-06,202606261709,0.28107228746373475,3,0,0.0,8.132231404958679,0
V265_150_TOP,9.0,2026-06,202606280508,0.3729118086740424,2,0,0.0,10.065777777777779,0
V265_150_TOP,9.0,2026-06,202606281008,0.30489132749319986,2,0,0.0,9.617158671586715,0
V265_150_TOP,9.0,2026-06,202606290310,0.2587951198849846,16,0,0.0,8.863694214269078,1
V265_150_TOP,9.0,2026-06,202606290806,0.2475238074585083,2,0,0.0,10.50532212885154,1
V265_150_TOP,9.0,2026-06,202606292011,0.27730611462766674,3,0,0.0,7.658392203428784,0
V265_150_TOP,9.0,2026-06,202606302304,0.35973476964265916,2,0,0.0,5.979583333333333,0
V265_150_TOP,9.5,2026-04,202604010110,0.3362295879131521,6,0,0.0,9.848742276128478,0
V265_150_TOP,9.5,2026-04,202604010206,0.33214018162072423,2,0,0.0,7.370847457627118,0
V265_150_TOP,9.5,2026-04,202604010603,0.2609591127615143,3,0,0.0,9.918110550435095,1
V265_150_TOP,9.5,2026-04,202604010804,0.3468489514909023,2,0,0.0,7.793823529411765,1
V265_150_TOP,9.5,2026-04,202604020108,0.4070439189785264,2,0,0.0,6.069958847736625,0
V265_150_TOP,9.5,2026-04,202604022209,0.2755935637859709,2,0,0.0,7.392739273927393,0
V265_150_TOP,9.5,2026-04,202604030402,0.48937395159720765,2,0,0.0,7.531353135313531,0
V265_150_TOP,9.5,2026-04,202604031806,0.287423792554616,2,0,0.0,6.532584269662922,0
V265_150_TOP,9.5,2026-04,202604042202,0.4880670097925171,2,0,0.0,6.39375,0
V265_150_TOP,9.5,2026-04,202604052207,0.2416130536111222,3,0,0.0,8.734920117378547,0
V265_150_TOP,9.5,2026-04,202604070808,0.38058106631389443,2,0,0.0,5.27688679245283,0
V265_150_TOP,9.5,2026-04,202604071007,0.24333976062105006,4,0,0.0,8.925989626425178,0
V265_150_TOP,9.5,2026-04,202604072403,0.40112025911238636,3,0,0.0,8.455476753349094,0
V265_150_TOP,9.5,2026-04,202604081111,0.27394923637944474,3,0,0.0,10.499086401731558,0
V265_150_TOP,9.5,2026-04,202604082306,0.3161619638251451,2,1,54500.0,5.399537037037037,1
V265_150_TOP,9.5,2026-04,202604090703,0.29607193225057943,2,0,0.0,7.899683544303797,1
V265_150_TOP,9.5,2026-04,202604120406,0.2426947482399163,12,0,0.0,9.388962528271948,0
V265_150_TOP,9.5,2026-04,202604120608,0.2641659660236303,3,0,0.0,8.712903538804873,0
V265_150_TOP,9.5,2026-04,202604121607,0.24832183221463933,3,0,0.0,10.517589971694298,0
V265_150_TOP,9.5,2026-04,202604130608,0.24320950647373815,2,0,0.0,5.916115702479338,1
V265_150_TOP,9.5,2026-04,202604140304,0.3100778813201366,2,0,0.0,4.544623655913979,0
V265_150_TOP,9.5,2026-04,202604150307,0.593318392368867,2,0,0.0,11.3216796875,0
V265_150_TOP,9.5,2026-04,202604160906,0.35225612672503215,5,0,0.0,8.09617268360313,1
V265_150_TOP,9.5,2026-04,202604170305,0.357939654795687,2,0,0.0,5.5560538116591935,0
V265_150_TOP,9.5,2026-04,202604180305,0.25492083050148273,4,0,0.0,8.137668289111541,1
V265_150_TOP,9.5,2026-04,202604190703,0.2437447591318216,2,0,0.0,6.153024911032029,0
V265_150_TOP,9.5,2026-04,202604191506,0.29678605281374837,2,0,0.0,4.394886363636363,0
V265_150_TOP,9.5,2026-04,202604210702,0.26076238248617817,3,0,0.0,8.358417736993513,0
V265_150_TOP,9.5,2026-04,202604211109,0.3090936507909546,2,0,0.0,8.955675675675677,0
V265_150_TOP,9.5,2026-04,202604221103,0.25063430956798277,3,0,0.0,9.78468682896541,1
V265_150_TOP,9.5,2026-04,202604230507,0.2559352279327435,2,1,94320.0,9.416625916870416,1
V265_150_TOP,9.5,2026-04,202604231603,0.32365934870317803,4,0,0.0,10.102084453747453,0
V265_150_TOP,9.5,2026-04,202604240706,0.32728775135432353,2,0,0.0,4.871794871794871,0
V265_150_TOP,9.5,2026-04,202604242308,0.38885571343152375,3,0,0.0,11.19641356122163,0
V265_150_TOP,9.5,2026-04,202604250708,0.27094714348642746,2,0,0.0,4.786363636363636,1
V265_150_TOP,9.5,2026-04,202604250903,0.3091599966321962,4,0,0.0,8.082712670205021,0
V265_150_TOP,9.5,2026-04,202604251307,0.34537629783734936,3,0,0.0,8.390553368835379,0
V265_150_TOP,9.5,2026-04,202604252307,0.27914210241591064,6,0,0.0,7.584312201481032,1
V265_150_TOP,9.5,2026-04,202604260310,0.4493967679409928,2,0,0.0,11.167857142857143,0
V265_150_TOP,9.5,2026-04,202604270606,0.30847001967163723,2,0,0.0,9.115777777777778,1
V265_150_TOP,9.5,2026-04,202604271607,0.3809196445792722,3,0,0.0,8.33878914744804,0
V265_150_TOP,9.5,2026-04,202604272402,0.2672130500713039,4,0,0.0,8.22555990572085,0
V265_150_TOP,9.5,2026-04,202604280603,0.3962156158883456,2,0,0.0,4.712,0
V265_150_TOP,9.5,2026-04,202604280606,0.30825676584573025,3,1,97500.0,9.792724839563247,1
V265_150_TOP,9.5,2026-04,202604281502,0.26526396999897645,4,0,0.0,10.202078259060256,0
V265_150_TOP,9.5,2026-04,202604281606,0.25152737307782036,6,0,0.0,7.942489632683681,0
V265_150_TOP,9.5,2026-04,202604290306,0.49265548432403744,2,0,0.0,6.274603174603175,0
V265_150_TOP,9.5,2026-04,202604291402,0.2666358596270563,3,0,0.0,7.570394379556842,0
V265_150_TOP,9.5,2026-05,202605021103,0.3072452374968523,2,1,62160.0,6.268235294117647,1
V265_150_TOP,9.5,2026-05,202605022307,0.34170870197982584,2,0,0.0,3.5517857142857143,0
V265_150_TOP,9.5,2026-05,202605030104,0.2872839999062184,2,0,0.0,6.849097472924187,0
V265_150_TOP,9.5,2026-05,202605030105,0.2831216910479071,2,0,0.0,6.595289855072465,0
V265_150_TOP,9.5,2026-05,202605030805,0.24374495981363578,2,1,95360.0,9.537439613526569,1
V265_150_TOP,9.5,2026-05,202605030811,0.27686272109708754,2,0,0.0,8.817567567567567,0
V265_150_TOP,9.5,2026-05,202605031208,0.2678317107188303,2,0,0.0,11.18339552238806,0
V265_150_TOP,9.5,2026-05,202605032307,0.31544784052996705,2,0,0.0,7.57125748502994,1
V265_150_TOP,9.5,2026-05,202605040202,0.37601386873550596,2,0,0.0,8.46798866855524,0
V265_150_TOP,9.5,2026-05,202605040403,0.30887777183407106,2,0,0.0,11.167303609341825,0
V265_150_TOP,9.5,2026-05,202605040701,0.24814357428661404,2,1,93100.0,9.398936170212767,1
V265_150_TOP,9.5,2026-05,202605041410,0.3140222197932346,4,0,0.0,9.462188739791573,1
V265_150_TOP,9.5,2026-05,202605042009,0.25886728037214946,2,0,0.0,8.64406779661017,0
V265_150_TOP,9.5,2026-05,202605050202,0.4373883697872649,2,0,0.0,3.988271604938272,0
V265_150_TOP,9.5,2026-05,202605050203,0.30868866808808765,2,0,0.0,7.600638977635782,1
V265_150_TOP,9.5,2026-05,202605050702,0.2827302596497819,2,0,0.0,8.75390625,1
V265_150_TOP,9.5,2026-05,202605050811,0.24911491615668602,2,0,0.0,9.711219512195123,0
V265_150_TOP,9.5,2026-05,202605051306,0.310707097576146,2,0,0.0,8.202216066481995,0
V265_150_TOP,9.5,2026-05,202605051602,0.38232108311498536,9,0,0.0,9.613257309054974,0
V265_150_TOP,9.5,2026-05,202605061105,0.2590149906132913,2,1,114660.0,11.460269865067465,1
V265_150_TOP,9.5,2026-05,202605072406,0.30619859226561064,2,0,0.0,4.800000000000001,1
V265_150_TOP,9.5,2026-05,202605091805,0.4988221173240365,2,0,0.0,10.699792960662526,0
V265_150_TOP,9.5,2026-05,202605102010,0.32159998232026266,2,0,0.0,4.623404255319148,0
V265_150_TOP,9.5,2026-05,202605111110,0.31665681147793534,4,0,0.0,9.54001658122034,1
V265_150_TOP,9.5,2026-05,202605111606,0.3294092920798156,2,1,56950.0,5.721153846153847,1
V265_150_TOP,9.5,2026-05,202605112308,0.41932373591697775,2,1,57200.0,5.71551724137931,1
V265_150_TOP,9.5,2026-05,202605130406,0.2733289109066219,2,0,0.0,10.961434977578474,1
V265_150_TOP,9.5,2026-05,202605130408,0.3726049596856913,2,0,0.0,3.78125,1
V265_150_TOP,9.5,2026-05,202605170608,0.2434743649074758,2,0,0.0,4.120754716981132,0
V265_150_TOP,9.5,2026-05,202605171007,0.3001471245897618,2,0,0.0,7.096830985915493,0
V265_150_TOP,9.5,2026-05,202605172011,0.27168349193564306,3,0,0.0,9.40946477530099,0
V265_150_TOP,9.5,2026-05,202605191406,0.28641451305292764,2,0,0.0,11.379310344827585,1
V265_150_TOP,9.5,2026-05,202605201505,0.36831672214630873,5,0,0.0,9.03212416974068,1
V265_150_TOP,9.5,2026-05,202605202002,0.3902364898391778,2,0,0.0,9.913647642679901,0
V265_150_TOP,9.5,2026-05,202605211905,0.2542140296328964,3,1,94050.0,9.380257621666642,1
V265_150_TOP,9.5,2026-05,202605231808,0.3333535314002997,2,0,0.0,8.795675675675675,1
V265_150_TOP,9.5,2026-05,202605242411,0.2560659418383574,4,0,0.0,9.319225011568243,1
V265_150_TOP,9.5,2026-05,202605251307,0.31839257404333704,2,0,0.0,4.701492537313433,0
V265_150_TOP,9.5,2026-05,202605252408,0.2683925891046128,4,0,0.0,8.205166669534616,1
V265_150_TOP,9.5,2026-05,202605261206,0.2477934156913327,2,1,67200.0,6.72,1
V265_150_TOP,9.5,2026-05,202605270807,0.262551344006724,4,0,0.0,8.547603672403627,1
V265_150_TOP,9.5,2026-05,202605271204,0.28937073822663967,2,0,0.0,8.764044943820224,0
V265_150_TOP,9.5,2026-05,202605281008,0.3394806794482317,3,1,103020.0,10.418279867526808,1
V265_150_TOP,9.5,2026-05,202605281810,0.2623597545442885,2,0,0.0,8.917808219178083,0
V265_150_TOP,9.5,2026-05,202605291807,0.3051705159788475,2,0,0.0,6.151470588235294,0
V265_150_TOP,9.5,2026-05,202605300104,0.30572605729587143,2,0,0.0,6.913636363636364,0
V265_150_TOP,9.5,2026-05,202605301108,0.25160674324500787,2,0,0.0,6.776556776556777,1
V265_150_TOP,9.5,2026-05,202605312304,0.36738655362659883,3,0,0.0,10.442496868021134,0
V265_150_TOP,9.5,2026-06,202606010506,0.36594410389470916,2,0,0.0,3.788235294117647,0
V265_150_TOP,9.5,2026-06,202606010803,0.3785796943328967,4,0,0.0,7.4520744638975,0
V265_150_TOP,9.5,2026-06,202606010809,0.24832161283073945,15,0,0.0,9.47969256120926,0
V265_150_TOP,9.5,2026-06,202606012402,0.3590901703058144,2,0,0.0,7.068131868131867,0
V265_150_TOP,9.5,2026-06,202606020906,0.3602669695041363,2,0,0.0,5.71551724137931,0
V265_150_TOP,9.5,2026-06,202606021007,0.3518746079224508,3,1,90420.0,8.911720981940872,1
V265_150_TOP,9.5,2026-06,202606022307,0.4258963489942831,2,0,0.0,6.739436619718309,0
V265_150_TOP,9.5,2026-06,202606032109,0.2713410185903159,2,0,0.0,8.772164948453609,0
V265_150_TOP,9.5,2026-06,202606040305,0.24408635071936263,2,0,0.0,8.526,1
V265_150_TOP,9.5,2026-06,202606040506,0.4434719346808655,2,1,50960.00000000001,5.092156862745099,1
V265_150_TOP,9.5,2026-06,202606041307,0.26835929727158797,4,0,0.0,9.477417182731694,1
V265_150_TOP,9.5,2026-06,202606050305,0.35764444916116395,4,0,0.0,9.714369505505465,0
V265_150_TOP,9.5,2026-06,202606060702,0.2906926493503423,3,0,0.0,8.3017138063279,1
V265_150_TOP,9.5,2026-06,202606060802,0.38039058176256874,8,0,0.0,9.650282675147139,0
V265_150_TOP,9.5,2026-06,202606061506,0.3011753407092139,2,0,0.0,8.863259668508288,0
V265_150_TOP,9.5,2026-06,202606071005,0.34081122836180394,2,0,0.0,4.4224719101123595,0
V265_150_TOP,9.5,2026-06,202606080510,0.3289919650977192,2,0,0.0,8.84047619047619,0
V265_150_TOP,9.5,2026-06,202606080910,0.5015739334864578,2,0,0.0,8.3,1
V265_150_TOP,9.5,2026-06,202606100903,0.29146048665616564,3,0,0.0,10.074807707987933,1
V265_150_TOP,9.5,2026-06,202606121108,0.32163869495459113,2,0,0.0,7.666478873239437,0
V265_150_TOP,9.5,2026-06,202606121901,0.33821929331480793,4,0,0.0,10.025417191532664,0
V265_150_TOP,9.5,2026-06,202606122306,0.3342251394193841,4,1,76400.0,7.5948803875220126,1
V265_150_TOP,9.5,2026-06,202606130609,0.31481860217130947,2,0,0.0,9.481558441558441,0
V265_150_TOP,9.5,2026-06,202606130702,0.26323389237519057,5,0,0.0,9.108560379105606,1
V265_150_TOP,9.5,2026-06,202606132204,0.310701165317296,4,0,0.0,9.23930839836868,1
V265_150_TOP,9.5,2026-06,202606142208,0.2577106658561332,2,0,0.0,4.795024875621891,0
V265_150_TOP,9.5,2026-06,202606150310,0.49326789418983,2,0,0.0,9.859756097560977,0
V265_150_TOP,9.5,2026-06,202606180205,0.3467257339091954,2,0,0.0,4.699530516431925,0
V265_150_TOP,9.5,2026-06,202606190903,0.24990605274821506,3,0,0.0,7.336905380729604,0
V265_150_TOP,9.5,2026-06,202606192107,0.2662623010537389,4,0,0.0,8.82094756688449,0
V265_150_TOP,9.5,2026-06,202606200903,0.2525040498042399,6,0,0.0,8.964401338299107,0
V265_150_TOP,9.5,2026-06,202606201709,0.39783307587696626,3,0,0.0,8.830110752500971,1
V265_150_TOP,9.5,2026-06,202606210906,0.38860843491367053,2,1,49680.0,4.964634146341463,1
V265_150_TOP,9.5,2026-06,202606222204,0.24579660471103587,11,0,0.0,9.520765016717775,0
V265_150_TOP,9.5,2026-06,202606240605,0.24632202556586566,2,1,112640.00000000001,11.200000000000001,1
V265_150_TOP,9.5,2026-06,202606241207,0.4926793526575593,3,0,0.0,8.919440657922056,1
V265_150_TOP,9.5,2026-06,202606241210,0.2818248279156755,2,0,0.0,8.1865889212828,0
V265_150_TOP,9.5,2026-06,202606260304,0.29264012228437525,3,0,0.0,8.705698395989252,0
V265_150_TOP,9.5,2026-06,202606260410,0.3749345858451627,4,0,0.0,9.602470299015934,0
V265_150_TOP,9.5,2026-06,202606260705,0.5851971954012899,2,0,0.0,5.211428571428571,1
V265_150_TOP,9.5,2026-06,202606261709,0.28107228746373475,3,0,0.0,8.132231404958679,0
V265_150_TOP,9.5,2026-06,202606280508,0.3729118086740424,2,0,0.0,10.065777777777779,0
V265_150_TOP,9.5,2026-06,202606281008,0.30489132749319986,2,0,0.0,9.617158671586715,0
V265_150_TOP,9.5,2026-06,202606290310,0.2587951198849846,16,0,0.0,8.863694214269078,1
V265_150_TOP,9.5,2026-06,202606290806,0.2475238074585083,2,0,0.0,10.50532212885154,1
V265_150_TOP,9.5,2026-06,202606292011,0.27730611462766674,2,0,0.0,10.499787685774947,0
V265_150_TOP,9.5,2026-06,202606302304,0.35973476964265916,2,0,0.0,5.979583333333333,0
V265_150_TOP,10.0,2026-04,202604010110,0.3362295879131521,6,0,0.0,9.848742276128478,0
V265_150_TOP,10.0,2026-04,202604010206,0.33214018162072423,2,0,0.0,7.370847457627118,0
V265_150_TOP,10.0,2026-04,202604010603,0.2609591127615143,3,0,0.0,9.918110550435095,1
V265_150_TOP,10.0,2026-04,202604010804,0.3468489514909023,2,0,0.0,7.793823529411765,1
V265_150_TOP,10.0,2026-04,202604020108,0.4070439189785264,2,0,0.0,6.069958847736625,0
V265_150_TOP,10.0,2026-04,202604022209,0.2755935637859709,2,0,0.0,7.392739273927393,0
V265_150_TOP,10.0,2026-04,202604030402,0.48937395159720765,2,0,0.0,7.531353135313531,0
V265_150_TOP,10.0,2026-04,202604031806,0.287423792554616,2,0,0.0,6.532584269662922,0
V265_150_TOP,10.0,2026-04,202604042202,0.4880670097925171,2,0,0.0,6.39375,0
V265_150_TOP,10.0,2026-04,202604052207,0.2416130536111222,2,0,0.0,10.804597701149426,0
V265_150_TOP,10.0,2026-04,202604070808,0.38058106631389443,2,0,0.0,5.27688679245283,0
V265_150_TOP,10.0,2026-04,202604071007,0.24333976062105006,4,0,0.0,8.925989626425178,0
V265_150_TOP,10.0,2026-04,202604072403,0.40112025911238636,3,0,0.0,8.455476753349094,0
V265_150_TOP,10.0,2026-04,202604081111,0.27394923637944474,3,0,0.0,10.499086401731558,0
V265_150_TOP,10.0,2026-04,202604082306,0.3161619638251451,2,1,54500.0,5.399537037037037,1
V265_150_TOP,10.0,2026-04,202604090703,0.29607193225057943,2,0,0.0,7.899683544303797,1
V265_150_TOP,10.0,2026-04,202604120406,0.2426947482399163,11,0,0.0,10.18305129065961,0
V265_150_TOP,10.0,2026-04,202604120608,0.2641659660236303,3,0,0.0,8.712903538804873,0
V265_150_TOP,10.0,2026-04,202604121607,0.24832183221463933,3,0,0.0,10.517589971694298,0
V265_150_TOP,10.0,2026-04,202604130608,0.24320950647373815,2,0,0.0,5.916115702479338,1
V265_150_TOP,10.0,2026-04,202604140304,0.3100778813201366,2,0,0.0,4.544623655913979,0
V265_150_TOP,10.0,2026-04,202604150307,0.593318392368867,2,0,0.0,11.3216796875,0
V265_150_TOP,10.0,2026-04,202604160906,0.35225612672503215,4,0,0.0,11.439806100935694,1
V265_150_TOP,10.0,2026-04,202604170305,0.357939654795687,2,0,0.0,5.5560538116591935,0
V265_150_TOP,10.0,2026-04,202604180305,0.25492083050148273,3,0,0.0,11.166697674418606,1
V265_150_TOP,10.0,2026-04,202604190703,0.2437447591318216,2,0,0.0,6.153024911032029,0
V265_150_TOP,10.0,2026-04,202604191506,0.29678605281374837,2,0,0.0,4.394886363636363,0
V265_150_TOP,10.0,2026-04,202604210702,0.26076238248617817,3,0,0.0,8.358417736993513,0
V265_150_TOP,10.0,2026-04,202604211109,0.3090936507909546,2,0,0.0,8.955675675675677,0
V265_150_TOP,10.0,2026-04,202604221103,0.25063430956798277,3,0,0.0,9.78468682896541,1
V265_150_TOP,10.0,2026-04,202604230507,0.2559352279327435,2,1,94320.0,9.416625916870416,1
V265_150_TOP,10.0,2026-04,202604231603,0.32365934870317803,4,0,0.0,10.102084453747453,0
V265_150_TOP,10.0,2026-04,202604240706,0.32728775135432353,2,0,0.0,4.871794871794871,0
V265_150_TOP,10.0,2026-04,202604242308,0.38885571343152375,3,0,0.0,11.19641356122163,0
V265_150_TOP,10.0,2026-04,202604250708,0.27094714348642746,2,0,0.0,4.786363636363636,1
V265_150_TOP,10.0,2026-04,202604250903,0.3091599966321962,4,0,0.0,8.082712670205021,0
V265_150_TOP,10.0,2026-04,202604251307,0.34537629783734936,3,0,0.0,8.390553368835379,0
V265_150_TOP,10.0,2026-04,202604252307,0.27914210241591064,5,0,0.0,12.037949705488371,1
V265_150_TOP,10.0,2026-04,202604260310,0.4493967679409928,2,0,0.0,11.167857142857143,0
V265_150_TOP,10.0,2026-04,202604270606,0.30847001967163723,2,0,0.0,9.115777777777778,1
V265_150_TOP,10.0,2026-04,202604271607,0.3809196445792722,2,0,0.0,11.490719696969697,0
V265_150_TOP,10.0,2026-04,202604272402,0.2672130500713039,3,0,0.0,11.071466496761175,0
V265_150_TOP,10.0,2026-04,202604280603,0.3962156158883456,2,0,0.0,4.712,0
V265_150_TOP,10.0,2026-04,202604280606,0.30825676584573025,3,1,97500.0,9.792724839563247,1
V265_150_TOP,10.0,2026-04,202604281502,0.26526396999897645,4,0,0.0,10.202078259060256,0
V265_150_TOP,10.0,2026-04,202604281606,0.25152737307782036,5,0,0.0,11.684628310978349,0
V265_150_TOP,10.0,2026-04,202604290306,0.49265548432403744,2,0,0.0,6.274603174603175,0
V265_150_TOP,10.0,2026-04,202604291402,0.2666358596270563,3,0,0.0,7.570394379556842,0
V265_150_TOP,10.0,2026-05,202605021103,0.3072452374968523,2,1,62160.0,6.268235294117647,1
V265_150_TOP,10.0,2026-05,202605022307,0.34170870197982584,2,0,0.0,3.5517857142857143,0
V265_150_TOP,10.0,2026-05,202605030104,0.2872839999062184,2,0,0.0,6.849097472924187,0
V265_150_TOP,10.0,2026-05,202605030105,0.2831216910479071,2,0,0.0,6.595289855072465,0
V265_150_TOP,10.0,2026-05,202605030805,0.24374495981363578,2,1,95360.0,9.537439613526569,1
V265_150_TOP,10.0,2026-05,202605030811,0.27686272109708754,2,0,0.0,8.817567567567567,0
V265_150_TOP,10.0,2026-05,202605031208,0.2678317107188303,2,0,0.0,11.18339552238806,0
V265_150_TOP,10.0,2026-05,202605032307,0.31544784052996705,2,0,0.0,7.57125748502994,1
V265_150_TOP,10.0,2026-05,202605040202,0.37601386873550596,2,0,0.0,8.46798866855524,0
V265_150_TOP,10.0,2026-05,202605040403,0.30887777183407106,2,0,0.0,11.167303609341825,0
V265_150_TOP,10.0,2026-05,202605040701,0.24814357428661404,2,1,93100.0,9.398936170212767,1
V265_150_TOP,10.0,2026-05,202605041410,0.3140222197932346,3,0,0.0,10.293215606777,1
V265_150_TOP,10.0,2026-05,202605042009,0.25886728037214946,2,0,0.0,8.64406779661017,0
V265_150_TOP,10.0,2026-05,202605050202,0.4373883697872649,2,0,0.0,3.988271604938272,0
V265_150_TOP,10.0,2026-05,202605050203,0.30868866808808765,2,0,0.0,7.600638977635782,1
V265_150_TOP,10.0,2026-05,202605050702,0.2827302596497819,2,0,0.0,8.75390625,1
V265_150_TOP,10.0,2026-05,202605050811,0.24911491615668602,2,0,0.0,9.711219512195123,0
V265_150_TOP,10.0,2026-05,202605051306,0.310707097576146,2,0,0.0,8.202216066481995,0
V265_150_TOP,10.0,2026-05,202605051602,0.38232108311498536,8,0,0.0,9.975828995265243,0
V265_150_TOP,10.0,2026-05,202605061105,0.2590149906132913,2,1,114660.0,11.460269865067465,1
V265_150_TOP,10.0,2026-05,202605072406,0.30619859226561064,2,0,0.0,4.800000000000001,1
V265_150_TOP,10.0,2026-05,202605091805,0.4988221173240365,2,0,0.0,10.699792960662526,0
V265_150_TOP,10.0,2026-05,202605102010,0.32159998232026266,2,0,0.0,4.623404255319148,0
V265_150_TOP,10.0,2026-05,202605111110,0.31665681147793534,4,0,0.0,9.54001658122034,1
V265_150_TOP,10.0,2026-05,202605111606,0.3294092920798156,2,1,56950.0,5.721153846153847,1
V265_150_TOP,10.0,2026-05,202605112308,0.41932373591697775,2,1,57200.0,5.71551724137931,1
V265_150_TOP,10.0,2026-05,202605130406,0.2733289109066219,2,0,0.0,10.961434977578474,1
V265_150_TOP,10.0,2026-05,202605130408,0.3726049596856913,2,0,0.0,3.78125,1
V265_150_TOP,10.0,2026-05,202605170608,0.2434743649074758,2,0,0.0,4.120754716981132,0
V265_150_TOP,10.0,2026-05,202605171007,0.3001471245897618,2,0,0.0,7.096830985915493,0
V265_150_TOP,10.0,2026-05,202605172011,0.27168349193564306,3,0,0.0,9.40946477530099,0
V265_150_TOP,10.0,2026-05,202605191406,0.28641451305292764,2,0,0.0,11.379310344827585,1
V265_150_TOP,10.0,2026-05,202605201505,0.36831672214630873,5,0,0.0,9.03212416974068,1
V265_150_TOP,10.0,2026-05,202605202002,0.3902364898391778,2,0,0.0,9.913647642679901,0
V265_150_TOP,10.0,2026-05,202605211905,0.2542140296328964,2,1,100650.0,10.063829787234042,1
V265_150_TOP,10.0,2026-05,202605231808,0.3333535314002997,2,0,0.0,8.795675675675675,1
V265_150_TOP,10.0,2026-05,202605242411,0.2560659418383574,4,0,0.0,9.319225011568243,1
V265_150_TOP,10.0,2026-05,202605251307,0.31839257404333704,2,0,0.0,4.701492537313433,0
V265_150_TOP,10.0,2026-05,202605252408,0.2683925891046128,3,0,0.0,11.381637039701172,1
V265_150_TOP,10.0,2026-05,202605261206,0.2477934156913327,2,1,67200.0,6.72,1
V265_150_TOP,10.0,2026-05,202605270807,0.262551344006724,4,0,0.0,8.547603672403627,1
V265_150_TOP,10.0,2026-05,202605271204,0.28937073822663967,2,0,0.0,8.764044943820224,0
V265_150_TOP,10.0,2026-05,202605281008,0.3394806794482317,3,1,103020.0,10.418279867526808,1
V265_150_TOP,10.0,2026-05,202605281810,0.2623597545442885,2,0,0.0,8.917808219178083,0
V265_150_TOP,10.0,2026-05,202605291807,0.3051705159788475,2,0,0.0,6.151470588235294,0
V265_150_TOP,10.0,2026-05,202605300104,0.30572605729587143,2,0,0.0,6.913636363636364,0
V265_150_TOP,10.0,2026-05,202605301108,0.25160674324500787,2,0,0.0,6.776556776556777,1
V265_150_TOP,10.0,2026-05,202605312304,0.36738655362659883,3,0,0.0,10.442496868021134,0
V265_150_TOP,10.0,2026-06,202606010506,0.36594410389470916,2,0,0.0,3.788235294117647,0
V265_150_TOP,10.0,2026-06,202606010803,0.3785796943328967,4,0,0.0,7.4520744638975,0
V265_150_TOP,10.0,2026-06,202606010809,0.24832161283073945,13,0,0.0,9.907348037485985,0
V265_150_TOP,10.0,2026-06,202606012402,0.3590901703058144,2,0,0.0,7.068131868131867,0
V265_150_TOP,10.0,2026-06,202606020906,0.3602669695041363,2,0,0.0,5.71551724137931,0
V265_150_TOP,10.0,2026-06,202606021007,0.3518746079224508,3,1,90420.0,8.911720981940872,1
V265_150_TOP,10.0,2026-06,202606022307,0.4258963489942831,2,0,0.0,6.739436619718309,0
V265_150_TOP,10.0,2026-06,202606032109,0.2713410185903159,2,0,0.0,8.772164948453609,0
V265_150_TOP,10.0,2026-06,202606040305,0.24408635071936263,2,0,0.0,8.526,1
V265_150_TOP,10.0,2026-06,202606040506,0.4434719346808655,2,1,50960.00000000001,5.092156862745099,1
V265_150_TOP,10.0,2026-06,202606041307,0.26835929727158797,3,0,0.0,10.462057539116504,1
V265_150_TOP,10.0,2026-06,202606050305,0.35764444916116395,4,0,0.0,9.714369505505465,0
V265_150_TOP,10.0,2026-06,202606060702,0.2906926493503423,3,0,0.0,8.3017138063279,1
V265_150_TOP,10.0,2026-06,202606060802,0.38039058176256874,8,0,0.0,9.650282675147139,0
V265_150_TOP,10.0,2026-06,202606061506,0.3011753407092139,2,0,0.0,8.863259668508288,0
V265_150_TOP,10.0,2026-06,202606071005,0.34081122836180394,2,0,0.0,4.4224719101123595,0
V265_150_TOP,10.0,2026-06,202606080510,0.3289919650977192,2,0,0.0,8.84047619047619,0
V265_150_TOP,10.0,2026-06,202606080910,0.5015739334864578,2,0,0.0,8.3,1
V265_150_TOP,10.0,2026-06,202606100903,0.29146048665616564,3,0,0.0,10.074807707987933,1
V265_150_TOP,10.0,2026-06,202606121108,0.32163869495459113,2,0,0.0,7.666478873239437,0
V265_150_TOP,10.0,2026-06,202606121901,0.33821929331480793,4,0,0.0,10.025417191532664,0
V265_150_TOP,10.0,2026-06,202606122306,0.3342251394193841,4,1,76400.0,7.5948803875220126,1
V265_150_TOP,10.0,2026-06,202606130609,0.31481860217130947,2,0,0.0,9.481558441558441,0
V265_150_TOP,10.0,2026-06,202606130702,0.26323389237519057,5,0,0.0,9.108560379105606,1
V265_150_TOP,10.0,2026-06,202606132204,0.310701165317296,4,0,0.0,9.23930839836868,1
V265_150_TOP,10.0,2026-06,202606142208,0.2577106658561332,2,0,0.0,4.795024875621891,0
V265_150_TOP,10.0,2026-06,202606150310,0.49326789418983,2,0,0.0,9.859756097560977,0
V265_150_TOP,10.0,2026-06,202606180205,0.3467257339091954,2,0,0.0,4.699530516431925,0
V265_150_TOP,10.0,2026-06,202606190903,0.24990605274821506,2,0,0.0,11.726513569937369,0
V265_150_TOP,10.0,2026-06,202606192107,0.2662623010537389,4,0,0.0,8.82094756688449,0
V265_150_TOP,10.0,2026-06,202606200903,0.2525040498042399,5,0,0.0,10.760744603129428,0
V265_150_TOP,10.0,2026-06,202606201709,0.39783307587696626,3,0,0.0,8.830110752500971,1
V265_150_TOP,10.0,2026-06,202606210906,0.38860843491367053,2,1,49680.0,4.964634146341463,1
V265_150_TOP,10.0,2026-06,202606222204,0.24579660471103587,9,0,0.0,10.158683988338767,0
V265_150_TOP,10.0,2026-06,202606240605,0.24632202556586566,2,1,112640.00000000001,11.200000000000001,1
V265_150_TOP,10.0,2026-06,202606241207,0.4926793526575593,3,0,0.0,8.919440657922056,1
V265_150_TOP,10.0,2026-06,202606241210,0.2818248279156755,2,0,0.0,8.1865889212828,0
V265_150_TOP,10.0,2026-06,202606260304,0.29264012228437525,3,0,0.0,8.705698395989252,0
V265_150_TOP,10.0,2026-06,202606260410,0.3749345858451627,4,0,0.0,9.602470299015934,0
V265_150_TOP,10.0,2026-06,202606260705,0.5851971954012899,2,0,0.0,5.211428571428571,1
V265_150_TOP,10.0,2026-06,202606261709,0.28107228746373475,3,0,0.0,8.132231404958679,0
V265_150_TOP,10.0,2026-06,202606280508,0.3729118086740424,2,0,0.0,10.065777777777779,0
V265_150_TOP,10.0,2026-06,202606281008,0.30489132749319986,2,0,0.0,9.617158671586715,0
V265_150_TOP,10.0,2026-06,202606290310,0.2587951198849846,15,0,0.0,10.945643506554456,1
V265_150_TOP,10.0,2026-06,202606290806,0.2475238074585083,2,0,0.0,10.50532212885154,1
V265_150_TOP,10.0,2026-06,202606292011,0.27730611462766674,2,0,0.0,10.499787685774947,0
V265_150_TOP,10.0,2026-06,202606302304,0.35973476964265916,2,0,0.0,5.979583333333333,0
V265_150_TOP,10.5,2026-04,202604010110,0.3362295879131521,5,0,0.0,10.610995837755981,0
V265_150_TOP,10.5,2026-04,202604010206,0.33214018162072423,2,0,0.0,7.370847457627118,0
V265_150_TOP,10.5,2026-04,202604010603,0.2609591127615143,3,0,0.0,9.918110550435095,1
V265_150_TOP,10.5,2026-04,202604010804,0.3468489514909023,2,0,0.0,7.793823529411765,1
V265_150_TOP,10.5,2026-04,202604020108,0.4070439189785264,2,0,0.0,6.069958847736625,0
V265_150_TOP,10.5,2026-04,202604022209,0.2755935637859709,2,0,0.0,7.392739273927393,0
V265_150_TOP,10.5,2026-04,202604030402,0.48937395159720765,2,0,0.0,7.531353135313531,0
V265_150_TOP,10.5,2026-04,202604031806,0.287423792554616,2,0,0.0,6.532584269662922,0
V265_150_TOP,10.5,2026-04,202604042202,0.4880670097925171,2,0,0.0,6.39375,0
V265_150_TOP,10.5,2026-04,202604052207,0.2416130536111222,2,0,0.0,10.804597701149426,0
V265_150_TOP,10.5,2026-04,202604070808,0.38058106631389443,2,0,0.0,5.27688679245283,0
V265_150_TOP,10.5,2026-04,202604071007,0.24333976062105006,4,0,0.0,8.925989626425178,0
V265_150_TOP,10.5,2026-04,202604072403,0.40112025911238636,3,0,0.0,8.455476753349094,0
V265_150_TOP,10.5,2026-04,202604081111,0.27394923637944474,3,0,0.0,10.499086401731558,0
V265_150_TOP,10.5,2026-04,202604082306,0.3161619638251451,2,1,54500.0,5.399537037037037,1
V265_150_TOP,10.5,2026-04,202604090703,0.29607193225057943,2,0,0.0,7.899683544303797,1
V265_150_TOP,10.5,2026-04,202604120406,0.2426947482399163,11,0,0.0,10.18305129065961,0
V265_150_TOP,10.5,2026-04,202604120608,0.2641659660236303,3,0,0.0,8.712903538804873,0
V265_150_TOP,10.5,2026-04,202604121607,0.24832183221463933,3,0,0.0,10.517589971694298,0
V265_150_TOP,10.5,2026-04,202604130608,0.24320950647373815,2,0,0.0,5.916115702479338,1
V265_150_TOP,10.5,2026-04,202604140304,0.3100778813201366,2,0,0.0,4.544623655913979,0
V265_150_TOP,10.5,2026-04,202604150307,0.593318392368867,2,0,0.0,11.3216796875,0
V265_150_TOP,10.5,2026-04,202604160906,0.35225612672503215,4,0,0.0,11.439806100935694,1
V265_150_TOP,10.5,2026-04,202604170305,0.357939654795687,2,0,0.0,5.5560538116591935,0
V265_150_TOP,10.5,2026-04,202604180305,0.25492083050148273,3,0,0.0,11.166697674418606,1
V265_150_TOP,10.5,2026-04,202604190703,0.2437447591318216,2,0,0.0,6.153024911032029,0
V265_150_TOP,10.5,2026-04,202604191506,0.29678605281374837,2,0,0.0,4.394886363636363,0
V265_150_TOP,10.5,2026-04,202604210702,0.26076238248617817,3,0,0.0,8.358417736993513,0
V265_150_TOP,10.5,2026-04,202604211109,0.3090936507909546,2,0,0.0,8.955675675675677,0
V265_150_TOP,10.5,2026-04,202604221103,0.25063430956798277,2,0,0.0,11.13095238095238,1
V265_150_TOP,10.5,2026-04,202604230507,0.2559352279327435,2,1,94320.0,9.416625916870416,1
V265_150_TOP,10.5,2026-04,202604231603,0.32365934870317803,4,0,0.0,10.102084453747453,0
V265_150_TOP,10.5,2026-04,202604240706,0.32728775135432353,2,0,0.0,4.871794871794871,0
V265_150_TOP,10.5,2026-04,202604242308,0.38885571343152375,3,0,0.0,11.19641356122163,0
V265_150_TOP,10.5,2026-04,202604250708,0.27094714348642746,2,0,0.0,4.786363636363636,1
V265_150_TOP,10.5,2026-04,202604250903,0.3091599966321962,3,0,0.0,12.136139451790095,0
V265_150_TOP,10.5,2026-04,202604251307,0.34537629783734936,3,0,0.0,8.390553368835379,0
V265_150_TOP,10.5,2026-04,202604252307,0.27914210241591064,5,0,0.0,12.037949705488371,1
V265_150_TOP,10.5,2026-04,202604260310,0.4493967679409928,2,0,0.0,11.167857142857143,0
V265_150_TOP,10.5,2026-04,202604270606,0.30847001967163723,2,0,0.0,9.115777777777778,1
V265_150_TOP,10.5,2026-04,202604271607,0.3809196445792722,2,0,0.0,11.490719696969697,0
V265_150_TOP,10.5,2026-04,202604272402,0.2672130500713039,3,0,0.0,11.071466496761175,0
V265_150_TOP,10.5,2026-04,202604280603,0.3962156158883456,2,0,0.0,4.712,0
V265_150_TOP,10.5,2026-04,202604280606,0.30825676584573025,3,1,97500.0,9.792724839563247,1
V265_150_TOP,10.5,2026-04,202604281502,0.26526396999897645,4,0,0.0,10.202078259060256,0
V265_150_TOP,10.5,2026-04,202604281606,0.25152737307782036,5,0,0.0,11.684628310978349,0
V265_150_TOP,10.5,2026-04,202604290306,0.49265548432403744,2,0,0.0,6.274603174603175,0
V265_150_TOP,10.5,2026-04,202604291402,0.2666358596270563,3,0,0.0,7.570394379556842,0
V265_150_TOP,10.5,2026-05,202605021103,0.3072452374968523,2,1,62160.0,6.268235294117647,1
V265_150_TOP,10.5,2026-05,202605022307,0.34170870197982584,2,0,0.0,3.5517857142857143,0
V265_150_TOP,10.5,2026-05,202605030104,0.2872839999062184,2,0,0.0,6.849097472924187,0
V265_150_TOP,10.5,2026-05,202605030105,0.2831216910479071,2,0,0.0,6.595289855072465,0
V265_150_TOP,10.5,2026-05,202605030805,0.24374495981363578,2,1,95360.0,9.537439613526569,1
V265_150_TOP,10.5,2026-05,202605030811,0.27686272109708754,2,0,0.0,8.817567567567567,0
V265_150_TOP,10.5,2026-05,202605031208,0.2678317107188303,2,0,0.0,11.18339552238806,0
V265_150_TOP,10.5,2026-05,202605032307,0.31544784052996705,2,0,0.0,7.57125748502994,1
V265_150_TOP,10.5,2026-05,202605040202,0.37601386873550596,2,0,0.0,8.46798866855524,0
V265_150_TOP,10.5,2026-05,202605040403,0.30887777183407106,2,0,0.0,11.167303609341825,0
V265_150_TOP,10.5,2026-05,202605040701,0.24814357428661404,2,1,93100.0,9.398936170212767,1
V265_150_TOP,10.5,2026-05,202605041410,0.3140222197932346,3,0,0.0,10.293215606777,1
V265_150_TOP,10.5,2026-05,202605042009,0.25886728037214946,2,0,0.0,8.64406779661017,0
V265_150_TOP,10.5,2026-05,202605050202,0.4373883697872649,2,0,0.0,3.988271604938272,0
V265_150_TOP,10.5,2026-05,202605050203,0.30868866808808765,2,0,0.0,7.600638977635782,1
V265_150_TOP,10.5,2026-05,202605050702,0.2827302596497819,2,0,0.0,8.75390625,1
V265_150_TOP,10.5,2026-05,202605050811,0.24911491615668602,2,0,0.0,9.711219512195123,0
V265_150_TOP,10.5,2026-05,202605051306,0.310707097576146,2,0,0.0,8.202216066481995,0
V265_150_TOP,10.5,2026-05,202605051602,0.38232108311498536,8,0,0.0,9.975828995265243,0
V265_150_TOP,10.5,2026-05,202605061105,0.2590149906132913,2,1,114660.0,11.460269865067465,1
V265_150_TOP,10.5,2026-05,202605072406,0.30619859226561064,2,0,0.0,4.800000000000001,1
V265_150_TOP,10.5,2026-05,202605091805,0.4988221173240365,2,0,0.0,10.699792960662526,0
V265_150_TOP,10.5,2026-05,202605102010,0.32159998232026266,2,0,0.0,4.623404255319148,0
V265_150_TOP,10.5,2026-05,202605111110,0.31665681147793534,3,0,0.0,10.639725795870897,1
V265_150_TOP,10.5,2026-05,202605111606,0.3294092920798156,2,1,56950.0,5.721153846153847,1
V265_150_TOP,10.5,2026-05,202605112308,0.41932373591697775,2,1,57200.0,5.71551724137931,1
V265_150_TOP,10.5,2026-05,202605130406,0.2733289109066219,2,0,0.0,10.961434977578474,1
V265_150_TOP,10.5,2026-05,202605130408,0.3726049596856913,2,0,0.0,3.78125,1
V265_150_TOP,10.5,2026-05,202605170608,0.2434743649074758,2,0,0.0,4.120754716981132,0
V265_150_TOP,10.5,2026-05,202605171007,0.3001471245897618,2,0,0.0,7.096830985915493,0
V265_150_TOP,10.5,2026-05,202605172011,0.27168349193564306,3,0,0.0,9.40946477530099,0
V265_150_TOP,10.5,2026-05,202605191406,0.28641451305292764,2,0,0.0,11.379310344827585,1
V265_150_TOP,10.5,2026-05,202605201505,0.36831672214630873,4,0,0.0,11.33221305603408,1
V265_150_TOP,10.5,2026-05,202605202002,0.3902364898391778,2,0,0.0,9.913647642679901,0
V265_150_TOP,10.5,2026-05,202605211905,0.2542140296328964,2,1,100650.0,10.063829787234042,1
V265_150_TOP,10.5,2026-05,202605231808,0.3333535314002997,2,0,0.0,8.795675675675675,1
V265_150_TOP,10.5,2026-05,202605242411,0.2560659418383574,3,0,0.0,11.611890746172701,1
V265_150_TOP,10.5,2026-05,202605251307,0.31839257404333704,2,0,0.0,4.701492537313433,0
V265_150_TOP,10.5,2026-05,202605252408,0.2683925891046128,3,0,0.0,11.381637039701172,1
V265_150_TOP,10.5,2026-05,202605261206,0.2477934156913327,2,1,67200.0,6.72,1
V265_150_TOP,10.5,2026-05,202605270807,0.262551344006724,3,0,0.0,12.03462861208839,1
V265_150_TOP,10.5,2026-05,202605271204,0.28937073822663967,2,0,0.0,8.764044943820224,0
V265_150_TOP,10.5,2026-05,202605281008,0.3394806794482317,3,1,103020.0,10.418279867526808,1
V265_150_TOP,10.5,2026-05,202605281810,0.2623597545442885,2,0,0.0,8.917808219178083,0
V265_150_TOP,10.5,2026-05,202605291807,0.3051705159788475,2,0,0.0,6.151470588235294,0
V265_150_TOP,10.5,2026-05,202605300104,0.30572605729587143,2,0,0.0,6.913636363636364,0
V265_150_TOP,10.5,2026-05,202605301108,0.25160674324500787,2,0,0.0,6.776556776556777,1
V265_150_TOP,10.5,2026-05,202605312304,0.36738655362659883,3,0,0.0,10.442496868021134,0
V265_150_TOP,10.5,2026-06,202606010506,0.36594410389470916,2,0,0.0,3.788235294117647,0
V265_150_TOP,10.5,2026-06,202606010803,0.3785796943328967,4,0,0.0,7.4520744638975,0
V265_150_TOP,10.5,2026-06,202606010809,0.24832161283073945,11,0,0.0,10.815661989353584,0
V265_150_TOP,10.5,2026-06,202606012402,0.3590901703058144,2,0,0.0,7.068131868131867,0
V265_150_TOP,10.5,2026-06,202606020906,0.3602669695041363,2,0,0.0,5.71551724137931,0
V265_150_TOP,10.5,2026-06,202606021007,0.3518746079224508,3,1,90420.0,8.911720981940872,1
V265_150_TOP,10.5,2026-06,202606022307,0.4258963489942831,2,0,0.0,6.739436619718309,0
V265_150_TOP,10.5,2026-06,202606032109,0.2713410185903159,2,0,0.0,8.772164948453609,0
V265_150_TOP,10.5,2026-06,202606040305,0.24408635071936263,2,0,0.0,8.526,1
V265_150_TOP,10.5,2026-06,202606040506,0.4434719346808655,2,1,50960.00000000001,5.092156862745099,1
V265_150_TOP,10.5,2026-06,202606041307,0.26835929727158797,3,0,0.0,10.462057539116504,1
V265_150_TOP,10.5,2026-06,202606050305,0.35764444916116395,4,0,0.0,9.714369505505465,0
V265_150_TOP,10.5,2026-06,202606060702,0.2906926493503423,3,0,0.0,8.3017138063279,1
V265_150_TOP,10.5,2026-06,202606060802,0.38039058176256874,7,0,0.0,10.863680703912106,0
V265_150_TOP,10.5,2026-06,202606061506,0.3011753407092139,2,0,0.0,8.863259668508288,0
V265_150_TOP,10.5,2026-06,202606071005,0.34081122836180394,2,0,0.0,4.4224719101123595,0
V265_150_TOP,10.5,2026-06,202606080510,0.3289919650977192,2,0,0.0,8.84047619047619,0
V265_150_TOP,10.5,2026-06,202606080910,0.5015739334864578,2,0,0.0,8.3,1
V265_150_TOP,10.5,2026-06,202606100903,0.29146048665616564,3,0,0.0,10.074807707987933,1
V265_150_TOP,10.5,2026-06,202606121108,0.32163869495459113,2,0,0.0,7.666478873239437,0
V265_150_TOP,10.5,2026-06,202606121901,0.33821929331480793,4,0,0.0,10.025417191532664,0
V265_150_TOP,10.5,2026-06,202606122306,0.3342251394193841,3,0,0.0,12.608492591797292,1
V265_150_TOP,10.5,2026-06,202606130609,0.31481860217130947,2,0,0.0,9.481558441558441,0
V265_150_TOP,10.5,2026-06,202606130702,0.26323389237519057,5,0,0.0,9.108560379105606,1
V265_150_TOP,10.5,2026-06,202606132204,0.310701165317296,4,0,0.0,9.23930839836868,1
V265_150_TOP,10.5,2026-06,202606142208,0.2577106658561332,2,0,0.0,4.795024875621891,0
V265_150_TOP,10.5,2026-06,202606150310,0.49326789418983,2,0,0.0,9.859756097560977,0
V265_150_TOP,10.5,2026-06,202606180205,0.3467257339091954,2,0,0.0,4.699530516431925,0
V265_150_TOP,10.5,2026-06,202606190903,0.24990605274821506,2,0,0.0,11.726513569937369,0
V265_150_TOP,10.5,2026-06,202606192107,0.2662623010537389,4,0,0.0,8.82094756688449,0
V265_150_TOP,10.5,2026-06,202606200903,0.2525040498042399,5,0,0.0,10.760744603129428,0
V265_150_TOP,10.5,2026-06,202606201709,0.39783307587696626,2,0,0.0,11.668522483940043,1
V265_150_TOP,10.5,2026-06,202606210906,0.38860843491367053,2,1,49680.0,4.964634146341463,1
V265_150_TOP,10.5,2026-06,202606222204,0.24579660471103587,9,0,0.0,10.158683988338767,0
V265_150_TOP,10.5,2026-06,202606240605,0.24632202556586566,2,1,112640.00000000001,11.200000000000001,1
V265_150_TOP,10.5,2026-06,202606241207,0.4926793526575593,3,0,0.0,8.919440657922056,1
V265_150_TOP,10.5,2026-06,202606241210,0.2818248279156755,2,0,0.0,8.1865889212828,0
V265_150_TOP,10.5,2026-06,202606260304,0.29264012228437525,3,0,0.0,8.705698395989252,0
V265_150_TOP,10.5,2026-06,202606260410,0.3749345858451627,4,0,0.0,9.602470299015934,0
V265_150_TOP,10.5,2026-06,202606260705,0.5851971954012899,2,0,0.0,5.211428571428571,1
V265_150_TOP,10.5,2026-06,202606261709,0.28107228746373475,2,0,0.0,12.3,0
V265_150_TOP,10.5,2026-06,202606280508,0.3729118086740424,2,0,0.0,10.065777777777779,0
V265_150_TOP,10.5,2026-06,202606281008,0.30489132749319986,2,0,0.0,9.617158671586715,0
V265_150_TOP,10.5,2026-06,202606290310,0.2587951198849846,15,0,0.0,10.945643506554456,1
V265_150_TOP,10.5,2026-06,202606290806,0.2475238074585083,2,0,0.0,10.50532212885154,1
V265_150_TOP,10.5,2026-06,202606292011,0.27730611462766674,2,0,0.0,10.499787685774947,0
V265_150_TOP,10.5,2026-06,202606302304,0.35973476964265916,2,0,0.0,5.979583333333333,0
V265_150_TOP,11.0,2026-04,202604010110,0.3362295879131521,5,0,0.0,10.610995837755981,0
V265_150_TOP,11.0,2026-04,202604010206,0.33214018162072423,2,0,0.0,7.370847457627118,0
V265_150_TOP,11.0,2026-04,202604010603,0.2609591127615143,3,0,0.0,9.918110550435095,1
V265_150_TOP,11.0,2026-04,202604010804,0.3468489514909023,2,0,0.0,7.793823529411765,1
V265_150_TOP,11.0,2026-04,202604020108,0.4070439189785264,2,0,0.0,6.069958847736625,0
V265_150_TOP,11.0,2026-04,202604022209,0.2755935637859709,2,0,0.0,7.392739273927393,0
V265_150_TOP,11.0,2026-04,202604030402,0.48937395159720765,2,0,0.0,7.531353135313531,0
V265_150_TOP,11.0,2026-04,202604031806,0.287423792554616,2,0,0.0,6.532584269662922,0
V265_150_TOP,11.0,2026-04,202604042202,0.4880670097925171,2,0,0.0,6.39375,0
V265_150_TOP,11.0,2026-04,202604052207,0.2416130536111222,2,0,0.0,10.804597701149426,0
V265_150_TOP,11.0,2026-04,202604070808,0.38058106631389443,2,0,0.0,5.27688679245283,0
V265_150_TOP,11.0,2026-04,202604071007,0.24333976062105006,4,0,0.0,8.925989626425178,0
V265_150_TOP,11.0,2026-04,202604072403,0.40112025911238636,3,0,0.0,8.455476753349094,0
V265_150_TOP,11.0,2026-04,202604081111,0.27394923637944474,3,0,0.0,10.499086401731558,0
V265_150_TOP,11.0,2026-04,202604082306,0.3161619638251451,2,1,54500.0,5.399537037037037,1
V265_150_TOP,11.0,2026-04,202604090703,0.29607193225057943,2,0,0.0,7.899683544303797,1
V265_150_TOP,11.0,2026-04,202604120406,0.2426947482399163,10,0,0.0,11.044896065652265,0
V265_150_TOP,11.0,2026-04,202604120608,0.2641659660236303,3,0,0.0,8.712903538804873,0
V265_150_TOP,11.0,2026-04,202604121607,0.24832183221463933,3,0,0.0,10.517589971694298,0
V265_150_TOP,11.0,2026-04,202604130608,0.24320950647373815,2,0,0.0,5.916115702479338,1
V265_150_TOP,11.0,2026-04,202604140304,0.3100778813201366,2,0,0.0,4.544623655913979,0
V265_150_TOP,11.0,2026-04,202604150307,0.593318392368867,2,0,0.0,11.3216796875,0
V265_150_TOP,11.0,2026-04,202604160906,0.35225612672503215,4,0,0.0,11.439806100935694,1
V265_150_TOP,11.0,2026-04,202604170305,0.357939654795687,2,0,0.0,5.5560538116591935,0
V265_150_TOP,11.0,2026-04,202604180305,0.25492083050148273,3,0,0.0,11.166697674418606,1
V265_150_TOP,11.0,2026-04,202604190703,0.2437447591318216,2,0,0.0,6.153024911032029,0
V265_150_TOP,11.0,2026-04,202604191506,0.29678605281374837,2,0,0.0,4.394886363636363,0
V265_150_TOP,11.0,2026-04,202604210702,0.26076238248617817,2,0,0.0,12.796545105566217,0
V265_150_TOP,11.0,2026-04,202604211109,0.3090936507909546,2,0,0.0,8.955675675675677,0
V265_150_TOP,11.0,2026-04,202604221103,0.25063430956798277,2,0,0.0,11.13095238095238,1
V265_150_TOP,11.0,2026-04,202604230507,0.2559352279327435,2,1,94320.0,9.416625916870416,1
V265_150_TOP,11.0,2026-04,202604231603,0.32365934870317803,4,0,0.0,10.102084453747453,0
V265_150_TOP,11.0,2026-04,202604240706,0.32728775135432353,2,0,0.0,4.871794871794871,0
V265_150_TOP,11.0,2026-04,202604242308,0.38885571343152375,3,0,0.0,11.19641356122163,0
V265_150_TOP,11.0,2026-04,202604250708,0.27094714348642746,2,0,0.0,4.786363636363636,1
V265_150_TOP,11.0,2026-04,202604250903,0.3091599966321962,3,0,0.0,12.136139451790095,0
V265_150_TOP,11.0,2026-04,202604251307,0.34537629783734936,3,0,0.0,8.390553368835379,0
V265_150_TOP,11.0,2026-04,202604252307,0.27914210241591064,5,0,0.0,12.037949705488371,1
V265_150_TOP,11.0,2026-04,202604260310,0.4493967679409928,2,0,0.0,11.167857142857143,0
V265_150_TOP,11.0,2026-04,202604270606,0.30847001967163723,2,0,0.0,9.115777777777778,1
V265_150_TOP,11.0,2026-04,202604271607,0.3809196445792722,2,0,0.0,11.490719696969697,0
V265_150_TOP,11.0,2026-04,202604272402,0.2672130500713039,3,0,0.0,11.071466496761175,0
V265_150_TOP,11.0,2026-04,202604280603,0.3962156158883456,2,0,0.0,4.712,0
V265_150_TOP,11.0,2026-04,202604280606,0.30825676584573025,3,1,97500.0,9.792724839563247,1
V265_150_TOP,11.0,2026-04,202604281502,0.26526396999897645,4,0,0.0,10.202078259060256,0
V265_150_TOP,11.0,2026-04,202604281606,0.25152737307782036,5,0,0.0,11.684628310978349,0
V265_150_TOP,11.0,2026-04,202604290306,0.49265548432403744,2,0,0.0,6.274603174603175,0
V265_150_TOP,11.0,2026-04,202604291402,0.2666358596270563,3,0,0.0,7.570394379556842,0
V265_150_TOP,11.0,2026-05,202605021103,0.3072452374968523,2,1,62160.0,6.268235294117647,1
V265_150_TOP,11.0,2026-05,202605022307,0.34170870197982584,2,0,0.0,3.5517857142857143,0
V265_150_TOP,11.0,2026-05,202605030104,0.2872839999062184,2,0,0.0,6.849097472924187,0
V265_150_TOP,11.0,2026-05,202605030105,0.2831216910479071,2,0,0.0,6.595289855072465,0
V265_150_TOP,11.0,2026-05,202605030805,0.24374495981363578,2,1,95360.0,9.537439613526569,1
V265_150_TOP,11.0,2026-05,202605030811,0.27686272109708754,2,0,0.0,8.817567567567567,0
V265_150_TOP,11.0,2026-05,202605031208,0.2678317107188303,2,0,0.0,11.18339552238806,0
V265_150_TOP,11.0,2026-05,202605032307,0.31544784052996705,2,0,0.0,7.57125748502994,1
V265_150_TOP,11.0,2026-05,202605040202,0.37601386873550596,2,0,0.0,8.46798866855524,0
V265_150_TOP,11.0,2026-05,202605040403,0.30887777183407106,2,0,0.0,11.167303609341825,0
V265_150_TOP,11.0,2026-05,202605040701,0.24814357428661404,2,1,93100.0,9.398936170212767,1
V265_150_TOP,11.0,2026-05,202605041410,0.3140222197932346,3,0,0.0,10.293215606777,1
V265_150_TOP,11.0,2026-05,202605042009,0.25886728037214946,2,0,0.0,8.64406779661017,0
V265_150_TOP,11.0,2026-05,202605050202,0.4373883697872649,2,0,0.0,3.988271604938272,0
V265_150_TOP,11.0,2026-05,202605050203,0.30868866808808765,2,0,0.0,7.600638977635782,1
V265_150_TOP,11.0,2026-05,202605050702,0.2827302596497819,2,0,0.0,8.75390625,1
V265_150_TOP,11.0,2026-05,202605050811,0.24911491615668602,2,0,0.0,9.711219512195123,0
V265_150_TOP,11.0,2026-05,202605051306,0.310707097576146,2,0,0.0,8.202216066481995,0
V265_150_TOP,11.0,2026-05,202605051602,0.38232108311498536,7,0,0.0,11.937756852765082,0
V265_150_TOP,11.0,2026-05,202605061105,0.2590149906132913,2,1,114660.0,11.460269865067465,1
V265_150_TOP,11.0,2026-05,202605072406,0.30619859226561064,2,0,0.0,4.800000000000001,1
V265_150_TOP,11.0,2026-05,202605091805,0.4988221173240365,2,0,0.0,10.699792960662526,0
V265_150_TOP,11.0,2026-05,202605102010,0.32159998232026266,2,0,0.0,4.623404255319148,0
V265_150_TOP,11.0,2026-05,202605111110,0.31665681147793534,3,0,0.0,10.639725795870897,1
V265_150_TOP,11.0,2026-05,202605111606,0.3294092920798156,2,1,56950.0,5.721153846153847,1
V265_150_TOP,11.0,2026-05,202605112308,0.41932373591697775,2,1,57200.0,5.71551724137931,1
V265_150_TOP,11.0,2026-05,202605130406,0.2733289109066219,2,0,0.0,10.961434977578474,1
V265_150_TOP,11.0,2026-05,202605130408,0.3726049596856913,2,0,0.0,3.78125,1
V265_150_TOP,11.0,2026-05,202605170608,0.2434743649074758,2,0,0.0,4.120754716981132,0
V265_150_TOP,11.0,2026-05,202605171007,0.3001471245897618,2,0,0.0,7.096830985915493,0
V265_150_TOP,11.0,2026-05,202605172011,0.27168349193564306,3,0,0.0,9.40946477530099,0
V265_150_TOP,11.0,2026-05,202605191406,0.28641451305292764,2,0,0.0,11.379310344827585,1
V265_150_TOP,11.0,2026-05,202605201505,0.36831672214630873,4,0,0.0,11.33221305603408,1
V265_150_TOP,11.0,2026-05,202605202002,0.3902364898391778,2,0,0.0,9.913647642679901,0
V265_150_TOP,11.0,2026-05,202605211905,0.2542140296328964,2,1,100650.0,10.063829787234042,1
V265_150_TOP,11.0,2026-05,202605231808,0.3333535314002997,2,0,0.0,8.795675675675675,1
V265_150_TOP,11.0,2026-05,202605242411,0.2560659418383574,3,0,0.0,11.611890746172701,1
V265_150_TOP,11.0,2026-05,202605251307,0.31839257404333704,2,0,0.0,4.701492537313433,0
V265_150_TOP,11.0,2026-05,202605252408,0.2683925891046128,3,0,0.0,11.381637039701172,1
V265_150_TOP,11.0,2026-05,202605261206,0.2477934156913327,2,1,67200.0,6.72,1
V265_150_TOP,11.0,2026-05,202605270807,0.262551344006724,3,0,0.0,12.03462861208839,1
V265_150_TOP,11.0,2026-05,202605271204,0.28937073822663967,2,0,0.0,8.764044943820224,0
V265_150_TOP,11.0,2026-05,202605281008,0.3394806794482317,3,1,103020.0,10.418279867526808,1
V265_150_TOP,11.0,2026-05,202605281810,0.2623597545442885,2,0,0.0,8.917808219178083,0
V265_150_TOP,11.0,2026-05,202605291807,0.3051705159788475,2,0,0.0,6.151470588235294,0
V265_150_TOP,11.0,2026-05,202605300104,0.30572605729587143,2,0,0.0,6.913636363636364,0
V265_150_TOP,11.0,2026-05,202605301108,0.25160674324500787,2,0,0.0,6.776556776556777,1
V265_150_TOP,11.0,2026-05,202605312304,0.36738655362659883,3,0,0.0,10.442496868021134,0
V265_150_TOP,11.0,2026-06,202606010506,0.36594410389470916,2,0,0.0,3.788235294117647,0
V265_150_TOP,11.0,2026-06,202606010803,0.3785796943328967,3,0,0.0,13.658363686065325,0
V265_150_TOP,11.0,2026-06,202606010809,0.24832161283073945,11,0,0.0,10.815661989353584,0
V265_150_TOP,11.0,2026-06,202606012402,0.3590901703058144,2,0,0.0,7.068131868131867,0
V265_150_TOP,11.0,2026-06,202606020906,0.3602669695041363,2,0,0.0,5.71551724137931,0
V265_150_TOP,11.0,2026-06,202606021007,0.3518746079224508,3,1,90420.0,8.911720981940872,1
V265_150_TOP,11.0,2026-06,202606022307,0.4258963489942831,2,0,0.0,6.739436619718309,0
V265_150_TOP,11.0,2026-06,202606032109,0.2713410185903159,2,0,0.0,8.772164948453609,0
V265_150_TOP,11.0,2026-06,202606040305,0.24408635071936263,2,0,0.0,8.526,1
V265_150_TOP,11.0,2026-06,202606040506,0.4434719346808655,2,1,50960.00000000001,5.092156862745099,1
V265_150_TOP,11.0,2026-06,202606041307,0.26835929727158797,3,0,0.0,10.462057539116504,1
V265_150_TOP,11.0,2026-06,202606050305,0.35764444916116395,3,0,0.0,11.34463549869474,0
V265_150_TOP,11.0,2026-06,202606060702,0.2906926493503423,3,0,0.0,8.3017138063279,1
V265_150_TOP,11.0,2026-06,202606060802,0.38039058176256874,7,0,0.0,10.863680703912106,0
V265_150_TOP,11.0,2026-06,202606061506,0.3011753407092139,2,0,0.0,8.863259668508288,0
V265_150_TOP,11.0,2026-06,202606071005,0.34081122836180394,2,0,0.0,4.4224719101123595,0
V265_150_TOP,11.0,2026-06,202606080510,0.3289919650977192,2,0,0.0,8.84047619047619,0
V265_150_TOP,11.0,2026-06,202606080910,0.5015739334864578,2,0,0.0,8.3,1
V265_150_TOP,11.0,2026-06,202606100903,0.29146048665616564,3,0,0.0,10.074807707987933,1
V265_150_TOP,11.0,2026-06,202606121108,0.32163869495459113,2,0,0.0,7.666478873239437,0
V265_150_TOP,11.0,2026-06,202606121901,0.33821929331480793,3,0,0.0,11.032777854290043,0
V265_150_TOP,11.0,2026-06,202606122306,0.3342251394193841,3,0,0.0,12.608492591797292,1
V265_150_TOP,11.0,2026-06,202606130609,0.31481860217130947,2,0,0.0,9.481558441558441,0
V265_150_TOP,11.0,2026-06,202606130702,0.26323389237519057,4,0,0.0,12.228582211794254,1
V265_150_TOP,11.0,2026-06,202606132204,0.310701165317296,4,0,0.0,9.23930839836868,1
V265_150_TOP,11.0,2026-06,202606142208,0.2577106658561332,2,0,0.0,4.795024875621891,0
V265_150_TOP,11.0,2026-06,202606150310,0.49326789418983,2,0,0.0,9.859756097560977,0
V265_150_TOP,11.0,2026-06,202606180205,0.3467257339091954,2,0,0.0,4.699530516431925,0
V265_150_TOP,11.0,2026-06,202606190903,0.24990605274821506,2,0,0.0,11.726513569937369,0
V265_150_TOP,11.0,2026-06,202606192107,0.2662623010537389,3,0,0.0,12.620396600566572,0
V265_150_TOP,11.0,2026-06,202606200903,0.2525040498042399,5,0,0.0,10.760744603129428,0
V265_150_TOP,11.0,2026-06,202606201709,0.39783307587696626,2,0,0.0,11.668522483940043,1
V265_150_TOP,11.0,2026-06,202606210906,0.38860843491367053,2,1,49680.0,4.964634146341463,1
V265_150_TOP,11.0,2026-06,202606222204,0.24579660471103587,8,0,0.0,10.960905728402244,0
V265_150_TOP,11.0,2026-06,202606240605,0.24632202556586566,2,1,112640.00000000001,11.200000000000001,1
V265_150_TOP,11.0,2026-06,202606241207,0.4926793526575593,2,0,0.0,12.55538160469667,1
V265_150_TOP,11.0,2026-06,202606241210,0.2818248279156755,2,0,0.0,8.1865889212828,0
V265_150_TOP,11.0,2026-06,202606260304,0.29264012228437525,2,0,0.0,12.496237623762376,0
V265_150_TOP,11.0,2026-06,202606260410,0.3749345858451627,4,0,0.0,9.602470299015934,0
V265_150_TOP,11.0,2026-06,202606260705,0.5851971954012899,2,0,0.0,5.211428571428571,1
V265_150_TOP,11.0,2026-06,202606261709,0.28107228746373475,2,0,0.0,12.3,0
V265_150_TOP,11.0,2026-06,202606280508,0.3729118086740424,2,0,0.0,10.065777777777779,0
V265_150_TOP,11.0,2026-06,202606281008,0.30489132749319986,2,0,0.0,9.617158671586715,0
V265_150_TOP,11.0,2026-06,202606290310,0.2587951198849846,15,0,0.0,10.945643506554456,1
V265_150_TOP,11.0,2026-06,202606290806,0.2475238074585083,2,0,0.0,10.50532212885154,1
V265_150_TOP,11.0,2026-06,202606292011,0.27730611462766674,2,0,0.0,10.499787685774947,0
V265_150_TOP,11.0,2026-06,202606302304,0.35973476964265916,2,0,0.0,5.979583333333333,0
V265_150_TOP,11.5,2026-04,202604010110,0.3362295879131521,5,0,0.0,10.610995837755981,0
V265_150_TOP,11.5,2026-04,202604010206,0.33214018162072423,2,0,0.0,7.370847457627118,0
V265_150_TOP,11.5,2026-04,202604010603,0.2609591127615143,3,0,0.0,9.918110550435095,1
V265_150_TOP,11.5,2026-04,202604010804,0.3468489514909023,2,0,0.0,7.793823529411765,1
V265_150_TOP,11.5,2026-04,202604020108,0.4070439189785264,2,0,0.0,6.069958847736625,0
V265_150_TOP,11.5,2026-04,202604022209,0.2755935637859709,2,0,0.0,7.392739273927393,0
V265_150_TOP,11.5,2026-04,202604030402,0.48937395159720765,2,0,0.0,7.531353135313531,0
V265_150_TOP,11.5,2026-04,202604031806,0.287423792554616,2,0,0.0,6.532584269662922,0
V265_150_TOP,11.5,2026-04,202604042202,0.4880670097925171,2,0,0.0,6.39375,0
V265_150_TOP,11.5,2026-04,202604052207,0.2416130536111222,2,0,0.0,10.804597701149426,0
V265_150_TOP,11.5,2026-04,202604070808,0.38058106631389443,2,0,0.0,5.27688679245283,0
V265_150_TOP,11.5,2026-04,202604071007,0.24333976062105006,3,0,0.0,13.821727614918823,0
V265_150_TOP,11.5,2026-04,202604072403,0.40112025911238636,3,0,0.0,8.455476753349094,0
V265_150_TOP,11.5,2026-04,202604081111,0.27394923637944474,2,0,0.0,11.932500000000001,0
V265_150_TOP,11.5,2026-04,202604082306,0.3161619638251451,2,1,54500.0,5.399537037037037,1
V265_150_TOP,11.5,2026-04,202604090703,0.29607193225057943,2,0,0.0,7.899683544303797,1
V265_150_TOP,11.5,2026-04,202604120406,0.2426947482399163,9,0,0.0,11.931738688077123,0
V265_150_TOP,11.5,2026-04,202604120608,0.2641659660236303,2,0,0.0,13.373936170212765,0
V265_150_TOP,11.5,2026-04,202604121607,0.24832183221463933,3,0,0.0,10.517589971694298,0
V265_150_TOP,11.5,2026-04,202604130608,0.24320950647373815,2,0,0.0,5.916115702479338,1
V265_150_TOP,11.5,2026-04,202604140304,0.3100778813201366,2,0,0.0,4.544623655913979,0
V265_150_TOP,11.5,2026-04,202604150307,0.593318392368867,2,0,0.0,11.3216796875,0
V265_150_TOP,11.5,2026-04,202604160906,0.35225612672503215,4,0,0.0,11.439806100935694,1
V265_150_TOP,11.5,2026-04,202604170305,0.357939654795687,2,0,0.0,5.5560538116591935,0
V265_150_TOP,11.5,2026-04,202604180305,0.25492083050148273,3,0,0.0,11.166697674418606,1
V265_150_TOP,11.5,2026-04,202604190703,0.2437447591318216,2,0,0.0,6.153024911032029,0
V265_150_TOP,11.5,2026-04,202604191506,0.29678605281374837,2,0,0.0,4.394886363636363,0
V265_150_TOP,11.5,2026-04,202604210702,0.26076238248617817,2,0,0.0,12.796545105566217,0
V265_150_TOP,11.5,2026-04,202604211109,0.3090936507909546,2,0,0.0,8.955675675675677,0
V265_150_TOP,11.5,2026-04,202604221103,0.25063430956798277,2,0,0.0,11.13095238095238,1
V265_150_TOP,11.5,2026-04,202604230507,0.2559352279327435,2,1,94320.0,9.416625916870416,1
V265_150_TOP,11.5,2026-04,202604231603,0.32365934870317803,3,0,0.0,12.320709126163944,0
V265_150_TOP,11.5,2026-04,202604240706,0.32728775135432353,2,0,0.0,4.871794871794871,0
V265_150_TOP,11.5,2026-04,202604242308,0.38885571343152375,3,0,0.0,11.19641356122163,0
V265_150_TOP,11.5,2026-04,202604250708,0.27094714348642746,2,0,0.0,4.786363636363636,1
V265_150_TOP,11.5,2026-04,202604250903,0.3091599966321962,3,0,0.0,12.136139451790095,0
V265_150_TOP,11.5,2026-04,202604251307,0.34537629783734936,2,0,0.0,14.352,0
V265_150_TOP,11.5,2026-04,202604252307,0.27914210241591064,5,0,0.0,12.037949705488371,1
V265_150_TOP,11.5,2026-04,202604260310,0.4493967679409928,2,0,0.0,11.167857142857143,0
V265_150_TOP,11.5,2026-04,202604270606,0.30847001967163723,2,0,0.0,9.115777777777778,1
V265_150_TOP,11.5,2026-04,202604271607,0.3809196445792722,2,0,0.0,11.490719696969697,0
V265_150_TOP,11.5,2026-04,202604272402,0.2672130500713039,3,0,0.0,11.071466496761175,0
V265_150_TOP,11.5,2026-04,202604280603,0.3962156158883456,2,0,0.0,4.712,0
V265_150_TOP,11.5,2026-04,202604280606,0.30825676584573025,3,1,97500.0,9.792724839563247,1
V265_150_TOP,11.5,2026-04,202604281502,0.26526396999897645,3,0,0.0,12.098004325171628,0
V265_150_TOP,11.5,2026-04,202604281606,0.25152737307782036,5,0,0.0,11.684628310978349,0
V265_150_TOP,11.5,2026-04,202604290306,0.49265548432403744,2,0,0.0,6.274603174603175,0
V265_150_TOP,11.5,2026-04,202604291402,0.2666358596270563,3,0,0.0,7.570394379556842,0
V265_150_TOP,11.5,2026-05,202605021103,0.3072452374968523,2,1,62160.0,6.268235294117647,1
V265_150_TOP,11.5,2026-05,202605022307,0.34170870197982584,2,0,0.0,3.5517857142857143,0
V265_150_TOP,11.5,2026-05,202605030104,0.2872839999062184,2,0,0.0,6.849097472924187,0
V265_150_TOP,11.5,2026-05,202605030105,0.2831216910479071,2,0,0.0,6.595289855072465,0
V265_150_TOP,11.5,2026-05,202605030805,0.24374495981363578,2,1,95360.0,9.537439613526569,1
V265_150_TOP,11.5,2026-05,202605030811,0.27686272109708754,2,0,0.0,8.817567567567567,0
V265_150_TOP,11.5,2026-05,202605031208,0.2678317107188303,2,0,0.0,11.18339552238806,0
V265_150_TOP,11.5,2026-05,202605032307,0.31544784052996705,2,0,0.0,7.57125748502994,1
V265_150_TOP,11.5,2026-05,202605040202,0.37601386873550596,2,0,0.0,8.46798866855524,0
V265_150_TOP,11.5,2026-05,202605040403,0.30887777183407106,2,0,0.0,11.167303609341825,0
V265_150_TOP,11.5,2026-05,202605040701,0.24814357428661404,2,1,93100.0,9.398936170212767,1
V265_150_TOP,11.5,2026-05,202605041410,0.3140222197932346,2,0,0.0,12.67911877394636,1
V265_150_TOP,11.5,2026-05,202605042009,0.25886728037214946,2,0,0.0,8.64406779661017,0
V265_150_TOP,11.5,2026-05,202605050202,0.4373883697872649,2,0,0.0,3.988271604938272,0
V265_150_TOP,11.5,2026-05,202605050203,0.30868866808808765,2,0,0.0,7.600638977635782,1
V265_150_TOP,11.5,2026-05,202605050702,0.2827302596497819,2,0,0.0,8.75390625,1
V265_150_TOP,11.5,2026-05,202605050811,0.24911491615668602,2,0,0.0,9.711219512195123,0
V265_150_TOP,11.5,2026-05,202605051306,0.310707097576146,2,0,0.0,8.202216066481995,0
V265_150_TOP,11.5,2026-05,202605051602,0.38232108311498536,7,0,0.0,11.937756852765082,0
V265_150_TOP,11.5,2026-05,202605061105,0.2590149906132913,2,1,114660.0,11.460269865067465,1
V265_150_TOP,11.5,2026-05,202605072406,0.30619859226561064,2,0,0.0,4.800000000000001,1
V265_150_TOP,11.5,2026-05,202605091805,0.4988221173240365,2,0,0.0,10.699792960662526,0
V265_150_TOP,11.5,2026-05,202605102010,0.32159998232026266,2,0,0.0,4.623404255319148,0
V265_150_TOP,11.5,2026-05,202605111110,0.31665681147793534,3,0,0.0,10.639725795870897,1
V265_150_TOP,11.5,2026-05,202605111606,0.3294092920798156,2,1,56950.0,5.721153846153847,1
V265_150_TOP,11.5,2026-05,202605112308,0.41932373591697775,2,1,57200.0,5.71551724137931,1
V265_150_TOP,11.5,2026-05,202605130406,0.2733289109066219,2,0,0.0,10.961434977578474,1
V265_150_TOP,11.5,2026-05,202605130408,0.3726049596856913,2,0,0.0,3.78125,1
V265_150_TOP,11.5,2026-05,202605170608,0.2434743649074758,2,0,0.0,4.120754716981132,0
V265_150_TOP,11.5,2026-05,202605171007,0.3001471245897618,2,0,0.0,7.096830985915493,0
V265_150_TOP,11.5,2026-05,202605172011,0.27168349193564306,3,0,0.0,9.40946477530099,0
V265_150_TOP,11.5,2026-05,202605191406,0.28641451305292764,2,0,0.0,11.379310344827585,1
V265_150_TOP,11.5,2026-05,202605201505,0.36831672214630873,4,0,0.0,11.33221305603408,1
V265_150_TOP,11.5,2026-05,202605202002,0.3902364898391778,2,0,0.0,9.913647642679901,0
V265_150_TOP,11.5,2026-05,202605211905,0.2542140296328964,2,1,100650.0,10.063829787234042,1
V265_150_TOP,11.5,2026-05,202605231808,0.3333535314002997,2,0,0.0,8.795675675675675,1
V265_150_TOP,11.5,2026-05,202605242411,0.2560659418383574,3,0,0.0,11.611890746172701,1
V265_150_TOP,11.5,2026-05,202605251307,0.31839257404333704,2,0,0.0,4.701492537313433,0
V265_150_TOP,11.5,2026-05,202605252408,0.2683925891046128,3,0,0.0,11.381637039701172,1
V265_150_TOP,11.5,2026-05,202605261206,0.2477934156913327,2,1,67200.0,6.72,1
V265_150_TOP,11.5,2026-05,202605270807,0.262551344006724,3,0,0.0,12.03462861208839,1
V265_150_TOP,11.5,2026-05,202605271204,0.28937073822663967,2,0,0.0,8.764044943820224,0
V265_150_TOP,11.5,2026-05,202605281008,0.3394806794482317,3,1,103020.0,10.418279867526808,1
V265_150_TOP,11.5,2026-05,202605281810,0.2623597545442885,2,0,0.0,8.917808219178083,0
V265_150_TOP,11.5,2026-05,202605291807,0.3051705159788475,2,0,0.0,6.151470588235294,0
V265_150_TOP,11.5,2026-05,202605300104,0.30572605729587143,2,0,0.0,6.913636363636364,0
V265_150_TOP,11.5,2026-05,202605301108,0.25160674324500787,2,0,0.0,6.776556776556777,1
V265_150_TOP,11.5,2026-05,202605312304,0.36738655362659883,3,0,0.0,10.442496868021134,0
V265_150_TOP,11.5,2026-06,202606010506,0.36594410389470916,2,0,0.0,3.788235294117647,0
V265_150_TOP,11.5,2026-06,202606010803,0.3785796943328967,3,0,0.0,13.658363686065325,0
V265_150_TOP,11.5,2026-06,202606010809,0.24832161283073945,11,0,0.0,10.815661989353584,0
V265_150_TOP,11.5,2026-06,202606012402,0.3590901703058144,2,0,0.0,7.068131868131867,0
V265_150_TOP,11.5,2026-06,202606020906,0.3602669695041363,2,0,0.0,5.71551724137931,0
V265_150_TOP,11.5,2026-06,202606021007,0.3518746079224508,2,0,0.0,13.20734908136483,1
V265_150_TOP,11.5,2026-06,202606022307,0.4258963489942831,2,0,0.0,6.739436619718309,0
V265_150_TOP,11.5,2026-06,202606032109,0.2713410185903159,2,0,0.0,8.772164948453609,0
V265_150_TOP,11.5,2026-06,202606040305,0.24408635071936263,2,0,0.0,8.526,1
V265_150_TOP,11.5,2026-06,202606040506,0.4434719346808655,2,1,50960.00000000001,5.092156862745099,1
V265_150_TOP,11.5,2026-06,202606041307,0.26835929727158797,3,0,0.0,10.462057539116504,1
V265_150_TOP,11.5,2026-06,202606050305,0.35764444916116395,3,0,0.0,11.34463549869474,0
V265_150_TOP,11.5,2026-06,202606060702,0.2906926493503423,3,0,0.0,8.3017138063279,1
V265_150_TOP,11.5,2026-06,202606060802,0.38039058176256874,7,0,0.0,10.863680703912106,0
V265_150_TOP,11.5,2026-06,202606061506,0.3011753407092139,2,0,0.0,8.863259668508288,0
V265_150_TOP,11.5,2026-06,202606071005,0.34081122836180394,2,0,0.0,4.4224719101123595,0
V265_150_TOP,11.5,2026-06,202606080510,0.3289919650977192,2,0,0.0,8.84047619047619,0
V265_150_TOP,11.5,2026-06,202606080910,0.5015739334864578,2,0,0.0,8.3,1
V265_150_TOP,11.5,2026-06,202606100903,0.29146048665616564,3,0,0.0,10.074807707987933,1
V265_150_TOP,11.5,2026-06,202606121108,0.32163869495459113,2,0,0.0,7.666478873239437,0
V265_150_TOP,11.5,2026-06,202606121901,0.33821929331480793,2,0,0.0,11.727272727272727,0
V265_150_TOP,11.5,2026-06,202606122306,0.3342251394193841,3,0,0.0,12.608492591797292,1
V265_150_TOP,11.5,2026-06,202606130609,0.31481860217130947,2,0,0.0,9.481558441558441,0
V265_150_TOP,11.5,2026-06,202606130702,0.26323389237519057,4,0,0.0,12.228582211794254,1
V265_150_TOP,11.5,2026-06,202606132204,0.310701165317296,3,0,0.0,12.772519329896907,1
V265_150_TOP,11.5,2026-06,202606142208,0.2577106658561332,2,0,0.0,4.795024875621891,0
V265_150_TOP,11.5,2026-06,202606150310,0.49326789418983,2,0,0.0,9.859756097560977,0
V265_150_TOP,11.5,2026-06,202606180205,0.3467257339091954,2,0,0.0,4.699530516431925,0
V265_150_TOP,11.5,2026-06,202606190903,0.24990605274821506,2,0,0.0,11.726513569937369,0
V265_150_TOP,11.5,2026-06,202606192107,0.2662623010537389,3,0,0.0,12.620396600566572,0
V265_150_TOP,11.5,2026-06,202606200903,0.2525040498042399,5,0,0.0,10.760744603129428,0
V265_150_TOP,11.5,2026-06,202606201709,0.39783307587696626,2,0,0.0,11.668522483940043,1
V265_150_TOP,11.5,2026-06,202606210906,0.38860843491367053,2,1,49680.0,4.964634146341463,1
V265_150_TOP,11.5,2026-06,202606222204,0.24579660471103587,7,0,0.0,11.566033171073911,0
V265_150_TOP,11.5,2026-06,202606240605,0.24632202556586566,2,1,112640.00000000001,11.200000000000001,1
V265_150_TOP,11.5,2026-06,202606241207,0.4926793526575593,2,0,0.0,12.55538160469667,1
V265_150_TOP,11.5,2026-06,202606241210,0.2818248279156755,2,0,0.0,8.1865889212828,0
V265_150_TOP,11.5,2026-06,202606260304,0.29264012228437525,2,0,0.0,12.496237623762376,0
V265_150_TOP,11.5,2026-06,202606260410,0.3749345858451627,4,0,0.0,9.602470299015934,0
V265_150_TOP,11.5,2026-06,202606260705,0.5851971954012899,2,0,0.0,5.211428571428571,1
V265_150_TOP,11.5,2026-06,202606261709,0.28107228746373475,2,0,0.0,12.3,0
V265_150_TOP,11.5,2026-06,202606280508,0.3729118086740424,2,0,0.0,10.065777777777779,0
V265_150_TOP,11.5,2026-06,202606281008,0.30489132749319986,2,0,0.0,9.617158671586715,0
V265_150_TOP,11.5,2026-06,202606290310,0.2587951198849846,14,0,0.0,11.908302549983663,1
V265_150_TOP,11.5,2026-06,202606290806,0.2475238074585083,2,0,0.0,10.50532212885154,1
V265_150_TOP,11.5,2026-06,202606292011,0.27730611462766674,2,0,0.0,10.499787685774947,0
V265_150_TOP,11.5,2026-06,202606302304,0.35973476964265916,2,0,0.0,5.979583333333333,0
V265_150_TOP,12.0,2026-04,202604010110,0.3362295879131521,5,0,0.0,10.610995837755981,0
V265_150_TOP,12.0,2026-04,202604010206,0.33214018162072423,2,0,0.0,7.370847457627118,0
V265_150_TOP,12.0,2026-04,202604010603,0.2609591127615143,2,0,0.0,13.618709677419355,1
V265_150_TOP,12.0,2026-04,202604010804,0.3468489514909023,2,0,0.0,7.793823529411765,1
V265_150_TOP,12.0,2026-04,202604020108,0.4070439189785264,2,0,0.0,6.069958847736625,0
V265_150_TOP,12.0,2026-04,202604022209,0.2755935637859709,2,0,0.0,7.392739273927393,0
V265_150_TOP,12.0,2026-04,202604030402,0.48937395159720765,2,0,0.0,7.531353135313531,0
V265_150_TOP,12.0,2026-04,202604031806,0.287423792554616,2,0,0.0,6.532584269662922,0
V265_150_TOP,12.0,2026-04,202604042202,0.4880670097925171,2,0,0.0,6.39375,0
V265_150_TOP,12.0,2026-04,202604052207,0.2416130536111222,2,0,0.0,10.804597701149426,0
V265_150_TOP,12.0,2026-04,202604070808,0.38058106631389443,2,0,0.0,5.27688679245283,0
V265_150_TOP,12.0,2026-04,202604071007,0.24333976062105006,3,0,0.0,13.821727614918823,0
V265_150_TOP,12.0,2026-04,202604072403,0.40112025911238636,2,0,0.0,14.648464163822526,0
V265_150_TOP,12.0,2026-04,202604081111,0.27394923637944474,2,0,0.0,11.932500000000001,0
V265_150_TOP,12.0,2026-04,202604082306,0.3161619638251451,2,1,54500.0,5.399537037037037,1
V265_150_TOP,12.0,2026-04,202604090703,0.29607193225057943,2,0,0.0,7.899683544303797,1
V265_150_TOP,12.0,2026-04,202604120406,0.2426947482399163,9,0,0.0,11.931738688077123,0
V265_150_TOP,12.0,2026-04,202604120608,0.2641659660236303,2,0,0.0,13.373936170212765,0
V265_150_TOP,12.0,2026-04,202604121607,0.24832183221463933,2,0,0.0,12.857142857142858,0
V265_150_TOP,12.0,2026-04,202604130608,0.24320950647373815,2,0,0.0,5.916115702479338,1
V265_150_TOP,12.0,2026-04,202604140304,0.3100778813201366,2,0,0.0,4.544623655913979,0
V265_150_TOP,12.0,2026-04,202604150307,0.593318392368867,2,0,0.0,11.3216796875,0
V265_150_TOP,12.0,2026-04,202604160906,0.35225612672503215,3,0,0.0,12.262054179560177,1
V265_150_TOP,12.0,2026-04,202604170305,0.357939654795687,2,0,0.0,5.5560538116591935,0
V265_150_TOP,12.0,2026-04,202604180305,0.25492083050148273,3,0,0.0,11.166697674418606,1
V265_150_TOP,12.0,2026-04,202604190703,0.2437447591318216,2,0,0.0,6.153024911032029,0
V265_150_TOP,12.0,2026-04,202604191506,0.29678605281374837,2,0,0.0,4.394886363636363,0
V265_150_TOP,12.0,2026-04,202604210702,0.26076238248617817,2,0,0.0,12.796545105566217,0
V265_150_TOP,12.0,2026-04,202604211109,0.3090936507909546,2,0,0.0,8.955675675675677,0
V265_150_TOP,12.0,2026-04,202604221103,0.25063430956798277,2,0,0.0,11.13095238095238,1
V265_150_TOP,12.0,2026-04,202604230507,0.2559352279327435,2,1,94320.0,9.416625916870416,1
V265_150_TOP,12.0,2026-04,202604231603,0.32365934870317803,3,0,0.0,12.320709126163944,0
V265_150_TOP,12.0,2026-04,202604240706,0.32728775135432353,2,0,0.0,4.871794871794871,0
V265_150_TOP,12.0,2026-04,202604242308,0.38885571343152375,3,0,0.0,11.19641356122163,0
V265_150_TOP,12.0,2026-04,202604250708,0.27094714348642746,2,0,0.0,4.786363636363636,1
V265_150_TOP,12.0,2026-04,202604250903,0.3091599966321962,3,0,0.0,12.136139451790095,0
V265_150_TOP,12.0,2026-04,202604251307,0.34537629783734936,2,0,0.0,14.352,0
V265_150_TOP,12.0,2026-04,202604252307,0.27914210241591064,5,0,0.0,12.037949705488371,1
V265_150_TOP,12.0,2026-04,202604260310,0.4493967679409928,2,0,0.0,11.167857142857143,0
V265_150_TOP,12.0,2026-04,202604270606,0.30847001967163723,2,0,0.0,9.115777777777778,1
V265_150_TOP,12.0,2026-04,202604271607,0.3809196445792722,2,0,0.0,11.490719696969697,0
V265_150_TOP,12.0,2026-04,202604272402,0.2672130500713039,3,0,0.0,11.071466496761175,0
V265_150_TOP,12.0,2026-04,202604280603,0.3962156158883456,2,0,0.0,4.712,0
V265_150_TOP,12.0,2026-04,202604280606,0.30825676584573025,3,1,97500.0,9.792724839563247,1
V265_150_TOP,12.0,2026-04,202604281502,0.26526396999897645,3,0,0.0,12.098004325171628,0
V265_150_TOP,12.0,2026-04,202604281606,0.25152737307782036,4,0,0.0,12.054413940815861,0
V265_150_TOP,12.0,2026-04,202604290306,0.49265548432403744,2,0,0.0,6.274603174603175,0
V265_150_TOP,12.0,2026-04,202604291402,0.2666358596270563,3,0,0.0,7.570394379556842,0
V265_150_TOP,12.0,2026-05,202605021103,0.3072452374968523,2,1,62160.0,6.268235294117647,1
V265_150_TOP,12.0,2026-05,202605022307,0.34170870197982584,2,0,0.0,3.5517857142857143,0
V265_150_TOP,12.0,2026-05,202605030104,0.2872839999062184,2,0,0.0,6.849097472924187,0
V265_150_TOP,12.0,2026-05,202605030105,0.2831216910479071,2,0,0.0,6.595289855072465,0
V265_150_TOP,12.0,2026-05,202605030805,0.24374495981363578,2,1,95360.0,9.537439613526569,1
V265_150_TOP,12.0,2026-05,202605030811,0.27686272109708754,2,0,0.0,8.817567567567567,0
V265_150_TOP,12.0,2026-05,202605031208,0.2678317107188303,2,0,0.0,11.18339552238806,0
V265_150_TOP,12.0,2026-05,202605032307,0.31544784052996705,2,0,0.0,7.57125748502994,1
V265_150_TOP,12.0,2026-05,202605040202,0.37601386873550596,2,0,0.0,8.46798866855524,0
V265_150_TOP,12.0,2026-05,202605040403,0.30887777183407106,2,0,0.0,11.167303609341825,0
V265_150_TOP,12.0,2026-05,202605040701,0.24814357428661404,2,1,93100.0,9.398936170212767,1
V265_150_TOP,12.0,2026-05,202605041410,0.3140222197932346,2,0,0.0,12.67911877394636,1
V265_150_TOP,12.0,2026-05,202605042009,0.25886728037214946,2,0,0.0,8.64406779661017,0
V265_150_TOP,12.0,2026-05,202605050202,0.4373883697872649,2,0,0.0,3.988271604938272,0
V265_150_TOP,12.0,2026-05,202605050203,0.30868866808808765,2,0,0.0,7.600638977635782,1
V265_150_TOP,12.0,2026-05,202605050702,0.2827302596497819,2,0,0.0,8.75390625,1
V265_150_TOP,12.0,2026-05,202605050811,0.24911491615668602,2,0,0.0,9.711219512195123,0
V265_150_TOP,12.0,2026-05,202605051306,0.310707097576146,2,0,0.0,8.202216066481995,0
V265_150_TOP,12.0,2026-05,202605051602,0.38232108311498536,7,0,0.0,11.937756852765082,0
V265_150_TOP,12.0,2026-05,202605061105,0.2590149906132913,2,1,114660.0,11.460269865067465,1
V265_150_TOP,12.0,2026-05,202605072406,0.30619859226561064,2,0,0.0,4.800000000000001,1
V265_150_TOP,12.0,2026-05,202605091805,0.4988221173240365,2,0,0.0,10.699792960662526,0
V265_150_TOP,12.0,2026-05,202605102010,0.32159998232026266,2,0,0.0,4.623404255319148,0
V265_150_TOP,12.0,2026-05,202605111110,0.31665681147793534,3,0,0.0,10.639725795870897,1
V265_150_TOP,12.0,2026-05,202605111606,0.3294092920798156,2,1,56950.0,5.721153846153847,1
V265_150_TOP,12.0,2026-05,202605112308,0.41932373591697775,2,1,57200.0,5.71551724137931,1
V265_150_TOP,12.0,2026-05,202605130406,0.2733289109066219,2,0,0.0,10.961434977578474,1
V265_150_TOP,12.0,2026-05,202605130408,0.3726049596856913,2,0,0.0,3.78125,1
V265_150_TOP,12.0,2026-05,202605170608,0.2434743649074758,2,0,0.0,4.120754716981132,0
V265_150_TOP,12.0,2026-05,202605171007,0.3001471245897618,2,0,0.0,7.096830985915493,0
V265_150_TOP,12.0,2026-05,202605172011,0.27168349193564306,2,0,0.0,14.02309468822171,0
V265_150_TOP,12.0,2026-05,202605191406,0.28641451305292764,2,0,0.0,11.379310344827585,1
V265_150_TOP,12.0,2026-05,202605201505,0.36831672214630873,3,0,0.0,12.643042429170787,1
V265_150_TOP,12.0,2026-05,202605202002,0.3902364898391778,2,0,0.0,9.913647642679901,0
V265_150_TOP,12.0,2026-05,202605211905,0.2542140296328964,2,1,100650.0,10.063829787234042,1
V265_150_TOP,12.0,2026-05,202605231808,0.3333535314002997,2,0,0.0,8.795675675675675,1
V265_150_TOP,12.0,2026-05,202605242411,0.2560659418383574,3,0,0.0,11.611890746172701,1
V265_150_TOP,12.0,2026-05,202605251307,0.31839257404333704,2,0,0.0,4.701492537313433,0
V265_150_TOP,12.0,2026-05,202605252408,0.2683925891046128,3,0,0.0,11.381637039701172,1
V265_150_TOP,12.0,2026-05,202605261206,0.2477934156913327,2,1,67200.0,6.72,1
V265_150_TOP,12.0,2026-05,202605270807,0.262551344006724,3,0,0.0,12.03462861208839,1
V265_150_TOP,12.0,2026-05,202605271204,0.28937073822663967,2,0,0.0,8.764044943820224,0
V265_150_TOP,12.0,2026-05,202605281008,0.3394806794482317,3,1,103020.0,10.418279867526808,1
V265_150_TOP,12.0,2026-05,202605281810,0.2623597545442885,2,0,0.0,8.917808219178083,0
V265_150_TOP,12.0,2026-05,202605291807,0.3051705159788475,2,0,0.0,6.151470588235294,0
V265_150_TOP,12.0,2026-05,202605300104,0.30572605729587143,2,0,0.0,6.913636363636364,0
V265_150_TOP,12.0,2026-05,202605301108,0.25160674324500787,2,0,0.0,6.776556776556777,1
V265_150_TOP,12.0,2026-05,202605312304,0.36738655362659883,3,0,0.0,10.442496868021134,0
V265_150_TOP,12.0,2026-06,202606010506,0.36594410389470916,2,0,0.0,3.788235294117647,0
V265_150_TOP,12.0,2026-06,202606010803,0.3785796943328967,3,0,0.0,13.658363686065325,0
V265_150_TOP,12.0,2026-06,202606010809,0.24832161283073945,10,0,0.0,12.228713625436052,0
V265_150_TOP,12.0,2026-06,202606012402,0.3590901703058144,2,0,0.0,7.068131868131867,0
V265_150_TOP,12.0,2026-06,202606020906,0.3602669695041363,2,0,0.0,5.71551724137931,0
V265_150_TOP,12.0,2026-06,202606021007,0.3518746079224508,2,0,0.0,13.20734908136483,1
V265_150_TOP,12.0,2026-06,202606022307,0.4258963489942831,2,0,0.0,6.739436619718309,0
V265_150_TOP,12.0,2026-06,202606032109,0.2713410185903159,2,0,0.0,8.772164948453609,0
V265_150_TOP,12.0,2026-06,202606040305,0.24408635071936263,2,0,0.0,8.526,1
V265_150_TOP,12.0,2026-06,202606040506,0.4434719346808655,2,1,50960.00000000001,5.092156862745099,1
V265_150_TOP,12.0,2026-06,202606041307,0.26835929727158797,3,0,0.0,10.462057539116504,1
V265_150_TOP,12.0,2026-06,202606050305,0.35764444916116395,3,0,0.0,11.34463549869474,0
V265_150_TOP,12.0,2026-06,202606060702,0.2906926493503423,3,0,0.0,8.3017138063279,1
V265_150_TOP,12.0,2026-06,202606060802,0.38039058176256874,6,0,0.0,12.784687036790961,0
V265_150_TOP,12.0,2026-06,202606061506,0.3011753407092139,2,0,0.0,8.863259668508288,0
V265_150_TOP,12.0,2026-06,202606071005,0.34081122836180394,2,0,0.0,4.4224719101123595,0
V265_150_TOP,12.0,2026-06,202606080510,0.3289919650977192,2,0,0.0,8.84047619047619,0
V265_150_TOP,12.0,2026-06,202606080910,0.5015739334864578,2,0,0.0,8.3,1
V265_150_TOP,12.0,2026-06,202606100903,0.29146048665616564,3,0,0.0,10.074807707987933,1
V265_150_TOP,12.0,2026-06,202606121108,0.32163869495459113,2,0,0.0,7.666478873239437,0
V265_150_TOP,12.0,2026-06,202606121901,0.33821929331480793,2,0,0.0,11.727272727272727,0
V265_150_TOP,12.0,2026-06,202606122306,0.3342251394193841,3,0,0.0,12.608492591797292,1
V265_150_TOP,12.0,2026-06,202606130609,0.31481860217130947,2,0,0.0,9.481558441558441,0
V265_150_TOP,12.0,2026-06,202606130702,0.26323389237519057,4,0,0.0,12.228582211794254,1
V265_150_TOP,12.0,2026-06,202606132204,0.310701165317296,3,0,0.0,12.772519329896907,1
V265_150_TOP,12.0,2026-06,202606142208,0.2577106658561332,2,0,0.0,4.795024875621891,0
V265_150_TOP,12.0,2026-06,202606150310,0.49326789418983,2,0,0.0,9.859756097560977,0
V265_150_TOP,12.0,2026-06,202606180205,0.3467257339091954,2,0,0.0,4.699530516431925,0
V265_150_TOP,12.0,2026-06,202606190903,0.24990605274821506,2,0,0.0,11.726513569937369,0
V265_150_TOP,12.0,2026-06,202606192107,0.2662623010537389,3,0,0.0,12.620396600566572,0
V265_150_TOP,12.0,2026-06,202606200903,0.2525040498042399,5,0,0.0,10.760744603129428,0
V265_150_TOP,12.0,2026-06,202606201709,0.39783307587696626,2,0,0.0,11.668522483940043,1
V265_150_TOP,12.0,2026-06,202606210906,0.38860843491367053,2,1,49680.0,4.964634146341463,1
V265_150_TOP,12.0,2026-06,202606222204,0.24579660471103587,6,0,0.0,12.0104120055408,0
V265_150_TOP,12.0,2026-06,202606240605,0.24632202556586566,2,1,112640.00000000001,11.200000000000001,1
V265_150_TOP,12.0,2026-06,202606241207,0.4926793526575593,2,0,0.0,12.55538160469667,1
V265_150_TOP,12.0,2026-06,202606241210,0.2818248279156755,2,0,0.0,8.1865889212828,0
V265_150_TOP,12.0,2026-06,202606260304,0.29264012228437525,2,0,0.0,12.496237623762376,0
V265_150_TOP,12.0,2026-06,202606260410,0.3749345858451627,4,0,0.0,9.602470299015934,0
V265_150_TOP,12.0,2026-06,202606260705,0.5851971954012899,2,0,0.0,5.211428571428571,1
V265_150_TOP,12.0,2026-06,202606261709,0.28107228746373475,2,0,0.0,12.3,0
V265_150_TOP,12.0,2026-06,202606280508,0.3729118086740424,2,0,0.0,10.065777777777779,0
V265_150_TOP,12.0,2026-06,202606281008,0.30489132749319986,2,0,0.0,9.617158671586715,0
V265_150_TOP,12.0,2026-06,202606290310,0.2587951198849846,14,0,0.0,11.908302549983663,1
V265_150_TOP,12.0,2026-06,202606290806,0.2475238074585083,2,0,0.0,10.50532212885154,1
V265_150_TOP,12.0,2026-06,202606292011,0.27730611462766674,2,0,0.0,10.499787685774947,0
V265_150_TOP,12.0,2026-06,202606302304,0.35973476964265916,2,0,0.0,5.979583333333333,0
V265_150_TOP,12.5,2026-04,202604010110,0.3362295879131521,5,0,0.0,10.610995837755981,0
V265_150_TOP,12.5,2026-04,202604010206,0.33214018162072423,2,0,0.0,7.370847457627118,0
V265_150_TOP,12.5,2026-04,202604010603,0.2609591127615143,2,0,0.0,13.618709677419355,1
V265_150_TOP,12.5,2026-04,202604010804,0.3468489514909023,2,0,0.0,7.793823529411765,1
V265_150_TOP,12.5,2026-04,202604020108,0.4070439189785264,2,0,0.0,6.069958847736625,0
V265_150_TOP,12.5,2026-04,202604022209,0.2755935637859709,2,0,0.0,7.392739273927393,0
V265_150_TOP,12.5,2026-04,202604030402,0.48937395159720765,2,0,0.0,7.531353135313531,0
V265_150_TOP,12.5,2026-04,202604031806,0.287423792554616,2,0,0.0,6.532584269662922,0
V265_150_TOP,12.5,2026-04,202604042202,0.4880670097925171,2,0,0.0,6.39375,0
V265_150_TOP,12.5,2026-04,202604052207,0.2416130536111222,2,0,0.0,10.804597701149426,0
V265_150_TOP,12.5,2026-04,202604070808,0.38058106631389443,2,0,0.0,5.27688679245283,0
V265_150_TOP,12.5,2026-04,202604071007,0.24333976062105006,3,0,0.0,13.821727614918823,0
V265_150_TOP,12.5,2026-04,202604072403,0.40112025911238636,2,0,0.0,14.648464163822526,0
V265_150_TOP,12.5,2026-04,202604081111,0.27394923637944474,2,0,0.0,11.932500000000001,0
V265_150_TOP,12.5,2026-04,202604082306,0.3161619638251451,2,1,54500.0,5.399537037037037,1
V265_150_TOP,12.5,2026-04,202604090703,0.29607193225057943,2,0,0.0,7.899683544303797,1
V265_150_TOP,12.5,2026-04,202604120406,0.2426947482399163,8,0,0.0,12.729451329383867,0
V265_150_TOP,12.5,2026-04,202604120608,0.2641659660236303,2,0,0.0,13.373936170212765,0
V265_150_TOP,12.5,2026-04,202604121607,0.24832183221463933,2,0,0.0,12.857142857142858,0
V265_150_TOP,12.5,2026-04,202604130608,0.24320950647373815,2,0,0.0,5.916115702479338,1
V265_150_TOP,12.5,2026-04,202604140304,0.3100778813201366,2,0,0.0,4.544623655913979,0
V265_150_TOP,12.5,2026-04,202604150307,0.593318392368867,2,0,0.0,11.3216796875,0
V265_150_TOP,12.5,2026-04,202604160906,0.35225612672503215,2,0,0.0,12.47098976109215,1
V265_150_TOP,12.5,2026-04,202604170305,0.357939654795687,2,0,0.0,5.5560538116591935,0
V265_150_TOP,12.5,2026-04,202604180305,0.25492083050148273,3,0,0.0,11.166697674418606,1
V265_150_TOP,12.5,2026-04,202604190703,0.2437447591318216,2,0,0.0,6.153024911032029,0
V265_150_TOP,12.5,2026-04,202604191506,0.29678605281374837,2,0,0.0,4.394886363636363,0
V265_150_TOP,12.5,2026-04,202604210702,0.26076238248617817,2,0,0.0,12.796545105566217,0
V265_150_TOP,12.5,2026-04,202604211109,0.3090936507909546,2,0,0.0,8.955675675675677,0
V265_150_TOP,12.5,2026-04,202604221103,0.25063430956798277,2,0,0.0,11.13095238095238,1
V265_150_TOP,12.5,2026-04,202604230507,0.2559352279327435,2,1,94320.0,9.416625916870416,1
V265_150_TOP,12.5,2026-04,202604231603,0.32365934870317803,3,0,0.0,12.320709126163944,0
V265_150_TOP,12.5,2026-04,202604240706,0.32728775135432353,2,0,0.0,4.871794871794871,0
V265_150_TOP,12.5,2026-04,202604242308,0.38885571343152375,3,0,0.0,11.19641356122163,0
V265_150_TOP,12.5,2026-04,202604250708,0.27094714348642746,2,0,0.0,4.786363636363636,1
V265_150_TOP,12.5,2026-04,202604250903,0.3091599966321962,3,0,0.0,12.136139451790095,0
V265_150_TOP,12.5,2026-04,202604251307,0.34537629783734936,2,0,0.0,14.352,0
V265_150_TOP,12.5,2026-04,202604252307,0.27914210241591064,5,0,0.0,12.037949705488371,1
V265_150_TOP,12.5,2026-04,202604260310,0.4493967679409928,2,0,0.0,11.167857142857143,0
V265_150_TOP,12.5,2026-04,202604270606,0.30847001967163723,2,0,0.0,9.115777777777778,1
V265_150_TOP,12.5,2026-04,202604271607,0.3809196445792722,2,0,0.0,11.490719696969697,0
V265_150_TOP,12.5,2026-04,202604272402,0.2672130500713039,3,0,0.0,11.071466496761175,0
V265_150_TOP,12.5,2026-04,202604280603,0.3962156158883456,2,0,0.0,4.712,0
V265_150_TOP,12.5,2026-04,202604280606,0.30825676584573025,3,1,97500.0,9.792724839563247,1
V265_150_TOP,12.5,2026-04,202604281502,0.26526396999897645,3,0,0.0,12.098004325171628,0
V265_150_TOP,12.5,2026-04,202604281606,0.25152737307782036,4,0,0.0,12.054413940815861,0
V265_150_TOP,12.5,2026-04,202604290306,0.49265548432403744,2,0,0.0,6.274603174603175,0
V265_150_TOP,12.5,2026-04,202604291402,0.2666358596270563,2,0,0.0,16.920240782543264,0
V265_150_TOP,12.5,2026-05,202605021103,0.3072452374968523,2,1,62160.0,6.268235294117647,1
V265_150_TOP,12.5,2026-05,202605022307,0.34170870197982584,2,0,0.0,3.5517857142857143,0
V265_150_TOP,12.5,2026-05,202605030104,0.2872839999062184,2,0,0.0,6.849097472924187,0
V265_150_TOP,12.5,2026-05,202605030105,0.2831216910479071,2,0,0.0,6.595289855072465,0
V265_150_TOP,12.5,2026-05,202605030805,0.24374495981363578,2,1,95360.0,9.537439613526569,1
V265_150_TOP,12.5,2026-05,202605030811,0.27686272109708754,2,0,0.0,8.817567567567567,0
V265_150_TOP,12.5,2026-05,202605031208,0.2678317107188303,2,0,0.0,11.18339552238806,0
V265_150_TOP,12.5,2026-05,202605032307,0.31544784052996705,2,0,0.0,7.57125748502994,1
V265_150_TOP,12.5,2026-05,202605040202,0.37601386873550596,2,0,0.0,8.46798866855524,0
V265_150_TOP,12.5,2026-05,202605040403,0.30887777183407106,2,0,0.0,11.167303609341825,0
V265_150_TOP,12.5,2026-05,202605040701,0.24814357428661404,2,1,93100.0,9.398936170212767,1
V265_150_TOP,12.5,2026-05,202605041410,0.3140222197932346,2,0,0.0,12.67911877394636,1
V265_150_TOP,12.5,2026-05,202605042009,0.25886728037214946,2,0,0.0,8.64406779661017,0
V265_150_TOP,12.5,2026-05,202605050202,0.4373883697872649,2,0,0.0,3.988271604938272,0
V265_150_TOP,12.5,2026-05,202605050203,0.30868866808808765,2,0,0.0,7.600638977635782,1
V265_150_TOP,12.5,2026-05,202605050702,0.2827302596497819,2,0,0.0,8.75390625,1
V265_150_TOP,12.5,2026-05,202605050811,0.24911491615668602,2,0,0.0,9.711219512195123,0
V265_150_TOP,12.5,2026-05,202605051306,0.310707097576146,2,0,0.0,8.202216066481995,0
V265_150_TOP,12.5,2026-05,202605051602,0.38232108311498536,6,0,0.0,13.042809271192986,0
V265_150_TOP,12.5,2026-05,202605061105,0.2590149906132913,2,1,114660.0,11.460269865067465,1
V265_150_TOP,12.5,2026-05,202605072406,0.30619859226561064,2,0,0.0,4.800000000000001,1
V265_150_TOP,12.5,2026-05,202605091805,0.4988221173240365,2,0,0.0,10.699792960662526,0
V265_150_TOP,12.5,2026-05,202605102010,0.32159998232026266,2,0,0.0,4.623404255319148,0
V265_150_TOP,12.5,2026-05,202605111110,0.31665681147793534,2,0,0.0,13.501277372262773,1
V265_150_TOP,12.5,2026-05,202605111606,0.3294092920798156,2,1,56950.0,5.721153846153847,1
V265_150_TOP,12.5,2026-05,202605112308,0.41932373591697775,2,1,57200.0,5.71551724137931,1
V265_150_TOP,12.5,2026-05,202605130406,0.2733289109066219,2,0,0.0,10.961434977578474,1
V265_150_TOP,12.5,2026-05,202605130408,0.3726049596856913,2,0,0.0,3.78125,1
V265_150_TOP,12.5,2026-05,202605170608,0.2434743649074758,2,0,0.0,4.120754716981132,0
V265_150_TOP,12.5,2026-05,202605171007,0.3001471245897618,2,0,0.0,7.096830985915493,0
V265_150_TOP,12.5,2026-05,202605172011,0.27168349193564306,2,0,0.0,14.02309468822171,0
V265_150_TOP,12.5,2026-05,202605191406,0.28641451305292764,2,0,0.0,11.379310344827585,1
V265_150_TOP,12.5,2026-05,202605201505,0.36831672214630873,3,0,0.0,12.643042429170787,1
V265_150_TOP,12.5,2026-05,202605202002,0.3902364898391778,2,0,0.0,9.913647642679901,0
V265_150_TOP,12.5,2026-05,202605211905,0.2542140296328964,2,1,100650.0,10.063829787234042,1
V265_150_TOP,12.5,2026-05,202605231808,0.3333535314002997,2,0,0.0,8.795675675675675,1
V265_150_TOP,12.5,2026-05,202605242411,0.2560659418383574,3,0,0.0,11.611890746172701,1
V265_150_TOP,12.5,2026-05,202605251307,0.31839257404333704,2,0,0.0,4.701492537313433,0
V265_150_TOP,12.5,2026-05,202605252408,0.2683925891046128,2,0,0.0,12.722393162393162,1
V265_150_TOP,12.5,2026-05,202605261206,0.2477934156913327,2,1,67200.0,6.72,1
V265_150_TOP,12.5,2026-05,202605270807,0.262551344006724,3,0,0.0,12.03462861208839,1
V265_150_TOP,12.5,2026-05,202605271204,0.28937073822663967,2,0,0.0,8.764044943820224,0
V265_150_TOP,12.5,2026-05,202605281008,0.3394806794482317,3,1,103020.0,10.418279867526808,1
V265_150_TOP,12.5,2026-05,202605281810,0.2623597545442885,2,0,0.0,8.917808219178083,0
V265_150_TOP,12.5,2026-05,202605291807,0.3051705159788475,2,0,0.0,6.151470588235294,0
V265_150_TOP,12.5,2026-05,202605300104,0.30572605729587143,2,0,0.0,6.913636363636364,0
V265_150_TOP,12.5,2026-05,202605301108,0.25160674324500787,2,0,0.0,6.776556776556777,1
V265_150_TOP,12.5,2026-05,202605312304,0.36738655362659883,3,0,0.0,10.442496868021134,0
V265_150_TOP,12.5,2026-06,202606010506,0.36594410389470916,2,0,0.0,3.788235294117647,0
V265_150_TOP,12.5,2026-06,202606010803,0.3785796943328967,3,0,0.0,13.658363686065325,0
V265_150_TOP,12.5,2026-06,202606010809,0.24832161283073945,10,0,0.0,12.228713625436052,0
V265_150_TOP,12.5,2026-06,202606012402,0.3590901703058144,2,0,0.0,7.068131868131867,0
V265_150_TOP,12.5,2026-06,202606020906,0.3602669695041363,2,0,0.0,5.71551724137931,0
V265_150_TOP,12.5,2026-06,202606021007,0.3518746079224508,2,0,0.0,13.20734908136483,1
V265_150_TOP,12.5,2026-06,202606022307,0.4258963489942831,2,0,0.0,6.739436619718309,0
V265_150_TOP,12.5,2026-06,202606032109,0.2713410185903159,2,0,0.0,8.772164948453609,0
V265_150_TOP,12.5,2026-06,202606040305,0.24408635071936263,2,0,0.0,8.526,1
V265_150_TOP,12.5,2026-06,202606040506,0.4434719346808655,2,1,50960.00000000001,5.092156862745099,1
V265_150_TOP,12.5,2026-06,202606041307,0.26835929727158797,2,0,0.0,13.8572695035461,1
V265_150_TOP,12.5,2026-06,202606050305,0.35764444916116395,3,0,0.0,11.34463549869474,0
V265_150_TOP,12.5,2026-06,202606060702,0.2906926493503423,3,0,0.0,8.3017138063279,1
V265_150_TOP,12.5,2026-06,202606060802,0.38039058176256874,6,0,0.0,12.784687036790961,0
V265_150_TOP,12.5,2026-06,202606061506,0.3011753407092139,2,0,0.0,8.863259668508288,0
V265_150_TOP,12.5,2026-06,202606071005,0.34081122836180394,2,0,0.0,4.4224719101123595,0
V265_150_TOP,12.5,2026-06,202606080510,0.3289919650977192,2,0,0.0,8.84047619047619,0
V265_150_TOP,12.5,2026-06,202606080910,0.5015739334864578,2,0,0.0,8.3,1
V265_150_TOP,12.5,2026-06,202606100903,0.29146048665616564,3,0,0.0,10.074807707987933,1
V265_150_TOP,12.5,2026-06,202606121108,0.32163869495459113,2,0,0.0,7.666478873239437,0
V265_150_TOP,12.5,2026-06,202606121901,0.33821929331480793,2,0,0.0,11.727272727272727,0
V265_150_TOP,12.5,2026-06,202606122306,0.3342251394193841,3,0,0.0,12.608492591797292,1
V265_150_TOP,12.5,2026-06,202606130609,0.31481860217130947,2,0,0.0,9.481558441558441,0
V265_150_TOP,12.5,2026-06,202606130702,0.26323389237519057,4,0,0.0,12.228582211794254,1
V265_150_TOP,12.5,2026-06,202606132204,0.310701165317296,3,0,0.0,12.772519329896907,1
V265_150_TOP,12.5,2026-06,202606142208,0.2577106658561332,2,0,0.0,4.795024875621891,0
V265_150_TOP,12.5,2026-06,202606150310,0.49326789418983,2,0,0.0,9.859756097560977,0
V265_150_TOP,12.5,2026-06,202606180205,0.3467257339091954,2,0,0.0,4.699530516431925,0
V265_150_TOP,12.5,2026-06,202606190903,0.24990605274821506,2,0,0.0,11.726513569937369,0
V265_150_TOP,12.5,2026-06,202606192107,0.2662623010537389,3,0,0.0,12.620396600566572,0
V265_150_TOP,12.5,2026-06,202606200903,0.2525040498042399,4,0,0.0,13.947205722080998,0
V265_150_TOP,12.5,2026-06,202606201709,0.39783307587696626,2,0,0.0,11.668522483940043,1
V265_150_TOP,12.5,2026-06,202606210906,0.38860843491367053,2,1,49680.0,4.964634146341463,1
V265_150_TOP,12.5,2026-06,202606222204,0.24579660471103587,5,0,0.0,12.45980351834379,0
V265_150_TOP,12.5,2026-06,202606240605,0.24632202556586566,2,1,112640.00000000001,11.200000000000001,1
V265_150_TOP,12.5,2026-06,202606241207,0.4926793526575593,2,0,0.0,12.55538160469667,1
V265_150_TOP,12.5,2026-06,202606241210,0.2818248279156755,2,0,0.0,8.1865889212828,0
V265_150_TOP,12.5,2026-06,202606260304,0.29264012228437525,2,0,0.0,12.496237623762376,0
V265_150_TOP,12.5,2026-06,202606260410,0.3749345858451627,3,0,0.0,15.260225648154249,0
V265_150_TOP,12.5,2026-06,202606260705,0.5851971954012899,2,0,0.0,5.211428571428571,1
V265_150_TOP,12.5,2026-06,202606261709,0.28107228746373475,2,0,0.0,12.3,0
V265_150_TOP,12.5,2026-06,202606280508,0.3729118086740424,2,0,0.0,10.065777777777779,0
V265_150_TOP,12.5,2026-06,202606281008,0.30489132749319986,2,0,0.0,9.617158671586715,0
V265_150_TOP,12.5,2026-06,202606290310,0.2587951198849846,13,0,0.0,12.474645887506886,1
V265_150_TOP,12.5,2026-06,202606290806,0.2475238074585083,2,0,0.0,10.50532212885154,1
V265_150_TOP,12.5,2026-06,202606292011,0.27730611462766674,2,0,0.0,10.499787685774947,0
V265_150_TOP,12.5,2026-06,202606302304,0.35973476964265916,2,0,0.0,5.979583333333333,0
V265_150_TOP,13.0,2026-04,202604010110,0.3362295879131521,5,0,0.0,10.610995837755981,0
V265_150_TOP,13.0,2026-04,202604010206,0.33214018162072423,2,0,0.0,7.370847457627118,0
V265_150_TOP,13.0,2026-04,202604010603,0.2609591127615143,2,0,0.0,13.618709677419355,1
V265_150_TOP,13.0,2026-04,202604010804,0.3468489514909023,2,0,0.0,7.793823529411765,1
V265_150_TOP,13.0,2026-04,202604020108,0.4070439189785264,2,0,0.0,6.069958847736625,0
V265_150_TOP,13.0,2026-04,202604022209,0.2755935637859709,2,0,0.0,7.392739273927393,0
V265_150_TOP,13.0,2026-04,202604030402,0.48937395159720765,2,0,0.0,7.531353135313531,0
V265_150_TOP,13.0,2026-04,202604031806,0.287423792554616,2,0,0.0,6.532584269662922,0
V265_150_TOP,13.0,2026-04,202604042202,0.4880670097925171,2,0,0.0,6.39375,0
V265_150_TOP,13.0,2026-04,202604052207,0.2416130536111222,2,0,0.0,10.804597701149426,0
V265_150_TOP,13.0,2026-04,202604070808,0.38058106631389443,2,0,0.0,5.27688679245283,0
V265_150_TOP,13.0,2026-04,202604071007,0.24333976062105006,3,0,0.0,13.821727614918823,0
V265_150_TOP,13.0,2026-04,202604072403,0.40112025911238636,2,0,0.0,14.648464163822526,0
V265_150_TOP,13.0,2026-04,202604081111,0.27394923637944474,2,0,0.0,11.932500000000001,0
V265_150_TOP,13.0,2026-04,202604082306,0.3161619638251451,2,1,54500.0,5.399537037037037,1
V265_150_TOP,13.0,2026-04,202604090703,0.29607193225057943,2,0,0.0,7.899683544303797,1
V265_150_TOP,13.0,2026-04,202604120406,0.2426947482399163,7,0,0.0,13.019080393026593,0
V265_150_TOP,13.0,2026-04,202604120608,0.2641659660236303,2,0,0.0,13.373936170212765,0
V265_150_TOP,13.0,2026-04,202604121607,0.24832183221463933,2,0,0.0,12.857142857142858,0
V265_150_TOP,13.0,2026-04,202604130608,0.24320950647373815,2,0,0.0,5.916115702479338,1
V265_150_TOP,13.0,2026-04,202604140304,0.3100778813201366,2,0,0.0,4.544623655913979,0
V265_150_TOP,13.0,2026-04,202604150307,0.593318392368867,2,0,0.0,11.3216796875,0
V265_150_TOP,13.0,2026-04,202604160906,0.35225612672503215,2,0,0.0,12.47098976109215,1
V265_150_TOP,13.0,2026-04,202604170305,0.357939654795687,2,0,0.0,5.5560538116591935,0
V265_150_TOP,13.0,2026-04,202604180305,0.25492083050148273,2,0,0.0,14.497826086956524,1
V265_150_TOP,13.0,2026-04,202604190703,0.2437447591318216,2,0,0.0,6.153024911032029,0
V265_150_TOP,13.0,2026-04,202604191506,0.29678605281374837,2,0,0.0,4.394886363636363,0
V265_150_TOP,13.0,2026-04,202604210702,0.26076238248617817,2,0,0.0,12.796545105566217,0
V265_150_TOP,13.0,2026-04,202604211109,0.3090936507909546,2,0,0.0,8.955675675675677,0
V265_150_TOP,13.0,2026-04,202604221103,0.25063430956798277,2,0,0.0,11.13095238095238,1
V265_150_TOP,13.0,2026-04,202604230507,0.2559352279327435,2,1,94320.0,9.416625916870416,1
V265_150_TOP,13.0,2026-04,202604231603,0.32365934870317803,3,0,0.0,12.320709126163944,0
V265_150_TOP,13.0,2026-04,202604240706,0.32728775135432353,2,0,0.0,4.871794871794871,0
V265_150_TOP,13.0,2026-04,202604242308,0.38885571343152375,3,0,0.0,11.19641356122163,0
V265_150_TOP,13.0,2026-04,202604250708,0.27094714348642746,2,0,0.0,4.786363636363636,1
V265_150_TOP,13.0,2026-04,202604250903,0.3091599966321962,3,0,0.0,12.136139451790095,0
V265_150_TOP,13.0,2026-04,202604251307,0.34537629783734936,2,0,0.0,14.352,0
V265_150_TOP,13.0,2026-04,202604252307,0.27914210241591064,4,0,0.0,12.999786032742618,1
V265_150_TOP,13.0,2026-04,202604260310,0.4493967679409928,2,0,0.0,11.167857142857143,0
V265_150_TOP,13.0,2026-04,202604270606,0.30847001967163723,2,0,0.0,9.115777777777778,1
V265_150_TOP,13.0,2026-04,202604271607,0.3809196445792722,2,0,0.0,11.490719696969697,0
V265_150_TOP,13.0,2026-04,202604272402,0.2672130500713039,3,0,0.0,11.071466496761175,0
V265_150_TOP,13.0,2026-04,202604280603,0.3962156158883456,2,0,0.0,4.712,0
V265_150_TOP,13.0,2026-04,202604280606,0.30825676584573025,2,0,0.0,16.09875,1
V265_150_TOP,13.0,2026-04,202604281502,0.26526396999897645,3,0,0.0,12.098004325171628,0
V265_150_TOP,13.0,2026-04,202604281606,0.25152737307782036,4,0,0.0,12.054413940815861,0
V265_150_TOP,13.0,2026-04,202604290306,0.49265548432403744,2,0,0.0,6.274603174603175,0
V265_150_TOP,13.0,2026-04,202604291402,0.2666358596270563,2,0,0.0,16.920240782543264,0
V265_150_TOP,13.0,2026-05,202605021103,0.3072452374968523,2,1,62160.0,6.268235294117647,1
V265_150_TOP,13.0,2026-05,202605022307,0.34170870197982584,2,0,0.0,3.5517857142857143,0
V265_150_TOP,13.0,2026-05,202605030104,0.2872839999062184,2,0,0.0,6.849097472924187,0
V265_150_TOP,13.0,2026-05,202605030105,0.2831216910479071,2,0,0.0,6.595289855072465,0
V265_150_TOP,13.0,2026-05,202605030805,0.24374495981363578,2,1,95360.0,9.537439613526569,1
V265_150_TOP,13.0,2026-05,202605030811,0.27686272109708754,2,0,0.0,8.817567567567567,0
V265_150_TOP,13.0,2026-05,202605031208,0.2678317107188303,2,0,0.0,11.18339552238806,0
V265_150_TOP,13.0,2026-05,202605032307,0.31544784052996705,2,0,0.0,7.57125748502994,1
V265_150_TOP,13.0,2026-05,202605040202,0.37601386873550596,2,0,0.0,8.46798866855524,0
V265_150_TOP,13.0,2026-05,202605040403,0.30887777183407106,2,0,0.0,11.167303609341825,0
V265_150_TOP,13.0,2026-05,202605040701,0.24814357428661404,2,1,93100.0,9.398936170212767,1
V265_150_TOP,13.0,2026-05,202605041410,0.3140222197932346,2,0,0.0,12.67911877394636,1
V265_150_TOP,13.0,2026-05,202605042009,0.25886728037214946,2,0,0.0,8.64406779661017,0
V265_150_TOP,13.0,2026-05,202605050202,0.4373883697872649,2,0,0.0,3.988271604938272,0
V265_150_TOP,13.0,2026-05,202605050203,0.30868866808808765,2,0,0.0,7.600638977635782,1
V265_150_TOP,13.0,2026-05,202605050702,0.2827302596497819,2,0,0.0,8.75390625,1
V265_150_TOP,13.0,2026-05,202605050811,0.24911491615668602,2,0,0.0,9.711219512195123,0
V265_150_TOP,13.0,2026-05,202605051306,0.310707097576146,2,0,0.0,8.202216066481995,0
V265_150_TOP,13.0,2026-05,202605051602,0.38232108311498536,6,0,0.0,13.042809271192986,0
V265_150_TOP,13.0,2026-05,202605061105,0.2590149906132913,2,1,114660.0,11.460269865067465,1
V265_150_TOP,13.0,2026-05,202605072406,0.30619859226561064,2,0,0.0,4.800000000000001,1
V265_150_TOP,13.0,2026-05,202605091805,0.4988221173240365,2,0,0.0,10.699792960662526,0
V265_150_TOP,13.0,2026-05,202605102010,0.32159998232026266,2,0,0.0,4.623404255319148,0
V265_150_TOP,13.0,2026-05,202605111110,0.31665681147793534,2,0,0.0,13.501277372262773,1
V265_150_TOP,13.0,2026-05,202605111606,0.3294092920798156,2,1,56950.0,5.721153846153847,1
V265_150_TOP,13.0,2026-05,202605112308,0.41932373591697775,2,1,57200.0,5.71551724137931,1
V265_150_TOP,13.0,2026-05,202605130406,0.2733289109066219,2,0,0.0,10.961434977578474,1
V265_150_TOP,13.0,2026-05,202605130408,0.3726049596856913,2,0,0.0,3.78125,1
V265_150_TOP,13.0,2026-05,202605170608,0.2434743649074758,2,0,0.0,4.120754716981132,0
V265_150_TOP,13.0,2026-05,202605171007,0.3001471245897618,2,0,0.0,7.096830985915493,0
V265_150_TOP,13.0,2026-05,202605172011,0.27168349193564306,2,0,0.0,14.02309468822171,0
V265_150_TOP,13.0,2026-05,202605191406,0.28641451305292764,2,0,0.0,11.379310344827585,1
V265_150_TOP,13.0,2026-05,202605201505,0.36831672214630873,3,0,0.0,12.643042429170787,1
V265_150_TOP,13.0,2026-05,202605202002,0.3902364898391778,2,0,0.0,9.913647642679901,0
V265_150_TOP,13.0,2026-05,202605211905,0.2542140296328964,2,1,100650.0,10.063829787234042,1
V265_150_TOP,13.0,2026-05,202605231808,0.3333535314002997,2,0,0.0,8.795675675675675,1
V265_150_TOP,13.0,2026-05,202605242411,0.2560659418383574,3,0,0.0,11.611890746172701,1
V265_150_TOP,13.0,2026-05,202605251307,0.31839257404333704,2,0,0.0,4.701492537313433,0
V265_150_TOP,13.0,2026-05,202605252408,0.2683925891046128,2,0,0.0,12.722393162393162,1
V265_150_TOP,13.0,2026-05,202605261206,0.2477934156913327,2,1,67200.0,6.72,1
V265_150_TOP,13.0,2026-05,202605270807,0.262551344006724,2,0,0.0,13.37609841827768,1
V265_150_TOP,13.0,2026-05,202605271204,0.28937073822663967,2,0,0.0,8.764044943820224,0
V265_150_TOP,13.0,2026-05,202605281008,0.3394806794482317,3,1,103020.0,10.418279867526808,1
V265_150_TOP,13.0,2026-05,202605281810,0.2623597545442885,2,0,0.0,8.917808219178083,0
V265_150_TOP,13.0,2026-05,202605291807,0.3051705159788475,2,0,0.0,6.151470588235294,0
V265_150_TOP,13.0,2026-05,202605300104,0.30572605729587143,2,0,0.0,6.913636363636364,0
V265_150_TOP,13.0,2026-05,202605301108,0.25160674324500787,2,0,0.0,6.776556776556777,1
V265_150_TOP,13.0,2026-05,202605312304,0.36738655362659883,2,0,0.0,15.171792152704136,0
V265_150_TOP,13.0,2026-06,202606010506,0.36594410389470916,2,0,0.0,3.788235294117647,0
V265_150_TOP,13.0,2026-06,202606010803,0.3785796943328967,3,0,0.0,13.658363686065325,0
V265_150_TOP,13.0,2026-06,202606010809,0.24832161283073945,9,0,0.0,13.689488831344587,0
V265_150_TOP,13.0,2026-06,202606012402,0.3590901703058144,2,0,0.0,7.068131868131867,0
V265_150_TOP,13.0,2026-06,202606020906,0.3602669695041363,2,0,0.0,5.71551724137931,0
V265_150_TOP,13.0,2026-06,202606021007,0.3518746079224508,2,0,0.0,13.20734908136483,1
V265_150_TOP,13.0,2026-06,202606022307,0.4258963489942831,2,0,0.0,6.739436619718309,0
V265_150_TOP,13.0,2026-06,202606032109,0.2713410185903159,2,0,0.0,8.772164948453609,0
V265_150_TOP,13.0,2026-06,202606040305,0.24408635071936263,2,0,0.0,8.526,1
V265_150_TOP,13.0,2026-06,202606040506,0.4434719346808655,2,1,50960.00000000001,5.092156862745099,1
V265_150_TOP,13.0,2026-06,202606041307,0.26835929727158797,2,0,0.0,13.8572695035461,1
V265_150_TOP,13.0,2026-06,202606050305,0.35764444916116395,3,0,0.0,11.34463549869474,0
V265_150_TOP,13.0,2026-06,202606060702,0.2906926493503423,3,0,0.0,8.3017138063279,1
V265_150_TOP,13.0,2026-06,202606060802,0.38039058176256874,6,0,0.0,12.784687036790961,0
V265_150_TOP,13.0,2026-06,202606061506,0.3011753407092139,2,0,0.0,8.863259668508288,0
V265_150_TOP,13.0,2026-06,202606071005,0.34081122836180394,2,0,0.0,4.4224719101123595,0
V265_150_TOP,13.0,2026-06,202606080510,0.3289919650977192,2,0,0.0,8.84047619047619,0
V265_150_TOP,13.0,2026-06,202606080910,0.5015739334864578,2,0,0.0,8.3,1
V265_150_TOP,13.0,2026-06,202606100903,0.29146048665616564,3,0,0.0,10.074807707987933,1
V265_150_TOP,13.0,2026-06,202606121108,0.32163869495459113,2,0,0.0,7.666478873239437,0
V265_150_TOP,13.0,2026-06,202606121901,0.33821929331480793,2,0,0.0,11.727272727272727,0
V265_150_TOP,13.0,2026-06,202606122306,0.3342251394193841,3,0,0.0,12.608492591797292,1
V265_150_TOP,13.0,2026-06,202606130609,0.31481860217130947,2,0,0.0,9.481558441558441,0
V265_150_TOP,13.0,2026-06,202606130702,0.26323389237519057,4,0,0.0,12.228582211794254,1
V265_150_TOP,13.0,2026-06,202606132204,0.310701165317296,3,0,0.0,12.772519329896907,1
V265_150_TOP,13.0,2026-06,202606142208,0.2577106658561332,2,0,0.0,4.795024875621891,0
V265_150_TOP,13.0,2026-06,202606150310,0.49326789418983,2,0,0.0,9.859756097560977,0
V265_150_TOP,13.0,2026-06,202606180205,0.3467257339091954,2,0,0.0,4.699530516431925,0
V265_150_TOP,13.0,2026-06,202606190903,0.24990605274821506,2,0,0.0,11.726513569937369,0
V265_150_TOP,13.0,2026-06,202606192107,0.2662623010537389,3,0,0.0,12.620396600566572,0
V265_150_TOP,13.0,2026-06,202606200903,0.2525040498042399,4,0,0.0,13.947205722080998,0
V265_150_TOP,13.0,2026-06,202606201709,0.39783307587696626,2,0,0.0,11.668522483940043,1
V265_150_TOP,13.0,2026-06,202606210906,0.38860843491367053,2,1,49680.0,4.964634146341463,1
V265_150_TOP,13.0,2026-06,202606222204,0.24579660471103587,4,0,0.0,13.066614746019123,0
V265_150_TOP,13.0,2026-06,202606240605,0.24632202556586566,2,1,112640.00000000001,11.200000000000001,1
V265_150_TOP,13.0,2026-06,202606241207,0.4926793526575593,2,0,0.0,12.55538160469667,1
V265_150_TOP,13.0,2026-06,202606241210,0.2818248279156755,2,0,0.0,8.1865889212828,0
V265_150_TOP,13.0,2026-06,202606260304,0.29264012228437525,2,0,0.0,12.496237623762376,0
V265_150_TOP,13.0,2026-06,202606260410,0.3749345858451627,3,0,0.0,15.260225648154249,0
V265_150_TOP,13.0,2026-06,202606260705,0.5851971954012899,2,0,0.0,5.211428571428571,1
V265_150_TOP,13.0,2026-06,202606261709,0.28107228746373475,2,0,0.0,12.3,0
V265_150_TOP,13.0,2026-06,202606280508,0.3729118086740424,2,0,0.0,10.065777777777779,0
V265_150_TOP,13.0,2026-06,202606281008,0.30489132749319986,2,0,0.0,9.617158671586715,0
V265_150_TOP,13.0,2026-06,202606290310,0.2587951198849846,13,0,0.0,12.474645887506886,1
V265_150_TOP,13.0,2026-06,202606290806,0.2475238074585083,2,0,0.0,10.50532212885154,1
V265_150_TOP,13.0,2026-06,202606292011,0.27730611462766674,2,0,0.0,10.499787685774947,0
V265_150_TOP,13.0,2026-06,202606302304,0.35973476964265916,2,0,0.0,5.979583333333333,0
V265_150_TOP,13.5,2026-04,202604010110,0.3362295879131521,4,0,0.0,15.754822017984177,0
V265_150_TOP,13.5,2026-04,202604010206,0.33214018162072423,2,0,0.0,7.370847457627118,0
V265_150_TOP,13.5,2026-04,202604010603,0.2609591127615143,2,0,0.0,13.618709677419355,1
V265_150_TOP,13.5,2026-04,202604010804,0.3468489514909023,2,0,0.0,7.793823529411765,1
V265_150_TOP,13.5,2026-04,202604020108,0.4070439189785264,2,0,0.0,6.069958847736625,0
V265_150_TOP,13.5,2026-04,202604022209,0.2755935637859709,2,0,0.0,7.392739273927393,0
V265_150_TOP,13.5,2026-04,202604030402,0.48937395159720765,2,0,0.0,7.531353135313531,0
V265_150_TOP,13.5,2026-04,202604031806,0.287423792554616,2,0,0.0,6.532584269662922,0
V265_150_TOP,13.5,2026-04,202604042202,0.4880670097925171,2,0,0.0,6.39375,0
V265_150_TOP,13.5,2026-04,202604052207,0.2416130536111222,2,0,0.0,10.804597701149426,0
V265_150_TOP,13.5,2026-04,202604070808,0.38058106631389443,2,0,0.0,5.27688679245283,0
V265_150_TOP,13.5,2026-04,202604071007,0.24333976062105006,3,0,0.0,13.821727614918823,0
V265_150_TOP,13.5,2026-04,202604072403,0.40112025911238636,2,0,0.0,14.648464163822526,0
V265_150_TOP,13.5,2026-04,202604081111,0.27394923637944474,2,0,0.0,11.932500000000001,0
V265_150_TOP,13.5,2026-04,202604082306,0.3161619638251451,2,1,54500.0,5.399537037037037,1
V265_150_TOP,13.5,2026-04,202604090703,0.29607193225057943,2,0,0.0,7.899683544303797,1
V265_150_TOP,13.5,2026-04,202604120406,0.2426947482399163,6,0,0.0,13.608262513660987,0
V265_150_TOP,13.5,2026-04,202604120608,0.2641659660236303,2,0,0.0,13.373936170212765,0
V265_150_TOP,13.5,2026-04,202604121607,0.24832183221463933,2,0,0.0,12.857142857142858,0
V265_150_TOP,13.5,2026-04,202604130608,0.24320950647373815,2,0,0.0,5.916115702479338,1
V265_150_TOP,13.5,2026-04,202604140304,0.3100778813201366,2,0,0.0,4.544623655913979,0
V265_150_TOP,13.5,2026-04,202604150307,0.593318392368867,2,0,0.0,11.3216796875,0
V265_150_TOP,13.5,2026-04,202604160906,0.35225612672503215,2,0,0.0,12.47098976109215,1
V265_150_TOP,13.5,2026-04,202604170305,0.357939654795687,2,0,0.0,5.5560538116591935,0
V265_150_TOP,13.5,2026-04,202604180305,0.25492083050148273,2,0,0.0,14.497826086956524,1
V265_150_TOP,13.5,2026-04,202604190703,0.2437447591318216,2,0,0.0,6.153024911032029,0
V265_150_TOP,13.5,2026-04,202604191506,0.29678605281374837,2,0,0.0,4.394886363636363,0
V265_150_TOP,13.5,2026-04,202604210702,0.26076238248617817,2,0,0.0,12.796545105566217,0
V265_150_TOP,13.5,2026-04,202604211109,0.3090936507909546,2,0,0.0,8.955675675675677,0
V265_150_TOP,13.5,2026-04,202604221103,0.25063430956798277,2,0,0.0,11.13095238095238,1
V265_150_TOP,13.5,2026-04,202604230507,0.2559352279327435,2,1,94320.0,9.416625916870416,1
V265_150_TOP,13.5,2026-04,202604231603,0.32365934870317803,3,0,0.0,12.320709126163944,0
V265_150_TOP,13.5,2026-04,202604240706,0.32728775135432353,2,0,0.0,4.871794871794871,0
V265_150_TOP,13.5,2026-04,202604242308,0.38885571343152375,3,0,0.0,11.19641356122163,0
V265_150_TOP,13.5,2026-04,202604250708,0.27094714348642746,2,0,0.0,4.786363636363636,1
V265_150_TOP,13.5,2026-04,202604250903,0.3091599966321962,3,0,0.0,12.136139451790095,0
V265_150_TOP,13.5,2026-04,202604251307,0.34537629783734936,2,0,0.0,14.352,0
V265_150_TOP,13.5,2026-04,202604252307,0.27914210241591064,4,0,0.0,12.999786032742618,1
V265_150_TOP,13.5,2026-04,202604260310,0.4493967679409928,2,0,0.0,11.167857142857143,0
V265_150_TOP,13.5,2026-04,202604270606,0.30847001967163723,2,0,0.0,9.115777777777778,1
V265_150_TOP,13.5,2026-04,202604271607,0.3809196445792722,2,0,0.0,11.490719696969697,0
V265_150_TOP,13.5,2026-04,202604272402,0.2672130500713039,2,0,0.0,15.294117647058822,0
V265_150_TOP,13.5,2026-04,202604280603,0.3962156158883456,2,0,0.0,4.712,0
V265_150_TOP,13.5,2026-04,202604280606,0.30825676584573025,2,0,0.0,16.09875,1
V265_150_TOP,13.5,2026-04,202604281502,0.26526396999897645,3,0,0.0,12.098004325171628,0
V265_150_TOP,13.5,2026-04,202604281606,0.25152737307782036,3,0,0.0,14.825074093084094,0
V265_150_TOP,13.5,2026-04,202604290306,0.49265548432403744,2,0,0.0,6.274603174603175,0
V265_150_TOP,13.5,2026-04,202604291402,0.2666358596270563,2,0,0.0,16.920240782543264,0
V265_150_TOP,13.5,2026-05,202605021103,0.3072452374968523,2,1,62160.0,6.268235294117647,1
V265_150_TOP,13.5,2026-05,202605022307,0.34170870197982584,2,0,0.0,3.5517857142857143,0
V265_150_TOP,13.5,2026-05,202605030104,0.2872839999062184,2,0,0.0,6.849097472924187,0
V265_150_TOP,13.5,2026-05,202605030105,0.2831216910479071,2,0,0.0,6.595289855072465,0
V265_150_TOP,13.5,2026-05,202605030805,0.24374495981363578,2,1,95360.0,9.537439613526569,1
V265_150_TOP,13.5,2026-05,202605030811,0.27686272109708754,2,0,0.0,8.817567567567567,0
V265_150_TOP,13.5,2026-05,202605031208,0.2678317107188303,2,0,0.0,11.18339552238806,0
V265_150_TOP,13.5,2026-05,202605032307,0.31544784052996705,2,0,0.0,7.57125748502994,1
V265_150_TOP,13.5,2026-05,202605040202,0.37601386873550596,2,0,0.0,8.46798866855524,0
V265_150_TOP,13.5,2026-05,202605040403,0.30887777183407106,2,0,0.0,11.167303609341825,0
V265_150_TOP,13.5,2026-05,202605040701,0.24814357428661404,2,1,93100.0,9.398936170212767,1
V265_150_TOP,13.5,2026-05,202605041410,0.3140222197932346,2,0,0.0,12.67911877394636,1
V265_150_TOP,13.5,2026-05,202605042009,0.25886728037214946,2,0,0.0,8.64406779661017,0
V265_150_TOP,13.5,2026-05,202605050202,0.4373883697872649,2,0,0.0,3.988271604938272,0
V265_150_TOP,13.5,2026-05,202605050203,0.30868866808808765,2,0,0.0,7.600638977635782,1
V265_150_TOP,13.5,2026-05,202605050702,0.2827302596497819,2,0,0.0,8.75390625,1
V265_150_TOP,13.5,2026-05,202605050811,0.24911491615668602,2,0,0.0,9.711219512195123,0
V265_150_TOP,13.5,2026-05,202605051306,0.310707097576146,2,0,0.0,8.202216066481995,0
V265_150_TOP,13.5,2026-05,202605051602,0.38232108311498536,6,0,0.0,13.042809271192986,0
V265_150_TOP,13.5,2026-05,202605061105,0.2590149906132913,2,1,114660.0,11.460269865067465,1
V265_150_TOP,13.5,2026-05,202605072406,0.30619859226561064,2,0,0.0,4.800000000000001,1
V265_150_TOP,13.5,2026-05,202605091805,0.4988221173240365,2,0,0.0,10.699792960662526,0
V265_150_TOP,13.5,2026-05,202605102010,0.32159998232026266,2,0,0.0,4.623404255319148,0
V265_150_TOP,13.5,2026-05,202605111110,0.31665681147793534,2,0,0.0,13.501277372262773,1
V265_150_TOP,13.5,2026-05,202605111606,0.3294092920798156,2,1,56950.0,5.721153846153847,1
V265_150_TOP,13.5,2026-05,202605112308,0.41932373591697775,2,1,57200.0,5.71551724137931,1
V265_150_TOP,13.5,2026-05,202605130406,0.2733289109066219,2,0,0.0,10.961434977578474,1
V265_150_TOP,13.5,2026-05,202605130408,0.3726049596856913,2,0,0.0,3.78125,1
V265_150_TOP,13.5,2026-05,202605170608,0.2434743649074758,2,0,0.0,4.120754716981132,0
V265_150_TOP,13.5,2026-05,202605171007,0.3001471245897618,2,0,0.0,7.096830985915493,0
V265_150_TOP,13.5,2026-05,202605172011,0.27168349193564306,2,0,0.0,14.02309468822171,0
V265_150_TOP,13.5,2026-05,202605191406,0.28641451305292764,2,0,0.0,11.379310344827585,1
V265_150_TOP,13.5,2026-05,202605201505,0.36831672214630873,3,0,0.0,12.643042429170787,1
V265_150_TOP,13.5,2026-05,202605202002,0.3902364898391778,2,0,0.0,9.913647642679901,0
V265_150_TOP,13.5,2026-05,202605211905,0.2542140296328964,2,1,100650.0,10.063829787234042,1
V265_150_TOP,13.5,2026-05,202605231808,0.3333535314002997,2,0,0.0,8.795675675675675,1
V265_150_TOP,13.5,2026-05,202605242411,0.2560659418383574,3,0,0.0,11.611890746172701,1
V265_150_TOP,13.5,2026-05,202605251307,0.31839257404333704,2,0,0.0,4.701492537313433,0
V265_150_TOP,13.5,2026-05,202605252408,0.2683925891046128,2,0,0.0,12.722393162393162,1
V265_150_TOP,13.5,2026-05,202605261206,0.2477934156913327,2,1,67200.0,6.72,1
V265_150_TOP,13.5,2026-05,202605270807,0.262551344006724,2,0,0.0,13.37609841827768,1
V265_150_TOP,13.5,2026-05,202605271204,0.28937073822663967,2,0,0.0,8.764044943820224,0
V265_150_TOP,13.5,2026-05,202605281008,0.3394806794482317,2,0,0.0,15.877593984962404,1
V265_150_TOP,13.5,2026-05,202605281810,0.2623597545442885,2,0,0.0,8.917808219178083,0
V265_150_TOP,13.5,2026-05,202605291807,0.3051705159788475,2,0,0.0,6.151470588235294,0
V265_150_TOP,13.5,2026-05,202605300104,0.30572605729587143,2,0,0.0,6.913636363636364,0
V265_150_TOP,13.5,2026-05,202605301108,0.25160674324500787,2,0,0.0,6.776556776556777,1
V265_150_TOP,13.5,2026-05,202605312304,0.36738655362659883,2,0,0.0,15.171792152704136,0
V265_150_TOP,13.5,2026-06,202606010506,0.36594410389470916,2,0,0.0,3.788235294117647,0
V265_150_TOP,13.5,2026-06,202606010803,0.3785796943328967,3,0,0.0,13.658363686065325,0
V265_150_TOP,13.5,2026-06,202606010809,0.24832161283073945,9,0,0.0,13.689488831344587,0
V265_150_TOP,13.5,2026-06,202606012402,0.3590901703058144,2,0,0.0,7.068131868131867,0
V265_150_TOP,13.5,2026-06,202606020906,0.3602669695041363,2,0,0.0,5.71551724137931,0
V265_150_TOP,13.5,2026-06,202606021007,0.3518746079224508,2,0,0.0,13.20734908136483,1
V265_150_TOP,13.5,2026-06,202606022307,0.4258963489942831,2,0,0.0,6.739436619718309,0
V265_150_TOP,13.5,2026-06,202606032109,0.2713410185903159,2,0,0.0,8.772164948453609,0
V265_150_TOP,13.5,2026-06,202606040305,0.24408635071936263,2,0,0.0,8.526,1
V265_150_TOP,13.5,2026-06,202606040506,0.4434719346808655,2,1,50960.00000000001,5.092156862745099,1
V265_150_TOP,13.5,2026-06,202606041307,0.26835929727158797,2,0,0.0,13.8572695035461,1
V265_150_TOP,13.5,2026-06,202606050305,0.35764444916116395,3,0,0.0,11.34463549869474,0
V265_150_TOP,13.5,2026-06,202606060702,0.2906926493503423,2,0,0.0,17.876,1
V265_150_TOP,13.5,2026-06,202606060802,0.38039058176256874,6,0,0.0,12.784687036790961,0
V265_150_TOP,13.5,2026-06,202606061506,0.3011753407092139,2,0,0.0,8.863259668508288,0
V265_150_TOP,13.5,2026-06,202606071005,0.34081122836180394,2,0,0.0,4.4224719101123595,0
V265_150_TOP,13.5,2026-06,202606080510,0.3289919650977192,2,0,0.0,8.84047619047619,0
V265_150_TOP,13.5,2026-06,202606080910,0.5015739334864578,2,0,0.0,8.3,1
V265_150_TOP,13.5,2026-06,202606100903,0.29146048665616564,3,0,0.0,10.074807707987933,1
V265_150_TOP,13.5,2026-06,202606121108,0.32163869495459113,2,0,0.0,7.666478873239437,0
V265_150_TOP,13.5,2026-06,202606121901,0.33821929331480793,2,0,0.0,11.727272727272727,0
V265_150_TOP,13.5,2026-06,202606122306,0.3342251394193841,3,0,0.0,12.608492591797292,1
V265_150_TOP,13.5,2026-06,202606130609,0.31481860217130947,2,0,0.0,9.481558441558441,0
V265_150_TOP,13.5,2026-06,202606130702,0.26323389237519057,4,0,0.0,12.228582211794254,1
V265_150_TOP,13.5,2026-06,202606132204,0.310701165317296,3,0,0.0,12.772519329896907,1
V265_150_TOP,13.5,2026-06,202606142208,0.2577106658561332,2,0,0.0,4.795024875621891,0
V265_150_TOP,13.5,2026-06,202606150310,0.49326789418983,2,0,0.0,9.859756097560977,0
V265_150_TOP,13.5,2026-06,202606180205,0.3467257339091954,2,0,0.0,4.699530516431925,0
V265_150_TOP,13.5,2026-06,202606190903,0.24990605274821506,2,0,0.0,11.726513569937369,0
V265_150_TOP,13.5,2026-06,202606192107,0.2662623010537389,3,0,0.0,12.620396600566572,0
V265_150_TOP,13.5,2026-06,202606200903,0.2525040498042399,4,0,0.0,13.947205722080998,0
V265_150_TOP,13.5,2026-06,202606201709,0.39783307587696626,2,0,0.0,11.668522483940043,1
V265_150_TOP,13.5,2026-06,202606210906,0.38860843491367053,2,1,49680.0,4.964634146341463,1
V265_150_TOP,13.5,2026-06,202606222204,0.24579660471103587,4,0,0.0,13.066614746019123,0
V265_150_TOP,13.5,2026-06,202606240605,0.24632202556586566,2,1,112640.00000000001,11.200000000000001,1
V265_150_TOP,13.5,2026-06,202606241207,0.4926793526575593,2,0,0.0,12.55538160469667,1
V265_150_TOP,13.5,2026-06,202606241210,0.2818248279156755,2,0,0.0,8.1865889212828,0
V265_150_TOP,13.5,2026-06,202606260304,0.29264012228437525,2,0,0.0,12.496237623762376,0
V265_150_TOP,13.5,2026-06,202606260410,0.3749345858451627,3,0,0.0,15.260225648154249,0
V265_150_TOP,13.5,2026-06,202606260705,0.5851971954012899,2,0,0.0,5.211428571428571,1
V265_150_TOP,13.5,2026-06,202606261709,0.28107228746373475,2,0,0.0,12.3,0
V265_150_TOP,13.5,2026-06,202606280508,0.3729118086740424,2,0,0.0,10.065777777777779,0
V265_150_TOP,13.5,2026-06,202606281008,0.30489132749319986,2,0,0.0,9.617158671586715,0
V265_150_TOP,13.5,2026-06,202606290310,0.2587951198849846,13,0,0.0,12.474645887506886,1
V265_150_TOP,13.5,2026-06,202606290806,0.2475238074585083,2,0,0.0,10.50532212885154,1
V265_150_TOP,13.5,2026-06,202606292011,0.27730611462766674,2,0,0.0,10.499787685774947,0
V265_150_TOP,13.5,2026-06,202606302304,0.35973476964265916,2,0,0.0,5.979583333333333,0
V265_150_TOP,14.0,2026-04,202604010110,0.3362295879131521,4,0,0.0,15.754822017984177,0
V265_150_TOP,14.0,2026-04,202604010206,0.33214018162072423,2,0,0.0,7.370847457627118,0
V265_150_TOP,14.0,2026-04,202604010603,0.2609591127615143,2,0,0.0,13.618709677419355,1
V265_150_TOP,14.0,2026-04,202604010804,0.3468489514909023,2,0,0.0,7.793823529411765,1
V265_150_TOP,14.0,2026-04,202604020108,0.4070439189785264,2,0,0.0,6.069958847736625,0
V265_150_TOP,14.0,2026-04,202604022209,0.2755935637859709,2,0,0.0,7.392739273927393,0
V265_150_TOP,14.0,2026-04,202604030402,0.48937395159720765,2,0,0.0,7.531353135313531,0
V265_150_TOP,14.0,2026-04,202604031806,0.287423792554616,2,0,0.0,6.532584269662922,0
V265_150_TOP,14.0,2026-04,202604042202,0.4880670097925171,2,0,0.0,6.39375,0
V265_150_TOP,14.0,2026-04,202604052207,0.2416130536111222,2,0,0.0,10.804597701149426,0
V265_150_TOP,14.0,2026-04,202604070808,0.38058106631389443,2,0,0.0,5.27688679245283,0
V265_150_TOP,14.0,2026-04,202604071007,0.24333976062105006,3,0,0.0,13.821727614918823,0
V265_150_TOP,14.0,2026-04,202604072403,0.40112025911238636,2,0,0.0,14.648464163822526,0
V265_150_TOP,14.0,2026-04,202604081111,0.27394923637944474,2,0,0.0,11.932500000000001,0
V265_150_TOP,14.0,2026-04,202604082306,0.3161619638251451,2,1,54500.0,5.399537037037037,1
V265_150_TOP,14.0,2026-04,202604090703,0.29607193225057943,2,0,0.0,7.899683544303797,1
V265_150_TOP,14.0,2026-04,202604120406,0.2426947482399163,6,0,0.0,13.608262513660987,0
V265_150_TOP,14.0,2026-04,202604120608,0.2641659660236303,2,0,0.0,13.373936170212765,0
V265_150_TOP,14.0,2026-04,202604121607,0.24832183221463933,2,0,0.0,12.857142857142858,0
V265_150_TOP,14.0,2026-04,202604130608,0.24320950647373815,2,0,0.0,5.916115702479338,1
V265_150_TOP,14.0,2026-04,202604140304,0.3100778813201366,2,0,0.0,4.544623655913979,0
V265_150_TOP,14.0,2026-04,202604150307,0.593318392368867,2,0,0.0,11.3216796875,0
V265_150_TOP,14.0,2026-04,202604160906,0.35225612672503215,2,0,0.0,12.47098976109215,1
V265_150_TOP,14.0,2026-04,202604170305,0.357939654795687,2,0,0.0,5.5560538116591935,0
V265_150_TOP,14.0,2026-04,202604180305,0.25492083050148273,2,0,0.0,14.497826086956524,1
V265_150_TOP,14.0,2026-04,202604190703,0.2437447591318216,2,0,0.0,6.153024911032029,0
V265_150_TOP,14.0,2026-04,202604191506,0.29678605281374837,2,0,0.0,4.394886363636363,0
V265_150_TOP,14.0,2026-04,202604210702,0.26076238248617817,2,0,0.0,12.796545105566217,0
V265_150_TOP,14.0,2026-04,202604211109,0.3090936507909546,2,0,0.0,8.955675675675677,0
V265_150_TOP,14.0,2026-04,202604221103,0.25063430956798277,2,0,0.0,11.13095238095238,1
V265_150_TOP,14.0,2026-04,202604230507,0.2559352279327435,2,1,94320.0,9.416625916870416,1
V265_150_TOP,14.0,2026-04,202604231603,0.32365934870317803,3,0,0.0,12.320709126163944,0
V265_150_TOP,14.0,2026-04,202604240706,0.32728775135432353,2,0,0.0,4.871794871794871,0
V265_150_TOP,14.0,2026-04,202604242308,0.38885571343152375,3,0,0.0,11.19641356122163,0
V265_150_TOP,14.0,2026-04,202604250708,0.27094714348642746,2,0,0.0,4.786363636363636,1
V265_150_TOP,14.0,2026-04,202604250903,0.3091599966321962,3,0,0.0,12.136139451790095,0
V265_150_TOP,14.0,2026-04,202604251307,0.34537629783734936,2,0,0.0,14.352,0
V265_150_TOP,14.0,2026-04,202604252307,0.27914210241591064,3,0,0.0,14.289817795128357,1
V265_150_TOP,14.0,2026-04,202604260310,0.4493967679409928,2,0,0.0,11.167857142857143,0
V265_150_TOP,14.0,2026-04,202604270606,0.30847001967163723,2,0,0.0,9.115777777777778,1
V265_150_TOP,14.0,2026-04,202604271607,0.3809196445792722,2,0,0.0,11.490719696969697,0
V265_150_TOP,14.0,2026-04,202604272402,0.2672130500713039,2,0,0.0,15.294117647058822,0
V265_150_TOP,14.0,2026-04,202604280603,0.3962156158883456,2,0,0.0,4.712,0
V265_150_TOP,14.0,2026-04,202604280606,0.30825676584573025,2,0,0.0,16.09875,1
V265_150_TOP,14.0,2026-04,202604281502,0.26526396999897645,3,0,0.0,12.098004325171628,0
V265_150_TOP,14.0,2026-04,202604281606,0.25152737307782036,3,0,0.0,14.825074093084094,0
V265_150_TOP,14.0,2026-04,202604290306,0.49265548432403744,2,0,0.0,6.274603174603175,0
V265_150_TOP,14.0,2026-04,202604291402,0.2666358596270563,2,0,0.0,16.920240782543264,0
V265_150_TOP,14.0,2026-05,202605021103,0.3072452374968523,2,1,62160.0,6.268235294117647,1
V265_150_TOP,14.0,2026-05,202605022307,0.34170870197982584,2,0,0.0,3.5517857142857143,0
V265_150_TOP,14.0,2026-05,202605030104,0.2872839999062184,2,0,0.0,6.849097472924187,0
V265_150_TOP,14.0,2026-05,202605030105,0.2831216910479071,2,0,0.0,6.595289855072465,0
V265_150_TOP,14.0,2026-05,202605030805,0.24374495981363578,2,1,95360.0,9.537439613526569,1
V265_150_TOP,14.0,2026-05,202605030811,0.27686272109708754,2,0,0.0,8.817567567567567,0
V265_150_TOP,14.0,2026-05,202605031208,0.2678317107188303,2,0,0.0,11.18339552238806,0
V265_150_TOP,14.0,2026-05,202605032307,0.31544784052996705,2,0,0.0,7.57125748502994,1
V265_150_TOP,14.0,2026-05,202605040202,0.37601386873550596,2,0,0.0,8.46798866855524,0
V265_150_TOP,14.0,2026-05,202605040403,0.30887777183407106,2,0,0.0,11.167303609341825,0
V265_150_TOP,14.0,2026-05,202605040701,0.24814357428661404,2,1,93100.0,9.398936170212767,1
V265_150_TOP,14.0,2026-05,202605041410,0.3140222197932346,2,0,0.0,12.67911877394636,1
V265_150_TOP,14.0,2026-05,202605042009,0.25886728037214946,2,0,0.0,8.64406779661017,0
V265_150_TOP,14.0,2026-05,202605050202,0.4373883697872649,2,0,0.0,3.988271604938272,0
V265_150_TOP,14.0,2026-05,202605050203,0.30868866808808765,2,0,0.0,7.600638977635782,1
V265_150_TOP,14.0,2026-05,202605050702,0.2827302596497819,2,0,0.0,8.75390625,1
V265_150_TOP,14.0,2026-05,202605050811,0.24911491615668602,2,0,0.0,9.711219512195123,0
V265_150_TOP,14.0,2026-05,202605051306,0.310707097576146,2,0,0.0,8.202216066481995,0
V265_150_TOP,14.0,2026-05,202605051602,0.38232108311498536,6,0,0.0,13.042809271192986,0
V265_150_TOP,14.0,2026-05,202605061105,0.2590149906132913,2,1,114660.0,11.460269865067465,1
V265_150_TOP,14.0,2026-05,202605072406,0.30619859226561064,2,0,0.0,4.800000000000001,1
V265_150_TOP,14.0,2026-05,202605091805,0.4988221173240365,2,0,0.0,10.699792960662526,0
V265_150_TOP,14.0,2026-05,202605102010,0.32159998232026266,2,0,0.0,4.623404255319148,0
V265_150_TOP,14.0,2026-05,202605111110,0.31665681147793534,2,0,0.0,13.501277372262773,1
V265_150_TOP,14.0,2026-05,202605111606,0.3294092920798156,2,1,56950.0,5.721153846153847,1
V265_150_TOP,14.0,2026-05,202605112308,0.41932373591697775,2,1,57200.0,5.71551724137931,1
V265_150_TOP,14.0,2026-05,202605130406,0.2733289109066219,2,0,0.0,10.961434977578474,1
V265_150_TOP,14.0,2026-05,202605130408,0.3726049596856913,2,0,0.0,3.78125,1
V265_150_TOP,14.0,2026-05,202605170608,0.2434743649074758,2,0,0.0,4.120754716981132,0
V265_150_TOP,14.0,2026-05,202605171007,0.3001471245897618,2,0,0.0,7.096830985915493,0
V265_150_TOP,14.0,2026-05,202605172011,0.27168349193564306,2,0,0.0,14.02309468822171,0
V265_150_TOP,14.0,2026-05,202605191406,0.28641451305292764,2,0,0.0,11.379310344827585,1
V265_150_TOP,14.0,2026-05,202605201505,0.36831672214630873,3,0,0.0,12.643042429170787,1
V265_150_TOP,14.0,2026-05,202605202002,0.3902364898391778,2,0,0.0,9.913647642679901,0
V265_150_TOP,14.0,2026-05,202605211905,0.2542140296328964,2,1,100650.0,10.063829787234042,1
V265_150_TOP,14.0,2026-05,202605231808,0.3333535314002997,2,0,0.0,8.795675675675675,1
V265_150_TOP,14.0,2026-05,202605242411,0.2560659418383574,3,0,0.0,11.611890746172701,1
V265_150_TOP,14.0,2026-05,202605251307,0.31839257404333704,2,0,0.0,4.701492537313433,0
V265_150_TOP,14.0,2026-05,202605252408,0.2683925891046128,2,0,0.0,12.722393162393162,1
V265_150_TOP,14.0,2026-05,202605261206,0.2477934156913327,2,1,67200.0,6.72,1
V265_150_TOP,14.0,2026-05,202605270807,0.262551344006724,2,0,0.0,13.37609841827768,1
V265_150_TOP,14.0,2026-05,202605271204,0.28937073822663967,2,0,0.0,8.764044943820224,0
V265_150_TOP,14.0,2026-05,202605281008,0.3394806794482317,2,0,0.0,15.877593984962404,1
V265_150_TOP,14.0,2026-05,202605281810,0.2623597545442885,2,0,0.0,8.917808219178083,0
V265_150_TOP,14.0,2026-05,202605291807,0.3051705159788475,2,0,0.0,6.151470588235294,0
V265_150_TOP,14.0,2026-05,202605300104,0.30572605729587143,2,0,0.0,6.913636363636364,0
V265_150_TOP,14.0,2026-05,202605301108,0.25160674324500787,2,0,0.0,6.776556776556777,1
V265_150_TOP,14.0,2026-05,202605312304,0.36738655362659883,2,0,0.0,15.171792152704136,0
V265_150_TOP,14.0,2026-06,202606010506,0.36594410389470916,2,0,0.0,3.788235294117647,0
V265_150_TOP,14.0,2026-06,202606010803,0.3785796943328967,3,0,0.0,13.658363686065325,0
V265_150_TOP,14.0,2026-06,202606010809,0.24832161283073945,8,0,0.0,13.83631995341371,0
V265_150_TOP,14.0,2026-06,202606012402,0.3590901703058144,2,0,0.0,7.068131868131867,0
V265_150_TOP,14.0,2026-06,202606020906,0.3602669695041363,2,0,0.0,5.71551724137931,0
V265_150_TOP,14.0,2026-06,202606021007,0.3518746079224508,2,0,0.0,13.20734908136483,1
V265_150_TOP,14.0,2026-06,202606022307,0.4258963489942831,2,0,0.0,6.739436619718309,0
V265_150_TOP,14.0,2026-06,202606032109,0.2713410185903159,2,0,0.0,8.772164948453609,0
V265_150_TOP,14.0,2026-06,202606040305,0.24408635071936263,2,0,0.0,8.526,1
V265_150_TOP,14.0,2026-06,202606040506,0.4434719346808655,2,1,50960.00000000001,5.092156862745099,1
V265_150_TOP,14.0,2026-06,202606041307,0.26835929727158797,2,0,0.0,13.8572695035461,1
V265_150_TOP,14.0,2026-06,202606050305,0.35764444916116395,2,0,0.0,16.40057388809182,0
V265_150_TOP,14.0,2026-06,202606060702,0.2906926493503423,2,0,0.0,17.876,1
V265_150_TOP,14.0,2026-06,202606060802,0.38039058176256874,6,0,0.0,12.784687036790961,0
V265_150_TOP,14.0,2026-06,202606061506,0.3011753407092139,2,0,0.0,8.863259668508288,0
V265_150_TOP,14.0,2026-06,202606071005,0.34081122836180394,2,0,0.0,4.4224719101123595,0
V265_150_TOP,14.0,2026-06,202606080510,0.3289919650977192,2,0,0.0,8.84047619047619,0
V265_150_TOP,14.0,2026-06,202606080910,0.5015739334864578,2,0,0.0,8.3,1
V265_150_TOP,14.0,2026-06,202606100903,0.29146048665616564,3,0,0.0,10.074807707987933,1
V265_150_TOP,14.0,2026-06,202606121108,0.32163869495459113,2,0,0.0,7.666478873239437,0
V265_150_TOP,14.0,2026-06,202606121901,0.33821929331480793,2,0,0.0,11.727272727272727,0
V265_150_TOP,14.0,2026-06,202606122306,0.3342251394193841,3,0,0.0,12.608492591797292,1
V265_150_TOP,14.0,2026-06,202606130609,0.31481860217130947,2,0,0.0,9.481558441558441,0
V265_150_TOP,14.0,2026-06,202606130702,0.26323389237519057,3,0,0.0,15.467343984208563,1
V265_150_TOP,14.0,2026-06,202606132204,0.310701165317296,3,0,0.0,12.772519329896907,1
V265_150_TOP,14.0,2026-06,202606142208,0.2577106658561332,2,0,0.0,4.795024875621891,0
V265_150_TOP,14.0,2026-06,202606150310,0.49326789418983,2,0,0.0,9.859756097560977,0
V265_150_TOP,14.0,2026-06,202606180205,0.3467257339091954,2,0,0.0,4.699530516431925,0
V265_150_TOP,14.0,2026-06,202606190903,0.24990605274821506,2,0,0.0,11.726513569937369,0
V265_150_TOP,14.0,2026-06,202606192107,0.2662623010537389,3,0,0.0,12.620396600566572,0
V265_150_TOP,14.0,2026-06,202606200903,0.2525040498042399,4,0,0.0,13.947205722080998,0
V265_150_TOP,14.0,2026-06,202606201709,0.39783307587696626,2,0,0.0,11.668522483940043,1
V265_150_TOP,14.0,2026-06,202606210906,0.38860843491367053,2,1,49680.0,4.964634146341463,1
V265_150_TOP,14.0,2026-06,202606222204,0.24579660471103587,4,0,0.0,13.066614746019123,0
V265_150_TOP,14.0,2026-06,202606240605,0.24632202556586566,2,1,112640.00000000001,11.200000000000001,1
V265_150_TOP,14.0,2026-06,202606241207,0.4926793526575593,2,0,0.0,12.55538160469667,1
V265_150_TOP,14.0,2026-06,202606241210,0.2818248279156755,2,0,0.0,8.1865889212828,0
V265_150_TOP,14.0,2026-06,202606260304,0.29264012228437525,2,0,0.0,12.496237623762376,0
V265_150_TOP,14.0,2026-06,202606260410,0.3749345858451627,3,0,0.0,15.260225648154249,0
V265_150_TOP,14.0,2026-06,202606260705,0.5851971954012899,2,0,0.0,5.211428571428571,1
V265_150_TOP,14.0,2026-06,202606261709,0.28107228746373475,2,0,0.0,12.3,0
V265_150_TOP,14.0,2026-06,202606280508,0.3729118086740424,2,0,0.0,10.065777777777779,0
V265_150_TOP,14.0,2026-06,202606281008,0.30489132749319986,2,0,0.0,9.617158671586715,0
V265_150_TOP,14.0,2026-06,202606290310,0.2587951198849846,13,0,0.0,12.474645887506886,1
V265_150_TOP,14.0,2026-06,202606290806,0.2475238074585083,2,0,0.0,10.50532212885154,1
V265_150_TOP,14.0,2026-06,202606292011,0.27730611462766674,2,0,0.0,10.499787685774947,0
V265_150_TOP,14.0,2026-06,202606302304,0.35973476964265916,2,0,0.0,5.979583333333333,0
V265_150_FLOOR,7.0,2026-04,202604010110,0.32237465859780223,10,0,0.0,6.621542990706436,0
V265_150_FLOOR,7.0,2026-04,202604010206,0.34704012949552776,2,0,0.0,7.370847457627118,0
V265_150_FLOOR,7.0,2026-04,202604010603,0.2724305691891156,4,0,0.0,6.369206424677222,1
V265_150_FLOOR,7.0,2026-04,202604010804,0.3579565862741262,3,0,0.0,6.312047008516348,1
V265_150_FLOOR,7.0,2026-04,202604020108,0.40123097854906364,2,0,0.0,6.069958847736625,0
V265_150_FLOOR,7.0,2026-04,202604022209,0.30066370447381086,3,0,0.0,6.8005735802636895,0
V265_150_FLOOR,7.0,2026-04,202604030402,0.4401581638507809,2,0,0.0,7.531353135313531,0
V265_150_FLOOR,7.0,2026-04,202604031806,0.30801796864254627,2,0,0.0,6.532584269662922,0
V265_150_FLOOR,7.0,2026-04,202604042202,0.46679155112387094,2,0,0.0,6.39375,0
V265_150_FLOOR,7.0,2026-04,202604070808,0.3197210867321282,2,0,0.0,5.27688679245283,0
V265_150_FLOOR,7.0,2026-04,202604072403,0.3500721904843996,4,0,0.0,5.635766920167453,0
V265_150_FLOOR,7.0,2026-04,202604081111,0.282134126320437,5,0,0.0,6.420051051236147,0
V265_150_FLOOR,7.0,2026-04,202604082306,0.2698153652282027,2,1,54500.0,5.399537037037037,1
V265_150_FLOOR,7.0,2026-04,202604090703,0.305676970801037,2,0,0.0,7.899683544303797,1
V265_150_FLOOR,7.0,2026-04,202604091506,0.25913057871504697,3,0,0.0,7.284654640998434,0
V265_150_FLOOR,7.0,2026-04,202604121607,0.3024045537661642,5,0,0.0,6.582114336106131,0
V265_150_FLOOR,7.0,2026-04,202604140304,0.2946197367425004,2,0,0.0,4.544623655913979,0
V265_150_FLOOR,7.0,2026-04,202604150307,0.5377838153069647,3,0,0.0,5.253013140009061,0
V265_150_FLOOR,7.0,2026-04,202604160906,0.2734821554827516,7,0,0.0,7.382995559348461,1
V265_150_FLOOR,7.0,2026-04,202604170305,0.3411198509722344,2,0,0.0,5.5560538116591935,0
V265_150_FLOOR,7.0,2026-04,202604180305,0.2720549230073839,6,0,0.0,7.210740151209254,1
V265_150_FLOOR,7.0,2026-04,202604181508,0.2718661195936503,2,0,0.0,6.091463414634146,0
V265_150_FLOOR,7.0,2026-04,202604190501,0.2885626325184496,7,0,0.0,6.997165072361942,0
V265_150_FLOOR,7.0,2026-04,202604190703,0.2752296481341026,2,0,0.0,6.153024911032029,0
V265_150_FLOOR,7.0,2026-04,202604191506,0.3056315845944473,2,0,0.0,4.394886363636363,0
V265_150_FLOOR,7.0,2026-04,202604210702,0.2673866285099271,3,0,0.0,8.358417736993513,0
V265_150_FLOOR,7.0,2026-04,202604211109,0.3601058868117655,4,0,0.0,6.570006019831536,0
V265_150_FLOOR,7.0,2026-04,202604220502,0.264066427446498,2,0,0.0,5.148058252427185,0
V265_150_FLOOR,7.0,2026-04,202604221103,0.26787535095246257,5,0,0.0,7.355320718331719,1
V265_150_FLOOR,7.0,2026-04,202604230507,0.28339613038398437,4,1,62880.0,6.327833278714931,1
V265_150_FLOOR,7.0,2026-04,202604231603,0.29943674085412764,5,0,0.0,6.9622209026612865,0
V265_150_FLOOR,7.0,2026-04,202604240706,0.34147339061226634,2,0,0.0,4.871794871794871,0
V265_150_FLOOR,7.0,2026-04,202604242010,0.28815861390617115,9,1,67980.0,6.828344562691653,1
V265_150_FLOOR,7.0,2026-04,202604242308,0.422622307185711,4,0,0.0,6.702657532017641,0
V265_150_FLOOR,7.0,2026-04,202604250705,0.26209883466366035,5,0,0.0,7.465300749395349,1
V265_150_FLOOR,7.0,2026-04,202604250708,0.27267769749789683,2,0,0.0,4.786363636363636,1
V265_150_FLOOR,7.0,2026-04,202604250903,0.3216497136373958,5,0,0.0,6.740752854784208,0
V265_150_FLOOR,7.0,2026-04,202604251307,0.3418843683748642,4,0,0.0,6.97090020804775,0
V265_150_FLOOR,7.0,2026-04,202604252307,0.31429084019845915,6,0,0.0,7.584312201481032,1
V265_150_FLOOR,7.0,2026-04,202604260310,0.4282072473785074,3,0,0.0,7.580606060606061,0
V265_150_FLOOR,7.0,2026-04,202604270602,0.2587123355220862,10,0,0.0,6.3025910274918,1
V265_150_FLOOR,7.0,2026-04,202604270606,0.30091215856015424,3,0,0.0,5.6118908181145235,1
V265_150_FLOOR,7.0,2026-04,202604271607,0.30746468742416017,4,0,0.0,7.201452189761502,0
V265_150_FLOOR,7.0,2026-04,202604280603,0.4257913769775326,2,0,0.0,4.712,0
V265_150_FLOOR,7.0,2026-04,202604280606,0.2934100701818783,6,1,72500.0,7.100924282208626,1
V265_150_FLOOR,7.0,2026-04,202604281502,0.2800449536243937,7,0,0.0,6.507551394076002,0
V265_150_FLOOR,7.0,2026-04,202604281606,0.2703458159727097,7,0,0.0,7.507560931962644,0
V265_150_FLOOR,7.0,2026-04,202604290306,0.4484681766561571,2,0,0.0,6.274603174603175,0
V265_150_FLOOR,7.0,2026-04,202604291402,0.28081296291722935,3,0,0.0,7.570394379556842,0
V265_150_FLOOR,7.0,2026-05,202605011707,0.2838811097437825,3,0,0.0,7.203087272059474,0
V265_150_FLOOR,7.0,2026-05,202605012009,0.27511469973493785,3,0,0.0,6.197779561955573,0
V265_150_FLOOR,7.0,2026-05,202605020908,0.274714290954804,3,0,0.0,7.1849790652622225,0
V265_150_FLOOR,7.0,2026-05,202605021103,0.3068104752313956,2,1,62160.0,6.268235294117647,1
V265_150_FLOOR,7.0,2026-05,202605022307,0.33630409307060355,2,0,0.0,3.5517857142857143,0
V265_150_FLOOR,7.0,2026-05,202605030104,0.2784233693716568,2,0,0.0,6.849097472924187,0
V265_150_FLOOR,7.0,2026-05,202605030105,0.2864821579486016,2,0,0.0,6.595289855072465,0
V265_150_FLOOR,7.0,2026-05,202605030805,0.25965141696697547,3,1,67050.0,6.733187629848612,1
V265_150_FLOOR,7.0,2026-05,202605030811,0.30371342685538905,4,0,0.0,6.628197599472916,0
V265_150_FLOOR,7.0,2026-05,202605031208,0.2642027549565139,3,0,0.0,6.681845835655625,0
V265_150_FLOOR,7.0,2026-05,202605032307,0.3051327060992939,2,0,0.0,7.57125748502994,1
V265_150_FLOOR,7.0,2026-05,202605040202,0.3096735093272526,3,0,0.0,6.272970394907993,0
V265_150_FLOOR,7.0,2026-05,202605040403,0.3473575119951659,3,0,0.0,7.384505010433035,0
V265_150_FLOOR,7.0,2026-05,202605040701,0.27466698060588435,3,1,72200.0,7.280416868637906,1
V265_150_FLOOR,7.0,2026-05,202605040802,0.2678469152020087,6,1,71820.0,7.155858666833921,1
V265_150_FLOOR,7.0,2026-05,202605040805,0.2637378165674796,6,1,68220.0,6.731443684200264,1
V265_150_FLOOR,7.0,2026-05,202605041410,0.29886403790075977,5,0,0.0,7.518446633804893,1
V265_150_FLOOR,7.0,2026-05,202605042009,0.28395614168427785,3,0,0.0,5.536444381784858,0
V265_150_FLOOR,7.0,2026-05,202605050202,0.3918981006405124,2,0,0.0,3.988271604938272,0
V265_150_FLOOR,7.0,2026-05,202605050203,0.3108794544562109,2,0,0.0,7.600638977635782,1
V265_150_FLOOR,7.0,2026-05,202605050702,0.26784541248341415,3,0,0.0,7.089967599111096,1
V265_150_FLOOR,7.0,2026-05,202605050811,0.26211905084711595,3,0,0.0,8.183008189205426,0
V265_150_FLOOR,7.0,2026-05,202605050904,0.2617846350280769,3,0,0.0,6.673989924709532,0
V265_150_FLOOR,7.0,2026-05,202605051303,0.2791592281877297,3,0,0.0,6.716723298796691,0
V265_150_FLOOR,7.0,2026-05,202605051306,0.31139744736742775,4,0,0.0,6.629424710374639,0
V265_150_FLOOR,7.0,2026-05,202605051602,0.4193770093755381,18,0,0.0,7.033461106059609,0
V265_150_FLOOR,7.0,2026-05,202605072406,0.3292638658153312,2,0,0.0,4.800000000000001,1
V265_150_FLOOR,7.0,2026-05,202605091805,0.4406120477581777,3,0,0.0,6.62554339016519,0
V265_150_FLOOR,7.0,2026-05,202605101604,0.27730837884651754,10,0,0.0,6.848488431902595,0
V265_150_FLOOR,7.0,2026-05,202605102010,0.30084518973855817,2,0,0.0,4.623404255319148,0
V265_150_FLOOR,7.0,2026-05,202605111110,0.2697755085304251,7,0,0.0,6.88868932617372,1
V265_150_FLOOR,7.0,2026-05,202605111606,0.3431416340830779,2,1,56950.0,5.721153846153847,1
V265_150_FLOOR,7.0,2026-05,202605112308,0.41885950939577216,2,1,57200.0,5.71551724137931,1
V265_150_FLOOR,7.0,2026-05,202605130406,0.3043573167495788,4,0,0.0,7.008216941024337,1
V265_150_FLOOR,7.0,2026-05,202605130408,0.3294507040220866,2,0,0.0,3.78125,1
V265_150_FLOOR,7.0,2026-05,202605171007,0.3174507753234482,2,0,0.0,7.096830985915493,0
V265_150_FLOOR,7.0,2026-05,202605191406,0.2718096465553448,3,0,0.0,6.277173913043478,1
V265_150_FLOOR,7.0,2026-05,202605191811,0.26143992435645796,3,0,0.0,6.65127582017011,0
V265_150_FLOOR,7.0,2026-05,202605200506,0.26731602126644516,4,0,0.0,5.913849695974381,0
V265_150_FLOOR,7.0,2026-05,202605201505,0.392938737109297,6,0,0.0,6.6208281302629715,1
V265_150_FLOOR,7.0,2026-05,202605202002,0.30348484430205747,3,0,0.0,6.936684580405126,0
V265_150_FLOOR,7.0,2026-05,202605211905,0.26287016182024237,5,1,66000.0,6.633622023465776,1
V265_150_FLOOR,7.0,2026-05,202605231808,0.3152664002126307,6,0,0.0,6.956459733073844,1
V265_150_FLOOR,7.0,2026-05,202605242411,0.3059097277605911,5,0,0.0,7.010619377360398,1
V265_150_FLOOR,7.0,2026-05,202605251307,0.3368046939857835,2,0,0.0,4.701492537313433,0
V265_150_FLOOR,7.0,2026-05,202605252408,0.2942172067066334,5,1,67680.0,6.7353595501639525,1
V265_150_FLOOR,7.0,2026-05,202605261206,0.2762810743423838,2,1,67200.0,6.72,1
V265_150_FLOOR,7.0,2026-05,202605270807,0.3048358442397874,7,0,0.0,7.141540561612862,1
V265_150_FLOOR,7.0,2026-05,202605271204,0.26410630259954015,3,0,0.0,6.719310839913854,0
V265_150_FLOOR,7.0,2026-05,202605280710,0.26732938939754464,6,0,0.0,6.738948913059272,0
V265_150_FLOOR,7.0,2026-05,202605281008,0.315666172278955,4,1,66660.0,6.664925383949871,1
V265_150_FLOOR,7.0,2026-05,202605281810,0.27871551831526964,3,0,0.0,6.59365867328556,0
V265_150_FLOOR,7.0,2026-05,202605291807,0.27562632347677013,2,0,0.0,6.151470588235294,0
V265_150_FLOOR,7.0,2026-05,202605300104,0.3263926233134816,2,0,0.0,6.913636363636364,0
V265_150_FLOOR,7.0,2026-05,202605300507,0.27999095666554075,5,0,0.0,6.695082908946532,0
V265_150_FLOOR,7.0,2026-05,202605301108,0.265708944702467,2,0,0.0,6.776556776556777,1
V265_150_FLOOR,7.0,2026-05,202605312304,0.32308396186684674,4,0,0.0,8.099568400993501,0
V265_150_FLOOR,7.0,2026-06,202606010506,0.4413777115040715,2,0,0.0,3.788235294117647,0
V265_150_FLOOR,7.0,2026-06,202606010803,0.3971699898196419,5,0,0.0,6.862247695537049,0
V265_150_FLOOR,7.0,2026-06,202606010809,0.2838867915030514,20,0,0.0,8.720877511477761,0
V265_150_FLOOR,7.0,2026-06,202606012402,0.39556981611653297,2,0,0.0,7.068131868131867,0
V265_150_FLOOR,7.0,2026-06,202606020906,0.33751046021860165,2,0,0.0,5.71551724137931,0
V265_150_FLOOR,7.0,2026-06,202606021007,0.3517489957184822,3,1,90420.0,8.911720981940872,1
V265_150_FLOOR,7.0,2026-06,202606022307,0.48162235876506365,2,0,0.0,6.739436619718309,0
V265_150_FLOOR,7.0,2026-06,202606032109,0.2857027321218678,3,0,0.0,6.279599946570494,0
V265_150_FLOOR,7.0,2026-06,202606040305,0.2867966990725239,2,0,0.0,8.526,1
V265_150_FLOOR,7.0,2026-06,202606040506,0.5042634433119151,2,1,50960.00000000001,5.092156862745099,1
V265_150_FLOOR,7.0,2026-06,202606040907,0.2984146129118725,7,0,0.0,6.966193973909969,0
V265_150_FLOOR,7.0,2026-06,202606050305,0.39129459073175993,6,0,0.0,7.252812462484859,0
V265_150_FLOOR,7.0,2026-06,202606060702,0.2982963086338197,4,0,0.0,5.701185681021552,1
V265_150_FLOOR,7.0,2026-06,202606060802,0.37926822363395585,11,0,0.0,7.120923208653383,0
V265_150_FLOOR,7.0,2026-06,202606061506,0.2622481955649939,3,0,0.0,6.67888114788727,0
V265_150_FLOOR,7.0,2026-06,202606071005,0.36554220186403585,2,0,0.0,4.4224719101123595,0
V265_150_FLOOR,7.0,2026-06,202606080510,0.3473214018467049,3,0,0.0,6.577796925622113,0
V265_150_FLOOR,7.0,2026-06,202606080910,0.4796071248367799,2,0,0.0,8.3,1
V265_150_FLOOR,7.0,2026-06,202606100903,0.2709043874583267,5,0,0.0,6.6606836590654295,1
V265_150_FLOOR,7.0,2026-06,202606121108,0.287681147053555,2,0,0.0,7.666478873239437,0
V265_150_FLOOR,7.0,2026-06,202606121901,0.33655024192655186,7,0,0.0,6.746484844698799,0
V265_150_FLOOR,7.0,2026-06,202606122306,0.321640018946533,5,1,66850.0,6.586359909641079,1
V265_150_FLOOR,7.0,2026-06,202606130609,0.3353942582194719,4,0,0.0,6.73587666882527,0
V265_150_FLOOR,7.0,2026-06,202606130702,0.316649932016858,6,0,0.0,6.492047008965884,1
V265_150_FLOOR,7.0,2026-06,202606132204,0.3020271302719198,6,1,69480.0,6.900271102003246,1
V265_150_FLOOR,7.0,2026-06,202606150310,0.5010683029338686,4,0,0.0,7.064685386548407,0
V265_150_FLOOR,7.0,2026-06,202606151208,0.3339176233995096,2,0,0.0,6.481159420289856,0
V265_150_FLOOR,7.0,2026-06,202606180205,0.344567209861946,2,0,0.0,4.699530516431925,0
V265_150_FLOOR,7.0,2026-06,202606190903,0.30173134405047913,3,0,0.0,7.336905380729604,0
V265_150_FLOOR,7.0,2026-06,202606192107,0.2908266003082408,5,0,0.0,7.126533141650879,0
V265_150_FLOOR,7.0,2026-06,202606200903,0.3026971368075434,11,0,0.0,6.875448615446971,0
V265_150_FLOOR,7.0,2026-06,202606201709,0.34603560486712104,4,0,0.0,6.545592648623452,1
V265_150_FLOOR,7.0,2026-06,202606210906,0.32592090520514483,2,1,49680.0,4.964634146341463,1
V265_150_FLOOR,7.0,2026-06,202606240605,0.27940719854374535,3,1,56320.00000000001,5.74608695652174,1
V265_150_FLOOR,7.0,2026-06,202606241207,0.4296469673259614,4,0,0.0,6.8753100048264715,1
V265_150_FLOOR,7.0,2026-06,202606241210,0.27895550302314437,2,0,0.0,8.1865889212828,0
V265_150_FLOOR,7.0,2026-06,202606260304,0.34838668584873567,4,0,0.0,5.802532067614995,0
V265_150_FLOOR,7.0,2026-06,202606260410,0.37869440158673384,5,0,0.0,6.808514725143859,0
V265_150_FLOOR,7.0,2026-06,202606260705,0.608092540425627,2,0,0.0,5.211428571428571,1
V265_150_FLOOR,7.0,2026-06,202606261709,0.32243681770399746,5,0,0.0,6.391465876977802,0
V265_150_FLOOR,7.0,2026-06,202606280205,0.26735321536064927,2,0,0.0,4.680851063829787,0
V265_150_FLOOR,7.0,2026-06,202606280508,0.36612085579216147,3,0,0.0,4.4882636459276295,0
V265_150_FLOOR,7.0,2026-06,202606281008,0.2747421508693813,3,0,0.0,5.278412484096279,0
V265_150_FLOOR,7.0,2026-06,202606290806,0.32408625365601196,3,0,0.0,5.70809336531554,1
V265_150_FLOOR,7.0,2026-06,202606292011,0.26055307811418316,3,0,0.0,7.658392203428784,0
V265_150_FLOOR,7.0,2026-06,202606302304,0.3603764551907089,2,0,0.0,5.979583333333333,0
V265_150_FLOOR,7.5,2026-04,202604010110,0.32237465859780223,9,0,0.0,7.38038692402091,0
V265_150_FLOOR,7.5,2026-04,202604010206,0.34704012949552776,2,0,0.0,7.370847457627118,0
V265_150_FLOOR,7.5,2026-04,202604010603,0.2724305691891156,4,0,0.0,6.369206424677222,1
V265_150_FLOOR,7.5,2026-04,202604010804,0.3579565862741262,2,0,0.0,7.793823529411765,1
V265_150_FLOOR,7.5,2026-04,202604020108,0.40123097854906364,2,0,0.0,6.069958847736625,0
V265_150_FLOOR,7.5,2026-04,202604022209,0.30066370447381086,2,0,0.0,7.392739273927393,0
V265_150_FLOOR,7.5,2026-04,202604030402,0.4401581638507809,2,0,0.0,7.531353135313531,0
V265_150_FLOOR,7.5,2026-04,202604031806,0.30801796864254627,2,0,0.0,6.532584269662922,0
V265_150_FLOOR,7.5,2026-04,202604042202,0.46679155112387094,2,0,0.0,6.39375,0
V265_150_FLOOR,7.5,2026-04,202604070808,0.3197210867321282,2,0,0.0,5.27688679245283,0
V265_150_FLOOR,7.5,2026-04,202604072403,0.3500721904843996,3,0,0.0,8.455476753349094,0
V265_150_FLOOR,7.5,2026-04,202604081111,0.282134126320437,4,0,0.0,7.959152398267687,0
V265_150_FLOOR,7.5,2026-04,202604082306,0.2698153652282027,2,1,54500.0,5.399537037037037,1
V265_150_FLOOR,7.5,2026-04,202604090703,0.305676970801037,2,0,0.0,7.899683544303797,1
V265_150_FLOOR,7.5,2026-04,202604091506,0.25913057871504697,3,0,0.0,7.284654640998434,0
V265_150_FLOOR,7.5,2026-04,202604121607,0.3024045537661642,4,0,0.0,7.630673051961073,0
V265_150_FLOOR,7.5,2026-04,202604140304,0.2946197367425004,2,0,0.0,4.544623655913979,0
V265_150_FLOOR,7.5,2026-04,202604150307,0.5377838153069647,3,0,0.0,5.253013140009061,0
V265_150_FLOOR,7.5,2026-04,202604160906,0.2734821554827516,7,0,0.0,7.382995559348461,1
V265_150_FLOOR,7.5,2026-04,202604170305,0.3411198509722344,2,0,0.0,5.5560538116591935,0
V265_150_FLOOR,7.5,2026-04,202604180305,0.2720549230073839,5,0,0.0,7.658626317388501,1
V265_150_FLOOR,7.5,2026-04,202604181508,0.2718661195936503,2,0,0.0,6.091463414634146,0
V265_150_FLOOR,7.5,2026-04,202604190501,0.2885626325184496,6,0,0.0,7.498793115094315,0
V265_150_FLOOR,7.5,2026-04,202604190703,0.2752296481341026,2,0,0.0,6.153024911032029,0
V265_150_FLOOR,7.5,2026-04,202604191506,0.3056315845944473,2,0,0.0,4.394886363636363,0
V265_150_FLOOR,7.5,2026-04,202604210702,0.2673866285099271,3,0,0.0,8.358417736993513,0
V265_150_FLOOR,7.5,2026-04,202604211109,0.3601058868117655,3,0,0.0,8.002630902831305,0
V265_150_FLOOR,7.5,2026-04,202604220502,0.264066427446498,2,0,0.0,5.148058252427185,0
V265_150_FLOOR,7.5,2026-04,202604221103,0.26787535095246257,5,0,0.0,7.355320718331719,1
V265_150_FLOOR,7.5,2026-04,202604230507,0.28339613038398437,3,1,81220.0,7.977520118089615,1
V265_150_FLOOR,7.5,2026-04,202604231603,0.29943674085412764,5,0,0.0,6.9622209026612865,0
V265_150_FLOOR,7.5,2026-04,202604240706,0.34147339061226634,2,0,0.0,4.871794871794871,0
V265_150_FLOOR,7.5,2026-04,202604242010,0.28815861390617115,7,1,77250.0,7.76327020448136,1
V265_150_FLOOR,7.5,2026-04,202604242308,0.422622307185711,4,0,0.0,6.702657532017641,0
V265_150_FLOOR,7.5,2026-04,202604250705,0.26209883466366035,5,0,0.0,7.465300749395349,1
V265_150_FLOOR,7.5,2026-04,202604250708,0.27267769749789683,2,0,0.0,4.786363636363636,1
V265_150_FLOOR,7.5,2026-04,202604250903,0.3216497136373958,4,0,0.0,8.082712670205021,0
V265_150_FLOOR,7.5,2026-04,202604251307,0.3418843683748642,4,0,0.0,6.97090020804775,0
V265_150_FLOOR,7.5,2026-04,202604252307,0.31429084019845915,6,0,0.0,7.584312201481032,1
V265_150_FLOOR,7.5,2026-04,202604260310,0.4282072473785074,3,0,0.0,7.580606060606061,0
V265_150_FLOOR,7.5,2026-04,202604270602,0.2587123355220862,10,0,0.0,6.3025910274918,1
V265_150_FLOOR,7.5,2026-04,202604270606,0.30091215856015424,2,0,0.0,9.115777777777778,1
V265_150_FLOOR,7.5,2026-04,202604271607,0.30746468742416017,4,0,0.0,7.201452189761502,0
V265_150_FLOOR,7.5,2026-04,202604280603,0.4257913769775326,2,0,0.0,4.712,0
V265_150_FLOOR,7.5,2026-04,202604280606,0.2934100701818783,6,1,72500.0,7.100924282208626,1
V265_150_FLOOR,7.5,2026-04,202604281502,0.2800449536243937,6,0,0.0,7.5232802985309775,0
V265_150_FLOOR,7.5,2026-04,202604281606,0.2703458159727097,7,0,0.0,7.507560931962644,0
V265_150_FLOOR,7.5,2026-04,202604290306,0.4484681766561571,2,0,0.0,6.274603174603175,0
V265_150_FLOOR,7.5,2026-04,202604291402,0.28081296291722935,3,0,0.0,7.570394379556842,0
V265_150_FLOOR,7.5,2026-05,202605011707,0.2838811097437825,3,0,0.0,7.203087272059474,0
V265_150_FLOOR,7.5,2026-05,202605012009,0.27511469973493785,2,0,0.0,8.080538922155688,0
V265_150_FLOOR,7.5,2026-05,202605020908,0.274714290954804,3,0,0.0,7.1849790652622225,0
V265_150_FLOOR,7.5,2026-05,202605021103,0.3068104752313956,2,1,62160.0,6.268235294117647,1
V265_150_FLOOR,7.5,2026-05,202605022307,0.33630409307060355,2,0,0.0,3.5517857142857143,0
V265_150_FLOOR,7.5,2026-05,202605030104,0.2784233693716568,2,0,0.0,6.849097472924187,0
V265_150_FLOOR,7.5,2026-05,202605030105,0.2864821579486016,2,0,0.0,6.595289855072465,0
V265_150_FLOOR,7.5,2026-05,202605030805,0.25965141696697547,3,1,67050.0,6.733187629848612,1
V265_150_FLOOR,7.5,2026-05,202605030811,0.30371342685538905,3,0,0.0,7.4751510767866725,0
V265_150_FLOOR,7.5,2026-05,202605031208,0.2642027549565139,3,0,0.0,6.681845835655625,0
V265_150_FLOOR,7.5,2026-05,202605032307,0.3051327060992939,2,0,0.0,7.57125748502994,1
V265_150_FLOOR,7.5,2026-05,202605040202,0.3096735093272526,2,0,0.0,8.46798866855524,0
V265_150_FLOOR,7.5,2026-05,202605040403,0.3473575119951659,3,0,0.0,7.384505010433035,0
V265_150_FLOOR,7.5,2026-05,202605040701,0.27466698060588435,3,1,72200.0,7.280416868637906,1
V265_150_FLOOR,7.5,2026-05,202605040802,0.2678469152020087,5,1,75600.0,7.607635994337644,1
V265_150_FLOOR,7.5,2026-05,202605040805,0.2637378165674796,5,1,75800.0,7.586900906847724,1
V265_150_FLOOR,7.5,2026-05,202605041410,0.29886403790075977,5,0,0.0,7.518446633804893,1
V265_150_FLOOR,7.5,2026-05,202605042009,0.28395614168427785,2,0,0.0,8.64406779661017,0
V265_150_FLOOR,7.5,2026-05,202605050202,0.3918981006405124,2,0,0.0,3.988271604938272,0
V265_150_FLOOR,7.5,2026-05,202605050203,0.3108794544562109,2,0,0.0,7.600638977635782,1
V265_150_FLOOR,7.5,2026-05,202605050702,0.26784541248341415,3,0,0.0,7.089967599111096,1
V265_150_FLOOR,7.5,2026-05,202605050811,0.26211905084711595,3,0,0.0,8.183008189205426,0
V265_150_FLOOR,7.5,2026-05,202605050904,0.2617846350280769,3,0,0.0,6.673989924709532,0
V265_150_FLOOR,7.5,2026-05,202605051303,0.2791592281877297,2,0,0.0,7.892088607594937,0
V265_150_FLOOR,7.5,2026-05,202605051306,0.31139744736742775,3,0,0.0,7.591735163260689,0
V265_150_FLOOR,7.5,2026-05,202605051602,0.4193770093755381,16,0,0.0,7.565115720142528,0
V265_150_FLOOR,7.5,2026-05,202605072406,0.3292638658153312,2,0,0.0,4.800000000000001,1
V265_150_FLOOR,7.5,2026-05,202605091805,0.4406120477581777,3,0,0.0,6.62554339016519,0
V265_150_FLOOR,7.5,2026-05,202605101604,0.27730837884651754,8,0,0.0,7.657885950441948,0
V265_150_FLOOR,7.5,2026-05,202605102010,0.30084518973855817,2,0,0.0,4.623404255319148,0
V265_150_FLOOR,7.5,2026-05,202605111110,0.2697755085304251,6,0,0.0,7.495430732547063,1
V265_150_FLOOR,7.5,2026-05,202605111606,0.3431416340830779,2,1,56950.0,5.721153846153847,1
V265_150_FLOOR,7.5,2026-05,202605112308,0.41885950939577216,2,1,57200.0,5.71551724137931,1
V265_150_FLOOR,7.5,2026-05,202605130406,0.3043573167495788,3,0,0.0,7.977113707494736,1
V265_150_FLOOR,7.5,2026-05,202605130408,0.3294507040220866,2,0,0.0,3.78125,1
V265_150_FLOOR,7.5,2026-05,202605171007,0.3174507753234482,2,0,0.0,7.096830985915493,0
V265_150_FLOOR,7.5,2026-05,202605191406,0.2718096465553448,3,0,0.0,6.277173913043478,1
V265_150_FLOOR,7.5,2026-05,202605191811,0.26143992435645796,3,0,0.0,6.65127582017011,0
V265_150_FLOOR,7.5,2026-05,202605200506,0.26731602126644516,4,0,0.0,5.913849695974381,0
V265_150_FLOOR,7.5,2026-05,202605201505,0.392938737109297,6,0,0.0,6.6208281302629715,1
V265_150_FLOOR,7.5,2026-05,202605202002,0.30348484430205747,3,0,0.0,6.936684580405126,0
V265_150_FLOOR,7.5,2026-05,202605211905,0.26287016182024237,4,1,82500.0,8.23576050666169,1
V265_150_FLOOR,7.5,2026-05,202605231808,0.3152664002126307,5,0,0.0,7.634759854385764,1
V265_150_FLOOR,7.5,2026-05,202605242411,0.3059097277605911,5,0,0.0,7.010619377360398,1
V265_150_FLOOR,7.5,2026-05,202605251307,0.3368046939857835,2,0,0.0,4.701492537313433,0
V265_150_FLOOR,7.5,2026-05,202605252408,0.2942172067066334,4,0,0.0,8.205166669534616,1
V265_150_FLOOR,7.5,2026-05,202605261206,0.2762810743423838,2,1,67200.0,6.72,1
V265_150_FLOOR,7.5,2026-05,202605270807,0.3048358442397874,5,0,0.0,7.662520092867652,1
V265_150_FLOOR,7.5,2026-05,202605271204,0.26410630259954015,3,0,0.0,6.719310839913854,0
V265_150_FLOOR,7.5,2026-05,202605280710,0.26732938939754464,5,0,0.0,7.560747115583054,0
V265_150_FLOOR,7.5,2026-05,202605281008,0.315666172278955,4,1,66660.0,6.664925383949871,1
V265_150_FLOOR,7.5,2026-05,202605281810,0.27871551831526964,3,0,0.0,6.59365867328556,0
V265_150_FLOOR,7.5,2026-05,202605291807,0.27562632347677013,2,0,0.0,6.151470588235294,0
V265_150_FLOOR,7.5,2026-05,202605300104,0.3263926233134816,2,0,0.0,6.913636363636364,0
V265_150_FLOOR,7.5,2026-05,202605300507,0.27999095666554075,4,0,0.0,8.184013604955283,0
V265_150_FLOOR,7.5,2026-05,202605301108,0.265708944702467,2,0,0.0,6.776556776556777,1
V265_150_FLOOR,7.5,2026-05,202605312304,0.32308396186684674,4,0,0.0,8.099568400993501,0
V265_150_FLOOR,7.5,2026-06,202606010506,0.4413777115040715,2,0,0.0,3.788235294117647,0
V265_150_FLOOR,7.5,2026-06,202606010803,0.3971699898196419,4,0,0.0,7.4520744638975,0
V265_150_FLOOR,7.5,2026-06,202606010809,0.2838867915030514,20,0,0.0,8.720877511477761,0
V265_150_FLOOR,7.5,2026-06,202606012402,0.39556981611653297,2,0,0.0,7.068131868131867,0
V265_150_FLOOR,7.5,2026-06,202606020906,0.33751046021860165,2,0,0.0,5.71551724137931,0
V265_150_FLOOR,7.5,2026-06,202606021007,0.3517489957184822,3,1,90420.0,8.911720981940872,1
V265_150_FLOOR,7.5,2026-06,202606022307,0.48162235876506365,2,0,0.0,6.739436619718309,0
V265_150_FLOOR,7.5,2026-06,202606032109,0.2857027321218678,3,0,0.0,6.279599946570494,0
V265_150_FLOOR,7.5,2026-06,202606040305,0.2867966990725239,2,0,0.0,8.526,1
V265_150_FLOOR,7.5,2026-06,202606040506,0.5042634433119151,2,1,50960.00000000001,5.092156862745099,1
V265_150_FLOOR,7.5,2026-06,202606040907,0.2984146129118725,7,0,0.0,6.966193973909969,0
V265_150_FLOOR,7.5,2026-06,202606050305,0.39129459073175993,6,0,0.0,7.252812462484859,0
V265_150_FLOOR,7.5,2026-06,202606060702,0.2982963086338197,3,0,0.0,8.3017138063279,1
V265_150_FLOOR,7.5,2026-06,202606060802,0.37926822363395585,10,0,0.0,7.4654528010996355,0
V265_150_FLOOR,7.5,2026-06,202606061506,0.2622481955649939,3,0,0.0,6.67888114788727,0
V265_150_FLOOR,7.5,2026-06,202606071005,0.36554220186403585,2,0,0.0,4.4224719101123595,0
V265_150_FLOOR,7.5,2026-06,202606080510,0.3473214018467049,3,0,0.0,6.577796925622113,0
V265_150_FLOOR,7.5,2026-06,202606080910,0.4796071248367799,2,0,0.0,8.3,1
V265_150_FLOOR,7.5,2026-06,202606100903,0.2709043874583267,4,0,0.0,7.967861044740476,1
V265_150_FLOOR,7.5,2026-06,202606121108,0.287681147053555,2,0,0.0,7.666478873239437,0
V265_150_FLOOR,7.5,2026-06,202606121901,0.33655024192655186,6,0,0.0,8.250940030355967,0
V265_150_FLOOR,7.5,2026-06,202606122306,0.321640018946533,4,1,76400.0,7.5948803875220126,1
V265_150_FLOOR,7.5,2026-06,202606130609,0.3353942582194719,3,0,0.0,8.220363366055226,0
V265_150_FLOOR,7.5,2026-06,202606130702,0.316649932016858,6,0,0.0,6.492047008965884,1
V265_150_FLOOR,7.5,2026-06,202606132204,0.3020271302719198,5,1,81060.0,7.967850265769861,1
V265_150_FLOOR,7.5,2026-06,202606150310,0.5010683029338686,4,0,0.0,7.064685386548407,0
V265_150_FLOOR,7.5,2026-06,202606151208,0.3339176233995096,2,0,0.0,6.481159420289856,0
V265_150_FLOOR,7.5,2026-06,202606180205,0.344567209861946,2,0,0.0,4.699530516431925,0
V265_150_FLOOR,7.5,2026-06,202606190903,0.30173134405047913,3,0,0.0,7.336905380729604,0
V265_150_FLOOR,7.5,2026-06,202606192107,0.2908266003082408,5,0,0.0,7.126533141650879,0
V265_150_FLOOR,7.5,2026-06,202606200903,0.3026971368075434,10,0,0.0,7.629089615983376,0
V265_150_FLOOR,7.5,2026-06,202606201709,0.34603560486712104,4,0,0.0,6.545592648623452,1
V265_150_FLOOR,7.5,2026-06,202606210906,0.32592090520514483,2,1,49680.0,4.964634146341463,1
V265_150_FLOOR,7.5,2026-06,202606240605,0.27940719854374535,3,1,56320.00000000001,5.74608695652174,1
V265_150_FLOOR,7.5,2026-06,202606241207,0.4296469673259614,4,0,0.0,6.8753100048264715,1
V265_150_FLOOR,7.5,2026-06,202606241210,0.27895550302314437,2,0,0.0,8.1865889212828,0
V265_150_FLOOR,7.5,2026-06,202606260304,0.34838668584873567,3,0,0.0,8.705698395989252,0
V265_150_FLOOR,7.5,2026-06,202606260410,0.37869440158673384,5,0,0.0,6.808514725143859,0
V265_150_FLOOR,7.5,2026-06,202606260705,0.608092540425627,2,0,0.0,5.211428571428571,1
V265_150_FLOOR,7.5,2026-06,202606261709,0.32243681770399746,4,0,0.0,7.7260883026184235,0
V265_150_FLOOR,7.5,2026-06,202606280205,0.26735321536064927,2,0,0.0,4.680851063829787,0
V265_150_FLOOR,7.5,2026-06,202606280508,0.36612085579216147,2,0,0.0,10.065777777777779,0
V265_150_FLOOR,7.5,2026-06,202606281008,0.2747421508693813,2,0,0.0,9.617158671586715,0
V265_150_FLOOR,7.5,2026-06,202606290806,0.32408625365601196,3,0,0.0,5.70809336531554,1
V265_150_FLOOR,7.5,2026-06,202606292011,0.26055307811418316,3,0,0.0,7.658392203428784,0
V265_150_FLOOR,7.5,2026-06,202606302304,0.3603764551907089,2,0,0.0,5.979583333333333,0
V265_150_FLOOR,8.0,2026-04,202604010110,0.32237465859780223,8,0,0.0,7.795809985990253,0
V265_150_FLOOR,8.0,2026-04,202604010206,0.34704012949552776,2,0,0.0,7.370847457627118,0
V265_150_FLOOR,8.0,2026-04,202604010603,0.2724305691891156,4,0,0.0,6.369206424677222,1
V265_150_FLOOR,8.0,2026-04,202604010804,0.3579565862741262,2,0,0.0,7.793823529411765,1
V265_150_FLOOR,8.0,2026-04,202604020108,0.40123097854906364,2,0,0.0,6.069958847736625,0
V265_150_FLOOR,8.0,2026-04,202604022209,0.30066370447381086,2,0,0.0,7.392739273927393,0
V265_150_FLOOR,8.0,2026-04,202604030402,0.4401581638507809,2,0,0.0,7.531353135313531,0
V265_150_FLOOR,8.0,2026-04,202604031806,0.30801796864254627,2,0,0.0,6.532584269662922,0
V265_150_FLOOR,8.0,2026-04,202604042202,0.46679155112387094,2,0,0.0,6.39375,0
V265_150_FLOOR,8.0,2026-04,202604070808,0.3197210867321282,2,0,0.0,5.27688679245283,0
V265_150_FLOOR,8.0,2026-04,202604072403,0.3500721904843996,3,0,0.0,8.455476753349094,0
V265_150_FLOOR,8.0,2026-04,202604081111,0.282134126320437,4,0,0.0,7.959152398267687,0
V265_150_FLOOR,8.0,2026-04,202604082306,0.2698153652282027,2,1,54500.0,5.399537037037037,1
V265_150_FLOOR,8.0,2026-04,202604090703,0.305676970801037,2,0,0.0,7.899683544303797,1
V265_150_FLOOR,8.0,2026-04,202604091506,0.25913057871504697,3,0,0.0,7.284654640998434,0
V265_150_FLOOR,8.0,2026-04,202604121607,0.3024045537661642,4,0,0.0,7.630673051961073,0
V265_150_FLOOR,8.0,2026-04,202604140304,0.2946197367425004,2,0,0.0,4.544623655913979,0
V265_150_FLOOR,8.0,2026-04,202604150307,0.5377838153069647,3,0,0.0,5.253013140009061,0
V265_150_FLOOR,8.0,2026-04,202604160906,0.2734821554827516,6,0,0.0,8.043569992446832,1
V265_150_FLOOR,8.0,2026-04,202604170305,0.3411198509722344,2,0,0.0,5.5560538116591935,0
V265_150_FLOOR,8.0,2026-04,202604180305,0.2720549230073839,4,0,0.0,8.137668289111541,1
V265_150_FLOOR,8.0,2026-04,202604181508,0.2718661195936503,2,0,0.0,6.091463414634146,0
V265_150_FLOOR,8.0,2026-04,202604190501,0.2885626325184496,6,0,0.0,7.498793115094315,0
V265_150_FLOOR,8.0,2026-04,202604190703,0.2752296481341026,2,0,0.0,6.153024911032029,0
V265_150_FLOOR,8.0,2026-04,202604191506,0.3056315845944473,2,0,0.0,4.394886363636363,0
V265_150_FLOOR,8.0,2026-04,202604210702,0.2673866285099271,3,0,0.0,8.358417736993513,0
V265_150_FLOOR,8.0,2026-04,202604211109,0.3601058868117655,3,0,0.0,8.002630902831305,0
V265_150_FLOOR,8.0,2026-04,202604220502,0.264066427446498,2,0,0.0,5.148058252427185,0
V265_150_FLOOR,8.0,2026-04,202604221103,0.26787535095246257,4,0,0.0,8.39482645871152,1
V265_150_FLOOR,8.0,2026-04,202604230507,0.28339613038398437,3,1,81220.0,7.977520118089615,1
V265_150_FLOOR,8.0,2026-04,202604231603,0.29943674085412764,5,0,0.0,6.9622209026612865,0
V265_150_FLOOR,8.0,2026-04,202604240706,0.34147339061226634,2,0,0.0,4.871794871794871,0
V265_150_FLOOR,8.0,2026-04,202604242010,0.28815861390617115,7,1,77250.0,7.76327020448136,1
V265_150_FLOOR,8.0,2026-04,202604242308,0.422622307185711,4,0,0.0,6.702657532017641,0
V265_150_FLOOR,8.0,2026-04,202604250705,0.26209883466366035,4,0,0.0,8.43226537319944,1
V265_150_FLOOR,8.0,2026-04,202604250708,0.27267769749789683,2,0,0.0,4.786363636363636,1
V265_150_FLOOR,8.0,2026-04,202604250903,0.3216497136373958,4,0,0.0,8.082712670205021,0
V265_150_FLOOR,8.0,2026-04,202604251307,0.3418843683748642,3,0,0.0,8.390553368835379,0
V265_150_FLOOR,8.0,2026-04,202604252307,0.31429084019845915,6,0,0.0,7.584312201481032,1
V265_150_FLOOR,8.0,2026-04,202604260310,0.4282072473785074,3,0,0.0,7.580606060606061,0
V265_150_FLOOR,8.0,2026-04,202604270602,0.2587123355220862,9,0,0.0,9.140448643700482,1
V265_150_FLOOR,8.0,2026-04,202604270606,0.30091215856015424,2,0,0.0,9.115777777777778,1
V265_150_FLOOR,8.0,2026-04,202604271607,0.30746468742416017,3,0,0.0,8.33878914744804,0
V265_150_FLOOR,8.0,2026-04,202604280603,0.4257913769775326,2,0,0.0,4.712,0
V265_150_FLOOR,8.0,2026-04,202604280606,0.2934100701818783,5,1,80000.0,8.085768734080993,1
V265_150_FLOOR,8.0,2026-04,202604281502,0.2800449536243937,6,0,0.0,7.5232802985309775,0
V265_150_FLOOR,8.0,2026-04,202604281606,0.2703458159727097,6,0,0.0,7.942489632683681,0
V265_150_FLOOR,8.0,2026-04,202604290306,0.4484681766561571,2,0,0.0,6.274603174603175,0
V265_150_FLOOR,8.0,2026-04,202604291402,0.28081296291722935,3,0,0.0,7.570394379556842,0
V265_150_FLOOR,8.0,2026-05,202605011707,0.2838811097437825,3,0,0.0,7.203087272059474,0
V265_150_FLOOR,8.0,2026-05,202605012009,0.27511469973493785,2,0,0.0,8.080538922155688,0
V265_150_FLOOR,8.0,2026-05,202605020908,0.274714290954804,3,0,0.0,7.1849790652622225,0
V265_150_FLOOR,8.0,2026-05,202605021103,0.3068104752313956,2,1,62160.0,6.268235294117647,1
V265_150_FLOOR,8.0,2026-05,202605022307,0.33630409307060355,2,0,0.0,3.5517857142857143,0
V265_150_FLOOR,8.0,2026-05,202605030104,0.2784233693716568,2,0,0.0,6.849097472924187,0
V265_150_FLOOR,8.0,2026-05,202605030105,0.2864821579486016,2,0,0.0,6.595289855072465,0
V265_150_FLOOR,8.0,2026-05,202605030805,0.25965141696697547,3,1,67050.0,6.733187629848612,1
V265_150_FLOOR,8.0,2026-05,202605030811,0.30371342685538905,3,0,0.0,7.4751510767866725,0
V265_150_FLOOR,8.0,2026-05,202605031208,0.2642027549565139,3,0,0.0,6.681845835655625,0
V265_150_FLOOR,8.0,2026-05,202605032307,0.3051327060992939,2,0,0.0,7.57125748502994,1
V265_150_FLOOR,8.0,2026-05,202605040202,0.3096735093272526,2,0,0.0,8.46798866855524,0
V265_150_FLOOR,8.0,2026-05,202605040403,0.3473575119951659,3,0,0.0,7.384505010433035,0
V265_150_FLOOR,8.0,2026-05,202605040701,0.27466698060588435,3,1,72200.0,7.280416868637906,1
V265_150_FLOOR,8.0,2026-05,202605040802,0.2678469152020087,4,1,79380.0,7.979131258510144,1
V265_150_FLOOR,8.0,2026-05,202605040805,0.2637378165674796,5,1,75800.0,7.586900906847724,1
V265_150_FLOOR,8.0,2026-05,202605041410,0.29886403790075977,5,0,0.0,7.518446633804893,1
V265_150_FLOOR,8.0,2026-05,202605042009,0.28395614168427785,2,0,0.0,8.64406779661017,0
V265_150_FLOOR,8.0,2026-05,202605050202,0.3918981006405124,2,0,0.0,3.988271604938272,0
V265_150_FLOOR,8.0,2026-05,202605050203,0.3108794544562109,2,0,0.0,7.600638977635782,1
V265_150_FLOOR,8.0,2026-05,202605050702,0.26784541248341415,2,0,0.0,8.75390625,1
V265_150_FLOOR,8.0,2026-05,202605050811,0.26211905084711595,3,0,0.0,8.183008189205426,0
V265_150_FLOOR,8.0,2026-05,202605050904,0.2617846350280769,3,0,0.0,6.673989924709532,0
V265_150_FLOOR,8.0,2026-05,202605051303,0.2791592281877297,2,0,0.0,7.892088607594937,0
V265_150_FLOOR,8.0,2026-05,202605051306,0.31139744736742775,2,0,0.0,8.202216066481995,0
V265_150_FLOOR,8.0,2026-05,202605051602,0.4193770093755381,14,0,0.0,7.895796719862704,0
V265_150_FLOOR,8.0,2026-05,202605072406,0.3292638658153312,2,0,0.0,4.800000000000001,1
V265_150_FLOOR,8.0,2026-05,202605091805,0.4406120477581777,3,0,0.0,6.62554339016519,0
V265_150_FLOOR,8.0,2026-05,202605101604,0.27730837884651754,7,0,0.0,7.943195934243305,0
V265_150_FLOOR,8.0,2026-05,202605102010,0.30084518973855817,2,0,0.0,4.623404255319148,0
V265_150_FLOOR,8.0,2026-05,202605111110,0.2697755085304251,5,0,0.0,8.00109384106576,1
V265_150_FLOOR,8.0,2026-05,202605111606,0.3431416340830779,2,1,56950.0,5.721153846153847,1
V265_150_FLOOR,8.0,2026-05,202605112308,0.41885950939577216,2,1,57200.0,5.71551724137931,1
V265_150_FLOOR,8.0,2026-05,202605130406,0.3043573167495788,3,0,0.0,7.977113707494736,1
V265_150_FLOOR,8.0,2026-05,202605130408,0.3294507040220866,2,0,0.0,3.78125,1
V265_150_FLOOR,8.0,2026-05,202605171007,0.3174507753234482,2,0,0.0,7.096830985915493,0
V265_150_FLOOR,8.0,2026-05,202605191406,0.2718096465553448,3,0,0.0,6.277173913043478,1
V265_150_FLOOR,8.0,2026-05,202605191811,0.26143992435645796,2,0,0.0,8.498533724340177,0
V265_150_FLOOR,8.0,2026-05,202605200506,0.26731602126644516,3,0,0.0,9.313918447924165,0
V265_150_FLOOR,8.0,2026-05,202605201505,0.392938737109297,5,0,0.0,9.03212416974068,1
V265_150_FLOOR,8.0,2026-05,202605202002,0.30348484430205747,3,0,0.0,6.936684580405126,0
V265_150_FLOOR,8.0,2026-05,202605211905,0.26287016182024237,4,1,82500.0,8.23576050666169,1
V265_150_FLOOR,8.0,2026-05,202605231808,0.3152664002126307,4,0,0.0,8.043622196809514,1
V265_150_FLOOR,8.0,2026-05,202605242411,0.3059097277605911,5,0,0.0,7.010619377360398,1
V265_150_FLOOR,8.0,2026-05,202605251307,0.3368046939857835,2,0,0.0,4.701492537313433,0
V265_150_FLOOR,8.0,2026-05,202605252408,0.2942172067066334,4,0,0.0,8.205166669534616,1
V265_150_FLOOR,8.0,2026-05,202605261206,0.2762810743423838,2,1,67200.0,6.72,1
V265_150_FLOOR,8.0,2026-05,202605270807,0.3048358442397874,5,0,0.0,7.662520092867652,1
V265_150_FLOOR,8.0,2026-05,202605271204,0.26410630259954015,2,0,0.0,8.764044943820224,0
V265_150_FLOOR,8.0,2026-05,202605280710,0.26732938939754464,5,0,0.0,7.560747115583054,0
V265_150_FLOOR,8.0,2026-05,202605281008,0.315666172278955,4,1,66660.0,6.664925383949871,1
V265_150_FLOOR,8.0,2026-05,202605281810,0.27871551831526964,2,0,0.0,8.917808219178083,0
V265_150_FLOOR,8.0,2026-05,202605291807,0.27562632347677013,2,0,0.0,6.151470588235294,0
V265_150_FLOOR,8.0,2026-05,202605300104,0.3263926233134816,2,0,0.0,6.913636363636364,0
V265_150_FLOOR,8.0,2026-05,202605300507,0.27999095666554075,4,0,0.0,8.184013604955283,0
V265_150_FLOOR,8.0,2026-05,202605301108,0.265708944702467,2,0,0.0,6.776556776556777,1
V265_150_FLOOR,8.0,2026-05,202605312304,0.32308396186684674,4,0,0.0,8.099568400993501,0
V265_150_FLOOR,8.0,2026-06,202606010506,0.4413777115040715,2,0,0.0,3.788235294117647,0
V265_150_FLOOR,8.0,2026-06,202606010803,0.3971699898196419,4,0,0.0,7.4520744638975,0
V265_150_FLOOR,8.0,2026-06,202606010809,0.2838867915030514,20,0,0.0,8.720877511477761,0
V265_150_FLOOR,8.0,2026-06,202606012402,0.39556981611653297,2,0,0.0,7.068131868131867,0
V265_150_FLOOR,8.0,2026-06,202606020906,0.33751046021860165,2,0,0.0,5.71551724137931,0
V265_150_FLOOR,8.0,2026-06,202606021007,0.3517489957184822,3,1,90420.0,8.911720981940872,1
V265_150_FLOOR,8.0,2026-06,202606022307,0.48162235876506365,2,0,0.0,6.739436619718309,0
V265_150_FLOOR,8.0,2026-06,202606032109,0.2857027321218678,2,0,0.0,8.772164948453609,0
V265_150_FLOOR,8.0,2026-06,202606040305,0.2867966990725239,2,0,0.0,8.526,1
V265_150_FLOOR,8.0,2026-06,202606040506,0.5042634433119151,2,1,50960.00000000001,5.092156862745099,1
V265_150_FLOOR,8.0,2026-06,202606040907,0.2984146129118725,6,0,0.0,8.058332208785586,0
V265_150_FLOOR,8.0,2026-06,202606050305,0.39129459073175993,6,0,0.0,7.252812462484859,0
V265_150_FLOOR,8.0,2026-06,202606060702,0.2982963086338197,3,0,0.0,8.3017138063279,1
V265_150_FLOOR,8.0,2026-06,202606060802,0.37926822363395585,9,0,0.0,8.41434894797399,0
V265_150_FLOOR,8.0,2026-06,202606061506,0.2622481955649939,2,0,0.0,8.863259668508288,0
V265_150_FLOOR,8.0,2026-06,202606071005,0.36554220186403585,2,0,0.0,4.4224719101123595,0
V265_150_FLOOR,8.0,2026-06,202606080510,0.3473214018467049,2,0,0.0,8.84047619047619,0
V265_150_FLOOR,8.0,2026-06,202606080910,0.4796071248367799,2,0,0.0,8.3,1
V265_150_FLOOR,8.0,2026-06,202606100903,0.2709043874583267,4,0,0.0,7.967861044740476,1
V265_150_FLOOR,8.0,2026-06,202606121108,0.287681147053555,2,0,0.0,7.666478873239437,0
V265_150_FLOOR,8.0,2026-06,202606121901,0.33655024192655186,6,0,0.0,8.250940030355967,0
V265_150_FLOOR,8.0,2026-06,202606122306,0.321640018946533,4,1,76400.0,7.5948803875220126,1
V265_150_FLOOR,8.0,2026-06,202606130609,0.3353942582194719,3,0,0.0,8.220363366055226,0
V265_150_FLOOR,8.0,2026-06,202606130702,0.316649932016858,5,0,0.0,9.108560379105606,1
V265_150_FLOOR,8.0,2026-06,202606132204,0.3020271302719198,5,1,81060.0,7.967850265769861,1
V265_150_FLOOR,8.0,2026-06,202606150310,0.5010683029338686,3,0,0.0,8.185364111827596,0
V265_150_FLOOR,8.0,2026-06,202606151208,0.3339176233995096,2,0,0.0,6.481159420289856,0
V265_150_FLOOR,8.0,2026-06,202606180205,0.344567209861946,2,0,0.0,4.699530516431925,0
V265_150_FLOOR,8.0,2026-06,202606190903,0.30173134405047913,3,0,0.0,7.336905380729604,0
V265_150_FLOOR,8.0,2026-06,202606192107,0.2908266003082408,4,0,0.0,8.82094756688449,0
V265_150_FLOOR,8.0,2026-06,202606200903,0.3026971368075434,8,0,0.0,8.038909357193132,0
V265_150_FLOOR,8.0,2026-06,202606201709,0.34603560486712104,3,0,0.0,8.830110752500971,1
V265_150_FLOOR,8.0,2026-06,202606210906,0.32592090520514483,2,1,49680.0,4.964634146341463,1
V265_150_FLOOR,8.0,2026-06,202606240605,0.27940719854374535,3,1,56320.00000000001,5.74608695652174,1
V265_150_FLOOR,8.0,2026-06,202606241207,0.4296469673259614,3,0,0.0,8.919440657922056,1
V265_150_FLOOR,8.0,2026-06,202606241210,0.27895550302314437,2,0,0.0,8.1865889212828,0
V265_150_FLOOR,8.0,2026-06,202606260304,0.34838668584873567,3,0,0.0,8.705698395989252,0
V265_150_FLOOR,8.0,2026-06,202606260410,0.37869440158673384,5,0,0.0,6.808514725143859,0
V265_150_FLOOR,8.0,2026-06,202606260705,0.608092540425627,2,0,0.0,5.211428571428571,1
V265_150_FLOOR,8.0,2026-06,202606261709,0.32243681770399746,3,0,0.0,8.132231404958679,0
V265_150_FLOOR,8.0,2026-06,202606280205,0.26735321536064927,2,0,0.0,4.680851063829787,0
V265_150_FLOOR,8.0,2026-06,202606280508,0.36612085579216147,2,0,0.0,10.065777777777779,0
V265_150_FLOOR,8.0,2026-06,202606281008,0.2747421508693813,2,0,0.0,9.617158671586715,0
V265_150_FLOOR,8.0,2026-06,202606290806,0.32408625365601196,3,0,0.0,5.70809336531554,1
V265_150_FLOOR,8.0,2026-06,202606292011,0.26055307811418316,3,0,0.0,7.658392203428784,0
V265_150_FLOOR,8.0,2026-06,202606302304,0.3603764551907089,2,0,0.0,5.979583333333333,0
V265_150_FLOOR,8.5,2026-04,202604010110,0.32237465859780223,7,0,0.0,8.399906627782231,0
V265_150_FLOOR,8.5,2026-04,202604010206,0.34704012949552776,2,0,0.0,7.370847457627118,0
V265_150_FLOOR,8.5,2026-04,202604010603,0.2724305691891156,3,0,0.0,9.918110550435095,1
V265_150_FLOOR,8.5,2026-04,202604010804,0.3579565862741262,2,0,0.0,7.793823529411765,1
V265_150_FLOOR,8.5,2026-04,202604020108,0.40123097854906364,2,0,0.0,6.069958847736625,0
V265_150_FLOOR,8.5,2026-04,202604022209,0.30066370447381086,2,0,0.0,7.392739273927393,0
V265_150_FLOOR,8.5,2026-04,202604030402,0.4401581638507809,2,0,0.0,7.531353135313531,0
V265_150_FLOOR,8.5,2026-04,202604031806,0.30801796864254627,2,0,0.0,6.532584269662922,0
V265_150_FLOOR,8.5,2026-04,202604042202,0.46679155112387094,2,0,0.0,6.39375,0
V265_150_FLOOR,8.5,2026-04,202604070808,0.3197210867321282,2,0,0.0,5.27688679245283,0
V265_150_FLOOR,8.5,2026-04,202604072403,0.3500721904843996,3,0,0.0,8.455476753349094,0
V265_150_FLOOR,8.5,2026-04,202604081111,0.282134126320437,4,0,0.0,7.959152398267687,0
V265_150_FLOOR,8.5,2026-04,202604082306,0.2698153652282027,2,1,54500.0,5.399537037037037,1
V265_150_FLOOR,8.5,2026-04,202604090703,0.305676970801037,2,0,0.0,7.899683544303797,1
V265_150_FLOOR,8.5,2026-04,202604091506,0.25913057871504697,2,0,0.0,8.8775,0
V265_150_FLOOR,8.5,2026-04,202604121607,0.3024045537661642,4,0,0.0,7.630673051961073,0
V265_150_FLOOR,8.5,2026-04,202604140304,0.2946197367425004,2,0,0.0,4.544623655913979,0
V265_150_FLOOR,8.5,2026-04,202604150307,0.5377838153069647,2,0,0.0,11.3216796875,0
V265_150_FLOOR,8.5,2026-04,202604160906,0.2734821554827516,5,0,0.0,8.09617268360313,1
V265_150_FLOOR,8.5,2026-04,202604170305,0.3411198509722344,2,0,0.0,5.5560538116591935,0
V265_150_FLOOR,8.5,2026-04,202604180305,0.2720549230073839,4,0,0.0,8.137668289111541,1
V265_150_FLOOR,8.5,2026-04,202604181508,0.2718661195936503,2,0,0.0,6.091463414634146,0
V265_150_FLOOR,8.5,2026-04,202604190501,0.2885626325184496,6,0,0.0,7.498793115094315,0
V265_150_FLOOR,8.5,2026-04,202604190703,0.2752296481341026,2,0,0.0,6.153024911032029,0
V265_150_FLOOR,8.5,2026-04,202604191506,0.3056315845944473,2,0,0.0,4.394886363636363,0
V265_150_FLOOR,8.5,2026-04,202604210702,0.2673866285099271,3,0,0.0,8.358417736993513,0
V265_150_FLOOR,8.5,2026-04,202604211109,0.3601058868117655,2,0,0.0,8.955675675675677,0
V265_150_FLOOR,8.5,2026-04,202604220502,0.264066427446498,2,0,0.0,5.148058252427185,0
V265_150_FLOOR,8.5,2026-04,202604221103,0.26787535095246257,4,0,0.0,8.39482645871152,1
V265_150_FLOOR,8.5,2026-04,202604230507,0.28339613038398437,3,1,81220.0,7.977520118089615,1
V265_150_FLOOR,8.5,2026-04,202604231603,0.29943674085412764,5,0,0.0,6.9622209026612865,0
V265_150_FLOOR,8.5,2026-04,202604240706,0.34147339061226634,2,0,0.0,4.871794871794871,0
V265_150_FLOOR,8.5,2026-04,202604242010,0.28815861390617115,5,1,83430.0,8.400260547960329,1
V265_150_FLOOR,8.5,2026-04,202604242308,0.422622307185711,4,0,0.0,6.702657532017641,0
V265_150_FLOOR,8.5,2026-04,202604250705,0.26209883466366035,4,0,0.0,8.43226537319944,1
V265_150_FLOOR,8.5,2026-04,202604250708,0.27267769749789683,2,0,0.0,4.786363636363636,1
V265_150_FLOOR,8.5,2026-04,202604250903,0.3216497136373958,4,0,0.0,8.082712670205021,0
V265_150_FLOOR,8.5,2026-04,202604251307,0.3418843683748642,3,0,0.0,8.390553368835379,0
V265_150_FLOOR,8.5,2026-04,202604252307,0.31429084019845915,6,0,0.0,7.584312201481032,1
V265_150_FLOOR,8.5,2026-04,202604260310,0.4282072473785074,3,0,0.0,7.580606060606061,0
V265_150_FLOOR,8.5,2026-04,202604270602,0.2587123355220862,9,0,0.0,9.140448643700482,1
V265_150_FLOOR,8.5,2026-04,202604270606,0.30091215856015424,2,0,0.0,9.115777777777778,1
V265_150_FLOOR,8.5,2026-04,202604271607,0.30746468742416017,3,0,0.0,8.33878914744804,0
V265_150_FLOOR,8.5,2026-04,202604280603,0.4257913769775326,2,0,0.0,4.712,0
V265_150_FLOOR,8.5,2026-04,202604280606,0.2934100701818783,4,1,85000.0,8.51054853178589,1
V265_150_FLOOR,8.5,2026-04,202604281502,0.2800449536243937,5,0,0.0,8.50973868696365,0
V265_150_FLOOR,8.5,2026-04,202604281606,0.2703458159727097,6,0,0.0,7.942489632683681,0
V265_150_FLOOR,8.5,2026-04,202604290306,0.4484681766561571,2,0,0.0,6.274603174603175,0
V265_150_FLOOR,8.5,2026-04,202604291402,0.28081296291722935,3,0,0.0,7.570394379556842,0
V265_150_FLOOR,8.5,2026-05,202605011707,0.2838811097437825,3,0,0.0,7.203087272059474,0
V265_150_FLOOR,8.5,2026-05,202605012009,0.27511469973493785,2,0,0.0,8.080538922155688,0
V265_150_FLOOR,8.5,2026-05,202605020908,0.274714290954804,3,0,0.0,7.1849790652622225,0
V265_150_FLOOR,8.5,2026-05,202605021103,0.3068104752313956,2,1,62160.0,6.268235294117647,1
V265_150_FLOOR,8.5,2026-05,202605022307,0.33630409307060355,2,0,0.0,3.5517857142857143,0
V265_150_FLOOR,8.5,2026-05,202605030104,0.2784233693716568,2,0,0.0,6.849097472924187,0
V265_150_FLOOR,8.5,2026-05,202605030105,0.2864821579486016,2,0,0.0,6.595289855072465,0
V265_150_FLOOR,8.5,2026-05,202605030805,0.25965141696697547,2,1,95360.0,9.537439613526569,1
V265_150_FLOOR,8.5,2026-05,202605030811,0.30371342685538905,2,0,0.0,8.817567567567567,0
V265_150_FLOOR,8.5,2026-05,202605031208,0.2642027549565139,3,0,0.0,6.681845835655625,0
V265_150_FLOOR,8.5,2026-05,202605032307,0.3051327060992939,2,0,0.0,7.57125748502994,1
V265_150_FLOOR,8.5,2026-05,202605040202,0.3096735093272526,2,0,0.0,8.46798866855524,0
V265_150_FLOOR,8.5,2026-05,202605040403,0.3473575119951659,3,0,0.0,7.384505010433035,0
V265_150_FLOOR,8.5,2026-05,202605040701,0.27466698060588435,2,1,93100.0,9.398936170212767,1
V265_150_FLOOR,8.5,2026-05,202605040802,0.2678469152020087,4,1,79380.0,7.979131258510144,1
V265_150_FLOOR,8.5,2026-05,202605040805,0.2637378165674796,5,1,75800.0,7.586900906847724,1
V265_150_FLOOR,8.5,2026-05,202605041410,0.29886403790075977,4,0,0.0,9.462188739791573,1
V265_150_FLOOR,8.5,2026-05,202605042009,0.28395614168427785,2,0,0.0,8.64406779661017,0
V265_150_FLOOR,8.5,2026-05,202605050202,0.3918981006405124,2,0,0.0,3.988271604938272,0
V265_150_FLOOR,8.5,2026-05,202605050203,0.3108794544562109,2,0,0.0,7.600638977635782,1
V265_150_FLOOR,8.5,2026-05,202605050702,0.26784541248341415,2,0,0.0,8.75390625,1
V265_150_FLOOR,8.5,2026-05,202605050811,0.26211905084711595,3,0,0.0,8.183008189205426,0
V265_150_FLOOR,8.5,2026-05,202605050904,0.2617846350280769,3,0,0.0,6.673989924709532,0
V265_150_FLOOR,8.5,2026-05,202605051303,0.2791592281877297,2,0,0.0,7.892088607594937,0
V265_150_FLOOR,8.5,2026-05,202605051306,0.31139744736742775,2,0,0.0,8.202216066481995,0
V265_150_FLOOR,8.5,2026-05,202605051602,0.4193770093755381,11,0,0.0,8.550423136348845,0
V265_150_FLOOR,8.5,2026-05,202605072406,0.3292638658153312,2,0,0.0,4.800000000000001,1
V265_150_FLOOR,8.5,2026-05,202605091805,0.4406120477581777,3,0,0.0,6.62554339016519,0
V265_150_FLOOR,8.5,2026-05,202605101604,0.27730837884651754,7,0,0.0,7.943195934243305,0
V265_150_FLOOR,8.5,2026-05,202605102010,0.30084518973855817,2,0,0.0,4.623404255319148,0
V265_150_FLOOR,8.5,2026-05,202605111110,0.2697755085304251,5,0,0.0,8.00109384106576,1
V265_150_FLOOR,8.5,2026-05,202605111606,0.3431416340830779,2,1,56950.0,5.721153846153847,1
V265_150_FLOOR,8.5,2026-05,202605112308,0.41885950939577216,2,1,57200.0,5.71551724137931,1
V265_150_FLOOR,8.5,2026-05,202605130406,0.3043573167495788,3,0,0.0,7.977113707494736,1
V265_150_FLOOR,8.5,2026-05,202605130408,0.3294507040220866,2,0,0.0,3.78125,1
V265_150_FLOOR,8.5,2026-05,202605171007,0.3174507753234482,2,0,0.0,7.096830985915493,0
V265_150_FLOOR,8.5,2026-05,202605191406,0.2718096465553448,3,0,0.0,6.277173913043478,1
V265_150_FLOOR,8.5,2026-05,202605191811,0.26143992435645796,2,0,0.0,8.498533724340177,0
V265_150_FLOOR,8.5,2026-05,202605200506,0.26731602126644516,3,0,0.0,9.313918447924165,0
V265_150_FLOOR,8.5,2026-05,202605201505,0.392938737109297,5,0,0.0,9.03212416974068,1
V265_150_FLOOR,8.5,2026-05,202605202002,0.30348484430205747,2,0,0.0,9.913647642679901,0
V265_150_FLOOR,8.5,2026-05,202605211905,0.26287016182024237,4,1,82500.0,8.23576050666169,1
V265_150_FLOOR,8.5,2026-05,202605231808,0.3152664002126307,3,0,0.0,8.281614987590556,1
V265_150_FLOOR,8.5,2026-05,202605242411,0.3059097277605911,4,0,0.0,9.319225011568243,1
V265_150_FLOOR,8.5,2026-05,202605251307,0.3368046939857835,2,0,0.0,4.701492537313433,0
V265_150_FLOOR,8.5,2026-05,202605252408,0.2942172067066334,4,0,0.0,8.205166669534616,1
V265_150_FLOOR,8.5,2026-05,202605261206,0.2762810743423838,2,1,67200.0,6.72,1
V265_150_FLOOR,8.5,2026-05,202605270807,0.3048358442397874,4,0,0.0,8.547603672403627,1
V265_150_FLOOR,8.5,2026-05,202605271204,0.26410630259954015,2,0,0.0,8.764044943820224,0
V265_150_FLOOR,8.5,2026-05,202605280710,0.26732938939754464,5,0,0.0,7.560747115583054,0
V265_150_FLOOR,8.5,2026-05,202605281008,0.315666172278955,4,1,66660.0,6.664925383949871,1
V265_150_FLOOR,8.5,2026-05,202605281810,0.27871551831526964,2,0,0.0,8.917808219178083,0
V265_150_FLOOR,8.5,2026-05,202605291807,0.27562632347677013,2,0,0.0,6.151470588235294,0
V265_150_FLOOR,8.5,2026-05,202605300104,0.3263926233134816,2,0,0.0,6.913636363636364,0
V265_150_FLOOR,8.5,2026-05,202605300507,0.27999095666554075,4,0,0.0,8.184013604955283,0
V265_150_FLOOR,8.5,2026-05,202605301108,0.265708944702467,2,0,0.0,6.776556776556777,1
V265_150_FLOOR,8.5,2026-05,202605312304,0.32308396186684674,4,0,0.0,8.099568400993501,0
V265_150_FLOOR,8.5,2026-06,202606010506,0.4413777115040715,2,0,0.0,3.788235294117647,0
V265_150_FLOOR,8.5,2026-06,202606010803,0.3971699898196419,4,0,0.0,7.4520744638975,0
V265_150_FLOOR,8.5,2026-06,202606010809,0.2838867915030514,20,0,0.0,8.720877511477761,0
V265_150_FLOOR,8.5,2026-06,202606012402,0.39556981611653297,2,0,0.0,7.068131868131867,0
V265_150_FLOOR,8.5,2026-06,202606020906,0.33751046021860165,2,0,0.0,5.71551724137931,0
V265_150_FLOOR,8.5,2026-06,202606021007,0.3517489957184822,3,1,90420.0,8.911720981940872,1
V265_150_FLOOR,8.5,2026-06,202606022307,0.48162235876506365,2,0,0.0,6.739436619718309,0
V265_150_FLOOR,8.5,2026-06,202606032109,0.2857027321218678,2,0,0.0,8.772164948453609,0
V265_150_FLOOR,8.5,2026-06,202606040305,0.2867966990725239,2,0,0.0,8.526,1
V265_150_FLOOR,8.5,2026-06,202606040506,0.5042634433119151,2,1,50960.00000000001,5.092156862745099,1
V265_150_FLOOR,8.5,2026-06,202606040907,0.2984146129118725,5,0,0.0,8.494319793389373,0
V265_150_FLOOR,8.5,2026-06,202606050305,0.39129459073175993,5,0,0.0,8.835000085321218,0
V265_150_FLOOR,8.5,2026-06,202606060702,0.2982963086338197,3,0,0.0,8.3017138063279,1
V265_150_FLOOR,8.5,2026-06,202606060802,0.37926822363395585,9,0,0.0,8.41434894797399,0
V265_150_FLOOR,8.5,2026-06,202606061506,0.2622481955649939,2,0,0.0,8.863259668508288,0
V265_150_FLOOR,8.5,2026-06,202606071005,0.36554220186403585,2,0,0.0,4.4224719101123595,0
V265_150_FLOOR,8.5,2026-06,202606080510,0.3473214018467049,2,0,0.0,8.84047619047619,0
V265_150_FLOOR,8.5,2026-06,202606080910,0.4796071248367799,2,0,0.0,8.3,1
V265_150_FLOOR,8.5,2026-06,202606100903,0.2709043874583267,4,0,0.0,7.967861044740476,1
V265_150_FLOOR,8.5,2026-06,202606121108,0.287681147053555,2,0,0.0,7.666478873239437,0
V265_150_FLOOR,8.5,2026-06,202606121901,0.33655024192655186,6,0,0.0,8.250940030355967,0
V265_150_FLOOR,8.5,2026-06,202606122306,0.321640018946533,4,1,76400.0,7.5948803875220126,1
V265_150_FLOOR,8.5,2026-06,202606130609,0.3353942582194719,3,0,0.0,8.220363366055226,0
V265_150_FLOOR,8.5,2026-06,202606130702,0.316649932016858,5,0,0.0,9.108560379105606,1
V265_150_FLOOR,8.5,2026-06,202606132204,0.3020271302719198,5,1,81060.0,7.967850265769861,1
V265_150_FLOOR,8.5,2026-06,202606150310,0.5010683029338686,3,0,0.0,8.185364111827596,0
V265_150_FLOOR,8.5,2026-06,202606151208,0.3339176233995096,2,0,0.0,6.481159420289856,0
V265_150_FLOOR,8.5,2026-06,202606180205,0.344567209861946,2,0,0.0,4.699530516431925,0
V265_150_FLOOR,8.5,2026-06,202606190903,0.30173134405047913,3,0,0.0,7.336905380729604,0
V265_150_FLOOR,8.5,2026-06,202606192107,0.2908266003082408,4,0,0.0,8.82094756688449,0
V265_150_FLOOR,8.5,2026-06,202606200903,0.3026971368075434,7,0,0.0,8.362740337696428,0
V265_150_FLOOR,8.5,2026-06,202606201709,0.34603560486712104,3,0,0.0,8.830110752500971,1
V265_150_FLOOR,8.5,2026-06,202606210906,0.32592090520514483,2,1,49680.0,4.964634146341463,1
V265_150_FLOOR,8.5,2026-06,202606240605,0.27940719854374535,2,1,112640.00000000001,11.200000000000001,1
V265_150_FLOOR,8.5,2026-06,202606241207,0.4296469673259614,3,0,0.0,8.919440657922056,1
V265_150_FLOOR,8.5,2026-06,202606241210,0.27895550302314437,2,0,0.0,8.1865889212828,0
V265_150_FLOOR,8.5,2026-06,202606260304,0.34838668584873567,3,0,0.0,8.705698395989252,0
V265_150_FLOOR,8.5,2026-06,202606260410,0.37869440158673384,4,0,0.0,9.602470299015934,0
V265_150_FLOOR,8.5,2026-06,202606260705,0.608092540425627,2,0,0.0,5.211428571428571,1
V265_150_FLOOR,8.5,2026-06,202606261709,0.32243681770399746,3,0,0.0,8.132231404958679,0
V265_150_FLOOR,8.5,2026-06,202606280205,0.26735321536064927,2,0,0.0,4.680851063829787,0
V265_150_FLOOR,8.5,2026-06,202606280508,0.36612085579216147,2,0,0.0,10.065777777777779,0
V265_150_FLOOR,8.5,2026-06,202606281008,0.2747421508693813,2,0,0.0,9.617158671586715,0
V265_150_FLOOR,8.5,2026-06,202606290806,0.32408625365601196,2,0,0.0,10.50532212885154,1
V265_150_FLOOR,8.5,2026-06,202606292011,0.26055307811418316,3,0,0.0,7.658392203428784,0
V265_150_FLOOR,8.5,2026-06,202606302304,0.3603764551907089,2,0,0.0,5.979583333333333,0
V265_150_FLOOR,9.0,2026-04,202604010110,0.32237465859780223,7,0,0.0,8.399906627782231,0
V265_150_FLOOR,9.0,2026-04,202604010206,0.34704012949552776,2,0,0.0,7.370847457627118,0
V265_150_FLOOR,9.0,2026-04,202604010603,0.2724305691891156,3,0,0.0,9.918110550435095,1
V265_150_FLOOR,9.0,2026-04,202604010804,0.3579565862741262,2,0,0.0,7.793823529411765,1
V265_150_FLOOR,9.0,2026-04,202604020108,0.40123097854906364,2,0,0.0,6.069958847736625,0
V265_150_FLOOR,9.0,2026-04,202604022209,0.30066370447381086,2,0,0.0,7.392739273927393,0
V265_150_FLOOR,9.0,2026-04,202604030402,0.4401581638507809,2,0,0.0,7.531353135313531,0
V265_150_FLOOR,9.0,2026-04,202604031806,0.30801796864254627,2,0,0.0,6.532584269662922,0
V265_150_FLOOR,9.0,2026-04,202604042202,0.46679155112387094,2,0,0.0,6.39375,0
V265_150_FLOOR,9.0,2026-04,202604070808,0.3197210867321282,2,0,0.0,5.27688679245283,0
V265_150_FLOOR,9.0,2026-04,202604072403,0.3500721904843996,3,0,0.0,8.455476753349094,0
V265_150_FLOOR,9.0,2026-04,202604081111,0.282134126320437,4,0,0.0,7.959152398267687,0
V265_150_FLOOR,9.0,2026-04,202604082306,0.2698153652282027,2,1,54500.0,5.399537037037037,1
V265_150_FLOOR,9.0,2026-04,202604090703,0.305676970801037,2,0,0.0,7.899683544303797,1
V265_150_FLOOR,9.0,2026-04,202604091506,0.25913057871504697,2,0,0.0,8.8775,0
V265_150_FLOOR,9.0,2026-04,202604121607,0.3024045537661642,4,0,0.0,7.630673051961073,0
V265_150_FLOOR,9.0,2026-04,202604140304,0.2946197367425004,2,0,0.0,4.544623655913979,0
V265_150_FLOOR,9.0,2026-04,202604150307,0.5377838153069647,2,0,0.0,11.3216796875,0
V265_150_FLOOR,9.0,2026-04,202604160906,0.2734821554827516,5,0,0.0,8.09617268360313,1
V265_150_FLOOR,9.0,2026-04,202604170305,0.3411198509722344,2,0,0.0,5.5560538116591935,0
V265_150_FLOOR,9.0,2026-04,202604180305,0.2720549230073839,4,0,0.0,8.137668289111541,1
V265_150_FLOOR,9.0,2026-04,202604181508,0.2718661195936503,2,0,0.0,6.091463414634146,0
V265_150_FLOOR,9.0,2026-04,202604190501,0.2885626325184496,5,0,0.0,10.138638757964086,0
V265_150_FLOOR,9.0,2026-04,202604190703,0.2752296481341026,2,0,0.0,6.153024911032029,0
V265_150_FLOOR,9.0,2026-04,202604191506,0.3056315845944473,2,0,0.0,4.394886363636363,0
V265_150_FLOOR,9.0,2026-04,202604210702,0.2673866285099271,3,0,0.0,8.358417736993513,0
V265_150_FLOOR,9.0,2026-04,202604211109,0.3601058868117655,2,0,0.0,8.955675675675677,0
V265_150_FLOOR,9.0,2026-04,202604220502,0.264066427446498,2,0,0.0,5.148058252427185,0
V265_150_FLOOR,9.0,2026-04,202604221103,0.26787535095246257,4,0,0.0,8.39482645871152,1
V265_150_FLOOR,9.0,2026-04,202604230507,0.28339613038398437,2,1,94320.0,9.416625916870416,1
V265_150_FLOOR,9.0,2026-04,202604231603,0.29943674085412764,4,0,0.0,10.102084453747453,0
V265_150_FLOOR,9.0,2026-04,202604240706,0.34147339061226634,2,0,0.0,4.871794871794871,0
V265_150_FLOOR,9.0,2026-04,202604242010,0.28815861390617115,5,1,83430.0,8.400260547960329,1
V265_150_FLOOR,9.0,2026-04,202604242308,0.422622307185711,3,0,0.0,11.19641356122163,0
V265_150_FLOOR,9.0,2026-04,202604250705,0.26209883466366035,4,0,0.0,8.43226537319944,1
V265_150_FLOOR,9.0,2026-04,202604250708,0.27267769749789683,2,0,0.0,4.786363636363636,1
V265_150_FLOOR,9.0,2026-04,202604250903,0.3216497136373958,4,0,0.0,8.082712670205021,0
V265_150_FLOOR,9.0,2026-04,202604251307,0.3418843683748642,3,0,0.0,8.390553368835379,0
V265_150_FLOOR,9.0,2026-04,202604252307,0.31429084019845915,6,0,0.0,7.584312201481032,1
V265_150_FLOOR,9.0,2026-04,202604260310,0.4282072473785074,3,0,0.0,7.580606060606061,0
V265_150_FLOOR,9.0,2026-04,202604270602,0.2587123355220862,9,0,0.0,9.140448643700482,1
V265_150_FLOOR,9.0,2026-04,202604270606,0.30091215856015424,2,0,0.0,9.115777777777778,1
V265_150_FLOOR,9.0,2026-04,202604271607,0.30746468742416017,3,0,0.0,8.33878914744804,0
V265_150_FLOOR,9.0,2026-04,202604280603,0.4257913769775326,2,0,0.0,4.712,0
V265_150_FLOOR,9.0,2026-04,202604280606,0.2934100701818783,4,1,85000.0,8.51054853178589,1
V265_150_FLOOR,9.0,2026-04,202604281502,0.2800449536243937,5,0,0.0,8.50973868696365,0
V265_150_FLOOR,9.0,2026-04,202604281606,0.2703458159727097,6,0,0.0,7.942489632683681,0
V265_150_FLOOR,9.0,2026-04,202604290306,0.4484681766561571,2,0,0.0,6.274603174603175,0
V265_150_FLOOR,9.0,2026-04,202604291402,0.28081296291722935,3,0,0.0,7.570394379556842,0
V265_150_FLOOR,9.0,2026-05,202605011707,0.2838811097437825,2,0,0.0,10.46689497716895,0
V265_150_FLOOR,9.0,2026-05,202605012009,0.27511469973493785,2,0,0.0,8.080538922155688,0
V265_150_FLOOR,9.0,2026-05,202605020908,0.274714290954804,2,0,0.0,9.885678391959798,0
V265_150_FLOOR,9.0,2026-05,202605021103,0.3068104752313956,2,1,62160.0,6.268235294117647,1
V265_150_FLOOR,9.0,2026-05,202605022307,0.33630409307060355,2,0,0.0,3.5517857142857143,0
V265_150_FLOOR,9.0,2026-05,202605030104,0.2784233693716568,2,0,0.0,6.849097472924187,0
V265_150_FLOOR,9.0,2026-05,202605030105,0.2864821579486016,2,0,0.0,6.595289855072465,0
V265_150_FLOOR,9.0,2026-05,202605030805,0.25965141696697547,2,1,95360.0,9.537439613526569,1
V265_150_FLOOR,9.0,2026-05,202605030811,0.30371342685538905,2,0,0.0,8.817567567567567,0
V265_150_FLOOR,9.0,2026-05,202605031208,0.2642027549565139,2,0,0.0,11.18339552238806,0
V265_150_FLOOR,9.0,2026-05,202605032307,0.3051327060992939,2,0,0.0,7.57125748502994,1
V265_150_FLOOR,9.0,2026-05,202605040202,0.3096735093272526,2,0,0.0,8.46798866855524,0
V265_150_FLOOR,9.0,2026-05,202605040403,0.3473575119951659,3,0,0.0,7.384505010433035,0
V265_150_FLOOR,9.0,2026-05,202605040701,0.27466698060588435,2,1,93100.0,9.398936170212767,1
V265_150_FLOOR,9.0,2026-05,202605040802,0.2678469152020087,3,1,94500.0,9.409169293262185,1
V265_150_FLOOR,9.0,2026-05,202605040805,0.2637378165674796,4,0,0.0,9.485785121669887,1
V265_150_FLOOR,9.0,2026-05,202605041410,0.29886403790075977,4,0,0.0,9.462188739791573,1
V265_150_FLOOR,9.0,2026-05,202605042009,0.28395614168427785,2,0,0.0,8.64406779661017,0
V265_150_FLOOR,9.0,2026-05,202605050202,0.3918981006405124,2,0,0.0,3.988271604938272,0
V265_150_FLOOR,9.0,2026-05,202605050203,0.3108794544562109,2,0,0.0,7.600638977635782,1
V265_150_FLOOR,9.0,2026-05,202605050702,0.26784541248341415,2,0,0.0,8.75390625,1
V265_150_FLOOR,9.0,2026-05,202605050811,0.26211905084711595,2,0,0.0,9.711219512195123,0
V265_150_FLOOR,9.0,2026-05,202605050904,0.2617846350280769,2,0,0.0,11.029759299781182,0
V265_150_FLOOR,9.0,2026-05,202605051303,0.2791592281877297,2,0,0.0,7.892088607594937,0
V265_150_FLOOR,9.0,2026-05,202605051306,0.31139744736742775,2,0,0.0,8.202216066481995,0
V265_150_FLOOR,9.0,2026-05,202605051602,0.4193770093755381,10,0,0.0,9.31477294539011,0
V265_150_FLOOR,9.0,2026-05,202605072406,0.3292638658153312,2,0,0.0,4.800000000000001,1
V265_150_FLOOR,9.0,2026-05,202605091805,0.4406120477581777,2,0,0.0,10.699792960662526,0
V265_150_FLOOR,9.0,2026-05,202605101604,0.27730837884651754,7,0,0.0,7.943195934243305,0
V265_150_FLOOR,9.0,2026-05,202605102010,0.30084518973855817,2,0,0.0,4.623404255319148,0
V265_150_FLOOR,9.0,2026-05,202605111110,0.2697755085304251,4,0,0.0,9.54001658122034,1
V265_150_FLOOR,9.0,2026-05,202605111606,0.3431416340830779,2,1,56950.0,5.721153846153847,1
V265_150_FLOOR,9.0,2026-05,202605112308,0.41885950939577216,2,1,57200.0,5.71551724137931,1
V265_150_FLOOR,9.0,2026-05,202605130406,0.3043573167495788,3,0,0.0,7.977113707494736,1
V265_150_FLOOR,9.0,2026-05,202605130408,0.3294507040220866,2,0,0.0,3.78125,1
V265_150_FLOOR,9.0,2026-05,202605171007,0.3174507753234482,2,0,0.0,7.096830985915493,0
V265_150_FLOOR,9.0,2026-05,202605191406,0.2718096465553448,2,0,0.0,11.379310344827585,1
V265_150_FLOOR,9.0,2026-05,202605191811,0.26143992435645796,2,0,0.0,8.498533724340177,0
V265_150_FLOOR,9.0,2026-05,202605200506,0.26731602126644516,3,0,0.0,9.313918447924165,0
V265_150_FLOOR,9.0,2026-05,202605201505,0.392938737109297,5,0,0.0,9.03212416974068,1
V265_150_FLOOR,9.0,2026-05,202605202002,0.30348484430205747,2,0,0.0,9.913647642679901,0
V265_150_FLOOR,9.0,2026-05,202605211905,0.26287016182024237,3,1,94050.0,9.380257621666642,1
V265_150_FLOOR,9.0,2026-05,202605231808,0.3152664002126307,2,0,0.0,8.795675675675675,1
V265_150_FLOOR,9.0,2026-05,202605242411,0.3059097277605911,4,0,0.0,9.319225011568243,1
V265_150_FLOOR,9.0,2026-05,202605251307,0.3368046939857835,2,0,0.0,4.701492537313433,0
V265_150_FLOOR,9.0,2026-05,202605252408,0.2942172067066334,4,0,0.0,8.205166669534616,1
V265_150_FLOOR,9.0,2026-05,202605261206,0.2762810743423838,2,1,67200.0,6.72,1
V265_150_FLOOR,9.0,2026-05,202605270807,0.3048358442397874,4,0,0.0,8.547603672403627,1
V265_150_FLOOR,9.0,2026-05,202605271204,0.26410630259954015,2,0,0.0,8.764044943820224,0
V265_150_FLOOR,9.0,2026-05,202605280710,0.26732938939754464,4,0,0.0,9.599492483779628,0
V265_150_FLOOR,9.0,2026-05,202605281008,0.315666172278955,3,1,103020.0,10.418279867526808,1
V265_150_FLOOR,9.0,2026-05,202605281810,0.27871551831526964,2,0,0.0,8.917808219178083,0
V265_150_FLOOR,9.0,2026-05,202605291807,0.27562632347677013,2,0,0.0,6.151470588235294,0
V265_150_FLOOR,9.0,2026-05,202605300104,0.3263926233134816,2,0,0.0,6.913636363636364,0
V265_150_FLOOR,9.0,2026-05,202605300507,0.27999095666554075,3,0,0.0,9.423981310001905,0
V265_150_FLOOR,9.0,2026-05,202605301108,0.265708944702467,2,0,0.0,6.776556776556777,1
V265_150_FLOOR,9.0,2026-05,202605312304,0.32308396186684674,4,0,0.0,8.099568400993501,0
V265_150_FLOOR,9.0,2026-06,202606010506,0.4413777115040715,2,0,0.0,3.788235294117647,0
V265_150_FLOOR,9.0,2026-06,202606010803,0.3971699898196419,4,0,0.0,7.4520744638975,0
V265_150_FLOOR,9.0,2026-06,202606010809,0.2838867915030514,17,0,0.0,9.028603707910664,0
V265_150_FLOOR,9.0,2026-06,202606012402,0.39556981611653297,2,0,0.0,7.068131868131867,0
V265_150_FLOOR,9.0,2026-06,202606020906,0.33751046021860165,2,0,0.0,5.71551724137931,0
V265_150_FLOOR,9.0,2026-06,202606021007,0.3517489957184822,3,1,90420.0,8.911720981940872,1
V265_150_FLOOR,9.0,2026-06,202606022307,0.48162235876506365,2,0,0.0,6.739436619718309,0
V265_150_FLOOR,9.0,2026-06,202606032109,0.2857027321218678,2,0,0.0,8.772164948453609,0
V265_150_FLOOR,9.0,2026-06,202606040305,0.2867966990725239,2,0,0.0,8.526,1
V265_150_FLOOR,9.0,2026-06,202606040506,0.5042634433119151,2,1,50960.00000000001,5.092156862745099,1
V265_150_FLOOR,9.0,2026-06,202606040907,0.2984146129118725,5,0,0.0,8.494319793389373,0
V265_150_FLOOR,9.0,2026-06,202606050305,0.39129459073175993,5,0,0.0,8.835000085321218,0
V265_150_FLOOR,9.0,2026-06,202606060702,0.2982963086338197,3,0,0.0,8.3017138063279,1
V265_150_FLOOR,9.0,2026-06,202606060802,0.37926822363395585,9,0,0.0,8.41434894797399,0
V265_150_FLOOR,9.0,2026-06,202606061506,0.2622481955649939,2,0,0.0,8.863259668508288,0
V265_150_FLOOR,9.0,2026-06,202606071005,0.36554220186403585,2,0,0.0,4.4224719101123595,0
V265_150_FLOOR,9.0,2026-06,202606080510,0.3473214018467049,2,0,0.0,8.84047619047619,0
V265_150_FLOOR,9.0,2026-06,202606080910,0.4796071248367799,2,0,0.0,8.3,1
V265_150_FLOOR,9.0,2026-06,202606100903,0.2709043874583267,4,0,0.0,7.967861044740476,1
V265_150_FLOOR,9.0,2026-06,202606121108,0.287681147053555,2,0,0.0,7.666478873239437,0
V265_150_FLOOR,9.0,2026-06,202606121901,0.33655024192655186,5,0,0.0,8.77725240866399,0
V265_150_FLOOR,9.0,2026-06,202606122306,0.321640018946533,4,1,76400.0,7.5948803875220126,1
V265_150_FLOOR,9.0,2026-06,202606130609,0.3353942582194719,2,0,0.0,9.481558441558441,0
V265_150_FLOOR,9.0,2026-06,202606130702,0.316649932016858,5,0,0.0,9.108560379105606,1
V265_150_FLOOR,9.0,2026-06,202606132204,0.3020271302719198,4,0,0.0,9.23930839836868,1
V265_150_FLOOR,9.0,2026-06,202606150310,0.5010683029338686,3,0,0.0,8.185364111827596,0
V265_150_FLOOR,9.0,2026-06,202606151208,0.3339176233995096,2,0,0.0,6.481159420289856,0
V265_150_FLOOR,9.0,2026-06,202606180205,0.344567209861946,2,0,0.0,4.699530516431925,0
V265_150_FLOOR,9.0,2026-06,202606190903,0.30173134405047913,3,0,0.0,7.336905380729604,0
V265_150_FLOOR,9.0,2026-06,202606192107,0.2908266003082408,4,0,0.0,8.82094756688449,0
V265_150_FLOOR,9.0,2026-06,202606200903,0.3026971368075434,6,0,0.0,8.964401338299107,0
V265_150_FLOOR,9.0,2026-06,202606201709,0.34603560486712104,3,0,0.0,8.830110752500971,1
V265_150_FLOOR,9.0,2026-06,202606210906,0.32592090520514483,2,1,49680.0,4.964634146341463,1
V265_150_FLOOR,9.0,2026-06,202606240605,0.27940719854374535,2,1,112640.00000000001,11.200000000000001,1
V265_150_FLOOR,9.0,2026-06,202606241207,0.4296469673259614,3,0,0.0,8.919440657922056,1
V265_150_FLOOR,9.0,2026-06,202606241210,0.27895550302314437,2,0,0.0,8.1865889212828,0
V265_150_FLOOR,9.0,2026-06,202606260304,0.34838668584873567,3,0,0.0,8.705698395989252,0
V265_150_FLOOR,9.0,2026-06,202606260410,0.37869440158673384,4,0,0.0,9.602470299015934,0
V265_150_FLOOR,9.0,2026-06,202606260705,0.608092540425627,2,0,0.0,5.211428571428571,1
V265_150_FLOOR,9.0,2026-06,202606261709,0.32243681770399746,3,0,0.0,8.132231404958679,0
V265_150_FLOOR,9.0,2026-06,202606280205,0.26735321536064927,2,0,0.0,4.680851063829787,0
V265_150_FLOOR,9.0,2026-06,202606280508,0.36612085579216147,2,0,0.0,10.065777777777779,0
V265_150_FLOOR,9.0,2026-06,202606281008,0.2747421508693813,2,0,0.0,9.617158671586715,0
V265_150_FLOOR,9.0,2026-06,202606290806,0.32408625365601196,2,0,0.0,10.50532212885154,1
V265_150_FLOOR,9.0,2026-06,202606292011,0.26055307811418316,3,0,0.0,7.658392203428784,0
V265_150_FLOOR,9.0,2026-06,202606302304,0.3603764551907089,2,0,0.0,5.979583333333333,0
V265_150_FLOOR,9.5,2026-04,202604010110,0.32237465859780223,6,0,0.0,9.848742276128478,0
V265_150_FLOOR,9.5,2026-04,202604010206,0.34704012949552776,2,0,0.0,7.370847457627118,0
V265_150_FLOOR,9.5,2026-04,202604010603,0.2724305691891156,3,0,0.0,9.918110550435095,1
V265_150_FLOOR,9.5,2026-04,202604010804,0.3579565862741262,2,0,0.0,7.793823529411765,1
V265_150_FLOOR,9.5,2026-04,202604020108,0.40123097854906364,2,0,0.0,6.069958847736625,0
V265_150_FLOOR,9.5,2026-04,202604022209,0.30066370447381086,2,0,0.0,7.392739273927393,0
V265_150_FLOOR,9.5,2026-04,202604030402,0.4401581638507809,2,0,0.0,7.531353135313531,0
V265_150_FLOOR,9.5,2026-04,202604031806,0.30801796864254627,2,0,0.0,6.532584269662922,0
V265_150_FLOOR,9.5,2026-04,202604042202,0.46679155112387094,2,0,0.0,6.39375,0
V265_150_FLOOR,9.5,2026-04,202604070808,0.3197210867321282,2,0,0.0,5.27688679245283,0
V265_150_FLOOR,9.5,2026-04,202604072403,0.3500721904843996,3,0,0.0,8.455476753349094,0
V265_150_FLOOR,9.5,2026-04,202604081111,0.282134126320437,3,0,0.0,10.499086401731558,0
V265_150_FLOOR,9.5,2026-04,202604082306,0.2698153652282027,2,1,54500.0,5.399537037037037,1
V265_150_FLOOR,9.5,2026-04,202604090703,0.305676970801037,2,0,0.0,7.899683544303797,1
V265_150_FLOOR,9.5,2026-04,202604091506,0.25913057871504697,2,0,0.0,8.8775,0
V265_150_FLOOR,9.5,2026-04,202604121607,0.3024045537661642,3,0,0.0,10.517589971694298,0
V265_150_FLOOR,9.5,2026-04,202604140304,0.2946197367425004,2,0,0.0,4.544623655913979,0
V265_150_FLOOR,9.5,2026-04,202604150307,0.5377838153069647,2,0,0.0,11.3216796875,0
V265_150_FLOOR,9.5,2026-04,202604160906,0.2734821554827516,5,0,0.0,8.09617268360313,1
V265_150_FLOOR,9.5,2026-04,202604170305,0.3411198509722344,2,0,0.0,5.5560538116591935,0
V265_150_FLOOR,9.5,2026-04,202604180305,0.2720549230073839,4,0,0.0,8.137668289111541,1
V265_150_FLOOR,9.5,2026-04,202604181508,0.2718661195936503,2,0,0.0,6.091463414634146,0
V265_150_FLOOR,9.5,2026-04,202604190501,0.2885626325184496,5,0,0.0,10.138638757964086,0
V265_150_FLOOR,9.5,2026-04,202604190703,0.2752296481341026,2,0,0.0,6.153024911032029,0
V265_150_FLOOR,9.5,2026-04,202604191506,0.3056315845944473,2,0,0.0,4.394886363636363,0
V265_150_FLOOR,9.5,2026-04,202604210702,0.2673866285099271,3,0,0.0,8.358417736993513,0
V265_150_FLOOR,9.5,2026-04,202604211109,0.3601058868117655,2,0,0.0,8.955675675675677,0
V265_150_FLOOR,9.5,2026-04,202604220502,0.264066427446498,2,0,0.0,5.148058252427185,0
V265_150_FLOOR,9.5,2026-04,202604221103,0.26787535095246257,3,0,0.0,9.78468682896541,1
V265_150_FLOOR,9.5,2026-04,202604230507,0.28339613038398437,2,1,94320.0,9.416625916870416,1
V265_150_FLOOR,9.5,2026-04,202604231603,0.29943674085412764,4,0,0.0,10.102084453747453,0
V265_150_FLOOR,9.5,2026-04,202604240706,0.34147339061226634,2,0,0.0,4.871794871794871,0
V265_150_FLOOR,9.5,2026-04,202604242010,0.28815861390617115,4,1,98880.0,10.045127816968039,1
V265_150_FLOOR,9.5,2026-04,202604242308,0.422622307185711,3,0,0.0,11.19641356122163,0
V265_150_FLOOR,9.5,2026-04,202604250705,0.26209883466366035,3,0,0.0,10.106550567568778,1
V265_150_FLOOR,9.5,2026-04,202604250708,0.27267769749789683,2,0,0.0,4.786363636363636,1
V265_150_FLOOR,9.5,2026-04,202604250903,0.3216497136373958,4,0,0.0,8.082712670205021,0
V265_150_FLOOR,9.5,2026-04,202604251307,0.3418843683748642,3,0,0.0,8.390553368835379,0
V265_150_FLOOR,9.5,2026-04,202604252307,0.31429084019845915,6,0,0.0,7.584312201481032,1
V265_150_FLOOR,9.5,2026-04,202604260310,0.4282072473785074,2,0,0.0,11.167857142857143,0
V265_150_FLOOR,9.5,2026-04,202604270602,0.2587123355220862,8,0,0.0,9.838661201420619,1
V265_150_FLOOR,9.5,2026-04,202604270606,0.30091215856015424,2,0,0.0,9.115777777777778,1
V265_150_FLOOR,9.5,2026-04,202604271607,0.30746468742416017,3,0,0.0,8.33878914744804,0
V265_150_FLOOR,9.5,2026-04,202604280603,0.4257913769775326,2,0,0.0,4.712,0
V265_150_FLOOR,9.5,2026-04,202604280606,0.2934100701818783,3,1,97500.0,9.792724839563247,1
V265_150_FLOOR,9.5,2026-04,202604281502,0.2800449536243937,4,0,0.0,10.202078259060256,0
V265_150_FLOOR,9.5,2026-04,202604281606,0.2703458159727097,6,0,0.0,7.942489632683681,0
V265_150_FLOOR,9.5,2026-04,202604290306,0.4484681766561571,2,0,0.0,6.274603174603175,0
V265_150_FLOOR,9.5,2026-04,202604291402,0.28081296291722935,3,0,0.0,7.570394379556842,0
V265_150_FLOOR,9.5,2026-05,202605011707,0.2838811097437825,2,0,0.0,10.46689497716895,0
V265_150_FLOOR,9.5,2026-05,202605012009,0.27511469973493785,2,0,0.0,8.080538922155688,0
V265_150_FLOOR,9.5,2026-05,202605020908,0.274714290954804,2,0,0.0,9.885678391959798,0
V265_150_FLOOR,9.5,2026-05,202605021103,0.3068104752313956,2,1,62160.0,6.268235294117647,1
V265_150_FLOOR,9.5,2026-05,202605022307,0.33630409307060355,2,0,0.0,3.5517857142857143,0
V265_150_FLOOR,9.5,2026-05,202605030104,0.2784233693716568,2,0,0.0,6.849097472924187,0
V265_150_FLOOR,9.5,2026-05,202605030105,0.2864821579486016,2,0,0.0,6.595289855072465,0
V265_150_FLOOR,9.5,2026-05,202605030805,0.25965141696697547,2,1,95360.0,9.537439613526569,1
V265_150_FLOOR,9.5,2026-05,202605030811,0.30371342685538905,2,0,0.0,8.817567567567567,0
V265_150_FLOOR,9.5,2026-05,202605031208,0.2642027549565139,2,0,0.0,11.18339552238806,0
V265_150_FLOOR,9.5,2026-05,202605032307,0.3051327060992939,2,0,0.0,7.57125748502994,1
V265_150_FLOOR,9.5,2026-05,202605040202,0.3096735093272526,2,0,0.0,8.46798866855524,0
V265_150_FLOOR,9.5,2026-05,202605040403,0.3473575119951659,2,0,0.0,11.167303609341825,0
V265_150_FLOOR,9.5,2026-05,202605040701,0.27466698060588435,2,1,93100.0,9.398936170212767,1
V265_150_FLOOR,9.5,2026-05,202605040802,0.2678469152020087,3,1,94500.0,9.409169293262185,1
V265_150_FLOOR,9.5,2026-05,202605040805,0.2637378165674796,4,0,0.0,9.485785121669887,1
V265_150_FLOOR,9.5,2026-05,202605041410,0.29886403790075977,4,0,0.0,9.462188739791573,1
V265_150_FLOOR,9.5,2026-05,202605042009,0.28395614168427785,2,0,0.0,8.64406779661017,0
V265_150_FLOOR,9.5,2026-05,202605050202,0.3918981006405124,2,0,0.0,3.988271604938272,0
V265_150_FLOOR,9.5,2026-05,202605050203,0.3108794544562109,2,0,0.0,7.600638977635782,1
V265_150_FLOOR,9.5,2026-05,202605050702,0.26784541248341415,2,0,0.0,8.75390625,1
V265_150_FLOOR,9.5,2026-05,202605050811,0.26211905084711595,2,0,0.0,9.711219512195123,0
V265_150_FLOOR,9.5,2026-05,202605050904,0.2617846350280769,2,0,0.0,11.029759299781182,0
V265_150_FLOOR,9.5,2026-05,202605051303,0.2791592281877297,2,0,0.0,7.892088607594937,0
V265_150_FLOOR,9.5,2026-05,202605051306,0.31139744736742775,2,0,0.0,8.202216066481995,0
V265_150_FLOOR,9.5,2026-05,202605051602,0.4193770093755381,9,0,0.0,9.613257309054974,0
V265_150_FLOOR,9.5,2026-05,202605072406,0.3292638658153312,2,0,0.0,4.800000000000001,1
V265_150_FLOOR,9.5,2026-05,202605091805,0.4406120477581777,2,0,0.0,10.699792960662526,0
V265_150_FLOOR,9.5,2026-05,202605101604,0.27730837884651754,6,0,0.0,10.216309276121821,0
V265_150_FLOOR,9.5,2026-05,202605102010,0.30084518973855817,2,0,0.0,4.623404255319148,0
V265_150_FLOOR,9.5,2026-05,202605111110,0.2697755085304251,4,0,0.0,9.54001658122034,1
V265_150_FLOOR,9.5,2026-05,202605111606,0.3431416340830779,2,1,56950.0,5.721153846153847,1
V265_150_FLOOR,9.5,2026-05,202605112308,0.41885950939577216,2,1,57200.0,5.71551724137931,1
V265_150_FLOOR,9.5,2026-05,202605130406,0.3043573167495788,2,0,0.0,10.961434977578474,1
V265_150_FLOOR,9.5,2026-05,202605130408,0.3294507040220866,2,0,0.0,3.78125,1
V265_150_FLOOR,9.5,2026-05,202605171007,0.3174507753234482,2,0,0.0,7.096830985915493,0
V265_150_FLOOR,9.5,2026-05,202605191406,0.2718096465553448,2,0,0.0,11.379310344827585,1
V265_150_FLOOR,9.5,2026-05,202605191811,0.26143992435645796,2,0,0.0,8.498533724340177,0
V265_150_FLOOR,9.5,2026-05,202605200506,0.26731602126644516,3,0,0.0,9.313918447924165,0
V265_150_FLOOR,9.5,2026-05,202605201505,0.392938737109297,5,0,0.0,9.03212416974068,1
V265_150_FLOOR,9.5,2026-05,202605202002,0.30348484430205747,2,0,0.0,9.913647642679901,0
V265_150_FLOOR,9.5,2026-05,202605211905,0.26287016182024237,3,1,94050.0,9.380257621666642,1
V265_150_FLOOR,9.5,2026-05,202605231808,0.3152664002126307,2,0,0.0,8.795675675675675,1
V265_150_FLOOR,9.5,2026-05,202605242411,0.3059097277605911,4,0,0.0,9.319225011568243,1
V265_150_FLOOR,9.5,2026-05,202605251307,0.3368046939857835,2,0,0.0,4.701492537313433,0
V265_150_FLOOR,9.5,2026-05,202605252408,0.2942172067066334,4,0,0.0,8.205166669534616,1
V265_150_FLOOR,9.5,2026-05,202605261206,0.2762810743423838,2,1,67200.0,6.72,1
V265_150_FLOOR,9.5,2026-05,202605270807,0.3048358442397874,4,0,0.0,8.547603672403627,1
V265_150_FLOOR,9.5,2026-05,202605271204,0.26410630259954015,2,0,0.0,8.764044943820224,0
V265_150_FLOOR,9.5,2026-05,202605280710,0.26732938939754464,4,0,0.0,9.599492483779628,0
V265_150_FLOOR,9.5,2026-05,202605281008,0.315666172278955,3,1,103020.0,10.418279867526808,1
V265_150_FLOOR,9.5,2026-05,202605281810,0.27871551831526964,2,0,0.0,8.917808219178083,0
V265_150_FLOOR,9.5,2026-05,202605291807,0.27562632347677013,2,0,0.0,6.151470588235294,0
V265_150_FLOOR,9.5,2026-05,202605300104,0.3263926233134816,2,0,0.0,6.913636363636364,0
V265_150_FLOOR,9.5,2026-05,202605300507,0.27999095666554075,3,0,0.0,9.423981310001905,0
V265_150_FLOOR,9.5,2026-05,202605301108,0.265708944702467,2,0,0.0,6.776556776556777,1
V265_150_FLOOR,9.5,2026-05,202605312304,0.32308396186684674,3,0,0.0,10.442496868021134,0
V265_150_FLOOR,9.5,2026-06,202606010506,0.4413777115040715,2,0,0.0,3.788235294117647,0
V265_150_FLOOR,9.5,2026-06,202606010803,0.3971699898196419,4,0,0.0,7.4520744638975,0
V265_150_FLOOR,9.5,2026-06,202606010809,0.2838867915030514,15,0,0.0,9.47969256120926,0
V265_150_FLOOR,9.5,2026-06,202606012402,0.39556981611653297,2,0,0.0,7.068131868131867,0
V265_150_FLOOR,9.5,2026-06,202606020906,0.33751046021860165,2,0,0.0,5.71551724137931,0
V265_150_FLOOR,9.5,2026-06,202606021007,0.3517489957184822,3,1,90420.0,8.911720981940872,1
V265_150_FLOOR,9.5,2026-06,202606022307,0.48162235876506365,2,0,0.0,6.739436619718309,0
V265_150_FLOOR,9.5,2026-06,202606032109,0.2857027321218678,2,0,0.0,8.772164948453609,0
V265_150_FLOOR,9.5,2026-06,202606040305,0.2867966990725239,2,0,0.0,8.526,1
V265_150_FLOOR,9.5,2026-06,202606040506,0.5042634433119151,2,1,50960.00000000001,5.092156862745099,1
V265_150_FLOOR,9.5,2026-06,202606040907,0.2984146129118725,4,0,0.0,9.519144332270708,0
V265_150_FLOOR,9.5,2026-06,202606050305,0.39129459073175993,4,0,0.0,9.714369505505465,0
V265_150_FLOOR,9.5,2026-06,202606060702,0.2982963086338197,3,0,0.0,8.3017138063279,1
V265_150_FLOOR,9.5,2026-06,202606060802,0.37926822363395585,8,0,0.0,9.650282675147139,0
V265_150_FLOOR,9.5,2026-06,202606061506,0.2622481955649939,2,0,0.0,8.863259668508288,0
V265_150_FLOOR,9.5,2026-06,202606071005,0.36554220186403585,2,0,0.0,4.4224719101123595,0
V265_150_FLOOR,9.5,2026-06,202606080510,0.3473214018467049,2,0,0.0,8.84047619047619,0
V265_150_FLOOR,9.5,2026-06,202606080910,0.4796071248367799,2,0,0.0,8.3,1
V265_150_FLOOR,9.5,2026-06,202606100903,0.2709043874583267,3,0,0.0,10.074807707987933,1
V265_150_FLOOR,9.5,2026-06,202606121108,0.287681147053555,2,0,0.0,7.666478873239437,0
V265_150_FLOOR,9.5,2026-06,202606121901,0.33655024192655186,4,0,0.0,10.025417191532664,0
V265_150_FLOOR,9.5,2026-06,202606122306,0.321640018946533,4,1,76400.0,7.5948803875220126,1
V265_150_FLOOR,9.5,2026-06,202606130609,0.3353942582194719,2,0,0.0,9.481558441558441,0
V265_150_FLOOR,9.5,2026-06,202606130702,0.316649932016858,5,0,0.0,9.108560379105606,1
V265_150_FLOOR,9.5,2026-06,202606132204,0.3020271302719198,4,0,0.0,9.23930839836868,1
V265_150_FLOOR,9.5,2026-06,202606150310,0.5010683029338686,2,0,0.0,9.859756097560977,0
V265_150_FLOOR,9.5,2026-06,202606151208,0.3339176233995096,2,0,0.0,6.481159420289856,0
V265_150_FLOOR,9.5,2026-06,202606180205,0.344567209861946,2,0,0.0,4.699530516431925,0
V265_150_FLOOR,9.5,2026-06,202606190903,0.30173134405047913,3,0,0.0,7.336905380729604,0
V265_150_FLOOR,9.5,2026-06,202606192107,0.2908266003082408,4,0,0.0,8.82094756688449,0
V265_150_FLOOR,9.5,2026-06,202606200903,0.3026971368075434,6,0,0.0,8.964401338299107,0
V265_150_FLOOR,9.5,2026-06,202606201709,0.34603560486712104,3,0,0.0,8.830110752500971,1
V265_150_FLOOR,9.5,2026-06,202606210906,0.32592090520514483,2,1,49680.0,4.964634146341463,1
V265_150_FLOOR,9.5,2026-06,202606240605,0.27940719854374535,2,1,112640.00000000001,11.200000000000001,1
V265_150_FLOOR,9.5,2026-06,202606241207,0.4296469673259614,3,0,0.0,8.919440657922056,1
V265_150_FLOOR,9.5,2026-06,202606241210,0.27895550302314437,2,0,0.0,8.1865889212828,0
V265_150_FLOOR,9.5,2026-06,202606260304,0.34838668584873567,3,0,0.0,8.705698395989252,0
V265_150_FLOOR,9.5,2026-06,202606260410,0.37869440158673384,4,0,0.0,9.602470299015934,0
V265_150_FLOOR,9.5,2026-06,202606260705,0.608092540425627,2,0,0.0,5.211428571428571,1
V265_150_FLOOR,9.5,2026-06,202606261709,0.32243681770399746,3,0,0.0,8.132231404958679,0
V265_150_FLOOR,9.5,2026-06,202606280205,0.26735321536064927,2,0,0.0,4.680851063829787,0
V265_150_FLOOR,9.5,2026-06,202606280508,0.36612085579216147,2,0,0.0,10.065777777777779,0
V265_150_FLOOR,9.5,2026-06,202606281008,0.2747421508693813,2,0,0.0,9.617158671586715,0
V265_150_FLOOR,9.5,2026-06,202606290806,0.32408625365601196,2,0,0.0,10.50532212885154,1
V265_150_FLOOR,9.5,2026-06,202606292011,0.26055307811418316,2,0,0.0,10.499787685774947,0
V265_150_FLOOR,9.5,2026-06,202606302304,0.3603764551907089,2,0,0.0,5.979583333333333,0
V265_150_FLOOR,10.0,2026-04,202604010110,0.32237465859780223,6,0,0.0,9.848742276128478,0
V265_150_FLOOR,10.0,2026-04,202604010206,0.34704012949552776,2,0,0.0,7.370847457627118,0
V265_150_FLOOR,10.0,2026-04,202604010603,0.2724305691891156,3,0,0.0,9.918110550435095,1
V265_150_FLOOR,10.0,2026-04,202604010804,0.3579565862741262,2,0,0.0,7.793823529411765,1
V265_150_FLOOR,10.0,2026-04,202604020108,0.40123097854906364,2,0,0.0,6.069958847736625,0
V265_150_FLOOR,10.0,2026-04,202604022209,0.30066370447381086,2,0,0.0,7.392739273927393,0
V265_150_FLOOR,10.0,2026-04,202604030402,0.4401581638507809,2,0,0.0,7.531353135313531,0
V265_150_FLOOR,10.0,2026-04,202604031806,0.30801796864254627,2,0,0.0,6.532584269662922,0
V265_150_FLOOR,10.0,2026-04,202604042202,0.46679155112387094,2,0,0.0,6.39375,0
V265_150_FLOOR,10.0,2026-04,202604070808,0.3197210867321282,2,0,0.0,5.27688679245283,0
V265_150_FLOOR,10.0,2026-04,202604072403,0.3500721904843996,3,0,0.0,8.455476753349094,0
V265_150_FLOOR,10.0,2026-04,202604081111,0.282134126320437,3,0,0.0,10.499086401731558,0
V265_150_FLOOR,10.0,2026-04,202604082306,0.2698153652282027,2,1,54500.0,5.399537037037037,1
V265_150_FLOOR,10.0,2026-04,202604090703,0.305676970801037,2,0,0.0,7.899683544303797,1
V265_150_FLOOR,10.0,2026-04,202604091506,0.25913057871504697,2,0,0.0,8.8775,0
V265_150_FLOOR,10.0,2026-04,202604121607,0.3024045537661642,3,0,0.0,10.517589971694298,0
V265_150_FLOOR,10.0,2026-04,202604140304,0.2946197367425004,2,0,0.0,4.544623655913979,0
V265_150_FLOOR,10.0,2026-04,202604150307,0.5377838153069647,2,0,0.0,11.3216796875,0
V265_150_FLOOR,10.0,2026-04,202604160906,0.2734821554827516,4,0,0.0,11.439806100935694,1
V265_150_FLOOR,10.0,2026-04,202604170305,0.3411198509722344,2,0,0.0,5.5560538116591935,0
V265_150_FLOOR,10.0,2026-04,202604180305,0.2720549230073839,3,0,0.0,11.166697674418606,1
V265_150_FLOOR,10.0,2026-04,202604181508,0.2718661195936503,2,0,0.0,6.091463414634146,0
V265_150_FLOOR,10.0,2026-04,202604190501,0.2885626325184496,5,0,0.0,10.138638757964086,0
V265_150_FLOOR,10.0,2026-04,202604190703,0.2752296481341026,2,0,0.0,6.153024911032029,0
V265_150_FLOOR,10.0,2026-04,202604191506,0.3056315845944473,2,0,0.0,4.394886363636363,0
V265_150_FLOOR,10.0,2026-04,202604210702,0.2673866285099271,3,0,0.0,8.358417736993513,0
V265_150_FLOOR,10.0,2026-04,202604211109,0.3601058868117655,2,0,0.0,8.955675675675677,0
V265_150_FLOOR,10.0,2026-04,202604220502,0.264066427446498,2,0,0.0,5.148058252427185,0
V265_150_FLOOR,10.0,2026-04,202604221103,0.26787535095246257,3,0,0.0,9.78468682896541,1
V265_150_FLOOR,10.0,2026-04,202604230507,0.28339613038398437,2,1,94320.0,9.416625916870416,1
V265_150_FLOOR,10.0,2026-04,202604231603,0.29943674085412764,4,0,0.0,10.102084453747453,0
V265_150_FLOOR,10.0,2026-04,202604240706,0.34147339061226634,2,0,0.0,4.871794871794871,0
V265_150_FLOOR,10.0,2026-04,202604242010,0.28815861390617115,4,1,98880.0,10.045127816968039,1
V265_150_FLOOR,10.0,2026-04,202604242308,0.422622307185711,3,0,0.0,11.19641356122163,0
V265_150_FLOOR,10.0,2026-04,202604250705,0.26209883466366035,3,0,0.0,10.106550567568778,1
V265_150_FLOOR,10.0,2026-04,202604250708,0.27267769749789683,2,0,0.0,4.786363636363636,1
V265_150_FLOOR,10.0,2026-04,202604250903,0.3216497136373958,4,0,0.0,8.082712670205021,0
V265_150_FLOOR,10.0,2026-04,202604251307,0.3418843683748642,3,0,0.0,8.390553368835379,0
V265_150_FLOOR,10.0,2026-04,202604252307,0.31429084019845915,5,0,0.0,12.037949705488371,1
V265_150_FLOOR,10.0,2026-04,202604260310,0.4282072473785074,2,0,0.0,11.167857142857143,0
V265_150_FLOOR,10.0,2026-04,202604270602,0.2587123355220862,8,0,0.0,9.838661201420619,1
V265_150_FLOOR,10.0,2026-04,202604270606,0.30091215856015424,2,0,0.0,9.115777777777778,1
V265_150_FLOOR,10.0,2026-04,202604271607,0.30746468742416017,2,0,0.0,11.490719696969697,0
V265_150_FLOOR,10.0,2026-04,202604280603,0.4257913769775326,2,0,0.0,4.712,0
V265_150_FLOOR,10.0,2026-04,202604280606,0.2934100701818783,3,1,97500.0,9.792724839563247,1
V265_150_FLOOR,10.0,2026-04,202604281502,0.2800449536243937,4,0,0.0,10.202078259060256,0
V265_150_FLOOR,10.0,2026-04,202604281606,0.2703458159727097,5,0,0.0,11.684628310978349,0
V265_150_FLOOR,10.0,2026-04,202604290306,0.4484681766561571,2,0,0.0,6.274603174603175,0
V265_150_FLOOR,10.0,2026-04,202604291402,0.28081296291722935,3,0,0.0,7.570394379556842,0
V265_150_FLOOR,10.0,2026-05,202605011707,0.2838811097437825,2,0,0.0,10.46689497716895,0
V265_150_FLOOR,10.0,2026-05,202605012009,0.27511469973493785,2,0,0.0,8.080538922155688,0
V265_150_FLOOR,10.0,2026-05,202605020908,0.274714290954804,2,0,0.0,9.885678391959798,0
V265_150_FLOOR,10.0,2026-05,202605021103,0.3068104752313956,2,1,62160.0,6.268235294117647,1
V265_150_FLOOR,10.0,2026-05,202605022307,0.33630409307060355,2,0,0.0,3.5517857142857143,0
V265_150_FLOOR,10.0,2026-05,202605030104,0.2784233693716568,2,0,0.0,6.849097472924187,0
V265_150_FLOOR,10.0,2026-05,202605030105,0.2864821579486016,2,0,0.0,6.595289855072465,0
V265_150_FLOOR,10.0,2026-05,202605030805,0.25965141696697547,2,1,95360.0,9.537439613526569,1
V265_150_FLOOR,10.0,2026-05,202605030811,0.30371342685538905,2,0,0.0,8.817567567567567,0
V265_150_FLOOR,10.0,2026-05,202605031208,0.2642027549565139,2,0,0.0,11.18339552238806,0
V265_150_FLOOR,10.0,2026-05,202605032307,0.3051327060992939,2,0,0.0,7.57125748502994,1
V265_150_FLOOR,10.0,2026-05,202605040202,0.3096735093272526,2,0,0.0,8.46798866855524,0
V265_150_FLOOR,10.0,2026-05,202605040403,0.3473575119951659,2,0,0.0,11.167303609341825,0
V265_150_FLOOR,10.0,2026-05,202605040701,0.27466698060588435,2,1,93100.0,9.398936170212767,1
V265_150_FLOOR,10.0,2026-05,202605040802,0.2678469152020087,3,1,94500.0,9.409169293262185,1
V265_150_FLOOR,10.0,2026-05,202605040805,0.2637378165674796,3,0,0.0,10.065127582017011,1
V265_150_FLOOR,10.0,2026-05,202605041410,0.29886403790075977,3,0,0.0,10.293215606777,1
V265_150_FLOOR,10.0,2026-05,202605042009,0.28395614168427785,2,0,0.0,8.64406779661017,0
V265_150_FLOOR,10.0,2026-05,202605050202,0.3918981006405124,2,0,0.0,3.988271604938272,0
V265_150_FLOOR,10.0,2026-05,202605050203,0.3108794544562109,2,0,0.0,7.600638977635782,1
V265_150_FLOOR,10.0,2026-05,202605050702,0.26784541248341415,2,0,0.0,8.75390625,1
V265_150_FLOOR,10.0,2026-05,202605050811,0.26211905084711595,2,0,0.0,9.711219512195123,0
V265_150_FLOOR,10.0,2026-05,202605050904,0.2617846350280769,2,0,0.0,11.029759299781182,0
V265_150_FLOOR,10.0,2026-05,202605051303,0.2791592281877297,2,0,0.0,7.892088607594937,0
V265_150_FLOOR,10.0,2026-05,202605051306,0.31139744736742775,2,0,0.0,8.202216066481995,0
V265_150_FLOOR,10.0,2026-05,202605051602,0.4193770093755381,8,0,0.0,9.975828995265243,0
V265_150_FLOOR,10.0,2026-05,202605072406,0.3292638658153312,2,0,0.0,4.800000000000001,1
V265_150_FLOOR,10.0,2026-05,202605091805,0.4406120477581777,2,0,0.0,10.699792960662526,0
V265_150_FLOOR,10.0,2026-05,202605101604,0.27730837884651754,6,0,0.0,10.216309276121821,0
V265_150_FLOOR,10.0,2026-05,202605102010,0.30084518973855817,2,0,0.0,4.623404255319148,0
V265_150_FLOOR,10.0,2026-05,202605111110,0.2697755085304251,4,0,0.0,9.54001658122034,1
V265_150_FLOOR,10.0,2026-05,202605111606,0.3431416340830779,2,1,56950.0,5.721153846153847,1
V265_150_FLOOR,10.0,2026-05,202605112308,0.41885950939577216,2,1,57200.0,5.71551724137931,1
V265_150_FLOOR,10.0,2026-05,202605130406,0.3043573167495788,2,0,0.0,10.961434977578474,1
V265_150_FLOOR,10.0,2026-05,202605130408,0.3294507040220866,2,0,0.0,3.78125,1
V265_150_FLOOR,10.0,2026-05,202605171007,0.3174507753234482,2,0,0.0,7.096830985915493,0
V265_150_FLOOR,10.0,2026-05,202605191406,0.2718096465553448,2,0,0.0,11.379310344827585,1
V265_150_FLOOR,10.0,2026-05,202605191811,0.26143992435645796,2,0,0.0,8.498533724340177,0
V265_150_FLOOR,10.0,2026-05,202605200506,0.26731602126644516,3,0,0.0,9.313918447924165,0
V265_150_FLOOR,10.0,2026-05,202605201505,0.392938737109297,5,0,0.0,9.03212416974068,1
V265_150_FLOOR,10.0,2026-05,202605202002,0.30348484430205747,2,0,0.0,9.913647642679901,0
V265_150_FLOOR,10.0,2026-05,202605211905,0.26287016182024237,2,1,100650.0,10.063829787234042,1
V265_150_FLOOR,10.0,2026-05,202605231808,0.3152664002126307,2,0,0.0,8.795675675675675,1
V265_150_FLOOR,10.0,2026-05,202605242411,0.3059097277605911,4,0,0.0,9.319225011568243,1
V265_150_FLOOR,10.0,2026-05,202605251307,0.3368046939857835,2,0,0.0,4.701492537313433,0
V265_150_FLOOR,10.0,2026-05,202605252408,0.2942172067066334,3,0,0.0,11.381637039701172,1
V265_150_FLOOR,10.0,2026-05,202605261206,0.2762810743423838,2,1,67200.0,6.72,1
V265_150_FLOOR,10.0,2026-05,202605270807,0.3048358442397874,4,0,0.0,8.547603672403627,1
V265_150_FLOOR,10.0,2026-05,202605271204,0.26410630259954015,2,0,0.0,8.764044943820224,0
V265_150_FLOOR,10.0,2026-05,202605280710,0.26732938939754464,4,0,0.0,9.599492483779628,0
V265_150_FLOOR,10.0,2026-05,202605281008,0.315666172278955,3,1,103020.0,10.418279867526808,1
V265_150_FLOOR,10.0,2026-05,202605281810,0.27871551831526964,2,0,0.0,8.917808219178083,0
V265_150_FLOOR,10.0,2026-05,202605291807,0.27562632347677013,2,0,0.0,6.151470588235294,0
V265_150_FLOOR,10.0,2026-05,202605300104,0.3263926233134816,2,0,0.0,6.913636363636364,0
V265_150_FLOOR,10.0,2026-05,202605300507,0.27999095666554075,3,0,0.0,9.423981310001905,0
V265_150_FLOOR,10.0,2026-05,202605301108,0.265708944702467,2,0,0.0,6.776556776556777,1
V265_150_FLOOR,10.0,2026-05,202605312304,0.32308396186684674,3,0,0.0,10.442496868021134,0
V265_150_FLOOR,10.0,2026-06,202606010506,0.4413777115040715,2,0,0.0,3.788235294117647,0
V265_150_FLOOR,10.0,2026-06,202606010803,0.3971699898196419,4,0,0.0,7.4520744638975,0
V265_150_FLOOR,10.0,2026-06,202606010809,0.2838867915030514,13,0,0.0,9.907348037485985,0
V265_150_FLOOR,10.0,2026-06,202606012402,0.39556981611653297,2,0,0.0,7.068131868131867,0
V265_150_FLOOR,10.0,2026-06,202606020906,0.33751046021860165,2,0,0.0,5.71551724137931,0
V265_150_FLOOR,10.0,2026-06,202606021007,0.3517489957184822,3,1,90420.0,8.911720981940872,1
V265_150_FLOOR,10.0,2026-06,202606022307,0.48162235876506365,2,0,0.0,6.739436619718309,0
V265_150_FLOOR,10.0,2026-06,202606032109,0.2857027321218678,2,0,0.0,8.772164948453609,0
V265_150_FLOOR,10.0,2026-06,202606040305,0.2867966990725239,2,0,0.0,8.526,1
V265_150_FLOOR,10.0,2026-06,202606040506,0.5042634433119151,2,1,50960.00000000001,5.092156862745099,1
V265_150_FLOOR,10.0,2026-06,202606040907,0.2984146129118725,4,0,0.0,9.519144332270708,0
V265_150_FLOOR,10.0,2026-06,202606050305,0.39129459073175993,4,0,0.0,9.714369505505465,0
V265_150_FLOOR,10.0,2026-06,202606060702,0.2982963086338197,3,0,0.0,8.3017138063279,1
V265_150_FLOOR,10.0,2026-06,202606060802,0.37926822363395585,8,0,0.0,9.650282675147139,0
V265_150_FLOOR,10.0,2026-06,202606061506,0.2622481955649939,2,0,0.0,8.863259668508288,0
V265_150_FLOOR,10.0,2026-06,202606071005,0.36554220186403585,2,0,0.0,4.4224719101123595,0
V265_150_FLOOR,10.0,2026-06,202606080510,0.3473214018467049,2,0,0.0,8.84047619047619,0
V265_150_FLOOR,10.0,2026-06,202606080910,0.4796071248367799,2,0,0.0,8.3,1
V265_150_FLOOR,10.0,2026-06,202606100903,0.2709043874583267,3,0,0.0,10.074807707987933,1
V265_150_FLOOR,10.0,2026-06,202606121108,0.287681147053555,2,0,0.0,7.666478873239437,0
V265_150_FLOOR,10.0,2026-06,202606121901,0.33655024192655186,4,0,0.0,10.025417191532664,0
V265_150_FLOOR,10.0,2026-06,202606122306,0.321640018946533,4,1,76400.0,7.5948803875220126,1
V265_150_FLOOR,10.0,2026-06,202606130609,0.3353942582194719,2,0,0.0,9.481558441558441,0
V265_150_FLOOR,10.0,2026-06,202606130702,0.316649932016858,5,0,0.0,9.108560379105606,1
V265_150_FLOOR,10.0,2026-06,202606132204,0.3020271302719198,4,0,0.0,9.23930839836868,1
V265_150_FLOOR,10.0,2026-06,202606150310,0.5010683029338686,2,0,0.0,9.859756097560977,0
V265_150_FLOOR,10.0,2026-06,202606151208,0.3339176233995096,2,0,0.0,6.481159420289856,0
V265_150_FLOOR,10.0,2026-06,202606180205,0.344567209861946,2,0,0.0,4.699530516431925,0
V265_150_FLOOR,10.0,2026-06,202606190903,0.30173134405047913,2,0,0.0,11.726513569937369,0
V265_150_FLOOR,10.0,2026-06,202606192107,0.2908266003082408,4,0,0.0,8.82094756688449,0
V265_150_FLOOR,10.0,2026-06,202606200903,0.3026971368075434,5,0,0.0,10.760744603129428,0
V265_150_FLOOR,10.0,2026-06,202606201709,0.34603560486712104,3,0,0.0,8.830110752500971,1
V265_150_FLOOR,10.0,2026-06,202606210906,0.32592090520514483,2,1,49680.0,4.964634146341463,1
V265_150_FLOOR,10.0,2026-06,202606240605,0.27940719854374535,2,1,112640.00000000001,11.200000000000001,1
V265_150_FLOOR,10.0,2026-06,202606241207,0.4296469673259614,3,0,0.0,8.919440657922056,1
V265_150_FLOOR,10.0,2026-06,202606241210,0.27895550302314437,2,0,0.0,8.1865889212828,0
V265_150_FLOOR,10.0,2026-06,202606260304,0.34838668584873567,3,0,0.0,8.705698395989252,0
V265_150_FLOOR,10.0,2026-06,202606260410,0.37869440158673384,4,0,0.0,9.602470299015934,0
V265_150_FLOOR,10.0,2026-06,202606260705,0.608092540425627,2,0,0.0,5.211428571428571,1
V265_150_FLOOR,10.0,2026-06,202606261709,0.32243681770399746,3,0,0.0,8.132231404958679,0
V265_150_FLOOR,10.0,2026-06,202606280205,0.26735321536064927,2,0,0.0,4.680851063829787,0
V265_150_FLOOR,10.0,2026-06,202606280508,0.36612085579216147,2,0,0.0,10.065777777777779,0
V265_150_FLOOR,10.0,2026-06,202606281008,0.2747421508693813,2,0,0.0,9.617158671586715,0
V265_150_FLOOR,10.0,2026-06,202606290806,0.32408625365601196,2,0,0.0,10.50532212885154,1
V265_150_FLOOR,10.0,2026-06,202606292011,0.26055307811418316,2,0,0.0,10.499787685774947,0
V265_150_FLOOR,10.0,2026-06,202606302304,0.3603764551907089,2,0,0.0,5.979583333333333,0
V265_150_FLOOR,10.5,2026-04,202604010110,0.32237465859780223,5,0,0.0,10.610995837755981,0
V265_150_FLOOR,10.5,2026-04,202604010206,0.34704012949552776,2,0,0.0,7.370847457627118,0
V265_150_FLOOR,10.5,2026-04,202604010603,0.2724305691891156,3,0,0.0,9.918110550435095,1
V265_150_FLOOR,10.5,2026-04,202604010804,0.3579565862741262,2,0,0.0,7.793823529411765,1
V265_150_FLOOR,10.5,2026-04,202604020108,0.40123097854906364,2,0,0.0,6.069958847736625,0
V265_150_FLOOR,10.5,2026-04,202604022209,0.30066370447381086,2,0,0.0,7.392739273927393,0
V265_150_FLOOR,10.5,2026-04,202604030402,0.4401581638507809,2,0,0.0,7.531353135313531,0
V265_150_FLOOR,10.5,2026-04,202604031806,0.30801796864254627,2,0,0.0,6.532584269662922,0
V265_150_FLOOR,10.5,2026-04,202604042202,0.46679155112387094,2,0,0.0,6.39375,0
V265_150_FLOOR,10.5,2026-04,202604070808,0.3197210867321282,2,0,0.0,5.27688679245283,0
V265_150_FLOOR,10.5,2026-04,202604072403,0.3500721904843996,3,0,0.0,8.455476753349094,0
V265_150_FLOOR,10.5,2026-04,202604081111,0.282134126320437,3,0,0.0,10.499086401731558,0
V265_150_FLOOR,10.5,2026-04,202604082306,0.2698153652282027,2,1,54500.0,5.399537037037037,1
V265_150_FLOOR,10.5,2026-04,202604090703,0.305676970801037,2,0,0.0,7.899683544303797,1
V265_150_FLOOR,10.5,2026-04,202604091506,0.25913057871504697,2,0,0.0,8.8775,0
V265_150_FLOOR,10.5,2026-04,202604121607,0.3024045537661642,3,0,0.0,10.517589971694298,0
V265_150_FLOOR,10.5,2026-04,202604140304,0.2946197367425004,2,0,0.0,4.544623655913979,0
V265_150_FLOOR,10.5,2026-04,202604150307,0.5377838153069647,2,0,0.0,11.3216796875,0
V265_150_FLOOR,10.5,2026-04,202604160906,0.2734821554827516,4,0,0.0,11.439806100935694,1
V265_150_FLOOR,10.5,2026-04,202604170305,0.3411198509722344,2,0,0.0,5.5560538116591935,0
V265_150_FLOOR,10.5,2026-04,202604180305,0.2720549230073839,3,0,0.0,11.166697674418606,1
V265_150_FLOOR,10.5,2026-04,202604181508,0.2718661195936503,2,0,0.0,6.091463414634146,0
V265_150_FLOOR,10.5,2026-04,202604190501,0.2885626325184496,5,0,0.0,10.138638757964086,0
V265_150_FLOOR,10.5,2026-04,202604190703,0.2752296481341026,2,0,0.0,6.153024911032029,0
V265_150_FLOOR,10.5,2026-04,202604191506,0.3056315845944473,2,0,0.0,4.394886363636363,0
V265_150_FLOOR,10.5,2026-04,202604210702,0.2673866285099271,3,0,0.0,8.358417736993513,0
V265_150_FLOOR,10.5,2026-04,202604211109,0.3601058868117655,2,0,0.0,8.955675675675677,0
V265_150_FLOOR,10.5,2026-04,202604220502,0.264066427446498,2,0,0.0,5.148058252427185,0
V265_150_FLOOR,10.5,2026-04,202604221103,0.26787535095246257,2,0,0.0,11.13095238095238,1
V265_150_FLOOR,10.5,2026-04,202604230507,0.28339613038398437,2,1,94320.0,9.416625916870416,1
V265_150_FLOOR,10.5,2026-04,202604231603,0.29943674085412764,4,0,0.0,10.102084453747453,0
V265_150_FLOOR,10.5,2026-04,202604240706,0.34147339061226634,2,0,0.0,4.871794871794871,0
V265_150_FLOOR,10.5,2026-04,202604242010,0.28815861390617115,4,1,98880.0,10.045127816968039,1
V265_150_FLOOR,10.5,2026-04,202604242308,0.422622307185711,3,0,0.0,11.19641356122163,0
V265_150_FLOOR,10.5,2026-04,202604250705,0.26209883466366035,3,0,0.0,10.106550567568778,1
V265_150_FLOOR,10.5,2026-04,202604250708,0.27267769749789683,2,0,0.0,4.786363636363636,1
V265_150_FLOOR,10.5,2026-04,202604250903,0.3216497136373958,3,0,0.0,12.136139451790095,0
V265_150_FLOOR,10.5,2026-04,202604251307,0.3418843683748642,3,0,0.0,8.390553368835379,0
V265_150_FLOOR,10.5,2026-04,202604252307,0.31429084019845915,5,0,0.0,12.037949705488371,1
V265_150_FLOOR,10.5,2026-04,202604260310,0.4282072473785074,2,0,0.0,11.167857142857143,0
V265_150_FLOOR,10.5,2026-04,202604270602,0.2587123355220862,7,0,0.0,10.926765939317,1
V265_150_FLOOR,10.5,2026-04,202604270606,0.30091215856015424,2,0,0.0,9.115777777777778,1
V265_150_FLOOR,10.5,2026-04,202604271607,0.30746468742416017,2,0,0.0,11.490719696969697,0
V265_150_FLOOR,10.5,2026-04,202604280603,0.4257913769775326,2,0,0.0,4.712,0
V265_150_FLOOR,10.5,2026-04,202604280606,0.2934100701818783,3,1,97500.0,9.792724839563247,1
V265_150_FLOOR,10.5,2026-04,202604281502,0.2800449536243937,4,0,0.0,10.202078259060256,0
V265_150_FLOOR,10.5,2026-04,202604281606,0.2703458159727097,5,0,0.0,11.684628310978349,0
V265_150_FLOOR,10.5,2026-04,202604290306,0.4484681766561571,2,0,0.0,6.274603174603175,0
V265_150_FLOOR,10.5,2026-04,202604291402,0.28081296291722935,3,0,0.0,7.570394379556842,0
V265_150_FLOOR,10.5,2026-05,202605011707,0.2838811097437825,2,0,0.0,10.46689497716895,0
V265_150_FLOOR,10.5,2026-05,202605012009,0.27511469973493785,2,0,0.0,8.080538922155688,0
V265_150_FLOOR,10.5,2026-05,202605020908,0.274714290954804,2,0,0.0,9.885678391959798,0
V265_150_FLOOR,10.5,2026-05,202605021103,0.3068104752313956,2,1,62160.0,6.268235294117647,1
V265_150_FLOOR,10.5,2026-05,202605022307,0.33630409307060355,2,0,0.0,3.5517857142857143,0
V265_150_FLOOR,10.5,2026-05,202605030104,0.2784233693716568,2,0,0.0,6.849097472924187,0
V265_150_FLOOR,10.5,2026-05,202605030105,0.2864821579486016,2,0,0.0,6.595289855072465,0
V265_150_FLOOR,10.5,2026-05,202605030805,0.25965141696697547,2,1,95360.0,9.537439613526569,1
V265_150_FLOOR,10.5,2026-05,202605030811,0.30371342685538905,2,0,0.0,8.817567567567567,0
V265_150_FLOOR,10.5,2026-05,202605031208,0.2642027549565139,2,0,0.0,11.18339552238806,0
V265_150_FLOOR,10.5,2026-05,202605032307,0.3051327060992939,2,0,0.0,7.57125748502994,1
V265_150_FLOOR,10.5,2026-05,202605040202,0.3096735093272526,2,0,0.0,8.46798866855524,0
V265_150_FLOOR,10.5,2026-05,202605040403,0.3473575119951659,2,0,0.0,11.167303609341825,0
V265_150_FLOOR,10.5,2026-05,202605040701,0.27466698060588435,2,1,93100.0,9.398936170212767,1
V265_150_FLOOR,10.5,2026-05,202605040802,0.2678469152020087,2,1,113399.99999999999,11.363924050632912,1
V265_150_FLOOR,10.5,2026-05,202605040805,0.2637378165674796,3,0,0.0,10.065127582017011,1
V265_150_FLOOR,10.5,2026-05,202605041410,0.29886403790075977,3,0,0.0,10.293215606777,1
V265_150_FLOOR,10.5,2026-05,202605042009,0.28395614168427785,2,0,0.0,8.64406779661017,0
V265_150_FLOOR,10.5,2026-05,202605050202,0.3918981006405124,2,0,0.0,3.988271604938272,0
V265_150_FLOOR,10.5,2026-05,202605050203,0.3108794544562109,2,0,0.0,7.600638977635782,1
V265_150_FLOOR,10.5,2026-05,202605050702,0.26784541248341415,2,0,0.0,8.75390625,1
V265_150_FLOOR,10.5,2026-05,202605050811,0.26211905084711595,2,0,0.0,9.711219512195123,0
V265_150_FLOOR,10.5,2026-05,202605050904,0.2617846350280769,2,0,0.0,11.029759299781182,0
V265_150_FLOOR,10.5,2026-05,202605051303,0.2791592281877297,2,0,0.0,7.892088607594937,0
V265_150_FLOOR,10.5,2026-05,202605051306,0.31139744736742775,2,0,0.0,8.202216066481995,0
V265_150_FLOOR,10.5,2026-05,202605051602,0.4193770093755381,8,0,0.0,9.975828995265243,0
V265_150_FLOOR,10.5,2026-05,202605072406,0.3292638658153312,2,0,0.0,4.800000000000001,1
V265_150_FLOOR,10.5,2026-05,202605091805,0.4406120477581777,2,0,0.0,10.699792960662526,0
V265_150_FLOOR,10.5,2026-05,202605101604,0.27730837884651754,6,0,0.0,10.216309276121821,0
V265_150_FLOOR,10.5,2026-05,202605102010,0.30084518973855817,2,0,0.0,4.623404255319148,0
V265_150_FLOOR,10.5,2026-05,202605111110,0.2697755085304251,3,0,0.0,10.639725795870897,1
V265_150_FLOOR,10.5,2026-05,202605111606,0.3431416340830779,2,1,56950.0,5.721153846153847,1
V265_150_FLOOR,10.5,2026-05,202605112308,0.41885950939577216,2,1,57200.0,5.71551724137931,1
V265_150_FLOOR,10.5,2026-05,202605130406,0.3043573167495788,2,0,0.0,10.961434977578474,1
V265_150_FLOOR,10.5,2026-05,202605130408,0.3294507040220866,2,0,0.0,3.78125,1
V265_150_FLOOR,10.5,2026-05,202605171007,0.3174507753234482,2,0,0.0,7.096830985915493,0
V265_150_FLOOR,10.5,2026-05,202605191406,0.2718096465553448,2,0,0.0,11.379310344827585,1
V265_150_FLOOR,10.5,2026-05,202605191811,0.26143992435645796,2,0,0.0,8.498533724340177,0
V265_150_FLOOR,10.5,2026-05,202605200506,0.26731602126644516,3,0,0.0,9.313918447924165,0
V265_150_FLOOR,10.5,2026-05,202605201505,0.392938737109297,4,0,0.0,11.33221305603408,1
V265_150_FLOOR,10.5,2026-05,202605202002,0.30348484430205747,2,0,0.0,9.913647642679901,0
V265_150_FLOOR,10.5,2026-05,202605211905,0.26287016182024237,2,1,100650.0,10.063829787234042,1
V265_150_FLOOR,10.5,2026-05,202605231808,0.3152664002126307,2,0,0.0,8.795675675675675,1
V265_150_FLOOR,10.5,2026-05,202605242411,0.3059097277605911,3,0,0.0,11.611890746172701,1
V265_150_FLOOR,10.5,2026-05,202605251307,0.3368046939857835,2,0,0.0,4.701492537313433,0
V265_150_FLOOR,10.5,2026-05,202605252408,0.2942172067066334,3,0,0.0,11.381637039701172,1
V265_150_FLOOR,10.5,2026-05,202605261206,0.2762810743423838,2,1,67200.0,6.72,1
V265_150_FLOOR,10.5,2026-05,202605270807,0.3048358442397874,3,0,0.0,12.03462861208839,1
V265_150_FLOOR,10.5,2026-05,202605271204,0.26410630259954015,2,0,0.0,8.764044943820224,0
V265_150_FLOOR,10.5,2026-05,202605280710,0.26732938939754464,3,0,0.0,10.780898334593852,0
V265_150_FLOOR,10.5,2026-05,202605281008,0.315666172278955,3,1,103020.0,10.418279867526808,1
V265_150_FLOOR,10.5,2026-05,202605281810,0.27871551831526964,2,0,0.0,8.917808219178083,0
V265_150_FLOOR,10.5,2026-05,202605291807,0.27562632347677013,2,0,0.0,6.151470588235294,0
V265_150_FLOOR,10.5,2026-05,202605300104,0.3263926233134816,2,0,0.0,6.913636363636364,0
V265_150_FLOOR,10.5,2026-05,202605300507,0.27999095666554075,3,0,0.0,9.423981310001905,0
V265_150_FLOOR,10.5,2026-05,202605301108,0.265708944702467,2,0,0.0,6.776556776556777,1
V265_150_FLOOR,10.5,2026-05,202605312304,0.32308396186684674,3,0,0.0,10.442496868021134,0
V265_150_FLOOR,10.5,2026-06,202606010506,0.4413777115040715,2,0,0.0,3.788235294117647,0
V265_150_FLOOR,10.5,2026-06,202606010803,0.3971699898196419,4,0,0.0,7.4520744638975,0
V265_150_FLOOR,10.5,2026-06,202606010809,0.2838867915030514,11,0,0.0,10.815661989353584,0
V265_150_FLOOR,10.5,2026-06,202606012402,0.39556981611653297,2,0,0.0,7.068131868131867,0
V265_150_FLOOR,10.5,2026-06,202606020906,0.33751046021860165,2,0,0.0,5.71551724137931,0
V265_150_FLOOR,10.5,2026-06,202606021007,0.3517489957184822,3,1,90420.0,8.911720981940872,1
V265_150_FLOOR,10.5,2026-06,202606022307,0.48162235876506365,2,0,0.0,6.739436619718309,0
V265_150_FLOOR,10.5,2026-06,202606032109,0.2857027321218678,2,0,0.0,8.772164948453609,0
V265_150_FLOOR,10.5,2026-06,202606040305,0.2867966990725239,2,0,0.0,8.526,1
V265_150_FLOOR,10.5,2026-06,202606040506,0.5042634433119151,2,1,50960.00000000001,5.092156862745099,1
V265_150_FLOOR,10.5,2026-06,202606040907,0.2984146129118725,4,0,0.0,9.519144332270708,0
V265_150_FLOOR,10.5,2026-06,202606050305,0.39129459073175993,4,0,0.0,9.714369505505465,0
V265_150_FLOOR,10.5,2026-06,202606060702,0.2982963086338197,3,0,0.0,8.3017138063279,1
V265_150_FLOOR,10.5,2026-06,202606060802,0.37926822363395585,7,0,0.0,10.863680703912106,0
V265_150_FLOOR,10.5,2026-06,202606061506,0.2622481955649939,2,0,0.0,8.863259668508288,0
V265_150_FLOOR,10.5,2026-06,202606071005,0.36554220186403585,2,0,0.0,4.4224719101123595,0
V265_150_FLOOR,10.5,2026-06,202606080510,0.3473214018467049,2,0,0.0,8.84047619047619,0
V265_150_FLOOR,10.5,2026-06,202606080910,0.4796071248367799,2,0,0.0,8.3,1
V265_150_FLOOR,10.5,2026-06,202606100903,0.2709043874583267,3,0,0.0,10.074807707987933,1
V265_150_FLOOR,10.5,2026-06,202606121108,0.287681147053555,2,0,0.0,7.666478873239437,0
V265_150_FLOOR,10.5,2026-06,202606121901,0.33655024192655186,4,0,0.0,10.025417191532664,0
V265_150_FLOOR,10.5,2026-06,202606122306,0.321640018946533,3,0,0.0,12.608492591797292,1
V265_150_FLOOR,10.5,2026-06,202606130609,0.3353942582194719,2,0,0.0,9.481558441558441,0
V265_150_FLOOR,10.5,2026-06,202606130702,0.316649932016858,5,0,0.0,9.108560379105606,1
V265_150_FLOOR,10.5,2026-06,202606132204,0.3020271302719198,4,0,0.0,9.23930839836868,1
V265_150_FLOOR,10.5,2026-06,202606150310,0.5010683029338686,2,0,0.0,9.859756097560977,0
V265_150_FLOOR,10.5,2026-06,202606151208,0.3339176233995096,2,0,0.0,6.481159420289856,0
V265_150_FLOOR,10.5,2026-06,202606180205,0.344567209861946,2,0,0.0,4.699530516431925,0
V265_150_FLOOR,10.5,2026-06,202606190903,0.30173134405047913,2,0,0.0,11.726513569937369,0
V265_150_FLOOR,10.5,2026-06,202606192107,0.2908266003082408,4,0,0.0,8.82094756688449,0
V265_150_FLOOR,10.5,2026-06,202606200903,0.3026971368075434,5,0,0.0,10.760744603129428,0
V265_150_FLOOR,10.5,2026-06,202606201709,0.34603560486712104,2,0,0.0,11.668522483940043,1
V265_150_FLOOR,10.5,2026-06,202606210906,0.32592090520514483,2,1,49680.0,4.964634146341463,1
V265_150_FLOOR,10.5,2026-06,202606240605,0.27940719854374535,2,1,112640.00000000001,11.200000000000001,1
V265_150_FLOOR,10.5,2026-06,202606241207,0.4296469673259614,3,0,0.0,8.919440657922056,1
V265_150_FLOOR,10.5,2026-06,202606241210,0.27895550302314437,2,0,0.0,8.1865889212828,0
V265_150_FLOOR,10.5,2026-06,202606260304,0.34838668584873567,3,0,0.0,8.705698395989252,0
V265_150_FLOOR,10.5,2026-06,202606260410,0.37869440158673384,4,0,0.0,9.602470299015934,0
V265_150_FLOOR,10.5,2026-06,202606260705,0.608092540425627,2,0,0.0,5.211428571428571,1
V265_150_FLOOR,10.5,2026-06,202606261709,0.32243681770399746,2,0,0.0,12.3,0
V265_150_FLOOR,10.5,2026-06,202606280205,0.26735321536064927,2,0,0.0,4.680851063829787,0
V265_150_FLOOR,10.5,2026-06,202606280508,0.36612085579216147,2,0,0.0,10.065777777777779,0
V265_150_FLOOR,10.5,2026-06,202606281008,0.2747421508693813,2,0,0.0,9.617158671586715,0
V265_150_FLOOR,10.5,2026-06,202606290806,0.32408625365601196,2,0,0.0,10.50532212885154,1
V265_150_FLOOR,10.5,2026-06,202606292011,0.26055307811418316,2,0,0.0,10.499787685774947,0
V265_150_FLOOR,10.5,2026-06,202606302304,0.3603764551907089,2,0,0.0,5.979583333333333,0
V265_150_FLOOR,11.0,2026-04,202604010110,0.32237465859780223,5,0,0.0,10.610995837755981,0
V265_150_FLOOR,11.0,2026-04,202604010206,0.34704012949552776,2,0,0.0,7.370847457627118,0
V265_150_FLOOR,11.0,2026-04,202604010603,0.2724305691891156,3,0,0.0,9.918110550435095,1
V265_150_FLOOR,11.0,2026-04,202604010804,0.3579565862741262,2,0,0.0,7.793823529411765,1
V265_150_FLOOR,11.0,2026-04,202604020108,0.40123097854906364,2,0,0.0,6.069958847736625,0
V265_150_FLOOR,11.0,2026-04,202604022209,0.30066370447381086,2,0,0.0,7.392739273927393,0
V265_150_FLOOR,11.0,2026-04,202604030402,0.4401581638507809,2,0,0.0,7.531353135313531,0
V265_150_FLOOR,11.0,2026-04,202604031806,0.30801796864254627,2,0,0.0,6.532584269662922,0
V265_150_FLOOR,11.0,2026-04,202604042202,0.46679155112387094,2,0,0.0,6.39375,0
V265_150_FLOOR,11.0,2026-04,202604070808,0.3197210867321282,2,0,0.0,5.27688679245283,0
V265_150_FLOOR,11.0,2026-04,202604072403,0.3500721904843996,3,0,0.0,8.455476753349094,0
V265_150_FLOOR,11.0,2026-04,202604081111,0.282134126320437,3,0,0.0,10.499086401731558,0
V265_150_FLOOR,11.0,2026-04,202604082306,0.2698153652282027,2,1,54500.0,5.399537037037037,1
V265_150_FLOOR,11.0,2026-04,202604090703,0.305676970801037,2,0,0.0,7.899683544303797,1
V265_150_FLOOR,11.0,2026-04,202604091506,0.25913057871504697,2,0,0.0,8.8775,0
V265_150_FLOOR,11.0,2026-04,202604121607,0.3024045537661642,3,0,0.0,10.517589971694298,0
V265_150_FLOOR,11.0,2026-04,202604140304,0.2946197367425004,2,0,0.0,4.544623655913979,0
V265_150_FLOOR,11.0,2026-04,202604150307,0.5377838153069647,2,0,0.0,11.3216796875,0
V265_150_FLOOR,11.0,2026-04,202604160906,0.2734821554827516,4,0,0.0,11.439806100935694,1
V265_150_FLOOR,11.0,2026-04,202604170305,0.3411198509722344,2,0,0.0,5.5560538116591935,0
V265_150_FLOOR,11.0,2026-04,202604180305,0.2720549230073839,3,0,0.0,11.166697674418606,1
V265_150_FLOOR,11.0,2026-04,202604181508,0.2718661195936503,2,0,0.0,6.091463414634146,0
V265_150_FLOOR,11.0,2026-04,202604190501,0.2885626325184496,5,0,0.0,10.138638757964086,0
V265_150_FLOOR,11.0,2026-04,202604190703,0.2752296481341026,2,0,0.0,6.153024911032029,0
V265_150_FLOOR,11.0,2026-04,202604191506,0.3056315845944473,2,0,0.0,4.394886363636363,0
V265_150_FLOOR,11.0,2026-04,202604210702,0.2673866285099271,2,0,0.0,12.796545105566217,0
V265_150_FLOOR,11.0,2026-04,202604211109,0.3601058868117655,2,0,0.0,8.955675675675677,0
V265_150_FLOOR,11.0,2026-04,202604220502,0.264066427446498,2,0,0.0,5.148058252427185,0
V265_150_FLOOR,11.0,2026-04,202604221103,0.26787535095246257,2,0,0.0,11.13095238095238,1
V265_150_FLOOR,11.0,2026-04,202604230507,0.28339613038398437,2,1,94320.0,9.416625916870416,1
V265_150_FLOOR,11.0,2026-04,202604231603,0.29943674085412764,4,0,0.0,10.102084453747453,0
V265_150_FLOOR,11.0,2026-04,202604240706,0.34147339061226634,2,0,0.0,4.871794871794871,0
V265_150_FLOOR,11.0,2026-04,202604242010,0.28815861390617115,4,1,98880.0,10.045127816968039,1
V265_150_FLOOR,11.0,2026-04,202604242308,0.422622307185711,3,0,0.0,11.19641356122163,0
V265_150_FLOOR,11.0,2026-04,202604250705,0.26209883466366035,3,0,0.0,10.106550567568778,1
V265_150_FLOOR,11.0,2026-04,202604250708,0.27267769749789683,2,0,0.0,4.786363636363636,1
V265_150_FLOOR,11.0,2026-04,202604250903,0.3216497136373958,3,0,0.0,12.136139451790095,0
V265_150_FLOOR,11.0,2026-04,202604251307,0.3418843683748642,3,0,0.0,8.390553368835379,0
V265_150_FLOOR,11.0,2026-04,202604252307,0.31429084019845915,5,0,0.0,12.037949705488371,1
V265_150_FLOOR,11.0,2026-04,202604260310,0.4282072473785074,2,0,0.0,11.167857142857143,0
V265_150_FLOOR,11.0,2026-04,202604270602,0.2587123355220862,7,0,0.0,10.926765939317,1
V265_150_FLOOR,11.0,2026-04,202604270606,0.30091215856015424,2,0,0.0,9.115777777777778,1
V265_150_FLOOR,11.0,2026-04,202604271607,0.30746468742416017,2,0,0.0,11.490719696969697,0
V265_150_FLOOR,11.0,2026-04,202604280603,0.4257913769775326,2,0,0.0,4.712,0
V265_150_FLOOR,11.0,2026-04,202604280606,0.2934100701818783,3,1,97500.0,9.792724839563247,1
V265_150_FLOOR,11.0,2026-04,202604281502,0.2800449536243937,4,0,0.0,10.202078259060256,0
V265_150_FLOOR,11.0,2026-04,202604281606,0.2703458159727097,5,0,0.0,11.684628310978349,0
V265_150_FLOOR,11.0,2026-04,202604290306,0.4484681766561571,2,0,0.0,6.274603174603175,0
V265_150_FLOOR,11.0,2026-04,202604291402,0.28081296291722935,3,0,0.0,7.570394379556842,0
V265_150_FLOOR,11.0,2026-05,202605011707,0.2838811097437825,2,0,0.0,10.46689497716895,0
V265_150_FLOOR,11.0,2026-05,202605012009,0.27511469973493785,2,0,0.0,8.080538922155688,0
V265_150_FLOOR,11.0,2026-05,202605020908,0.274714290954804,2,0,0.0,9.885678391959798,0
V265_150_FLOOR,11.0,2026-05,202605021103,0.3068104752313956,2,1,62160.0,6.268235294117647,1
V265_150_FLOOR,11.0,2026-05,202605022307,0.33630409307060355,2,0,0.0,3.5517857142857143,0
V265_150_FLOOR,11.0,2026-05,202605030104,0.2784233693716568,2,0,0.0,6.849097472924187,0
V265_150_FLOOR,11.0,2026-05,202605030105,0.2864821579486016,2,0,0.0,6.595289855072465,0
V265_150_FLOOR,11.0,2026-05,202605030805,0.25965141696697547,2,1,95360.0,9.537439613526569,1
V265_150_FLOOR,11.0,2026-05,202605030811,0.30371342685538905,2,0,0.0,8.817567567567567,0
V265_150_FLOOR,11.0,2026-05,202605031208,0.2642027549565139,2,0,0.0,11.18339552238806,0
V265_150_FLOOR,11.0,2026-05,202605032307,0.3051327060992939,2,0,0.0,7.57125748502994,1
V265_150_FLOOR,11.0,2026-05,202605040202,0.3096735093272526,2,0,0.0,8.46798866855524,0
V265_150_FLOOR,11.0,2026-05,202605040403,0.3473575119951659,2,0,0.0,11.167303609341825,0
V265_150_FLOOR,11.0,2026-05,202605040701,0.27466698060588435,2,1,93100.0,9.398936170212767,1
V265_150_FLOOR,11.0,2026-05,202605040802,0.2678469152020087,2,1,113399.99999999999,11.363924050632912,1
V265_150_FLOOR,11.0,2026-05,202605040805,0.2637378165674796,3,0,0.0,10.065127582017011,1
V265_150_FLOOR,11.0,2026-05,202605041410,0.29886403790075977,3,0,0.0,10.293215606777,1
V265_150_FLOOR,11.0,2026-05,202605042009,0.28395614168427785,2,0,0.0,8.64406779661017,0
V265_150_FLOOR,11.0,2026-05,202605050202,0.3918981006405124,2,0,0.0,3.988271604938272,0
V265_150_FLOOR,11.0,2026-05,202605050203,0.3108794544562109,2,0,0.0,7.600638977635782,1
V265_150_FLOOR,11.0,2026-05,202605050702,0.26784541248341415,2,0,0.0,8.75390625,1
V265_150_FLOOR,11.0,2026-05,202605050811,0.26211905084711595,2,0,0.0,9.711219512195123,0
V265_150_FLOOR,11.0,2026-05,202605050904,0.2617846350280769,2,0,0.0,11.029759299781182,0
V265_150_FLOOR,11.0,2026-05,202605051303,0.2791592281877297,2,0,0.0,7.892088607594937,0
V265_150_FLOOR,11.0,2026-05,202605051306,0.31139744736742775,2,0,0.0,8.202216066481995,0
V265_150_FLOOR,11.0,2026-05,202605051602,0.4193770093755381,7,0,0.0,11.937756852765082,0
V265_150_FLOOR,11.0,2026-05,202605072406,0.3292638658153312,2,0,0.0,4.800000000000001,1
V265_150_FLOOR,11.0,2026-05,202605091805,0.4406120477581777,2,0,0.0,10.699792960662526,0
V265_150_FLOOR,11.0,2026-05,202605101604,0.27730837884651754,5,0,0.0,11.310552688525702,0
V265_150_FLOOR,11.0,2026-05,202605102010,0.30084518973855817,2,0,0.0,4.623404255319148,0
V265_150_FLOOR,11.0,2026-05,202605111110,0.2697755085304251,3,0,0.0,10.639725795870897,1
V265_150_FLOOR,11.0,2026-05,202605111606,0.3431416340830779,2,1,56950.0,5.721153846153847,1
V265_150_FLOOR,11.0,2026-05,202605112308,0.41885950939577216,2,1,57200.0,5.71551724137931,1
V265_150_FLOOR,11.0,2026-05,202605130406,0.3043573167495788,2,0,0.0,10.961434977578474,1
V265_150_FLOOR,11.0,2026-05,202605130408,0.3294507040220866,2,0,0.0,3.78125,1
V265_150_FLOOR,11.0,2026-05,202605171007,0.3174507753234482,2,0,0.0,7.096830985915493,0
V265_150_FLOOR,11.0,2026-05,202605191406,0.2718096465553448,2,0,0.0,11.379310344827585,1
V265_150_FLOOR,11.0,2026-05,202605191811,0.26143992435645796,2,0,0.0,8.498533724340177,0
V265_150_FLOOR,11.0,2026-05,202605200506,0.26731602126644516,3,0,0.0,9.313918447924165,0
V265_150_FLOOR,11.0,2026-05,202605201505,0.392938737109297,4,0,0.0,11.33221305603408,1
V265_150_FLOOR,11.0,2026-05,202605202002,0.30348484430205747,2,0,0.0,9.913647642679901,0
V265_150_FLOOR,11.0,2026-05,202605211905,0.26287016182024237,2,1,100650.0,10.063829787234042,1
V265_150_FLOOR,11.0,2026-05,202605231808,0.3152664002126307,2,0,0.0,8.795675675675675,1
V265_150_FLOOR,11.0,2026-05,202605242411,0.3059097277605911,3,0,0.0,11.611890746172701,1
V265_150_FLOOR,11.0,2026-05,202605251307,0.3368046939857835,2,0,0.0,4.701492537313433,0
V265_150_FLOOR,11.0,2026-05,202605252408,0.2942172067066334,3,0,0.0,11.381637039701172,1
V265_150_FLOOR,11.0,2026-05,202605261206,0.2762810743423838,2,1,67200.0,6.72,1
V265_150_FLOOR,11.0,2026-05,202605270807,0.3048358442397874,3,0,0.0,12.03462861208839,1
V265_150_FLOOR,11.0,2026-05,202605271204,0.26410630259954015,2,0,0.0,8.764044943820224,0
V265_150_FLOOR,11.0,2026-05,202605280710,0.26732938939754464,3,0,0.0,10.780898334593852,0
V265_150_FLOOR,11.0,2026-05,202605281008,0.315666172278955,3,1,103020.0,10.418279867526808,1
V265_150_FLOOR,11.0,2026-05,202605281810,0.27871551831526964,2,0,0.0,8.917808219178083,0
V265_150_FLOOR,11.0,2026-05,202605291807,0.27562632347677013,2,0,0.0,6.151470588235294,0
V265_150_FLOOR,11.0,2026-05,202605300104,0.3263926233134816,2,0,0.0,6.913636363636364,0
V265_150_FLOOR,11.0,2026-05,202605300507,0.27999095666554075,3,0,0.0,9.423981310001905,0
V265_150_FLOOR,11.0,2026-05,202605301108,0.265708944702467,2,0,0.0,6.776556776556777,1
V265_150_FLOOR,11.0,2026-05,202605312304,0.32308396186684674,3,0,0.0,10.442496868021134,0
V265_150_FLOOR,11.0,2026-06,202606010506,0.4413777115040715,2,0,0.0,3.788235294117647,0
V265_150_FLOOR,11.0,2026-06,202606010803,0.3971699898196419,3,0,0.0,13.658363686065325,0
V265_150_FLOOR,11.0,2026-06,202606010809,0.2838867915030514,11,0,0.0,10.815661989353584,0
V265_150_FLOOR,11.0,2026-06,202606012402,0.39556981611653297,2,0,0.0,7.068131868131867,0
V265_150_FLOOR,11.0,2026-06,202606020906,0.33751046021860165,2,0,0.0,5.71551724137931,0
V265_150_FLOOR,11.0,2026-06,202606021007,0.3517489957184822,3,1,90420.0,8.911720981940872,1
V265_150_FLOOR,11.0,2026-06,202606022307,0.48162235876506365,2,0,0.0,6.739436619718309,0
V265_150_FLOOR,11.0,2026-06,202606032109,0.2857027321218678,2,0,0.0,8.772164948453609,0
V265_150_FLOOR,11.0,2026-06,202606040305,0.2867966990725239,2,0,0.0,8.526,1
V265_150_FLOOR,11.0,2026-06,202606040506,0.5042634433119151,2,1,50960.00000000001,5.092156862745099,1
V265_150_FLOOR,11.0,2026-06,202606040907,0.2984146129118725,4,0,0.0,9.519144332270708,0
V265_150_FLOOR,11.0,2026-06,202606050305,0.39129459073175993,3,0,0.0,11.34463549869474,0
V265_150_FLOOR,11.0,2026-06,202606060702,0.2982963086338197,3,0,0.0,8.3017138063279,1
V265_150_FLOOR,11.0,2026-06,202606060802,0.37926822363395585,7,0,0.0,10.863680703912106,0
V265_150_FLOOR,11.0,2026-06,202606061506,0.2622481955649939,2,0,0.0,8.863259668508288,0
V265_150_FLOOR,11.0,2026-06,202606071005,0.36554220186403585,2,0,0.0,4.4224719101123595,0
V265_150_FLOOR,11.0,2026-06,202606080510,0.3473214018467049,2,0,0.0,8.84047619047619,0
V265_150_FLOOR,11.0,2026-06,202606080910,0.4796071248367799,2,0,0.0,8.3,1
V265_150_FLOOR,11.0,2026-06,202606100903,0.2709043874583267,3,0,0.0,10.074807707987933,1
V265_150_FLOOR,11.0,2026-06,202606121108,0.287681147053555,2,0,0.0,7.666478873239437,0
V265_150_FLOOR,11.0,2026-06,202606121901,0.33655024192655186,3,0,0.0,11.032777854290043,0
V265_150_FLOOR,11.0,2026-06,202606122306,0.321640018946533,3,0,0.0,12.608492591797292,1
V265_150_FLOOR,11.0,2026-06,202606130609,0.3353942582194719,2,0,0.0,9.481558441558441,0
V265_150_FLOOR,11.0,2026-06,202606130702,0.316649932016858,4,0,0.0,12.228582211794254,1
V265_150_FLOOR,11.0,2026-06,202606132204,0.3020271302719198,4,0,0.0,9.23930839836868,1
V265_150_FLOOR,11.0,2026-06,202606150310,0.5010683029338686,2,0,0.0,9.859756097560977,0
V265_150_FLOOR,11.0,2026-06,202606151208,0.3339176233995096,2,0,0.0,6.481159420289856,0
V265_150_FLOOR,11.0,2026-06,202606180205,0.344567209861946,2,0,0.0,4.699530516431925,0
V265_150_FLOOR,11.0,2026-06,202606190903,0.30173134405047913,2,0,0.0,11.726513569937369,0
V265_150_FLOOR,11.0,2026-06,202606192107,0.2908266003082408,3,0,0.0,12.620396600566572,0
V265_150_FLOOR,11.0,2026-06,202606200903,0.3026971368075434,5,0,0.0,10.760744603129428,0
V265_150_FLOOR,11.0,2026-06,202606201709,0.34603560486712104,2,0,0.0,11.668522483940043,1
V265_150_FLOOR,11.0,2026-06,202606210906,0.32592090520514483,2,1,49680.0,4.964634146341463,1
V265_150_FLOOR,11.0,2026-06,202606240605,0.27940719854374535,2,1,112640.00000000001,11.200000000000001,1
V265_150_FLOOR,11.0,2026-06,202606241207,0.4296469673259614,2,0,0.0,12.55538160469667,1
V265_150_FLOOR,11.0,2026-06,202606241210,0.27895550302314437,2,0,0.0,8.1865889212828,0
V265_150_FLOOR,11.0,2026-06,202606260304,0.34838668584873567,2,0,0.0,12.496237623762376,0
V265_150_FLOOR,11.0,2026-06,202606260410,0.37869440158673384,4,0,0.0,9.602470299015934,0
V265_150_FLOOR,11.0,2026-06,202606260705,0.608092540425627,2,0,0.0,5.211428571428571,1
V265_150_FLOOR,11.0,2026-06,202606261709,0.32243681770399746,2,0,0.0,12.3,0
V265_150_FLOOR,11.0,2026-06,202606280205,0.26735321536064927,2,0,0.0,4.680851063829787,0
V265_150_FLOOR,11.0,2026-06,202606280508,0.36612085579216147,2,0,0.0,10.065777777777779,0
V265_150_FLOOR,11.0,2026-06,202606281008,0.2747421508693813,2,0,0.0,9.617158671586715,0
V265_150_FLOOR,11.0,2026-06,202606290806,0.32408625365601196,2,0,0.0,10.50532212885154,1
V265_150_FLOOR,11.0,2026-06,202606292011,0.26055307811418316,2,0,0.0,10.499787685774947,0
V265_150_FLOOR,11.0,2026-06,202606302304,0.3603764551907089,2,0,0.0,5.979583333333333,0
V265_150_FLOOR,11.5,2026-04,202604010110,0.32237465859780223,5,0,0.0,10.610995837755981,0
V265_150_FLOOR,11.5,2026-04,202604010206,0.34704012949552776,2,0,0.0,7.370847457627118,0
V265_150_FLOOR,11.5,2026-04,202604010603,0.2724305691891156,3,0,0.0,9.918110550435095,1
V265_150_FLOOR,11.5,2026-04,202604010804,0.3579565862741262,2,0,0.0,7.793823529411765,1
V265_150_FLOOR,11.5,2026-04,202604020108,0.40123097854906364,2,0,0.0,6.069958847736625,0
V265_150_FLOOR,11.5,2026-04,202604022209,0.30066370447381086,2,0,0.0,7.392739273927393,0
V265_150_FLOOR,11.5,2026-04,202604030402,0.4401581638507809,2,0,0.0,7.531353135313531,0
V265_150_FLOOR,11.5,2026-04,202604031806,0.30801796864254627,2,0,0.0,6.532584269662922,0
V265_150_FLOOR,11.5,2026-04,202604042202,0.46679155112387094,2,0,0.0,6.39375,0
V265_150_FLOOR,11.5,2026-04,202604070808,0.3197210867321282,2,0,0.0,5.27688679245283,0
V265_150_FLOOR,11.5,2026-04,202604072403,0.3500721904843996,3,0,0.0,8.455476753349094,0
V265_150_FLOOR,11.5,2026-04,202604081111,0.282134126320437,2,0,0.0,11.932500000000001,0
V265_150_FLOOR,11.5,2026-04,202604082306,0.2698153652282027,2,1,54500.0,5.399537037037037,1
V265_150_FLOOR,11.5,2026-04,202604090703,0.305676970801037,2,0,0.0,7.899683544303797,1
V265_150_FLOOR,11.5,2026-04,202604091506,0.25913057871504697,2,0,0.0,8.8775,0
V265_150_FLOOR,11.5,2026-04,202604121607,0.3024045537661642,3,0,0.0,10.517589971694298,0
V265_150_FLOOR,11.5,2026-04,202604140304,0.2946197367425004,2,0,0.0,4.544623655913979,0
V265_150_FLOOR,11.5,2026-04,202604150307,0.5377838153069647,2,0,0.0,11.3216796875,0
V265_150_FLOOR,11.5,2026-04,202604160906,0.2734821554827516,4,0,0.0,11.439806100935694,1
V265_150_FLOOR,11.5,2026-04,202604170305,0.3411198509722344,2,0,0.0,5.5560538116591935,0
V265_150_FLOOR,11.5,2026-04,202604180305,0.2720549230073839,3,0,0.0,11.166697674418606,1
V265_150_FLOOR,11.5,2026-04,202604181508,0.2718661195936503,2,0,0.0,6.091463414634146,0
V265_150_FLOOR,11.5,2026-04,202604190501,0.2885626325184496,5,0,0.0,10.138638757964086,0
V265_150_FLOOR,11.5,2026-04,202604190703,0.2752296481341026,2,0,0.0,6.153024911032029,0
V265_150_FLOOR,11.5,2026-04,202604191506,0.3056315845944473,2,0,0.0,4.394886363636363,0
V265_150_FLOOR,11.5,2026-04,202604210702,0.2673866285099271,2,0,0.0,12.796545105566217,0
V265_150_FLOOR,11.5,2026-04,202604211109,0.3601058868117655,2,0,0.0,8.955675675675677,0
V265_150_FLOOR,11.5,2026-04,202604220502,0.264066427446498,2,0,0.0,5.148058252427185,0
V265_150_FLOOR,11.5,2026-04,202604221103,0.26787535095246257,2,0,0.0,11.13095238095238,1
V265_150_FLOOR,11.5,2026-04,202604230507,0.28339613038398437,2,1,94320.0,9.416625916870416,1
V265_150_FLOOR,11.5,2026-04,202604231603,0.29943674085412764,3,0,0.0,12.320709126163944,0
V265_150_FLOOR,11.5,2026-04,202604240706,0.34147339061226634,2,0,0.0,4.871794871794871,0
V265_150_FLOOR,11.5,2026-04,202604242010,0.28815861390617115,4,1,98880.0,10.045127816968039,1
V265_150_FLOOR,11.5,2026-04,202604242308,0.422622307185711,3,0,0.0,11.19641356122163,0
V265_150_FLOOR,11.5,2026-04,202604250705,0.26209883466366035,3,0,0.0,10.106550567568778,1
V265_150_FLOOR,11.5,2026-04,202604250708,0.27267769749789683,2,0,0.0,4.786363636363636,1
V265_150_FLOOR,11.5,2026-04,202604250903,0.3216497136373958,3,0,0.0,12.136139451790095,0
V265_150_FLOOR,11.5,2026-04,202604251307,0.3418843683748642,2,0,0.0,14.352,0
V265_150_FLOOR,11.5,2026-04,202604252307,0.31429084019845915,5,0,0.0,12.037949705488371,1
V265_150_FLOOR,11.5,2026-04,202604260310,0.4282072473785074,2,0,0.0,11.167857142857143,0
V265_150_FLOOR,11.5,2026-04,202604270602,0.2587123355220862,7,0,0.0,10.926765939317,1
V265_150_FLOOR,11.5,2026-04,202604270606,0.30091215856015424,2,0,0.0,9.115777777777778,1
V265_150_FLOOR,11.5,2026-04,202604271607,0.30746468742416017,2,0,0.0,11.490719696969697,0
V265_150_FLOOR,11.5,2026-04,202604280603,0.4257913769775326,2,0,0.0,4.712,0
V265_150_FLOOR,11.5,2026-04,202604280606,0.2934100701818783,3,1,97500.0,9.792724839563247,1
V265_150_FLOOR,11.5,2026-04,202604281502,0.2800449536243937,3,0,0.0,12.098004325171628,0
V265_150_FLOOR,11.5,2026-04,202604281606,0.2703458159727097,5,0,0.0,11.684628310978349,0
V265_150_FLOOR,11.5,2026-04,202604290306,0.4484681766561571,2,0,0.0,6.274603174603175,0
V265_150_FLOOR,11.5,2026-04,202604291402,0.28081296291722935,3,0,0.0,7.570394379556842,0
V265_150_FLOOR,11.5,2026-05,202605011707,0.2838811097437825,2,0,0.0,10.46689497716895,0
V265_150_FLOOR,11.5,2026-05,202605012009,0.27511469973493785,2,0,0.0,8.080538922155688,0
V265_150_FLOOR,11.5,2026-05,202605020908,0.274714290954804,2,0,0.0,9.885678391959798,0
V265_150_FLOOR,11.5,2026-05,202605021103,0.3068104752313956,2,1,62160.0,6.268235294117647,1
V265_150_FLOOR,11.5,2026-05,202605022307,0.33630409307060355,2,0,0.0,3.5517857142857143,0
V265_150_FLOOR,11.5,2026-05,202605030104,0.2784233693716568,2,0,0.0,6.849097472924187,0
V265_150_FLOOR,11.5,2026-05,202605030105,0.2864821579486016,2,0,0.0,6.595289855072465,0
V265_150_FLOOR,11.5,2026-05,202605030805,0.25965141696697547,2,1,95360.0,9.537439613526569,1
V265_150_FLOOR,11.5,2026-05,202605030811,0.30371342685538905,2,0,0.0,8.817567567567567,0
V265_150_FLOOR,11.5,2026-05,202605031208,0.2642027549565139,2,0,0.0,11.18339552238806,0
V265_150_FLOOR,11.5,2026-05,202605032307,0.3051327060992939,2,0,0.0,7.57125748502994,1
V265_150_FLOOR,11.5,2026-05,202605040202,0.3096735093272526,2,0,0.0,8.46798866855524,0
V265_150_FLOOR,11.5,2026-05,202605040403,0.3473575119951659,2,0,0.0,11.167303609341825,0
V265_150_FLOOR,11.5,2026-05,202605040701,0.27466698060588435,2,1,93100.0,9.398936170212767,1
V265_150_FLOOR,11.5,2026-05,202605040802,0.2678469152020087,2,1,113399.99999999999,11.363924050632912,1
V265_150_FLOOR,11.5,2026-05,202605040805,0.2637378165674796,2,0,0.0,12.370967741935484,1
V265_150_FLOOR,11.5,2026-05,202605041410,0.29886403790075977,2,0,0.0,12.67911877394636,1
V265_150_FLOOR,11.5,2026-05,202605042009,0.28395614168427785,2,0,0.0,8.64406779661017,0
V265_150_FLOOR,11.5,2026-05,202605050202,0.3918981006405124,2,0,0.0,3.988271604938272,0
V265_150_FLOOR,11.5,2026-05,202605050203,0.3108794544562109,2,0,0.0,7.600638977635782,1
V265_150_FLOOR,11.5,2026-05,202605050702,0.26784541248341415,2,0,0.0,8.75390625,1
V265_150_FLOOR,11.5,2026-05,202605050811,0.26211905084711595,2,0,0.0,9.711219512195123,0
V265_150_FLOOR,11.5,2026-05,202605050904,0.2617846350280769,2,0,0.0,11.029759299781182,0
V265_150_FLOOR,11.5,2026-05,202605051303,0.2791592281877297,2,0,0.0,7.892088607594937,0
V265_150_FLOOR,11.5,2026-05,202605051306,0.31139744736742775,2,0,0.0,8.202216066481995,0
V265_150_FLOOR,11.5,2026-05,202605051602,0.4193770093755381,7,0,0.0,11.937756852765082,0
V265_150_FLOOR,11.5,2026-05,202605072406,0.3292638658153312,2,0,0.0,4.800000000000001,1
V265_150_FLOOR,11.5,2026-05,202605091805,0.4406120477581777,2,0,0.0,10.699792960662526,0
V265_150_FLOOR,11.5,2026-05,202605101604,0.27730837884651754,5,0,0.0,11.310552688525702,0
V265_150_FLOOR,11.5,2026-05,202605102010,0.30084518973855817,2,0,0.0,4.623404255319148,0
V265_150_FLOOR,11.5,2026-05,202605111110,0.2697755085304251,3,0,0.0,10.639725795870897,1
V265_150_FLOOR,11.5,2026-05,202605111606,0.3431416340830779,2,1,56950.0,5.721153846153847,1
V265_150_FLOOR,11.5,2026-05,202605112308,0.41885950939577216,2,1,57200.0,5.71551724137931,1
V265_150_FLOOR,11.5,2026-05,202605130406,0.3043573167495788,2,0,0.0,10.961434977578474,1
V265_150_FLOOR,11.5,2026-05,202605130408,0.3294507040220866,2,0,0.0,3.78125,1
V265_150_FLOOR,11.5,2026-05,202605171007,0.3174507753234482,2,0,0.0,7.096830985915493,0
V265_150_FLOOR,11.5,2026-05,202605191406,0.2718096465553448,2,0,0.0,11.379310344827585,1
V265_150_FLOOR,11.5,2026-05,202605191811,0.26143992435645796,2,0,0.0,8.498533724340177,0
V265_150_FLOOR,11.5,2026-05,202605200506,0.26731602126644516,3,0,0.0,9.313918447924165,0
V265_150_FLOOR,11.5,2026-05,202605201505,0.392938737109297,4,0,0.0,11.33221305603408,1
V265_150_FLOOR,11.5,2026-05,202605202002,0.30348484430205747,2,0,0.0,9.913647642679901,0
V265_150_FLOOR,11.5,2026-05,202605211905,0.26287016182024237,2,1,100650.0,10.063829787234042,1
V265_150_FLOOR,11.5,2026-05,202605231808,0.3152664002126307,2,0,0.0,8.795675675675675,1
V265_150_FLOOR,11.5,2026-05,202605242411,0.3059097277605911,3,0,0.0,11.611890746172701,1
V265_150_FLOOR,11.5,2026-05,202605251307,0.3368046939857835,2,0,0.0,4.701492537313433,0
V265_150_FLOOR,11.5,2026-05,202605252408,0.2942172067066334,3,0,0.0,11.381637039701172,1
V265_150_FLOOR,11.5,2026-05,202605261206,0.2762810743423838,2,1,67200.0,6.72,1
V265_150_FLOOR,11.5,2026-05,202605270807,0.3048358442397874,3,0,0.0,12.03462861208839,1
V265_150_FLOOR,11.5,2026-05,202605271204,0.26410630259954015,2,0,0.0,8.764044943820224,0
V265_150_FLOOR,11.5,2026-05,202605280710,0.26732938939754464,3,0,0.0,10.780898334593852,0
V265_150_FLOOR,11.5,2026-05,202605281008,0.315666172278955,3,1,103020.0,10.418279867526808,1
V265_150_FLOOR,11.5,2026-05,202605281810,0.27871551831526964,2,0,0.0,8.917808219178083,0
V265_150_FLOOR,11.5,2026-05,202605291807,0.27562632347677013,2,0,0.0,6.151470588235294,0
V265_150_FLOOR,11.5,2026-05,202605300104,0.3263926233134816,2,0,0.0,6.913636363636364,0
V265_150_FLOOR,11.5,2026-05,202605300507,0.27999095666554075,3,0,0.0,9.423981310001905,0
V265_150_FLOOR,11.5,2026-05,202605301108,0.265708944702467,2,0,0.0,6.776556776556777,1
V265_150_FLOOR,11.5,2026-05,202605312304,0.32308396186684674,3,0,0.0,10.442496868021134,0
V265_150_FLOOR,11.5,2026-06,202606010506,0.4413777115040715,2,0,0.0,3.788235294117647,0
V265_150_FLOOR,11.5,2026-06,202606010803,0.3971699898196419,3,0,0.0,13.658363686065325,0
V265_150_FLOOR,11.5,2026-06,202606010809,0.2838867915030514,11,0,0.0,10.815661989353584,0
V265_150_FLOOR,11.5,2026-06,202606012402,0.39556981611653297,2,0,0.0,7.068131868131867,0
V265_150_FLOOR,11.5,2026-06,202606020906,0.33751046021860165,2,0,0.0,5.71551724137931,0
V265_150_FLOOR,11.5,2026-06,202606021007,0.3517489957184822,2,0,0.0,13.20734908136483,1
V265_150_FLOOR,11.5,2026-06,202606022307,0.48162235876506365,2,0,0.0,6.739436619718309,0
V265_150_FLOOR,11.5,2026-06,202606032109,0.2857027321218678,2,0,0.0,8.772164948453609,0
V265_150_FLOOR,11.5,2026-06,202606040305,0.2867966990725239,2,0,0.0,8.526,1
V265_150_FLOOR,11.5,2026-06,202606040506,0.5042634433119151,2,1,50960.00000000001,5.092156862745099,1
V265_150_FLOOR,11.5,2026-06,202606040907,0.2984146129118725,3,0,0.0,12.804543085313156,0
V265_150_FLOOR,11.5,2026-06,202606050305,0.39129459073175993,3,0,0.0,11.34463549869474,0
V265_150_FLOOR,11.5,2026-06,202606060702,0.2982963086338197,3,0,0.0,8.3017138063279,1
V265_150_FLOOR,11.5,2026-06,202606060802,0.37926822363395585,7,0,0.0,10.863680703912106,0
V265_150_FLOOR,11.5,2026-06,202606061506,0.2622481955649939,2,0,0.0,8.863259668508288,0
V265_150_FLOOR,11.5,2026-06,202606071005,0.36554220186403585,2,0,0.0,4.4224719101123595,0
V265_150_FLOOR,11.5,2026-06,202606080510,0.3473214018467049,2,0,0.0,8.84047619047619,0
V265_150_FLOOR,11.5,2026-06,202606080910,0.4796071248367799,2,0,0.0,8.3,1
V265_150_FLOOR,11.5,2026-06,202606100903,0.2709043874583267,3,0,0.0,10.074807707987933,1
V265_150_FLOOR,11.5,2026-06,202606121108,0.287681147053555,2,0,0.0,7.666478873239437,0
V265_150_FLOOR,11.5,2026-06,202606121901,0.33655024192655186,2,0,0.0,11.727272727272727,0
V265_150_FLOOR,11.5,2026-06,202606122306,0.321640018946533,3,0,0.0,12.608492591797292,1
V265_150_FLOOR,11.5,2026-06,202606130609,0.3353942582194719,2,0,0.0,9.481558441558441,0
V265_150_FLOOR,11.5,2026-06,202606130702,0.316649932016858,4,0,0.0,12.228582211794254,1
V265_150_FLOOR,11.5,2026-06,202606132204,0.3020271302719198,3,0,0.0,12.772519329896907,1
V265_150_FLOOR,11.5,2026-06,202606150310,0.5010683029338686,2,0,0.0,9.859756097560977,0
V265_150_FLOOR,11.5,2026-06,202606151208,0.3339176233995096,2,0,0.0,6.481159420289856,0
V265_150_FLOOR,11.5,2026-06,202606180205,0.344567209861946,2,0,0.0,4.699530516431925,0
V265_150_FLOOR,11.5,2026-06,202606190903,0.30173134405047913,2,0,0.0,11.726513569937369,0
V265_150_FLOOR,11.5,2026-06,202606192107,0.2908266003082408,3,0,0.0,12.620396600566572,0
V265_150_FLOOR,11.5,2026-06,202606200903,0.3026971368075434,5,0,0.0,10.760744603129428,0
V265_150_FLOOR,11.5,2026-06,202606201709,0.34603560486712104,2,0,0.0,11.668522483940043,1
V265_150_FLOOR,11.5,2026-06,202606210906,0.32592090520514483,2,1,49680.0,4.964634146341463,1
V265_150_FLOOR,11.5,2026-06,202606240605,0.27940719854374535,2,1,112640.00000000001,11.200000000000001,1
V265_150_FLOOR,11.5,2026-06,202606241207,0.4296469673259614,2,0,0.0,12.55538160469667,1
V265_150_FLOOR,11.5,2026-06,202606241210,0.27895550302314437,2,0,0.0,8.1865889212828,0
V265_150_FLOOR,11.5,2026-06,202606260304,0.34838668584873567,2,0,0.0,12.496237623762376,0
V265_150_FLOOR,11.5,2026-06,202606260410,0.37869440158673384,4,0,0.0,9.602470299015934,0
V265_150_FLOOR,11.5,2026-06,202606260705,0.608092540425627,2,0,0.0,5.211428571428571,1
V265_150_FLOOR,11.5,2026-06,202606261709,0.32243681770399746,2,0,0.0,12.3,0
V265_150_FLOOR,11.5,2026-06,202606280205,0.26735321536064927,2,0,0.0,4.680851063829787,0
V265_150_FLOOR,11.5,2026-06,202606280508,0.36612085579216147,2,0,0.0,10.065777777777779,0
V265_150_FLOOR,11.5,2026-06,202606281008,0.2747421508693813,2,0,0.0,9.617158671586715,0
V265_150_FLOOR,11.5,2026-06,202606290806,0.32408625365601196,2,0,0.0,10.50532212885154,1
V265_150_FLOOR,11.5,2026-06,202606292011,0.26055307811418316,2,0,0.0,10.499787685774947,0
V265_150_FLOOR,11.5,2026-06,202606302304,0.3603764551907089,2,0,0.0,5.979583333333333,0
V265_150_FLOOR,12.0,2026-04,202604010110,0.32237465859780223,5,0,0.0,10.610995837755981,0
V265_150_FLOOR,12.0,2026-04,202604010206,0.34704012949552776,2,0,0.0,7.370847457627118,0
V265_150_FLOOR,12.0,2026-04,202604010603,0.2724305691891156,2,0,0.0,13.618709677419355,1
V265_150_FLOOR,12.0,2026-04,202604010804,0.3579565862741262,2,0,0.0,7.793823529411765,1
V265_150_FLOOR,12.0,2026-04,202604020108,0.40123097854906364,2,0,0.0,6.069958847736625,0
V265_150_FLOOR,12.0,2026-04,202604022209,0.30066370447381086,2,0,0.0,7.392739273927393,0
V265_150_FLOOR,12.0,2026-04,202604030402,0.4401581638507809,2,0,0.0,7.531353135313531,0
V265_150_FLOOR,12.0,2026-04,202604031806,0.30801796864254627,2,0,0.0,6.532584269662922,0
V265_150_FLOOR,12.0,2026-04,202604042202,0.46679155112387094,2,0,0.0,6.39375,0
V265_150_FLOOR,12.0,2026-04,202604070808,0.3197210867321282,2,0,0.0,5.27688679245283,0
V265_150_FLOOR,12.0,2026-04,202604072403,0.3500721904843996,2,0,0.0,14.648464163822526,0
V265_150_FLOOR,12.0,2026-04,202604081111,0.282134126320437,2,0,0.0,11.932500000000001,0
V265_150_FLOOR,12.0,2026-04,202604082306,0.2698153652282027,2,1,54500.0,5.399537037037037,1
V265_150_FLOOR,12.0,2026-04,202604090703,0.305676970801037,2,0,0.0,7.899683544303797,1
V265_150_FLOOR,12.0,2026-04,202604091506,0.25913057871504697,2,0,0.0,8.8775,0
V265_150_FLOOR,12.0,2026-04,202604121607,0.3024045537661642,2,0,0.0,12.857142857142858,0
V265_150_FLOOR,12.0,2026-04,202604140304,0.2946197367425004,2,0,0.0,4.544623655913979,0
V265_150_FLOOR,12.0,2026-04,202604150307,0.5377838153069647,2,0,0.0,11.3216796875,0
V265_150_FLOOR,12.0,2026-04,202604160906,0.2734821554827516,3,0,0.0,12.262054179560177,1
V265_150_FLOOR,12.0,2026-04,202604170305,0.3411198509722344,2,0,0.0,5.5560538116591935,0
V265_150_FLOOR,12.0,2026-04,202604180305,0.2720549230073839,3,0,0.0,11.166697674418606,1
V265_150_FLOOR,12.0,2026-04,202604181508,0.2718661195936503,2,0,0.0,6.091463414634146,0
V265_150_FLOOR,12.0,2026-04,202604190501,0.2885626325184496,5,0,0.0,10.138638757964086,0
V265_150_FLOOR,12.0,2026-04,202604190703,0.2752296481341026,2,0,0.0,6.153024911032029,0
V265_150_FLOOR,12.0,2026-04,202604191506,0.3056315845944473,2,0,0.0,4.394886363636363,0
V265_150_FLOOR,12.0,2026-04,202604210702,0.2673866285099271,2,0,0.0,12.796545105566217,0
V265_150_FLOOR,12.0,2026-04,202604211109,0.3601058868117655,2,0,0.0,8.955675675675677,0
V265_150_FLOOR,12.0,2026-04,202604220502,0.264066427446498,2,0,0.0,5.148058252427185,0
V265_150_FLOOR,12.0,2026-04,202604221103,0.26787535095246257,2,0,0.0,11.13095238095238,1
V265_150_FLOOR,12.0,2026-04,202604230507,0.28339613038398437,2,1,94320.0,9.416625916870416,1
V265_150_FLOOR,12.0,2026-04,202604231603,0.29943674085412764,3,0,0.0,12.320709126163944,0
V265_150_FLOOR,12.0,2026-04,202604240706,0.34147339061226634,2,0,0.0,4.871794871794871,0
V265_150_FLOOR,12.0,2026-04,202604242010,0.28815861390617115,4,1,98880.0,10.045127816968039,1
V265_150_FLOOR,12.0,2026-04,202604242308,0.422622307185711,3,0,0.0,11.19641356122163,0
V265_150_FLOOR,12.0,2026-04,202604250705,0.26209883466366035,3,0,0.0,10.106550567568778,1
V265_150_FLOOR,12.0,2026-04,202604250708,0.27267769749789683,2,0,0.0,4.786363636363636,1
V265_150_FLOOR,12.0,2026-04,202604250903,0.3216497136373958,3,0,0.0,12.136139451790095,0
V265_150_FLOOR,12.0,2026-04,202604251307,0.3418843683748642,2,0,0.0,14.352,0
V265_150_FLOOR,12.0,2026-04,202604252307,0.31429084019845915,5,0,0.0,12.037949705488371,1
V265_150_FLOOR,12.0,2026-04,202604260310,0.4282072473785074,2,0,0.0,11.167857142857143,0
V265_150_FLOOR,12.0,2026-04,202604270602,0.2587123355220862,7,0,0.0,10.926765939317,1
V265_150_FLOOR,12.0,2026-04,202604270606,0.30091215856015424,2,0,0.0,9.115777777777778,1
V265_150_FLOOR,12.0,2026-04,202604271607,0.30746468742416017,2,0,0.0,11.490719696969697,0
V265_150_FLOOR,12.0,2026-04,202604280603,0.4257913769775326,2,0,0.0,4.712,0
V265_150_FLOOR,12.0,2026-04,202604280606,0.2934100701818783,3,1,97500.0,9.792724839563247,1
V265_150_FLOOR,12.0,2026-04,202604281502,0.2800449536243937,3,0,0.0,12.098004325171628,0
V265_150_FLOOR,12.0,2026-04,202604281606,0.2703458159727097,4,0,0.0,12.054413940815861,0
V265_150_FLOOR,12.0,2026-04,202604290306,0.4484681766561571,2,0,0.0,6.274603174603175,0
V265_150_FLOOR,12.0,2026-04,202604291402,0.28081296291722935,3,0,0.0,7.570394379556842,0
V265_150_FLOOR,12.0,2026-05,202605011707,0.2838811097437825,2,0,0.0,10.46689497716895,0
V265_150_FLOOR,12.0,2026-05,202605012009,0.27511469973493785,2,0,0.0,8.080538922155688,0
V265_150_FLOOR,12.0,2026-05,202605020908,0.274714290954804,2,0,0.0,9.885678391959798,0
V265_150_FLOOR,12.0,2026-05,202605021103,0.3068104752313956,2,1,62160.0,6.268235294117647,1
V265_150_FLOOR,12.0,2026-05,202605022307,0.33630409307060355,2,0,0.0,3.5517857142857143,0
V265_150_FLOOR,12.0,2026-05,202605030104,0.2784233693716568,2,0,0.0,6.849097472924187,0
V265_150_FLOOR,12.0,2026-05,202605030105,0.2864821579486016,2,0,0.0,6.595289855072465,0
V265_150_FLOOR,12.0,2026-05,202605030805,0.25965141696697547,2,1,95360.0,9.537439613526569,1
V265_150_FLOOR,12.0,2026-05,202605030811,0.30371342685538905,2,0,0.0,8.817567567567567,0
V265_150_FLOOR,12.0,2026-05,202605031208,0.2642027549565139,2,0,0.0,11.18339552238806,0
V265_150_FLOOR,12.0,2026-05,202605032307,0.3051327060992939,2,0,0.0,7.57125748502994,1
V265_150_FLOOR,12.0,2026-05,202605040202,0.3096735093272526,2,0,0.0,8.46798866855524,0
V265_150_FLOOR,12.0,2026-05,202605040403,0.3473575119951659,2,0,0.0,11.167303609341825,0
V265_150_FLOOR,12.0,2026-05,202605040701,0.27466698060588435,2,1,93100.0,9.398936170212767,1
V265_150_FLOOR,12.0,2026-05,202605040802,0.2678469152020087,2,1,113399.99999999999,11.363924050632912,1
V265_150_FLOOR,12.0,2026-05,202605040805,0.2637378165674796,2,0,0.0,12.370967741935484,1
V265_150_FLOOR,12.0,2026-05,202605041410,0.29886403790075977,2,0,0.0,12.67911877394636,1
V265_150_FLOOR,12.0,2026-05,202605042009,0.28395614168427785,2,0,0.0,8.64406779661017,0
V265_150_FLOOR,12.0,2026-05,202605050202,0.3918981006405124,2,0,0.0,3.988271604938272,0
V265_150_FLOOR,12.0,2026-05,202605050203,0.3108794544562109,2,0,0.0,7.600638977635782,1
V265_150_FLOOR,12.0,2026-05,202605050702,0.26784541248341415,2,0,0.0,8.75390625,1
V265_150_FLOOR,12.0,2026-05,202605050811,0.26211905084711595,2,0,0.0,9.711219512195123,0
V265_150_FLOOR,12.0,2026-05,202605050904,0.2617846350280769,2,0,0.0,11.029759299781182,0
V265_150_FLOOR,12.0,2026-05,202605051303,0.2791592281877297,2,0,0.0,7.892088607594937,0
V265_150_FLOOR,12.0,2026-05,202605051306,0.31139744736742775,2,0,0.0,8.202216066481995,0
V265_150_FLOOR,12.0,2026-05,202605051602,0.4193770093755381,7,0,0.0,11.937756852765082,0
V265_150_FLOOR,12.0,2026-05,202605072406,0.3292638658153312,2,0,0.0,4.800000000000001,1
V265_150_FLOOR,12.0,2026-05,202605091805,0.4406120477581777,2,0,0.0,10.699792960662526,0
V265_150_FLOOR,12.0,2026-05,202605101604,0.27730837884651754,5,0,0.0,11.310552688525702,0
V265_150_FLOOR,12.0,2026-05,202605102010,0.30084518973855817,2,0,0.0,4.623404255319148,0
V265_150_FLOOR,12.0,2026-05,202605111110,0.2697755085304251,3,0,0.0,10.639725795870897,1
V265_150_FLOOR,12.0,2026-05,202605111606,0.3431416340830779,2,1,56950.0,5.721153846153847,1
V265_150_FLOOR,12.0,2026-05,202605112308,0.41885950939577216,2,1,57200.0,5.71551724137931,1
V265_150_FLOOR,12.0,2026-05,202605130406,0.3043573167495788,2,0,0.0,10.961434977578474,1
V265_150_FLOOR,12.0,2026-05,202605130408,0.3294507040220866,2,0,0.0,3.78125,1
V265_150_FLOOR,12.0,2026-05,202605171007,0.3174507753234482,2,0,0.0,7.096830985915493,0
V265_150_FLOOR,12.0,2026-05,202605191406,0.2718096465553448,2,0,0.0,11.379310344827585,1
V265_150_FLOOR,12.0,2026-05,202605191811,0.26143992435645796,2,0,0.0,8.498533724340177,0
V265_150_FLOOR,12.0,2026-05,202605200506,0.26731602126644516,3,0,0.0,9.313918447924165,0
V265_150_FLOOR,12.0,2026-05,202605201505,0.392938737109297,3,0,0.0,12.643042429170787,1
V265_150_FLOOR,12.0,2026-05,202605202002,0.30348484430205747,2,0,0.0,9.913647642679901,0
V265_150_FLOOR,12.0,2026-05,202605211905,0.26287016182024237,2,1,100650.0,10.063829787234042,1
V265_150_FLOOR,12.0,2026-05,202605231808,0.3152664002126307,2,0,0.0,8.795675675675675,1
V265_150_FLOOR,12.0,2026-05,202605242411,0.3059097277605911,3,0,0.0,11.611890746172701,1
V265_150_FLOOR,12.0,2026-05,202605251307,0.3368046939857835,2,0,0.0,4.701492537313433,0
V265_150_FLOOR,12.0,2026-05,202605252408,0.2942172067066334,3,0,0.0,11.381637039701172,1
V265_150_FLOOR,12.0,2026-05,202605261206,0.2762810743423838,2,1,67200.0,6.72,1
V265_150_FLOOR,12.0,2026-05,202605270807,0.3048358442397874,3,0,0.0,12.03462861208839,1
V265_150_FLOOR,12.0,2026-05,202605271204,0.26410630259954015,2,0,0.0,8.764044943820224,0
V265_150_FLOOR,12.0,2026-05,202605280710,0.26732938939754464,2,0,0.0,13.137546468401487,0
V265_150_FLOOR,12.0,2026-05,202605281008,0.315666172278955,3,1,103020.0,10.418279867526808,1
V265_150_FLOOR,12.0,2026-05,202605281810,0.27871551831526964,2,0,0.0,8.917808219178083,0
V265_150_FLOOR,12.0,2026-05,202605291807,0.27562632347677013,2,0,0.0,6.151470588235294,0
V265_150_FLOOR,12.0,2026-05,202605300104,0.3263926233134816,2,0,0.0,6.913636363636364,0
V265_150_FLOOR,12.0,2026-05,202605300507,0.27999095666554075,2,0,0.0,14.564715719063546,0
V265_150_FLOOR,12.0,2026-05,202605301108,0.265708944702467,2,0,0.0,6.776556776556777,1
V265_150_FLOOR,12.0,2026-05,202605312304,0.32308396186684674,3,0,0.0,10.442496868021134,0
V265_150_FLOOR,12.0,2026-06,202606010506,0.4413777115040715,2,0,0.0,3.788235294117647,0
V265_150_FLOOR,12.0,2026-06,202606010803,0.3971699898196419,3,0,0.0,13.658363686065325,0
V265_150_FLOOR,12.0,2026-06,202606010809,0.2838867915030514,10,0,0.0,12.228713625436052,0
V265_150_FLOOR,12.0,2026-06,202606012402,0.39556981611653297,2,0,0.0,7.068131868131867,0
V265_150_FLOOR,12.0,2026-06,202606020906,0.33751046021860165,2,0,0.0,5.71551724137931,0
V265_150_FLOOR,12.0,2026-06,202606021007,0.3517489957184822,2,0,0.0,13.20734908136483,1
V265_150_FLOOR,12.0,2026-06,202606022307,0.48162235876506365,2,0,0.0,6.739436619718309,0
V265_150_FLOOR,12.0,2026-06,202606032109,0.2857027321218678,2,0,0.0,8.772164948453609,0
V265_150_FLOOR,12.0,2026-06,202606040305,0.2867966990725239,2,0,0.0,8.526,1
V265_150_FLOOR,12.0,2026-06,202606040506,0.5042634433119151,2,1,50960.00000000001,5.092156862745099,1
V265_150_FLOOR,12.0,2026-06,202606040907,0.2984146129118725,3,0,0.0,12.804543085313156,0
V265_150_FLOOR,12.0,2026-06,202606050305,0.39129459073175993,3,0,0.0,11.34463549869474,0
V265_150_FLOOR,12.0,2026-06,202606060702,0.2982963086338197,3,0,0.0,8.3017138063279,1
V265_150_FLOOR,12.0,2026-06,202606060802,0.37926822363395585,6,0,0.0,12.784687036790961,0
V265_150_FLOOR,12.0,2026-06,202606061506,0.2622481955649939,2,0,0.0,8.863259668508288,0
V265_150_FLOOR,12.0,2026-06,202606071005,0.36554220186403585,2,0,0.0,4.4224719101123595,0
V265_150_FLOOR,12.0,2026-06,202606080510,0.3473214018467049,2,0,0.0,8.84047619047619,0
V265_150_FLOOR,12.0,2026-06,202606080910,0.4796071248367799,2,0,0.0,8.3,1
V265_150_FLOOR,12.0,2026-06,202606100903,0.2709043874583267,3,0,0.0,10.074807707987933,1
V265_150_FLOOR,12.0,2026-06,202606121108,0.287681147053555,2,0,0.0,7.666478873239437,0
V265_150_FLOOR,12.0,2026-06,202606121901,0.33655024192655186,2,0,0.0,11.727272727272727,0
V265_150_FLOOR,12.0,2026-06,202606122306,0.321640018946533,3,0,0.0,12.608492591797292,1
V265_150_FLOOR,12.0,2026-06,202606130609,0.3353942582194719,2,0,0.0,9.481558441558441,0
V265_150_FLOOR,12.0,2026-06,202606130702,0.316649932016858,4,0,0.0,12.228582211794254,1
V265_150_FLOOR,12.0,2026-06,202606132204,0.3020271302719198,3,0,0.0,12.772519329896907,1
V265_150_FLOOR,12.0,2026-06,202606150310,0.5010683029338686,2,0,0.0,9.859756097560977,0
V265_150_FLOOR,12.0,2026-06,202606151208,0.3339176233995096,2,0,0.0,6.481159420289856,0
V265_150_FLOOR,12.0,2026-06,202606180205,0.344567209861946,2,0,0.0,4.699530516431925,0
V265_150_FLOOR,12.0,2026-06,202606190903,0.30173134405047913,2,0,0.0,11.726513569937369,0
V265_150_FLOOR,12.0,2026-06,202606192107,0.2908266003082408,3,0,0.0,12.620396600566572,0
V265_150_FLOOR,12.0,2026-06,202606200903,0.3026971368075434,5,0,0.0,10.760744603129428,0
V265_150_FLOOR,12.0,2026-06,202606201709,0.34603560486712104,2,0,0.0,11.668522483940043,1
V265_150_FLOOR,12.0,2026-06,202606210906,0.32592090520514483,2,1,49680.0,4.964634146341463,1
V265_150_FLOOR,12.0,2026-06,202606240605,0.27940719854374535,2,1,112640.00000000001,11.200000000000001,1
V265_150_FLOOR,12.0,2026-06,202606241207,0.4296469673259614,2,0,0.0,12.55538160469667,1
V265_150_FLOOR,12.0,2026-06,202606241210,0.27895550302314437,2,0,0.0,8.1865889212828,0
V265_150_FLOOR,12.0,2026-06,202606260304,0.34838668584873567,2,0,0.0,12.496237623762376,0
V265_150_FLOOR,12.0,2026-06,202606260410,0.37869440158673384,4,0,0.0,9.602470299015934,0
V265_150_FLOOR,12.0,2026-06,202606260705,0.608092540425627,2,0,0.0,5.211428571428571,1
V265_150_FLOOR,12.0,2026-06,202606261709,0.32243681770399746,2,0,0.0,12.3,0
V265_150_FLOOR,12.0,2026-06,202606280205,0.26735321536064927,2,0,0.0,4.680851063829787,0
V265_150_FLOOR,12.0,2026-06,202606280508,0.36612085579216147,2,0,0.0,10.065777777777779,0
V265_150_FLOOR,12.0,2026-06,202606281008,0.2747421508693813,2,0,0.0,9.617158671586715,0
V265_150_FLOOR,12.0,2026-06,202606290806,0.32408625365601196,2,0,0.0,10.50532212885154,1
V265_150_FLOOR,12.0,2026-06,202606292011,0.26055307811418316,2,0,0.0,10.499787685774947,0
V265_150_FLOOR,12.0,2026-06,202606302304,0.3603764551907089,2,0,0.0,5.979583333333333,0
V265_150_FLOOR,12.5,2026-04,202604010110,0.32237465859780223,5,0,0.0,10.610995837755981,0
V265_150_FLOOR,12.5,2026-04,202604010206,0.34704012949552776,2,0,0.0,7.370847457627118,0
V265_150_FLOOR,12.5,2026-04,202604010603,0.2724305691891156,2,0,0.0,13.618709677419355,1
V265_150_FLOOR,12.5,2026-04,202604010804,0.3579565862741262,2,0,0.0,7.793823529411765,1
V265_150_FLOOR,12.5,2026-04,202604020108,0.40123097854906364,2,0,0.0,6.069958847736625,0
V265_150_FLOOR,12.5,2026-04,202604022209,0.30066370447381086,2,0,0.0,7.392739273927393,0
V265_150_FLOOR,12.5,2026-04,202604030402,0.4401581638507809,2,0,0.0,7.531353135313531,0
V265_150_FLOOR,12.5,2026-04,202604031806,0.30801796864254627,2,0,0.0,6.532584269662922,0
V265_150_FLOOR,12.5,2026-04,202604042202,0.46679155112387094,2,0,0.0,6.39375,0
V265_150_FLOOR,12.5,2026-04,202604070808,0.3197210867321282,2,0,0.0,5.27688679245283,0
V265_150_FLOOR,12.5,2026-04,202604072403,0.3500721904843996,2,0,0.0,14.648464163822526,0
V265_150_FLOOR,12.5,2026-04,202604081111,0.282134126320437,2,0,0.0,11.932500000000001,0
V265_150_FLOOR,12.5,2026-04,202604082306,0.2698153652282027,2,1,54500.0,5.399537037037037,1
V265_150_FLOOR,12.5,2026-04,202604090703,0.305676970801037,2,0,0.0,7.899683544303797,1
V265_150_FLOOR,12.5,2026-04,202604091506,0.25913057871504697,2,0,0.0,8.8775,0
V265_150_FLOOR,12.5,2026-04,202604121607,0.3024045537661642,2,0,0.0,12.857142857142858,0
V265_150_FLOOR,12.5,2026-04,202604140304,0.2946197367425004,2,0,0.0,4.544623655913979,0
V265_150_FLOOR,12.5,2026-04,202604150307,0.5377838153069647,2,0,0.0,11.3216796875,0
V265_150_FLOOR,12.5,2026-04,202604160906,0.2734821554827516,2,0,0.0,12.47098976109215,1
V265_150_FLOOR,12.5,2026-04,202604170305,0.3411198509722344,2,0,0.0,5.5560538116591935,0
V265_150_FLOOR,12.5,2026-04,202604180305,0.2720549230073839,3,0,0.0,11.166697674418606,1
V265_150_FLOOR,12.5,2026-04,202604181508,0.2718661195936503,2,0,0.0,6.091463414634146,0
V265_150_FLOOR,12.5,2026-04,202604190501,0.2885626325184496,4,0,0.0,14.674641461712374,0
V265_150_FLOOR,12.5,2026-04,202604190703,0.2752296481341026,2,0,0.0,6.153024911032029,0
V265_150_FLOOR,12.5,2026-04,202604191506,0.3056315845944473,2,0,0.0,4.394886363636363,0
V265_150_FLOOR,12.5,2026-04,202604210702,0.2673866285099271,2,0,0.0,12.796545105566217,0
V265_150_FLOOR,12.5,2026-04,202604211109,0.3601058868117655,2,0,0.0,8.955675675675677,0
V265_150_FLOOR,12.5,2026-04,202604220502,0.264066427446498,2,0,0.0,5.148058252427185,0
V265_150_FLOOR,12.5,2026-04,202604221103,0.26787535095246257,2,0,0.0,11.13095238095238,1
V265_150_FLOOR,12.5,2026-04,202604230507,0.28339613038398437,2,1,94320.0,9.416625916870416,1
V265_150_FLOOR,12.5,2026-04,202604231603,0.29943674085412764,3,0,0.0,12.320709126163944,0
V265_150_FLOOR,12.5,2026-04,202604240706,0.34147339061226634,2,0,0.0,4.871794871794871,0
V265_150_FLOOR,12.5,2026-04,202604242010,0.28815861390617115,3,0,0.0,14.88354600402955,1
V265_150_FLOOR,12.5,2026-04,202604242308,0.422622307185711,3,0,0.0,11.19641356122163,0
V265_150_FLOOR,12.5,2026-04,202604250705,0.26209883466366035,3,0,0.0,10.106550567568778,1
V265_150_FLOOR,12.5,2026-04,202604250708,0.27267769749789683,2,0,0.0,4.786363636363636,1
V265_150_FLOOR,12.5,2026-04,202604250903,0.3216497136373958,3,0,0.0,12.136139451790095,0
V265_150_FLOOR,12.5,2026-04,202604251307,0.3418843683748642,2,0,0.0,14.352,0
V265_150_FLOOR,12.5,2026-04,202604252307,0.31429084019845915,5,0,0.0,12.037949705488371,1
V265_150_FLOOR,12.5,2026-04,202604260310,0.4282072473785074,2,0,0.0,11.167857142857143,0
V265_150_FLOOR,12.5,2026-04,202604270602,0.2587123355220862,7,0,0.0,10.926765939317,1
V265_150_FLOOR,12.5,2026-04,202604270606,0.30091215856015424,2,0,0.0,9.115777777777778,1
V265_150_FLOOR,12.5,2026-04,202604271607,0.30746468742416017,2,0,0.0,11.490719696969697,0
V265_150_FLOOR,12.5,2026-04,202604280603,0.4257913769775326,2,0,0.0,4.712,0
V265_150_FLOOR,12.5,2026-04,202604280606,0.2934100701818783,3,1,97500.0,9.792724839563247,1
V265_150_FLOOR,12.5,2026-04,202604281502,0.2800449536243937,3,0,0.0,12.098004325171628,0
V265_150_FLOOR,12.5,2026-04,202604281606,0.2703458159727097,4,0,0.0,12.054413940815861,0
V265_150_FLOOR,12.5,2026-04,202604290306,0.4484681766561571,2,0,0.0,6.274603174603175,0
V265_150_FLOOR,12.5,2026-04,202604291402,0.28081296291722935,2,0,0.0,16.920240782543264,0
V265_150_FLOOR,12.5,2026-05,202605011707,0.2838811097437825,2,0,0.0,10.46689497716895,0
V265_150_FLOOR,12.5,2026-05,202605012009,0.27511469973493785,2,0,0.0,8.080538922155688,0
V265_150_FLOOR,12.5,2026-05,202605020908,0.274714290954804,2,0,0.0,9.885678391959798,0
V265_150_FLOOR,12.5,2026-05,202605021103,0.3068104752313956,2,1,62160.0,6.268235294117647,1
V265_150_FLOOR,12.5,2026-05,202605022307,0.33630409307060355,2,0,0.0,3.5517857142857143,0
V265_150_FLOOR,12.5,2026-05,202605030104,0.2784233693716568,2,0,0.0,6.849097472924187,0
V265_150_FLOOR,12.5,2026-05,202605030105,0.2864821579486016,2,0,0.0,6.595289855072465,0
V265_150_FLOOR,12.5,2026-05,202605030805,0.25965141696697547,2,1,95360.0,9.537439613526569,1
V265_150_FLOOR,12.5,2026-05,202605030811,0.30371342685538905,2,0,0.0,8.817567567567567,0
V265_150_FLOOR,12.5,2026-05,202605031208,0.2642027549565139,2,0,0.0,11.18339552238806,0
V265_150_FLOOR,12.5,2026-05,202605032307,0.3051327060992939,2,0,0.0,7.57125748502994,1
V265_150_FLOOR,12.5,2026-05,202605040202,0.3096735093272526,2,0,0.0,8.46798866855524,0
V265_150_FLOOR,12.5,2026-05,202605040403,0.3473575119951659,2,0,0.0,11.167303609341825,0
V265_150_FLOOR,12.5,2026-05,202605040701,0.27466698060588435,2,1,93100.0,9.398936170212767,1
V265_150_FLOOR,12.5,2026-05,202605040802,0.2678469152020087,2,1,113399.99999999999,11.363924050632912,1
V265_150_FLOOR,12.5,2026-05,202605040805,0.2637378165674796,2,0,0.0,12.370967741935484,1
V265_150_FLOOR,12.5,2026-05,202605041410,0.29886403790075977,2,0,0.0,12.67911877394636,1
V265_150_FLOOR,12.5,2026-05,202605042009,0.28395614168427785,2,0,0.0,8.64406779661017,0
V265_150_FLOOR,12.5,2026-05,202605050202,0.3918981006405124,2,0,0.0,3.988271604938272,0
V265_150_FLOOR,12.5,2026-05,202605050203,0.3108794544562109,2,0,0.0,7.600638977635782,1
V265_150_FLOOR,12.5,2026-05,202605050702,0.26784541248341415,2,0,0.0,8.75390625,1
V265_150_FLOOR,12.5,2026-05,202605050811,0.26211905084711595,2,0,0.0,9.711219512195123,0
V265_150_FLOOR,12.5,2026-05,202605050904,0.2617846350280769,2,0,0.0,11.029759299781182,0
V265_150_FLOOR,12.5,2026-05,202605051303,0.2791592281877297,2,0,0.0,7.892088607594937,0
V265_150_FLOOR,12.5,2026-05,202605051306,0.31139744736742775,2,0,0.0,8.202216066481995,0
V265_150_FLOOR,12.5,2026-05,202605051602,0.4193770093755381,6,0,0.0,13.042809271192986,0
V265_150_FLOOR,12.5,2026-05,202605072406,0.3292638658153312,2,0,0.0,4.800000000000001,1
V265_150_FLOOR,12.5,2026-05,202605091805,0.4406120477581777,2,0,0.0,10.699792960662526,0
V265_150_FLOOR,12.5,2026-05,202605101604,0.27730837884651754,5,0,0.0,11.310552688525702,0
V265_150_FLOOR,12.5,2026-05,202605102010,0.30084518973855817,2,0,0.0,4.623404255319148,0
V265_150_FLOOR,12.5,2026-05,202605111110,0.2697755085304251,2,0,0.0,13.501277372262773,1
V265_150_FLOOR,12.5,2026-05,202605111606,0.3431416340830779,2,1,56950.0,5.721153846153847,1
V265_150_FLOOR,12.5,2026-05,202605112308,0.41885950939577216,2,1,57200.0,5.71551724137931,1
V265_150_FLOOR,12.5,2026-05,202605130406,0.3043573167495788,2,0,0.0,10.961434977578474,1
V265_150_FLOOR,12.5,2026-05,202605130408,0.3294507040220866,2,0,0.0,3.78125,1
V265_150_FLOOR,12.5,2026-05,202605171007,0.3174507753234482,2,0,0.0,7.096830985915493,0
V265_150_FLOOR,12.5,2026-05,202605191406,0.2718096465553448,2,0,0.0,11.379310344827585,1
V265_150_FLOOR,12.5,2026-05,202605191811,0.26143992435645796,2,0,0.0,8.498533724340177,0
V265_150_FLOOR,12.5,2026-05,202605200506,0.26731602126644516,3,0,0.0,9.313918447924165,0
V265_150_FLOOR,12.5,2026-05,202605201505,0.392938737109297,3,0,0.0,12.643042429170787,1
V265_150_FLOOR,12.5,2026-05,202605202002,0.30348484430205747,2,0,0.0,9.913647642679901,0
V265_150_FLOOR,12.5,2026-05,202605211905,0.26287016182024237,2,1,100650.0,10.063829787234042,1
V265_150_FLOOR,12.5,2026-05,202605231808,0.3152664002126307,2,0,0.0,8.795675675675675,1
V265_150_FLOOR,12.5,2026-05,202605242411,0.3059097277605911,3,0,0.0,11.611890746172701,1
V265_150_FLOOR,12.5,2026-05,202605251307,0.3368046939857835,2,0,0.0,4.701492537313433,0
V265_150_FLOOR,12.5,2026-05,202605252408,0.2942172067066334,2,0,0.0,12.722393162393162,1
V265_150_FLOOR,12.5,2026-05,202605261206,0.2762810743423838,2,1,67200.0,6.72,1
V265_150_FLOOR,12.5,2026-05,202605270807,0.3048358442397874,3,0,0.0,12.03462861208839,1
V265_150_FLOOR,12.5,2026-05,202605271204,0.26410630259954015,2,0,0.0,8.764044943820224,0
V265_150_FLOOR,12.5,2026-05,202605280710,0.26732938939754464,2,0,0.0,13.137546468401487,0
V265_150_FLOOR,12.5,2026-05,202605281008,0.315666172278955,3,1,103020.0,10.418279867526808,1
V265_150_FLOOR,12.5,2026-05,202605281810,0.27871551831526964,2,0,0.0,8.917808219178083,0
V265_150_FLOOR,12.5,2026-05,202605291807,0.27562632347677013,2,0,0.0,6.151470588235294,0
V265_150_FLOOR,12.5,2026-05,202605300104,0.3263926233134816,2,0,0.0,6.913636363636364,0
V265_150_FLOOR,12.5,2026-05,202605300507,0.27999095666554075,2,0,0.0,14.564715719063546,0
V265_150_FLOOR,12.5,2026-05,202605301108,0.265708944702467,2,0,0.0,6.776556776556777,1
V265_150_FLOOR,12.5,2026-05,202605312304,0.32308396186684674,3,0,0.0,10.442496868021134,0
V265_150_FLOOR,12.5,2026-06,202606010506,0.4413777115040715,2,0,0.0,3.788235294117647,0
V265_150_FLOOR,12.5,2026-06,202606010803,0.3971699898196419,3,0,0.0,13.658363686065325,0
V265_150_FLOOR,12.5,2026-06,202606010809,0.2838867915030514,10,0,0.0,12.228713625436052,0
V265_150_FLOOR,12.5,2026-06,202606012402,0.39556981611653297,2,0,0.0,7.068131868131867,0
V265_150_FLOOR,12.5,2026-06,202606020906,0.33751046021860165,2,0,0.0,5.71551724137931,0
V265_150_FLOOR,12.5,2026-06,202606021007,0.3517489957184822,2,0,0.0,13.20734908136483,1
V265_150_FLOOR,12.5,2026-06,202606022307,0.48162235876506365,2,0,0.0,6.739436619718309,0
V265_150_FLOOR,12.5,2026-06,202606032109,0.2857027321218678,2,0,0.0,8.772164948453609,0
V265_150_FLOOR,12.5,2026-06,202606040305,0.2867966990725239,2,0,0.0,8.526,1
V265_150_FLOOR,12.5,2026-06,202606040506,0.5042634433119151,2,1,50960.00000000001,5.092156862745099,1
V265_150_FLOOR,12.5,2026-06,202606040907,0.2984146129118725,3,0,0.0,12.804543085313156,0
V265_150_FLOOR,12.5,2026-06,202606050305,0.39129459073175993,3,0,0.0,11.34463549869474,0
V265_150_FLOOR,12.5,2026-06,202606060702,0.2982963086338197,3,0,0.0,8.3017138063279,1
V265_150_FLOOR,12.5,2026-06,202606060802,0.37926822363395585,6,0,0.0,12.784687036790961,0
V265_150_FLOOR,12.5,2026-06,202606061506,0.2622481955649939,2,0,0.0,8.863259668508288,0
V265_150_FLOOR,12.5,2026-06,202606071005,0.36554220186403585,2,0,0.0,4.4224719101123595,0
V265_150_FLOOR,12.5,2026-06,202606080510,0.3473214018467049,2,0,0.0,8.84047619047619,0
V265_150_FLOOR,12.5,2026-06,202606080910,0.4796071248367799,2,0,0.0,8.3,1
V265_150_FLOOR,12.5,2026-06,202606100903,0.2709043874583267,3,0,0.0,10.074807707987933,1
V265_150_FLOOR,12.5,2026-06,202606121108,0.287681147053555,2,0,0.0,7.666478873239437,0
V265_150_FLOOR,12.5,2026-06,202606121901,0.33655024192655186,2,0,0.0,11.727272727272727,0
V265_150_FLOOR,12.5,2026-06,202606122306,0.321640018946533,3,0,0.0,12.608492591797292,1
V265_150_FLOOR,12.5,2026-06,202606130609,0.3353942582194719,2,0,0.0,9.481558441558441,0
V265_150_FLOOR,12.5,2026-06,202606130702,0.316649932016858,4,0,0.0,12.228582211794254,1
V265_150_FLOOR,12.5,2026-06,202606132204,0.3020271302719198,3,0,0.0,12.772519329896907,1
V265_150_FLOOR,12.5,2026-06,202606150310,0.5010683029338686,2,0,0.0,9.859756097560977,0
V265_150_FLOOR,12.5,2026-06,202606151208,0.3339176233995096,2,0,0.0,6.481159420289856,0
V265_150_FLOOR,12.5,2026-06,202606180205,0.344567209861946,2,0,0.0,4.699530516431925,0
V265_150_FLOOR,12.5,2026-06,202606190903,0.30173134405047913,2,0,0.0,11.726513569937369,0
V265_150_FLOOR,12.5,2026-06,202606192107,0.2908266003082408,3,0,0.0,12.620396600566572,0
V265_150_FLOOR,12.5,2026-06,202606200903,0.3026971368075434,4,0,0.0,13.947205722080998,0
V265_150_FLOOR,12.5,2026-06,202606201709,0.34603560486712104,2,0,0.0,11.668522483940043,1
V265_150_FLOOR,12.5,2026-06,202606210906,0.32592090520514483,2,1,49680.0,4.964634146341463,1
V265_150_FLOOR,12.5,2026-06,202606240605,0.27940719854374535,2,1,112640.00000000001,11.200000000000001,1
V265_150_FLOOR,12.5,2026-06,202606241207,0.4296469673259614,2,0,0.0,12.55538160469667,1
V265_150_FLOOR,12.5,2026-06,202606241210,0.27895550302314437,2,0,0.0,8.1865889212828,0
V265_150_FLOOR,12.5,2026-06,202606260304,0.34838668584873567,2,0,0.0,12.496237623762376,0
V265_150_FLOOR,12.5,2026-06,202606260410,0.37869440158673384,3,0,0.0,15.260225648154249,0
V265_150_FLOOR,12.5,2026-06,202606260705,0.608092540425627,2,0,0.0,5.211428571428571,1
V265_150_FLOOR,12.5,2026-06,202606261709,0.32243681770399746,2,0,0.0,12.3,0
V265_150_FLOOR,12.5,2026-06,202606280205,0.26735321536064927,2,0,0.0,4.680851063829787,0
V265_150_FLOOR,12.5,2026-06,202606280508,0.36612085579216147,2,0,0.0,10.065777777777779,0
V265_150_FLOOR,12.5,2026-06,202606281008,0.2747421508693813,2,0,0.0,9.617158671586715,0
V265_150_FLOOR,12.5,2026-06,202606290806,0.32408625365601196,2,0,0.0,10.50532212885154,1
V265_150_FLOOR,12.5,2026-06,202606292011,0.26055307811418316,2,0,0.0,10.499787685774947,0
V265_150_FLOOR,12.5,2026-06,202606302304,0.3603764551907089,2,0,0.0,5.979583333333333,0
V265_150_FLOOR,13.0,2026-04,202604010110,0.32237465859780223,5,0,0.0,10.610995837755981,0
V265_150_FLOOR,13.0,2026-04,202604010206,0.34704012949552776,2,0,0.0,7.370847457627118,0
V265_150_FLOOR,13.0,2026-04,202604010603,0.2724305691891156,2,0,0.0,13.618709677419355,1
V265_150_FLOOR,13.0,2026-04,202604010804,0.3579565862741262,2,0,0.0,7.793823529411765,1
V265_150_FLOOR,13.0,2026-04,202604020108,0.40123097854906364,2,0,0.0,6.069958847736625,0
V265_150_FLOOR,13.0,2026-04,202604022209,0.30066370447381086,2,0,0.0,7.392739273927393,0
V265_150_FLOOR,13.0,2026-04,202604030402,0.4401581638507809,2,0,0.0,7.531353135313531,0
V265_150_FLOOR,13.0,2026-04,202604031806,0.30801796864254627,2,0,0.0,6.532584269662922,0
V265_150_FLOOR,13.0,2026-04,202604042202,0.46679155112387094,2,0,0.0,6.39375,0
V265_150_FLOOR,13.0,2026-04,202604070808,0.3197210867321282,2,0,0.0,5.27688679245283,0
V265_150_FLOOR,13.0,2026-04,202604072403,0.3500721904843996,2,0,0.0,14.648464163822526,0
V265_150_FLOOR,13.0,2026-04,202604081111,0.282134126320437,2,0,0.0,11.932500000000001,0
V265_150_FLOOR,13.0,2026-04,202604082306,0.2698153652282027,2,1,54500.0,5.399537037037037,1
V265_150_FLOOR,13.0,2026-04,202604090703,0.305676970801037,2,0,0.0,7.899683544303797,1
V265_150_FLOOR,13.0,2026-04,202604091506,0.25913057871504697,2,0,0.0,8.8775,0
V265_150_FLOOR,13.0,2026-04,202604121607,0.3024045537661642,2,0,0.0,12.857142857142858,0
V265_150_FLOOR,13.0,2026-04,202604140304,0.2946197367425004,2,0,0.0,4.544623655913979,0
V265_150_FLOOR,13.0,2026-04,202604150307,0.5377838153069647,2,0,0.0,11.3216796875,0
V265_150_FLOOR,13.0,2026-04,202604160906,0.2734821554827516,2,0,0.0,12.47098976109215,1
V265_150_FLOOR,13.0,2026-04,202604170305,0.3411198509722344,2,0,0.0,5.5560538116591935,0
V265_150_FLOOR,13.0,2026-04,202604180305,0.2720549230073839,2,0,0.0,14.497826086956524,1
V265_150_FLOOR,13.0,2026-04,202604181508,0.2718661195936503,2,0,0.0,6.091463414634146,0
V265_150_FLOOR,13.0,2026-04,202604190501,0.2885626325184496,4,0,0.0,14.674641461712374,0
V265_150_FLOOR,13.0,2026-04,202604190703,0.2752296481341026,2,0,0.0,6.153024911032029,0
V265_150_FLOOR,13.0,2026-04,202604191506,0.3056315845944473,2,0,0.0,4.394886363636363,0
V265_150_FLOOR,13.0,2026-04,202604210702,0.2673866285099271,2,0,0.0,12.796545105566217,0
V265_150_FLOOR,13.0,2026-04,202604211109,0.3601058868117655,2,0,0.0,8.955675675675677,0
V265_150_FLOOR,13.0,2026-04,202604220502,0.264066427446498,2,0,0.0,5.148058252427185,0
V265_150_FLOOR,13.0,2026-04,202604221103,0.26787535095246257,2,0,0.0,11.13095238095238,1
V265_150_FLOOR,13.0,2026-04,202604230507,0.28339613038398437,2,1,94320.0,9.416625916870416,1
V265_150_FLOOR,13.0,2026-04,202604231603,0.29943674085412764,3,0,0.0,12.320709126163944,0
V265_150_FLOOR,13.0,2026-04,202604240706,0.34147339061226634,2,0,0.0,4.871794871794871,0
V265_150_FLOOR,13.0,2026-04,202604242010,0.28815861390617115,3,0,0.0,14.88354600402955,1
V265_150_FLOOR,13.0,2026-04,202604242308,0.422622307185711,3,0,0.0,11.19641356122163,0
V265_150_FLOOR,13.0,2026-04,202604250705,0.26209883466366035,2,0,0.0,15.720789074355084,1
V265_150_FLOOR,13.0,2026-04,202604250708,0.27267769749789683,2,0,0.0,4.786363636363636,1
V265_150_FLOOR,13.0,2026-04,202604250903,0.3216497136373958,3,0,0.0,12.136139451790095,0
V265_150_FLOOR,13.0,2026-04,202604251307,0.3418843683748642,2,0,0.0,14.352,0
V265_150_FLOOR,13.0,2026-04,202604252307,0.31429084019845915,4,0,0.0,12.999786032742618,1
V265_150_FLOOR,13.0,2026-04,202604260310,0.4282072473785074,2,0,0.0,11.167857142857143,0
V265_150_FLOOR,13.0,2026-04,202604270602,0.2587123355220862,7,0,0.0,10.926765939317,1
V265_150_FLOOR,13.0,2026-04,202604270606,0.30091215856015424,2,0,0.0,9.115777777777778,1
V265_150_FLOOR,13.0,2026-04,202604271607,0.30746468742416017,2,0,0.0,11.490719696969697,0
V265_150_FLOOR,13.0,2026-04,202604280603,0.4257913769775326,2,0,0.0,4.712,0
V265_150_FLOOR,13.0,2026-04,202604280606,0.2934100701818783,2,0,0.0,16.09875,1
V265_150_FLOOR,13.0,2026-04,202604281502,0.2800449536243937,3,0,0.0,12.098004325171628,0
V265_150_FLOOR,13.0,2026-04,202604281606,0.2703458159727097,4,0,0.0,12.054413940815861,0
V265_150_FLOOR,13.0,2026-04,202604290306,0.4484681766561571,2,0,0.0,6.274603174603175,0
V265_150_FLOOR,13.0,2026-04,202604291402,0.28081296291722935,2,0,0.0,16.920240782543264,0
V265_150_FLOOR,13.0,2026-05,202605011707,0.2838811097437825,2,0,0.0,10.46689497716895,0
V265_150_FLOOR,13.0,2026-05,202605012009,0.27511469973493785,2,0,0.0,8.080538922155688,0
V265_150_FLOOR,13.0,2026-05,202605020908,0.274714290954804,2,0,0.0,9.885678391959798,0
V265_150_FLOOR,13.0,2026-05,202605021103,0.3068104752313956,2,1,62160.0,6.268235294117647,1
V265_150_FLOOR,13.0,2026-05,202605022307,0.33630409307060355,2,0,0.0,3.5517857142857143,0
V265_150_FLOOR,13.0,2026-05,202605030104,0.2784233693716568,2,0,0.0,6.849097472924187,0
V265_150_FLOOR,13.0,2026-05,202605030105,0.2864821579486016,2,0,0.0,6.595289855072465,0
V265_150_FLOOR,13.0,2026-05,202605030805,0.25965141696697547,2,1,95360.0,9.537439613526569,1
V265_150_FLOOR,13.0,2026-05,202605030811,0.30371342685538905,2,0,0.0,8.817567567567567,0
V265_150_FLOOR,13.0,2026-05,202605031208,0.2642027549565139,2,0,0.0,11.18339552238806,0
V265_150_FLOOR,13.0,2026-05,202605032307,0.3051327060992939,2,0,0.0,7.57125748502994,1
V265_150_FLOOR,13.0,2026-05,202605040202,0.3096735093272526,2,0,0.0,8.46798866855524,0
V265_150_FLOOR,13.0,2026-05,202605040403,0.3473575119951659,2,0,0.0,11.167303609341825,0
V265_150_FLOOR,13.0,2026-05,202605040701,0.27466698060588435,2,1,93100.0,9.398936170212767,1
V265_150_FLOOR,13.0,2026-05,202605040802,0.2678469152020087,2,1,113399.99999999999,11.363924050632912,1
V265_150_FLOOR,13.0,2026-05,202605040805,0.2637378165674796,2,0,0.0,12.370967741935484,1
V265_150_FLOOR,13.0,2026-05,202605041410,0.29886403790075977,2,0,0.0,12.67911877394636,1
V265_150_FLOOR,13.0,2026-05,202605042009,0.28395614168427785,2,0,0.0,8.64406779661017,0
V265_150_FLOOR,13.0,2026-05,202605050202,0.3918981006405124,2,0,0.0,3.988271604938272,0
V265_150_FLOOR,13.0,2026-05,202605050203,0.3108794544562109,2,0,0.0,7.600638977635782,1
V265_150_FLOOR,13.0,2026-05,202605050702,0.26784541248341415,2,0,0.0,8.75390625,1
V265_150_FLOOR,13.0,2026-05,202605050811,0.26211905084711595,2,0,0.0,9.711219512195123,0
V265_150_FLOOR,13.0,2026-05,202605050904,0.2617846350280769,2,0,0.0,11.029759299781182,0
V265_150_FLOOR,13.0,2026-05,202605051303,0.2791592281877297,2,0,0.0,7.892088607594937,0
V265_150_FLOOR,13.0,2026-05,202605051306,0.31139744736742775,2,0,0.0,8.202216066481995,0
V265_150_FLOOR,13.0,2026-05,202605051602,0.4193770093755381,6,0,0.0,13.042809271192986,0
V265_150_FLOOR,13.0,2026-05,202605072406,0.3292638658153312,2,0,0.0,4.800000000000001,1
V265_150_FLOOR,13.0,2026-05,202605091805,0.4406120477581777,2,0,0.0,10.699792960662526,0
V265_150_FLOOR,13.0,2026-05,202605101604,0.27730837884651754,4,0,0.0,14.686917644928075,0
V265_150_FLOOR,13.0,2026-05,202605102010,0.30084518973855817,2,0,0.0,4.623404255319148,0
V265_150_FLOOR,13.0,2026-05,202605111110,0.2697755085304251,2,0,0.0,13.501277372262773,1
V265_150_FLOOR,13.0,2026-05,202605111606,0.3431416340830779,2,1,56950.0,5.721153846153847,1
V265_150_FLOOR,13.0,2026-05,202605112308,0.41885950939577216,2,1,57200.0,5.71551724137931,1
V265_150_FLOOR,13.0,2026-05,202605130406,0.3043573167495788,2,0,0.0,10.961434977578474,1
V265_150_FLOOR,13.0,2026-05,202605130408,0.3294507040220866,2,0,0.0,3.78125,1
V265_150_FLOOR,13.0,2026-05,202605171007,0.3174507753234482,2,0,0.0,7.096830985915493,0
V265_150_FLOOR,13.0,2026-05,202605191406,0.2718096465553448,2,0,0.0,11.379310344827585,1
V265_150_FLOOR,13.0,2026-05,202605191811,0.26143992435645796,2,0,0.0,8.498533724340177,0
V265_150_FLOOR,13.0,2026-05,202605200506,0.26731602126644516,3,0,0.0,9.313918447924165,0
V265_150_FLOOR,13.0,2026-05,202605201505,0.392938737109297,3,0,0.0,12.643042429170787,1
V265_150_FLOOR,13.0,2026-05,202605202002,0.30348484430205747,2,0,0.0,9.913647642679901,0
V265_150_FLOOR,13.0,2026-05,202605211905,0.26287016182024237,2,1,100650.0,10.063829787234042,1
V265_150_FLOOR,13.0,2026-05,202605231808,0.3152664002126307,2,0,0.0,8.795675675675675,1
V265_150_FLOOR,13.0,2026-05,202605242411,0.3059097277605911,3,0,0.0,11.611890746172701,1
V265_150_FLOOR,13.0,2026-05,202605251307,0.3368046939857835,2,0,0.0,4.701492537313433,0
V265_150_FLOOR,13.0,2026-05,202605252408,0.2942172067066334,2,0,0.0,12.722393162393162,1
V265_150_FLOOR,13.0,2026-05,202605261206,0.2762810743423838,2,1,67200.0,6.72,1
V265_150_FLOOR,13.0,2026-05,202605270807,0.3048358442397874,2,0,0.0,13.37609841827768,1
V265_150_FLOOR,13.0,2026-05,202605271204,0.26410630259954015,2,0,0.0,8.764044943820224,0
V265_150_FLOOR,13.0,2026-05,202605280710,0.26732938939754464,2,0,0.0,13.137546468401487,0
V265_150_FLOOR,13.0,2026-05,202605281008,0.315666172278955,3,1,103020.0,10.418279867526808,1
V265_150_FLOOR,13.0,2026-05,202605281810,0.27871551831526964,2,0,0.0,8.917808219178083,0
V265_150_FLOOR,13.0,2026-05,202605291807,0.27562632347677013,2,0,0.0,6.151470588235294,0
V265_150_FLOOR,13.0,2026-05,202605300104,0.3263926233134816,2,0,0.0,6.913636363636364,0
V265_150_FLOOR,13.0,2026-05,202605300507,0.27999095666554075,2,0,0.0,14.564715719063546,0
V265_150_FLOOR,13.0,2026-05,202605301108,0.265708944702467,2,0,0.0,6.776556776556777,1
V265_150_FLOOR,13.0,2026-05,202605312304,0.32308396186684674,2,0,0.0,15.171792152704136,0
V265_150_FLOOR,13.0,2026-06,202606010506,0.4413777115040715,2,0,0.0,3.788235294117647,0
V265_150_FLOOR,13.0,2026-06,202606010803,0.3971699898196419,3,0,0.0,13.658363686065325,0
V265_150_FLOOR,13.0,2026-06,202606010809,0.2838867915030514,9,0,0.0,13.689488831344587,0
V265_150_FLOOR,13.0,2026-06,202606012402,0.39556981611653297,2,0,0.0,7.068131868131867,0
V265_150_FLOOR,13.0,2026-06,202606020906,0.33751046021860165,2,0,0.0,5.71551724137931,0
V265_150_FLOOR,13.0,2026-06,202606021007,0.3517489957184822,2,0,0.0,13.20734908136483,1
V265_150_FLOOR,13.0,2026-06,202606022307,0.48162235876506365,2,0,0.0,6.739436619718309,0
V265_150_FLOOR,13.0,2026-06,202606032109,0.2857027321218678,2,0,0.0,8.772164948453609,0
V265_150_FLOOR,13.0,2026-06,202606040305,0.2867966990725239,2,0,0.0,8.526,1
V265_150_FLOOR,13.0,2026-06,202606040506,0.5042634433119151,2,1,50960.00000000001,5.092156862745099,1
V265_150_FLOOR,13.0,2026-06,202606040907,0.2984146129118725,3,0,0.0,12.804543085313156,0
V265_150_FLOOR,13.0,2026-06,202606050305,0.39129459073175993,3,0,0.0,11.34463549869474,0
V265_150_FLOOR,13.0,2026-06,202606060702,0.2982963086338197,3,0,0.0,8.3017138063279,1
V265_150_FLOOR,13.0,2026-06,202606060802,0.37926822363395585,6,0,0.0,12.784687036790961,0
V265_150_FLOOR,13.0,2026-06,202606061506,0.2622481955649939,2,0,0.0,8.863259668508288,0
V265_150_FLOOR,13.0,2026-06,202606071005,0.36554220186403585,2,0,0.0,4.4224719101123595,0
V265_150_FLOOR,13.0,2026-06,202606080510,0.3473214018467049,2,0,0.0,8.84047619047619,0
V265_150_FLOOR,13.0,2026-06,202606080910,0.4796071248367799,2,0,0.0,8.3,1
V265_150_FLOOR,13.0,2026-06,202606100903,0.2709043874583267,3,0,0.0,10.074807707987933,1
V265_150_FLOOR,13.0,2026-06,202606121108,0.287681147053555,2,0,0.0,7.666478873239437,0
V265_150_FLOOR,13.0,2026-06,202606121901,0.33655024192655186,2,0,0.0,11.727272727272727,0
V265_150_FLOOR,13.0,2026-06,202606122306,0.321640018946533,3,0,0.0,12.608492591797292,1
V265_150_FLOOR,13.0,2026-06,202606130609,0.3353942582194719,2,0,0.0,9.481558441558441,0
V265_150_FLOOR,13.0,2026-06,202606130702,0.316649932016858,4,0,0.0,12.228582211794254,1
V265_150_FLOOR,13.0,2026-06,202606132204,0.3020271302719198,3,0,0.0,12.772519329896907,1
V265_150_FLOOR,13.0,2026-06,202606150310,0.5010683029338686,2,0,0.0,9.859756097560977,0
V265_150_FLOOR,13.0,2026-06,202606151208,0.3339176233995096,2,0,0.0,6.481159420289856,0
V265_150_FLOOR,13.0,2026-06,202606180205,0.344567209861946,2,0,0.0,4.699530516431925,0
V265_150_FLOOR,13.0,2026-06,202606190903,0.30173134405047913,2,0,0.0,11.726513569937369,0
V265_150_FLOOR,13.0,2026-06,202606192107,0.2908266003082408,3,0,0.0,12.620396600566572,0
V265_150_FLOOR,13.0,2026-06,202606200903,0.3026971368075434,4,0,0.0,13.947205722080998,0
V265_150_FLOOR,13.0,2026-06,202606201709,0.34603560486712104,2,0,0.0,11.668522483940043,1
V265_150_FLOOR,13.0,2026-06,202606210906,0.32592090520514483,2,1,49680.0,4.964634146341463,1
V265_150_FLOOR,13.0,2026-06,202606240605,0.27940719854374535,2,1,112640.00000000001,11.200000000000001,1
V265_150_FLOOR,13.0,2026-06,202606241207,0.4296469673259614,2,0,0.0,12.55538160469667,1
V265_150_FLOOR,13.0,2026-06,202606241210,0.27895550302314437,2,0,0.0,8.1865889212828,0
V265_150_FLOOR,13.0,2026-06,202606260304,0.34838668584873567,2,0,0.0,12.496237623762376,0
V265_150_FLOOR,13.0,2026-06,202606260410,0.37869440158673384,3,0,0.0,15.260225648154249,0
V265_150_FLOOR,13.0,2026-06,202606260705,0.608092540425627,2,0,0.0,5.211428571428571,1
V265_150_FLOOR,13.0,2026-06,202606261709,0.32243681770399746,2,0,0.0,12.3,0
V265_150_FLOOR,13.0,2026-06,202606280205,0.26735321536064927,2,0,0.0,4.680851063829787,0
V265_150_FLOOR,13.0,2026-06,202606280508,0.36612085579216147,2,0,0.0,10.065777777777779,0
V265_150_FLOOR,13.0,2026-06,202606281008,0.2747421508693813,2,0,0.0,9.617158671586715,0
V265_150_FLOOR,13.0,2026-06,202606290806,0.32408625365601196,2,0,0.0,10.50532212885154,1
V265_150_FLOOR,13.0,2026-06,202606292011,0.26055307811418316,2,0,0.0,10.499787685774947,0
V265_150_FLOOR,13.0,2026-06,202606302304,0.3603764551907089,2,0,0.0,5.979583333333333,0
V265_150_FLOOR,13.5,2026-04,202604010110,0.32237465859780223,4,0,0.0,15.754822017984177,0
V265_150_FLOOR,13.5,2026-04,202604010206,0.34704012949552776,2,0,0.0,7.370847457627118,0
V265_150_FLOOR,13.5,2026-04,202604010603,0.2724305691891156,2,0,0.0,13.618709677419355,1
V265_150_FLOOR,13.5,2026-04,202604010804,0.3579565862741262,2,0,0.0,7.793823529411765,1
V265_150_FLOOR,13.5,2026-04,202604020108,0.40123097854906364,2,0,0.0,6.069958847736625,0
V265_150_FLOOR,13.5,2026-04,202604022209,0.30066370447381086,2,0,0.0,7.392739273927393,0
V265_150_FLOOR,13.5,2026-04,202604030402,0.4401581638507809,2,0,0.0,7.531353135313531,0
V265_150_FLOOR,13.5,2026-04,202604031806,0.30801796864254627,2,0,0.0,6.532584269662922,0
V265_150_FLOOR,13.5,2026-04,202604042202,0.46679155112387094,2,0,0.0,6.39375,0
V265_150_FLOOR,13.5,2026-04,202604070808,0.3197210867321282,2,0,0.0,5.27688679245283,0
V265_150_FLOOR,13.5,2026-04,202604072403,0.3500721904843996,2,0,0.0,14.648464163822526,0
V265_150_FLOOR,13.5,2026-04,202604081111,0.282134126320437,2,0,0.0,11.932500000000001,0
V265_150_FLOOR,13.5,2026-04,202604082306,0.2698153652282027,2,1,54500.0,5.399537037037037,1
V265_150_FLOOR,13.5,2026-04,202604090703,0.305676970801037,2,0,0.0,7.899683544303797,1
V265_150_FLOOR,13.5,2026-04,202604091506,0.25913057871504697,2,0,0.0,8.8775,0
V265_150_FLOOR,13.5,2026-04,202604121607,0.3024045537661642,2,0,0.0,12.857142857142858,0
V265_150_FLOOR,13.5,2026-04,202604140304,0.2946197367425004,2,0,0.0,4.544623655913979,0
V265_150_FLOOR,13.5,2026-04,202604150307,0.5377838153069647,2,0,0.0,11.3216796875,0
V265_150_FLOOR,13.5,2026-04,202604160906,0.2734821554827516,2,0,0.0,12.47098976109215,1
V265_150_FLOOR,13.5,2026-04,202604170305,0.3411198509722344,2,0,0.0,5.5560538116591935,0
V265_150_FLOOR,13.5,2026-04,202604180305,0.2720549230073839,2,0,0.0,14.497826086956524,1
V265_150_FLOOR,13.5,2026-04,202604181508,0.2718661195936503,2,0,0.0,6.091463414634146,0
V265_150_FLOOR,13.5,2026-04,202604190501,0.2885626325184496,4,0,0.0,14.674641461712374,0
V265_150_FLOOR,13.5,2026-04,202604190703,0.2752296481341026,2,0,0.0,6.153024911032029,0
V265_150_FLOOR,13.5,2026-04,202604191506,0.3056315845944473,2,0,0.0,4.394886363636363,0
V265_150_FLOOR,13.5,2026-04,202604210702,0.2673866285099271,2,0,0.0,12.796545105566217,0
V265_150_FLOOR,13.5,2026-04,202604211109,0.3601058868117655,2,0,0.0,8.955675675675677,0
V265_150_FLOOR,13.5,2026-04,202604220502,0.264066427446498,2,0,0.0,5.148058252427185,0
V265_150_FLOOR,13.5,2026-04,202604221103,0.26787535095246257,2,0,0.0,11.13095238095238,1
V265_150_FLOOR,13.5,2026-04,202604230507,0.28339613038398437,2,1,94320.0,9.416625916870416,1
V265_150_FLOOR,13.5,2026-04,202604231603,0.29943674085412764,3,0,0.0,12.320709126163944,0
V265_150_FLOOR,13.5,2026-04,202604240706,0.34147339061226634,2,0,0.0,4.871794871794871,0
V265_150_FLOOR,13.5,2026-04,202604242010,0.28815861390617115,3,0,0.0,14.88354600402955,1
V265_150_FLOOR,13.5,2026-04,202604242308,0.422622307185711,3,0,0.0,11.19641356122163,0
V265_150_FLOOR,13.5,2026-04,202604250705,0.26209883466366035,2,0,0.0,15.720789074355084,1
V265_150_FLOOR,13.5,2026-04,202604250708,0.27267769749789683,2,0,0.0,4.786363636363636,1
V265_150_FLOOR,13.5,2026-04,202604250903,0.3216497136373958,3,0,0.0,12.136139451790095,0
V265_150_FLOOR,13.5,2026-04,202604251307,0.3418843683748642,2,0,0.0,14.352,0
V265_150_FLOOR,13.5,2026-04,202604252307,0.31429084019845915,4,0,0.0,12.999786032742618,1
V265_150_FLOOR,13.5,2026-04,202604260310,0.4282072473785074,2,0,0.0,11.167857142857143,0
V265_150_FLOOR,13.5,2026-04,202604270602,0.2587123355220862,7,0,0.0,10.926765939317,1
V265_150_FLOOR,13.5,2026-04,202604270606,0.30091215856015424,2,0,0.0,9.115777777777778,1
V265_150_FLOOR,13.5,2026-04,202604271607,0.30746468742416017,2,0,0.0,11.490719696969697,0
V265_150_FLOOR,13.5,2026-04,202604280603,0.4257913769775326,2,0,0.0,4.712,0
V265_150_FLOOR,13.5,2026-04,202604280606,0.2934100701818783,2,0,0.0,16.09875,1
V265_150_FLOOR,13.5,2026-04,202604281502,0.2800449536243937,3,0,0.0,12.098004325171628,0
V265_150_FLOOR,13.5,2026-04,202604281606,0.2703458159727097,3,0,0.0,14.825074093084094,0
V265_150_FLOOR,13.5,2026-04,202604290306,0.4484681766561571,2,0,0.0,6.274603174603175,0
V265_150_FLOOR,13.5,2026-04,202604291402,0.28081296291722935,2,0,0.0,16.920240782543264,0
V265_150_FLOOR,13.5,2026-05,202605011707,0.2838811097437825,2,0,0.0,10.46689497716895,0
V265_150_FLOOR,13.5,2026-05,202605012009,0.27511469973493785,2,0,0.0,8.080538922155688,0
V265_150_FLOOR,13.5,2026-05,202605020908,0.274714290954804,2,0,0.0,9.885678391959798,0
V265_150_FLOOR,13.5,2026-05,202605021103,0.3068104752313956,2,1,62160.0,6.268235294117647,1
V265_150_FLOOR,13.5,2026-05,202605022307,0.33630409307060355,2,0,0.0,3.5517857142857143,0
V265_150_FLOOR,13.5,2026-05,202605030104,0.2784233693716568,2,0,0.0,6.849097472924187,0
V265_150_FLOOR,13.5,2026-05,202605030105,0.2864821579486016,2,0,0.0,6.595289855072465,0
V265_150_FLOOR,13.5,2026-05,202605030805,0.25965141696697547,2,1,95360.0,9.537439613526569,1
V265_150_FLOOR,13.5,2026-05,202605030811,0.30371342685538905,2,0,0.0,8.817567567567567,0
V265_150_FLOOR,13.5,2026-05,202605031208,0.2642027549565139,2,0,0.0,11.18339552238806,0
V265_150_FLOOR,13.5,2026-05,202605032307,0.3051327060992939,2,0,0.0,7.57125748502994,1
V265_150_FLOOR,13.5,2026-05,202605040202,0.3096735093272526,2,0,0.0,8.46798866855524,0
V265_150_FLOOR,13.5,2026-05,202605040403,0.3473575119951659,2,0,0.0,11.167303609341825,0
V265_150_FLOOR,13.5,2026-05,202605040701,0.27466698060588435,2,1,93100.0,9.398936170212767,1
V265_150_FLOOR,13.5,2026-05,202605040802,0.2678469152020087,2,1,113399.99999999999,11.363924050632912,1
V265_150_FLOOR,13.5,2026-05,202605040805,0.2637378165674796,2,0,0.0,12.370967741935484,1
V265_150_FLOOR,13.5,2026-05,202605041410,0.29886403790075977,2,0,0.0,12.67911877394636,1
V265_150_FLOOR,13.5,2026-05,202605042009,0.28395614168427785,2,0,0.0,8.64406779661017,0
V265_150_FLOOR,13.5,2026-05,202605050202,0.3918981006405124,2,0,0.0,3.988271604938272,0
V265_150_FLOOR,13.5,2026-05,202605050203,0.3108794544562109,2,0,0.0,7.600638977635782,1
V265_150_FLOOR,13.5,2026-05,202605050702,0.26784541248341415,2,0,0.0,8.75390625,1
V265_150_FLOOR,13.5,2026-05,202605050811,0.26211905084711595,2,0,0.0,9.711219512195123,0
V265_150_FLOOR,13.5,2026-05,202605050904,0.2617846350280769,2,0,0.0,11.029759299781182,0
V265_150_FLOOR,13.5,2026-05,202605051303,0.2791592281877297,2,0,0.0,7.892088607594937,0
V265_150_FLOOR,13.5,2026-05,202605051306,0.31139744736742775,2,0,0.0,8.202216066481995,0
V265_150_FLOOR,13.5,2026-05,202605051602,0.4193770093755381,6,0,0.0,13.042809271192986,0
V265_150_FLOOR,13.5,2026-05,202605072406,0.3292638658153312,2,0,0.0,4.800000000000001,1
V265_150_FLOOR,13.5,2026-05,202605091805,0.4406120477581777,2,0,0.0,10.699792960662526,0
V265_150_FLOOR,13.5,2026-05,202605101604,0.27730837884651754,4,0,0.0,14.686917644928075,0
V265_150_FLOOR,13.5,2026-05,202605102010,0.30084518973855817,2,0,0.0,4.623404255319148,0
V265_150_FLOOR,13.5,2026-05,202605111110,0.2697755085304251,2,0,0.0,13.501277372262773,1
V265_150_FLOOR,13.5,2026-05,202605111606,0.3431416340830779,2,1,56950.0,5.721153846153847,1
V265_150_FLOOR,13.5,2026-05,202605112308,0.41885950939577216,2,1,57200.0,5.71551724137931,1
V265_150_FLOOR,13.5,2026-05,202605130406,0.3043573167495788,2,0,0.0,10.961434977578474,1
V265_150_FLOOR,13.5,2026-05,202605130408,0.3294507040220866,2,0,0.0,3.78125,1
V265_150_FLOOR,13.5,2026-05,202605171007,0.3174507753234482,2,0,0.0,7.096830985915493,0
V265_150_FLOOR,13.5,2026-05,202605191406,0.2718096465553448,2,0,0.0,11.379310344827585,1
V265_150_FLOOR,13.5,2026-05,202605191811,0.26143992435645796,2,0,0.0,8.498533724340177,0
V265_150_FLOOR,13.5,2026-05,202605200506,0.26731602126644516,3,0,0.0,9.313918447924165,0
V265_150_FLOOR,13.5,2026-05,202605201505,0.392938737109297,3,0,0.0,12.643042429170787,1
V265_150_FLOOR,13.5,2026-05,202605202002,0.30348484430205747,2,0,0.0,9.913647642679901,0
V265_150_FLOOR,13.5,2026-05,202605211905,0.26287016182024237,2,1,100650.0,10.063829787234042,1
V265_150_FLOOR,13.5,2026-05,202605231808,0.3152664002126307,2,0,0.0,8.795675675675675,1
V265_150_FLOOR,13.5,2026-05,202605242411,0.3059097277605911,3,0,0.0,11.611890746172701,1
V265_150_FLOOR,13.5,2026-05,202605251307,0.3368046939857835,2,0,0.0,4.701492537313433,0
V265_150_FLOOR,13.5,2026-05,202605252408,0.2942172067066334,2,0,0.0,12.722393162393162,1
V265_150_FLOOR,13.5,2026-05,202605261206,0.2762810743423838,2,1,67200.0,6.72,1
V265_150_FLOOR,13.5,2026-05,202605270807,0.3048358442397874,2,0,0.0,13.37609841827768,1
V265_150_FLOOR,13.5,2026-05,202605271204,0.26410630259954015,2,0,0.0,8.764044943820224,0
V265_150_FLOOR,13.5,2026-05,202605280710,0.26732938939754464,2,0,0.0,13.137546468401487,0
V265_150_FLOOR,13.5,2026-05,202605281008,0.315666172278955,2,0,0.0,15.877593984962404,1
V265_150_FLOOR,13.5,2026-05,202605281810,0.27871551831526964,2,0,0.0,8.917808219178083,0
V265_150_FLOOR,13.5,2026-05,202605291807,0.27562632347677013,2,0,0.0,6.151470588235294,0
V265_150_FLOOR,13.5,2026-05,202605300104,0.3263926233134816,2,0,0.0,6.913636363636364,0
V265_150_FLOOR,13.5,2026-05,202605300507,0.27999095666554075,2,0,0.0,14.564715719063546,0
V265_150_FLOOR,13.5,2026-05,202605301108,0.265708944702467,2,0,0.0,6.776556776556777,1
V265_150_FLOOR,13.5,2026-05,202605312304,0.32308396186684674,2,0,0.0,15.171792152704136,0
V265_150_FLOOR,13.5,2026-06,202606010506,0.4413777115040715,2,0,0.0,3.788235294117647,0
V265_150_FLOOR,13.5,2026-06,202606010803,0.3971699898196419,3,0,0.0,13.658363686065325,0
V265_150_FLOOR,13.5,2026-06,202606010809,0.2838867915030514,9,0,0.0,13.689488831344587,0
V265_150_FLOOR,13.5,2026-06,202606012402,0.39556981611653297,2,0,0.0,7.068131868131867,0
V265_150_FLOOR,13.5,2026-06,202606020906,0.33751046021860165,2,0,0.0,5.71551724137931,0
V265_150_FLOOR,13.5,2026-06,202606021007,0.3517489957184822,2,0,0.0,13.20734908136483,1
V265_150_FLOOR,13.5,2026-06,202606022307,0.48162235876506365,2,0,0.0,6.739436619718309,0
V265_150_FLOOR,13.5,2026-06,202606032109,0.2857027321218678,2,0,0.0,8.772164948453609,0
V265_150_FLOOR,13.5,2026-06,202606040305,0.2867966990725239,2,0,0.0,8.526,1
V265_150_FLOOR,13.5,2026-06,202606040506,0.5042634433119151,2,1,50960.00000000001,5.092156862745099,1
V265_150_FLOOR,13.5,2026-06,202606040907,0.2984146129118725,3,0,0.0,12.804543085313156,0
V265_150_FLOOR,13.5,2026-06,202606050305,0.39129459073175993,3,0,0.0,11.34463549869474,0
V265_150_FLOOR,13.5,2026-06,202606060702,0.2982963086338197,2,0,0.0,17.876,1
V265_150_FLOOR,13.5,2026-06,202606060802,0.37926822363395585,6,0,0.0,12.784687036790961,0
V265_150_FLOOR,13.5,2026-06,202606061506,0.2622481955649939,2,0,0.0,8.863259668508288,0
V265_150_FLOOR,13.5,2026-06,202606071005,0.36554220186403585,2,0,0.0,4.4224719101123595,0
V265_150_FLOOR,13.5,2026-06,202606080510,0.3473214018467049,2,0,0.0,8.84047619047619,0
V265_150_FLOOR,13.5,2026-06,202606080910,0.4796071248367799,2,0,0.0,8.3,1
V265_150_FLOOR,13.5,2026-06,202606100903,0.2709043874583267,3,0,0.0,10.074807707987933,1
V265_150_FLOOR,13.5,2026-06,202606121108,0.287681147053555,2,0,0.0,7.666478873239437,0
V265_150_FLOOR,13.5,2026-06,202606121901,0.33655024192655186,2,0,0.0,11.727272727272727,0
V265_150_FLOOR,13.5,2026-06,202606122306,0.321640018946533,3,0,0.0,12.608492591797292,1
V265_150_FLOOR,13.5,2026-06,202606130609,0.3353942582194719,2,0,0.0,9.481558441558441,0
V265_150_FLOOR,13.5,2026-06,202606130702,0.316649932016858,4,0,0.0,12.228582211794254,1
V265_150_FLOOR,13.5,2026-06,202606132204,0.3020271302719198,3,0,0.0,12.772519329896907,1
V265_150_FLOOR,13.5,2026-06,202606150310,0.5010683029338686,2,0,0.0,9.859756097560977,0
V265_150_FLOOR,13.5,2026-06,202606151208,0.3339176233995096,2,0,0.0,6.481159420289856,0
V265_150_FLOOR,13.5,2026-06,202606180205,0.344567209861946,2,0,0.0,4.699530516431925,0
V265_150_FLOOR,13.5,2026-06,202606190903,0.30173134405047913,2,0,0.0,11.726513569937369,0
V265_150_FLOOR,13.5,2026-06,202606192107,0.2908266003082408,3,0,0.0,12.620396600566572,0
V265_150_FLOOR,13.5,2026-06,202606200903,0.3026971368075434,4,0,0.0,13.947205722080998,0
V265_150_FLOOR,13.5,2026-06,202606201709,0.34603560486712104,2,0,0.0,11.668522483940043,1
V265_150_FLOOR,13.5,2026-06,202606210906,0.32592090520514483,2,1,49680.0,4.964634146341463,1
V265_150_FLOOR,13.5,2026-06,202606240605,0.27940719854374535,2,1,112640.00000000001,11.200000000000001,1
V265_150_FLOOR,13.5,2026-06,202606241207,0.4296469673259614,2,0,0.0,12.55538160469667,1
V265_150_FLOOR,13.5,2026-06,202606241210,0.27895550302314437,2,0,0.0,8.1865889212828,0
V265_150_FLOOR,13.5,2026-06,202606260304,0.34838668584873567,2,0,0.0,12.496237623762376,0
V265_150_FLOOR,13.5,2026-06,202606260410,0.37869440158673384,3,0,0.0,15.260225648154249,0
V265_150_FLOOR,13.5,2026-06,202606260705,0.608092540425627,2,0,0.0,5.211428571428571,1
V265_150_FLOOR,13.5,2026-06,202606261709,0.32243681770399746,2,0,0.0,12.3,0
V265_150_FLOOR,13.5,2026-06,202606280205,0.26735321536064927,2,0,0.0,4.680851063829787,0
V265_150_FLOOR,13.5,2026-06,202606280508,0.36612085579216147,2,0,0.0,10.065777777777779,0
V265_150_FLOOR,13.5,2026-06,202606281008,0.2747421508693813,2,0,0.0,9.617158671586715,0
V265_150_FLOOR,13.5,2026-06,202606290806,0.32408625365601196,2,0,0.0,10.50532212885154,1
V265_150_FLOOR,13.5,2026-06,202606292011,0.26055307811418316,2,0,0.0,10.499787685774947,0
V265_150_FLOOR,13.5,2026-06,202606302304,0.3603764551907089,2,0,0.0,5.979583333333333,0
V265_150_FLOOR,14.0,2026-04,202604010110,0.32237465859780223,4,0,0.0,15.754822017984177,0
V265_150_FLOOR,14.0,2026-04,202604010206,0.34704012949552776,2,0,0.0,7.370847457627118,0
V265_150_FLOOR,14.0,2026-04,202604010603,0.2724305691891156,2,0,0.0,13.618709677419355,1
V265_150_FLOOR,14.0,2026-04,202604010804,0.3579565862741262,2,0,0.0,7.793823529411765,1
V265_150_FLOOR,14.0,2026-04,202604020108,0.40123097854906364,2,0,0.0,6.069958847736625,0
V265_150_FLOOR,14.0,2026-04,202604022209,0.30066370447381086,2,0,0.0,7.392739273927393,0
V265_150_FLOOR,14.0,2026-04,202604030402,0.4401581638507809,2,0,0.0,7.531353135313531,0
V265_150_FLOOR,14.0,2026-04,202604031806,0.30801796864254627,2,0,0.0,6.532584269662922,0
V265_150_FLOOR,14.0,2026-04,202604042202,0.46679155112387094,2,0,0.0,6.39375,0
V265_150_FLOOR,14.0,2026-04,202604070808,0.3197210867321282,2,0,0.0,5.27688679245283,0
V265_150_FLOOR,14.0,2026-04,202604072403,0.3500721904843996,2,0,0.0,14.648464163822526,0
V265_150_FLOOR,14.0,2026-04,202604081111,0.282134126320437,2,0,0.0,11.932500000000001,0
V265_150_FLOOR,14.0,2026-04,202604082306,0.2698153652282027,2,1,54500.0,5.399537037037037,1
V265_150_FLOOR,14.0,2026-04,202604090703,0.305676970801037,2,0,0.0,7.899683544303797,1
V265_150_FLOOR,14.0,2026-04,202604091506,0.25913057871504697,2,0,0.0,8.8775,0
V265_150_FLOOR,14.0,2026-04,202604121607,0.3024045537661642,2,0,0.0,12.857142857142858,0
V265_150_FLOOR,14.0,2026-04,202604140304,0.2946197367425004,2,0,0.0,4.544623655913979,0
V265_150_FLOOR,14.0,2026-04,202604150307,0.5377838153069647,2,0,0.0,11.3216796875,0
V265_150_FLOOR,14.0,2026-04,202604160906,0.2734821554827516,2,0,0.0,12.47098976109215,1
V265_150_FLOOR,14.0,2026-04,202604170305,0.3411198509722344,2,0,0.0,5.5560538116591935,0
V265_150_FLOOR,14.0,2026-04,202604180305,0.2720549230073839,2,0,0.0,14.497826086956524,1
V265_150_FLOOR,14.0,2026-04,202604181508,0.2718661195936503,2,0,0.0,6.091463414634146,0
V265_150_FLOOR,14.0,2026-04,202604190501,0.2885626325184496,4,0,0.0,14.674641461712374,0
V265_150_FLOOR,14.0,2026-04,202604190703,0.2752296481341026,2,0,0.0,6.153024911032029,0
V265_150_FLOOR,14.0,2026-04,202604191506,0.3056315845944473,2,0,0.0,4.394886363636363,0
V265_150_FLOOR,14.0,2026-04,202604210702,0.2673866285099271,2,0,0.0,12.796545105566217,0
V265_150_FLOOR,14.0,2026-04,202604211109,0.3601058868117655,2,0,0.0,8.955675675675677,0
V265_150_FLOOR,14.0,2026-04,202604220502,0.264066427446498,2,0,0.0,5.148058252427185,0
V265_150_FLOOR,14.0,2026-04,202604221103,0.26787535095246257,2,0,0.0,11.13095238095238,1
V265_150_FLOOR,14.0,2026-04,202604230507,0.28339613038398437,2,1,94320.0,9.416625916870416,1
V265_150_FLOOR,14.0,2026-04,202604231603,0.29943674085412764,3,0,0.0,12.320709126163944,0
V265_150_FLOOR,14.0,2026-04,202604240706,0.34147339061226634,2,0,0.0,4.871794871794871,0
V265_150_FLOOR,14.0,2026-04,202604242010,0.28815861390617115,3,0,0.0,14.88354600402955,1
V265_150_FLOOR,14.0,2026-04,202604242308,0.422622307185711,3,0,0.0,11.19641356122163,0
V265_150_FLOOR,14.0,2026-04,202604250705,0.26209883466366035,2,0,0.0,15.720789074355084,1
V265_150_FLOOR,14.0,2026-04,202604250708,0.27267769749789683,2,0,0.0,4.786363636363636,1
V265_150_FLOOR,14.0,2026-04,202604250903,0.3216497136373958,3,0,0.0,12.136139451790095,0
V265_150_FLOOR,14.0,2026-04,202604251307,0.3418843683748642,2,0,0.0,14.352,0
V265_150_FLOOR,14.0,2026-04,202604252307,0.31429084019845915,3,0,0.0,14.289817795128357,1
V265_150_FLOOR,14.0,2026-04,202604260310,0.4282072473785074,2,0,0.0,11.167857142857143,0
V265_150_FLOOR,14.0,2026-04,202604270602,0.2587123355220862,6,0,0.0,16.239495454358128,1
V265_150_FLOOR,14.0,2026-04,202604270606,0.30091215856015424,2,0,0.0,9.115777777777778,1
V265_150_FLOOR,14.0,2026-04,202604271607,0.30746468742416017,2,0,0.0,11.490719696969697,0
V265_150_FLOOR,14.0,2026-04,202604280603,0.4257913769775326,2,0,0.0,4.712,0
V265_150_FLOOR,14.0,2026-04,202604280606,0.2934100701818783,2,0,0.0,16.09875,1
V265_150_FLOOR,14.0,2026-04,202604281502,0.2800449536243937,3,0,0.0,12.098004325171628,0
V265_150_FLOOR,14.0,2026-04,202604281606,0.2703458159727097,3,0,0.0,14.825074093084094,0
V265_150_FLOOR,14.0,2026-04,202604290306,0.4484681766561571,2,0,0.0,6.274603174603175,0
V265_150_FLOOR,14.0,2026-04,202604291402,0.28081296291722935,2,0,0.0,16.920240782543264,0
V265_150_FLOOR,14.0,2026-05,202605011707,0.2838811097437825,2,0,0.0,10.46689497716895,0
V265_150_FLOOR,14.0,2026-05,202605012009,0.27511469973493785,2,0,0.0,8.080538922155688,0
V265_150_FLOOR,14.0,2026-05,202605020908,0.274714290954804,2,0,0.0,9.885678391959798,0
V265_150_FLOOR,14.0,2026-05,202605021103,0.3068104752313956,2,1,62160.0,6.268235294117647,1
V265_150_FLOOR,14.0,2026-05,202605022307,0.33630409307060355,2,0,0.0,3.5517857142857143,0
V265_150_FLOOR,14.0,2026-05,202605030104,0.2784233693716568,2,0,0.0,6.849097472924187,0
V265_150_FLOOR,14.0,2026-05,202605030105,0.2864821579486016,2,0,0.0,6.595289855072465,0
V265_150_FLOOR,14.0,2026-05,202605030805,0.25965141696697547,2,1,95360.0,9.537439613526569,1
V265_150_FLOOR,14.0,2026-05,202605030811,0.30371342685538905,2,0,0.0,8.817567567567567,0
V265_150_FLOOR,14.0,2026-05,202605031208,0.2642027549565139,2,0,0.0,11.18339552238806,0
V265_150_FLOOR,14.0,2026-05,202605032307,0.3051327060992939,2,0,0.0,7.57125748502994,1
V265_150_FLOOR,14.0,2026-05,202605040202,0.3096735093272526,2,0,0.0,8.46798866855524,0
V265_150_FLOOR,14.0,2026-05,202605040403,0.3473575119951659,2,0,0.0,11.167303609341825,0
V265_150_FLOOR,14.0,2026-05,202605040701,0.27466698060588435,2,1,93100.0,9.398936170212767,1
V265_150_FLOOR,14.0,2026-05,202605040802,0.2678469152020087,2,1,113399.99999999999,11.363924050632912,1
V265_150_FLOOR,14.0,2026-05,202605040805,0.2637378165674796,2,0,0.0,12.370967741935484,1
V265_150_FLOOR,14.0,2026-05,202605041410,0.29886403790075977,2,0,0.0,12.67911877394636,1
V265_150_FLOOR,14.0,2026-05,202605042009,0.28395614168427785,2,0,0.0,8.64406779661017,0
V265_150_FLOOR,14.0,2026-05,202605050202,0.3918981006405124,2,0,0.0,3.988271604938272,0
V265_150_FLOOR,14.0,2026-05,202605050203,0.3108794544562109,2,0,0.0,7.600638977635782,1
V265_150_FLOOR,14.0,2026-05,202605050702,0.26784541248341415,2,0,0.0,8.75390625,1
V265_150_FLOOR,14.0,2026-05,202605050811,0.26211905084711595,2,0,0.0,9.711219512195123,0
V265_150_FLOOR,14.0,2026-05,202605050904,0.2617846350280769,2,0,0.0,11.029759299781182,0
V265_150_FLOOR,14.0,2026-05,202605051303,0.2791592281877297,2,0,0.0,7.892088607594937,0
V265_150_FLOOR,14.0,2026-05,202605051306,0.31139744736742775,2,0,0.0,8.202216066481995,0
V265_150_FLOOR,14.0,2026-05,202605051602,0.4193770093755381,6,0,0.0,13.042809271192986,0
V265_150_FLOOR,14.0,2026-05,202605072406,0.3292638658153312,2,0,0.0,4.800000000000001,1
V265_150_FLOOR,14.0,2026-05,202605091805,0.4406120477581777,2,0,0.0,10.699792960662526,0
V265_150_FLOOR,14.0,2026-05,202605101604,0.27730837884651754,4,0,0.0,14.686917644928075,0
V265_150_FLOOR,14.0,2026-05,202605102010,0.30084518973855817,2,0,0.0,4.623404255319148,0
V265_150_FLOOR,14.0,2026-05,202605111110,0.2697755085304251,2,0,0.0,13.501277372262773,1
V265_150_FLOOR,14.0,2026-05,202605111606,0.3431416340830779,2,1,56950.0,5.721153846153847,1
V265_150_FLOOR,14.0,2026-05,202605112308,0.41885950939577216,2,1,57200.0,5.71551724137931,1
V265_150_FLOOR,14.0,2026-05,202605130406,0.3043573167495788,2,0,0.0,10.961434977578474,1
V265_150_FLOOR,14.0,2026-05,202605130408,0.3294507040220866,2,0,0.0,3.78125,1
V265_150_FLOOR,14.0,2026-05,202605171007,0.3174507753234482,2,0,0.0,7.096830985915493,0
V265_150_FLOOR,14.0,2026-05,202605191406,0.2718096465553448,2,0,0.0,11.379310344827585,1
V265_150_FLOOR,14.0,2026-05,202605191811,0.26143992435645796,2,0,0.0,8.498533724340177,0
V265_150_FLOOR,14.0,2026-05,202605200506,0.26731602126644516,3,0,0.0,9.313918447924165,0
V265_150_FLOOR,14.0,2026-05,202605201505,0.392938737109297,3,0,0.0,12.643042429170787,1
V265_150_FLOOR,14.0,2026-05,202605202002,0.30348484430205747,2,0,0.0,9.913647642679901,0
V265_150_FLOOR,14.0,2026-05,202605211905,0.26287016182024237,2,1,100650.0,10.063829787234042,1
V265_150_FLOOR,14.0,2026-05,202605231808,0.3152664002126307,2,0,0.0,8.795675675675675,1
V265_150_FLOOR,14.0,2026-05,202605242411,0.3059097277605911,3,0,0.0,11.611890746172701,1
V265_150_FLOOR,14.0,2026-05,202605251307,0.3368046939857835,2,0,0.0,4.701492537313433,0
V265_150_FLOOR,14.0,2026-05,202605252408,0.2942172067066334,2,0,0.0,12.722393162393162,1
V265_150_FLOOR,14.0,2026-05,202605261206,0.2762810743423838,2,1,67200.0,6.72,1
V265_150_FLOOR,14.0,2026-05,202605270807,0.3048358442397874,2,0,0.0,13.37609841827768,1
V265_150_FLOOR,14.0,2026-05,202605271204,0.26410630259954015,2,0,0.0,8.764044943820224,0
V265_150_FLOOR,14.0,2026-05,202605280710,0.26732938939754464,2,0,0.0,13.137546468401487,0
V265_150_FLOOR,14.0,2026-05,202605281008,0.315666172278955,2,0,0.0,15.877593984962404,1
V265_150_FLOOR,14.0,2026-05,202605281810,0.27871551831526964,2,0,0.0,8.917808219178083,0
V265_150_FLOOR,14.0,2026-05,202605291807,0.27562632347677013,2,0,0.0,6.151470588235294,0
V265_150_FLOOR,14.0,2026-05,202605300104,0.3263926233134816,2,0,0.0,6.913636363636364,0
V265_150_FLOOR,14.0,2026-05,202605300507,0.27999095666554075,2,0,0.0,14.564715719063546,0
V265_150_FLOOR,14.0,2026-05,202605301108,0.265708944702467,2,0,0.0,6.776556776556777,1
V265_150_FLOOR,14.0,2026-05,202605312304,0.32308396186684674,2,0,0.0,15.171792152704136,0
V265_150_FLOOR,14.0,2026-06,202606010506,0.4413777115040715,2,0,0.0,3.788235294117647,0
V265_150_FLOOR,14.0,2026-06,202606010803,0.3971699898196419,3,0,0.0,13.658363686065325,0
V265_150_FLOOR,14.0,2026-06,202606010809,0.2838867915030514,8,0,0.0,13.83631995341371,0
V265_150_FLOOR,14.0,2026-06,202606012402,0.39556981611653297,2,0,0.0,7.068131868131867,0
V265_150_FLOOR,14.0,2026-06,202606020906,0.33751046021860165,2,0,0.0,5.71551724137931,0
V265_150_FLOOR,14.0,2026-06,202606021007,0.3517489957184822,2,0,0.0,13.20734908136483,1
V265_150_FLOOR,14.0,2026-06,202606022307,0.48162235876506365,2,0,0.0,6.739436619718309,0
V265_150_FLOOR,14.0,2026-06,202606032109,0.2857027321218678,2,0,0.0,8.772164948453609,0
V265_150_FLOOR,14.0,2026-06,202606040305,0.2867966990725239,2,0,0.0,8.526,1
V265_150_FLOOR,14.0,2026-06,202606040506,0.5042634433119151,2,1,50960.00000000001,5.092156862745099,1
V265_150_FLOOR,14.0,2026-06,202606040907,0.2984146129118725,2,0,0.0,15.041466498103665,0
V265_150_FLOOR,14.0,2026-06,202606050305,0.39129459073175993,2,0,0.0,16.40057388809182,0
V265_150_FLOOR,14.0,2026-06,202606060702,0.2982963086338197,2,0,0.0,17.876,1
V265_150_FLOOR,14.0,2026-06,202606060802,0.37926822363395585,6,0,0.0,12.784687036790961,0
V265_150_FLOOR,14.0,2026-06,202606061506,0.2622481955649939,2,0,0.0,8.863259668508288,0
V265_150_FLOOR,14.0,2026-06,202606071005,0.36554220186403585,2,0,0.0,4.4224719101123595,0
V265_150_FLOOR,14.0,2026-06,202606080510,0.3473214018467049,2,0,0.0,8.84047619047619,0
V265_150_FLOOR,14.0,2026-06,202606080910,0.4796071248367799,2,0,0.0,8.3,1
V265_150_FLOOR,14.0,2026-06,202606100903,0.2709043874583267,3,0,0.0,10.074807707987933,1
V265_150_FLOOR,14.0,2026-06,202606121108,0.287681147053555,2,0,0.0,7.666478873239437,0
V265_150_FLOOR,14.0,2026-06,202606121901,0.33655024192655186,2,0,0.0,11.727272727272727,0
V265_150_FLOOR,14.0,2026-06,202606122306,0.321640018946533,3,0,0.0,12.608492591797292,1
V265_150_FLOOR,14.0,2026-06,202606130609,0.3353942582194719,2,0,0.0,9.481558441558441,0
V265_150_FLOOR,14.0,2026-06,202606130702,0.316649932016858,3,0,0.0,15.467343984208563,1
V265_150_FLOOR,14.0,2026-06,202606132204,0.3020271302719198,3,0,0.0,12.772519329896907,1
V265_150_FLOOR,14.0,2026-06,202606150310,0.5010683029338686,2,0,0.0,9.859756097560977,0
V265_150_FLOOR,14.0,2026-06,202606151208,0.3339176233995096,2,0,0.0,6.481159420289856,0
V265_150_FLOOR,14.0,2026-06,202606180205,0.344567209861946,2,0,0.0,4.699530516431925,0
V265_150_FLOOR,14.0,2026-06,202606190903,0.30173134405047913,2,0,0.0,11.726513569937369,0
V265_150_FLOOR,14.0,2026-06,202606192107,0.2908266003082408,3,0,0.0,12.620396600566572,0
V265_150_FLOOR,14.0,2026-06,202606200903,0.3026971368075434,4,0,0.0,13.947205722080998,0
V265_150_FLOOR,14.0,2026-06,202606201709,0.34603560486712104,2,0,0.0,11.668522483940043,1
V265_150_FLOOR,14.0,2026-06,202606210906,0.32592090520514483,2,1,49680.0,4.964634146341463,1
V265_150_FLOOR,14.0,2026-06,202606240605,0.27940719854374535,2,1,112640.00000000001,11.200000000000001,1
V265_150_FLOOR,14.0,2026-06,202606241207,0.4296469673259614,2,0,0.0,12.55538160469667,1
V265_150_FLOOR,14.0,2026-06,202606241210,0.27895550302314437,2,0,0.0,8.1865889212828,0
V265_150_FLOOR,14.0,2026-06,202606260304,0.34838668584873567,2,0,0.0,12.496237623762376,0
V265_150_FLOOR,14.0,2026-06,202606260410,0.37869440158673384,3,0,0.0,15.260225648154249,0
V265_150_FLOOR,14.0,2026-06,202606260705,0.608092540425627,2,0,0.0,5.211428571428571,1
V265_150_FLOOR,14.0,2026-06,202606261709,0.32243681770399746,2,0,0.0,12.3,0
V265_150_FLOOR,14.0,2026-06,202606280205,0.26735321536064927,2,0,0.0,4.680851063829787,0
V265_150_FLOOR,14.0,2026-06,202606280508,0.36612085579216147,2,0,0.0,10.065777777777779,0
V265_150_FLOOR,14.0,2026-06,202606281008,0.2747421508693813,2,0,0.0,9.617158671586715,0
V265_150_FLOOR,14.0,2026-06,202606290806,0.32408625365601196,2,0,0.0,10.50532212885154,1
V265_150_FLOOR,14.0,2026-06,202606292011,0.26055307811418316,2,0,0.0,10.499787685774947,0
V265_150_FLOOR,14.0,2026-06,202606302304,0.3603764551907089,2,0,0.0,5.979583333333333,0
V265_200_SIMPLE,7.0,2026-04,202604010110,0.26692108921111923,10,0,0.0,6.621542990706436,0
V265_200_SIMPLE,7.0,2026-04,202604010206,0.32506308030228426,2,0,0.0,7.370847457627118,0
V265_200_SIMPLE,7.0,2026-04,202604010603,0.27218598988185544,4,0,0.0,6.369206424677222,1
V265_200_SIMPLE,7.0,2026-04,202604010804,0.3599868811087728,3,0,0.0,6.312047008516348,1
V265_200_SIMPLE,7.0,2026-04,202604020108,0.44510048394359497,2,0,0.0,6.069958847736625,0
V265_200_SIMPLE,7.0,2026-04,202604022209,0.3219681126083509,3,0,0.0,6.8005735802636895,0
V265_200_SIMPLE,7.0,2026-04,202604030402,0.42976881767895014,2,0,0.0,7.531353135313531,0
V265_200_SIMPLE,7.0,2026-04,202604031806,0.3382646415180911,2,0,0.0,6.532584269662922,0
V265_200_SIMPLE,7.0,2026-04,202604042202,0.6133690027661685,2,0,0.0,6.39375,0
V265_200_SIMPLE,7.0,2026-04,202604050401,0.27476840588122226,4,0,0.0,6.588241331199612,0
V265_200_SIMPLE,7.0,2026-04,202604052207,0.27607155480800594,3,0,0.0,8.734920117378547,0
V265_200_SIMPLE,7.0,2026-04,202604070808,0.3852076724370691,2,0,0.0,5.27688679245283,0
V265_200_SIMPLE,7.0,2026-04,202604071007,0.24786942974671006,5,0,0.0,7.323743167187085,0
V265_200_SIMPLE,7.0,2026-04,202604072403,0.4315065983482036,4,0,0.0,5.635766920167453,0
V265_200_SIMPLE,7.0,2026-04,202604082303,0.2534301642972762,3,0,0.0,6.9352625298329365,1
V265_200_SIMPLE,7.0,2026-04,202604082306,0.2872667268675872,2,1,54500.0,5.399537037037037,1
V265_200_SIMPLE,7.0,2026-04,202604090703,0.3479452866830688,2,0,0.0,7.899683544303797,1
V265_200_SIMPLE,7.0,2026-04,202604100708,0.2241821185947817,2,0,0.0,8.344213649851632,0
V265_200_SIMPLE,7.0,2026-04,202604110709,0.22434265544748633,15,0,0.0,7.054935090201144,0
V265_200_SIMPLE,7.0,2026-04,202604120406,0.2193943856867922,20,0,0.0,8.014512848818613,0
V265_200_SIMPLE,7.0,2026-04,202604121607,0.2514829204444463,5,0,0.0,6.582114336106131,0
V265_200_SIMPLE,7.0,2026-04,202604131606,0.22325835959277285,7,0,0.0,7.117426035783725,0
V265_200_SIMPLE,7.0,2026-04,202604140205,0.2832459356528888,3,0,0.0,5.946185056191878,0
V265_200_SIMPLE,7.0,2026-04,202604140304,0.2971526037834577,2,0,0.0,4.544623655913979,0
V265_200_SIMPLE,7.0,2026-04,202604150307,0.5397664290042222,3,0,0.0,5.253013140009061,0
V265_200_SIMPLE,7.0,2026-04,202604160906,0.27689562495823816,7,0,0.0,7.382995559348461,1
V265_200_SIMPLE,7.0,2026-04,202604170305,0.2793639061501201,2,0,0.0,5.5560538116591935,0
V265_200_SIMPLE,7.0,2026-04,202604172301,0.22015940569756332,4,0,0.0,7.203370973239819,0
V265_200_SIMPLE,7.0,2026-04,202604180305,0.2685164673833457,6,0,0.0,7.210740151209254,1
V265_200_SIMPLE,7.0,2026-04,202604181508,0.2202870593503462,2,0,0.0,6.091463414634146,0
V265_200_SIMPLE,7.0,2026-04,202604190501,0.29247806598924597,7,0,0.0,6.997165072361942,0
V265_200_SIMPLE,7.0,2026-04,202604190703,0.3237644573631327,2,0,0.0,6.153024911032029,0
V265_200_SIMPLE,7.0,2026-04,202604191506,0.3212907504703223,2,0,0.0,4.394886363636363,0
V265_200_SIMPLE,7.0,2026-04,202604210702,0.2614453126625632,3,0,0.0,8.358417736993513,0
V265_200_SIMPLE,7.0,2026-04,202604211109,0.28809562658895266,4,0,0.0,6.570006019831536,0
V265_200_SIMPLE,7.0,2026-04,202604220502,0.2587688323254733,2,0,0.0,5.148058252427185,0
V265_200_SIMPLE,7.0,2026-04,202604221103,0.37209843736368675,5,0,0.0,7.355320718331719,1
V265_200_SIMPLE,7.0,2026-04,202604230507,0.29300611673783933,4,1,62880.0,6.327833278714931,1
V265_200_SIMPLE,7.0,2026-04,202604231603,0.26890181025219295,5,0,0.0,6.9622209026612865,0
V265_200_SIMPLE,7.0,2026-04,202604240706,0.36771560442465623,2,0,0.0,4.871794871794871,0
V265_200_SIMPLE,7.0,2026-04,202604240709,0.23491162846528998,3,0,0.0,7.286713945762552,0
V265_200_SIMPLE,7.0,2026-04,202604242010,0.267016693594845,9,1,67980.0,6.828344562691653,1
V265_200_SIMPLE,7.0,2026-04,202604242307,0.28282218534787584,9,0,0.0,7.1607261041714665,0
V265_200_SIMPLE,7.0,2026-04,202604242308,0.46992298070365957,4,0,0.0,6.702657532017641,0
V265_200_SIMPLE,7.0,2026-04,202604250705,0.22570943767844703,5,0,0.0,7.465300749395349,1
V265_200_SIMPLE,7.0,2026-04,202604250708,0.30729597096430084,2,0,0.0,4.786363636363636,1
V265_200_SIMPLE,7.0,2026-04,202604250903,0.3394867185737669,5,0,0.0,6.740752854784208,0
V265_200_SIMPLE,7.0,2026-04,202604251307,0.3539809564987974,4,0,0.0,6.97090020804775,0
V265_200_SIMPLE,7.0,2026-04,202604252307,0.3196985979300752,6,0,0.0,7.584312201481032,1
V265_200_SIMPLE,7.0,2026-04,202604260310,0.42483685005465044,3,0,0.0,7.580606060606061,0
V265_200_SIMPLE,7.0,2026-04,202604270602,0.21980499450211508,10,0,0.0,6.3025910274918,1
V265_200_SIMPLE,7.0,2026-04,202604270606,0.2280052004132369,3,0,0.0,5.6118908181145235,1
V265_200_SIMPLE,7.0,2026-04,202604271607,0.30631763632410797,4,0,0.0,7.201452189761502,0
V265_200_SIMPLE,7.0,2026-04,202604272401,0.26987393475853816,20,0,0.0,7.169974503322159,0
V265_200_SIMPLE,7.0,2026-04,202604272402,0.22640604907840084,5,0,0.0,7.6637204107201855,0
V265_200_SIMPLE,7.0,2026-04,202604280603,0.39909215268378606,2,0,0.0,4.712,0
V265_200_SIMPLE,7.0,2026-04,202604280606,0.2730036580854154,6,1,72500.0,7.100924282208626,1
V265_200_SIMPLE,7.0,2026-04,202604280707,0.2225034997912249,6,1,64739.99999999999,6.49962819572546,1
V265_200_SIMPLE,7.0,2026-04,202604281502,0.2845686068890705,7,0,0.0,6.507551394076002,0
V265_200_SIMPLE,7.0,2026-04,202604281606,0.2672803577354326,7,0,0.0,7.507560931962644,0
V265_200_SIMPLE,7.0,2026-04,202604282306,0.23848127833828556,6,0,0.0,6.590494661515206,0
V265_200_SIMPLE,7.0,2026-04,202604290306,0.4904914297261086,2,0,0.0,6.274603174603175,0
V265_200_SIMPLE,7.0,2026-04,202604291402,0.27544159808360275,3,0,0.0,7.570394379556842,0
V265_200_SIMPLE,7.0,2026-04,202604292405,0.23259493952870203,6,0,0.0,6.7469842394912884,0
V265_200_SIMPLE,7.0,2026-05,202605011707,0.25369612576341816,3,0,0.0,7.203087272059474,0
V265_200_SIMPLE,7.0,2026-05,202605012009,0.23871615107478214,3,0,0.0,6.197779561955573,0
V265_200_SIMPLE,7.0,2026-05,202605020908,0.22173201624381084,3,0,0.0,7.1849790652622225,0
V265_200_SIMPLE,7.0,2026-05,202605021103,0.3248638613147797,2,1,62160.0,6.268235294117647,1
V265_200_SIMPLE,7.0,2026-05,202605021104,0.25650427874813014,7,0,0.0,7.283786218805738,0
V265_200_SIMPLE,7.0,2026-05,202605022307,0.4077137324502322,2,0,0.0,3.5517857142857143,0
V265_200_SIMPLE,7.0,2026-05,202605030104,0.2848486387959809,2,0,0.0,6.849097472924187,0
V265_200_SIMPLE,7.0,2026-05,202605030105,0.29590771102602387,2,0,0.0,6.595289855072465,0
V265_200_SIMPLE,7.0,2026-05,202605030805,0.24921138985934033,3,1,67050.0,6.733187629848612,1
V265_200_SIMPLE,7.0,2026-05,202605030811,0.3032646475828403,4,0,0.0,6.628197599472916,0
V265_200_SIMPLE,7.0,2026-05,202605031208,0.2743390204147069,3,0,0.0,6.681845835655625,0
V265_200_SIMPLE,7.0,2026-05,202605032307,0.3393116345344817,2,0,0.0,7.57125748502994,1
V265_200_SIMPLE,7.0,2026-05,202605040202,0.37005426585923473,3,0,0.0,6.272970394907993,0
V265_200_SIMPLE,7.0,2026-05,202605040205,0.26415509268849907,2,0,0.0,4.373714285714286,0
V265_200_SIMPLE,7.0,2026-05,202605040403,0.31744963859818,3,0,0.0,7.384505010433035,0
V265_200_SIMPLE,7.0,2026-05,202605040701,0.3059405926953598,3,1,72200.0,7.280416868637906,1
V265_200_SIMPLE,7.0,2026-05,202605040802,0.2547348505906385,6,1,71820.0,7.155858666833921,1
V265_200_SIMPLE,7.0,2026-05,202605040805,0.2463974645075978,6,1,68220.0,6.731443684200264,1
V265_200_SIMPLE,7.0,2026-05,202605041410,0.26732477652442266,5,0,0.0,7.518446633804893,1
V265_200_SIMPLE,7.0,2026-05,202605041707,0.2205205851667439,20,0,0.0,8.595991934774222,0
V265_200_SIMPLE,7.0,2026-05,202605042009,0.27329339144093207,3,0,0.0,5.536444381784858,0
V265_200_SIMPLE,7.0,2026-05,202605050202,0.5095682606571269,2,0,0.0,3.988271604938272,0
V265_200_SIMPLE,7.0,2026-05,202605050203,0.3308419626092944,2,0,0.0,7.600638977635782,1
V265_200_SIMPLE,7.0,2026-05,202605050702,0.316854358276166,3,0,0.0,7.089967599111096,1
V265_200_SIMPLE,7.0,2026-05,202605050811,0.24550163763230726,3,0,0.0,8.183008189205426,0
V265_200_SIMPLE,7.0,2026-05,202605050904,0.26242468276522274,3,0,0.0,6.673989924709532,0
V265_200_SIMPLE,7.0,2026-05,202605051303,0.29611322444566446,3,0,0.0,6.716723298796691,0
V265_200_SIMPLE,7.0,2026-05,202605051306,0.35670431164149663,4,0,0.0,6.629424710374639,0
V265_200_SIMPLE,7.0,2026-05,202605051602,0.5336813364066944,18,0,0.0,7.033461106059609,0
V265_200_SIMPLE,7.0,2026-05,202605060505,0.2791749881535426,6,0,0.0,6.33377082166557,0
V265_200_SIMPLE,7.0,2026-05,202605061303,0.2427809315074025,2,0,0.0,6.062992125984252,0
V265_200_SIMPLE,7.0,2026-05,202605072406,0.29592050514425494,2,0,0.0,4.800000000000001,1
V265_200_SIMPLE,7.0,2026-05,202605091105,0.2509001382468485,4,0,0.0,6.721200245234264,0
V265_200_SIMPLE,7.0,2026-05,202605091805,0.5000463184916282,3,0,0.0,6.62554339016519,0
V265_200_SIMPLE,7.0,2026-05,202605101604,0.29415292874968363,10,0,0.0,6.848488431902595,0
V265_200_SIMPLE,7.0,2026-05,202605102010,0.34010365587541835,2,0,0.0,4.623404255319148,0
V265_200_SIMPLE,7.0,2026-05,202605110811,0.21689574314748103,5,1,66450.0,6.451626790093803,1
V265_200_SIMPLE,7.0,2026-05,202605111110,0.26528393309691906,7,0,0.0,6.88868932617372,1
V265_200_SIMPLE,7.0,2026-05,202605111606,0.4284597217210819,2,1,56950.0,5.721153846153847,1
V265_200_SIMPLE,7.0,2026-05,202605112308,0.44504494871854333,2,1,57200.0,5.71551724137931,1
V265_200_SIMPLE,7.0,2026-05,202605130406,0.3174165195774185,4,0,0.0,7.008216941024337,1
V265_200_SIMPLE,7.0,2026-05,202605130408,0.31940916365064387,2,0,0.0,3.78125,1
V265_200_SIMPLE,7.0,2026-05,202605132202,0.22026354932340686,20,0,0.0,8.886551820581769,0
V265_200_SIMPLE,7.0,2026-05,202605141910,0.25224201522762735,7,0,0.0,7.008157766220568,0
V265_200_SIMPLE,7.0,2026-05,202605160603,0.23503654706831936,4,1,74120.0,7.413386960607323,1
V265_200_SIMPLE,7.0,2026-05,202605161706,0.2192312836402403,4,0,0.0,6.100129267103697,0
V265_200_SIMPLE,7.0,2026-05,202605161910,0.23280397958639898,2,0,0.0,6.75,0
V265_200_SIMPLE,7.0,2026-05,202605162006,0.21630888285769667,20,0,0.0,11.651584430398335,0
V265_200_SIMPLE,7.0,2026-05,202605171007,0.329485763708493,2,0,0.0,7.096830985915493,0
V265_200_SIMPLE,7.0,2026-05,202605191406,0.24053285798487228,3,0,0.0,6.277173913043478,1
V265_200_SIMPLE,7.0,2026-05,202605191811,0.29324746665663237,3,0,0.0,6.65127582017011,0
V265_200_SIMPLE,7.0,2026-05,202605200506,0.2708552988816699,4,0,0.0,5.913849695974381,0
V265_200_SIMPLE,7.0,2026-05,202605201405,0.21577927767512806,20,1,118400.0,11.901962426127746,1
V265_200_SIMPLE,7.0,2026-05,202605201505,0.47976712078253414,6,0,0.0,6.6208281302629715,1
V265_200_SIMPLE,7.0,2026-05,202605202002,0.32686136807213434,3,0,0.0,6.936684580405126,0
V265_200_SIMPLE,7.0,2026-05,202605211905,0.2265339154615783,5,1,66000.0,6.633622023465776,1
V265_200_SIMPLE,7.0,2026-05,202605231808,0.3289734399627961,6,0,0.0,6.956459733073844,1
V265_200_SIMPLE,7.0,2026-05,202605242305,0.3005298985163461,4,0,0.0,6.007754592552497,0
V265_200_SIMPLE,7.0,2026-05,202605242411,0.26225482542751166,5,0,0.0,7.010619377360398,1
V265_200_SIMPLE,7.0,2026-05,202605251307,0.37515011385062,2,0,0.0,4.701492537313433,0
V265_200_SIMPLE,7.0,2026-05,202605252408,0.35012877462073816,5,1,67680.0,6.7353595501639525,1
V265_200_SIMPLE,7.0,2026-05,202605261206,0.28142215157740985,2,1,67200.0,6.72,1
V265_200_SIMPLE,7.0,2026-05,202605270807,0.2955486052906222,7,0,0.0,7.141540561612862,1
V265_200_SIMPLE,7.0,2026-05,202605270810,0.22731607635880058,3,1,59800.0,5.978719931501351,1
V265_200_SIMPLE,7.0,2026-05,202605271204,0.2924938589673362,3,0,0.0,6.719310839913854,0
V265_200_SIMPLE,7.0,2026-05,202605280710,0.2559284787631224,6,0,0.0,6.738948913059272,0
V265_200_SIMPLE,7.0,2026-05,202605281008,0.3726255386743228,4,1,66660.0,6.664925383949871,1
V265_200_SIMPLE,7.0,2026-05,202605281810,0.25001726709641525,3,0,0.0,6.59365867328556,0
V265_200_SIMPLE,7.0,2026-05,202605291807,0.2837507938066716,2,0,0.0,6.151470588235294,0
V265_200_SIMPLE,7.0,2026-05,202605300102,0.23818816032583462,9,0,0.0,7.013340379109087,0
V265_200_SIMPLE,7.0,2026-05,202605300104,0.39892744453488055,2,0,0.0,6.913636363636364,0
V265_200_SIMPLE,7.0,2026-05,202605300507,0.26843433769637254,5,0,0.0,6.695082908946532,0
V265_200_SIMPLE,7.0,2026-05,202605301108,0.32800909822420493,2,0,0.0,6.776556776556777,1
V265_200_SIMPLE,7.0,2026-05,202605311306,0.2344319783804572,6,0,0.0,7.253166260986997,0
V265_200_SIMPLE,7.0,2026-05,202605312304,0.3194731898820189,4,0,0.0,8.099568400993501,0
V265_200_SIMPLE,7.0,2026-06,202606010506,0.4874116594790526,2,0,0.0,3.788235294117647,0
V265_200_SIMPLE,7.0,2026-06,202606010803,0.48562443006624145,5,0,0.0,6.862247695537049,0
V265_200_SIMPLE,7.0,2026-06,202606010809,0.28399941724145633,20,0,0.0,8.720877511477761,0
V265_200_SIMPLE,7.0,2026-06,202606012402,0.37251469596331754,2,0,0.0,7.068131868131867,0
V265_200_SIMPLE,7.0,2026-06,202606020906,0.33483646221742347,2,0,0.0,5.71551724137931,0
V265_200_SIMPLE,7.0,2026-06,202606021007,0.35847105302409116,3,1,90420.0,8.911720981940872,1
V265_200_SIMPLE,7.0,2026-06,202606022307,0.5089191247632905,2,0,0.0,6.739436619718309,0
V265_200_SIMPLE,7.0,2026-06,202606031209,0.2631904086699185,3,0,0.0,6.718123942299943,0
V265_200_SIMPLE,7.0,2026-06,202606032109,0.26414340608184794,3,0,0.0,6.279599946570494,0
V265_200_SIMPLE,7.0,2026-06,202606040305,0.24846450388749447,2,0,0.0,8.526,1
V265_200_SIMPLE,7.0,2026-06,202606040506,0.5122309815958501,2,1,50960.00000000001,5.092156862745099,1
V265_200_SIMPLE,7.0,2026-06,202606040907,0.26388058213119014,7,0,0.0,6.966193973909969,0
V265_200_SIMPLE,7.0,2026-06,202606041307,0.2310532004830298,6,0,0.0,7.301711705479801,1
V265_200_SIMPLE,7.0,2026-06,202606050305,0.4263844236992139,6,0,0.0,7.252812462484859,0
V265_200_SIMPLE,7.0,2026-06,202606060702,0.3846259980882322,4,0,0.0,5.701185681021552,1
V265_200_SIMPLE,7.0,2026-06,202606060703,0.21484485205182127,3,0,0.0,6.5153776160145584,0
V265_200_SIMPLE,7.0,2026-06,202606060802,0.3826462375307938,11,0,0.0,7.120923208653383,0
V265_200_SIMPLE,7.0,2026-06,202606061506,0.30535627078665023,3,0,0.0,6.67888114788727,0
V265_200_SIMPLE,7.0,2026-06,202606071005,0.3641282779004985,2,0,0.0,4.4224719101123595,0
V265_200_SIMPLE,7.0,2026-06,202606072408,0.22617438056040948,4,0,0.0,6.746085533448201,0
V265_200_SIMPLE,7.0,2026-06,202606080510,0.35382653837179096,3,0,0.0,6.577796925622113,0
V265_200_SIMPLE,7.0,2026-06,202606080910,0.5185593648433418,2,0,0.0,8.3,1
V265_200_SIMPLE,7.0,2026-06,202606100903,0.2315566899682805,5,0,0.0,6.6606836590654295,1
V265_200_SIMPLE,7.0,2026-06,202606121108,0.31756191504644493,2,0,0.0,7.666478873239437,0
V265_200_SIMPLE,7.0,2026-06,202606121901,0.34941456569383994,7,0,0.0,6.746484844698799,0
V265_200_SIMPLE,7.0,2026-06,202606122306,0.27072389589314944,5,1,66850.0,6.586359909641079,1
V265_200_SIMPLE,7.0,2026-06,202606130609,0.3742093257915785,4,0,0.0,6.73587666882527,0
V265_200_SIMPLE,7.0,2026-06,202606130702,0.3088432340760663,6,0,0.0,6.492047008965884,1
V265_200_SIMPLE,7.0,2026-06,202606132204,0.32354833482458234,6,1,69480.0,6.900271102003246,1
V265_200_SIMPLE,7.0,2026-06,202606141005,0.2638742457112587,8,0,0.0,6.87938808266698,0
V265_200_SIMPLE,7.0,2026-06,202606150310,0.5308857446143207,4,0,0.0,7.064685386548407,0
V265_200_SIMPLE,7.0,2026-06,202606151208,0.3020621145558779,2,0,0.0,6.481159420289856,0
V265_200_SIMPLE,7.0,2026-06,202606180205,0.3726811362051988,2,0,0.0,4.699530516431925,0
V265_200_SIMPLE,7.0,2026-06,202606190903,0.2751295789667688,3,0,0.0,7.336905380729604,0
V265_200_SIMPLE,7.0,2026-06,202606192007,0.21729496019854358,3,1,74060.0,7.432373963253339,1
V265_200_SIMPLE,7.0,2026-06,202606192107,0.34260518286528036,5,0,0.0,7.126533141650879,0
V265_200_SIMPLE,7.0,2026-06,202606200903,0.30523867147278194,11,0,0.0,6.875448615446971,0
V265_200_SIMPLE,7.0,2026-06,202606201709,0.38372815591196674,4,0,0.0,6.545592648623452,1
V265_200_SIMPLE,7.0,2026-06,202606202108,0.2382506147622632,2,0,0.0,6.161389961389962,0
V265_200_SIMPLE,7.0,2026-06,202606210608,0.23286555834620887,2,0,0.0,8.346518105849583,0
V265_200_SIMPLE,7.0,2026-06,202606210906,0.3041124097507549,2,1,49680.0,4.964634146341463,1
V265_200_SIMPLE,7.0,2026-06,202606222204,0.2856382398845336,14,0,0.0,7.065018009998847,0
V265_200_SIMPLE,7.0,2026-06,202606232303,0.2512676777790965,20,0,0.0,8.718344309925257,0
V265_200_SIMPLE,7.0,2026-06,202606240605,0.2705017825228434,3,1,56320.00000000001,5.74608695652174,1
V265_200_SIMPLE,7.0,2026-06,202606241207,0.48921552548638136,4,0,0.0,6.8753100048264715,1
V265_200_SIMPLE,7.0,2026-06,202606241210,0.31085610669553543,2,0,0.0,8.1865889212828,0
V265_200_SIMPLE,7.0,2026-06,202606252106,0.21462238645476162,3,0,0.0,6.176638176638177,1
V265_200_SIMPLE,7.0,2026-06,202606260304,0.3717601270574377,4,0,0.0,5.802532067614995,0
V265_200_SIMPLE,7.0,2026-06,202606260410,0.37058461627968386,5,0,0.0,6.808514725143859,0
V265_200_SIMPLE,7.0,2026-06,202606260705,0.676686004197826,2,0,0.0,5.211428571428571,1
V265_200_SIMPLE,7.0,2026-06,202606261709,0.29162638608569125,5,0,0.0,6.391465876977802,0
V265_200_SIMPLE,7.0,2026-06,202606280204,0.27826311680280424,10,0,0.0,7.070455871513681,0
V265_200_SIMPLE,7.0,2026-06,202606280205,0.2763410497280871,2,0,0.0,4.680851063829787,0
V265_200_SIMPLE,7.0,2026-06,202606280508,0.341726364958361,3,0,0.0,4.4882636459276295,0
V265_200_SIMPLE,7.0,2026-06,202606281008,0.29171165306468727,3,0,0.0,5.278412484096279,0
V265_200_SIMPLE,7.0,2026-06,202606290310,0.246574449172836,19,1,72990.0,7.144098187833851,1
V265_200_SIMPLE,7.0,2026-06,202606290806,0.2340736233363151,3,0,0.0,5.70809336531554,1
V265_200_SIMPLE,7.0,2026-06,202606292011,0.2816613209111828,3,0,0.0,7.658392203428784,0
V265_200_SIMPLE,7.0,2026-06,202606302304,0.29714698406663553,2,0,0.0,5.979583333333333,0
V265_200_SIMPLE,7.5,2026-04,202604010110,0.26692108921111923,9,0,0.0,7.38038692402091,0
V265_200_SIMPLE,7.5,2026-04,202604010206,0.32506308030228426,2,0,0.0,7.370847457627118,0
V265_200_SIMPLE,7.5,2026-04,202604010603,0.27218598988185544,4,0,0.0,6.369206424677222,1
V265_200_SIMPLE,7.5,2026-04,202604010804,0.3599868811087728,2,0,0.0,7.793823529411765,1
V265_200_SIMPLE,7.5,2026-04,202604020108,0.44510048394359497,2,0,0.0,6.069958847736625,0
V265_200_SIMPLE,7.5,2026-04,202604022209,0.3219681126083509,2,0,0.0,7.392739273927393,0
V265_200_SIMPLE,7.5,2026-04,202604030402,0.42976881767895014,2,0,0.0,7.531353135313531,0
V265_200_SIMPLE,7.5,2026-04,202604031806,0.3382646415180911,2,0,0.0,6.532584269662922,0
V265_200_SIMPLE,7.5,2026-04,202604042202,0.6133690027661685,2,0,0.0,6.39375,0
V265_200_SIMPLE,7.5,2026-04,202604050401,0.27476840588122226,3,0,0.0,7.987869269159632,0
V265_200_SIMPLE,7.5,2026-04,202604052207,0.27607155480800594,3,0,0.0,8.734920117378547,0
V265_200_SIMPLE,7.5,2026-04,202604070808,0.3852076724370691,2,0,0.0,5.27688679245283,0
V265_200_SIMPLE,7.5,2026-04,202604071007,0.24786942974671006,5,0,0.0,7.323743167187085,0
V265_200_SIMPLE,7.5,2026-04,202604072403,0.4315065983482036,3,0,0.0,8.455476753349094,0
V265_200_SIMPLE,7.5,2026-04,202604082303,0.2534301642972762,3,0,0.0,6.9352625298329365,1
V265_200_SIMPLE,7.5,2026-04,202604082306,0.2872667268675872,2,1,54500.0,5.399537037037037,1
V265_200_SIMPLE,7.5,2026-04,202604090703,0.3479452866830688,2,0,0.0,7.899683544303797,1
V265_200_SIMPLE,7.5,2026-04,202604100708,0.2241821185947817,2,0,0.0,8.344213649851632,0
V265_200_SIMPLE,7.5,2026-04,202604110709,0.22434265544748633,12,0,0.0,7.467046805974338,0
V265_200_SIMPLE,7.5,2026-04,202604120406,0.2193943856867922,20,0,0.0,8.014512848818613,0
V265_200_SIMPLE,7.5,2026-04,202604121607,0.2514829204444463,4,0,0.0,7.630673051961073,0
V265_200_SIMPLE,7.5,2026-04,202604131606,0.22325835959277285,6,0,0.0,7.63602163906307,0
V265_200_SIMPLE,7.5,2026-04,202604140205,0.2832459356528888,3,0,0.0,5.946185056191878,0
V265_200_SIMPLE,7.5,2026-04,202604140304,0.2971526037834577,2,0,0.0,4.544623655913979,0
V265_200_SIMPLE,7.5,2026-04,202604150307,0.5397664290042222,3,0,0.0,5.253013140009061,0
V265_200_SIMPLE,7.5,2026-04,202604160906,0.27689562495823816,7,0,0.0,7.382995559348461,1
V265_200_SIMPLE,7.5,2026-04,202604170305,0.2793639061501201,2,0,0.0,5.5560538116591935,0
V265_200_SIMPLE,7.5,2026-04,202604172301,0.22015940569756332,4,0,0.0,7.203370973239819,0
V265_200_SIMPLE,7.5,2026-04,202604180305,0.2685164673833457,5,0,0.0,7.658626317388501,1
V265_200_SIMPLE,7.5,2026-04,202604181508,0.2202870593503462,2,0,0.0,6.091463414634146,0
V265_200_SIMPLE,7.5,2026-04,202604190501,0.29247806598924597,6,0,0.0,7.498793115094315,0
V265_200_SIMPLE,7.5,2026-04,202604190703,0.3237644573631327,2,0,0.0,6.153024911032029,0
V265_200_SIMPLE,7.5,2026-04,202604191506,0.3212907504703223,2,0,0.0,4.394886363636363,0
V265_200_SIMPLE,7.5,2026-04,202604210702,0.2614453126625632,3,0,0.0,8.358417736993513,0
V265_200_SIMPLE,7.5,2026-04,202604211109,0.28809562658895266,3,0,0.0,8.002630902831305,0
V265_200_SIMPLE,7.5,2026-04,202604220502,0.2587688323254733,2,0,0.0,5.148058252427185,0
V265_200_SIMPLE,7.5,2026-04,202604221103,0.37209843736368675,5,0,0.0,7.355320718331719,1
V265_200_SIMPLE,7.5,2026-04,202604230507,0.29300611673783933,3,1,81220.0,7.977520118089615,1
V265_200_SIMPLE,7.5,2026-04,202604231603,0.26890181025219295,5,0,0.0,6.9622209026612865,0
V265_200_SIMPLE,7.5,2026-04,202604240706,0.36771560442465623,2,0,0.0,4.871794871794871,0
V265_200_SIMPLE,7.5,2026-04,202604240709,0.23491162846528998,3,0,0.0,7.286713945762552,0
V265_200_SIMPLE,7.5,2026-04,202604242010,0.267016693594845,7,1,77250.0,7.76327020448136,1
V265_200_SIMPLE,7.5,2026-04,202604242307,0.28282218534787584,8,0,0.0,7.73531614844747,0
V265_200_SIMPLE,7.5,2026-04,202604242308,0.46992298070365957,4,0,0.0,6.702657532017641,0
V265_200_SIMPLE,7.5,2026-04,202604250705,0.22570943767844703,5,0,0.0,7.465300749395349,1
V265_200_SIMPLE,7.5,2026-04,202604250708,0.30729597096430084,2,0,0.0,4.786363636363636,1
V265_200_SIMPLE,7.5,2026-04,202604250903,0.3394867185737669,4,0,0.0,8.082712670205021,0
V265_200_SIMPLE,7.5,2026-04,202604251307,0.3539809564987974,4,0,0.0,6.97090020804775,0
V265_200_SIMPLE,7.5,2026-04,202604252307,0.3196985979300752,6,0,0.0,7.584312201481032,1
V265_200_SIMPLE,7.5,2026-04,202604260310,0.42483685005465044,3,0,0.0,7.580606060606061,0
V265_200_SIMPLE,7.5,2026-04,202604270602,0.21980499450211508,10,0,0.0,6.3025910274918,1
V265_200_SIMPLE,7.5,2026-04,202604270606,0.2280052004132369,2,0,0.0,9.115777777777778,1
V265_200_SIMPLE,7.5,2026-04,202604271607,0.30631763632410797,4,0,0.0,7.201452189761502,0
V265_200_SIMPLE,7.5,2026-04,202604272401,0.26987393475853816,19,0,0.0,7.542419079734463,0
V265_200_SIMPLE,7.5,2026-04,202604272402,0.22640604907840084,5,0,0.0,7.6637204107201855,0
V265_200_SIMPLE,7.5,2026-04,202604280603,0.39909215268378606,2,0,0.0,4.712,0
V265_200_SIMPLE,7.5,2026-04,202604280606,0.2730036580854154,6,1,72500.0,7.100924282208626,1
V265_200_SIMPLE,7.5,2026-04,202604280707,0.2225034997912249,5,1,82170.0,8.1306922978901,1
V265_200_SIMPLE,7.5,2026-04,202604281502,0.2845686068890705,6,0,0.0,7.5232802985309775,0
V265_200_SIMPLE,7.5,2026-04,202604281606,0.2672803577354326,7,0,0.0,7.507560931962644,0
V265_200_SIMPLE,7.5,2026-04,202604282306,0.23848127833828556,6,0,0.0,6.590494661515206,0
V265_200_SIMPLE,7.5,2026-04,202604290306,0.4904914297261086,2,0,0.0,6.274603174603175,0
V265_200_SIMPLE,7.5,2026-04,202604291402,0.27544159808360275,3,0,0.0,7.570394379556842,0
V265_200_SIMPLE,7.5,2026-04,202604292405,0.23259493952870203,5,0,0.0,7.771027165469432,0
V265_200_SIMPLE,7.5,2026-05,202605011707,0.25369612576341816,3,0,0.0,7.203087272059474,0
V265_200_SIMPLE,7.5,2026-05,202605012009,0.23871615107478214,2,0,0.0,8.080538922155688,0
V265_200_SIMPLE,7.5,2026-05,202605020908,0.22173201624381084,3,0,0.0,7.1849790652622225,0
V265_200_SIMPLE,7.5,2026-05,202605021103,0.3248638613147797,2,1,62160.0,6.268235294117647,1
V265_200_SIMPLE,7.5,2026-05,202605021104,0.25650427874813014,7,0,0.0,7.283786218805738,0
V265_200_SIMPLE,7.5,2026-05,202605022307,0.4077137324502322,2,0,0.0,3.5517857142857143,0
V265_200_SIMPLE,7.5,2026-05,202605030104,0.2848486387959809,2,0,0.0,6.849097472924187,0
V265_200_SIMPLE,7.5,2026-05,202605030105,0.29590771102602387,2,0,0.0,6.595289855072465,0
V265_200_SIMPLE,7.5,2026-05,202605030805,0.24921138985934033,3,1,67050.0,6.733187629848612,1
V265_200_SIMPLE,7.5,2026-05,202605030811,0.3032646475828403,3,0,0.0,7.4751510767866725,0
V265_200_SIMPLE,7.5,2026-05,202605031208,0.2743390204147069,3,0,0.0,6.681845835655625,0
V265_200_SIMPLE,7.5,2026-05,202605032307,0.3393116345344817,2,0,0.0,7.57125748502994,1
V265_200_SIMPLE,7.5,2026-05,202605040202,0.37005426585923473,2,0,0.0,8.46798866855524,0
V265_200_SIMPLE,7.5,2026-05,202605040205,0.26415509268849907,2,0,0.0,4.373714285714286,0
V265_200_SIMPLE,7.5,2026-05,202605040403,0.31744963859818,3,0,0.0,7.384505010433035,0
V265_200_SIMPLE,7.5,2026-05,202605040701,0.3059405926953598,3,1,72200.0,7.280416868637906,1
V265_200_SIMPLE,7.5,2026-05,202605040802,0.2547348505906385,5,1,75600.0,7.607635994337644,1
V265_200_SIMPLE,7.5,2026-05,202605040805,0.2463974645075978,5,1,75800.0,7.586900906847724,1
V265_200_SIMPLE,7.5,2026-05,202605041410,0.26732477652442266,5,0,0.0,7.518446633804893,1
V265_200_SIMPLE,7.5,2026-05,202605041707,0.2205205851667439,20,0,0.0,8.595991934774222,0
V265_200_SIMPLE,7.5,2026-05,202605042009,0.27329339144093207,2,0,0.0,8.64406779661017,0
V265_200_SIMPLE,7.5,2026-05,202605050202,0.5095682606571269,2,0,0.0,3.988271604938272,0
V265_200_SIMPLE,7.5,2026-05,202605050203,0.3308419626092944,2,0,0.0,7.600638977635782,1
V265_200_SIMPLE,7.5,2026-05,202605050702,0.316854358276166,3,0,0.0,7.089967599111096,1
V265_200_SIMPLE,7.5,2026-05,202605050811,0.24550163763230726,3,0,0.0,8.183008189205426,0
V265_200_SIMPLE,7.5,2026-05,202605050904,0.26242468276522274,3,0,0.0,6.673989924709532,0
V265_200_SIMPLE,7.5,2026-05,202605051303,0.29611322444566446,2,0,0.0,7.892088607594937,0
V265_200_SIMPLE,7.5,2026-05,202605051306,0.35670431164149663,3,0,0.0,7.591735163260689,0
V265_200_SIMPLE,7.5,2026-05,202605051602,0.5336813364066944,16,0,0.0,7.565115720142528,0
V265_200_SIMPLE,7.5,2026-05,202605060505,0.2791749881535426,6,0,0.0,6.33377082166557,0
V265_200_SIMPLE,7.5,2026-05,202605061303,0.2427809315074025,2,0,0.0,6.062992125984252,0
V265_200_SIMPLE,7.5,2026-05,202605072406,0.29592050514425494,2,0,0.0,4.800000000000001,1
V265_200_SIMPLE,7.5,2026-05,202605091105,0.2509001382468485,4,0,0.0,6.721200245234264,0
V265_200_SIMPLE,7.5,2026-05,202605091805,0.5000463184916282,3,0,0.0,6.62554339016519,0
V265_200_SIMPLE,7.5,2026-05,202605101604,0.29415292874968363,8,0,0.0,7.657885950441948,0
V265_200_SIMPLE,7.5,2026-05,202605102010,0.34010365587541835,2,0,0.0,4.623404255319148,0
V265_200_SIMPLE,7.5,2026-05,202605110811,0.21689574314748103,4,0,0.0,7.551369915321753,1
V265_200_SIMPLE,7.5,2026-05,202605111110,0.26528393309691906,6,0,0.0,7.495430732547063,1
V265_200_SIMPLE,7.5,2026-05,202605111606,0.4284597217210819,2,1,56950.0,5.721153846153847,1
V265_200_SIMPLE,7.5,2026-05,202605112308,0.44504494871854333,2,1,57200.0,5.71551724137931,1
V265_200_SIMPLE,7.5,2026-05,202605130406,0.3174165195774185,3,0,0.0,7.977113707494736,1
V265_200_SIMPLE,7.5,2026-05,202605130408,0.31940916365064387,2,0,0.0,3.78125,1
V265_200_SIMPLE,7.5,2026-05,202605132202,0.22026354932340686,20,0,0.0,8.886551820581769,0
V265_200_SIMPLE,7.5,2026-05,202605141910,0.25224201522762735,6,0,0.0,7.872969917833159,0
V265_200_SIMPLE,7.5,2026-05,202605160603,0.23503654706831936,4,1,74120.0,7.413386960607323,1
V265_200_SIMPLE,7.5,2026-05,202605161706,0.2192312836402403,3,0,0.0,8.548280157942525,0
V265_200_SIMPLE,7.5,2026-05,202605161910,0.23280397958639898,2,0,0.0,6.75,0
V265_200_SIMPLE,7.5,2026-05,202605162006,0.21630888285769667,20,0,0.0,11.651584430398335,0
V265_200_SIMPLE,7.5,2026-05,202605171007,0.329485763708493,2,0,0.0,7.096830985915493,0
V265_200_SIMPLE,7.5,2026-05,202605191406,0.24053285798487228,3,0,0.0,6.277173913043478,1
V265_200_SIMPLE,7.5,2026-05,202605191811,0.29324746665663237,3,0,0.0,6.65127582017011,0
V265_200_SIMPLE,7.5,2026-05,202605200506,0.2708552988816699,4,0,0.0,5.913849695974381,0
V265_200_SIMPLE,7.5,2026-05,202605201405,0.21577927767512806,20,1,118400.0,11.901962426127746,1
V265_200_SIMPLE,7.5,2026-05,202605201505,0.47976712078253414,6,0,0.0,6.6208281302629715,1
V265_200_SIMPLE,7.5,2026-05,202605202002,0.32686136807213434,3,0,0.0,6.936684580405126,0
V265_200_SIMPLE,7.5,2026-05,202605211905,0.2265339154615783,4,1,82500.0,8.23576050666169,1
V265_200_SIMPLE,7.5,2026-05,202605231808,0.3289734399627961,5,0,0.0,7.634759854385764,1
V265_200_SIMPLE,7.5,2026-05,202605242305,0.3005298985163461,3,0,0.0,8.874051593323216,0
V265_200_SIMPLE,7.5,2026-05,202605242411,0.26225482542751166,5,0,0.0,7.010619377360398,1
V265_200_SIMPLE,7.5,2026-05,202605251307,0.37515011385062,2,0,0.0,4.701492537313433,0
V265_200_SIMPLE,7.5,2026-05,202605252408,0.35012877462073816,4,0,0.0,8.205166669534616,1
V265_200_SIMPLE,7.5,2026-05,202605261206,0.28142215157740985,2,1,67200.0,6.72,1
V265_200_SIMPLE,7.5,2026-05,202605270807,0.2955486052906222,5,0,0.0,7.662520092867652,1
V265_200_SIMPLE,7.5,2026-05,202605270810,0.22731607635880058,3,1,59800.0,5.978719931501351,1
V265_200_SIMPLE,7.5,2026-05,202605271204,0.2924938589673362,3,0,0.0,6.719310839913854,0
V265_200_SIMPLE,7.5,2026-05,202605280710,0.2559284787631224,5,0,0.0,7.560747115583054,0
V265_200_SIMPLE,7.5,2026-05,202605281008,0.3726255386743228,4,1,66660.0,6.664925383949871,1
V265_200_SIMPLE,7.5,2026-05,202605281810,0.25001726709641525,3,0,0.0,6.59365867328556,0
V265_200_SIMPLE,7.5,2026-05,202605291807,0.2837507938066716,2,0,0.0,6.151470588235294,0
V265_200_SIMPLE,7.5,2026-05,202605300102,0.23818816032583462,8,0,0.0,7.564228311103503,0
V265_200_SIMPLE,7.5,2026-05,202605300104,0.39892744453488055,2,0,0.0,6.913636363636364,0
V265_200_SIMPLE,7.5,2026-05,202605300507,0.26843433769637254,4,0,0.0,8.184013604955283,0
V265_200_SIMPLE,7.5,2026-05,202605301108,0.32800909822420493,2,0,0.0,6.776556776556777,1
V265_200_SIMPLE,7.5,2026-05,202605311306,0.2344319783804572,5,0,0.0,7.550478282331864,0
V265_200_SIMPLE,7.5,2026-05,202605312304,0.3194731898820189,4,0,0.0,8.099568400993501,0
V265_200_SIMPLE,7.5,2026-06,202606010506,0.4874116594790526,2,0,0.0,3.788235294117647,0
V265_200_SIMPLE,7.5,2026-06,202606010803,0.48562443006624145,4,0,0.0,7.4520744638975,0
V265_200_SIMPLE,7.5,2026-06,202606010809,0.28399941724145633,20,0,0.0,8.720877511477761,0
V265_200_SIMPLE,7.5,2026-06,202606012402,0.37251469596331754,2,0,0.0,7.068131868131867,0
V265_200_SIMPLE,7.5,2026-06,202606020906,0.33483646221742347,2,0,0.0,5.71551724137931,0
V265_200_SIMPLE,7.5,2026-06,202606021007,0.35847105302409116,3,1,90420.0,8.911720981940872,1
V265_200_SIMPLE,7.5,2026-06,202606022307,0.5089191247632905,2,0,0.0,6.739436619718309,0
V265_200_SIMPLE,7.5,2026-06,202606031209,0.2631904086699185,3,0,0.0,6.718123942299943,0
V265_200_SIMPLE,7.5,2026-06,202606032109,0.26414340608184794,3,0,0.0,6.279599946570494,0
V265_200_SIMPLE,7.5,2026-06,202606040305,0.24846450388749447,2,0,0.0,8.526,1
V265_200_SIMPLE,7.5,2026-06,202606040506,0.5122309815958501,2,1,50960.00000000001,5.092156862745099,1
V265_200_SIMPLE,7.5,2026-06,202606040907,0.26388058213119014,7,0,0.0,6.966193973909969,0
V265_200_SIMPLE,7.5,2026-06,202606041307,0.2310532004830298,6,0,0.0,7.301711705479801,1
V265_200_SIMPLE,7.5,2026-06,202606050305,0.4263844236992139,6,0,0.0,7.252812462484859,0
V265_200_SIMPLE,7.5,2026-06,202606060702,0.3846259980882322,3,0,0.0,8.3017138063279,1
V265_200_SIMPLE,7.5,2026-06,202606060703,0.21484485205182127,3,0,0.0,6.5153776160145584,0
V265_200_SIMPLE,7.5,2026-06,202606060802,0.3826462375307938,10,0,0.0,7.4654528010996355,0
V265_200_SIMPLE,7.5,2026-06,202606061506,0.30535627078665023,3,0,0.0,6.67888114788727,0
V265_200_SIMPLE,7.5,2026-06,202606071005,0.3641282779004985,2,0,0.0,4.4224719101123595,0
V265_200_SIMPLE,7.5,2026-06,202606072408,0.22617438056040948,3,0,0.0,7.512836478750142,0
V265_200_SIMPLE,7.5,2026-06,202606080510,0.35382653837179096,3,0,0.0,6.577796925622113,0
V265_200_SIMPLE,7.5,2026-06,202606080910,0.5185593648433418,2,0,0.0,8.3,1
V265_200_SIMPLE,7.5,2026-06,202606100903,0.2315566899682805,4,0,0.0,7.967861044740476,1
V265_200_SIMPLE,7.5,2026-06,202606121108,0.31756191504644493,2,0,0.0,7.666478873239437,0
V265_200_SIMPLE,7.5,2026-06,202606121901,0.34941456569383994,6,0,0.0,8.250940030355967,0
V265_200_SIMPLE,7.5,2026-06,202606122306,0.27072389589314944,4,1,76400.0,7.5948803875220126,1
V265_200_SIMPLE,7.5,2026-06,202606130609,0.3742093257915785,3,0,0.0,8.220363366055226,0
V265_200_SIMPLE,7.5,2026-06,202606130702,0.3088432340760663,6,0,0.0,6.492047008965884,1
V265_200_SIMPLE,7.5,2026-06,202606132204,0.32354833482458234,5,1,81060.0,7.967850265769861,1
V265_200_SIMPLE,7.5,2026-06,202606141005,0.2638742457112587,7,0,0.0,7.523098453918434,0
V265_200_SIMPLE,7.5,2026-06,202606150310,0.5308857446143207,4,0,0.0,7.064685386548407,0
V265_200_SIMPLE,7.5,2026-06,202606151208,0.3020621145558779,2,0,0.0,6.481159420289856,0
V265_200_SIMPLE,7.5,2026-06,202606180205,0.3726811362051988,2,0,0.0,4.699530516431925,0
V265_200_SIMPLE,7.5,2026-06,202606190903,0.2751295789667688,3,0,0.0,7.336905380729604,0
V265_200_SIMPLE,7.5,2026-06,202606192007,0.21729496019854358,3,1,74060.0,7.432373963253339,1
V265_200_SIMPLE,7.5,2026-06,202606192107,0.34260518286528036,5,0,0.0,7.126533141650879,0
V265_200_SIMPLE,7.5,2026-06,202606200903,0.30523867147278194,10,0,0.0,7.629089615983376,0
V265_200_SIMPLE,7.5,2026-06,202606201709,0.38372815591196674,4,0,0.0,6.545592648623452,1
V265_200_SIMPLE,7.5,2026-06,202606202108,0.2382506147622632,2,0,0.0,6.161389961389962,0
V265_200_SIMPLE,7.5,2026-06,202606210608,0.23286555834620887,2,0,0.0,8.346518105849583,0
V265_200_SIMPLE,7.5,2026-06,202606210906,0.3041124097507549,2,1,49680.0,4.964634146341463,1
V265_200_SIMPLE,7.5,2026-06,202606222204,0.2856382398845336,14,0,0.0,7.065018009998847,0
V265_200_SIMPLE,7.5,2026-06,202606232303,0.2512676777790965,20,0,0.0,8.718344309925257,0
V265_200_SIMPLE,7.5,2026-06,202606240605,0.2705017825228434,3,1,56320.00000000001,5.74608695652174,1
V265_200_SIMPLE,7.5,2026-06,202606241207,0.48921552548638136,4,0,0.0,6.8753100048264715,1
V265_200_SIMPLE,7.5,2026-06,202606241210,0.31085610669553543,2,0,0.0,8.1865889212828,0
V265_200_SIMPLE,7.5,2026-06,202606252106,0.21462238645476162,2,0,0.0,8.0,1
V265_200_SIMPLE,7.5,2026-06,202606260304,0.3717601270574377,3,0,0.0,8.705698395989252,0
V265_200_SIMPLE,7.5,2026-06,202606260410,0.37058461627968386,5,0,0.0,6.808514725143859,0
V265_200_SIMPLE,7.5,2026-06,202606260705,0.676686004197826,2,0,0.0,5.211428571428571,1
V265_200_SIMPLE,7.5,2026-06,202606261709,0.29162638608569125,4,0,0.0,7.7260883026184235,0
V265_200_SIMPLE,7.5,2026-06,202606280204,0.27826311680280424,9,0,0.0,7.434745839453937,0
V265_200_SIMPLE,7.5,2026-06,202606280205,0.2763410497280871,2,0,0.0,4.680851063829787,0
V265_200_SIMPLE,7.5,2026-06,202606280508,0.341726364958361,2,0,0.0,10.065777777777779,0
V265_200_SIMPLE,7.5,2026-06,202606281008,0.29171165306468727,2,0,0.0,9.617158671586715,0
V265_200_SIMPLE,7.5,2026-06,202606290310,0.246574449172836,18,1,72990.0,7.49619243359658,1
V265_200_SIMPLE,7.5,2026-06,202606290806,0.2340736233363151,3,0,0.0,5.70809336531554,1
V265_200_SIMPLE,7.5,2026-06,202606292011,0.2816613209111828,3,0,0.0,7.658392203428784,0
V265_200_SIMPLE,7.5,2026-06,202606302304,0.29714698406663553,2,0,0.0,5.979583333333333,0
V265_200_SIMPLE,8.0,2026-04,202604010110,0.26692108921111923,8,0,0.0,7.795809985990253,0
V265_200_SIMPLE,8.0,2026-04,202604010206,0.32506308030228426,2,0,0.0,7.370847457627118,0
V265_200_SIMPLE,8.0,2026-04,202604010603,0.27218598988185544,4,0,0.0,6.369206424677222,1
V265_200_SIMPLE,8.0,2026-04,202604010804,0.3599868811087728,2,0,0.0,7.793823529411765,1
V265_200_SIMPLE,8.0,2026-04,202604020108,0.44510048394359497,2,0,0.0,6.069958847736625,0
V265_200_SIMPLE,8.0,2026-04,202604022209,0.3219681126083509,2,0,0.0,7.392739273927393,0
V265_200_SIMPLE,8.0,2026-04,202604030402,0.42976881767895014,2,0,0.0,7.531353135313531,0
V265_200_SIMPLE,8.0,2026-04,202604031806,0.3382646415180911,2,0,0.0,6.532584269662922,0
V265_200_SIMPLE,8.0,2026-04,202604042202,0.6133690027661685,2,0,0.0,6.39375,0
V265_200_SIMPLE,8.0,2026-04,202604050401,0.27476840588122226,3,0,0.0,7.987869269159632,0
V265_200_SIMPLE,8.0,2026-04,202604052207,0.27607155480800594,3,0,0.0,8.734920117378547,0
V265_200_SIMPLE,8.0,2026-04,202604070808,0.3852076724370691,2,0,0.0,5.27688679245283,0
V265_200_SIMPLE,8.0,2026-04,202604071007,0.24786942974671006,5,0,0.0,7.323743167187085,0
V265_200_SIMPLE,8.0,2026-04,202604072403,0.4315065983482036,3,0,0.0,8.455476753349094,0
V265_200_SIMPLE,8.0,2026-04,202604082303,0.2534301642972762,3,0,0.0,6.9352625298329365,1
V265_200_SIMPLE,8.0,2026-04,202604082306,0.2872667268675872,2,1,54500.0,5.399537037037037,1
V265_200_SIMPLE,8.0,2026-04,202604090703,0.3479452866830688,2,0,0.0,7.899683544303797,1
V265_200_SIMPLE,8.0,2026-04,202604100708,0.2241821185947817,2,0,0.0,8.344213649851632,0
V265_200_SIMPLE,8.0,2026-04,202604110709,0.22434265544748633,10,0,0.0,8.101987779491287,0
V265_200_SIMPLE,8.0,2026-04,202604120406,0.2193943856867922,20,0,0.0,8.014512848818613,0
V265_200_SIMPLE,8.0,2026-04,202604121607,0.2514829204444463,4,0,0.0,7.630673051961073,0
V265_200_SIMPLE,8.0,2026-04,202604131606,0.22325835959277285,6,0,0.0,7.63602163906307,0
V265_200_SIMPLE,8.0,2026-04,202604140205,0.2832459356528888,3,0,0.0,5.946185056191878,0
V265_200_SIMPLE,8.0,2026-04,202604140304,0.2971526037834577,2,0,0.0,4.544623655913979,0
V265_200_SIMPLE,8.0,2026-04,202604150307,0.5397664290042222,3,0,0.0,5.253013140009061,0
V265_200_SIMPLE,8.0,2026-04,202604160906,0.27689562495823816,6,0,0.0,8.043569992446832,1
V265_200_SIMPLE,8.0,2026-04,202604170305,0.2793639061501201,2,0,0.0,5.5560538116591935,0
V265_200_SIMPLE,8.0,2026-04,202604172301,0.22015940569756332,3,0,0.0,8.780692264606925,0
V265_200_SIMPLE,8.0,2026-04,202604180305,0.2685164673833457,4,0,0.0,8.137668289111541,1
V265_200_SIMPLE,8.0,2026-04,202604181508,0.2202870593503462,2,0,0.0,6.091463414634146,0
V265_200_SIMPLE,8.0,2026-04,202604190501,0.29247806598924597,6,0,0.0,7.498793115094315,0
V265_200_SIMPLE,8.0,2026-04,202604190703,0.3237644573631327,2,0,0.0,6.153024911032029,0
V265_200_SIMPLE,8.0,2026-04,202604191506,0.3212907504703223,2,0,0.0,4.394886363636363,0
V265_200_SIMPLE,8.0,2026-04,202604210702,0.2614453126625632,3,0,0.0,8.358417736993513,0
V265_200_SIMPLE,8.0,2026-04,202604211109,0.28809562658895266,3,0,0.0,8.002630902831305,0
V265_200_SIMPLE,8.0,2026-04,202604220502,0.2587688323254733,2,0,0.0,5.148058252427185,0
V265_200_SIMPLE,8.0,2026-04,202604221103,0.37209843736368675,4,0,0.0,8.39482645871152,1
V265_200_SIMPLE,8.0,2026-04,202604230507,0.29300611673783933,3,1,81220.0,7.977520118089615,1
V265_200_SIMPLE,8.0,2026-04,202604231603,0.26890181025219295,5,0,0.0,6.9622209026612865,0
V265_200_SIMPLE,8.0,2026-04,202604240706,0.36771560442465623,2,0,0.0,4.871794871794871,0
V265_200_SIMPLE,8.0,2026-04,202604240709,0.23491162846528998,3,0,0.0,7.286713945762552,0
V265_200_SIMPLE,8.0,2026-04,202604242010,0.267016693594845,7,1,77250.0,7.76327020448136,1
V265_200_SIMPLE,8.0,2026-04,202604242307,0.28282218534787584,7,0,0.0,8.233258755198309,0
V265_200_SIMPLE,8.0,2026-04,202604242308,0.46992298070365957,4,0,0.0,6.702657532017641,0
V265_200_SIMPLE,8.0,2026-04,202604250705,0.22570943767844703,4,0,0.0,8.43226537319944,1
V265_200_SIMPLE,8.0,2026-04,202604250708,0.30729597096430084,2,0,0.0,4.786363636363636,1
V265_200_SIMPLE,8.0,2026-04,202604250903,0.3394867185737669,4,0,0.0,8.082712670205021,0
V265_200_SIMPLE,8.0,2026-04,202604251307,0.3539809564987974,3,0,0.0,8.390553368835379,0
V265_200_SIMPLE,8.0,2026-04,202604252307,0.3196985979300752,6,0,0.0,7.584312201481032,1
V265_200_SIMPLE,8.0,2026-04,202604260310,0.42483685005465044,3,0,0.0,7.580606060606061,0
V265_200_SIMPLE,8.0,2026-04,202604270602,0.21980499450211508,9,0,0.0,9.140448643700482,1
V265_200_SIMPLE,8.0,2026-04,202604270606,0.2280052004132369,2,0,0.0,9.115777777777778,1
V265_200_SIMPLE,8.0,2026-04,202604271607,0.30631763632410797,3,0,0.0,8.33878914744804,0
V265_200_SIMPLE,8.0,2026-04,202604272401,0.26987393475853816,17,0,0.0,7.922307432450908,0
V265_200_SIMPLE,8.0,2026-04,202604272402,0.22640604907840084,4,0,0.0,8.22555990572085,0
V265_200_SIMPLE,8.0,2026-04,202604280603,0.39909215268378606,2,0,0.0,4.712,0
V265_200_SIMPLE,8.0,2026-04,202604280606,0.2730036580854154,5,1,80000.0,8.085768734080993,1
V265_200_SIMPLE,8.0,2026-04,202604280707,0.2225034997912249,5,1,82170.0,8.1306922978901,1
V265_200_SIMPLE,8.0,2026-04,202604281502,0.2845686068890705,6,0,0.0,7.5232802985309775,0
V265_200_SIMPLE,8.0,2026-04,202604281606,0.2672803577354326,6,0,0.0,7.942489632683681,0
V265_200_SIMPLE,8.0,2026-04,202604282306,0.23848127833828556,6,0,0.0,6.590494661515206,0
V265_200_SIMPLE,8.0,2026-04,202604290306,0.4904914297261086,2,0,0.0,6.274603174603175,0
V265_200_SIMPLE,8.0,2026-04,202604291402,0.27544159808360275,3,0,0.0,7.570394379556842,0
V265_200_SIMPLE,8.0,2026-04,202604292405,0.23259493952870203,5,0,0.0,7.771027165469432,0
V265_200_SIMPLE,8.0,2026-05,202605011707,0.25369612576341816,3,0,0.0,7.203087272059474,0
V265_200_SIMPLE,8.0,2026-05,202605012009,0.23871615107478214,2,0,0.0,8.080538922155688,0
V265_200_SIMPLE,8.0,2026-05,202605020908,0.22173201624381084,3,0,0.0,7.1849790652622225,0
V265_200_SIMPLE,8.0,2026-05,202605021103,0.3248638613147797,2,1,62160.0,6.268235294117647,1
V265_200_SIMPLE,8.0,2026-05,202605021104,0.25650427874813014,6,0,0.0,8.305693207340449,0
V265_200_SIMPLE,8.0,2026-05,202605022307,0.4077137324502322,2,0,0.0,3.5517857142857143,0
V265_200_SIMPLE,8.0,2026-05,202605030104,0.2848486387959809,2,0,0.0,6.849097472924187,0
V265_200_SIMPLE,8.0,2026-05,202605030105,0.29590771102602387,2,0,0.0,6.595289855072465,0
V265_200_SIMPLE,8.0,2026-05,202605030805,0.24921138985934033,3,1,67050.0,6.733187629848612,1
V265_200_SIMPLE,8.0,2026-05,202605030811,0.3032646475828403,3,0,0.0,7.4751510767866725,0
V265_200_SIMPLE,8.0,2026-05,202605031208,0.2743390204147069,3,0,0.0,6.681845835655625,0
V265_200_SIMPLE,8.0,2026-05,202605032307,0.3393116345344817,2,0,0.0,7.57125748502994,1
V265_200_SIMPLE,8.0,2026-05,202605040202,0.37005426585923473,2,0,0.0,8.46798866855524,0
V265_200_SIMPLE,8.0,2026-05,202605040205,0.26415509268849907,2,0,0.0,4.373714285714286,0
V265_200_SIMPLE,8.0,2026-05,202605040403,0.31744963859818,3,0,0.0,7.384505010433035,0
V265_200_SIMPLE,8.0,2026-05,202605040701,0.3059405926953598,3,1,72200.0,7.280416868637906,1
V265_200_SIMPLE,8.0,2026-05,202605040802,0.2547348505906385,4,1,79380.0,7.979131258510144,1
V265_200_SIMPLE,8.0,2026-05,202605040805,0.2463974645075978,5,1,75800.0,7.586900906847724,1
V265_200_SIMPLE,8.0,2026-05,202605041410,0.26732477652442266,5,0,0.0,7.518446633804893,1
V265_200_SIMPLE,8.0,2026-05,202605041707,0.2205205851667439,20,0,0.0,8.595991934774222,0
V265_200_SIMPLE,8.0,2026-05,202605042009,0.27329339144093207,2,0,0.0,8.64406779661017,0
V265_200_SIMPLE,8.0,2026-05,202605050202,0.5095682606571269,2,0,0.0,3.988271604938272,0
V265_200_SIMPLE,8.0,2026-05,202605050203,0.3308419626092944,2,0,0.0,7.600638977635782,1
V265_200_SIMPLE,8.0,2026-05,202605050702,0.316854358276166,2,0,0.0,8.75390625,1
V265_200_SIMPLE,8.0,2026-05,202605050811,0.24550163763230726,3,0,0.0,8.183008189205426,0
V265_200_SIMPLE,8.0,2026-05,202605050904,0.26242468276522274,3,0,0.0,6.673989924709532,0
V265_200_SIMPLE,8.0,2026-05,202605051303,0.29611322444566446,2,0,0.0,7.892088607594937,0
V265_200_SIMPLE,8.0,2026-05,202605051306,0.35670431164149663,2,0,0.0,8.202216066481995,0
V265_200_SIMPLE,8.0,2026-05,202605051602,0.5336813364066944,14,0,0.0,7.895796719862704,0
V265_200_SIMPLE,8.0,2026-05,202605060505,0.2791749881535426,5,0,0.0,8.755363109779472,0
V265_200_SIMPLE,8.0,2026-05,202605061303,0.2427809315074025,2,0,0.0,6.062992125984252,0
V265_200_SIMPLE,8.0,2026-05,202605072406,0.29592050514425494,2,0,0.0,4.800000000000001,1
V265_200_SIMPLE,8.0,2026-05,202605091105,0.2509001382468485,4,0,0.0,6.721200245234264,0
V265_200_SIMPLE,8.0,2026-05,202605091805,0.5000463184916282,3,0,0.0,6.62554339016519,0
V265_200_SIMPLE,8.0,2026-05,202605101604,0.29415292874968363,7,0,0.0,7.943195934243305,0
V265_200_SIMPLE,8.0,2026-05,202605102010,0.34010365587541835,2,0,0.0,4.623404255319148,0
V265_200_SIMPLE,8.0,2026-05,202605110811,0.21689574314748103,4,0,0.0,7.551369915321753,1
V265_200_SIMPLE,8.0,2026-05,202605111110,0.26528393309691906,5,0,0.0,8.00109384106576,1
V265_200_SIMPLE,8.0,2026-05,202605111606,0.4284597217210819,2,1,56950.0,5.721153846153847,1
V265_200_SIMPLE,8.0,2026-05,202605112308,0.44504494871854333,2,1,57200.0,5.71551724137931,1
V265_200_SIMPLE,8.0,2026-05,202605130406,0.3174165195774185,3,0,0.0,7.977113707494736,1
V265_200_SIMPLE,8.0,2026-05,202605130408,0.31940916365064387,2,0,0.0,3.78125,1
V265_200_SIMPLE,8.0,2026-05,202605132202,0.22026354932340686,20,0,0.0,8.886551820581769,0
V265_200_SIMPLE,8.0,2026-05,202605141910,0.25224201522762735,6,0,0.0,7.872969917833159,0
V265_200_SIMPLE,8.0,2026-05,202605160603,0.23503654706831936,4,1,74120.0,7.413386960607323,1
V265_200_SIMPLE,8.0,2026-05,202605161706,0.2192312836402403,3,0,0.0,8.548280157942525,0
V265_200_SIMPLE,8.0,2026-05,202605161910,0.23280397958639898,2,0,0.0,6.75,0
V265_200_SIMPLE,8.0,2026-05,202605162006,0.21630888285769667,20,0,0.0,11.651584430398335,0
V265_200_SIMPLE,8.0,2026-05,202605171007,0.329485763708493,2,0,0.0,7.096830985915493,0
V265_200_SIMPLE,8.0,2026-05,202605191406,0.24053285798487228,3,0,0.0,6.277173913043478,1
V265_200_SIMPLE,8.0,2026-05,202605191811,0.29324746665663237,2,0,0.0,8.498533724340177,0
V265_200_SIMPLE,8.0,2026-05,202605200506,0.2708552988816699,3,0,0.0,9.313918447924165,0
V265_200_SIMPLE,8.0,2026-05,202605201405,0.21577927767512806,20,1,118400.0,11.901962426127746,1
V265_200_SIMPLE,8.0,2026-05,202605201505,0.47976712078253414,5,0,0.0,9.03212416974068,1
V265_200_SIMPLE,8.0,2026-05,202605202002,0.32686136807213434,3,0,0.0,6.936684580405126,0
V265_200_SIMPLE,8.0,2026-05,202605211905,0.2265339154615783,4,1,82500.0,8.23576050666169,1
V265_200_SIMPLE,8.0,2026-05,202605231808,0.3289734399627961,4,0,0.0,8.043622196809514,1
V265_200_SIMPLE,8.0,2026-05,202605242305,0.3005298985163461,3,0,0.0,8.874051593323216,0
V265_200_SIMPLE,8.0,2026-05,202605242411,0.26225482542751166,5,0,0.0,7.010619377360398,1
V265_200_SIMPLE,8.0,2026-05,202605251307,0.37515011385062,2,0,0.0,4.701492537313433,0
V265_200_SIMPLE,8.0,2026-05,202605252408,0.35012877462073816,4,0,0.0,8.205166669534616,1
V265_200_SIMPLE,8.0,2026-05,202605261206,0.28142215157740985,2,1,67200.0,6.72,1
V265_200_SIMPLE,8.0,2026-05,202605270807,0.2955486052906222,5,0,0.0,7.662520092867652,1
V265_200_SIMPLE,8.0,2026-05,202605270810,0.22731607635880058,2,1,95680.0,9.58159090909091,1
V265_200_SIMPLE,8.0,2026-05,202605271204,0.2924938589673362,2,0,0.0,8.764044943820224,0
V265_200_SIMPLE,8.0,2026-05,202605280710,0.2559284787631224,5,0,0.0,7.560747115583054,0
V265_200_SIMPLE,8.0,2026-05,202605281008,0.3726255386743228,4,1,66660.0,6.664925383949871,1
V265_200_SIMPLE,8.0,2026-05,202605281810,0.25001726709641525,2,0,0.0,8.917808219178083,0
V265_200_SIMPLE,8.0,2026-05,202605291807,0.2837507938066716,2,0,0.0,6.151470588235294,0
V265_200_SIMPLE,8.0,2026-05,202605300102,0.23818816032583462,7,0,0.0,7.793984661183113,0
V265_200_SIMPLE,8.0,2026-05,202605300104,0.39892744453488055,2,0,0.0,6.913636363636364,0
V265_200_SIMPLE,8.0,2026-05,202605300507,0.26843433769637254,4,0,0.0,8.184013604955283,0
V265_200_SIMPLE,8.0,2026-05,202605301108,0.32800909822420493,2,0,0.0,6.776556776556777,1
V265_200_SIMPLE,8.0,2026-05,202605311306,0.2344319783804572,4,0,0.0,8.404562638667784,0
V265_200_SIMPLE,8.0,2026-05,202605312304,0.3194731898820189,4,0,0.0,8.099568400993501,0
V265_200_SIMPLE,8.0,2026-06,202606010506,0.4874116594790526,2,0,0.0,3.788235294117647,0
V265_200_SIMPLE,8.0,2026-06,202606010803,0.48562443006624145,4,0,0.0,7.4520744638975,0
V265_200_SIMPLE,8.0,2026-06,202606010809,0.28399941724145633,20,0,0.0,8.720877511477761,0
V265_200_SIMPLE,8.0,2026-06,202606012402,0.37251469596331754,2,0,0.0,7.068131868131867,0
V265_200_SIMPLE,8.0,2026-06,202606020906,0.33483646221742347,2,0,0.0,5.71551724137931,0
V265_200_SIMPLE,8.0,2026-06,202606021007,0.35847105302409116,3,1,90420.0,8.911720981940872,1
V265_200_SIMPLE,8.0,2026-06,202606022307,0.5089191247632905,2,0,0.0,6.739436619718309,0
V265_200_SIMPLE,8.0,2026-06,202606031209,0.2631904086699185,3,0,0.0,6.718123942299943,0
V265_200_SIMPLE,8.0,2026-06,202606032109,0.26414340608184794,2,0,0.0,8.772164948453609,0
V265_200_SIMPLE,8.0,2026-06,202606040305,0.24846450388749447,2,0,0.0,8.526,1
V265_200_SIMPLE,8.0,2026-06,202606040506,0.5122309815958501,2,1,50960.00000000001,5.092156862745099,1
V265_200_SIMPLE,8.0,2026-06,202606040907,0.26388058213119014,6,0,0.0,8.058332208785586,0
V265_200_SIMPLE,8.0,2026-06,202606041307,0.2310532004830298,5,0,0.0,7.852496174598961,1
V265_200_SIMPLE,8.0,2026-06,202606050305,0.4263844236992139,6,0,0.0,7.252812462484859,0
V265_200_SIMPLE,8.0,2026-06,202606060702,0.3846259980882322,3,0,0.0,8.3017138063279,1
V265_200_SIMPLE,8.0,2026-06,202606060703,0.21484485205182127,3,0,0.0,6.5153776160145584,0
V265_200_SIMPLE,8.0,2026-06,202606060802,0.3826462375307938,9,0,0.0,8.41434894797399,0
V265_200_SIMPLE,8.0,2026-06,202606061506,0.30535627078665023,2,0,0.0,8.863259668508288,0
V265_200_SIMPLE,8.0,2026-06,202606071005,0.3641282779004985,2,0,0.0,4.4224719101123595,0
V265_200_SIMPLE,8.0,2026-06,202606072408,0.22617438056040948,2,0,0.0,7.715076923076923,0
V265_200_SIMPLE,8.0,2026-06,202606080510,0.35382653837179096,2,0,0.0,8.84047619047619,0
V265_200_SIMPLE,8.0,2026-06,202606080910,0.5185593648433418,2,0,0.0,8.3,1
V265_200_SIMPLE,8.0,2026-06,202606100903,0.2315566899682805,4,0,0.0,7.967861044740476,1
V265_200_SIMPLE,8.0,2026-06,202606121108,0.31756191504644493,2,0,0.0,7.666478873239437,0
V265_200_SIMPLE,8.0,2026-06,202606121901,0.34941456569383994,6,0,0.0,8.250940030355967,0
V265_200_SIMPLE,8.0,2026-06,202606122306,0.27072389589314944,4,1,76400.0,7.5948803875220126,1
V265_200_SIMPLE,8.0,2026-06,202606130609,0.3742093257915785,3,0,0.0,8.220363366055226,0
V265_200_SIMPLE,8.0,2026-06,202606130702,0.3088432340760663,5,0,0.0,9.108560379105606,1
V265_200_SIMPLE,8.0,2026-06,202606132204,0.32354833482458234,5,1,81060.0,7.967850265769861,1
V265_200_SIMPLE,8.0,2026-06,202606141005,0.2638742457112587,6,0,0.0,7.860232448089837,0
V265_200_SIMPLE,8.0,2026-06,202606150310,0.5308857446143207,3,0,0.0,8.185364111827596,0
V265_200_SIMPLE,8.0,2026-06,202606151208,0.3020621145558779,2,0,0.0,6.481159420289856,0
V265_200_SIMPLE,8.0,2026-06,202606180205,0.3726811362051988,2,0,0.0,4.699530516431925,0
V265_200_SIMPLE,8.0,2026-06,202606190903,0.2751295789667688,3,0,0.0,7.336905380729604,0
V265_200_SIMPLE,8.0,2026-06,202606192007,0.21729496019854358,3,1,74060.0,7.432373963253339,1
V265_200_SIMPLE,8.0,2026-06,202606192107,0.34260518286528036,4,0,0.0,8.82094756688449,0
V265_200_SIMPLE,8.0,2026-06,202606200903,0.30523867147278194,8,0,0.0,8.038909357193132,0
V265_200_SIMPLE,8.0,2026-06,202606201709,0.38372815591196674,3,0,0.0,8.830110752500971,1
V265_200_SIMPLE,8.0,2026-06,202606202108,0.2382506147622632,2,0,0.0,6.161389961389962,0
V265_200_SIMPLE,8.0,2026-06,202606210608,0.23286555834620887,2,0,0.0,8.346518105849583,0
V265_200_SIMPLE,8.0,2026-06,202606210906,0.3041124097507549,2,1,49680.0,4.964634146341463,1
V265_200_SIMPLE,8.0,2026-06,202606222204,0.2856382398845336,13,0,0.0,7.970332162285325,0
V265_200_SIMPLE,8.0,2026-06,202606232303,0.2512676777790965,20,0,0.0,8.718344309925257,0
V265_200_SIMPLE,8.0,2026-06,202606240605,0.2705017825228434,3,1,56320.00000000001,5.74608695652174,1
V265_200_SIMPLE,8.0,2026-06,202606241207,0.48921552548638136,3,0,0.0,8.919440657922056,1
V265_200_SIMPLE,8.0,2026-06,202606241210,0.31085610669553543,2,0,0.0,8.1865889212828,0
V265_200_SIMPLE,8.0,2026-06,202606252106,0.21462238645476162,2,0,0.0,8.0,1
V265_200_SIMPLE,8.0,2026-06,202606260304,0.3717601270574377,3,0,0.0,8.705698395989252,0
V265_200_SIMPLE,8.0,2026-06,202606260410,0.37058461627968386,5,0,0.0,6.808514725143859,0
V265_200_SIMPLE,8.0,2026-06,202606260705,0.676686004197826,2,0,0.0,5.211428571428571,1
V265_200_SIMPLE,8.0,2026-06,202606261709,0.29162638608569125,3,0,0.0,8.132231404958679,0
V265_200_SIMPLE,8.0,2026-06,202606280204,0.27826311680280424,8,0,0.0,8.14372121947969,0
V265_200_SIMPLE,8.0,2026-06,202606280205,0.2763410497280871,2,0,0.0,4.680851063829787,0
V265_200_SIMPLE,8.0,2026-06,202606280508,0.341726364958361,2,0,0.0,10.065777777777779,0
V265_200_SIMPLE,8.0,2026-06,202606281008,0.29171165306468727,2,0,0.0,9.617158671586715,0
V265_200_SIMPLE,8.0,2026-06,202606290310,0.246574449172836,17,0,0.0,8.259643440540955,1
V265_200_SIMPLE,8.0,2026-06,202606290806,0.2340736233363151,3,0,0.0,5.70809336531554,1
V265_200_SIMPLE,8.0,2026-06,202606292011,0.2816613209111828,3,0,0.0,7.658392203428784,0
V265_200_SIMPLE,8.0,2026-06,202606302304,0.29714698406663553,2,0,0.0,5.979583333333333,0
V265_200_SIMPLE,8.5,2026-04,202604010110,0.26692108921111923,7,0,0.0,8.399906627782231,0
V265_200_SIMPLE,8.5,2026-04,202604010206,0.32506308030228426,2,0,0.0,7.370847457627118,0
V265_200_SIMPLE,8.5,2026-04,202604010603,0.27218598988185544,3,0,0.0,9.918110550435095,1
V265_200_SIMPLE,8.5,2026-04,202604010804,0.3599868811087728,2,0,0.0,7.793823529411765,1
V265_200_SIMPLE,8.5,2026-04,202604020108,0.44510048394359497,2,0,0.0,6.069958847736625,0
V265_200_SIMPLE,8.5,2026-04,202604022209,0.3219681126083509,2,0,0.0,7.392739273927393,0
V265_200_SIMPLE,8.5,2026-04,202604030402,0.42976881767895014,2,0,0.0,7.531353135313531,0
V265_200_SIMPLE,8.5,2026-04,202604031806,0.3382646415180911,2,0,0.0,6.532584269662922,0
V265_200_SIMPLE,8.5,2026-04,202604042202,0.6133690027661685,2,0,0.0,6.39375,0
V265_200_SIMPLE,8.5,2026-04,202604050401,0.27476840588122226,3,0,0.0,7.987869269159632,0
V265_200_SIMPLE,8.5,2026-04,202604052207,0.27607155480800594,3,0,0.0,8.734920117378547,0
V265_200_SIMPLE,8.5,2026-04,202604070808,0.3852076724370691,2,0,0.0,5.27688679245283,0
V265_200_SIMPLE,8.5,2026-04,202604071007,0.24786942974671006,4,0,0.0,8.925989626425178,0
V265_200_SIMPLE,8.5,2026-04,202604072403,0.4315065983482036,3,0,0.0,8.455476753349094,0
V265_200_SIMPLE,8.5,2026-04,202604082303,0.2534301642972762,2,0,0.0,9.145161290322582,1
V265_200_SIMPLE,8.5,2026-04,202604082306,0.2872667268675872,2,1,54500.0,5.399537037037037,1
V265_200_SIMPLE,8.5,2026-04,202604090703,0.3479452866830688,2,0,0.0,7.899683544303797,1
V265_200_SIMPLE,8.5,2026-04,202604100708,0.2241821185947817,2,0,0.0,8.344213649851632,0
V265_200_SIMPLE,8.5,2026-04,202604110709,0.22434265544748633,9,0,0.0,8.451896636211304,0
V265_200_SIMPLE,8.5,2026-04,202604120406,0.2193943856867922,16,0,0.0,8.396838501708665,0
V265_200_SIMPLE,8.5,2026-04,202604121607,0.2514829204444463,4,0,0.0,7.630673051961073,0
V265_200_SIMPLE,8.5,2026-04,202604131606,0.22325835959277285,5,0,0.0,8.629967636272594,0
V265_200_SIMPLE,8.5,2026-04,202604140205,0.2832459356528888,2,0,0.0,10.565726681127982,0
V265_200_SIMPLE,8.5,2026-04,202604140304,0.2971526037834577,2,0,0.0,4.544623655913979,0
V265_200_SIMPLE,8.5,2026-04,202604150307,0.5397664290042222,2,0,0.0,11.3216796875,0
V265_200_SIMPLE,8.5,2026-04,202604160906,0.27689562495823816,5,0,0.0,8.09617268360313,1
V265_200_SIMPLE,8.5,2026-04,202604170305,0.2793639061501201,2,0,0.0,5.5560538116591935,0
V265_200_SIMPLE,8.5,2026-04,202604172301,0.22015940569756332,3,0,0.0,8.780692264606925,0
V265_200_SIMPLE,8.5,2026-04,202604180305,0.2685164673833457,4,0,0.0,8.137668289111541,1
V265_200_SIMPLE,8.5,2026-04,202604181508,0.2202870593503462,2,0,0.0,6.091463414634146,0
V265_200_SIMPLE,8.5,2026-04,202604190501,0.29247806598924597,6,0,0.0,7.498793115094315,0
V265_200_SIMPLE,8.5,2026-04,202604190703,0.3237644573631327,2,0,0.0,6.153024911032029,0
V265_200_SIMPLE,8.5,2026-04,202604191506,0.3212907504703223,2,0,0.0,4.394886363636363,0
V265_200_SIMPLE,8.5,2026-04,202604210702,0.2614453126625632,3,0,0.0,8.358417736993513,0
V265_200_SIMPLE,8.5,2026-04,202604211109,0.28809562658895266,2,0,0.0,8.955675675675677,0
V265_200_SIMPLE,8.5,2026-04,202604220502,0.2587688323254733,2,0,0.0,5.148058252427185,0
V265_200_SIMPLE,8.5,2026-04,202604221103,0.37209843736368675,4,0,0.0,8.39482645871152,1
V265_200_SIMPLE,8.5,2026-04,202604230507,0.29300611673783933,3,1,81220.0,7.977520118089615,1
V265_200_SIMPLE,8.5,2026-04,202604231603,0.26890181025219295,5,0,0.0,6.9622209026612865,0
V265_200_SIMPLE,8.5,2026-04,202604240706,0.36771560442465623,2,0,0.0,4.871794871794871,0
V265_200_SIMPLE,8.5,2026-04,202604240709,0.23491162846528998,2,0,0.0,9.289340101522843,0
V265_200_SIMPLE,8.5,2026-04,202604242010,0.267016693594845,5,1,83430.0,8.400260547960329,1
V265_200_SIMPLE,8.5,2026-04,202604242307,0.28282218534787584,6,0,0.0,8.649723133680263,0
V265_200_SIMPLE,8.5,2026-04,202604242308,0.46992298070365957,4,0,0.0,6.702657532017641,0
V265_200_SIMPLE,8.5,2026-04,202604250705,0.22570943767844703,4,0,0.0,8.43226537319944,1
V265_200_SIMPLE,8.5,2026-04,202604250708,0.30729597096430084,2,0,0.0,4.786363636363636,1
V265_200_SIMPLE,8.5,2026-04,202604250903,0.3394867185737669,4,0,0.0,8.082712670205021,0
V265_200_SIMPLE,8.5,2026-04,202604251307,0.3539809564987974,3,0,0.0,8.390553368835379,0
V265_200_SIMPLE,8.5,2026-04,202604252307,0.3196985979300752,6,0,0.0,7.584312201481032,1
V265_200_SIMPLE,8.5,2026-04,202604260310,0.42483685005465044,3,0,0.0,7.580606060606061,0
V265_200_SIMPLE,8.5,2026-04,202604270602,0.21980499450211508,9,0,0.0,9.140448643700482,1
V265_200_SIMPLE,8.5,2026-04,202604270606,0.2280052004132369,2,0,0.0,9.115777777777778,1
V265_200_SIMPLE,8.5,2026-04,202604271607,0.30631763632410797,3,0,0.0,8.33878914744804,0
V265_200_SIMPLE,8.5,2026-04,202604272401,0.26987393475853816,16,0,0.0,8.335282218381224,0
V265_200_SIMPLE,8.5,2026-04,202604272402,0.22640604907840084,4,0,0.0,8.22555990572085,0
V265_200_SIMPLE,8.5,2026-04,202604280603,0.39909215268378606,2,0,0.0,4.712,0
V265_200_SIMPLE,8.5,2026-04,202604280606,0.2730036580854154,4,1,85000.0,8.51054853178589,1
V265_200_SIMPLE,8.5,2026-04,202604280707,0.2225034997912249,5,1,82170.0,8.1306922978901,1
V265_200_SIMPLE,8.5,2026-04,202604281502,0.2845686068890705,5,0,0.0,8.50973868696365,0
V265_200_SIMPLE,8.5,2026-04,202604281606,0.2672803577354326,6,0,0.0,7.942489632683681,0
V265_200_SIMPLE,8.5,2026-04,202604282306,0.23848127833828556,5,0,0.0,10.062623951059233,0
V265_200_SIMPLE,8.5,2026-04,202604290306,0.4904914297261086,2,0,0.0,6.274603174603175,0
V265_200_SIMPLE,8.5,2026-04,202604291402,0.27544159808360275,3,0,0.0,7.570394379556842,0
V265_200_SIMPLE,8.5,2026-04,202604292405,0.23259493952870203,4,0,0.0,8.357731390173447,0
V265_200_SIMPLE,8.5,2026-05,202605011707,0.25369612576341816,3,0,0.0,7.203087272059474,0
V265_200_SIMPLE,8.5,2026-05,202605012009,0.23871615107478214,2,0,0.0,8.080538922155688,0
V265_200_SIMPLE,8.5,2026-05,202605020908,0.22173201624381084,3,0,0.0,7.1849790652622225,0
V265_200_SIMPLE,8.5,2026-05,202605021103,0.3248638613147797,2,1,62160.0,6.268235294117647,1
V265_200_SIMPLE,8.5,2026-05,202605021104,0.25650427874813014,6,0,0.0,8.305693207340449,0
V265_200_SIMPLE,8.5,2026-05,202605022307,0.4077137324502322,2,0,0.0,3.5517857142857143,0
V265_200_SIMPLE,8.5,2026-05,202605030104,0.2848486387959809,2,0,0.0,6.849097472924187,0
V265_200_SIMPLE,8.5,2026-05,202605030105,0.29590771102602387,2,0,0.0,6.595289855072465,0
V265_200_SIMPLE,8.5,2026-05,202605030805,0.24921138985934033,2,1,95360.0,9.537439613526569,1
V265_200_SIMPLE,8.5,2026-05,202605030811,0.3032646475828403,2,0,0.0,8.817567567567567,0
V265_200_SIMPLE,8.5,2026-05,202605031208,0.2743390204147069,3,0,0.0,6.681845835655625,0
V265_200_SIMPLE,8.5,2026-05,202605032307,0.3393116345344817,2,0,0.0,7.57125748502994,1
V265_200_SIMPLE,8.5,2026-05,202605040202,0.37005426585923473,2,0,0.0,8.46798866855524,0
V265_200_SIMPLE,8.5,2026-05,202605040205,0.26415509268849907,2,0,0.0,4.373714285714286,0
V265_200_SIMPLE,8.5,2026-05,202605040403,0.31744963859818,3,0,0.0,7.384505010433035,0
V265_200_SIMPLE,8.5,2026-05,202605040701,0.3059405926953598,2,1,93100.0,9.398936170212767,1
V265_200_SIMPLE,8.5,2026-05,202605040802,0.2547348505906385,4,1,79380.0,7.979131258510144,1
V265_200_SIMPLE,8.5,2026-05,202605040805,0.2463974645075978,5,1,75800.0,7.586900906847724,1
V265_200_SIMPLE,8.5,2026-05,202605041410,0.26732477652442266,4,0,0.0,9.462188739791573,1
V265_200_SIMPLE,8.5,2026-05,202605041707,0.2205205851667439,20,0,0.0,8.595991934774222,0
V265_200_SIMPLE,8.5,2026-05,202605042009,0.27329339144093207,2,0,0.0,8.64406779661017,0
V265_200_SIMPLE,8.5,2026-05,202605050202,0.5095682606571269,2,0,0.0,3.988271604938272,0
V265_200_SIMPLE,8.5,2026-05,202605050203,0.3308419626092944,2,0,0.0,7.600638977635782,1
V265_200_SIMPLE,8.5,2026-05,202605050702,0.316854358276166,2,0,0.0,8.75390625,1
V265_200_SIMPLE,8.5,2026-05,202605050811,0.24550163763230726,3,0,0.0,8.183008189205426,0
V265_200_SIMPLE,8.5,2026-05,202605050904,0.26242468276522274,3,0,0.0,6.673989924709532,0
V265_200_SIMPLE,8.5,2026-05,202605051303,0.29611322444566446,2,0,0.0,7.892088607594937,0
V265_200_SIMPLE,8.5,2026-05,202605051306,0.35670431164149663,2,0,0.0,8.202216066481995,0
V265_200_SIMPLE,8.5,2026-05,202605051602,0.5336813364066944,11,0,0.0,8.550423136348845,0
V265_200_SIMPLE,8.5,2026-05,202605060505,0.2791749881535426,5,0,0.0,8.755363109779472,0
V265_200_SIMPLE,8.5,2026-05,202605061303,0.2427809315074025,2,0,0.0,6.062992125984252,0
V265_200_SIMPLE,8.5,2026-05,202605072406,0.29592050514425494,2,0,0.0,4.800000000000001,1
V265_200_SIMPLE,8.5,2026-05,202605091105,0.2509001382468485,3,0,0.0,9.9761310414672,0
V265_200_SIMPLE,8.5,2026-05,202605091805,0.5000463184916282,3,0,0.0,6.62554339016519,0
V265_200_SIMPLE,8.5,2026-05,202605101604,0.29415292874968363,7,0,0.0,7.943195934243305,0
V265_200_SIMPLE,8.5,2026-05,202605102010,0.34010365587541835,2,0,0.0,4.623404255319148,0
V265_200_SIMPLE,8.5,2026-05,202605110811,0.21689574314748103,3,0,0.0,8.933796131197651,1
V265_200_SIMPLE,8.5,2026-05,202605111110,0.26528393309691906,5,0,0.0,8.00109384106576,1
V265_200_SIMPLE,8.5,2026-05,202605111606,0.4284597217210819,2,1,56950.0,5.721153846153847,1
V265_200_SIMPLE,8.5,2026-05,202605112308,0.44504494871854333,2,1,57200.0,5.71551724137931,1
V265_200_SIMPLE,8.5,2026-05,202605130406,0.3174165195774185,3,0,0.0,7.977113707494736,1
V265_200_SIMPLE,8.5,2026-05,202605130408,0.31940916365064387,2,0,0.0,3.78125,1
V265_200_SIMPLE,8.5,2026-05,202605132202,0.22026354932340686,20,0,0.0,8.886551820581769,0
V265_200_SIMPLE,8.5,2026-05,202605141910,0.25224201522762735,5,0,0.0,8.66532590095051,0
V265_200_SIMPLE,8.5,2026-05,202605160603,0.23503654706831936,4,1,74120.0,7.413386960607323,1
V265_200_SIMPLE,8.5,2026-05,202605161706,0.2192312836402403,3,0,0.0,8.548280157942525,0
V265_200_SIMPLE,8.5,2026-05,202605161910,0.23280397958639898,2,0,0.0,6.75,0
V265_200_SIMPLE,8.5,2026-05,202605162006,0.21630888285769667,20,0,0.0,11.651584430398335,0
V265_200_SIMPLE,8.5,2026-05,202605171007,0.329485763708493,2,0,0.0,7.096830985915493,0
V265_200_SIMPLE,8.5,2026-05,202605191406,0.24053285798487228,3,0,0.0,6.277173913043478,1
V265_200_SIMPLE,8.5,2026-05,202605191811,0.29324746665663237,2,0,0.0,8.498533724340177,0
V265_200_SIMPLE,8.5,2026-05,202605200506,0.2708552988816699,3,0,0.0,9.313918447924165,0
V265_200_SIMPLE,8.5,2026-05,202605201405,0.21577927767512806,20,1,118400.0,11.901962426127746,1
V265_200_SIMPLE,8.5,2026-05,202605201505,0.47976712078253414,5,0,0.0,9.03212416974068,1
V265_200_SIMPLE,8.5,2026-05,202605202002,0.32686136807213434,2,0,0.0,9.913647642679901,0
V265_200_SIMPLE,8.5,2026-05,202605211905,0.2265339154615783,4,1,82500.0,8.23576050666169,1
V265_200_SIMPLE,8.5,2026-05,202605231808,0.3289734399627961,3,0,0.0,8.281614987590556,1
V265_200_SIMPLE,8.5,2026-05,202605242305,0.3005298985163461,3,0,0.0,8.874051593323216,0
V265_200_SIMPLE,8.5,2026-05,202605242411,0.26225482542751166,4,0,0.0,9.319225011568243,1
V265_200_SIMPLE,8.5,2026-05,202605251307,0.37515011385062,2,0,0.0,4.701492537313433,0
V265_200_SIMPLE,8.5,2026-05,202605252408,0.35012877462073816,4,0,0.0,8.205166669534616,1
V265_200_SIMPLE,8.5,2026-05,202605261206,0.28142215157740985,2,1,67200.0,6.72,1
V265_200_SIMPLE,8.5,2026-05,202605270807,0.2955486052906222,4,0,0.0,8.547603672403627,1
V265_200_SIMPLE,8.5,2026-05,202605270810,0.22731607635880058,2,1,95680.0,9.58159090909091,1
V265_200_SIMPLE,8.5,2026-05,202605271204,0.2924938589673362,2,0,0.0,8.764044943820224,0
V265_200_SIMPLE,8.5,2026-05,202605280710,0.2559284787631224,5,0,0.0,7.560747115583054,0
V265_200_SIMPLE,8.5,2026-05,202605281008,0.3726255386743228,4,1,66660.0,6.664925383949871,1
V265_200_SIMPLE,8.5,2026-05,202605281810,0.25001726709641525,2,0,0.0,8.917808219178083,0
V265_200_SIMPLE,8.5,2026-05,202605291807,0.2837507938066716,2,0,0.0,6.151470588235294,0
V265_200_SIMPLE,8.5,2026-05,202605300102,0.23818816032583462,7,0,0.0,7.793984661183113,0
V265_200_SIMPLE,8.5,2026-05,202605300104,0.39892744453488055,2,0,0.0,6.913636363636364,0
V265_200_SIMPLE,8.5,2026-05,202605300507,0.26843433769637254,4,0,0.0,8.184013604955283,0
V265_200_SIMPLE,8.5,2026-05,202605301108,0.32800909822420493,2,0,0.0,6.776556776556777,1
V265_200_SIMPLE,8.5,2026-05,202605311306,0.2344319783804572,4,0,0.0,8.404562638667784,0
V265_200_SIMPLE,8.5,2026-05,202605312304,0.3194731898820189,4,0,0.0,8.099568400993501,0
V265_200_SIMPLE,8.5,2026-06,202606010506,0.4874116594790526,2,0,0.0,3.788235294117647,0
V265_200_SIMPLE,8.5,2026-06,202606010803,0.48562443006624145,4,0,0.0,7.4520744638975,0
V265_200_SIMPLE,8.5,2026-06,202606010809,0.28399941724145633,20,0,0.0,8.720877511477761,0
V265_200_SIMPLE,8.5,2026-06,202606012402,0.37251469596331754,2,0,0.0,7.068131868131867,0
V265_200_SIMPLE,8.5,2026-06,202606020906,0.33483646221742347,2,0,0.0,5.71551724137931,0
V265_200_SIMPLE,8.5,2026-06,202606021007,0.35847105302409116,3,1,90420.0,8.911720981940872,1
V265_200_SIMPLE,8.5,2026-06,202606022307,0.5089191247632905,2,0,0.0,6.739436619718309,0
V265_200_SIMPLE,8.5,2026-06,202606031209,0.2631904086699185,3,0,0.0,6.718123942299943,0
V265_200_SIMPLE,8.5,2026-06,202606032109,0.26414340608184794,2,0,0.0,8.772164948453609,0
V265_200_SIMPLE,8.5,2026-06,202606040305,0.24846450388749447,2,0,0.0,8.526,1
V265_200_SIMPLE,8.5,2026-06,202606040506,0.5122309815958501,2,1,50960.00000000001,5.092156862745099,1
V265_200_SIMPLE,8.5,2026-06,202606040907,0.26388058213119014,5,0,0.0,8.494319793389373,0
V265_200_SIMPLE,8.5,2026-06,202606041307,0.2310532004830298,5,0,0.0,7.852496174598961,1
V265_200_SIMPLE,8.5,2026-06,202606050305,0.4263844236992139,5,0,0.0,8.835000085321218,0
V265_200_SIMPLE,8.5,2026-06,202606060702,0.3846259980882322,3,0,0.0,8.3017138063279,1
V265_200_SIMPLE,8.5,2026-06,202606060703,0.21484485205182127,2,0,0.0,9.572727272727272,0
V265_200_SIMPLE,8.5,2026-06,202606060802,0.3826462375307938,9,0,0.0,8.41434894797399,0
V265_200_SIMPLE,8.5,2026-06,202606061506,0.30535627078665023,2,0,0.0,8.863259668508288,0
V265_200_SIMPLE,8.5,2026-06,202606071005,0.3641282779004985,2,0,0.0,4.4224719101123595,0
V265_200_SIMPLE,8.5,2026-06,202606072408,0.22617438056040948,2,0,0.0,7.715076923076923,0
V265_200_SIMPLE,8.5,2026-06,202606080510,0.35382653837179096,2,0,0.0,8.84047619047619,0
V265_200_SIMPLE,8.5,2026-06,202606080910,0.5185593648433418,2,0,0.0,8.3,1
V265_200_SIMPLE,8.5,2026-06,202606100903,0.2315566899682805,4,0,0.0,7.967861044740476,1
V265_200_SIMPLE,8.5,2026-06,202606121108,0.31756191504644493,2,0,0.0,7.666478873239437,0
V265_200_SIMPLE,8.5,2026-06,202606121901,0.34941456569383994,6,0,0.0,8.250940030355967,0
V265_200_SIMPLE,8.5,2026-06,202606122306,0.27072389589314944,4,1,76400.0,7.5948803875220126,1
V265_200_SIMPLE,8.5,2026-06,202606130609,0.3742093257915785,3,0,0.0,8.220363366055226,0
V265_200_SIMPLE,8.5,2026-06,202606130702,0.3088432340760663,5,0,0.0,9.108560379105606,1
V265_200_SIMPLE,8.5,2026-06,202606132204,0.32354833482458234,5,1,81060.0,7.967850265769861,1
V265_200_SIMPLE,8.5,2026-06,202606141005,0.2638742457112587,5,0,0.0,8.537385139243431,0
V265_200_SIMPLE,8.5,2026-06,202606150310,0.5308857446143207,3,0,0.0,8.185364111827596,0
V265_200_SIMPLE,8.5,2026-06,202606151208,0.3020621145558779,2,0,0.0,6.481159420289856,0
V265_200_SIMPLE,8.5,2026-06,202606180205,0.3726811362051988,2,0,0.0,4.699530516431925,0
V265_200_SIMPLE,8.5,2026-06,202606190903,0.2751295789667688,3,0,0.0,7.336905380729604,0
V265_200_SIMPLE,8.5,2026-06,202606192007,0.21729496019854358,3,1,74060.0,7.432373963253339,1
V265_200_SIMPLE,8.5,2026-06,202606192107,0.34260518286528036,4,0,0.0,8.82094756688449,0
V265_200_SIMPLE,8.5,2026-06,202606200903,0.30523867147278194,7,0,0.0,8.362740337696428,0
V265_200_SIMPLE,8.5,2026-06,202606201709,0.38372815591196674,3,0,0.0,8.830110752500971,1
V265_200_SIMPLE,8.5,2026-06,202606202108,0.2382506147622632,2,0,0.0,6.161389961389962,0
V265_200_SIMPLE,8.5,2026-06,202606210608,0.23286555834620887,2,0,0.0,8.346518105849583,0
V265_200_SIMPLE,8.5,2026-06,202606210906,0.3041124097507549,2,1,49680.0,4.964634146341463,1
V265_200_SIMPLE,8.5,2026-06,202606222204,0.2856382398845336,13,0,0.0,7.970332162285325,0
V265_200_SIMPLE,8.5,2026-06,202606232303,0.2512676777790965,20,0,0.0,8.718344309925257,0
V265_200_SIMPLE,8.5,2026-06,202606240605,0.2705017825228434,2,1,112640.00000000001,11.200000000000001,1
V265_200_SIMPLE,8.5,2026-06,202606241207,0.48921552548638136,3,0,0.0,8.919440657922056,1
V265_200_SIMPLE,8.5,2026-06,202606241210,0.31085610669553543,2,0,0.0,8.1865889212828,0
V265_200_SIMPLE,8.5,2026-06,202606252106,0.21462238645476162,2,0,0.0,8.0,1
V265_200_SIMPLE,8.5,2026-06,202606260304,0.3717601270574377,3,0,0.0,8.705698395989252,0
V265_200_SIMPLE,8.5,2026-06,202606260410,0.37058461627968386,4,0,0.0,9.602470299015934,0
V265_200_SIMPLE,8.5,2026-06,202606260705,0.676686004197826,2,0,0.0,5.211428571428571,1
V265_200_SIMPLE,8.5,2026-06,202606261709,0.29162638608569125,3,0,0.0,8.132231404958679,0
V265_200_SIMPLE,8.5,2026-06,202606280204,0.27826311680280424,6,0,0.0,8.416768413124071,0
V265_200_SIMPLE,8.5,2026-06,202606280205,0.2763410497280871,2,0,0.0,4.680851063829787,0
V265_200_SIMPLE,8.5,2026-06,202606280508,0.341726364958361,2,0,0.0,10.065777777777779,0
V265_200_SIMPLE,8.5,2026-06,202606281008,0.29171165306468727,2,0,0.0,9.617158671586715,0
V265_200_SIMPLE,8.5,2026-06,202606290310,0.246574449172836,17,0,0.0,8.259643440540955,1
V265_200_SIMPLE,8.5,2026-06,202606290806,0.2340736233363151,2,0,0.0,10.50532212885154,1
V265_200_SIMPLE,8.5,2026-06,202606292011,0.2816613209111828,3,0,0.0,7.658392203428784,0
V265_200_SIMPLE,8.5,2026-06,202606302304,0.29714698406663553,2,0,0.0,5.979583333333333,0
V265_200_SIMPLE,9.0,2026-04,202604010110,0.26692108921111923,7,0,0.0,8.399906627782231,0
V265_200_SIMPLE,9.0,2026-04,202604010206,0.32506308030228426,2,0,0.0,7.370847457627118,0
V265_200_SIMPLE,9.0,2026-04,202604010603,0.27218598988185544,3,0,0.0,9.918110550435095,1
V265_200_SIMPLE,9.0,2026-04,202604010804,0.3599868811087728,2,0,0.0,7.793823529411765,1
V265_200_SIMPLE,9.0,2026-04,202604020108,0.44510048394359497,2,0,0.0,6.069958847736625,0
V265_200_SIMPLE,9.0,2026-04,202604022209,0.3219681126083509,2,0,0.0,7.392739273927393,0
V265_200_SIMPLE,9.0,2026-04,202604030402,0.42976881767895014,2,0,0.0,7.531353135313531,0
V265_200_SIMPLE,9.0,2026-04,202604031806,0.3382646415180911,2,0,0.0,6.532584269662922,0
V265_200_SIMPLE,9.0,2026-04,202604042202,0.6133690027661685,2,0,0.0,6.39375,0
V265_200_SIMPLE,9.0,2026-04,202604050401,0.27476840588122226,3,0,0.0,7.987869269159632,0
V265_200_SIMPLE,9.0,2026-04,202604052207,0.27607155480800594,3,0,0.0,8.734920117378547,0
V265_200_SIMPLE,9.0,2026-04,202604070808,0.3852076724370691,2,0,0.0,5.27688679245283,0
V265_200_SIMPLE,9.0,2026-04,202604071007,0.24786942974671006,4,0,0.0,8.925989626425178,0
V265_200_SIMPLE,9.0,2026-04,202604072403,0.4315065983482036,3,0,0.0,8.455476753349094,0
V265_200_SIMPLE,9.0,2026-04,202604082303,0.2534301642972762,2,0,0.0,9.145161290322582,1
V265_200_SIMPLE,9.0,2026-04,202604082306,0.2872667268675872,2,1,54500.0,5.399537037037037,1
V265_200_SIMPLE,9.0,2026-04,202604090703,0.3479452866830688,2,0,0.0,7.899683544303797,1
V265_200_SIMPLE,9.0,2026-04,202604100708,0.2241821185947817,2,0,0.0,8.344213649851632,0
V265_200_SIMPLE,9.0,2026-04,202604110709,0.22434265544748633,8,0,0.0,9.381451870789292,0
V265_200_SIMPLE,9.0,2026-04,202604120406,0.2193943856867922,14,0,0.0,9.0587033322292,0
V265_200_SIMPLE,9.0,2026-04,202604121607,0.2514829204444463,4,0,0.0,7.630673051961073,0
V265_200_SIMPLE,9.0,2026-04,202604131606,0.22325835959277285,5,0,0.0,8.629967636272594,0
V265_200_SIMPLE,9.0,2026-04,202604140205,0.2832459356528888,2,0,0.0,10.565726681127982,0
V265_200_SIMPLE,9.0,2026-04,202604140304,0.2971526037834577,2,0,0.0,4.544623655913979,0
V265_200_SIMPLE,9.0,2026-04,202604150307,0.5397664290042222,2,0,0.0,11.3216796875,0
V265_200_SIMPLE,9.0,2026-04,202604160906,0.27689562495823816,5,0,0.0,8.09617268360313,1
V265_200_SIMPLE,9.0,2026-04,202604170305,0.2793639061501201,2,0,0.0,5.5560538116591935,0
V265_200_SIMPLE,9.0,2026-04,202604172301,0.22015940569756332,3,0,0.0,8.780692264606925,0
V265_200_SIMPLE,9.0,2026-04,202604180305,0.2685164673833457,4,0,0.0,8.137668289111541,1
V265_200_SIMPLE,9.0,2026-04,202604181508,0.2202870593503462,2,0,0.0,6.091463414634146,0
V265_200_SIMPLE,9.0,2026-04,202604190501,0.29247806598924597,5,0,0.0,10.138638757964086,0
V265_200_SIMPLE,9.0,2026-04,202604190703,0.3237644573631327,2,0,0.0,6.153024911032029,0
V265_200_SIMPLE,9.0,2026-04,202604191506,0.3212907504703223,2,0,0.0,4.394886363636363,0
V265_200_SIMPLE,9.0,2026-04,202604210702,0.2614453126625632,3,0,0.0,8.358417736993513,0
V265_200_SIMPLE,9.0,2026-04,202604211109,0.28809562658895266,2,0,0.0,8.955675675675677,0
V265_200_SIMPLE,9.0,2026-04,202604220502,0.2587688323254733,2,0,0.0,5.148058252427185,0
V265_200_SIMPLE,9.0,2026-04,202604221103,0.37209843736368675,4,0,0.0,8.39482645871152,1
V265_200_SIMPLE,9.0,2026-04,202604230507,0.29300611673783933,2,1,94320.0,9.416625916870416,1
V265_200_SIMPLE,9.0,2026-04,202604231603,0.26890181025219295,4,0,0.0,10.102084453747453,0
V265_200_SIMPLE,9.0,2026-04,202604240706,0.36771560442465623,2,0,0.0,4.871794871794871,0
V265_200_SIMPLE,9.0,2026-04,202604240709,0.23491162846528998,2,0,0.0,9.289340101522843,0
V265_200_SIMPLE,9.0,2026-04,202604242010,0.267016693594845,5,1,83430.0,8.400260547960329,1
V265_200_SIMPLE,9.0,2026-04,202604242307,0.28282218534787584,6,0,0.0,8.649723133680263,0
V265_200_SIMPLE,9.0,2026-04,202604242308,0.46992298070365957,3,0,0.0,11.19641356122163,0
V265_200_SIMPLE,9.0,2026-04,202604250705,0.22570943767844703,4,0,0.0,8.43226537319944,1
V265_200_SIMPLE,9.0,2026-04,202604250708,0.30729597096430084,2,0,0.0,4.786363636363636,1
V265_200_SIMPLE,9.0,2026-04,202604250903,0.3394867185737669,4,0,0.0,8.082712670205021,0
V265_200_SIMPLE,9.0,2026-04,202604251307,0.3539809564987974,3,0,0.0,8.390553368835379,0
V265_200_SIMPLE,9.0,2026-04,202604252307,0.3196985979300752,6,0,0.0,7.584312201481032,1
V265_200_SIMPLE,9.0,2026-04,202604260310,0.42483685005465044,3,0,0.0,7.580606060606061,0
V265_200_SIMPLE,9.0,2026-04,202604270602,0.21980499450211508,9,0,0.0,9.140448643700482,1
V265_200_SIMPLE,9.0,2026-04,202604270606,0.2280052004132369,2,0,0.0,9.115777777777778,1
V265_200_SIMPLE,9.0,2026-04,202604271607,0.30631763632410797,3,0,0.0,8.33878914744804,0
V265_200_SIMPLE,9.0,2026-04,202604272401,0.26987393475853816,14,0,0.0,9.199379287226009,0
V265_200_SIMPLE,9.0,2026-04,202604272402,0.22640604907840084,4,0,0.0,8.22555990572085,0
V265_200_SIMPLE,9.0,2026-04,202604280603,0.39909215268378606,2,0,0.0,4.712,0
V265_200_SIMPLE,9.0,2026-04,202604280606,0.2730036580854154,4,1,85000.0,8.51054853178589,1
V265_200_SIMPLE,9.0,2026-04,202604280707,0.2225034997912249,5,1,82170.0,8.1306922978901,1
V265_200_SIMPLE,9.0,2026-04,202604281502,0.2845686068890705,5,0,0.0,8.50973868696365,0
V265_200_SIMPLE,9.0,2026-04,202604281606,0.2672803577354326,6,0,0.0,7.942489632683681,0
V265_200_SIMPLE,9.0,2026-04,202604282306,0.23848127833828556,5,0,0.0,10.062623951059233,0
V265_200_SIMPLE,9.0,2026-04,202604290306,0.4904914297261086,2,0,0.0,6.274603174603175,0
V265_200_SIMPLE,9.0,2026-04,202604291402,0.27544159808360275,3,0,0.0,7.570394379556842,0
V265_200_SIMPLE,9.0,2026-04,202604292405,0.23259493952870203,4,0,0.0,8.357731390173447,0
V265_200_SIMPLE,9.0,2026-05,202605011707,0.25369612576341816,2,0,0.0,10.46689497716895,0
V265_200_SIMPLE,9.0,2026-05,202605012009,0.23871615107478214,2,0,0.0,8.080538922155688,0
V265_200_SIMPLE,9.0,2026-05,202605020908,0.22173201624381084,2,0,0.0,9.885678391959798,0
V265_200_SIMPLE,9.0,2026-05,202605021103,0.3248638613147797,2,1,62160.0,6.268235294117647,1
V265_200_SIMPLE,9.0,2026-05,202605021104,0.25650427874813014,6,0,0.0,8.305693207340449,0
V265_200_SIMPLE,9.0,2026-05,202605022307,0.4077137324502322,2,0,0.0,3.5517857142857143,0
V265_200_SIMPLE,9.0,2026-05,202605030104,0.2848486387959809,2,0,0.0,6.849097472924187,0
V265_200_SIMPLE,9.0,2026-05,202605030105,0.29590771102602387,2,0,0.0,6.595289855072465,0
V265_200_SIMPLE,9.0,2026-05,202605030805,0.24921138985934033,2,1,95360.0,9.537439613526569,1
V265_200_SIMPLE,9.0,2026-05,202605030811,0.3032646475828403,2,0,0.0,8.817567567567567,0
V265_200_SIMPLE,9.0,2026-05,202605031208,0.2743390204147069,2,0,0.0,11.18339552238806,0
V265_200_SIMPLE,9.0,2026-05,202605032307,0.3393116345344817,2,0,0.0,7.57125748502994,1
V265_200_SIMPLE,9.0,2026-05,202605040202,0.37005426585923473,2,0,0.0,8.46798866855524,0
V265_200_SIMPLE,9.0,2026-05,202605040205,0.26415509268849907,2,0,0.0,4.373714285714286,0
V265_200_SIMPLE,9.0,2026-05,202605040403,0.31744963859818,3,0,0.0,7.384505010433035,0
V265_200_SIMPLE,9.0,2026-05,202605040701,0.3059405926953598,2,1,93100.0,9.398936170212767,1
V265_200_SIMPLE,9.0,2026-05,202605040802,0.2547348505906385,3,1,94500.0,9.409169293262185,1
V265_200_SIMPLE,9.0,2026-05,202605040805,0.2463974645075978,4,0,0.0,9.485785121669887,1
V265_200_SIMPLE,9.0,2026-05,202605041410,0.26732477652442266,4,0,0.0,9.462188739791573,1
V265_200_SIMPLE,9.0,2026-05,202605041707,0.2205205851667439,15,0,0.0,8.993367186608314,0
V265_200_SIMPLE,9.0,2026-05,202605042009,0.27329339144093207,2,0,0.0,8.64406779661017,0
V265_200_SIMPLE,9.0,2026-05,202605050202,0.5095682606571269,2,0,0.0,3.988271604938272,0
V265_200_SIMPLE,9.0,2026-05,202605050203,0.3308419626092944,2,0,0.0,7.600638977635782,1
V265_200_SIMPLE,9.0,2026-05,202605050702,0.316854358276166,2,0,0.0,8.75390625,1
V265_200_SIMPLE,9.0,2026-05,202605050811,0.24550163763230726,2,0,0.0,9.711219512195123,0
V265_200_SIMPLE,9.0,2026-05,202605050904,0.26242468276522274,2,0,0.0,11.029759299781182,0
V265_200_SIMPLE,9.0,2026-05,202605051303,0.29611322444566446,2,0,0.0,7.892088607594937,0
V265_200_SIMPLE,9.0,2026-05,202605051306,0.35670431164149663,2,0,0.0,8.202216066481995,0
V265_200_SIMPLE,9.0,2026-05,202605051602,0.5336813364066944,10,0,0.0,9.31477294539011,0
V265_200_SIMPLE,9.0,2026-05,202605060505,0.2791749881535426,5,0,0.0,8.755363109779472,0
V265_200_SIMPLE,9.0,2026-05,202605061303,0.2427809315074025,2,0,0.0,6.062992125984252,0
V265_200_SIMPLE,9.0,2026-05,202605072406,0.29592050514425494,2,0,0.0,4.800000000000001,1
V265_200_SIMPLE,9.0,2026-05,202605091105,0.2509001382468485,3,0,0.0,9.9761310414672,0
V265_200_SIMPLE,9.0,2026-05,202605091805,0.5000463184916282,2,0,0.0,10.699792960662526,0
V265_200_SIMPLE,9.0,2026-05,202605101604,0.29415292874968363,7,0,0.0,7.943195934243305,0
V265_200_SIMPLE,9.0,2026-05,202605102010,0.34010365587541835,2,0,0.0,4.623404255319148,0
V265_200_SIMPLE,9.0,2026-05,202605110811,0.21689574314748103,3,0,0.0,8.933796131197651,1
V265_200_SIMPLE,9.0,2026-05,202605111110,0.26528393309691906,4,0,0.0,9.54001658122034,1
V265_200_SIMPLE,9.0,2026-05,202605111606,0.4284597217210819,2,1,56950.0,5.721153846153847,1
V265_200_SIMPLE,9.0,2026-05,202605112308,0.44504494871854333,2,1,57200.0,5.71551724137931,1
V265_200_SIMPLE,9.0,2026-05,202605130406,0.3174165195774185,3,0,0.0,7.977113707494736,1
V265_200_SIMPLE,9.0,2026-05,202605130408,0.31940916365064387,2,0,0.0,3.78125,1
V265_200_SIMPLE,9.0,2026-05,202605132202,0.22026354932340686,18,0,0.0,9.035589828100383,0
V265_200_SIMPLE,9.0,2026-05,202605141910,0.25224201522762735,5,0,0.0,8.66532590095051,0
V265_200_SIMPLE,9.0,2026-05,202605160603,0.23503654706831936,4,1,74120.0,7.413386960607323,1
V265_200_SIMPLE,9.0,2026-05,202605161706,0.2192312836402403,3,0,0.0,8.548280157942525,0
V265_200_SIMPLE,9.0,2026-05,202605161910,0.23280397958639898,2,0,0.0,6.75,0
V265_200_SIMPLE,9.0,2026-05,202605162006,0.21630888285769667,20,0,0.0,11.651584430398335,0
V265_200_SIMPLE,9.0,2026-05,202605171007,0.329485763708493,2,0,0.0,7.096830985915493,0
V265_200_SIMPLE,9.0,2026-05,202605191406,0.24053285798487228,2,0,0.0,11.379310344827585,1
V265_200_SIMPLE,9.0,2026-05,202605191811,0.29324746665663237,2,0,0.0,8.498533724340177,0
V265_200_SIMPLE,9.0,2026-05,202605200506,0.2708552988816699,3,0,0.0,9.313918447924165,0
V265_200_SIMPLE,9.0,2026-05,202605201405,0.21577927767512806,20,1,118400.0,11.901962426127746,1
V265_200_SIMPLE,9.0,2026-05,202605201505,0.47976712078253414,5,0,0.0,9.03212416974068,1
V265_200_SIMPLE,9.0,2026-05,202605202002,0.32686136807213434,2,0,0.0,9.913647642679901,0
V265_200_SIMPLE,9.0,2026-05,202605211905,0.2265339154615783,3,1,94050.0,9.380257621666642,1
V265_200_SIMPLE,9.0,2026-05,202605231808,0.3289734399627961,2,0,0.0,8.795675675675675,1
V265_200_SIMPLE,9.0,2026-05,202605242305,0.3005298985163461,3,0,0.0,8.874051593323216,0
V265_200_SIMPLE,9.0,2026-05,202605242411,0.26225482542751166,4,0,0.0,9.319225011568243,1
V265_200_SIMPLE,9.0,2026-05,202605251307,0.37515011385062,2,0,0.0,4.701492537313433,0
V265_200_SIMPLE,9.0,2026-05,202605252408,0.35012877462073816,4,0,0.0,8.205166669534616,1
V265_200_SIMPLE,9.0,2026-05,202605261206,0.28142215157740985,2,1,67200.0,6.72,1
V265_200_SIMPLE,9.0,2026-05,202605270807,0.2955486052906222,4,0,0.0,8.547603672403627,1
V265_200_SIMPLE,9.0,2026-05,202605270810,0.22731607635880058,2,1,95680.0,9.58159090909091,1
V265_200_SIMPLE,9.0,2026-05,202605271204,0.2924938589673362,2,0,0.0,8.764044943820224,0
V265_200_SIMPLE,9.0,2026-05,202605280710,0.2559284787631224,4,0,0.0,9.599492483779628,0
V265_200_SIMPLE,9.0,2026-05,202605281008,0.3726255386743228,3,1,103020.0,10.418279867526808,1
V265_200_SIMPLE,9.0,2026-05,202605281810,0.25001726709641525,2,0,0.0,8.917808219178083,0
V265_200_SIMPLE,9.0,2026-05,202605291807,0.2837507938066716,2,0,0.0,6.151470588235294,0
V265_200_SIMPLE,9.0,2026-05,202605300102,0.23818816032583462,6,0,0.0,9.596220739465567,0
V265_200_SIMPLE,9.0,2026-05,202605300104,0.39892744453488055,2,0,0.0,6.913636363636364,0
V265_200_SIMPLE,9.0,2026-05,202605300507,0.26843433769637254,3,0,0.0,9.423981310001905,0
V265_200_SIMPLE,9.0,2026-05,202605301108,0.32800909822420493,2,0,0.0,6.776556776556777,1
V265_200_SIMPLE,9.0,2026-05,202605311306,0.2344319783804572,4,0,0.0,8.404562638667784,0
V265_200_SIMPLE,9.0,2026-05,202605312304,0.3194731898820189,4,0,0.0,8.099568400993501,0
V265_200_SIMPLE,9.0,2026-06,202606010506,0.4874116594790526,2,0,0.0,3.788235294117647,0
V265_200_SIMPLE,9.0,2026-06,202606010803,0.48562443006624145,4,0,0.0,7.4520744638975,0
V265_200_SIMPLE,9.0,2026-06,202606010809,0.28399941724145633,17,0,0.0,9.028603707910664,0
V265_200_SIMPLE,9.0,2026-06,202606012402,0.37251469596331754,2,0,0.0,7.068131868131867,0
V265_200_SIMPLE,9.0,2026-06,202606020906,0.33483646221742347,2,0,0.0,5.71551724137931,0
V265_200_SIMPLE,9.0,2026-06,202606021007,0.35847105302409116,3,1,90420.0,8.911720981940872,1
V265_200_SIMPLE,9.0,2026-06,202606022307,0.5089191247632905,2,0,0.0,6.739436619718309,0
V265_200_SIMPLE,9.0,2026-06,202606031209,0.2631904086699185,3,0,0.0,6.718123942299943,0
V265_200_SIMPLE,9.0,2026-06,202606032109,0.26414340608184794,2,0,0.0,8.772164948453609,0
V265_200_SIMPLE,9.0,2026-06,202606040305,0.24846450388749447,2,0,0.0,8.526,1
V265_200_SIMPLE,9.0,2026-06,202606040506,0.5122309815958501,2,1,50960.00000000001,5.092156862745099,1
V265_200_SIMPLE,9.0,2026-06,202606040907,0.26388058213119014,5,0,0.0,8.494319793389373,0
V265_200_SIMPLE,9.0,2026-06,202606041307,0.2310532004830298,4,0,0.0,9.477417182731694,1
V265_200_SIMPLE,9.0,2026-06,202606050305,0.4263844236992139,5,0,0.0,8.835000085321218,0
V265_200_SIMPLE,9.0,2026-06,202606060702,0.3846259980882322,3,0,0.0,8.3017138063279,1
V265_200_SIMPLE,9.0,2026-06,202606060703,0.21484485205182127,2,0,0.0,9.572727272727272,0
V265_200_SIMPLE,9.0,2026-06,202606060802,0.3826462375307938,9,0,0.0,8.41434894797399,0
V265_200_SIMPLE,9.0,2026-06,202606061506,0.30535627078665023,2,0,0.0,8.863259668508288,0
V265_200_SIMPLE,9.0,2026-06,202606071005,0.3641282779004985,2,0,0.0,4.4224719101123595,0
V265_200_SIMPLE,9.0,2026-06,202606072408,0.22617438056040948,2,0,0.0,7.715076923076923,0
V265_200_SIMPLE,9.0,2026-06,202606080510,0.35382653837179096,2,0,0.0,8.84047619047619,0
V265_200_SIMPLE,9.0,2026-06,202606080910,0.5185593648433418,2,0,0.0,8.3,1
V265_200_SIMPLE,9.0,2026-06,202606100903,0.2315566899682805,4,0,0.0,7.967861044740476,1
V265_200_SIMPLE,9.0,2026-06,202606121108,0.31756191504644493,2,0,0.0,7.666478873239437,0
V265_200_SIMPLE,9.0,2026-06,202606121901,0.34941456569383994,5,0,0.0,8.77725240866399,0
V265_200_SIMPLE,9.0,2026-06,202606122306,0.27072389589314944,4,1,76400.0,7.5948803875220126,1
V265_200_SIMPLE,9.0,2026-06,202606130609,0.3742093257915785,2,0,0.0,9.481558441558441,0
V265_200_SIMPLE,9.0,2026-06,202606130702,0.3088432340760663,5,0,0.0,9.108560379105606,1
V265_200_SIMPLE,9.0,2026-06,202606132204,0.32354833482458234,4,0,0.0,9.23930839836868,1
V265_200_SIMPLE,9.0,2026-06,202606141005,0.2638742457112587,5,0,0.0,8.537385139243431,0
V265_200_SIMPLE,9.0,2026-06,202606150310,0.5308857446143207,3,0,0.0,8.185364111827596,0
V265_200_SIMPLE,9.0,2026-06,202606151208,0.3020621145558779,2,0,0.0,6.481159420289856,0
V265_200_SIMPLE,9.0,2026-06,202606180205,0.3726811362051988,2,0,0.0,4.699530516431925,0
V265_200_SIMPLE,9.0,2026-06,202606190903,0.2751295789667688,3,0,0.0,7.336905380729604,0
V265_200_SIMPLE,9.0,2026-06,202606192007,0.21729496019854358,3,1,74060.0,7.432373963253339,1
V265_200_SIMPLE,9.0,2026-06,202606192107,0.34260518286528036,4,0,0.0,8.82094756688449,0
V265_200_SIMPLE,9.0,2026-06,202606200903,0.30523867147278194,6,0,0.0,8.964401338299107,0
V265_200_SIMPLE,9.0,2026-06,202606201709,0.38372815591196674,3,0,0.0,8.830110752500971,1
V265_200_SIMPLE,9.0,2026-06,202606202108,0.2382506147622632,2,0,0.0,6.161389961389962,0
V265_200_SIMPLE,9.0,2026-06,202606210608,0.23286555834620887,2,0,0.0,8.346518105849583,0
V265_200_SIMPLE,9.0,2026-06,202606210906,0.3041124097507549,2,1,49680.0,4.964634146341463,1
V265_200_SIMPLE,9.0,2026-06,202606222204,0.2856382398845336,12,0,0.0,9.384235220874931,0
V265_200_SIMPLE,9.0,2026-06,202606232303,0.2512676777790965,17,0,0.0,9.054941504580285,0
V265_200_SIMPLE,9.0,2026-06,202606240605,0.2705017825228434,2,1,112640.00000000001,11.200000000000001,1
V265_200_SIMPLE,9.0,2026-06,202606241207,0.48921552548638136,3,0,0.0,8.919440657922056,1
V265_200_SIMPLE,9.0,2026-06,202606241210,0.31085610669553543,2,0,0.0,8.1865889212828,0
V265_200_SIMPLE,9.0,2026-06,202606252106,0.21462238645476162,2,0,0.0,8.0,1
V265_200_SIMPLE,9.0,2026-06,202606260304,0.3717601270574377,3,0,0.0,8.705698395989252,0
V265_200_SIMPLE,9.0,2026-06,202606260410,0.37058461627968386,4,0,0.0,9.602470299015934,0
V265_200_SIMPLE,9.0,2026-06,202606260705,0.676686004197826,2,0,0.0,5.211428571428571,1
V265_200_SIMPLE,9.0,2026-06,202606261709,0.29162638608569125,3,0,0.0,8.132231404958679,0
V265_200_SIMPLE,9.0,2026-06,202606280204,0.27826311680280424,5,0,0.0,9.5309299420701,0
V265_200_SIMPLE,9.0,2026-06,202606280205,0.2763410497280871,2,0,0.0,4.680851063829787,0
V265_200_SIMPLE,9.0,2026-06,202606280508,0.341726364958361,2,0,0.0,10.065777777777779,0
V265_200_SIMPLE,9.0,2026-06,202606281008,0.29171165306468727,2,0,0.0,9.617158671586715,0
V265_200_SIMPLE,9.0,2026-06,202606290310,0.246574449172836,16,0,0.0,8.863694214269078,1
V265_200_SIMPLE,9.0,2026-06,202606290806,0.2340736233363151,2,0,0.0,10.50532212885154,1
V265_200_SIMPLE,9.0,2026-06,202606292011,0.2816613209111828,3,0,0.0,7.658392203428784,0
V265_200_SIMPLE,9.0,2026-06,202606302304,0.29714698406663553,2,0,0.0,5.979583333333333,0
V265_200_SIMPLE,9.5,2026-04,202604010110,0.26692108921111923,6,0,0.0,9.848742276128478,0
V265_200_SIMPLE,9.5,2026-04,202604010206,0.32506308030228426,2,0,0.0,7.370847457627118,0
V265_200_SIMPLE,9.5,2026-04,202604010603,0.27218598988185544,3,0,0.0,9.918110550435095,1
V265_200_SIMPLE,9.5,2026-04,202604010804,0.3599868811087728,2,0,0.0,7.793823529411765,1
V265_200_SIMPLE,9.5,2026-04,202604020108,0.44510048394359497,2,0,0.0,6.069958847736625,0
V265_200_SIMPLE,9.5,2026-04,202604022209,0.3219681126083509,2,0,0.0,7.392739273927393,0
V265_200_SIMPLE,9.5,2026-04,202604030402,0.42976881767895014,2,0,0.0,7.531353135313531,0
V265_200_SIMPLE,9.5,2026-04,202604031806,0.3382646415180911,2,0,0.0,6.532584269662922,0
V265_200_SIMPLE,9.5,2026-04,202604042202,0.6133690027661685,2,0,0.0,6.39375,0
V265_200_SIMPLE,9.5,2026-04,202604050401,0.27476840588122226,2,0,0.0,10.157248157248157,0
V265_200_SIMPLE,9.5,2026-04,202604052207,0.27607155480800594,3,0,0.0,8.734920117378547,0
V265_200_SIMPLE,9.5,2026-04,202604070808,0.3852076724370691,2,0,0.0,5.27688679245283,0
V265_200_SIMPLE,9.5,2026-04,202604071007,0.24786942974671006,4,0,0.0,8.925989626425178,0
V265_200_SIMPLE,9.5,2026-04,202604072403,0.4315065983482036,3,0,0.0,8.455476753349094,0
V265_200_SIMPLE,9.5,2026-04,202604082303,0.2534301642972762,2,0,0.0,9.145161290322582,1
V265_200_SIMPLE,9.5,2026-04,202604082306,0.2872667268675872,2,1,54500.0,5.399537037037037,1
V265_200_SIMPLE,9.5,2026-04,202604090703,0.3479452866830688,2,0,0.0,7.899683544303797,1
V265_200_SIMPLE,9.5,2026-04,202604100708,0.2241821185947817,2,0,0.0,8.344213649851632,0
V265_200_SIMPLE,9.5,2026-04,202604110709,0.22434265544748633,8,0,0.0,9.381451870789292,0
V265_200_SIMPLE,9.5,2026-04,202604120406,0.2193943856867922,12,0,0.0,9.388962528271948,0
V265_200_SIMPLE,9.5,2026-04,202604121607,0.2514829204444463,3,0,0.0,10.517589971694298,0
V265_200_SIMPLE,9.5,2026-04,202604131606,0.22325835959277285,4,0,0.0,10.28979129762833,0
V265_200_SIMPLE,9.5,2026-04,202604140205,0.2832459356528888,2,0,0.0,10.565726681127982,0
V265_200_SIMPLE,9.5,2026-04,202604140304,0.2971526037834577,2,0,0.0,4.544623655913979,0
V265_200_SIMPLE,9.5,2026-04,202604150307,0.5397664290042222,2,0,0.0,11.3216796875,0
V265_200_SIMPLE,9.5,2026-04,202604160906,0.27689562495823816,5,0,0.0,8.09617268360313,1
V265_200_SIMPLE,9.5,2026-04,202604170305,0.2793639061501201,2,0,0.0,5.5560538116591935,0
V265_200_SIMPLE,9.5,2026-04,202604172301,0.22015940569756332,3,0,0.0,8.780692264606925,0
V265_200_SIMPLE,9.5,2026-04,202604180305,0.2685164673833457,4,0,0.0,8.137668289111541,1
V265_200_SIMPLE,9.5,2026-04,202604181508,0.2202870593503462,2,0,0.0,6.091463414634146,0
V265_200_SIMPLE,9.5,2026-04,202604190501,0.29247806598924597,5,0,0.0,10.138638757964086,0
V265_200_SIMPLE,9.5,2026-04,202604190703,0.3237644573631327,2,0,0.0,6.153024911032029,0
V265_200_SIMPLE,9.5,2026-04,202604191506,0.3212907504703223,2,0,0.0,4.394886363636363,0
V265_200_SIMPLE,9.5,2026-04,202604210702,0.2614453126625632,3,0,0.0,8.358417736993513,0
V265_200_SIMPLE,9.5,2026-04,202604211109,0.28809562658895266,2,0,0.0,8.955675675675677,0
V265_200_SIMPLE,9.5,2026-04,202604220502,0.2587688323254733,2,0,0.0,5.148058252427185,0
V265_200_SIMPLE,9.5,2026-04,202604221103,0.37209843736368675,3,0,0.0,9.78468682896541,1
V265_200_SIMPLE,9.5,2026-04,202604230507,0.29300611673783933,2,1,94320.0,9.416625916870416,1
V265_200_SIMPLE,9.5,2026-04,202604231603,0.26890181025219295,4,0,0.0,10.102084453747453,0
V265_200_SIMPLE,9.5,2026-04,202604240706,0.36771560442465623,2,0,0.0,4.871794871794871,0
V265_200_SIMPLE,9.5,2026-04,202604240709,0.23491162846528998,2,0,0.0,9.289340101522843,0
V265_200_SIMPLE,9.5,2026-04,202604242010,0.267016693594845,4,1,98880.0,10.045127816968039,1
V265_200_SIMPLE,9.5,2026-04,202604242307,0.28282218534787584,6,0,0.0,8.649723133680263,0
V265_200_SIMPLE,9.5,2026-04,202604242308,0.46992298070365957,3,0,0.0,11.19641356122163,0
V265_200_SIMPLE,9.5,2026-04,202604250705,0.22570943767844703,3,0,0.0,10.106550567568778,1
V265_200_SIMPLE,9.5,2026-04,202604250708,0.30729597096430084,2,0,0.0,4.786363636363636,1
V265_200_SIMPLE,9.5,2026-04,202604250903,0.3394867185737669,4,0,0.0,8.082712670205021,0
V265_200_SIMPLE,9.5,2026-04,202604251307,0.3539809564987974,3,0,0.0,8.390553368835379,0
V265_200_SIMPLE,9.5,2026-04,202604252307,0.3196985979300752,6,0,0.0,7.584312201481032,1
V265_200_SIMPLE,9.5,2026-04,202604260310,0.42483685005465044,2,0,0.0,11.167857142857143,0
V265_200_SIMPLE,9.5,2026-04,202604270602,0.21980499450211508,8,0,0.0,9.838661201420619,1
V265_200_SIMPLE,9.5,2026-04,202604270606,0.2280052004132369,2,0,0.0,9.115777777777778,1
V265_200_SIMPLE,9.5,2026-04,202604271607,0.30631763632410797,3,0,0.0,8.33878914744804,0
V265_200_SIMPLE,9.5,2026-04,202604272401,0.26987393475853816,13,0,0.0,9.350097872653064,0
V265_200_SIMPLE,9.5,2026-04,202604272402,0.22640604907840084,4,0,0.0,8.22555990572085,0
V265_200_SIMPLE,9.5,2026-04,202604280603,0.39909215268378606,2,0,0.0,4.712,0
V265_200_SIMPLE,9.5,2026-04,202604280606,0.2730036580854154,3,1,97500.0,9.792724839563247,1
V265_200_SIMPLE,9.5,2026-04,202604280707,0.2225034997912249,5,1,82170.0,8.1306922978901,1
V265_200_SIMPLE,9.5,2026-04,202604281502,0.2845686068890705,4,0,0.0,10.202078259060256,0
V265_200_SIMPLE,9.5,2026-04,202604281606,0.2672803577354326,6,0,0.0,7.942489632683681,0
V265_200_SIMPLE,9.5,2026-04,202604282306,0.23848127833828556,5,0,0.0,10.062623951059233,0
V265_200_SIMPLE,9.5,2026-04,202604290306,0.4904914297261086,2,0,0.0,6.274603174603175,0
V265_200_SIMPLE,9.5,2026-04,202604291402,0.27544159808360275,3,0,0.0,7.570394379556842,0
V265_200_SIMPLE,9.5,2026-04,202604292405,0.23259493952870203,4,0,0.0,8.357731390173447,0
V265_200_SIMPLE,9.5,2026-05,202605011707,0.25369612576341816,2,0,0.0,10.46689497716895,0
V265_200_SIMPLE,9.5,2026-05,202605012009,0.23871615107478214,2,0,0.0,8.080538922155688,0
V265_200_SIMPLE,9.5,2026-05,202605020908,0.22173201624381084,2,0,0.0,9.885678391959798,0
V265_200_SIMPLE,9.5,2026-05,202605021103,0.3248638613147797,2,1,62160.0,6.268235294117647,1
V265_200_SIMPLE,9.5,2026-05,202605021104,0.25650427874813014,5,0,0.0,10.160400166634435,0
V265_200_SIMPLE,9.5,2026-05,202605022307,0.4077137324502322,2,0,0.0,3.5517857142857143,0
V265_200_SIMPLE,9.5,2026-05,202605030104,0.2848486387959809,2,0,0.0,6.849097472924187,0
V265_200_SIMPLE,9.5,2026-05,202605030105,0.29590771102602387,2,0,0.0,6.595289855072465,0
V265_200_SIMPLE,9.5,2026-05,202605030805,0.24921138985934033,2,1,95360.0,9.537439613526569,1
V265_200_SIMPLE,9.5,2026-05,202605030811,0.3032646475828403,2,0,0.0,8.817567567567567,0
V265_200_SIMPLE,9.5,2026-05,202605031208,0.2743390204147069,2,0,0.0,11.18339552238806,0
V265_200_SIMPLE,9.5,2026-05,202605032307,0.3393116345344817,2,0,0.0,7.57125748502994,1
V265_200_SIMPLE,9.5,2026-05,202605040202,0.37005426585923473,2,0,0.0,8.46798866855524,0
V265_200_SIMPLE,9.5,2026-05,202605040205,0.26415509268849907,2,0,0.0,4.373714285714286,0
V265_200_SIMPLE,9.5,2026-05,202605040403,0.31744963859818,2,0,0.0,11.167303609341825,0
V265_200_SIMPLE,9.5,2026-05,202605040701,0.3059405926953598,2,1,93100.0,9.398936170212767,1
V265_200_SIMPLE,9.5,2026-05,202605040802,0.2547348505906385,3,1,94500.0,9.409169293262185,1
V265_200_SIMPLE,9.5,2026-05,202605040805,0.2463974645075978,4,0,0.0,9.485785121669887,1
V265_200_SIMPLE,9.5,2026-05,202605041410,0.26732477652442266,4,0,0.0,9.462188739791573,1
V265_200_SIMPLE,9.5,2026-05,202605041707,0.2205205851667439,14,0,0.0,9.503633867046748,0
V265_200_SIMPLE,9.5,2026-05,202605042009,0.27329339144093207,2,0,0.0,8.64406779661017,0
V265_200_SIMPLE,9.5,2026-05,202605050202,0.5095682606571269,2,0,0.0,3.988271604938272,0
V265_200_SIMPLE,9.5,2026-05,202605050203,0.3308419626092944,2,0,0.0,7.600638977635782,1
V265_200_SIMPLE,9.5,2026-05,202605050702,0.316854358276166,2,0,0.0,8.75390625,1
V265_200_SIMPLE,9.5,2026-05,202605050811,0.24550163763230726,2,0,0.0,9.711219512195123,0
V265_200_SIMPLE,9.5,2026-05,202605050904,0.26242468276522274,2,0,0.0,11.029759299781182,0
V265_200_SIMPLE,9.5,2026-05,202605051303,0.29611322444566446,2,0,0.0,7.892088607594937,0
V265_200_SIMPLE,9.5,2026-05,202605051306,0.35670431164149663,2,0,0.0,8.202216066481995,0
V265_200_SIMPLE,9.5,2026-05,202605051602,0.5336813364066944,9,0,0.0,9.613257309054974,0
V265_200_SIMPLE,9.5,2026-05,202605060505,0.2791749881535426,4,0,0.0,9.309060131968002,0
V265_200_SIMPLE,9.5,2026-05,202605061303,0.2427809315074025,2,0,0.0,6.062992125984252,0
V265_200_SIMPLE,9.5,2026-05,202605072406,0.29592050514425494,2,0,0.0,4.800000000000001,1
V265_200_SIMPLE,9.5,2026-05,202605091105,0.2509001382468485,3,0,0.0,9.9761310414672,0
V265_200_SIMPLE,9.5,2026-05,202605091805,0.5000463184916282,2,0,0.0,10.699792960662526,0
V265_200_SIMPLE,9.5,2026-05,202605101604,0.29415292874968363,6,0,0.0,10.216309276121821,0
V265_200_SIMPLE,9.5,2026-05,202605102010,0.34010365587541835,2,0,0.0,4.623404255319148,0
V265_200_SIMPLE,9.5,2026-05,202605110811,0.21689574314748103,3,0,0.0,8.933796131197651,1
V265_200_SIMPLE,9.5,2026-05,202605111110,0.26528393309691906,4,0,0.0,9.54001658122034,1
V265_200_SIMPLE,9.5,2026-05,202605111606,0.4284597217210819,2,1,56950.0,5.721153846153847,1
V265_200_SIMPLE,9.5,2026-05,202605112308,0.44504494871854333,2,1,57200.0,5.71551724137931,1
V265_200_SIMPLE,9.5,2026-05,202605130406,0.3174165195774185,2,0,0.0,10.961434977578474,1
V265_200_SIMPLE,9.5,2026-05,202605130408,0.31940916365064387,2,0,0.0,3.78125,1
V265_200_SIMPLE,9.5,2026-05,202605132202,0.22026354932340686,16,0,0.0,9.49035726907665,0
V265_200_SIMPLE,9.5,2026-05,202605141910,0.25224201522762735,5,0,0.0,8.66532590095051,0
V265_200_SIMPLE,9.5,2026-05,202605160603,0.23503654706831936,3,0,0.0,11.233487360695841,1
V265_200_SIMPLE,9.5,2026-05,202605161706,0.2192312836402403,2,0,0.0,10.002421307506054,0
V265_200_SIMPLE,9.5,2026-05,202605161910,0.23280397958639898,2,0,0.0,6.75,0
V265_200_SIMPLE,9.5,2026-05,202605162006,0.21630888285769667,20,0,0.0,11.651584430398335,0
V265_200_SIMPLE,9.5,2026-05,202605171007,0.329485763708493,2,0,0.0,7.096830985915493,0
V265_200_SIMPLE,9.5,2026-05,202605191406,0.24053285798487228,2,0,0.0,11.379310344827585,1
V265_200_SIMPLE,9.5,2026-05,202605191811,0.29324746665663237,2,0,0.0,8.498533724340177,0
V265_200_SIMPLE,9.5,2026-05,202605200506,0.2708552988816699,3,0,0.0,9.313918447924165,0
V265_200_SIMPLE,9.5,2026-05,202605201405,0.21577927767512806,20,1,118400.0,11.901962426127746,1
V265_200_SIMPLE,9.5,2026-05,202605201505,0.47976712078253414,5,0,0.0,9.03212416974068,1
V265_200_SIMPLE,9.5,2026-05,202605202002,0.32686136807213434,2,0,0.0,9.913647642679901,0
V265_200_SIMPLE,9.5,2026-05,202605211905,0.2265339154615783,3,1,94050.0,9.380257621666642,1
V265_200_SIMPLE,9.5,2026-05,202605231808,0.3289734399627961,2,0,0.0,8.795675675675675,1
V265_200_SIMPLE,9.5,2026-05,202605242305,0.3005298985163461,3,0,0.0,8.874051593323216,0
V265_200_SIMPLE,9.5,2026-05,202605242411,0.26225482542751166,4,0,0.0,9.319225011568243,1
V265_200_SIMPLE,9.5,2026-05,202605251307,0.37515011385062,2,0,0.0,4.701492537313433,0
V265_200_SIMPLE,9.5,2026-05,202605252408,0.35012877462073816,4,0,0.0,8.205166669534616,1
V265_200_SIMPLE,9.5,2026-05,202605261206,0.28142215157740985,2,1,67200.0,6.72,1
V265_200_SIMPLE,9.5,2026-05,202605270807,0.2955486052906222,4,0,0.0,8.547603672403627,1
V265_200_SIMPLE,9.5,2026-05,202605270810,0.22731607635880058,2,1,95680.0,9.58159090909091,1
V265_200_SIMPLE,9.5,2026-05,202605271204,0.2924938589673362,2,0,0.0,8.764044943820224,0
V265_200_SIMPLE,9.5,2026-05,202605280710,0.2559284787631224,4,0,0.0,9.599492483779628,0
V265_200_SIMPLE,9.5,2026-05,202605281008,0.3726255386743228,3,1,103020.0,10.418279867526808,1
V265_200_SIMPLE,9.5,2026-05,202605281810,0.25001726709641525,2,0,0.0,8.917808219178083,0
V265_200_SIMPLE,9.5,2026-05,202605291807,0.2837507938066716,2,0,0.0,6.151470588235294,0
V265_200_SIMPLE,9.5,2026-05,202605300102,0.23818816032583462,6,0,0.0,9.596220739465567,0
V265_200_SIMPLE,9.5,2026-05,202605300104,0.39892744453488055,2,0,0.0,6.913636363636364,0
V265_200_SIMPLE,9.5,2026-05,202605300507,0.26843433769637254,3,0,0.0,9.423981310001905,0
V265_200_SIMPLE,9.5,2026-05,202605301108,0.32800909822420493,2,0,0.0,6.776556776556777,1
V265_200_SIMPLE,9.5,2026-05,202605311306,0.2344319783804572,3,0,0.0,9.923779945913402,0
V265_200_SIMPLE,9.5,2026-05,202605312304,0.3194731898820189,3,0,0.0,10.442496868021134,0
V265_200_SIMPLE,9.5,2026-06,202606010506,0.4874116594790526,2,0,0.0,3.788235294117647,0
V265_200_SIMPLE,9.5,2026-06,202606010803,0.48562443006624145,4,0,0.0,7.4520744638975,0
V265_200_SIMPLE,9.5,2026-06,202606010809,0.28399941724145633,15,0,0.0,9.47969256120926,0
V265_200_SIMPLE,9.5,2026-06,202606012402,0.37251469596331754,2,0,0.0,7.068131868131867,0
V265_200_SIMPLE,9.5,2026-06,202606020906,0.33483646221742347,2,0,0.0,5.71551724137931,0
V265_200_SIMPLE,9.5,2026-06,202606021007,0.35847105302409116,3,1,90420.0,8.911720981940872,1
V265_200_SIMPLE,9.5,2026-06,202606022307,0.5089191247632905,2,0,0.0,6.739436619718309,0
V265_200_SIMPLE,9.5,2026-06,202606031209,0.2631904086699185,2,0,0.0,11.478066914498143,0
V265_200_SIMPLE,9.5,2026-06,202606032109,0.26414340608184794,2,0,0.0,8.772164948453609,0
V265_200_SIMPLE,9.5,2026-06,202606040305,0.24846450388749447,2,0,0.0,8.526,1
V265_200_SIMPLE,9.5,2026-06,202606040506,0.5122309815958501,2,1,50960.00000000001,5.092156862745099,1
V265_200_SIMPLE,9.5,2026-06,202606040907,0.26388058213119014,4,0,0.0,9.519144332270708,0
V265_200_SIMPLE,9.5,2026-06,202606041307,0.2310532004830298,4,0,0.0,9.477417182731694,1
V265_200_SIMPLE,9.5,2026-06,202606050305,0.4263844236992139,4,0,0.0,9.714369505505465,0
V265_200_SIMPLE,9.5,2026-06,202606060702,0.3846259980882322,3,0,0.0,8.3017138063279,1
V265_200_SIMPLE,9.5,2026-06,202606060703,0.21484485205182127,2,0,0.0,9.572727272727272,0
V265_200_SIMPLE,9.5,2026-06,202606060802,0.3826462375307938,8,0,0.0,9.650282675147139,0
V265_200_SIMPLE,9.5,2026-06,202606061506,0.30535627078665023,2,0,0.0,8.863259668508288,0
V265_200_SIMPLE,9.5,2026-06,202606071005,0.3641282779004985,2,0,0.0,4.4224719101123595,0
V265_200_SIMPLE,9.5,2026-06,202606072408,0.22617438056040948,2,0,0.0,7.715076923076923,0
V265_200_SIMPLE,9.5,2026-06,202606080510,0.35382653837179096,2,0,0.0,8.84047619047619,0
V265_200_SIMPLE,9.5,2026-06,202606080910,0.5185593648433418,2,0,0.0,8.3,1
V265_200_SIMPLE,9.5,2026-06,202606100903,0.2315566899682805,3,0,0.0,10.074807707987933,1
V265_200_SIMPLE,9.5,2026-06,202606121108,0.31756191504644493,2,0,0.0,7.666478873239437,0
V265_200_SIMPLE,9.5,2026-06,202606121901,0.34941456569383994,4,0,0.0,10.025417191532664,0
V265_200_SIMPLE,9.5,2026-06,202606122306,0.27072389589314944,4,1,76400.0,7.5948803875220126,1
V265_200_SIMPLE,9.5,2026-06,202606130609,0.3742093257915785,2,0,0.0,9.481558441558441,0
V265_200_SIMPLE,9.5,2026-06,202606130702,0.3088432340760663,5,0,0.0,9.108560379105606,1
V265_200_SIMPLE,9.5,2026-06,202606132204,0.32354833482458234,4,0,0.0,9.23930839836868,1
V265_200_SIMPLE,9.5,2026-06,202606141005,0.2638742457112587,4,0,0.0,10.126630437119852,0
V265_200_SIMPLE,9.5,2026-06,202606150310,0.5308857446143207,2,0,0.0,9.859756097560977,0
V265_200_SIMPLE,9.5,2026-06,202606151208,0.3020621145558779,2,0,0.0,6.481159420289856,0
V265_200_SIMPLE,9.5,2026-06,202606180205,0.3726811362051988,2,0,0.0,4.699530516431925,0
V265_200_SIMPLE,9.5,2026-06,202606190903,0.2751295789667688,3,0,0.0,7.336905380729604,0
V265_200_SIMPLE,9.5,2026-06,202606192007,0.21729496019854358,2,1,106260.00000000001,10.631434599156119,1
V265_200_SIMPLE,9.5,2026-06,202606192107,0.34260518286528036,4,0,0.0,8.82094756688449,0
V265_200_SIMPLE,9.5,2026-06,202606200903,0.30523867147278194,6,0,0.0,8.964401338299107,0
V265_200_SIMPLE,9.5,2026-06,202606201709,0.38372815591196674,3,0,0.0,8.830110752500971,1
V265_200_SIMPLE,9.5,2026-06,202606202108,0.2382506147622632,2,0,0.0,6.161389961389962,0
V265_200_SIMPLE,9.5,2026-06,202606210608,0.23286555834620887,2,0,0.0,8.346518105849583,0
V265_200_SIMPLE,9.5,2026-06,202606210906,0.3041124097507549,2,1,49680.0,4.964634146341463,1
V265_200_SIMPLE,9.5,2026-06,202606222204,0.2856382398845336,11,0,0.0,9.520765016717775,0
V265_200_SIMPLE,9.5,2026-06,202606232303,0.2512676777790965,14,0,0.0,9.545201070091908,0
V265_200_SIMPLE,9.5,2026-06,202606240605,0.2705017825228434,2,1,112640.00000000001,11.200000000000001,1
V265_200_SIMPLE,9.5,2026-06,202606241207,0.48921552548638136,3,0,0.0,8.919440657922056,1
V265_200_SIMPLE,9.5,2026-06,202606241210,0.31085610669553543,2,0,0.0,8.1865889212828,0
V265_200_SIMPLE,9.5,2026-06,202606252106,0.21462238645476162,2,0,0.0,8.0,1
V265_200_SIMPLE,9.5,2026-06,202606260304,0.3717601270574377,3,0,0.0,8.705698395989252,0
V265_200_SIMPLE,9.5,2026-06,202606260410,0.37058461627968386,4,0,0.0,9.602470299015934,0
V265_200_SIMPLE,9.5,2026-06,202606260705,0.676686004197826,2,0,0.0,5.211428571428571,1
V265_200_SIMPLE,9.5,2026-06,202606261709,0.29162638608569125,3,0,0.0,8.132231404958679,0
V265_200_SIMPLE,9.5,2026-06,202606280204,0.27826311680280424,5,0,0.0,9.5309299420701,0
V265_200_SIMPLE,9.5,2026-06,202606280205,0.2763410497280871,2,0,0.0,4.680851063829787,0
V265_200_SIMPLE,9.5,2026-06,202606280508,0.341726364958361,2,0,0.0,10.065777777777779,0
V265_200_SIMPLE,9.5,2026-06,202606281008,0.29171165306468727,2,0,0.0,9.617158671586715,0
V265_200_SIMPLE,9.5,2026-06,202606290310,0.246574449172836,16,0,0.0,8.863694214269078,1
V265_200_SIMPLE,9.5,2026-06,202606290806,0.2340736233363151,2,0,0.0,10.50532212885154,1
V265_200_SIMPLE,9.5,2026-06,202606292011,0.2816613209111828,2,0,0.0,10.499787685774947,0
V265_200_SIMPLE,9.5,2026-06,202606302304,0.29714698406663553,2,0,0.0,5.979583333333333,0
V265_200_SIMPLE,10.0,2026-04,202604010110,0.26692108921111923,6,0,0.0,9.848742276128478,0
V265_200_SIMPLE,10.0,2026-04,202604010206,0.32506308030228426,2,0,0.0,7.370847457627118,0
V265_200_SIMPLE,10.0,2026-04,202604010603,0.27218598988185544,3,0,0.0,9.918110550435095,1
V265_200_SIMPLE,10.0,2026-04,202604010804,0.3599868811087728,2,0,0.0,7.793823529411765,1
V265_200_SIMPLE,10.0,2026-04,202604020108,0.44510048394359497,2,0,0.0,6.069958847736625,0
V265_200_SIMPLE,10.0,2026-04,202604022209,0.3219681126083509,2,0,0.0,7.392739273927393,0
V265_200_SIMPLE,10.0,2026-04,202604030402,0.42976881767895014,2,0,0.0,7.531353135313531,0
V265_200_SIMPLE,10.0,2026-04,202604031806,0.3382646415180911,2,0,0.0,6.532584269662922,0
V265_200_SIMPLE,10.0,2026-04,202604042202,0.6133690027661685,2,0,0.0,6.39375,0
V265_200_SIMPLE,10.0,2026-04,202604050401,0.27476840588122226,2,0,0.0,10.157248157248157,0
V265_200_SIMPLE,10.0,2026-04,202604052207,0.27607155480800594,2,0,0.0,10.804597701149426,0
V265_200_SIMPLE,10.0,2026-04,202604070808,0.3852076724370691,2,0,0.0,5.27688679245283,0
V265_200_SIMPLE,10.0,2026-04,202604071007,0.24786942974671006,4,0,0.0,8.925989626425178,0
V265_200_SIMPLE,10.0,2026-04,202604072403,0.4315065983482036,3,0,0.0,8.455476753349094,0
V265_200_SIMPLE,10.0,2026-04,202604082303,0.2534301642972762,2,0,0.0,9.145161290322582,1
V265_200_SIMPLE,10.0,2026-04,202604082306,0.2872667268675872,2,1,54500.0,5.399537037037037,1
V265_200_SIMPLE,10.0,2026-04,202604090703,0.3479452866830688,2,0,0.0,7.899683544303797,1
V265_200_SIMPLE,10.0,2026-04,202604100708,0.2241821185947817,2,0,0.0,8.344213649851632,0
V265_200_SIMPLE,10.0,2026-04,202604110709,0.22434265544748633,7,0,0.0,10.528653445246945,0
V265_200_SIMPLE,10.0,2026-04,202604120406,0.2193943856867922,11,0,0.0,10.18305129065961,0
V265_200_SIMPLE,10.0,2026-04,202604121607,0.2514829204444463,3,0,0.0,10.517589971694298,0
V265_200_SIMPLE,10.0,2026-04,202604131606,0.22325835959277285,4,0,0.0,10.28979129762833,0
V265_200_SIMPLE,10.0,2026-04,202604140205,0.2832459356528888,2,0,0.0,10.565726681127982,0
V265_200_SIMPLE,10.0,2026-04,202604140304,0.2971526037834577,2,0,0.0,4.544623655913979,0
V265_200_SIMPLE,10.0,2026-04,202604150307,0.5397664290042222,2,0,0.0,11.3216796875,0
V265_200_SIMPLE,10.0,2026-04,202604160906,0.27689562495823816,4,0,0.0,11.439806100935694,1
V265_200_SIMPLE,10.0,2026-04,202604170305,0.2793639061501201,2,0,0.0,5.5560538116591935,0
V265_200_SIMPLE,10.0,2026-04,202604172301,0.22015940569756332,2,0,0.0,10.75665137614679,0
V265_200_SIMPLE,10.0,2026-04,202604180305,0.2685164673833457,3,0,0.0,11.166697674418606,1
V265_200_SIMPLE,10.0,2026-04,202604181508,0.2202870593503462,2,0,0.0,6.091463414634146,0
V265_200_SIMPLE,10.0,2026-04,202604190501,0.29247806598924597,5,0,0.0,10.138638757964086,0
V265_200_SIMPLE,10.0,2026-04,202604190703,0.3237644573631327,2,0,0.0,6.153024911032029,0
V265_200_SIMPLE,10.0,2026-04,202604191506,0.3212907504703223,2,0,0.0,4.394886363636363,0
V265_200_SIMPLE,10.0,2026-04,202604210702,0.2614453126625632,3,0,0.0,8.358417736993513,0
V265_200_SIMPLE,10.0,2026-04,202604211109,0.28809562658895266,2,0,0.0,8.955675675675677,0
V265_200_SIMPLE,10.0,2026-04,202604220502,0.2587688323254733,2,0,0.0,5.148058252427185,0
V265_200_SIMPLE,10.0,2026-04,202604221103,0.37209843736368675,3,0,0.0,9.78468682896541,1
V265_200_SIMPLE,10.0,2026-04,202604230507,0.29300611673783933,2,1,94320.0,9.416625916870416,1
V265_200_SIMPLE,10.0,2026-04,202604231603,0.26890181025219295,4,0,0.0,10.102084453747453,0
V265_200_SIMPLE,10.0,2026-04,202604240706,0.36771560442465623,2,0,0.0,4.871794871794871,0
V265_200_SIMPLE,10.0,2026-04,202604240709,0.23491162846528998,2,0,0.0,9.289340101522843,0
V265_200_SIMPLE,10.0,2026-04,202604242010,0.267016693594845,4,1,98880.0,10.045127816968039,1
V265_200_SIMPLE,10.0,2026-04,202604242307,0.28282218534787584,6,0,0.0,8.649723133680263,0
V265_200_SIMPLE,10.0,2026-04,202604242308,0.46992298070365957,3,0,0.0,11.19641356122163,0
V265_200_SIMPLE,10.0,2026-04,202604250705,0.22570943767844703,3,0,0.0,10.106550567568778,1
V265_200_SIMPLE,10.0,2026-04,202604250708,0.30729597096430084,2,0,0.0,4.786363636363636,1
V265_200_SIMPLE,10.0,2026-04,202604250903,0.3394867185737669,4,0,0.0,8.082712670205021,0
V265_200_SIMPLE,10.0,2026-04,202604251307,0.3539809564987974,3,0,0.0,8.390553368835379,0
V265_200_SIMPLE,10.0,2026-04,202604252307,0.3196985979300752,5,0,0.0,12.037949705488371,1
V265_200_SIMPLE,10.0,2026-04,202604260310,0.42483685005465044,2,0,0.0,11.167857142857143,0
V265_200_SIMPLE,10.0,2026-04,202604270602,0.21980499450211508,8,0,0.0,9.838661201420619,1
V265_200_SIMPLE,10.0,2026-04,202604270606,0.2280052004132369,2,0,0.0,9.115777777777778,1
V265_200_SIMPLE,10.0,2026-04,202604271607,0.30631763632410797,2,0,0.0,11.490719696969697,0
V265_200_SIMPLE,10.0,2026-04,202604272401,0.26987393475853816,11,0,0.0,9.8846462034955,0
V265_200_SIMPLE,10.0,2026-04,202604272402,0.22640604907840084,3,0,0.0,11.071466496761175,0
V265_200_SIMPLE,10.0,2026-04,202604280603,0.39909215268378606,2,0,0.0,4.712,0
V265_200_SIMPLE,10.0,2026-04,202604280606,0.2730036580854154,3,1,97500.0,9.792724839563247,1
V265_200_SIMPLE,10.0,2026-04,202604280707,0.2225034997912249,5,1,82170.0,8.1306922978901,1
V265_200_SIMPLE,10.0,2026-04,202604281502,0.2845686068890705,4,0,0.0,10.202078259060256,0
V265_200_SIMPLE,10.0,2026-04,202604281606,0.2672803577354326,5,0,0.0,11.684628310978349,0
V265_200_SIMPLE,10.0,2026-04,202604282306,0.23848127833828556,5,0,0.0,10.062623951059233,0
V265_200_SIMPLE,10.0,2026-04,202604290306,0.4904914297261086,2,0,0.0,6.274603174603175,0
V265_200_SIMPLE,10.0,2026-04,202604291402,0.27544159808360275,3,0,0.0,7.570394379556842,0
V265_200_SIMPLE,10.0,2026-04,202604292405,0.23259493952870203,4,0,0.0,8.357731390173447,0
V265_200_SIMPLE,10.0,2026-05,202605011707,0.25369612576341816,2,0,0.0,10.46689497716895,0
V265_200_SIMPLE,10.0,2026-05,202605012009,0.23871615107478214,2,0,0.0,8.080538922155688,0
V265_200_SIMPLE,10.0,2026-05,202605020908,0.22173201624381084,2,0,0.0,9.885678391959798,0
V265_200_SIMPLE,10.0,2026-05,202605021103,0.3248638613147797,2,1,62160.0,6.268235294117647,1
V265_200_SIMPLE,10.0,2026-05,202605021104,0.25650427874813014,5,0,0.0,10.160400166634435,0
V265_200_SIMPLE,10.0,2026-05,202605022307,0.4077137324502322,2,0,0.0,3.5517857142857143,0
V265_200_SIMPLE,10.0,2026-05,202605030104,0.2848486387959809,2,0,0.0,6.849097472924187,0
V265_200_SIMPLE,10.0,2026-05,202605030105,0.29590771102602387,2,0,0.0,6.595289855072465,0
V265_200_SIMPLE,10.0,2026-05,202605030805,0.24921138985934033,2,1,95360.0,9.537439613526569,1
V265_200_SIMPLE,10.0,2026-05,202605030811,0.3032646475828403,2,0,0.0,8.817567567567567,0
V265_200_SIMPLE,10.0,2026-05,202605031208,0.2743390204147069,2,0,0.0,11.18339552238806,0
V265_200_SIMPLE,10.0,2026-05,202605032307,0.3393116345344817,2,0,0.0,7.57125748502994,1
V265_200_SIMPLE,10.0,2026-05,202605040202,0.37005426585923473,2,0,0.0,8.46798866855524,0
V265_200_SIMPLE,10.0,2026-05,202605040205,0.26415509268849907,2,0,0.0,4.373714285714286,0
V265_200_SIMPLE,10.0,2026-05,202605040403,0.31744963859818,2,0,0.0,11.167303609341825,0
V265_200_SIMPLE,10.0,2026-05,202605040701,0.3059405926953598,2,1,93100.0,9.398936170212767,1
V265_200_SIMPLE,10.0,2026-05,202605040802,0.2547348505906385,3,1,94500.0,9.409169293262185,1
V265_200_SIMPLE,10.0,2026-05,202605040805,0.2463974645075978,3,0,0.0,10.065127582017011,1
V265_200_SIMPLE,10.0,2026-05,202605041410,0.26732477652442266,3,0,0.0,10.293215606777,1
V265_200_SIMPLE,10.0,2026-05,202605041707,0.2205205851667439,12,0,0.0,10.212685403779046,0
V265_200_SIMPLE,10.0,2026-05,202605042009,0.27329339144093207,2,0,0.0,8.64406779661017,0
V265_200_SIMPLE,10.0,2026-05,202605050202,0.5095682606571269,2,0,0.0,3.988271604938272,0
V265_200_SIMPLE,10.0,2026-05,202605050203,0.3308419626092944,2,0,0.0,7.600638977635782,1
V265_200_SIMPLE,10.0,2026-05,202605050702,0.316854358276166,2,0,0.0,8.75390625,1
V265_200_SIMPLE,10.0,2026-05,202605050811,0.24550163763230726,2,0,0.0,9.711219512195123,0
V265_200_SIMPLE,10.0,2026-05,202605050904,0.26242468276522274,2,0,0.0,11.029759299781182,0
V265_200_SIMPLE,10.0,2026-05,202605051303,0.29611322444566446,2,0,0.0,7.892088607594937,0
V265_200_SIMPLE,10.0,2026-05,202605051306,0.35670431164149663,2,0,0.0,8.202216066481995,0
V265_200_SIMPLE,10.0,2026-05,202605051602,0.5336813364066944,8,0,0.0,9.975828995265243,0
V265_200_SIMPLE,10.0,2026-05,202605060505,0.2791749881535426,4,0,0.0,9.309060131968002,0
V265_200_SIMPLE,10.0,2026-05,202605061303,0.2427809315074025,2,0,0.0,6.062992125984252,0
V265_200_SIMPLE,10.0,2026-05,202605072406,0.29592050514425494,2,0,0.0,4.800000000000001,1
V265_200_SIMPLE,10.0,2026-05,202605091105,0.2509001382468485,3,0,0.0,9.9761310414672,0
V265_200_SIMPLE,10.0,2026-05,202605091805,0.5000463184916282,2,0,0.0,10.699792960662526,0
V265_200_SIMPLE,10.0,2026-05,202605101604,0.29415292874968363,6,0,0.0,10.216309276121821,0
V265_200_SIMPLE,10.0,2026-05,202605102010,0.34010365587541835,2,0,0.0,4.623404255319148,0
V265_200_SIMPLE,10.0,2026-05,202605110811,0.21689574314748103,2,0,0.0,10.499789029535865,1
V265_200_SIMPLE,10.0,2026-05,202605111110,0.26528393309691906,4,0,0.0,9.54001658122034,1
V265_200_SIMPLE,10.0,2026-05,202605111606,0.4284597217210819,2,1,56950.0,5.721153846153847,1
V265_200_SIMPLE,10.0,2026-05,202605112308,0.44504494871854333,2,1,57200.0,5.71551724137931,1
V265_200_SIMPLE,10.0,2026-05,202605130406,0.3174165195774185,2,0,0.0,10.961434977578474,1
V265_200_SIMPLE,10.0,2026-05,202605130408,0.31940916365064387,2,0,0.0,3.78125,1
V265_200_SIMPLE,10.0,2026-05,202605132202,0.22026354932340686,14,0,0.0,10.136237137790571,0
V265_200_SIMPLE,10.0,2026-05,202605141910,0.25224201522762735,5,0,0.0,8.66532590095051,0
V265_200_SIMPLE,10.0,2026-05,202605160603,0.23503654706831936,3,0,0.0,11.233487360695841,1
V265_200_SIMPLE,10.0,2026-05,202605161706,0.2192312836402403,2,0,0.0,10.002421307506054,0
V265_200_SIMPLE,10.0,2026-05,202605161910,0.23280397958639898,2,0,0.0,6.75,0
V265_200_SIMPLE,10.0,2026-05,202605162006,0.21630888285769667,20,0,0.0,11.651584430398335,0
V265_200_SIMPLE,10.0,2026-05,202605171007,0.329485763708493,2,0,0.0,7.096830985915493,0
V265_200_SIMPLE,10.0,2026-05,202605191406,0.24053285798487228,2,0,0.0,11.379310344827585,1
V265_200_SIMPLE,10.0,2026-05,202605191811,0.29324746665663237,2,0,0.0,8.498533724340177,0
V265_200_SIMPLE,10.0,2026-05,202605200506,0.2708552988816699,3,0,0.0,9.313918447924165,0
V265_200_SIMPLE,10.0,2026-05,202605201405,0.21577927767512806,20,1,118400.0,11.901962426127746,1
V265_200_SIMPLE,10.0,2026-05,202605201505,0.47976712078253414,5,0,0.0,9.03212416974068,1
V265_200_SIMPLE,10.0,2026-05,202605202002,0.32686136807213434,2,0,0.0,9.913647642679901,0
V265_200_SIMPLE,10.0,2026-05,202605211905,0.2265339154615783,2,1,100650.0,10.063829787234042,1
V265_200_SIMPLE,10.0,2026-05,202605231808,0.3289734399627961,2,0,0.0,8.795675675675675,1
V265_200_SIMPLE,10.0,2026-05,202605242305,0.3005298985163461,3,0,0.0,8.874051593323216,0
V265_200_SIMPLE,10.0,2026-05,202605242411,0.26225482542751166,4,0,0.0,9.319225011568243,1
V265_200_SIMPLE,10.0,2026-05,202605251307,0.37515011385062,2,0,0.0,4.701492537313433,0
V265_200_SIMPLE,10.0,2026-05,202605252408,0.35012877462073816,3,0,0.0,11.381637039701172,1
V265_200_SIMPLE,10.0,2026-05,202605261206,0.28142215157740985,2,1,67200.0,6.72,1
V265_200_SIMPLE,10.0,2026-05,202605270807,0.2955486052906222,4,0,0.0,8.547603672403627,1
V265_200_SIMPLE,10.0,2026-05,202605270810,0.22731607635880058,2,1,95680.0,9.58159090909091,1
V265_200_SIMPLE,10.0,2026-05,202605271204,0.2924938589673362,2,0,0.0,8.764044943820224,0
V265_200_SIMPLE,10.0,2026-05,202605280710,0.2559284787631224,4,0,0.0,9.599492483779628,0
V265_200_SIMPLE,10.0,2026-05,202605281008,0.3726255386743228,3,1,103020.0,10.418279867526808,1
V265_200_SIMPLE,10.0,2026-05,202605281810,0.25001726709641525,2,0,0.0,8.917808219178083,0
V265_200_SIMPLE,10.0,2026-05,202605291807,0.2837507938066716,2,0,0.0,6.151470588235294,0
V265_200_SIMPLE,10.0,2026-05,202605300102,0.23818816032583462,6,0,0.0,9.596220739465567,0
V265_200_SIMPLE,10.0,2026-05,202605300104,0.39892744453488055,2,0,0.0,6.913636363636364,0
V265_200_SIMPLE,10.0,2026-05,202605300507,0.26843433769637254,3,0,0.0,9.423981310001905,0
V265_200_SIMPLE,10.0,2026-05,202605301108,0.32800909822420493,2,0,0.0,6.776556776556777,1
V265_200_SIMPLE,10.0,2026-05,202605311306,0.2344319783804572,3,0,0.0,9.923779945913402,0
V265_200_SIMPLE,10.0,2026-05,202605312304,0.3194731898820189,3,0,0.0,10.442496868021134,0
V265_200_SIMPLE,10.0,2026-06,202606010506,0.4874116594790526,2,0,0.0,3.788235294117647,0
V265_200_SIMPLE,10.0,2026-06,202606010803,0.48562443006624145,4,0,0.0,7.4520744638975,0
V265_200_SIMPLE,10.0,2026-06,202606010809,0.28399941724145633,13,0,0.0,9.907348037485985,0
V265_200_SIMPLE,10.0,2026-06,202606012402,0.37251469596331754,2,0,0.0,7.068131868131867,0
V265_200_SIMPLE,10.0,2026-06,202606020906,0.33483646221742347,2,0,0.0,5.71551724137931,0
V265_200_SIMPLE,10.0,2026-06,202606021007,0.35847105302409116,3,1,90420.0,8.911720981940872,1
V265_200_SIMPLE,10.0,2026-06,202606022307,0.5089191247632905,2,0,0.0,6.739436619718309,0
V265_200_SIMPLE,10.0,2026-06,202606031209,0.2631904086699185,2,0,0.0,11.478066914498143,0
V265_200_SIMPLE,10.0,2026-06,202606032109,0.26414340608184794,2,0,0.0,8.772164948453609,0
V265_200_SIMPLE,10.0,2026-06,202606040305,0.24846450388749447,2,0,0.0,8.526,1
V265_200_SIMPLE,10.0,2026-06,202606040506,0.5122309815958501,2,1,50960.00000000001,5.092156862745099,1
V265_200_SIMPLE,10.0,2026-06,202606040907,0.26388058213119014,4,0,0.0,9.519144332270708,0
V265_200_SIMPLE,10.0,2026-06,202606041307,0.2310532004830298,3,0,0.0,10.462057539116504,1
V265_200_SIMPLE,10.0,2026-06,202606050305,0.4263844236992139,4,0,0.0,9.714369505505465,0
V265_200_SIMPLE,10.0,2026-06,202606060702,0.3846259980882322,3,0,0.0,8.3017138063279,1
V265_200_SIMPLE,10.0,2026-06,202606060703,0.21484485205182127,2,0,0.0,9.572727272727272,0
V265_200_SIMPLE,10.0,2026-06,202606060802,0.3826462375307938,8,0,0.0,9.650282675147139,0
V265_200_SIMPLE,10.0,2026-06,202606061506,0.30535627078665023,2,0,0.0,8.863259668508288,0
V265_200_SIMPLE,10.0,2026-06,202606071005,0.3641282779004985,2,0,0.0,4.4224719101123595,0
V265_200_SIMPLE,10.0,2026-06,202606072408,0.22617438056040948,2,0,0.0,7.715076923076923,0
V265_200_SIMPLE,10.0,2026-06,202606080510,0.35382653837179096,2,0,0.0,8.84047619047619,0
V265_200_SIMPLE,10.0,2026-06,202606080910,0.5185593648433418,2,0,0.0,8.3,1
V265_200_SIMPLE,10.0,2026-06,202606100903,0.2315566899682805,3,0,0.0,10.074807707987933,1
V265_200_SIMPLE,10.0,2026-06,202606121108,0.31756191504644493,2,0,0.0,7.666478873239437,0
V265_200_SIMPLE,10.0,2026-06,202606121901,0.34941456569383994,4,0,0.0,10.025417191532664,0
V265_200_SIMPLE,10.0,2026-06,202606122306,0.27072389589314944,4,1,76400.0,7.5948803875220126,1
V265_200_SIMPLE,10.0,2026-06,202606130609,0.3742093257915785,2,0,0.0,9.481558441558441,0
V265_200_SIMPLE,10.0,2026-06,202606130702,0.3088432340760663,5,0,0.0,9.108560379105606,1
V265_200_SIMPLE,10.0,2026-06,202606132204,0.32354833482458234,4,0,0.0,9.23930839836868,1
V265_200_SIMPLE,10.0,2026-06,202606141005,0.2638742457112587,4,0,0.0,10.126630437119852,0
V265_200_SIMPLE,10.0,2026-06,202606150310,0.5308857446143207,2,0,0.0,9.859756097560977,0
V265_200_SIMPLE,10.0,2026-06,202606151208,0.3020621145558779,2,0,0.0,6.481159420289856,0
V265_200_SIMPLE,10.0,2026-06,202606180205,0.3726811362051988,2,0,0.0,4.699530516431925,0
V265_200_SIMPLE,10.0,2026-06,202606190903,0.2751295789667688,2,0,0.0,11.726513569937369,0
V265_200_SIMPLE,10.0,2026-06,202606192007,0.21729496019854358,2,1,106260.00000000001,10.631434599156119,1
V265_200_SIMPLE,10.0,2026-06,202606192107,0.34260518286528036,4,0,0.0,8.82094756688449,0
V265_200_SIMPLE,10.0,2026-06,202606200903,0.30523867147278194,5,0,0.0,10.760744603129428,0
V265_200_SIMPLE,10.0,2026-06,202606201709,0.38372815591196674,3,0,0.0,8.830110752500971,1
V265_200_SIMPLE,10.0,2026-06,202606202108,0.2382506147622632,2,0,0.0,6.161389961389962,0
V265_200_SIMPLE,10.0,2026-06,202606210608,0.23286555834620887,2,0,0.0,8.346518105849583,0
V265_200_SIMPLE,10.0,2026-06,202606210906,0.3041124097507549,2,1,49680.0,4.964634146341463,1
V265_200_SIMPLE,10.0,2026-06,202606222204,0.2856382398845336,9,0,0.0,10.158683988338767,0
V265_200_SIMPLE,10.0,2026-06,202606232303,0.2512676777790965,12,0,0.0,9.863187540353145,0
V265_200_SIMPLE,10.0,2026-06,202606240605,0.2705017825228434,2,1,112640.00000000001,11.200000000000001,1
V265_200_SIMPLE,10.0,2026-06,202606241207,0.48921552548638136,3,0,0.0,8.919440657922056,1
V265_200_SIMPLE,10.0,2026-06,202606241210,0.31085610669553543,2,0,0.0,8.1865889212828,0
V265_200_SIMPLE,10.0,2026-06,202606252106,0.21462238645476162,2,0,0.0,8.0,1
V265_200_SIMPLE,10.0,2026-06,202606260304,0.3717601270574377,3,0,0.0,8.705698395989252,0
V265_200_SIMPLE,10.0,2026-06,202606260410,0.37058461627968386,4,0,0.0,9.602470299015934,0
V265_200_SIMPLE,10.0,2026-06,202606260705,0.676686004197826,2,0,0.0,5.211428571428571,1
V265_200_SIMPLE,10.0,2026-06,202606261709,0.29162638608569125,3,0,0.0,8.132231404958679,0
V265_200_SIMPLE,10.0,2026-06,202606280204,0.27826311680280424,5,0,0.0,9.5309299420701,0
V265_200_SIMPLE,10.0,2026-06,202606280205,0.2763410497280871,2,0,0.0,4.680851063829787,0
V265_200_SIMPLE,10.0,2026-06,202606280508,0.341726364958361,2,0,0.0,10.065777777777779,0
V265_200_SIMPLE,10.0,2026-06,202606281008,0.29171165306468727,2,0,0.0,9.617158671586715,0
V265_200_SIMPLE,10.0,2026-06,202606290310,0.246574449172836,15,0,0.0,10.945643506554456,1
V265_200_SIMPLE,10.0,2026-06,202606290806,0.2340736233363151,2,0,0.0,10.50532212885154,1
V265_200_SIMPLE,10.0,2026-06,202606292011,0.2816613209111828,2,0,0.0,10.499787685774947,0
V265_200_SIMPLE,10.0,2026-06,202606302304,0.29714698406663553,2,0,0.0,5.979583333333333,0
V265_200_SIMPLE,10.5,2026-04,202604010110,0.26692108921111923,5,0,0.0,10.610995837755981,0
V265_200_SIMPLE,10.5,2026-04,202604010206,0.32506308030228426,2,0,0.0,7.370847457627118,0
V265_200_SIMPLE,10.5,2026-04,202604010603,0.27218598988185544,3,0,0.0,9.918110550435095,1
V265_200_SIMPLE,10.5,2026-04,202604010804,0.3599868811087728,2,0,0.0,7.793823529411765,1
V265_200_SIMPLE,10.5,2026-04,202604020108,0.44510048394359497,2,0,0.0,6.069958847736625,0
V265_200_SIMPLE,10.5,2026-04,202604022209,0.3219681126083509,2,0,0.0,7.392739273927393,0
V265_200_SIMPLE,10.5,2026-04,202604030402,0.42976881767895014,2,0,0.0,7.531353135313531,0
V265_200_SIMPLE,10.5,2026-04,202604031806,0.3382646415180911,2,0,0.0,6.532584269662922,0
V265_200_SIMPLE,10.5,2026-04,202604042202,0.6133690027661685,2,0,0.0,6.39375,0
V265_200_SIMPLE,10.5,2026-04,202604050401,0.27476840588122226,2,0,0.0,10.157248157248157,0
V265_200_SIMPLE,10.5,2026-04,202604052207,0.27607155480800594,2,0,0.0,10.804597701149426,0
V265_200_SIMPLE,10.5,2026-04,202604070808,0.3852076724370691,2,0,0.0,5.27688679245283,0
V265_200_SIMPLE,10.5,2026-04,202604071007,0.24786942974671006,4,0,0.0,8.925989626425178,0
V265_200_SIMPLE,10.5,2026-04,202604072403,0.4315065983482036,3,0,0.0,8.455476753349094,0
V265_200_SIMPLE,10.5,2026-04,202604082303,0.2534301642972762,2,0,0.0,9.145161290322582,1
V265_200_SIMPLE,10.5,2026-04,202604082306,0.2872667268675872,2,1,54500.0,5.399537037037037,1
V265_200_SIMPLE,10.5,2026-04,202604090703,0.3479452866830688,2,0,0.0,7.899683544303797,1
V265_200_SIMPLE,10.5,2026-04,202604100708,0.2241821185947817,2,0,0.0,8.344213649851632,0
V265_200_SIMPLE,10.5,2026-04,202604110709,0.22434265544748633,7,0,0.0,10.528653445246945,0
V265_200_SIMPLE,10.5,2026-04,202604120406,0.2193943856867922,11,0,0.0,10.18305129065961,0
V265_200_SIMPLE,10.5,2026-04,202604121607,0.2514829204444463,3,0,0.0,10.517589971694298,0
V265_200_SIMPLE,10.5,2026-04,202604131606,0.22325835959277285,4,0,0.0,10.28979129762833,0
V265_200_SIMPLE,10.5,2026-04,202604140205,0.2832459356528888,2,0,0.0,10.565726681127982,0
V265_200_SIMPLE,10.5,2026-04,202604140304,0.2971526037834577,2,0,0.0,4.544623655913979,0
V265_200_SIMPLE,10.5,2026-04,202604150307,0.5397664290042222,2,0,0.0,11.3216796875,0
V265_200_SIMPLE,10.5,2026-04,202604160906,0.27689562495823816,4,0,0.0,11.439806100935694,1
V265_200_SIMPLE,10.5,2026-04,202604170305,0.2793639061501201,2,0,0.0,5.5560538116591935,0
V265_200_SIMPLE,10.5,2026-04,202604172301,0.22015940569756332,2,0,0.0,10.75665137614679,0
V265_200_SIMPLE,10.5,2026-04,202604180305,0.2685164673833457,3,0,0.0,11.166697674418606,1
V265_200_SIMPLE,10.5,2026-04,202604181508,0.2202870593503462,2,0,0.0,6.091463414634146,0
V265_200_SIMPLE,10.5,2026-04,202604190501,0.29247806598924597,5,0,0.0,10.138638757964086,0
V265_200_SIMPLE,10.5,2026-04,202604190703,0.3237644573631327,2,0,0.0,6.153024911032029,0
V265_200_SIMPLE,10.5,2026-04,202604191506,0.3212907504703223,2,0,0.0,4.394886363636363,0
V265_200_SIMPLE,10.5,2026-04,202604210702,0.2614453126625632,3,0,0.0,8.358417736993513,0
V265_200_SIMPLE,10.5,2026-04,202604211109,0.28809562658895266,2,0,0.0,8.955675675675677,0
V265_200_SIMPLE,10.5,2026-04,202604220502,0.2587688323254733,2,0,0.0,5.148058252427185,0
V265_200_SIMPLE,10.5,2026-04,202604221103,0.37209843736368675,2,0,0.0,11.13095238095238,1
V265_200_SIMPLE,10.5,2026-04,202604230507,0.29300611673783933,2,1,94320.0,9.416625916870416,1
V265_200_SIMPLE,10.5,2026-04,202604231603,0.26890181025219295,4,0,0.0,10.102084453747453,0
V265_200_SIMPLE,10.5,2026-04,202604240706,0.36771560442465623,2,0,0.0,4.871794871794871,0
V265_200_SIMPLE,10.5,2026-04,202604240709,0.23491162846528998,2,0,0.0,9.289340101522843,0
V265_200_SIMPLE,10.5,2026-04,202604242010,0.267016693594845,4,1,98880.0,10.045127816968039,1
V265_200_SIMPLE,10.5,2026-04,202604242307,0.28282218534787584,5,0,0.0,12.255347809019508,0
V265_200_SIMPLE,10.5,2026-04,202604242308,0.46992298070365957,3,0,0.0,11.19641356122163,0
V265_200_SIMPLE,10.5,2026-04,202604250705,0.22570943767844703,3,0,0.0,10.106550567568778,1
V265_200_SIMPLE,10.5,2026-04,202604250708,0.30729597096430084,2,0,0.0,4.786363636363636,1
V265_200_SIMPLE,10.5,2026-04,202604250903,0.3394867185737669,3,0,0.0,12.136139451790095,0
V265_200_SIMPLE,10.5,2026-04,202604251307,0.3539809564987974,3,0,0.0,8.390553368835379,0
V265_200_SIMPLE,10.5,2026-04,202604252307,0.3196985979300752,5,0,0.0,12.037949705488371,1
V265_200_SIMPLE,10.5,2026-04,202604260310,0.42483685005465044,2,0,0.0,11.167857142857143,0
V265_200_SIMPLE,10.5,2026-04,202604270602,0.21980499450211508,7,0,0.0,10.926765939317,1
V265_200_SIMPLE,10.5,2026-04,202604270606,0.2280052004132369,2,0,0.0,9.115777777777778,1
V265_200_SIMPLE,10.5,2026-04,202604271607,0.30631763632410797,2,0,0.0,11.490719696969697,0
V265_200_SIMPLE,10.5,2026-04,202604272401,0.26987393475853816,9,0,0.0,10.522823185954445,0
V265_200_SIMPLE,10.5,2026-04,202604272402,0.22640604907840084,3,0,0.0,11.071466496761175,0
V265_200_SIMPLE,10.5,2026-04,202604280603,0.39909215268378606,2,0,0.0,4.712,0
V265_200_SIMPLE,10.5,2026-04,202604280606,0.2730036580854154,3,1,97500.0,9.792724839563247,1
V265_200_SIMPLE,10.5,2026-04,202604280707,0.2225034997912249,4,1,119520.0,12.049534636316416,1
V265_200_SIMPLE,10.5,2026-04,202604281502,0.2845686068890705,4,0,0.0,10.202078259060256,0
V265_200_SIMPLE,10.5,2026-04,202604281606,0.2672803577354326,5,0,0.0,11.684628310978349,0
V265_200_SIMPLE,10.5,2026-04,202604282306,0.23848127833828556,5,0,0.0,10.062623951059233,0
V265_200_SIMPLE,10.5,2026-04,202604290306,0.4904914297261086,2,0,0.0,6.274603174603175,0
V265_200_SIMPLE,10.5,2026-04,202604291402,0.27544159808360275,3,0,0.0,7.570394379556842,0
V265_200_SIMPLE,10.5,2026-04,202604292405,0.23259493952870203,3,0,0.0,11.95050522701808,0
V265_200_SIMPLE,10.5,2026-05,202605011707,0.25369612576341816,2,0,0.0,10.46689497716895,0
V265_200_SIMPLE,10.5,2026-05,202605012009,0.23871615107478214,2,0,0.0,8.080538922155688,0
V265_200_SIMPLE,10.5,2026-05,202605020908,0.22173201624381084,2,0,0.0,9.885678391959798,0
V265_200_SIMPLE,10.5,2026-05,202605021103,0.3248638613147797,2,1,62160.0,6.268235294117647,1
V265_200_SIMPLE,10.5,2026-05,202605021104,0.25650427874813014,5,0,0.0,10.160400166634435,0
V265_200_SIMPLE,10.5,2026-05,202605022307,0.4077137324502322,2,0,0.0,3.5517857142857143,0
V265_200_SIMPLE,10.5,2026-05,202605030104,0.2848486387959809,2,0,0.0,6.849097472924187,0
V265_200_SIMPLE,10.5,2026-05,202605030105,0.29590771102602387,2,0,0.0,6.595289855072465,0
V265_200_SIMPLE,10.5,2026-05,202605030805,0.24921138985934033,2,1,95360.0,9.537439613526569,1
V265_200_SIMPLE,10.5,2026-05,202605030811,0.3032646475828403,2,0,0.0,8.817567567567567,0
V265_200_SIMPLE,10.5,2026-05,202605031208,0.2743390204147069,2,0,0.0,11.18339552238806,0
V265_200_SIMPLE,10.5,2026-05,202605032307,0.3393116345344817,2,0,0.0,7.57125748502994,1
V265_200_SIMPLE,10.5,2026-05,202605040202,0.37005426585923473,2,0,0.0,8.46798866855524,0
V265_200_SIMPLE,10.5,2026-05,202605040205,0.26415509268849907,2,0,0.0,4.373714285714286,0
V265_200_SIMPLE,10.5,2026-05,202605040403,0.31744963859818,2,0,0.0,11.167303609341825,0
V265_200_SIMPLE,10.5,2026-05,202605040701,0.3059405926953598,2,1,93100.0,9.398936170212767,1
V265_200_SIMPLE,10.5,2026-05,202605040802,0.2547348505906385,2,1,113399.99999999999,11.363924050632912,1
V265_200_SIMPLE,10.5,2026-05,202605040805,0.2463974645075978,3,0,0.0,10.065127582017011,1
V265_200_SIMPLE,10.5,2026-05,202605041410,0.26732477652442266,3,0,0.0,10.293215606777,1
V265_200_SIMPLE,10.5,2026-05,202605041707,0.2205205851667439,12,0,0.0,10.212685403779046,0
V265_200_SIMPLE,10.5,2026-05,202605042009,0.27329339144093207,2,0,0.0,8.64406779661017,0
V265_200_SIMPLE,10.5,2026-05,202605050202,0.5095682606571269,2,0,0.0,3.988271604938272,0
V265_200_SIMPLE,10.5,2026-05,202605050203,0.3308419626092944,2,0,0.0,7.600638977635782,1
V265_200_SIMPLE,10.5,2026-05,202605050702,0.316854358276166,2,0,0.0,8.75390625,1
V265_200_SIMPLE,10.5,2026-05,202605050811,0.24550163763230726,2,0,0.0,9.711219512195123,0
V265_200_SIMPLE,10.5,2026-05,202605050904,0.26242468276522274,2,0,0.0,11.029759299781182,0
V265_200_SIMPLE,10.5,2026-05,202605051303,0.29611322444566446,2,0,0.0,7.892088607594937,0
V265_200_SIMPLE,10.5,2026-05,202605051306,0.35670431164149663,2,0,0.0,8.202216066481995,0
V265_200_SIMPLE,10.5,2026-05,202605051602,0.5336813364066944,8,0,0.0,9.975828995265243,0
V265_200_SIMPLE,10.5,2026-05,202605060505,0.2791749881535426,4,0,0.0,9.309060131968002,0
V265_200_SIMPLE,10.5,2026-05,202605061303,0.2427809315074025,2,0,0.0,6.062992125984252,0
V265_200_SIMPLE,10.5,2026-05,202605072406,0.29592050514425494,2,0,0.0,4.800000000000001,1
V265_200_SIMPLE,10.5,2026-05,202605091105,0.2509001382468485,3,0,0.0,9.9761310414672,0
V265_200_SIMPLE,10.5,2026-05,202605091805,0.5000463184916282,2,0,0.0,10.699792960662526,0
V265_200_SIMPLE,10.5,2026-05,202605101604,0.29415292874968363,6,0,0.0,10.216309276121821,0
V265_200_SIMPLE,10.5,2026-05,202605102010,0.34010365587541835,2,0,0.0,4.623404255319148,0
V265_200_SIMPLE,10.5,2026-05,202605110811,0.21689574314748103,2,0,0.0,10.499789029535865,1
V265_200_SIMPLE,10.5,2026-05,202605111110,0.26528393309691906,3,0,0.0,10.639725795870897,1
V265_200_SIMPLE,10.5,2026-05,202605111606,0.4284597217210819,2,1,56950.0,5.721153846153847,1
V265_200_SIMPLE,10.5,2026-05,202605112308,0.44504494871854333,2,1,57200.0,5.71551724137931,1
V265_200_SIMPLE,10.5,2026-05,202605130406,0.3174165195774185,2,0,0.0,10.961434977578474,1
V265_200_SIMPLE,10.5,2026-05,202605130408,0.31940916365064387,2,0,0.0,3.78125,1
V265_200_SIMPLE,10.5,2026-05,202605132202,0.22026354932340686,13,0,0.0,10.42024375719501,0
V265_200_SIMPLE,10.5,2026-05,202605141910,0.25224201522762735,4,0,0.0,11.495127868345824,0
V265_200_SIMPLE,10.5,2026-05,202605160603,0.23503654706831936,3,0,0.0,11.233487360695841,1
V265_200_SIMPLE,10.5,2026-05,202605161706,0.2192312836402403,2,0,0.0,10.002421307506054,0
V265_200_SIMPLE,10.5,2026-05,202605161910,0.23280397958639898,2,0,0.0,6.75,0
V265_200_SIMPLE,10.5,2026-05,202605162006,0.21630888285769667,20,0,0.0,11.651584430398335,0
V265_200_SIMPLE,10.5,2026-05,202605171007,0.329485763708493,2,0,0.0,7.096830985915493,0
V265_200_SIMPLE,10.5,2026-05,202605191406,0.24053285798487228,2,0,0.0,11.379310344827585,1
V265_200_SIMPLE,10.5,2026-05,202605191811,0.29324746665663237,2,0,0.0,8.498533724340177,0
V265_200_SIMPLE,10.5,2026-05,202605200506,0.2708552988816699,3,0,0.0,9.313918447924165,0
V265_200_SIMPLE,10.5,2026-05,202605201405,0.21577927767512806,20,1,118400.0,11.901962426127746,1
V265_200_SIMPLE,10.5,2026-05,202605201505,0.47976712078253414,4,0,0.0,11.33221305603408,1
V265_200_SIMPLE,10.5,2026-05,202605202002,0.32686136807213434,2,0,0.0,9.913647642679901,0
V265_200_SIMPLE,10.5,2026-05,202605211905,0.2265339154615783,2,1,100650.0,10.063829787234042,1
V265_200_SIMPLE,10.5,2026-05,202605231808,0.3289734399627961,2,0,0.0,8.795675675675675,1
V265_200_SIMPLE,10.5,2026-05,202605242305,0.3005298985163461,2,0,0.0,12.008213552361395,0
V265_200_SIMPLE,10.5,2026-05,202605242411,0.26225482542751166,3,0,0.0,11.611890746172701,1
V265_200_SIMPLE,10.5,2026-05,202605251307,0.37515011385062,2,0,0.0,4.701492537313433,0
V265_200_SIMPLE,10.5,2026-05,202605252408,0.35012877462073816,3,0,0.0,11.381637039701172,1
V265_200_SIMPLE,10.5,2026-05,202605261206,0.28142215157740985,2,1,67200.0,6.72,1
V265_200_SIMPLE,10.5,2026-05,202605270807,0.2955486052906222,3,0,0.0,12.03462861208839,1
V265_200_SIMPLE,10.5,2026-05,202605270810,0.22731607635880058,2,1,95680.0,9.58159090909091,1
V265_200_SIMPLE,10.5,2026-05,202605271204,0.2924938589673362,2,0,0.0,8.764044943820224,0
V265_200_SIMPLE,10.5,2026-05,202605280710,0.2559284787631224,3,0,0.0,10.780898334593852,0
V265_200_SIMPLE,10.5,2026-05,202605281008,0.3726255386743228,3,1,103020.0,10.418279867526808,1
V265_200_SIMPLE,10.5,2026-05,202605281810,0.25001726709641525,2,0,0.0,8.917808219178083,0
V265_200_SIMPLE,10.5,2026-05,202605291807,0.2837507938066716,2,0,0.0,6.151470588235294,0
V265_200_SIMPLE,10.5,2026-05,202605300102,0.23818816032583462,5,0,0.0,11.128361540152554,0
V265_200_SIMPLE,10.5,2026-05,202605300104,0.39892744453488055,2,0,0.0,6.913636363636364,0
V265_200_SIMPLE,10.5,2026-05,202605300507,0.26843433769637254,3,0,0.0,9.423981310001905,0
V265_200_SIMPLE,10.5,2026-05,202605301108,0.32800909822420493,2,0,0.0,6.776556776556777,1
V265_200_SIMPLE,10.5,2026-05,202605311306,0.2344319783804572,3,0,0.0,9.923779945913402,0
V265_200_SIMPLE,10.5,2026-05,202605312304,0.3194731898820189,3,0,0.0,10.442496868021134,0
V265_200_SIMPLE,10.5,2026-06,202606010506,0.4874116594790526,2,0,0.0,3.788235294117647,0
V265_200_SIMPLE,10.5,2026-06,202606010803,0.48562443006624145,4,0,0.0,7.4520744638975,0
V265_200_SIMPLE,10.5,2026-06,202606010809,0.28399941724145633,11,0,0.0,10.815661989353584,0
V265_200_SIMPLE,10.5,2026-06,202606012402,0.37251469596331754,2,0,0.0,7.068131868131867,0
V265_200_SIMPLE,10.5,2026-06,202606020906,0.33483646221742347,2,0,0.0,5.71551724137931,0
V265_200_SIMPLE,10.5,2026-06,202606021007,0.35847105302409116,3,1,90420.0,8.911720981940872,1
V265_200_SIMPLE,10.5,2026-06,202606022307,0.5089191247632905,2,0,0.0,6.739436619718309,0
V265_200_SIMPLE,10.5,2026-06,202606031209,0.2631904086699185,2,0,0.0,11.478066914498143,0
V265_200_SIMPLE,10.5,2026-06,202606032109,0.26414340608184794,2,0,0.0,8.772164948453609,0
V265_200_SIMPLE,10.5,2026-06,202606040305,0.24846450388749447,2,0,0.0,8.526,1
V265_200_SIMPLE,10.5,2026-06,202606040506,0.5122309815958501,2,1,50960.00000000001,5.092156862745099,1
V265_200_SIMPLE,10.5,2026-06,202606040907,0.26388058213119014,4,0,0.0,9.519144332270708,0
V265_200_SIMPLE,10.5,2026-06,202606041307,0.2310532004830298,3,0,0.0,10.462057539116504,1
V265_200_SIMPLE,10.5,2026-06,202606050305,0.4263844236992139,4,0,0.0,9.714369505505465,0
V265_200_SIMPLE,10.5,2026-06,202606060702,0.3846259980882322,3,0,0.0,8.3017138063279,1
V265_200_SIMPLE,10.5,2026-06,202606060703,0.21484485205182127,2,0,0.0,9.572727272727272,0
V265_200_SIMPLE,10.5,2026-06,202606060802,0.3826462375307938,7,0,0.0,10.863680703912106,0
V265_200_SIMPLE,10.5,2026-06,202606061506,0.30535627078665023,2,0,0.0,8.863259668508288,0
V265_200_SIMPLE,10.5,2026-06,202606071005,0.3641282779004985,2,0,0.0,4.4224719101123595,0
V265_200_SIMPLE,10.5,2026-06,202606072408,0.22617438056040948,2,0,0.0,7.715076923076923,0
V265_200_SIMPLE,10.5,2026-06,202606080510,0.35382653837179096,2,0,0.0,8.84047619047619,0
V265_200_SIMPLE,10.5,2026-06,202606080910,0.5185593648433418,2,0,0.0,8.3,1
V265_200_SIMPLE,10.5,2026-06,202606100903,0.2315566899682805,3,0,0.0,10.074807707987933,1
V265_200_SIMPLE,10.5,2026-06,202606121108,0.31756191504644493,2,0,0.0,7.666478873239437,0
V265_200_SIMPLE,10.5,2026-06,202606121901,0.34941456569383994,4,0,0.0,10.025417191532664,0
V265_200_SIMPLE,10.5,2026-06,202606122306,0.27072389589314944,3,0,0.0,12.608492591797292,1
V265_200_SIMPLE,10.5,2026-06,202606130609,0.3742093257915785,2,0,0.0,9.481558441558441,0
V265_200_SIMPLE,10.5,2026-06,202606130702,0.3088432340760663,5,0,0.0,9.108560379105606,1
V265_200_SIMPLE,10.5,2026-06,202606132204,0.32354833482458234,4,0,0.0,9.23930839836868,1
V265_200_SIMPLE,10.5,2026-06,202606141005,0.2638742457112587,4,0,0.0,10.126630437119852,0
V265_200_SIMPLE,10.5,2026-06,202606150310,0.5308857446143207,2,0,0.0,9.859756097560977,0
V265_200_SIMPLE,10.5,2026-06,202606151208,0.3020621145558779,2,0,0.0,6.481159420289856,0
V265_200_SIMPLE,10.5,2026-06,202606180205,0.3726811362051988,2,0,0.0,4.699530516431925,0
V265_200_SIMPLE,10.5,2026-06,202606190903,0.2751295789667688,2,0,0.0,11.726513569937369,0
V265_200_SIMPLE,10.5,2026-06,202606192007,0.21729496019854358,2,1,106260.00000000001,10.631434599156119,1
V265_200_SIMPLE,10.5,2026-06,202606192107,0.34260518286528036,4,0,0.0,8.82094756688449,0
V265_200_SIMPLE,10.5,2026-06,202606200903,0.30523867147278194,5,0,0.0,10.760744603129428,0
V265_200_SIMPLE,10.5,2026-06,202606201709,0.38372815591196674,2,0,0.0,11.668522483940043,1
V265_200_SIMPLE,10.5,2026-06,202606202108,0.2382506147622632,2,0,0.0,6.161389961389962,0
V265_200_SIMPLE,10.5,2026-06,202606210608,0.23286555834620887,2,0,0.0,8.346518105849583,0
V265_200_SIMPLE,10.5,2026-06,202606210906,0.3041124097507549,2,1,49680.0,4.964634146341463,1
V265_200_SIMPLE,10.5,2026-06,202606222204,0.2856382398845336,9,0,0.0,10.158683988338767,0
V265_200_SIMPLE,10.5,2026-06,202606232303,0.2512676777790965,10,0,0.0,10.452967289555477,0
V265_200_SIMPLE,10.5,2026-06,202606240605,0.2705017825228434,2,1,112640.00000000001,11.200000000000001,1
V265_200_SIMPLE,10.5,2026-06,202606241207,0.48921552548638136,3,0,0.0,8.919440657922056,1
V265_200_SIMPLE,10.5,2026-06,202606241210,0.31085610669553543,2,0,0.0,8.1865889212828,0
V265_200_SIMPLE,10.5,2026-06,202606252106,0.21462238645476162,2,0,0.0,8.0,1
V265_200_SIMPLE,10.5,2026-06,202606260304,0.3717601270574377,3,0,0.0,8.705698395989252,0
V265_200_SIMPLE,10.5,2026-06,202606260410,0.37058461627968386,4,0,0.0,9.602470299015934,0
V265_200_SIMPLE,10.5,2026-06,202606260705,0.676686004197826,2,0,0.0,5.211428571428571,1
V265_200_SIMPLE,10.5,2026-06,202606261709,0.29162638608569125,2,0,0.0,12.3,0
V265_200_SIMPLE,10.5,2026-06,202606280204,0.27826311680280424,5,0,0.0,9.5309299420701,0
V265_200_SIMPLE,10.5,2026-06,202606280205,0.2763410497280871,2,0,0.0,4.680851063829787,0
V265_200_SIMPLE,10.5,2026-06,202606280508,0.341726364958361,2,0,0.0,10.065777777777779,0
V265_200_SIMPLE,10.5,2026-06,202606281008,0.29171165306468727,2,0,0.0,9.617158671586715,0
V265_200_SIMPLE,10.5,2026-06,202606290310,0.246574449172836,15,0,0.0,10.945643506554456,1
V265_200_SIMPLE,10.5,2026-06,202606290806,0.2340736233363151,2,0,0.0,10.50532212885154,1
V265_200_SIMPLE,10.5,2026-06,202606292011,0.2816613209111828,2,0,0.0,10.499787685774947,0
V265_200_SIMPLE,10.5,2026-06,202606302304,0.29714698406663553,2,0,0.0,5.979583333333333,0
V265_200_SIMPLE,11.0,2026-04,202604010110,0.26692108921111923,5,0,0.0,10.610995837755981,0
V265_200_SIMPLE,11.0,2026-04,202604010206,0.32506308030228426,2,0,0.0,7.370847457627118,0
V265_200_SIMPLE,11.0,2026-04,202604010603,0.27218598988185544,3,0,0.0,9.918110550435095,1
V265_200_SIMPLE,11.0,2026-04,202604010804,0.3599868811087728,2,0,0.0,7.793823529411765,1
V265_200_SIMPLE,11.0,2026-04,202604020108,0.44510048394359497,2,0,0.0,6.069958847736625,0
V265_200_SIMPLE,11.0,2026-04,202604022209,0.3219681126083509,2,0,0.0,7.392739273927393,0
V265_200_SIMPLE,11.0,2026-04,202604030402,0.42976881767895014,2,0,0.0,7.531353135313531,0
V265_200_SIMPLE,11.0,2026-04,202604031806,0.3382646415180911,2,0,0.0,6.532584269662922,0
V265_200_SIMPLE,11.0,2026-04,202604042202,0.6133690027661685,2,0,0.0,6.39375,0
V265_200_SIMPLE,11.0,2026-04,202604050401,0.27476840588122226,2,0,0.0,10.157248157248157,0
V265_200_SIMPLE,11.0,2026-04,202604052207,0.27607155480800594,2,0,0.0,10.804597701149426,0
V265_200_SIMPLE,11.0,2026-04,202604070808,0.3852076724370691,2,0,0.0,5.27688679245283,0
V265_200_SIMPLE,11.0,2026-04,202604071007,0.24786942974671006,4,0,0.0,8.925989626425178,0
V265_200_SIMPLE,11.0,2026-04,202604072403,0.4315065983482036,3,0,0.0,8.455476753349094,0
V265_200_SIMPLE,11.0,2026-04,202604082303,0.2534301642972762,2,0,0.0,9.145161290322582,1
V265_200_SIMPLE,11.0,2026-04,202604082306,0.2872667268675872,2,1,54500.0,5.399537037037037,1
V265_200_SIMPLE,11.0,2026-04,202604090703,0.3479452866830688,2,0,0.0,7.899683544303797,1
V265_200_SIMPLE,11.0,2026-04,202604100708,0.2241821185947817,2,0,0.0,8.344213649851632,0
V265_200_SIMPLE,11.0,2026-04,202604110709,0.22434265544748633,6,0,0.0,11.029181143726012,0
V265_200_SIMPLE,11.0,2026-04,202604120406,0.2193943856867922,10,0,0.0,11.044896065652265,0
V265_200_SIMPLE,11.0,2026-04,202604121607,0.2514829204444463,3,0,0.0,10.517589971694298,0
V265_200_SIMPLE,11.0,2026-04,202604131606,0.22325835959277285,4,0,0.0,10.28979129762833,0
V265_200_SIMPLE,11.0,2026-04,202604140205,0.2832459356528888,2,0,0.0,10.565726681127982,0
V265_200_SIMPLE,11.0,2026-04,202604140304,0.2971526037834577,2,0,0.0,4.544623655913979,0
V265_200_SIMPLE,11.0,2026-04,202604150307,0.5397664290042222,2,0,0.0,11.3216796875,0
V265_200_SIMPLE,11.0,2026-04,202604160906,0.27689562495823816,4,0,0.0,11.439806100935694,1
V265_200_SIMPLE,11.0,2026-04,202604170305,0.2793639061501201,2,0,0.0,5.5560538116591935,0
V265_200_SIMPLE,11.0,2026-04,202604172301,0.22015940569756332,2,0,0.0,10.75665137614679,0
V265_200_SIMPLE,11.0,2026-04,202604180305,0.2685164673833457,3,0,0.0,11.166697674418606,1
V265_200_SIMPLE,11.0,2026-04,202604181508,0.2202870593503462,2,0,0.0,6.091463414634146,0
V265_200_SIMPLE,11.0,2026-04,202604190501,0.29247806598924597,5,0,0.0,10.138638757964086,0
V265_200_SIMPLE,11.0,2026-04,202604190703,0.3237644573631327,2,0,0.0,6.153024911032029,0
V265_200_SIMPLE,11.0,2026-04,202604191506,0.3212907504703223,2,0,0.0,4.394886363636363,0
V265_200_SIMPLE,11.0,2026-04,202604210702,0.2614453126625632,2,0,0.0,12.796545105566217,0
V265_200_SIMPLE,11.0,2026-04,202604211109,0.28809562658895266,2,0,0.0,8.955675675675677,0
V265_200_SIMPLE,11.0,2026-04,202604220502,0.2587688323254733,2,0,0.0,5.148058252427185,0
V265_200_SIMPLE,11.0,2026-04,202604221103,0.37209843736368675,2,0,0.0,11.13095238095238,1
V265_200_SIMPLE,11.0,2026-04,202604230507,0.29300611673783933,2,1,94320.0,9.416625916870416,1
V265_200_SIMPLE,11.0,2026-04,202604231603,0.26890181025219295,4,0,0.0,10.102084453747453,0
V265_200_SIMPLE,11.0,2026-04,202604240706,0.36771560442465623,2,0,0.0,4.871794871794871,0
V265_200_SIMPLE,11.0,2026-04,202604240709,0.23491162846528998,2,0,0.0,9.289340101522843,0
V265_200_SIMPLE,11.0,2026-04,202604242010,0.267016693594845,4,1,98880.0,10.045127816968039,1
V265_200_SIMPLE,11.0,2026-04,202604242307,0.28282218534787584,5,0,0.0,12.255347809019508,0
V265_200_SIMPLE,11.0,2026-04,202604242308,0.46992298070365957,3,0,0.0,11.19641356122163,0
V265_200_SIMPLE,11.0,2026-04,202604250705,0.22570943767844703,3,0,0.0,10.106550567568778,1
V265_200_SIMPLE,11.0,2026-04,202604250708,0.30729597096430084,2,0,0.0,4.786363636363636,1
V265_200_SIMPLE,11.0,2026-04,202604250903,0.3394867185737669,3,0,0.0,12.136139451790095,0
V265_200_SIMPLE,11.0,2026-04,202604251307,0.3539809564987974,3,0,0.0,8.390553368835379,0
V265_200_SIMPLE,11.0,2026-04,202604252307,0.3196985979300752,5,0,0.0,12.037949705488371,1
V265_200_SIMPLE,11.0,2026-04,202604260310,0.42483685005465044,2,0,0.0,11.167857142857143,0
V265_200_SIMPLE,11.0,2026-04,202604270602,0.21980499450211508,7,0,0.0,10.926765939317,1
V265_200_SIMPLE,11.0,2026-04,202604270606,0.2280052004132369,2,0,0.0,9.115777777777778,1
V265_200_SIMPLE,11.0,2026-04,202604271607,0.30631763632410797,2,0,0.0,11.490719696969697,0
V265_200_SIMPLE,11.0,2026-04,202604272401,0.26987393475853816,8,0,0.0,10.764656178315693,0
V265_200_SIMPLE,11.0,2026-04,202604272402,0.22640604907840084,3,0,0.0,11.071466496761175,0
V265_200_SIMPLE,11.0,2026-04,202604280603,0.39909215268378606,2,0,0.0,4.712,0
V265_200_SIMPLE,11.0,2026-04,202604280606,0.2730036580854154,3,1,97500.0,9.792724839563247,1
V265_200_SIMPLE,11.0,2026-04,202604280707,0.2225034997912249,4,1,119520.0,12.049534636316416,1
V265_200_SIMPLE,11.0,2026-04,202604281502,0.2845686068890705,4,0,0.0,10.202078259060256,0
V265_200_SIMPLE,11.0,2026-04,202604281606,0.2672803577354326,5,0,0.0,11.684628310978349,0
V265_200_SIMPLE,11.0,2026-04,202604282306,0.23848127833828556,4,0,0.0,11.284975570702619,0
V265_200_SIMPLE,11.0,2026-04,202604290306,0.4904914297261086,2,0,0.0,6.274603174603175,0
V265_200_SIMPLE,11.0,2026-04,202604291402,0.27544159808360275,3,0,0.0,7.570394379556842,0
V265_200_SIMPLE,11.0,2026-04,202604292405,0.23259493952870203,3,0,0.0,11.95050522701808,0
V265_200_SIMPLE,11.0,2026-05,202605011707,0.25369612576341816,2,0,0.0,10.46689497716895,0
V265_200_SIMPLE,11.0,2026-05,202605012009,0.23871615107478214,2,0,0.0,8.080538922155688,0
V265_200_SIMPLE,11.0,2026-05,202605020908,0.22173201624381084,2,0,0.0,9.885678391959798,0
V265_200_SIMPLE,11.0,2026-05,202605021103,0.3248638613147797,2,1,62160.0,6.268235294117647,1
V265_200_SIMPLE,11.0,2026-05,202605021104,0.25650427874813014,4,0,0.0,11.198555305222456,0
V265_200_SIMPLE,11.0,2026-05,202605022307,0.4077137324502322,2,0,0.0,3.5517857142857143,0
V265_200_SIMPLE,11.0,2026-05,202605030104,0.2848486387959809,2,0,0.0,6.849097472924187,0
V265_200_SIMPLE,11.0,2026-05,202605030105,0.29590771102602387,2,0,0.0,6.595289855072465,0
V265_200_SIMPLE,11.0,2026-05,202605030805,0.24921138985934033,2,1,95360.0,9.537439613526569,1
V265_200_SIMPLE,11.0,2026-05,202605030811,0.3032646475828403,2,0,0.0,8.817567567567567,0
V265_200_SIMPLE,11.0,2026-05,202605031208,0.2743390204147069,2,0,0.0,11.18339552238806,0
V265_200_SIMPLE,11.0,2026-05,202605032307,0.3393116345344817,2,0,0.0,7.57125748502994,1
V265_200_SIMPLE,11.0,2026-05,202605040202,0.37005426585923473,2,0,0.0,8.46798866855524,0
V265_200_SIMPLE,11.0,2026-05,202605040205,0.26415509268849907,2,0,0.0,4.373714285714286,0
V265_200_SIMPLE,11.0,2026-05,202605040403,0.31744963859818,2,0,0.0,11.167303609341825,0
V265_200_SIMPLE,11.0,2026-05,202605040701,0.3059405926953598,2,1,93100.0,9.398936170212767,1
V265_200_SIMPLE,11.0,2026-05,202605040802,0.2547348505906385,2,1,113399.99999999999,11.363924050632912,1
V265_200_SIMPLE,11.0,2026-05,202605040805,0.2463974645075978,3,0,0.0,10.065127582017011,1
V265_200_SIMPLE,11.0,2026-05,202605041410,0.26732477652442266,3,0,0.0,10.293215606777,1
V265_200_SIMPLE,11.0,2026-05,202605041707,0.2205205851667439,11,0,0.0,11.076893406960744,0
V265_200_SIMPLE,11.0,2026-05,202605042009,0.27329339144093207,2,0,0.0,8.64406779661017,0
V265_200_SIMPLE,11.0,2026-05,202605050202,0.5095682606571269,2,0,0.0,3.988271604938272,0
V265_200_SIMPLE,11.0,2026-05,202605050203,0.3308419626092944,2,0,0.0,7.600638977635782,1
V265_200_SIMPLE,11.0,2026-05,202605050702,0.316854358276166,2,0,0.0,8.75390625,1
V265_200_SIMPLE,11.0,2026-05,202605050811,0.24550163763230726,2,0,0.0,9.711219512195123,0
V265_200_SIMPLE,11.0,2026-05,202605050904,0.26242468276522274,2,0,0.0,11.029759299781182,0
V265_200_SIMPLE,11.0,2026-05,202605051303,0.29611322444566446,2,0,0.0,7.892088607594937,0
V265_200_SIMPLE,11.0,2026-05,202605051306,0.35670431164149663,2,0,0.0,8.202216066481995,0
V265_200_SIMPLE,11.0,2026-05,202605051602,0.5336813364066944,7,0,0.0,11.937756852765082,0
V265_200_SIMPLE,11.0,2026-05,202605060505,0.2791749881535426,4,0,0.0,9.309060131968002,0
V265_200_SIMPLE,11.0,2026-05,202605061303,0.2427809315074025,2,0,0.0,6.062992125984252,0
V265_200_SIMPLE,11.0,2026-05,202605072406,0.29592050514425494,2,0,0.0,4.800000000000001,1
V265_200_SIMPLE,11.0,2026-05,202605091105,0.2509001382468485,3,0,0.0,9.9761310414672,0
V265_200_SIMPLE,11.0,2026-05,202605091805,0.5000463184916282,2,0,0.0,10.699792960662526,0
V265_200_SIMPLE,11.0,2026-05,202605101604,0.29415292874968363,5,0,0.0,11.310552688525702,0
V265_200_SIMPLE,11.0,2026-05,202605102010,0.34010365587541835,2,0,0.0,4.623404255319148,0
V265_200_SIMPLE,11.0,2026-05,202605110811,0.21689574314748103,2,0,0.0,10.499789029535865,1
V265_200_SIMPLE,11.0,2026-05,202605111110,0.26528393309691906,3,0,0.0,10.639725795870897,1
V265_200_SIMPLE,11.0,2026-05,202605111606,0.4284597217210819,2,1,56950.0,5.721153846153847,1
V265_200_SIMPLE,11.0,2026-05,202605112308,0.44504494871854333,2,1,57200.0,5.71551724137931,1
V265_200_SIMPLE,11.0,2026-05,202605130406,0.3174165195774185,2,0,0.0,10.961434977578474,1
V265_200_SIMPLE,11.0,2026-05,202605130408,0.31940916365064387,2,0,0.0,3.78125,1
V265_200_SIMPLE,11.0,2026-05,202605132202,0.22026354932340686,12,0,0.0,10.868594526243188,0
V265_200_SIMPLE,11.0,2026-05,202605141910,0.25224201522762735,4,0,0.0,11.495127868345824,0
V265_200_SIMPLE,11.0,2026-05,202605160603,0.23503654706831936,3,0,0.0,11.233487360695841,1
V265_200_SIMPLE,11.0,2026-05,202605161706,0.2192312836402403,2,0,0.0,10.002421307506054,0
V265_200_SIMPLE,11.0,2026-05,202605161910,0.23280397958639898,2,0,0.0,6.75,0
V265_200_SIMPLE,11.0,2026-05,202605162006,0.21630888285769667,20,0,0.0,11.651584430398335,0
V265_200_SIMPLE,11.0,2026-05,202605171007,0.329485763708493,2,0,0.0,7.096830985915493,0
V265_200_SIMPLE,11.0,2026-05,202605191406,0.24053285798487228,2,0,0.0,11.379310344827585,1
V265_200_SIMPLE,11.0,2026-05,202605191811,0.29324746665663237,2,0,0.0,8.498533724340177,0
V265_200_SIMPLE,11.0,2026-05,202605200506,0.2708552988816699,3,0,0.0,9.313918447924165,0
V265_200_SIMPLE,11.0,2026-05,202605201405,0.21577927767512806,20,1,118400.0,11.901962426127746,1
V265_200_SIMPLE,11.0,2026-05,202605201505,0.47976712078253414,4,0,0.0,11.33221305603408,1
V265_200_SIMPLE,11.0,2026-05,202605202002,0.32686136807213434,2,0,0.0,9.913647642679901,0
V265_200_SIMPLE,11.0,2026-05,202605211905,0.2265339154615783,2,1,100650.0,10.063829787234042,1
V265_200_SIMPLE,11.0,2026-05,202605231808,0.3289734399627961,2,0,0.0,8.795675675675675,1
V265_200_SIMPLE,11.0,2026-05,202605242305,0.3005298985163461,2,0,0.0,12.008213552361395,0
V265_200_SIMPLE,11.0,2026-05,202605242411,0.26225482542751166,3,0,0.0,11.611890746172701,1
V265_200_SIMPLE,11.0,2026-05,202605251307,0.37515011385062,2,0,0.0,4.701492537313433,0
V265_200_SIMPLE,11.0,2026-05,202605252408,0.35012877462073816,3,0,0.0,11.381637039701172,1
V265_200_SIMPLE,11.0,2026-05,202605261206,0.28142215157740985,2,1,67200.0,6.72,1
V265_200_SIMPLE,11.0,2026-05,202605270807,0.2955486052906222,3,0,0.0,12.03462861208839,1
V265_200_SIMPLE,11.0,2026-05,202605270810,0.22731607635880058,2,1,95680.0,9.58159090909091,1
V265_200_SIMPLE,11.0,2026-05,202605271204,0.2924938589673362,2,0,0.0,8.764044943820224,0
V265_200_SIMPLE,11.0,2026-05,202605280710,0.2559284787631224,3,0,0.0,10.780898334593852,0
V265_200_SIMPLE,11.0,2026-05,202605281008,0.3726255386743228,3,1,103020.0,10.418279867526808,1
V265_200_SIMPLE,11.0,2026-05,202605281810,0.25001726709641525,2,0,0.0,8.917808219178083,0
V265_200_SIMPLE,11.0,2026-05,202605291807,0.2837507938066716,2,0,0.0,6.151470588235294,0
V265_200_SIMPLE,11.0,2026-05,202605300102,0.23818816032583462,5,0,0.0,11.128361540152554,0
V265_200_SIMPLE,11.0,2026-05,202605300104,0.39892744453488055,2,0,0.0,6.913636363636364,0
V265_200_SIMPLE,11.0,2026-05,202605300507,0.26843433769637254,3,0,0.0,9.423981310001905,0
V265_200_SIMPLE,11.0,2026-05,202605301108,0.32800909822420493,2,0,0.0,6.776556776556777,1
V265_200_SIMPLE,11.0,2026-05,202605311306,0.2344319783804572,3,0,0.0,9.923779945913402,0
V265_200_SIMPLE,11.0,2026-05,202605312304,0.3194731898820189,3,0,0.0,10.442496868021134,0
V265_200_SIMPLE,11.0,2026-06,202606010506,0.4874116594790526,2,0,0.0,3.788235294117647,0
V265_200_SIMPLE,11.0,2026-06,202606010803,0.48562443006624145,3,0,0.0,13.658363686065325,0
V265_200_SIMPLE,11.0,2026-06,202606010809,0.28399941724145633,11,0,0.0,10.815661989353584,0
V265_200_SIMPLE,11.0,2026-06,202606012402,0.37251469596331754,2,0,0.0,7.068131868131867,0
V265_200_SIMPLE,11.0,2026-06,202606020906,0.33483646221742347,2,0,0.0,5.71551724137931,0
V265_200_SIMPLE,11.0,2026-06,202606021007,0.35847105302409116,3,1,90420.0,8.911720981940872,1
V265_200_SIMPLE,11.0,2026-06,202606022307,0.5089191247632905,2,0,0.0,6.739436619718309,0
V265_200_SIMPLE,11.0,2026-06,202606031209,0.2631904086699185,2,0,0.0,11.478066914498143,0
V265_200_SIMPLE,11.0,2026-06,202606032109,0.26414340608184794,2,0,0.0,8.772164948453609,0
V265_200_SIMPLE,11.0,2026-06,202606040305,0.24846450388749447,2,0,0.0,8.526,1
V265_200_SIMPLE,11.0,2026-06,202606040506,0.5122309815958501,2,1,50960.00000000001,5.092156862745099,1
V265_200_SIMPLE,11.0,2026-06,202606040907,0.26388058213119014,4,0,0.0,9.519144332270708,0
V265_200_SIMPLE,11.0,2026-06,202606041307,0.2310532004830298,3,0,0.0,10.462057539116504,1
V265_200_SIMPLE,11.0,2026-06,202606050305,0.4263844236992139,3,0,0.0,11.34463549869474,0
V265_200_SIMPLE,11.0,2026-06,202606060702,0.3846259980882322,3,0,0.0,8.3017138063279,1
V265_200_SIMPLE,11.0,2026-06,202606060703,0.21484485205182127,2,0,0.0,9.572727272727272,0
V265_200_SIMPLE,11.0,2026-06,202606060802,0.3826462375307938,7,0,0.0,10.863680703912106,0
V265_200_SIMPLE,11.0,2026-06,202606061506,0.30535627078665023,2,0,0.0,8.863259668508288,0
V265_200_SIMPLE,11.0,2026-06,202606071005,0.3641282779004985,2,0,0.0,4.4224719101123595,0
V265_200_SIMPLE,11.0,2026-06,202606072408,0.22617438056040948,2,0,0.0,7.715076923076923,0
V265_200_SIMPLE,11.0,2026-06,202606080510,0.35382653837179096,2,0,0.0,8.84047619047619,0
V265_200_SIMPLE,11.0,2026-06,202606080910,0.5185593648433418,2,0,0.0,8.3,1
V265_200_SIMPLE,11.0,2026-06,202606100903,0.2315566899682805,3,0,0.0,10.074807707987933,1
V265_200_SIMPLE,11.0,2026-06,202606121108,0.31756191504644493,2,0,0.0,7.666478873239437,0
V265_200_SIMPLE,11.0,2026-06,202606121901,0.34941456569383994,3,0,0.0,11.032777854290043,0
V265_200_SIMPLE,11.0,2026-06,202606122306,0.27072389589314944,3,0,0.0,12.608492591797292,1
V265_200_SIMPLE,11.0,2026-06,202606130609,0.3742093257915785,2,0,0.0,9.481558441558441,0
V265_200_SIMPLE,11.0,2026-06,202606130702,0.3088432340760663,4,0,0.0,12.228582211794254,1
V265_200_SIMPLE,11.0,2026-06,202606132204,0.32354833482458234,4,0,0.0,9.23930839836868,1
V265_200_SIMPLE,11.0,2026-06,202606141005,0.2638742457112587,3,0,0.0,11.856726849155505,0
V265_200_SIMPLE,11.0,2026-06,202606150310,0.5308857446143207,2,0,0.0,9.859756097560977,0
V265_200_SIMPLE,11.0,2026-06,202606151208,0.3020621145558779,2,0,0.0,6.481159420289856,0
V265_200_SIMPLE,11.0,2026-06,202606180205,0.3726811362051988,2,0,0.0,4.699530516431925,0
V265_200_SIMPLE,11.0,2026-06,202606190903,0.2751295789667688,2,0,0.0,11.726513569937369,0
V265_200_SIMPLE,11.0,2026-06,202606192007,0.21729496019854358,2,1,106260.00000000001,10.631434599156119,1
V265_200_SIMPLE,11.0,2026-06,202606192107,0.34260518286528036,3,0,0.0,12.620396600566572,0
V265_200_SIMPLE,11.0,2026-06,202606200903,0.30523867147278194,5,0,0.0,10.760744603129428,0
V265_200_SIMPLE,11.0,2026-06,202606201709,0.38372815591196674,2,0,0.0,11.668522483940043,1
V265_200_SIMPLE,11.0,2026-06,202606202108,0.2382506147622632,2,0,0.0,6.161389961389962,0
V265_200_SIMPLE,11.0,2026-06,202606210608,0.23286555834620887,2,0,0.0,8.346518105849583,0
V265_200_SIMPLE,11.0,2026-06,202606210906,0.3041124097507549,2,1,49680.0,4.964634146341463,1
V265_200_SIMPLE,11.0,2026-06,202606222204,0.2856382398845336,8,0,0.0,10.960905728402244,0
V265_200_SIMPLE,11.0,2026-06,202606232303,0.2512676777790965,9,0,0.0,10.717180345179118,0
V265_200_SIMPLE,11.0,2026-06,202606240605,0.2705017825228434,2,1,112640.00000000001,11.200000000000001,1
V265_200_SIMPLE,11.0,2026-06,202606241207,0.48921552548638136,2,0,0.0,12.55538160469667,1
V265_200_SIMPLE,11.0,2026-06,202606241210,0.31085610669553543,2,0,0.0,8.1865889212828,0
V265_200_SIMPLE,11.0,2026-06,202606252106,0.21462238645476162,2,0,0.0,8.0,1
V265_200_SIMPLE,11.0,2026-06,202606260304,0.3717601270574377,2,0,0.0,12.496237623762376,0
V265_200_SIMPLE,11.0,2026-06,202606260410,0.37058461627968386,4,0,0.0,9.602470299015934,0
V265_200_SIMPLE,11.0,2026-06,202606260705,0.676686004197826,2,0,0.0,5.211428571428571,1
V265_200_SIMPLE,11.0,2026-06,202606261709,0.29162638608569125,2,0,0.0,12.3,0
V265_200_SIMPLE,11.0,2026-06,202606280204,0.27826311680280424,4,0,0.0,11.55997869030422,0
V265_200_SIMPLE,11.0,2026-06,202606280205,0.2763410497280871,2,0,0.0,4.680851063829787,0
V265_200_SIMPLE,11.0,2026-06,202606280508,0.341726364958361,2,0,0.0,10.065777777777779,0
V265_200_SIMPLE,11.0,2026-06,202606281008,0.29171165306468727,2,0,0.0,9.617158671586715,0
V265_200_SIMPLE,11.0,2026-06,202606290310,0.246574449172836,15,0,0.0,10.945643506554456,1
V265_200_SIMPLE,11.0,2026-06,202606290806,0.2340736233363151,2,0,0.0,10.50532212885154,1
V265_200_SIMPLE,11.0,2026-06,202606292011,0.2816613209111828,2,0,0.0,10.499787685774947,0
V265_200_SIMPLE,11.0,2026-06,202606302304,0.29714698406663553,2,0,0.0,5.979583333333333,0
V265_200_SIMPLE,11.5,2026-04,202604010110,0.26692108921111923,5,0,0.0,10.610995837755981,0
V265_200_SIMPLE,11.5,2026-04,202604010206,0.32506308030228426,2,0,0.0,7.370847457627118,0
V265_200_SIMPLE,11.5,2026-04,202604010603,0.27218598988185544,3,0,0.0,9.918110550435095,1
V265_200_SIMPLE,11.5,2026-04,202604010804,0.3599868811087728,2,0,0.0,7.793823529411765,1
V265_200_SIMPLE,11.5,2026-04,202604020108,0.44510048394359497,2,0,0.0,6.069958847736625,0
V265_200_SIMPLE,11.5,2026-04,202604022209,0.3219681126083509,2,0,0.0,7.392739273927393,0
V265_200_SIMPLE,11.5,2026-04,202604030402,0.42976881767895014,2,0,0.0,7.531353135313531,0
V265_200_SIMPLE,11.5,2026-04,202604031806,0.3382646415180911,2,0,0.0,6.532584269662922,0
V265_200_SIMPLE,11.5,2026-04,202604042202,0.6133690027661685,2,0,0.0,6.39375,0
V265_200_SIMPLE,11.5,2026-04,202604050401,0.27476840588122226,2,0,0.0,10.157248157248157,0
V265_200_SIMPLE,11.5,2026-04,202604052207,0.27607155480800594,2,0,0.0,10.804597701149426,0
V265_200_SIMPLE,11.5,2026-04,202604070808,0.3852076724370691,2,0,0.0,5.27688679245283,0
V265_200_SIMPLE,11.5,2026-04,202604071007,0.24786942974671006,3,0,0.0,13.821727614918823,0
V265_200_SIMPLE,11.5,2026-04,202604072403,0.4315065983482036,3,0,0.0,8.455476753349094,0
V265_200_SIMPLE,11.5,2026-04,202604082303,0.2534301642972762,2,0,0.0,9.145161290322582,1
V265_200_SIMPLE,11.5,2026-04,202604082306,0.2872667268675872,2,1,54500.0,5.399537037037037,1
V265_200_SIMPLE,11.5,2026-04,202604090703,0.3479452866830688,2,0,0.0,7.899683544303797,1
V265_200_SIMPLE,11.5,2026-04,202604100708,0.2241821185947817,2,0,0.0,8.344213649851632,0
V265_200_SIMPLE,11.5,2026-04,202604110709,0.22434265544748633,5,0,0.0,11.608789292033787,0
V265_200_SIMPLE,11.5,2026-04,202604120406,0.2193943856867922,9,0,0.0,11.931738688077123,0
V265_200_SIMPLE,11.5,2026-04,202604121607,0.2514829204444463,3,0,0.0,10.517589971694298,0
V265_200_SIMPLE,11.5,2026-04,202604131606,0.22325835959277285,4,0,0.0,10.28979129762833,0
V265_200_SIMPLE,11.5,2026-04,202604140205,0.2832459356528888,2,0,0.0,10.565726681127982,0
V265_200_SIMPLE,11.5,2026-04,202604140304,0.2971526037834577,2,0,0.0,4.544623655913979,0
V265_200_SIMPLE,11.5,2026-04,202604150307,0.5397664290042222,2,0,0.0,11.3216796875,0
V265_200_SIMPLE,11.5,2026-04,202604160906,0.27689562495823816,4,0,0.0,11.439806100935694,1
V265_200_SIMPLE,11.5,2026-04,202604170305,0.2793639061501201,2,0,0.0,5.5560538116591935,0
V265_200_SIMPLE,11.5,2026-04,202604172301,0.22015940569756332,2,0,0.0,10.75665137614679,0
V265_200_SIMPLE,11.5,2026-04,202604180305,0.2685164673833457,3,0,0.0,11.166697674418606,1
V265_200_SIMPLE,11.5,2026-04,202604181508,0.2202870593503462,2,0,0.0,6.091463414634146,0
V265_200_SIMPLE,11.5,2026-04,202604190501,0.29247806598924597,5,0,0.0,10.138638757964086,0
V265_200_SIMPLE,11.5,2026-04,202604190703,0.3237644573631327,2,0,0.0,6.153024911032029,0
V265_200_SIMPLE,11.5,2026-04,202604191506,0.3212907504703223,2,0,0.0,4.394886363636363,0
V265_200_SIMPLE,11.5,2026-04,202604210702,0.2614453126625632,2,0,0.0,12.796545105566217,0
V265_200_SIMPLE,11.5,2026-04,202604211109,0.28809562658895266,2,0,0.0,8.955675675675677,0
V265_200_SIMPLE,11.5,2026-04,202604220502,0.2587688323254733,2,0,0.0,5.148058252427185,0
V265_200_SIMPLE,11.5,2026-04,202604221103,0.37209843736368675,2,0,0.0,11.13095238095238,1
V265_200_SIMPLE,11.5,2026-04,202604230507,0.29300611673783933,2,1,94320.0,9.416625916870416,1
V265_200_SIMPLE,11.5,2026-04,202604231603,0.26890181025219295,3,0,0.0,12.320709126163944,0
V265_200_SIMPLE,11.5,2026-04,202604240706,0.36771560442465623,2,0,0.0,4.871794871794871,0
V265_200_SIMPLE,11.5,2026-04,202604240709,0.23491162846528998,2,0,0.0,9.289340101522843,0
V265_200_SIMPLE,11.5,2026-04,202604242010,0.267016693594845,4,1,98880.0,10.045127816968039,1
V265_200_SIMPLE,11.5,2026-04,202604242307,0.28282218534787584,5,0,0.0,12.255347809019508,0
V265_200_SIMPLE,11.5,2026-04,202604242308,0.46992298070365957,3,0,0.0,11.19641356122163,0
V265_200_SIMPLE,11.5,2026-04,202604250705,0.22570943767844703,3,0,0.0,10.106550567568778,1
V265_200_SIMPLE,11.5,2026-04,202604250708,0.30729597096430084,2,0,0.0,4.786363636363636,1
V265_200_SIMPLE,11.5,2026-04,202604250903,0.3394867185737669,3,0,0.0,12.136139451790095,0
V265_200_SIMPLE,11.5,2026-04,202604251307,0.3539809564987974,2,0,0.0,14.352,0
V265_200_SIMPLE,11.5,2026-04,202604252307,0.3196985979300752,5,0,0.0,12.037949705488371,1
V265_200_SIMPLE,11.5,2026-04,202604260310,0.42483685005465044,2,0,0.0,11.167857142857143,0
V265_200_SIMPLE,11.5,2026-04,202604270602,0.21980499450211508,7,0,0.0,10.926765939317,1
V265_200_SIMPLE,11.5,2026-04,202604270606,0.2280052004132369,2,0,0.0,9.115777777777778,1
V265_200_SIMPLE,11.5,2026-04,202604271607,0.30631763632410797,2,0,0.0,11.490719696969697,0
V265_200_SIMPLE,11.5,2026-04,202604272401,0.26987393475853816,8,0,0.0,10.764656178315693,0
V265_200_SIMPLE,11.5,2026-04,202604272402,0.22640604907840084,3,0,0.0,11.071466496761175,0
V265_200_SIMPLE,11.5,2026-04,202604280603,0.39909215268378606,2,0,0.0,4.712,0
V265_200_SIMPLE,11.5,2026-04,202604280606,0.2730036580854154,3,1,97500.0,9.792724839563247,1
V265_200_SIMPLE,11.5,2026-04,202604280707,0.2225034997912249,4,1,119520.0,12.049534636316416,1
V265_200_SIMPLE,11.5,2026-04,202604281502,0.2845686068890705,3,0,0.0,12.098004325171628,0
V265_200_SIMPLE,11.5,2026-04,202604281606,0.2672803577354326,5,0,0.0,11.684628310978349,0
V265_200_SIMPLE,11.5,2026-04,202604282306,0.23848127833828556,4,0,0.0,11.284975570702619,0
V265_200_SIMPLE,11.5,2026-04,202604290306,0.4904914297261086,2,0,0.0,6.274603174603175,0
V265_200_SIMPLE,11.5,2026-04,202604291402,0.27544159808360275,3,0,0.0,7.570394379556842,0
V265_200_SIMPLE,11.5,2026-04,202604292405,0.23259493952870203,3,0,0.0,11.95050522701808,0
V265_200_SIMPLE,11.5,2026-05,202605011707,0.25369612576341816,2,0,0.0,10.46689497716895,0
V265_200_SIMPLE,11.5,2026-05,202605012009,0.23871615107478214,2,0,0.0,8.080538922155688,0
V265_200_SIMPLE,11.5,2026-05,202605020908,0.22173201624381084,2,0,0.0,9.885678391959798,0
V265_200_SIMPLE,11.5,2026-05,202605021103,0.3248638613147797,2,1,62160.0,6.268235294117647,1
V265_200_SIMPLE,11.5,2026-05,202605021104,0.25650427874813014,4,0,0.0,11.198555305222456,0
V265_200_SIMPLE,11.5,2026-05,202605022307,0.4077137324502322,2,0,0.0,3.5517857142857143,0
V265_200_SIMPLE,11.5,2026-05,202605030104,0.2848486387959809,2,0,0.0,6.849097472924187,0
V265_200_SIMPLE,11.5,2026-05,202605030105,0.29590771102602387,2,0,0.0,6.595289855072465,0
V265_200_SIMPLE,11.5,2026-05,202605030805,0.24921138985934033,2,1,95360.0,9.537439613526569,1
V265_200_SIMPLE,11.5,2026-05,202605030811,0.3032646475828403,2,0,0.0,8.817567567567567,0
V265_200_SIMPLE,11.5,2026-05,202605031208,0.2743390204147069,2,0,0.0,11.18339552238806,0
V265_200_SIMPLE,11.5,2026-05,202605032307,0.3393116345344817,2,0,0.0,7.57125748502994,1
V265_200_SIMPLE,11.5,2026-05,202605040202,0.37005426585923473,2,0,0.0,8.46798866855524,0
V265_200_SIMPLE,11.5,2026-05,202605040205,0.26415509268849907,2,0,0.0,4.373714285714286,0
V265_200_SIMPLE,11.5,2026-05,202605040403,0.31744963859818,2,0,0.0,11.167303609341825,0
V265_200_SIMPLE,11.5,2026-05,202605040701,0.3059405926953598,2,1,93100.0,9.398936170212767,1
V265_200_SIMPLE,11.5,2026-05,202605040802,0.2547348505906385,2,1,113399.99999999999,11.363924050632912,1
V265_200_SIMPLE,11.5,2026-05,202605040805,0.2463974645075978,2,0,0.0,12.370967741935484,1
V265_200_SIMPLE,11.5,2026-05,202605041410,0.26732477652442266,2,0,0.0,12.67911877394636,1
V265_200_SIMPLE,11.5,2026-05,202605041707,0.2205205851667439,10,0,0.0,11.559340987885854,0
V265_200_SIMPLE,11.5,2026-05,202605042009,0.27329339144093207,2,0,0.0,8.64406779661017,0
V265_200_SIMPLE,11.5,2026-05,202605050202,0.5095682606571269,2,0,0.0,3.988271604938272,0
V265_200_SIMPLE,11.5,2026-05,202605050203,0.3308419626092944,2,0,0.0,7.600638977635782,1
V265_200_SIMPLE,11.5,2026-05,202605050702,0.316854358276166,2,0,0.0,8.75390625,1
V265_200_SIMPLE,11.5,2026-05,202605050811,0.24550163763230726,2,0,0.0,9.711219512195123,0
V265_200_SIMPLE,11.5,2026-05,202605050904,0.26242468276522274,2,0,0.0,11.029759299781182,0
V265_200_SIMPLE,11.5,2026-05,202605051303,0.29611322444566446,2,0,0.0,7.892088607594937,0
V265_200_SIMPLE,11.5,2026-05,202605051306,0.35670431164149663,2,0,0.0,8.202216066481995,0
V265_200_SIMPLE,11.5,2026-05,202605051602,0.5336813364066944,7,0,0.0,11.937756852765082,0
V265_200_SIMPLE,11.5,2026-05,202605060505,0.2791749881535426,4,0,0.0,9.309060131968002,0
V265_200_SIMPLE,11.5,2026-05,202605061303,0.2427809315074025,2,0,0.0,6.062992125984252,0
V265_200_SIMPLE,11.5,2026-05,202605072406,0.29592050514425494,2,0,0.0,4.800000000000001,1
V265_200_SIMPLE,11.5,2026-05,202605091105,0.2509001382468485,3,0,0.0,9.9761310414672,0
V265_200_SIMPLE,11.5,2026-05,202605091805,0.5000463184916282,2,0,0.0,10.699792960662526,0
V265_200_SIMPLE,11.5,2026-05,202605101604,0.29415292874968363,5,0,0.0,11.310552688525702,0
V265_200_SIMPLE,11.5,2026-05,202605102010,0.34010365587541835,2,0,0.0,4.623404255319148,0
V265_200_SIMPLE,11.5,2026-05,202605110811,0.21689574314748103,2,0,0.0,10.499789029535865,1
V265_200_SIMPLE,11.5,2026-05,202605111110,0.26528393309691906,3,0,0.0,10.639725795870897,1
V265_200_SIMPLE,11.5,2026-05,202605111606,0.4284597217210819,2,1,56950.0,5.721153846153847,1
V265_200_SIMPLE,11.5,2026-05,202605112308,0.44504494871854333,2,1,57200.0,5.71551724137931,1
V265_200_SIMPLE,11.5,2026-05,202605130406,0.3174165195774185,2,0,0.0,10.961434977578474,1
V265_200_SIMPLE,11.5,2026-05,202605130408,0.31940916365064387,2,0,0.0,3.78125,1
V265_200_SIMPLE,11.5,2026-05,202605132202,0.22026354932340686,10,0,0.0,11.55348042632359,0
V265_200_SIMPLE,11.5,2026-05,202605141910,0.25224201522762735,4,0,0.0,11.495127868345824,0
V265_200_SIMPLE,11.5,2026-05,202605160603,0.23503654706831936,3,0,0.0,11.233487360695841,1
V265_200_SIMPLE,11.5,2026-05,202605161706,0.2192312836402403,2,0,0.0,10.002421307506054,0
V265_200_SIMPLE,11.5,2026-05,202605161910,0.23280397958639898,2,0,0.0,6.75,0
V265_200_SIMPLE,11.5,2026-05,202605162006,0.21630888285769667,20,0,0.0,11.651584430398335,0
V265_200_SIMPLE,11.5,2026-05,202605171007,0.329485763708493,2,0,0.0,7.096830985915493,0
V265_200_SIMPLE,11.5,2026-05,202605191406,0.24053285798487228,2,0,0.0,11.379310344827585,1
V265_200_SIMPLE,11.5,2026-05,202605191811,0.29324746665663237,2,0,0.0,8.498533724340177,0
V265_200_SIMPLE,11.5,2026-05,202605200506,0.2708552988816699,3,0,0.0,9.313918447924165,0
V265_200_SIMPLE,11.5,2026-05,202605201405,0.21577927767512806,20,1,118400.0,11.901962426127746,1
V265_200_SIMPLE,11.5,2026-05,202605201505,0.47976712078253414,4,0,0.0,11.33221305603408,1
V265_200_SIMPLE,11.5,2026-05,202605202002,0.32686136807213434,2,0,0.0,9.913647642679901,0
V265_200_SIMPLE,11.5,2026-05,202605211905,0.2265339154615783,2,1,100650.0,10.063829787234042,1
V265_200_SIMPLE,11.5,2026-05,202605231808,0.3289734399627961,2,0,0.0,8.795675675675675,1
V265_200_SIMPLE,11.5,2026-05,202605242305,0.3005298985163461,2,0,0.0,12.008213552361395,0
V265_200_SIMPLE,11.5,2026-05,202605242411,0.26225482542751166,3,0,0.0,11.611890746172701,1
V265_200_SIMPLE,11.5,2026-05,202605251307,0.37515011385062,2,0,0.0,4.701492537313433,0
V265_200_SIMPLE,11.5,2026-05,202605252408,0.35012877462073816,3,0,0.0,11.381637039701172,1
V265_200_SIMPLE,11.5,2026-05,202605261206,0.28142215157740985,2,1,67200.0,6.72,1
V265_200_SIMPLE,11.5,2026-05,202605270807,0.2955486052906222,3,0,0.0,12.03462861208839,1
V265_200_SIMPLE,11.5,2026-05,202605270810,0.22731607635880058,2,1,95680.0,9.58159090909091,1
V265_200_SIMPLE,11.5,2026-05,202605271204,0.2924938589673362,2,0,0.0,8.764044943820224,0
V265_200_SIMPLE,11.5,2026-05,202605280710,0.2559284787631224,3,0,0.0,10.780898334593852,0
V265_200_SIMPLE,11.5,2026-05,202605281008,0.3726255386743228,3,1,103020.0,10.418279867526808,1
V265_200_SIMPLE,11.5,2026-05,202605281810,0.25001726709641525,2,0,0.0,8.917808219178083,0
V265_200_SIMPLE,11.5,2026-05,202605291807,0.2837507938066716,2,0,0.0,6.151470588235294,0
V265_200_SIMPLE,11.5,2026-05,202605300102,0.23818816032583462,5,0,0.0,11.128361540152554,0
V265_200_SIMPLE,11.5,2026-05,202605300104,0.39892744453488055,2,0,0.0,6.913636363636364,0
V265_200_SIMPLE,11.5,2026-05,202605300507,0.26843433769637254,3,0,0.0,9.423981310001905,0
V265_200_SIMPLE,11.5,2026-05,202605301108,0.32800909822420493,2,0,0.0,6.776556776556777,1
V265_200_SIMPLE,11.5,2026-05,202605311306,0.2344319783804572,2,0,0.0,12.362874251497004,0
V265_200_SIMPLE,11.5,2026-05,202605312304,0.3194731898820189,3,0,0.0,10.442496868021134,0
V265_200_SIMPLE,11.5,2026-06,202606010506,0.4874116594790526,2,0,0.0,3.788235294117647,0
V265_200_SIMPLE,11.5,2026-06,202606010803,0.48562443006624145,3,0,0.0,13.658363686065325,0
V265_200_SIMPLE,11.5,2026-06,202606010809,0.28399941724145633,11,0,0.0,10.815661989353584,0
V265_200_SIMPLE,11.5,2026-06,202606012402,0.37251469596331754,2,0,0.0,7.068131868131867,0
V265_200_SIMPLE,11.5,2026-06,202606020906,0.33483646221742347,2,0,0.0,5.71551724137931,0
V265_200_SIMPLE,11.5,2026-06,202606021007,0.35847105302409116,2,0,0.0,13.20734908136483,1
V265_200_SIMPLE,11.5,2026-06,202606022307,0.5089191247632905,2,0,0.0,6.739436619718309,0
V265_200_SIMPLE,11.5,2026-06,202606031209,0.2631904086699185,2,0,0.0,11.478066914498143,0
V265_200_SIMPLE,11.5,2026-06,202606032109,0.26414340608184794,2,0,0.0,8.772164948453609,0
V265_200_SIMPLE,11.5,2026-06,202606040305,0.24846450388749447,2,0,0.0,8.526,1
V265_200_SIMPLE,11.5,2026-06,202606040506,0.5122309815958501,2,1,50960.00000000001,5.092156862745099,1
V265_200_SIMPLE,11.5,2026-06,202606040907,0.26388058213119014,3,0,0.0,12.804543085313156,0
V265_200_SIMPLE,11.5,2026-06,202606041307,0.2310532004830298,3,0,0.0,10.462057539116504,1
V265_200_SIMPLE,11.5,2026-06,202606050305,0.4263844236992139,3,0,0.0,11.34463549869474,0
V265_200_SIMPLE,11.5,2026-06,202606060702,0.3846259980882322,3,0,0.0,8.3017138063279,1
V265_200_SIMPLE,11.5,2026-06,202606060703,0.21484485205182127,2,0,0.0,9.572727272727272,0
V265_200_SIMPLE,11.5,2026-06,202606060802,0.3826462375307938,7,0,0.0,10.863680703912106,0
V265_200_SIMPLE,11.5,2026-06,202606061506,0.30535627078665023,2,0,0.0,8.863259668508288,0
V265_200_SIMPLE,11.5,2026-06,202606071005,0.3641282779004985,2,0,0.0,4.4224719101123595,0
V265_200_SIMPLE,11.5,2026-06,202606072408,0.22617438056040948,2,0,0.0,7.715076923076923,0
V265_200_SIMPLE,11.5,2026-06,202606080510,0.35382653837179096,2,0,0.0,8.84047619047619,0
V265_200_SIMPLE,11.5,2026-06,202606080910,0.5185593648433418,2,0,0.0,8.3,1
V265_200_SIMPLE,11.5,2026-06,202606100903,0.2315566899682805,3,0,0.0,10.074807707987933,1
V265_200_SIMPLE,11.5,2026-06,202606121108,0.31756191504644493,2,0,0.0,7.666478873239437,0
V265_200_SIMPLE,11.5,2026-06,202606121901,0.34941456569383994,2,0,0.0,11.727272727272727,0
V265_200_SIMPLE,11.5,2026-06,202606122306,0.27072389589314944,3,0,0.0,12.608492591797292,1
V265_200_SIMPLE,11.5,2026-06,202606130609,0.3742093257915785,2,0,0.0,9.481558441558441,0
V265_200_SIMPLE,11.5,2026-06,202606130702,0.3088432340760663,4,0,0.0,12.228582211794254,1
V265_200_SIMPLE,11.5,2026-06,202606132204,0.32354833482458234,3,0,0.0,12.772519329896907,1
V265_200_SIMPLE,11.5,2026-06,202606141005,0.2638742457112587,3,0,0.0,11.856726849155505,0
V265_200_SIMPLE,11.5,2026-06,202606150310,0.5308857446143207,2,0,0.0,9.859756097560977,0
V265_200_SIMPLE,11.5,2026-06,202606151208,0.3020621145558779,2,0,0.0,6.481159420289856,0
V265_200_SIMPLE,11.5,2026-06,202606180205,0.3726811362051988,2,0,0.0,4.699530516431925,0
V265_200_SIMPLE,11.5,2026-06,202606190903,0.2751295789667688,2,0,0.0,11.726513569937369,0
V265_200_SIMPLE,11.5,2026-06,202606192007,0.21729496019854358,2,1,106260.00000000001,10.631434599156119,1
V265_200_SIMPLE,11.5,2026-06,202606192107,0.34260518286528036,3,0,0.0,12.620396600566572,0
V265_200_SIMPLE,11.5,2026-06,202606200903,0.30523867147278194,5,0,0.0,10.760744603129428,0
V265_200_SIMPLE,11.5,2026-06,202606201709,0.38372815591196674,2,0,0.0,11.668522483940043,1
V265_200_SIMPLE,11.5,2026-06,202606202108,0.2382506147622632,2,0,0.0,6.161389961389962,0
V265_200_SIMPLE,11.5,2026-06,202606210608,0.23286555834620887,2,0,0.0,8.346518105849583,0
V265_200_SIMPLE,11.5,2026-06,202606210906,0.3041124097507549,2,1,49680.0,4.964634146341463,1
V265_200_SIMPLE,11.5,2026-06,202606222204,0.2856382398845336,7,0,0.0,11.566033171073911,0
V265_200_SIMPLE,11.5,2026-06,202606232303,0.2512676777790965,8,0,0.0,11.38231863039293,0
V265_200_SIMPLE,11.5,2026-06,202606240605,0.2705017825228434,2,1,112640.00000000001,11.200000000000001,1
V265_200_SIMPLE,11.5,2026-06,202606241207,0.48921552548638136,2,0,0.0,12.55538160469667,1
V265_200_SIMPLE,11.5,2026-06,202606241210,0.31085610669553543,2,0,0.0,8.1865889212828,0
V265_200_SIMPLE,11.5,2026-06,202606252106,0.21462238645476162,2,0,0.0,8.0,1
V265_200_SIMPLE,11.5,2026-06,202606260304,0.3717601270574377,2,0,0.0,12.496237623762376,0
V265_200_SIMPLE,11.5,2026-06,202606260410,0.37058461627968386,4,0,0.0,9.602470299015934,0
V265_200_SIMPLE,11.5,2026-06,202606260705,0.676686004197826,2,0,0.0,5.211428571428571,1
V265_200_SIMPLE,11.5,2026-06,202606261709,0.29162638608569125,2,0,0.0,12.3,0
V265_200_SIMPLE,11.5,2026-06,202606280204,0.27826311680280424,4,0,0.0,11.55997869030422,0
V265_200_SIMPLE,11.5,2026-06,202606280205,0.2763410497280871,2,0,0.0,4.680851063829787,0
V265_200_SIMPLE,11.5,2026-06,202606280508,0.341726364958361,2,0,0.0,10.065777777777779,0
V265_200_SIMPLE,11.5,2026-06,202606281008,0.29171165306468727,2,0,0.0,9.617158671586715,0
V265_200_SIMPLE,11.5,2026-06,202606290310,0.246574449172836,14,0,0.0,11.908302549983663,1
V265_200_SIMPLE,11.5,2026-06,202606290806,0.2340736233363151,2,0,0.0,10.50532212885154,1
V265_200_SIMPLE,11.5,2026-06,202606292011,0.2816613209111828,2,0,0.0,10.499787685774947,0
V265_200_SIMPLE,11.5,2026-06,202606302304,0.29714698406663553,2,0,0.0,5.979583333333333,0
V265_200_SIMPLE,12.0,2026-04,202604010110,0.26692108921111923,5,0,0.0,10.610995837755981,0
V265_200_SIMPLE,12.0,2026-04,202604010206,0.32506308030228426,2,0,0.0,7.370847457627118,0
V265_200_SIMPLE,12.0,2026-04,202604010603,0.27218598988185544,2,0,0.0,13.618709677419355,1
V265_200_SIMPLE,12.0,2026-04,202604010804,0.3599868811087728,2,0,0.0,7.793823529411765,1
V265_200_SIMPLE,12.0,2026-04,202604020108,0.44510048394359497,2,0,0.0,6.069958847736625,0
V265_200_SIMPLE,12.0,2026-04,202604022209,0.3219681126083509,2,0,0.0,7.392739273927393,0
V265_200_SIMPLE,12.0,2026-04,202604030402,0.42976881767895014,2,0,0.0,7.531353135313531,0
V265_200_SIMPLE,12.0,2026-04,202604031806,0.3382646415180911,2,0,0.0,6.532584269662922,0
V265_200_SIMPLE,12.0,2026-04,202604042202,0.6133690027661685,2,0,0.0,6.39375,0
V265_200_SIMPLE,12.0,2026-04,202604050401,0.27476840588122226,2,0,0.0,10.157248157248157,0
V265_200_SIMPLE,12.0,2026-04,202604052207,0.27607155480800594,2,0,0.0,10.804597701149426,0
V265_200_SIMPLE,12.0,2026-04,202604070808,0.3852076724370691,2,0,0.0,5.27688679245283,0
V265_200_SIMPLE,12.0,2026-04,202604071007,0.24786942974671006,3,0,0.0,13.821727614918823,0
V265_200_SIMPLE,12.0,2026-04,202604072403,0.4315065983482036,2,0,0.0,14.648464163822526,0
V265_200_SIMPLE,12.0,2026-04,202604082303,0.2534301642972762,2,0,0.0,9.145161290322582,1
V265_200_SIMPLE,12.0,2026-04,202604082306,0.2872667268675872,2,1,54500.0,5.399537037037037,1
V265_200_SIMPLE,12.0,2026-04,202604090703,0.3479452866830688,2,0,0.0,7.899683544303797,1
V265_200_SIMPLE,12.0,2026-04,202604100708,0.2241821185947817,2,0,0.0,8.344213649851632,0
V265_200_SIMPLE,12.0,2026-04,202604110709,0.22434265544748633,5,0,0.0,11.608789292033787,0
V265_200_SIMPLE,12.0,2026-04,202604120406,0.2193943856867922,9,0,0.0,11.931738688077123,0
V265_200_SIMPLE,12.0,2026-04,202604121607,0.2514829204444463,2,0,0.0,12.857142857142858,0
V265_200_SIMPLE,12.0,2026-04,202604131606,0.22325835959277285,4,0,0.0,10.28979129762833,0
V265_200_SIMPLE,12.0,2026-04,202604140205,0.2832459356528888,2,0,0.0,10.565726681127982,0
V265_200_SIMPLE,12.0,2026-04,202604140304,0.2971526037834577,2,0,0.0,4.544623655913979,0
V265_200_SIMPLE,12.0,2026-04,202604150307,0.5397664290042222,2,0,0.0,11.3216796875,0
V265_200_SIMPLE,12.0,2026-04,202604160906,0.27689562495823816,3,0,0.0,12.262054179560177,1
V265_200_SIMPLE,12.0,2026-04,202604170305,0.2793639061501201,2,0,0.0,5.5560538116591935,0
V265_200_SIMPLE,12.0,2026-04,202604172301,0.22015940569756332,2,0,0.0,10.75665137614679,0
V265_200_SIMPLE,12.0,2026-04,202604180305,0.2685164673833457,3,0,0.0,11.166697674418606,1
V265_200_SIMPLE,12.0,2026-04,202604181508,0.2202870593503462,2,0,0.0,6.091463414634146,0
V265_200_SIMPLE,12.0,2026-04,202604190501,0.29247806598924597,5,0,0.0,10.138638757964086,0
V265_200_SIMPLE,12.0,2026-04,202604190703,0.3237644573631327,2,0,0.0,6.153024911032029,0
V265_200_SIMPLE,12.0,2026-04,202604191506,0.3212907504703223,2,0,0.0,4.394886363636363,0
V265_200_SIMPLE,12.0,2026-04,202604210702,0.2614453126625632,2,0,0.0,12.796545105566217,0
V265_200_SIMPLE,12.0,2026-04,202604211109,0.28809562658895266,2,0,0.0,8.955675675675677,0
V265_200_SIMPLE,12.0,2026-04,202604220502,0.2587688323254733,2,0,0.0,5.148058252427185,0
V265_200_SIMPLE,12.0,2026-04,202604221103,0.37209843736368675,2,0,0.0,11.13095238095238,1
V265_200_SIMPLE,12.0,2026-04,202604230507,0.29300611673783933,2,1,94320.0,9.416625916870416,1
V265_200_SIMPLE,12.0,2026-04,202604231603,0.26890181025219295,3,0,0.0,12.320709126163944,0
V265_200_SIMPLE,12.0,2026-04,202604240706,0.36771560442465623,2,0,0.0,4.871794871794871,0
V265_200_SIMPLE,12.0,2026-04,202604240709,0.23491162846528998,2,0,0.0,9.289340101522843,0
V265_200_SIMPLE,12.0,2026-04,202604242010,0.267016693594845,4,1,98880.0,10.045127816968039,1
V265_200_SIMPLE,12.0,2026-04,202604242307,0.28282218534787584,5,0,0.0,12.255347809019508,0
V265_200_SIMPLE,12.0,2026-04,202604242308,0.46992298070365957,3,0,0.0,11.19641356122163,0
V265_200_SIMPLE,12.0,2026-04,202604250705,0.22570943767844703,3,0,0.0,10.106550567568778,1
V265_200_SIMPLE,12.0,2026-04,202604250708,0.30729597096430084,2,0,0.0,4.786363636363636,1
V265_200_SIMPLE,12.0,2026-04,202604250903,0.3394867185737669,3,0,0.0,12.136139451790095,0
V265_200_SIMPLE,12.0,2026-04,202604251307,0.3539809564987974,2,0,0.0,14.352,0
V265_200_SIMPLE,12.0,2026-04,202604252307,0.3196985979300752,5,0,0.0,12.037949705488371,1
V265_200_SIMPLE,12.0,2026-04,202604260310,0.42483685005465044,2,0,0.0,11.167857142857143,0
V265_200_SIMPLE,12.0,2026-04,202604270602,0.21980499450211508,7,0,0.0,10.926765939317,1
V265_200_SIMPLE,12.0,2026-04,202604270606,0.2280052004132369,2,0,0.0,9.115777777777778,1
V265_200_SIMPLE,12.0,2026-04,202604271607,0.30631763632410797,2,0,0.0,11.490719696969697,0
V265_200_SIMPLE,12.0,2026-04,202604272401,0.26987393475853816,8,0,0.0,10.764656178315693,0
V265_200_SIMPLE,12.0,2026-04,202604272402,0.22640604907840084,3,0,0.0,11.071466496761175,0
V265_200_SIMPLE,12.0,2026-04,202604280603,0.39909215268378606,2,0,0.0,4.712,0
V265_200_SIMPLE,12.0,2026-04,202604280606,0.2730036580854154,3,1,97500.0,9.792724839563247,1
V265_200_SIMPLE,12.0,2026-04,202604280707,0.2225034997912249,4,1,119520.0,12.049534636316416,1
V265_200_SIMPLE,12.0,2026-04,202604281502,0.2845686068890705,3,0,0.0,12.098004325171628,0
V265_200_SIMPLE,12.0,2026-04,202604281606,0.2672803577354326,4,0,0.0,12.054413940815861,0
V265_200_SIMPLE,12.0,2026-04,202604282306,0.23848127833828556,4,0,0.0,11.284975570702619,0
V265_200_SIMPLE,12.0,2026-04,202604290306,0.4904914297261086,2,0,0.0,6.274603174603175,0
V265_200_SIMPLE,12.0,2026-04,202604291402,0.27544159808360275,3,0,0.0,7.570394379556842,0
V265_200_SIMPLE,12.0,2026-04,202604292405,0.23259493952870203,3,0,0.0,11.95050522701808,0
V265_200_SIMPLE,12.0,2026-05,202605011707,0.25369612576341816,2,0,0.0,10.46689497716895,0
V265_200_SIMPLE,12.0,2026-05,202605012009,0.23871615107478214,2,0,0.0,8.080538922155688,0
V265_200_SIMPLE,12.0,2026-05,202605020908,0.22173201624381084,2,0,0.0,9.885678391959798,0
V265_200_SIMPLE,12.0,2026-05,202605021103,0.3248638613147797,2,1,62160.0,6.268235294117647,1
V265_200_SIMPLE,12.0,2026-05,202605021104,0.25650427874813014,4,0,0.0,11.198555305222456,0
V265_200_SIMPLE,12.0,2026-05,202605022307,0.4077137324502322,2,0,0.0,3.5517857142857143,0
V265_200_SIMPLE,12.0,2026-05,202605030104,0.2848486387959809,2,0,0.0,6.849097472924187,0
V265_200_SIMPLE,12.0,2026-05,202605030105,0.29590771102602387,2,0,0.0,6.595289855072465,0
V265_200_SIMPLE,12.0,2026-05,202605030805,0.24921138985934033,2,1,95360.0,9.537439613526569,1
V265_200_SIMPLE,12.0,2026-05,202605030811,0.3032646475828403,2,0,0.0,8.817567567567567,0
V265_200_SIMPLE,12.0,2026-05,202605031208,0.2743390204147069,2,0,0.0,11.18339552238806,0
V265_200_SIMPLE,12.0,2026-05,202605032307,0.3393116345344817,2,0,0.0,7.57125748502994,1
V265_200_SIMPLE,12.0,2026-05,202605040202,0.37005426585923473,2,0,0.0,8.46798866855524,0
V265_200_SIMPLE,12.0,2026-05,202605040205,0.26415509268849907,2,0,0.0,4.373714285714286,0
V265_200_SIMPLE,12.0,2026-05,202605040403,0.31744963859818,2,0,0.0,11.167303609341825,0
V265_200_SIMPLE,12.0,2026-05,202605040701,0.3059405926953598,2,1,93100.0,9.398936170212767,1
V265_200_SIMPLE,12.0,2026-05,202605040802,0.2547348505906385,2,1,113399.99999999999,11.363924050632912,1
V265_200_SIMPLE,12.0,2026-05,202605040805,0.2463974645075978,2,0,0.0,12.370967741935484,1
V265_200_SIMPLE,12.0,2026-05,202605041410,0.26732477652442266,2,0,0.0,12.67911877394636,1
V265_200_SIMPLE,12.0,2026-05,202605041707,0.2205205851667439,9,0,0.0,12.06635331977835,0
V265_200_SIMPLE,12.0,2026-05,202605042009,0.27329339144093207,2,0,0.0,8.64406779661017,0
V265_200_SIMPLE,12.0,2026-05,202605050202,0.5095682606571269,2,0,0.0,3.988271604938272,0
V265_200_SIMPLE,12.0,2026-05,202605050203,0.3308419626092944,2,0,0.0,7.600638977635782,1
V265_200_SIMPLE,12.0,2026-05,202605050702,0.316854358276166,2,0,0.0,8.75390625,1
V265_200_SIMPLE,12.0,2026-05,202605050811,0.24550163763230726,2,0,0.0,9.711219512195123,0
V265_200_SIMPLE,12.0,2026-05,202605050904,0.26242468276522274,2,0,0.0,11.029759299781182,0
V265_200_SIMPLE,12.0,2026-05,202605051303,0.29611322444566446,2,0,0.0,7.892088607594937,0
V265_200_SIMPLE,12.0,2026-05,202605051306,0.35670431164149663,2,0,0.0,8.202216066481995,0
V265_200_SIMPLE,12.0,2026-05,202605051602,0.5336813364066944,7,0,0.0,11.937756852765082,0
V265_200_SIMPLE,12.0,2026-05,202605060505,0.2791749881535426,4,0,0.0,9.309060131968002,0
V265_200_SIMPLE,12.0,2026-05,202605061303,0.2427809315074025,2,0,0.0,6.062992125984252,0
V265_200_SIMPLE,12.0,2026-05,202605072406,0.29592050514425494,2,0,0.0,4.800000000000001,1
V265_200_SIMPLE,12.0,2026-05,202605091105,0.2509001382468485,3,0,0.0,9.9761310414672,0
V265_200_SIMPLE,12.0,2026-05,202605091805,0.5000463184916282,2,0,0.0,10.699792960662526,0
V265_200_SIMPLE,12.0,2026-05,202605101604,0.29415292874968363,5,0,0.0,11.310552688525702,0
V265_200_SIMPLE,12.0,2026-05,202605102010,0.34010365587541835,2,0,0.0,4.623404255319148,0
V265_200_SIMPLE,12.0,2026-05,202605110811,0.21689574314748103,2,0,0.0,10.499789029535865,1
V265_200_SIMPLE,12.0,2026-05,202605111110,0.26528393309691906,3,0,0.0,10.639725795870897,1
V265_200_SIMPLE,12.0,2026-05,202605111606,0.4284597217210819,2,1,56950.0,5.721153846153847,1
V265_200_SIMPLE,12.0,2026-05,202605112308,0.44504494871854333,2,1,57200.0,5.71551724137931,1
V265_200_SIMPLE,12.0,2026-05,202605130406,0.3174165195774185,2,0,0.0,10.961434977578474,1
V265_200_SIMPLE,12.0,2026-05,202605130408,0.31940916365064387,2,0,0.0,3.78125,1
V265_200_SIMPLE,12.0,2026-05,202605132202,0.22026354932340686,8,0,0.0,12.23749114251972,0
V265_200_SIMPLE,12.0,2026-05,202605141910,0.25224201522762735,4,0,0.0,11.495127868345824,0
V265_200_SIMPLE,12.0,2026-05,202605160603,0.23503654706831936,3,0,0.0,11.233487360695841,1
V265_200_SIMPLE,12.0,2026-05,202605161706,0.2192312836402403,2,0,0.0,10.002421307506054,0
V265_200_SIMPLE,12.0,2026-05,202605161910,0.23280397958639898,2,0,0.0,6.75,0
V265_200_SIMPLE,12.0,2026-05,202605162006,0.21630888285769667,18,0,0.0,12.023500854406603,0
V265_200_SIMPLE,12.0,2026-05,202605171007,0.329485763708493,2,0,0.0,7.096830985915493,0
V265_200_SIMPLE,12.0,2026-05,202605191406,0.24053285798487228,2,0,0.0,11.379310344827585,1
V265_200_SIMPLE,12.0,2026-05,202605191811,0.29324746665663237,2,0,0.0,8.498533724340177,0
V265_200_SIMPLE,12.0,2026-05,202605200506,0.2708552988816699,3,0,0.0,9.313918447924165,0
V265_200_SIMPLE,12.0,2026-05,202605201405,0.21577927767512806,19,1,118400.0,12.020197082349876,1
V265_200_SIMPLE,12.0,2026-05,202605201505,0.47976712078253414,3,0,0.0,12.643042429170787,1
V265_200_SIMPLE,12.0,2026-05,202605202002,0.32686136807213434,2,0,0.0,9.913647642679901,0
V265_200_SIMPLE,12.0,2026-05,202605211905,0.2265339154615783,2,1,100650.0,10.063829787234042,1
V265_200_SIMPLE,12.0,2026-05,202605231808,0.3289734399627961,2,0,0.0,8.795675675675675,1
V265_200_SIMPLE,12.0,2026-05,202605242305,0.3005298985163461,2,0,0.0,12.008213552361395,0
V265_200_SIMPLE,12.0,2026-05,202605242411,0.26225482542751166,3,0,0.0,11.611890746172701,1
V265_200_SIMPLE,12.0,2026-05,202605251307,0.37515011385062,2,0,0.0,4.701492537313433,0
V265_200_SIMPLE,12.0,2026-05,202605252408,0.35012877462073816,3,0,0.0,11.381637039701172,1
V265_200_SIMPLE,12.0,2026-05,202605261206,0.28142215157740985,2,1,67200.0,6.72,1
V265_200_SIMPLE,12.0,2026-05,202605270807,0.2955486052906222,3,0,0.0,12.03462861208839,1
V265_200_SIMPLE,12.0,2026-05,202605270810,0.22731607635880058,2,1,95680.0,9.58159090909091,1
V265_200_SIMPLE,12.0,2026-05,202605271204,0.2924938589673362,2,0,0.0,8.764044943820224,0
V265_200_SIMPLE,12.0,2026-05,202605280710,0.2559284787631224,2,0,0.0,13.137546468401487,0
V265_200_SIMPLE,12.0,2026-05,202605281008,0.3726255386743228,3,1,103020.0,10.418279867526808,1
V265_200_SIMPLE,12.0,2026-05,202605281810,0.25001726709641525,2,0,0.0,8.917808219178083,0
V265_200_SIMPLE,12.0,2026-05,202605291807,0.2837507938066716,2,0,0.0,6.151470588235294,0
V265_200_SIMPLE,12.0,2026-05,202605300102,0.23818816032583462,4,0,0.0,11.92593430873238,0
V265_200_SIMPLE,12.0,2026-05,202605300104,0.39892744453488055,2,0,0.0,6.913636363636364,0
V265_200_SIMPLE,12.0,2026-05,202605300507,0.26843433769637254,2,0,0.0,14.564715719063546,0
V265_200_SIMPLE,12.0,2026-05,202605301108,0.32800909822420493,2,0,0.0,6.776556776556777,1
V265_200_SIMPLE,12.0,2026-05,202605311306,0.2344319783804572,2,0,0.0,12.362874251497004,0
V265_200_SIMPLE,12.0,2026-05,202605312304,0.3194731898820189,3,0,0.0,10.442496868021134,0
V265_200_SIMPLE,12.0,2026-06,202606010506,0.4874116594790526,2,0,0.0,3.788235294117647,0
V265_200_SIMPLE,12.0,2026-06,202606010803,0.48562443006624145,3,0,0.0,13.658363686065325,0
V265_200_SIMPLE,12.0,2026-06,202606010809,0.28399941724145633,10,0,0.0,12.228713625436052,0
V265_200_SIMPLE,12.0,2026-06,202606012402,0.37251469596331754,2,0,0.0,7.068131868131867,0
V265_200_SIMPLE,12.0,2026-06,202606020906,0.33483646221742347,2,0,0.0,5.71551724137931,0
V265_200_SIMPLE,12.0,2026-06,202606021007,0.35847105302409116,2,0,0.0,13.20734908136483,1
V265_200_SIMPLE,12.0,2026-06,202606022307,0.5089191247632905,2,0,0.0,6.739436619718309,0
V265_200_SIMPLE,12.0,2026-06,202606031209,0.2631904086699185,2,0,0.0,11.478066914498143,0
V265_200_SIMPLE,12.0,2026-06,202606032109,0.26414340608184794,2,0,0.0,8.772164948453609,0
V265_200_SIMPLE,12.0,2026-06,202606040305,0.24846450388749447,2,0,0.0,8.526,1
V265_200_SIMPLE,12.0,2026-06,202606040506,0.5122309815958501,2,1,50960.00000000001,5.092156862745099,1
V265_200_SIMPLE,12.0,2026-06,202606040907,0.26388058213119014,3,0,0.0,12.804543085313156,0
V265_200_SIMPLE,12.0,2026-06,202606041307,0.2310532004830298,3,0,0.0,10.462057539116504,1
V265_200_SIMPLE,12.0,2026-06,202606050305,0.4263844236992139,3,0,0.0,11.34463549869474,0
V265_200_SIMPLE,12.0,2026-06,202606060702,0.3846259980882322,3,0,0.0,8.3017138063279,1
V265_200_SIMPLE,12.0,2026-06,202606060703,0.21484485205182127,2,0,0.0,9.572727272727272,0
V265_200_SIMPLE,12.0,2026-06,202606060802,0.3826462375307938,6,0,0.0,12.784687036790961,0
V265_200_SIMPLE,12.0,2026-06,202606061506,0.30535627078665023,2,0,0.0,8.863259668508288,0
V265_200_SIMPLE,12.0,2026-06,202606071005,0.3641282779004985,2,0,0.0,4.4224719101123595,0
V265_200_SIMPLE,12.0,2026-06,202606072408,0.22617438056040948,2,0,0.0,7.715076923076923,0
V265_200_SIMPLE,12.0,2026-06,202606080510,0.35382653837179096,2,0,0.0,8.84047619047619,0
V265_200_SIMPLE,12.0,2026-06,202606080910,0.5185593648433418,2,0,0.0,8.3,1
V265_200_SIMPLE,12.0,2026-06,202606100903,0.2315566899682805,3,0,0.0,10.074807707987933,1
V265_200_SIMPLE,12.0,2026-06,202606121108,0.31756191504644493,2,0,0.0,7.666478873239437,0
V265_200_SIMPLE,12.0,2026-06,202606121901,0.34941456569383994,2,0,0.0,11.727272727272727,0
V265_200_SIMPLE,12.0,2026-06,202606122306,0.27072389589314944,3,0,0.0,12.608492591797292,1
V265_200_SIMPLE,12.0,2026-06,202606130609,0.3742093257915785,2,0,0.0,9.481558441558441,0
V265_200_SIMPLE,12.0,2026-06,202606130702,0.3088432340760663,4,0,0.0,12.228582211794254,1
V265_200_SIMPLE,12.0,2026-06,202606132204,0.32354833482458234,3,0,0.0,12.772519329896907,1
V265_200_SIMPLE,12.0,2026-06,202606141005,0.2638742457112587,3,0,0.0,11.856726849155505,0
V265_200_SIMPLE,12.0,2026-06,202606150310,0.5308857446143207,2,0,0.0,9.859756097560977,0
V265_200_SIMPLE,12.0,2026-06,202606151208,0.3020621145558779,2,0,0.0,6.481159420289856,0
V265_200_SIMPLE,12.0,2026-06,202606180205,0.3726811362051988,2,0,0.0,4.699530516431925,0
V265_200_SIMPLE,12.0,2026-06,202606190903,0.2751295789667688,2,0,0.0,11.726513569937369,0
V265_200_SIMPLE,12.0,2026-06,202606192007,0.21729496019854358,2,1,106260.00000000001,10.631434599156119,1
V265_200_SIMPLE,12.0,2026-06,202606192107,0.34260518286528036,3,0,0.0,12.620396600566572,0
V265_200_SIMPLE,12.0,2026-06,202606200903,0.30523867147278194,5,0,0.0,10.760744603129428,0
V265_200_SIMPLE,12.0,2026-06,202606201709,0.38372815591196674,2,0,0.0,11.668522483940043,1
V265_200_SIMPLE,12.0,2026-06,202606202108,0.2382506147622632,2,0,0.0,6.161389961389962,0
V265_200_SIMPLE,12.0,2026-06,202606210608,0.23286555834620887,2,0,0.0,8.346518105849583,0
V265_200_SIMPLE,12.0,2026-06,202606210906,0.3041124097507549,2,1,49680.0,4.964634146341463,1
V265_200_SIMPLE,12.0,2026-06,202606222204,0.2856382398845336,6,0,0.0,12.0104120055408,0
V265_200_SIMPLE,12.0,2026-06,202606232303,0.2512676777790965,7,0,0.0,11.889356643219859,0
V265_200_SIMPLE,12.0,2026-06,202606240605,0.2705017825228434,2,1,112640.00000000001,11.200000000000001,1
V265_200_SIMPLE,12.0,2026-06,202606241207,0.48921552548638136,2,0,0.0,12.55538160469667,1
V265_200_SIMPLE,12.0,2026-06,202606241210,0.31085610669553543,2,0,0.0,8.1865889212828,0
V265_200_SIMPLE,12.0,2026-06,202606252106,0.21462238645476162,2,0,0.0,8.0,1
V265_200_SIMPLE,12.0,2026-06,202606260304,0.3717601270574377,2,0,0.0,12.496237623762376,0
V265_200_SIMPLE,12.0,2026-06,202606260410,0.37058461627968386,4,0,0.0,9.602470299015934,0
V265_200_SIMPLE,12.0,2026-06,202606260705,0.676686004197826,2,0,0.0,5.211428571428571,1
V265_200_SIMPLE,12.0,2026-06,202606261709,0.29162638608569125,2,0,0.0,12.3,0
V265_200_SIMPLE,12.0,2026-06,202606280204,0.27826311680280424,4,0,0.0,11.55997869030422,0
V265_200_SIMPLE,12.0,2026-06,202606280205,0.2763410497280871,2,0,0.0,4.680851063829787,0
V265_200_SIMPLE,12.0,2026-06,202606280508,0.341726364958361,2,0,0.0,10.065777777777779,0
V265_200_SIMPLE,12.0,2026-06,202606281008,0.29171165306468727,2,0,0.0,9.617158671586715,0
V265_200_SIMPLE,12.0,2026-06,202606290310,0.246574449172836,14,0,0.0,11.908302549983663,1
V265_200_SIMPLE,12.0,2026-06,202606290806,0.2340736233363151,2,0,0.0,10.50532212885154,1
V265_200_SIMPLE,12.0,2026-06,202606292011,0.2816613209111828,2,0,0.0,10.499787685774947,0
V265_200_SIMPLE,12.0,2026-06,202606302304,0.29714698406663553,2,0,0.0,5.979583333333333,0
V265_200_SIMPLE,12.5,2026-04,202604010110,0.26692108921111923,5,0,0.0,10.610995837755981,0
V265_200_SIMPLE,12.5,2026-04,202604010206,0.32506308030228426,2,0,0.0,7.370847457627118,0
V265_200_SIMPLE,12.5,2026-04,202604010603,0.27218598988185544,2,0,0.0,13.618709677419355,1
V265_200_SIMPLE,12.5,2026-04,202604010804,0.3599868811087728,2,0,0.0,7.793823529411765,1
V265_200_SIMPLE,12.5,2026-04,202604020108,0.44510048394359497,2,0,0.0,6.069958847736625,0
V265_200_SIMPLE,12.5,2026-04,202604022209,0.3219681126083509,2,0,0.0,7.392739273927393,0
V265_200_SIMPLE,12.5,2026-04,202604030402,0.42976881767895014,2,0,0.0,7.531353135313531,0
V265_200_SIMPLE,12.5,2026-04,202604031806,0.3382646415180911,2,0,0.0,6.532584269662922,0
V265_200_SIMPLE,12.5,2026-04,202604042202,0.6133690027661685,2,0,0.0,6.39375,0
V265_200_SIMPLE,12.5,2026-04,202604050401,0.27476840588122226,2,0,0.0,10.157248157248157,0
V265_200_SIMPLE,12.5,2026-04,202604052207,0.27607155480800594,2,0,0.0,10.804597701149426,0
V265_200_SIMPLE,12.5,2026-04,202604070808,0.3852076724370691,2,0,0.0,5.27688679245283,0
V265_200_SIMPLE,12.5,2026-04,202604071007,0.24786942974671006,3,0,0.0,13.821727614918823,0
V265_200_SIMPLE,12.5,2026-04,202604072403,0.4315065983482036,2,0,0.0,14.648464163822526,0
V265_200_SIMPLE,12.5,2026-04,202604082303,0.2534301642972762,2,0,0.0,9.145161290322582,1
V265_200_SIMPLE,12.5,2026-04,202604082306,0.2872667268675872,2,1,54500.0,5.399537037037037,1
V265_200_SIMPLE,12.5,2026-04,202604090703,0.3479452866830688,2,0,0.0,7.899683544303797,1
V265_200_SIMPLE,12.5,2026-04,202604100708,0.2241821185947817,2,0,0.0,8.344213649851632,0
V265_200_SIMPLE,12.5,2026-04,202604110709,0.22434265544748633,5,0,0.0,11.608789292033787,0
V265_200_SIMPLE,12.5,2026-04,202604120406,0.2193943856867922,8,0,0.0,12.729451329383867,0
V265_200_SIMPLE,12.5,2026-04,202604121607,0.2514829204444463,2,0,0.0,12.857142857142858,0
V265_200_SIMPLE,12.5,2026-04,202604131606,0.22325835959277285,3,0,0.0,14.523254768835084,0
V265_200_SIMPLE,12.5,2026-04,202604140205,0.2832459356528888,2,0,0.0,10.565726681127982,0
V265_200_SIMPLE,12.5,2026-04,202604140304,0.2971526037834577,2,0,0.0,4.544623655913979,0
V265_200_SIMPLE,12.5,2026-04,202604150307,0.5397664290042222,2,0,0.0,11.3216796875,0
V265_200_SIMPLE,12.5,2026-04,202604160906,0.27689562495823816,2,0,0.0,12.47098976109215,1
V265_200_SIMPLE,12.5,2026-04,202604170305,0.2793639061501201,2,0,0.0,5.5560538116591935,0
V265_200_SIMPLE,12.5,2026-04,202604172301,0.22015940569756332,2,0,0.0,10.75665137614679,0
V265_200_SIMPLE,12.5,2026-04,202604180305,0.2685164673833457,3,0,0.0,11.166697674418606,1
V265_200_SIMPLE,12.5,2026-04,202604181508,0.2202870593503462,2,0,0.0,6.091463414634146,0
V265_200_SIMPLE,12.5,2026-04,202604190501,0.29247806598924597,4,0,0.0,14.674641461712374,0
V265_200_SIMPLE,12.5,2026-04,202604190703,0.3237644573631327,2,0,0.0,6.153024911032029,0
V265_200_SIMPLE,12.5,2026-04,202604191506,0.3212907504703223,2,0,0.0,4.394886363636363,0
V265_200_SIMPLE,12.5,2026-04,202604210702,0.2614453126625632,2,0,0.0,12.796545105566217,0
V265_200_SIMPLE,12.5,2026-04,202604211109,0.28809562658895266,2,0,0.0,8.955675675675677,0
V265_200_SIMPLE,12.5,2026-04,202604220502,0.2587688323254733,2,0,0.0,5.148058252427185,0
V265_200_SIMPLE,12.5,2026-04,202604221103,0.37209843736368675,2,0,0.0,11.13095238095238,1
V265_200_SIMPLE,12.5,2026-04,202604230507,0.29300611673783933,2,1,94320.0,9.416625916870416,1
V265_200_SIMPLE,12.5,2026-04,202604231603,0.26890181025219295,3,0,0.0,12.320709126163944,0
V265_200_SIMPLE,12.5,2026-04,202604240706,0.36771560442465623,2,0,0.0,4.871794871794871,0
V265_200_SIMPLE,12.5,2026-04,202604240709,0.23491162846528998,2,0,0.0,9.289340101522843,0
V265_200_SIMPLE,12.5,2026-04,202604242010,0.267016693594845,3,0,0.0,14.88354600402955,1
V265_200_SIMPLE,12.5,2026-04,202604242307,0.28282218534787584,5,0,0.0,12.255347809019508,0
V265_200_SIMPLE,12.5,2026-04,202604242308,0.46992298070365957,3,0,0.0,11.19641356122163,0
V265_200_SIMPLE,12.5,2026-04,202604250705,0.22570943767844703,3,0,0.0,10.106550567568778,1
V265_200_SIMPLE,12.5,2026-04,202604250708,0.30729597096430084,2,0,0.0,4.786363636363636,1
V265_200_SIMPLE,12.5,2026-04,202604250903,0.3394867185737669,3,0,0.0,12.136139451790095,0
V265_200_SIMPLE,12.5,2026-04,202604251307,0.3539809564987974,2,0,0.0,14.352,0
V265_200_SIMPLE,12.5,2026-04,202604252307,0.3196985979300752,5,0,0.0,12.037949705488371,1
V265_200_SIMPLE,12.5,2026-04,202604260310,0.42483685005465044,2,0,0.0,11.167857142857143,0
V265_200_SIMPLE,12.5,2026-04,202604270602,0.21980499450211508,7,0,0.0,10.926765939317,1
V265_200_SIMPLE,12.5,2026-04,202604270606,0.2280052004132369,2,0,0.0,9.115777777777778,1
V265_200_SIMPLE,12.5,2026-04,202604271607,0.30631763632410797,2,0,0.0,11.490719696969697,0
V265_200_SIMPLE,12.5,2026-04,202604272401,0.26987393475853816,7,0,0.0,13.349175728298638,0
V265_200_SIMPLE,12.5,2026-04,202604272402,0.22640604907840084,3,0,0.0,11.071466496761175,0
V265_200_SIMPLE,12.5,2026-04,202604280603,0.39909215268378606,2,0,0.0,4.712,0
V265_200_SIMPLE,12.5,2026-04,202604280606,0.2730036580854154,3,1,97500.0,9.792724839563247,1
V265_200_SIMPLE,12.5,2026-04,202604280707,0.2225034997912249,4,1,119520.0,12.049534636316416,1
V265_200_SIMPLE,12.5,2026-04,202604281502,0.2845686068890705,3,0,0.0,12.098004325171628,0
V265_200_SIMPLE,12.5,2026-04,202604281606,0.2672803577354326,4,0,0.0,12.054413940815861,0
V265_200_SIMPLE,12.5,2026-04,202604282306,0.23848127833828556,4,0,0.0,11.284975570702619,0
V265_200_SIMPLE,12.5,2026-04,202604290306,0.4904914297261086,2,0,0.0,6.274603174603175,0
V265_200_SIMPLE,12.5,2026-04,202604291402,0.27544159808360275,2,0,0.0,16.920240782543264,0
V265_200_SIMPLE,12.5,2026-04,202604292405,0.23259493952870203,3,0,0.0,11.95050522701808,0
V265_200_SIMPLE,12.5,2026-05,202605011707,0.25369612576341816,2,0,0.0,10.46689497716895,0
V265_200_SIMPLE,12.5,2026-05,202605012009,0.23871615107478214,2,0,0.0,8.080538922155688,0
V265_200_SIMPLE,12.5,2026-05,202605020908,0.22173201624381084,2,0,0.0,9.885678391959798,0
V265_200_SIMPLE,12.5,2026-05,202605021103,0.3248638613147797,2,1,62160.0,6.268235294117647,1
V265_200_SIMPLE,12.5,2026-05,202605021104,0.25650427874813014,4,0,0.0,11.198555305222456,0
V265_200_SIMPLE,12.5,2026-05,202605022307,0.4077137324502322,2,0,0.0,3.5517857142857143,0
V265_200_SIMPLE,12.5,2026-05,202605030104,0.2848486387959809,2,0,0.0,6.849097472924187,0
V265_200_SIMPLE,12.5,2026-05,202605030105,0.29590771102602387,2,0,0.0,6.595289855072465,0
V265_200_SIMPLE,12.5,2026-05,202605030805,0.24921138985934033,2,1,95360.0,9.537439613526569,1
V265_200_SIMPLE,12.5,2026-05,202605030811,0.3032646475828403,2,0,0.0,8.817567567567567,0
V265_200_SIMPLE,12.5,2026-05,202605031208,0.2743390204147069,2,0,0.0,11.18339552238806,0
V265_200_SIMPLE,12.5,2026-05,202605032307,0.3393116345344817,2,0,0.0,7.57125748502994,1
V265_200_SIMPLE,12.5,2026-05,202605040202,0.37005426585923473,2,0,0.0,8.46798866855524,0
V265_200_SIMPLE,12.5,2026-05,202605040205,0.26415509268849907,2,0,0.0,4.373714285714286,0
V265_200_SIMPLE,12.5,2026-05,202605040403,0.31744963859818,2,0,0.0,11.167303609341825,0
V265_200_SIMPLE,12.5,2026-05,202605040701,0.3059405926953598,2,1,93100.0,9.398936170212767,1
V265_200_SIMPLE,12.5,2026-05,202605040802,0.2547348505906385,2,1,113399.99999999999,11.363924050632912,1
V265_200_SIMPLE,12.5,2026-05,202605040805,0.2463974645075978,2,0,0.0,12.370967741935484,1
V265_200_SIMPLE,12.5,2026-05,202605041410,0.26732477652442266,2,0,0.0,12.67911877394636,1
V265_200_SIMPLE,12.5,2026-05,202605041707,0.2205205851667439,8,0,0.0,12.608949763567738,0
V265_200_SIMPLE,12.5,2026-05,202605042009,0.27329339144093207,2,0,0.0,8.64406779661017,0
V265_200_SIMPLE,12.5,2026-05,202605050202,0.5095682606571269,2,0,0.0,3.988271604938272,0
V265_200_SIMPLE,12.5,2026-05,202605050203,0.3308419626092944,2,0,0.0,7.600638977635782,1
V265_200_SIMPLE,12.5,2026-05,202605050702,0.316854358276166,2,0,0.0,8.75390625,1
V265_200_SIMPLE,12.5,2026-05,202605050811,0.24550163763230726,2,0,0.0,9.711219512195123,0
V265_200_SIMPLE,12.5,2026-05,202605050904,0.26242468276522274,2,0,0.0,11.029759299781182,0
V265_200_SIMPLE,12.5,2026-05,202605051303,0.29611322444566446,2,0,0.0,7.892088607594937,0
V265_200_SIMPLE,12.5,2026-05,202605051306,0.35670431164149663,2,0,0.0,8.202216066481995,0
V265_200_SIMPLE,12.5,2026-05,202605051602,0.5336813364066944,6,0,0.0,13.042809271192986,0
V265_200_SIMPLE,12.5,2026-05,202605060505,0.2791749881535426,4,0,0.0,9.309060131968002,0
V265_200_SIMPLE,12.5,2026-05,202605061303,0.2427809315074025,2,0,0.0,6.062992125984252,0
V265_200_SIMPLE,12.5,2026-05,202605072406,0.29592050514425494,2,0,0.0,4.800000000000001,1
V265_200_SIMPLE,12.5,2026-05,202605091105,0.2509001382468485,2,0,0.0,14.41440129449838,0
V265_200_SIMPLE,12.5,2026-05,202605091805,0.5000463184916282,2,0,0.0,10.699792960662526,0
V265_200_SIMPLE,12.5,2026-05,202605101604,0.29415292874968363,5,0,0.0,11.310552688525702,0
V265_200_SIMPLE,12.5,2026-05,202605102010,0.34010365587541835,2,0,0.0,4.623404255319148,0
V265_200_SIMPLE,12.5,2026-05,202605110811,0.21689574314748103,2,0,0.0,10.499789029535865,1
V265_200_SIMPLE,12.5,2026-05,202605111110,0.26528393309691906,2,0,0.0,13.501277372262773,1
V265_200_SIMPLE,12.5,2026-05,202605111606,0.4284597217210819,2,1,56950.0,5.721153846153847,1
V265_200_SIMPLE,12.5,2026-05,202605112308,0.44504494871854333,2,1,57200.0,5.71551724137931,1
V265_200_SIMPLE,12.5,2026-05,202605130406,0.3174165195774185,2,0,0.0,10.961434977578474,1
V265_200_SIMPLE,12.5,2026-05,202605130408,0.31940916365064387,2,0,0.0,3.78125,1
V265_200_SIMPLE,12.5,2026-05,202605132202,0.22026354932340686,8,0,0.0,12.23749114251972,0
V265_200_SIMPLE,12.5,2026-05,202605141910,0.25224201522762735,3,0,0.0,12.731161007667032,0
V265_200_SIMPLE,12.5,2026-05,202605160603,0.23503654706831936,3,0,0.0,11.233487360695841,1
V265_200_SIMPLE,12.5,2026-05,202605161706,0.2192312836402403,2,0,0.0,10.002421307506054,0
V265_200_SIMPLE,12.5,2026-05,202605161910,0.23280397958639898,2,0,0.0,6.75,0
V265_200_SIMPLE,12.5,2026-05,202605162006,0.21630888285769667,17,0,0.0,12.513091367753335,0
V265_200_SIMPLE,12.5,2026-05,202605171007,0.329485763708493,2,0,0.0,7.096830985915493,0
V265_200_SIMPLE,12.5,2026-05,202605191406,0.24053285798487228,2,0,0.0,11.379310344827585,1
V265_200_SIMPLE,12.5,2026-05,202605191811,0.29324746665663237,2,0,0.0,8.498533724340177,0
V265_200_SIMPLE,12.5,2026-05,202605200506,0.2708552988816699,3,0,0.0,9.313918447924165,0
V265_200_SIMPLE,12.5,2026-05,202605201405,0.21577927767512806,17,1,125800.0,12.441169034894832,1
V265_200_SIMPLE,12.5,2026-05,202605201505,0.47976712078253414,3,0,0.0,12.643042429170787,1
V265_200_SIMPLE,12.5,2026-05,202605202002,0.32686136807213434,2,0,0.0,9.913647642679901,0
V265_200_SIMPLE,12.5,2026-05,202605211905,0.2265339154615783,2,1,100650.0,10.063829787234042,1
V265_200_SIMPLE,12.5,2026-05,202605231808,0.3289734399627961,2,0,0.0,8.795675675675675,1
V265_200_SIMPLE,12.5,2026-05,202605242305,0.3005298985163461,2,0,0.0,12.008213552361395,0
V265_200_SIMPLE,12.5,2026-05,202605242411,0.26225482542751166,3,0,0.0,11.611890746172701,1
V265_200_SIMPLE,12.5,2026-05,202605251307,0.37515011385062,2,0,0.0,4.701492537313433,0
V265_200_SIMPLE,12.5,2026-05,202605252408,0.35012877462073816,2,0,0.0,12.722393162393162,1
V265_200_SIMPLE,12.5,2026-05,202605261206,0.28142215157740985,2,1,67200.0,6.72,1
V265_200_SIMPLE,12.5,2026-05,202605270807,0.2955486052906222,3,0,0.0,12.03462861208839,1
V265_200_SIMPLE,12.5,2026-05,202605270810,0.22731607635880058,2,1,95680.0,9.58159090909091,1
V265_200_SIMPLE,12.5,2026-05,202605271204,0.2924938589673362,2,0,0.0,8.764044943820224,0
V265_200_SIMPLE,12.5,2026-05,202605280710,0.2559284787631224,2,0,0.0,13.137546468401487,0
V265_200_SIMPLE,12.5,2026-05,202605281008,0.3726255386743228,3,1,103020.0,10.418279867526808,1
V265_200_SIMPLE,12.5,2026-05,202605281810,0.25001726709641525,2,0,0.0,8.917808219178083,0
V265_200_SIMPLE,12.5,2026-05,202605291807,0.2837507938066716,2,0,0.0,6.151470588235294,0
V265_200_SIMPLE,12.5,2026-05,202605300102,0.23818816032583462,4,0,0.0,11.92593430873238,0
V265_200_SIMPLE,12.5,2026-05,202605300104,0.39892744453488055,2,0,0.0,6.913636363636364,0
V265_200_SIMPLE,12.5,2026-05,202605300507,0.26843433769637254,2,0,0.0,14.564715719063546,0
V265_200_SIMPLE,12.5,2026-05,202605301108,0.32800909822420493,2,0,0.0,6.776556776556777,1
V265_200_SIMPLE,12.5,2026-05,202605311306,0.2344319783804572,2,0,0.0,12.362874251497004,0
V265_200_SIMPLE,12.5,2026-05,202605312304,0.3194731898820189,3,0,0.0,10.442496868021134,0
V265_200_SIMPLE,12.5,2026-06,202606010506,0.4874116594790526,2,0,0.0,3.788235294117647,0
V265_200_SIMPLE,12.5,2026-06,202606010803,0.48562443006624145,3,0,0.0,13.658363686065325,0
V265_200_SIMPLE,12.5,2026-06,202606010809,0.28399941724145633,10,0,0.0,12.228713625436052,0
V265_200_SIMPLE,12.5,2026-06,202606012402,0.37251469596331754,2,0,0.0,7.068131868131867,0
V265_200_SIMPLE,12.5,2026-06,202606020906,0.33483646221742347,2,0,0.0,5.71551724137931,0
V265_200_SIMPLE,12.5,2026-06,202606021007,0.35847105302409116,2,0,0.0,13.20734908136483,1
V265_200_SIMPLE,12.5,2026-06,202606022307,0.5089191247632905,2,0,0.0,6.739436619718309,0
V265_200_SIMPLE,12.5,2026-06,202606031209,0.2631904086699185,2,0,0.0,11.478066914498143,0
V265_200_SIMPLE,12.5,2026-06,202606032109,0.26414340608184794,2,0,0.0,8.772164948453609,0
V265_200_SIMPLE,12.5,2026-06,202606040305,0.24846450388749447,2,0,0.0,8.526,1
V265_200_SIMPLE,12.5,2026-06,202606040506,0.5122309815958501,2,1,50960.00000000001,5.092156862745099,1
V265_200_SIMPLE,12.5,2026-06,202606040907,0.26388058213119014,3,0,0.0,12.804543085313156,0
V265_200_SIMPLE,12.5,2026-06,202606041307,0.2310532004830298,2,0,0.0,13.8572695035461,1
V265_200_SIMPLE,12.5,2026-06,202606050305,0.4263844236992139,3,0,0.0,11.34463549869474,0
V265_200_SIMPLE,12.5,2026-06,202606060702,0.3846259980882322,3,0,0.0,8.3017138063279,1
V265_200_SIMPLE,12.5,2026-06,202606060703,0.21484485205182127,2,0,0.0,9.572727272727272,0
V265_200_SIMPLE,12.5,2026-06,202606060802,0.3826462375307938,6,0,0.0,12.784687036790961,0
V265_200_SIMPLE,12.5,2026-06,202606061506,0.30535627078665023,2,0,0.0,8.863259668508288,0
V265_200_SIMPLE,12.5,2026-06,202606071005,0.3641282779004985,2,0,0.0,4.4224719101123595,0
V265_200_SIMPLE,12.5,2026-06,202606072408,0.22617438056040948,2,0,0.0,7.715076923076923,0
V265_200_SIMPLE,12.5,2026-06,202606080510,0.35382653837179096,2,0,0.0,8.84047619047619,0
V265_200_SIMPLE,12.5,2026-06,202606080910,0.5185593648433418,2,0,0.0,8.3,1
V265_200_SIMPLE,12.5,2026-06,202606100903,0.2315566899682805,3,0,0.0,10.074807707987933,1
V265_200_SIMPLE,12.5,2026-06,202606121108,0.31756191504644493,2,0,0.0,7.666478873239437,0
V265_200_SIMPLE,12.5,2026-06,202606121901,0.34941456569383994,2,0,0.0,11.727272727272727,0
V265_200_SIMPLE,12.5,2026-06,202606122306,0.27072389589314944,3,0,0.0,12.608492591797292,1
V265_200_SIMPLE,12.5,2026-06,202606130609,0.3742093257915785,2,0,0.0,9.481558441558441,0
V265_200_SIMPLE,12.5,2026-06,202606130702,0.3088432340760663,4,0,0.0,12.228582211794254,1
V265_200_SIMPLE,12.5,2026-06,202606132204,0.32354833482458234,3,0,0.0,12.772519329896907,1
V265_200_SIMPLE,12.5,2026-06,202606141005,0.2638742457112587,3,0,0.0,11.856726849155505,0
V265_200_SIMPLE,12.5,2026-06,202606150310,0.5308857446143207,2,0,0.0,9.859756097560977,0
V265_200_SIMPLE,12.5,2026-06,202606151208,0.3020621145558779,2,0,0.0,6.481159420289856,0
V265_200_SIMPLE,12.5,2026-06,202606180205,0.3726811362051988,2,0,0.0,4.699530516431925,0
V265_200_SIMPLE,12.5,2026-06,202606190903,0.2751295789667688,2,0,0.0,11.726513569937369,0
V265_200_SIMPLE,12.5,2026-06,202606192007,0.21729496019854358,2,1,106260.00000000001,10.631434599156119,1
V265_200_SIMPLE,12.5,2026-06,202606192107,0.34260518286528036,3,0,0.0,12.620396600566572,0
V265_200_SIMPLE,12.5,2026-06,202606200903,0.30523867147278194,4,0,0.0,13.947205722080998,0
V265_200_SIMPLE,12.5,2026-06,202606201709,0.38372815591196674,2,0,0.0,11.668522483940043,1
V265_200_SIMPLE,12.5,2026-06,202606202108,0.2382506147622632,2,0,0.0,6.161389961389962,0
V265_200_SIMPLE,12.5,2026-06,202606210608,0.23286555834620887,2,0,0.0,8.346518105849583,0
V265_200_SIMPLE,12.5,2026-06,202606210906,0.3041124097507549,2,1,49680.0,4.964634146341463,1
V265_200_SIMPLE,12.5,2026-06,202606222204,0.2856382398845336,5,0,0.0,12.45980351834379,0
V265_200_SIMPLE,12.5,2026-06,202606232303,0.2512676777790965,7,0,0.0,11.889356643219859,0
V265_200_SIMPLE,12.5,2026-06,202606240605,0.2705017825228434,2,1,112640.00000000001,11.200000000000001,1
V265_200_SIMPLE,12.5,2026-06,202606241207,0.48921552548638136,2,0,0.0,12.55538160469667,1
V265_200_SIMPLE,12.5,2026-06,202606241210,0.31085610669553543,2,0,0.0,8.1865889212828,0
V265_200_SIMPLE,12.5,2026-06,202606252106,0.21462238645476162,2,0,0.0,8.0,1
V265_200_SIMPLE,12.5,2026-06,202606260304,0.3717601270574377,2,0,0.0,12.496237623762376,0
V265_200_SIMPLE,12.5,2026-06,202606260410,0.37058461627968386,3,0,0.0,15.260225648154249,0
V265_200_SIMPLE,12.5,2026-06,202606260705,0.676686004197826,2,0,0.0,5.211428571428571,1
V265_200_SIMPLE,12.5,2026-06,202606261709,0.29162638608569125,2,0,0.0,12.3,0
V265_200_SIMPLE,12.5,2026-06,202606280204,0.27826311680280424,3,0,0.0,13.350346712384738,0
V265_200_SIMPLE,12.5,2026-06,202606280205,0.2763410497280871,2,0,0.0,4.680851063829787,0
V265_200_SIMPLE,12.5,2026-06,202606280508,0.341726364958361,2,0,0.0,10.065777777777779,0
V265_200_SIMPLE,12.5,2026-06,202606281008,0.29171165306468727,2,0,0.0,9.617158671586715,0
V265_200_SIMPLE,12.5,2026-06,202606290310,0.246574449172836,13,0,0.0,12.474645887506886,1
V265_200_SIMPLE,12.5,2026-06,202606290806,0.2340736233363151,2,0,0.0,10.50532212885154,1
V265_200_SIMPLE,12.5,2026-06,202606292011,0.2816613209111828,2,0,0.0,10.499787685774947,0
V265_200_SIMPLE,12.5,2026-06,202606302304,0.29714698406663553,2,0,0.0,5.979583333333333,0
V265_200_SIMPLE,13.0,2026-04,202604010110,0.26692108921111923,5,0,0.0,10.610995837755981,0
V265_200_SIMPLE,13.0,2026-04,202604010206,0.32506308030228426,2,0,0.0,7.370847457627118,0
V265_200_SIMPLE,13.0,2026-04,202604010603,0.27218598988185544,2,0,0.0,13.618709677419355,1
V265_200_SIMPLE,13.0,2026-04,202604010804,0.3599868811087728,2,0,0.0,7.793823529411765,1
V265_200_SIMPLE,13.0,2026-04,202604020108,0.44510048394359497,2,0,0.0,6.069958847736625,0
V265_200_SIMPLE,13.0,2026-04,202604022209,0.3219681126083509,2,0,0.0,7.392739273927393,0
V265_200_SIMPLE,13.0,2026-04,202604030402,0.42976881767895014,2,0,0.0,7.531353135313531,0
V265_200_SIMPLE,13.0,2026-04,202604031806,0.3382646415180911,2,0,0.0,6.532584269662922,0
V265_200_SIMPLE,13.0,2026-04,202604042202,0.6133690027661685,2,0,0.0,6.39375,0
V265_200_SIMPLE,13.0,2026-04,202604050401,0.27476840588122226,2,0,0.0,10.157248157248157,0
V265_200_SIMPLE,13.0,2026-04,202604052207,0.27607155480800594,2,0,0.0,10.804597701149426,0
V265_200_SIMPLE,13.0,2026-04,202604070808,0.3852076724370691,2,0,0.0,5.27688679245283,0
V265_200_SIMPLE,13.0,2026-04,202604071007,0.24786942974671006,3,0,0.0,13.821727614918823,0
V265_200_SIMPLE,13.0,2026-04,202604072403,0.4315065983482036,2,0,0.0,14.648464163822526,0
V265_200_SIMPLE,13.0,2026-04,202604082303,0.2534301642972762,2,0,0.0,9.145161290322582,1
V265_200_SIMPLE,13.0,2026-04,202604082306,0.2872667268675872,2,1,54500.0,5.399537037037037,1
V265_200_SIMPLE,13.0,2026-04,202604090703,0.3479452866830688,2,0,0.0,7.899683544303797,1
V265_200_SIMPLE,13.0,2026-04,202604100708,0.2241821185947817,2,0,0.0,8.344213649851632,0
V265_200_SIMPLE,13.0,2026-04,202604110709,0.22434265544748633,4,0,0.0,13.688762599435941,0
V265_200_SIMPLE,13.0,2026-04,202604120406,0.2193943856867922,7,0,0.0,13.019080393026593,0
V265_200_SIMPLE,13.0,2026-04,202604121607,0.2514829204444463,2,0,0.0,12.857142857142858,0
V265_200_SIMPLE,13.0,2026-04,202604131606,0.22325835959277285,3,0,0.0,14.523254768835084,0
V265_200_SIMPLE,13.0,2026-04,202604140205,0.2832459356528888,2,0,0.0,10.565726681127982,0
V265_200_SIMPLE,13.0,2026-04,202604140304,0.2971526037834577,2,0,0.0,4.544623655913979,0
V265_200_SIMPLE,13.0,2026-04,202604150307,0.5397664290042222,2,0,0.0,11.3216796875,0
V265_200_SIMPLE,13.0,2026-04,202604160906,0.27689562495823816,2,0,0.0,12.47098976109215,1
V265_200_SIMPLE,13.0,2026-04,202604170305,0.2793639061501201,2,0,0.0,5.5560538116591935,0
V265_200_SIMPLE,13.0,2026-04,202604172301,0.22015940569756332,2,0,0.0,10.75665137614679,0
V265_200_SIMPLE,13.0,2026-04,202604180305,0.2685164673833457,2,0,0.0,14.497826086956524,1
V265_200_SIMPLE,13.0,2026-04,202604181508,0.2202870593503462,2,0,0.0,6.091463414634146,0
V265_200_SIMPLE,13.0,2026-04,202604190501,0.29247806598924597,4,0,0.0,14.674641461712374,0
V265_200_SIMPLE,13.0,2026-04,202604190703,0.3237644573631327,2,0,0.0,6.153024911032029,0
V265_200_SIMPLE,13.0,2026-04,202604191506,0.3212907504703223,2,0,0.0,4.394886363636363,0
V265_200_SIMPLE,13.0,2026-04,202604210702,0.2614453126625632,2,0,0.0,12.796545105566217,0
V265_200_SIMPLE,13.0,2026-04,202604211109,0.28809562658895266,2,0,0.0,8.955675675675677,0
V265_200_SIMPLE,13.0,2026-04,202604220502,0.2587688323254733,2,0,0.0,5.148058252427185,0
V265_200_SIMPLE,13.0,2026-04,202604221103,0.37209843736368675,2,0,0.0,11.13095238095238,1
V265_200_SIMPLE,13.0,2026-04,202604230507,0.29300611673783933,2,1,94320.0,9.416625916870416,1
V265_200_SIMPLE,13.0,2026-04,202604231603,0.26890181025219295,3,0,0.0,12.320709126163944,0
V265_200_SIMPLE,13.0,2026-04,202604240706,0.36771560442465623,2,0,0.0,4.871794871794871,0
V265_200_SIMPLE,13.0,2026-04,202604240709,0.23491162846528998,2,0,0.0,9.289340101522843,0
V265_200_SIMPLE,13.0,2026-04,202604242010,0.267016693594845,3,0,0.0,14.88354600402955,1
V265_200_SIMPLE,13.0,2026-04,202604242307,0.28282218534787584,5,0,0.0,12.255347809019508,0
V265_200_SIMPLE,13.0,2026-04,202604242308,0.46992298070365957,3,0,0.0,11.19641356122163,0
V265_200_SIMPLE,13.0,2026-04,202604250705,0.22570943767844703,2,0,0.0,15.720789074355084,1
V265_200_SIMPLE,13.0,2026-04,202604250708,0.30729597096430084,2,0,0.0,4.786363636363636,1
V265_200_SIMPLE,13.0,2026-04,202604250903,0.3394867185737669,3,0,0.0,12.136139451790095,0
V265_200_SIMPLE,13.0,2026-04,202604251307,0.3539809564987974,2,0,0.0,14.352,0
V265_200_SIMPLE,13.0,2026-04,202604252307,0.3196985979300752,4,0,0.0,12.999786032742618,1
V265_200_SIMPLE,13.0,2026-04,202604260310,0.42483685005465044,2,0,0.0,11.167857142857143,0
V265_200_SIMPLE,13.0,2026-04,202604270602,0.21980499450211508,7,0,0.0,10.926765939317,1
V265_200_SIMPLE,13.0,2026-04,202604270606,0.2280052004132369,2,0,0.0,9.115777777777778,1
V265_200_SIMPLE,13.0,2026-04,202604271607,0.30631763632410797,2,0,0.0,11.490719696969697,0
V265_200_SIMPLE,13.0,2026-04,202604272401,0.26987393475853816,7,0,0.0,13.349175728298638,0
V265_200_SIMPLE,13.0,2026-04,202604272402,0.22640604907840084,3,0,0.0,11.071466496761175,0
V265_200_SIMPLE,13.0,2026-04,202604280603,0.39909215268378606,2,0,0.0,4.712,0
V265_200_SIMPLE,13.0,2026-04,202604280606,0.2730036580854154,2,0,0.0,16.09875,1
V265_200_SIMPLE,13.0,2026-04,202604280707,0.2225034997912249,4,1,119520.0,12.049534636316416,1
V265_200_SIMPLE,13.0,2026-04,202604281502,0.2845686068890705,3,0,0.0,12.098004325171628,0
V265_200_SIMPLE,13.0,2026-04,202604281606,0.2672803577354326,4,0,0.0,12.054413940815861,0
V265_200_SIMPLE,13.0,2026-04,202604282306,0.23848127833828556,4,0,0.0,11.284975570702619,0
V265_200_SIMPLE,13.0,2026-04,202604290306,0.4904914297261086,2,0,0.0,6.274603174603175,0
V265_200_SIMPLE,13.0,2026-04,202604291402,0.27544159808360275,2,0,0.0,16.920240782543264,0
V265_200_SIMPLE,13.0,2026-04,202604292405,0.23259493952870203,3,0,0.0,11.95050522701808,0
V265_200_SIMPLE,13.0,2026-05,202605011707,0.25369612576341816,2,0,0.0,10.46689497716895,0
V265_200_SIMPLE,13.0,2026-05,202605012009,0.23871615107478214,2,0,0.0,8.080538922155688,0
V265_200_SIMPLE,13.0,2026-05,202605020908,0.22173201624381084,2,0,0.0,9.885678391959798,0
V265_200_SIMPLE,13.0,2026-05,202605021103,0.3248638613147797,2,1,62160.0,6.268235294117647,1
V265_200_SIMPLE,13.0,2026-05,202605021104,0.25650427874813014,4,0,0.0,11.198555305222456,0
V265_200_SIMPLE,13.0,2026-05,202605022307,0.4077137324502322,2,0,0.0,3.5517857142857143,0
V265_200_SIMPLE,13.0,2026-05,202605030104,0.2848486387959809,2,0,0.0,6.849097472924187,0
V265_200_SIMPLE,13.0,2026-05,202605030105,0.29590771102602387,2,0,0.0,6.595289855072465,0
V265_200_SIMPLE,13.0,2026-05,202605030805,0.24921138985934033,2,1,95360.0,9.537439613526569,1
V265_200_SIMPLE,13.0,2026-05,202605030811,0.3032646475828403,2,0,0.0,8.817567567567567,0
V265_200_SIMPLE,13.0,2026-05,202605031208,0.2743390204147069,2,0,0.0,11.18339552238806,0
V265_200_SIMPLE,13.0,2026-05,202605032307,0.3393116345344817,2,0,0.0,7.57125748502994,1
V265_200_SIMPLE,13.0,2026-05,202605040202,0.37005426585923473,2,0,0.0,8.46798866855524,0
V265_200_SIMPLE,13.0,2026-05,202605040205,0.26415509268849907,2,0,0.0,4.373714285714286,0
V265_200_SIMPLE,13.0,2026-05,202605040403,0.31744963859818,2,0,0.0,11.167303609341825,0
V265_200_SIMPLE,13.0,2026-05,202605040701,0.3059405926953598,2,1,93100.0,9.398936170212767,1
V265_200_SIMPLE,13.0,2026-05,202605040802,0.2547348505906385,2,1,113399.99999999999,11.363924050632912,1
V265_200_SIMPLE,13.0,2026-05,202605040805,0.2463974645075978,2,0,0.0,12.370967741935484,1
V265_200_SIMPLE,13.0,2026-05,202605041410,0.26732477652442266,2,0,0.0,12.67911877394636,1
V265_200_SIMPLE,13.0,2026-05,202605041707,0.2205205851667439,6,0,0.0,13.240232426578824,0
V265_200_SIMPLE,13.0,2026-05,202605042009,0.27329339144093207,2,0,0.0,8.64406779661017,0
V265_200_SIMPLE,13.0,2026-05,202605050202,0.5095682606571269,2,0,0.0,3.988271604938272,0
V265_200_SIMPLE,13.0,2026-05,202605050203,0.3308419626092944,2,0,0.0,7.600638977635782,1
V265_200_SIMPLE,13.0,2026-05,202605050702,0.316854358276166,2,0,0.0,8.75390625,1
V265_200_SIMPLE,13.0,2026-05,202605050811,0.24550163763230726,2,0,0.0,9.711219512195123,0
V265_200_SIMPLE,13.0,2026-05,202605050904,0.26242468276522274,2,0,0.0,11.029759299781182,0
V265_200_SIMPLE,13.0,2026-05,202605051303,0.29611322444566446,2,0,0.0,7.892088607594937,0
V265_200_SIMPLE,13.0,2026-05,202605051306,0.35670431164149663,2,0,0.0,8.202216066481995,0
V265_200_SIMPLE,13.0,2026-05,202605051602,0.5336813364066944,6,0,0.0,13.042809271192986,0
V265_200_SIMPLE,13.0,2026-05,202605060505,0.2791749881535426,4,0,0.0,9.309060131968002,0
V265_200_SIMPLE,13.0,2026-05,202605061303,0.2427809315074025,2,0,0.0,6.062992125984252,0
V265_200_SIMPLE,13.0,2026-05,202605072406,0.29592050514425494,2,0,0.0,4.800000000000001,1
V265_200_SIMPLE,13.0,2026-05,202605091105,0.2509001382468485,2,0,0.0,14.41440129449838,0
V265_200_SIMPLE,13.0,2026-05,202605091805,0.5000463184916282,2,0,0.0,10.699792960662526,0
V265_200_SIMPLE,13.0,2026-05,202605101604,0.29415292874968363,4,0,0.0,14.686917644928075,0
V265_200_SIMPLE,13.0,2026-05,202605102010,0.34010365587541835,2,0,0.0,4.623404255319148,0
V265_200_SIMPLE,13.0,2026-05,202605110811,0.21689574314748103,2,0,0.0,10.499789029535865,1
V265_200_SIMPLE,13.0,2026-05,202605111110,0.26528393309691906,2,0,0.0,13.501277372262773,1
V265_200_SIMPLE,13.0,2026-05,202605111606,0.4284597217210819,2,1,56950.0,5.721153846153847,1
V265_200_SIMPLE,13.0,2026-05,202605112308,0.44504494871854333,2,1,57200.0,5.71551724137931,1
V265_200_SIMPLE,13.0,2026-05,202605130406,0.3174165195774185,2,0,0.0,10.961434977578474,1
V265_200_SIMPLE,13.0,2026-05,202605130408,0.31940916365064387,2,0,0.0,3.78125,1
V265_200_SIMPLE,13.0,2026-05,202605132202,0.22026354932340686,7,0,0.0,12.846348932102696,0
V265_200_SIMPLE,13.0,2026-05,202605141910,0.25224201522762735,3,0,0.0,12.731161007667032,0
V265_200_SIMPLE,13.0,2026-05,202605160603,0.23503654706831936,3,0,0.0,11.233487360695841,1
V265_200_SIMPLE,13.0,2026-05,202605161706,0.2192312836402403,2,0,0.0,10.002421307506054,0
V265_200_SIMPLE,13.0,2026-05,202605161910,0.23280397958639898,2,0,0.0,6.75,0
V265_200_SIMPLE,13.0,2026-05,202605162006,0.21630888285769667,16,0,0.0,12.992674013911165,0
V265_200_SIMPLE,13.0,2026-05,202605171007,0.329485763708493,2,0,0.0,7.096830985915493,0
V265_200_SIMPLE,13.0,2026-05,202605191406,0.24053285798487228,2,0,0.0,11.379310344827585,1
V265_200_SIMPLE,13.0,2026-05,202605191811,0.29324746665663237,2,0,0.0,8.498533724340177,0
V265_200_SIMPLE,13.0,2026-05,202605200506,0.2708552988816699,3,0,0.0,9.313918447924165,0
V265_200_SIMPLE,13.0,2026-05,202605201405,0.21577927767512806,15,1,133200.0,13.28556911269855,1
V265_200_SIMPLE,13.0,2026-05,202605201505,0.47976712078253414,3,0,0.0,12.643042429170787,1
V265_200_SIMPLE,13.0,2026-05,202605202002,0.32686136807213434,2,0,0.0,9.913647642679901,0
V265_200_SIMPLE,13.0,2026-05,202605211905,0.2265339154615783,2,1,100650.0,10.063829787234042,1
V265_200_SIMPLE,13.0,2026-05,202605231808,0.3289734399627961,2,0,0.0,8.795675675675675,1
V265_200_SIMPLE,13.0,2026-05,202605242305,0.3005298985163461,2,0,0.0,12.008213552361395,0
V265_200_SIMPLE,13.0,2026-05,202605242411,0.26225482542751166,3,0,0.0,11.611890746172701,1
V265_200_SIMPLE,13.0,2026-05,202605251307,0.37515011385062,2,0,0.0,4.701492537313433,0
V265_200_SIMPLE,13.0,2026-05,202605252408,0.35012877462073816,2,0,0.0,12.722393162393162,1
V265_200_SIMPLE,13.0,2026-05,202605261206,0.28142215157740985,2,1,67200.0,6.72,1
V265_200_SIMPLE,13.0,2026-05,202605270807,0.2955486052906222,2,0,0.0,13.37609841827768,1
V265_200_SIMPLE,13.0,2026-05,202605270810,0.22731607635880058,2,1,95680.0,9.58159090909091,1
V265_200_SIMPLE,13.0,2026-05,202605271204,0.2924938589673362,2,0,0.0,8.764044943820224,0
V265_200_SIMPLE,13.0,2026-05,202605280710,0.2559284787631224,2,0,0.0,13.137546468401487,0
V265_200_SIMPLE,13.0,2026-05,202605281008,0.3726255386743228,3,1,103020.0,10.418279867526808,1
V265_200_SIMPLE,13.0,2026-05,202605281810,0.25001726709641525,2,0,0.0,8.917808219178083,0
V265_200_SIMPLE,13.0,2026-05,202605291807,0.2837507938066716,2,0,0.0,6.151470588235294,0
V265_200_SIMPLE,13.0,2026-05,202605300102,0.23818816032583462,3,0,0.0,13.89383119921248,0
V265_200_SIMPLE,13.0,2026-05,202605300104,0.39892744453488055,2,0,0.0,6.913636363636364,0
V265_200_SIMPLE,13.0,2026-05,202605300507,0.26843433769637254,2,0,0.0,14.564715719063546,0
V265_200_SIMPLE,13.0,2026-05,202605301108,0.32800909822420493,2,0,0.0,6.776556776556777,1
V265_200_SIMPLE,13.0,2026-05,202605311306,0.2344319783804572,2,0,0.0,12.362874251497004,0
V265_200_SIMPLE,13.0,2026-05,202605312304,0.3194731898820189,2,0,0.0,15.171792152704136,0
V265_200_SIMPLE,13.0,2026-06,202606010506,0.4874116594790526,2,0,0.0,3.788235294117647,0
V265_200_SIMPLE,13.0,2026-06,202606010803,0.48562443006624145,3,0,0.0,13.658363686065325,0
V265_200_SIMPLE,13.0,2026-06,202606010809,0.28399941724145633,9,0,0.0,13.689488831344587,0
V265_200_SIMPLE,13.0,2026-06,202606012402,0.37251469596331754,2,0,0.0,7.068131868131867,0
V265_200_SIMPLE,13.0,2026-06,202606020906,0.33483646221742347,2,0,0.0,5.71551724137931,0
V265_200_SIMPLE,13.0,2026-06,202606021007,0.35847105302409116,2,0,0.0,13.20734908136483,1
V265_200_SIMPLE,13.0,2026-06,202606022307,0.5089191247632905,2,0,0.0,6.739436619718309,0
V265_200_SIMPLE,13.0,2026-06,202606031209,0.2631904086699185,2,0,0.0,11.478066914498143,0
V265_200_SIMPLE,13.0,2026-06,202606032109,0.26414340608184794,2,0,0.0,8.772164948453609,0
V265_200_SIMPLE,13.0,2026-06,202606040305,0.24846450388749447,2,0,0.0,8.526,1
V265_200_SIMPLE,13.0,2026-06,202606040506,0.5122309815958501,2,1,50960.00000000001,5.092156862745099,1
V265_200_SIMPLE,13.0,2026-06,202606040907,0.26388058213119014,3,0,0.0,12.804543085313156,0
V265_200_SIMPLE,13.0,2026-06,202606041307,0.2310532004830298,2,0,0.0,13.8572695035461,1
V265_200_SIMPLE,13.0,2026-06,202606050305,0.4263844236992139,3,0,0.0,11.34463549869474,0
V265_200_SIMPLE,13.0,2026-06,202606060702,0.3846259980882322,3,0,0.0,8.3017138063279,1
V265_200_SIMPLE,13.0,2026-06,202606060703,0.21484485205182127,2,0,0.0,9.572727272727272,0
V265_200_SIMPLE,13.0,2026-06,202606060802,0.3826462375307938,6,0,0.0,12.784687036790961,0
V265_200_SIMPLE,13.0,2026-06,202606061506,0.30535627078665023,2,0,0.0,8.863259668508288,0
V265_200_SIMPLE,13.0,2026-06,202606071005,0.3641282779004985,2,0,0.0,4.4224719101123595,0
V265_200_SIMPLE,13.0,2026-06,202606072408,0.22617438056040948,2,0,0.0,7.715076923076923,0
V265_200_SIMPLE,13.0,2026-06,202606080510,0.35382653837179096,2,0,0.0,8.84047619047619,0
V265_200_SIMPLE,13.0,2026-06,202606080910,0.5185593648433418,2,0,0.0,8.3,1
V265_200_SIMPLE,13.0,2026-06,202606100903,0.2315566899682805,3,0,0.0,10.074807707987933,1
V265_200_SIMPLE,13.0,2026-06,202606121108,0.31756191504644493,2,0,0.0,7.666478873239437,0
V265_200_SIMPLE,13.0,2026-06,202606121901,0.34941456569383994,2,0,0.0,11.727272727272727,0
V265_200_SIMPLE,13.0,2026-06,202606122306,0.27072389589314944,3,0,0.0,12.608492591797292,1
V265_200_SIMPLE,13.0,2026-06,202606130609,0.3742093257915785,2,0,0.0,9.481558441558441,0
V265_200_SIMPLE,13.0,2026-06,202606130702,0.3088432340760663,4,0,0.0,12.228582211794254,1
V265_200_SIMPLE,13.0,2026-06,202606132204,0.32354833482458234,3,0,0.0,12.772519329896907,1
V265_200_SIMPLE,13.0,2026-06,202606141005,0.2638742457112587,3,0,0.0,11.856726849155505,0
V265_200_SIMPLE,13.0,2026-06,202606150310,0.5308857446143207,2,0,0.0,9.859756097560977,0
V265_200_SIMPLE,13.0,2026-06,202606151208,0.3020621145558779,2,0,0.0,6.481159420289856,0
V265_200_SIMPLE,13.0,2026-06,202606180205,0.3726811362051988,2,0,0.0,4.699530516431925,0
V265_200_SIMPLE,13.0,2026-06,202606190903,0.2751295789667688,2,0,0.0,11.726513569937369,0
V265_200_SIMPLE,13.0,2026-06,202606192007,0.21729496019854358,2,1,106260.00000000001,10.631434599156119,1
V265_200_SIMPLE,13.0,2026-06,202606192107,0.34260518286528036,3,0,0.0,12.620396600566572,0
V265_200_SIMPLE,13.0,2026-06,202606200903,0.30523867147278194,4,0,0.0,13.947205722080998,0
V265_200_SIMPLE,13.0,2026-06,202606201709,0.38372815591196674,2,0,0.0,11.668522483940043,1
V265_200_SIMPLE,13.0,2026-06,202606202108,0.2382506147622632,2,0,0.0,6.161389961389962,0
V265_200_SIMPLE,13.0,2026-06,202606210608,0.23286555834620887,2,0,0.0,8.346518105849583,0
V265_200_SIMPLE,13.0,2026-06,202606210906,0.3041124097507549,2,1,49680.0,4.964634146341463,1
V265_200_SIMPLE,13.0,2026-06,202606222204,0.2856382398845336,4,0,0.0,13.066614746019123,0
V265_200_SIMPLE,13.0,2026-06,202606232303,0.2512676777790965,6,0,0.0,13.794161601048883,0
V265_200_SIMPLE,13.0,2026-06,202606240605,0.2705017825228434,2,1,112640.00000000001,11.200000000000001,1
V265_200_SIMPLE,13.0,2026-06,202606241207,0.48921552548638136,2,0,0.0,12.55538160469667,1
V265_200_SIMPLE,13.0,2026-06,202606241210,0.31085610669553543,2,0,0.0,8.1865889212828,0
V265_200_SIMPLE,13.0,2026-06,202606252106,0.21462238645476162,2,0,0.0,8.0,1
V265_200_SIMPLE,13.0,2026-06,202606260304,0.3717601270574377,2,0,0.0,12.496237623762376,0
V265_200_SIMPLE,13.0,2026-06,202606260410,0.37058461627968386,3,0,0.0,15.260225648154249,0
V265_200_SIMPLE,13.0,2026-06,202606260705,0.676686004197826,2,0,0.0,5.211428571428571,1
V265_200_SIMPLE,13.0,2026-06,202606261709,0.29162638608569125,2,0,0.0,12.3,0
V265_200_SIMPLE,13.0,2026-06,202606280204,0.27826311680280424,3,0,0.0,13.350346712384738,0
V265_200_SIMPLE,13.0,2026-06,202606280205,0.2763410497280871,2,0,0.0,4.680851063829787,0
V265_200_SIMPLE,13.0,2026-06,202606280508,0.341726364958361,2,0,0.0,10.065777777777779,0
V265_200_SIMPLE,13.0,2026-06,202606281008,0.29171165306468727,2,0,0.0,9.617158671586715,0
V265_200_SIMPLE,13.0,2026-06,202606290310,0.246574449172836,13,0,0.0,12.474645887506886,1
V265_200_SIMPLE,13.0,2026-06,202606290806,0.2340736233363151,2,0,0.0,10.50532212885154,1
V265_200_SIMPLE,13.0,2026-06,202606292011,0.2816613209111828,2,0,0.0,10.499787685774947,0
V265_200_SIMPLE,13.0,2026-06,202606302304,0.29714698406663553,2,0,0.0,5.979583333333333,0
V265_200_SIMPLE,13.5,2026-04,202604010110,0.26692108921111923,4,0,0.0,15.754822017984177,0
V265_200_SIMPLE,13.5,2026-04,202604010206,0.32506308030228426,2,0,0.0,7.370847457627118,0
V265_200_SIMPLE,13.5,2026-04,202604010603,0.27218598988185544,2,0,0.0,13.618709677419355,1
V265_200_SIMPLE,13.5,2026-04,202604010804,0.3599868811087728,2,0,0.0,7.793823529411765,1
V265_200_SIMPLE,13.5,2026-04,202604020108,0.44510048394359497,2,0,0.0,6.069958847736625,0
V265_200_SIMPLE,13.5,2026-04,202604022209,0.3219681126083509,2,0,0.0,7.392739273927393,0
V265_200_SIMPLE,13.5,2026-04,202604030402,0.42976881767895014,2,0,0.0,7.531353135313531,0
V265_200_SIMPLE,13.5,2026-04,202604031806,0.3382646415180911,2,0,0.0,6.532584269662922,0
V265_200_SIMPLE,13.5,2026-04,202604042202,0.6133690027661685,2,0,0.0,6.39375,0
V265_200_SIMPLE,13.5,2026-04,202604050401,0.27476840588122226,2,0,0.0,10.157248157248157,0
V265_200_SIMPLE,13.5,2026-04,202604052207,0.27607155480800594,2,0,0.0,10.804597701149426,0
V265_200_SIMPLE,13.5,2026-04,202604070808,0.3852076724370691,2,0,0.0,5.27688679245283,0
V265_200_SIMPLE,13.5,2026-04,202604071007,0.24786942974671006,3,0,0.0,13.821727614918823,0
V265_200_SIMPLE,13.5,2026-04,202604072403,0.4315065983482036,2,0,0.0,14.648464163822526,0
V265_200_SIMPLE,13.5,2026-04,202604082303,0.2534301642972762,2,0,0.0,9.145161290322582,1
V265_200_SIMPLE,13.5,2026-04,202604082306,0.2872667268675872,2,1,54500.0,5.399537037037037,1
V265_200_SIMPLE,13.5,2026-04,202604090703,0.3479452866830688,2,0,0.0,7.899683544303797,1
V265_200_SIMPLE,13.5,2026-04,202604100708,0.2241821185947817,2,0,0.0,8.344213649851632,0
V265_200_SIMPLE,13.5,2026-04,202604110709,0.22434265544748633,4,0,0.0,13.688762599435941,0
V265_200_SIMPLE,13.5,2026-04,202604120406,0.2193943856867922,6,0,0.0,13.608262513660987,0
V265_200_SIMPLE,13.5,2026-04,202604121607,0.2514829204444463,2,0,0.0,12.857142857142858,0
V265_200_SIMPLE,13.5,2026-04,202604131606,0.22325835959277285,3,0,0.0,14.523254768835084,0
V265_200_SIMPLE,13.5,2026-04,202604140205,0.2832459356528888,2,0,0.0,10.565726681127982,0
V265_200_SIMPLE,13.5,2026-04,202604140304,0.2971526037834577,2,0,0.0,4.544623655913979,0
V265_200_SIMPLE,13.5,2026-04,202604150307,0.5397664290042222,2,0,0.0,11.3216796875,0
V265_200_SIMPLE,13.5,2026-04,202604160906,0.27689562495823816,2,0,0.0,12.47098976109215,1
V265_200_SIMPLE,13.5,2026-04,202604170305,0.2793639061501201,2,0,0.0,5.5560538116591935,0
V265_200_SIMPLE,13.5,2026-04,202604172301,0.22015940569756332,2,0,0.0,10.75665137614679,0
V265_200_SIMPLE,13.5,2026-04,202604180305,0.2685164673833457,2,0,0.0,14.497826086956524,1
V265_200_SIMPLE,13.5,2026-04,202604181508,0.2202870593503462,2,0,0.0,6.091463414634146,0
V265_200_SIMPLE,13.5,2026-04,202604190501,0.29247806598924597,4,0,0.0,14.674641461712374,0
V265_200_SIMPLE,13.5,2026-04,202604190703,0.3237644573631327,2,0,0.0,6.153024911032029,0
V265_200_SIMPLE,13.5,2026-04,202604191506,0.3212907504703223,2,0,0.0,4.394886363636363,0
V265_200_SIMPLE,13.5,2026-04,202604210702,0.2614453126625632,2,0,0.0,12.796545105566217,0
V265_200_SIMPLE,13.5,2026-04,202604211109,0.28809562658895266,2,0,0.0,8.955675675675677,0
V265_200_SIMPLE,13.5,2026-04,202604220502,0.2587688323254733,2,0,0.0,5.148058252427185,0
V265_200_SIMPLE,13.5,2026-04,202604221103,0.37209843736368675,2,0,0.0,11.13095238095238,1
V265_200_SIMPLE,13.5,2026-04,202604230507,0.29300611673783933,2,1,94320.0,9.416625916870416,1
V265_200_SIMPLE,13.5,2026-04,202604231603,0.26890181025219295,3,0,0.0,12.320709126163944,0
V265_200_SIMPLE,13.5,2026-04,202604240706,0.36771560442465623,2,0,0.0,4.871794871794871,0
V265_200_SIMPLE,13.5,2026-04,202604240709,0.23491162846528998,2,0,0.0,9.289340101522843,0
V265_200_SIMPLE,13.5,2026-04,202604242010,0.267016693594845,3,0,0.0,14.88354600402955,1
V265_200_SIMPLE,13.5,2026-04,202604242307,0.28282218534787584,5,0,0.0,12.255347809019508,0
V265_200_SIMPLE,13.5,2026-04,202604242308,0.46992298070365957,3,0,0.0,11.19641356122163,0
V265_200_SIMPLE,13.5,2026-04,202604250705,0.22570943767844703,2,0,0.0,15.720789074355084,1
V265_200_SIMPLE,13.5,2026-04,202604250708,0.30729597096430084,2,0,0.0,4.786363636363636,1
V265_200_SIMPLE,13.5,2026-04,202604250903,0.3394867185737669,3,0,0.0,12.136139451790095,0
V265_200_SIMPLE,13.5,2026-04,202604251307,0.3539809564987974,2,0,0.0,14.352,0
V265_200_SIMPLE,13.5,2026-04,202604252307,0.3196985979300752,4,0,0.0,12.999786032742618,1
V265_200_SIMPLE,13.5,2026-04,202604260310,0.42483685005465044,2,0,0.0,11.167857142857143,0
V265_200_SIMPLE,13.5,2026-04,202604270602,0.21980499450211508,7,0,0.0,10.926765939317,1
V265_200_SIMPLE,13.5,2026-04,202604270606,0.2280052004132369,2,0,0.0,9.115777777777778,1
V265_200_SIMPLE,13.5,2026-04,202604271607,0.30631763632410797,2,0,0.0,11.490719696969697,0
V265_200_SIMPLE,13.5,2026-04,202604272401,0.26987393475853816,7,0,0.0,13.349175728298638,0
V265_200_SIMPLE,13.5,2026-04,202604272402,0.22640604907840084,2,0,0.0,15.294117647058822,0
V265_200_SIMPLE,13.5,2026-04,202604280603,0.39909215268378606,2,0,0.0,4.712,0
V265_200_SIMPLE,13.5,2026-04,202604280606,0.2730036580854154,2,0,0.0,16.09875,1
V265_200_SIMPLE,13.5,2026-04,202604280707,0.2225034997912249,4,1,119520.0,12.049534636316416,1
V265_200_SIMPLE,13.5,2026-04,202604281502,0.2845686068890705,3,0,0.0,12.098004325171628,0
V265_200_SIMPLE,13.5,2026-04,202604281606,0.2672803577354326,3,0,0.0,14.825074093084094,0
V265_200_SIMPLE,13.5,2026-04,202604282306,0.23848127833828556,4,0,0.0,11.284975570702619,0
V265_200_SIMPLE,13.5,2026-04,202604290306,0.4904914297261086,2,0,0.0,6.274603174603175,0
V265_200_SIMPLE,13.5,2026-04,202604291402,0.27544159808360275,2,0,0.0,16.920240782543264,0
V265_200_SIMPLE,13.5,2026-04,202604292405,0.23259493952870203,2,0,0.0,15.045112781954888,0
V265_200_SIMPLE,13.5,2026-05,202605011707,0.25369612576341816,2,0,0.0,10.46689497716895,0
V265_200_SIMPLE,13.5,2026-05,202605012009,0.23871615107478214,2,0,0.0,8.080538922155688,0
V265_200_SIMPLE,13.5,2026-05,202605020908,0.22173201624381084,2,0,0.0,9.885678391959798,0
V265_200_SIMPLE,13.5,2026-05,202605021103,0.3248638613147797,2,1,62160.0,6.268235294117647,1
V265_200_SIMPLE,13.5,2026-05,202605021104,0.25650427874813014,4,0,0.0,11.198555305222456,0
V265_200_SIMPLE,13.5,2026-05,202605022307,0.4077137324502322,2,0,0.0,3.5517857142857143,0
V265_200_SIMPLE,13.5,2026-05,202605030104,0.2848486387959809,2,0,0.0,6.849097472924187,0
V265_200_SIMPLE,13.5,2026-05,202605030105,0.29590771102602387,2,0,0.0,6.595289855072465,0
V265_200_SIMPLE,13.5,2026-05,202605030805,0.24921138985934033,2,1,95360.0,9.537439613526569,1
V265_200_SIMPLE,13.5,2026-05,202605030811,0.3032646475828403,2,0,0.0,8.817567567567567,0
V265_200_SIMPLE,13.5,2026-05,202605031208,0.2743390204147069,2,0,0.0,11.18339552238806,0
V265_200_SIMPLE,13.5,2026-05,202605032307,0.3393116345344817,2,0,0.0,7.57125748502994,1
V265_200_SIMPLE,13.5,2026-05,202605040202,0.37005426585923473,2,0,0.0,8.46798866855524,0
V265_200_SIMPLE,13.5,2026-05,202605040205,0.26415509268849907,2,0,0.0,4.373714285714286,0
V265_200_SIMPLE,13.5,2026-05,202605040403,0.31744963859818,2,0,0.0,11.167303609341825,0
V265_200_SIMPLE,13.5,2026-05,202605040701,0.3059405926953598,2,1,93100.0,9.398936170212767,1
V265_200_SIMPLE,13.5,2026-05,202605040802,0.2547348505906385,2,1,113399.99999999999,11.363924050632912,1
V265_200_SIMPLE,13.5,2026-05,202605040805,0.2463974645075978,2,0,0.0,12.370967741935484,1
V265_200_SIMPLE,13.5,2026-05,202605041410,0.26732477652442266,2,0,0.0,12.67911877394636,1
V265_200_SIMPLE,13.5,2026-05,202605041707,0.2205205851667439,6,0,0.0,13.240232426578824,0
V265_200_SIMPLE,13.5,2026-05,202605042009,0.27329339144093207,2,0,0.0,8.64406779661017,0
V265_200_SIMPLE,13.5,2026-05,202605050202,0.5095682606571269,2,0,0.0,3.988271604938272,0
V265_200_SIMPLE,13.5,2026-05,202605050203,0.3308419626092944,2,0,0.0,7.600638977635782,1
V265_200_SIMPLE,13.5,2026-05,202605050702,0.316854358276166,2,0,0.0,8.75390625,1
V265_200_SIMPLE,13.5,2026-05,202605050811,0.24550163763230726,2,0,0.0,9.711219512195123,0
V265_200_SIMPLE,13.5,2026-05,202605050904,0.26242468276522274,2,0,0.0,11.029759299781182,0
V265_200_SIMPLE,13.5,2026-05,202605051303,0.29611322444566446,2,0,0.0,7.892088607594937,0
V265_200_SIMPLE,13.5,2026-05,202605051306,0.35670431164149663,2,0,0.0,8.202216066481995,0
V265_200_SIMPLE,13.5,2026-05,202605051602,0.5336813364066944,6,0,0.0,13.042809271192986,0
V265_200_SIMPLE,13.5,2026-05,202605060505,0.2791749881535426,3,0,0.0,16.721518113858536,0
V265_200_SIMPLE,13.5,2026-05,202605061303,0.2427809315074025,2,0,0.0,6.062992125984252,0
V265_200_SIMPLE,13.5,2026-05,202605072406,0.29592050514425494,2,0,0.0,4.800000000000001,1
V265_200_SIMPLE,13.5,2026-05,202605091105,0.2509001382468485,2,0,0.0,14.41440129449838,0
V265_200_SIMPLE,13.5,2026-05,202605091805,0.5000463184916282,2,0,0.0,10.699792960662526,0
V265_200_SIMPLE,13.5,2026-05,202605101604,0.29415292874968363,4,0,0.0,14.686917644928075,0
V265_200_SIMPLE,13.5,2026-05,202605102010,0.34010365587541835,2,0,0.0,4.623404255319148,0
V265_200_SIMPLE,13.5,2026-05,202605110811,0.21689574314748103,2,0,0.0,10.499789029535865,1
V265_200_SIMPLE,13.5,2026-05,202605111110,0.26528393309691906,2,0,0.0,13.501277372262773,1
V265_200_SIMPLE,13.5,2026-05,202605111606,0.4284597217210819,2,1,56950.0,5.721153846153847,1
V265_200_SIMPLE,13.5,2026-05,202605112308,0.44504494871854333,2,1,57200.0,5.71551724137931,1
V265_200_SIMPLE,13.5,2026-05,202605130406,0.3174165195774185,2,0,0.0,10.961434977578474,1
V265_200_SIMPLE,13.5,2026-05,202605130408,0.31940916365064387,2,0,0.0,3.78125,1
V265_200_SIMPLE,13.5,2026-05,202605132202,0.22026354932340686,6,0,0.0,13.264192090253339,0
V265_200_SIMPLE,13.5,2026-05,202605141910,0.25224201522762735,3,0,0.0,12.731161007667032,0
V265_200_SIMPLE,13.5,2026-05,202605160603,0.23503654706831936,3,0,0.0,11.233487360695841,1
V265_200_SIMPLE,13.5,2026-05,202605161706,0.2192312836402403,2,0,0.0,10.002421307506054,0
V265_200_SIMPLE,13.5,2026-05,202605161910,0.23280397958639898,2,0,0.0,6.75,0
V265_200_SIMPLE,13.5,2026-05,202605162006,0.21630888285769667,14,0,0.0,13.40912589828776,0
V265_200_SIMPLE,13.5,2026-05,202605171007,0.329485763708493,2,0,0.0,7.096830985915493,0
V265_200_SIMPLE,13.5,2026-05,202605191406,0.24053285798487228,2,0,0.0,11.379310344827585,1
V265_200_SIMPLE,13.5,2026-05,202605191811,0.29324746665663237,2,0,0.0,8.498533724340177,0
V265_200_SIMPLE,13.5,2026-05,202605200506,0.2708552988816699,3,0,0.0,9.313918447924165,0
V265_200_SIMPLE,13.5,2026-05,202605201405,0.21577927767512806,15,1,133200.0,13.28556911269855,1
V265_200_SIMPLE,13.5,2026-05,202605201505,0.47976712078253414,3,0,0.0,12.643042429170787,1
V265_200_SIMPLE,13.5,2026-05,202605202002,0.32686136807213434,2,0,0.0,9.913647642679901,0
V265_200_SIMPLE,13.5,2026-05,202605211905,0.2265339154615783,2,1,100650.0,10.063829787234042,1
V265_200_SIMPLE,13.5,2026-05,202605231808,0.3289734399627961,2,0,0.0,8.795675675675675,1
V265_200_SIMPLE,13.5,2026-05,202605242305,0.3005298985163461,2,0,0.0,12.008213552361395,0
V265_200_SIMPLE,13.5,2026-05,202605242411,0.26225482542751166,3,0,0.0,11.611890746172701,1
V265_200_SIMPLE,13.5,2026-05,202605251307,0.37515011385062,2,0,0.0,4.701492537313433,0
V265_200_SIMPLE,13.5,2026-05,202605252408,0.35012877462073816,2,0,0.0,12.722393162393162,1
V265_200_SIMPLE,13.5,2026-05,202605261206,0.28142215157740985,2,1,67200.0,6.72,1
V265_200_SIMPLE,13.5,2026-05,202605270807,0.2955486052906222,2,0,0.0,13.37609841827768,1
V265_200_SIMPLE,13.5,2026-05,202605270810,0.22731607635880058,2,1,95680.0,9.58159090909091,1
V265_200_SIMPLE,13.5,2026-05,202605271204,0.2924938589673362,2,0,0.0,8.764044943820224,0
V265_200_SIMPLE,13.5,2026-05,202605280710,0.2559284787631224,2,0,0.0,13.137546468401487,0
V265_200_SIMPLE,13.5,2026-05,202605281008,0.3726255386743228,2,0,0.0,15.877593984962404,1
V265_200_SIMPLE,13.5,2026-05,202605281810,0.25001726709641525,2,0,0.0,8.917808219178083,0
V265_200_SIMPLE,13.5,2026-05,202605291807,0.2837507938066716,2,0,0.0,6.151470588235294,0
V265_200_SIMPLE,13.5,2026-05,202605300102,0.23818816032583462,3,0,0.0,13.89383119921248,0
V265_200_SIMPLE,13.5,2026-05,202605300104,0.39892744453488055,2,0,0.0,6.913636363636364,0
V265_200_SIMPLE,13.5,2026-05,202605300507,0.26843433769637254,2,0,0.0,14.564715719063546,0
V265_200_SIMPLE,13.5,2026-05,202605301108,0.32800909822420493,2,0,0.0,6.776556776556777,1
V265_200_SIMPLE,13.5,2026-05,202605311306,0.2344319783804572,2,0,0.0,12.362874251497004,0
V265_200_SIMPLE,13.5,2026-05,202605312304,0.3194731898820189,2,0,0.0,15.171792152704136,0
V265_200_SIMPLE,13.5,2026-06,202606010506,0.4874116594790526,2,0,0.0,3.788235294117647,0
V265_200_SIMPLE,13.5,2026-06,202606010803,0.48562443006624145,3,0,0.0,13.658363686065325,0
V265_200_SIMPLE,13.5,2026-06,202606010809,0.28399941724145633,9,0,0.0,13.689488831344587,0
V265_200_SIMPLE,13.5,2026-06,202606012402,0.37251469596331754,2,0,0.0,7.068131868131867,0
V265_200_SIMPLE,13.5,2026-06,202606020906,0.33483646221742347,2,0,0.0,5.71551724137931,0
V265_200_SIMPLE,13.5,2026-06,202606021007,0.35847105302409116,2,0,0.0,13.20734908136483,1
V265_200_SIMPLE,13.5,2026-06,202606022307,0.5089191247632905,2,0,0.0,6.739436619718309,0
V265_200_SIMPLE,13.5,2026-06,202606031209,0.2631904086699185,2,0,0.0,11.478066914498143,0
V265_200_SIMPLE,13.5,2026-06,202606032109,0.26414340608184794,2,0,0.0,8.772164948453609,0
V265_200_SIMPLE,13.5,2026-06,202606040305,0.24846450388749447,2,0,0.0,8.526,1
V265_200_SIMPLE,13.5,2026-06,202606040506,0.5122309815958501,2,1,50960.00000000001,5.092156862745099,1
V265_200_SIMPLE,13.5,2026-06,202606040907,0.26388058213119014,3,0,0.0,12.804543085313156,0
V265_200_SIMPLE,13.5,2026-06,202606041307,0.2310532004830298,2,0,0.0,13.8572695035461,1
V265_200_SIMPLE,13.5,2026-06,202606050305,0.4263844236992139,3,0,0.0,11.34463549869474,0
V265_200_SIMPLE,13.5,2026-06,202606060702,0.3846259980882322,2,0,0.0,17.876,1
V265_200_SIMPLE,13.5,2026-06,202606060703,0.21484485205182127,2,0,0.0,9.572727272727272,0
V265_200_SIMPLE,13.5,2026-06,202606060802,0.3826462375307938,6,0,0.0,12.784687036790961,0
V265_200_SIMPLE,13.5,2026-06,202606061506,0.30535627078665023,2,0,0.0,8.863259668508288,0
V265_200_SIMPLE,13.5,2026-06,202606071005,0.3641282779004985,2,0,0.0,4.4224719101123595,0
V265_200_SIMPLE,13.5,2026-06,202606072408,0.22617438056040948,2,0,0.0,7.715076923076923,0
V265_200_SIMPLE,13.5,2026-06,202606080510,0.35382653837179096,2,0,0.0,8.84047619047619,0
V265_200_SIMPLE,13.5,2026-06,202606080910,0.5185593648433418,2,0,0.0,8.3,1
V265_200_SIMPLE,13.5,2026-06,202606100903,0.2315566899682805,3,0,0.0,10.074807707987933,1
V265_200_SIMPLE,13.5,2026-06,202606121108,0.31756191504644493,2,0,0.0,7.666478873239437,0
V265_200_SIMPLE,13.5,2026-06,202606121901,0.34941456569383994,2,0,0.0,11.727272727272727,0
V265_200_SIMPLE,13.5,2026-06,202606122306,0.27072389589314944,3,0,0.0,12.608492591797292,1
V265_200_SIMPLE,13.5,2026-06,202606130609,0.3742093257915785,2,0,0.0,9.481558441558441,0
V265_200_SIMPLE,13.5,2026-06,202606130702,0.3088432340760663,4,0,0.0,12.228582211794254,1
V265_200_SIMPLE,13.5,2026-06,202606132204,0.32354833482458234,3,0,0.0,12.772519329896907,1
V265_200_SIMPLE,13.5,2026-06,202606141005,0.2638742457112587,3,0,0.0,11.856726849155505,0
V265_200_SIMPLE,13.5,2026-06,202606150310,0.5308857446143207,2,0,0.0,9.859756097560977,0
V265_200_SIMPLE,13.5,2026-06,202606151208,0.3020621145558779,2,0,0.0,6.481159420289856,0
V265_200_SIMPLE,13.5,2026-06,202606180205,0.3726811362051988,2,0,0.0,4.699530516431925,0
V265_200_SIMPLE,13.5,2026-06,202606190903,0.2751295789667688,2,0,0.0,11.726513569937369,0
V265_200_SIMPLE,13.5,2026-06,202606192007,0.21729496019854358,2,1,106260.00000000001,10.631434599156119,1
V265_200_SIMPLE,13.5,2026-06,202606192107,0.34260518286528036,3,0,0.0,12.620396600566572,0
V265_200_SIMPLE,13.5,2026-06,202606200903,0.30523867147278194,4,0,0.0,13.947205722080998,0
V265_200_SIMPLE,13.5,2026-06,202606201709,0.38372815591196674,2,0,0.0,11.668522483940043,1
V265_200_SIMPLE,13.5,2026-06,202606202108,0.2382506147622632,2,0,0.0,6.161389961389962,0
V265_200_SIMPLE,13.5,2026-06,202606210608,0.23286555834620887,2,0,0.0,8.346518105849583,0
V265_200_SIMPLE,13.5,2026-06,202606210906,0.3041124097507549,2,1,49680.0,4.964634146341463,1
V265_200_SIMPLE,13.5,2026-06,202606222204,0.2856382398845336,4,0,0.0,13.066614746019123,0
V265_200_SIMPLE,13.5,2026-06,202606232303,0.2512676777790965,6,0,0.0,13.794161601048883,0
V265_200_SIMPLE,13.5,2026-06,202606240605,0.2705017825228434,2,1,112640.00000000001,11.200000000000001,1
V265_200_SIMPLE,13.5,2026-06,202606241207,0.48921552548638136,2,0,0.0,12.55538160469667,1
V265_200_SIMPLE,13.5,2026-06,202606241210,0.31085610669553543,2,0,0.0,8.1865889212828,0
V265_200_SIMPLE,13.5,2026-06,202606252106,0.21462238645476162,2,0,0.0,8.0,1
V265_200_SIMPLE,13.5,2026-06,202606260304,0.3717601270574377,2,0,0.0,12.496237623762376,0
V265_200_SIMPLE,13.5,2026-06,202606260410,0.37058461627968386,3,0,0.0,15.260225648154249,0
V265_200_SIMPLE,13.5,2026-06,202606260705,0.676686004197826,2,0,0.0,5.211428571428571,1
V265_200_SIMPLE,13.5,2026-06,202606261709,0.29162638608569125,2,0,0.0,12.3,0
V265_200_SIMPLE,13.5,2026-06,202606280204,0.27826311680280424,3,0,0.0,13.350346712384738,0
V265_200_SIMPLE,13.5,2026-06,202606280205,0.2763410497280871,2,0,0.0,4.680851063829787,0
V265_200_SIMPLE,13.5,2026-06,202606280508,0.341726364958361,2,0,0.0,10.065777777777779,0
V265_200_SIMPLE,13.5,2026-06,202606281008,0.29171165306468727,2,0,0.0,9.617158671586715,0
V265_200_SIMPLE,13.5,2026-06,202606290310,0.246574449172836,13,0,0.0,12.474645887506886,1
V265_200_SIMPLE,13.5,2026-06,202606290806,0.2340736233363151,2,0,0.0,10.50532212885154,1
V265_200_SIMPLE,13.5,2026-06,202606292011,0.2816613209111828,2,0,0.0,10.499787685774947,0
V265_200_SIMPLE,13.5,2026-06,202606302304,0.29714698406663553,2,0,0.0,5.979583333333333,0
V265_200_SIMPLE,14.0,2026-04,202604010110,0.26692108921111923,4,0,0.0,15.754822017984177,0
V265_200_SIMPLE,14.0,2026-04,202604010206,0.32506308030228426,2,0,0.0,7.370847457627118,0
V265_200_SIMPLE,14.0,2026-04,202604010603,0.27218598988185544,2,0,0.0,13.618709677419355,1
V265_200_SIMPLE,14.0,2026-04,202604010804,0.3599868811087728,2,0,0.0,7.793823529411765,1
V265_200_SIMPLE,14.0,2026-04,202604020108,0.44510048394359497,2,0,0.0,6.069958847736625,0
V265_200_SIMPLE,14.0,2026-04,202604022209,0.3219681126083509,2,0,0.0,7.392739273927393,0
V265_200_SIMPLE,14.0,2026-04,202604030402,0.42976881767895014,2,0,0.0,7.531353135313531,0
V265_200_SIMPLE,14.0,2026-04,202604031806,0.3382646415180911,2,0,0.0,6.532584269662922,0
V265_200_SIMPLE,14.0,2026-04,202604042202,0.6133690027661685,2,0,0.0,6.39375,0
V265_200_SIMPLE,14.0,2026-04,202604050401,0.27476840588122226,2,0,0.0,10.157248157248157,0
V265_200_SIMPLE,14.0,2026-04,202604052207,0.27607155480800594,2,0,0.0,10.804597701149426,0
V265_200_SIMPLE,14.0,2026-04,202604070808,0.3852076724370691,2,0,0.0,5.27688679245283,0
V265_200_SIMPLE,14.0,2026-04,202604071007,0.24786942974671006,3,0,0.0,13.821727614918823,0
V265_200_SIMPLE,14.0,2026-04,202604072403,0.4315065983482036,2,0,0.0,14.648464163822526,0
V265_200_SIMPLE,14.0,2026-04,202604082303,0.2534301642972762,2,0,0.0,9.145161290322582,1
V265_200_SIMPLE,14.0,2026-04,202604082306,0.2872667268675872,2,1,54500.0,5.399537037037037,1
V265_200_SIMPLE,14.0,2026-04,202604090703,0.3479452866830688,2,0,0.0,7.899683544303797,1
V265_200_SIMPLE,14.0,2026-04,202604100708,0.2241821185947817,2,0,0.0,8.344213649851632,0
V265_200_SIMPLE,14.0,2026-04,202604110709,0.22434265544748633,4,0,0.0,13.688762599435941,0
V265_200_SIMPLE,14.0,2026-04,202604120406,0.2193943856867922,6,0,0.0,13.608262513660987,0
V265_200_SIMPLE,14.0,2026-04,202604121607,0.2514829204444463,2,0,0.0,12.857142857142858,0
V265_200_SIMPLE,14.0,2026-04,202604131606,0.22325835959277285,3,0,0.0,14.523254768835084,0
V265_200_SIMPLE,14.0,2026-04,202604140205,0.2832459356528888,2,0,0.0,10.565726681127982,0
V265_200_SIMPLE,14.0,2026-04,202604140304,0.2971526037834577,2,0,0.0,4.544623655913979,0
V265_200_SIMPLE,14.0,2026-04,202604150307,0.5397664290042222,2,0,0.0,11.3216796875,0
V265_200_SIMPLE,14.0,2026-04,202604160906,0.27689562495823816,2,0,0.0,12.47098976109215,1
V265_200_SIMPLE,14.0,2026-04,202604170305,0.2793639061501201,2,0,0.0,5.5560538116591935,0
V265_200_SIMPLE,14.0,2026-04,202604172301,0.22015940569756332,2,0,0.0,10.75665137614679,0
V265_200_SIMPLE,14.0,2026-04,202604180305,0.2685164673833457,2,0,0.0,14.497826086956524,1
V265_200_SIMPLE,14.0,2026-04,202604181508,0.2202870593503462,2,0,0.0,6.091463414634146,0
V265_200_SIMPLE,14.0,2026-04,202604190501,0.29247806598924597,4,0,0.0,14.674641461712374,0
V265_200_SIMPLE,14.0,2026-04,202604190703,0.3237644573631327,2,0,0.0,6.153024911032029,0
V265_200_SIMPLE,14.0,2026-04,202604191506,0.3212907504703223,2,0,0.0,4.394886363636363,0
V265_200_SIMPLE,14.0,2026-04,202604210702,0.2614453126625632,2,0,0.0,12.796545105566217,0
V265_200_SIMPLE,14.0,2026-04,202604211109,0.28809562658895266,2,0,0.0,8.955675675675677,0
V265_200_SIMPLE,14.0,2026-04,202604220502,0.2587688323254733,2,0,0.0,5.148058252427185,0
V265_200_SIMPLE,14.0,2026-04,202604221103,0.37209843736368675,2,0,0.0,11.13095238095238,1
V265_200_SIMPLE,14.0,2026-04,202604230507,0.29300611673783933,2,1,94320.0,9.416625916870416,1
V265_200_SIMPLE,14.0,2026-04,202604231603,0.26890181025219295,3,0,0.0,12.320709126163944,0
V265_200_SIMPLE,14.0,2026-04,202604240706,0.36771560442465623,2,0,0.0,4.871794871794871,0
V265_200_SIMPLE,14.0,2026-04,202604240709,0.23491162846528998,2,0,0.0,9.289340101522843,0
V265_200_SIMPLE,14.0,2026-04,202604242010,0.267016693594845,3,0,0.0,14.88354600402955,1
V265_200_SIMPLE,14.0,2026-04,202604242307,0.28282218534787584,5,0,0.0,12.255347809019508,0
V265_200_SIMPLE,14.0,2026-04,202604242308,0.46992298070365957,3,0,0.0,11.19641356122163,0
V265_200_SIMPLE,14.0,2026-04,202604250705,0.22570943767844703,2,0,0.0,15.720789074355084,1
V265_200_SIMPLE,14.0,2026-04,202604250708,0.30729597096430084,2,0,0.0,4.786363636363636,1
V265_200_SIMPLE,14.0,2026-04,202604250903,0.3394867185737669,3,0,0.0,12.136139451790095,0
V265_200_SIMPLE,14.0,2026-04,202604251307,0.3539809564987974,2,0,0.0,14.352,0
V265_200_SIMPLE,14.0,2026-04,202604252307,0.3196985979300752,3,0,0.0,14.289817795128357,1
V265_200_SIMPLE,14.0,2026-04,202604260310,0.42483685005465044,2,0,0.0,11.167857142857143,0
V265_200_SIMPLE,14.0,2026-04,202604270602,0.21980499450211508,6,0,0.0,16.239495454358128,1
V265_200_SIMPLE,14.0,2026-04,202604270606,0.2280052004132369,2,0,0.0,9.115777777777778,1
V265_200_SIMPLE,14.0,2026-04,202604271607,0.30631763632410797,2,0,0.0,11.490719696969697,0
V265_200_SIMPLE,14.0,2026-04,202604272401,0.26987393475853816,6,0,0.0,14.4454512681085,0
V265_200_SIMPLE,14.0,2026-04,202604272402,0.22640604907840084,2,0,0.0,15.294117647058822,0
V265_200_SIMPLE,14.0,2026-04,202604280603,0.39909215268378606,2,0,0.0,4.712,0
V265_200_SIMPLE,14.0,2026-04,202604280606,0.2730036580854154,2,0,0.0,16.09875,1
V265_200_SIMPLE,14.0,2026-04,202604280707,0.2225034997912249,4,1,119520.0,12.049534636316416,1
V265_200_SIMPLE,14.0,2026-04,202604281502,0.2845686068890705,3,0,0.0,12.098004325171628,0
V265_200_SIMPLE,14.0,2026-04,202604281606,0.2672803577354326,3,0,0.0,14.825074093084094,0
V265_200_SIMPLE,14.0,2026-04,202604282306,0.23848127833828556,4,0,0.0,11.284975570702619,0
V265_200_SIMPLE,14.0,2026-04,202604290306,0.4904914297261086,2,0,0.0,6.274603174603175,0
V265_200_SIMPLE,14.0,2026-04,202604291402,0.27544159808360275,2,0,0.0,16.920240782543264,0
V265_200_SIMPLE,14.0,2026-04,202604292405,0.23259493952870203,2,0,0.0,15.045112781954888,0
V265_200_SIMPLE,14.0,2026-05,202605011707,0.25369612576341816,2,0,0.0,10.46689497716895,0
V265_200_SIMPLE,14.0,2026-05,202605012009,0.23871615107478214,2,0,0.0,8.080538922155688,0
V265_200_SIMPLE,14.0,2026-05,202605020908,0.22173201624381084,2,0,0.0,9.885678391959798,0
V265_200_SIMPLE,14.0,2026-05,202605021103,0.3248638613147797,2,1,62160.0,6.268235294117647,1
V265_200_SIMPLE,14.0,2026-05,202605021104,0.25650427874813014,4,0,0.0,11.198555305222456,0
V265_200_SIMPLE,14.0,2026-05,202605022307,0.4077137324502322,2,0,0.0,3.5517857142857143,0
V265_200_SIMPLE,14.0,2026-05,202605030104,0.2848486387959809,2,0,0.0,6.849097472924187,0
V265_200_SIMPLE,14.0,2026-05,202605030105,0.29590771102602387,2,0,0.0,6.595289855072465,0
V265_200_SIMPLE,14.0,2026-05,202605030805,0.24921138985934033,2,1,95360.0,9.537439613526569,1
V265_200_SIMPLE,14.0,2026-05,202605030811,0.3032646475828403,2,0,0.0,8.817567567567567,0
V265_200_SIMPLE,14.0,2026-05,202605031208,0.2743390204147069,2,0,0.0,11.18339552238806,0
V265_200_SIMPLE,14.0,2026-05,202605032307,0.3393116345344817,2,0,0.0,7.57125748502994,1
V265_200_SIMPLE,14.0,2026-05,202605040202,0.37005426585923473,2,0,0.0,8.46798866855524,0
V265_200_SIMPLE,14.0,2026-05,202605040205,0.26415509268849907,2,0,0.0,4.373714285714286,0
V265_200_SIMPLE,14.0,2026-05,202605040403,0.31744963859818,2,0,0.0,11.167303609341825,0
V265_200_SIMPLE,14.0,2026-05,202605040701,0.3059405926953598,2,1,93100.0,9.398936170212767,1
V265_200_SIMPLE,14.0,2026-05,202605040802,0.2547348505906385,2,1,113399.99999999999,11.363924050632912,1
V265_200_SIMPLE,14.0,2026-05,202605040805,0.2463974645075978,2,0,0.0,12.370967741935484,1
V265_200_SIMPLE,14.0,2026-05,202605041410,0.26732477652442266,2,0,0.0,12.67911877394636,1
V265_200_SIMPLE,14.0,2026-05,202605041707,0.2205205851667439,6,0,0.0,13.240232426578824,0
V265_200_SIMPLE,14.0,2026-05,202605042009,0.27329339144093207,2,0,0.0,8.64406779661017,0
V265_200_SIMPLE,14.0,2026-05,202605050202,0.5095682606571269,2,0,0.0,3.988271604938272,0
V265_200_SIMPLE,14.0,2026-05,202605050203,0.3308419626092944,2,0,0.0,7.600638977635782,1
V265_200_SIMPLE,14.0,2026-05,202605050702,0.316854358276166,2,0,0.0,8.75390625,1
V265_200_SIMPLE,14.0,2026-05,202605050811,0.24550163763230726,2,0,0.0,9.711219512195123,0
V265_200_SIMPLE,14.0,2026-05,202605050904,0.26242468276522274,2,0,0.0,11.029759299781182,0
V265_200_SIMPLE,14.0,2026-05,202605051303,0.29611322444566446,2,0,0.0,7.892088607594937,0
V265_200_SIMPLE,14.0,2026-05,202605051306,0.35670431164149663,2,0,0.0,8.202216066481995,0
V265_200_SIMPLE,14.0,2026-05,202605051602,0.5336813364066944,6,0,0.0,13.042809271192986,0
V265_200_SIMPLE,14.0,2026-05,202605060505,0.2791749881535426,3,0,0.0,16.721518113858536,0
V265_200_SIMPLE,14.0,2026-05,202605061303,0.2427809315074025,2,0,0.0,6.062992125984252,0
V265_200_SIMPLE,14.0,2026-05,202605072406,0.29592050514425494,2,0,0.0,4.800000000000001,1
V265_200_SIMPLE,14.0,2026-05,202605091105,0.2509001382468485,2,0,0.0,14.41440129449838,0
V265_200_SIMPLE,14.0,2026-05,202605091805,0.5000463184916282,2,0,0.0,10.699792960662526,0
V265_200_SIMPLE,14.0,2026-05,202605101604,0.29415292874968363,4,0,0.0,14.686917644928075,0
V265_200_SIMPLE,14.0,2026-05,202605102010,0.34010365587541835,2,0,0.0,4.623404255319148,0
V265_200_SIMPLE,14.0,2026-05,202605110811,0.21689574314748103,2,0,0.0,10.499789029535865,1
V265_200_SIMPLE,14.0,2026-05,202605111110,0.26528393309691906,2,0,0.0,13.501277372262773,1
V265_200_SIMPLE,14.0,2026-05,202605111606,0.4284597217210819,2,1,56950.0,5.721153846153847,1
V265_200_SIMPLE,14.0,2026-05,202605112308,0.44504494871854333,2,1,57200.0,5.71551724137931,1
V265_200_SIMPLE,14.0,2026-05,202605130406,0.3174165195774185,2,0,0.0,10.961434977578474,1
V265_200_SIMPLE,14.0,2026-05,202605130408,0.31940916365064387,2,0,0.0,3.78125,1
V265_200_SIMPLE,14.0,2026-05,202605132202,0.22026354932340686,6,0,0.0,13.264192090253339,0
V265_200_SIMPLE,14.0,2026-05,202605141910,0.25224201522762735,3,0,0.0,12.731161007667032,0
V265_200_SIMPLE,14.0,2026-05,202605160603,0.23503654706831936,3,0,0.0,11.233487360695841,1
V265_200_SIMPLE,14.0,2026-05,202605161706,0.2192312836402403,2,0,0.0,10.002421307506054,0
V265_200_SIMPLE,14.0,2026-05,202605161910,0.23280397958639898,2,0,0.0,6.75,0
V265_200_SIMPLE,14.0,2026-05,202605162006,0.21630888285769667,13,0,0.0,14.223123570610511,0
V265_200_SIMPLE,14.0,2026-05,202605171007,0.329485763708493,2,0,0.0,7.096830985915493,0
V265_200_SIMPLE,14.0,2026-05,202605191406,0.24053285798487228,2,0,0.0,11.379310344827585,1
V265_200_SIMPLE,14.0,2026-05,202605191811,0.29324746665663237,2,0,0.0,8.498533724340177,0
V265_200_SIMPLE,14.0,2026-05,202605200506,0.2708552988816699,3,0,0.0,9.313918447924165,0
V265_200_SIMPLE,14.0,2026-05,202605201405,0.21577927767512806,14,1,140600.0,13.872135686218565,1
V265_200_SIMPLE,14.0,2026-05,202605201505,0.47976712078253414,3,0,0.0,12.643042429170787,1
V265_200_SIMPLE,14.0,2026-05,202605202002,0.32686136807213434,2,0,0.0,9.913647642679901,0
V265_200_SIMPLE,14.0,2026-05,202605211905,0.2265339154615783,2,1,100650.0,10.063829787234042,1
V265_200_SIMPLE,14.0,2026-05,202605231808,0.3289734399627961,2,0,0.0,8.795675675675675,1
V265_200_SIMPLE,14.0,2026-05,202605242305,0.3005298985163461,2,0,0.0,12.008213552361395,0
V265_200_SIMPLE,14.0,2026-05,202605242411,0.26225482542751166,3,0,0.0,11.611890746172701,1
V265_200_SIMPLE,14.0,2026-05,202605251307,0.37515011385062,2,0,0.0,4.701492537313433,0
V265_200_SIMPLE,14.0,2026-05,202605252408,0.35012877462073816,2,0,0.0,12.722393162393162,1
V265_200_SIMPLE,14.0,2026-05,202605261206,0.28142215157740985,2,1,67200.0,6.72,1
V265_200_SIMPLE,14.0,2026-05,202605270807,0.2955486052906222,2,0,0.0,13.37609841827768,1
V265_200_SIMPLE,14.0,2026-05,202605270810,0.22731607635880058,2,1,95680.0,9.58159090909091,1
V265_200_SIMPLE,14.0,2026-05,202605271204,0.2924938589673362,2,0,0.0,8.764044943820224,0
V265_200_SIMPLE,14.0,2026-05,202605280710,0.2559284787631224,2,0,0.0,13.137546468401487,0
V265_200_SIMPLE,14.0,2026-05,202605281008,0.3726255386743228,2,0,0.0,15.877593984962404,1
V265_200_SIMPLE,14.0,2026-05,202605281810,0.25001726709641525,2,0,0.0,8.917808219178083,0
V265_200_SIMPLE,14.0,2026-05,202605291807,0.2837507938066716,2,0,0.0,6.151470588235294,0
V265_200_SIMPLE,14.0,2026-05,202605300102,0.23818816032583462,3,0,0.0,13.89383119921248,0
V265_200_SIMPLE,14.0,2026-05,202605300104,0.39892744453488055,2,0,0.0,6.913636363636364,0
V265_200_SIMPLE,14.0,2026-05,202605300507,0.26843433769637254,2,0,0.0,14.564715719063546,0
V265_200_SIMPLE,14.0,2026-05,202605301108,0.32800909822420493,2,0,0.0,6.776556776556777,1
V265_200_SIMPLE,14.0,2026-05,202605311306,0.2344319783804572,2,0,0.0,12.362874251497004,0
V265_200_SIMPLE,14.0,2026-05,202605312304,0.3194731898820189,2,0,0.0,15.171792152704136,0
V265_200_SIMPLE,14.0,2026-06,202606010506,0.4874116594790526,2,0,0.0,3.788235294117647,0
V265_200_SIMPLE,14.0,2026-06,202606010803,0.48562443006624145,3,0,0.0,13.658363686065325,0
V265_200_SIMPLE,14.0,2026-06,202606010809,0.28399941724145633,8,0,0.0,13.83631995341371,0
V265_200_SIMPLE,14.0,2026-06,202606012402,0.37251469596331754,2,0,0.0,7.068131868131867,0
V265_200_SIMPLE,14.0,2026-06,202606020906,0.33483646221742347,2,0,0.0,5.71551724137931,0
V265_200_SIMPLE,14.0,2026-06,202606021007,0.35847105302409116,2,0,0.0,13.20734908136483,1
V265_200_SIMPLE,14.0,2026-06,202606022307,0.5089191247632905,2,0,0.0,6.739436619718309,0
V265_200_SIMPLE,14.0,2026-06,202606031209,0.2631904086699185,2,0,0.0,11.478066914498143,0
V265_200_SIMPLE,14.0,2026-06,202606032109,0.26414340608184794,2,0,0.0,8.772164948453609,0
V265_200_SIMPLE,14.0,2026-06,202606040305,0.24846450388749447,2,0,0.0,8.526,1
V265_200_SIMPLE,14.0,2026-06,202606040506,0.5122309815958501,2,1,50960.00000000001,5.092156862745099,1
V265_200_SIMPLE,14.0,2026-06,202606040907,0.26388058213119014,2,0,0.0,15.041466498103665,0
V265_200_SIMPLE,14.0,2026-06,202606041307,0.2310532004830298,2,0,0.0,13.8572695035461,1
V265_200_SIMPLE,14.0,2026-06,202606050305,0.4263844236992139,2,0,0.0,16.40057388809182,0
V265_200_SIMPLE,14.0,2026-06,202606060702,0.3846259980882322,2,0,0.0,17.876,1
V265_200_SIMPLE,14.0,2026-06,202606060703,0.21484485205182127,2,0,0.0,9.572727272727272,0
V265_200_SIMPLE,14.0,2026-06,202606060802,0.3826462375307938,6,0,0.0,12.784687036790961,0
V265_200_SIMPLE,14.0,2026-06,202606061506,0.30535627078665023,2,0,0.0,8.863259668508288,0
V265_200_SIMPLE,14.0,2026-06,202606071005,0.3641282779004985,2,0,0.0,4.4224719101123595,0
V265_200_SIMPLE,14.0,2026-06,202606072408,0.22617438056040948,2,0,0.0,7.715076923076923,0
V265_200_SIMPLE,14.0,2026-06,202606080510,0.35382653837179096,2,0,0.0,8.84047619047619,0
V265_200_SIMPLE,14.0,2026-06,202606080910,0.5185593648433418,2,0,0.0,8.3,1
V265_200_SIMPLE,14.0,2026-06,202606100903,0.2315566899682805,3,0,0.0,10.074807707987933,1
V265_200_SIMPLE,14.0,2026-06,202606121108,0.31756191504644493,2,0,0.0,7.666478873239437,0
V265_200_SIMPLE,14.0,2026-06,202606121901,0.34941456569383994,2,0,0.0,11.727272727272727,0
V265_200_SIMPLE,14.0,2026-06,202606122306,0.27072389589314944,3,0,0.0,12.608492591797292,1
V265_200_SIMPLE,14.0,2026-06,202606130609,0.3742093257915785,2,0,0.0,9.481558441558441,0
V265_200_SIMPLE,14.0,2026-06,202606130702,0.3088432340760663,3,0,0.0,15.467343984208563,1
V265_200_SIMPLE,14.0,2026-06,202606132204,0.32354833482458234,3,0,0.0,12.772519329896907,1
V265_200_SIMPLE,14.0,2026-06,202606141005,0.2638742457112587,3,0,0.0,11.856726849155505,0
V265_200_SIMPLE,14.0,2026-06,202606150310,0.5308857446143207,2,0,0.0,9.859756097560977,0
V265_200_SIMPLE,14.0,2026-06,202606151208,0.3020621145558779,2,0,0.0,6.481159420289856,0
V265_200_SIMPLE,14.0,2026-06,202606180205,0.3726811362051988,2,0,0.0,4.699530516431925,0
V265_200_SIMPLE,14.0,2026-06,202606190903,0.2751295789667688,2,0,0.0,11.726513569937369,0
V265_200_SIMPLE,14.0,2026-06,202606192007,0.21729496019854358,2,1,106260.00000000001,10.631434599156119,1
V265_200_SIMPLE,14.0,2026-06,202606192107,0.34260518286528036,3,0,0.0,12.620396600566572,0
V265_200_SIMPLE,14.0,2026-06,202606200903,0.30523867147278194,4,0,0.0,13.947205722080998,0
V265_200_SIMPLE,14.0,2026-06,202606201709,0.38372815591196674,2,0,0.0,11.668522483940043,1
V265_200_SIMPLE,14.0,2026-06,202606202108,0.2382506147622632,2,0,0.0,6.161389961389962,0
V265_200_SIMPLE,14.0,2026-06,202606210608,0.23286555834620887,2,0,0.0,8.346518105849583,0
V265_200_SIMPLE,14.0,2026-06,202606210906,0.3041124097507549,2,1,49680.0,4.964634146341463,1
V265_200_SIMPLE,14.0,2026-06,202606222204,0.2856382398845336,4,0,0.0,13.066614746019123,0
V265_200_SIMPLE,14.0,2026-06,202606232303,0.2512676777790965,6,0,0.0,13.794161601048883,0
V265_200_SIMPLE,14.0,2026-06,202606240605,0.2705017825228434,2,1,112640.00000000001,11.200000000000001,1
V265_200_SIMPLE,14.0,2026-06,202606241207,0.48921552548638136,2,0,0.0,12.55538160469667,1
V265_200_SIMPLE,14.0,2026-06,202606241210,0.31085610669553543,2,0,0.0,8.1865889212828,0
V265_200_SIMPLE,14.0,2026-06,202606252106,0.21462238645476162,2,0,0.0,8.0,1
V265_200_SIMPLE,14.0,2026-06,202606260304,0.3717601270574377,2,0,0.0,12.496237623762376,0
V265_200_SIMPLE,14.0,2026-06,202606260410,0.37058461627968386,3,0,0.0,15.260225648154249,0
V265_200_SIMPLE,14.0,2026-06,202606260705,0.676686004197826,2,0,0.0,5.211428571428571,1
V265_200_SIMPLE,14.0,2026-06,202606261709,0.29162638608569125,2,0,0.0,12.3,0
V265_200_SIMPLE,14.0,2026-06,202606280204,0.27826311680280424,3,0,0.0,13.350346712384738,0
V265_200_SIMPLE,14.0,2026-06,202606280205,0.2763410497280871,2,0,0.0,4.680851063829787,0
V265_200_SIMPLE,14.0,2026-06,202606280508,0.341726364958361,2,0,0.0,10.065777777777779,0
V265_200_SIMPLE,14.0,2026-06,202606281008,0.29171165306468727,2,0,0.0,9.617158671586715,0
V265_200_SIMPLE,14.0,2026-06,202606290310,0.246574449172836,13,0,0.0,12.474645887506886,1
V265_200_SIMPLE,14.0,2026-06,202606290806,0.2340736233363151,2,0,0.0,10.50532212885154,1
V265_200_SIMPLE,14.0,2026-06,202606292011,0.2816613209111828,2,0,0.0,10.499787685774947,0
V265_200_SIMPLE,14.0,2026-06,202606302304,0.29714698406663553,2,0,0.0,5.979583333333333,0
