actual_combo,approved_A,approved_S,date,grade,head,head_hit,history_adjust_online,history_pct_online,invest6,kimarite,model,payout100,preview_comp,production_buy,race_code,ranked_others,return6,route_hit,score,ticket6_hit,tickets6,tilt,tilt_bonus,winner
1-6-4,0,0,2026-06-01,B,3,0,0.0,0.5,0,逃げ,3まくり差し,2390,0.536,0,202606010105,6-1-4-5-2,0,0,53.55,0,3-6-1;3-6-4;3-6-5;3-1-6;3-1-4;3-1-5,0,-0.05,1
1-2-5,0,0,2026-06-01,B,3,0,0.0,0.5,0,逃げ,3まくり差し,1830,0.271,0,202606010110,6-1-2-4-5,0,0,26.87,0,3-6-1;3-6-2;3-6-4;3-1-6;3-1-2;3-1-4,-0.5,-0.23,1
1-5-6,0,0,2026-06-01,B,3,0,0.0,0.5,0,逃げ,3まくり,7130,0.539,0,202606010512,6-1-2-4-5,0,0,53.69,0,3-6-1;3-6-2;3-6-4;3-1-6;3-1-2;3-1-4,0,-0.21,1
1-6-3,1,0,2026-06-01,A,3,0,0.0,0.5,600,逃げ,3まくり差し,8000,0.647,1,202606010806,5-1-4-2-6,0,0,64.47,0,3-5-1;3-5-4;3-5-2;3-1-5;3-1-4;3-1-2,-0.5,-0.23,1
1-3-4,0,0,2026-06-01,B,3,0,0.0,0.5,0,逃げ,3まくり,1940,0.527,0,202606010903,1-5-6-4-2,0,0,52.65,0,3-1-5;3-1-6;3-1-4;3-5-1;3-5-6;3-5-4,-0.5,-0.05,1
1-6-3,1,0,2026-06-01,A,3,0,0.0,0.5,600,逃げ,3まくり差し,9260,0.649,1,202606010911,1-6-4-2-5,0,0,64.85,0,3-1-6;3-1-4;3-1-2;3-6-1;3-6-4;3-6-2,0,-0.05,1
1-3-4,1,0,2026-06-01,A,3,0,0.0,0.5,600,逃げ,3まくり差し,910,0.617,1,202606010912,1-5-2-6-4,0,0,61.47,0,3-1-5;3-1-2;3-1-6;3-5-1;3-5-2;3-5-6,-0.5,-0.23,1
2-1-5,0,0,2026-06-01,B,3,0,0.0,0.5,0,まくり,3まくり差し,7690,0.415,0,202606011104,5-1-2-4-6,0,0,41.45,0,3-5-1;3-5-2;3-5-4;3-1-5;3-1-2;3-1-4,0,-0.05,2
3-1-2,0,0,2026-06-01,B,3,1,0.0,0.5,0,まくり,3まくり差し,2800,0.415,0,202606011107,2-6-5-4-1,0,0,41.45,0,3-2-6;3-2-5;3-2-4;3-6-2;3-6-5;3-6-4,0,-0.05,3
3-2-1,1,0,2026-06-01,A,3,1,0.0,0.5,600,まくり差し,3まくり差し,6060,0.619,1,202606011201,4-5-2-1-6,0,1,61.67,0,3-4-5;3-4-2;3-4-1;3-5-4;3-5-2;3-5-1,-0.5,-0.23,3
4-2-5,0,0,2026-06-01,B,3,0,0.0,0.5,0,まくり差し,3まくり,18960,0.43625,0,202606011202,5-2-4-1-6,0,0,43.575,0,3-5-2;3-5-4;3-5-1;3-2-5;3-2-4;3-2-1,-0.5,-0.05,4
3-2-1,1,1,2026-06-01,S,3,1,0.0,0.5,600,まくり,3まくり差し,1840,0.743,1,202606011204,2-6-1-5-4,1840,0,74.07,1,3-2-6;3-2-1;3-2-5;3-6-2;3-6-1;3-6-5,-0.5,-0.23,3
1-5-4,0,0,2026-06-01,B,3,0,0.0,0.5,0,逃げ,3まくり差し,13720,0.473,0,202606011301,1-5-6-2-4,0,0,47.25,0,3-1-5;3-1-6;3-1-2;3-5-1;3-5-6;3-5-2,0,-0.05,1
1-2-5,1,1,2026-06-01,S,3,0,0.0,0.5,600,逃げ,3まくり差し,3020,0.763,1,202606011410,1-2-5-4-6,0,0,77.64,0,3-1-2;3-1-5;3-1-4;3-2-1;3-2-5;3-2-4,0.5,1.34,1
2-5-1,1,0,2026-06-01,A,3,0,0.0,0.5,600,差し,3まくり差し,9100,0.635,1,202606012003,6-5-4-2-1,0,0,63.27,0,3-6-5;3-6-4;3-6-2;3-5-6;3-5-4;3-5-2,-0.5,-0.23,2
1-2-3,0,0,2026-06-01,B,3,0,0.0,0.5,0,逃げ,3まくり差し,520,0.505,0,202606012311,1-4-6-2-5,0,0,50.27,0,3-1-4;3-1-6;3-1-2;3-4-1;3-4-6;3-4-2,-0.5,-0.23,1
1-4-2,1,0,2026-06-01,A,3,0,0.0,0.5,600,抜き,3まくり差し,1780,0.632,1,202606010107,1-2-4-6-5,0,0,62.97,0,3-1-2;3-1-4;3-1-6;3-2-1;3-2-4;3-2-6,-0.5,-0.23,1
2-1-5,0,0,2026-06-01,B,3,0,0.0,0.5,0,差し,3まくり差し,3800,0.299,0,202606010109,6-1-2-5-4,0,0,29.67,0,3-6-1;3-6-2;3-6-5;3-1-6;3-1-2;3-1-5,-0.5,-0.23,2
3-4-6,0,0,2026-06-01,B,3,1,0.0,0.5,0,まくり,3まくり差し,10670,0.323,0,202606012007,4-5-1-6-2,0,0,32.07,1,3-4-5;3-4-1;3-4-6;3-5-4;3-5-1;3-5-6,-0.5,-0.23,3
1-4-2,0,0,2026-06-01,B,3,0,0.0,0.5,0,逃げ,3まくり差し,3550,0.501,0,202606012012,1-6-2-5-4,0,0,50.05,0,3-1-6;3-1-2;3-1-5;3-6-1;3-6-2;3-6-5,0,-0.05,1
4-1-3,0,0,2026-06-01,B,3,0,0.0,0.5,0,抜き,3まくり差し,11550,0.517,0,202606012302,1-6-4-5-2,0,0,51.65,0,3-1-6;3-1-4;3-1-5;3-6-1;3-6-4;3-6-5,0,-0.05,4
2-4-5,1,1,2026-06-01,S,4,0,0.0,0.5,600,まくり,4カドまくり,6190,0.875,0,202606010102,2-3-1-6-5,0,0,86.31,0,4-2-3;4-2-1;4-2-6;4-3-2;4-3-1;4-3-6,-0.5,-1.19,2
3-5-4,0,0,2026-06-01,B,4,0,0.0,0.5,0,まくり,4カドまくり,4470,0.529,0,202606010103,5-6-3-2-1,0,0,51.71,0,4-5-6;4-5-3;4-5-2;4-6-5;4-6-3;4-6-2,-0.5,-1.19,3
3-1-5,1,1,2026-06-01,S,4,0,0.0,0.5,600,まくり差し,4カドまくり,6530,0.713,0,202606010111,3-1-2-5-6,0,0,70.11,0,4-3-1;4-3-2;4-3-5;4-1-3;4-1-2;4-1-5,-0.5,-1.19,3
2-5-4,1,1,2026-06-01,S,4,0,0.0,0.5,600,まくり,4カドまくり,1280,0.717,0,202606010506,5-2-6-1-3,0,0,71.66,0,4-5-2;4-5-6;4-5-1;4-2-5;4-2-6;4-2-1,0,-0.04,2
2-1-4,1,0,2026-06-01,A,4,0,0.0,0.5,600,まくり,4カドまくり,1810,0.649,0,202606010508,2-1-6-3-5,0,0,64.86,0,4-2-1;4-2-6;4-2-3;4-1-2;4-1-6;4-1-3,0,-0.04,2
1-5-3,0,0,2026-06-01,B,4,0,0.0,0.5,0,抜き,4カドまくり,4750,0.301,0,202606010808,3-5-1-2-6,0,0,30.06,0,4-3-5;4-3-1;4-3-2;4-5-3;4-5-1;4-5-2,0,-0.04,1
2-1-5,1,1,2026-06-01,S,4,0,0.0,0.5,600,差し,4カドまくり,17790,0.749,0,202606011111,1-5-6-2-3,0,0,74.86,0,4-1-5;4-1-6;4-1-2;4-5-1;4-5-6;4-5-2,0,-0.04,2
6-5-2,0,0,2026-06-01,B,4,0,0.0,0.5,0,まくり差し,4カドまくり,9560,0.15,0,202606011203,6-2-5-3-1,0,0,13.81,0,4-6-2;4-6-5;4-6-3;4-2-6;4-2-5;4-2-3,-0.5,-1.19,6
1-5-6,1,1,2026-06-01,S,4,0,0.0,0.5,600,逃げ,4カドまくり,12090,0.825,0,202606012010,1-6-2-3-5,0,0,81.31,0,4-1-6;4-1-2;4-1-3;4-6-1;4-6-2;4-6-3,-0.5,-1.19,1
2-1-5,0,0,2026-06-01,B,4,0,0.0,0.5,0,差し,4カドまくり,3850,0.479,0,202606012310,2-6-1-5-3,0,0,46.71,0,4-2-6;4-2-1;4-2-5;4-6-2;4-6-1;4-6-5,-0.5,-1.19,2
3-4-1,1,1,2026-06-01,S,4,0,0.0,0.5,600,抜き,4カドまくり,8680,0.901,0,202606012402,5-6-1-2-3,0,0,88.91,0,4-5-6;4-5-1;4-5-2;4-6-5;4-6-1;4-6-2,-0.5,-1.19,3
1-4-3,0,0,2026-06-01,B,4,0,0.0,0.5,0,逃げ,4カドまくり,580,0.495,0,202606012406,1-6-2-3-5,0,0,49.46,0,4-1-6;4-1-2;4-1-3;4-6-1;4-6-2;4-6-3,0,-0.04,1
1-4-3,1,1,2026-06-02,S,3,0,0.0952,0.5238,600,逃げ,3まくり差し,1190,0.741,1,202606020102,4-1-6-2-5,0,0,73.9652,0,3-4-1;3-4-6;3-4-2;3-1-4;3-1-6;3-1-2,-0.5,-0.23,1
1-5-2,1,0,2026-06-02,A,3,0,-2.0,0.0,600,逃げ,3まくり,11040,0.617,1,202606020503,5-6-4-1-2,0,0,59.49,0,3-5-6;3-5-4;3-5-1;3-6-5;3-6-4;3-6-1,0,-0.21,1
4-5-2,1,0,2026-06-02,A,3,0,0.5,0.625,600,まくり差し,3まくり,16940,0.63833,1,202606020506,4-5-1-2-6,0,0,64.1233,0,3-4-5;3-4-1;3-4-2;3-5-4;3-5-1;3-5-2,0,-0.21,4
1-3-2,1,0,2026-06-02,A,3,0,0.6667,0.6667,600,逃げ,3まくり差し,1040,0.579,1,202606020508,4-6-1-2-5,0,0,58.3367,0,3-4-6;3-4-1;3-4-2;3-6-4;3-6-1;3-6-2,-0.5,-0.23,1
1-5-4,0,0,2026-06-02,B,3,0,-1.0476,0.2381,0,逃げ,3まくり差し,4800,0.474,0,202606021010,4-5-6-1-2,0,0,46.3024,0,3-4-5;3-4-6;3-4-1;3-5-4;3-5-6;3-5-1,0,-0.05,1
1-3-5,0,0,2026-06-02,B,3,0,-2.0,0.0,0,逃げ,3まくり差し,1240,0.44,0,202606021111,1-4-2-5-6,0,0,43.34,0,3-1-4;3-1-2;3-1-5;3-4-1;3-4-2;3-4-5,0.5,1.34,1
6-3-1,1,0,2026-06-02,A,3,0,0.6667,0.6667,600,まくり差し,3まくり差し,21320,0.654,1,202606022004,6-2-5-1-4,0,0,66.0167,0,3-6-2;3-6-5;3-6-1;3-2-6;3-2-5;3-2-1,0,-0.05,6
6-4-2,1,1,2026-06-02,S,3,0,-2.0,0.0,600,恵まれ,3まくり差し,350,0.696,1,202606022007,6-1-4-5-2,0,0,67.37,0,3-6-1;3-6-4;3-6-5;3-1-6;3-1-4;3-1-5,-0.5,-0.23,6
1-3-5,1,1,2026-06-02,S,3,0,-0.6667,0.3333,600,逃げ,3まくり差し,1440,0.727,1,202606022303,4-1-5-2-6,0,0,71.9833,0,3-4-1;3-4-5;3-4-2;3-1-4;3-1-5;3-1-2,0,-0.05,1
1-6-2,1,0,2026-06-02,A,3,0,1.2381,0.8095,600,逃げ,3まくり差し,5290,0.621,1,202606022312,1-2-6-4-5,0,0,63.2881,0,3-1-2;3-1-6;3-1-4;3-2-1;3-2-6;3-2-4,0,-0.05,1
1-2-3,0,0,2026-06-02,B,3,0,1.4286,0.8571,0,逃げ,3まくり差し,770,0.533,0,202606020112,4-5-1-6-2,0,0,54.6786,0,3-4-5;3-4-1;3-4-6;3-5-4;3-5-1;3-5-6,0,-0.05,1
1-2-4,0,0,2026-06-02,B,3,0,0.6667,0.6667,0,逃げ,3まくり差し,4670,0.36,0,202606021104,4-5-1-2-6,0,0,38.0067,0,3-4-5;3-4-1;3-4-2;3-5-4;3-5-1;3-5-2,0.5,1.34,1
3-1-5,0,0,2026-06-02,B,3,1,-0.6667,0.3333,0,まくり差し,3まくり差し,5160,0.552,0,202606021112,1-5-2-4-6,0,1,54.4833,1,3-1-5;3-1-2;3-1-4;3-5-1;3-5-2;3-5-4,0,-0.05,3
4-5-3,0,0,2026-06-02,B,3,0,-2.0,0.0,0,まくり,3まくり差し,2920,0.213,0,202606021202,4-5-6-2-1,0,0,19.07,0,3-4-5;3-4-6;3-4-2;3-5-4;3-5-6;3-5-2,-0.5,-0.23,4
2-3-6,0,0,2026-06-02,B,3,0,-1.0476,0.2381,0,まくり,3まくり差し,8830,0.397,0,202606021410,2-4-1-5-6,0,0,38.4224,0,3-2-4;3-2-1;3-2-5;3-4-2;3-4-1;3-4-5,-0.5,-0.23,2
2-1-5,1,0,2026-06-02,A,3,0,-2.0,0.0,600,抜き,3まくり差し,13510,0.657,1,202606022302,4-6-1-5-2,0,0,63.65,0,3-4-6;3-4-1;3-4-5;3-6-4;3-6-1;3-6-5,0,-0.05,2
1-2-4,0,0,2026-06-02,B,3,0,0.2857,0.5714,0,逃げ,3まくり差し,1040,0.521,0,202606022311,1-6-2-5-4,0,0,52.3357,0,3-1-6;3-1-2;3-1-5;3-6-1;3-6-2;3-6-5,0,-0.05,1
3-2-5,1,0,2026-06-02,A,4,0,-2.0,0.0,600,まくり差し,4カドまくり,13150,0.583,0,202606020103,6-5-3-2-1,0,0,56.26,0,4-6-5;4-6-3;4-6-2;4-5-6;4-5-3;4-5-2,0,-0.04,3
3-5-4,0,0,2026-06-02,B,4,0,-1.3333,0.1667,0,まくり,4カドまくり,33460,0.515,0,202606020110,6-5-2-3-1,0,0,50.1267,0,4-6-5;4-6-2;4-6-3;4-5-6;4-5-2;4-5-3,0,-0.04,3
1-2-3,1,1,2026-06-02,S,4,0,0.6667,0.6667,600,逃げ,4カドまくり,770,0.747,0,202606020112,3-5-1-6-2,0,0,75.3267,0,4-3-5;4-3-1;4-3-6;4-5-3;4-5-1;4-5-6,0,-0.04,1
3-4-1,0,0,2026-06-02,B,4,0,2.0,1.0,0,まくり,4カドまくり,3760,0.513,0,202606020504,2-1-3-5-6,0,0,52.11,0,4-2-1;4-2-3;4-2-5;4-1-2;4-1-3;4-1-5,-0.5,-1.19,3
1-6-3,0,0,2026-06-02,B,4,0,-1.3333,0.1667,0,逃げ,4カドまくり,7610,0.563,0,202606020906,6-1-2-3-5,0,0,53.7767,0,4-6-1;4-6-2;4-6-3;4-1-6;4-1-2;4-1-3,-0.5,-1.19,1
4-5-1,1,1,2026-06-02,S,4,1,1.3333,0.8333,600,差し,4カドまくり,2450,0.925,0,202606020909,6-5-1-2-3,2450,0,93.7933,1,4-6-5;4-6-1;4-6-2;4-5-6;4-5-1;4-5-2,0,-0.04,4
4-5-6,0,0,2026-06-02,B,4,1,0.3333,0.5833,0,まくり,4カドまくり,31510,0.503,0,202606020910,6-1-3-2-5,0,1,49.4433,0,4-6-1;4-6-3;4-6-2;4-1-6;4-1-3;4-1-2,-0.5,-1.19,4
6-1-4,0,0,2026-06-02,B,4,0,0.6667,0.6667,0,まくり,4カドまくり,91070,0.455,0,202606020912,1-2-5-6-3,0,0,44.9767,0,4-1-2;4-1-5;4-1-6;4-2-1;4-2-5;4-2-6,-0.5,-1.19,6
4-5-2,0,0,2026-06-02,B,4,1,-0.3333,0.4167,0,まくり,4カドまくり,2740,0.537,0,202606021007,2-6-5-1-3,0,1,53.3267,0,4-2-6;4-2-5;4-2-1;4-6-2;4-6-5;4-6-1,0,-0.04,4
1-4-3,0,0,2026-06-02,B,4,0,-0.3333,0.4167,0,逃げ,4カドまくり,2440,0.111,0,202606021012,6-1-5-2-3,0,0,13.7667,0,4-6-1;4-6-5;4-6-2;4-1-6;4-1-5;4-1-2,0.5,3.0,1
3-1-2,1,0,2026-06-02,A,4,0,-1.0,0.25,600,まくり差し,4カドまくり,5200,0.573,0,202606021203,2-6-3-5-1,0,0,55.11,0,4-2-6;4-2-3;4-2-5;4-6-2;4-6-3;4-6-5,-0.5,-1.19,3
1-4-5,1,0,2026-06-02,A,4,0,-1.3333,0.1667,600,逃げ,4カドまくり,3790,0.62,0,202606021207,5-3-2-1-6,0,0,60.6267,0,4-5-3;4-5-2;4-5-1;4-3-5;4-3-2;4-3-1,0,-0.04,1
2-1-3,1,1,2026-06-02,S,4,0,2.0,1.0,600,差し,4カドまくり,3340,0.73,0,202606021209,2-1-5-3-6,0,0,74.96,0,4-2-1;4-2-5;4-2-3;4-1-2;4-1-5;4-1-3,0,-0.04,2
1-3-4,1,0,2026-06-02,A,4,0,-1.3333,0.1667,600,逃げ,4カドまくり,1350,0.566,0,202606021306,1-2-6-5-3,0,0,55.2267,0,4-1-2;4-1-6;4-1-5;4-2-1;4-2-6;4-2-5,0,-0.04,1
1-3-4,0,0,2026-06-02,B,4,0,1.3333,0.8333,0,逃げ,4カドまくり,1450,0.443,0,202606021908,1-5-2-6-3,0,0,45.5933,0,4-1-5;4-1-2;4-1-6;4-5-1;4-5-2;4-5-6,0,-0.04,1
3-1-2,0,0,2026-06-02,B,4,0,-1.0,0.25,0,抜き,4カドまくり,12680,0.344,0,202606022009,1-6-3-2-5,0,0,33.36,0,4-1-6;4-1-3;4-1-2;4-6-1;4-6-3;4-6-2,0,-0.04,3
2-1-4,0,0,2026-06-02,B,4,0,0.6667,0.6667,0,差し,4カドまくり,1020,0.333,0,202606022010,1-2-6-5-3,0,0,32.7767,0,4-1-2;4-1-6;4-1-5;4-2-1;4-2-6;4-2-5,-0.5,-1.19,2
1-3-5,1,1,2026-06-02,S,4,0,-1.6667,0.0833,600,逃げ,4カドまくり,6260,0.775,0,202606022307,5-6-1-3-2,0,0,74.6433,0,4-5-6;4-5-1;4-5-3;4-6-5;4-6-1;4-6-3,-0.5,-1.19,1
2-1-3,0,0,2026-06-02,B,4,0,-2.0,0.0,0,差し,4カドまくり,1420,0.275,0,202606022309,2-1-5-3-6,0,0,25.46,0,4-2-1;4-2-5;4-2-3;4-1-2;4-1-5;4-1-3,0,-0.04,2
,0,0,2026-06-02,B,4,0,-2.0,0.0,0,,4カドまくり,0,0.5,0,202606022405,5-6-3-1-2,0,0,47.96,0,4-5-6;4-5-3;4-5-1;4-6-5;4-6-3;4-6-1,0,-0.04,0
1-3-6,0,0,2026-06-03,B,3,0,-0.1538,0.4615,0,逃げ,3まくり,1780,0.393,0,202606030509,4-1-6-2-5,0,0,38.9362,0,3-4-1;3-4-6;3-4-2;3-1-4;3-1-6;3-1-2,0,-0.21,1
,0,0,2026-06-03,B,3,0,-1.7895,0.0526,0,,3まくり差し,0,0.5,0,202606031011,2-5-6-1-4,0,0,48.1605,0,3-2-5;3-2-6;3-2-1;3-5-2;3-5-6;3-5-1,0,-0.05,0
1-3-5,1,0,2026-06-03,A,3,0,-1.0769,0.2308,600,逃げ,3まくり,1200,0.66167,1,202606031111,1-5-4-2-6,0,0,64.8797,0,3-1-5;3-1-4;3-1-2;3-5-1;3-5-4;3-5-2,0,-0.21,1
3-1-2,1,0,2026-06-03,A,3,1,1.8947,0.9737,600,まくり差し,3まくり差し,3550,0.649,1,202606031309,2-6-5-1-4,0,1,66.7447,0,3-2-6;3-2-5;3-2-1;3-6-2;3-6-5;3-6-1,0,-0.05,3
5-6-1,1,1,2026-06-03,S,3,0,1.2308,0.8077,600,まくり差し,3まくり,16410,0.89633,1,202606031907,5-1-6-4-2,0,0,90.6541,0,3-5-1;3-5-6;3-5-4;3-1-5;3-1-6;3-1-4,0,-0.21,5
1-3-2,0,0,2026-06-03,B,3,0,1.6923,0.9231,0,逃げ,3まくり,860,0.20367,0,202606032004,1-5-6-4-2,0,0,22.009,0,3-1-5;3-1-6;3-1-4;3-5-1;3-5-6;3-5-4,-0.5,-0.05,1
1-3-4,1,1,2026-06-03,S,3,0,-0.7368,0.3158,600,逃げ,3まくり差し,360,0.683,1,202606032103,1-4-5-2-6,0,0,67.5132,0,3-1-4;3-1-5;3-1-2;3-4-1;3-4-5;3-4-2,0,-0.05,1
1-2-4,0,0,2026-06-03,B,3,0,-0.7368,0.3158,0,逃げ,3まくり差し,1920,0.251,0,202606032411,5-1-6-4-2,0,0,24.1332,0,3-5-1;3-5-6;3-5-4;3-1-5;3-1-6;3-1-4,-0.5,-0.23,1
,0,0,2026-06-03,B,3,0,1.2632,0.8158,0,,3まくり差し,0,0.5,0,202606031002,1-4-6-2-5,0,0,51.2132,0,3-1-4;3-1-6;3-1-2;3-4-1;3-4-6;3-4-2,0,-0.05,0
1-2-3,1,1,2026-06-03,S,3,0,0.4211,0.6053,600,逃げ,3まくり差し,570,0.769,1,202606031107,1-2-4-5-6,0,0,77.2711,0,3-1-2;3-1-4;3-1-5;3-2-1;3-2-4;3-2-5,0,-0.05,1
1-6-2,0,0,2026-06-03,B,3,0,-1.3684,0.1579,0,逃げ,3まくり差し,15180,0.517,0,202606031210,4-6-5-1-2,0,0,50.2816,0,3-4-6;3-4-5;3-4-1;3-6-4;3-6-5;3-6-1,0,-0.05,1
1-5-3,0,0,2026-06-03,B,3,0,0.8421,0.7105,0,逃げ,3まくり差し,2810,0.247,0,202606031212,2-5-1-4-6,0,0,25.4921,0,3-2-5;3-2-1;3-2-4;3-5-2;3-5-1;3-5-4,0,-0.05,1
1-2-6,0,0,2026-06-03,B,3,0,-0.1053,0.4737,0,逃げ,3まくり差し,19930,0.269,0,202606031307,4-5-1-6-2,0,0,26.7447,0,3-4-5;3-4-1;3-4-6;3-5-4;3-5-1;3-5-6,0,-0.05,1
3-4-6,0,0,2026-06-03,B,3,1,-1.8947,0.0263,0,まくり,3まくり差し,5340,0.347,0,202606032012,4-5-1-6-2,0,0,32.5753,1,3-4-5;3-4-1;3-4-6;3-5-4;3-5-1;3-5-6,-0.5,-0.23,3
1-6-2,0,0,2026-06-03,B,3,0,-0.7368,0.3158,0,逃げ,3まくり差し,2960,0.195,0,202606032104,1-6-5-4-2,0,0,18.7132,0,3-1-6;3-1-5;3-1-4;3-6-1;3-6-5;3-6-4,0,-0.05,1
6-3-1,1,1,2026-06-03,S,3,0,-0.7368,0.3158,600,まくり差し,3まくり差し,2760,0.729,1,202606032410,6-4-1-5-2,0,0,72.1132,0,3-6-4;3-6-1;3-6-5;3-4-6;3-4-1;3-4-5,0,-0.05,6
2-4-5,0,0,2026-06-03,B,4,0,-0.75,0.3125,0,差し,4カドまくり,1990,0.345,0,202606030503,2-5-1-6-3,0,0,32.56,0,4-2-5;4-2-1;4-2-6;4-5-2;4-5-1;4-5-6,-0.5,-1.19,2
,0,0,2026-06-03,B,4,0,1.0,0.75,0,,4カドまくり,0,0.5,0,202606031007,2-5-6-3-1,0,0,50.96,0,4-2-5;4-2-6;4-2-3;4-5-2;4-5-6;4-5-3,0,-0.04,0
2-1-5,0,0,2026-06-03,B,4,0,0.875,0.7188,0,差し,4カドまくり,5120,0.315,0,202606031101,5-2-1-3-6,0,0,32.335,0,4-5-2;4-5-1;4-5-3;4-2-5;4-2-1;4-2-3,0,-0.04,2
2-4-3,0,0,2026-06-03,B,4,0,-0.625,0.3438,0,まくり,4カドまくり,1840,0.513,0,202606031103,2-1-3-6-5,0,0,50.635,0,4-2-1;4-2-3;4-2-6;4-1-2;4-1-3;4-1-6,0,-0.04,2
1-2-3,0,0,2026-06-03,B,4,0,-1.125,0.2188,0,逃げ,4カドまくり,2680,0.401,0,202606031203,1-6-5-3-2,0,0,37.785,0,4-1-6;4-1-5;4-1-3;4-6-1;4-6-5;4-6-3,-0.5,-1.19,1
1-2-5,1,0,2026-06-03,A,4,0,-0.625,0.3438,600,逃げ,4カドまくり,2300,0.595,0,202606031209,1-2-5-3-6,0,0,57.685,0,4-1-2;4-1-5;4-1-3;4-2-1;4-2-5;4-2-3,-0.5,-1.19,1
1-2-6,0,0,2026-06-03,B,4,0,0.375,0.5938,0,逃げ,4カドまくり,19930,0.442,0,202606031307,3-5-1-6-2,0,0,43.385,0,4-3-5;4-3-1;4-3-6;4-5-3;4-5-1;4-5-6,-0.5,-1.19,1
1-6-2,1,0,2026-06-03,A,4,0,0.125,0.5312,600,逃げ,4カドまくり,5560,0.627,0,202606032109,1-6-5-2-3,0,0,62.785,0,4-1-6;4-1-5;4-1-2;4-6-1;4-6-5;4-6-2,0,-0.04,1
4-1-2,1,1,2026-06-03,S,4,1,-0.875,0.2812,600,差し,4カドまくり,3390,0.725,0,202606032403,6-3-1-5-2,0,0,71.585,0,4-6-3;4-6-1;4-6-5;4-3-6;4-3-1;4-3-5,0,-0.04,4
2-1-3,1,1,2026-06-03,S,4,0,0.125,0.5312,600,差し,4カドまくり,8790,0.921,0,202606032405,5-1-2-3-6,0,0,95.225,0,4-5-1;4-5-2;4-5-3;4-1-5;4-1-2;4-1-3,0.5,3.0,2
1-4-5,0,0,2026-06-04,B,3,0,-0.5185,0.3704,0,逃げ,3まくり差し,1810,0.471,0,202606040310,1-5-4-2-6,0,0,47.9215,0,3-1-5;3-1-4;3-1-2;3-5-1;3-5-4;3-5-2,0.5,1.34,1
1-4-3,0,0,2026-06-04,B,3,0,-0.4706,0.3824,0,逃げ,3まくり,2920,0.34833,0,202606040510,6-2-5-1-4,0,0,34.1527,0,3-6-2;3-6-5;3-6-1;3-2-6;3-2-5;3-2-1,0,-0.21,1
1-4-3,0,0,2026-06-04,B,3,0,-0.5185,0.3704,0,逃げ,3まくり差し,2540,0.529,0,202606040704,5-4-1-6-2,0,0,52.1515,0,3-5-4;3-5-1;3-5-6;3-4-5;3-4-1;3-4-6,-0.5,-0.23,1
3-1-5,1,1,2026-06-04,S,3,1,-0.5185,0.3704,600,まくり差し,3まくり差し,600,0.795,1,202606040705,1-5-2-6-4,600,1,78.7515,1,3-1-5;3-1-2;3-1-6;3-5-1;3-5-2;3-5-6,-0.5,-0.23,3
3-1-6,1,0,2026-06-04,A,3,1,-0.5185,0.3704,600,まくり差し,3まくり差し,2140,0.619,1,202606040711,6-4-1-5-2,0,1,61.3315,0,3-6-4;3-6-1;3-6-5;3-4-6;3-4-1;3-4-5,0,-0.05,3
1-3-2,0,0,2026-06-04,B,3,0,-0.5882,0.3529,0,逃げ,3まくり,2560,0.39367,0,202606040903,5-4-1-6-2,0,0,38.5684,0,3-5-4;3-5-1;3-5-6;3-4-5;3-4-1;3-4-6,0,-0.21,1
3-1-4,1,1,2026-06-04,S,3,1,-0.963,0.2593,600,抜き,3まくり差し,2100,0.891,1,202606040906,5-1-2-4-6,2100,0,88.087,1,3-5-1;3-5-2;3-5-4;3-1-5;3-1-2;3-1-4,0,-0.05,3
1-4-2,1,1,2026-06-04,S,3,0,1.5294,0.8824,600,逃げ,3まくり,5080,0.851,1,202606040908,4-1-6-5-2,0,0,86.4194,0,3-4-1;3-4-6;3-4-5;3-1-4;3-1-6;3-1-5,0,-0.21,1
4-2-3,1,1,2026-06-04,S,3,0,-0.5185,0.3704,600,差し,3まくり差し,40390,0.703,1,202606041011,2-5-6-1-4,0,0,69.7315,0,3-2-5;3-2-6;3-2-1;3-5-2;3-5-6;3-5-1,0,-0.05,4
1-5-4,1,0,2026-06-04,A,3,0,0.0741,0.5185,600,逃げ,3まくり差し,5400,0.629,1,202606041310,5-2-6-1-4,0,0,62.9241,0,3-5-2;3-5-6;3-5-1;3-2-5;3-2-6;3-2-1,0,-0.05,1
1-3-2,0,0,2026-06-04,B,3,0,-0.7059,0.3235,0,逃げ,3まくり,1670,0.483,0,202606041702,2-6-5-4-1,0,0,47.5441,0,3-2-6;3-2-5;3-2-4;3-6-2;3-6-5;3-6-4,-0.5,-0.05,1
3-1-2,1,0,2026-06-04,A,3,1,1.2593,0.8148,600,まくり差し,3まくり差し,2800,0.589,1,202606041905,1-4-5-6-2,0,1,60.1093,0,3-1-4;3-1-5;3-1-6;3-4-1;3-4-5;3-4-6,0,-0.05,3
1-3-4,1,0,2026-06-04,A,3,0,-1.9259,0.0185,600,逃げ,3まくり差し,430,0.586,1,202606042006,1-6-4-5-2,0,0,56.6241,0,3-1-6;3-1-4;3-1-5;3-6-1;3-6-4;3-6-5,0,-0.05,1
6-5-3,1,1,2026-06-04,S,3,0,1.1765,0.7941,600,まくり,3まくり,149880,0.702,1,202606042009,4-6-1-5-2,0,0,71.1665,0,3-4-6;3-4-1;3-4-5;3-6-4;3-6-1;3-6-5,0,-0.21,6
1-2-3,1,1,2026-06-04,S,3,0,-0.8889,0.2778,600,逃げ,3まくり差し,1270,0.821,1,202606042103,5-1-6-4-2,0,0,80.9811,0,3-5-1;3-5-6;3-5-4;3-1-5;3-1-6;3-1-4,-0.5,-0.23,1
1-5-2,0,0,2026-06-04,B,3,0,-1.9259,0.0185,0,逃げ,3まくり差し,2980,0.329,0,202606042112,5-4-1-6-2,0,0,30.7441,0,3-5-4;3-5-1;3-5-6;3-4-5;3-4-1;3-4-6,-0.5,-0.23,1
3-1-5,1,1,2026-06-04,S,3,1,-0.5185,0.3704,600,差し,3まくり差し,4090,0.803,1,202606041002,1-4-6-2-5,0,0,79.7315,0,3-1-4;3-1-6;3-1-2;3-4-1;3-4-6;3-4-2,0,-0.05,3
1-4-5,0,0,2026-06-04,B,3,0,1.2593,0.8148,0,逃げ,3まくり差し,1890,0.463,0,202606041910,5-1-2-4-6,0,0,47.5093,0,3-5-1;3-5-2;3-5-4;3-1-5;3-1-2;3-1-4,0,-0.05,1
1-5-2,0,0,2026-06-04,B,3,0,-1.8519,0.037,0,逃げ,3まくり差し,13390,0.5,0,202606042012,6-4-2-1-5,0,0,48.0981,0,3-6-4;3-6-2;3-6-1;3-4-6;3-4-2;3-4-1,0,-0.05,1
3-1-4,0,0,2026-06-04,B,3,1,-0.8889,0.2778,0,まくり差し,3まくり差し,10650,0.293,0,202606042404,6-5-4-1-2,0,1,28.3611,0,3-6-5;3-6-4;3-6-1;3-5-6;3-5-4;3-5-1,0,-0.05,3
1-3-2,1,0,2026-06-04,A,3,0,-1.4074,0.1481,600,逃げ,3まくり差し,1020,0.597,1,202606042408,1-2-6-4-5,0,0,58.0626,0,3-1-2;3-1-6;3-1-4;3-2-1;3-2-6;3-2-4,-0.5,-0.23,1
6-1-2,0,0,2026-06-04,B,4,0,1.0476,0.7619,0,まくり差し,4カドまくり,10700,0.471,0,202606040501,1-3-6-2-5,0,0,48.1076,0,4-1-3;4-1-6;4-1-2;4-3-1;4-3-6;4-3-2,0,-0.04,6
4-2-6,0,0,2026-06-04,B,4,1,0.2857,0.5714,0,まくり,4カドまくり,980,0.537,0,202606040506,6-2-3-5-1,0,1,53.9457,1,4-6-2;4-6-3;4-6-5;4-2-6;4-2-3;4-2-5,0,-0.04,4
1-4-2,0,0,2026-06-04,B,4,0,-1.7143,0.0714,0,逃げ,4カドまくり,700,0.529,0,202606040910,1-5-2-3-6,0,0,51.1457,0,4-1-5;4-1-2;4-1-3;4-5-1;4-5-2;4-5-3,0,-0.04,1
1-4-2,1,1,2026-06-04,S,4,0,1.9048,0.9762,600,逃げ,4カドまくり,690,0.733,0,202606040912,2-5-1-6-3,0,0,78.2048,0,4-2-5;4-2-1;4-2-6;4-5-2;4-5-1;4-5-6,0.5,3.0,1
6-4-2,0,0,2026-06-04,B,4,0,0.2857,0.5714,0,差し,4カドまくり,42950,0.497,0,202606041007,2-6-5-3-1,0,0,49.9457,0,4-2-6;4-2-5;4-2-3;4-6-2;4-6-5;4-6-3,0,-0.04,6
1-5-4,0,0,2026-06-04,B,4,0,-0.7619,0.3095,0,逃げ,4カドまくり,5990,0.494,0,202606041306,1-2-6-5-3,0,0,48.5981,0,4-1-2;4-1-6;4-1-5;4-2-1;4-2-6;4-2-5,0,-0.04,1
3-2-1,0,0,2026-06-04,B,4,0,0.7619,0.6905,0,まくり,4カドまくり,11020,0.447,0,202606041908,3-1-2-6-5,0,0,45.4219,0,4-3-1;4-3-2;4-3-6;4-1-3;4-1-2;4-1-6,0,-0.04,3
3-2-5,0,0,2026-06-04,B,4,0,1.5238,0.881,0,まくり,4カドまくり,8320,0.327,0,202606042002,5-3-2-1-6,0,0,34.1838,0,4-5-3;4-5-2;4-5-1;4-3-5;4-3-2;4-3-1,0,-0.04,3
4-3-6,0,0,2026-06-04,B,4,1,-1.9048,0.0238,0,差し,4カドまくり,38660,0.145,0,202606042004,5-1-3-2-6,0,0,12.5552,0,4-5-1;4-5-3;4-5-2;4-1-5;4-1-3;4-1-2,0,-0.04,4
1-3-6,1,1,2026-06-04,S,4,0,0.4762,0.619,600,逃げ,4カドまくり,3840,0.975,0,202606042102,1-2-3-5-6,0,0,97.9362,0,4-1-2;4-1-3;4-1-5;4-2-1;4-2-3;4-2-5,0,-0.04,1
3-1-4,0,0,2026-06-04,B,4,0,-1.2381,0.1905,0,まくり差し,4カドまくり,10650,0.539,0,202606042404,6-5-1-3-2,0,0,52.6219,0,4-6-5;4-6-1;4-6-3;4-5-6;4-5-1;4-5-3,0,-0.04,3
3-5-1,0,0,2026-06-04,B,4,0,-0.2857,0.4286,0,抜き,4カドまくり,3960,0.467,0,202606042405,5-3-6-2-1,0,0,46.3743,0,4-5-3;4-5-6;4-5-2;4-3-5;4-3-6;4-3-2,0,-0.04,3
3-2-1,0,0,2026-06-05,B,3,1,-0.9867,0.2533,0,まくり差し,3まくり差し,3270,0.559,0,202606050306,6-1-2-5-4,0,1,54.8633,0,3-6-1;3-6-2;3-6-5;3-1-6;3-1-2;3-1-5,0,-0.05,3
3-1-4,1,0,2026-06-05,A,3,1,-0.08,0.48,600,まくり差し,3まくり,1680,0.612,1,202606050308,4-5-2-1-6,0,0,60.91,0,3-4-5;3-4-2;3-4-1;3-5-4;3-5-2;3-5-1,0,-0.21,3
3-1-5,0,0,2026-06-05,B,3,1,-0.88,0.28,0,まくり差し,3まくり差し,1110,0.407,0,202606050309,1-5-4-6-2,0,1,41.16,1,3-1-5;3-1-4;3-1-6;3-5-1;3-5-4;3-5-6,0.5,1.34,3
1-4-2,0,0,2026-06-05,B,3,0,-1.36,0.16,0,逃げ,3まくり差し,730,0.407,0,202606050707,1-4-2-6-5,0,0,39.11,0,3-1-4;3-1-2;3-1-6;3-4-1;3-4-2;3-4-6,-0.5,-0.23,1
1-4-5,0,0,2026-06-05,B,3,0,-0.32,0.42,0,逃げ,3まくり,1590,0.44767,0,202606050708,1-4-5-6-2,0,0,44.3967,0,3-1-4;3-1-5;3-1-6;3-4-1;3-4-5;3-4-6,-0.5,-0.05,1
1-6-2,1,1,2026-06-05,S,3,0,0.56,0.64,600,逃げ,3まくり,1890,0.80583,1,202606050709,6-2-1-4-5,0,0,81.0933,0,3-6-2;3-6-1;3-6-4;3-2-6;3-2-1;3-2-4,-0.5,-0.05,1
2-3-5,0,0,2026-06-05,B,3,0,-0.08,0.48,0,まくり,3まくり,3250,0.52833,0,202606050810,5-6-1-2-4,0,0,52.5433,0,3-5-6;3-5-1;3-5-2;3-6-5;3-6-1;3-6-2,0,-0.21,2
1-2-3,0,0,2026-06-05,B,3,0,-1.2,0.2,0,逃げ,3まくり,2020,0.52633,0,202606050811,6-1-4-5-2,0,0,51.2233,0,3-6-1;3-6-4;3-6-5;3-1-6;3-1-4;3-1-5,0,-0.21,1
5-1-2,0,0,2026-06-05,B,3,0,-1.04,0.24,0,まくり差し,3まくり,5530,0.50633,0,202606051007,5-6-1-2-4,0,0,49.3833,0,3-5-6;3-5-1;3-5-2;3-6-5;3-6-1;3-6-2,0,-0.21,5
4-3-5,1,0,2026-06-05,A,3,0,-0.9333,0.2667,600,まくり差し,3まくり差し,1620,0.679,1,202606051010,4-5-1-6-2,0,0,66.9167,0,3-4-5;3-4-1;3-4-6;3-5-4;3-5-1;3-5-6,0,-0.05,4
2-4-3,0,0,2026-06-05,B,3,0,-1.04,0.24,0,まくり,3まくり,5830,0.53967,0,202606051011,5-6-2-4-1,0,0,52.7167,0,3-5-6;3-5-2;3-5-4;3-6-5;3-6-2;3-6-4,0,-0.21,2
1-3-2,0,0,2026-06-05,B,3,0,-0.9867,0.2533,0,逃げ,3まくり差し,910,0.349,0,202606051301,5-1-4-6-2,0,0,33.8633,0,3-5-1;3-5-4;3-5-6;3-1-5;3-1-4;3-1-6,0,-0.05,1
5-4-6,0,0,2026-06-05,B,3,0,1.52,0.88,0,まくり差し,3まくり差し,21350,0.415,0,202606051706,6-5-4-2-1,0,0,42.79,0,3-6-5;3-6-4;3-6-2;3-5-6;3-5-4;3-5-2,-0.5,-0.23,5
3-1-5,1,1,2026-06-05,S,3,1,-0.1867,0.4533,600,まくり,3まくり差し,3330,0.695,1,202606051805,6-1-5-4-2,3330,0,69.2633,1,3-6-1;3-6-5;3-6-4;3-1-6;3-1-5;3-1-4,0,-0.05,3
3-1-5,1,1,2026-06-05,S,3,1,-0.32,0.42,600,まくり,3まくり,790,0.758,1,202606051807,5-2-1-6-4,0,1,75.27,0,3-5-2;3-5-1;3-5-6;3-2-5;3-2-1;3-2-6,0,-0.21,3
1-2-5,1,0,2026-06-05,A,3,0,-0.1867,0.4533,600,抜き,3まくり差し,7480,0.653,1,202606051809,4-5-1-6-2,0,0,65.0633,0,3-4-5;3-4-1;3-4-6;3-5-4;3-5-1;3-5-6,0,-0.05,1
3-1-4,1,1,2026-06-05,S,3,1,0.56,0.64,600,まくり差し,3まくり差し,2210,0.875,1,202606052004,5-1-2-4-6,2210,1,87.83,1,3-5-1;3-5-2;3-5-4;3-1-5;3-1-2;3-1-4,-0.5,-0.23,3
3-1-5,0,0,2026-06-05,B,3,1,-1.84,0.04,0,抜き,3まくり,1540,0.54967,0,202606052006,1-6-5-4-2,0,0,52.9167,1,3-1-6;3-1-5;3-1-4;3-6-1;3-6-5;3-6-4,0,-0.21,3
1-5-3,1,1,2026-06-05,S,3,0,1.0933,0.7733,600,逃げ,3まくり差し,5980,0.813,1,202606051005,1-6-4-5-2,0,0,82.1633,0,3-1-6;3-1-4;3-1-5;3-6-1;3-6-4;3-6-5,-0.5,-0.23,1
2-5-3,0,0,2026-06-05,B,3,0,0.56,0.64,0,差し,3まくり差し,14750,0.429,0,202606051303,1-6-2-5-4,0,0,43.41,0,3-1-6;3-1-2;3-1-5;3-6-1;3-6-2;3-6-5,0,-0.05,2
4-1-2,0,0,2026-06-05,B,3,0,0.24,0.56,0,まくり差し,3まくり差し,4650,0.321,0,202606051701,6-4-5-2-1,0,0,32.11,0,3-6-4;3-6-5;3-6-2;3-4-6;3-4-5;3-4-2,-0.5,-0.23,4
1-4-5,0,0,2026-06-05,B,3,0,0.1867,0.5467,0,逃げ,3まくり差し,2110,0.501,0,202606051705,4-5-1-6-2,0,0,50.0567,0,3-4-5;3-4-1;3-4-6;3-5-4;3-5-1;3-5-6,-0.5,-0.23,1
1-5-2,0,0,2026-06-05,B,4,0,0.2222,0.5556,0,逃げ,4カドまくり,23000,0.537,0,202606050103,3-5-6-2-1,0,0,52.7322,0,4-3-5;4-3-6;4-3-2;4-5-3;4-5-6;4-5-2,-0.5,-1.19,1
2-1-4,1,0,2026-06-05,A,4,0,0.2222,0.5556,600,差し,4カドまくり,1980,0.579,0,202606050104,2-6-3-5-1,0,0,56.9322,0,4-2-6;4-2-3;4-2-5;4-6-2;4-6-3;4-6-5,-0.5,-1.19,2
1-4-3,1,0,2026-06-05,A,4,0,0.2222,0.5556,600,逃げ,4カドまくり,2720,0.575,0,202606050111,1-6-5-3-2,0,0,57.6822,0,4-1-6;4-1-5;4-1-3;4-6-1;4-6-5;4-6-3,0,-0.04,1
2-5-4,0,0,2026-06-05,B,4,0,0.7407,0.6852,0,抜き,4カドまくり,8040,0.5,0,202606050305,2-5-3-6-1,0,0,50.7007,0,4-2-5;4-2-3;4-2-6;4-5-2;4-5-3;4-5-6,0,-0.04,2
3-4-1,1,0,2026-06-05,A,4,0,1.4074,0.8519,600,まくり差し,4カドまくり,26600,0.605,0,202606050710,6-1-2-3-5,0,0,60.7174,0,4-6-1;4-6-2;4-6-3;4-1-6;4-1-2;4-1-3,-0.5,-1.19,3
6-5-4,1,1,2026-06-05,S,4,0,2.0,1.0,600,まくり差し,4カドまくり,302410,0.687,0,202606050806,3-1-6-2-5,0,0,70.66,0,4-3-1;4-3-6;4-3-2;4-1-3;4-1-6;4-1-2,0,-0.04,6
1-2-4,1,0,2026-06-05,A,4,0,-2.0,0.0,600,抜き,4カドまくり,520,0.629,0,202606051306,1-2-6-5-3,0,0,60.86,0,4-1-2;4-1-6;4-1-5;4-2-1;4-2-6;4-2-5,0,-0.04,1
4-5-1,0,0,2026-06-05,B,4,1,0.2963,0.5741,0,まくり,4カドまくり,5590,0.532,0,202606051308,5-1-3-6-2,0,1,53.4563,1,4-5-1;4-5-3;4-5-6;4-1-5;4-1-3;4-1-6,0,-0.04,4
3-1-2,0,0,2026-06-05,B,4,0,-1.4074,0.1481,0,まくり差し,4カドまくり,5190,0.361,0,202606051902,1-6-2-3-5,0,0,33.5026,0,4-1-6;4-1-2;4-1-3;4-6-1;4-6-2;4-6-3,-0.5,-1.19,3
1-2-5,0,0,2026-06-05,B,4,0,1.5556,0.8889,0,逃げ,4カドまくり,2340,0.389,0,202606051905,1-6-2-5-3,0,0,40.4156,0,4-1-6;4-1-2;4-1-5;4-6-1;4-6-2;4-6-5,0,-0.04,1
1-4-3,0,0,2026-06-05,B,4,0,0.8889,0.7222,0,逃げ,4カドまくり,1180,0.429,0,202606051910,1-3-5-6-2,0,0,43.7489,0,4-1-3;4-1-5;4-1-6;4-3-1;4-3-5;4-3-6,0,-0.04,1
2-1-4,1,1,2026-06-05,S,4,0,1.5556,0.8889,600,差し,4カドまくり,3030,0.733,0,202606051912,1-6-2-5-3,0,0,74.8156,0,4-1-6;4-1-2;4-1-5;4-6-1;4-6-2;4-6-5,0,-0.04,2
2-5-4,0,0,2026-06-05,B,4,0,0.5926,0.6481,0,差し,4カドまくり,19800,0.269,0,202606052102,1-5-6-2-3,0,0,26.3026,0,4-1-5;4-1-6;4-1-2;4-5-1;4-5-6;4-5-2,-0.5,-1.19,2
3-4-5,0,0,2026-06-05,B,4,0,-2.0,0.0,0,差し,4カドまくり,6530,0.381,0,202606052107,5-2-1-3-6,0,0,36.06,0,4-5-2;4-5-1;4-5-3;4-2-5;4-2-1;4-2-3,0,-0.04,3
5-3-6,1,1,2026-06-06,S,3,0,-0.8454,0.2887,600,まくり差し,3まくり差し,36590,0.775,1,202606060101,4-5-6-1-2,0,0,76.6046,0,3-4-5;3-4-6;3-4-1;3-5-4;3-5-6;3-5-1,0,-0.05,5
5-2-3,0,0,2026-06-06,B,3,0,0.8454,0.7113,0,抜き,3まくり差し,4390,0.399,0,202606060103,5-1-4-6-2,0,0,40.5154,0,3-5-1;3-5-4;3-5-6;3-1-5;3-1-4;3-1-6,-0.5,-0.23,5
3-1-6,0,0,2026-06-06,B,3,1,-1.1765,0.2059,0,まくり差し,3まくり,840,0.47167,0,202606060107,6-1-2-4-5,0,0,45.9402,1,3-6-1;3-6-2;3-6-4;3-1-6;3-1-2;3-1-4,-0.5,-0.05,3
1-3-6,0,0,2026-06-06,B,3,0,-0.0619,0.4845,0,逃げ,3まくり差し,2820,0.505,0,202606060302,5-1-2-6-4,0,0,50.3881,0,3-5-1;3-5-2;3-5-6;3-1-5;3-1-2;3-1-6,0,-0.05,1
4-5-2,1,0,2026-06-06,A,3,0,-1.3814,0.1546,600,まくり,3まくり差し,4950,0.651,1,202606060704,5-2-4-1-6,0,0,63.4886,0,3-5-2;3-5-4;3-5-1;3-2-5;3-2-4;3-2-1,-0.5,-0.23,4
1-6-2,0,0,2026-06-06,B,3,0,-1.8235,0.0441,0,逃げ,3まくり,6490,0.483,0,202606060705,6-1-5-4-2,0,0,46.4265,0,3-6-1;3-6-5;3-6-4;3-1-6;3-1-5;3-1-4,-0.5,-0.05,1
1-3-2,0,0,2026-06-06,B,3,0,1.2577,0.8144,0,抜き,3まくり差し,780,0.357,0,202606061002,1-4-5-2-6,0,0,36.9077,0,3-1-4;3-1-5;3-1-2;3-4-1;3-4-5;3-4-2,0,-0.05,1
3-4-1,1,1,2026-06-06,S,3,1,-0.0588,0.4853,600,まくり差し,3まくり,2440,0.68367,1,202606061509,1-4-6-2-5,2440,0,68.0978,1,3-1-4;3-1-6;3-1-2;3-4-1;3-4-6;3-4-2,0,-0.21,3
1-4-3,0,0,2026-06-06,B,3,0,0.268,0.567,0,逃げ,3まくり差し,3610,0.217,0,202606061702,4-2-5-6-1,0,0,21.918,0,3-4-2;3-4-5;3-4-6;3-2-4;3-2-5;3-2-6,0,-0.05,1
1-2-3,1,1,2026-06-06,S,3,0,1.7526,0.9381,600,逃げ,3まくり差し,1350,0.701,1,202606061706,4-5-2-6-1,0,0,71.8026,0,3-4-5;3-4-2;3-4-6;3-5-4;3-5-2;3-5-6,0,-0.05,1
4-3-5,0,0,2026-06-06,B,3,0,-0.0619,0.4845,0,まくり差し,3まくり差し,12160,0.431,0,202606062406,5-1-4-6-2,0,0,44.3781,0,3-5-1;3-5-4;3-5-6;3-1-5;3-1-4;3-1-6,0.5,1.34,4
2-3-5,0,0,2026-06-06,B,3,0,-0.0619,0.4845,0,抜き,3まくり差し,4840,0.431,0,202606060605,6-4-5-2-1,0,0,42.9881,0,3-6-4;3-6-5;3-6-2;3-4-6;3-4-5;3-4-2,0,-0.05,2
6-1-2,0,0,2026-06-06,B,3,0,-0.0619,0.4845,0,まくり差し,3まくり差し,36010,0.399,0,202606060612,5-4-6-1-2,0,0,39.7881,0,3-5-4;3-5-6;3-5-1;3-4-5;3-4-6;3-4-1,0,-0.05,6
1-4-2,1,1,2026-06-06,S,3,0,0.7629,0.6907,600,逃げ,3まくり差し,1780,0.669,1,202606060711,1-6-4-2-5,0,0,67.6129,0,3-1-6;3-1-4;3-1-2;3-6-1;3-6-4;3-6-2,0,-0.05,1
1-2-3,1,1,2026-06-06,S,3,0,1.6289,0.9072,600,逃げ,3まくり差し,600,0.755,1,202606061004,2-1-6-5-4,0,0,76.8989,0,3-2-1;3-2-6;3-2-5;3-1-2;3-1-6;3-1-5,-0.5,-0.23,1
3-2-5,1,1,2026-06-06,S,3,1,1.9588,0.9897,600,まくり,3まくり差し,1580,0.811,1,202606061009,5-2-6-1-4,1580,0,82.8288,1,3-5-2;3-5-6;3-5-1;3-2-5;3-2-6;3-2-1,-0.5,-0.23,3
4-6-2,0,0,2026-06-06,B,3,0,0.268,0.567,0,まくり,3まくり差し,2890,0.4175,0,202606061705,6-4-1-2-5,0,0,41.968,0,3-6-4;3-6-1;3-6-2;3-4-6;3-4-1;3-4-2,0,-0.05,4
1-2-5,0,0,2026-06-06,B,3,0,-0.0619,0.4845,0,逃げ,3まくり差し,3760,0.539,0,202606061805,4-6-5-1-2,0,0,53.7881,0,3-4-6;3-4-5;3-4-1;3-6-4;3-6-5;3-6-1,0,-0.05,1
3-1-5,1,1,2026-06-06,S,3,1,0.5979,0.6495,600,まくり差し,3まくり差し,1260,0.883,1,202606062107,4-5-1-2-6,0,1,88.6679,0,3-4-5;3-4-1;3-4-2;3-5-4;3-5-1;3-5-2,-0.5,-0.23,3
5-1-3,0,0,2026-06-06,B,3,0,-0.0619,0.4845,0,まくり差し,3まくり差し,2920,0.407,0,202606062401,5-1-6-4-2,0,0,40.5881,0,3-5-1;3-5-6;3-5-4;3-1-5;3-1-6;3-1-4,0,-0.05,5
1-2-4,1,0,2026-06-06,A,4,0,0.1765,0.5441,600,逃げ,4カドまくり,1110,0.581,0,202606060111,2-1-6-5-3,0,0,57.0865,0,4-2-1;4-2-6;4-2-5;4-1-2;4-1-6;4-1-5,-0.5,-1.19,1
1-2-3,0,0,2026-06-06,B,4,0,1.0588,0.7647,0,,4カドまくり,6640,0.53,0,202606060307,2-6-3-1-5,0,0,54.0188,0,4-2-6;4-2-3;4-2-1;4-6-2;4-6-3;4-6-1,0,-0.04,0
1-2-5,1,1,2026-06-06,S,4,0,0.7059,0.6765,600,,4カドまくり,13890,0.73,0,202606060309,2-1-3-5-6,0,0,76.7059,0,4-2-1;4-2-3;4-2-5;4-1-2;4-1-3;4-1-5,0.5,3.0,0
1-4-5,1,0,2026-06-06,A,4,0,0.1176,0.5294,600,逃げ,4カドまくり,870,0.573,0,202606060608,6-1-5-2-3,0,0,57.3776,0,4-6-1;4-6-5;4-6-2;4-1-6;4-1-5;4-1-2,0,-0.04,1
4-1-5,0,0,2026-06-06,B,4,1,-1.4706,0.1324,0,まくり差し,4カドまくり,1050,0.505,0,202606060702,5-6-2-1-3,0,0,47.8394,0,4-5-6;4-5-2;4-5-1;4-6-5;4-6-2;4-6-1,-0.5,-1.19,4
1-4-5,1,0,2026-06-06,A,4,0,0.5294,0.6324,600,逃げ,4カドまくり,1360,0.635,0,202606060703,1-5-3-2-6,0,0,62.8394,0,4-1-5;4-1-3;4-1-2;4-5-1;4-5-3;4-5-2,-0.5,-1.19,1
3-4-2,0,0,2026-06-06,B,4,0,-1.1176,0.2206,0,まくり差し,4カドまくり,3240,0.305,0,202606060708,2-3-6-5-1,0,0,28.1924,0,4-2-3;4-2-6;4-2-5;4-3-2;4-3-6;4-3-5,-0.5,-1.19,3
2-3-1,1,0,2026-06-06,A,4,0,1.1765,0.7941,600,差し,4カドまくり,5710,0.633,0,202606060710,3-2-6-5-1,0,0,63.2865,0,4-3-2;4-3-6;4-3-5;4-2-3;4-2-6;4-2-5,-0.5,-1.19,2
1-2-3,1,1,2026-06-06,S,4,0,1.2941,0.8235,600,逃げ,4カドまくり,2510,0.671,0,202606060812,1-6-3-2-5,0,0,68.3541,0,4-1-6;4-1-3;4-1-2;4-6-1;4-6-3;4-6-2,0,-0.04,1
1-4-3,0,0,2026-06-06,B,4,0,-0.7059,0.3235,0,逃げ,4カドまくり,1470,0.429,0,202606061005,5-1-3-2-6,0,0,41.0041,0,4-5-1;4-5-3;4-5-2;4-1-5;4-1-3;4-1-2,-0.5,-1.19,1
5-3-1,1,1,2026-06-06,S,4,0,0.1176,0.5294,600,まくり差し,4カドまくり,186160,0.681,0,202606061506,2-1-3-5-6,0,0,68.1776,0,4-2-1;4-2-3;4-2-5;4-1-2;4-1-3;4-1-5,0,-0.04,5
1-2-6,0,0,2026-06-06,B,4,0,-1.1765,0.2059,0,逃げ,4カドまくり,750,0.309,0,202606061703,2-6-5-1-3,0,0,28.5335,0,4-2-6;4-2-5;4-2-1;4-6-2;4-6-5;4-6-1,-0.5,-1.19,1
1-4-6,0,0,2026-06-06,B,4,0,-0.5294,0.3676,0,逃げ,4カドまくり,810,0.475,0,202606061711,1-5-3-2-6,0,0,46.9306,0,4-1-5;4-1-3;4-1-2;4-5-1;4-5-3;4-5-2,0,-0.04,1
1-3-4,0,0,2026-06-06,B,4,0,-0.6471,0.3382,0,逃げ,4カドまくり,3470,0.455,0,202606061802,1-6-2-3-5,0,0,43.6629,0,4-1-6;4-1-2;4-1-3;4-6-1;4-6-2;4-6-3,-0.5,-1.19,1
1-5-2,0,0,2026-06-06,B,4,0,-1.0588,0.2353,0,逃げ,4カドまくり,5710,0.498,0,202606061807,6-2-1-5-3,0,0,48.7012,0,4-6-2;4-6-1;4-6-5;4-2-6;4-2-1;4-2-5,0,-0.04,1
1-4-6,0,0,2026-06-06,B,4,0,0.4706,0.6176,0,逃げ,4カドまくり,1710,0.296,0,202606061810,6-1-2-5-3,0,0,28.8806,0,4-6-1;4-6-2;4-6-5;4-1-6;4-1-2;4-1-5,-0.5,-1.19,1
1-3-2,1,0,2026-06-06,A,4,0,1.8235,0.9559,600,逃げ,4カドまくり,1050,0.565,0,202606061812,1-2-6-5-3,0,0,57.1335,0,4-1-2;4-1-6;4-1-5;4-2-1;4-2-6;4-2-5,-0.5,-1.19,1
1-4-3,1,1,2026-06-06,S,4,0,-1.0,0.25,600,逃げ,4カドまくり,720,0.787,0,202606062110,1-6-3-5-2,0,0,77.66,0,4-1-6;4-1-3;4-1-5;4-6-1;4-6-3;4-6-5,0,-0.04,1
3-2-4,0,0,2026-06-06,B,4,0,-1.0,0.25,0,まくり差し,4カドまくり,40680,0.449,0,202606062111,2-6-1-3-5,0,0,42.71,0,4-2-6;4-2-1;4-2-3;4-6-2;4-6-1;4-6-3,-0.5,-1.19,3
4-2-5,1,0,2026-06-06,A,4,1,0.1176,0.5294,600,差し,4カドまくり,2010,0.623,0,202606062402,5-2-3-1-6,2010,0,62.3776,1,4-5-2;4-5-3;4-5-1;4-2-5;4-2-3;4-2-1,0,-0.04,4
2-1-3,0,0,2026-06-06,B,4,0,0.1176,0.5294,0,差し,4カドまくり,6180,0.431,0,202606062404,1-6-2-3-5,0,0,43.1776,0,4-1-6;4-1-2;4-1-3;4-6-1;4-6-2;4-6-3,0,-0.04,2
3-5-4,0,0,2026-06-07,B,3,1,-1.0886,0.2278,0,まくり差し,3まくり,4130,0.53967,0,202606070101,2-1-4-5-6,0,0,52.8281,0,3-2-1;3-2-4;3-2-5;3-1-2;3-1-4;3-1-5,-0.5,-0.05,3
3-1-4,0,0,2026-06-07,B,3,1,-1.8632,0.0342,0,まくり差し,3まくり差し,13660,0.439,0,202606070102,4-5-6-2-1,0,1,41.8068,0,3-4-5;3-4-6;3-4-2;3-5-4;3-5-6;3-5-2,-0.5,-0.23,3
1-3-2,0,0,2026-06-07,B,3,0,-0.9873,0.2532,0,逃げ,3まくり,780,0.43833,0,202606070109,5-1-2-6-4,0,0,42.796,0,3-5-1;3-5-2;3-5-6;3-1-5;3-1-2;3-1-6,-0.5,-0.05,1
2-4-3,1,0,2026-06-07,A,3,0,0.0759,0.519,600,まくり,3まくり,2040,0.668,1,202606070305,2-4-6-5-1,0,0,66.6659,0,3-2-4;3-2-6;3-2-5;3-4-2;3-4-6;3-4-5,0,-0.21,2
1-3-4,0,0,2026-06-07,B,3,0,-0.0513,0.4872,0,逃げ,3まくり差し,1590,0.501,0,202606070509,5-1-6-4-2,0,0,49.9987,0,3-5-1;3-5-6;3-5-4;3-1-5;3-1-6;3-1-4,0,-0.05,1
1-2-5,0,0,2026-06-07,B,3,0,-0.0513,0.4872,0,逃げ,3まくり差し,1070,0.437,0,202606070510,1-5-6-2-4,0,0,43.5987,0,3-1-5;3-1-6;3-1-2;3-5-1;3-5-6;3-5-2,0,-0.05,1
1-3-4,1,1,2026-06-07,S,3,0,-0.7342,0.3165,600,抜き,3まくり,920,0.773,1,202606070609,1-2-5-4-6,0,0,76.3558,0,3-1-2;3-1-5;3-1-4;3-2-1;3-2-5;3-2-4,0,-0.21,1
3-1-5,1,0,2026-06-07,A,3,1,-1.3924,0.1519,600,まくり差し,3まくり,2980,0.57167,1,202606070705,1-5-4-2-6,2980,0,55.7243,1,3-1-5;3-1-4;3-1-2;3-5-1;3-5-4;3-5-2,-0.5,-0.05,3
1-3-4,1,1,2026-06-07,S,3,0,0.0253,0.5063,600,逃げ,3まくり,810,0.729,1,202606070909,1-5-4-6-2,0,0,72.7153,0,3-1-5;3-1-4;3-1-6;3-5-1;3-5-4;3-5-6,0,-0.21,1
1-3-5,0,0,2026-06-07,B,3,0,-1.7265,0.0684,0,逃げ,3まくり差し,550,0.535,0,202606071003,5-1-6-4-2,0,0,51.7235,0,3-5-1;3-5-6;3-5-4;3-1-5;3-1-6;3-1-4,0,-0.05,1
2-3-5,1,1,2026-06-07,S,3,0,1.6239,0.906,600,恵まれ,3まくり差し,2190,0.891,1,202606071006,5-4-6-1-2,0,0,92.0639,0,3-5-4;3-5-6;3-5-1;3-4-5;3-4-6;3-4-1,0.5,1.34,2
4-1-6,1,1,2026-06-07,S,3,0,0.5299,0.6325,600,まくり,3まくり差し,35970,0.791,1,202606071502,4-2-6-5-1,0,0,79.3999,0,3-4-2;3-4-6;3-4-5;3-2-4;3-2-6;3-2-5,-0.5,-0.23,4
4-6-3,0,0,2026-06-07,B,3,0,-0.9402,0.265,0,まくり差し,3まくり差し,102650,0.505,0,202606071505,4-5-2-1-6,0,0,49.5098,0,3-4-5;3-4-2;3-4-1;3-5-4;3-5-2;3-5-1,0,-0.05,4
1-5-2,0,0,2026-06-07,B,3,0,0.5299,0.6325,0,逃げ,3まくり差し,7280,0.489,0,202606071802,4-1-2-6-5,0,0,49.1999,0,3-4-1;3-4-2;3-4-6;3-1-4;3-1-2;3-1-6,-0.5,-0.23,1
4-6-1,0,0,2026-06-07,B,3,0,-1.3924,0.1519,0,まくり差し,3まくり,4730,0.169,0,202606071807,4-6-2-1-5,0,0,15.2976,0,3-4-6;3-4-2;3-4-1;3-6-4;3-6-2;3-6-1,0,-0.21,4
1-4-5,0,0,2026-06-07,B,3,0,1.3418,0.8354,0,逃げ,3まくり,510,0.5,0,202606071809,1-5-4-6-2,0,0,51.1318,0,3-1-5;3-1-4;3-1-6;3-5-1;3-5-4;3-5-6,0,-0.21,1
1-3-4,0,0,2026-06-07,B,3,0,0.0759,0.519,0,逃げ,3まくり,340,0.473,0,202606072105,1-4-2-6-5,0,0,47.1659,0,3-1-4;3-1-2;3-1-6;3-4-1;3-4-2;3-4-6,0,-0.21,1
1-2-3,1,1,2026-06-07,S,3,0,0.5299,0.6325,600,逃げ,3まくり差し,1890,0.711,1,202606072411,5-4-1-2-6,0,0,71.5799,0,3-5-4;3-5-1;3-5-2;3-4-5;3-4-1;3-4-2,0,-0.05,1
1-6-2,0,0,2026-06-07,B,3,0,1.6239,0.906,0,逃げ,3まくり差し,5290,0.339,0,202606070112,6-1-2-4-5,0,0,35.2939,0,3-6-1;3-6-2;3-6-4;3-1-6;3-1-2;3-1-4,-0.5,-0.23,1
4-1-3,0,0,2026-06-07,B,3,0,0.5299,0.6325,0,差し,3まくり差し,14850,0.283,0,202606070602,6-2-4-5-1,0,0,28.7799,0,3-6-2;3-6-4;3-6-5;3-2-6;3-2-4;3-2-5,0,-0.05,4
3-4-6,1,0,2026-06-07,A,3,1,0.4274,0.6068,600,まくり,3まくり差し,2330,0.657,1,202606070802,4-1-2-6-5,2330,0,65.8974,1,3-4-1;3-4-2;3-4-6;3-1-4;3-1-2;3-1-6,-0.5,-0.23,3
1-5-4,1,0,2026-06-07,A,3,0,1.5214,0.8803,600,逃げ,3まくり差し,2100,0.579,1,202606070804,5-4-2-1-6,0,0,59.3714,0,3-5-4;3-5-2;3-5-1;3-4-5;3-4-2;3-4-1,0,-0.05,1
1-5-3,0,0,2026-06-07,B,3,0,-0.0513,0.4872,0,逃げ,3まくり差し,1140,0.481,0,202606070910,5-1-2-6-4,0,0,47.9987,0,3-5-1;3-5-2;3-5-6;3-1-5;3-1-2;3-1-6,0,-0.05,1
4-3-1,1,1,2026-06-07,S,3,0,-0.0513,0.4872,600,まくり,3まくり差し,12810,0.785,1,202606070911,4-1-6-2-5,0,0,78.3987,0,3-4-1;3-4-6;3-4-2;3-1-4;3-1-6;3-1-2,0,-0.05,4
1-4-6,1,1,2026-06-07,S,3,0,1.5897,0.8974,600,逃げ,3まくり差し,3530,0.725,1,202606071010,1-4-6-5-2,0,0,74.0397,0,3-1-4;3-1-6;3-1-5;3-4-1;3-4-6;3-4-5,0,-0.05,1
1-5-3,0,0,2026-06-07,B,3,0,1.5556,0.8889,0,逃げ,3まくり差し,3200,0.471,0,202606071011,4-5-1-2-6,0,0,48.4256,0,3-4-5;3-4-1;3-4-2;3-5-4;3-5-1;3-5-2,-0.5,-0.23,1
1-3-4,1,1,2026-06-07,S,3,0,0.8376,0.7094,600,逃げ,3まくり差し,1110,0.763,1,202606071012,1-2-6-4-5,0,0,77.0876,0,3-1-2;3-1-6;3-1-4;3-2-1;3-2-6;3-2-4,0,-0.05,1
1-5-6,0,0,2026-06-07,B,3,0,-1.3846,0.1538,0,逃げ,3まくり差し,1090,0.349,0,202606071704,5-6-1-4-2,0,0,33.2854,0,3-5-6;3-5-1;3-5-4;3-6-5;3-6-1;3-6-4,-0.5,-0.23,1
1-2-3,1,0,2026-06-07,A,3,0,1.7607,0.9402,600,逃げ,3まくり差し,1430,0.573,1,202606071707,5-6-2-4-1,0,0,59.0107,0,3-5-6;3-5-2;3-5-4;3-6-5;3-6-2;3-6-4,0,-0.05,1
2-1-5,1,0,2026-06-07,A,3,0,1.6923,0.9231,600,まくり,3まくり差し,4500,0.613,1,202606072112,1-5-4-2-6,0,0,62.9423,0,3-1-5;3-1-4;3-1-2;3-5-1;3-5-4;3-5-2,0,-0.05,2
6-3-4,1,1,2026-06-07,S,4,0,1.3708,0.8427,600,差し,4カドまくり,33020,0.79,0,202606070303,6-1-5-2-3,0,0,83.3708,0,4-6-1;4-6-5;4-6-2;4-1-6;4-1-5;4-1-2,0.5,3.0,6
2-1-3,0,0,2026-06-07,B,4,0,0.6067,0.6517,0,差し,4カドまくり,2250,0.33,0,202606070311,2-1-5-6-3,0,0,33.5667,0,4-2-1;4-2-5;4-2-6;4-1-2;4-1-5;4-1-6,0,-0.04,2
1-4-2,1,1,2026-06-07,S,4,0,0.2022,0.5506,600,逃げ,4カドまくり,700,0.713,0,202606070507,1-6-2-3-5,0,0,71.4622,0,4-1-6;4-1-2;4-1-3;4-6-1;4-6-2;4-6-3,0,-0.04,1
2-4-3,1,1,2026-06-07,S,4,0,0.2022,0.5506,600,まくり,4カドまくり,29900,0.733,0,202606070508,5-1-3-6-2,0,0,73.4622,0,4-5-1;4-5-3;4-5-6;4-1-5;4-1-3;4-1-6,0,-0.04,2
1-2-4,0,0,2026-06-07,B,4,0,0.8315,0.7079,0,逃げ,4カドまくり,570,0.449,0,202606070611,1-2-5-6-3,0,0,45.6915,0,4-1-2;4-1-5;4-1-6;4-2-1;4-2-5;4-2-6,0,-0.04,1
2-3-5,1,0,2026-06-07,A,4,0,0.9213,0.7303,600,まくり,4カドまくり,2880,0.549,0,202606070710,2-3-5-1-6,0,0,55.7813,0,4-2-3;4-2-5;4-2-1;4-3-2;4-3-5;4-3-1,0,-0.04,2
2-1-3,0,0,2026-06-07,B,4,0,-0.6966,0.3258,0,差し,4カドまくり,1880,0.373,0,202606070810,2-3-1-5-6,0,0,36.5634,0,4-2-3;4-2-1;4-2-5;4-3-2;4-3-1;4-3-5,0,-0.04,2
4-5-1,1,1,2026-06-07,S,4,1,0.2022,0.5506,600,まくり差し,4カドまくり,1300,0.703,0,202606070908,5-2-1-6-3,1300,0,70.4622,1,4-5-2;4-5-1;4-5-6;4-2-5;4-2-1;4-2-6,0,-0.04,4
1-6-4,1,1,2026-06-07,S,4,0,1.8202,0.9551,600,逃げ,4カドまくり,1150,0.677,0,202606071005,6-1-2-5-3,0,0,68.3302,0,4-6-1;4-6-2;4-6-5;4-1-6;4-1-2;4-1-5,-0.5,-1.19,1
6-4-3,1,0,2026-06-07,A,4,0,1.5506,0.8876,600,抜き,4カドまくり,10840,0.651,0,202606071007,6-2-3-1-5,0,0,66.6106,0,4-6-2;4-6-3;4-6-1;4-2-6;4-2-3;4-2-1,0,-0.04,6
1-3-4,0,0,2026-06-07,B,4,0,-1.4607,0.1348,0,逃げ,4カドまくり,1200,0.557,0,202606071009,6-1-5-3-2,0,0,53.0493,0,4-6-1;4-6-5;4-6-3;4-1-6;4-1-5;4-1-3,-0.5,-1.19,1
1-5-3,1,1,2026-06-07,S,4,0,1.8202,0.9551,600,逃げ,4カドまくり,3200,0.743,0,202606071011,5-3-1-2-6,0,0,79.1202,0,4-5-3;4-5-1;4-5-2;4-3-5;4-3-1;4-3-2,0.5,3.0,1
1-2-3,0,0,2026-06-07,B,4,0,-1.236,0.191,0,逃げ,4カドまくり,970,0.205,0,202606071701,5-6-2-1-3,0,0,19.224,0,4-5-6;4-5-2;4-5-1;4-6-5;4-6-2;4-6-1,0,-0.04,1
1-3-6,1,0,2026-06-07,A,4,0,1.4607,0.8652,600,逃げ,4カドまくり,1750,0.569,0,202606071703,6-5-2-3-1,0,0,58.3207,0,4-6-5;4-6-2;4-6-3;4-5-6;4-5-2;4-5-3,0,-0.04,1
1-2-4,0,0,2026-06-07,B,4,0,1.4607,0.8652,0,逃げ,4カドまくり,1040,0.457,0,202606072111,2-5-3-6-1,0,0,47.1207,0,4-2-5;4-2-3;4-2-6;4-5-2;4-5-3;4-5-6,0,-0.04,1
1-3-2,0,0,2026-06-08,B,3,0,1.9456,0.9864,0,逃げ,3まくり差し,2250,0.519,0,202606080105,5-2-4-1-6,0,0,53.6156,0,3-5-2;3-5-4;3-5-1;3-2-5;3-2-4;3-2-1,-0.5,-0.23,1
3-5-1,1,1,2026-06-08,S,3,1,0.8844,0.7211,600,まくり,3まくり差し,8300,0.707,1,202606080501,6-2-5-4-1,0,0,71.5344,0,3-6-2;3-6-5;3-6-4;3-2-6;3-2-5;3-2-4,0,-0.05,3
2-3-1,0,0,2026-06-08,B,3,0,1.8763,0.9691,0,差し,3まくり,4860,0.415,0,202606080611,6-1-2-5-4,0,0,43.1663,0,3-6-1;3-6-2;3-6-5;3-1-6;3-1-2;3-1-5,0,-0.21,2
4-1-5,1,0,2026-06-08,A,3,0,0.5578,0.6395,600,まくり差し,3まくり差し,7370,0.585,1,202606080803,4-5-2-6-1,0,0,59.0078,0,3-4-5;3-4-2;3-4-6;3-5-4;3-5-2;3-5-6,0,-0.05,4
1-3-6,0,0,2026-06-08,B,3,0,-1.134,0.2165,0,逃げ,3まくり,1050,0.483,0,202606080805,6-1-4-5-2,0,0,46.956,0,3-6-1;3-6-4;3-6-5;3-1-6;3-1-4;3-1-5,0,-0.21,1
3-5-6,0,0,2026-06-08,B,3,1,-0.9116,0.2721,0,まくり差し,3まくり差し,3170,0.439,0,202606080904,6-2-5-1-4,0,1,42.9384,0,3-6-2;3-6-5;3-6-1;3-2-6;3-2-5;3-2-1,0,-0.05,3
2-4-1,1,0,2026-06-08,A,3,0,0.9932,0.7483,600,抜き,3まくり差し,15300,0.599,1,202606081010,6-2-5-1-4,0,0,60.6632,0,3-6-2;3-6-5;3-6-1;3-2-6;3-2-5;3-2-1,-0.5,-0.23,2
1-4-5,1,1,2026-06-08,S,3,0,0.0619,0.5155,600,逃げ,3まくり,2290,0.797,1,202606081309,6-1-5-4-2,0,0,79.5519,0,3-6-1;3-6-5;3-6-4;3-1-6;3-1-5;3-1-4,0,-0.21,1
2-1-4,1,0,2026-06-08,A,3,0,-0.068,0.483,600,差し,3まくり差し,2960,0.583,1,202606081508,1-4-2-5-6,0,0,58.002,0,3-1-4;3-1-2;3-1-5;3-4-1;3-4-2;3-4-5,-0.5,-0.23,2
1-6-2,0,0,2026-06-08,B,3,0,-0.9278,0.268,0,逃げ,3まくり,1730,0.32633,0,202606081701,1-2-6-5-4,0,0,31.4955,0,3-1-2;3-1-6;3-1-5;3-2-1;3-2-6;3-2-5,0,-0.21,1
1-3-2,1,0,2026-06-08,A,3,0,1.4014,0.8503,600,逃げ,3まくり差し,1230,0.541,1,202606081702,6-2-5-1-4,0,0,55.4514,0,3-6-2;3-6-5;3-6-1;3-2-6;3-2-5;3-2-1,0,-0.05,1
1-2-4,0,0,2026-06-08,B,3,0,0.3093,0.5773,0,逃げ,3まくり,1220,0.50633,0,202606081705,6-4-5-1-2,0,0,50.8926,0,3-6-4;3-6-5;3-6-1;3-4-6;3-4-5;3-4-1,-0.5,-0.05,1
1-5-2,1,1,2026-06-08,S,3,0,0.0619,0.5155,600,逃げ,3まくり,1800,0.68367,1,202606081707,5-4-1-2-6,0,0,68.3785,0,3-5-4;3-5-1;3-5-2;3-4-5;3-4-1;3-4-2,-0.5,-0.05,1
3-1-2,1,1,2026-06-08,S,3,1,0.9116,0.7279,600,まくり,3まくり差し,4760,0.775,1,202606081802,5-1-4-2-6,4760,0,78.3616,1,3-5-1;3-5-4;3-5-2;3-1-5;3-1-4;3-1-2,0,-0.05,3
1-2-3,0,0,2026-06-08,B,3,0,0.1497,0.5374,0,逃げ,3まくり差し,730,0.537,0,202606081803,1-6-5-4-2,0,0,53.7997,0,3-1-6;3-1-5;3-1-4;3-6-1;3-6-5;3-6-4,0,-0.05,1
2-1-4,1,1,2026-06-08,S,3,0,0.8299,0.7075,600,差し,3まくり差し,9880,0.683,1,202606081806,5-2-4-1-6,0,0,68.8999,0,3-5-2;3-5-4;3-5-1;3-2-5;3-2-4;3-2-1,-0.5,-0.23,2
2-3-1,0,0,2026-06-08,B,3,0,1.9175,0.9794,0,差し,3まくり,4820,0.19167,0,202606082103,5-1-2-4-6,0,0,20.8742,0,3-5-1;3-5-2;3-5-4;3-1-5;3-1-2;3-1-4,0,-0.21,2
1-4-6,0,0,2026-06-08,B,3,0,0.2313,0.5578,0,逃げ,3まくり差し,3540,0.267,0,202606082108,2-6-1-4-5,0,0,26.7013,0,3-2-6;3-2-1;3-2-4;3-6-2;3-6-1;3-6-4,-0.5,-0.23,1
1-5-3,0,0,2026-06-08,B,3,0,-1.4014,0.1497,0,逃げ,3まくり差し,1240,0.261,0,202606082404,4-5-6-1-2,0,0,24.6486,0,3-4-5;3-4-6;3-4-1;3-5-4;3-5-6;3-5-1,0,-0.05,1
1-2-3,1,1,2026-06-08,S,3,0,0.5155,0.6289,600,逃げ,3まくり,890,0.96367,1,202606082409,6-1-2-4-5,0,0,96.6721,0,3-6-1;3-6-2;3-6-4;3-1-6;3-1-2;3-1-4,0,-0.21,1
2-1-3,0,0,2026-06-08,B,3,0,0.1497,0.5374,0,差し,3まくり差し,4930,0.433,0,202606080610,5-2-6-1-4,0,0,43.3997,0,3-5-2;3-5-6;3-5-1;3-2-5;3-2-6;3-2-1,0,-0.05,2
1-3-5,1,1,2026-06-08,S,3,0,-1.7823,0.0544,600,逃げ,3まくり差し,1750,0.703,1,202606080808,1-4-2-6-5,0,0,68.2877,0,3-1-4;3-1-2;3-1-6;3-4-1;3-4-2;3-4-6,-0.5,-0.23,1
2-3-5,1,1,2026-06-08,S,3,0,0.6395,0.6599,600,差し,3まくり差し,630,0.767,1,202606080908,2-5-4-6-1,0,0,77.2895,0,3-2-5;3-2-4;3-2-6;3-5-2;3-5-4;3-5-6,0,-0.05,2
1-6-3,0,0,2026-06-08,B,3,0,-0.068,0.483,0,抜き,3まくり差し,14420,0.451,0,202606081303,5-6-2-1-4,0,0,44.802,0,3-5-6;3-5-2;3-5-1;3-6-5;3-6-2;3-6-1,-0.5,-0.23,1
1-2-3,0,0,2026-06-08,B,3,0,-1.1837,0.2041,0,逃げ,3まくり差し,410,0.535,0,202606081703,2-1-6-5-4,0,0,52.2663,0,3-2-1;3-2-6;3-2-5;3-1-2;3-1-6;3-1-5,0,-0.05,1
5-6-2,1,0,2026-06-08,A,3,0,1.5374,0.8844,600,,3まくり差し,26570,0.563,1,202606081807,6-5-1-4-2,0,0,57.7874,0,3-6-5;3-6-1;3-6-4;3-5-6;3-5-1;3-5-4,0,-0.05,0
1-4-2,0,0,2026-06-08,B,3,0,1.4558,0.8639,0,逃げ,3まくり差し,2280,0.513,0,202606081812,1-5-2-4-6,0,0,52.7058,0,3-1-5;3-1-2;3-1-4;3-5-1;3-5-2;3-5-4,0,-0.05,1
1-3-4,1,0,2026-06-08,A,4,0,1.8077,0.9519,600,逃げ,4カドまくり,2300,0.567,0,202606080101,2-5-3-1-6,0,0,57.3177,0,4-2-5;4-2-3;4-2-1;4-5-2;4-5-3;4-5-1,-0.5,-1.19,1
3-4-6,0,0,2026-06-08,B,4,0,1.6538,0.9135,0,まくり差し,4カドまくり,10990,0.339,0,202606080111,5-1-6-2-3,0,0,34.3638,0,4-5-1;4-5-6;4-5-2;4-1-5;4-1-6;4-1-2,-0.5,-1.19,3
4-1-6,0,0,2026-06-08,B,4,1,-1.9231,0.0192,0,抜き,4カドまくり,3820,0.433,0,202606080506,6-2-1-5-3,0,0,41.3369,0,4-6-2;4-6-1;4-6-5;4-2-6;4-2-1;4-2-5,0,-0.04,4
1-4-2,1,1,2026-06-08,S,4,0,1.0,0.75,600,逃げ,4カドまくり,670,0.909,0,202606080510,1-2-6-5-3,0,0,91.86,0,4-1-2;4-1-6;4-1-5;4-2-1;4-2-6;4-2-5,0,-0.04,1
1-4-2,0,0,2026-06-08,B,4,0,-1.0385,0.2404,0,逃げ,4カドまくり,1130,0.507,0,202606080511,1-2-5-6-3,0,0,49.6215,0,4-1-2;4-1-5;4-1-6;4-2-1;4-2-5;4-2-6,0,-0.04,1
1-3-5,1,0,2026-06-08,A,4,0,-1.0385,0.2404,600,逃げ,4カドまくり,2010,0.603,0,202606080811,6-1-3-5-2,0,0,62.2615,0,4-6-1;4-6-3;4-6-5;4-1-6;4-1-3;4-1-5,0.5,3.0,1
4-6-5,1,1,2026-06-08,S,4,1,1.8462,0.9615,600,まくり,4カドまくり,3870,0.727,0,202606080910,1-5-6-2-3,0,1,73.3562,0,4-1-5;4-1-6;4-1-2;4-5-1;4-5-6;4-5-2,-0.5,-1.19,4
6-1-3,1,0,2026-06-08,A,4,0,1.6154,0.9038,600,まくり差し,4カドまくり,103980,0.617,0,202606081011,1-5-2-6-3,0,0,63.2754,0,4-1-5;4-1-2;4-1-6;4-5-1;4-5-2;4-5-6,0,-0.04,6
1-3-5,1,1,2026-06-08,S,4,0,0.1154,0.5288,600,逃げ,4カドまくり,1970,0.689,0,202606081301,2-6-5-1-3,0,0,68.9754,0,4-2-6;4-2-5;4-2-1;4-6-2;4-6-5;4-6-1,0,-0.04,1
1-3-4,1,1,2026-06-08,S,4,0,0.1154,0.5288,600,逃げ,4カドまくり,1930,0.704,0,202606081302,5-2-3-6-1,0,0,70.4754,0,4-5-2;4-5-3;4-5-6;4-2-5;4-2-3;4-2-6,0,-0.04,1
1-2-4,0,0,2026-06-08,B,4,0,0.1154,0.5288,0,逃げ,4カドまくり,1760,0.521,0,202606081307,6-1-3-5-2,0,0,52.1754,0,4-6-1;4-6-3;4-6-5;4-1-6;4-1-3;4-1-5,0,-0.04,1
1-3-2,0,0,2026-06-08,B,4,0,0.1154,0.5288,0,逃げ,4カドまくり,1420,0.525,0,202606081310,5-1-2-6-3,0,0,52.5754,0,4-5-1;4-5-2;4-5-6;4-1-5;4-1-2;4-1-6,0,-0.04,1
4-5-6,1,0,2026-06-08,A,4,1,-0.6538,0.3365,600,まくり,4カドまくり,3200,0.655,0,202606081505,6-5-1-2-3,3200,1,64.8062,1,4-6-5;4-6-1;4-6-2;4-5-6;4-5-1;4-5-2,0,-0.04,4
4-6-1,1,1,2026-06-08,S,4,1,1.5385,0.8846,600,まくり,4カドまくり,1760,0.833,0,202606081506,2-3-1-6-5,0,1,84.7985,0,4-2-3;4-2-1;4-2-6;4-3-2;4-3-1;4-3-6,0,-0.04,4
1-2-4,0,0,2026-06-08,B,4,0,-0.9615,0.2596,0,逃げ,4カドまくり,1220,0.409,0,202606081705,6-5-3-1-2,0,0,39.8985,0,4-6-5;4-6-3;4-6-1;4-5-6;4-5-3;4-5-1,0,-0.04,1
1-5-4,0,0,2026-06-08,B,4,0,-1.9231,0.0192,0,逃げ,4カドまくり,1680,0.329,0,202606081708,5-1-2-3-6,0,0,29.7869,0,4-5-1;4-5-2;4-5-3;4-1-5;4-1-2;4-1-3,-0.5,-1.19,1
1-3-2,1,0,2026-06-08,A,4,0,-1.0385,0.2404,600,逃げ,4カドまくり,1070,0.597,0,202606081709,3-5-1-2-6,0,0,57.4715,0,4-3-5;4-3-1;4-3-2;4-5-3;4-5-1;4-5-2,-0.5,-1.19,1
1-4-2,1,1,2026-06-08,S,4,0,-0.5385,0.3654,600,逃げ,4カドまくり,1040,0.761,0,202606081710,5-1-6-3-2,0,0,75.5215,0,4-5-1;4-5-6;4-5-3;4-1-5;4-1-6;4-1-3,0,-0.04,1
1-2-4,0,0,2026-06-08,B,4,0,0.1154,0.5288,0,逃げ,4カドまくり,730,0.523,0,202606081711,5-1-2-6-3,0,0,52.3754,0,4-5-1;4-5-2;4-5-6;4-1-5;4-1-2;4-1-6,0,-0.04,1
2-3-4,1,0,2026-06-08,A,4,0,1.3077,0.8269,600,逃げ,4カドまくり,1540,0.588,0,202606081808,2-6-5-3-1,0,0,58.9177,0,4-2-6;4-2-5;4-2-3;4-6-2;4-6-5;4-6-3,-0.5,-1.19,2
1-4-2,1,0,2026-06-08,A,4,0,1.3077,0.8269,600,逃げ,4カドまくり,3960,0.629,0,202606081809,2-1-5-3-6,0,0,64.1677,0,4-2-1;4-2-5;4-2-3;4-1-2;4-1-5;4-1-3,0,-0.04,1
1-3-4,1,1,2026-06-08,S,4,0,1.6538,0.9135,600,逃げ,4カドまくり,1180,0.743,0,202606082102,5-6-1-3-2,0,0,75.9138,0,4-5-6;4-5-1;4-5-3;4-6-5;4-6-1;4-6-3,0,-0.04,1
1-3-2,0,0,2026-06-08,B,4,0,0.5769,0.6442,0,逃げ,4カドまくり,1570,0.373,0,202606082104,1-2-3-5-6,0,0,37.8369,0,4-1-2;4-1-3;4-1-5;4-2-1;4-2-3;4-2-5,0,-0.04,1
1-5-3,1,1,2026-06-08,S,4,0,1.3846,0.8462,600,逃げ,4カドまくり,2040,0.657,0,202606082110,5-2-6-1-3,0,0,67.0446,0,4-5-2;4-5-6;4-5-1;4-2-5;4-2-6;4-2-1,0,-0.04,1
4-2-5,1,1,2026-06-08,S,4,1,0.8077,0.7019,600,まくり,4カドまくり,3100,0.697,0,202606082408,5-1-2-6-3,0,1,73.5077,0,4-5-1;4-5-2;4-5-6;4-1-5;4-1-2;4-1-6,0.5,3.0,4
1-3-5,1,0,2026-06-09,A,3,0,0.8966,0.7241,600,逃げ,3まくり差し,1080,0.627,1,202606090107,1-6-5-2-4,0,0,63.3666,0,3-1-6;3-1-5;3-1-2;3-6-1;3-6-5;3-6-2,-0.5,-0.23,1
3-5-2,1,0,2026-06-09,A,3,1,-1.4188,0.1453,600,まくり差し,3まくり,4380,0.661,1,202606090108,5-1-2-6-4,4380,0,64.6312,1,3-5-1;3-5-2;3-5-6;3-1-5;3-1-2;3-1-6,-0.5,-0.05,3
2-1-4,0,0,2026-06-09,B,3,0,1.453,0.8632,0,差し,3まくり,1720,0.44967,0,202606090507,5-4-2-6-1,0,0,46.2097,0,3-5-4;3-5-2;3-5-6;3-4-5;3-4-2;3-4-6,0,-0.21,2
3-4-5,0,0,2026-06-09,B,3,1,-0.1609,0.4598,0,まくり,3まくり差し,2140,0.488,0,202606090708,5-1-6-4-2,0,0,48.4091,0,3-5-1;3-5-6;3-5-4;3-1-5;3-1-6;3-1-4,-0.5,-0.23,3
4-2-1,0,0,2026-06-09,B,3,0,-0.0171,0.4957,0,差し,3まくり,11180,0.47167,0,202606091103,5-4-1-2-6,0,0,46.9396,0,3-5-4;3-5-1;3-5-2;3-4-5;3-4-1;3-4-2,0,-0.21,4
2-3-5,0,0,2026-06-09,B,3,0,-0.1609,0.4598,0,まくり,3まくり差し,1530,0.477,0,202606091107,2-5-4-1-6,0,0,47.4891,0,3-2-5;3-2-4;3-2-1;3-5-2;3-5-4;3-5-1,0,-0.05,2
1-3-5,0,0,2026-06-09,B,3,0,-0.1609,0.4598,0,逃げ,3まくり差し,1190,0.525,0,202606091112,5-1-4-6-2,0,0,52.2891,0,3-5-1;3-5-4;3-5-6;3-1-5;3-1-4;3-1-6,0,-0.05,1
6-1-4,1,1,2026-06-09,S,3,0,1.5214,0.8803,600,まくり差し,3まくり,11930,0.851,1,202606091503,1-4-6-2-5,0,0,86.4114,0,3-1-4;3-1-6;3-1-2;3-4-1;3-4-6;3-4-2,0,-0.21,6
3-5-1,1,1,2026-06-09,S,3,1,1.6239,0.906,600,まくり,3まくり,7200,0.763,1,202606091703,5-4-1-6-2,7200,1,77.7139,1,3-5-4;3-5-1;3-5-6;3-4-5;3-4-1;3-4-6,0,-0.21,3
3-1-4,0,0,2026-06-09,B,3,1,0.3678,0.592,0,まくり差し,3まくり差し,2180,0.275,0,202606091706,6-4-1-5-2,0,1,27.6378,0,3-6-4;3-6-1;3-6-5;3-4-6;3-4-1;3-4-5,-0.5,-0.23,3
1-5-3,0,0,2026-06-09,B,3,0,-0.0171,0.4957,0,逃げ,3まくり,590,0.55033,0,202606092303,5-1-4-2-6,0,0,54.8062,0,3-5-1;3-5-4;3-5-2;3-1-5;3-1-4;3-1-2,0,-0.21,1
1-2-3,0,0,2026-06-09,B,3,0,-0.1609,0.4598,0,抜き,3まくり差し,1790,0.483,0,202606092304,4-5-1-2-6,0,0,47.9091,0,3-4-5;3-4-1;3-4-2;3-5-4;3-5-1;3-5-2,-0.5,-0.23,1
4-3-2,1,1,2026-06-09,S,3,0,-0.1609,0.4598,600,まくり差し,3まくり差し,14110,0.701,1,202606092306,5-4-1-2-6,0,0,69.7091,0,3-5-4;3-5-1;3-5-2;3-4-5;3-4-1;3-4-2,-0.5,-0.23,4
5-1-2,0,0,2026-06-09,B,3,0,-0.0171,0.4957,0,まくり差し,3まくり,15600,0.393,0,202606092307,5-4-1-6-2,0,0,39.0729,0,3-5-4;3-5-1;3-5-6;3-4-5;3-4-1;3-4-6,0,-0.21,5
3-1-4,1,1,2026-06-09,S,3,1,1.7701,0.9425,600,抜き,3まくり差し,4010,0.881,1,202606090506,6-1-2-4-5,4010,0,89.8201,1,3-6-1;3-6-2;3-6-4;3-1-6;3-1-2;3-1-4,0,-0.05,3
1-2-3,0,0,2026-06-09,B,3,0,0.1609,0.5402,0,逃げ,3まくり差し,450,0.501,0,202606090611,1-2-6-4-5,0,0,50.2109,0,3-1-2;3-1-6;3-1-4;3-2-1;3-2-6;3-2-4,0,-0.05,1
1-3-6,0,0,2026-06-09,B,3,0,1.4023,0.8506,0,逃げ,3まくり差し,1430,0.497,0,202606090906,6-4-1-5-2,0,0,51.0523,0,3-6-4;3-6-1;3-6-5;3-4-6;3-4-1;3-4-5,0,-0.05,1
1-3-2,1,1,2026-06-09,S,3,0,-0.9195,0.2701,600,逃げ,3まくり差し,710,0.863,1,202606090910,5-1-2-6-4,0,0,86.7205,0,3-5-1;3-5-2;3-5-6;3-1-5;3-1-2;3-1-6,0.5,1.34,1
1-4-6,0,0,2026-06-09,B,3,0,-1.8391,0.0402,0,逃げ,3まくり差し,2650,0.305,0,202606091308,1-4-6-2-5,0,0,28.4309,0,3-1-4;3-1-6;3-1-2;3-4-1;3-4-6;3-4-2,-0.5,-0.23,1
1-5-2,0,0,2026-06-09,B,3,0,-1.908,0.023,0,逃げ,3まくり差し,1570,0.271,0,202606091311,4-6-5-2-1,0,0,25.142,0,3-4-6;3-4-5;3-4-2;3-6-4;3-6-5;3-6-2,0,-0.05,1
1-2-4,1,1,2026-06-09,S,3,0,1.7471,0.9368,600,逃げ,3まくり差し,1910,0.665,1,202606091312,4-6-1-5-2,0,0,68.1971,0,3-4-6;3-4-1;3-4-5;3-6-4;3-6-1;3-6-5,0,-0.05,1
1-6-3,1,0,2026-06-09,A,3,0,-0.8276,0.2931,600,逃げ,3まくり差し,3330,0.597,1,202606091701,4-6-5-1-2,0,0,58.6424,0,3-4-6;3-4-5;3-4-1;3-6-4;3-6-5;3-6-1,-0.5,-0.23,1
1-2-3,0,0,2026-06-09,B,3,0,0.3678,0.592,0,差し,3まくり差し,820,0.393,0,202606091811,2-4-6-5-1,0,0,39.6178,0,3-2-4;3-2-6;3-2-5;3-4-2;3-4-6;3-4-5,0,-0.05,1
1-2-3,1,1,2026-06-09,S,3,0,1.977,0.9943,600,逃げ,3まくり差し,410,0.695,1,202606091812,1-6-2-5-4,0,0,71.247,0,3-1-6;3-1-2;3-1-5;3-6-1;3-6-2;3-6-5,-0.5,-0.23,1
1-3-4,0,0,2026-06-09,B,4,0,-0.6357,0.3411,0,逃げ,4カドまくり,1560,0.387,0,202606090109,2-3-6-5-1,0,0,38.0243,0,4-2-3;4-2-6;4-2-5;4-3-2;4-3-6;4-3-5,0,-0.04,1
3-4-5,0,0,2026-06-09,B,4,0,1.3798,0.845,0,まくり,4カドまくり,1030,0.399,0,202606090505,3-1-2-5-6,0,0,41.2398,0,4-3-1;4-3-2;4-3-5;4-1-3;4-1-2;4-1-5,0,-0.04,3
2-1-4,1,0,2026-06-09,A,4,0,1.969,0.9922,600,差し,4カドまくり,1720,0.535,0,202606090507,5-2-3-6-1,0,0,55.429,0,4-5-2;4-5-3;4-5-6;4-2-5;4-2-3;4-2-6,0,-0.04,2
4-6-5,1,0,2026-06-09,A,4,1,-1.6279,0.093,600,まくり,4カドまくり,13730,0.611,0,202606090609,1-5-6-2-3,0,1,59.4321,0,4-1-5;4-1-6;4-1-2;4-5-1;4-5-6;4-5-2,0,-0.04,4
1-3-6,0,0,2026-06-09,B,4,0,0.8527,0.7132,0,逃げ,4カドまくり,1430,0.507,0,202606090906,6-3-1-5-2,0,0,51.5127,0,4-6-3;4-6-1;4-6-5;4-3-6;4-3-1;4-3-5,0,-0.04,1
1-3-5,1,0,2026-06-09,A,4,0,-0.6357,0.3411,600,逃げ,4カドまくり,930,0.581,0,202606090907,5-3-1-2-6,0,0,57.4243,0,4-5-3;4-5-1;4-5-2;4-3-5;4-3-1;4-3-2,0,-0.04,1
1-3-6,0,0,2026-06-09,B,4,0,0.0775,0.5194,0,逃げ,4カドまくり,1800,0.381,0,202606091110,1-6-2-5-3,0,0,38.1375,0,4-1-6;4-1-2;4-1-5;4-6-1;4-6-2;4-6-5,0,-0.04,1
1-2-4,1,0,2026-06-09,A,4,0,1.2868,0.8217,600,逃げ,4カドまくり,2770,0.609,0,202606091504,3-2-5-1-6,0,0,62.1468,0,4-3-2;4-3-5;4-3-1;4-2-3;4-2-5;4-2-1,0,-0.04,1
1-6-5,0,0,2026-06-09,B,4,0,0.6047,0.6512,0,逃げ,4カドまくり,4110,0.365,0,202606091512,5-2-1-6-3,0,0,35.9147,0,4-5-2;4-5-1;4-5-6;4-2-5;4-2-1;4-2-6,-0.5,-1.19,1
1-3-4,0,0,2026-06-09,B,4,0,0.7597,0.6899,0,逃げ,4カドまくり,600,0.449,0,202606091704,6-1-5-3-2,0,0,45.6197,0,4-6-1;4-6-5;4-6-3;4-1-6;4-1-5;4-1-3,0,-0.04,1
4-2-5,1,1,2026-06-09,S,4,1,0.3566,0.5891,600,差し,4カドまくり,11980,0.745,0,202606091805,6-3-1-2-5,0,0,77.8566,0,4-6-3;4-6-1;4-6-2;4-3-6;4-3-1;4-3-2,0.5,3.0,4
4-3-1,0,0,2026-06-09,B,4,1,0.0775,0.5194,0,差し,4カドまくり,17180,0.333,0,202606092308,5-2-1-6-3,0,0,32.1875,0,4-5-2;4-5-1;4-5-6;4-2-5;4-2-1;4-2-6,-0.5,-1.19,4
1-2-3,0,0,2026-06-09,B,4,0,-1.3178,0.1705,0,逃げ,4カドまくり,1940,0.515,0,202606092403,5-1-6-3-2,0,0,48.9922,0,4-5-1;4-5-6;4-5-3;4-1-5;4-1-6;4-1-3,-0.5,-1.19,1
1-4-5,0,0,2026-06-09,B,4,0,1.3488,0.8372,0,逃げ,4カドまくり,640,0.499,0,202606092405,5-1-6-3-2,0,0,51.2088,0,4-5-1;4-5-6;4-5-3;4-1-5;4-1-6;4-1-3,0,-0.04,1
1-2-3,1,0,2026-06-10,A,3,0,0.4848,0.6212,600,逃げ,3まくり差し,800,0.559,1,202606100107,1-6-4-5-2,0,0,56.1548,0,3-1-6;3-1-4;3-1-5;3-6-1;3-6-4;3-6-5,-0.5,-0.23,1
1-3-2,1,1,2026-06-10,S,3,0,0.9697,0.7424,600,逃げ,3まくり差し,800,0.739,1,202606100504,6-2-1-5-4,0,0,74.8197,0,3-6-2;3-6-1;3-6-5;3-2-6;3-2-1;3-2-5,0,-0.05,1
6-3-1,0,0,2026-06-10,B,3,0,0.3206,0.5802,0,まくり,3まくり,5570,0.505,0,202606100708,6-1-4-2-5,0,0,50.7706,0,3-6-1;3-6-4;3-6-2;3-1-6;3-1-4;3-1-2,-0.5,-0.05,6
2-4-5,0,0,2026-06-10,B,3,0,0.101,0.5253,0,まくり,3まくり差し,5250,0.319,0,202606100904,5-2-6-4-1,0,0,31.951,0,3-5-2;3-5-6;3-5-4;3-2-5;3-2-6;3-2-4,0,-0.05,2
1-2-3,0,0,2026-06-10,B,3,0,-1.6031,0.0992,0,逃げ,3まくり,560,0.39433,0,202606101101,1-2-4-6-5,0,0,37.6203,0,3-1-2;3-1-4;3-1-6;3-2-1;3-2-4;3-2-6,0,-0.21,1
1-5-6,1,0,2026-06-10,A,3,0,1.2977,0.8244,600,逃げ,3まくり,13820,0.61567,1,202606101102,6-1-4-5-2,0,0,62.8144,0,3-6-1;3-6-4;3-6-5;3-1-6;3-1-4;3-1-5,-0.5,-0.05,1
1-3-4,0,0,2026-06-10,B,3,0,-1.084,0.229,0,逃げ,3まくり,440,0.537,0,202606101106,4-1-6-5-2,0,0,52.406,0,3-4-1;3-4-6;3-4-5;3-1-4;3-1-6;3-1-5,0,-0.21,1
1-6-3,1,1,2026-06-10,S,3,0,-1.0101,0.2475,600,逃げ,3まくり差し,4460,0.753,1,202606101108,1-5-6-2-4,0,0,74.2399,0,3-1-5;3-1-6;3-1-2;3-5-1;3-5-6;3-5-2,0,-0.05,1
3-4-5,1,1,2026-06-10,S,3,1,1.2525,0.8131,600,差し,3まくり差し,1960,0.819,1,202606101112,4-1-5-6-2,1960,0,83.1025,1,3-4-1;3-4-5;3-4-6;3-1-4;3-1-5;3-1-6,0,-0.05,3
2-1-4,1,1,2026-06-10,S,3,0,0.5657,0.6414,600,差し,3まくり差し,5410,0.771,1,202606101303,5-6-4-2-1,0,0,77.6157,0,3-5-6;3-5-4;3-5-2;3-6-5;3-6-4;3-6-2,0,-0.05,2
1-5-2,1,1,2026-06-10,S,3,0,0.2424,0.5606,600,抜き,3まくり差し,4190,0.873,1,202606101307,6-4-5-1-2,0,0,87.3124,0,3-6-4;3-6-5;3-6-1;3-4-6;3-4-5;3-4-1,-0.5,-0.23,1
3-1-5,0,0,2026-06-10,B,3,1,-0.1212,0.4697,0,まくり差し,3まくり差し,2050,0.509,0,202606101407,1-4-5-2-6,0,1,50.7288,1,3-1-4;3-1-5;3-1-2;3-4-1;3-4-5;3-4-2,0,-0.05,3
2-1-3,1,1,2026-06-10,S,3,0,-1.2121,0.197,600,差し,3まくり差し,1020,0.777,1,202606101501,1-2-4-5-6,0,0,76.2579,0,3-1-2;3-1-4;3-1-5;3-2-1;3-2-4;3-2-5,-0.5,-0.23,2
5-1-2,1,0,2026-06-10,A,3,0,-1.6768,0.0808,600,まくり差し,3まくり差し,33310,0.62,1,202606100705,5-6-1-4-2,0,0,60.0932,0,3-5-6;3-5-1;3-5-4;3-6-5;3-6-1;3-6-4,-0.5,-0.23,5
6-4-1,1,1,2026-06-10,S,3,0,1.8788,0.9697,600,まくり,3まくり差し,14140,0.659,1,202606100711,6-4-1-5-2,0,0,67.5488,0,3-6-4;3-6-1;3-6-5;3-4-6;3-4-1;3-4-5,-0.5,-0.23,6
1-4-6,0,0,2026-06-10,B,3,0,-1.3333,0.1667,0,逃げ,3まくり差し,1980,0.385,0,202606101308,6-1-4-5-2,0,0,37.1167,0,3-6-1;3-6-4;3-6-5;3-1-6;3-1-4;3-1-5,0,-0.05,1
1-2-5,1,1,2026-06-10,S,3,0,-0.1212,0.4697,600,逃げ,3まくり差し,3340,0.759,1,202606101412,4-6-5-1-2,0,0,75.7288,0,3-4-6;3-4-5;3-4-1;3-6-4;3-6-5;3-6-1,0,-0.05,1
1-5-3,1,1,2026-06-10,S,3,0,1.3535,0.8384,600,逃げ,3まくり差し,1600,0.755,1,202606101509,5-1-6-4-2,0,0,76.8035,0,3-5-1;3-5-6;3-5-4;3-1-5;3-1-6;3-1-4,0,-0.05,1
1-6-2,0,0,2026-06-10,B,3,0,-1.0707,0.2323,0,逃げ,3まくり差し,1200,0.445,0,202606102302,1-6-2-5-4,0,0,43.3793,0,3-1-6;3-1-2;3-1-5;3-6-1;3-6-2;3-6-5,0,-0.05,1
4-5-1,1,0,2026-06-10,A,4,1,-0.9371,0.2657,600,まくり,4カドまくり,5420,0.561,0,202606100507,5-1-6-3-2,5420,1,55.1229,1,4-5-1;4-5-6;4-5-3;4-1-5;4-1-6;4-1-3,0,-0.04,4
4-1-6,0,0,2026-06-10,B,4,1,1.021,0.7552,0,まくり差し,4カドまくり,14450,0.359,0,202606100512,1-5-6-2-3,0,0,39.921,1,4-1-5;4-1-6;4-1-2;4-5-1;4-5-6;4-5-2,0.5,3.0,4
4-6-3,1,1,2026-06-10,S,4,1,-1.4126,0.1469,600,まくり,4カドまくり,39060,0.683,0,202606100612,5-2-6-3-1,0,1,69.8874,0,4-5-2;4-5-6;4-5-3;4-2-5;4-2-6;4-2-3,0.5,3.0,4
1-4-2,0,0,2026-06-10,B,4,0,-1.5524,0.1119,0,逃げ,4カドまくり,650,0.485,0,202606100709,6-1-5-2-3,0,0,45.7576,0,4-6-1;4-6-5;4-6-2;4-1-6;4-1-5;4-1-2,-0.5,-1.19,1
4-1-5,1,1,2026-06-10,S,4,1,-0.6294,0.3427,600,まくり差し,4カドまくり,1200,0.915,0,202606100710,1-5-6-2-3,1200,0,89.6806,1,4-1-5;4-1-6;4-1-2;4-5-1;4-5-6;4-5-2,-0.5,-1.19,4
4-1-6,0,0,2026-06-10,B,4,1,-1.4126,0.1469,0,まくり差し,4カドまくり,11110,0.473,0,202606100903,2-6-3-5-1,0,0,45.8474,0,4-2-6;4-2-3;4-2-5;4-6-2;4-6-3;4-6-5,0,-0.04,4
1-4-3,1,1,2026-06-10,S,4,0,0.042,0.5105,600,逃げ,4カドまくり,3410,0.727,0,202606100910,6-1-5-2-3,0,0,72.702,0,4-6-1;4-6-5;4-6-2;4-1-6;4-1-5;4-1-2,0,-0.04,1
1-5-4,0,0,2026-06-10,B,4,0,-1.8881,0.028,0,逃げ,4カドまくり,3900,0.411,0,202606101104,3-5-1-2-6,0,0,39.1719,0,4-3-5;4-3-1;4-3-2;4-5-3;4-5-1;4-5-2,0,-0.04,1
1-3-2,0,0,2026-06-10,B,4,0,-1.1329,0.2168,0,逃げ,4カドまくり,3490,0.429,0,202606101111,1-5-2-6-3,0,0,41.7271,0,4-1-5;4-1-2;4-1-6;4-5-1;4-5-2;4-5-6,0,-0.04,1
3-1-2,0,0,2026-06-10,B,4,0,1.1608,0.7902,0,まくり差し,4カドまくり,5550,0.206,0,202606101304,6-5-3-2-1,0,0,21.7208,0,4-6-5;4-6-3;4-6-2;4-5-6;4-5-3;4-5-2,0,-0.04,3
3-2-1,0,0,2026-06-10,B,4,0,0.042,0.5105,0,まくり差し,4カドまくり,5440,0.473,0,202606101409,3-2-5-1-6,0,0,47.302,0,4-3-2;4-3-5;4-3-1;4-2-3;4-2-5;4-2-1,0,-0.04,3
1-3-6,0,0,2026-06-10,B,4,0,0.042,0.5105,0,逃げ,4カドまくり,2170,0.273,0,202606101410,5-1-3-6-2,0,0,27.302,0,4-5-1;4-5-3;4-5-6;4-1-5;4-1-3;4-1-6,0,-0.04,1
1-6-5,1,1,2026-06-10,S,4,0,1.8601,0.965,600,逃げ,4カドまくり,8400,0.73,0,202606101806,6-1-3-5-2,0,0,74.8201,0,4-6-1;4-6-3;4-6-5;4-1-6;4-1-3;4-1-5,0,-0.04,1
1-5-2,0,0,2026-06-10,B,4,0,1.8601,0.965,0,逃げ,4カドまくり,2330,0.457,0,202606101809,1-3-6-5-2,0,0,46.3701,0,4-1-3;4-1-6;4-1-5;4-3-1;4-3-6;4-3-5,-0.5,-1.19,1
2-1-6,0,0,2026-06-10,B,4,0,-1.3007,0.1748,0,,4カドまくり,5260,0.3,0,202606101810,1-6-2-5-3,0,0,27.5093,0,4-1-6;4-1-2;4-1-5;4-6-1;4-6-2;4-6-5,-0.5,-1.19,0
4-1-2,1,1,2026-06-10,S,4,1,-1.5245,0.1189,600,まくり差し,4カドまくり,4600,0.721,0,202606102305,5-2-1-3-6,0,0,69.3855,0,4-5-2;4-5-1;4-5-3;4-2-5;4-2-1;4-2-3,-0.5,-1.19,4
3-1-2,0,0,2026-06-10,B,4,0,-1.7483,0.0629,0,まくり,4カドまくり,3160,0.535,0,202606102308,3-5-2-1-6,0,0,50.5617,0,4-3-5;4-3-2;4-3-1;4-5-3;4-5-2;4-5-1,-0.5,-1.19,3
1-4-6,1,0,2026-06-10,A,4,0,2.0,1.0,600,逃げ,4カドまくり,1010,0.607,0,202606102310,2-1-6-3-5,0,0,61.51,0,4-2-1;4-2-6;4-2-3;4-1-2;4-1-6;4-1-3,-0.5,-1.19,1
4-1-2,0,0,2026-06-10,B,4,1,0.4336,0.6084,0,恵まれ,4カドまくり,4660,0.349,0,202606102411,1-2-3-5-6,0,0,34.1436,1,4-1-2;4-1-3;4-1-5;4-2-1;4-2-3;4-2-5,-0.5,-1.19,4
2-3-1,0,0,2026-06-11,B,3,0,-0.1198,0.47,0,差し,3まくり差し,3880,0.373,0,202606110308,1-2-4-6-5,0,0,38.5202,0,3-1-2;3-1-4;3-1-6;3-2-1;3-2-4;3-2-6,0.5,1.34,2
1-6-4,0,0,2026-06-11,B,3,0,0.2673,0.5668,0,逃げ,3まくり差し,5870,0.191,0,202606110512,5-4-2-6-1,0,0,19.3173,0,3-5-4;3-5-2;3-5-6;3-4-5;3-4-2;3-4-6,0,-0.05,1
1-3-2,0,0,2026-06-11,B,3,0,0.6175,0.6544,0,逃げ,3まくり差し,870,0.487,0,202606110707,4-1-2-5-6,0,0,49.0875,0,3-4-1;3-4-2;3-4-5;3-1-4;3-1-2;3-1-5,-0.5,-0.23,1
1-3-5,0,0,2026-06-11,B,3,0,0.0278,0.5069,0,逃げ,3まくり,1280,0.51767,0,202606111003,1-2-4-5-6,0,0,51.5844,0,3-1-2;3-1-4;3-1-5;3-2-1;3-2-4;3-2-5,0,-0.21,1
3-6-2,1,1,2026-06-11,S,3,1,1.4839,0.871,600,差し,3まくり差し,32520,0.749,1,202606111112,5-1-6-4-2,0,0,76.3339,0,3-5-1;3-5-6;3-5-4;3-1-5;3-1-6;3-1-4,0,-0.05,3
1-3-4,0,0,2026-06-11,B,3,0,-1.3611,0.1597,0,逃げ,3まくり,960,0.359,0,202606111306,2-4-5-1-6,0,0,34.3289,0,3-2-4;3-2-5;3-2-1;3-4-2;3-4-5;3-4-1,0,-0.21,1
4-1-3,0,0,2026-06-11,B,3,0,0.0278,0.5069,0,抜き,3まくり,5720,0.20367,0,202606111602,4-5-2-1-6,0,0,20.3444,0,3-4-5;3-4-2;3-4-1;3-5-4;3-5-2;3-5-1,-0.5,-0.05,4
1-6-5,1,0,2026-06-11,A,3,0,0.0278,0.5069,600,逃げ,3まくり,6630,0.58233,1,202606112011,6-5-1-4-2,0,0,58.2111,0,3-6-5;3-6-1;3-6-4;3-5-6;3-5-1;3-5-4,-0.5,-0.05,1
3-1-4,0,0,2026-06-11,B,3,1,-0.1198,0.47,0,差し,3まくり差し,1830,0.393,0,202606110305,2-1-6-4-5,0,0,40.5202,1,3-2-1;3-2-6;3-2-4;3-1-2;3-1-6;3-1-4,0.5,1.34,3
2-1-3,0,0,2026-06-11,B,3,0,-1.6498,0.0876,0,差し,3まくり差し,2350,0.405,0,202606111109,4-1-2-6-5,0,0,38.8002,0,3-4-1;3-4-2;3-4-6;3-1-4;3-1-2;3-1-6,0,-0.05,2
1-3-2,0,0,2026-06-11,B,3,0,-1.9816,0.0046,0,逃げ,3まくり差し,1480,0.305,0,202606111302,5-2-6-4-1,0,0,28.4684,0,3-5-2;3-5-6;3-5-4;3-2-5;3-2-6;3-2-4,0,-0.05,1
2-1-4,1,0,2026-06-11,A,3,0,-1.1152,0.2212,600,まくり,3まくり差し,10090,0.621,1,202606111307,4-6-1-2-5,0,0,60.9348,0,3-4-6;3-4-1;3-4-2;3-6-4;3-6-1;3-6-2,0,-0.05,2
1-2-5,1,1,2026-06-11,S,3,0,-0.1198,0.47,600,逃げ,3まくり差し,2390,0.717,1,202606111605,5-4-2-1-6,0,0,71.3502,0,3-5-4;3-5-2;3-5-1;3-4-5;3-4-2;3-4-1,-0.5,-0.23,1
1-5-2,1,1,2026-06-11,S,3,0,-0.1198,0.47,600,逃げ,3まくり差し,2380,0.715,1,202606111609,1-2-5-6-4,0,0,71.3302,0,3-1-2;3-1-5;3-1-6;3-2-1;3-2-5;3-2-6,0,-0.05,1
2-5-6,0,0,2026-06-11,B,3,0,-0.1198,0.47,0,差し,3まくり差し,126040,0.477,0,202606112002,6-4-1-5-2,0,0,47.5302,0,3-6-4;3-6-1;3-6-5;3-4-6;3-4-1;3-4-5,0,-0.05,2
5-6-2,1,0,2026-06-11,A,4,0,-0.8642,0.284,600,まくり,4カドまくり,73460,0.661,0,202606110704,5-1-3-2-6,0,0,64.0458,0,4-5-1;4-5-3;4-5-2;4-1-5;4-1-3;4-1-2,-0.5,-1.19,5
1-4-5,0,0,2026-06-11,B,4,0,1.0123,0.7531,0,逃げ,4カドまくり,9000,0.227,0,202606110705,3-5-6-1-2,0,0,22.5223,0,4-3-5;4-3-6;4-3-1;4-5-3;4-5-6;4-5-1,-0.5,-1.19,1
1-2-4,0,0,2026-06-11,B,4,0,-0.5926,0.3519,0,逃げ,4カドまくり,1690,0.285,0,202606110711,1-5-6-2-3,0,0,26.7174,0,4-1-5;4-1-6;4-1-2;4-5-1;4-5-6;4-5-2,-0.5,-1.19,1
2-4-6,1,1,2026-06-11,S,4,0,0.6914,0.6728,600,まくり,4カドまくり,2930,0.743,0,202606110903,2-6-3-5-1,0,0,73.8014,0,4-2-6;4-2-3;4-2-5;4-6-2;4-6-3;4-6-5,-0.5,-1.19,2
1-2-4,0,0,2026-06-11,B,4,0,0.5185,0.6296,0,逃げ,4カドまくり,330,0.335,0,202606110910,1-2-3-6-5,0,0,32.8285,0,4-1-2;4-1-3;4-1-6;4-2-1;4-2-3;4-2-6,-0.5,-1.19,1
4-2-5,1,1,2026-06-11,S,4,1,0.3951,0.5988,600,まくり,4カドまくり,3960,0.865,0,202606111105,5-3-2-1-6,0,1,86.8551,0,4-5-3;4-5-2;4-5-1;4-3-5;4-3-2;4-3-1,0,-0.04,4
6-4-1,0,0,2026-06-11,B,4,0,-1.5309,0.1173,0,まくり差し,4カドまくり,45950,0.511,0,202606111108,6-1-5-3-2,0,0,49.5291,0,4-6-1;4-6-5;4-6-3;4-1-6;4-1-5;4-1-3,0,-0.04,6
1-2-5,0,0,2026-06-11,B,4,0,0.7407,0.6852,0,逃げ,4カドまくり,420,0.163,0,202606111111,1-5-2-6-3,0,0,17.0007,0,4-1-5;4-1-2;4-1-6;4-5-1;4-5-2;4-5-6,0,-0.04,1
1-3-2,1,0,2026-06-11,A,4,0,1.9012,0.9753,600,逃げ,4カドまくり,2080,0.539,0,202606111304,1-5-6-2-3,0,0,55.7612,0,4-1-5;4-1-6;4-1-2;4-5-1;4-5-6;4-5-2,0,-0.04,1
1-2-4,0,0,2026-06-11,B,4,0,1.0123,0.7531,0,逃げ,4カドまくり,1220,0.292,0,202606111308,1-3-2-5-6,0,0,30.1723,0,4-1-3;4-1-2;4-1-5;4-3-1;4-3-2;4-3-5,0,-0.04,1
,0,0,2026-06-11,B,4,0,1.8765,0.9691,0,逃げ,4カドまくり,0,0.464,0,202606111311,1-6-5-3-2,0,0,48.2365,0,4-1-6;4-1-5;4-1-3;4-6-1;4-6-5;4-6-3,0,-0.04,1
1-4-3,0,0,2026-06-11,B,4,0,-1.4074,0.1481,0,逃げ,4カドまくり,3770,0.419,0,202606111411,2-3-1-5-6,0,0,39.3026,0,4-2-3;4-2-1;4-2-5;4-3-2;4-3-1;4-3-5,-0.5,-1.19,1
5-3-6,0,0,2026-06-11,B,4,0,1.9259,0.9815,0,まくり差し,4カドまくり,86830,0.269,0,202606111510,2-6-1-3-5,0,0,27.6359,0,4-2-6;4-2-1;4-2-3;4-6-2;4-6-1;4-6-3,-0.5,-1.19,5
4-2-3,1,0,2026-06-11,A,4,1,0.0988,0.5247,600,まくり,4カドまくり,3070,0.629,0,202606111603,3-2-5-1-6,3070,1,62.9588,1,4-3-2;4-3-5;4-3-1;4-2-3;4-2-5;4-2-1,0,-0.04,4
1-2-4,0,0,2026-06-11,B,4,0,0.0988,0.5247,0,逃げ,4カドまくり,510,0.299,0,202606111604,1-2-5-3-6,0,0,28.8088,0,4-1-2;4-1-5;4-1-3;4-2-1;4-2-5;4-2-3,-0.5,-1.19,1
4-2-5,1,0,2026-06-11,A,4,1,0.0988,0.5247,600,抜き,4カドまくり,2070,0.633,0,202606111608,5-2-1-3-6,2070,0,62.2088,1,4-5-2;4-5-1;4-5-3;4-2-5;4-2-1;4-2-3,-0.5,-1.19,4
2-1-6,1,0,2026-06-11,A,4,0,0.0988,0.5247,600,差し,4カドまくり,4630,0.571,0,202606111611,2-1-3-6-5,0,0,56.0088,0,4-2-1;4-2-3;4-2-6;4-1-2;4-1-3;4-1-6,-0.5,-1.19,2
1-2-3,0,0,2026-06-11,B,4,0,-1.5309,0.1173,0,逃げ,4カドまくり,720,0.547,0,202606112301,1-3-5-2-6,0,0,51.9791,0,4-1-3;4-1-5;4-1-2;4-3-1;4-3-5;4-3-2,-0.5,-1.19,1
1-3-2,0,0,2026-06-11,B,4,0,0.7901,0.6975,0,逃げ,4カドまくり,720,0.483,0,202606112312,1-3-6-5-2,0,0,49.0501,0,4-1-3;4-1-6;4-1-5;4-3-1;4-3-6;4-3-5,0,-0.04,1
3-5-6,1,1,2026-06-12,S,3,1,-1.2105,0.1974,600,まくり,3まくり,1150,0.78,1,202606120308,5-4-1-6-2,1150,1,76.8895,1,3-5-4;3-5-1;3-5-6;3-4-5;3-4-1;3-4-6,0.5,0.1,3
1-3-2,0,0,2026-06-12,B,3,0,-1.6552,0.0862,0,抜き,3まくり差し,1280,0.465,0,202606120701,5-6-2-4-1,0,0,44.6148,0,3-5-6;3-5-2;3-5-4;3-6-5;3-6-2;3-6-4,-0.5,-0.23,1
4-1-6,1,0,2026-06-12,A,3,0,-0.8793,0.2802,600,抜き,3まくり差し,50020,0.589,1,202606120705,5-1-2-4-6,0,0,57.9707,0,3-5-1;3-5-2;3-5-4;3-1-5;3-1-2;3-1-4,0,-0.05,4
3-1-5,1,0,2026-06-12,A,3,1,-1.2105,0.1974,600,抜き,3まくり,1240,0.661,1,202606121003,1-4-5-2-6,1240,0,64.8395,1,3-1-4;3-1-5;3-1-2;3-4-1;3-4-5;3-4-2,-0.5,-0.05,3
2-3-5,1,1,2026-06-12,S,3,0,-1.1034,0.2241,600,差し,3まくり差し,1260,0.897,1,202606121010,5-2-6-1-4,0,0,88.3666,0,3-5-2;3-5-6;3-5-1;3-2-5;3-2-6;3-2-1,-0.5,-0.23,2
2-4-3,0,0,2026-06-12,B,3,0,0.6316,0.6579,0,まくり,3まくり,960,0.203,0,202606121103,4-2-5-1-6,0,0,20.7216,0,3-4-2;3-4-5;3-4-1;3-2-4;3-2-5;3-2-1,0,-0.21,2
2-3-6,0,0,2026-06-12,B,3,0,-0.8448,0.2888,0,差し,3まくり差し,25680,0.393,0,202606121303,6-2-5-1-4,0,0,38.4052,0,3-6-2;3-6-5;3-6-1;3-2-6;3-2-5;3-2-1,0,-0.05,2
5-1-6,0,0,2026-06-12,B,3,0,-1.7632,0.0592,0,まくり差し,3まくり,38460,0.527,0,202606121308,5-2-1-6-4,0,0,50.7268,0,3-5-2;3-5-1;3-5-6;3-2-5;3-2-1;3-2-6,0,-0.21,5
3-1-5,1,1,2026-06-12,S,3,1,-0.8947,0.2763,600,まくり差し,3まくり,4870,0.73967,1,202606121404,6-4-2-5-1,0,0,72.8619,0,3-6-4;3-6-2;3-6-5;3-4-6;3-4-2;3-4-5,0,-0.21,3
1-2-3,1,0,2026-06-12,A,3,0,1.5517,0.8879,600,逃げ,3まくり差し,1260,0.637,1,202606121411,4-1-6-5-2,0,0,65.0217,0,3-4-1;3-4-6;3-4-5;3-1-4;3-1-6;3-1-5,-0.5,-0.23,1
3-4-5,1,1,2026-06-12,S,3,1,0.3448,0.5862,600,差し,3まくり差し,3540,0.837,1,202606121606,5-2-1-4-6,0,0,83.8148,0,3-5-2;3-5-1;3-5-4;3-2-5;3-2-1;3-2-4,-0.5,-0.23,3
3-1-5,1,0,2026-06-12,A,3,1,1.5263,0.8816,600,まくり差し,3まくり,2260,0.561,1,202606121611,1-5-4-6-2,2260,0,57.5763,1,3-1-5;3-1-4;3-1-6;3-5-1;3-5-4;3-5-6,-0.5,-0.05,3
1-5-2,1,1,2026-06-12,S,3,0,0.0789,0.5197,600,逃げ,3まくり,5760,0.72967,1,202606121906,5-6-4-2-1,0,0,72.8356,0,3-5-6;3-5-4;3-5-2;3-6-5;3-6-4;3-6-2,0,-0.21,1
1-2-4,0,0,2026-06-12,B,3,0,0.0789,0.5197,0,逃げ,3まくり,3610,0.53433,0,202606121909,5-6-4-1-2,0,0,53.4623,0,3-5-6;3-5-4;3-5-1;3-6-5;3-6-4;3-6-1,-0.5,-0.05,1
4-6-3,0,0,2026-06-12,B,3,0,0.0517,0.5129,0,差し,3まくり差し,23570,0.531,0,202606122004,5-6-4-1-2,0,0,53.1017,0,3-5-6;3-5-4;3-5-1;3-6-5;3-6-4;3-6-1,0,-0.05,4
1-6-3,0,0,2026-06-12,B,3,0,0.9474,0.7368,0,逃げ,3まくり,10760,0.51633,0,202606122012,1-6-4-2-5,0,0,52.3707,0,3-1-6;3-1-4;3-1-2;3-6-1;3-6-4;3-6-2,0,-0.21,1
3-2-5,1,1,2026-06-12,S,3,1,0.0789,0.5197,600,まくり,3まくり,4160,0.76233,1,202606122203,5-1-6-2-4,0,1,76.2623,0,3-5-1;3-5-6;3-5-2;3-1-5;3-1-6;3-1-2,-0.5,-0.05,3
1-3-2,1,1,2026-06-12,S,3,0,0.0789,0.5197,600,逃げ,3まくり,780,0.773,1,202606122212,4-1-5-6-2,0,0,77.1689,0,3-4-1;3-4-5;3-4-6;3-1-4;3-1-5;3-1-6,0,-0.21,1
1-2-3,1,0,2026-06-12,A,3,0,1.2414,0.8103,600,逃げ,3まくり差し,510,0.659,1,202606120710,1-4-2-5-6,0,0,66.9114,0,3-1-4;3-1-2;3-1-5;3-4-1;3-4-2;3-4-5,-0.5,-0.23,1
3-1-4,0,0,2026-06-12,B,3,1,-1.7759,0.056,0,まくり差し,3まくり差し,5440,0.371,0,202606121111,1-2-6-5-4,0,1,35.2741,0,3-1-2;3-1-6;3-1-5;3-2-1;3-2-6;3-2-5,0,-0.05,3
1-2-6,1,0,2026-06-12,A,3,0,1.0172,0.7543,600,逃げ,3まくり差し,3370,0.549,1,202606121305,6-4-1-5-2,0,0,55.8672,0,3-6-4;3-6-1;3-6-5;3-4-6;3-4-1;3-4-5,0,-0.05,1
1-3-2,1,0,2026-06-12,A,3,0,1.8966,0.9741,600,逃げ,3まくり差し,1040,0.631,1,202606121312,4-1-6-5-2,0,0,64.9466,0,3-4-1;3-4-6;3-4-5;3-1-4;3-1-6;3-1-5,0,-0.05,1
1-6-3,1,0,2026-06-12,A,3,0,-1.1207,0.2198,600,逃げ,3まくり差し,1740,0.573,1,202606121608,6-4-1-2-5,0,0,56.1293,0,3-6-4;3-6-1;3-6-2;3-4-6;3-4-1;3-4-2,0,-0.05,1
4-5-1,0,0,2026-06-12,B,4,1,-1.2486,0.1878,0,まくり,4カドまくり,970,0.506,0,202606120307,5-1-3-2-6,0,1,52.3514,1,4-5-1;4-5-3;4-5-2;4-1-5;4-1-3;4-1-2,0.5,3.0,4
5-2-6,1,1,2026-06-12,S,4,0,-1.2707,0.1823,600,まくり差し,4カドまくり,5640,0.705,0,202606121008,6-5-2-1-3,0,0,68.0393,0,4-6-5;4-6-2;4-6-1;4-5-6;4-5-2;4-5-1,-0.5,-1.19,5
1-2-4,1,1,2026-06-12,S,4,0,1.5801,0.895,600,逃げ,4カドまくり,720,0.683,0,202606121108,2-1-5-3-6,0,0,69.8401,0,4-2-1;4-2-5;4-2-3;4-1-2;4-1-5;4-1-3,0,-0.04,1
2-4-1,1,0,2026-06-12,A,4,0,1.779,0.9448,600,差し,4カドまくり,2290,0.615,0,202606121408,3-6-2-5-1,0,0,62.089,0,4-3-6;4-3-2;4-3-5;4-6-3;4-6-2;4-6-5,-0.5,-1.19,2
1-3-5,1,1,2026-06-12,S,4,0,0.6519,0.663,600,逃げ,4カドまくり,2130,0.719,0,202606121412,1-3-5-2-6,0,0,72.5119,0,4-1-3;4-1-5;4-1-2;4-3-1;4-3-5;4-3-2,0,-0.04,1
1-6-2,1,1,2026-06-12,S,4,0,1.2707,0.8177,600,逃げ,4カドまくり,42380,0.839,0,202606121605,2-5-3-6-1,0,0,85.1307,0,4-2-5;4-2-3;4-2-6;4-5-2;4-5-3;4-5-6,0,-0.04,1
1-2-3,0,0,2026-06-12,B,4,0,0.5193,0.6298,0,逃げ,4カドまくり,3630,0.483,0,202606121609,5-1-6-2-3,0,0,48.7793,0,4-5-1;4-5-6;4-5-2;4-1-5;4-1-6;4-1-2,0,-0.04,1
1-3-4,0,0,2026-06-12,B,4,0,0.0773,0.5193,0,逃げ,4カドまくり,1650,0.457,0,202606121901,5-1-3-6-2,0,0,45.7373,0,4-5-1;4-5-3;4-5-6;4-1-5;4-1-3;4-1-6,0,-0.04,1
1-5-2,1,1,2026-06-12,S,4,0,0.0773,0.5193,600,逃げ,4カドまくり,2060,0.861,0,202606121905,5-2-6-3-1,0,0,84.9873,0,4-5-2;4-5-6;4-5-3;4-2-5;4-2-6;4-2-3,-0.5,-1.19,1
1-3-4,0,0,2026-06-12,B,4,0,0.0773,0.5193,0,逃げ,4カドまくり,690,0.483,0,202606122211,1-3-2-6-5,0,0,48.3373,0,4-1-3;4-1-2;4-1-6;4-3-1;4-3-2;4-3-6,0,-0.04,1
1-2-5,1,0,2026-06-12,A,4,0,0.0773,0.5193,600,逃げ,4カドまくり,1850,0.673,0,202606122311,1-5-2-3-6,0,0,66.1873,0,4-1-5;4-1-2;4-1-3;4-5-1;4-5-2;4-5-3,-0.5,-1.19,1
2-3-6,1,0,2026-06-13,A,3,0,-0.8706,0.2824,600,差し,3まくり,8160,0.612,1,202606130302,6-5-4-2-1,0,0,63.3294,0,3-6-5;3-6-4;3-6-2;3-5-6;3-5-4;3-5-2,1.0,3.0,2
1-3-6,0,0,2026-06-13,B,3,0,-0.0078,0.498,0,逃げ,3まくり差し,1030,0.509,0,202606130607,6-1-4-5-2,0,0,50.6622,0,3-6-1;3-6-4;3-6-5;3-1-6;3-1-4;3-1-5,-0.5,-0.23,1
1-3-2,1,0,2026-06-13,A,3,0,-1.6549,0.0863,600,逃げ,3まくり差し,930,0.631,1,202606130704,6-5-2-1-4,0,0,61.2151,0,3-6-5;3-6-2;3-6-1;3-5-6;3-5-2;3-5-1,-0.5,-0.23,1
1-2-6,0,0,2026-06-13,B,3,0,-0.0078,0.498,0,逃げ,3まくり差し,1140,0.297,0,202606130810,6-4-1-5-2,0,0,29.4622,0,3-6-4;3-6-1;3-6-5;3-4-6;3-4-1;3-4-5,-0.5,-0.23,1
2-4-3,0,0,2026-06-13,B,3,0,-1.5922,0.102,0,差し,3まくり差し,31910,0.413,0,202606131006,5-4-1-6-2,0,0,39.4778,0,3-5-4;3-5-1;3-5-6;3-4-5;3-4-1;3-4-6,-0.5,-0.23,2
1-6-3,0,0,2026-06-13,B,3,0,-1.9059,0.0235,0,逃げ,3まくり差し,600,0.423,0,202606131105,6-1-2-5-4,0,0,41.7341,0,3-6-1;3-6-2;3-6-5;3-1-6;3-1-2;3-1-5,0.5,1.34,1
2-3-4,1,1,2026-06-13,S,3,0,1.702,0.9255,600,まくり,3まくり差し,14830,0.843,1,202606131302,4-2-1-6-5,0,0,85.952,0,3-4-2;3-4-1;3-4-6;3-2-4;3-2-1;3-2-6,0,-0.05,2
4-2-6,1,0,2026-06-13,A,3,0,1.3255,0.8314,600,まくり,3まくり差し,36560,0.615,1,202606131305,4-2-5-1-6,0,0,62.7755,0,3-4-2;3-4-5;3-4-1;3-2-4;3-2-5;3-2-1,0,-0.05,4
1-3-2,1,0,2026-06-13,A,3,0,1.0431,0.7608,600,逃げ,3まくり差し,1060,0.635,1,202606131402,2-4-6-1-5,0,0,64.3131,0,3-2-4;3-2-6;3-2-1;3-4-2;3-4-6;3-4-1,-0.5,-0.23,1
2-6-1,0,0,2026-06-13,B,3,0,0.149,0.5373,0,差し,3まくり差し,32410,0.447,0,202606131410,6-1-5-2-4,0,0,44.799,0,3-6-1;3-6-5;3-6-2;3-1-6;3-1-5;3-1-2,0,-0.05,2
3-1-5,0,0,2026-06-13,B,3,1,-1.0588,0.2353,0,まくり差し,3まくり差し,2840,0.519,0,202606131905,1-6-5-2-4,0,1,50.7912,1,3-1-6;3-1-5;3-1-2;3-6-1;3-6-5;3-6-2,0,-0.05,3
5-4-1,0,0,2026-06-13,B,3,0,0.4941,0.6235,0,まくり差し,3まくり,13520,0.26033,0,202606132002,6-5-4-2-1,0,0,26.3175,0,3-6-5;3-6-4;3-6-2;3-5-6;3-5-4;3-5-2,0,-0.21,5
1-2-3,0,0,2026-06-13,B,3,0,-1.3882,0.1529,0,逃げ,3まくり,940,0.47233,0,202606132009,1-6-5-2-4,0,0,45.6351,0,3-1-6;3-1-5;3-1-2;3-6-1;3-6-5;3-6-2,0,-0.21,1
1-3-4,1,1,2026-06-13,S,3,0,2.0,1.0,600,逃げ,3まくり差し,740,0.697,1,202606132010,6-1-5-2-4,0,0,71.65,0,3-6-1;3-6-5;3-6-2;3-1-6;3-1-5;3-1-2,0,-0.05,1
3-4-2,1,0,2026-06-13,A,3,1,0.102,0.5255,600,差し,3まくり差し,2610,0.637,1,202606132205,4-2-5-6-1,2610,0,63.572,1,3-4-2;3-4-5;3-4-6;3-2-4;3-2-5;3-2-6,-0.5,-0.23,3
1-3-2,0,0,2026-06-13,B,3,0,1.5529,0.8882,0,逃げ,3まくり,620,0.515,0,202606132301,1-5-4-2-6,0,0,52.8429,0,3-1-5;3-1-4;3-1-2;3-5-1;3-5-4;3-5-2,0,-0.21,1
1-3-5,1,0,2026-06-13,A,3,0,-0.8392,0.2902,600,逃げ,3まくり差し,8780,0.627,1,202606130305,2-6-5-1-4,0,0,61.8108,0,3-2-6;3-2-5;3-2-1;3-6-2;3-6-5;3-6-1,0,-0.05,1
1-2-3,0,0,2026-06-13,B,3,0,0.0078,0.502,0,逃げ,3まくり差し,680,0.445,0,202606130712,2-4-1-5-6,0,0,44.2778,0,3-2-4;3-2-1;3-2-5;3-4-2;3-4-1;3-4-5,-0.5,-0.23,1
4-5-3,1,1,2026-06-13,S,3,0,-0.0078,0.498,600,まくり,3まくり差し,11250,0.811,1,202606130802,5-4-2-6-1,0,0,80.8622,0,3-5-4;3-5-2;3-5-6;3-4-5;3-4-2;3-4-6,-0.5,-0.23,4
1-5-4,1,1,2026-06-13,S,3,0,-0.0078,0.498,600,逃げ,3まくり差し,4280,0.759,1,202606130808,1-6-4-2-5,0,0,75.8422,0,3-1-6;3-1-4;3-1-2;3-6-1;3-6-4;3-6-2,0,-0.05,1
4-6-1,1,0,2026-06-13,A,3,0,0.3216,0.5804,600,まくり,3まくり差し,19800,0.593,1,202606131412,2-1-4-6-5,0,0,59.3916,0,3-2-1;3-2-4;3-2-6;3-1-2;3-1-4;3-1-6,-0.5,-0.23,4
5-1-6,1,1,2026-06-13,S,3,0,1.8588,0.9647,600,抜き,3まくり差し,62050,0.775,1,202606131906,2-5-1-6-4,0,0,79.3088,0,3-2-5;3-2-1;3-2-6;3-5-2;3-5-1;3-5-6,0,-0.05,5
6-1-3,1,0,2026-06-13,A,3,0,0.2745,0.5686,600,まくり,3まくり差し,13060,0.551,1,202606132206,6-2-4-1-5,0,0,55.3245,0,3-6-2;3-6-4;3-6-1;3-2-6;3-2-4;3-2-1,0,-0.05,6
1-2-4,0,0,2026-06-13,B,3,0,-1.6235,0.0941,0,抜き,3まくり差し,2130,0.381,0,202606132310,2-1-6-5-4,0,0,36.4265,0,3-2-1;3-2-6;3-2-5;3-1-2;3-1-6;3-1-5,0,-0.05,1
4-3-2,1,0,2026-06-13,A,4,1,-0.75,0.3125,600,まくり,4カドまくり,53650,0.618,0,202606130312,1-6-2-5-3,0,1,64.05,0,4-1-6;4-1-2;4-1-5;4-6-1;4-6-2;4-6-5,0.5,3.0,4
4-3-6,1,1,2026-06-13,S,4,1,0.0625,0.5156,600,まくり差し,4カドまくり,7280,0.809,0,202606130608,1-2-3-5-6,0,0,79.7725,0,4-1-2;4-1-3;4-1-5;4-2-1;4-2-3;4-2-5,-0.5,-1.19,4
2-4-1,0,0,2026-06-13,B,4,0,0.0625,0.5156,0,まくり,4カドまくり,2110,0.477,0,202606130609,2-5-3-1-6,0,0,46.5725,0,4-2-5;4-2-3;4-2-1;4-5-2;4-5-3;4-5-1,-0.5,-1.19,2
4-5-2,0,0,2026-06-13,B,4,1,-1.4375,0.1406,0,まくり,4カドまくり,7480,0.507,0,202606130702,6-1-2-5-3,0,1,49.2225,0,4-6-1;4-6-2;4-6-5;4-1-6;4-1-2;4-1-5,0,-0.04,4
1-4-6,0,0,2026-06-13,B,4,0,-1.75,0.0625,0,逃げ,4カドまくり,2780,0.489,0,202606130707,1-3-6-5-2,0,0,45.96,0,4-1-3;4-1-6;4-1-5;4-3-1;4-3-6;4-3-5,-0.5,-1.19,1
1-2-3,1,1,2026-06-13,S,4,0,-0.6667,0.3333,600,逃げ,4カドまくり,1320,0.745,0,202606130709,1-6-5-2-3,0,0,72.6433,0,4-1-6;4-1-5;4-1-2;4-6-1;4-6-5;4-6-2,-0.5,-1.19,1
4-6-2,0,0,2026-06-13,B,4,1,0.0625,0.5156,0,まくり,4カドまくり,58100,0.333,0,202606130809,3-2-5-6-1,0,1,33.3225,0,4-3-2;4-3-5;4-3-6;4-2-3;4-2-5;4-2-6,0,-0.04,4
1-3-2,1,0,2026-06-13,A,4,0,-2.0,0.0,600,逃げ,4カドまくり,910,0.599,0,202606131112,1-2-6-3-5,0,0,60.9,0,4-1-2;4-1-6;4-1-3;4-2-1;4-2-6;4-2-3,0.5,3.0,1
1-2-5,0,0,2026-06-13,B,4,0,-1.2292,0.1927,0,逃げ,4カドまくり,2910,0.457,0,202606131304,6-5-3-2-1,0,0,44.4308,0,4-6-5;4-6-3;4-6-2;4-5-6;4-5-3;4-5-2,0,-0.04,1
1-4-5,0,0,2026-06-13,B,4,0,-1.4792,0.1302,0,逃げ,4カドまくり,1040,0.561,0,202606131604,5-1-2-6-3,0,0,54.5808,0,4-5-1;4-5-2;4-5-6;4-1-5;4-1-2;4-1-6,0,-0.04,1
1-6-3,1,0,2026-06-13,A,4,0,0.9375,0.7344,600,逃げ,4カドまくり,11810,0.623,0,202606131606,6-2-1-3-5,0,0,63.1975,0,4-6-2;4-6-1;4-6-3;4-2-6;4-2-1;4-2-3,0,-0.04,1
1-2-6,0,0,2026-06-13,B,4,0,-1.875,0.0312,0,逃げ,4カドまくり,790,0.301,0,202606131609,6-1-2-3-5,0,0,27.035,0,4-6-1;4-6-2;4-6-3;4-1-6;4-1-2;4-1-3,-0.5,-1.19,1
4-5-2,1,0,2026-06-13,A,4,1,0.5208,0.6302,600,まくり,4カドまくり,2700,0.633,0,202606131908,2-5-3-1-6,2700,1,63.7808,1,4-2-5;4-2-3;4-2-1;4-5-2;4-5-3;4-5-1,0,-0.04,4
1-4-2,0,0,2026-06-13,B,4,0,0.9792,0.7448,0,逃げ,4カドまくり,580,0.441,0,202606132005,2-1-6-3-5,0,0,43.8892,0,4-2-1;4-2-6;4-2-3;4-1-2;4-1-6;4-1-3,-0.5,-1.19,1
3-1-4,1,0,2026-06-13,A,4,0,0.6042,0.651,600,まくり差し,4カドまくり,18380,0.667,0,202606132006,1-5-6-2-3,0,0,66.1142,0,4-1-5;4-1-6;4-1-2;4-5-1;4-5-6;4-5-2,-0.5,-1.19,3
1-4-2,0,0,2026-06-13,B,4,0,-1.5625,0.1094,0,逃げ,4カドまくり,470,0.543,0,202606132007,1-6-3-2-5,0,0,51.5475,0,4-1-6;4-1-3;4-1-2;4-6-1;4-6-3;4-6-2,-0.5,-1.19,1
4-6-1,0,0,2026-06-13,B,4,1,0.375,0.5938,0,まくり差し,4カドまくり,5790,0.439,0,202606132204,6-5-2-3-1,0,0,44.235,0,4-6-5;4-6-2;4-6-3;4-5-6;4-5-2;4-5-3,0,-0.04,4
1-2-5,0,0,2026-06-13,B,4,0,-1.2292,0.1927,0,逃げ,4カドまくり,1920,0.109,0,202606132305,6-5-2-1-3,0,0,8.4808,0,4-6-5;4-6-2;4-6-1;4-5-6;4-5-2;4-5-1,-0.5,-1.19,1
1-4-6,0,0,2026-06-13,B,4,0,0.9375,0.7344,0,逃げ,4カドまくり,1100,0.473,0,202606132307,6-5-3-1-2,0,0,48.1975,0,4-6-5;4-6-3;4-6-1;4-5-6;4-5-3;4-5-1,0,-0.04,1
3-1-2,1,0,2026-06-14,A,3,1,0.6022,0.6505,600,まくり,3まくり,1180,0.612,1,202606140307,6-5-4-1-2,0,1,64.8022,0,3-6-5;3-6-4;3-6-1;3-5-6;3-5-4;3-5-1,1.0,3.0,3
2-1-3,1,0,2026-06-14,A,3,0,0.3226,0.5806,600,抜き,3まくり,1980,0.612,1,202606140308,1-6-2-4-5,0,0,61.6226,0,3-1-6;3-1-2;3-1-4;3-6-1;3-6-2;3-6-4,0.5,0.1,2
1-5-6,1,1,2026-06-14,S,3,0,-1.5699,0.1075,600,逃げ,3まくり差し,5940,0.805,1,202606140612,4-6-1-2-5,0,0,78.8801,0,3-4-6;3-4-1;3-4-2;3-6-4;3-6-1;3-6-2,0,-0.05,1
1-3-5,0,0,2026-06-14,B,3,0,-0.767,0.3082,0,逃げ,3まくり差し,1980,0.413,0,202606140805,6-4-5-1-2,0,0,40.303,0,3-6-4;3-6-5;3-6-1;3-4-6;3-4-5;3-4-1,-0.5,-0.23,1
1-2-5,1,0,2026-06-14,A,3,0,-0.8172,0.2957,600,逃げ,3まくり,2830,0.563,1,202606140806,4-5-6-2-1,0,0,55.2728,0,3-4-5;3-4-6;3-4-2;3-5-4;3-5-6;3-5-2,0,-0.21,1
1-3-6,0,0,2026-06-14,B,3,0,0.767,0.6918,0,逃げ,3まくり差し,720,0.505,0,202606140810,1-5-6-4-2,0,0,51.037,0,3-1-5;3-1-6;3-1-4;3-5-1;3-5-6;3-5-4,-0.5,-0.23,1
1-2-5,0,0,2026-06-14,B,3,0,-1.4265,0.1434,0,逃げ,3まくり差し,2100,0.355,0,202606140812,6-5-4-2-1,0,0,34.0235,0,3-6-5;3-6-4;3-6-2;3-5-6;3-5-4;3-5-2,0,-0.05,1
2-3-4,1,1,2026-06-14,S,3,0,1.5125,0.8781,600,差し,3まくり差し,2290,0.801,1,202606141008,2-6-4-1-5,0,0,81.5625,0,3-2-6;3-2-4;3-2-1;3-6-2;3-6-4;3-6-1,0,-0.05,2
1-3-2,1,0,2026-06-14,A,3,0,-1.7849,0.0538,600,逃げ,3まくり,830,0.573,1,202606141102,6-4-1-2-5,0,0,55.3051,0,3-6-4;3-6-1;3-6-2;3-4-6;3-4-1;3-4-2,0,-0.21,1
4-3-2,0,0,2026-06-14,B,3,0,-0.9534,0.2616,0,差し,3まくり差し,700,0.545,0,202606141105,4-2-1-6-5,0,0,53.4966,0,3-4-2;3-4-1;3-4-6;3-2-4;3-2-1;3-2-6,0,-0.05,4
2-6-1,1,0,2026-06-14,A,3,0,0.0072,0.5018,600,差し,3まくり差し,42180,0.573,1,202606141210,6-1-4-2-5,0,0,57.0772,0,3-6-1;3-6-4;3-6-2;3-1-6;3-1-4;3-1-2,-0.5,-0.23,2
1-6-5,1,0,2026-06-14,A,3,0,1.871,0.9677,600,逃げ,3まくり差し,11480,0.577,1,202606141603,6-2-1-5-4,0,0,59.521,0,3-6-2;3-6-1;3-6-5;3-2-6;3-2-1;3-2-5,0,-0.05,1
1-6-2,1,0,2026-06-14,A,3,0,0.9247,0.7312,600,逃げ,3まくり,6350,0.66233,1,202606141611,1-4-6-2-5,0,0,66.9481,0,3-1-4;3-1-6;3-1-2;3-4-1;3-4-6;3-4-2,0,-0.21,1
1-4-5,1,1,2026-06-14,S,3,0,1.914,0.9785,600,逃げ,3まくり差し,3200,0.777,1,202606141903,4-6-1-5-2,0,0,79.564,0,3-4-6;3-4-1;3-4-5;3-6-4;3-6-1;3-6-5,0,-0.05,1
1-2-6,1,1,2026-06-14,S,3,0,-1.2688,0.1828,600,逃げ,3まくり,1550,0.72833,1,202606142207,1-6-2-4-5,0,0,71.3545,0,3-1-6;3-1-2;3-1-4;3-6-1;3-6-2;3-6-4,0,-0.21,1
3-4-2,0,0,2026-06-14,B,3,1,-1.5699,0.1075,0,まくり差し,3まくり差し,7130,0.511,0,202606142304,6-4-1-2-5,0,1,49.3001,1,3-6-4;3-6-1;3-6-2;3-4-6;3-4-1;3-4-2,-0.5,-0.23,3
1-3-2,1,0,2026-06-14,A,3,0,-0.7957,0.3011,600,逃げ,3まくり,1260,0.639,1,202606142306,6-5-2-1-4,0,0,62.8943,0,3-6-5;3-6-2;3-6-1;3-5-6;3-5-2;3-5-1,0,-0.21,1
1-3-4,0,0,2026-06-14,B,3,0,-1.2688,0.1828,0,逃げ,3まくり,1250,0.14767,0,202606142311,5-6-1-2-4,0,0,13.2878,0,3-5-6;3-5-1;3-5-2;3-6-5;3-6-1;3-6-2,0,-0.21,1
3-5-2,0,0,2026-06-14,B,3,1,0.3656,0.5914,0,まくり,3まくり差し,13830,0.445,0,202606141003,5-4-6-1-2,0,0,44.8156,0,3-5-4;3-5-6;3-5-1;3-4-5;3-4-6;3-4-1,0,-0.05,3
1-3-4,1,1,2026-06-14,S,3,0,1.8566,0.9642,600,逃げ,3まくり差し,420,0.801,1,202606141004,4-1-2-5-6,0,0,81.7266,0,3-4-1;3-4-2;3-4-5;3-1-4;3-1-2;3-1-5,-0.5,-0.23,1
1-4-3,0,0,2026-06-14,B,3,0,-1.4695,0.1326,0,逃げ,3まくり差し,890,0.475,0,202606141011,1-4-5-6-2,0,0,45.8005,0,3-1-4;3-1-5;3-1-6;3-4-1;3-4-5;3-4-6,-0.5,-0.23,1
1-2-3,1,0,2026-06-14,A,3,0,0.0072,0.5018,600,逃げ,3まくり差し,600,0.595,1,202606141202,1-6-2-5-4,0,0,59.2772,0,3-1-6;3-1-2;3-1-5;3-6-1;3-6-2;3-6-5,-0.5,-0.23,1
1-3-2,1,0,2026-06-14,A,3,0,0.0072,0.5018,600,逃げ,3まくり差し,670,0.609,1,202606141208,1-6-4-5-2,0,0,60.6772,0,3-1-6;3-1-4;3-1-5;3-6-1;3-6-4;3-6-5,-0.5,-0.23,1
4-2-5,1,0,2026-06-14,A,3,0,1.0251,0.7563,600,差し,3まくり差し,6770,0.587,1,202606141606,5-4-2-6-1,0,0,59.4951,0,3-5-4;3-5-2;3-5-6;3-4-5;3-4-2;3-4-6,-0.5,-0.23,4
3-4-1,1,1,2026-06-14,S,3,1,1.5125,0.8781,600,抜き,3まくり差し,17550,0.753,1,202606142310,5-1-2-6-4,0,0,76.5825,0,3-5-1;3-5-2;3-5-6;3-1-5;3-1-2;3-1-6,-0.5,-0.23,3
2-6-5,0,0,2026-06-14,B,4,0,-1.1848,0.2038,0,逃げ,4カドまくり,1730,0.515,0,202606140611,2-1-6-5-3,0,0,50.2752,0,4-2-1;4-2-6;4-2-5;4-1-2;4-1-6;4-1-5,0,-0.04,2
1-2-6,0,0,2026-06-14,B,4,0,1.5829,0.8957,0,逃げ,4カドまくり,3780,0.229,0,202606140803,6-1-5-3-2,0,0,24.4429,0,4-6-1;4-6-5;4-6-3;4-1-6;4-1-5;4-1-3,0,-0.04,1
4-3-2,1,0,2026-06-14,A,4,1,0.5024,0.6256,600,差し,4カドまくり,700,0.6225,0,202606141105,3-2-1-6-5,700,0,62.7124,1,4-3-2;4-3-1;4-3-6;4-2-3;4-2-1;4-2-6,0,-0.04,4
2-4-3,1,1,2026-06-14,S,4,0,0.1232,0.5308,600,まくり,4カドまくり,7290,0.725,0,202606141207,6-2-5-1-3,0,0,71.4332,0,4-6-2;4-6-5;4-6-1;4-2-6;4-2-5;4-2-1,-0.5,-1.19,2
2-4-5,1,1,2026-06-14,S,4,0,1.7725,0.9431,600,まくり,4カドまくり,9380,0.885,0,202606141906,5-2-6-3-1,0,0,90.2325,0,4-5-2;4-5-6;4-5-3;4-2-5;4-2-6;4-2-3,0,-0.04,2
2-3-1,1,1,2026-06-14,S,4,0,1.4313,0.8578,600,抜き,4カドまくり,4060,0.751,0,202606141908,2-6-3-1-5,0,0,76.4913,0,4-2-6;4-2-3;4-2-1;4-6-2;4-6-3;4-6-1,0,-0.04,2
3-2-5,0,0,2026-06-14,B,4,0,-1.7725,0.0569,0,まくり,4カドまくり,15250,0.381,0,202606142002,5-1-6-2-3,0,0,36.2875,0,4-5-1;4-5-6;4-5-2;4-1-5;4-1-6;4-1-2,0,-0.04,3
4-5-6,1,1,2026-06-14,S,4,1,1.981,0.9953,600,まくり差し,4カドまくり,5150,0.683,0,202606142003,5-2-6-1-3,5150,0,69.091,1,4-5-2;4-5-6;4-5-1;4-2-5;4-2-6;4-2-1,-0.5,-1.19,4
1-3-2,1,0,2026-06-14,A,4,0,0.6351,0.6588,600,逃げ,4カドまくり,1310,0.643,0,202606142005,2-1-3-5-6,0,0,63.7451,0,4-2-1;4-2-3;4-2-5;4-1-2;4-1-3;4-1-5,-0.5,-1.19,1
1-2-5,0,0,2026-06-14,B,4,0,1.981,0.9953,0,逃げ,4カドまくり,1340,0.465,0,202606142007,1-5-2-6-3,0,0,48.441,0,4-1-5;4-1-2;4-1-6;4-5-1;4-5-2;4-5-6,0,-0.04,1
1-2-4,1,1,2026-06-14,S,4,0,1.3934,0.8483,600,逃げ,4カドまくり,630,0.737,0,202606142212,1-5-3-2-6,0,0,75.0534,0,4-1-5;4-1-3;4-1-2;4-5-1;4-5-3;4-5-2,0,-0.04,1
1-5-4,1,0,2026-06-14,A,4,0,-1.4123,0.1469,600,逃げ,4カドまくり,1040,0.653,0,202606142307,5-1-3-6-2,0,0,63.8477,0,4-5-1;4-5-3;4-5-6;4-1-5;4-1-3;4-1-6,0,-0.04,1
6-3-4,0,0,2026-06-15,B,3,0,-0.9608,0.2598,0,まくり差し,3まくり,13060,0.26033,0,202606150109,2-6-4-1-5,0,0,25.0225,0,3-2-6;3-2-4;3-2-1;3-6-2;3-6-4;3-6-1,-0.5,-0.05,6
1-3-2,1,1,2026-06-15,S,3,0,1.1569,0.7892,600,逃げ,3まくり,4990,0.724,1,202606150304,4-6-2-1-5,0,0,73.6569,0,3-4-6;3-4-2;3-4-1;3-6-4;3-6-2;3-6-1,0.5,0.1,1
1-2-6,0,0,2026-06-15,B,3,0,-0.7895,0.3026,0,逃げ,3まくり差し,4390,0.461,0,202606150306,6-4-1-2-5,0,0,46.6505,0,3-6-4;3-6-1;3-6-2;3-4-6;3-4-1;3-4-2,0.5,1.34,1
4-1-6,0,0,2026-06-15,B,3,0,0.5132,0.6283,0,まくり差し,3まくり差し,4550,0.305,0,202606150311,4-6-2-1-5,0,0,32.3532,0,3-4-6;3-4-2;3-4-1;3-6-4;3-6-2;3-6-1,0.5,1.34,4
3-1-2,1,1,2026-06-15,S,3,1,-1.098,0.2255,600,まくり差し,3まくり,1950,0.84033,1,202606150606,6-4-1-5-2,0,0,82.7253,0,3-6-4;3-6-1;3-6-5;3-4-6;3-4-1;3-4-5,0,-0.21,3
2-1-3,0,0,2026-06-15,B,3,0,-1.3725,0.1569,0,差し,3まくり,3190,0.52633,0,202606150803,6-2-4-5-1,0,0,51.0508,0,3-6-2;3-6-4;3-6-5;3-2-6;3-2-4;3-2-5,0,-0.21,2
1-3-2,1,1,2026-06-15,S,3,0,1.6974,0.9243,600,逃げ,3まくり差し,700,0.823,1,202606150811,6-4-2-1-5,0,0,83.7674,0,3-6-4;3-6-2;3-6-1;3-4-6;3-4-2;3-4-1,-0.5,-0.23,1
3-1-2,1,1,2026-06-15,S,3,1,2.0,1.0,600,抜き,3まくり,2310,0.785,1,202606151001,1-6-5-4-2,0,0,80.29,0,3-1-6;3-1-5;3-1-4;3-6-1;3-6-5;3-6-4,0,-0.21,3
1-3-2,0,0,2026-06-15,B,3,0,-1.2237,0.1941,0,逃げ,3まくり差し,670,0.465,0,202606151010,1-6-2-4-5,0,0,45.0463,0,3-1-6;3-1-2;3-1-4;3-6-1;3-6-2;3-6-4,-0.5,-0.23,1
1-3-4,1,1,2026-06-15,S,3,0,-1.3684,0.1579,600,逃げ,3まくり差し,590,0.697,1,202606151609,1-4-6-2-5,0,0,68.2816,0,3-1-4;3-1-6;3-1-2;3-4-1;3-4-6;3-4-2,0,-0.05,1
1-2-3,1,1,2026-06-15,S,3,0,0.549,0.6373,600,逃げ,3まくり,700,0.70567,1,202606151612,1-5-4-2-6,0,0,71.0657,0,3-1-5;3-1-4;3-1-2;3-5-1;3-5-4;3-5-2,-0.5,-0.05,1
1-3-2,1,0,2026-06-15,A,3,0,0.8684,0.7171,600,逃げ,3まくり差し,670,0.631,1,202606151902,4-2-1-6-5,0,0,63.9184,0,3-4-2;3-4-1;3-4-6;3-2-4;3-2-1;3-2-6,0,-0.05,1
3-5-6,1,1,2026-06-15,S,3,1,1.7237,0.9309,600,まくり,3まくり差し,10310,0.785,1,202606151906,6-4-2-1-5,0,0,80.1737,0,3-6-4;3-6-2;3-6-1;3-4-6;3-4-2;3-4-1,0,-0.05,3
1-3-5,1,0,2026-06-15,A,3,0,-1.0132,0.2467,600,逃げ,3まくり差し,1400,0.572,1,202606152007,6-1-5-2-4,0,0,56.1368,0,3-6-1;3-6-5;3-6-2;3-1-6;3-1-5;3-1-2,0,-0.05,1
3-2-5,1,1,2026-06-15,S,3,1,1.6863,0.9216,600,まくり差し,3まくり,7460,0.66167,1,202606152203,4-6-5-2-1,0,0,67.6429,0,3-4-6;3-4-5;3-4-2;3-6-4;3-6-5;3-6-2,0,-0.21,3
1-4-6,1,1,2026-06-15,S,3,0,0.1579,0.5395,600,逃げ,3まくり差し,2390,0.799,1,202606152205,4-6-1-2-5,0,0,79.8279,0,3-4-6;3-4-1;3-4-2;3-6-4;3-6-1;3-6-2,-0.5,-0.23,1
1-2-3,1,0,2026-06-15,A,3,0,1.7255,0.9314,600,逃げ,3まくり,440,0.595,1,202606152209,2-1-6-5-4,0,0,61.0155,0,3-2-1;3-2-6;3-2-5;3-1-2;3-1-6;3-1-5,0,-0.21,1
3-1-4,1,1,2026-06-15,S,3,1,1.25,0.8125,600,抜き,3まくり差し,800,0.706,1,202606150107,1-4-6-5-2,800,0,71.8,1,3-1-4;3-1-6;3-1-5;3-4-1;3-4-6;3-4-5,0,-0.05,3
1-5-3,1,0,2026-06-15,A,3,0,0.5132,0.6283,600,逃げ,3まくり差し,1480,0.559,1,202606150312,1-5-4-6-2,0,0,57.7532,0,3-1-5;3-1-4;3-1-6;3-5-1;3-5-4;3-5-6,0.5,1.34,1
2-1-4,0,0,2026-06-15,B,3,0,0.1447,0.5362,0,差し,3まくり差し,5150,0.519,0,202606151003,4-6-1-5-2,0,0,51.9947,0,3-4-6;3-4-1;3-4-5;3-6-4;3-6-1;3-6-5,0,-0.05,2
1-3-5,0,0,2026-06-15,B,3,0,-1.2763,0.1809,0,逃げ,3まくり差し,1620,0.171,0,202606151202,4-6-5-1-2,0,0,15.7737,0,3-4-6;3-4-5;3-4-1;3-6-4;3-6-5;3-6-1,0,-0.05,1
3-1-5,0,0,2026-06-15,B,3,1,-1.9079,0.023,0,まくり,3まくり差し,5160,0.523,0,202606151204,5-2-4-1-6,0,0,50.1621,0,3-5-2;3-5-4;3-5-1;3-2-5;3-2-4;3-2-1,-0.5,-0.23,3
1-3-2,0,0,2026-06-15,B,3,0,-1.4342,0.1414,0,逃げ,3まくり差し,580,0.473,0,202606151210,1-2-6-4-5,0,0,45.6358,0,3-1-2;3-1-6;3-1-4;3-2-1;3-2-6;3-2-4,-0.5,-0.23,1
1-3-2,0,0,2026-06-15,B,3,0,-1.5132,0.1217,0,逃げ,3まくり差し,990,0.303,0,202606151611,1-6-4-5-2,0,0,28.5568,0,3-1-6;3-1-4;3-1-5;3-6-1;3-6-4;3-6-5,-0.5,-0.23,1
4-1-5,0,0,2026-06-15,B,3,0,0.2368,0.5592,0,差し,3まくり差し,6420,0.317,0,202606152012,5-1-4-6-2,0,0,31.7068,0,3-5-1;3-5-4;3-5-6;3-1-5;3-1-4;3-1-6,-0.5,-0.23,4
1-4-5,0,0,2026-06-15,B,3,0,0.0263,0.5066,0,抜き,3まくり差し,1630,0.415,0,202606152103,5-1-4-6-2,0,0,41.2963,0,3-5-1;3-5-4;3-5-6;3-1-5;3-1-4;3-1-6,-0.5,-0.23,1
1-4-5,0,0,2026-06-15,B,3,0,0.0263,0.5066,0,逃げ,3まくり差し,1260,0.261,0,202606152112,4-5-1-6-2,0,0,26.0763,0,3-4-5;3-4-1;3-4-6;3-5-4;3-5-1;3-5-6,0,-0.05,1
6-4-2,1,1,2026-06-15,S,4,0,0.7623,0.6906,600,差し,4カドまくり,2350,0.875,0,202606150104,6-2-5-3-1,0,0,88.2223,0,4-6-2;4-6-5;4-6-3;4-2-6;4-2-5;4-2-3,0,-0.04,6
2-1-4,0,0,2026-06-15,B,4,0,0.8879,0.722,0,まくり,4カドまくり,2090,0.539,0,202606150805,2-6-5-1-3,0,0,54.7479,0,4-2-6;4-2-5;4-2-1;4-6-2;4-6-5;4-6-1,0,-0.04,2
1-4-5,1,1,2026-06-15,S,4,0,-1.0673,0.2332,600,逃げ,4カドまくり,560,0.757,0,202606151004,5-1-6-3-2,0,0,73.4427,0,4-5-1;4-5-6;4-5-3;4-1-5;4-1-6;4-1-3,-0.5,-1.19,1
1-5-3,0,0,2026-06-15,B,4,0,-0.6547,0.3363,0,逃げ,4カドまくり,22680,0.405,0,202606151208,1-6-5-2-3,0,0,38.6553,0,4-1-6;4-1-5;4-1-2;4-6-1;4-6-5;4-6-2,-0.5,-1.19,1
4-1-2,0,0,2026-06-15,B,4,1,1.6951,0.9238,0,まくり差し,4カドまくり,3220,0.409,0,202606151908,2-3-1-5-6,0,0,42.5551,0,4-2-3;4-2-1;4-2-5;4-3-2;4-3-1;4-3-5,0,-0.04,4
1-4-5,0,0,2026-06-15,B,4,0,0.0807,0.5202,0,逃げ,4カドまくり,790,0.499,0,202606152102,5-1-3-6-2,0,0,49.9407,0,4-5-1;4-5-3;4-5-6;4-1-5;4-1-3;4-1-6,0,-0.04,1
1-2-4,0,0,2026-06-15,B,4,0,0.2422,0.5605,0,逃げ,4カドまくり,390,0.273,0,202606152208,2-1-3-5-6,0,0,27.5022,0,4-2-1;4-2-3;4-2-5;4-1-2;4-1-3;4-1-5,0,-0.04,1
1-3-2,0,0,2026-06-15,B,4,0,0.2422,0.5605,0,逃げ,4カドまくり,620,0.185,0,202606152210,2-1-5-3-6,0,0,17.5522,0,4-2-1;4-2-5;4-2-3;4-1-2;4-1-5;4-1-3,-0.5,-1.19,1
6-3-2,1,1,2026-06-15,S,4,0,1.6771,0.9193,600,まくり差し,4カドまくり,222920,0.649,0,202606152212,6-2-1-5-3,0,0,69.5771,0,4-6-2;4-6-1;4-6-5;4-2-6;4-2-1;4-2-5,0.5,3.0,6
3-1-4,1,0,2026-06-16,A,3,1,1.0332,0.7583,600,まくり,3まくり差し,1550,0.635,1,202606160107,1-4-5-6-2,1550,0,64.3032,1,3-1-4;3-1-5;3-1-6;3-4-1;3-4-5;3-4-6,-0.5,-0.23,3
,0,0,2026-06-16,B,3,0,-1.5294,0.1176,0,,3まくり,0,0.567,0,202606160111,6-4-1-2-5,0,0,54.9606,0,3-6-4;3-6-1;3-6-2;3-4-6;3-4-1;3-4-2,0,-0.21,0
4-2-5,0,0,2026-06-16,B,3,0,0.1176,0.5294,0,まくり,3まくり,7600,0.38167,0,202606160907,4-6-1-2-5,0,0,38.2343,0,3-4-6;3-4-1;3-4-2;3-6-4;3-6-1;3-6-2,-0.5,-0.05,4
3-5-2,1,0,2026-06-16,A,3,1,0.0181,0.5045,600,まくり,3まくり差し,2890,0.665,1,202606160908,4-5-1-6-2,0,0,66.4681,0,3-4-5;3-4-1;3-4-6;3-5-4;3-5-1;3-5-6,0,-0.05,3
1-3-4,1,1,2026-06-16,S,3,0,0.1176,0.5294,600,逃げ,3まくり,720,0.84033,1,202606160909,1-2-5-4-6,0,0,84.101,0,3-1-2;3-1-5;3-1-4;3-2-1;3-2-5;3-2-4,-0.5,-0.05,1
1-3-4,1,0,2026-06-16,A,3,0,0.0181,0.5045,600,逃げ,3まくり差し,550,0.629,1,202606160911,1-4-6-2-5,0,0,62.8681,0,3-1-4;3-1-6;3-1-2;3-4-1;3-4-6;3-4-2,0,-0.05,1
1-3-6,0,0,2026-06-16,B,3,0,1.6018,0.9005,0,逃げ,3まくり,2650,0.371,0,202606161206,5-2-1-6-4,0,0,38.6518,0,3-5-2;3-5-1;3-5-6;3-2-5;3-2-1;3-2-6,-0.5,-0.05,1
4-5-3,1,1,2026-06-16,S,3,0,0.6828,0.6707,600,まくり,3まくり差し,10120,0.669,1,202606161606,4-5-1-2-6,0,0,67.5328,0,3-4-5;3-4-1;3-4-2;3-5-4;3-5-1;3-5-2,0,-0.05,4
1-2-6,0,0,2026-06-16,B,3,0,-0.6949,0.3263,0,逃げ,3まくり差し,2140,0.523,0,202606161608,6-1-4-2-5,0,0,51.3751,0,3-6-1;3-6-4;3-6-2;3-1-6;3-1-4;3-1-2,-0.5,-0.23,1
3-1-2,1,1,2026-06-16,S,3,0,0.0181,0.5045,600,,3まくり差し,4830,0.749,1,202606161805,1-4-6-2-5,4830,0,74.8681,1,3-1-4;3-1-6;3-1-2;3-4-1;3-4-6;3-4-2,0,-0.05,0
5-2-4,0,0,2026-06-16,B,3,0,0.1176,0.5294,0,まくり差し,3まくり,31100,0.432,0,202606161810,4-2-5-6-1,0,0,43.1076,0,3-4-2;3-4-5;3-4-6;3-2-4;3-2-5;3-2-6,0,-0.21,5
1-3-2,0,0,2026-06-16,B,3,0,0.1176,0.5294,0,逃げ,3まくり,1950,0.539,0,202606161811,4-6-2-1-5,0,0,53.8076,0,3-4-6;3-4-2;3-4-1;3-6-4;3-6-2;3-6-1,0,-0.21,1
5-1-3,1,1,2026-06-16,S,3,0,1.8552,0.9638,600,まくり差し,3まくり,47740,0.79567,1,202606161902,4-1-6-2-5,0,0,81.2119,0,3-4-1;3-4-6;3-4-2;3-1-4;3-1-6;3-1-2,0,-0.21,5
1-4-3,1,0,2026-06-16,A,3,0,0.4253,0.6063,600,逃げ,3まくり,1290,0.66767,1,202606161909,1-2-4-6-5,0,0,66.982,0,3-1-2;3-1-4;3-1-6;3-2-1;3-2-4;3-2-6,0,-0.21,1
1-4-3,1,1,2026-06-16,S,3,0,0.8761,0.719,600,逃げ,3まくり差し,830,0.838,1,202606161910,4-1-2-5-6,0,0,84.6261,0,3-4-1;3-4-2;3-4-5;3-1-4;3-1-2;3-1-5,0,-0.05,1
4-5-3,0,0,2026-06-16,B,3,0,-1.2024,0.1994,0,差し,3まくり差し,30440,0.197,0,202606162103,5-1-6-2-4,0,0,18.4476,0,3-5-1;3-5-6;3-5-2;3-1-5;3-1-6;3-1-2,0,-0.05,4
3-2-5,1,1,2026-06-16,S,3,1,0.1719,0.543,600,まくり,3まくり,3910,0.785,1,202606162203,1-4-2-5-6,0,1,78.6219,0,3-1-4;3-1-2;3-1-5;3-4-1;3-4-2;3-4-5,-0.5,-0.05,3
1-5-2,1,0,2026-06-16,A,3,0,-0.8399,0.29,600,逃げ,3まくり差し,3180,0.629,1,202606162212,6-1-5-2-4,0,0,62.0101,0,3-6-1;3-6-5;3-6-2;3-1-6;3-1-5;3-1-2,0,-0.05,1
1-2-5,1,0,2026-06-16,A,3,0,0.3202,0.5801,600,逃げ,3まくり差し,3160,0.607,1,202606160311,1-4-2-5-6,0,0,62.3602,0,3-1-4;3-1-2;3-1-5;3-4-1;3-4-2;3-4-5,0.5,1.34,1
1-2-4,0,0,2026-06-16,B,3,0,1.3595,0.8399,0,逃げ,3まくり差し,610,0.357,0,202606160611,2-1-4-6-5,0,0,37.0095,0,3-2-1;3-2-4;3-2-6;3-1-2;3-1-4;3-1-6,0,-0.05,1
3-1-6,1,0,2026-06-16,A,3,1,0.3565,0.5891,600,まくり,3まくり差し,6300,0.559,1,202606161011,6-5-1-4-2,0,0,56.2065,0,3-6-5;3-6-1;3-6-4;3-5-6;3-5-1;3-5-4,0,-0.05,3
2-1-3,1,0,2026-06-16,A,3,0,1.5891,0.8973,600,差し,3まくり差し,810,0.605,1,202606161204,2-5-1-6-4,0,0,61.8591,0,3-2-5;3-2-1;3-2-6;3-5-2;3-5-1;3-5-6,-0.5,-0.23,2
1-2-4,0,0,2026-06-16,B,3,0,0.5498,0.6375,0,逃げ,3まくり差し,1330,0.513,0,202606161604,4-6-1-2-5,0,0,51.7998,0,3-4-6;3-4-1;3-4-2;3-6-4;3-6-1;3-6-2,0,-0.05,1
2-1-4,0,0,2026-06-16,B,3,0,0.0181,0.5045,0,差し,3まくり差し,5040,0.507,0,202606161802,4-1-6-2-5,0,0,50.6681,0,3-4-1;3-4-6;3-4-2;3-1-4;3-1-6;3-1-2,0,-0.05,2
3-1-4,0,0,2026-06-16,B,3,1,0.0181,0.5045,0,まくり差し,3まくり差し,2700,0.404,0,202606161803,5-6-4-1-2,0,1,40.3681,0,3-5-6;3-5-4;3-5-1;3-6-5;3-6-4;3-6-1,0,-0.05,3
1-2-6,0,0,2026-06-16,B,3,0,-0.8882,0.2779,0,逃げ,3まくり差し,6260,0.303,0,202606161908,4-5-1-2-6,0,0,29.3618,0,3-4-5;3-4-1;3-4-2;3-5-4;3-5-1;3-5-2,0,-0.05,1
4-5-2,0,0,2026-06-16,B,3,0,-1.6737,0.0816,0,差し,3まくり差し,41920,0.434,0,202606161911,4-1-2-5-6,0,0,41.6763,0,3-4-1;3-4-2;3-4-5;3-1-4;3-1-2;3-1-5,0,-0.05,4
2-3-1,1,0,2026-06-16,A,3,0,0.6344,0.6586,600,差し,3まくり差し,5110,0.575,1,202606162101,1-2-6-4-5,0,0,57.9044,0,3-1-2;3-1-6;3-1-4;3-2-1;3-2-6;3-2-4,-0.5,-0.23,2
6-3-5,1,0,2026-06-16,A,3,0,0.9245,0.7311,600,抜き,3まくり差し,100360,0.553,1,202606162110,5-4-1-6-2,0,0,56.1745,0,3-5-4;3-5-1;3-5-6;3-4-5;3-4-1;3-4-6,0,-0.05,6
4-1-3,1,1,2026-06-16,S,4,0,0.5517,0.6379,600,,4カドまくり,5330,0.73,0,202606160304,3-2-5-1-6,0,0,76.5517,0,4-3-2;4-3-5;4-3-1;4-2-3;4-2-5;4-2-1,0.5,3.0,0
1-4-2,1,1,2026-06-16,S,4,0,-1.2759,0.181,600,,4カドまくり,2520,0.734,0,202606160305,2-5-3-6-1,0,0,75.1241,0,4-2-5;4-2-3;4-2-6;4-5-2;4-5-3;4-5-6,0.5,3.0,0
1-6-4,1,0,2026-06-16,A,4,0,-0.8621,0.2845,600,逃げ,4カドまくり,2360,0.651,0,202606160605,1-6-3-2-5,0,0,63.0479,0,4-1-6;4-1-3;4-1-2;4-6-1;4-6-3;4-6-2,-0.5,-1.19,1
1-2-6,0,0,2026-06-16,B,4,0,-1.8966,0.0259,0,逃げ,4カドまくり,2970,0.451,0,202606160802,6-2-3-5-1,0,0,43.1634,0,4-6-2;4-6-3;4-6-5;4-2-6;4-2-3;4-2-5,0,-0.04,1
1-3-4,1,1,2026-06-16,S,4,0,0.069,0.5172,600,逃げ,4カドまくり,1210,0.713,0,202606160807,5-6-1-2-3,0,0,70.179,0,4-5-6;4-5-1;4-5-2;4-6-5;4-6-1;4-6-2,-0.5,-1.19,1
2-1-4,1,0,2026-06-16,A,4,0,1.2414,0.8103,600,差し,4カドまくり,2260,0.645,0,202606160811,3-6-2-5-1,0,0,64.5514,0,4-3-6;4-3-2;4-3-5;4-6-3;4-6-2;4-6-5,-0.5,-1.19,2
1-4-3,0,0,2026-06-16,B,4,0,-1.0862,0.2284,0,逃げ,4カドまくり,1490,0.535,0,202606160812,1-3-6-2-5,0,0,52.3738,0,4-1-3;4-1-6;4-1-2;4-3-1;4-3-6;4-3-2,0,-0.04,1
1-2-3,1,1,2026-06-16,S,4,0,0.0517,0.5129,600,逃げ,4カドまくり,840,0.715,0,202606160912,6-3-2-5-1,0,0,70.3617,0,4-6-3;4-6-2;4-6-5;4-3-6;4-3-2;4-3-5,-0.5,-1.19,1
2-4-1,0,0,2026-06-16,B,4,0,1.5,0.875,0,差し,4カドまくり,5630,0.431,0,202606161210,6-3-1-2-5,0,0,43.41,0,4-6-3;4-6-1;4-6-2;4-3-6;4-3-1;4-3-2,-0.5,-1.19,2
1-4-3,0,0,2026-06-16,B,4,0,0.6897,0.6724,0,逃げ,4カドまくり,2210,0.521,0,202606161605,1-5-6-2-3,0,0,51.5997,0,4-1-5;4-1-6;4-1-2;4-5-1;4-5-6;4-5-2,-0.5,-1.19,1
4-5-1,0,0,2026-06-16,B,4,1,-0.6379,0.3405,0,まくり,4カドまくり,6140,0.499,0,202606161611,2-6-5-3-1,0,1,49.2221,0,4-2-6;4-2-5;4-2-3;4-6-2;4-6-5;4-6-3,0,-0.04,4
1-2-3,0,0,2026-06-16,B,4,0,0.0517,0.5129,0,逃げ,4カドまくり,770,0.48,0,202606161809,2-5-6-1-3,0,0,48.0117,0,4-2-5;4-2-6;4-2-1;4-5-2;4-5-6;4-5-1,0,-0.04,1
4-1-3,1,1,2026-06-16,S,4,1,0.8448,0.7112,600,差し,4カドまくり,2270,0.855,0,202606161901,3-2-6-5-1,0,0,86.3048,0,4-3-2;4-3-6;4-3-5;4-2-3;4-2-6;4-2-5,0,-0.04,4
1-3-4,0,0,2026-06-16,B,4,0,-1.1897,0.2026,0,抜き,4カドまくり,2060,0.307,0,202606162204,1-5-2-3-6,0,0,29.4703,0,4-1-5;4-1-2;4-1-3;4-5-1;4-5-2;4-5-3,0,-0.04,1
1-5-2,0,0,2026-06-16,B,4,0,1.2069,0.8017,0,逃げ,4カドまくり,3500,0.255,0,202606162210,2-5-3-1-6,0,0,25.5169,0,4-2-5;4-2-3;4-2-1;4-5-2;4-5-3;4-5-1,-0.5,-1.19,1
1-5-6,0,0,2026-06-18,B,3,0,0.159,0.5397,0,逃げ,3まくり,4710,0.43767,0,202606180107,1-6-5-2-4,0,0,43.8757,0,3-1-6;3-1-5;3-1-2;3-6-1;3-6-5;3-6-2,-0.5,-0.05,1
3-6-2,1,1,2026-06-18,S,3,1,0.159,0.5397,600,まくり,3まくり,2260,0.763,1,202606180407,6-2-5-4-1,2260,1,76.249,1,3-6-2;3-6-5;3-6-4;3-2-6;3-2-5;3-2-4,0,-0.21,3
1-4-3,0,0,2026-06-18,B,3,0,0.159,0.5397,0,逃げ,3まくり,21800,0.51567,0,202606180501,5-6-1-4-2,0,0,51.5157,0,3-5-6;3-5-1;3-5-4;3-6-5;3-6-1;3-6-4,0,-0.21,1
1-3-5,1,1,2026-06-18,S,3,0,0.159,0.5397,600,逃げ,3まくり,520,0.729,1,202606180707,1-4-5-2-6,0,0,73.009,0,3-1-4;3-1-5;3-1-2;3-4-1;3-4-5;3-4-2,-0.5,-0.05,1
1-6-5,0,0,2026-06-18,B,3,0,0.159,0.5397,0,逃げ,3まくり,5390,0.33833,0,202606180711,1-5-6-4-2,0,0,33.9423,0,3-1-5;3-1-6;3-1-4;3-5-1;3-5-6;3-5-4,-0.5,-0.05,1
3-2-1,0,0,2026-06-18,B,3,1,-1.9556,0.0111,0,まくり差し,3まくり差し,5610,0.567,0,202606180910,6-5-1-4-2,0,1,54.6944,0,3-6-5;3-6-1;3-6-4;3-5-6;3-5-1;3-5-4,0,-0.05,3
1-3-4,1,0,2026-06-18,A,3,0,1.3556,0.8389,600,逃げ,3まくり差し,340,0.623,1,202606180911,1-4-6-5-2,0,0,63.4256,0,3-1-4;3-1-6;3-1-5;3-4-1;3-4-6;3-4-5,-0.5,-0.23,1
3-6-1,1,1,2026-06-18,S,3,1,0.0333,0.5083,600,まくり差し,3まくり差し,1490,0.815,1,202606181301,6-1-4-2-5,1490,1,81.3033,1,3-6-1;3-6-4;3-6-2;3-1-6;3-1-4;3-1-2,-0.5,-0.23,3
5-3-4,1,1,2026-06-18,S,3,0,0.0333,0.5083,600,まくり差し,3まくり差し,1300,0.685,1,202606181303,5-2-4-1-6,0,0,68.4833,0,3-5-2;3-5-4;3-5-1;3-2-5;3-2-4;3-2-1,0,-0.05,5
6-3-2,1,0,2026-06-18,A,3,0,0.159,0.5397,600,まくり差し,3まくり,62140,0.656,1,202606181308,1-6-2-5-4,0,0,65.549,0,3-1-6;3-1-2;3-1-5;3-6-1;3-6-2;3-6-5,0,-0.21,6
1-2-4,0,0,2026-06-18,B,3,0,0.159,0.5397,0,逃げ,3まくり,2110,0.264,0,202606181311,1-4-6-2-5,0,0,26.349,0,3-1-4;3-1-6;3-1-2;3-4-1;3-4-6;3-4-2,0,-0.21,1
3-4-6,0,0,2026-06-18,B,3,1,0.0333,0.5083,0,まくり,3まくり差し,1070,0.521,0,202606181702,6-4-5-1-2,0,0,51.9033,1,3-6-4;3-6-5;3-6-1;3-4-6;3-4-5;3-4-1,-0.5,-0.23,3
4-6-2,0,0,2026-06-18,B,3,0,0.0333,0.5083,0,まくり,3まくり差し,2890,0.443,0,202606181704,6-4-5-1-2,0,0,44.1033,0,3-6-4;3-6-5;3-6-1;3-4-6;3-4-5;3-4-1,-0.5,-0.23,4
2-1-5,1,1,2026-06-18,S,3,0,2.0,1.0,600,差し,3まくり,7420,0.814,1,202606181806,5-4-1-2-6,0,0,83.19,0,3-5-4;3-5-1;3-5-2;3-4-5;3-4-1;3-4-2,0,-0.21,2
4-6-2,0,0,2026-06-18,B,3,0,1.3975,0.8494,0,まくり,3まくり,9410,0.522,0,202606181807,4-6-5-2-1,0,0,53.3875,0,3-4-6;3-4-5;3-4-2;3-6-4;3-6-5;3-6-2,0,-0.21,4
5-2-1,0,0,2026-06-18,B,3,0,-1.364,0.159,0,まくり,3まくり,10490,0.303,0,202606181810,5-6-1-2-4,0,0,28.726,0,3-5-6;3-5-1;3-5-2;3-6-5;3-6-1;3-6-2,0,-0.21,5
1-4-2,0,0,2026-06-18,B,3,0,0.159,0.5397,0,逃げ,3まくり,4380,0.54967,0,202606182002,6-1-2-4-5,0,0,54.9157,0,3-6-1;3-6-2;3-6-4;3-1-6;3-1-2;3-1-4,0,-0.21,1
1-5-2,0,0,2026-06-18,B,3,0,-1.8828,0.0293,0,逃げ,3まくり,1280,0.305,0,202606182105,1-5-2-6-4,0,0,28.4072,0,3-1-5;3-1-2;3-1-6;3-5-1;3-5-2;3-5-6,0,-0.21,1
1-2-3,1,1,2026-06-18,S,3,0,1.9444,0.9861,600,逃げ,3まくり差し,1000,0.687,1,202606182108,6-2-4-1-5,0,0,70.5944,0,3-6-2;3-6-4;3-6-1;3-2-6;3-2-4;3-2-1,0,-0.05,1
1-4-3,1,1,2026-06-18,S,3,0,1.8444,0.9611,600,逃げ,3まくり差し,11290,0.679,1,202606182109,5-6-1-2-4,0,0,71.0844,0,3-5-6;3-5-1;3-5-2;3-6-5;3-6-1;3-6-2,0.5,1.34,1
1-2-6,0,0,2026-06-18,B,3,0,0.0333,0.5083,0,逃げ,3まくり差し,2090,0.433,0,202606182409,6-5-1-4-2,0,0,43.2833,0,3-6-5;3-6-1;3-6-4;3-5-6;3-5-1;3-5-4,0,-0.05,1
1-5-4,1,0,2026-06-18,A,3,0,1.1,0.775,600,逃げ,3まくり差し,13500,0.605,1,202606180105,5-4-2-1-6,0,0,61.55,0,3-5-4;3-5-2;3-5-1;3-4-5;3-4-2;3-4-1,0,-0.05,1
1-3-4,0,0,2026-06-18,B,3,0,0.0333,0.5083,0,逃げ,3まくり差し,1070,0.481,0,202606180110,5-1-4-6-2,0,0,47.9033,0,3-5-1;3-5-4;3-5-6;3-1-5;3-1-4;3-1-6,-0.5,-0.23,1
2-1-5,0,0,2026-06-18,B,3,0,0.0333,0.5083,0,差し,3まくり差し,2720,0.319,0,202606180202,5-4-1-2-6,0,0,31.7033,0,3-5-4;3-5-1;3-5-2;3-4-5;3-4-1;3-4-2,-0.5,-0.23,2
3-2-1,0,0,2026-06-18,B,3,1,0.0333,0.5083,0,差し,3まくり差し,3280,0.407,0,202606180203,5-1-2-4-6,0,0,40.5033,0,3-5-1;3-5-2;3-5-4;3-1-5;3-1-2;3-1-4,-0.5,-0.23,3
3-5-4,0,0,2026-06-18,B,3,1,0.3667,0.5917,0,まくり差し,3まくり差し,26560,0.211,0,202606180804,5-1-4-6-2,0,1,21.4167,1,3-5-1;3-5-4;3-5-6;3-1-5;3-1-4;3-1-6,0,-0.05,3
1-3-2,0,0,2026-06-18,B,3,0,1.8778,0.9694,0,逃げ,3まくり差し,1420,0.423,0,202606180807,6-5-1-2-4,0,0,44.1278,0,3-6-5;3-6-1;3-6-2;3-5-6;3-5-1;3-5-2,0,-0.05,1
2-3-4,0,0,2026-06-18,B,3,0,1.8556,0.9639,0,まくり,3まくり差し,18750,0.403,0,202606180810,4-6-1-5-2,0,0,42.1056,0,3-4-6;3-4-1;3-4-5;3-6-4;3-6-1;3-6-5,0,-0.05,2
1-5-3,0,0,2026-06-18,B,3,0,0.8889,0.7222,0,逃げ,3まくり差し,3430,0.381,0,202606180903,6-5-4-1-2,0,0,38.9389,0,3-6-5;3-6-4;3-6-1;3-5-6;3-5-4;3-5-1,0,-0.05,1
4-5-1,0,0,2026-06-18,B,3,0,-1.6333,0.0917,0,まくり,3まくり差し,4470,0.315,0,202606180912,5-1-6-4-2,0,0,29.8167,0,3-5-1;3-5-6;3-5-4;3-1-5;3-1-6;3-1-4,0,-0.05,4
1-2-6,0,0,2026-06-18,B,3,0,0.0333,0.5083,0,逃げ,3まくり差し,7100,0.455,0,202606182408,4-2-5-6-1,0,0,45.4833,0,3-4-2;3-4-5;3-4-6;3-2-4;3-2-5;3-2-6,0,-0.05,1
1-3-5,1,0,2026-06-18,A,3,0,0.0333,0.5083,600,逃げ,3まくり差し,930,0.669,1,202606182411,1-2-6-4-5,0,0,66.8833,0,3-1-2;3-1-6;3-1-4;3-2-1;3-2-6;3-2-4,0,-0.05,1
1-3-4,0,0,2026-06-18,B,4,0,0.0729,0.5182,0,逃げ,4カドまくり,1070,0.509,0,202606180110,5-1-6-3-2,0,0,50.9329,0,4-5-1;4-5-6;4-5-3;4-1-5;4-1-6;4-1-3,0,-0.04,1
2-1-4,1,0,2026-06-18,A,4,0,0.0567,0.5142,600,抜き,4カドまくり,1780,0.573,0,202606180205,1-2-3-5-6,0,0,56.1667,0,4-1-2;4-1-3;4-1-5;4-2-1;4-2-3;4-2-5,-0.5,-1.19,2
2-1-5,0,0,2026-06-18,B,4,0,0.0567,0.5142,0,差し,4カドまくり,6000,0.497,0,202606180210,6-1-2-5-3,0,0,49.7167,0,4-6-1;4-6-2;4-6-5;4-1-6;4-1-2;4-1-5,0,-0.04,2
1-2-3,1,0,2026-06-18,A,4,0,0.0567,0.5142,600,逃げ,4カドまくり,980,0.575,0,202606180404,2-6-3-1-5,0,0,57.5167,0,4-2-6;4-2-3;4-2-1;4-6-2;4-6-3;4-6-1,0,-0.04,1
3-2-4,0,0,2026-06-18,B,4,0,0.0567,0.5142,0,差し,4カドまくり,14510,0.203,0,202606180408,1-2-3-6-5,0,0,20.3167,0,4-1-2;4-1-3;4-1-6;4-2-1;4-2-3;4-2-6,0,-0.04,3
4-6-5,1,1,2026-06-18,S,4,1,0.0567,0.5142,600,まくり,4カドまくり,1370,0.729,0,202606180503,6-3-1-5-2,1370,1,75.9567,1,4-6-3;4-6-1;4-6-5;4-3-6;4-3-1;4-3-5,0.5,3.0,4
1-2-3,1,1,2026-06-18,S,4,0,0.0567,0.5142,600,逃げ,4カドまくり,1650,0.841,0,202606180508,1-3-6-5-2,0,0,84.1167,0,4-1-3;4-1-6;4-1-5;4-3-1;4-3-6;4-3-5,0,-0.04,1
1-4-2,0,0,2026-06-18,B,4,0,0.0567,0.5142,0,抜き,4カドまくり,580,0.449,0,202606180510,1-6-5-2-3,0,0,44.9167,0,4-1-6;4-1-5;4-1-2;4-6-1;4-6-5;4-6-2,0,-0.04,1
1-5-3,0,0,2026-06-18,B,4,0,0.0567,0.5142,0,逃げ,4カドまくり,5770,0.443,0,202606180710,1-3-6-5-2,0,0,43.1667,0,4-1-3;4-1-6;4-1-5;4-3-1;4-3-6;4-3-5,-0.5,-1.19,1
1-4-3,1,0,2026-06-18,A,4,0,-1.919,0.0202,600,逃げ,4カドまくり,2990,0.667,0,202606180812,6-5-2-3-1,0,0,64.741,0,4-6-5;4-6-2;4-6-3;4-5-6;4-5-2;4-5-3,0,-0.04,1
6-4-1,0,0,2026-06-18,B,4,0,-1.498,0.1255,0,まくり差し,4カドまくり,6650,0.343,0,202606180906,6-2-1-5-3,0,0,32.762,0,4-6-2;4-6-1;4-6-5;4-2-6;4-2-1;4-2-5,0,-0.04,6
1-2-3,1,1,2026-06-18,S,4,0,1.919,0.9798,600,逃げ,4カドまくり,1720,0.763,0,202606180909,2-6-1-5-3,0,0,78.179,0,4-2-6;4-2-1;4-2-5;4-6-2;4-6-1;4-6-5,0,-0.04,1
1-4-3,1,1,2026-06-18,S,4,0,0.0567,0.5142,600,逃げ,4カドまくり,1350,0.753,0,202606181302,3-1-5-2-6,0,0,75.3167,0,4-3-1;4-3-5;4-3-2;4-1-3;4-1-5;4-1-2,0,-0.04,1
1-4-6,0,0,2026-06-18,B,4,0,0.0567,0.5142,0,逃げ,4カドまくり,1250,0.423,0,202606181306,1-3-6-5-2,0,0,42.3167,0,4-1-3;4-1-6;4-1-5;4-3-1;4-3-6;4-3-5,0,-0.04,1
4-1-2,1,0,2026-06-18,A,4,1,0.0567,0.5142,600,まくり,4カドまくり,1640,0.528,0,202606181307,6-2-1-5-3,0,1,55.8567,0,4-6-2;4-6-1;4-6-5;4-2-6;4-2-1;4-2-5,0.5,3.0,4
6-1-4,1,0,2026-06-18,A,4,0,0.0567,0.5142,600,まくり,4カドまくり,7200,0.625,0,202606181310,6-1-2-3-5,0,0,62.5167,0,4-6-1;4-6-2;4-6-3;4-1-6;4-1-2;4-1-3,0,-0.04,6
1-3-4,1,1,2026-06-18,S,4,0,1.919,0.9798,600,逃げ,4カドまくり,840,0.749,0,202606181802,1-6-2-3-5,0,0,76.779,0,4-1-6;4-1-2;4-1-3;4-6-1;4-6-2;4-6-3,0,-0.04,1
2-6-4,0,0,2026-06-18,B,4,0,-1.6761,0.081,0,まくり差し,4カドまくり,3200,0.24,0,202606181805,6-2-3-1-5,0,0,22.2839,0,4-6-2;4-6-3;4-6-1;4-2-6;4-2-3;4-2-1,0,-0.04,2
2-4-5,1,1,2026-06-18,S,4,0,0.4291,0.6073,600,差し,4カドまくり,10490,0.775,0,202606181809,2-5-1-6-3,0,0,77.8891,0,4-2-5;4-2-1;4-2-6;4-5-2;4-5-1;4-5-6,0,-0.04,2
1-2-4,0,0,2026-06-18,B,4,0,0.0567,0.5142,0,逃げ,4カドまくり,350,0.405,0,202606182005,1-2-5-3-6,0,0,39.3667,0,4-1-2;4-1-5;4-1-3;4-2-1;4-2-5;4-2-3,-0.5,-1.19,1
1-4-3,1,1,2026-06-18,S,4,0,0.0567,0.5142,600,逃げ,4カドまくり,550,0.683,0,202606182007,1-3-2-6-5,0,0,67.1667,0,4-1-3;4-1-2;4-1-6;4-3-1;4-3-2;4-3-6,-0.5,-1.19,1
,0,0,2026-06-18,B,4,0,0.0567,0.5142,0,,4カドまくり,0,0.465,0,202606182012,5-3-6-1-2,0,0,46.5167,0,4-5-3;4-5-6;4-5-1;4-3-5;4-3-6;4-3-1,0,-0.04,0
1-3-5,0,0,2026-06-18,B,4,0,-1.1255,0.2186,0,逃げ,4カドまくり,1770,0.295,0,202606182102,1-6-5-3-2,0,0,28.3345,0,4-1-6;4-1-5;4-1-3;4-6-1;4-6-5;4-6-3,0,-0.04,1
1-6-3,1,1,2026-06-19,S,3,0,1.3385,0.8346,600,逃げ,3まくり,65630,0.76233,1,202606190205,4-1-5-6-2,0,0,77.3618,0,3-4-1;3-4-5;3-4-6;3-1-4;3-1-5;3-1-6,0,-0.21,1
2-3-1,1,0,2026-06-19,A,3,0,-1.4796,0.1301,600,差し,3まくり差し,1820,0.645,1,202606190403,2-1-4-6-5,0,0,62.9704,0,3-2-1;3-2-4;3-2-6;3-1-2;3-1-4;3-1-6,0,-0.05,2
3-1-6,1,0,2026-06-19,A,3,1,0.4615,0.6154,600,まくり,3まくり,1720,0.61567,1,202606190409,6-1-2-4-5,1720,1,61.8182,1,3-6-1;3-6-2;3-6-4;3-1-6;3-1-2;3-1-4,0,-0.21,3
1-2-3,0,0,2026-06-19,B,3,0,0.5231,0.6308,0,逃げ,3まくり,890,0.52633,0,202606190503,2-4-1-5-6,0,0,52.9464,0,3-2-4;3-2-1;3-2-5;3-4-2;3-4-1;3-4-5,0,-0.21,1
2-1-3,1,0,2026-06-19,A,3,0,0.5538,0.6385,600,差し,3まくり,1360,0.54833,1,202606190506,2-4-1-6-5,0,0,55.3372,0,3-2-4;3-2-1;3-2-6;3-4-2;3-4-1;3-4-6,-0.5,-0.05,2
1-3-4,1,1,2026-06-19,S,3,0,1.1939,0.7985,600,逃げ,3まくり差し,1240,0.717,1,202606190508,1-5-2-4-6,0,0,72.8439,0,3-1-5;3-1-2;3-1-4;3-5-1;3-5-2;3-5-4,0,-0.05,1
1-3-2,1,1,2026-06-19,S,3,0,-1.4769,0.1308,600,逃げ,3まくり,790,0.751,1,202606190710,1-6-2-5-4,0,0,73.5731,0,3-1-6;3-1-2;3-1-5;3-6-1;3-6-2;3-6-5,-0.5,-0.05,1
3-1-4,1,1,2026-06-19,S,3,1,0.3776,0.5944,600,まくり差し,3まくり差し,620,0.779,1,202606190908,4-5-6-1-2,0,1,78.2276,0,3-4-5;3-4-6;3-4-1;3-5-4;3-5-6;3-5-1,0,-0.05,3
1-5-3,1,1,2026-06-19,S,3,0,0.7692,0.6923,600,逃げ,3まくり,490,0.751,1,202606190910,5-1-2-6-4,0,0,75.6592,0,3-5-1;3-5-2;3-5-6;3-1-5;3-1-2;3-1-6,0,-0.21,1
3-5-2,0,0,2026-06-19,B,3,1,0.0918,0.523,0,差し,3まくり差し,6790,0.351,0,202606191104,5-2-1-4-6,0,0,35.1418,1,3-5-2;3-5-1;3-5-4;3-2-5;3-2-1;3-2-4,0,-0.05,3
3-6-2,1,1,2026-06-19,S,3,1,1.1327,0.7832,600,まくり,3まくり差し,3980,0.665,1,202606191301,5-2-6-4-1,0,0,68.9727,0,3-5-2;3-5-6;3-5-4;3-2-5;3-2-6;3-2-4,0.5,1.34,3
3-1-5,1,1,2026-06-19,S,3,1,1.8776,0.9694,600,まくり差し,3まくり差し,830,0.843,1,202606191310,5-6-1-4-2,0,1,86.1276,0,3-5-6;3-5-1;3-5-4;3-6-5;3-6-1;3-6-4,0,-0.05,3
1-6-5,1,0,2026-06-19,A,3,0,1.6308,0.9077,600,逃げ,3まくり,6790,0.629,1,202606191312,1-4-6-5-2,0,0,64.3208,0,3-1-4;3-1-6;3-1-5;3-4-1;3-4-6;3-4-5,0,-0.21,1
3-4-5,1,0,2026-06-19,A,3,1,0.5231,0.6308,600,差し,3まくり,1200,0.57167,1,202606191703,4-5-2-6-1,1200,0,57.6397,1,3-4-5;3-4-2;3-4-6;3-5-4;3-5-2;3-5-6,-0.5,-0.05,3
4-1-3,0,0,2026-06-19,B,3,0,1.1538,0.7885,0,まくり差し,3まくり,4600,0.539,0,202606191704,6-4-5-1-2,0,0,54.8438,0,3-6-4;3-6-5;3-6-1;3-4-6;3-4-5;3-4-1,0,-0.21,4
1-4-5,1,0,2026-06-19,A,3,0,1.3878,0.8469,600,逃げ,3まくり差し,2000,0.637,1,202606191712,4-1-5-6-2,0,0,64.8578,0,3-4-1;3-4-5;3-4-6;3-1-4;3-1-5;3-1-6,-0.5,-0.23,1
3-6-1,0,0,2026-06-19,B,3,1,-1.1538,0.2115,0,まくり差し,3まくり,1930,0.41633,0,202606192010,6-1-5-2-4,0,0,40.4295,1,3-6-1;3-6-5;3-6-2;3-1-6;3-1-5;3-1-2,-0.5,-0.05,3
1-3-4,1,1,2026-06-19,S,3,0,1.4184,0.8546,600,逃げ,3まくり差し,370,0.831,1,202606192011,4-1-6-5-2,0,0,84.2884,0,3-4-1;3-4-6;3-4-5;3-1-4;3-1-6;3-1-5,-0.5,-0.23,1
1-3-2,1,1,2026-06-19,S,3,0,1.8673,0.9668,600,逃げ,3まくり差し,1370,0.657,1,202606192108,4-5-2-6-1,0,0,67.5173,0,3-4-5;3-4-2;3-4-6;3-5-4;3-5-2;3-5-6,0,-0.05,1
1-3-4,1,0,2026-06-19,A,3,0,-0.9184,0.2704,600,逃げ,3まくり差し,780,0.633,1,202606192112,1-2-4-5-6,0,0,63.7216,0,3-1-2;3-1-4;3-1-5;3-2-1;3-2-4;3-2-5,0.5,1.34,1
1-2-4,0,0,2026-06-19,B,3,0,-1.9592,0.0102,0,逃げ,3まくり差し,1700,0.233,0,202606192402,6-4-2-1-5,0,0,21.2908,0,3-6-4;3-6-2;3-6-1;3-4-6;3-4-2;3-4-1,0,-0.05,1
1-2-3,0,0,2026-06-19,B,3,0,-1.1735,0.2066,0,逃げ,3まくり差し,400,0.207,0,202606190510,1-2-6-4-5,0,0,19.4765,0,3-1-2;3-1-6;3-1-4;3-2-1;3-2-6;3-2-4,0,-0.05,1
3-2-6,0,0,2026-06-19,B,3,1,1.7347,0.9337,0,まくり,3まくり差し,8710,0.421,0,202606190704,5-2-4-6-1,0,0,43.6047,1,3-5-2;3-5-4;3-5-6;3-2-5;3-2-4;3-2-6,-0.5,-0.23,3
3-2-4,1,1,2026-06-19,S,3,1,0.0918,0.523,600,まくり,3まくり差し,7560,0.797,1,202606191102,5-2-1-4-6,7560,0,79.5618,1,3-5-2;3-5-1;3-5-4;3-2-5;3-2-1;3-2-4,-0.5,-0.23,3
3-1-2,1,1,2026-06-19,S,3,1,1.0204,0.7551,600,まくり,3まくり差し,930,0.714,1,202606191303,1-4-2-6-5,930,0,72.3704,1,3-1-4;3-1-2;3-1-6;3-4-1;3-4-2;3-4-6,0,-0.05,3
3-1-2,1,1,2026-06-19,S,3,1,0.8163,0.7041,600,まくり差し,3まくり差し,1090,0.687,1,202606191706,6-5-1-2-4,0,1,69.4663,0,3-6-5;3-6-1;3-6-2;3-5-6;3-5-1;3-5-2,0,-0.05,3
1-4-5,0,0,2026-06-19,B,3,0,-1.2143,0.1964,0,逃げ,3まくり差し,2040,0.381,0,202606192404,6-4-1-2-5,0,0,36.8357,0,3-6-4;3-6-1;3-6-2;3-4-6;3-4-1;3-4-2,0,-0.05,1
1-6-3,1,1,2026-06-19,S,4,0,1.2,0.8,600,逃げ,4カドまくり,65630,0.703,0,202606190205,1-3-5-6-2,0,0,70.31,0,4-1-3;4-1-5;4-1-6;4-3-1;4-3-5;4-3-6,-0.5,-1.19,1
4-3-5,1,0,2026-06-19,A,4,1,-1.5111,0.1222,600,まくり差し,4カドまくり,2660,0.581,0,202606190501,3-5-1-6-2,2660,0,56.5489,1,4-3-5;4-3-1;4-3-6;4-5-3;4-5-1;4-5-6,0,-0.04,4
2-3-5,0,0,2026-06-19,B,4,0,0.9778,0.7444,0,まくり,4カドまくり,5150,0.519,0,202606190505,2-5-3-6-1,0,0,52.8378,0,4-2-5;4-2-3;4-2-6;4-5-2;4-5-3;4-5-6,0,-0.04,2
1-2-4,1,0,2026-06-19,A,4,0,1.8963,0.9741,600,逃げ,4カドまくり,1430,0.597,0,202606190707,1-5-3-2-6,0,0,60.4063,0,4-1-5;4-1-3;4-1-2;4-5-1;4-5-3;4-5-2,-0.5,-1.19,1
3-1-6,1,1,2026-06-19,S,4,0,-0.8741,0.2815,600,抜き,4カドまくり,23930,0.729,0,202606190903,6-5-2-1-3,0,0,71.9859,0,4-6-5;4-6-2;4-6-1;4-5-6;4-5-2;4-5-1,0,-0.04,3
1-2-4,0,0,2026-06-19,B,4,0,1.5407,0.8852,0,逃げ,4カドまくり,300,0.495,0,202606190911,1-2-5-6-3,0,0,51.0007,0,4-1-2;4-1-5;4-1-6;4-2-1;4-2-5;4-2-6,0,-0.04,1
1-3-4,0,0,2026-06-19,B,4,0,0.163,0.5407,0,逃げ,4カドまくり,1230,0.527,0,202606191110,6-1-5-3-2,0,0,52.823,0,4-6-1;4-6-5;4-6-3;4-1-6;4-1-5;4-1-3,0,-0.04,1
1-6-4,0,0,2026-06-19,B,4,0,0.3407,0.5852,0,逃げ,4カドまくり,2520,0.476,0,202606191802,1-5-2-6-3,0,0,47.9007,0,4-1-5;4-1-2;4-1-6;4-5-1;4-5-2;4-5-6,0,-0.04,1
1-4-2,1,1,2026-06-19,S,4,0,1.4667,0.8667,600,逃げ,4カドまくり,1440,0.745,0,202606191809,1-3-6-5-2,0,0,75.9267,0,4-1-3;4-1-6;4-1-5;4-3-1;4-3-6;4-3-5,0,-0.04,1
1-4-6,0,0,2026-06-19,B,4,0,1.7778,0.9444,0,逃げ,4カドまくり,800,0.457,0,202606192004,6-1-5-3-2,0,0,46.2878,0,4-6-1;4-6-5;4-6-3;4-1-6;4-1-5;4-1-3,-0.5,-1.19,1
4-1-6,0,0,2026-06-19,B,4,1,-1.6593,0.0852,0,まくり,4カドまくり,1610,0.397,0,202606192007,6-1-5-2-3,0,1,38.0007,1,4-6-1;4-6-5;4-6-2;4-1-6;4-1-5;4-1-2,0,-0.04,4
4-2-1,1,0,2026-06-19,A,4,1,-1.363,0.1593,600,差し,4カドまくり,6780,0.631,0,202606192105,1-6-2-5-3,0,0,61.697,0,4-1-6;4-1-2;4-1-5;4-6-1;4-6-2;4-6-5,0,-0.04,4
2-3-6,0,0,2026-06-19,B,4,0,-1.9259,0.0185,0,まくり,4カドまくり,8210,0.437,0,202606192401,6-3-5-1-2,0,0,41.7341,0,4-6-3;4-6-5;4-6-1;4-3-6;4-3-5;4-3-1,0,-0.04,2
1-4-2,0,0,2026-06-19,B,4,0,1.6148,0.9037,0,逃げ,4カドまくり,2400,0.457,0,202606192408,2-1-5-6-3,0,0,50.3148,0,4-2-1;4-2-5;4-2-6;4-1-2;4-1-5;4-1-6,0.5,3.0,1
4-3-5,1,0,2026-06-20,A,3,0,-1.599,0.1002,600,まくり差し,3まくり差し,1670,0.687,1,202606200203,4-5-1-6-2,0,0,66.871,0,3-4-5;3-4-1;3-4-6;3-5-4;3-5-1;3-5-6,-0.5,-0.23,4
5-6-3,1,1,2026-06-20,S,3,0,1.5131,0.8783,600,まくり,3まくり差し,10800,0.665,1,202606200208,6-5-1-4-2,0,0,67.7831,0,3-6-5;3-6-1;3-6-4;3-5-6;3-5-1;3-5-4,-0.5,-0.23,5
1-4-3,1,0,2026-06-20,A,3,0,-1.3126,0.1718,600,逃げ,3まくり差し,2640,0.621,1,202606200401,5-4-6-1-2,0,0,60.7374,0,3-5-4;3-5-6;3-5-1;3-4-5;3-4-6;3-4-1,0,-0.05,1
3-4-2,0,0,2026-06-20,B,3,1,0.363,0.5907,0,差し,3まくり,5010,0.537,0,202606200409,2-4-1-6-5,0,0,53.853,1,3-2-4;3-2-1;3-2-6;3-4-2;3-4-1;3-4-6,0,-0.21,3
3-1-2,1,0,2026-06-20,A,3,1,1.5418,0.8854,600,まくり差し,3まくり差し,2430,0.557,1,202606200411,1-6-4-2-5,2430,1,57.1918,1,3-1-6;3-1-4;3-1-2;3-6-1;3-6-4;3-6-2,0,-0.05,3
4-1-3,1,1,2026-06-20,S,3,0,-1.3167,0.1708,600,差し,3まくり,3710,0.851,1,202606200506,4-6-5-1-2,0,0,83.5733,0,3-4-6;3-4-5;3-4-1;3-6-4;3-6-5;3-6-1,0,-0.21,4
1-6-4,1,1,2026-06-20,S,3,0,0.1637,0.5409,600,逃げ,3まくり,18530,0.96367,1,202606200603,6-2-4-1-5,0,0,96.3204,0,3-6-2;3-6-4;3-6-1;3-2-6;3-2-4;3-2-1,0,-0.21,1
4-1-3,1,0,2026-06-20,A,3,0,-1.4021,0.1495,600,抜き,3まくり,3580,0.63967,1,202606200707,4-1-6-2-5,0,0,62.5145,0,3-4-1;3-4-6;3-4-2;3-1-4;3-1-6;3-1-2,-0.5,-0.05,4
4-3-5,1,1,2026-06-20,S,3,0,1.2554,0.8138,600,差し,3まくり差し,17190,0.863,1,202606201105,5-2-4-6-1,0,0,87.5054,0,3-5-2;3-5-4;3-5-6;3-2-5;3-2-4;3-2-6,0,-0.05,4
3-1-4,1,0,2026-06-20,A,3,1,-1.1032,0.2242,600,抜き,3まくり,3290,0.656,1,202606201305,5-4-6-2-1,0,0,64.2868,0,3-5-4;3-5-6;3-5-2;3-4-5;3-4-6;3-4-2,0,-0.21,3
1-5-4,0,0,2026-06-20,B,3,0,1.4368,0.8592,0,逃げ,3まくり差し,4320,0.531,0,202606201307,5-1-4-2-6,0,0,54.4868,0,3-5-1;3-5-4;3-5-2;3-1-5;3-1-4;3-1-2,0,-0.05,1
1-3-6,1,0,2026-06-20,A,3,0,0.9609,0.7402,600,逃げ,3まくり,640,0.578,1,202606201308,1-5-6-4-2,0,0,58.8609,0,3-1-5;3-1-6;3-1-4;3-5-1;3-5-6;3-5-4,0.5,0.1,1
3-1-6,1,0,2026-06-20,A,3,1,-1.1886,0.2028,600,まくり差し,3まくり,13730,0.595,1,202606201311,1-5-4-2-6,0,0,58.4114,0,3-1-5;3-1-4;3-1-2;3-5-1;3-5-4;3-5-2,0.5,0.1,3
3-5-4,0,0,2026-06-20,B,3,1,0.1637,0.5409,0,差し,3まくり,5800,0.48233,0,202606201506,6-4-5-1-2,0,0,48.187,0,3-6-4;3-6-5;3-6-1;3-4-6;3-4-5;3-4-1,0,-0.21,3
1-3-4,1,0,2026-06-20,A,3,0,1.8186,0.9547,600,逃げ,3まくり差し,930,0.559,1,202606201704,5-4-1-6-2,0,0,57.6686,0,3-5-4;3-5-1;3-5-6;3-4-5;3-4-1;3-4-6,0,-0.05,1
3-4-2,0,0,2026-06-20,B,3,1,0.2349,0.5587,0,抜き,3まくり,54960,0.415,0,202606202104,1-4-2-6-5,0,0,41.5249,1,3-1-4;3-1-2;3-1-6;3-4-1;3-4-2;3-4-6,0,-0.21,3
1-2-3,0,0,2026-06-20,B,3,0,0.7303,0.6826,0,逃げ,3まくり差し,720,0.391,0,202606202111,2-5-4-1-6,0,0,39.7803,0,3-2-5;3-2-4;3-2-1;3-5-2;3-5-4;3-5-1,0,-0.05,1
4-1-2,0,0,2026-06-20,B,3,0,-1.5418,0.1146,0,まくり,3まくり差し,3390,0.444,0,202606202405,4-6-1-2-5,0,0,42.8082,0,3-4-6;3-4-1;3-4-2;3-6-4;3-6-1;3-6-2,0,-0.05,4
3-2-4,1,1,2026-06-20,S,3,1,0.6921,0.673,600,まくり差し,3まくり差し,27820,0.733,1,202606200510,5-1-2-4-6,0,1,73.9421,0,3-5-1;3-5-2;3-5-4;3-1-5;3-1-2;3-1-4,0,-0.05,3
1-3-4,0,0,2026-06-20,B,3,0,-0.778,0.3055,0,逃げ,3まくり差し,940,0.323,0,202606200712,1-5-6-2-4,0,0,31.292,0,3-1-5;3-1-6;3-1-2;3-5-1;3-5-6;3-5-2,-0.5,-0.23,1
1-6-3,0,0,2026-06-20,B,3,0,-1.0072,0.2482,0,逃げ,3まくり差し,940,0.335,0,202606201110,6-1-4-5-2,0,0,33.8328,0,3-6-1;3-6-4;3-6-5;3-1-6;3-1-4;3-1-5,0.5,1.34,1
1-4-6,1,1,2026-06-20,S,3,0,1.8854,0.9714,600,逃げ,3まくり差し,9850,0.797,1,202606201301,4-2-6-5-1,0,0,81.5354,0,3-4-2;3-4-6;3-4-5;3-2-4;3-2-6;3-2-5,0,-0.05,1
3-4-6,1,0,2026-06-20,A,3,1,0.0621,0.5155,600,まくり,3まくり差し,7210,0.603,1,202606201503,5-4-6-2-1,7210,0,60.1321,1,3-5-4;3-5-6;3-5-2;3-4-5;3-4-6;3-4-2,-0.5,-0.23,3
3-1-5,0,0,2026-06-20,B,3,1,0.0621,0.5155,0,まくり,3まくり差し,1680,0.535,0,202606201508,1-5-2-4-6,0,0,53.5121,1,3-1-5;3-1-2;3-1-4;3-5-1;3-5-2;3-5-4,0,-0.05,3
3-2-4,1,1,2026-06-20,S,3,1,1.0644,0.7661,600,まくり差し,3まくり差し,1750,0.746,1,202606201708,5-2-6-1-4,0,1,75.6144,0,3-5-2;3-5-6;3-5-1;3-2-5;3-2-6;3-2-1,0,-0.05,3
1-2-5,1,1,2026-06-20,S,3,0,1.1122,0.778,600,逃げ,3まくり差し,1290,0.675,1,202606201809,1-6-5-2-4,0,0,68.5622,0,3-1-6;3-1-5;3-1-2;3-6-1;3-6-5;3-6-2,0,-0.05,1
3-1-5,1,1,2026-06-20,S,3,1,1.9714,0.9928,600,まくり差し,3まくり差し,4740,0.752,1,202606202402,4-5-2-6-1,0,1,78.5114,0,3-4-5;3-4-2;3-4-6;3-5-4;3-5-2;3-5-6,0.5,1.34,3
1-4-5,0,0,2026-06-20,B,3,0,1.2936,0.8234,0,逃げ,3まくり差し,1380,0.31,0,202606202406,5-4-1-6-2,0,0,32.2436,0,3-5-4;3-5-1;3-5-6;3-4-5;3-4-1;3-4-6,0,-0.05,1
4-1-2,0,0,2026-06-20,B,3,0,1.4463,0.8616,0,まくり差し,3まくり差し,3990,0.431,0,202606202412,4-1-6-5-2,0,0,45.8863,0,3-4-1;3-4-6;3-4-5;3-1-4;3-1-6;3-1-5,0.5,1.34,4
1-2-4,1,1,2026-06-20,S,4,0,0.7887,0.6972,600,逃げ,4カドまくり,2020,0.691,0,202606200408,1-5-2-6-3,0,0,69.8487,0,4-1-5;4-1-2;4-1-6;4-5-1;4-5-2;4-5-6,0,-0.04,1
1-4-6,1,0,2026-06-20,A,4,0,1.9014,0.9754,600,逃げ,4カドまくり,1230,0.587,0,202606200410,6-5-1-3-2,0,0,60.5614,0,4-6-5;4-6-1;4-6-3;4-5-6;4-5-1;4-5-3,0,-0.04,1
1-4-2,1,0,2026-06-20,A,4,0,1.5775,0.8944,600,逃げ,4カドまくり,1220,0.551,0,202606200504,2-1-3-5-6,0,0,59.6775,0,4-2-1;4-2-3;4-2-5;4-1-2;4-1-3;4-1-5,0.5,3.0,1
4-1-5,1,1,2026-06-20,S,4,1,0.1408,0.5352,600,差し,4カドまくり,650,0.813,0,202606200608,5-1-6-3-2,650,0,81.4008,1,4-5-1;4-5-6;4-5-3;4-1-5;4-1-6;4-1-3,0,-0.04,4
1-4-5,1,1,2026-06-20,S,4,0,1.4507,0.8627,600,逃げ,4カドまくり,640,0.697,0,202606200903,5-2-3-1-6,0,0,71.1107,0,4-5-2;4-5-3;4-5-1;4-2-5;4-2-3;4-2-1,0,-0.04,1
1-3-4,1,0,2026-06-20,A,4,0,-1.2394,0.1901,600,逃げ,4カドまくり,530,0.613,0,202606201102,1-6-3-5-2,0,0,60.0206,0,4-1-6;4-1-3;4-1-5;4-6-1;4-6-3;4-6-5,0,-0.04,1
4-1-2,0,0,2026-06-20,B,4,1,-1.9155,0.0211,0,まくり差し,4カドまくり,3260,0.443,0,202606201107,2-1-3-6-5,0,0,42.3445,1,4-2-1;4-2-3;4-2-6;4-1-2;4-1-3;4-1-6,0,-0.04,4
1-2-4,1,1,2026-06-20,S,4,0,1.9859,0.9965,600,逃げ,4カドまくり,2180,0.85,0,202606201306,5-1-3-6-2,0,0,86.9459,0,4-5-1;4-5-3;4-5-6;4-1-5;4-1-3;4-1-6,0,-0.04,1
1-4-2,0,0,2026-06-20,B,4,0,1.7606,0.9401,0,逃げ,4カドまくり,840,0.405,0,202606201312,1-6-2-5-3,0,0,41.0706,0,4-1-6;4-1-2;4-1-5;4-6-1;4-6-2;4-6-5,-0.5,-1.19,1
2-1-4,1,1,2026-06-20,S,4,0,0.1408,0.5352,600,差し,4カドまくり,660,0.705,0,202606201507,2-1-6-5-3,0,0,69.4508,0,4-2-1;4-2-6;4-2-5;4-1-2;4-1-6;4-1-5,-0.5,-1.19,2
1-2-4,0,0,2026-06-20,B,4,0,0.1408,0.5352,0,逃げ,4カドまくり,620,0.421,0,202606201512,6-1-2-5-3,0,0,41.0508,0,4-6-1;4-6-2;4-6-5;4-1-6;4-1-2;4-1-5,-0.5,-1.19,1
4-6-1,1,1,2026-06-20,S,4,1,0.8451,0.7113,600,まくり,4カドまくり,5330,0.799,0,202606201709,2-6-1-5-3,5330,1,83.7451,1,4-2-6;4-2-1;4-2-5;4-6-2;4-6-1;4-6-5,0.5,3.0,4
1-4-2,0,0,2026-06-20,B,4,0,0.9437,0.7359,0,逃げ,4カドまくり,920,0.544,0,202606201712,2-1-6-3-5,0,0,54.1537,0,4-2-1;4-2-6;4-2-3;4-1-2;4-1-6;4-1-3,-0.5,-1.19,1
1-3-2,0,0,2026-06-20,B,4,0,1.8873,0.9718,0,逃げ,4カドまくり,1450,0.423,0,202606201805,6-3-5-1-2,0,0,44.1473,0,4-6-3;4-6-5;4-6-1;4-3-6;4-3-5;4-3-1,0,-0.04,1
,0,0,2026-06-20,B,4,0,-1.9014,0.0246,0,,4カドまくり,0,0.205,0,202606202012,1-5-2-6-3,0,0,18.5586,0,4-1-5;4-1-2;4-1-6;4-5-1;4-5-2;4-5-6,0,-0.04,0
2-6-4,0,0,2026-06-20,B,4,0,-1.8028,0.0493,0,まくり,4カドまくり,2480,0.215,0,202606202408,2-6-5-1-3,0,0,22.6972,0,4-2-6;4-2-5;4-2-1;4-6-2;4-6-5;4-6-1,0.5,3.0,2
2-3-5,1,1,2026-06-21,S,3,0,1.5853,0.8963,600,まくり,3まくり,1360,0.70633,1,202606210202,2-6-1-5-4,0,0,72.1686,0,3-2-6;3-2-1;3-2-5;3-6-2;3-6-1;3-6-5,-0.5,-0.05,2
1-3-4,0,0,2026-06-21,B,3,0,-0.9286,0.2679,0,逃げ,3まくり差し,5360,0.503,0,202606210210,5-1-6-4-2,0,0,49.3214,0,3-5-1;3-5-6;3-5-4;3-1-5;3-1-6;3-1-4,0,-0.05,1
1-4-2,0,0,2026-06-21,B,3,0,-0.7291,0.3177,0,逃げ,3まくり,12730,0.54833,0,202606210405,5-2-1-4-6,0,0,53.8942,0,3-5-2;3-5-1;3-5-4;3-2-5;3-2-1;3-2-4,0,-0.21,1
6-3-4,0,0,2026-06-21,B,3,0,-1.4107,0.1473,0,差し,3まくり差し,1570,0.547,0,202606210605,6-4-5-1-2,0,0,53.2393,0,3-6-4;3-6-5;3-6-1;3-4-6;3-4-5;3-4-1,0,-0.05,6
4-1-5,1,1,2026-06-21,S,3,0,0.1538,0.5385,600,差し,3まくり,21830,0.75033,1,202606210807,5-6-4-1-2,0,0,75.1372,0,3-5-6;3-5-4;3-5-1;3-6-5;3-6-4;3-6-1,-0.5,-0.05,4
1-2-3,1,1,2026-06-21,S,3,0,0.0446,0.5112,600,逃げ,3まくり差し,710,0.719,1,202606210811,5-1-2-4-6,0,0,71.8946,0,3-5-1;3-5-2;3-5-4;3-1-5;3-1-2;3-1-4,0,-0.05,1
1-4-2,1,0,2026-06-21,A,3,0,1.2946,0.8237,600,,3まくり差し,1680,0.586,1,202606210901,4-1-5-6-2,0,0,61.2346,0,3-4-1;3-4-5;3-4-6;3-1-4;3-1-5;3-1-6,0.5,1.34,0
1-4-3,1,0,2026-06-21,A,3,0,0.0446,0.5112,600,逃げ,3まくり差し,920,0.569,1,202606211001,1-4-5-6-2,0,0,58.2846,0,3-1-4;3-1-5;3-1-6;3-4-1;3-4-5;3-4-6,0.5,1.34,1
1-2-3,1,1,2026-06-21,S,3,0,0.1538,0.5385,600,逃げ,3まくり,1260,0.69367,1,202606211003,5-1-6-4-2,0,0,69.4705,0,3-5-1;3-5-6;3-5-4;3-1-5;3-1-6;3-1-4,-0.5,-0.05,1
1-3-4,1,1,2026-06-21,S,3,0,-1.2411,0.1897,600,逃げ,3まくり差し,560,0.676,1,202606211105,1-4-6-5-2,0,0,67.6989,0,3-1-4;3-1-6;3-1-5;3-4-1;3-4-6;3-4-5,0.5,1.34,1
1-2-5,1,0,2026-06-21,A,3,0,0.5552,0.6388,600,逃げ,3まくり,2170,0.561,1,202606211111,5-1-4-2-6,0,0,56.7552,0,3-5-1;3-5-4;3-5-2;3-1-5;3-1-4;3-1-2,0.5,0.1,1
1-3-2,1,1,2026-06-21,S,3,0,-1.1161,0.221,600,逃げ,3まくり差し,1260,0.758,1,202606211301,6-5-4-1-2,0,0,76.0239,0,3-6-5;3-6-4;3-6-1;3-5-6;3-5-4;3-5-1,0.5,1.34,1
1-2-5,0,0,2026-06-21,B,3,0,-1.0903,0.2274,0,逃げ,3まくり,1750,0.427,0,202606211311,2-1-4-6-5,0,0,41.7097,0,3-2-1;3-2-4;3-2-6;3-1-2;3-1-4;3-1-6,0.5,0.1,1
1-3-2,1,1,2026-06-21,S,3,0,1.4783,0.8696,600,逃げ,3まくり,650,0.795,1,202606211509,1-4-2-6-5,0,0,80.7683,0,3-1-4;3-1-2;3-1-6;3-4-1;3-4-2;3-4-6,0,-0.21,1
3-4-5,1,1,2026-06-21,S,3,1,0.0446,0.5112,600,まくり差し,3まくり差し,4420,0.817,1,202606211605,5-2-1-4-6,0,1,81.6946,0,3-5-2;3-5-1;3-5-4;3-2-5;3-2-1;3-2-4,0,-0.05,3
3-1-5,1,1,2026-06-21,S,3,1,-0.6756,0.3311,600,まくり差し,3まくり,3100,0.69,1,202606211808,5-1-4-6-2,3100,0,68.1144,1,3-5-1;3-5-4;3-5-6;3-1-5;3-1-4;3-1-6,0,-0.21,3
3-4-6,1,1,2026-06-21,S,3,1,1.6696,0.9174,600,まくり,3まくり差し,15720,0.865,1,202606211811,1-2-5-6-4,0,0,88.1196,0,3-1-2;3-1-5;3-1-6;3-2-1;3-2-5;3-2-6,0,-0.05,3
1-2-4,0,0,2026-06-21,B,3,0,-1.7411,0.0647,0,逃げ,3まくり差し,3700,0.347,0,202606212004,5-6-2-4-1,0,0,32.9089,0,3-5-6;3-5-2;3-5-4;3-6-5;3-6-2;3-6-4,0,-0.05,1
3-6-4,1,0,2026-06-21,A,3,1,-1.9197,0.0201,600,まくり差し,3まくり,8040,0.60767,1,202606212405,5-4-6-2-1,0,0,61.8469,0,3-5-4;3-5-6;3-5-2;3-4-5;3-4-6;3-4-2,1.0,3.0,3
2-6-3,0,0,2026-06-21,B,3,0,-1.0893,0.2277,0,差し,3まくり差し,31330,0.315,0,202606210406,6-4-5-1-2,0,0,30.3607,0,3-6-4;3-6-5;3-6-1;3-4-6;3-4-5;3-4-1,0,-0.05,2
1-2-3,0,0,2026-06-21,B,3,0,-1.1161,0.221,0,逃げ,3まくり差し,2010,0.375,0,202606210408,2-5-4-1-6,0,0,36.1539,0,3-2-5;3-2-4;3-2-1;3-5-2;3-5-4;3-5-1,-0.5,-0.23,1
1-4-2,0,0,2026-06-21,B,3,0,-1.2411,0.1897,0,逃げ,3まくり差し,3010,0.437,0,202606210412,1-2-5-6-4,0,0,42.2289,0,3-1-2;3-1-5;3-1-6;3-2-1;3-2-5;3-2-6,-0.5,-0.23,1
4-2-1,1,0,2026-06-21,A,3,0,-1.7946,0.0513,600,差し,3まくり差し,2350,0.661,1,202606210606,4-2-6-1-5,0,0,64.2554,0,3-4-2;3-4-6;3-4-1;3-2-4;3-2-6;3-2-1,0,-0.05,4
3-1-4,1,1,2026-06-21,S,3,1,-2.0,0.0,600,まくり,3まくり差し,910,0.781,1,202606210610,6-1-4-5-2,910,0,76.05,1,3-6-1;3-6-4;3-6-5;3-1-6;3-1-4;3-1-5,0,-0.05,3
1-3-2,1,0,2026-06-21,A,3,0,1.7768,0.9442,600,逃げ,3まくり差し,910,0.601,1,202606210611,1-5-6-4-2,0,0,61.6468,0,3-1-5;3-1-6;3-1-4;3-5-1;3-5-6;3-5-4,-0.5,-0.23,1
1-2-4,0,0,2026-06-21,B,3,0,-1.4018,0.1496,0,逃げ,3まくり差し,2360,0.385,0,202606211703,6-2-4-1-5,0,0,36.8682,0,3-6-2;3-6-4;3-6-1;3-2-6;3-2-4;3-2-1,-0.5,-0.23,1
6-2-1,1,0,2026-06-21,A,3,0,0.5804,0.6451,600,まくり,3まくり差し,88240,0.605,1,202606211705,4-1-6-2-5,0,0,60.8504,0,3-4-1;3-4-6;3-4-2;3-1-4;3-1-6;3-1-2,-0.5,-0.23,6
2-4-3,0,0,2026-06-21,B,3,0,-1.1161,0.221,0,まくり,3まくり差し,27860,0.521,0,202606211712,1-4-2-6-5,0,0,50.9339,0,3-1-4;3-1-2;3-1-6;3-4-1;3-4-2;3-4-6,0,-0.05,2
3-6-1,1,1,2026-06-21,S,3,1,-1.1339,0.2165,600,まくり,3まくり差し,2740,0.849,1,202606211805,6-4-1-2-5,2740,0,83.7161,1,3-6-4;3-6-1;3-6-2;3-4-6;3-4-1;3-4-2,0,-0.05,3
1-3-5,1,1,2026-06-21,S,3,0,0.0446,0.5112,600,逃げ,3まくり差し,1850,0.811,1,202606211903,4-6-5-2-1,0,0,81.0946,0,3-4-6;3-4-5;3-4-2;3-6-4;3-6-5;3-6-2,0,-0.05,1
1-4-3,1,0,2026-06-21,A,3,0,0.0446,0.5112,600,逃げ,3まくり差し,1050,0.581,1,202606211911,1-6-5-4-2,0,0,58.0946,0,3-1-6;3-1-5;3-1-4;3-6-1;3-6-5;3-6-4,0,-0.05,1
2-1-3,1,0,2026-06-21,A,3,0,0.0446,0.5112,600,差し,3まくり差し,5640,0.647,1,202606211912,1-6-5-2-4,0,0,64.6946,0,3-1-6;3-1-5;3-1-2;3-6-1;3-6-5;3-6-2,0,-0.05,2
5-1-4,1,0,2026-06-21,A,4,0,-1.7733,0.0567,600,まくり差し,4カドまくり,8180,0.579,0,202606210401,2-1-5-3-6,0,0,59.1267,0,4-2-1;4-2-5;4-2-3;4-1-2;4-1-5;4-1-3,0.5,3.0,5
1-4-5,1,1,2026-06-21,S,4,0,1.1467,0.7867,600,逃げ,4カドまくり,1010,0.699,0,202606210504,5-6-1-3-2,0,0,71.0067,0,4-5-6;4-5-1;4-5-3;4-6-5;4-6-1;4-6-3,0,-0.04,1
2-4-5,0,0,2026-06-21,B,4,0,1.3733,0.8433,0,まくり,4カドまくり,860,0.433,0,202606210602,2-5-6-1-3,0,0,44.6333,0,4-2-5;4-2-6;4-2-1;4-5-2;4-5-6;4-5-1,0,-0.04,2
6-3-4,0,0,2026-06-21,B,4,0,-1.7067,0.0733,0,差し,4カドまくり,1570,0.375,0,202606210605,6-3-5-1-2,0,0,34.6033,0,4-6-3;4-6-5;4-6-1;4-3-6;4-3-5;4-3-1,-0.5,-1.19,6
1-4-2,1,0,2026-06-21,A,4,0,0.56,0.64,600,逃げ,4カドまくり,420,0.575,0,202606210608,1-5-2-6-3,0,0,56.87,0,4-1-5;4-1-2;4-1-6;4-5-1;4-5-2;4-5-6,-0.5,-1.19,1
1-4-2,1,1,2026-06-21,S,4,0,0.12,0.53,600,逃げ,4カドまくり,2170,0.721,0,202606210805,2-6-5-1-3,0,0,72.18,0,4-2-6;4-2-5;4-2-1;4-6-2;4-6-5;4-6-1,0,-0.04,1
1-4-2,1,1,2026-06-21,S,4,0,1.3733,0.8433,600,,4カドまくり,1680,0.726,0,202606210901,1-3-5-6-2,0,0,76.9733,0,4-1-3;4-1-5;4-1-6;4-3-1;4-3-5;4-3-6,0.5,3.0,0
4-1-6,1,1,2026-06-21,S,4,1,1.3733,0.8433,600,まくり差し,4カドまくり,690,0.885,0,202606210906,1-6-2-5-3,690,0,92.8733,1,4-1-6;4-1-2;4-1-5;4-6-1;4-6-2;4-6-5,0.5,3.0,4
2-5-4,0,0,2026-06-21,B,4,0,0.12,0.53,0,逃げ,4カドまくり,4230,0.135,0,202606211008,3-5-6-1-2,0,0,13.58,0,4-3-5;4-3-6;4-3-1;4-5-3;4-5-6;4-5-1,0,-0.04,2
5-4-1,1,0,2026-06-21,A,4,0,1.2667,0.8167,600,まくり差し,4カドまくり,8650,0.566,0,202606211106,5-2-3-6-1,0,0,57.8267,0,4-5-2;4-5-3;4-5-6;4-2-5;4-2-3;4-2-6,0,-0.04,5
2-4-6,0,0,2026-06-21,B,4,0,-0.9067,0.2733,0,まくり,4カドまくり,2840,0.335,0,202606211302,2-6-1-3-5,0,0,35.5933,0,4-2-6;4-2-1;4-2-3;4-6-2;4-6-1;4-6-3,0.5,3.0,2
1-3-5,1,1,2026-06-21,S,4,0,1.8533,0.9633,600,逃げ,4カドまくり,8330,0.665,0,202606211303,1-2-5-3-6,0,0,68.3133,0,4-1-2;4-1-5;4-1-3;4-2-1;4-2-5;4-2-3,0,-0.04,1
1-4-3,1,1,2026-06-21,S,4,0,1.3733,0.8433,600,逃げ,4カドまくり,980,0.835,0,202606211306,1-3-5-2-6,0,0,87.8733,0,4-1-3;4-1-5;4-1-2;4-3-1;4-3-5;4-3-2,0.5,3.0,1
1-4-3,0,0,2026-06-21,B,4,0,1.16,0.79,0,逃げ,4カドまくり,1850,0.457,0,202606211310,2-1-5-3-6,0,0,45.67,0,4-2-1;4-2-5;4-2-3;4-1-2;4-1-5;4-1-3,-0.5,-1.19,1
1-5-4,1,1,2026-06-21,S,4,0,-0.96,0.26,600,逃げ,4カドまくり,1870,0.751,0,202606211505,5-1-2-6-3,0,0,74.1,0,4-5-1;4-5-2;4-5-6;4-1-5;4-1-2;4-1-6,0,-0.04,1
2-1-4,0,0,2026-06-21,B,4,0,0.12,0.53,0,差し,4カドまくり,2900,0.487,0,202606211604,2-5-1-3-6,0,0,48.78,0,4-2-5;4-2-1;4-2-3;4-5-2;4-5-1;4-5-3,0,-0.04,2
1-5-2,1,0,2026-06-21,A,4,0,-1.2,0.2,600,逃げ,4カドまくり,10030,0.566,0,202606211807,6-2-1-5-3,0,0,55.36,0,4-6-2;4-6-1;4-6-5;4-2-6;4-2-1;4-2-5,0,-0.04,1
5-6-3,0,0,2026-06-21,B,4,0,-1.9733,0.0067,0,,4カドまくり,26330,0.255,0,202606211812,5-1-6-2-3,0,0,26.5267,0,4-5-1;4-5-6;4-5-2;4-1-5;4-1-6;4-1-2,0.5,3.0,0
1-2-3,1,1,2026-06-21,S,4,0,0.1867,0.5467,600,逃げ,4カドまくり,1920,0.743,0,202606212010,2-1-5-6-3,0,0,73.2967,0,4-2-1;4-2-5;4-2-6;4-1-2;4-1-5;4-1-6,-0.5,-1.19,1
1-2-3,1,1,2026-06-21,S,4,0,0.6,0.65,600,逃げ,4カドまくり,620,0.715,0,202606212409,1-6-2-3-5,0,0,72.06,0,4-1-6;4-1-2;4-1-3;4-6-1;4-6-2;4-6-3,0,-0.04,1
1-2-3,1,0,2026-06-21,A,4,0,1.7467,0.9367,600,逃げ,4カドまくり,710,0.635,0,202606212410,5-2-1-3-6,0,0,65.2067,0,4-5-2;4-5-1;4-5-3;4-2-5;4-2-1;4-2-3,0,-0.04,1
5-4-3,1,1,2026-06-22,S,3,0,-1.3082,0.173,600,まくり差し,3まくり,3450,0.76167,1,202606220205,4-5-1-6-2,0,0,74.6485,0,3-4-5;3-4-1;3-4-6;3-5-4;3-5-1;3-5-6,0,-0.21,5
3-1-4,1,1,2026-06-22,S,3,1,1.275,0.8187,600,まくり,3まくり差し,2720,0.715,1,202606220506,6-2-5-4-1,0,0,72.725,0,3-6-2;3-6-5;3-6-4;3-2-6;3-2-5;3-2-4,0,-0.05,3
1-2-3,0,0,2026-06-22,B,3,0,-1.9417,0.0146,0,逃げ,3まくり差し,1690,0.452,0,202606220807,6-5-1-2-4,0,0,43.2083,0,3-6-5;3-6-1;3-6-2;3-5-6;3-5-1;3-5-2,0,-0.05,1
1-3-6,1,1,2026-06-22,S,3,0,-1.0417,0.2396,600,逃げ,3まくり差し,870,0.7,1,202606220811,6-1-5-4-2,0,0,68.9083,0,3-6-1;3-6-5;3-6-4;3-1-6;3-1-5;3-1-4,0,-0.05,1
3-4-6,0,0,2026-06-22,B,3,1,-0.8805,0.2799,0,まくり,3まくり,20300,0.47233,0,202606221003,1-4-6-5-2,0,1,46.1428,1,3-1-4;3-1-6;3-1-5;3-4-1;3-4-6;3-4-5,0,-0.21,3
3-1-5,1,1,2026-06-22,S,3,1,-1.35,0.1625,600,まくり差し,3まくり差し,960,0.791,1,202606221005,1-6-5-2-4,960,1,77.7,1,3-1-6;3-1-5;3-1-2;3-6-1;3-6-5;3-6-2,0,-0.05,3
1-3-2,1,1,2026-06-22,S,3,0,0.6667,0.6667,600,逃げ,3まくり差し,810,0.729,1,202606221107,1-4-5-2-6,0,0,73.5167,0,3-1-4;3-1-5;3-1-2;3-4-1;3-4-5;3-4-2,0,-0.05,1
3-4-5,1,1,2026-06-22,S,3,1,0.775,0.6937,600,まくり,3まくり差し,1070,0.975,1,202606221301,4-6-1-5-2,1070,0,98.225,1,3-4-6;3-4-1;3-4-5;3-6-4;3-6-1;3-6-5,0,-0.05,3
3-6-5,1,0,2026-06-22,A,3,1,-0.7667,0.3083,600,差し,3まくり差し,1330,0.673,1,202606221503,6-4-5-1-2,1330,0,66.4833,1,3-6-4;3-6-5;3-6-1;3-4-6;3-4-5;3-4-1,0,-0.05,3
2-1-5,1,0,2026-06-22,A,3,0,0.6167,0.6542,600,抜き,3まくり差し,6400,0.599,1,202606221506,5-2-1-4-6,0,0,60.2867,0,3-5-2;3-5-1;3-5-4;3-2-5;3-2-1;3-2-4,-0.5,-0.23,2
2-1-3,1,0,2026-06-22,A,3,0,0.2013,0.5503,600,差し,3まくり,1340,0.60567,1,202606221607,4-2-6-5-1,0,0,60.5579,0,3-4-2;3-4-6;3-4-5;3-2-4;3-2-6;3-2-5,0,-0.21,2
1-3-6,1,0,2026-06-22,A,3,0,-0.8176,0.2956,600,逃げ,3まくり,600,0.63967,1,202606221907,6-1-4-2-5,0,0,62.9391,0,3-6-1;3-6-4;3-6-2;3-1-6;3-1-4;3-1-2,0,-0.21,1
2-1-3,0,0,2026-06-22,B,3,0,0.1083,0.5271,0,差し,3まくり差し,2020,0.547,0,202606222302,1-5-2-4-6,0,0,54.5783,0,3-1-5;3-1-2;3-1-4;3-5-1;3-5-2;3-5-4,-0.5,-0.23,2
4-1-2,0,0,2026-06-22,B,3,0,0.2013,0.5503,0,差し,3まくり,32760,0.40567,0,202606222303,1-4-6-2-5,0,0,40.7179,0,3-1-4;3-1-6;3-1-2;3-4-1;3-4-6;3-4-2,-0.5,-0.05,4
1-2-3,0,0,2026-06-22,B,3,0,0.1083,0.5271,0,逃げ,3まくり差し,520,0.3575,0,202606222312,1-6-2-5-4,0,0,35.6283,0,3-1-6;3-1-2;3-1-5;3-6-1;3-6-2;3-6-5,-0.5,-0.23,1
1-2-3,0,0,2026-06-22,B,3,0,1.9583,0.9896,0,逃げ,3まくり差し,590,0.407,0,202606222410,4-6-2-1-5,0,0,42.4283,0,3-4-6;3-4-2;3-4-1;3-6-4;3-6-2;3-6-1,-0.5,-0.23,1
1-2-3,1,1,2026-06-22,S,3,0,0.3167,0.5792,600,逃げ,3まくり差し,1210,0.773,1,202606220204,6-1-4-2-5,0,0,77.3867,0,3-6-1;3-6-4;3-6-2;3-1-6;3-1-4;3-1-2,-0.5,-0.23,1
1-3-6,0,0,2026-06-22,B,3,0,0.6083,0.6521,0,逃げ,3まくり差し,1020,0.515,0,202606220504,6-5-1-4-2,0,0,52.0583,0,3-6-5;3-6-1;3-6-4;3-5-6;3-5-1;3-5-4,0,-0.05,1
4-2-5,0,0,2026-06-22,B,3,0,-1.975,0.0063,0,まくり,3まくり差し,14120,0.385,0,202606220605,2-4-1-5-6,0,0,36.475,0,3-2-4;3-2-1;3-2-5;3-4-2;3-4-1;3-4-5,0,-0.05,4
3-5-6,1,0,2026-06-22,A,3,1,1.225,0.8063,600,まくり差し,3まくり差し,1830,0.545,1,202606220610,6-5-1-4-2,1830,1,55.675,1,3-6-5;3-6-1;3-6-4;3-5-6;3-5-1;3-5-4,0,-0.05,3
1-2-5,0,0,2026-06-22,B,3,0,0.35,0.5875,0,逃げ,3まくり差し,1200,0.443,0,202606221111,2-1-5-4-6,0,0,44.6,0,3-2-1;3-2-5;3-2-4;3-1-2;3-1-5;3-1-4,0,-0.05,1
3-4-6,0,0,2026-06-22,B,3,1,1.55,0.8875,0,差し,3まくり差し,7680,0.431,0,202606221602,1-6-4-2-5,0,0,44.42,0,3-1-6;3-1-4;3-1-2;3-6-1;3-6-4;3-6-2,-0.5,-0.23,3
1-2-4,0,0,2026-06-22,B,3,0,-1.3167,0.1708,0,逃げ,3まくり差し,780,0.485,0,202606221612,1-4-5-2-6,0,0,47.1333,0,3-1-4;3-1-5;3-1-2;3-4-1;3-4-5;3-4-2,0,-0.05,1
3-1-2,0,0,2026-06-22,B,3,1,0.1083,0.5271,0,まくり,3まくり差し,2590,0.361,0,202606222310,5-2-4-6-1,0,0,35.9783,0,3-5-2;3-5-4;3-5-6;3-2-5;3-2-4;3-2-6,-0.5,-0.23,3
1-4-2,1,1,2026-06-22,S,3,0,2.0,1.0,600,逃げ,3まくり差し,2460,0.811,1,202606222409,4-2-6-5-1,0,0,84.44,0,3-4-2;3-4-6;3-4-5;3-2-4;3-2-6;3-2-5,0.5,1.34,1
1-2-3,0,0,2026-06-22,B,3,0,-1.225,0.1938,0,逃げ,3まくり差し,660,0.421,0,202606222411,4-5-6-2-1,0,0,40.825,0,3-4-5;3-4-6;3-4-2;3-5-4;3-5-6;3-5-2,0,-0.05,1
1-3-2,0,0,2026-06-22,B,4,0,1.1277,0.7819,0,逃げ,4カドまくり,1350,0.515,0,202606220510,5-3-1-6-2,0,0,52.5877,0,4-5-3;4-5-1;4-5-6;4-3-5;4-3-1;4-3-6,0,-0.04,1
4-1-3,1,1,2026-06-22,S,4,1,1.5888,0.8972,600,差し,4カドまくり,5430,0.765,0,202606220511,1-6-2-3-5,5430,0,78.0488,1,4-1-6;4-1-2;4-1-3;4-6-1;4-6-2;4-6-3,0,-0.04,4
1-4-5,1,0,2026-06-22,A,4,0,-1.3769,0.1558,600,逃げ,4カドまくり,1780,0.633,0,202606220512,5-1-2-3-6,0,0,63.5131,0,4-5-1;4-5-2;4-5-3;4-1-5;4-1-2;4-1-3,1.0,1.59,1
1-2-5,0,0,2026-06-22,B,4,0,-1.4766,0.1308,0,逃げ,4カドまくり,950,0.359,0,202606220604,1-2-6-5-3,0,0,34.3834,0,4-1-2;4-1-6;4-1-5;4-2-1;4-2-6;4-2-5,0,-0.04,1
1-3-2,0,0,2026-06-22,B,4,0,-0.7414,0.3146,0,逃げ,4カドまくり,3170,0.419,0,202606220607,6-2-5-3-1,0,0,39.9686,0,4-6-2;4-6-5;4-6-3;4-2-6;4-2-5;4-2-3,-0.5,-1.19,1
4-1-2,1,1,2026-06-22,S,4,1,1.6137,0.9034,600,差し,4カドまくり,850,0.739,0,202606220608,1-2-3-5-6,850,0,75.4737,1,4-1-2;4-1-3;4-1-5;4-2-1;4-2-3;4-2-5,0,-0.04,4
5-2-4,1,0,2026-06-22,A,4,0,0.5794,0.6449,600,まくり差し,4カドまくり,9560,0.631,0,202606220803,2-3-5-6-1,0,0,63.6394,0,4-2-3;4-2-5;4-2-6;4-3-2;4-3-5;4-3-6,0,-0.04,5
4-5-2,0,0,2026-06-22,B,4,1,0.6044,0.6511,0,まくり,4カドまくり,5500,0.457,0,202606221004,5-1-2-6-3,0,1,46.2644,1,4-5-1;4-5-2;4-5-6;4-1-5;4-1-2;4-1-6,0,-0.04,4
2-1-4,0,0,2026-06-22,B,4,0,-1.0156,0.2461,0,差し,4カドまくり,1540,0.523,0,202606221008,5-2-6-1-3,0,0,51.2444,0,4-5-2;4-5-6;4-5-1;4-2-5;4-2-6;4-2-1,0,-0.04,2
3-2-4,1,1,2026-06-22,S,4,0,-1.2897,0.1776,600,まくり,4カドまくり,3460,0.751,0,202606221010,2-5-6-1-3,0,0,73.7703,0,4-2-5;4-2-6;4-2-1;4-5-2;4-5-6;4-5-1,0,-0.04,3
1-3-4,1,0,2026-06-22,A,4,0,0.3302,0.5826,600,逃げ,4カドまくり,1120,0.559,0,202606221012,6-3-1-2-5,0,0,56.1902,0,4-6-3;4-6-1;4-6-2;4-3-6;4-3-1;4-3-2,0,-0.04,1
1-4-3,1,1,2026-06-22,S,4,0,0.9782,0.7445,600,逃げ,4カドまくり,1920,0.761,0,202606221112,1-2-6-5-3,0,0,77.0382,0,4-1-2;4-1-6;4-1-5;4-2-1;4-2-6;4-2-5,0,-0.04,1
1-2-4,1,1,2026-06-22,S,4,0,0.9533,0.7383,600,逃げ,4カドまくり,2580,0.753,0,202606221310,5-1-2-3-6,0,0,76.2133,0,4-5-1;4-5-2;4-5-3;4-1-5;4-1-2;4-1-3,0,-0.04,1
2-4-3,1,1,2026-06-22,S,4,0,1.6885,0.9221,600,まくり,4カドまくり,5360,0.779,0,202606221507,2-1-6-5-3,0,0,79.5485,0,4-2-1;4-2-6;4-2-5;4-1-2;4-1-6;4-1-5,0,-0.04,2
4-3-1,0,0,2026-06-22,B,4,1,-0.729,0.3178,0,差し,4カドまくり,16140,0.553,0,202606221603,6-5-2-1-3,0,0,53.381,0,4-6-5;4-6-2;4-6-1;4-5-6;4-5-2;4-5-1,-0.5,-1.19,4
1-2-4,0,0,2026-06-22,B,4,0,-1.8006,0.0498,0,逃げ,4カドまくり,560,0.439,0,202606221604,2-1-3-6-5,0,0,40.9094,0,4-2-1;4-2-3;4-2-6;4-1-2;4-1-3;4-1-6,-0.5,-1.19,1
1-4-5,1,0,2026-06-22,A,4,0,1.5639,0.891,600,逃げ,4カドまくり,1590,0.659,0,202606221710,5-2-1-6-3,0,0,66.2739,0,4-5-2;4-5-1;4-5-6;4-2-5;4-2-1;4-2-6,-0.5,-1.19,1
4-1-3,1,0,2026-06-22,A,4,1,0.3302,0.5826,600,まくり差し,4カドまくり,1910,0.611,0,202606221906,3-1-6-5-2,1910,0,61.3902,1,4-3-1;4-3-6;4-3-5;4-1-3;4-1-6;4-1-5,0,-0.04,4
4-5-6,0,0,2026-06-22,B,4,1,0.0935,0.5234,0,まくり,4カドまくり,34240,0.419,0,202606222202,5-2-3-6-1,0,1,40.8035,1,4-5-2;4-5-3;4-5-6;4-2-5;4-2-3;4-2-6,-0.5,-1.19,4
1-4-2,0,0,2026-06-22,B,4,0,0.0935,0.5234,0,逃げ,4カドまくり,1820,0.543,0,202606222204,5-2-6-3-1,0,0,54.3535,0,4-5-2;4-5-6;4-5-3;4-2-5;4-2-6;4-2-3,0,-0.04,1
1-2-3,0,0,2026-06-22,B,4,0,0.0935,0.5234,0,逃げ,4カドまくり,740,0.401,0,202606222212,6-5-2-3-1,0,0,40.1535,0,4-6-5;4-6-2;4-6-3;4-5-6;4-5-2;4-5-3,0,-0.04,1
2-5-3,0,0,2026-06-22,B,4,0,0.0935,0.5234,0,逃げ,4カドまくり,14040,0.379,0,202606222306,5-1-3-6-2,0,0,36.8035,0,4-5-1;4-5-3;4-5-6;4-1-5;4-1-3;4-1-6,-0.5,-1.19,2
1-3-2,1,1,2026-06-22,S,4,0,0.9283,0.7321,600,逃げ,4カドまくり,1060,0.653,0,202606222404,2-5-1-3-6,0,0,69.2283,0,4-2-5;4-2-1;4-2-3;4-5-2;4-5-1;4-5-3,0.5,3.0,1
3-4-2,0,0,2026-06-23,B,3,1,-1.9051,0.0237,0,まくり,3まくり差し,2520,0.339,0,202606230607,4-6-2-5-1,0,0,31.7649,1,3-4-6;3-4-2;3-4-5;3-6-4;3-6-2;3-6-5,-0.5,-0.23,3
1-4-6,1,0,2026-06-23,A,3,0,1.2016,0.8004,600,まくり,3まくり差し,8760,0.621,1,202606230609,5-6-4-1-2,0,0,63.0716,0,3-5-6;3-5-4;3-5-1;3-6-5;3-6-4;3-6-1,-0.5,-0.23,1
2-3-1,1,1,2026-06-23,S,3,0,0.1028,0.5257,600,差し,3まくり差し,4050,0.855,1,202606230702,4-2-6-1-5,0,0,85.5528,0,3-4-2;3-4-6;3-4-1;3-2-4;3-2-6;3-2-1,0,-0.05,2
1-6-4,0,0,2026-06-23,B,3,0,-1.5652,0.1087,0,逃げ,3まくり差し,5210,0.111,0,202606230809,1-6-4-5-2,0,0,9.3048,0,3-1-6;3-1-4;3-1-5;3-6-1;3-6-4;3-6-5,-0.5,-0.23,1
5-4-3,0,0,2026-06-23,B,3,0,0.7273,0.6818,0,まくり差し,3まくり差し,25110,0.451,0,202606230810,5-1-4-2-6,0,0,45.7773,0,3-5-1;3-5-4;3-5-2;3-1-5;3-1-4;3-1-2,0,-0.05,5
1-2-4,0,0,2026-06-23,B,3,0,1.0751,0.7688,0,抜き,3まくり差し,3920,0.513,0,202606230812,4-6-1-2-5,0,0,52.1451,0,3-4-6;3-4-1;3-4-2;3-6-4;3-6-1;3-6-2,-0.5,-0.23,1
1-6-4,0,0,2026-06-23,B,3,0,-1.4371,0.1407,0,逃げ,3まくり,12870,0.271,0,202606231006,6-4-5-1-2,0,0,25.6129,0,3-6-4;3-6-5;3-6-1;3-4-6;3-4-5;3-4-1,-0.5,-0.05,1
1-2-4,0,0,2026-06-23,B,3,0,-1.5652,0.1087,0,逃げ,3まくり差し,1070,0.361,0,202606231009,4-1-2-6-5,0,0,34.3048,0,3-4-1;3-4-2;3-4-6;3-1-4;3-1-2;3-1-6,-0.5,-0.23,1
1-3-5,0,0,2026-06-23,B,3,0,1.8972,0.9743,0,逃げ,3まくり差し,2320,0.337,0,202606231010,4-6-1-5-2,0,0,35.5472,0,3-4-6;3-4-1;3-4-5;3-6-4;3-6-1;3-6-5,0,-0.05,1
1-6-5,0,0,2026-06-23,B,3,0,-1.9281,0.018,0,逃げ,3まくり,13580,0.081,0,202606231011,1-4-5-6-2,0,0,6.1219,0,3-1-4;3-1-5;3-1-6;3-4-1;3-4-5;3-4-6,-0.5,-0.05,1
3-5-2,1,1,2026-06-23,S,3,1,-0.9701,0.2575,600,まくり差し,3まくり,3150,0.82967,1,202606231104,5-6-1-4-2,0,0,81.7866,0,3-5-6;3-5-1;3-5-4;3-6-5;3-6-1;3-6-4,0,-0.21,3
3-2-1,1,1,2026-06-23,S,3,1,-1.7549,0.0613,600,差し,3まくり差し,7230,0.705,1,202606231605,4-5-1-2-6,0,0,68.5151,0,3-4-5;3-4-1;3-4-2;3-5-4;3-5-1;3-5-2,-0.5,-0.23,3
1-3-2,0,0,2026-06-23,B,3,0,0.5613,0.6403,0,逃げ,3まくり差し,420,0.479,0,202606231901,6-4-5-1-2,0,0,48.4113,0,3-6-4;3-6-5;3-6-1;3-4-6;3-4-5;3-4-1,0,-0.05,1
1-2-3,0,0,2026-06-23,B,3,0,-0.8982,0.2754,0,逃げ,3まくり,1040,0.30433,0,202606232305,1-4-6-2-5,0,0,29.4851,0,3-1-4;3-1-6;3-1-2;3-4-1;3-4-6;3-4-2,-0.5,-0.05,1
3-6-1,1,1,2026-06-23,S,3,1,0.6166,0.6542,600,まくり,3まくり差し,6170,0.807,1,202606232309,5-6-4-1-2,6170,0,81.0866,1,3-5-6;3-5-4;3-5-1;3-6-5;3-6-4;3-6-1,-0.5,-0.23,3
1-2-6,1,0,2026-06-23,A,3,0,1.7549,0.9387,600,逃げ,3まくり差し,4570,0.547,1,202606230612,4-6-1-5-2,0,0,56.4049,0,3-4-6;3-4-1;3-4-5;3-6-4;3-6-1;3-6-5,0,-0.05,1
1-4-5,0,0,2026-06-23,B,3,0,0.2767,0.5692,0,逃げ,3まくり差し,1190,0.363,0,202606230803,5-4-6-1-2,0,0,36.3467,0,3-5-4;3-5-6;3-5-1;3-4-5;3-4-6;3-4-1,-0.5,-0.23,1
1-3-5,1,1,2026-06-23,S,3,0,0.1028,0.5257,600,逃げ,3まくり差し,1980,0.715,1,202606231405,2-5-4-6-1,0,0,71.5528,0,3-2-5;3-2-4;3-2-6;3-5-2;3-5-4;3-5-6,0,-0.05,1
1-2-3,0,0,2026-06-23,B,3,0,0.1028,0.5257,0,逃げ,3まくり差し,720,0.247,0,202606231412,2-1-5-4-6,0,0,24.7528,0,3-2-1;3-2-5;3-2-4;3-1-2;3-1-5;3-1-4,0,-0.05,1
3-2-4,0,0,2026-06-23,B,3,1,-1.2569,0.1858,0,まくり差し,3まくり差し,1960,0.389,0,202606231504,2-6-4-1-5,0,1,37.4131,1,3-2-6;3-2-4;3-2-1;3-6-2;3-6-4;3-6-1,-0.5,-0.23,3
3-4-2,1,1,2026-06-23,S,3,1,2.0,1.0,600,まくり,3まくり差し,1270,0.941,1,202606232203,4-6-2-5-1,1270,0,96.05,1,3-4-6;3-4-2;3-4-5;3-6-4;3-6-2;3-6-5,0,-0.05,3
1-2-3,1,0,2026-06-23,A,3,0,-1.6443,0.0889,600,逃げ,3まくり差し,1050,0.595,1,202606232312,6-1-5-2-4,0,0,57.8057,0,3-6-1;3-6-5;3-6-2;3-1-6;3-1-5;3-1-2,0,-0.05,1
5-1-3,0,0,2026-06-23,B,4,0,-1.5233,0.1192,0,抜き,4カドまくり,11960,0.331,0,202606230211,6-1-5-2-3,0,0,31.5367,0,4-6-1;4-6-5;4-6-2;4-1-6;4-1-5;4-1-2,0,-0.04,5
1-2-5,0,0,2026-06-23,B,4,0,1.7326,0.9331,0,抜き,4カドまくり,2560,0.459,0,202606230606,5-3-2-1-6,0,0,49.2226,0,4-5-3;4-5-2;4-5-1;4-3-5;4-3-2;4-3-1,2.0,1.59,1
1-5-4,1,1,2026-06-23,S,4,0,0.0814,0.5203,600,逃げ,4カドまくり,2920,0.735,0,202606230710,6-1-5-2-3,0,0,72.3914,0,4-6-1;4-6-5;4-6-2;4-1-6;4-1-5;4-1-2,-0.5,-1.19,1
4-3-6,0,0,2026-06-23,B,4,1,0.6047,0.6512,0,まくり,4カドまくり,10200,0.443,0,202606230805,6-5-1-3-2,0,1,44.8647,0,4-6-5;4-6-1;4-6-3;4-5-6;4-5-1;4-5-3,0,-0.04,4
1-2-4,1,0,2026-06-23,A,4,0,1.8721,0.968,600,抜き,4カドまくり,3920,0.625,0,202606230812,6-3-1-2-5,0,0,64.3321,0,4-6-3;4-6-1;4-6-2;4-3-6;4-3-1;4-3-2,0,-0.04,1
4-5-2,0,0,2026-06-23,B,4,1,-1.6163,0.0959,0,まくり,4カドまくり,8710,0.379,0,202606231004,1-6-5-2-3,0,1,36.2437,0,4-1-6;4-1-5;4-1-2;4-6-1;4-6-5;4-6-2,0,-0.04,4
3-5-1,0,0,2026-06-23,B,4,0,-1.6395,0.0901,0,差し,4カドまくり,30240,0.417,0,202606231106,6-1-5-3-2,0,0,43.0605,0,4-6-1;4-6-5;4-6-3;4-1-6;4-1-5;4-1-3,0.5,3.0,3
1-5-2,0,0,2026-06-23,B,4,0,0.0814,0.5203,0,逃げ,4カドまくり,2990,0.205,0,202606231401,3-1-5-2-6,0,0,20.5414,0,4-3-1;4-3-5;4-3-2;4-1-3;4-1-5;4-1-2,0,-0.04,1
4-6-2,1,1,2026-06-23,S,4,1,1.0814,0.7703,600,まくり,4カドまくり,3030,0.677,0,202606231507,2-6-1-5-3,3030,1,68.7414,1,4-2-6;4-2-1;4-2-5;4-6-2;4-6-1;4-6-5,0,-0.04,4
4-1-3,0,0,2026-06-23,B,4,1,1.3605,0.8401,0,差し,4カドまくり,2300,0.403,0,202606231508,1-2-3-5-6,0,0,41.6205,1,4-1-2;4-1-3;4-1-5;4-2-1;4-2-3;4-2-5,0,-0.04,4
3-2-1,0,0,2026-06-23,B,4,0,0.2093,0.5523,0,差し,4カドまくり,7230,0.333,0,202606231605,3-5-1-2-6,0,0,32.3193,0,4-3-5;4-3-1;4-3-2;4-5-3;4-5-1;4-5-2,-0.5,-1.19,3
2-1-4,1,1,2026-06-23,S,4,0,1.9767,0.9942,600,差し,4カドまくり,1040,0.753,0,202606231905,2-1-5-3-6,0,0,77.2367,0,4-2-1;4-2-5;4-2-3;4-1-2;4-1-5;4-1-3,0,-0.04,2
2-1-4,1,1,2026-06-23,S,4,0,1.9186,0.9797,600,差し,4カドまくり,1240,0.737,0,202606231907,2-1-6-3-5,0,0,75.5786,0,4-2-1;4-2-6;4-2-3;4-1-2;4-1-6;4-1-3,0,-0.04,2
3-1-2,1,0,2026-06-23,A,4,0,-2.0,0.0,600,抜き,4カドまくり,4780,0.601,0,202606232306,2-3-6-5-1,0,0,56.91,0,4-2-3;4-2-6;4-2-5;4-3-2;4-3-6;4-3-5,-0.5,-1.19,3
1-4-2,1,1,2026-06-23,S,4,0,-1.2907,0.1773,600,逃げ,4カドまくり,1270,0.709,0,202606232308,2-3-5-1-6,0,0,68.4193,0,4-2-3;4-2-5;4-2-1;4-3-2;4-3-5;4-3-1,-0.5,-1.19,1
5-1-6,0,0,2026-06-24,B,3,0,0.5606,0.6402,0,差し,3まくり差し,15830,0.481,0,202606240310,4-5-1-6-2,0,0,48.6106,0,3-4-5;3-4-1;3-4-6;3-5-4;3-5-1;3-5-6,0,-0.05,5
1-6-3,0,0,2026-06-24,B,3,0,0.0985,0.5246,0,逃げ,3まくり差し,21340,0.471,0,202606240311,4-1-5-2-6,0,0,47.1485,0,3-4-1;3-4-5;3-4-2;3-1-4;3-1-5;3-1-2,0,-0.05,1
3-1-4,1,1,2026-06-24,S,3,1,0.212,0.553,600,まくり差し,3まくり,3450,0.72833,1,202606240408,4-1-2-5-6,3450,0,72.9954,1,3-4-1;3-4-2;3-4-5;3-1-4;3-1-2;3-1-5,-0.5,-0.05,3
1-4-3,1,0,2026-06-24,A,3,0,0.6934,0.6734,600,逃げ,3まくり,1290,0.61767,1,202606240603,5-4-1-6-2,0,0,62.2501,0,3-5-4;3-5-1;3-5-6;3-4-5;3-4-1;3-4-6,0,-0.21,1
1-3-6,0,0,2026-06-24,B,3,0,-1.7955,0.0511,0,逃げ,3まくり差し,790,0.233,0,202606240703,6-1-5-4-2,0,0,21.4545,0,3-6-1;3-6-5;3-6-4;3-1-6;3-1-5;3-1-4,0,-0.05,1
1-4-2,0,0,2026-06-24,B,3,0,-1.9924,0.0019,0,逃げ,3まくり差し,1940,0.557,0,202606240707,4-1-2-6-5,0,0,53.6576,0,3-4-1;3-4-2;3-4-6;3-1-4;3-1-2;3-1-6,0,-0.05,1
1-3-5,1,0,2026-06-24,A,3,0,-0.8636,0.2841,600,抜き,3まくり差し,550,0.641,1,202606240711,5-1-4-6-2,0,0,63.0064,0,3-5-1;3-5-4;3-5-6;3-1-5;3-1-4;3-1-6,-0.5,-0.23,1
1-3-5,0,0,2026-06-24,B,3,0,-1.5379,0.1155,0,逃げ,3まくり差し,520,0.405,0,202606240807,1-5-2-4-6,0,0,38.9121,0,3-1-5;3-1-2;3-1-4;3-5-1;3-5-2;3-5-4,0,-0.05,1
1-3-4,0,0,2026-06-24,B,3,0,0.0985,0.5246,0,逃げ,3まくり差し,830,0.457,0,202606240910,6-1-5-4-2,0,0,45.7485,0,3-6-1;3-6-5;3-6-4;3-1-6;3-1-5;3-1-4,0,-0.05,1
1-5-2,1,1,2026-06-24,S,3,0,1.6103,0.9026,600,逃げ,3まくり,6650,0.68367,1,202606241010,4-5-2-1-6,0,0,69.927,0,3-4-5;3-4-2;3-4-1;3-5-4;3-5-2;3-5-1,-0.5,-0.05,1
3-1-2,1,0,2026-06-24,A,3,1,1.6103,0.9026,600,まくり,3まくり,6800,0.56167,1,202606241011,5-1-4-6-2,0,1,57.567,0,3-5-1;3-5-4;3-5-6;3-1-5;3-1-4;3-1-6,0,-0.21,3
3-5-2,1,1,2026-06-24,S,3,1,0.0985,0.5246,600,まくり,3まくり差し,5140,0.941,1,202606241203,1-4-5-2-6,0,0,93.9685,0,3-1-4;3-1-5;3-1-2;3-4-1;3-4-5;3-4-2,-0.5,-0.23,3
5-3-1,0,0,2026-06-24,B,3,0,0.212,0.553,0,まくり差し,3まくり,5850,0.539,0,202606241206,5-2-1-4-6,0,0,54.062,0,3-5-2;3-5-1;3-5-4;3-2-5;3-2-1;3-2-4,-0.5,-0.05,5
1-2-3,0,0,2026-06-24,B,3,0,1.053,0.7633,0,逃げ,3まくり差し,690,0.451,0,202606241402,5-6-4-2-1,0,0,46.103,0,3-5-6;3-5-4;3-5-2;3-6-5;3-6-4;3-6-2,0,-0.05,1
1-6-5,0,0,2026-06-24,B,3,0,-1.0152,0.2462,0,逃げ,3まくり差し,12060,0.435,0,202606242202,6-2-5-4-1,0,0,42.4348,0,3-6-2;3-6-5;3-6-4;3-2-6;3-2-5;3-2-4,0,-0.05,1
3-1-2,1,1,2026-06-24,S,3,1,-1.4924,0.1269,600,まくり差し,3まくり差し,2710,0.749,1,202606242306,2-4-1-6-5,0,1,73.1776,0,3-2-4;3-2-1;3-2-6;3-4-2;3-4-1;3-4-6,-0.5,-0.23,3
1-2-3,1,0,2026-06-24,A,3,0,0.0985,0.5246,600,逃げ,3まくり差し,1160,0.549,1,202606240305,1-6-5-4-2,0,0,56.3385,0,3-1-6;3-1-5;3-1-4;3-6-1;3-6-5;3-6-4,0.5,1.34,1
1-6-4,1,0,2026-06-24,A,3,0,-0.8182,0.2955,600,逃げ,3まくり差し,2970,0.613,1,202606240612,2-4-1-6-5,0,0,60.2518,0,3-2-4;3-2-1;3-2-6;3-4-2;3-4-1;3-4-6,-0.5,-0.23,1
1-2-5,0,0,2026-06-24,B,3,0,1.2879,0.822,0,逃げ,3まくり差し,2300,0.521,0,202606240811,1-6-2-5-4,0,0,53.1579,0,3-1-6;3-1-2;3-1-5;3-6-1;3-6-2;3-6-5,-0.5,-0.23,1
3-1-2,0,0,2026-06-24,B,3,1,-1.553,0.1117,0,まくり差し,3まくり差し,21050,0.519,0,202606241405,5-4-1-2-6,0,1,50.297,0,3-5-4;3-5-1;3-5-2;3-4-5;3-4-1;3-4-2,0,-0.05,3
4-5-2,0,0,2026-06-24,B,3,0,0.7803,0.6951,0,まくり,3まくり差し,6840,0.485,0,202606241409,5-6-2-4-1,0,0,49.2303,0,3-5-6;3-5-2;3-5-4;3-6-5;3-6-2;3-6-4,0,-0.05,4
4-1-2,0,0,2026-06-24,B,3,0,-0.9545,0.2614,0,抜き,3まくり差し,4190,0.459,0,202606241411,4-2-5-6-1,0,0,44.8955,0,3-4-2;3-4-5;3-4-6;3-2-4;3-2-5;3-2-6,0,-0.05,4
6-5-1,0,0,2026-06-24,B,3,0,-0.8636,0.2841,0,まくり差し,3まくり差し,102980,0.309,0,202606241502,5-4-6-1-2,0,0,29.9864,0,3-5-4;3-5-6;3-5-1;3-4-5;3-4-6;3-4-1,0,-0.05,6
3-2-6,1,0,2026-06-24,A,3,1,0.7727,0.6932,600,抜き,3まくり差し,6010,0.599,1,202606241603,2-5-4-6-1,6010,0,60.4427,1,3-2-5;3-2-4;3-2-6;3-5-2;3-5-4;3-5-6,-0.5,-0.23,3
1-4-5,0,0,2026-06-24,B,3,0,-1.4394,0.1402,0,逃げ,3まくり差し,770,0.241,0,202606241903,4-5-1-2-6,0,0,22.6106,0,3-4-5;3-4-1;3-4-2;3-5-4;3-5-1;3-5-2,0,-0.05,1
1-4-5,0,0,2026-06-24,B,3,0,-1.1515,0.2121,0,逃げ,3まくり差し,3110,0.551,0,202606241912,6-5-4-2-1,0,0,53.8985,0,3-6-5;3-6-4;3-6-2;3-5-6;3-5-4;3-5-2,0,-0.05,1
1-3-4,1,0,2026-06-24,A,3,0,1.8485,0.9621,600,逃げ,3まくり差し,1180,0.585,1,202606242206,6-4-1-5-2,0,0,60.1185,0,3-6-4;3-6-1;3-6-5;3-4-6;3-4-1;3-4-5,-0.5,-0.23,1
3-4-6,0,0,2026-06-24,B,3,1,0.6742,0.6686,0,まくり,3まくり差し,2920,0.361,0,202606242307,4-1-6-5-2,0,0,36.5442,1,3-4-1;3-4-6;3-4-5;3-1-4;3-1-6;3-1-5,-0.5,-0.23,3
2-4-6,0,0,2026-06-24,B,4,0,0.0724,0.5181,0,差し,4カドまくり,2860,0.434,0,202606240306,5-1-2-6-3,0,0,43.4324,0,4-5-1;4-5-2;4-5-6;4-1-5;4-1-2;4-1-6,0,-0.04,2
4-6-2,1,1,2026-06-24,S,4,1,-1.0195,0.2451,600,まくり差し,4カドまくり,1760,0.787,0,202606240605,6-2-1-5-3,1760,0,76.4905,1,4-6-2;4-6-1;4-6-5;4-2-6;4-2-1;4-2-5,-0.5,-1.19,4
1-5-3,0,0,2026-06-24,B,4,0,0.6295,0.6574,0,抜き,4カドまくり,3950,0.253,0,202606240609,6-1-5-3-2,0,0,24.7395,0,4-6-1;4-6-5;4-6-3;4-1-6;4-1-5;4-1-3,-0.5,-1.19,1
1-2-4,1,0,2026-06-24,A,4,0,0.4178,0.6045,600,逃げ,4カドまくり,610,0.555,0,202606240610,1-2-6-3-5,0,0,55.8778,0,4-1-2;4-1-6;4-1-3;4-2-1;4-2-6;4-2-3,0,-0.04,1
1-3-2,1,1,2026-06-24,S,4,0,1.0306,0.7577,600,逃げ,4カドまくり,7540,0.733,0,202606240710,5-1-6-3-2,0,0,73.1406,0,4-5-1;4-5-6;4-5-3;4-1-5;4-1-6;4-1-3,-0.5,-1.19,1
1-2-4,0,0,2026-06-24,B,4,0,1.3538,0.8384,0,逃げ,4カドまくり,1090,0.531,0,202606240712,1-6-5-2-3,0,0,54.4138,0,4-1-6;4-1-5;4-1-2;4-6-1;4-6-5;4-6-2,0,-0.04,1
1-6-3,0,0,2026-06-24,B,4,0,-1.3426,0.1643,0,逃げ,4カドまくり,11820,0.255,0,202606240804,2-3-6-1-5,0,0,22.9674,0,4-2-3;4-2-6;4-2-1;4-3-2;4-3-6;4-3-1,-0.5,-1.19,1
4-1-2,1,1,2026-06-24,S,4,1,0.0724,0.5181,600,抜き,4カドまくり,1940,0.721,0,202606240908,5-6-2-3-1,0,0,72.1324,0,4-5-6;4-5-2;4-5-3;4-6-5;4-6-2;4-6-3,0,-0.04,4
1-2-4,0,0,2026-06-24,B,4,0,0.0724,0.5181,0,逃げ,4カドまくり,910,0.397,0,202606240911,1-5-6-2-3,0,0,38.5824,0,4-1-5;4-1-6;4-1-2;4-5-1;4-5-6;4-5-2,-0.5,-1.19,1
1-2-4,0,0,2026-06-24,B,4,0,1.4652,0.8663,0,抜き,4カドまくり,2880,0.241,0,202606241008,6-3-5-2-1,0,0,25.5252,0,4-6-3;4-6-5;4-6-2;4-3-6;4-3-5;4-3-2,0,-0.04,1
1-4-3,0,0,2026-06-24,B,4,0,1.8663,0.9666,0,抜き,4カドまくり,790,0.439,0,202606241104,1-5-3-6-2,0,0,44.5763,0,4-1-5;4-1-3;4-1-6;4-5-1;4-5-3;4-5-6,-0.5,-1.19,1
4-3-1,1,1,2026-06-24,S,4,1,0.0724,0.5181,600,まくり差し,4カドまくり,8310,0.734,0,202606241207,2-6-5-1-3,0,0,72.2824,0,4-2-6;4-2-5;4-2-1;4-6-2;4-6-5;4-6-1,-0.5,-1.19,4
1-4-5,1,0,2026-06-24,A,4,0,1.8997,0.9749,600,逃げ,4カドまくり,770,0.623,0,202606241903,5-1-3-2-6,0,0,64.1597,0,4-5-1;4-5-3;4-5-2;4-1-5;4-1-3;4-1-2,0,-0.04,1
4-2-3,0,0,2026-06-24,B,4,1,0.9526,0.7382,0,まくり差し,4カドまくり,3010,0.487,0,202606242308,5-3-2-1-6,0,0,48.4626,0,4-5-3;4-5-2;4-5-1;4-3-5;4-3-2;4-3-1,-0.5,-1.19,4
1-5-4,1,1,2026-06-25,S,3,0,0.1223,0.5306,600,逃げ,3まくり差し,20490,0.739,1,202606250107,1-2-5-4-6,0,0,73.9723,0,3-1-2;3-1-5;3-1-4;3-2-1;3-2-5;3-2-4,0,-0.05,1
4-1-2,1,0,2026-06-25,A,3,0,0.2247,0.5562,600,まくり差し,3まくり,5230,0.633,1,202606250109,4-5-6-2-1,0,0,63.3147,0,3-4-5;3-4-6;3-4-2;3-5-4;3-5-6;3-5-2,0,-0.21,4
5-1-4,1,0,2026-06-25,A,3,0,1.1452,0.7863,600,まくり,3まくり,9890,0.612,1,202606250311,1-2-5-6-4,0,0,65.3452,0,3-1-2;3-1-5;3-1-6;3-2-1;3-2-5;3-2-6,1.0,3.0,5
1-5-3,1,1,2026-06-25,S,3,0,1.777,0.9442,600,逃げ,3まくり差し,3430,0.849,1,202606250406,6-1-5-2-4,0,0,86.627,0,3-6-1;3-6-5;3-6-2;3-1-6;3-1-5;3-1-2,0,-0.05,1
3-4-5,0,0,2026-06-25,B,3,1,0.9808,0.7452,0,まくり,3まくり,1480,0.471,0,202606250407,4-5-2-6-1,0,1,47.8708,1,3-4-5;3-4-2;3-4-6;3-5-4;3-5-2;3-5-6,0,-0.21,3
1-2-5,1,1,2026-06-25,S,3,0,0.7266,0.6817,600,抜き,3まくり差し,3640,0.733,1,202606250603,6-1-5-4-2,0,0,73.9766,0,3-6-1;3-6-5;3-6-4;3-1-6;3-1-5;3-1-4,0,-0.05,1
1-6-3,1,0,2026-06-25,A,3,0,-0.9496,0.2626,600,逃げ,3まくり差し,1250,0.629,1,202606250606,6-1-5-2-4,0,0,61.7204,0,3-6-1;3-6-5;3-6-2;3-1-6;3-1-5;3-1-2,-0.5,-0.23,1
1-5-2,0,0,2026-06-25,B,3,0,-1.6978,0.0755,0,逃げ,3まくり差し,2290,0.101,0,202606250609,1-4-5-6-2,0,0,8.3522,0,3-1-4;3-1-5;3-1-6;3-4-1;3-4-5;3-4-6,0,-0.05,1
4-5-1,1,1,2026-06-25,S,3,0,-1.2878,0.1781,600,まくり,3まくり差し,5700,0.783,1,202606250703,4-1-6-5-2,0,0,76.9622,0,3-4-1;3-4-6;3-4-5;3-1-4;3-1-6;3-1-5,0,-0.05,4
1-3-6,1,0,2026-06-25,A,3,0,0.9353,0.7338,600,逃げ,3まくり差し,5250,0.65,1,202606250706,5-6-2-1-4,0,0,65.7053,0,3-5-6;3-5-2;3-5-1;3-6-5;3-6-2;3-6-1,-0.5,-0.23,1
3-6-5,1,0,2026-06-25,A,3,1,1.0575,0.7644,600,まくり,3まくり,53020,0.58233,1,202606250711,1-4-6-5-2,0,1,59.2409,0,3-1-4;3-1-6;3-1-5;3-4-1;3-4-6;3-4-5,-0.5,-0.05,3
1-3-5,0,0,2026-06-25,B,3,0,-1.5612,0.1097,0,逃げ,3まくり差し,850,0.481,0,202606251212,5-1-6-2-4,0,0,46.3088,0,3-5-1;3-5-6;3-5-2;3-1-5;3-1-6;3-1-2,-0.5,-0.23,1
3-4-1,1,0,2026-06-25,A,3,1,0.1223,0.5306,600,まくり差し,3まくり差し,1660,0.661,1,202606251301,1-4-5-6-2,1660,1,65.9923,1,3-1-4;3-1-5;3-1-6;3-4-1;3-4-5;3-4-6,-0.5,-0.23,3
1-2-3,0,0,2026-06-25,B,3,0,-0.9856,0.2536,0,逃げ,3まくり差し,430,0.417,0,202606251610,1-5-2-4-6,0,0,40.4844,0,3-1-5;3-1-2;3-1-4;3-5-1;3-5-2;3-5-4,-0.5,-0.23,1
5-3-6,0,0,2026-06-25,B,3,0,-1.8705,0.0324,0,差し,3まくり差し,1210,0.5275,0,202606251203,5-1-2-6-4,0,0,50.6495,0,3-5-1;3-5-2;3-5-6;3-1-5;3-1-2;3-1-6,-0.5,-0.23,5
1-5-3,0,0,2026-06-25,B,3,0,0.1223,0.5306,0,逃げ,3まくり差し,2280,0.441,0,202606251312,5-4-1-6-2,0,0,44.1723,0,3-5-4;3-5-1;3-5-6;3-4-5;3-4-1;3-4-6,0,-0.05,1
5-1-4,0,0,2026-06-25,B,3,0,-1.2518,0.1871,0,まくり差し,3まくり差し,4600,0.235,0,202606251408,1-6-5-4-2,0,0,22.1982,0,3-1-6;3-1-5;3-1-4;3-6-1;3-6-5;3-6-4,0,-0.05,5
1-2-4,0,0,2026-06-25,B,3,0,0.6259,0.6565,0,逃げ,3まくり差し,690,0.541,0,202606252208,2-1-4-6-5,0,0,54.6759,0,3-2-1;3-2-4;3-2-6;3-1-2;3-1-4;3-1-6,0,-0.05,1
3-4-5,1,1,2026-06-25,S,4,0,0.059,0.5147,600,まくり,4カドまくり,15800,0.811,0,202606250101,6-1-2-3-5,0,0,79.969,0,4-6-1;4-6-2;4-6-3;4-1-6;4-1-2;4-1-3,-0.5,-1.19,3
4-2-1,1,1,2026-06-25,S,4,1,0.059,0.5147,600,まくり差し,4カドまくり,3500,0.749,0,202606250110,2-6-3-1-5,3500,0,73.769,1,4-2-6;4-2-3;4-2-1;4-6-2;4-6-3;4-6-1,-0.5,-1.19,4
3-4-5,1,0,2026-06-25,A,4,0,-0.9705,0.2574,600,恵まれ,4カドまくり,1050,0.622,0,202606250309,1-2-3-5-6,0,0,62.8195,0,4-1-2;4-1-3;4-1-5;4-2-1;4-2-3;4-2-5,1.0,1.59,3
5-4-1,0,0,2026-06-25,B,4,0,1.1421,0.7855,0,まくり差し,4カドまくり,4520,0.435,0,202606250403,6-5-2-1-3,0,0,43.4521,0,4-6-5;4-6-2;4-6-1;4-5-6;4-5-2;4-5-1,-0.5,-1.19,5
1-6-4,0,0,2026-06-25,B,4,0,-1.1635,0.2091,0,逃げ,4カドまくり,1080,0.339,0,202606250602,1-2-6-3-5,0,0,31.5465,0,4-1-2;4-1-6;4-1-3;4-2-1;4-2-6;4-2-3,-0.5,-1.19,1
1-4-5,1,1,2026-06-25,S,4,0,-1.2922,0.1769,600,抜き,4カドまくり,410,0.955,0,202606250707,1-5-2-6-3,0,0,94.1678,0,4-1-5;4-1-2;4-1-6;4-5-1;4-5-2;4-5-6,0,-0.04,1
4-6-5,0,0,2026-06-25,B,4,1,0.1448,0.5362,0,まくり,4カドまくり,49180,0.547,0,202606250904,2-3-5-1-6,0,1,54.8048,0,4-2-3;4-2-5;4-2-1;4-3-2;4-3-5;4-3-1,0,-0.04,4
2-4-6,0,0,2026-06-25,B,4,0,-1.4102,0.1475,0,まくり,4カドまくり,3020,0.515,0,202606250909,2-1-5-6-3,0,0,50.0498,0,4-2-1;4-2-5;4-2-6;4-1-2;4-1-5;4-1-6,0,-0.04,2
2-1-6,1,0,2026-06-25,A,4,0,-1.7212,0.0697,600,まくり,4カドまくり,1660,0.687,0,202606250910,2-1-6-3-5,0,0,66.9388,0,4-2-1;4-2-6;4-2-3;4-1-2;4-1-6;4-1-3,0,-0.04,2
4-1-2,0,0,2026-06-25,B,4,1,0.7453,0.6863,0,差し,4カドまくり,4140,0.29,0,202606251209,1-5-2-6-3,0,0,28.5553,1,4-1-5;4-1-2;4-1-6;4-5-1;4-5-2;4-5-6,-0.5,-1.19,4
1-3-4,0,0,2026-06-25,B,4,0,0.059,0.5147,0,逃げ,4カドまくり,660,0.371,0,202606251309,1-6-3-5-2,0,0,37.119,0,4-1-6;4-1-3;4-1-5;4-6-1;4-6-3;4-6-5,0,-0.04,1
5-2-1,0,0,2026-06-25,B,4,0,0.3807,0.5952,0,まくり,4カドまくり,10410,0.541,0,202606251510,2-5-6-1-3,0,0,53.2907,0,4-2-5;4-2-6;4-2-1;4-5-2;4-5-6;4-5-1,-0.5,-1.19,5
1-4-2,0,0,2026-06-25,B,4,0,0.059,0.5147,0,逃げ,4カドまくり,960,0.339,0,202606252102,1-6-5-2-3,0,0,36.959,0,4-1-6;4-1-5;4-1-2;4-6-1;4-6-5;4-6-2,0.5,3.0,1
4-2-6,1,0,2026-06-25,A,4,1,0.059,0.5147,600,まくり差し,4カドまくり,10060,0.657,0,202606252106,6-1-5-2-3,0,0,65.719,0,4-6-1;4-6-5;4-6-2;4-1-6;4-1-5;4-1-2,0,-0.04,4
1-2-5,0,0,2026-06-25,B,4,0,-1.5389,0.1153,0,逃げ,4カドまくり,2350,0.485,0,202606252303,1-2-3-5-6,0,0,46.9211,0,4-1-2;4-1-3;4-1-5;4-2-1;4-2-3;4-2-5,0,-0.04,1
4-1-6,0,0,2026-06-25,B,4,1,1.4209,0.8552,0,まくり差し,4カドまくり,1250,0.3825,0,202606252309,3-6-2-5-1,0,0,38.4809,0,4-3-6;4-3-2;4-3-5;4-6-3;4-6-2;4-6-5,-0.5,-1.19,4
1-3-2,1,0,2026-06-25,A,4,0,1.7105,0.9276,600,抜き,4カドまくり,1640,0.587,0,202606252311,1-5-6-2-3,0,0,59.2205,0,4-1-5;4-1-6;4-1-2;4-5-1;4-5-6;4-5-2,-0.5,-1.19,1
3-4-6,1,1,2026-06-26,S,3,1,-1.3728,0.1568,600,まくり,3まくり差し,1050,0.725,1,202606260105,6-4-5-2-1,1050,0,71.0772,1,3-6-4;3-6-5;3-6-2;3-4-6;3-4-5;3-4-2,0,-0.05,3
1-5-3,1,1,2026-06-26,S,3,0,-1.3171,0.1707,600,逃げ,3まくり差し,1750,0.76,1,202606260107,5-4-1-2-6,0,0,74.4529,0,3-5-4;3-5-1;3-5-2;3-4-5;3-4-1;3-4-2,-0.5,-0.23,1
1-5-4,0,0,2026-06-26,B,3,0,0.5784,0.6446,0,逃げ,3まくり差し,2400,0.451,0,202606260310,4-5-6-1-2,0,0,47.0184,0,3-4-5;3-4-6;3-4-1;3-5-4;3-5-6;3-5-1,0.5,1.34,1
4-3-1,1,1,2026-06-26,S,3,0,1.5192,0.8798,600,まくり差し,3まくり差し,16800,0.737,1,202606260409,2-4-1-6-5,0,0,75.1692,0,3-2-4;3-2-1;3-2-6;3-4-2;3-4-1;3-4-6,0,-0.05,4
1-3-4,1,1,2026-06-26,S,3,0,-1.2125,0.1969,600,逃げ,3まくり差し,580,0.715,1,202606260412,1-4-2-5-6,0,0,70.2375,0,3-1-4;3-1-2;3-1-5;3-4-1;3-4-2;3-4-5,0,-0.05,1
1-4-5,1,0,2026-06-26,A,3,0,0.4251,0.6063,600,逃げ,3まくり差し,3220,0.579,1,202606260706,5-4-1-6-2,0,0,58.0951,0,3-5-4;3-5-1;3-5-6;3-4-5;3-4-1;3-4-6,-0.5,-0.23,1
5-1-3,1,1,2026-06-26,S,3,0,0.5157,0.6289,600,まくり差し,3まくり差し,2180,0.685,1,202606261209,5-1-6-2-4,0,0,68.7857,0,3-5-1;3-5-6;3-5-2;3-1-5;3-1-6;3-1-2,-0.5,-0.23,5
1-2-6,0,0,2026-06-26,B,3,0,-0.8223,0.2944,0,逃げ,3まくり差し,1130,0.445,0,202606261408,6-4-2-5-1,0,0,43.6277,0,3-6-4;3-6-2;3-6-5;3-4-6;3-4-2;3-4-5,0,-0.05,1
1-4-2,1,1,2026-06-26,S,3,0,1.6864,0.9216,600,逃げ,3まくり差し,5320,0.749,1,202606261411,6-4-5-2-1,0,0,76.5364,0,3-6-4;3-6-5;3-6-2;3-4-6;3-4-5;3-4-2,0,-0.05,1
1-4-2,0,0,2026-06-26,B,3,0,-1.8676,0.0331,0,逃げ,3まくり差し,1830,0.095,0,202606261612,5-6-2-4-1,0,0,7.4024,0,3-5-6;3-5-2;3-5-4;3-6-5;3-6-2;3-6-4,-0.5,-0.23,1
1-2-3,0,0,2026-06-26,B,3,0,-1.3668,0.1583,0,逃げ,3まくり,650,0.348,0,202606261802,1-5-2-6-4,0,0,33.3832,0,3-1-5;3-1-2;3-1-6;3-5-1;3-5-2;3-5-6,-0.5,-0.05,1
1-2-3,1,1,2026-06-26,S,3,0,1.1359,0.784,600,逃げ,3まくり差し,1190,0.846,1,202606261805,4-5-6-2-1,0,0,85.6859,0,3-4-5;3-4-6;3-4-2;3-5-4;3-5-6;3-5-2,0,-0.05,1
1-3-5,1,1,2026-06-26,S,3,0,1.338,0.8345,600,逃げ,3まくり差し,1390,0.693,1,202606261811,5-2-4-1-6,0,0,70.408,0,3-5-2;3-5-4;3-5-1;3-2-5;3-2-4;3-2-1,-0.5,-0.23,1
1-3-2,1,0,2026-06-26,A,3,0,-1.1916,0.2021,600,逃げ,3まくり差し,1160,0.577,1,202606262103,5-1-4-6-2,0,0,56.4584,0,3-5-1;3-5-4;3-5-6;3-1-5;3-1-4;3-1-6,0,-0.05,1
1-3-6,0,0,2026-06-26,B,3,0,0.2797,0.5699,0,逃げ,3まくり,340,0.30433,0,202606262105,1-6-5-2-4,0,0,30.503,0,3-1-6;3-1-5;3-1-2;3-6-1;3-6-5;3-6-2,0,-0.21,1
3-2-1,1,1,2026-06-26,S,3,1,1.547,0.8868,600,まくり,3まくり差し,13230,0.933,1,202606262110,1-6-5-4-2,0,0,94.797,0,3-1-6;3-1-5;3-1-4;3-6-1;3-6-5;3-6-4,0,-0.05,3
1-3-6,1,0,2026-06-26,A,3,0,-1.3245,0.1689,600,逃げ,3まくり,720,0.62833,1,202606262202,6-5-1-4-2,0,0,61.2988,0,3-6-5;3-6-1;3-6-4;3-5-6;3-5-1;3-5-4,0,-0.21,1
1-2-3,1,0,2026-06-26,A,3,0,0.8711,0.7178,600,逃げ,3まくり差し,980,0.565,1,202606260110,2-5-6-4-1,0,0,57.1411,0,3-2-5;3-2-6;3-2-4;3-5-2;3-5-6;3-5-4,-0.5,-0.23,1
6-4-5,1,0,2026-06-26,A,3,0,0.5784,0.6446,600,差し,3まくり差し,72660,0.617,1,202606260307,5-1-4-2-6,0,0,63.2084,0,3-5-1;3-5-4;3-5-2;3-1-5;3-1-4;3-1-2,1.5,0.93,6
1-3-2,0,0,2026-06-26,B,3,0,-1.9373,0.0157,0,逃げ,3まくり差し,890,0.403,0,202606260712,1-6-4-2-5,0,0,38.3127,0,3-1-6;3-1-4;3-1-2;3-6-1;3-6-4;3-6-2,0,-0.05,1
1-4-6,0,0,2026-06-26,B,3,0,0.1324,0.5331,0,逃げ,3まくり差し,1350,0.327,0,202606261712,1-6-5-4-2,0,0,32.7824,0,3-1-6;3-1-5;3-1-4;3-6-1;3-6-5;3-6-4,0,-0.05,1
3-1-5,1,1,2026-06-26,S,3,1,2.0,1.0,600,まくり差し,3まくり差し,2000,0.887,1,202606262203,6-4-1-5-2,0,1,90.65,0,3-6-4;3-6-1;3-6-5;3-4-6;3-4-1;3-4-5,0,-0.05,3
1-3-5,0,0,2026-06-26,B,3,0,1.4634,0.8659,0,逃げ,3まくり差し,800,0.287,0,202606262303,1-6-4-5-2,0,0,29.9334,0,3-1-6;3-1-4;3-1-5;3-6-1;3-6-4;3-6-5,-0.5,-0.23,1
1-3-4,0,0,2026-06-26,B,3,0,0.1324,0.5331,0,逃げ,3まくり差し,850,0.389,0,202606262407,6-4-1-5-2,0,0,38.9824,0,3-6-4;3-6-1;3-6-5;3-4-6;3-4-1;3-4-5,0,-0.05,1
3-4-6,0,0,2026-06-26,B,4,0,-1.7538,0.0615,0,まくり,4カドまくり,1050,0.383,0,202606260105,6-3-5-2-1,0,0,35.3562,0,4-6-3;4-6-5;4-6-2;4-3-6;4-3-5;4-3-2,-0.5,-1.19,3
1-2-5,0,0,2026-06-26,B,4,0,-1.9282,0.0179,0,逃げ,4カドまくり,4410,0.479,0,202606260109,6-2-5-3-1,0,0,45.9318,0,4-6-2;4-6-5;4-6-3;4-2-6;4-2-5;4-2-3,0,-0.04,1
4-5-6,1,0,2026-06-26,A,4,1,1.8051,0.9513,600,まくり,4カドまくり,2680,0.569,0,202606260408,1-5-6-3-2,2680,1,57.5151,1,4-1-5;4-1-6;4-1-3;4-5-1;4-5-6;4-5-3,-0.5,-1.19,4
1-4-5,1,1,2026-06-26,S,4,0,1.2,0.8,600,逃げ,4カドまくり,2920,0.715,0,202606260410,6-3-5-2-1,0,0,72.66,0,4-6-3;4-6-5;4-6-2;4-3-6;4-3-5;4-3-2,0,-0.04,1
4-5-6,1,1,2026-06-26,S,4,1,1.7333,0.9333,600,まくり,4カドまくり,1720,0.901,0,202606260705,2-5-6-1-3,1720,1,90.6433,1,4-2-5;4-2-6;4-2-1;4-5-2;4-5-6;4-5-1,-0.5,-1.19,4
1-3-4,1,1,2026-06-26,S,4,0,-1.4769,0.1308,600,逃げ,4カドまくり,990,0.775,0,202606261306,1-3-6-5-2,0,0,75.9831,0,4-1-3;4-1-6;4-1-5;4-3-1;4-3-6;4-3-5,0,-0.04,1
4-1-6,1,1,2026-06-26,S,4,1,0.0821,0.5205,600,差し,4カドまくり,3760,0.719,0,202606261702,2-6-1-5-3,0,0,71.9421,0,4-2-6;4-2-1;4-2-5;4-6-2;4-6-1;4-6-5,0,-0.04,4
4-5-6,1,0,2026-06-26,A,4,1,0.0821,0.5205,600,まくり,4カドまくり,1610,0.649,0,202606261705,1-6-5-2-3,0,1,64.9421,0,4-1-6;4-1-5;4-1-2;4-6-1;4-6-5;4-6-2,0,-0.04,4
1-2-6,1,1,2026-06-26,S,4,0,0.0821,0.5205,600,逃げ,4カドまくり,3470,0.681,0,202606261709,1-2-3-6-5,0,0,68.1421,0,4-1-2;4-1-3;4-1-6;4-2-1;4-2-3;4-2-6,0,-0.04,1
1-2-6,1,0,2026-06-26,A,4,0,1.0051,0.7513,600,,4カドまくり,3140,0.545,0,202606261803,1-2-6-5-3,0,0,55.4651,0,4-1-2;4-1-6;4-1-5;4-2-1;4-2-6;4-2-5,0,-0.04,0
5-1-2,0,0,2026-06-26,B,4,0,-1.8256,0.0436,0,まくり差し,4カドまくり,26090,0.271,0,202606262102,1-5-3-6-2,0,0,24.0844,0,4-1-5;4-1-3;4-1-6;4-5-1;4-5-3;4-5-6,-0.5,-1.19,5
1-6-4,0,0,2026-06-26,B,4,0,-1.0462,0.2385,0,逃げ,4カドまくり,34100,0.367,0,202606262210,2-3-1-6-5,0,0,35.6138,0,4-2-3;4-2-1;4-2-6;4-3-2;4-3-1;4-3-6,0,-0.04,1
5-4-1,1,0,2026-06-26,A,4,0,1.9692,0.9923,600,まくり差し,4カドまくり,35580,0.545,0,202606262211,2-6-3-1-5,0,0,56.4292,0,4-2-6;4-2-3;4-2-1;4-6-2;4-6-3;4-6-1,0,-0.04,5
4-1-6,1,1,2026-06-26,S,4,1,0.2872,0.5718,600,まくり,4カドまくり,3350,0.777,0,202606262304,6-2-3-1-5,0,1,76.7972,0,4-6-2;4-6-3;4-6-1;4-2-6;4-2-3;4-2-1,-0.5,-1.19,4
3-4-6,1,0,2026-06-27,A,3,1,0.1271,0.5318,600,まくり,3まくり差し,1980,0.587,1,202606270206,6-1-4-5-2,0,0,58.5971,0,3-6-1;3-6-4;3-6-5;3-1-6;3-1-4;3-1-5,-0.5,-0.23,3
1-2-4,1,1,2026-06-27,S,3,0,0.2121,0.553,600,逃げ,3まくり,3540,0.724,1,202606270307,5-1-2-4-6,0,0,72.7121,0,3-5-1;3-5-2;3-5-4;3-1-5;3-1-2;3-1-4,0.5,0.1,1
3-2-5,1,0,2026-06-27,A,3,1,-1.1212,0.2197,600,差し,3まくり,9320,0.612,1,202606270308,4-6-2-1-5,0,0,60.1788,0,3-4-6;3-4-2;3-4-1;3-6-4;3-6-2;3-6-1,0.5,0.1,3
2-1-5,0,0,2026-06-27,B,3,0,0.1873,0.5468,0,差し,3まくり差し,9240,0.417,0,202606270311,1-2-6-4-5,0,0,41.8373,0,3-1-2;3-1-6;3-1-4;3-2-1;3-2-6;3-2-4,0,-0.05,2
2-3-1,1,1,2026-06-27,S,3,0,-0.7291,0.3177,600,差し,3まくり差し,3100,0.857,1,202606270702,1-4-2-5-6,0,0,84.7409,0,3-1-4;3-1-2;3-1-5;3-4-1;3-4-2;3-4-5,-0.5,-0.23,2
1-3-5,1,0,2026-06-27,A,3,0,1.0635,0.7659,600,逃げ,3まくり差し,640,0.597,1,202606270708,5-1-6-2-4,0,0,60.7135,0,3-5-1;3-5-6;3-5-2;3-1-5;3-1-6;3-1-2,0,-0.05,1
3-1-6,1,1,2026-06-27,S,3,1,0.1605,0.5401,600,差し,3まくり差し,8640,0.756,1,202606271206,2-4-1-5-6,0,0,75.5305,0,3-2-4;3-2-1;3-2-5;3-4-2;3-4-1;3-4-5,-0.5,-0.23,3
3-5-4,1,1,2026-06-27,S,3,1,-0.7625,0.3094,600,まくり,3まくり差し,1140,0.827,1,202606271301,5-6-1-4-2,1140,0,81.8875,1,3-5-6;3-5-1;3-5-4;3-6-5;3-6-1;3-6-4,0,-0.05,3
4-5-3,0,0,2026-06-27,B,3,0,-1.7475,0.0631,0,まくり,3まくり,14440,0.415,0,202606271303,4-2-5-1-6,0,0,39.5425,0,3-4-2;3-4-5;3-4-1;3-2-4;3-2-5;3-2-1,0,-0.21,4
3-1-5,1,0,2026-06-27,A,3,1,-0.7273,0.3182,600,抜き,3まくり,1100,0.673,1,202606271311,6-1-5-4-2,1100,0,66.5227,1,3-6-1;3-6-5;3-6-4;3-1-6;3-1-5;3-1-4,-0.5,-0.05,3
1-5-2,0,0,2026-06-27,B,3,0,0.2222,0.5556,0,逃げ,3まくり,2650,0.42567,0,202606271405,5-1-6-2-4,0,0,42.7389,0,3-5-1;3-5-6;3-5-2;3-1-5;3-1-6;3-1-2,-0.5,-0.05,1
3-1-6,1,0,2026-06-27,A,3,1,0.9231,0.7308,600,抜き,3まくり差し,9660,0.617,1,202606271407,2-6-1-4-5,0,0,62.5731,0,3-2-6;3-2-1;3-2-4;3-6-2;3-6-1;3-6-4,0,-0.05,3
1-3-5,1,1,2026-06-27,S,3,0,1.786,0.9465,600,逃げ,3まくり差し,490,0.681,1,202606272103,5-1-6-2-4,0,0,69.656,0,3-5-1;3-5-6;3-5-2;3-1-5;3-1-6;3-1-2,-0.5,-0.23,1
1-2-5,0,0,2026-06-27,B,3,0,0.2121,0.553,0,逃げ,3まくり,6130,0.451,0,202606272308,4-1-5-2-6,0,0,45.1021,0,3-4-1;3-4-5;3-4-2;3-1-4;3-1-5;3-1-2,0,-0.21,1
3-5-6,0,0,2026-06-27,B,3,1,-1.4381,0.1405,0,差し,3まくり差し,100810,0.319,0,202606272407,1-6-4-2-5,0,0,30.4119,0,3-1-6;3-1-4;3-1-2;3-6-1;3-6-4;3-6-2,0,-0.05,3
1-3-4,1,1,2026-06-27,S,3,0,1.8595,0.9649,600,逃げ,3まくり差し,520,0.689,1,202606272412,4-1-6-2-5,0,0,72.0995,0,3-4-1;3-4-6;3-4-2;3-1-4;3-1-6;3-1-2,0.5,1.34,1
1-3-2,0,0,2026-06-27,B,3,0,-1.8328,0.0418,0,逃げ,3まくり差し,530,0.541,0,202606270111,1-6-2-4-5,0,0,52.0372,0,3-1-6;3-1-2;3-1-4;3-6-1;3-6-2;3-6-4,-0.5,-0.23,1
1-2-6,0,0,2026-06-27,B,3,0,0.1271,0.5318,0,逃げ,3まくり差し,19860,0.521,0,202606270208,5-4-2-6-1,0,0,51.9971,0,3-5-4;3-5-2;3-5-6;3-4-5;3-4-2;3-4-6,-0.5,-0.23,1
1-4-2,0,0,2026-06-27,B,3,0,-1.1706,0.2074,0,逃げ,3まくり差し,1030,0.403,0,202606270707,1-4-5-2-6,0,0,39.0794,0,3-1-4;3-1-5;3-1-2;3-4-1;3-4-5;3-4-2,0,-0.05,1
1-4-6,0,0,2026-06-27,B,3,0,-1.9064,0.0234,0,逃げ,3まくり差し,1920,0.149,0,202606270709,1-6-2-5-4,0,0,12.9436,0,3-1-6;3-1-2;3-1-5;3-6-1;3-6-2;3-6-5,0,-0.05,1
4-3-1,1,1,2026-06-27,S,3,0,1.6187,0.9047,600,まくり差し,3まくり差し,31830,0.837,1,202606270907,5-6-4-2-1,0,0,85.2687,0,3-5-6;3-5-4;3-5-2;3-6-5;3-6-4;3-6-2,0,-0.05,4
5-4-1,0,0,2026-06-27,B,3,0,-1.1104,0.2224,0,まくり差し,3まくり差し,40430,0.503,0,202606271404,4-1-5-2-6,0,0,49.1396,0,3-4-1;3-4-5;3-4-2;3-1-4;3-1-5;3-1-2,0,-0.05,5
6-3-1,0,0,2026-06-27,B,3,0,0.4883,0.6221,0,まくり,3まくり差し,31400,0.501,0,202606271705,1-5-6-4-2,0,0,50.5383,0,3-1-5;3-1-6;3-1-4;3-5-1;3-5-6;3-5-4,0,-0.05,6
2-1-3,0,0,2026-06-27,B,3,0,-0.9231,0.2692,0,まくり,3まくり差し,1790,0.483,0,202606271808,2-5-6-4-1,0,0,47.3269,0,3-2-5;3-2-6;3-2-4;3-5-2;3-5-6;3-5-4,0,-0.05,2
2-4-1,0,0,2026-06-27,B,3,0,1.6589,0.9147,0,差し,3まくり差し,15110,0.245,0,202606271811,4-5-6-1-2,0,0,26.1089,0,3-4-5;3-4-6;3-4-1;3-5-4;3-5-6;3-5-1,0,-0.05,2
2-3-1,1,0,2026-06-27,A,3,0,-1.8997,0.0251,600,まくり,3まくり差し,2920,0.591,1,202606272203,1-2-5-4-6,0,0,57.1503,0,3-1-2;3-1-5;3-1-4;3-2-1;3-2-5;3-2-4,0,-0.05,2
2-1-5,0,0,2026-06-27,B,3,0,0.1672,0.5418,0,差し,3まくり差し,15210,0.383,0,202606272211,1-5-4-2-6,0,0,38.4172,0,3-1-5;3-1-4;3-1-2;3-5-1;3-5-4;3-5-2,0,-0.05,2
2-5-6,1,0,2026-06-27,A,4,0,0.0891,0.5223,600,まくり,4カドまくり,17100,0.635,0,202606270202,2-6-1-5-3,0,0,62.3991,0,4-2-6;4-2-1;4-2-5;4-6-2;4-6-1;4-6-5,-0.5,-1.19,2
3-1-4,1,1,2026-06-27,S,4,0,0.0891,0.5223,600,まくり,4カドまくり,1440,0.733,0,202606270205,1-3-5-6-2,0,0,72.1991,0,4-1-3;4-1-5;4-1-6;4-3-1;4-3-5;4-3-6,-0.5,-1.19,3
4-3-1,1,0,2026-06-27,A,4,1,0.6238,0.6559,600,差し,4カドまくり,5610,0.614,0,202606270310,1-3-6-2-5,5610,0,63.6138,1,4-1-3;4-1-6;4-1-2;4-3-1;4-3-6;4-3-2,1.0,1.59,4
1-3-4,1,1,2026-06-27,S,4,0,1.2772,0.8193,600,逃げ,4カドまくり,620,0.795,0,202606270711,1-3-6-2-5,0,0,79.5872,0,4-1-3;4-1-6;4-1-2;4-3-1;4-3-6;4-3-2,-0.5,-1.19,1
4-5-1,0,0,2026-06-27,B,4,1,-1.6139,0.0965,0,まくり,4カドまくり,1470,0.505,0,202606270903,5-2-3-6-1,0,1,48.8461,0,4-5-2;4-5-3;4-5-6;4-2-5;4-2-3;4-2-6,0,-0.04,4
1-4-2,0,0,2026-06-27,B,4,0,1.7624,0.9406,0,逃げ,4カドまくり,570,0.375,0,202606270912,1-6-5-2-3,0,0,39.2224,0,4-1-6;4-1-5;4-1-2;4-6-1;4-6-5;4-6-2,0,-0.04,1
4-5-3,0,0,2026-06-27,B,4,1,0.9307,0.7327,0,まくり,4カドまくり,3310,0.476,0,202606271202,5-1-6-2-3,0,1,47.3407,0,4-5-1;4-5-6;4-5-2;4-1-5;4-1-6;4-1-2,-0.5,-1.19,4
3-4-1,0,0,2026-06-27,B,4,0,0.6337,0.6584,0,まくり差し,4カドまくり,12970,0.545,0,202606271204,5-6-1-3-2,0,0,53.9437,0,4-5-6;4-5-1;4-5-3;4-6-5;4-6-1;4-6-3,-0.5,-1.19,3
1-4-3,1,0,2026-06-27,A,4,0,1.6535,0.9134,600,逃げ,4カドまくり,620,0.57,0,202606271306,1-2-3-6-5,0,0,58.6135,0,4-1-2;4-1-3;4-1-6;4-2-1;4-2-3;4-2-6,0,-0.04,1
1-4-2,0,0,2026-06-27,B,4,0,0.7327,0.6832,0,逃げ,4カドまくり,1770,0.30375,0,202606271310,6-5-2-1-3,0,0,31.0677,0,4-6-5;4-6-2;4-6-1;4-5-6;4-5-2;4-5-1,0,-0.04,1
1-4-5,1,1,2026-06-27,S,4,0,0.5347,0.6337,600,逃げ,4カドまくり,1750,0.783,0,202606271401,5-1-6-2-3,0,0,78.7947,0,4-5-1;4-5-6;4-5-2;4-1-5;4-1-6;4-1-2,0,-0.04,1
4-1-3,1,1,2026-06-27,S,4,1,1.9604,0.9901,600,まくり,4カドまくり,2780,0.801,0,202606271708,1-2-6-5-3,0,1,82.0204,0,4-1-2;4-1-6;4-1-5;4-2-1;4-2-6;4-2-5,0,-0.04,4
4-3-2,0,0,2026-06-27,B,4,1,1.7525,0.9381,0,差し,4カドまくり,9960,0.517,0,202606271803,3-2-1-5-6,0,0,53.4125,1,4-3-2;4-3-1;4-3-5;4-2-3;4-2-1;4-2-5,0,-0.04,4
2-3-1,1,0,2026-06-27,A,4,0,-1.6733,0.0817,600,抜き,4カドまくり,1630,0.678,0,202606271809,6-2-1-5-3,0,0,64.9367,0,4-6-2;4-6-1;4-6-5;4-2-6;4-2-1;4-2-5,-0.5,-1.19,2
1-2-4,1,0,2026-06-27,A,4,0,-0.8416,0.2896,600,逃げ,4カドまくり,940,0.58875,0,202606271810,6-1-2-3-5,0,0,57.9934,0,4-6-1;4-6-2;4-6-3;4-1-6;4-1-2;4-1-3,0,-0.04,1
1-4-2,0,0,2026-06-27,B,4,0,1.6436,0.9109,0,逃げ,4カドまくり,550,0.471,0,202606272102,1-6-2-3-5,0,0,48.7036,0,4-1-6;4-1-2;4-1-3;4-6-1;4-6-2;4-6-3,0,-0.04,1
3-1-4,0,0,2026-06-27,B,4,0,-1.802,0.0495,0,まくり,4カドまくり,9630,0.285,0,202606272311,1-2-5-3-6,0,0,25.508,0,4-1-2;4-1-5;4-1-3;4-2-1;4-2-5;4-2-3,-0.5,-1.19,3
1-2-4,1,1,2026-06-27,S,4,0,1.3267,0.8317,600,抜き,4カドまくり,1720,0.775,0,202606272405,5-3-2-1-6,0,0,78.7867,0,4-5-3;4-5-2;4-5-1;4-3-5;4-3-2;4-3-1,0,-0.04,1
3-2-6,0,0,2026-06-28,B,3,1,0.2208,0.5552,0,まくり,3まくり差し,5240,0.393,0,202606280306,5-6-2-4-1,0,0,39.4708,0,3-5-6;3-5-2;3-5-4;3-6-5;3-6-2;3-6-4,0,-0.05,3
5-1-4,0,0,2026-06-28,B,3,0,-0.7136,0.3216,0,まくり,3まくり差し,12300,0.437,0,202606280311,5-6-1-2-4,0,0,42.9364,0,3-5-6;3-5-1;3-5-2;3-6-5;3-6-1;3-6-2,0,-0.05,5
6-4-1,1,1,2026-06-28,S,3,0,0.144,0.536,600,差し,3まくり差し,38100,0.737,1,202606280506,6-4-2-5-1,0,0,73.614,0,3-6-4;3-6-2;3-6-5;3-4-6;3-4-2;3-4-5,-0.5,-0.23,6
1-3-4,1,1,2026-06-28,S,3,0,1.7248,0.9312,600,逃げ,3まくり差し,1310,0.729,1,202606280707,1-6-2-5-4,0,0,74.3948,0,3-1-6;3-1-2;3-1-5;3-6-1;3-6-2;3-6-5,-0.5,-0.23,1
1-3-2,0,0,2026-06-28,B,3,0,-1.936,0.016,0,逃げ,3まくり差し,400,0.317,0,202606280908,1-2-6-4-5,0,0,29.534,0,3-1-2;3-1-6;3-1-4;3-2-1;3-2-6;3-2-4,-0.5,-0.23,1
6-3-4,1,1,2026-06-28,S,3,0,1.835,0.9587,600,抜き,3まくり,501250,0.695,1,202606281209,4-1-2-5-6,0,0,71.285,0,3-4-1;3-4-2;3-4-5;3-1-4;3-1-2;3-1-5,-0.5,-0.05,6
1-3-6,1,1,2026-06-28,S,3,0,1.1068,0.7767,600,逃げ,3まくり,900,0.707,1,202606281301,6-1-2-5-4,0,0,71.5968,0,3-6-1;3-6-2;3-6-5;3-1-6;3-1-2;3-1-5,0,-0.21,1
1-3-6,1,0,2026-06-28,A,3,0,2.0,1.0,600,逃げ,3まくり,1120,0.651,1,202606281302,6-5-4-1-2,0,0,66.89,0,3-6-5;3-6-4;3-6-1;3-5-6;3-5-4;3-5-1,0,-0.21,1
2-1-3,1,1,2026-06-28,S,3,0,0.7456,0.6864,600,抜き,3まくり差し,2180,0.739,1,202606281303,4-1-2-6-5,0,0,74.5956,0,3-4-1;3-4-2;3-4-6;3-1-4;3-1-2;3-1-6,0,-0.05,2
5-3-6,1,0,2026-06-28,A,3,0,-1.5922,0.1019,600,まくり差し,3まくり,75790,0.578,1,202606281305,2-4-5-1-6,0,0,55.9978,0,3-2-4;3-2-5;3-2-1;3-4-2;3-4-5;3-4-1,0,-0.21,5
4-3-1,1,0,2026-06-28,A,3,0,1.9296,0.9824,600,まくり差し,3まくり差し,14740,0.605,1,202606281708,1-6-4-5-2,0,0,62.3796,0,3-1-6;3-1-4;3-1-5;3-6-1;3-6-4;3-6-5,0,-0.05,4
3-4-1,0,0,2026-06-28,B,3,1,0.2233,0.5558,0,抜き,3まくり,2110,0.53967,0,202606282011,1-6-4-2-5,0,0,53.98,0,3-1-6;3-1-4;3-1-2;3-6-1;3-6-4;3-6-2,0,-0.21,3
,0,0,2026-06-28,B,3,0,0.144,0.536,0,,3まくり差し,0,0.205,0,202606282012,6-1-5-2-4,0,0,20.594,0,3-6-1;3-6-5;3-6-2;3-1-6;3-1-5;3-1-2,0,-0.05,0
1-4-3,1,0,2026-06-28,A,3,0,-1.5328,0.1168,600,逃げ,3まくり差し,3170,0.629,1,202606282103,5-4-2-6-1,0,0,61.3172,0,3-5-4;3-5-2;3-5-6;3-4-5;3-4-2;3-4-6,0,-0.05,1
1-3-2,0,0,2026-06-28,B,3,0,1.3689,0.8422,0,逃げ,3まくり,900,0.27167,0,202606282106,6-5-1-2-4,0,0,28.3256,0,3-6-5;3-6-1;3-6-2;3-5-6;3-5-1;3-5-2,0,-0.21,1
1-2-4,1,0,2026-06-28,A,3,0,-1.9232,0.0192,600,逃げ,3まくり差し,850,0.597,1,202606282112,1-4-5-6-2,0,0,57.5468,0,3-1-4;3-1-5;3-1-6;3-4-1;3-4-5;3-4-6,-0.5,-0.23,1
1-3-2,1,0,2026-06-28,A,3,0,-1.3495,0.1626,600,逃げ,3まくり,990,0.58167,1,202606282401,1-6-4-5-2,0,0,56.6072,0,3-1-6;3-1-4;3-1-5;3-6-1;3-6-4;3-6-5,0,-0.21,1
1-2-3,1,0,2026-06-28,A,3,0,-0.9824,0.2544,600,逃げ,3まくり差し,1230,0.657,1,202606282406,6-1-4-2-5,0,0,64.6676,0,3-6-1;3-6-4;3-6-2;3-1-6;3-1-4;3-1-2,0,-0.05,1
3-6-4,1,1,2026-06-28,S,3,1,1.3344,0.8336,600,差し,3まくり差し,1800,0.741,1,202606280101,6-4-2-1-5,1800,0,75.3844,1,3-6-4;3-6-2;3-6-1;3-4-6;3-4-2;3-4-1,0,-0.05,3
1-3-2,1,1,2026-06-28,S,3,0,-1.328,0.168,600,逃げ,3まくり差し,980,0.865,1,202606280107,1-6-5-4-2,0,0,84.942,0,3-1-6;3-1-5;3-1-4;3-6-1;3-6-5;3-6-4,-0.5,-0.23,1
2-4-6,0,0,2026-06-28,B,3,0,0.144,0.536,0,まくり,3まくり差し,6200,0.473,0,202606280503,2-4-6-5-1,0,0,47.394,0,3-2-4;3-2-6;3-2-5;3-4-2;3-4-6;3-4-5,0,-0.05,2
3-1-5,0,0,2026-06-28,B,3,1,0.144,0.536,0,まくり,3まくり差し,3640,0.409,0,202606280712,5-1-2-6-4,0,0,40.814,1,3-5-1;3-5-2;3-5-6;3-1-5;3-1-2;3-1-6,-0.5,-0.23,3
3-2-4,0,0,2026-06-28,B,3,1,0.144,0.536,0,差し,3まくり差し,7950,0.399,0,202606281010,5-6-4-2-1,0,0,39.814,0,3-5-6;3-5-4;3-5-2;3-6-5;3-6-4;3-6-2,-0.5,-0.23,3
1-3-4,0,0,2026-06-28,B,3,0,1.5968,0.8992,0,逃げ,3まくり差し,1250,0.411,0,202606281403,5-2-4-1-6,0,0,42.6468,0,3-5-2;3-5-4;3-5-1;3-2-5;3-2-4;3-2-1,0,-0.05,1
1-2-5,1,0,2026-06-28,A,3,0,1.296,0.824,600,逃げ,3まくり差し,1530,0.653,1,202606281404,6-1-4-2-5,0,0,66.546,0,3-6-1;3-6-4;3-6-2;3-1-6;3-1-4;3-1-2,0,-0.05,1
1-6-5,1,0,2026-06-28,A,3,0,1.488,0.872,600,逃げ,3まくり差し,5840,0.585,1,202606281811,1-6-2-5-4,0,0,59.758,0,3-1-6;3-1-2;3-1-5;3-6-1;3-6-2;3-6-5,-0.5,-0.23,1
1-5-2,1,0,2026-06-28,A,4,0,0.5877,0.6469,600,逃げ,4カドまくり,6570,0.597,0,202606280102,5-3-2-1-6,0,0,59.0977,0,4-5-3;4-5-2;4-5-1;4-3-5;4-3-2;4-3-1,-0.5,-1.19,1
1-2-4,1,1,2026-06-28,S,4,0,-1.4692,0.1327,600,逃げ,4カドまくり,890,0.803,0,202606280111,1-2-5-6-3,0,0,77.6408,0,4-1-2;4-1-5;4-1-6;4-2-1;4-2-5;4-2-6,-0.5,-1.19,1
2-4-5,1,0,2026-06-28,A,4,0,1.6209,0.9052,600,まくり,4カドまくり,6930,0.603,0,202606280205,1-2-3-6-5,0,0,61.8809,0,4-1-2;4-1-3;4-1-6;4-2-1;4-2-3;4-2-6,0,-0.04,2
3-4-1,1,0,2026-06-28,A,4,0,0.7962,0.6991,600,まくり,4カドまくり,8830,0.554,0,202606280309,2-1-3-6-5,0,0,56.1562,0,4-2-1;4-2-3;4-2-6;4-1-2;4-1-3;4-1-6,0,-0.04,3
3-1-2,0,0,2026-06-28,B,4,0,0.5877,0.6469,0,まくり差し,4カドまくり,6880,0.49,0,202606280310,5-3-1-6-2,0,0,52.5877,0,4-5-3;4-5-1;4-5-6;4-3-5;4-3-1;4-3-6,0.5,3.0,3
3-4-5,0,0,2026-06-28,B,4,0,0.0758,0.519,0,まくり,4カドまくり,8550,0.322,0,202606280312,1-3-6-2-5,0,0,32.2358,0,4-1-3;4-1-6;4-1-2;4-3-1;4-3-6;4-3-2,0,-0.04,3
1-3-6,0,0,2026-06-28,B,4,0,-0.9384,0.2654,0,逃げ,4カドまくり,3500,0.195,0,202606280405,1-6-3-5-2,0,0,18.5216,0,4-1-6;4-1-3;4-1-5;4-6-1;4-6-3;4-6-5,0,-0.04,1
1-2-6,1,0,2026-06-28,A,4,0,0.0569,0.5142,600,逃げ,4カドまくり,1420,0.667,0,202606280509,6-2-5-1-3,0,0,65.5669,0,4-6-2;4-6-5;4-6-1;4-2-6;4-2-5;4-2-1,-0.5,-1.19,1
1-4-2,0,0,2026-06-28,B,4,0,0.9573,0.7393,0,逃げ,4カドまくり,560,0.329,0,202606280706,1-2-6-3-5,0,0,33.8173,0,4-1-2;4-1-6;4-1-3;4-2-1;4-2-6;4-2-3,0,-0.04,1
1-4-2,1,1,2026-06-28,S,4,0,0.6919,0.673,600,逃げ,4カドまくり,2400,0.721,0,202606280903,5-3-2-6-1,0,0,72.7519,0,4-5-3;4-5-2;4-5-6;4-3-5;4-3-2;4-3-6,0,-0.04,1
4-1-5,1,1,2026-06-28,S,4,1,1.4882,0.872,600,まくり,4カドまくり,1380,0.879,0,202606280906,1-2-5-6-3,1380,1,89.3482,1,4-1-2;4-1-5;4-1-6;4-2-1;4-2-5;4-2-6,0,-0.04,4
1-5-2,0,0,2026-06-28,B,4,0,-1.9905,0.0024,0,逃げ,4カドまくり,2620,0.557,0,202606280912,1-2-3-6-5,0,0,53.6695,0,4-1-2;4-1-3;4-1-6;4-2-1;4-2-3;4-2-6,0,-0.04,1
2-4-1,1,0,2026-06-28,A,4,0,0.0569,0.5142,600,差し,4カドまくり,9220,0.605,0,202606281008,5-6-1-3-2,0,0,60.5169,0,4-5-6;4-5-1;4-5-3;4-6-5;4-6-1;4-6-3,0,-0.04,2
1-4-6,1,0,2026-06-28,A,4,0,-1.8673,0.0332,600,逃げ,4カドまくり,1100,0.655,0,202606281207,6-5-1-3-2,0,0,62.4427,0,4-6-5;4-6-1;4-6-3;4-5-6;4-5-1;4-5-3,-0.5,-1.19,1
1-4-3,1,1,2026-06-28,S,4,0,0.8626,0.7156,600,逃げ,4カドまくり,780,0.682,0,202606281306,1-3-2-5-6,0,0,69.0226,0,4-1-3;4-1-2;4-1-5;4-3-1;4-3-2;4-3-5,0,-0.04,1
1-2-4,1,1,2026-06-28,S,4,0,0.7867,0.6967,600,逃げ,4カドまくり,1580,0.723,0,202606281311,6-5-1-2-3,0,0,73.0467,0,4-6-5;4-6-1;4-6-2;4-5-6;4-5-1;4-5-2,0,-0.04,1
1-5-4,0,0,2026-06-28,B,4,0,-1.7441,0.064,0,逃げ,4カドまくり,4110,0.263,0,202606281406,6-3-2-1-5,0,0,24.5159,0,4-6-3;4-6-2;4-6-1;4-3-6;4-3-2;4-3-1,0,-0.04,1
3-5-1,0,0,2026-06-28,B,4,0,1.6209,0.9052,0,まくり差し,4カドまくり,15820,0.499,0,202606281409,2-6-5-1-3,0,0,51.4809,0,4-2-6;4-2-5;4-2-1;4-6-2;4-6-5;4-6-1,0,-0.04,3
1-4-5,0,0,2026-06-28,B,4,0,0.891,0.7227,0,逃げ,4カドまくり,1810,0.461,0,202606281802,1-2-5-6-3,0,0,45.801,0,4-1-2;4-1-5;4-1-6;4-2-1;4-2-5;4-2-6,-0.5,-1.19,1
4-2-1,1,0,2026-06-28,A,4,1,0.0569,0.5142,600,まくり,4カドまくり,3230,0.607,0,202606282005,1-2-3-5-6,3230,1,59.5669,1,4-1-2;4-1-3;4-1-5;4-2-1;4-2-3;4-2-5,-0.5,-1.19,4
1-4-2,1,0,2026-06-28,A,4,0,1.782,0.9455,600,逃げ,4カドまくり,460,0.595,0,202606282407,1-5-2-3-6,0,0,61.242,0,4-1-5;4-1-2;4-1-3;4-5-1;4-5-2;4-5-3,0,-0.04,1
4-1-6,0,0,2026-06-29,B,3,0,-0.6698,0.3326,0,差し,3まくり,9840,0.35833,0,202606290209,1-6-5-4-2,0,0,35.1136,0,3-1-6;3-1-5;3-1-4;3-6-1;3-6-5;3-6-4,-0.5,-0.05,4
1-2-6,1,1,2026-06-29,S,3,0,0.214,0.5535,600,逃げ,3まくり,7380,0.69567,1,202606290804,5-6-1-2-4,0,0,69.7306,0,3-5-6;3-5-1;3-5-2;3-6-5;3-6-1;3-6-2,-0.5,-0.05,1
1-3-4,1,1,2026-06-29,S,3,0,-1.0353,0.2412,600,逃げ,3まくり差し,520,0.683,1,202606291003,1-4-2-5-6,0,0,67.0347,0,3-1-4;3-1-2;3-1-5;3-4-1;3-4-2;3-4-5,-0.5,-0.23,1
4-1-5,1,1,2026-06-29,S,3,0,0.586,0.6465,600,抜き,3まくり,18360,0.80633,1,202606291009,4-5-6-2-1,0,0,81.1694,0,3-4-5;3-4-6;3-4-2;3-5-4;3-5-6;3-5-2,-0.5,-0.05,4
1-5-3,1,0,2026-06-29,A,3,0,0.4516,0.6129,600,逃げ,3まくり差し,1830,0.579,1,202606291711,1-6-5-2-4,0,0,58.3016,0,3-1-6;3-1-5;3-1-2;3-6-1;3-6-5;3-6-2,0,-0.05,1
1-3-2,0,0,2026-06-29,B,3,0,0.8744,0.7186,0,逃げ,3まくり,1450,0.42633,0,202606291712,5-1-4-6-2,0,0,43.2978,0,3-5-1;3-5-4;3-5-6;3-1-5;3-1-4;3-1-6,0,-0.21,1
1-3-2,1,0,2026-06-29,A,3,0,-1.5576,0.1106,600,逃げ,3まくり差し,950,0.599,1,202606292009,4-1-2-5-6,0,0,58.2924,0,3-4-1;3-4-2;3-4-5;3-1-4;3-1-2;3-1-5,0,-0.05,1
1-3-5,1,0,2026-06-29,A,3,0,1.5814,0.8953,600,逃げ,3まくり,540,0.54967,1,202606292103,6-5-1-4-2,0,0,56.3381,0,3-6-5;3-6-1;3-6-4;3-5-6;3-5-1;3-5-4,0,-0.21,1
3-4-2,0,0,2026-06-29,B,3,1,1.7767,0.9442,0,まくり,3まくり,9110,0.43967,0,202606292405,6-1-2-5-4,0,1,45.8434,0,3-6-1;3-6-2;3-6-5;3-1-6;3-1-2;3-1-5,0.5,0.1,3
1-3-4,1,0,2026-06-29,A,3,0,1.0968,0.7742,600,逃げ,3まくり差し,1520,0.583,1,202606290211,5-4-1-2-6,0,0,59.3468,0,3-5-4;3-5-1;3-5-2;3-4-5;3-4-1;3-4-2,0,-0.05,1
4-1-5,0,0,2026-06-29,B,3,0,0.5991,0.6498,0,抜き,3まくり差し,8110,0.515,0,202606290310,6-2-5-4-1,0,0,53.4391,0,3-6-2;3-6-5;3-6-4;3-2-6;3-2-5;3-2-4,0.5,1.34,4
1-4-5,0,0,2026-06-29,B,3,0,0.1382,0.5346,0,抜き,3まくり差し,3350,0.369,0,202606290802,5-1-2-4-6,0,0,36.9882,0,3-5-1;3-5-2;3-5-4;3-1-5;3-1-2;3-1-4,0,-0.05,1
3-2-5,1,0,2026-06-29,A,3,1,0.1382,0.5346,600,まくり差し,3まくり差し,1160,0.663,1,202606290809,5-2-4-1-6,1160,1,66.3882,1,3-5-2;3-5-4;3-5-1;3-2-5;3-2-4;3-2-1,0,-0.05,3
1-2-6,0,0,2026-06-29,B,3,0,-0.9985,0.2504,0,逃げ,3まくり差し,3500,0.395,0,202606290912,1-2-4-5-6,0,0,38.4515,0,3-1-2;3-1-4;3-1-5;3-2-1;3-2-4;3-2-5,0,-0.05,1
1-3-2,0,0,2026-06-29,B,3,0,0.1382,0.5346,0,逃げ,3まくり差し,1810,0.439,0,202606291110,4-6-1-5-2,0,0,43.9882,0,3-4-6;3-4-1;3-4-5;3-6-4;3-6-1;3-6-5,0,-0.05,1
1-2-3,0,0,2026-06-29,B,3,0,0.2243,0.5561,0,逃げ,3まくり差し,1450,0.401,0,202606291203,5-2-1-6-4,0,0,40.0943,0,3-5-2;3-5-1;3-5-6;3-2-5;3-2-1;3-2-6,-0.5,-0.23,1
1-2-4,0,0,2026-06-29,B,3,0,-1.576,0.106,0,逃げ,3まくり差し,1140,0.281,0,202606291312,2-1-5-6-4,0,0,26.474,0,3-2-1;3-2-5;3-2-6;3-1-2;3-1-5;3-1-6,0,-0.05,1
1-2-3,1,0,2026-06-29,A,3,0,1.1951,0.7988,600,逃げ,3まくり差し,560,0.657,1,202606292112,1-2-5-4-6,0,0,66.8451,0,3-1-2;3-1-5;3-1-4;3-2-1;3-2-5;3-2-4,0,-0.05,1
1-2-3,0,0,2026-06-29,B,3,0,1.0108,0.7527,0,逃げ,3まくり差し,720,0.468,0,202606292408,2-4-5-6-1,0,0,47.7608,0,3-2-4;3-2-5;3-2-6;3-4-2;3-4-5;3-4-6,0,-0.05,1
1-2-4,1,0,2026-06-29,A,4,0,0.5102,0.6275,600,逃げ,4カドまくり,870,0.595,0,202606290112,1-6-5-3-2,0,0,59.9702,0,4-1-6;4-1-5;4-1-3;4-6-1;4-6-5;4-6-3,0,-0.04,1
2-4-5,1,0,2026-06-29,A,4,0,-0.8172,0.2957,600,まくり,4カドまくり,1760,0.655,0,202606290202,6-2-5-3-1,0,0,63.4928,0,4-6-2;4-6-5;4-6-3;4-2-6;4-2-5;4-2-3,-0.5,-1.19,2
1-5-2,0,0,2026-06-29,B,4,0,-1.4763,0.1309,0,逃げ,4カドまくり,2100,0.255,0,202606290205,5-1-2-3-6,0,0,22.8337,0,4-5-1;4-5-2;4-5-3;4-1-5;4-1-2;4-1-3,-0.5,-1.19,1
1-2-5,0,0,2026-06-29,B,4,0,-1.5034,0.1242,0,逃げ,4カドまくり,1270,0.321,0,202606290212,5-6-1-2-3,0,0,30.5566,0,4-5-6;4-5-1;4-5-2;4-6-5;4-6-1;4-6-2,0,-0.04,1
2-1-6,0,0,2026-06-29,B,4,0,0.9436,0.7359,0,差し,4カドまくり,16070,0.326,0,202606290302,5-3-2-6-1,0,0,35.1336,0,4-5-3;4-5-2;4-5-6;4-3-5;4-3-2;4-3-6,2.0,1.59,2
1-4-2,0,0,2026-06-29,B,4,0,-0.9797,0.2551,0,逃げ,4カドまくり,2230,0.455,0,202606290505,2-1-3-6-5,0,0,44.4803,0,4-2-1;4-2-3;4-2-6;4-1-2;4-1-3;4-1-6,0,-0.04,1
5-3-6,0,0,2026-06-29,B,4,0,-1.6027,0.0993,0,まくり差し,4カドまくり,15870,0.539,0,202606290506,5-2-6-3-1,0,0,52.2573,0,4-5-2;4-5-6;4-5-3;4-2-5;4-2-6;4-2-3,0,-0.04,5
4-6-1,1,0,2026-06-29,A,4,1,0.0316,0.5079,600,まくり,4カドまくり,14890,0.617,0,202606290806,5-6-1-2-3,14890,1,60.5416,1,4-5-6;4-5-1;4-5-2;4-6-5;4-6-1;4-6-2,-0.5,-1.19,4
2-3-4,1,0,2026-06-29,A,4,0,1.9187,0.9797,600,差し,4カドまくり,12200,0.621,0,202606291011,6-1-5-3-2,0,0,63.9787,0,4-6-1;4-6-5;4-6-3;4-1-6;4-1-5;4-1-3,0,-0.04,2
1-3-4,0,0,2026-06-29,B,4,0,0.0316,0.5079,0,逃げ,4カドまくり,1900,0.411,0,202606291102,6-1-2-5-3,0,0,41.0916,0,4-6-1;4-6-2;4-6-5;4-1-6;4-1-2;4-1-5,0,-0.04,1
1-6-4,0,0,2026-06-29,B,4,0,0.0316,0.5079,0,逃げ,4カドまくり,2100,0.447,0,202606291109,6-1-2-5-3,0,0,44.6916,0,4-6-1;4-6-2;4-6-5;4-1-6;4-1-2;4-1-5,0,-0.04,1
1-3-2,1,0,2026-06-29,A,4,0,0.0316,0.5079,600,逃げ,4カドまくり,1810,0.561,0,202606291110,3-6-1-5-2,0,0,56.0916,0,4-3-6;4-3-1;4-3-5;4-6-3;4-6-1;4-6-5,0,-0.04,1
3-1-4,0,0,2026-06-29,B,4,0,0.0316,0.5079,0,まくり差し,4カドまくり,5100,0.525,0,202606291111,5-6-1-2-3,0,0,52.4916,0,4-5-6;4-5-1;4-5-2;4-6-5;4-6-1;4-6-2,0,-0.04,3
1-4-3,0,0,2026-06-29,B,4,0,-1.7201,0.07,0,逃げ,4カドまくり,1110,0.345,0,202606291306,1-2-3-5-6,0,0,32.7399,0,4-1-2;4-1-3;4-1-5;4-2-1;4-2-3;4-2-5,0,-0.04,1
2-4-1,1,1,2026-06-29,S,4,0,1.3499,0.8375,600,抜き,4カドまくり,3380,0.945,0,202606291702,3-2-5-6-1,0,0,95.8099,0,4-3-2;4-3-5;4-3-6;4-2-3;4-2-5;4-2-6,0,-0.04,2
1-5-3,0,0,2026-06-29,B,4,0,0.3476,0.5869,0,逃げ,4カドまくり,14370,0.483,0,202606291703,6-2-1-5-3,0,0,48.6076,0,4-6-2;4-6-1;4-6-5;4-2-6;4-2-1;4-2-5,0,-0.04,1
1-2-4,0,0,2026-06-29,B,4,0,-1.2325,0.1919,0,逃げ,4カドまくり,570,0.321,0,202606291705,2-6-1-5-3,0,0,30.8275,0,4-2-6;4-2-1;4-2-5;4-6-2;4-6-1;4-6-5,0,-0.04,1
1-2-6,0,0,2026-06-29,B,4,0,1.8104,0.9526,0,逃げ,4カドまくり,5190,0.345,0,202606291810,6-5-1-3-2,0,0,36.2704,0,4-6-5;4-6-1;4-6-3;4-5-6;4-5-1;4-5-3,0,-0.04,1
1-4-3,1,0,2026-06-29,A,4,0,-1.8465,0.0384,600,逃げ,4カドまくり,3950,0.609,0,202606292011,2-1-5-6-3,0,0,59.0135,0,4-2-1;4-2-5;4-2-6;4-1-2;4-1-5;4-1-6,0,-0.04,1
1-3-5,1,0,2026-06-29,A,4,0,-1.6388,0.0903,600,逃げ,4カドまくり,7460,0.579,0,202606292102,1-6-5-2-3,0,0,56.2212,0,4-1-6;4-1-5;4-1-2;4-6-1;4-6-5;4-6-2,0,-0.04,1
1-4-3,0,0,2026-06-29,B,4,0,1.079,0.7698,0,逃げ,4カドまくり,1680,0.453,0,202606292411,1-2-5-6-3,0,0,49.379,0,4-1-2;4-1-5;4-1-6;4-2-1;4-2-5;4-2-6,0.5,3.0,1
1-4-5,0,0,2026-06-30,B,3,0,0.7164,0.6791,0,逃げ,3まくり差し,3150,0.407,0,202606300102,4-1-6-5-2,0,0,41.1864,0,3-4-1;3-4-6;3-4-5;3-1-4;3-1-6;3-1-5,-0.5,-0.23,1
6-5-1,1,0,2026-06-30,A,3,0,0.2687,0.5672,600,まくり,3まくり差し,8790,0.663,1,202606300103,6-1-2-5-4,0,0,66.3387,0,3-6-1;3-6-2;3-6-5;3-1-6;3-1-2;3-1-5,-0.5,-0.23,6
2-1-6,0,0,2026-06-30,B,3,0,1.3986,0.8497,0,差し,3まくり,15500,0.48167,0,202606300205,6-5-1-2-4,0,0,49.5153,0,3-6-5;3-6-1;3-6-2;3-5-6;3-5-1;3-5-2,-0.5,-0.05,2
3-2-6,1,0,2026-06-30,A,3,1,1.2299,0.8075,600,まくり,3まくり差し,9090,0.559,1,202606300210,1-6-2-4-5,0,0,56.8999,0,3-1-6;3-1-2;3-1-4;3-6-1;3-6-2;3-6-4,-0.5,-0.23,3
1-5-3,1,0,2026-06-30,A,3,0,-1.5262,0.1185,600,逃げ,3まくり,2570,0.66167,1,202606300501,6-5-4-1-2,0,0,64.4305,0,3-6-5;3-6-4;3-6-1;3-5-6;3-5-4;3-5-1,0,-0.21,1
1-3-2,0,0,2026-06-30,B,3,0,1.0985,0.7746,0,逃げ,3まくり差し,1660,0.429,0,202606300505,5-1-2-6-4,0,0,43.7685,0,3-5-1;3-5-2;3-5-6;3-1-5;3-1-2;3-1-6,-0.5,-0.23,1
1-2-3,1,1,2026-06-30,S,3,0,1.4627,0.8657,600,逃げ,3まくり差し,590,0.751,1,202606300508,1-2-5-6-4,0,0,76.5127,0,3-1-2;3-1-5;3-1-6;3-2-1;3-2-5;3-2-6,0,-0.05,1
1-2-3,0,0,2026-06-30,B,3,0,0.1313,0.5328,0,逃げ,3まくり差し,720,0.411,0,202606300603,1-4-6-5-2,0,0,41.0013,0,3-1-4;3-1-6;3-1-5;3-4-1;3-4-6;3-4-5,-0.5,-0.23,1
1-5-2,1,0,2026-06-30,A,3,0,0.1313,0.5328,600,逃げ,3まくり差し,10280,0.601,1,202606300605,4-5-1-2-6,0,0,60.0013,0,3-4-5;3-4-1;3-4-2;3-5-4;3-5-1;3-5-2,-0.5,-0.23,1
3-1-2,0,0,2026-06-30,B,3,1,0.2141,0.5535,0,まくり差し,3まくり,4880,0.51633,0,202606300607,4-5-6-1-2,0,0,51.7975,0,3-4-5;3-4-6;3-4-1;3-5-4;3-5-6;3-5-1,-0.5,-0.05,3
1-5-2,1,1,2026-06-30,S,3,0,0.1313,0.5328,600,逃げ,3まくり差し,2360,0.679,1,202606300611,5-1-2-4-6,0,0,67.8013,0,3-5-1;3-5-2;3-5-4;3-1-5;3-1-2;3-1-4,-0.5,-0.23,1
3-1-5,0,0,2026-06-30,B,3,1,-0.8793,0.2802,0,まくり差し,3まくり,1420,0.523,0,202606300809,4-5-1-6-2,0,0,51.5207,0,3-4-5;3-4-1;3-4-6;3-5-4;3-5-1;3-5-6,0.5,0.1,3
3-2-5,1,0,2026-06-30,A,3,1,1.809,0.9522,600,まくり差し,3まくり差し,5580,0.597,1,202606301106,6-5-1-2-4,0,1,62.849,0,3-6-5;3-6-1;3-6-2;3-5-6;3-5-1;3-5-2,0.5,1.34,3
2-3-6,1,0,2026-06-30,A,3,0,0.9313,0.7328,600,まくり,3まくり差し,1960,0.597,1,202606301107,2-6-1-4-5,0,0,60.5813,0,3-2-6;3-2-1;3-2-4;3-6-2;3-6-1;3-6-4,0,-0.05,2
1-6-3,0,0,2026-06-30,B,3,0,-1.4533,0.1367,0,逃げ,3まくり,2160,0.21367,0,202606301109,6-1-5-4-2,0,0,19.7034,0,3-6-1;3-6-5;3-6-4;3-1-6;3-1-5;3-1-4,0,-0.21,1
1-5-3,0,0,2026-06-30,B,3,0,0.5075,0.6269,0,逃げ,3まくり差し,1100,0.477,0,202606301110,5-1-6-4-2,0,0,48.1575,0,3-5-1;3-5-6;3-5-4;3-1-5;3-1-6;3-1-4,0,-0.05,1
1-2-3,1,0,2026-06-30,A,3,0,0.2141,0.5535,600,逃げ,3まくり,730,0.561,1,202606301605,6-1-5-2-4,0,0,56.1041,0,3-6-1;3-6-5;3-6-2;3-1-6;3-1-5;3-1-2,0,-0.21,1
3-2-1,0,0,2026-06-30,B,3,1,0.2141,0.5535,0,まくり差し,3まくり,3800,0.505,0,202606301608,5-2-6-1-4,0,0,50.5041,1,3-5-2;3-5-6;3-5-1;3-2-5;3-2-6;3-2-1,0,-0.21,3
1-3-5,0,0,2026-06-30,B,3,0,0.1313,0.5328,0,逃げ,3まくり差し,1560,0.501,0,202606301610,4-1-5-6-2,0,0,50.1813,0,3-4-1;3-4-5;3-4-6;3-1-4;3-1-5;3-1-6,0,-0.05,1
1-4-3,0,0,2026-06-30,B,3,0,0.1313,0.5328,0,逃げ,3まくり差し,2370,0.483,0,202606301912,6-1-5-2-4,0,0,48.3813,0,3-6-1;3-6-5;3-6-2;3-1-6;3-1-5;3-1-2,0,-0.05,1
4-3-6,0,0,2026-06-30,B,3,0,0.2141,0.5535,0,恵まれ,3まくり,6700,0.42567,0,202606302303,1-5-4-6-2,0,0,42.5708,0,3-1-5;3-1-4;3-1-6;3-5-1;3-5-4;3-5-6,0,-0.21,4
3-1-2,1,0,2026-06-30,A,3,1,0.2141,0.5535,600,抜き,3まくり,880,0.59433,1,202606302308,6-4-1-2-5,0,0,59.4375,0,3-6-4;3-6-1;3-6-2;3-4-6;3-4-1;3-4-2,0,-0.21,3
5-6-3,0,0,2026-06-30,B,3,0,0.1313,0.5328,0,恵まれ,3まくり差し,18350,0.229,0,202606301612,6-5-4-1-2,0,0,22.9813,0,3-6-5;3-6-4;3-6-1;3-5-6;3-5-4;3-5-1,0,-0.05,5
2-3-1,1,1,2026-06-30,S,3,0,0.1313,0.5328,600,まくり,3まくり差し,1390,0.72,1,202606301907,2-4-1-5-6,0,0,72.0813,0,3-2-4;3-2-1;3-2-5;3-4-2;3-4-1;3-4-5,0,-0.05,2
3-4-1,1,0,2026-06-30,A,3,1,-0.6985,0.3254,600,まくり差し,3まくり差し,2110,0.635,1,202606302001,4-1-2-6-5,2110,1,62.7515,1,3-4-1;3-4-2;3-4-6;3-1-4;3-1-2;3-1-6,0,-0.05,3
,0,0,2026-06-30,B,3,0,1.6358,0.909,0,,3まくり差し,0,0.297,0,202606302012,1-2-6-4-5,0,0,31.1058,0,3-1-2;3-1-6;3-1-4;3-2-1;3-2-6;3-2-4,-0.5,-0.23,0
1-3-2,1,1,2026-06-30,S,3,0,0.8299,0.7075,600,逃げ,3まくり差し,380,0.699,1,202606302411,1-2-4-6-5,0,0,70.6799,0,3-1-2;3-1-4;3-1-6;3-2-1;3-2-4;3-2-6,0,-0.05,1
1-3-5,0,0,2026-06-30,B,4,0,-1.7328,0.0668,0,逃げ,4カドまくり,1760,0.251,0,202606300111,2-1-5-3-6,0,0,22.1772,0,4-2-1;4-2-5;4-2-3;4-1-2;4-1-5;4-1-3,-0.5,-1.19,1
3-1-4,0,0,2026-06-30,B,4,0,-1.6724,0.0819,0,まくり差し,4カドまくり,3580,0.249,0,202606300201,6-1-3-2-5,0,0,22.0376,0,4-6-1;4-6-3;4-6-2;4-1-6;4-1-3;4-1-2,-0.5,-1.19,3
1-2-4,0,0,2026-06-30,B,4,0,0.1379,0.5345,0,逃げ,4カドまくり,550,0.473,0,202606300204,2-1-3-6-5,0,0,47.3979,0,4-2-1;4-2-3;4-2-6;4-1-2;4-1-3;4-1-6,0,-0.04,1
5-2-1,0,0,2026-06-30,B,4,0,-1.25,0.1875,0,まくり差し,4カドまくり,7990,0.513,0,202606300507,5-2-1-3-6,0,0,50.01,0,4-5-2;4-5-1;4-5-3;4-2-5;4-2-1;4-2-3,0,-0.04,5
4-5-6,1,1,2026-06-30,S,4,1,0.0603,0.5151,600,まくり,4カドまくり,1430,0.935,0,202606300608,5-1-2-6-3,1430,1,93.5203,1,4-5-1;4-5-2;4-5-6;4-1-5;4-1-2;4-1-6,0,-0.04,4
6-4-2,1,1,2026-06-30,S,4,0,1.9397,0.9849,600,まくり差し,4カドまくり,181160,0.835,0,202606300811,5-1-2-6-3,0,0,85.3997,0,4-5-1;4-5-2;4-5-6;4-1-5;4-1-2;4-1-6,0,-0.04,6
4-6-1,0,0,2026-06-30,B,4,1,-1.4914,0.1272,0,まくり差し,4カドまくり,1360,0.549,0,202606301102,6-1-3-2-5,0,0,53.3686,1,4-6-1;4-6-3;4-6-2;4-1-6;4-1-3;4-1-2,0,-0.04,4
4-5-3,0,0,2026-06-30,B,4,1,0.3103,0.5776,0,まくり,4カドまくり,3100,0.447,0,202606301108,5-1-6-3-2,0,1,44.9703,1,4-5-1;4-5-6;4-5-3;4-1-5;4-1-6;4-1-3,0,-0.04,4
1-2-5,0,0,2026-06-30,B,4,0,0.0603,0.5151,0,逃げ,4カドまくり,1150,0.405,0,202606301602,5-2-6-3-1,0,0,39.3703,0,4-5-2;4-5-6;4-5-3;4-2-5;4-2-6;4-2-3,-0.5,-1.19,1
1-3-2,0,0,2026-06-30,B,4,0,0.0603,0.5151,0,逃げ,4カドまくり,760,0.519,0,202606301603,3-2-6-5-1,0,0,50.7703,0,4-3-2;4-3-6;4-3-5;4-2-3;4-2-6;4-2-5,-0.5,-1.19,1
1-4-2,1,0,2026-06-30,A,4,0,0.681,0.6703,600,逃げ,4カドまくり,750,0.561,0,202606301710,2-1-5-6-3,0,0,56.741,0,4-2-1;4-2-5;4-2-6;4-1-2;4-1-5;4-1-6,0,-0.04,1
2-3-5,0,0,2026-06-30,B,4,0,0.0603,0.5151,0,差し,4カドまくり,13550,0.345,0,202606302305,3-2-1-5-6,0,0,34.5203,0,4-3-2;4-3-1;4-3-5;4-2-3;4-2-1;4-2-5,0,-0.04,2
1-4-3,0,0,2026-06-30,B,4,0,-1.5948,0.1013,0,逃げ,4カドまくり,2320,0.531,0,202606302404,5-6-3-1-2,0,0,51.4652,0,4-5-6;4-5-3;4-5-1;4-6-5;4-6-3;4-6-1,0,-0.04,1
4-3-5,0,0,2026-07-01,B,3,0,-0.8063,0.2984,0,まくり,3まくり差し,11530,0.523,0,202607010212,4-5-2-1-6,0,0,51.2637,0,3-4-5;3-4-2;3-4-1;3-5-4;3-5-2;3-5-1,-0.5,-0.23,4
1-5-3,0,0,2026-07-01,B,3,0,-1.8565,0.0359,0,逃げ,3まくり差し,2650,0.437,0,202607010509,1-2-5-6-4,0,0,41.7935,0,3-1-2;3-1-5;3-1-6;3-2-1;3-2-5;3-2-6,0,-0.05,1
3-1-4,0,0,2026-07-01,B,3,1,-0.7317,0.3171,0,まくり差し,3まくり差し,1200,0.511,0,202607010602,4-6-2-5-1,0,1,50.3183,0,3-4-6;3-4-2;3-4-5;3-6-4;3-6-2;3-6-5,0,-0.05,3
3-1-2,1,1,2026-07-01,S,3,1,1.7934,0.9484,600,まくり差し,3まくり差し,1880,0.873,1,202607010611,5-1-6-2-4,1880,1,89.0434,1,3-5-1;3-5-6;3-5-2;3-1-5;3-1-6;3-1-2,0,-0.05,3
1-3-2,0,0,2026-07-01,B,3,0,0.1406,0.5352,0,逃げ,3まくり差し,1040,0.409,0,202607010702,5-1-2-6-4,0,0,40.8106,0,3-5-1;3-5-2;3-5-6;3-1-5;3-1-2;3-1-6,-0.5,-0.23,1
5-3-1,0,0,2026-07-01,B,3,0,0.1406,0.5352,0,まくり差し,3まくり差し,2860,0.501,0,202607010706,5-1-2-6-4,0,0,50.0106,0,3-5-1;3-5-2;3-5-6;3-1-5;3-1-2;3-1-6,-0.5,-0.23,5
1-6-4,0,0,2026-07-01,B,3,0,0.5481,0.637,0,逃げ,3まくり差し,3370,0.509,0,202607010803,6-4-5-1-2,0,0,51.3981,0,3-6-4;3-6-5;3-6-1;3-4-6;3-4-5;3-4-1,0,-0.05,1
3-6-2,1,0,2026-07-01,A,3,1,-1.1844,0.2039,600,まくり,3まくり,2610,0.62833,1,202607010807,6-4-5-2-1,2610,1,61.439,1,3-6-4;3-6-5;3-6-2;3-4-6;3-4-5;3-4-2,0,-0.21,3
1-4-2,1,0,2026-07-01,A,3,0,1.2104,0.8026,600,逃げ,3まくり,4480,0.65033,1,202607010810,1-4-5-2-6,0,0,66.1937,0,3-1-4;3-1-5;3-1-2;3-4-1;3-4-5;3-4-2,-0.5,-0.05,1
1-2-5,0,0,2026-07-01,B,3,0,-1.0716,0.2321,0,抜き,3まくり,1330,0.549,0,202607011104,1-5-6-2-4,0,0,53.9284,0,3-1-5;3-1-6;3-1-2;3-5-1;3-5-6;3-5-2,0.5,0.1,1
1-2-5,0,0,2026-07-01,B,3,0,1.0129,0.7532,0,逃げ,3まくり差し,1100,0.507,0,202607011609,1-4-6-2-5,0,0,51.4829,0,3-1-4;3-1-6;3-1-2;3-4-1;3-4-6;3-4-2,-0.5,-0.23,1
4-6-1,1,1,2026-07-01,S,3,0,0.2473,0.5618,600,差し,3まくり,15110,0.707,1,202607012002,6-1-4-5-2,0,0,70.7373,0,3-6-1;3-6-4;3-6-5;3-1-6;3-1-4;3-1-5,0,-0.21,4
1-3-2,1,0,2026-07-01,A,3,0,1.2482,0.8121,600,逃げ,3まくり差し,890,0.621,1,202607012011,1-6-4-5-2,0,0,63.2982,0,3-1-6;3-1-4;3-1-5;3-6-1;3-6-4;3-6-5,0,-0.05,1
1-2-3,0,0,2026-07-01,B,3,0,0.1406,0.5352,0,逃げ,3まくり差し,780,0.319,0,202607012212,2-5-4-1-6,0,0,31.9906,0,3-2-5;3-2-4;3-2-1;3-5-2;3-5-4;3-5-1,0,-0.05,1
1-3-5,1,1,2026-07-01,S,3,0,1.495,0.8737,600,逃げ,3まくり差し,3070,0.829,1,202607012302,1-2-6-4-5,0,0,84.345,0,3-1-2;3-1-6;3-1-4;3-2-1;3-2-6;3-2-4,0,-0.05,1
1-3-2,0,0,2026-07-01,B,3,0,0.6399,0.66,0,逃げ,3まくり差し,890,0.421,0,202607012306,2-4-1-6-5,0,0,42.6899,0,3-2-4;3-2-1;3-2-6;3-4-2;3-4-1;3-4-6,0,-0.05,1
5-2-3,1,0,2026-07-01,A,3,0,1.0072,0.7518,600,まくり差し,3まくり差し,31230,0.623,1,202607010203,5-6-4-1-2,0,0,63.0772,0,3-5-6;3-5-4;3-5-1;3-6-5;3-6-4;3-6-1,-0.5,-0.23,5
1-2-3,0,0,2026-07-01,B,3,0,-1.1392,0.2152,0,逃げ,3まくり差し,1630,0.457,0,202607010501,4-5-2-1-6,0,0,44.5108,0,3-4-5;3-4-2;3-4-1;3-5-4;3-5-2;3-5-1,0,-0.05,1
1-3-6,0,0,2026-07-01,B,3,0,-0.8465,0.2884,0,逃げ,3まくり差し,360,0.345,0,202607010610,6-1-5-4-2,0,0,33.6035,0,3-6-1;3-6-5;3-6-4;3-1-6;3-1-5;3-1-4,0,-0.05,1
1-3-2,1,1,2026-07-01,S,3,0,-1.5352,0.1162,600,逃げ,3まくり差し,860,0.737,1,202607011003,1-5-2-4-6,0,0,71.9348,0,3-1-5;3-1-2;3-1-4;3-5-1;3-5-2;3-5-4,-0.5,-0.23,1
1-2-3,0,0,2026-07-01,B,3,0,0.9613,0.7403,0,逃げ,3まくり差し,2620,0.483,0,202607011107,5-1-4-6-2,0,0,49.0313,0,3-5-1;3-5-4;3-5-6;3-1-5;3-1-4;3-1-6,-0.5,-0.23,1
1-4-2,0,0,2026-07-01,B,3,0,-1.2654,0.1836,0,逃げ,3まくり差し,2600,0.275,0,202607011110,1-2-4-5-6,0,0,26.1846,0,3-1-2;3-1-4;3-1-5;3-2-1;3-2-4;3-2-5,0,-0.05,1
4-1-6,0,0,2026-07-01,B,3,0,-1.5868,0.1033,0,まくり差し,3まくり差し,4030,0.465,0,202607011602,6-4-2-1-5,0,0,44.8632,0,3-6-4;3-6-2;3-6-1;3-4-6;3-4-2;3-4-1,0,-0.05,4
5-1-2,1,0,2026-07-01,A,3,0,1.2253,0.8063,600,まくり差し,3まくり差し,12290,0.601,1,202607011603,4-5-2-6-1,0,0,61.0953,0,3-4-5;3-4-2;3-4-6;3-5-4;3-5-2;3-5-6,-0.5,-0.23,5
3-1-4,0,0,2026-07-01,B,3,1,-0.8063,0.2984,0,差し,3まくり差し,3640,0.509,0,202607011608,6-2-1-4-5,0,0,50.0437,0,3-6-2;3-6-1;3-6-4;3-2-6;3-2-1;3-2-4,0,-0.05,3
1-2-3,0,0,2026-07-01,B,3,0,0.4275,0.6069,0,逃げ,3まくり差し,610,0.453,0,202607011711,6-2-4-5-1,0,0,45.6775,0,3-6-2;3-6-4;3-6-5;3-2-6;3-2-4;3-2-5,0,-0.05,1
1-3-5,1,1,2026-07-01,S,3,0,0.1406,0.5352,600,逃げ,3まくり差し,1670,0.835,1,202607012203,2-1-5-6-4,0,0,83.5906,0,3-2-1;3-2-5;3-2-6;3-1-2;3-1-5;3-1-6,0,-0.05,1
3-1-2,1,1,2026-07-01,S,3,1,-1.4376,0.1406,600,まくり差し,3まくり差し,2040,0.74,1,202607012402,1-5-4-2-6,2040,1,73.9024,1,3-1-5;3-1-4;3-1-2;3-5-1;3-5-4;3-5-2,0.5,1.34,3
1-2-3,1,0,2026-07-01,A,3,0,0.4161,0.604,600,逃げ,3まくり差し,630,0.556,1,202607012410,4-1-5-2-6,0,0,57.3561,0,3-4-1;3-4-5;3-4-2;3-1-4;3-1-5;3-1-2,0.5,1.34,1
2-5-3,0,0,2026-07-01,B,4,0,-1.673,0.0818,0,まくり,4カドまくり,49970,0.507,0,202607010206,5-6-2-1-3,0,0,47.837,0,4-5-6;4-5-2;4-5-1;4-6-5;4-6-2;4-6-1,-0.5,-1.19,2
1-2-5,0,0,2026-07-01,B,4,0,-1.3795,0.1551,0,逃げ,4カドまくり,1520,0.395,0,202607010511,2-1-5-3-6,0,0,36.9305,0,4-2-1;4-2-5;4-2-3;4-1-2;4-1-5;4-1-3,-0.5,-1.19,1
1-4-2,1,0,2026-07-01,A,4,0,1.6981,0.9245,600,逃げ,4カドまくり,1470,0.631,0,202607010605,5-6-2-1-3,0,0,64.7581,0,4-5-6;4-5-2;4-5-1;4-6-5;4-6-2;4-6-1,0,-0.04,1
3-5-4,1,1,2026-07-01,S,4,0,1.4717,0.8679,600,まくり,4カドまくり,31000,0.965,0,202607010608,5-6-3-2-1,0,0,97.9317,0,4-5-6;4-5-3;4-5-2;4-6-5;4-6-3;4-6-2,0,-0.04,3
1-2-5,0,0,2026-07-01,B,4,0,0.0797,0.5199,0,逃げ,4カドまくり,1760,0.275,0,202607010708,1-2-3-5-6,0,0,27.5397,0,4-1-2;4-1-3;4-1-5;4-2-1;4-2-3;4-2-5,0,-0.04,1
1-4-6,0,0,2026-07-01,B,4,0,0.0797,0.5199,0,逃げ,4カドまくり,490,0.499,0,202607010709,1-5-6-3-2,0,0,48.7897,0,4-1-5;4-1-6;4-1-3;4-5-1;4-5-6;4-5-3,-0.5,-1.19,1
3-1-6,0,0,2026-07-01,B,4,0,0.0797,0.5199,0,まくり,4カドまくり,16440,0.513,0,202607010712,5-1-2-3-6,0,0,51.3397,0,4-5-1;4-5-2;4-5-3;4-1-5;4-1-2;4-1-3,0,-0.04,3
1-2-4,1,0,2026-07-01,A,4,0,1.1111,0.7778,600,逃げ,4カドまくり,910,0.611,0,202607010804,5-1-6-2-3,0,0,65.2111,0,4-5-1;4-5-6;4-5-2;4-1-5;4-1-6;4-1-2,0.5,3.0,1
1-6-4,0,0,2026-07-01,B,4,0,-1.2285,0.1929,0,逃げ,4カドまくり,1780,0.501,0,202607010806,6-1-2-5-3,0,0,48.8315,0,4-6-1;4-6-2;4-6-5;4-1-6;4-1-2;4-1-5,0,-0.04,1
1-4-2,1,1,2026-07-01,S,4,0,-1.4465,0.1384,600,逃げ,4カドまくり,1510,0.763,0,202607010811,1-6-5-3-2,0,0,74.8135,0,4-1-6;4-1-5;4-1-3;4-6-1;4-6-5;4-6-3,0,-0.04,1
1-5-4,1,0,2026-07-01,A,4,0,1.153,0.7883,600,逃げ,4カドまくり,1460,0.605,0,202607011006,5-3-1-2-6,0,0,61.613,0,4-5-3;4-5-1;4-5-2;4-3-5;4-3-1;4-3-2,0,-0.04,1
2-4-3,1,0,2026-07-01,A,4,0,-1.6897,0.0776,600,差し,4カドまくり,10670,0.597,0,202607011007,5-2-1-3-6,0,0,56.8203,0,4-5-2;4-5-1;4-5-3;4-2-5;4-2-1;4-2-3,-0.5,-1.19,2
3-2-1,1,1,2026-07-01,S,4,0,1.9497,0.9874,600,まくり,4カドまくり,6960,0.729,0,202607011012,5-6-3-2-1,0,0,74.8097,0,4-5-6;4-5-3;4-5-2;4-6-5;4-6-3;4-6-2,0,-0.04,3
1-6-2,0,0,2026-07-01,B,4,0,0.5241,0.631,0,逃げ,4カドまくり,19030,0.445,0,202607011908,1-6-3-5-2,0,0,46.6141,0,4-1-6;4-1-3;4-1-5;4-6-1;4-6-3;4-6-5,1.0,1.59,1
4-6-3,0,0,2026-07-01,B,4,1,1.5388,0.8847,0,まくり,4カドまくり,2670,0.445,0,202607012006,3-6-1-2-5,0,1,45.9988,1,4-3-6;4-3-1;4-3-2;4-6-3;4-6-1;4-6-2,0,-0.04,4
4-1-6,1,0,2026-07-01,A,4,1,1.6394,0.9099,600,まくり差し,4カドまくり,1020,0.573,0,202607012009,6-1-2-5-3,1020,0,58.8994,1,4-6-1;4-6-2;4-6-5;4-1-6;4-1-2;4-1-5,0,-0.04,4
1-3-4,1,1,2026-07-01,S,4,0,0.0797,0.5199,600,逃げ,4カドまくり,810,0.755,0,202607012207,1-3-5-6-2,0,0,74.3897,0,4-1-3;4-1-5;4-1-6;4-3-1;4-3-5;4-3-6,-0.5,-1.19,1
1-4-3,1,1,2026-07-01,S,4,0,0.1048,0.5262,600,逃げ,4カドまくり,2840,0.789,0,202607012303,5-1-2-3-6,0,0,78.9648,0,4-5-1;4-5-2;4-5-3;4-1-5;4-1-2;4-1-3,0,-0.04,1
5-3-6,1,0,2026-07-01,A,4,0,-1.4046,0.1488,600,差し,4カドまくり,123360,0.615,0,202607012308,6-3-5-1-2,0,0,60.0554,0,4-6-3;4-6-5;4-6-1;4-3-6;4-3-5;4-3-1,0,-0.04,5
1-2-6,0,0,2026-07-01,B,4,0,-0.7338,0.3166,0,逃げ,4カドまくり,3320,0.171,0,202607012311,2-6-5-3-1,0,0,15.1762,0,4-2-6;4-2-5;4-2-3;4-6-2;4-6-5;4-6-3,-0.5,-1.19,1
4-3-5,0,0,2026-07-02,B,3,0,0.1433,0.5358,0,まくり,3まくり差し,3650,0.543,0,202607020401,4-1-6-2-5,0,0,54.2133,0,3-4-1;3-4-6;3-4-2;3-1-4;3-1-6;3-1-2,-0.5,-0.23,4
4-1-3,1,1,2026-07-02,S,3,0,1.1791,0.7948,600,まくり差し,3まくり差し,7170,0.835,1,202607020509,1-4-6-5-2,0,0,86.0191,0,3-1-4;3-1-6;3-1-5;3-4-1;3-4-6;3-4-5,0.5,1.34,4
3-5-2,1,0,2026-07-02,A,3,1,1.5723,0.8931,600,まくり差し,3まくり,3690,0.65033,1,202607020609,1-2-6-5-4,0,0,66.5557,0,3-1-2;3-1-6;3-1-5;3-2-1;3-2-6;3-2-5,-0.5,-0.05,3
3-2-4,1,1,2026-07-02,S,3,1,1.6804,0.9201,600,まくり差し,3まくり差し,1500,0.685,1,202607020611,2-4-6-1-5,1500,1,69.9504,1,3-2-4;3-2-6;3-2-1;3-4-2;3-4-6;3-4-1,-0.5,-0.23,3
1-2-3,1,0,2026-07-02,A,3,0,1.413,0.8532,600,逃げ,3まくり,1380,0.53833,1,202607020704,6-2-4-1-5,0,0,55.0363,0,3-6-2;3-6-4;3-6-1;3-2-6;3-2-4;3-2-1,0,-0.21,1
3-1-2,1,0,2026-07-02,A,3,1,1.3878,0.847,600,まくり差し,3まくり,870,0.651,1,202607020708,1-4-2-5-6,870,0,66.4378,1,3-1-4;3-1-2;3-1-5;3-4-1;3-4-2;3-4-5,-0.5,-0.05,3
1-3-6,1,1,2026-07-02,S,3,0,1.6474,0.9118,600,逃げ,3まくり差し,3270,0.809,1,202607020809,4-2-6-1-5,0,0,82.4974,0,3-4-2;3-4-6;3-4-1;3-2-4;3-2-6;3-2-1,0,-0.05,1
1-3-2,1,1,2026-07-02,S,3,0,1.0105,0.7526,600,逃げ,3まくり,1200,0.72833,1,202607021903,5-2-4-1-6,0,0,73.6338,0,3-5-2;3-5-4;3-5-1;3-2-5;3-2-4;3-2-1,0,-0.21,1
2-4-6,0,0,2026-07-02,B,3,0,0.1433,0.5358,0,まくり,3まくり差し,31950,0.325,0,202607022105,1-6-4-5-2,0,0,32.5933,0,3-1-6;3-1-4;3-1-5;3-6-1;3-6-4;3-6-5,0,-0.05,2
3-1-5,1,0,2026-07-02,A,3,1,-0.8209,0.2948,600,まくり差し,3まくり差し,1040,0.613,1,202607022203,1-5-6-2-4,1040,1,60.4291,1,3-1-5;3-1-6;3-1-2;3-5-1;3-5-6;3-5-2,0,-0.05,3
1-3-6,0,0,2026-07-02,B,3,0,0.876,0.719,0,逃げ,3まくり差し,1110,0.415,0,202607022302,1-5-2-6-4,0,0,42.146,0,3-1-5;3-1-2;3-1-6;3-5-1;3-5-2;3-5-6,-0.5,-0.23,1
1-3-2,1,0,2026-07-02,A,3,0,-1.0028,0.2493,600,逃げ,3まくり差し,860,0.643,1,202607022404,6-4-1-5-2,0,0,63.2472,0,3-6-4;3-6-1;3-6-5;3-4-6;3-4-1;3-4-5,0,-0.05,1
1-4-6,1,0,2026-07-02,A,3,0,0.1433,0.5358,600,逃げ,3まくり差し,10960,0.593,1,202607020410,5-2-4-1-6,0,0,59.2133,0,3-5-2;3-5-4;3-5-1;3-2-5;3-2-4;3-2-1,-0.5,-0.23,1
3-2-1,1,0,2026-07-02,A,3,1,0.9311,0.7328,600,まくり,3まくり差し,910,0.595,1,202607020701,2-1-4-6-5,910,0,60.2011,1,3-2-1;3-2-4;3-2-6;3-1-2;3-1-4;3-1-6,-0.5,-0.23,3
1-2-3,0,0,2026-07-02,B,3,0,1.4545,0.8636,0,逃げ,3まくり差し,3480,0.375,0,202607021602,4-5-6-1-2,0,0,38.7245,0,3-4-5;3-4-6;3-4-1;3-5-4;3-5-6;3-5-1,-0.5,-0.23,1
1-2-4,1,1,2026-07-02,S,3,0,0.832,0.708,600,逃げ,3まくり差し,2100,0.707,1,202607021610,2-6-5-4-1,0,0,71.482,0,3-2-6;3-2-5;3-2-4;3-6-2;3-6-5;3-6-4,0,-0.05,1
1-2-5,0,0,2026-07-02,B,3,0,-1.5372,0.1157,0,逃げ,3まくり差し,1810,0.253,0,202607021908,1-4-2-5-6,0,0,23.7128,0,3-1-4;3-1-2;3-1-5;3-4-1;3-4-2;3-4-5,0,-0.05,1
1-3-4,1,0,2026-07-02,A,3,0,1.9008,0.9752,600,逃げ,3まくり差し,1880,0.605,1,202607022006,6-1-5-4-2,0,0,62.3508,0,3-6-1;3-6-5;3-6-4;3-1-6;3-1-5;3-1-4,0,-0.05,1
1-4-5,0,0,2026-07-02,B,3,0,1.4931,0.8733,0,逃げ,3まくり差し,5460,0.463,0,202607022305,4-6-1-5-2,0,0,47.5631,0,3-4-6;3-4-1;3-4-5;3-6-4;3-6-1;3-6-5,-0.5,-0.23,1
4-3-5,1,0,2026-07-02,A,4,1,0.0845,0.5211,600,まくり,4カドまくり,3650,0.553,0,202607020401,1-3-6-2-5,0,1,55.3445,0,4-1-3;4-1-6;4-1-2;4-3-1;4-3-6;4-3-2,0,-0.04,4
4-6-1,1,1,2026-07-02,S,4,1,1.5895,0.8974,600,まくり,4カドまくり,4060,0.789,0,202607020501,6-1-5-2-3,4060,1,82.0795,1,4-6-1;4-6-5;4-6-2;4-1-6;4-1-5;4-1-2,1.0,1.59,4
4-3-5,1,1,2026-07-02,S,4,1,1.8229,0.9557,600,まくり,4カドまくり,1630,0.713,0,202607020602,3-5-1-2-6,1630,1,71.9329,1,4-3-5;4-3-1;4-3-2;4-5-3;4-5-1;4-5-2,-0.5,-1.19,4
1-4-6,0,0,2026-07-02,B,4,0,0.994,0.7485,0,逃げ,4カドまくり,1970,0.551,0,202607020605,6-1-3-2-5,0,0,54.904,0,4-6-1;4-6-3;4-6-2;4-1-6;4-1-3;4-1-2,-0.5,-1.19,1
4-1-3,1,1,2026-07-02,S,4,1,1.1147,0.7787,600,抜き,4カドまくり,2160,0.801,0,202607020608,6-2-3-5-1,0,0,81.1747,0,4-6-2;4-6-3;4-6-5;4-2-6;4-2-3;4-2-5,0,-0.04,4
4-2-6,1,1,2026-07-02,S,4,1,1.2998,0.8249,600,差し,4カドまくり,2180,0.715,0,202607020808,2-6-1-3-5,2180,0,71.6098,1,4-2-6;4-2-1;4-2-3;4-6-2;4-6-1;4-6-3,-0.5,-1.19,4
1-2-4,0,0,2026-07-02,B,4,0,-1.501,0.1247,0,逃げ,4カドまくり,1760,0.457,0,202607021102,5-2-1-6-3,0,0,44.159,0,4-5-2;4-5-1;4-5-6;4-2-5;4-2-1;4-2-6,0,-0.04,1
3-1-2,1,0,2026-07-02,A,4,0,1.4125,0.8531,600,まくり,4カドまくり,12860,0.533,0,202607021108,5-6-1-3-2,0,0,57.7125,0,4-5-6;4-5-1;4-5-3;4-6-5;4-6-1;4-6-3,0.5,3.0,3
2-1-3,1,0,2026-07-02,A,4,0,-0.8169,0.2958,600,差し,4カドまくり,4620,0.611,0,202607021112,5-2-3-1-6,0,0,60.2431,0,4-5-2;4-5-3;4-5-1;4-2-5;4-2-3;4-2-1,0,-0.04,2
4-5-1,0,0,2026-07-02,B,4,1,-0.8652,0.2837,0,まくり差し,4カドまくり,5490,0.541,0,202607021606,3-5-1-2-6,0,0,53.1948,1,4-3-5;4-3-1;4-3-2;4-5-3;4-5-1;4-5-2,0,-0.04,4
3-2-1,1,1,2026-07-02,S,4,0,0.4306,0.6076,600,まくり差し,4カドまくり,11310,0.713,0,202607021906,1-2-3-6-5,0,0,71.6906,0,4-1-2;4-1-3;4-1-6;4-2-1;4-2-3;4-2-6,0,-0.04,3
1-4-6,0,0,2026-07-02,B,4,0,-1.662,0.0845,0,逃げ,4カドまくり,1240,0.291,0,202607022003,6-2-1-3-5,0,0,27.398,0,4-6-2;4-6-1;4-6-3;4-2-6;4-2-1;4-2-3,0,-0.04,1
1-2-4,0,0,2026-07-02,B,4,0,0.0845,0.5211,0,逃げ,4カドまくり,540,0.317,0,202607022111,1-6-2-3-5,0,0,30.5945,0,4-1-6;4-1-2;4-1-3;4-6-1;4-6-2;4-6-3,-0.5,-1.19,1
1-2-4,1,0,2026-07-02,A,4,0,-1.6539,0.0865,600,逃げ,4カドまくり,550,0.603,0,202607022212,1-2-3-5-6,0,0,58.6061,0,4-1-2;4-1-3;4-1-5;4-2-1;4-2-3;4-2-5,0,-0.04,1
1-3-4,1,0,2026-07-02,A,4,0,0.2294,0.5573,600,逃げ,4カドまくり,2750,0.629,0,202607022308,1-2-5-3-6,0,0,63.0894,0,4-1-2;4-1-5;4-1-3;4-2-1;4-2-5;4-2-3,0,-0.04,1
1-4-2,0,0,2026-07-02,B,4,0,1.5734,0.8934,0,逃げ,4カドまくり,840,0.513,0,202607022312,1-3-6-2-5,0,0,52.8334,0,4-1-3;4-1-6;4-1-2;4-3-1;4-3-6;4-3-2,0,-0.04,1
1-3-2,1,0,2026-07-02,A,4,0,-1.4608,0.1348,600,逃げ,4カドまくり,780,0.605,0,202607022410,2-1-5-6-3,0,0,58.9992,0,4-2-1;4-2-5;4-2-6;4-1-2;4-1-5;4-1-6,0,-0.04,1
2-1-6,0,0,2026-07-02,B,4,0,1.2998,0.8249,0,差し,4カドまくり,12250,0.211,0,202607022412,6-1-5-2-3,0,0,25.3998,0,4-6-1;4-6-5;4-6-2;4-1-6;4-1-5;4-1-2,0.5,3.0,2
3-1-6,1,0,2026-07-03,A,3,1,-1.7208,0.0698,600,まくり,3まくり差し,2910,0.655,1,202607030406,5-6-1-2-4,0,0,63.7292,0,3-5-6;3-5-1;3-5-2;3-6-5;3-6-1;3-6-2,0,-0.05,3
1-3-5,0,0,2026-07-03,B,3,0,-1.7369,0.0658,0,逃げ,3まくり差し,1610,0.471,0,202607030603,1-4-2-5-6,0,0,45.1331,0,3-1-4;3-1-2;3-1-5;3-4-1;3-4-2;3-4-5,-0.5,-0.23,1
2-3-1,1,1,2026-07-03,S,3,0,1.8497,0.9624,600,差し,3まくり差し,22430,0.761,1,202607030709,6-1-4-2-5,0,0,77.7197,0,3-6-1;3-6-4;3-6-2;3-1-6;3-1-4;3-1-2,-0.5,-0.23,2
1-3-6,1,0,2026-07-03,A,3,0,1.501,0.8753,600,逃げ,3まくり,710,0.561,1,202607030805,6-1-2-4-5,0,0,57.551,0,3-6-1;3-6-2;3-6-4;3-1-6;3-1-2;3-1-4,-0.5,-0.05,1
3-1-5,1,1,2026-07-03,S,3,1,0.2086,0.5521,600,まくり差し,3まくり,820,0.71767,1,202607030908,1-5-6-4-2,820,0,71.7653,1,3-1-5;3-1-6;3-1-4;3-5-1;3-5-6;3-5-4,0,-0.21,3
1-3-5,0,0,2026-07-03,B,3,0,0.1208,0.5302,0,逃げ,3まくり差し,770,0.463,0,202607030911,1-6-4-5-2,0,0,46.3708,0,3-1-6;3-1-4;3-1-5;3-6-1;3-6-4;3-6-5,0,-0.05,1
1-4-3,0,0,2026-07-03,B,3,0,0.1208,0.5302,0,逃げ,3まくり差し,710,0.519,0,202607031310,1-4-6-5-2,0,0,51.7908,0,3-1-4;3-1-6;3-1-5;3-4-1;3-4-6;3-4-5,-0.5,-0.23,1
1-5-6,1,0,2026-07-03,A,3,0,1.1493,0.7873,600,逃げ,3まくり,23270,0.61633,1,202607031606,4-5-6-2-1,0,0,62.5726,0,3-4-5;3-4-6;3-4-2;3-5-4;3-5-6;3-5-2,0,-0.21,1
1-2-4,1,1,2026-07-03,S,3,0,1.6134,0.9034,600,逃げ,3まくり差し,4520,0.663,1,202607031610,5-2-6-1-4,0,0,67.6834,0,3-5-2;3-5-6;3-5-1;3-2-5;3-2-6;3-2-1,-0.5,-0.23,1
2-1-5,1,1,2026-07-03,S,3,0,0.6685,0.6671,600,差し,3まくり差し,13650,0.681,1,202607031908,4-1-5-2-6,0,0,68.7185,0,3-4-1;3-4-5;3-4-2;3-1-4;3-1-5;3-1-2,0,-0.05,2
,0,0,2026-07-03,B,3,0,-1.9264,0.0184,0,,3まくり,0,0.47167,0,202607032012,5-2-6-4-1,0,0,45.0303,0,3-5-2;3-5-6;3-5-4;3-2-5;3-2-6;3-2-4,0,-0.21,0
4-5-1,1,1,2026-07-03,S,3,0,0.9039,0.726,600,抜き,3まくり,18250,0.83033,1,202607032103,5-4-2-1-6,0,0,83.7272,0,3-5-4;3-5-2;3-5-1;3-4-5;3-4-2;3-4-1,0,-0.21,4
1-4-3,1,1,2026-07-03,S,3,0,1.3865,0.8466,600,逃げ,3まくり,5620,0.75233,1,202607032106,6-4-1-2-5,0,0,76.4098,0,3-6-4;3-6-1;3-6-2;3-4-6;3-4-1;3-4-2,0,-0.21,1
1-4-3,0,0,2026-07-03,B,3,0,-1.1946,0.2013,0,逃げ,3まくり差し,1300,0.433,0,202607032108,4-5-1-2-6,0,0,42.0554,0,3-4-5;3-4-1;3-4-2;3-5-4;3-5-1;3-5-2,0,-0.05,1
3-1-5,1,1,2026-07-03,S,3,1,1.5583,0.8896,600,まくり差し,3まくり,6720,0.89633,1,202607032203,4-1-6-2-5,0,0,90.9816,0,3-4-1;3-4-6;3-4-2;3-1-4;3-1-6;3-1-2,0,-0.21,3
1-2-4,0,0,2026-07-03,B,3,0,-1.6081,0.098,0,逃げ,3まくり差し,2630,0.267,0,202607030708,1-4-2-6-5,0,0,24.8619,0,3-1-4;3-1-2;3-1-6;3-4-1;3-4-2;3-4-6,-0.5,-0.23,1
2-3-5,0,0,2026-07-03,B,3,0,0.1208,0.5302,0,まくり,3まくり差し,1550,0.213,0,202607030906,5-6-2-4-1,0,0,21.3708,0,3-5-6;3-5-2;3-5-4;3-6-5;3-6-2;3-6-4,0,-0.05,2
3-1-5,0,0,2026-07-03,B,3,1,0.1208,0.5302,0,まくり差し,3まくり差し,3120,0.415,0,202607030909,1-4-2-5-6,0,1,41.5708,1,3-1-4;3-1-2;3-1-5;3-4-1;3-4-2;3-4-5,0,-0.05,3
3-1-6,0,0,2026-07-03,B,3,1,0.1208,0.5302,0,まくり差し,3まくり差し,6180,0.501,0,202607030912,1-4-6-5-2,0,1,50.1708,1,3-1-4;3-1-6;3-1-5;3-4-1;3-4-6;3-4-5,0,-0.05,3
3-1-4,0,0,2026-07-03,B,3,1,-1.3342,0.1664,0,まくり差し,3まくり差し,5220,0.405,0,202607032212,1-5-2-6-4,0,1,39.1158,0,3-1-5;3-1-2;3-1-6;3-5-1;3-5-2;3-5-6,0,-0.05,3
2-4-6,0,0,2026-07-03,B,3,0,1.2,0.8,0,差し,3まくり差し,2990,0.3525,0,202607032310,2-5-1-4-6,0,0,36.22,0,3-2-5;3-2-1;3-2-4;3-5-2;3-5-1;3-5-4,-0.5,-0.23,2
4-3-6,1,1,2026-07-03,S,4,1,0.0816,0.5204,600,まくり,4カドまくり,4550,0.761,0,202607030608,6-5-3-2-1,0,1,74.9916,0,4-6-5;4-6-3;4-6-2;4-5-6;4-5-3;4-5-2,-0.5,-1.19,4
4-6-2,0,0,2026-07-03,B,4,1,-0.9437,0.2641,0,まくり,4カドまくり,5640,0.503,0,202607030701,1-2-6-3-5,0,1,48.1663,0,4-1-2;4-1-6;4-1-3;4-2-1;4-2-6;4-2-3,-0.5,-1.19,4
1-5-4,0,0,2026-07-03,B,4,0,-0.8893,0.2777,0,逃げ,4カドまくり,4920,0.513,0,202607031109,2-1-5-3-6,0,0,50.3707,0,4-2-1;4-2-5;4-2-3;4-1-2;4-1-5;4-1-3,0,-0.04,1
1-3-4,0,0,2026-07-03,B,4,0,1.5573,0.8893,0,逃げ,4カドまくり,2050,0.161,0,202607031110,2-3-6-5-1,0,0,17.6173,0,4-2-3;4-2-6;4-2-5;4-3-2;4-3-6;4-3-5,0,-0.04,1
1-4-5,0,0,2026-07-03,B,4,0,0.0738,0.5184,0,逃げ,4カドまくり,760,0.535,0,202607031309,1-5-6-3-2,0,0,53.5338,0,4-1-5;4-1-6;4-1-3;4-5-1;4-5-6;4-5-3,0,-0.04,1
4-1-6,0,0,2026-07-03,B,4,1,-1.3709,0.1573,0,まくり差し,4カドまくり,5780,0.371,0,202607031607,2-3-6-1-5,0,0,35.6891,0,4-2-3;4-2-6;4-2-1;4-3-2;4-3-6;4-3-1,0,-0.04,4
1-2-4,0,0,2026-07-03,B,4,0,1.5961,0.899,0,逃げ,4カドまくり,14480,0.433,0,202607031904,3-6-5-2-1,0,0,44.8561,0,4-3-6;4-3-5;4-3-2;4-6-3;4-6-5;4-6-2,0,-0.04,1
4-1-5,1,0,2026-07-03,A,4,1,-1.8757,0.0311,600,まくり,4カドまくり,2740,0.621,0,202607032005,1-5-2-3-6,2740,1,60.1843,1,4-1-5;4-1-2;4-1-3;4-5-1;4-5-2;4-5-3,0,-0.04,4
1-2-5,1,0,2026-07-03,A,4,0,-1.1689,0.2078,600,逃げ,4カドまくり,1230,0.671,0,202607032011,1-2-6-5-3,0,0,65.8911,0,4-1-2;4-1-6;4-1-5;4-2-1;4-2-6;4-2-5,0,-0.04,1
4-1-2,1,1,2026-07-03,S,4,1,-0.7495,0.3126,600,まくり,4カドまくり,1650,0.835,0,202607032102,1-6-2-3-5,1650,1,82.7105,1,4-1-6;4-1-2;4-1-3;4-6-1;4-6-2;4-6-3,0,-0.04,4
1-2-3,1,1,2026-07-03,S,4,0,1.9689,0.9922,600,逃げ,4カドまくり,1270,0.731,0,202607032104,1-2-3-6-5,0,0,73.8789,0,4-1-2;4-1-3;4-1-6;4-2-1;4-2-3;4-2-6,-0.5,-1.19,1
1-3-4,0,0,2026-07-03,B,4,0,1.5728,0.8932,0,逃げ,4カドまくり,790,0.453,0,202607032209,3-5-1-2-6,0,0,46.8328,0,4-3-5;4-3-1;4-3-2;4-5-3;4-5-1;4-5-2,0,-0.04,1
4-1-3,0,0,2026-07-03,B,4,1,-1.4408,0.1398,0,まくり,4カドまくり,8780,0.315,0,202607032304,6-2-1-3-5,0,1,30.0192,0,4-6-2;4-6-1;4-6-3;4-2-6;4-2-1;4-2-3,0,-0.04,4
6-5-4,0,0,2026-07-03,B,4,0,-1.2466,0.1883,0,恵まれ,4カドまくり,176920,0.473,0,202607032309,2-6-3-5-1,0,0,44.8634,0,4-2-6;4-2-3;4-2-5;4-6-2;4-6-3;4-6-5,-0.5,-1.19,6
1-3-4,0,0,2026-07-04,B,3,0,0.1305,0.5326,0,抜き,3まくり差し,1900,0.507,0,202607040102,6-4-5-1-2,0,0,50.6005,0,3-6-4;3-6-5;3-6-1;3-4-6;3-4-5;3-4-1,-0.5,-0.23,1
1-2-3,1,0,2026-07-04,A,3,0,0.1305,0.5326,600,逃げ,3まくり差し,7130,0.565,1,202607040103,4-6-1-5-2,0,0,56.4005,0,3-4-6;3-4-1;3-4-5;3-6-4;3-6-1;3-6-5,-0.5,-0.23,1
3-4-5,0,0,2026-07-04,B,3,1,0.1305,0.5326,0,まくり,3まくり差し,7220,0.301,0,202607040107,6-4-1-5-2,0,0,30.0005,1,3-6-4;3-6-1;3-6-5;3-4-6;3-4-1;3-4-5,-0.5,-0.23,3
1-5-3,1,1,2026-07-04,S,3,0,-0.6984,0.3254,600,逃げ,3まくり,1680,0.69433,1,202607040410,5-1-2-4-6,0,0,68.5249,0,3-5-1;3-5-2;3-5-4;3-1-5;3-1-2;3-1-4,0,-0.21,1
1-2-4,1,0,2026-07-04,A,3,0,-1.0444,0.2389,600,逃げ,3まくり差し,6330,0.579,1,202607040601,6-1-2-4-5,0,0,56.8056,0,3-6-1;3-6-2;3-6-4;3-1-6;3-1-2;3-1-4,0,-0.05,1
1-4-5,1,1,2026-07-04,S,3,0,-1.2689,0.1828,600,逃げ,3まくり差し,960,0.813,1,202607040612,1-6-5-4-2,0,0,79.9811,0,3-1-6;3-1-5;3-1-4;3-6-1;3-6-5;3-6-4,0,-0.05,1
1-3-6,0,0,2026-07-04,B,3,0,0.5556,0.6389,0,逃げ,3まくり,620,0.471,0,202607040707,1-6-2-5-4,0,0,47.6056,0,3-1-6;3-1-2;3-1-5;3-6-1;3-6-2;3-6-5,-0.5,-0.05,1
1-3-2,1,1,2026-07-04,S,3,0,1.6032,0.9008,600,逃げ,3まくり,690,0.92967,1,202607040812,1-4-2-6-5,0,0,94.3598,0,3-1-4;3-1-2;3-1-6;3-4-1;3-4-2;3-4-6,0,-0.21,1
1-5-6,1,1,2026-07-04,S,3,0,1.5248,0.8812,600,逃げ,3まくり差し,2490,0.753,1,202607040906,6-5-1-2-4,0,0,76.7748,0,3-6-5;3-6-1;3-6-2;3-5-6;3-5-1;3-5-2,0,-0.05,1
1-4-6,0,0,2026-07-04,B,3,0,-0.9138,0.2715,0,逃げ,3まくり差し,3780,0.561,0,202607040910,6-4-1-5-2,0,0,54.9562,0,3-6-4;3-6-1;3-6-5;3-4-6;3-4-1;3-4-5,-0.5,-0.23,1
1-3-2,0,0,2026-07-04,B,3,0,-1.2778,0.1806,0,逃げ,3まくり,2230,0.527,0,202607041210,6-5-1-2-4,0,0,51.3722,0,3-6-5;3-6-1;3-6-2;3-5-6;3-5-1;3-5-2,-0.5,-0.05,1
2-3-1,1,0,2026-07-04,A,3,0,0.1305,0.5326,600,差し,3まくり差し,23160,0.631,1,202607041809,4-6-1-2-5,0,0,63.1805,0,3-4-6;3-4-1;3-4-2;3-6-4;3-6-1;3-6-2,0,-0.05,2
1-4-3,1,0,2026-07-04,A,3,0,0.3333,0.5833,600,逃げ,3まくり,5870,0.64033,1,202607041903,2-5-1-4-6,0,0,64.1567,0,3-2-5;3-2-1;3-2-4;3-5-2;3-5-1;3-5-4,0,-0.21,1
1-6-2,1,0,2026-07-04,A,3,0,-1.8538,0.0366,600,逃げ,3まくり差し,7280,0.605,1,202607041904,6-2-1-4-5,0,0,58.5962,0,3-6-2;3-6-1;3-6-4;3-2-6;3-2-1;3-2-4,0,-0.05,1
1-3-6,1,0,2026-07-04,A,3,0,0.1984,0.5496,600,逃げ,3まくり,1360,0.595,1,202607042110,1-5-6-4-2,0,0,59.4884,0,3-1-5;3-1-6;3-1-4;3-5-1;3-5-6;3-5-4,0,-0.21,1
1-3-5,0,0,2026-07-04,B,3,0,0.5744,0.6436,0,抜き,3まくり差し,880,0.445,0,202607042112,1-5-6-4-2,0,0,45.0244,0,3-1-5;3-1-6;3-1-4;3-5-1;3-5-6;3-5-4,0,-0.05,1
1-4-5,1,0,2026-07-04,A,3,0,0.2298,0.5574,600,逃げ,3まくり差し,3910,0.567,1,202607042310,4-1-5-2-6,0,0,56.6998,0,3-4-1;3-4-5;3-4-2;3-1-4;3-1-5;3-1-2,-0.5,-0.23,1
1-3-2,0,0,2026-07-04,B,3,0,0.1514,0.5379,0,逃げ,3まくり差し,2310,0.319,0,202607040704,4-2-6-5-1,0,0,31.8214,0,3-4-2;3-4-6;3-4-5;3-2-4;3-2-6;3-2-5,-0.5,-0.23,1
1-3-2,0,0,2026-07-04,B,3,0,-0.9869,0.2533,0,逃げ,3まくり差し,1520,0.461,0,202607040706,6-4-1-5-2,0,0,45.0631,0,3-6-4;3-6-1;3-6-5;3-4-6;3-4-1;3-4-5,0,-0.05,1
1-3-4,1,0,2026-07-04,A,3,0,-1.9791,0.0052,600,逃げ,3まくり差し,2260,0.601,1,202607041305,5-6-4-2-1,0,0,57.8909,0,3-5-6;3-5-4;3-5-2;3-6-5;3-6-4;3-6-2,-0.5,-0.23,1
1-4-3,1,0,2026-07-04,A,3,0,-1.1227,0.2193,600,逃げ,3まくり差し,1170,0.577,1,202607041609,4-2-1-6-5,0,0,56.3473,0,3-4-2;3-4-1;3-4-6;3-2-4;3-2-1;3-2-6,-0.5,-0.23,1
1-4-6,0,0,2026-07-04,B,3,0,-1.7023,0.0744,0,逃げ,3まくり差し,3740,0.467,0,202607041912,4-2-1-6-5,0,0,44.9477,0,3-4-2;3-4-1;3-4-6;3-2-4;3-2-1;3-2-6,0,-0.05,1
2-4-1,1,1,2026-07-04,S,4,0,0.087,0.5217,600,差し,4カドまくり,2040,0.719,0,202607040105,2-3-6-1-5,0,0,70.797,0,4-2-3;4-2-6;4-2-1;4-3-2;4-3-6;4-3-1,-0.5,-1.19,2
2-1-4,1,1,2026-07-04,S,4,0,1.7883,0.9471,600,抜き,4カドまくり,4250,0.703,0,202607040408,1-2-6-5-3,0,0,70.8983,0,4-1-2;4-1-6;4-1-5;4-2-1;4-2-6;4-2-5,-0.5,-1.19,2
4-1-5,1,1,2026-07-04,S,4,1,1.5312,0.8828,600,まくり差し,4カドまくり,930,0.825,0,202607040608,1-6-3-5-2,930,0,82.8412,1,4-1-6;4-1-3;4-1-5;4-6-1;4-6-3;4-6-5,-0.5,-1.19,4
4-5-2,1,1,2026-07-04,S,4,1,-1.2514,0.1871,600,まくり,4カドまくり,6090,0.765,0,202607040710,1-2-6-5-3,0,1,75.2086,0,4-1-2;4-1-6;4-1-5;4-2-1;4-2-6;4-2-5,0,-0.04,4
2-1-3,0,0,2026-07-04,B,4,0,-1.9471,0.0132,0,差し,4カドまくり,2910,0.265,0,202607040712,2-1-6-5-3,0,0,24.5129,0,4-2-1;4-2-6;4-2-5;4-1-2;4-1-6;4-1-5,0,-0.04,2
1-6-4,0,0,2026-07-04,B,4,0,0.5633,0.6408,0,逃げ,4カドまくり,6820,0.493,0,202607040803,1-5-6-2-3,0,0,48.6733,0,4-1-5;4-1-6;4-1-2;4-5-1;4-5-6;4-5-2,-0.5,-1.19,1
4-2-6,1,0,2026-07-04,A,4,1,-0.8053,0.2987,600,まくり,4カドまくり,4340,0.661,0,202607040909,5-2-6-1-3,4340,1,64.1047,1,4-5-2;4-5-6;4-5-1;4-2-5;4-2-6;4-2-1,-0.5,-1.19,4
4-3-1,1,0,2026-07-04,A,4,1,0.8129,0.7032,600,まくり差し,4カドまくり,12710,0.611,0,202607040911,2-1-3-6-5,0,0,61.8729,0,4-2-1;4-2-3;4-2-6;4-1-2;4-1-3;4-1-6,0,-0.04,4
4-2-3,1,0,2026-07-04,A,4,1,1.8563,0.9641,600,まくり差し,4カドまくり,3660,0.605,0,202607041207,3-2-5-1-6,3660,0,62.3163,1,4-3-2;4-3-5;4-3-1;4-2-3;4-2-5;4-2-1,0,-0.04,4
1-2-5,0,0,2026-07-04,B,4,0,-1.7807,0.0548,0,逃げ,4カドまくり,980,0.266,0,202607041209,5-2-6-1-3,0,0,23.6293,0,4-5-2;4-5-6;4-5-1;4-2-5;4-2-6;4-2-1,-0.5,-1.19,1
1-3-4,1,1,2026-07-04,S,4,0,-1.2665,0.1834,600,逃げ,4カドまくり,1480,0.771,0,202607041602,6-5-3-2-1,0,0,75.7935,0,4-6-5;4-6-3;4-6-2;4-5-6;4-5-3;4-5-2,0,-0.04,1
4-5-1,1,1,2026-07-04,S,4,1,-0.8204,0.2949,600,まくり,4カドまくり,18510,0.749,0,202607041605,5-1-2-6-3,18510,1,74.0396,1,4-5-1;4-5-2;4-5-6;4-1-5;4-1-2;4-1-6,0,-0.04,4
1-4-3,0,0,2026-07-04,B,4,0,0.344,0.586,0,逃げ,4カドまくり,1170,0.491,0,202607041609,3-2-1-6-5,0,0,49.404,0,4-3-2;4-3-1;4-3-6;4-2-3;4-2-1;4-2-6,0,-0.04,1
2-4-1,1,1,2026-07-04,S,4,0,1.5766,0.8941,600,抜き,4カドまくり,8890,0.875,0,202607041906,6-5-3-2-1,0,0,89.0366,0,4-6-5;4-6-3;4-6-2;4-5-6;4-5-3;4-5-2,0,-0.04,2
1-4-3,1,1,2026-07-04,S,4,0,1.1682,0.7921,600,逃げ,4カドまくり,720,0.901,0,202607042102,1-3-5-2-6,0,0,91.2282,0,4-1-3;4-1-5;4-1-2;4-3-1;4-3-5;4-3-2,0,-0.04,1
3-1-5,0,0,2026-07-04,B,4,0,-1.8639,0.034,0,まくり差し,4カドまくり,3460,0.275,0,202607042104,5-1-3-2-6,0,0,24.4461,0,4-5-1;4-5-3;4-5-2;4-1-5;4-1-3;4-1-2,-0.5,-1.19,3
1-2-4,1,1,2026-07-04,S,4,0,0.6767,0.6692,600,逃げ,4カドまくり,390,0.729,0,202607042212,2-5-1-6-3,0,0,73.5367,0,4-2-5;4-2-1;4-2-6;4-5-2;4-5-1;4-5-6,0,-0.04,1
1-2-5,1,0,2026-07-05,A,3,0,1.1878,0.797,600,逃げ,3まくり差し,8130,0.55,1,202607050107,1-4-5-2-6,0,0,55.9578,0,3-1-4;3-1-5;3-1-2;3-4-1;3-4-5;3-4-2,-0.5,-0.23,1
3-4-2,1,0,2026-07-05,A,3,1,0.1878,0.547,600,まくり,3まくり差し,19550,0.579,1,202607050407,6-1-5-2-4,0,0,57.8578,0,3-6-1;3-6-5;3-6-2;3-1-6;3-1-5;3-1-2,-0.5,-0.23,3
3-1-5,0,0,2026-07-05,B,3,1,0.1472,0.5368,0,抜き,3まくり差し,2990,0.527,0,202607050504,5-6-4-1-2,0,0,52.6172,0,3-5-6;3-5-4;3-5-1;3-6-5;3-6-4;3-6-1,-0.5,-0.23,3
1-3-4,0,0,2026-07-05,B,3,0,0.7946,0.6987,0,逃げ,3まくり,360,0.483,0,202607050705,1-4-5-6-2,0,0,48.8846,0,3-1-4;3-1-5;3-1-6;3-4-1;3-4-5;3-4-6,0,-0.21,1
3-1-5,1,0,2026-07-05,A,3,1,-1.4012,0.1497,600,差し,3まくり,3280,0.60433,1,202607050707,1-2-4-5-6,3280,0,58.9822,1,3-1-2;3-1-4;3-1-5;3-2-1;3-2-4;3-2-5,-0.5,-0.05,3
1-2-3,1,1,2026-07-05,S,3,0,1.286,0.8215,600,抜き,3まくり,1910,0.80633,1,202607050708,1-5-2-4-6,0,0,81.7093,0,3-1-5;3-1-2;3-1-4;3-5-1;3-5-2;3-5-4,0,-0.21,1
2-1-3,1,0,2026-07-05,A,3,0,-0.8177,0.2956,600,差し,3まくり,1590,0.60633,1,202607050908,2-1-6-4-5,0,0,59.6057,0,3-2-1;3-2-6;3-2-4;3-1-2;3-1-6;3-1-4,0,-0.21,2
1-6-5,0,0,2026-07-05,B,3,0,-1.269,0.1827,0,逃げ,3まくり差し,6090,0.319,0,202607050912,5-1-6-4-2,0,0,30.581,0,3-5-1;3-5-6;3-5-4;3-1-5;3-1-6;3-1-4,0,-0.05,1
1-3-4,1,1,2026-07-05,S,3,0,1.9036,0.9759,600,逃げ,3まくり差し,2670,0.975,1,202607051203,2-1-5-6-4,0,0,99.3536,0,3-2-1;3-2-5;3-2-6;3-1-2;3-1-5;3-1-6,0,-0.05,1
1-3-4,0,0,2026-07-05,B,3,0,-1.9923,0.0019,0,逃げ,3まくり,900,0.556,0,202607051210,5-1-6-4-2,0,0,53.5577,0,3-5-1;3-5-6;3-5-4;3-1-5;3-1-6;3-1-4,-0.5,-0.05,1
2-1-3,1,0,2026-07-05,A,3,0,0.3807,0.5952,600,差し,3まくり差し,3260,0.559,1,202607051305,6-5-2-1-4,0,0,56.2307,0,3-6-5;3-6-2;3-6-1;3-5-6;3-5-2;3-5-1,0,-0.05,2
3-4-5,1,0,2026-07-05,A,3,1,-1.6802,0.0799,600,差し,3まくり差し,6500,0.605,1,202607051307,6-5-4-2-1,0,0,58.7698,0,3-6-5;3-6-4;3-6-2;3-5-6;3-5-4;3-5-2,0,-0.05,3
1-5-4,0,0,2026-07-05,B,3,0,-0.6802,0.3299,0,逃げ,3まくり差し,1780,0.473,0,202607051601,5-1-4-6-2,0,0,46.5698,0,3-5-1;3-5-4;3-5-6;3-1-5;3-1-4;3-1-6,0,-0.05,1
1-4-5,1,0,2026-07-05,A,3,0,-1.1171,0.2207,600,逃げ,3まくり,1130,0.67167,1,202607051603,1-5-4-6-2,0,0,65.9996,0,3-1-5;3-1-4;3-1-6;3-5-1;3-5-4;3-5-6,-0.5,-0.05,1
1-3-4,0,0,2026-07-05,B,3,0,-1.9616,0.0096,0,逃げ,3まくり,1000,0.567,0,202607051805,4-2-1-5-6,0,0,54.5284,0,3-4-2;3-4-1;3-4-5;3-2-4;3-2-1;3-2-5,0,-0.21,1
1-2-3,0,0,2026-07-05,B,3,0,-1.4242,0.144,0,逃げ,3まくり,1010,0.337,0,202607051809,5-6-1-4-2,0,0,32.0658,0,3-5-6;3-5-1;3-5-4;3-6-5;3-6-1;3-6-4,0,-0.21,1
3-1-5,1,1,2026-07-05,S,3,1,0.6193,0.6548,600,まくり差し,3まくり差し,800,0.731,1,202607052103,5-4-1-2-6,0,1,73.6693,0,3-5-4;3-5-1;3-5-2;3-4-5;3-4-1;3-4-2,0,-0.05,3
4-1-5,0,0,2026-07-05,B,3,0,-1.8772,0.0307,0,差し,3まくり,11130,0.383,0,202607052110,5-6-1-4-2,0,0,36.2128,0,3-5-6;3-5-1;3-5-4;3-6-5;3-6-1;3-6-4,0,-0.21,4
3-1-4,1,1,2026-07-05,S,3,1,1.739,0.9347,600,まくり,3まくり,5800,0.85167,1,202607052111,1-2-6-4-5,5800,1,86.6956,1,3-1-2;3-1-6;3-1-4;3-2-1;3-2-6;3-2-4,0,-0.21,3
1-4-3,0,0,2026-07-05,B,3,0,0.7919,0.698,0,逃げ,3まくり差し,990,0.445,0,202607052202,4-1-6-5-2,0,0,45.2419,0,3-4-1;3-4-6;3-4-5;3-1-4;3-1-6;3-1-5,0,-0.05,1
2-3-6,1,1,2026-07-05,S,3,0,1.1269,0.7817,600,まくり,3まくり差し,35720,0.717,1,202607052203,1-6-4-2-5,0,0,72.7769,0,3-1-6;3-1-4;3-1-2;3-6-1;3-6-4;3-6-2,0,-0.05,2
1-4-3,0,0,2026-07-05,B,3,0,0.6193,0.6548,0,逃げ,3まくり差し,580,0.529,0,202607052204,4-6-5-1-2,0,0,53.4693,0,3-4-6;3-4-5;3-4-1;3-6-4;3-6-5;3-6-1,0,-0.05,1
1-2-4,1,0,2026-07-05,A,3,0,0.1878,0.547,600,逃げ,3まくり差し,1170,0.605,1,202607052210,4-1-6-5-2,0,0,60.6378,0,3-4-1;3-4-6;3-4-5;3-1-4;3-1-6;3-1-5,0,-0.05,1
1-3-6,1,1,2026-07-05,S,3,0,0.6334,0.6583,600,逃げ,3まくり,980,0.76167,1,202607052304,6-1-2-4-5,0,0,76.5901,0,3-6-1;3-6-2;3-6-4;3-1-6;3-1-2;3-1-4,0,-0.21,1
1-3-5,0,0,2026-07-05,B,3,0,-1.1117,0.2221,0,逃げ,3まくり差し,2870,0.321,0,202607052310,1-2-4-6-5,0,0,30.9383,0,3-1-2;3-1-4;3-1-6;3-2-1;3-2-4;3-2-6,0,-0.05,1
1-5-2,0,0,2026-07-05,B,3,0,-0.9594,0.2602,0,逃げ,3まくり差し,2450,0.345,0,202607050404,5-2-1-6-4,0,0,33.4906,0,3-5-2;3-5-1;3-5-6;3-2-5;3-2-1;3-2-6,0,-0.05,1
1-3-2,0,0,2026-07-05,B,3,0,0.3198,0.5799,0,逃げ,3まくり差し,690,0.487,0,202607050410,1-5-6-2-4,0,0,48.9698,0,3-1-5;3-1-6;3-1-2;3-5-1;3-5-6;3-5-2,0,-0.05,1
3-5-1,1,1,2026-07-05,S,3,1,0.1472,0.5368,600,抜き,3まくり差し,1340,0.697,1,202607050503,5-1-6-4-2,1340,0,69.7972,1,3-5-1;3-5-6;3-5-4;3-1-5;3-1-6;3-1-4,0,-0.05,3
1-3-5,0,0,2026-07-05,B,3,0,0.1472,0.5368,0,逃げ,3まくり差し,1810,0.261,0,202607050512,2-1-4-6-5,0,0,26.1972,0,3-2-1;3-2-4;3-2-6;3-1-2;3-1-4;3-1-6,0,-0.05,1
1-2-5,1,0,2026-07-05,A,3,0,-0.9949,0.2513,600,逃げ,3まくり差し,710,0.571,1,202607050612,2-5-1-6-4,0,0,56.0551,0,3-2-5;3-2-1;3-2-6;3-5-2;3-5-1;3-5-6,0,-0.05,1
2-6-4,1,0,2026-07-05,A,3,0,0.2335,0.5584,600,差し,3まくり差し,5350,0.567,1,202607050906,6-4-2-1-5,0,0,56.8835,0,3-6-4;3-6-2;3-6-1;3-4-6;3-4-2;3-4-1,0,-0.05,2
1-2-3,1,0,2026-07-05,A,3,0,1.3858,0.8464,600,抜き,3まくり差し,3510,0.598,1,202607051207,5-4-1-2-6,0,0,60.9558,0,3-5-4;3-5-1;3-5-2;3-4-5;3-4-1;3-4-2,-0.5,-0.23,1
2-1-3,1,0,2026-07-05,A,3,0,1.8477,0.9619,600,まくり,3まくり差し,680,0.642,1,202607051208,2-4-1-6-5,0,0,65.8177,0,3-2-4;3-2-1;3-2-6;3-4-2;3-4-1;3-4-6,-0.5,-0.23,2
1-2-3,1,0,2026-07-05,A,3,0,1.6751,0.9188,600,逃げ,3まくり差し,550,0.609,1,202607052205,2-1-4-6-5,0,0,62.5251,0,3-2-1;3-2-4;3-2-6;3-1-2;3-1-4;3-1-6,0,-0.05,1
1-5-4,0,0,2026-07-05,B,3,0,-1.4315,0.1421,0,逃げ,3まくり差し,2960,0.303,0,202607052312,1-6-4-5-2,0,0,28.8185,0,3-1-6;3-1-4;3-1-5;3-6-1;3-6-4;3-6-5,0,-0.05,1
1-3-6,0,0,2026-07-05,B,3,0,0.1472,0.5368,0,逃げ,3まくり差し,1590,0.405,0,202607052403,6-5-4-1-2,0,0,40.4172,0,3-6-5;3-6-4;3-6-1;3-5-6;3-5-4;3-5-1,-0.5,-0.23,1
3-4-2,1,0,2026-07-05,A,3,1,0.1472,0.5368,600,まくり,3まくり差し,1020,0.637,1,202607052405,4-2-6-1-5,1020,0,63.7972,1,3-4-2;3-4-6;3-4-1;3-2-4;3-2-6;3-2-1,0,-0.05,3
4-1-6,1,1,2026-07-05,S,4,1,0.5861,0.6465,600,まくり差し,4カドまくり,1870,0.855,0,202607050101,6-5-3-2-1,0,0,86.0461,0,4-6-5;4-6-3;4-6-2;4-5-6;4-5-3;4-5-2,0,-0.04,4
1-3-2,1,0,2026-07-05,A,4,0,1.5385,0.8846,600,逃げ,4カドまくり,4680,0.655,0,202607050104,2-3-6-5-1,0,0,66.9985,0,4-2-3;4-2-6;4-2-5;4-3-2;4-3-6;4-3-5,0,-0.04,1
6-1-2,1,0,2026-07-05,A,4,0,0.7326,0.6832,600,まくり,4カドまくり,2460,0.621,0,202607050105,6-5-1-2-3,0,0,62.7926,0,4-6-5;4-6-1;4-6-2;4-5-6;4-5-1;4-5-2,0,-0.04,6
1-2-3,1,1,2026-07-05,S,4,0,1.2527,0.8132,600,逃げ,4カドまくり,790,0.749,0,202607050112,1-2-6-3-5,0,0,74.9627,0,4-1-2;4-1-6;4-1-3;4-2-1;4-2-6;4-2-3,-0.5,-1.19,1
2-1-4,0,0,2026-07-05,B,4,0,0.3883,0.5971,0,差し,4カドまくり,1880,0.427,0,202607050403,2-5-3-1-6,0,0,41.8983,0,4-2-5;4-2-3;4-2-1;4-5-2;4-5-3;4-5-1,-0.5,-1.19,2
1-2-4,1,0,2026-07-05,A,4,0,0.0806,0.5201,600,逃げ,4カドまくり,2840,0.563,0,202607050507,5-1-2-6-3,0,0,56.3406,0,4-5-1;4-5-2;4-5-6;4-1-5;4-1-2;4-1-6,0,-0.04,1
4-3-5,0,0,2026-07-05,B,4,1,-1.5971,0.1007,0,まくり,4カドまくり,23800,0.491,0,202607050704,5-1-3-6-2,0,1,47.4629,0,4-5-1;4-5-3;4-5-6;4-1-5;4-1-3;4-1-6,0,-0.04,4
4-6-1,1,0,2026-07-05,A,4,1,1.6337,0.9084,600,まくり,4カドまくり,41290,0.623,0,202607050904,5-1-6-2-3,0,1,63.8937,0,4-5-1;4-5-6;4-5-2;4-1-5;4-1-6;4-1-2,0,-0.04,4
5-4-2,1,0,2026-07-05,A,4,0,-1.4799,0.13,600,抜き,4カドまくり,30300,0.597,0,202607050910,2-1-3-6-5,0,0,57.0301,0,4-2-1;4-2-3;4-2-6;4-1-2;4-1-3;4-1-6,-0.5,-1.19,5
1-6-5,0,0,2026-07-05,B,4,0,0.4322,0.6081,0,逃げ,4カドまくり,26160,0.401,0,202607051306,1-2-5-3-6,0,0,39.3422,0,4-1-2;4-1-5;4-1-3;4-2-1;4-2-5;4-2-3,-0.5,-1.19,1
5-1-4,0,0,2026-07-05,B,4,0,0.7692,0.6923,0,差し,4カドまくり,34040,0.53,0,202607051802,1-3-6-2-5,0,0,53.7292,0,4-1-3;4-1-6;4-1-2;4-3-1;4-3-6;4-3-2,0,-0.04,5
1-4-2,1,1,2026-07-05,S,4,0,1.5458,0.8864,600,逃げ,4カドまくり,1510,0.689,0,202607051807,6-3-2-5-1,0,0,70.4058,0,4-6-3;4-6-2;4-6-5;4-3-6;4-3-2;4-3-5,0,-0.04,1
2-4-5,1,1,2026-07-05,S,4,0,1.3846,0.8462,600,差し,4カドまくり,32520,0.857,0,202607052102,1-2-5-6-3,0,0,90.0846,0,4-1-2;4-1-5;4-1-6;4-2-1;4-2-5;4-2-6,0.5,3.0,2
1-5-4,1,0,2026-07-05,A,4,0,-1.2308,0.1923,600,逃げ,4カドまくり,12130,0.569,0,202607052311,2-1-3-5-6,0,0,55.6292,0,4-2-1;4-2-3;4-2-5;4-1-2;4-1-3;4-1-5,0,-0.04,1
1-2-5,0,0,2026-07-05,B,4,0,0.0806,0.5201,0,逃げ,4カドまくり,3050,0.511,0,202607052408,5-1-2-3-6,0,0,51.1406,0,4-5-1;4-5-2;4-5-3;4-1-5;4-1-2;4-1-3,0,-0.04,1
1-2-3,1,1,2026-07-06,S,3,0,0.1527,0.5382,600,逃げ,3まくり差し,2570,0.757,1,202607060107,5-1-4-2-6,0,0,75.8027,0,3-5-1;3-5-4;3-5-2;3-1-5;3-1-4;3-1-2,0,-0.05,1
4-1-3,1,1,2026-07-06,S,3,0,-1.0352,0.2412,600,まくり,3まくり差し,14860,0.727,1,202607060501,6-4-5-1-2,0,0,71.6148,0,3-6-4;3-6-5;3-6-1;3-4-6;3-4-5;3-4-1,0,-0.05,4
3-1-2,1,1,2026-07-06,S,3,1,-0.6958,0.3261,600,まくり,3まくり差し,4150,0.7775,1,202607060506,6-4-1-2-5,0,0,77.0042,0,3-6-4;3-6-1;3-6-2;3-4-6;3-4-1;3-4-2,0,-0.05,3
4-3-6,1,0,2026-07-06,A,3,0,-1.2873,0.1782,600,まくり,3まくり差し,5820,0.573,1,202607060702,6-4-2-1-5,0,0,55.7827,0,3-6-4;3-6-2;3-6-1;3-4-6;3-4-2;3-4-1,-0.5,-0.23,4
1-3-2,0,0,2026-07-06,B,3,0,-1.1795,0.2051,0,逃げ,3まくり,710,0.55967,0,202607060709,2-1-5-6-4,0,0,54.7372,0,3-2-1;3-2-5;3-2-6;3-1-2;3-1-5;3-1-6,-0.5,-0.05,1
5-6-3,1,0,2026-07-06,A,3,0,-1.2088,0.1978,600,まくり,3まくり,4440,0.67167,1,202607060907,6-5-2-4-1,0,0,65.7479,0,3-6-5;3-6-2;3-6-4;3-5-6;3-5-2;3-5-4,0,-0.21,5
3-1-5,1,1,2026-07-06,S,3,1,1.9661,0.9915,600,まくり,3まくり差し,1550,0.821,1,202607061206,5-6-1-2-4,0,0,83.8361,0,3-5-6;3-5-1;3-5-2;3-6-5;3-6-1;3-6-2,-0.5,-0.23,3
2-1-3,1,1,2026-07-06,S,3,0,-1.743,0.0642,600,まくり差し,3まくり差し,750,0.975,1,202607061207,2-1-5-6-4,0,0,95.707,0,3-2-1;3-2-5;3-2-6;3-1-2;3-1-5;3-1-6,0,-0.05,2
1-3-5,1,1,2026-07-06,S,3,0,1.8109,0.9527,600,逃げ,3まくり差し,810,0.895,1,202607061301,4-1-6-5-2,0,0,91.2609,0,3-4-1;3-4-6;3-4-5;3-1-4;3-1-6;3-1-5,0,-0.05,1
1-6-2,1,0,2026-07-06,A,3,0,0.8364,0.7091,600,恵まれ,3まくり差し,470,0.661,1,202607061308,1-6-4-2-5,0,0,66.8864,0,3-1-6;3-1-4;3-1-2;3-6-1;3-6-4;3-6-2,0,-0.05,1
1-6-4,1,0,2026-07-06,A,3,0,1.5733,0.8933,600,逃げ,3まくり差し,22010,0.575,1,202607061311,5-6-1-4-2,0,0,59.0233,0,3-5-6;3-5-1;3-5-4;3-6-5;3-6-1;3-6-4,0,-0.05,1
1-6-3,0,0,2026-07-06,B,3,0,-1.5006,0.1248,0,逃げ,3まくり差し,1740,0.475,0,202607061805,6-2-5-1-4,0,0,45.9494,0,3-6-2;3-6-5;3-6-1;3-2-6;3-2-5;3-2-1,0,-0.05,1
1-2-5,1,0,2026-07-06,A,3,0,-0.7394,0.3152,600,逃げ,3まくり差し,1190,0.561,1,202607061806,5-2-6-4-1,0,0,55.3106,0,3-5-2;3-5-6;3-5-4;3-2-5;3-2-6;3-2-4,0,-0.05,1
1-2-3,1,0,2026-07-06,A,3,0,0.7685,0.6921,600,逃げ,3まくり差し,490,0.593,1,202607062212,2-1-6-5-4,0,0,60.0185,0,3-2-1;3-2-6;3-2-5;3-1-2;3-1-6;3-1-5,0,-0.05,1
2-1-4,1,0,2026-07-06,A,3,0,-1.6117,0.0971,600,差し,3まくり,2850,0.663,1,202607062403,5-4-2-6-1,0,0,64.4783,0,3-5-4;3-5-2;3-5-6;3-4-5;3-4-2;3-4-6,0,-0.21,2
1-3-6,0,0,2026-07-06,B,3,0,-0.783,0.3042,0,逃げ,3まくり差し,900,0.499,0,202607062409,6-1-5-4-2,0,0,48.887,0,3-6-1;3-6-5;3-6-4;3-1-6;3-1-5;3-1-4,-0.5,-0.23,1
1-3-2,0,0,2026-07-06,B,3,0,0.1867,0.5467,0,逃げ,3まくり差し,710,0.479,0,202607060503,2-1-6-4-5,0,0,48.0367,0,3-2-1;3-2-6;3-2-4;3-1-2;3-1-6;3-1-4,0,-0.05,1
1-2-4,1,0,2026-07-06,A,3,0,1.2291,0.8073,600,逃げ,3まくり差し,1740,0.623,1,202607060906,4-1-6-2-5,0,0,63.4791,0,3-4-1;3-4-6;3-4-2;3-1-4;3-1-6;3-1-2,0,-0.05,1
1-4-6,0,0,2026-07-06,B,3,0,1.1467,0.7867,0,逃げ,3まくり差し,1480,0.457,0,202607061808,6-4-5-1-2,0,0,46.7967,0,3-6-4;3-6-5;3-6-1;3-4-6;3-4-5;3-4-1,0,-0.05,1
1-3-5,0,0,2026-07-06,B,3,0,0.4873,0.6218,0,逃げ,3まくり差し,2170,0.389,0,202607062407,4-1-5-2-6,0,0,39.3373,0,3-4-1;3-4-5;3-4-2;3-1-4;3-1-5;3-1-2,0,-0.05,1
6-2-1,0,0,2026-07-06,B,4,0,0.9376,0.7344,0,差し,4カドまくり,17840,0.503,0,202607060111,6-1-2-5-3,0,0,50.0476,0,4-6-1;4-6-2;4-6-5;4-1-6;4-1-2;4-1-5,-0.5,-1.19,6
1-2-6,0,0,2026-07-06,B,4,0,0.9376,0.7344,0,逃げ,4カドまくり,2130,0.261,0,202607060405,6-2-1-5-3,0,0,25.8476,0,4-6-2;4-6-1;4-6-5;4-2-6;4-2-1;4-2-5,-0.5,-1.19,1
1-2-6,0,0,2026-07-06,B,4,0,-1.7077,0.0731,0,逃げ,4カドまくり,6730,0.521,0,202607060502,6-3-5-1-2,0,0,50.3523,0,4-6-3;4-6-5;4-6-1;4-3-6;4-3-5;4-3-1,0,-0.04,1
4-2-6,1,0,2026-07-06,A,4,1,0.7023,0.6756,600,まくり,4カドまくり,6680,0.625,0,202607060507,1-6-2-3-5,0,1,63.1623,0,4-1-6;4-1-2;4-1-3;4-6-1;4-6-2;4-6-3,0,-0.04,4
4-1-6,1,0,2026-07-06,A,4,1,-1.0873,0.2282,600,まくり,4カドまくり,2210,0.587,0,202607060703,1-6-3-2-5,2210,1,57.5727,1,4-1-6;4-1-3;4-1-2;4-6-1;4-6-3;4-6-2,0,-0.04,4
3-1-5,0,0,2026-07-06,B,4,0,-1.0873,0.2282,0,まくり,4カドまくり,16580,0.521,0,202607060908,2-1-6-3-5,0,0,50.9727,0,4-2-1;4-2-6;4-2-3;4-1-2;4-1-6;4-1-3,0,-0.04,3
1-2-6,0,0,2026-07-06,B,4,0,0.9091,0.7273,0,,4カドまくり,2130,0.411,0,202607060910,2-1-6-5-3,0,0,41.9691,0,4-2-1;4-2-6;4-2-5;4-1-2;4-1-6;4-1-5,0,-0.04,0
1-2-3,1,0,2026-07-06,A,4,0,0.9234,0.7308,600,逃げ,4カドまくり,900,0.55,0,202607061801,1-6-5-2-3,0,0,55.8834,0,4-1-6;4-1-5;4-1-2;4-6-1;4-6-5;4-6-2,0,-0.04,1
1-2-4,1,0,2026-07-06,A,4,0,-1.8574,0.0357,600,逃げ,4カドまくり,580,0.629,0,202607061812,1-2-5-6-3,0,0,61.0026,0,4-1-2;4-1-5;4-1-6;4-2-1;4-2-5;4-2-6,0,-0.04,1
3-5-4,0,0,2026-07-06,B,4,0,-1.5223,0.1194,0,まくり,4カドまくり,38070,0.203,0,202607062102,1-2-5-3-6,0,0,17.5877,0,4-1-2;4-1-5;4-1-3;4-2-1;4-2-5;4-2-3,-0.5,-1.19,3
1-4-3,1,1,2026-07-06,S,4,0,-1.6791,0.0802,600,逃げ,4カドまくり,900,0.799,0,202607062104,1-5-2-6-3,0,0,78.1809,0,4-1-5;4-1-2;4-1-6;4-5-1;4-5-2;4-5-6,0,-0.04,1
1-2-4,0,0,2026-07-06,B,4,0,-1.0945,0.2264,0,逃げ,4カドまくり,510,0.403,0,202607062111,1-2-6-3-5,0,0,39.1655,0,4-1-2;4-1-6;4-1-3;4-2-1;4-2-6;4-2-3,0,-0.04,1
2-4-5,1,1,2026-07-06,S,4,0,-0.8235,0.2941,600,まくり,4カドまくり,1780,0.693,0,202607062406,2-1-6-5-3,0,0,68.4365,0,4-2-1;4-2-6;4-2-5;4-1-2;4-1-6;4-1-5,0,-0.04,2
6-3-1,1,1,2026-07-06,S,4,0,1.7718,0.943,600,まくり差し,4カドまくり,124530,0.801,0,202607062411,6-1-2-3-5,0,0,81.8318,0,4-6-1;4-6-2;4-6-3;4-1-6;4-1-2;4-1-3,0,-0.04,6
3-2-5,1,1,2026-07-07,S,3,1,-1.7438,0.0641,600,恵まれ,3まくり,12710,0.72967,1,202607070102,6-4-1-5-2,0,0,71.1729,0,3-6-4;3-6-1;3-6-5;3-4-6;3-4-1;3-4-5,-0.5,-0.05,3
1-3-5,1,1,2026-07-07,S,3,0,1.1673,0.7918,600,逃げ,3まくり,560,0.691,1,202607070107,1-5-4-2-6,0,0,70.2173,0,3-1-5;3-1-4;3-1-2;3-5-1;3-5-4;3-5-2,-0.5,-0.05,1
3-6-4,0,0,2026-07-07,B,3,1,1.8292,0.9573,0,まくり,3まくり,3950,0.42633,0,202607070109,6-4-2-1-5,0,1,44.4125,1,3-6-4;3-6-2;3-6-1;3-4-6;3-4-2;3-4-1,-0.5,-0.05,3
5-4-1,1,0,2026-07-07,A,3,0,0.4199,0.605,600,まくり差し,3まくり,51110,0.563,1,202607070506,4-2-5-1-6,0,0,56.5099,0,3-4-2;3-4-5;3-4-1;3-2-4;3-2-5;3-2-1,0,-0.21,5
1-5-6,0,0,2026-07-07,B,3,0,0.1993,0.5498,0,逃げ,3まくり,25350,0.50367,0,202607071009,1-2-4-6-5,0,0,50.516,0,3-1-2;3-1-4;3-1-6;3-2-1;3-2-4;3-2-6,-0.5,-0.05,1
4-2-6,0,0,2026-07-07,B,3,0,0.1302,0.5325,0,まくり,3まくり差し,14630,0.387,0,202607071104,6-1-4-5-2,0,0,38.7802,0,3-6-1;3-6-4;3-6-5;3-1-6;3-1-4;3-1-5,0,-0.05,4
1-2-3,0,0,2026-07-07,B,3,0,0.1993,0.5498,0,逃げ,3まくり,9380,0.36967,0,202607071108,4-5-1-6-2,0,0,36.956,0,3-4-5;3-4-1;3-4-6;3-5-4;3-5-1;3-5-6,0,-0.21,1
1-3-5,0,0,2026-07-07,B,3,0,0.1302,0.5325,0,逃げ,3まくり差し,2000,0.441,0,202607071112,1-2-6-4-5,0,0,44.1802,0,3-1-2;3-1-6;3-1-4;3-2-1;3-2-6;3-2-4,0,-0.05,1
3-1-2,1,1,2026-07-07,S,3,1,0.4698,0.6174,600,まくり差し,3まくり,2290,0.758,1,202607071305,1-4-5-2-6,2290,0,76.2198,1,3-1-4;3-1-5;3-1-2;3-4-1;3-4-5;3-4-2,-0.5,-0.05,3
6-1-4,1,1,2026-07-07,S,3,0,2.0,1.0,600,差し,3まくり差し,26580,0.897,1,202607071803,6-1-4-2-5,0,0,91.65,0,3-6-1;3-6-4;3-6-2;3-1-6;3-1-4;3-1-2,0,-0.05,6
1-3-4,1,0,2026-07-07,A,3,0,0.2059,0.5515,600,逃げ,3まくり差し,880,0.655,1,202607071808,5-1-4-6-2,0,0,65.6559,0,3-5-1;3-5-4;3-5-6;3-1-5;3-1-4;3-1-6,0,-0.05,1
1-4-2,0,0,2026-07-07,B,3,0,0.9822,0.7456,0,逃げ,3まくり,1630,0.298,0,202607071811,4-6-1-5-2,0,0,30.5722,0,3-4-6;3-4-1;3-4-5;3-6-4;3-6-1;3-6-5,0,-0.21,1
2-1-6,1,0,2026-07-07,A,3,0,0.1302,0.5325,600,まくり差し,3まくり差し,5840,0.631,1,202607072002,2-4-6-5-1,0,0,63.1802,0,3-2-4;3-2-6;3-2-5;3-4-2;3-4-6;3-4-5,0,-0.05,2
3-5-2,1,0,2026-07-07,A,3,1,0.1302,0.5325,600,まくり,3まくり差し,4310,0.601,1,202607072004,2-5-4-1-6,4310,0,60.1802,1,3-2-5;3-2-4;3-2-1;3-5-2;3-5-4;3-5-1,0,-0.05,3
6-3-1,0,0,2026-07-07,B,3,0,0.1993,0.5498,0,抜き,3まくり,7550,0.26033,0,202607072006,6-4-5-1-2,0,0,26.1826,0,3-6-4;3-6-5;3-6-1;3-4-6;3-4-5;3-4-1,-0.5,-0.05,6
1-4-3,1,0,2026-07-07,A,3,0,0.7544,0.6886,600,逃げ,3まくり,1160,0.56233,1,202607072402,4-5-2-6-1,0,0,56.7778,0,3-4-5;3-4-2;3-4-6;3-5-4;3-5-2;3-5-6,0,-0.21,1
1-3-5,1,0,2026-07-07,A,3,0,0.5941,0.6485,600,逃げ,3まくり差し,800,0.619,1,202607072405,5-6-1-2-4,0,0,62.4441,0,3-5-6;3-5-1;3-5-2;3-6-5;3-6-1;3-6-2,0,-0.05,1
3-1-6,1,1,2026-07-07,S,3,1,1.6118,0.903,600,まくり,3まくり差し,2090,0.703,1,202607070510,6-1-4-2-5,2090,0,71.8618,1,3-6-1;3-6-4;3-6-2;3-1-6;3-1-4;3-1-2,0,-0.05,3
5-3-2,1,0,2026-07-07,A,3,0,1.0627,0.7657,600,まくり,3まくり差し,45250,0.611,1,202607070511,1-5-6-4-2,0,0,62.1127,0,3-1-5;3-1-6;3-1-4;3-5-1;3-5-6;3-5-4,0,-0.05,5
2-1-5,1,1,2026-07-07,S,3,0,0.7361,0.684,600,差し,3まくり差し,11580,0.731,1,202607071301,1-4-6-5-2,0,0,73.6061,0,3-1-4;3-1-6;3-1-5;3-4-1;3-4-6;3-4-5,-0.5,-0.23,2
3-5-4,0,0,2026-07-07,B,3,1,0.3527,0.5882,0,まくり差し,3まくり差し,3950,0.507,0,202607071807,4-6-5-2-1,0,1,50.8227,0,3-4-6;3-4-5;3-4-2;3-6-4;3-6-5;3-6-2,-0.5,-0.23,3
1-3-2,0,0,2026-07-07,B,3,0,0.1302,0.5325,0,逃げ,3まくり差し,1010,0.429,0,202607072012,6-4-5-2-1,0,0,42.9802,0,3-6-4;3-6-5;3-6-2;3-4-6;3-4-5;3-4-2,0,-0.05,1
1-3-4,0,0,2026-07-07,B,3,0,-0.6698,0.3325,0,逃げ,3まくり差し,830,0.411,0,202607072410,5-1-6-2-4,0,0,40.2002,0,3-5-1;3-5-6;3-5-2;3-1-5;3-1-6;3-1-2,-0.5,-0.23,1
4-1-5,0,0,2026-07-07,B,4,1,0.0661,0.5165,0,まくり,4カドまくり,2480,0.473,0,202607070201,5-1-2-6-3,0,1,46.1761,1,4-5-1;4-5-2;4-5-6;4-1-5;4-1-2;4-1-6,-0.5,-1.19,4
4-1-2,0,0,2026-07-07,B,4,1,1.7148,0.9287,0,まくり,4カドまくり,3050,0.507,0,202607070205,1-2-5-6-3,0,1,52.3748,1,4-1-2;4-1-5;4-1-6;4-2-1;4-2-5;4-2-6,0,-0.04,4
1-3-5,1,0,2026-07-07,A,4,0,0.0661,0.5165,600,逃げ,4カドまくり,1430,0.615,0,202607070804,5-6-3-1-2,0,0,61.5261,0,4-5-6;4-5-3;4-5-1;4-6-5;4-6-3;4-6-1,0,-0.04,1
4-1-2,1,0,2026-07-07,A,4,1,0.0661,0.5165,600,まくり差し,4カドまくり,3980,0.577,0,202607070806,1-6-2-3-5,3980,0,57.7261,1,4-1-6;4-1-2;4-1-3;4-6-1;4-6-2;4-6-3,0,-0.04,4
6-1-2,1,1,2026-07-07,S,4,0,0.0661,0.5165,600,まくり,4カドまくり,74510,0.751,0,202607070809,2-5-6-1-3,0,0,75.1261,0,4-2-5;4-2-6;4-2-1;4-5-2;4-5-6;4-5-1,0,-0.04,6
1-2-4,1,1,2026-07-07,S,4,0,0.0661,0.5165,600,逃げ,4カドまくり,1430,0.769,0,202607071012,5-2-1-3-6,0,0,75.7761,0,4-5-2;4-5-1;4-5-3;4-2-5;4-2-1;4-2-3,-0.5,-1.19,1
1-3-4,1,1,2026-07-07,S,4,0,1.2765,0.8191,600,逃げ,4カドまくり,1970,0.745,0,202607071208,6-1-5-2-3,0,0,74.5865,0,4-6-1;4-6-5;4-6-2;4-1-6;4-1-5;4-1-2,-0.5,-1.19,1
1-5-6,1,0,2026-07-07,A,4,0,1.6313,0.9078,600,逃げ,4カドまくり,26750,0.614,0,202607071306,1-3-5-6-2,0,0,62.9913,0,4-1-3;4-1-5;4-1-6;4-3-1;4-3-5;4-3-6,0,-0.04,1
1-3-4,1,1,2026-07-07,S,4,0,0.2817,0.5704,600,逃げ,4カドまくり,1020,0.805,0,202607071801,1-2-5-6-3,0,0,80.7417,0,4-1-2;4-1-5;4-1-6;4-2-1;4-2-5;4-2-6,0,-0.04,1
1-4-2,1,1,2026-07-07,S,4,0,0.7896,0.6974,600,逃げ,4カドまくり,1630,0.764,0,202607071811,6-1-5-2-3,0,0,77.1496,0,4-6-1;4-6-5;4-6-2;4-1-6;4-1-5;4-1-2,0,-0.04,1
3-4-1,1,0,2026-07-07,A,4,0,0.0661,0.5165,600,まくり,4カドまくり,4190,0.601,0,202607072007,6-1-3-5-2,0,0,60.1261,0,4-6-1;4-6-3;4-6-5;4-1-6;4-1-3;4-1-5,0,-0.04,3
1-4-3,1,0,2026-07-07,A,4,0,0.0661,0.5165,600,逃げ,4カドまくり,1080,0.563,0,202607072011,1-6-3-5-2,0,0,56.3261,0,4-1-6;4-1-3;4-1-5;4-6-1;4-6-3;4-6-5,0,-0.04,1
2-3-1,0,0,2026-07-07,B,4,0,-0.9774,0.2557,0,差し,4カドまくり,2250,0.453,0,202607072406,3-2-6-1-5,0,0,43.1326,0,4-3-2;4-3-6;4-3-1;4-2-3;4-2-6;4-2-1,-0.5,-1.19,2
4-1-5,0,0,2026-07-07,B,4,1,-0.713,0.3217,0,まくり,4カドまくり,3310,0.313,0,202607072407,1-2-3-5-6,0,1,30.547,1,4-1-2;4-1-3;4-1-5;4-2-1;4-2-3;4-2-5,0,-0.04,4
3-2-4,1,0,2026-07-08,A,3,1,0.3963,0.5991,600,まくり,3まくり差し,14020,0.615,1,202607080210,6-4-1-2-5,0,0,61.6663,0,3-6-4;3-6-1;3-6-2;3-4-6;3-4-1;3-4-2,-0.5,-0.23,3
1-6-2,0,0,2026-07-08,B,3,0,-1.4516,0.1371,0,逃げ,3まくり差し,1820,0.545,0,202607080503,6-1-5-4-2,0,0,52.8184,0,3-6-1;3-6-5;3-6-4;3-1-6;3-1-5;3-1-4,-0.5,-0.23,1
1-3-2,1,0,2026-07-08,A,3,0,-0.9568,0.2608,600,逃げ,3まくり,1180,0.63833,1,202607080804,4-6-1-5-2,0,0,62.6665,0,3-4-6;3-4-1;3-4-5;3-6-4;3-6-1;3-6-5,0,-0.21,1
1-6-3,1,1,2026-07-08,S,3,0,1.6131,0.9033,600,逃げ,3まくり,2470,0.68367,1,202607080805,6-4-2-1-5,0,0,69.7698,0,3-6-4;3-6-2;3-6-1;3-4-6;3-4-2;3-4-1,0,-0.21,1
2-1-5,0,0,2026-07-08,B,3,0,-1.0604,0.2349,0,差し,3まくり,7000,0.507,0,202607081004,2-1-6-5-4,0,0,49.5896,0,3-2-1;3-2-6;3-2-5;3-1-2;3-1-6;3-1-5,-0.5,-0.05,2
3-4-5,0,0,2026-07-08,B,3,1,-1.1982,0.2005,0,差し,3まくり差し,6700,0.501,0,202607081010,6-5-2-4-1,0,0,48.6718,0,3-6-5;3-6-2;3-6-4;3-5-6;3-5-2;3-5-4,-0.5,-0.23,3
2-1-3,1,0,2026-07-08,A,3,0,-0.9355,0.2661,600,まくり,3まくり差し,1390,0.607,1,202607081109,1-2-4-5-6,0,0,59.7145,0,3-1-2;3-1-4;3-1-5;3-2-1;3-2-4;3-2-5,0,-0.05,2
3-4-2,0,0,2026-07-08,B,3,1,-1.1434,0.2142,0,まくり差し,3まくり,47700,0.376,0,202607081212,6-5-4-2-1,0,0,36.4066,0,3-6-5;3-6-4;3-6-2;3-5-6;3-5-4;3-5-2,-0.5,-0.05,3
2-1-4,1,0,2026-07-08,A,3,0,-1.7513,0.0622,600,差し,3まくり,4250,0.634,1,202607081804,1-2-6-5-4,0,0,61.4387,0,3-1-2;3-1-6;3-1-5;3-2-1;3-2-6;3-2-5,0,-0.21,2
4-3-5,1,1,2026-07-08,S,3,0,-0.8618,0.2846,600,まくり差し,3まくり差し,8840,0.701,1,202607082002,5-6-4-1-2,0,0,69.1882,0,3-5-6;3-5-4;3-5-1;3-6-5;3-6-4;3-6-1,0,-0.05,4
2-3-6,1,1,2026-07-08,S,3,0,0.7788,0.6947,600,まくり差し,3まくり差し,3540,0.863,1,202607082004,6-5-2-4-1,0,0,86.8488,0,3-6-5;3-6-2;3-6-4;3-5-6;3-5-2;3-5-4,-0.5,-0.23,2
3-6-2,1,1,2026-07-08,S,3,1,0.2314,0.5579,600,逃げ,3まくり,3880,0.74567,1,202607082007,6-1-2-5-4,3880,0,74.7481,1,3-6-1;3-6-2;3-6-5;3-1-6;3-1-2;3-1-5,-0.5,-0.05,3
1-3-2,0,0,2026-07-08,B,3,0,-1.7235,0.0691,0,逃げ,3まくり差し,3210,0.405,0,202607082009,6-4-1-5-2,0,0,38.5465,0,3-6-4;3-6-1;3-6-5;3-4-6;3-4-1;3-4-5,-0.5,-0.23,1
1-5-3,0,0,2026-07-08,B,3,0,-0.867,0.2832,0,逃げ,3まくり,1980,0.33767,0,202607082411,1-4-6-2-5,0,0,32.8497,0,3-1-4;3-1-6;3-1-2;3-4-1;3-4-6;3-4-2,-0.5,-0.05,1
1-4-5,0,0,2026-07-08,B,3,0,1.1152,0.7788,0,逃げ,3まくり差し,4990,0.525,0,202607080111,2-1-6-4-5,0,0,53.5652,0,3-2-1;3-2-6;3-2-4;3-1-2;3-1-6;3-1-4,0,-0.05,1
5-1-3,0,0,2026-07-08,B,3,0,0.3502,0.5876,0,まくり差し,3まくり差し,12270,0.403,0,202607080203,5-4-2-6-1,0,0,40.4202,0,3-5-4;3-5-2;3-5-6;3-4-5;3-4-2;3-4-6,-0.5,-0.23,5
3-4-5,0,0,2026-07-08,B,3,1,-1.6682,0.0829,0,まくり,3まくり差し,10760,0.539,0,202607080208,6-2-5-1-4,0,0,52.0018,0,3-6-2;3-6-5;3-6-1;3-2-6;3-2-5;3-2-1,-0.5,-0.23,3
1-4-3,0,0,2026-07-08,B,3,0,-1.6728,0.0818,0,逃げ,3まくり差し,1180,0.455,0,202607080211,2-1-4-6-5,0,0,43.7772,0,3-2-1;3-2-4;3-2-6;3-1-2;3-1-4;3-1-6,0,-0.05,1
4-2-5,1,0,2026-07-08,A,3,0,1.9355,0.9839,600,まくり,3まくり差し,70440,0.587,1,202607080505,6-1-5-2-4,0,0,60.5855,0,3-6-1;3-6-5;3-6-2;3-1-6;3-1-5;3-1-2,0,-0.05,4
1-2-3,0,0,2026-07-08,B,3,0,0.2442,0.5611,0,逃げ,3まくり差し,2920,0.473,0,202607080807,5-6-2-4-1,0,0,47.4942,0,3-5-6;3-5-2;3-5-4;3-6-5;3-6-2;3-6-4,0,-0.05,1
3-1-6,1,0,2026-07-08,A,3,1,1.5023,0.8756,600,まくり差し,3まくり差し,1610,0.643,1,202607081006,6-2-5-1-4,0,1,65.5723,0,3-6-2;3-6-5;3-6-1;3-2-6;3-2-5;3-2-1,-0.5,-0.23,3
1-6-2,0,0,2026-07-08,B,3,0,-1.9309,0.0173,0,逃げ,3まくり差し,1510,0.11,0,202607081205,6-1-5-2-4,0,0,8.8391,0,3-6-1;3-6-5;3-6-2;3-1-6;3-1-5;3-1-2,-0.5,-0.23,1
1-6-3,0,0,2026-07-08,B,3,0,1.6682,0.9171,0,逃げ,3まくり差し,3790,0.459,0,202607081207,6-1-2-5-4,0,0,47.3382,0,3-6-1;3-6-2;3-6-5;3-1-6;3-1-2;3-1-5,-0.5,-0.23,1
1-4-3,1,1,2026-07-08,S,3,0,0.1659,0.5415,600,逃げ,3まくり差し,1030,0.675,1,202607081302,4-1-5-6-2,0,0,67.6159,0,3-4-1;3-4-5;3-4-6;3-1-4;3-1-5;3-1-6,0,-0.05,1
5-4-3,1,1,2026-07-08,S,3,0,-1.2673,0.1832,600,まくり差し,3まくり差し,16420,0.725,1,202607082403,5-2-1-6-4,0,0,71.1827,0,3-5-2;3-5-1;3-5-6;3-2-5;3-2-1;3-2-6,0,-0.05,5
3-1-4,1,1,2026-07-08,S,4,0,1.2122,0.8031,600,まくり差し,4カドまくり,6400,0.809,0,202607080509,5-1-3-6-2,0,0,82.0722,0,4-5-1;4-5-3;4-5-6;4-1-5;4-1-3;4-1-6,0,-0.04,3
6-3-1,0,0,2026-07-08,B,4,0,1.3548,0.8387,0,差し,4カドまくり,148390,0.253,0,202607080511,6-3-1-2-5,0,0,26.6148,0,4-6-3;4-6-1;4-6-2;4-3-6;4-3-1;4-3-2,0,-0.04,6
3-6-4,0,0,2026-07-08,B,4,0,0.3837,0.5959,0,差し,4カドまくり,23650,0.239,0,202607081110,6-1-3-5-2,0,0,23.0937,0,4-6-1;4-6-3;4-6-5;4-1-6;4-1-3;4-1-5,-0.5,-1.19,3
1-2-3,0,0,2026-07-08,B,4,0,-0.8591,0.2852,0,逃げ,4カドまくり,1310,0.39,0,202607081209,1-6-5-2-3,0,0,36.9509,0,4-1-6;4-1-5;4-1-2;4-6-1;4-6-5;4-6-2,-0.5,-1.19,1
4-1-6,0,0,2026-07-08,B,4,1,-1.9525,0.0119,0,抜き,4カドまくり,3030,0.371,0,202607081303,6-2-1-3-5,0,0,35.1075,0,4-6-2;4-6-1;4-6-3;4-2-6;4-2-1;4-2-3,0,-0.04,4
4-5-6,0,0,2026-07-08,B,4,1,-1.0153,0.2462,0,まくり,4カドまくり,2060,0.449,0,202607081308,6-1-5-3-2,0,1,43.8447,0,4-6-1;4-6-5;4-6-3;4-1-6;4-1-5;4-1-3,0,-0.04,4
4-1-3,1,1,2026-07-08,S,4,1,1.9864,0.9966,600,まくり,4カドまくり,3960,0.775,0,202607081312,5-1-3-6-2,3960,1,78.2964,1,4-5-1;4-5-3;4-5-6;4-1-5;4-1-3;4-1-6,-0.5,-1.19,4
2-1-3,0,0,2026-07-08,B,4,0,-1.5586,0.1104,0,差し,4カドまくり,2800,0.427,0,202607081803,6-1-2-5-3,0,0,41.1014,0,4-6-1;4-6-2;4-6-5;4-1-6;4-1-2;4-1-5,0,-0.04,2
1-3-4,0,0,2026-07-08,B,4,0,-1.7759,0.056,0,逃げ,4カドまくり,1170,0.18,0,202607081811,1-3-2-5-6,0,0,16.1841,0,4-1-3;4-1-2;4-1-5;4-3-1;4-3-2;4-3-5,0,-0.04,1
4-3-5,0,0,2026-07-08,B,4,1,0.9745,0.7436,0,まくり,4カドまくり,36280,0.369,0,202607082005,1-2-6-3-5,0,1,37.8345,0,4-1-2;4-1-6;4-1-3;4-2-1;4-2-6;4-2-3,0,-0.04,4
3-5-6,1,1,2026-07-09,S,3,1,1.4132,0.8533,600,まくり,3まくり,5640,0.75033,1,202607090105,6-5-1-4-2,5640,1,76.2365,1,3-6-5;3-6-1;3-6-4;3-5-6;3-5-1;3-5-4,0,-0.21,3
4-6-5,1,1,2026-07-09,S,3,0,1.6155,0.9039,600,まくり,3まくり,5860,0.80767,1,202607090206,4-6-5-1-2,0,0,82.3322,0,3-4-6;3-4-5;3-4-1;3-6-4;3-6-5;3-6-1,-0.5,-0.05,4
1-5-6,0,0,2026-07-09,B,3,0,-1.7268,0.0683,0,逃げ,3まくり差し,920,0.405,0,202607090207,5-6-1-2-4,0,0,38.7232,0,3-5-6;3-5-1;3-5-2;3-6-5;3-6-1;3-6-2,0,-0.05,1
3-1-6,0,0,2026-07-09,B,3,1,-1.252,0.187,0,まくり,3まくり差し,2150,0.437,0,202607090209,6-1-5-2-4,0,0,42.218,1,3-6-1;3-6-5;3-6-2;3-1-6;3-1-5;3-1-2,-0.5,-0.23,3
5-3-6,1,0,2026-07-09,A,3,0,-1.4806,0.1298,600,まくり差し,3まくり,25340,0.65033,1,202607090504,4-6-5-1-2,0,0,63.3427,0,3-4-6;3-4-5;3-4-1;3-6-4;3-6-5;3-6-1,0,-0.21,5
5-1-2,0,0,2026-07-09,B,3,0,-1.7178,0.0705,0,抜き,3まくり差し,11730,0.365,0,202607090511,1-2-5-6-4,0,0,34.5522,0,3-1-2;3-1-5;3-1-6;3-2-1;3-2-5;3-2-6,-0.5,-0.23,5
1-3-4,0,0,2026-07-09,B,3,0,-1.4804,0.1299,0,逃げ,3まくり差し,480,0.547,0,202607090801,1-5-4-6-2,0,0,53.1696,0,3-1-5;3-1-4;3-1-6;3-5-1;3-5-4;3-5-6,0,-0.05,1
3-4-2,1,0,2026-07-09,A,3,1,1.4604,0.8651,600,まくり,3まくり,1920,0.53767,1,202607090803,4-5-2-6-1,1920,1,55.177,1,3-4-5;3-4-2;3-4-6;3-5-4;3-5-2;3-5-6,-0.5,-0.05,3
1-2-3,1,1,2026-07-09,S,3,0,0.5622,0.6405,600,逃げ,3まくり差し,1000,0.677,1,202607090809,1-5-6-4-2,0,0,68.2122,0,3-1-5;3-1-6;3-1-4;3-5-1;3-5-6;3-5-4,0,-0.05,1
1-3-2,0,0,2026-07-09,B,3,0,-0.6981,0.3255,0,逃げ,3まくり,720,0.505,0,202607090812,6-1-4-2-5,0,0,49.5919,0,3-6-1;3-6-4;3-6-2;3-1-6;3-1-4;3-1-2,0,-0.21,1
1-3-2,0,0,2026-07-09,B,3,0,-0.7189,0.3203,0,逃げ,3まくり差し,3700,0.525,0,202607091103,5-6-2-1-4,0,0,51.7311,0,3-5-6;3-5-2;3-5-1;3-6-5;3-6-2;3-6-1,0,-0.05,1
4-3-5,1,0,2026-07-09,A,3,0,0.1321,0.533,600,まくり,3まくり差し,26970,0.623,1,202607091406,2-6-4-1-5,0,0,62.3821,0,3-2-6;3-2-4;3-2-1;3-6-2;3-6-4;3-6-1,0,-0.05,4
1-5-3,0,0,2026-07-09,B,3,0,0.199,0.5497,0,逃げ,3まくり,2100,0.443,0,202607091505,5-6-2-1-4,0,0,44.289,0,3-5-6;3-5-2;3-5-1;3-6-5;3-6-2;3-6-1,0,-0.21,1
1-2-5,1,0,2026-07-09,A,3,0,0.199,0.5497,600,逃げ,3まくり,4650,0.58433,1,202607091604,4-5-2-1-6,0,0,58.5823,0,3-4-5;3-4-2;3-4-1;3-5-4;3-5-2;3-5-1,-0.5,-0.05,1
2-1-4,1,1,2026-07-09,S,3,0,0.1321,0.533,600,まくり,3まくり差し,4620,0.761,1,202607091607,4-2-6-5-1,0,0,76.1821,0,3-4-2;3-4-6;3-4-5;3-2-4;3-2-6;3-2-5,0,-0.05,2
1-3-5,1,1,2026-07-09,S,3,0,1.9373,0.9843,600,逃げ,3まくり差し,1590,0.691,1,202607092012,1-4-5-6-2,0,0,70.8073,0,3-1-4;3-1-5;3-1-6;3-4-1;3-4-5;3-4-6,-0.5,-0.23,1
1-3-2,0,0,2026-07-09,B,3,0,0.271,0.5677,0,逃げ,3まくり差し,500,0.361,0,202607090107,1-6-2-4-5,0,0,36.141,0,3-1-6;3-1-2;3-1-4;3-6-1;3-6-2;3-6-4,-0.5,-0.23,1
1-5-3,1,1,2026-07-09,S,3,0,1.2251,0.8063,600,逃げ,3まくり差し,3970,0.819,1,202607090502,4-1-2-6-5,0,0,83.0751,0,3-4-1;3-4-2;3-4-6;3-1-4;3-1-2;3-1-6,0,-0.05,1
3-1-4,1,1,2026-07-09,S,3,1,0.1635,0.5409,600,差し,3まくり差し,1080,0.923,1,202607091010,5-4-6-1-2,0,0,92.4135,0,3-5-4;3-5-6;3-5-1;3-4-5;3-4-6;3-4-1,0,-0.05,3
4-3-5,1,0,2026-07-09,A,3,0,0.1321,0.533,600,まくり,3まくり差し,1870,0.565,1,202607091504,4-5-2-1-6,0,0,56.5821,0,3-4-5;3-4-2;3-4-1;3-5-4;3-5-2;3-5-1,0,-0.05,4
5-3-1,0,0,2026-07-09,B,3,0,0.1321,0.533,0,まくり差し,3まくり差し,4360,0.549,0,202607091603,5-4-6-1-2,0,0,54.8021,0,3-5-4;3-5-6;3-5-1;3-4-5;3-4-6;3-4-1,-0.5,-0.23,5
1-2-4,1,0,2026-07-09,A,3,0,1.1041,0.776,600,逃げ,3まくり差し,710,0.619,1,202607092410,1-5-6-4-2,0,0,62.7741,0,3-1-5;3-1-6;3-1-4;3-5-1;3-5-6;3-5-4,-0.5,-0.23,1
1-4-5,0,0,2026-07-09,B,4,0,0.6711,0.6678,0,逃げ,4カドまくり,6750,0.511,0,202607090204,6-1-2-3-5,0,0,50.5811,0,4-6-1;4-6-2;4-6-3;4-1-6;4-1-2;4-1-3,-0.5,-1.19,1
1-5-3,1,1,2026-07-09,S,4,0,1.7663,0.9416,600,逃げ,4カドまくり,9180,0.855,0,202607090211,3-6-2-1-5,0,0,86.0763,0,4-3-6;4-3-2;4-3-1;4-6-3;4-6-2;4-6-1,-0.5,-1.19,1
6-4-3,1,1,2026-07-09,S,4,0,0.8581,0.7145,600,まくり,4カドまくり,23220,0.745,0,202607090503,6-1-2-5-3,0,0,75.3181,0,4-6-1;4-6-2;4-6-5;4-1-6;4-1-2;4-1-5,0,-0.04,6
6-2-4,0,0,2026-07-09,B,4,0,-1.8464,0.0384,0,まくり,4カドまくり,13440,0.295,0,202607090507,3-6-2-5-1,0,0,26.4636,0,4-3-6;4-3-2;4-3-5;4-6-3;4-6-2;4-6-5,-0.5,-1.19,6
1-3-4,1,1,2026-07-09,S,4,0,1.7195,0.9299,600,逃げ,4カドまくり,1880,0.659,0,202607090509,6-1-2-5-3,0,0,67.5795,0,4-6-1;4-6-2;4-6-5;4-1-6;4-1-2;4-1-5,0,-0.04,1
1-4-2,0,0,2026-07-09,B,4,0,-1.2521,0.187,0,逃げ,4カドまくり,570,0.373,0,202607090510,2-1-6-5-3,0,0,36.0079,0,4-2-1;4-2-6;4-2-5;4-1-2;4-1-6;4-1-5,0,-0.04,1
4-1-2,1,1,2026-07-09,S,4,1,0.5309,0.6327,600,差し,4カドまくり,6610,0.707,0,202607090802,3-5-2-6-1,0,0,71.1909,0,4-3-5;4-3-2;4-3-6;4-5-3;4-5-2;4-5-6,0,-0.04,4
1-3-4,1,1,2026-07-09,S,4,0,1.0317,0.7579,600,逃げ,4カドまくり,2010,0.745,0,202607090804,3-5-6-2-1,0,0,75.4917,0,4-3-5;4-3-6;4-3-2;4-5-3;4-5-6;4-5-2,0,-0.04,1
1-4-2,0,0,2026-07-09,B,4,0,1.1519,0.788,0,逃げ,4カドまくり,740,0.517,0,202607091003,1-6-3-5-2,0,0,51.6619,0,4-1-6;4-1-3;4-1-5;4-6-1;4-6-3;4-6-5,-0.5,-1.19,1
5-1-4,0,0,2026-07-09,B,4,0,1.2387,0.8097,0,抜き,4カドまくり,9980,0.509,0,202607091101,1-5-6-2-3,0,0,52.0987,0,4-1-5;4-1-6;4-1-2;4-5-1;4-5-6;4-5-2,0,-0.04,5
1-4-6,1,1,2026-07-09,S,4,0,0.2905,0.5726,600,逃げ,4カドまくり,1910,0.699,0,202607091112,1-2-5-6-3,0,0,70.1505,0,4-1-2;4-1-5;4-1-6;4-2-1;4-2-5;4-2-6,0,-0.04,1
4-5-2,0,0,2026-07-09,B,4,1,0.0768,0.5192,0,まくり差し,4カドまくり,2320,0.269,0,202607091407,1-2-5-6-3,0,0,25.7868,0,4-1-2;4-1-5;4-1-6;4-2-1;4-2-5;4-2-6,-0.5,-1.19,4
4-3-5,0,0,2026-07-09,B,4,1,0.0768,0.5192,0,まくり,4カドまくり,1870,0.463,0,202607091504,3-5-2-1-6,0,1,49.3768,1,4-3-5;4-3-2;4-3-1;4-5-3;4-5-2;4-5-1,0.5,3.0,4
4-1-6,1,0,2026-07-09,A,4,1,-1.6795,0.0801,600,差し,4カドまくり,3020,0.589,0,202607092006,2-6-3-5-1,0,0,56.0305,0,4-2-6;4-2-3;4-2-5;4-6-2;4-6-3;4-6-5,-0.5,-1.19,4
1-3-4,1,1,2026-07-09,S,4,0,1.2988,0.8247,600,逃げ,4カドまくり,1950,0.743,0,202607092409,1-5-3-2-6,0,0,78.5988,0,4-1-5;4-1-3;4-1-2;4-5-1;4-5-3;4-5-2,0.5,3.0,1
1-3-2,0,0,2026-07-10,B,3,0,-1.3617,0.1596,0,逃げ,3まくり差し,1490,0.341,0,202607100212,5-4-6-1-2,0,0,32.6883,0,3-5-4;3-5-6;3-5-1;3-4-5;3-4-6;3-4-1,0,-0.05,1
6-5-1,0,0,2026-07-10,B,3,0,0.1333,0.5333,0,まくり差し,3まくり差し,18190,0.539,0,202607100610,5-6-1-4-2,0,0,53.9833,0,3-5-6;3-5-1;3-5-4;3-6-5;3-6-1;3-6-4,0,-0.05,6
1-2-4,0,0,2026-07-10,B,3,0,0.1333,0.5333,0,逃げ,3まくり差し,1230,0.513,0,202607100611,6-5-4-2-1,0,0,51.3833,0,3-6-5;3-6-4;3-6-2;3-5-6;3-5-4;3-5-2,0,-0.05,1
3-5-4,1,0,2026-07-10,A,3,1,-1.4798,0.1301,600,まくり,3まくり差し,1710,0.585,1,202607100804,5-4-1-6-2,1710,0,56.9702,1,3-5-4;3-5-1;3-5-6;3-4-5;3-4-1;3-4-6,0,-0.05,3
1-3-4,0,0,2026-07-10,B,3,0,1.6782,0.9195,0,逃げ,3まくり,640,0.44833,0,202607100806,1-4-5-2-6,0,0,46.3015,0,3-1-4;3-1-5;3-1-2;3-4-1;3-4-5;3-4-2,0,-0.21,1
5-6-3,1,1,2026-07-10,S,3,0,0.2135,0.5534,600,まくり差し,3まくり,55990,0.69433,1,202607100908,4-6-1-5-2,0,0,69.5968,0,3-4-6;3-4-1;3-4-5;3-6-4;3-6-1;3-6-5,-0.5,-0.05,5
1-6-2,0,0,2026-07-10,B,3,0,0.1333,0.5333,0,逃げ,3まくり差し,5840,0.233,0,202607100911,6-1-4-5-2,0,0,23.2033,0,3-6-1;3-6-4;3-6-5;3-1-6;3-1-4;3-1-5,-0.5,-0.23,1
3-4-1,1,1,2026-07-10,S,3,1,0.9508,0.7377,600,まくり差し,3まくり差し,820,0.813,1,202607101107,4-1-5-2-6,820,1,82.0208,1,3-4-1;3-4-5;3-4-2;3-1-4;3-1-5;3-1-2,-0.5,-0.23,3
1-3-4,1,1,2026-07-10,S,3,0,0.4874,0.6219,600,逃げ,3まくり差し,1160,0.673,1,202607101505,4-6-2-1-5,0,0,67.7374,0,3-4-6;3-4-2;3-4-1;3-6-4;3-6-2;3-6-1,0,-0.05,1
1-3-2,1,0,2026-07-10,A,3,0,-1.3967,0.1508,600,逃げ,3まくり差し,480,0.647,1,202607101510,1-2-5-4-6,0,0,63.2533,0,3-1-2;3-1-5;3-1-4;3-2-1;3-2-5;3-2-4,0,-0.05,1
5-1-3,0,0,2026-07-10,B,3,0,0.1333,0.5333,0,まくり差し,3まくり差し,2670,0.399,0,202607101904,5-6-1-4-2,0,0,39.9833,0,3-5-6;3-5-1;3-5-4;3-6-5;3-6-1;3-6-4,0,-0.05,5
1-4-2,0,0,2026-07-10,B,3,0,0.9377,0.7344,0,逃げ,3まくり差し,1410,0.273,0,202607102011,6-1-5-2-4,0,0,28.1877,0,3-6-1;3-6-5;3-6-2;3-1-6;3-1-5;3-1-2,0,-0.05,1
1-3-4,0,0,2026-07-10,B,3,0,0.1333,0.5333,0,逃げ,3まくり差し,1310,0.457,0,202607102203,4-2-6-5-1,0,0,45.7833,0,3-4-2;3-4-6;3-4-5;3-2-4;3-2-6;3-2-5,0,-0.05,1
4-5-3,1,1,2026-07-10,S,3,0,0.1333,0.5333,600,まくり,3まくり差し,17040,0.793,1,202607102303,1-4-2-5-6,0,0,79.2033,0,3-1-4;3-1-2;3-1-5;3-4-1;3-4-2;3-4-5,-0.5,-0.23,4
3-4-2,1,0,2026-07-10,A,3,1,0.1333,0.5333,600,まくり,3まくり差し,5530,0.567,1,202607102310,5-2-4-1-6,0,0,56.7833,0,3-5-2;3-5-4;3-5-1;3-2-5;3-2-4;3-2-1,0,-0.05,3
4-5-2,0,0,2026-07-10,B,3,0,0.1333,0.5333,0,まくり,3まくり差し,17800,0.333,0,202607102311,6-4-1-5-2,0,0,33.2033,0,3-6-4;3-6-1;3-6-5;3-4-6;3-4-1;3-4-5,-0.5,-0.23,4
5-2-3,1,1,2026-07-10,S,3,0,0.1333,0.5333,600,まくり,3まくり差し,31710,0.683,1,202607100612,6-5-4-1-2,0,0,68.3833,0,3-6-5;3-6-4;3-6-1;3-5-6;3-5-4;3-5-1,0,-0.05,5
1-2-3,0,0,2026-07-10,B,3,0,-1.5191,0.1202,0,逃げ,3まくり差し,690,0.471,0,202607101012,5-1-2-6-4,0,0,45.3509,0,3-5-1;3-5-2;3-5-6;3-1-5;3-1-2;3-1-6,-0.5,-0.23,1
3-2-4,1,0,2026-07-10,A,3,1,-1.1169,0.2208,600,まくり差し,3まくり差し,8160,0.599,1,202607101402,6-1-2-4-5,0,1,58.7331,0,3-6-1;3-6-2;3-6-4;3-1-6;3-1-2;3-1-4,0,-0.05,3
1-4-3,0,0,2026-07-10,B,3,0,1.235,0.8087,0,逃げ,3まくり差し,2990,0.239,0,202607101409,1-2-4-6-5,0,0,25.085,0,3-1-2;3-1-4;3-1-6;3-2-1;3-2-4;3-2-6,0,-0.05,1
1-4-3,1,0,2026-07-10,A,3,0,0.9902,0.7475,600,逃げ,3まくり差し,6020,0.589,1,202607101509,1-2-4-5-6,0,0,59.8402,0,3-1-2;3-1-4;3-1-5;3-2-1;3-2-4;3-2-5,0,-0.05,1
2-3-6,1,0,2026-07-10,A,3,0,-0.7847,0.3038,600,まくり,3まくり差し,9180,0.645,1,202607102002,6-5-4-2-1,0,0,63.6653,0,3-6-5;3-6-4;3-6-2;3-5-6;3-5-4;3-5-2,0,-0.05,2
1-3-4,1,1,2026-07-10,S,3,0,1.2437,0.8109,600,逃げ,3まくり差し,770,0.803,1,202607102008,2-1-6-5-4,0,0,81.4937,0,3-2-1;3-2-6;3-2-5;3-1-2;3-1-6;3-1-5,0,-0.05,1
2-1-4,0,0,2026-07-10,B,4,0,1.6026,0.9007,0,差し,4カドまくり,1940,0.511,0,202607100202,2-1-6-5-3,0,0,51.5126,0,4-2-1;4-2-6;4-2-5;4-1-2;4-1-6;4-1-5,-0.5,-1.19,2
1-2-3,0,0,2026-07-10,B,4,0,0.0586,0.5147,0,逃げ,4カドまくり,840,0.359,0,202607100603,1-5-6-2-3,0,0,35.9186,0,4-1-5;4-1-6;4-1-2;4-5-1;4-5-6;4-5-2,0,-0.04,1
2-1-5,1,0,2026-07-10,A,4,0,0.3518,0.5879,600,差し,4カドまくり,2060,0.549,0,202607100802,5-3-2-6-1,0,0,55.2118,0,4-5-3;4-5-2;4-5-6;4-3-5;4-3-2;4-3-6,0,-0.04,2
1-4-2,1,1,2026-07-10,S,4,0,1.4528,0.8632,600,逃げ,4カドまくり,1680,0.681,0,202607100811,5-1-2-6-3,0,0,68.3628,0,4-5-1;4-5-2;4-5-6;4-1-5;4-1-2;4-1-6,-0.5,-1.19,1
5-3-4,0,0,2026-07-10,B,4,0,-1.7394,0.0651,0,まくり差し,4カドまくり,4000,0.297,0,202607101006,5-6-3-2-1,0,0,26.7706,0,4-5-6;4-5-3;4-5-2;4-6-5;4-6-3;4-6-2,-0.5,-1.19,5
4-3-5,0,0,2026-07-10,B,4,1,0.5798,0.645,0,差し,4カドまくり,2800,0.391,0,202607101103,5-1-3-6-2,0,0,39.6398,0,4-5-1;4-5-3;4-5-6;4-1-5;4-1-3;4-1-6,0,-0.04,4
5-3-2,0,0,2026-07-10,B,4,0,-1.8827,0.0293,0,差し,4カドまくり,141260,0.503,0,202607101112,1-2-5-6-3,0,0,48.3773,0,4-1-2;4-1-5;4-1-6;4-2-1;4-2-5;4-2-6,0,-0.04,5
4-1-2,0,0,2026-07-10,B,4,1,-1.3029,0.1743,0,まくり,4カドまくり,2240,0.543,0,202607101407,5-1-2-6-3,0,1,52.9571,1,4-5-1;4-5-2;4-5-6;4-1-5;4-1-2;4-1-6,0,-0.04,4
1-2-6,1,1,2026-07-10,S,4,0,1.355,0.8388,600,逃げ,4カドまくり,2320,0.837,0,202607101511,1-2-3-6-5,0,0,83.865,0,4-1-2;4-1-3;4-1-6;4-2-1;4-2-3;4-2-6,-0.5,-1.19,1
1-2-3,1,1,2026-07-10,S,4,0,0.456,0.614,600,逃げ,4カドまくり,1750,0.855,0,202607101603,2-6-3-1-5,0,0,84.766,0,4-2-6;4-2-3;4-2-1;4-6-2;4-6-3;4-6-1,-0.5,-1.19,1
1-4-5,0,0,2026-07-10,B,4,0,-0.7818,0.3046,0,逃げ,4カドまくり,1290,0.507,0,202607101610,5-1-2-3-6,0,0,49.8782,0,4-5-1;4-5-2;4-5-3;4-1-5;4-1-2;4-1-3,0,-0.04,1
2-5-4,1,1,2026-07-10,S,4,0,-1.2378,0.1906,600,抜き,4カドまくり,6050,0.835,0,202607101612,2-5-1-3-6,0,0,81.0722,0,4-2-5;4-2-1;4-2-3;4-5-2;4-5-1;4-5-3,-0.5,-1.19,2
1-4-2,1,0,2026-07-10,A,4,0,0.0586,0.5147,600,逃げ,4カドまくり,790,0.645,0,202607101911,1-2-6-3-5,0,0,64.5186,0,4-1-2;4-1-6;4-1-3;4-2-1;4-2-6;4-2-3,0,-0.04,1
4-1-3,1,1,2026-07-10,S,4,1,0.9316,0.7329,600,差し,4カドまくり,9890,0.855,0,202607102003,5-6-2-1-3,0,0,85.2416,0,4-5-6;4-5-2;4-5-1;4-6-5;4-6-2;4-6-1,-0.5,-1.19,4
4-1-2,1,0,2026-07-10,A,4,1,0.0586,0.5147,600,差し,4カドまくり,4180,0.577,0,202607102205,5-2-3-1-6,0,0,57.7186,0,4-5-2;4-5-3;4-5-1;4-2-5;4-2-3;4-2-1,0,-0.04,4
4-6-2,0,0,2026-07-10,B,4,1,0.0586,0.5147,0,まくり,4カドまくり,9380,0.439,0,202607102307,2-3-6-1-5,0,1,43.9186,0,4-2-3;4-2-6;4-2-1;4-3-2;4-3-6;4-3-1,0,-0.04,4
1-3-4,1,1,2026-07-11,S,3,0,1.4542,0.8635,600,逃げ,3まくり差し,460,0.899,1,202607110201,1-4-5-6-2,0,0,91.1242,0,3-1-4;3-1-5;3-1-6;3-4-1;3-4-5;3-4-6,-0.5,-0.23,1
1-3-2,0,0,2026-07-11,B,3,0,-1.2239,0.194,0,逃げ,3まくり差し,1310,0.519,0,202607110206,6-1-2-5-4,0,0,50.6261,0,3-6-1;3-6-2;3-6-5;3-1-6;3-1-2;3-1-5,0,-0.05,1
1-5-6,1,0,2026-07-11,A,3,0,-0.9248,0.2688,600,逃げ,3まくり,8200,0.59433,1,202607110207,6-4-1-5-2,0,0,58.4585,0,3-6-4;3-6-1;3-6-5;3-4-6;3-4-1;3-4-5,-0.5,-0.05,1
3-1-2,0,0,2026-07-11,B,3,1,0.1493,0.5373,0,まくり,3まくり差し,1730,0.437,0,202607110306,4-1-5-2-6,0,0,44.7793,1,3-4-1;3-4-5;3-4-2;3-1-4;3-1-5;3-1-2,1.0,0.93,3
2-1-3,0,0,2026-07-11,B,3,0,0.1493,0.5373,0,差し,3まくり差し,6860,0.515,0,202607110308,1-5-4-6-2,0,0,51.5993,0,3-1-5;3-1-4;3-1-6;3-5-1;3-5-4;3-5-6,0,-0.05,2
1-2-5,1,1,2026-07-11,S,3,0,0.24,0.56,600,抜き,3まくり,2810,0.668,1,202607110310,1-5-6-2-4,0,0,67.14,0,3-1-5;3-1-6;3-1-2;3-5-1;3-5-6;3-5-2,0.5,0.1,1
3-1-6,1,1,2026-07-11,S,3,1,0.24,0.56,600,まくり差し,3まくり,6050,0.739,1,202607110401,6-5-2-4-1,0,0,73.93,0,3-6-5;3-6-2;3-6-4;3-5-6;3-5-2;3-5-4,0,-0.21,3
1-3-4,1,1,2026-07-11,S,3,0,-1.1258,0.2186,600,逃げ,3まくり差し,2480,0.771,1,202607111010,2-1-6-5-4,0,0,75.7442,0,3-2-1;3-2-6;3-2-5;3-1-2;3-1-6;3-1-5,-0.5,-0.23,1
1-4-5,1,1,2026-07-11,S,3,0,0.8486,0.7122,600,逃げ,3まくり差し,1560,0.681,1,202607111102,1-5-4-6-2,0,0,68.8986,0,3-1-5;3-1-4;3-1-6;3-5-1;3-5-4;3-5-6,0,-0.05,1
1-3-5,1,0,2026-07-11,A,3,0,0.4192,0.6048,600,逃げ,3まくり,1460,0.62967,1,202607111105,4-1-5-6-2,0,0,63.1759,0,3-4-1;3-4-5;3-4-6;3-1-4;3-1-5;3-1-6,0,-0.21,1
1-4-2,0,0,2026-07-11,B,3,0,-0.6695,0.3326,0,逃げ,3まくり差し,1740,0.509,0,202607111112,1-2-6-4-5,0,0,50.0005,0,3-1-2;3-1-6;3-1-4;3-2-1;3-2-6;3-2-4,-0.5,-0.23,1
1-3-2,1,0,2026-07-11,A,3,0,1.4944,0.8736,600,逃げ,3まくり,730,0.62833,1,202607111602,1-4-5-6-2,0,0,64.2777,0,3-1-4;3-1-5;3-1-6;3-4-1;3-4-5;3-4-6,-0.5,-0.05,1
1-3-4,0,0,2026-07-11,B,3,0,-1.194,0.2015,0,逃げ,3まくり差し,590,0.447,0,202607111904,6-1-4-5-2,0,0,43.456,0,3-6-1;3-6-4;3-6-5;3-1-6;3-1-4;3-1-5,0,-0.05,1
1-6-3,0,0,2026-07-11,B,3,0,-1.7568,0.0608,0,逃げ,3まくり,700,0.30433,0,202607111907,6-1-4-2-5,0,0,28.6265,0,3-6-1;3-6-4;3-6-2;3-1-6;3-1-4;3-1-2,-0.5,-0.05,1
1-2-3,0,0,2026-07-11,B,3,0,-1.8934,0.0267,0,逃げ,3まくり差し,3510,0.463,0,202607112006,5-4-1-6-2,0,0,44.1766,0,3-5-4;3-5-1;3-5-6;3-4-5;3-4-1;3-4-6,-0.5,-0.23,1
6-5-2,1,0,2026-07-11,A,3,0,-0.9184,0.2704,600,まくり,3まくり,8010,0.64033,1,202607112012,1-2-5-4-6,0,0,63.0649,0,3-1-2;3-1-5;3-1-4;3-2-1;3-2-5;3-2-4,-0.5,-0.05,6
4-3-5,0,0,2026-07-11,B,3,0,-1.9232,0.0192,0,まくり差し,3まくり差し,23940,0.265,0,202607112203,1-4-6-5-2,0,0,25.9168,0,3-1-4;3-1-6;3-1-5;3-4-1;3-4-6;3-4-5,0.5,1.34,4
3-1-6,1,0,2026-07-11,A,3,1,-1.3859,0.1535,600,差し,3まくり差し,490,0.623,1,202607112302,1-6-4-5-2,490,0,60.8641,1,3-1-6;3-1-4;3-1-5;3-6-1;3-6-4;3-6-5,0,-0.05,3
1-3-5,0,0,2026-07-11,B,3,0,0.1493,0.5373,0,逃げ,3まくり差し,1240,0.437,0,202607110305,5-1-6-4-2,0,0,45.1893,0,3-5-1;3-5-6;3-5-4;3-1-5;3-1-6;3-1-4,0.5,1.34,1
1-3-5,0,0,2026-07-11,B,3,0,0.1493,0.5373,0,逃げ,3まくり差し,1860,0.427,0,202607110312,5-2-6-1-4,0,0,44.1893,0,3-5-2;3-5-6;3-5-1;3-2-5;3-2-6;3-2-1,0.5,1.34,1
2-6-3,0,0,2026-07-11,B,3,0,0.1493,0.5373,0,差し,3まくり差し,10610,0.535,0,202607110410,2-4-1-5-6,0,0,53.5993,0,3-2-4;3-2-1;3-2-5;3-4-2;3-4-1;3-4-5,0,-0.05,2
1-3-6,1,1,2026-07-11,S,3,0,0.5203,0.6301,600,逃げ,3まくり差し,560,0.667,1,202607110909,6-1-4-5-2,0,0,67.1703,0,3-6-1;3-6-4;3-6-5;3-1-6;3-1-4;3-1-5,0,-0.05,1
5-1-4,0,0,2026-07-11,B,3,0,1.5565,0.8891,0,まくり,3まくり差し,50390,0.471,0,202607111007,6-5-4-2-1,0,0,48.4265,0,3-6-5;3-6-4;3-6-2;3-5-6;3-5-4;3-5-2,-0.5,-0.23,5
1-5-2,0,0,2026-07-11,B,3,0,0.4648,0.6162,0,逃げ,3まくり差し,3300,0.321,0,202607111407,5-6-2-1-4,0,0,32.5148,0,3-5-6;3-5-2;3-5-1;3-6-5;3-6-2;3-6-1,0,-0.05,1
3-2-5,1,0,2026-07-11,A,3,1,0.4222,0.6055,600,まくり,3まくり差し,4710,0.571,1,202607111610,5-2-6-4-1,4710,0,57.2922,1,3-5-2;3-5-6;3-5-4;3-2-5;3-2-6;3-2-4,-0.5,-0.23,3
1-3-2,1,0,2026-07-11,A,3,0,1.565,0.8913,600,逃げ,3まくり差し,690,0.593,1,202607111905,1-6-4-2-5,0,0,60.815,0,3-1-6;3-1-4;3-1-2;3-6-1;3-6-4;3-6-2,0,-0.05,1
1-3-4,1,1,2026-07-11,S,3,0,-1.2665,0.1834,600,逃げ,3まくり差し,340,0.757,1,202607112003,1-5-4-2-6,0,0,74.2035,0,3-1-5;3-1-4;3-1-2;3-5-1;3-5-4;3-5-2,-0.5,-0.23,1
2-5-4,0,0,2026-07-11,B,4,0,0.1587,0.5397,0,抜き,4カドまくり,9000,0.487,0,202607110209,6-5-2-3-1,0,0,47.6687,0,4-6-5;4-6-2;4-6-3;4-5-6;4-5-2;4-5-3,-0.5,-1.19,2
2-1-5,1,0,2026-07-11,A,4,0,0.0635,0.5159,600,差し,4カドまくり,1510,0.593,0,202607110404,2-5-6-1-3,0,0,59.3235,0,4-2-5;4-2-6;4-2-1;4-5-2;4-5-6;4-5-1,0,-0.04,2
1-5-2,0,0,2026-07-11,B,4,0,0.0635,0.5159,0,逃げ,4カドまくり,11040,0.437,0,202607110408,2-1-6-3-5,0,0,43.7235,0,4-2-1;4-2-6;4-2-3;4-1-2;4-1-6;4-1-3,0,-0.04,1
1-2-3,1,1,2026-07-11,S,4,0,0.0635,0.5159,600,逃げ,4カドまくり,1230,0.743,0,202607110409,5-2-1-3-6,0,0,74.3235,0,4-5-2;4-5-1;4-5-3;4-2-5;4-2-1;4-2-3,0,-0.04,1
2-3-6,1,1,2026-07-11,S,4,0,0.3556,0.5889,600,まくり,4カドまくり,4510,0.839,0,202607110607,6-2-3-1-5,0,0,84.2156,0,4-6-2;4-6-3;4-6-1;4-2-6;4-2-3;4-2-1,0,-0.04,2
1-4-2,1,0,2026-07-11,A,4,0,0.2032,0.5508,600,逃げ,4カドまくり,1200,0.613,0,202607110609,5-1-3-2-6,0,0,61.4632,0,4-5-1;4-5-3;4-5-2;4-1-5;4-1-3;4-1-2,0,-0.04,1
1-4-3,0,0,2026-07-11,B,4,0,0.8952,0.7238,0,逃げ,4カドまくり,2000,0.533,0,202607110612,5-6-3-2-1,0,0,53.0052,0,4-5-6;4-5-3;4-5-2;4-6-5;4-6-3;4-6-2,-0.5,-1.19,1
1-4-2,1,1,2026-07-11,S,4,0,0.4508,0.6127,600,逃げ,4カドまくり,850,0.875,0,202607110805,6-1-5-2-3,0,0,86.7608,0,4-6-1;4-6-5;4-6-2;4-1-6;4-1-5;4-1-2,-0.5,-1.19,1
2-4-1,0,0,2026-07-11,B,4,0,1.3841,0.846,0,抜き,4カドまくり,2060,0.533,0,202607110904,2-6-5-1-3,0,0,53.4941,0,4-2-6;4-2-5;4-2-1;4-6-2;4-6-5;4-6-1,-0.5,-1.19,2
1-2-5,0,0,2026-07-11,B,4,0,0.4571,0.6143,0,逃げ,4カドまくり,1060,0.505,0,202607111110,1-2-5-6-3,0,0,50.9171,0,4-1-2;4-1-5;4-1-6;4-2-1;4-2-5;4-2-6,0,-0.04,1
1-2-4,1,1,2026-07-11,S,4,0,0.1333,0.5333,600,逃げ,4カドまくり,2150,0.691,0,202607111402,3-5-1-2-6,0,0,69.1933,0,4-3-5;4-3-1;4-3-2;4-5-3;4-5-1;4-5-2,0,-0.04,1
1-4-6,0,0,2026-07-11,B,4,0,-1.073,0.2317,0,逃げ,4カドまくり,2460,0.511,0,202607111409,5-6-1-2-3,0,0,49.987,0,4-5-6;4-5-1;4-5-2;4-6-5;4-6-1;4-6-2,0,-0.04,1
4-1-5,1,0,2026-07-11,A,4,1,1.6317,0.9079,600,まくり差し,4カドまくり,1550,0.573,0,202607111609,1-6-3-2-5,0,0,57.7417,0,4-1-6;4-1-3;4-1-2;4-6-1;4-6-3;4-6-2,-0.5,-1.19,4
1-5-4,0,0,2026-07-11,B,4,0,0.8698,0.7175,0,逃げ,4カドまくり,1070,0.455,0,202607111908,1-2-5-3-6,0,0,46.3298,0,4-1-2;4-1-5;4-1-3;4-2-1;4-2-5;4-2-3,0,-0.04,1
1-2-5,0,0,2026-07-11,B,4,0,-1.7905,0.0524,0,逃げ,4カドまくり,810,0.517,0,202607112010,1-2-5-6-3,0,0,49.8695,0,4-1-2;4-1-5;4-1-6;4-2-1;4-2-5;4-2-6,0,-0.04,1
1-4-5,1,1,2026-07-11,S,4,0,1.5746,0.8937,600,逃げ,4カドまくり,810,0.661,0,202607112207,1-5-2-3-6,0,0,67.6346,0,4-1-5;4-1-2;4-1-3;4-5-1;4-5-2;4-5-3,0,-0.04,1
1-3-4,1,1,2026-07-11,S,4,0,0.5905,0.6476,600,逃げ,4カドまくり,590,0.735,0,202607112209,1-5-3-2-6,0,0,74.0505,0,4-1-5;4-1-3;4-1-2;4-5-1;4-5-3;4-5-2,0,-0.04,1
1-3-2,0,0,2026-07-11,B,4,0,-0.7175,0.3206,0,逃げ,4カドまくり,880,0.337,0,202607112210,1-2-6-3-5,0,0,32.9425,0,4-1-2;4-1-6;4-1-3;4-2-1;4-2-6;4-2-3,0,-0.04,1
4-5-2,1,0,2026-07-11,A,4,1,-0.7302,0.3175,600,抜き,4カドまくり,2970,0.633,0,202607112310,2-6-5-3-1,0,0,62.5298,0,4-2-6;4-2-5;4-2-3;4-6-2;4-6-5;4-6-3,0,-0.04,4
1-3-2,1,0,2026-07-12,A,3,0,-1.521,0.1198,600,逃げ,3まくり,870,0.63967,1,202607120211,1-2-5-6-4,0,0,62.3957,0,3-1-2;3-1-5;3-1-6;3-2-1;3-2-5;3-2-6,-0.5,-0.05,1
1-2-4,0,0,2026-07-12,B,3,0,0.2591,0.5648,0,逃げ,3まくり差し,6640,0.495,0,202607120302,5-2-6-1-4,0,0,51.0991,0,3-5-2;3-5-6;3-5-1;3-2-5;3-2-6;3-2-1,0.5,1.34,1
3-1-4,0,0,2026-07-12,B,3,1,0.4821,0.6205,0,抜き,3まくり,710,0.5,0,202607120307,1-4-5-2-6,0,0,50.2721,1,3-1-4;3-1-5;3-1-2;3-4-1;3-4-5;3-4-2,0,-0.21,3
2-3-1,0,0,2026-07-12,B,3,0,-1.5894,0.1026,0,差し,3まくり,1910,0.52767,0,202607120403,6-2-1-4-5,0,0,50.9672,0,3-6-2;3-6-1;3-6-4;3-2-6;3-2-1;3-2-4,0,-0.21,2
6-1-3,0,0,2026-07-12,B,3,0,1.3326,0.8332,0,まくり差し,3まくり差し,16470,0.309,0,202607120406,6-2-1-5-4,0,0,32.1826,0,3-6-2;3-6-1;3-6-5;3-2-6;3-2-1;3-2-5,0,-0.05,6
3-1-5,1,1,2026-07-12,S,3,1,1.3904,0.8476,600,まくり差し,3まくり,630,0.829,1,202607120409,5-1-6-4-2,630,0,84.0804,1,3-5-1;3-5-6;3-5-4;3-1-5;3-1-6;3-1-4,0,-0.21,3
4-1-3,0,0,2026-07-12,B,3,0,0.1637,0.5409,0,まくり,3まくり差し,1520,0.385,0,202607120502,4-6-1-2-5,0,0,38.6137,0,3-4-6;3-4-1;3-4-2;3-6-4;3-6-1;3-6-2,0,-0.05,4
2-6-3,0,0,2026-07-12,B,3,0,0.1637,0.5409,0,まくり,3まくり差し,30530,0.543,0,202607120505,6-5-4-1-2,0,0,54.2337,0,3-6-5;3-6-4;3-6-1;3-5-6;3-5-4;3-5-1,-0.5,-0.23,2
1-6-2,0,0,2026-07-12,B,3,0,0.1637,0.5409,0,逃げ,3まくり差し,1970,0.513,0,202607120509,6-1-5-4-2,0,0,51.4137,0,3-6-1;3-6-5;3-6-4;3-1-6;3-1-5;3-1-4,0,-0.05,1
3-1-5,1,0,2026-07-12,A,3,1,-1.0798,0.2301,600,差し,3まくり差し,5740,0.577,1,202607120605,4-2-6-5-1,0,0,56.5702,0,3-4-2;3-4-6;3-4-5;3-2-4;3-2-6;3-2-5,0,-0.05,3
1-4-2,0,0,2026-07-12,B,3,0,-1.2995,0.1751,0,逃げ,3まくり差し,7140,0.377,0,202607120610,6-1-2-5-4,0,0,36.1705,0,3-6-1;3-6-2;3-6-5;3-1-6;3-1-2;3-1-5,-0.5,-0.23,1
2-3-4,0,0,2026-07-12,B,3,0,-1.8756,0.0311,0,まくり,3まくり差し,31280,0.241,0,202607120804,6-5-1-4-2,0,0,22.1744,0,3-6-5;3-6-1;3-6-4;3-5-6;3-5-1;3-5-4,0,-0.05,2
4-1-2,0,0,2026-07-12,B,3,0,-1.4984,0.1254,0,差し,3まくり差し,8270,0.533,0,202607120807,2-4-6-5-1,0,0,51.7516,0,3-2-4;3-2-6;3-2-5;3-4-2;3-4-6;3-4-5,0,-0.05,4
4-1-3,0,0,2026-07-12,B,3,0,-1.0176,0.2456,0,まくり,3まくり差し,6550,0.387,0,202607120909,1-4-2-6-5,0,0,37.4524,0,3-1-4;3-1-2;3-1-6;3-4-1;3-4-2;3-4-6,-0.5,-0.23,4
3-5-1,1,1,2026-07-12,S,3,1,2.0,1.0,600,まくり,3まくり差し,2370,0.683,1,202607122203,5-1-4-2-6,2370,0,70.25,1,3-5-1;3-5-4;3-5-2;3-1-5;3-1-4;3-1-2,0,-0.05,3
3-2-1,1,1,2026-07-12,S,3,1,0.6736,0.6684,600,まくり,3まくり差し,6700,0.693,1,202607122204,6-4-2-5-1,0,0,69.9236,0,3-6-4;3-6-2;3-6-5;3-4-6;3-4-2;3-4-5,0,-0.05,3
1-3-5,1,1,2026-07-12,S,3,0,0.4539,0.6135,600,逃げ,3まくり差し,6810,0.769,1,202607122205,6-2-1-4-5,0,0,77.3039,0,3-6-2;3-6-1;3-6-4;3-2-6;3-2-1;3-2-4,0,-0.05,1
1-4-2,1,0,2026-07-12,A,3,0,-0.6128,0.3468,600,逃げ,3まくり,2290,0.57367,1,202607122311,4-5-1-6-2,0,0,56.7039,0,3-4-5;3-4-1;3-4-6;3-5-4;3-5-1;3-5-6,-0.5,-0.05,1
1-2-3,0,0,2026-07-12,B,3,0,-1.7016,0.0746,0,逃げ,3まくり差し,1100,0.373,0,202607120202,5-6-1-2-4,0,0,35.3684,0,3-5-6;3-5-1;3-5-2;3-6-5;3-6-1;3-6-2,-0.5,-0.23,1
1-3-4,1,0,2026-07-12,A,3,0,0.4166,0.6041,600,逃げ,3まくり差し,2010,0.651,1,202607120311,6-5-1-2-4,0,0,65.4666,0,3-6-5;3-6-1;3-6-2;3-5-6;3-5-1;3-5-2,0,-0.05,1
3-4-1,0,0,2026-07-12,B,3,1,0.1637,0.5409,0,まくり,3まくり差し,10500,0.437,0,202607120506,5-6-1-2-4,0,0,43.6337,0,3-5-6;3-5-1;3-5-2;3-6-5;3-6-1;3-6-2,-0.5,-0.23,3
1-4-6,0,0,2026-07-12,B,3,0,-1.4777,0.1306,0,逃げ,3まくり差し,3420,0.555,0,202607120903,6-1-5-2-4,0,0,53.9723,0,3-6-1;3-6-5;3-6-2;3-1-6;3-1-5;3-1-2,0,-0.05,1
3-6-5,1,0,2026-07-12,A,3,1,1.2124,0.8031,600,まくり,3まくり差し,2850,0.585,1,202607120908,6-1-2-5-4,2850,0,59.6624,1,3-6-1;3-6-2;3-6-5;3-1-6;3-1-2;3-1-5,0,-0.05,3
1-2-5,1,1,2026-07-12,S,3,0,1.6725,0.9181,600,逃げ,3まくり差し,3990,0.709,1,202607120912,1-2-4-6-5,0,0,72.3425,0,3-1-2;3-1-4;3-1-6;3-2-1;3-2-4;3-2-6,-0.5,-0.23,1
6-4-2,1,1,2026-07-12,S,3,0,0.8767,0.7192,600,抜き,3まくり差し,93690,0.837,1,202607121011,6-1-4-5-2,0,0,84.3467,0,3-6-1;3-6-4;3-6-5;3-1-6;3-1-4;3-1-5,-0.5,-0.23,6
2-5-1,0,0,2026-07-12,B,3,0,-1.4238,0.144,0,まくり,3まくり差し,10830,0.085,0,202607121012,5-2-1-4-6,0,0,6.8462,0,3-5-2;3-5-1;3-5-4;3-2-5;3-2-1;3-2-4,-0.5,-0.23,2
1-3-4,0,0,2026-07-12,B,3,0,0.7731,0.6933,0,逃げ,3まくり差し,1180,0.387,0,202607121403,6-1-4-2-5,0,0,39.4231,0,3-6-1;3-6-4;3-6-2;3-1-6;3-1-4;3-1-2,0,-0.05,1
1-3-6,1,1,2026-07-12,S,3,0,0.5824,0.6456,600,逃げ,3まくり差し,630,0.761,1,202607121509,6-1-2-4-5,0,0,76.6324,0,3-6-1;3-6-2;3-6-4;3-1-6;3-1-2;3-1-4,0,-0.05,1
3-4-2,0,0,2026-07-12,B,3,1,-0.6902,0.3275,0,差し,3まくり差し,1920,0.273,0,202607121906,4-2-5-6-1,0,0,26.5598,1,3-4-2;3-4-5;3-4-6;3-2-4;3-2-5;3-2-6,0,-0.05,3
1-2-4,1,1,2026-07-12,S,3,0,0.6653,0.6663,600,逃げ,3まくり差し,1390,0.821,1,202607122004,6-4-1-2-5,0,0,82.5353,0,3-6-4;3-6-1;3-6-2;3-4-6;3-4-1;3-4-2,-0.5,-0.23,1
1-4-2,1,0,2026-07-12,A,3,0,-0.7813,0.3047,600,逃げ,3まくり差し,2110,0.609,1,202607122008,2-1-4-5-6,0,0,60.0687,0,3-2-1;3-2-4;3-2-5;3-1-2;3-1-4;3-1-5,0,-0.05,1
3-1-2,0,0,2026-07-12,B,3,1,1.0798,0.7699,0,まくり,3まくり差し,7240,0.315,0,202607122312,4-1-2-5-6,0,0,32.5298,1,3-4-1;3-4-2;3-4-5;3-1-4;3-1-2;3-1-5,0,-0.05,3
4-2-5,1,0,2026-07-12,A,4,1,0.7673,0.6918,600,まくり,4カドまくり,12690,0.655,0,202607120204,6-5-2-1-3,0,1,65.0773,0,4-6-5;4-6-2;4-6-1;4-5-6;4-5-2;4-5-1,-0.5,-1.19,4
4-2-1,1,1,2026-07-12,S,4,1,1.698,0.9245,600,差し,4カドまくり,1190,0.921,0,202607120407,2-1-3-6-5,1190,0,93.758,1,4-2-1;4-2-3;4-2-6;4-1-2;4-1-3;4-1-6,0,-0.04,4
4-1-6,1,1,2026-07-12,S,4,1,-0.8351,0.2912,600,まくり差し,4カドまくり,2700,0.871,0,202607120408,1-6-5-3-2,2700,0,85.0749,1,4-1-6;4-1-5;4-1-3;4-6-1;4-6-5;4-6-3,-0.5,-1.19,4
1-4-2,0,0,2026-07-12,B,4,0,1.1002,0.775,0,逃げ,4カドまくり,5340,0.397,0,202607120411,3-1-6-5-2,0,0,40.7602,0,4-3-1;4-3-6;4-3-5;4-1-3;4-1-6;4-1-5,0,-0.04,1
5-3-6,1,1,2026-07-12,S,4,0,0.0462,0.5116,600,まくり差し,4カドまくり,58520,0.741,0,202607120512,6-3-2-5-1,0,0,74.1062,0,4-6-3;4-6-2;4-6-5;4-3-6;4-3-2;4-3-5,0,-0.04,5
4-1-2,0,0,2026-07-12,B,4,1,-1.8089,0.0478,0,逃げ,4カドまくり,1210,0.467,0,202607120603,2-6-5-1-3,0,0,43.7011,0,4-2-6;4-2-5;4-2-1;4-6-2;4-6-5;4-6-1,-0.5,-1.19,4
4-5-6,1,0,2026-07-12,A,4,1,1.2049,0.8012,600,抜き,4カドまくり,5770,0.625,0,202607120802,6-1-2-5-3,0,0,63.6649,0,4-6-1;4-6-2;4-6-5;4-1-6;4-1-2;4-1-5,0,-0.04,4
1-2-3,0,0,2026-07-12,B,4,0,-1.2604,0.1849,0,逃げ,4カドまくり,980,0.371,0,202607121108,1-3-5-2-6,0,0,35.7996,0,4-1-3;4-1-5;4-1-2;4-3-1;4-3-5;4-3-2,0,-0.04,1
1-4-2,0,0,2026-07-12,B,4,0,0.2558,0.5639,0,逃げ,4カドまくり,1100,0.505,0,202607121109,1-5-3-2-6,0,0,50.7158,0,4-1-5;4-1-3;4-1-2;4-5-1;4-5-3;4-5-2,0,-0.04,1
4-6-2,1,0,2026-07-12,A,4,1,0.3421,0.5855,600,まくり,4カドまくり,760,0.609,0,202607121402,6-3-2-1-5,760,1,61.2021,1,4-6-3;4-6-2;4-6-1;4-3-6;4-3-2;4-3-1,0,-0.04,4
1-3-2,1,0,2026-07-12,A,4,0,-1.0817,0.2296,600,逃げ,4カドまくり,2930,0.635,0,202607121405,6-3-2-1-5,0,0,62.3783,0,4-6-3;4-6-2;4-6-1;4-3-6;4-3-2;4-3-1,0,-0.04,1
1-3-4,0,0,2026-07-12,B,4,0,-0.7982,0.3005,0,逃げ,4カドまくり,1170,0.371,0,202607121406,3-2-5-6-1,0,0,36.2618,0,4-3-2;4-3-5;4-3-6;4-2-3;4-2-5;4-2-6,0,-0.04,1
4-3-6,0,0,2026-07-12,B,4,1,0.3914,0.5978,0,まくり差し,4カドまくり,1490,0.275,0,202607121504,3-5-6-1-2,0,0,27.8514,1,4-3-5;4-3-6;4-3-1;4-5-3;4-5-6;4-5-1,0,-0.04,4
5-3-4,1,1,2026-07-12,S,4,0,0.9214,0.7304,600,まくり差し,4カドまくり,113770,0.665,0,202607121506,6-1-5-3-2,0,0,67.3814,0,4-6-1;4-6-5;4-6-3;4-1-6;4-1-5;4-1-3,0,-0.04,5
4-5-1,0,0,2026-07-12,B,4,1,1.2173,0.8043,0,まくり差し,4カドまくり,8990,0.453,0,202607121512,6-1-2-3-5,0,0,45.3273,0,4-6-1;4-6-2;4-6-3;4-1-6;4-1-2;4-1-3,-0.5,-1.19,4
1-4-2,0,0,2026-07-12,B,4,0,1.0878,0.772,0,逃げ,4カドまくり,1510,0.503,0,202607121604,6-5-1-2-3,0,0,50.1978,0,4-6-5;4-6-1;4-6-2;4-5-6;4-5-1;4-5-2,-0.5,-1.19,1
2-1-5,0,0,2026-07-12,B,4,0,-1.4884,0.1279,0,差し,4カドまくり,2400,0.343,0,202607121606,5-6-2-1-3,0,0,31.6216,0,4-5-6;4-5-2;4-5-1;4-6-5;4-6-2;4-6-1,-0.5,-1.19,2
1-2-3,1,0,2026-07-12,A,4,0,0.9584,0.7396,600,逃げ,4カドまくり,1370,0.641,0,202607122005,2-1-5-3-6,0,0,65.0184,0,4-2-1;4-2-5;4-2-3;4-1-2;4-1-5;4-1-3,0,-0.04,1
4-1-2,1,0,2026-07-12,A,4,1,0.8598,0.7149,600,抜き,4カドまくり,2440,0.673,0,202607122010,3-6-2-1-5,0,0,66.9698,0,4-3-6;4-3-2;4-3-1;4-6-3;4-6-2;4-6-1,-0.5,-1.19,4
1-5-2,0,0,2026-07-12,B,4,0,-1.8089,0.0478,0,逃げ,4カドまくり,1890,0.335,0,202607122011,5-6-1-3-2,0,0,30.5011,0,4-5-6;4-5-1;4-5-3;4-6-5;4-6-1;4-6-3,-0.5,-1.19,1
3-2-1,1,0,2026-07-12,A,4,0,-1.433,0.1418,600,まくり,4カドまくり,6700,0.587,0,202607122204,6-3-2-5-1,0,0,57.227,0,4-6-3;4-6-2;4-6-5;4-3-6;4-3-2;4-3-5,0,-0.04,3
4-6-2,1,1,2026-07-12,S,4,1,-1.4268,0.1433,600,まくり,4カドまくり,930,0.955,0,202607122207,6-1-2-5-3,930,1,97.0732,1,4-6-1;4-6-2;4-6-5;4-1-6;4-1-2;4-1-5,0.5,3.0,4
2-5-4,0,0,2026-07-12,B,4,0,1.0447,0.7612,0,まくり,4カドまくり,1330,0.517,0,202607122307,5-2-6-3-1,0,0,52.7047,0,4-5-2;4-5-6;4-5-3;4-2-5;4-2-6;4-2-3,0,-0.04,2
2-4-1,1,0,2026-07-12,A,4,0,-0.9707,0.2573,600,差し,4カドまくり,1080,0.611,0,202607122309,2-5-6-3-1,0,0,60.0893,0,4-2-5;4-2-6;4-2-3;4-5-2;4-5-6;4-5-3,0,-0.04,2
1-4-2,1,1,2026-07-12,S,4,0,1.698,0.9245,600,逃げ,4カドまくり,2290,0.853,0,202607122311,5-1-3-6-2,0,0,86.958,0,4-5-1;4-5-3;4-5-6;4-1-5;4-1-3;4-1-6,0,-0.04,1
4-3-2,0,0,2026-07-13,B,3,0,-0.9168,0.2708,0,差し,3まくり差し,10090,0.349,0,202607130303,5-6-4-1-2,0,0,33.9332,0,3-5-6;3-5-4;3-5-1;3-6-5;3-6-4;3-6-1,0,-0.05,4
3-1-2,0,0,2026-07-13,B,3,1,0.2628,0.5657,0,まくり差し,3まくり差し,1800,0.339,0,202607130310,4-6-2-1-5,0,1,34.1128,0,3-4-6;3-4-2;3-4-1;3-6-4;3-6-2;3-6-1,0,-0.05,3
2-5-6,1,1,2026-07-13,S,3,0,-1.0933,0.2267,600,差し,3まくり差し,6950,0.693,1,202607130406,2-6-1-5-4,0,0,68.1567,0,3-2-6;3-2-1;3-2-5;3-6-2;3-6-1;3-6-5,0,-0.05,2
3-4-1,0,0,2026-07-13,B,3,1,1.2678,0.8169,0,まくり,3まくり,5920,0.53833,0,202607130512,6-1-5-4-2,0,1,54.8911,0,3-6-1;3-6-5;3-6-4;3-1-6;3-1-5;3-1-4,0,-0.21,3
1-4-5,0,0,2026-07-13,B,3,0,-1.659,0.0853,0,逃げ,3まくり差し,1070,0.453,0,202607130605,6-1-4-5-2,0,0,43.591,0,3-6-1;3-6-4;3-6-5;3-1-6;3-1-4;3-1-5,0,-0.05,1
3-1-4,0,0,2026-07-13,B,3,1,0.4387,0.6097,0,まくり差し,3まくり,5640,0.31433,0,202607130904,5-1-2-4-6,0,0,31.8221,1,3-5-1;3-5-2;3-5-4;3-1-5;3-1-2;3-1-4,-0.5,-0.05,3
4-6-1,0,0,2026-07-13,B,3,0,0.1625,0.5406,0,まくり,3まくり差し,20910,0.417,0,202607131308,4-5-6-2-1,0,0,41.8125,0,3-4-5;3-4-6;3-4-2;3-5-4;3-5-6;3-5-2,0,-0.05,4
3-1-5,1,0,2026-07-13,A,3,1,0.6868,0.6717,600,まくり,3まくり,1160,0.651,1,202607131407,5-4-1-6-2,0,1,65.5768,0,3-5-4;3-5-1;3-5-6;3-4-5;3-4-1;3-4-6,0,-0.21,3
6-1-3,1,1,2026-07-13,S,3,0,0.4145,0.6036,600,抜き,3まくり,7150,0.74033,1,202607131503,6-4-1-2-5,0,0,74.2379,0,3-6-4;3-6-1;3-6-2;3-4-6;3-4-1;3-4-2,0,-0.21,6
2-3-1,1,1,2026-07-13,S,3,0,1.8669,0.9667,600,差し,3まくり,6650,0.763,1,202607131605,5-4-2-1-6,0,0,78.1169,0,3-5-4;3-5-2;3-5-1;3-4-5;3-4-2;3-4-1,-0.5,-0.05,2
6-1-4,0,0,2026-07-13,B,3,0,0.5113,0.6278,0,まくり差し,3まくり,75950,0.44833,0,202607131612,1-6-4-5-2,0,0,45.2947,0,3-1-6;3-1-4;3-1-5;3-6-1;3-6-4;3-6-5,-0.5,-0.05,6
1-3-4,0,0,2026-07-13,B,3,0,-1.0331,0.2417,0,逃げ,3まくり差し,1020,0.515,0,202607132203,4-5-1-6-2,0,0,50.4169,0,3-4-5;3-4-1;3-4-6;3-5-4;3-5-1;3-5-6,0,-0.05,1
4-2-5,0,0,2026-07-13,B,3,0,-1.4704,0.1324,0,抜き,3まくり差し,3160,0.559,0,202607132204,4-2-5-6-1,0,0,54.3796,0,3-4-2;3-4-5;3-4-6;3-2-4;3-2-5;3-2-6,0,-0.05,4
1-6-2,0,0,2026-07-13,B,3,0,0.8766,0.7192,0,逃げ,3まくり差し,4230,0.431,0,202607132308,2-6-1-4-5,0,0,43.9266,0,3-2-6;3-2-1;3-2-4;3-6-2;3-6-1;3-6-4,0,-0.05,1
1-2-6,0,0,2026-07-13,B,3,0,-1.1815,0.2046,0,抜き,3まくり差し,28710,0.423,0,202607130506,5-6-2-4-1,0,0,40.8885,0,3-5-6;3-5-2;3-5-4;3-6-5;3-6-2;3-6-4,-0.5,-0.23,1
3-2-6,1,1,2026-07-13,S,3,1,1.3581,0.8395,600,まくり,3まくり差し,3580,0.731,1,202607130603,2-5-6-4-1,3580,0,74.4081,1,3-2-5;3-2-6;3-2-4;3-5-2;3-5-6;3-5-4,0,-0.05,3
2-1-5,0,0,2026-07-13,B,3,0,1.9519,0.988,0,差し,3まくり差し,2370,0.529,0,202607130604,4-2-6-1-5,0,0,54.6219,0,3-4-2;3-4-6;3-4-1;3-2-4;3-2-6;3-2-1,-0.5,-0.23,2
2-4-5,1,1,2026-07-13,S,3,0,0.1625,0.5406,600,差し,3まくり差し,55430,0.789,1,202607130708,5-6-4-1-2,0,0,79.0125,0,3-5-6;3-5-4;3-5-1;3-6-5;3-6-4;3-6-1,0,-0.05,2
1-5-6,0,0,2026-07-13,B,3,0,-0.8686,0.2828,0,逃げ,3まくり差し,1700,0.145,0,202607131505,5-6-1-4-2,0,0,13.5814,0,3-5-6;3-5-1;3-5-4;3-6-5;3-6-1;3-6-4,0,-0.05,1
3-4-1,1,1,2026-07-13,S,3,1,2.0,1.0,600,まくり,3まくり差し,1920,0.846,1,202607132202,2-4-1-5-6,1920,0,86.55,1,3-2-4;3-2-1;3-2-5;3-4-2;3-4-1;3-4-5,0,-0.05,3
3-4-2,1,1,2026-07-13,S,3,1,0.7964,0.6991,600,まくり,3まくり差し,1250,0.719,1,202607132307,4-2-5-1-6,1250,0,72.4664,1,3-4-2;3-4-5;3-4-1;3-2-4;3-2-5;3-2-1,-0.5,-0.23,3
1-2-3,0,0,2026-07-13,B,4,0,-1.4065,0.1484,0,逃げ,4カドまくり,3010,0.39,0,202607130304,2-5-6-3-1,0,0,40.5935,0,4-2-5;4-2-6;4-2-3;4-5-2;4-5-6;4-5-3,0.5,3.0,1
1-5-4,0,0,2026-07-13,B,4,0,0.1662,0.5415,0,逃げ,4カドまくり,5970,0.446,0,202607130309,1-6-2-5-3,0,0,47.7662,0,4-1-6;4-1-2;4-1-5;4-6-1;4-6-2;4-6-5,0.5,3.0,1
5-1-4,0,0,2026-07-13,B,4,0,-0.7715,0.3071,0,まくり差し,4カドまくり,2270,0.506,0,202607130311,5-1-3-2-6,0,0,52.8285,0,4-5-1;4-5-3;4-5-2;4-1-5;4-1-3;4-1-2,0.5,3.0,5
3-6-1,0,0,2026-07-13,B,4,0,-0.7953,0.3012,0,差し,4カドまくり,7010,0.477,0,202607130403,3-6-2-5-1,0,0,46.8647,0,4-3-6;4-3-2;4-3-5;4-6-3;4-6-2;4-6-5,0,-0.04,3
5-1-6,0,0,2026-07-13,B,4,0,-0.8249,0.2938,0,まくり差し,4カドまくり,3380,0.409,0,202607130405,6-5-1-3-2,0,0,40.0351,0,4-6-5;4-6-1;4-6-3;4-5-6;4-5-1;4-5-3,0,-0.04,5
4-1-5,1,1,2026-07-13,S,4,1,1.8457,0.9614,600,差し,4カドまくり,940,0.779,0,202607130408,1-5-6-2-3,940,0,79.7057,1,4-1-5;4-1-6;4-1-2;4-5-1;4-5-6;4-5-2,0,-0.04,4
1-3-4,0,0,2026-07-13,B,4,0,-1.9822,0.0045,0,逃げ,4カドまくり,2020,0.495,0,202607130410,1-5-2-6-3,0,0,47.4778,0,4-1-5;4-1-2;4-1-6;4-5-1;4-5-2;4-5-6,0,-0.04,1
1-4-2,0,0,2026-07-13,B,4,0,-1.6677,0.0831,0,逃げ,4カドまくり,1580,0.315,0,202607130505,6-2-1-3-5,0,0,29.7923,0,4-6-2;4-6-1;4-6-3;4-2-6;4-2-1;4-2-3,0,-0.04,1
1-6-4,1,0,2026-07-13,A,4,0,0.7656,0.6914,600,逃げ,4カドまくり,9720,0.643,0,202607130509,1-5-2-6-3,0,0,65.0256,0,4-1-5;4-1-2;4-1-6;4-5-1;4-5-2;4-5-6,0,-0.04,1
1-2-4,1,0,2026-07-13,A,4,0,-1.1869,0.2033,600,逃げ,4カドまくり,1680,0.563,0,202607130612,1-5-6-3-2,0,0,55.0731,0,4-1-5;4-1-6;4-1-3;4-5-1;4-5-6;4-5-3,0,-0.04,1
1-4-2,1,1,2026-07-13,S,4,0,1.0979,0.7745,600,逃げ,4カドまくり,2290,0.753,0,202607130908,5-1-2-3-6,0,0,75.2079,0,4-5-1;4-5-2;4-5-3;4-1-5;4-1-2;4-1-3,-0.5,-1.19,1
4-1-2,0,0,2026-07-13,B,4,1,0.0356,0.5089,0,まくり差し,4カドまくり,3410,0.416,0,202607131305,1-2-6-5-3,0,0,41.5956,1,4-1-2;4-1-6;4-1-5;4-2-1;4-2-6;4-2-5,0,-0.04,4
1-2-5,0,0,2026-07-13,B,4,0,-1.8872,0.0282,0,逃げ,4カドまくり,3040,0.201,0,202607131402,1-2-6-5-3,0,0,18.1728,0,4-1-2;4-1-6;4-1-5;4-2-1;4-2-6;4-2-5,0,-0.04,1
1-4-5,1,0,2026-07-13,A,4,0,-1.1395,0.2151,600,逃げ,4カドまくり,780,0.577,0,202607131604,1-6-3-5-2,0,0,56.5205,0,4-1-6;4-1-3;4-1-5;4-6-1;4-6-3;4-6-5,0,-0.04,1
1-4-3,1,1,2026-07-13,S,4,0,0.6291,0.6573,600,逃げ,4カドまくり,990,0.735,0,202607131610,3-1-2-5-6,0,0,72.9391,0,4-3-1;4-3-2;4-3-5;4-1-3;4-1-2;4-1-5,-0.5,-1.19,1
1-2-3,0,0,2026-07-13,B,4,0,-1.9644,0.0089,0,逃げ,4カドまくり,590,0.121,0,202607132208,2-1-5-3-6,0,0,10.0956,0,4-2-1;4-2-5;4-2-3;4-1-2;4-1-5;4-1-3,0,-0.04,1
1-2-4,1,0,2026-07-13,A,4,0,-1.0979,0.2255,600,逃げ,4カドまくり,530,0.581,0,202607132212,1-2-6-5-3,0,0,56.9621,0,4-1-2;4-1-6;4-1-5;4-2-1;4-2-6;4-2-5,0,-0.04,1
2-4-1,1,1,2026-07-13,S,4,0,1.7448,0.9362,600,差し,4カドまくり,13060,0.743,0,202607132303,1-5-3-6-2,0,0,76.0048,0,4-1-5;4-1-3;4-1-6;4-5-1;4-5-3;4-5-6,0,-0.04,2
2-1-4,1,1,2026-07-13,S,4,0,0.6588,0.6647,600,抜き,4カドまくり,1120,0.693,0,202607132306,2-3-1-5-6,0,0,69.9188,0,4-2-3;4-2-1;4-2-5;4-3-2;4-3-1;4-3-5,0,-0.04,2
1-2-4,1,0,2026-07-13,A,4,0,1.7804,0.9451,600,逃げ,4カドまくり,1390,0.561,0,202607132310,2-6-1-3-5,0,0,56.6904,0,4-2-6;4-2-1;4-2-3;4-6-2;4-6-1;4-6-3,-0.5,-1.19,1
1-2-3,1,1,2026-07-14,S,3,0,0.1532,0.5383,600,逃げ,3まくり差し,3140,0.681,1,202607140102,5-2-4-1-6,0,0,68.0232,0,3-5-2;3-5-4;3-5-1;3-2-5;3-2-4;3-2-1,-0.5,-0.23,1
1-3-2,1,1,2026-07-14,S,3,0,0.2696,0.5674,600,抜き,3まくり,1330,0.78367,1,202607140103,4-5-2-1-6,0,0,78.5863,0,3-4-5;3-4-2;3-4-1;3-5-4;3-5-2;3-5-1,-0.5,-0.05,1
1-6-5,0,0,2026-07-14,B,3,0,0.1532,0.5383,0,逃げ,3まくり差し,23300,0.453,0,202607140107,1-5-6-4-2,0,0,45.4032,0,3-1-5;3-1-6;3-1-4;3-5-1;3-5-6;3-5-4,0,-0.05,1
4-1-2,0,0,2026-07-14,B,3,0,-1.0696,0.2326,0,まくり差し,3まくり,4830,0.5,0,202607140306,4-1-6-2-5,0,0,51.9304,0,3-4-1;3-4-6;3-4-2;3-1-4;3-1-6;3-1-2,1.0,3.0,4
1-4-3,0,0,2026-07-14,B,3,0,-0.9155,0.2711,0,逃げ,3まくり差し,2050,0.437,0,202607140312,1-5-4-2-6,0,0,44.1245,0,3-1-5;3-1-4;3-1-2;3-5-1;3-5-4;3-5-2,0.5,1.34,1
3-4-2,0,0,2026-07-14,B,3,1,-1.391,0.1523,0,差し,3まくり差し,1930,0.277,0,202607140402,2-4-5-6-1,0,0,26.079,1,3-2-4;3-2-5;3-2-6;3-4-2;3-4-5;3-4-6,-0.5,-0.23,3
4-6-5,0,0,2026-07-14,B,3,0,1.2356,0.8089,0,まくり,3まくり,10230,0.39233,0,202607140409,4-2-6-5-1,0,0,40.2589,0,3-4-2;3-4-6;3-4-5;3-2-4;3-2-6;3-2-5,0,-0.21,4
2-3-1,0,0,2026-07-14,B,3,0,-1.2141,0.1965,0,差し,3まくり差し,4150,0.361,0,202607140410,6-5-2-4-1,0,0,34.8359,0,3-6-5;3-6-2;3-6-4;3-5-6;3-5-2;3-5-4,0,-0.05,2
1-2-3,0,0,2026-07-14,B,3,0,0.3929,0.5982,0,逃げ,3まくり差し,370,0.513,0,202607140510,2-1-6-5-4,0,0,51.6429,0,3-2-1;3-2-6;3-2-5;3-1-2;3-1-6;3-1-5,0,-0.05,1
3-1-6,1,1,2026-07-14,S,3,1,1.5206,0.8802,600,まくり差し,3まくり差し,1480,0.663,1,202607140602,6-5-1-4-2,0,1,67.7706,0,3-6-5;3-6-1;3-6-4;3-5-6;3-5-1;3-5-4,0,-0.05,3
1-5-4,1,0,2026-07-14,A,3,0,-0.888,0.278,600,まくり,3まくり差し,14720,0.669,1,202607140705,2-4-5-6-1,0,0,65.782,0,3-2-4;3-2-5;3-2-6;3-4-2;3-4-5;3-4-6,-0.5,-0.23,1
1-2-4,1,0,2026-07-14,A,3,0,1.5556,0.8889,600,逃げ,3まくり,1670,0.629,1,202607140708,4-6-1-5-2,0,0,64.4056,0,3-4-6;3-4-1;3-4-5;3-6-4;3-6-1;3-6-5,-0.5,-0.05,1
1-3-4,0,0,2026-07-14,B,3,0,-1.9763,0.0059,0,逃げ,3まくり,960,0.381,0,202607140710,1-6-5-4-2,0,0,36.0737,0,3-1-6;3-1-5;3-1-4;3-6-1;3-6-5;3-6-4,-0.5,-0.05,1
2-3-1,0,0,2026-07-14,B,3,0,0.7819,0.6955,0,差し,3まくり差し,11880,0.423,0,202607140910,4-6-2-5-1,0,0,42.8519,0,3-4-6;3-4-2;3-4-5;3-6-4;3-6-2;3-6-5,-0.5,-0.23,2
1-3-6,0,0,2026-07-14,B,3,0,1.5914,0.8978,0,,3まくり差し,1350,0.343,0,202607140911,5-6-1-4-2,0,0,35.8414,0,3-5-6;3-5-1;3-5-4;3-6-5;3-6-1;3-6-4,0,-0.05,0
1-3-5,1,0,2026-07-14,A,3,0,0.1532,0.5383,600,逃げ,3まくり差し,410,0.637,1,202607142103,5-1-6-2-4,0,0,63.8032,0,3-5-1;3-5-6;3-5-2;3-1-5;3-1-6;3-1-2,0,-0.05,1
3-2-4,1,1,2026-07-14,S,3,1,1.6089,0.9022,600,恵まれ,3まくり,580,0.71767,1,202607142203,2-4-1-5-6,580,0,73.1656,1,3-2-4;3-2-1;3-2-5;3-4-2;3-4-1;3-4-5,0,-0.21,3
1-5-2,0,0,2026-07-14,B,3,0,1.7807,0.9452,0,逃げ,3まくり,1880,0.43767,0,202607142211,5-1-6-4-2,0,0,45.3374,0,3-5-1;3-5-6;3-5-4;3-1-5;3-1-6;3-1-4,0,-0.21,1
6-2-3,0,0,2026-07-14,B,3,0,-1.6699,0.0825,0,まくり差し,3まくり差し,9390,0.447,0,202607142306,6-4-5-1-2,0,0,42.9801,0,3-6-4;3-6-5;3-6-1;3-4-6;3-4-5;3-4-1,0,-0.05,6
3-1-5,1,1,2026-07-14,S,3,1,1.0766,0.7692,600,まくり差し,3まくり差し,1390,0.733,1,202607140711,6-5-4-1-2,0,1,74.3266,0,3-6-5;3-6-4;3-6-1;3-5-6;3-5-4;3-5-1,0,-0.05,3
1-2-4,0,0,2026-07-14,B,3,0,-1.2613,0.1847,0,逃げ,3まくり差し,1130,0.341,0,202607140712,4-5-1-2-6,0,0,32.6087,0,3-4-5;3-4-1;3-4-2;3-5-4;3-5-1;3-5-2,-0.5,-0.23,1
1-4-3,0,0,2026-07-14,B,3,0,0.9941,0.7485,0,逃げ,3まくり差し,2920,0.403,0,202607140912,2-5-1-4-6,0,0,41.0641,0,3-2-5;3-2-1;3-2-4;3-5-2;3-5-1;3-5-4,-0.5,-0.23,1
1-2-3,0,0,2026-07-14,B,3,0,1.1081,0.777,0,逃げ,3まくり差し,570,0.535,0,202607141510,1-2-5-4-6,0,0,54.5581,0,3-1-2;3-1-5;3-1-4;3-2-1;3-2-5;3-2-4,0,-0.05,1
1-3-5,0,0,2026-07-14,B,3,0,-1.8861,0.0285,0,逃げ,3まくり差し,960,0.253,0,202607142212,5-2-1-4-6,0,0,24.7539,0,3-5-2;3-5-1;3-5-4;3-2-5;3-2-1;3-2-4,0.5,1.34,1
1-2-5,0,0,2026-07-14,B,3,0,-0.7662,0.3084,0,逃げ,3まくり差し,1030,0.423,0,202607142311,1-2-5-4-6,0,0,41.4838,0,3-1-2;3-1-5;3-1-4;3-2-1;3-2-5;3-2-4,0,-0.05,1
2-4-6,0,0,2026-07-14,B,4,0,0.0461,0.5115,0,差し,4カドまくり,1560,0.341,0,202607140101,2-6-1-3-5,0,0,32.9561,0,4-2-6;4-2-1;4-2-3;4-6-2;4-6-1;4-6-3,-0.5,-1.19,2
2-3-4,0,0,2026-07-14,B,4,0,-0.6571,0.3357,0,抜き,4カドまくり,1410,0.503,0,202607140405,2-3-5-6-1,0,0,49.6029,0,4-2-3;4-2-5;4-2-6;4-3-2;4-3-5;4-3-6,0,-0.04,2
1-2-3,0,0,2026-07-14,B,4,0,-1.4121,0.147,0,逃げ,4カドまくり,1060,0.205,0,202607140411,2-6-5-1-3,0,0,19.0479,0,4-2-6;4-2-5;4-2-1;4-6-2;4-6-5;4-6-1,0,-0.04,1
2-1-4,1,0,2026-07-14,A,4,0,1.2104,0.8026,600,差し,4カドまくり,910,0.589,0,202607140504,2-6-5-1-3,0,0,58.9204,0,4-2-6;4-2-5;4-2-1;4-6-2;4-6-5;4-6-1,-0.5,-1.19,2
1-3-6,0,0,2026-07-14,B,4,0,-1.6715,0.0821,0,逃げ,4カドまくり,1940,0.513,0,202607140604,6-2-5-3-1,0,0,48.4385,0,4-6-2;4-6-5;4-6-3;4-2-6;4-2-5;4-2-3,-0.5,-1.19,1
1-2-3,0,0,2026-07-14,B,4,0,-0.6686,0.3329,0,逃げ,4カドまくり,2390,0.541,0,202607140606,5-2-3-1-6,0,0,52.2414,0,4-5-2;4-5-3;4-5-1;4-2-5;4-2-3;4-2-1,-0.5,-1.19,1
3-6-1,0,0,2026-07-14,B,4,0,-1.2507,0.1873,0,まくり,4カドまくり,20430,0.527,0,202607140702,6-5-2-3-1,0,0,50.2593,0,4-6-5;4-6-2;4-6-3;4-5-6;4-5-2;4-5-3,-0.5,-1.19,3
1-4-2,1,0,2026-07-14,A,4,0,0.732,0.683,600,逃げ,4カドまくり,1270,0.585,0,202607140703,2-1-6-5-3,0,0,59.192,0,4-2-1;4-2-6;4-2-5;4-1-2;4-1-6;4-1-5,0,-0.04,1
4-1-5,0,0,2026-07-14,B,4,1,1.2104,0.8026,0,まくり差し,4カドまくり,4130,0.521,0,202607141302,5-2-3-6-1,0,0,52.1204,0,4-5-2;4-5-3;4-5-6;4-2-5;4-2-3;4-2-6,-0.5,-1.19,4
3-4-2,1,0,2026-07-14,A,4,0,1.7061,0.9265,600,まくり,4カドまくり,980,0.618,0,202607141304,3-2-5-6-1,0,0,63.4661,0,4-3-2;4-3-5;4-3-6;4-2-3;4-2-5;4-2-6,0,-0.04,3
1-4-2,0,0,2026-07-14,B,4,0,1.6657,0.9164,0,逃げ,4カドまくり,920,0.461,0,202607141512,1-3-2-5-6,0,0,46.5757,0,4-1-3;4-1-2;4-1-5;4-3-1;4-3-2;4-3-5,-0.5,-1.19,1
1-2-4,1,0,2026-07-14,A,4,0,0.0461,0.5115,600,逃げ,4カドまくり,540,0.607,0,202607142102,6-1-2-3-5,0,0,60.7061,0,4-6-1;4-6-2;4-6-3;4-1-6;4-1-2;4-1-3,0,-0.04,1
2-5-1,1,0,2026-07-14,A,4,0,0.0461,0.5115,600,まくり,4カドまくり,60840,0.625,0,202607142106,1-6-5-3-2,0,0,62.5061,0,4-1-6;4-1-5;4-1-3;4-6-1;4-6-5;4-6-3,0,-0.04,2
4-1-5,0,0,2026-07-14,B,4,1,-1.4524,0.1369,0,まくり,4カドまくり,3050,0.495,0,202607142204,1-5-2-3-6,0,1,46.8576,1,4-1-5;4-1-2;4-1-3;4-5-1;4-5-2;4-5-3,-0.5,-1.19,4
2-1-3,0,0,2026-07-14,B,4,0,0.83,0.7075,0,差し,4カドまくり,3750,0.501,0,202607142303,1-5-3-2-6,0,0,49.74,0,4-1-5;4-1-3;4-1-2;4-5-1;4-5-3;4-5-2,-0.5,-1.19,2
5-1-4,0,0,2026-07-14,B,4,0,0.0461,0.5115,0,まくり,4カドまくり,17680,0.235,0,202607142404,1-3-5-2-6,0,0,23.5061,0,4-1-3;4-1-5;4-1-2;4-3-1;4-3-5;4-3-2,0,-0.04,5
1-4-3,0,0,2026-07-14,B,4,0,0.0461,0.5115,0,逃げ,4カドまくり,2960,0.251,0,202607142412,6-2-1-5-3,0,0,25.1061,0,4-6-2;4-6-1;4-6-5;4-2-6;4-2-1;4-2-5,0,-0.04,1
1-3-4,1,0,2026-07-15,A,3,0,0.4353,0.6088,600,逃げ,3まくり差し,440,0.597,1,202607150709,4-1-5-6-2,0,0,59.9053,0,3-4-1;3-4-5;3-4-6;3-1-4;3-1-5;3-1-6,-0.5,-0.23,1
3-1-5,0,0,2026-07-15,B,3,1,0.1553,0.5388,0,まくり差し,3まくり差し,1970,0.357,0,202607150805,5-2-6-1-4,0,1,35.8053,0,3-5-2;3-5-6;3-5-1;3-2-5;3-2-6;3-2-1,0,-0.05,3
1-2-6,1,1,2026-07-15,S,3,0,0.1553,0.5388,600,逃げ,3まくり差し,14110,0.719,1,202607150807,5-4-6-2-1,0,0,72.0053,0,3-5-4;3-5-6;3-5-2;3-4-5;3-4-6;3-4-2,0,-0.05,1
3-1-2,1,1,2026-07-15,S,3,1,0.1553,0.5388,600,まくり差し,3まくり差し,2450,0.855,1,202607150809,1-6-5-2-4,2450,1,85.6053,1,3-1-6;3-1-5;3-1-2;3-6-1;3-6-5;3-6-2,0,-0.05,3
2-1-3,1,1,2026-07-15,S,3,0,0.1553,0.5388,600,差し,3まくり差し,3270,0.787,1,202607151809,1-5-2-4-6,0,0,78.8053,0,3-1-5;3-1-2;3-1-4;3-5-1;3-5-2;3-5-4,0,-0.05,2
1-5-3,1,1,2026-07-15,S,3,0,0.1553,0.5388,600,逃げ,3まくり差し,3960,0.733,1,202607151810,6-5-1-4-2,0,0,73.4053,0,3-6-5;3-6-1;3-6-4;3-5-6;3-5-1;3-5-4,0,-0.05,1
1-3-4,1,1,2026-07-15,S,3,0,0.9185,0.7296,600,逃げ,3まくり差し,1860,0.759,1,202607152108,6-5-4-1-2,0,0,76.7685,0,3-6-5;3-6-4;3-6-1;3-5-6;3-5-4;3-5-1,0,-0.05,1
3-1-2,1,0,2026-07-15,A,3,1,-0.6801,0.33,600,抜き,3まくり,5460,0.63767,1,202607152111,6-1-4-5-2,0,0,62.8766,0,3-6-1;3-6-4;3-6-5;3-1-6;3-1-4;3-1-5,0,-0.21,3
4-1-5,1,0,2026-07-15,A,3,0,1.9539,0.9885,600,まくり,3まくり,3980,0.593,1,202607152112,1-4-5-6-2,0,0,61.0439,0,3-1-4;3-1-5;3-1-6;3-4-1;3-4-5;3-4-6,0,-0.21,4
1-3-4,1,1,2026-07-15,S,3,0,-1.2522,0.187,600,逃げ,3まくり差し,480,0.703,1,202607152203,1-4-6-2-5,0,0,68.9978,0,3-1-4;3-1-6;3-1-2;3-4-1;3-4-6;3-4-2,0,-0.05,1
3-1-4,0,0,2026-07-15,B,3,1,1.187,0.7967,0,まくり差し,3まくり差し,2180,0.483,0,202607152204,4-1-6-5-2,0,1,49.437,1,3-4-1;3-4-6;3-4-5;3-1-4;3-1-6;3-1-5,0,-0.05,3
1-3-6,1,0,2026-07-15,A,3,0,-0.8818,0.2795,600,逃げ,3まくり,720,0.62767,1,202607152302,1-5-6-4-2,0,0,61.8348,0,3-1-5;3-1-6;3-1-4;3-5-1;3-5-6;3-5-4,-0.5,-0.05,1
3-1-2,0,0,2026-07-15,B,3,1,1.0297,0.7574,0,まくり差し,3まくり差し,1180,0.437,0,202607152303,4-1-2-5-6,0,1,44.6797,1,3-4-1;3-4-2;3-4-5;3-1-4;3-1-2;3-1-5,0,-0.05,3
5-1-2,0,0,2026-07-15,B,3,0,-1.2334,0.1916,0,まくり差し,3まくり,6860,0.445,0,202607152410,5-1-6-2-4,0,0,43.0566,0,3-5-1;3-5-6;3-5-2;3-1-5;3-1-6;3-1-2,0,-0.21,5
1-5-6,0,0,2026-07-15,B,3,0,0.8571,0.7143,0,逃げ,3まくり差し,8500,0.472,0,202607152411,4-1-5-2-6,0,0,48.0071,0,3-4-1;3-4-5;3-4-2;3-1-4;3-1-5;3-1-2,0,-0.05,1
2-6-3,1,0,2026-07-15,A,3,0,-1.0604,0.2349,600,,3まくり差し,6920,0.61,1,202607150305,6-2-1-4-5,0,0,61.2796,0,3-6-2;3-6-1;3-6-4;3-2-6;3-2-1;3-2-4,0.5,1.34,0
1-2-3,0,0,2026-07-15,B,3,0,0.1553,0.5388,0,逃げ,3まくり差し,1330,0.347,0,202607150812,1-4-5-6-2,0,0,34.8053,0,3-1-4;3-1-5;3-1-6;3-4-1;3-4-5;3-4-6,0,-0.05,1
1-2-3,0,0,2026-07-15,B,3,0,0.232,0.558,0,逃げ,3まくり差し,2970,0.303,0,202607151305,1-6-4-2-5,0,0,30.482,0,3-1-6;3-1-4;3-1-2;3-6-1;3-6-4;3-6-2,0,-0.05,1
3-2-1,1,1,2026-07-15,S,3,1,0.1553,0.5388,600,抜き,3まくり差し,1710,0.685,1,202607151708,2-1-4-5-6,1710,0,68.6053,1,3-2-1;3-2-4;3-2-5;3-1-2;3-1-4;3-1-5,0,-0.05,3
3-1-4,0,0,2026-07-15,B,3,1,0.6462,0.6616,0,まくり差し,3まくり差し,4420,0.537,0,202607152304,5-6-1-4-2,0,1,54.1162,0,3-5-6;3-5-1;3-5-4;3-6-5;3-6-1;3-6-4,-0.5,-0.23,3
1-3-4,0,0,2026-07-15,B,4,0,1.308,0.827,0,逃げ,4カドまくり,9660,0.485,0,202607150109,2-6-5-3-1,0,0,48.618,0,4-2-6;4-2-5;4-2-3;4-6-2;4-6-5;4-6-3,-0.5,-1.19,1
4-2-5,1,0,2026-07-15,A,4,1,0.6442,0.661,600,抜き,4カドまくり,3340,0.603,0,202607150503,2-5-6-3-1,3340,0,60.9042,1,4-2-5;4-2-6;4-2-3;4-5-2;4-5-6;4-5-3,0,-0.04,4
1-3-2,1,0,2026-07-15,A,4,0,0.2447,0.5612,600,逃げ,4カドまくり,2000,0.581,0,202607150507,1-3-2-6-5,0,0,58.3047,0,4-1-3;4-1-2;4-1-6;4-3-1;4-3-2;4-3-6,0,-0.04,1
1-2-4,1,0,2026-07-15,A,4,0,0.1378,0.5345,600,逃げ,4カドまくり,970,0.563,0,202607150510,3-5-1-2-6,0,0,56.3978,0,4-3-5;4-3-1;4-3-2;4-5-3;4-5-1;4-5-2,0,-0.04,1
4-1-6,1,1,2026-07-15,S,4,1,1.4093,0.8523,600,まくり差し,4カドまくり,3750,0.695,0,202607150606,2-6-1-5-3,0,0,69.7193,0,4-2-6;4-2-1;4-2-5;4-6-2;4-6-1;4-6-5,-0.5,-1.19,4
4-1-6,1,0,2026-07-15,A,4,1,1.7131,0.9283,600,まくり,4カドまくり,2570,0.621,0,202607150708,6-1-5-3-2,2570,1,62.6231,1,4-6-1;4-6-5;4-6-3;4-1-6;4-1-5;4-1-3,-0.5,-1.19,4
6-4-1,0,0,2026-07-15,B,4,0,0.0591,0.5148,0,まくり差し,4カドまくり,5740,0.404,0,202607151203,6-2-1-3-5,0,0,39.2691,0,4-6-2;4-6-1;4-6-3;4-2-6;4-2-1;4-2-3,-0.5,-1.19,6
2-1-4,1,0,2026-07-15,A,4,0,0.0591,0.5148,600,差し,4カドまくり,860,0.62,0,202607151204,2-3-5-6-1,0,0,62.0191,0,4-2-3;4-2-5;4-2-6;4-3-2;4-3-5;4-3-6,0,-0.04,2
2-1-4,0,0,2026-07-15,B,4,0,0.0591,0.5148,0,差し,4カドまくり,600,0.464,0,202607151206,2-3-1-5-6,0,0,46.4191,0,4-2-3;4-2-1;4-2-5;4-3-2;4-3-1;4-3-5,0,-0.04,2
2-1-4,1,0,2026-07-15,A,4,0,-0.8467,0.2883,600,抜き,4カドまくり,3510,0.603,0,202607151302,5-2-1-6-3,0,0,59.4133,0,4-5-2;4-5-1;4-5-6;4-2-5;4-2-1;4-2-6,0,-0.04,2
1-4-3,1,0,2026-07-15,A,4,0,0.5148,0.6287,600,逃げ,4カドまくり,830,0.607,0,202607151304,3-1-6-2-5,0,0,61.1748,0,4-3-1;4-3-6;4-3-2;4-1-3;4-1-6;4-1-2,0,-0.04,1
2-1-3,1,0,2026-07-15,A,4,0,1.5781,0.8945,600,差し,4カドまくり,5120,0.618,0,202607151311,1-5-2-6-3,0,0,63.3381,0,4-1-5;4-1-2;4-1-6;4-5-1;4-5-2;4-5-6,0,-0.04,2
1-4-5,0,0,2026-07-15,B,4,0,0.0591,0.5148,0,逃げ,4カドまくり,2490,0.433,0,202607151712,6-5-1-2-3,0,0,43.3191,0,4-6-5;4-6-1;4-6-2;4-5-6;4-5-1;4-5-2,0,-0.04,1
1-3-4,1,1,2026-07-15,S,4,0,0.0591,0.5148,600,逃げ,4カドまくり,1000,0.719,0,202607151812,5-3-6-1-2,0,0,74.9591,0,4-5-3;4-5-6;4-5-1;4-3-5;4-3-6;4-3-1,0.5,3.0,1
2-4-1,0,0,2026-07-15,B,4,0,-1.91,0.0225,0,まくり,4カドまくり,8730,0.335,0,202607152212,6-2-5-1-3,0,0,34.59,0,4-6-2;4-6-5;4-6-1;4-2-6;4-2-5;4-2-1,0.5,3.0,2
2-3-4,0,0,2026-07-15,B,4,0,0.9142,0.7286,0,差し,4カドまくり,2800,0.439,0,202607152308,5-2-3-1-6,0,0,44.7742,0,4-5-2;4-5-3;4-5-1;4-2-5;4-2-3;4-2-1,0,-0.04,2
1-2-4,0,0,2026-07-15,B,4,0,-1.8031,0.0492,0,逃げ,4カドまくり,970,0.269,0,202607152309,6-5-2-1-3,0,0,23.9069,0,4-6-5;4-6-2;4-6-1;4-5-6;4-5-2;4-5-1,-0.5,-1.19,1
1-4-6,1,1,2026-07-15,S,4,0,1.0999,0.775,600,逃げ,4カドまくり,5710,0.701,0,202607152310,1-2-5-6-3,0,0,71.1599,0,4-1-2;4-1-5;4-1-6;4-2-1;4-2-5;4-2-6,0,-0.04,1
4-6-2,1,1,2026-07-15,S,4,1,1.6062,0.9015,600,まくり,4カドまくり,2930,0.761,0,202607152406,6-5-2-1-3,2930,1,80.7062,1,4-6-5;4-6-2;4-6-1;4-5-6;4-5-2;4-5-1,0.5,3.0,4
1-5-4,0,0,2026-07-15,B,4,0,1.6174,0.9044,0,逃げ,4カドまくり,5960,0.491,0,202607152412,1-6-2-3-5,0,0,50.6774,0,4-1-6;4-1-2;4-1-3;4-6-1;4-6-2;4-6-3,0,-0.04,1
3-5-6,0,0,2026-07-16,B,3,1,1.3866,0.8467,0,まくり,3まくり差し,2410,0.403,0,202607160102,5-6-4-1-2,0,0,41.4566,1,3-5-6;3-5-4;3-5-1;3-6-5;3-6-4;3-6-1,-0.5,-0.23,3
2-4-6,1,1,2026-07-16,S,3,0,1.0969,0.7742,600,まくり,3まくり差し,8080,0.669,1,202607160103,6-1-2-4-5,0,0,67.9469,0,3-6-1;3-6-2;3-6-4;3-1-6;3-1-2;3-1-4,0,-0.05,2
3-4-1,1,1,2026-07-16,S,3,1,0.3368,0.5842,600,まくり,3まくり差し,2040,0.751,1,202607160107,1-4-2-5-6,2040,0,75.2068,1,3-1-4;3-1-2;3-1-5;3-4-1;3-4-2;3-4-5,-0.5,-0.23,3
5-2-6,1,0,2026-07-16,A,3,0,0.2653,0.5663,600,,3まくり差し,39410,0.549,1,202607160303,5-6-1-4-2,0,0,56.5053,0,3-5-6;3-5-1;3-5-4;3-6-5;3-6-1;3-6-4,0.5,1.34,0
2-3-1,1,0,2026-07-16,A,3,0,-1.2327,0.1918,600,抜き,3まくり,8220,0.58233,1,202607160505,5-6-4-2-1,0,0,56.7906,0,3-5-6;3-5-4;3-5-2;3-6-5;3-6-4;3-6-2,0,-0.21,2
1-3-6,0,0,2026-07-16,B,3,0,-0.8711,0.2822,0,逃げ,3まくり差し,2090,0.241,0,202607160512,1-6-5-4-2,0,0,23.1789,0,3-1-6;3-1-5;3-1-4;3-6-1;3-6-5;3-6-4,0,-0.05,1
3-2-5,0,0,2026-07-16,B,3,1,-1.8984,0.0254,0,まくり差し,3まくり,13460,0.32567,0,202607160703,6-5-4-1-2,0,0,30.6182,0,3-6-5;3-6-4;3-6-1;3-5-6;3-5-4;3-5-1,-0.5,-0.05,3
5-4-1,0,0,2026-07-16,B,3,0,1.7405,0.9351,0,まくり差し,3まくり,14550,0.09167,0,202607160706,1-5-4-2-6,0,0,10.8571,0,3-1-5;3-1-4;3-1-2;3-5-1;3-5-4;3-5-2,-0.5,-0.05,5
1-3-6,1,1,2026-07-16,S,3,0,0.2906,0.5726,600,逃げ,3まくり,9020,0.70567,1,202607161106,5-6-2-1-4,0,0,70.6472,0,3-5-6;3-5-2;3-5-1;3-6-5;3-6-2;3-6-1,0,-0.21,1
1-5-3,0,0,2026-07-16,B,3,0,-1.4243,0.1439,0,逃げ,3まくり差し,1670,0.551,0,202607161211,1-4-5-2-6,0,0,53.6257,0,3-1-4;3-1-5;3-1-2;3-4-1;3-4-5;3-4-2,0,-0.05,1
3-1-4,1,0,2026-07-16,A,3,1,-0.9163,0.2709,600,まくり差し,3まくり差し,1020,0.661,1,202607161309,1-4-6-5-2,1020,1,65.1337,1,3-1-4;3-1-6;3-1-5;3-4-1;3-4-6;3-4-5,0,-0.05,3
3-5-6,1,0,2026-07-16,A,3,1,-1.1571,0.2107,600,まくり,3まくり差し,2110,0.583,1,202607161710,5-1-6-4-2,2110,0,57.0929,1,3-5-1;3-5-6;3-5-4;3-1-5;3-1-6;3-1-4,0,-0.05,3
1-3-2,0,0,2026-07-16,B,3,0,0.5557,0.6389,0,逃げ,3まくり,960,0.432,0,202607161810,6-1-4-2-5,0,0,43.8557,0,3-6-1;3-6-4;3-6-2;3-1-6;3-1-4;3-1-2,0.5,0.1,1
1-3-5,1,1,2026-07-16,S,3,0,1.1458,0.7865,600,逃げ,3まくり差し,830,0.975,1,202607162103,5-6-2-4-1,0,0,98.5958,0,3-5-6;3-5-2;3-5-4;3-6-5;3-6-2;3-6-4,0,-0.05,1
1-3-2,0,0,2026-07-16,B,3,0,-1.1609,0.2098,0,逃げ,3まくり差し,1080,0.427,0,202607162112,5-1-2-6-4,0,0,41.3091,0,3-5-1;3-5-2;3-5-6;3-1-5;3-1-2;3-1-6,-0.5,-0.23,1
2-3-1,1,1,2026-07-16,S,3,0,1.0973,0.7743,600,差し,3まくり,4500,0.795,1,202607162402,6-4-2-5-1,0,0,80.3873,0,3-6-4;3-6-2;3-6-5;3-4-6;3-4-2;3-4-5,0,-0.21,2
4-1-6,1,0,2026-07-16,A,3,0,-1.0066,0.2484,600,差し,3まくり差し,13330,0.583,1,202607160504,6-2-5-4-1,0,0,57.2434,0,3-6-2;3-6-5;3-6-4;3-2-6;3-2-5;3-2-4,0,-0.05,4
1-3-5,1,0,2026-07-16,A,3,0,-0.6943,0.3264,600,抜き,3まくり差し,1740,0.585,1,202607160509,2-1-5-4-6,0,0,57.7557,0,3-2-1;3-2-5;3-2-4;3-1-2;3-1-5;3-1-4,0,-0.05,1
1-3-6,1,1,2026-07-16,S,3,0,0.4798,0.6199,600,逃げ,3まくり差し,920,0.671,1,202607160803,6-1-5-4-2,0,0,67.5298,0,3-6-1;3-6-5;3-6-4;3-1-6;3-1-5;3-1-4,0,-0.05,1
1-3-2,1,1,2026-07-16,S,3,0,1.7404,0.9351,600,逃げ,3まくり差し,1010,0.709,1,202607161208,1-5-4-2-6,0,0,72.5904,0,3-1-5;3-1-4;3-1-2;3-5-1;3-5-4;3-5-2,0,-0.05,1
1-5-3,0,0,2026-07-16,B,3,0,-1.3076,0.1731,0,逃げ,3まくり差し,1130,0.515,0,202607161212,1-5-2-6-4,0,0,50.1424,0,3-1-5;3-1-2;3-1-6;3-5-1;3-5-2;3-5-6,0,-0.05,1
3-4-2,0,0,2026-07-16,B,3,1,0.3819,0.5955,0,差し,3まくり差し,3140,0.525,0,202607161303,5-2-4-6-1,0,0,52.8319,0,3-5-2;3-5-4;3-5-6;3-2-5;3-2-4;3-2-6,0,-0.05,3
5-3-2,1,1,2026-07-16,S,3,0,0.19,0.5475,600,抜き,3まくり差し,39860,0.941,1,202607161307,2-4-6-1-5,0,0,94.06,0,3-2-4;3-2-6;3-2-1;3-4-2;3-4-6;3-4-1,-0.5,-0.23,5
2-4-5,1,1,2026-07-16,S,3,0,-1.6275,0.0931,600,まくり差し,3まくり差し,12750,0.693,1,202607161704,2-4-5-6-1,0,0,67.6225,0,3-2-4;3-2-5;3-2-6;3-4-2;3-4-5;3-4-6,0,-0.05,2
4-6-3,1,1,2026-07-16,S,4,1,1.4145,0.8536,600,まくり差し,4カドまくり,3980,0.799,0,202607160105,6-3-2-1-5,3980,0,81.2745,1,4-6-3;4-6-2;4-6-1;4-3-6;4-3-2;4-3-1,0,-0.04,4
4-1-2,0,0,2026-07-16,B,4,1,0.9767,0.7442,0,まくり,4カドまくり,2890,0.433,0,202607160112,1-2-6-3-5,0,1,43.0867,1,4-1-2;4-1-6;4-1-3;4-2-1;4-2-6;4-2-3,-0.5,-1.19,4
4-5-2,0,0,2026-07-16,B,4,0,0.249,0.5622,0,,4カドまくり,19240,0.39,0,202607160302,2-6-3-1-5,0,0,42.249,0,4-2-6;4-2-3;4-2-1;4-6-2;4-6-3;4-6-1,0.5,3.0,0
2-4-3,1,1,2026-07-16,S,4,0,0.7907,0.6977,600,,4カドまくり,1640,0.674,0,202607160304,2-6-3-5-1,0,0,71.1907,0,4-2-6;4-2-3;4-2-5;4-6-2;4-6-3;4-6-5,0.5,3.0,0
1-6-4,0,0,2026-07-16,B,4,0,-1.0807,0.2298,0,逃げ,4カドまくり,2500,0.459,0,202607160511,6-1-2-5-3,0,0,44.7793,0,4-6-1;4-6-2;4-6-5;4-1-6;4-1-2;4-1-5,0,-0.04,1
1-2-6,0,0,2026-07-16,B,4,0,-0.7305,0.3174,0,逃げ,4カドまくり,1080,0.429,0,202607160702,6-2-5-1-3,0,0,40.9795,0,4-6-2;4-6-5;4-6-1;4-2-6;4-2-5;4-2-1,-0.5,-1.19,1
1-3-5,0,0,2026-07-16,B,4,0,-1.3269,0.1683,0,逃げ,4カドまくり,3750,0.421,0,202607160704,6-3-1-2-5,0,0,39.5831,0,4-6-3;4-6-1;4-6-2;4-3-6;4-3-1;4-3-2,-0.5,-1.19,1
6-4-2,0,0,2026-07-16,B,4,0,-1.907,0.0233,0,まくり差し,4カドまくり,22830,0.287,0,202607160708,6-1-2-5-3,0,0,25.603,0,4-6-1;4-6-2;4-6-5;4-1-6;4-1-2;4-1-5,-0.5,-1.19,6
2-3-4,1,0,2026-07-16,A,4,0,1.3653,0.8413,600,まくり,4カドまくり,1360,0.559,0,202607160804,2-5-3-1-6,0,0,57.2253,0,4-2-5;4-2-3;4-2-1;4-5-2;4-5-3;4-5-1,0,-0.04,2
6-1-4,1,1,2026-07-16,S,4,0,1.7647,0.9412,600,差し,4カドまくり,4610,0.891,0,202607160805,6-2-1-5-3,0,0,90.8247,0,4-6-2;4-6-1;4-6-5;4-2-6;4-2-1;4-2-5,0,-0.04,6
4-5-2,1,1,2026-07-16,S,4,1,1.907,0.9767,600,まくり差し,4カドまくり,2240,0.841,0,202607160812,6-1-2-5-3,0,0,89.007,0,4-6-1;4-6-2;4-6-5;4-1-6;4-1-2;4-1-5,0.5,3.0,4
2-3-1,1,0,2026-07-16,A,4,0,-1.5458,0.1135,600,差し,4カドまくり,9120,0.635,0,202607161202,3-5-6-1-2,0,0,60.7642,0,4-3-5;4-3-6;4-3-1;4-5-3;4-5-6;4-5-1,-0.5,-1.19,2
4-1-2,1,0,2026-07-16,A,4,1,0.1888,0.5472,600,まくり差し,4カドまくり,2340,0.577,0,202607161203,2-5-3-1-6,0,0,57.8488,0,4-2-5;4-2-3;4-2-1;4-5-2;4-5-3;4-5-1,0,-0.04,4
1-5-2,1,0,2026-07-16,A,4,0,1.8413,0.9603,600,逃げ,4カドまくり,2270,0.573,0,202607161206,5-2-1-3-6,0,0,57.9513,0,4-5-2;4-5-1;4-5-3;4-2-5;4-2-1;4-2-3,-0.5,-1.19,1
3-4-1,1,0,2026-07-16,A,4,0,1.7155,0.9289,600,まくり差し,4カドまくり,18350,0.652,0,202607161306,1-6-2-3-5,0,0,65.7255,0,4-1-6;4-1-2;4-1-3;4-6-1;4-6-2;4-6-3,-0.5,-1.19,3
4-5-3,1,1,2026-07-16,S,4,1,1.9945,0.9986,600,まくり,4カドまくり,2530,0.925,0,202607161707,1-3-2-5-6,0,1,94.4545,0,4-1-3;4-1-2;4-1-5;4-3-1;4-3-2;4-3-5,0,-0.04,4
2-1-6,0,0,2026-07-16,B,4,0,1.9836,0.9959,0,差し,4カドまくり,33020,0.386,0,202607161812,1-3-6-2-5,0,0,40.5436,0,4-1-3;4-1-6;4-1-2;4-3-1;4-3-6;4-3-2,0,-0.04,2
4-5-1,0,0,2026-07-16,B,4,1,0.8345,0.7086,0,まくり,4カドまくり,6480,0.469,0,202607162102,1-5-2-3-6,0,1,47.6945,1,4-1-5;4-1-2;4-1-3;4-5-1;4-5-2;4-5-3,0,-0.04,4
5-6-1,0,0,2026-07-16,B,4,0,-1.7045,0.0739,0,恵まれ,4カドまくり,43710,0.421,0,202607162410,1-3-2-5-6,0,0,40.3555,0,4-1-3;4-1-2;4-1-5;4-3-1;4-3-2;4-3-5,0,-0.04,5
1-5-6,0,0,2026-07-17,B,3,0,1.6394,0.9098,0,逃げ,3まくり差し,3470,0.483,0,202607170710,6-5-1-4-2,0,0,49.7094,0,3-6-5;3-6-1;3-6-4;3-5-6;3-5-1;3-5-4,-0.5,-0.23,1
3-6-5,1,1,2026-07-17,S,3,1,1.7424,0.9356,600,まくり,3まくり差し,1900,0.663,1,202607170805,6-5-4-1-2,1900,0,69.3824,1,3-6-5;3-6-4;3-6-1;3-5-6;3-5-4;3-5-1,0.5,1.34,3
2-1-4,1,1,2026-07-17,S,3,0,1.4738,0.8684,600,差し,3まくり差し,2210,0.779,1,202607171107,2-4-5-1-6,0,0,79.3238,0,3-2-4;3-2-5;3-2-1;3-4-2;3-4-5;3-4-1,0,-0.05,2
1-3-4,1,1,2026-07-17,S,3,0,1.897,0.9742,600,逃げ,3まくり差し,890,0.763,1,202607171202,5-1-6-4-2,0,0,78.147,0,3-5-1;3-5-6;3-5-4;3-1-5;3-1-6;3-1-4,0,-0.05,1
3-2-1,0,0,2026-07-17,B,3,1,-0.7972,0.3007,0,差し,3まくり,2820,0.505,0,202607171204,5-2-6-4-1,0,0,49.6528,0,3-5-2;3-5-6;3-5-4;3-2-5;3-2-6;3-2-4,-0.5,-0.05,3
4-1-3,0,0,2026-07-17,B,3,0,-0.9328,0.2668,0,差し,3まくり差し,2220,0.561,0,202607171302,4-6-1-2-5,0,0,54.9372,0,3-4-6;3-4-1;3-4-2;3-6-4;3-6-1;3-6-2,-0.5,-0.23,4
1-3-6,0,0,2026-07-17,B,3,0,2.0,1.0,0,逃げ,3まくり,430,0.47875,0,202607171310,2-6-1-5-4,0,0,49.665,0,3-2-6;3-2-1;3-2-5;3-6-2;3-6-1;3-6-5,0,-0.21,1
1-2-3,0,0,2026-07-17,B,3,0,1.9393,0.9848,0,逃げ,3まくり,580,0.449,0,202607171312,6-5-2-1-4,0,0,46.7893,0,3-6-5;3-6-2;3-6-1;3-5-6;3-5-2;3-5-1,-0.5,-0.05,1
1-2-4,0,0,2026-07-17,B,3,0,0.1564,0.5391,0,逃げ,3まくり差し,3170,0.355,0,202607171604,5-1-4-2-6,0,0,35.4264,0,3-5-1;3-5-4;3-5-2;3-1-5;3-1-4;3-1-2,-0.5,-0.23,1
1-5-6,0,0,2026-07-17,B,3,0,0.1564,0.5391,0,逃げ,3まくり差し,1920,0.351,0,202607171606,1-5-6-2-4,0,0,35.0264,0,3-1-5;3-1-6;3-1-2;3-5-1;3-5-6;3-5-2,-0.5,-0.23,1
3-1-5,1,1,2026-07-17,S,3,1,1.4759,0.869,600,まくり差し,3まくり,740,0.87367,1,202607171710,1-5-2-4-6,740,0,88.6325,1,3-1-5;3-1-2;3-1-4;3-5-1;3-5-2;3-5-4,0,-0.21,3
4-5-6,0,0,2026-07-17,B,3,0,1.1132,0.7783,0,まくり,3まくり差し,2480,0.353,0,202607171712,1-4-5-2-6,0,0,36.3632,0,3-1-4;3-1-5;3-1-2;3-4-1;3-4-5;3-4-2,0,-0.05,4
1-2-6,1,1,2026-07-17,S,3,0,1.632,0.908,600,逃げ,3まくり差し,11980,0.669,1,202607171806,4-1-5-6-2,0,0,68.482,0,3-4-1;3-4-5;3-4-6;3-1-4;3-1-5;3-1-6,0,-0.05,1
4-3-5,0,0,2026-07-17,B,3,0,0.1564,0.5391,0,まくり,3まくり差し,48310,0.459,0,202607170212,5-6-1-4-2,0,0,45.8264,0,3-5-6;3-5-1;3-5-4;3-6-5;3-6-1;3-6-4,-0.5,-0.23,4
5-1-6,0,0,2026-07-17,B,3,0,0.3845,0.5961,0,まくり差し,3まくり差し,31840,0.171,0,202607170711,6-1-4-5-2,0,0,17.2545,0,3-6-1;3-6-4;3-6-5;3-1-6;3-1-4;3-1-5,-0.5,-0.23,5
1-3-5,0,0,2026-07-17,B,3,0,-1.6431,0.0892,0,逃げ,3まくり差し,1250,0.427,0,202607170712,5-4-1-6-2,0,0,41.0069,0,3-5-4;3-5-1;3-5-6;3-4-5;3-4-1;3-4-6,0,-0.05,1
2-1-5,0,0,2026-07-17,B,3,0,0.1564,0.5391,0,差し,3まくり差し,3880,0.453,0,202607171609,2-6-4-5-1,0,0,45.4064,0,3-2-6;3-2-4;3-2-5;3-6-2;3-6-4;3-6-5,0,-0.05,2
1-2-3,1,0,2026-07-17,A,3,0,0.2226,0.5557,600,逃げ,3まくり差し,1100,0.665,1,202607171612,4-1-5-2-6,0,0,66.4926,0,3-4-1;3-4-5;3-4-2;3-1-4;3-1-5;3-1-2,-0.5,-0.23,1
3-1-6,1,0,2026-07-17,A,3,1,-1.1426,0.2144,600,まくり差し,3まくり差し,1520,0.639,1,202607171706,4-6-1-5-2,0,1,62.5274,0,3-4-6;3-4-1;3-4-5;3-6-4;3-6-1;3-6-5,-0.5,-0.23,3
3-2-4,0,0,2026-07-17,B,3,1,-1.242,0.1895,0,まくり,3まくり差し,18050,0.259,0,202607171711,4-1-6-5-2,0,0,24.428,0,3-4-1;3-4-6;3-4-5;3-1-4;3-1-6;3-1-5,-0.5,-0.23,3
1-2-3,0,0,2026-07-17,B,3,0,-1.5658,0.1086,0,逃げ,3まくり差し,1040,0.465,0,202607172105,1-6-5-4-2,0,0,44.8842,0,3-1-6;3-1-5;3-1-4;3-6-1;3-6-5;3-6-4,0,-0.05,1
1-5-2,0,0,2026-07-17,B,3,0,-1.0212,0.2447,0,逃げ,3まくり差し,2210,0.355,0,202607172108,5-6-1-2-4,0,0,34.4288,0,3-5-6;3-5-1;3-5-2;3-6-5;3-6-1;3-6-2,0,-0.05,1
4-2-6,0,0,2026-07-17,B,4,1,-1.5893,0.1027,0,まくり,4カドまくり,5510,0.557,0,202607170104,2-6-1-3-5,0,1,52.9207,1,4-2-6;4-2-1;4-2-3;4-6-2;4-6-1;4-6-3,-0.5,-1.19,4
,0,0,2026-07-17,B,4,0,-1.5893,0.1027,0,,4カドまくり,0,0.563,0,202607170110,3-1-2-6-5,0,0,53.5207,0,4-3-1;4-3-2;4-3-6;4-1-3;4-1-2;4-1-6,-0.5,-1.19,0
4-2-5,0,0,2026-07-17,B,4,1,0.0267,0.5067,0,まくり,4カドまくり,4420,0.293,0,202607170205,5-1-2-6-3,0,1,29.2867,0,4-5-1;4-5-2;4-5-6;4-1-5;4-1-2;4-1-6,0,-0.04,4
5-2-4,0,0,2026-07-17,B,4,0,0.0267,0.5067,0,抜き,4カドまくり,10550,0.341,0,202607170206,5-2-3-1-6,0,0,32.9367,0,4-5-2;4-5-3;4-5-1;4-2-5;4-2-3;4-2-1,-0.5,-1.19,5
1-5-4,0,0,2026-07-17,B,4,0,0.976,0.744,0,逃げ,4カドまくり,3640,0.263,0,202607170707,1-2-6-5-3,0,0,27.236,0,4-1-2;4-1-6;4-1-5;4-2-1;4-2-6;4-2-5,0,-0.04,1
2-1-6,0,0,2026-07-17,B,4,0,-1.8293,0.0427,0,差し,4カドまくり,3190,0.345,0,202607170809,2-5-1-6-3,0,0,32.6307,0,4-2-5;4-2-1;4-2-6;4-5-2;4-5-1;4-5-6,0,-0.04,2
2-1-4,1,0,2026-07-17,A,4,0,1.792,0.948,600,差し,4カドまくり,1120,0.599,0,202607171108,2-5-3-1-6,0,0,61.652,0,4-2-5;4-2-3;4-2-1;4-5-2;4-5-3;4-5-1,0,-0.04,2
4-6-1,1,0,2026-07-17,A,4,1,1.8667,0.9667,600,まくり,4カドまくり,2440,0.554,0,202607171209,6-1-3-5-2,2440,1,56.0767,1,4-6-1;4-6-3;4-6-5;4-1-6;4-1-3;4-1-5,-0.5,-1.19,4
4-5-2,0,0,2026-07-17,B,4,1,1.8933,0.9733,0,まくり,4カドまくり,9440,0.509,0,202607171210,6-1-2-5-3,0,1,52.7533,0,4-6-1;4-6-2;4-6-5;4-1-6;4-1-2;4-1-5,0,-0.04,4
4-2-5,1,0,2026-07-17,A,4,1,1.904,0.976,600,まくり差し,4カドまくり,13620,0.577,0,202607171305,5-1-3-2-6,0,0,58.414,0,4-5-1;4-5-3;4-5-2;4-1-5;4-1-3;4-1-2,-0.5,-1.19,4
1-3-4,0,0,2026-07-17,B,4,0,1.9893,0.9973,0,逃げ,4カドまくり,740,0.438,0,202607171307,1-5-3-6-2,0,0,45.7493,0,4-1-5;4-1-3;4-1-6;4-5-1;4-5-3;4-5-6,0,-0.04,1
1-3-4,1,1,2026-07-17,S,4,0,-1.136,0.216,600,逃げ,4カドまくり,1520,0.85,0,202607171308,1-3-2-5-6,0,0,82.674,0,4-1-3;4-1-2;4-1-5;4-3-1;4-3-2;4-3-5,-0.5,-1.19,1
3-2-4,0,0,2026-07-17,B,4,0,-1.6267,0.0933,0,まくり,4カドまくり,18050,0.441,0,202607171711,1-6-5-2-3,0,0,42.4333,0,4-1-6;4-1-5;4-1-2;4-6-1;4-6-5;4-6-2,0,-0.04,3
3-1-4,0,0,2026-07-17,B,4,0,1.44,0.86,0,まくり差し,4カドまくり,13950,0.503,0,202607172408,1-2-3-6-5,0,0,54.74,0,4-1-2;4-1-3;4-1-6;4-2-1;4-2-3;4-2-6,0.5,3.0,3
3-1-2,1,0,2026-07-17,A,4,0,1.4933,0.8733,600,まくり差し,4カドまくり,17440,0.629,0,202607172410,1-6-5-2-3,0,0,64.3533,0,4-1-6;4-1-5;4-1-2;4-6-1;4-6-5;4-6-2,0,-0.04,3
3-1-2,0,0,2026-07-17,B,4,0,-1.136,0.216,0,まくり差し,4カドまくり,2420,0.181,0,202607172412,3-2-1-6-5,0,0,16.924,0,4-3-2;4-3-1;4-3-6;4-2-3;4-2-1;4-2-6,0,-0.04,3
4-5-2,1,1,2026-07-18,S,3,0,1.1111,0.7778,600,まくり,3まくり,9190,0.683,1,202607180204,4-5-6-2-1,0,0,69.2011,0,3-4-5;3-4-6;3-4-2;3-5-4;3-5-6;3-5-2,0,-0.21,4
2-3-5,0,0,2026-07-18,B,3,0,0.4173,0.6043,0,まくり,3まくり,3790,0.51567,0,202607180209,5-1-2-4-6,0,0,51.934,0,3-5-1;3-5-2;3-5-4;3-1-5;3-1-2;3-1-4,-0.5,-0.05,2
1-3-2,1,1,2026-07-18,S,3,0,0.2547,0.5637,600,逃げ,3まくり,1420,0.79567,1,202607180405,6-2-1-5-4,0,0,79.6114,0,3-6-2;3-6-1;3-6-5;3-2-6;3-2-1;3-2-5,0,-0.21,1
3-1-4,1,1,2026-07-18,S,3,1,0.1497,0.5374,600,まくり差し,3まくり差し,860,0.707,1,202607180407,6-1-4-5-2,860,1,70.7997,1,3-6-1;3-6-4;3-6-5;3-1-6;3-1-4;3-1-5,0,-0.05,3
2-1-3,1,1,2026-07-18,S,3,0,0.9539,0.7385,600,差し,3まくり,8930,0.86233,1,202607180703,1-5-6-4-2,0,0,87.1373,0,3-1-5;3-1-6;3-1-4;3-5-1;3-5-6;3-5-4,-0.5,-0.05,2
1-2-5,1,1,2026-07-18,S,3,0,-1.174,0.2065,600,逃げ,3まくり差し,1480,0.739,1,202607180706,1-5-6-4-2,0,0,72.496,0,3-1-5;3-1-6;3-1-4;3-5-1;3-5-6;3-5-4,-0.5,-0.23,1
1-4-2,0,0,2026-07-18,B,3,0,-1.9098,0.0225,0,逃げ,3まくり差し,2900,0.451,0,202607180707,1-6-5-4-2,0,0,43.1402,0,3-1-6;3-1-5;3-1-4;3-6-1;3-6-5;3-6-4,0,-0.05,1
1-5-4,0,0,2026-07-18,B,3,0,0.6438,0.661,0,逃げ,3まくり差し,3740,0.515,0,202607180709,1-4-6-2-5,0,0,51.9138,0,3-1-4;3-1-6;3-1-2;3-4-1;3-4-6;3-4-2,-0.5,-0.23,1
1-2-6,0,0,2026-07-18,B,3,0,-0.6474,0.3381,0,逃げ,3まくり差し,2280,0.505,0,202607180711,6-2-4-1-5,0,0,49.6226,0,3-6-2;3-6-4;3-6-1;3-2-6;3-2-4;3-2-1,-0.5,-0.23,1
1-2-3,1,1,2026-07-18,S,3,0,0.2547,0.5637,600,逃げ,3まくり,1760,0.72833,1,202607180907,4-1-5-6-2,0,0,72.8781,0,3-4-1;3-4-5;3-4-6;3-1-4;3-1-5;3-1-6,0,-0.21,1
3-1-6,1,1,2026-07-18,S,3,1,0.2547,0.5637,600,差し,3まくり,1380,0.72833,1,202607181008,6-2-1-5-4,0,0,72.8781,0,3-6-2;3-6-1;3-6-5;3-2-6;3-2-1;3-2-5,0,-0.21,3
1-4-5,1,1,2026-07-18,S,3,0,1.9459,0.9865,600,逃げ,3まくり差し,2080,0.909,1,202607181202,4-2-1-5-6,0,0,92.6159,0,3-4-2;3-4-1;3-4-5;3-2-4;3-2-1;3-2-5,-0.5,-0.23,1
1-2-3,1,1,2026-07-18,S,3,0,1.8846,0.9711,600,逃げ,3まくり差し,1320,0.681,1,202607181309,1-4-5-6-2,0,0,69.9346,0,3-1-4;3-1-5;3-1-6;3-4-1;3-4-5;3-4-6,0,-0.05,1
1-5-3,1,1,2026-07-18,S,3,0,-1.0352,0.2412,600,逃げ,3まくり,1530,0.80767,1,202607181612,1-5-2-6-4,0,0,79.5214,0,3-1-5;3-1-2;3-1-6;3-5-1;3-5-2;3-5-6,0,-0.21,1
1-3-6,1,1,2026-07-18,S,3,0,1.4301,0.8575,600,逃げ,3まくり差し,1630,0.791,1,202607181712,1-6-4-5-2,0,0,80.3001,0,3-1-6;3-1-4;3-1-5;3-6-1;3-6-4;3-6-5,-0.5,-0.23,1
3-2-4,1,0,2026-07-18,A,3,1,0.5825,0.6456,600,まくり差し,3まくり差し,6570,0.549,1,202607181808,2-6-1-5-4,0,1,55.4325,0,3-2-6;3-2-1;3-2-5;3-6-2;3-6-1;3-6-5,0,-0.05,3
1-3-6,0,0,2026-07-18,B,3,0,-1.697,0.0757,0,逃げ,3まくり差し,2540,0.459,0,202607182112,1-2-5-6-4,0,0,43.973,0,3-1-2;3-1-5;3-1-6;3-2-1;3-2-5;3-2-6,-0.5,-0.23,1
1-5-6,0,0,2026-07-18,B,3,0,0.1497,0.5374,0,逃げ,3まくり差し,1950,0.445,0,202607180103,6-5-1-2-4,0,0,44.5997,0,3-6-5;3-6-1;3-6-2;3-5-6;3-5-1;3-5-2,0,-0.05,1
4-5-1,0,0,2026-07-18,B,3,0,-1.2822,0.1794,0,まくり,3まくり差し,8590,0.511,0,202607180208,4-1-2-5-6,0,0,49.7678,0,3-4-1;3-4-2;3-4-5;3-1-4;3-1-2;3-1-5,0,-0.05,4
1-4-3,1,0,2026-07-18,A,3,0,1.3544,0.8386,600,逃げ,3まくり差し,1030,0.583,1,202607180705,1-6-4-5-2,0,0,59.6044,0,3-1-6;3-1-4;3-1-5;3-6-1;3-6-4;3-6-5,0,-0.05,1
6-5-4,0,0,2026-07-18,B,3,0,-1.3688,0.1578,0,まくり差し,3まくり差し,65350,0.281,0,202607180712,4-6-1-5-2,0,0,26.6812,0,3-4-6;3-4-1;3-4-5;3-6-4;3-6-1;3-6-5,0,-0.05,6
1-3-2,1,1,2026-07-18,S,3,0,1.9315,0.9829,600,逃げ,3まくり差し,750,0.705,1,202607180812,1-5-6-2-4,0,0,72.3815,0,3-1-5;3-1-6;3-1-2;3-5-1;3-5-6;3-5-2,0,-0.05,1
3-1-5,0,0,2026-07-18,B,3,1,1.073,0.7683,0,まくり差し,3まくり差し,1040,0.261,0,202607181204,5-1-6-4-2,0,1,27.123,1,3-5-1;3-5-6;3-5-4;3-1-5;3-1-6;3-1-4,0,-0.05,3
1-3-4,0,0,2026-07-18,B,3,0,1.4337,0.8584,0,逃げ,3まくり差し,1230,0.291,0,202607181312,5-6-1-4-2,0,0,30.4837,0,3-5-6;3-5-1;3-5-4;3-6-5;3-6-1;3-6-4,0,-0.05,1
1-6-4,0,0,2026-07-18,B,3,0,0.4022,0.6005,0,,3まくり差し,5230,0.427,0,202607181806,4-6-5-1-2,0,0,42.8722,0,3-4-6;3-4-5;3-4-1;3-6-4;3-6-5;3-6-1,-0.5,-0.23,0
2-3-4,1,1,2026-07-18,S,3,0,0.1497,0.5374,600,逃げ,3まくり差し,690,0.68,1,202607182008,1-2-5-4-6,0,0,67.9197,0,3-1-2;3-1-5;3-1-4;3-2-1;3-2-5;3-2-4,-0.5,-0.23,2
5-3-2,1,1,2026-07-18,S,3,0,0.8133,0.7033,600,まくり差し,3まくり差し,34840,0.757,1,202607182103,4-5-6-1-2,0,0,76.4633,0,3-4-5;3-4-6;3-4-1;3-5-4;3-5-6;3-5-1,0,-0.05,5
4-2-5,0,0,2026-07-18,B,3,0,1.7764,0.9441,0,まくり,3まくり差し,8610,0.491,0,202607182109,2-4-6-1-5,0,0,50.8264,0,3-2-4;3-2-6;3-2-1;3-4-2;3-4-6;3-4-1,0,-0.05,4
4-1-2,0,0,2026-07-18,B,4,1,0.5692,0.6423,0,まくり差し,4カドまくり,1060,0.361,0,202607180202,2-3-1-6-5,0,0,35.4792,0,4-2-3;4-2-1;4-2-6;4-3-2;4-3-1;4-3-6,-0.5,-1.19,4
3-1-2,0,0,2026-07-18,B,4,0,0.0261,0.5065,0,抜き,4カドまくり,3410,0.513,0,202607180403,2-3-6-5-1,0,0,51.2861,0,4-2-3;4-2-6;4-2-5;4-3-2;4-3-6;4-3-5,0,-0.04,3
1-4-3,1,0,2026-07-18,A,4,0,0.0261,0.5065,600,逃げ,4カドまくり,710,0.577,0,202607180408,1-3-2-6-5,0,0,57.6861,0,4-1-3;4-1-2;4-1-6;4-3-1;4-3-2;4-3-6,0,-0.04,1
1-3-5,0,0,2026-07-18,B,4,0,-1.8851,0.0287,0,逃げ,4カドまくり,2240,0.309,0,202607180710,5-6-3-2-1,0,0,27.8249,0,4-5-6;4-5-3;4-5-2;4-6-5;4-6-3;4-6-2,-0.5,-1.19,1
3-4-5,0,0,2026-07-18,B,4,0,-1.0705,0.2324,0,まくり,4カドまくり,6620,0.559,0,202607180809,5-2-1-3-6,0,0,54.7895,0,4-5-2;4-5-1;4-5-3;4-2-5;4-2-1;4-2-3,0,-0.04,3
2-4-1,1,0,2026-07-18,A,4,0,0.0261,0.5065,600,差し,4カドまくり,3110,0.629,0,202607180901,2-5-3-1-6,0,0,62.8861,0,4-2-5;4-2-3;4-2-1;4-5-2;4-5-3;4-5-1,0,-0.04,2
2-1-4,1,0,2026-07-18,A,4,0,0.0261,0.5065,600,差し,4カドまくり,1910,0.627,0,202607180905,3-2-1-5-6,0,0,61.5361,0,4-3-2;4-3-1;4-3-5;4-2-3;4-2-1;4-2-5,-0.5,-1.19,2
1-4-2,0,0,2026-07-18,B,4,0,0.0261,0.5065,0,逃げ,4カドまくり,1410,0.543,0,202607180911,5-1-6-2-3,0,0,54.2861,0,4-5-1;4-5-6;4-5-2;4-1-5;4-1-6;4-1-2,0,-0.04,1
3-4-2,1,0,2026-07-18,A,4,0,0.8512,0.7128,600,まくり,4カドまくり,6130,0.637,0,202607181104,6-1-3-5-2,0,0,64.5112,0,4-6-1;4-6-3;4-6-5;4-1-6;4-1-3;4-1-5,0,-0.04,3
1-5-4,1,1,2026-07-18,S,4,0,0.6057,0.6514,600,逃げ,4カドまくり,5780,0.747,0,202607181106,5-3-2-1-6,0,0,75.2657,0,4-5-3;4-5-2;4-5-1;4-3-5;4-3-2;4-3-1,0,-0.04,1
4-1-5,1,0,2026-07-18,A,4,1,0.2037,0.5509,600,まくり差し,4カドまくり,1710,0.603,0,202607181208,1-2-3-5-6,1710,0,60.4637,1,4-1-2;4-1-3;4-1-5;4-2-1;4-2-3;4-2-5,0,-0.04,4
1-4-5,1,1,2026-07-18,S,4,0,1.906,0.9765,600,逃げ,4カドまくり,330,0.678,0,202607181302,3-5-1-2-6,0,0,68.516,0,4-3-5;4-3-1;4-3-2;4-5-3;4-5-1;4-5-2,-0.5,-1.19,1
4-2-5,0,0,2026-07-18,B,4,1,1.9948,0.9987,0,まくり差し,4カドまくり,1980,0.382,0,202607181303,2-5-1-6-3,0,0,40.1548,1,4-2-5;4-2-1;4-2-6;4-5-2;4-5-1;4-5-6,0,-0.04,4
4-5-3,0,0,2026-07-18,B,4,1,-1.7232,0.0692,0,まくり差し,4カドまくり,7940,0.403,0,202607181607,6-1-5-3-2,0,0,38.5368,0,4-6-1;4-6-5;4-6-3;4-1-6;4-1-5;4-1-3,0,-0.04,4
4-2-5,1,1,2026-07-18,S,4,1,0.0261,0.5065,600,差し,4カドまくり,4730,0.691,0,202607182004,6-1-2-5-3,0,0,69.0861,0,4-6-1;4-6-2;4-6-5;4-1-6;4-1-2;4-1-5,0,-0.04,4
4-5-1,1,1,2026-07-18,S,4,1,1.7389,0.9347,600,まくり,4カドまくり,3240,0.751,0,202607182102,1-6-2-3-5,0,1,76.7989,0,4-1-6;4-1-2;4-1-3;4-6-1;4-6-2;4-6-3,0,-0.04,4
3-4-1,0,0,2026-07-18,B,4,0,1.0026,0.7507,0,まくり差し,4カドまくり,5770,0.307,0,202607182108,6-2-1-5-3,0,0,31.6626,0,4-6-2;4-6-1;4-6-5;4-2-6;4-2-1;4-2-5,0,-0.04,3
1-6-2,0,0,2026-07-18,B,4,0,0.4961,0.624,0,逃げ,4カドまくり,3620,0.449,0,202607182111,1-6-2-5-3,0,0,44.2061,0,4-1-6;4-1-2;4-1-5;4-6-1;4-6-2;4-6-5,-0.5,-1.19,1
,0,0,2026-07-19,B,3,0,0.2464,0.5616,0,,3まくり,0,0.5,0,202607190504,1-5-4-6-2,0,0,50.0364,0,3-1-5;3-1-4;3-1-6;3-5-1;3-5-4;3-5-6,0,-0.21,0
1-6-4,0,0,2026-07-19,B,3,0,1.306,0.8265,0,抜き,3まくり,940,0.22,0,202607191805,6-1-4-2-5,0,0,23.256,0,3-6-1;3-6-4;3-6-2;3-1-6;3-1-4;3-1-2,-0.5,-0.05,1
3-5-4,1,1,2026-07-19,S,3,1,0.2464,0.5616,600,まくり,3まくり,1980,0.761,1,202607191904,5-1-4-2-6,1980,1,76.1364,1,3-5-1;3-5-4;3-5-2;3-1-5;3-1-4;3-1-2,0,-0.21,3
3-5-6,0,0,2026-07-19,B,3,1,1.7245,0.9311,0,まくり,3まくり,36750,0.429,0,202607191905,1-4-2-5-6,0,1,44.4145,0,3-1-4;3-1-2;3-1-5;3-4-1;3-4-2;3-4-5,0,-0.21,3
,0,0,2026-07-19,B,4,0,1.5663,0.8916,0,,4カドまくり,0,0.5,0,202607190205,1-5-6-3-2,0,0,51.5263,0,4-1-5;4-1-6;4-1-3;4-5-1;4-5-6;4-5-3,0,-0.04,0
1-3-2,1,1,2026-07-19,S,4,0,-1.9949,0.0013,600,逃げ,4カドまくり,8380,0.715,0,202607190407,1-6-5-2-3,0,0,69.4651,0,4-1-6;4-1-5;4-1-2;4-6-1;4-6-5;4-6-2,0,-0.04,1
4-3-1,0,0,2026-07-19,B,4,1,-0.7857,0.3036,0,まくり差し,4カドまくり,6520,0.539,0,202607191206,1-2-5-3-6,0,0,51.9243,0,4-1-2;4-1-5;4-1-3;4-2-1;4-2-5;4-2-3,-0.5,-1.19,4
,0,0,2026-07-19,B,4,0,0.5612,0.6403,0,,4カドまくり,0,0.5,0,202607191605,1-5-6-2-3,0,0,50.5212,0,4-1-5;4-1-6;4-1-2;4-5-1;4-5-6;4-5-2,0,-0.04,0
1-2-4,1,1,2026-07-19,S,4,0,1.949,0.9872,600,逃げ,4カドまくり,490,0.761,0,202607192005,2-1-5-3-6,0,0,78.009,0,4-2-1;4-2-5;4-2-3;4-1-2;4-1-5;4-1-3,0,-0.04,1
1-4-5,1,0,2026-07-19,A,5,0,0.0,0.5,600,逃げ,5頭展開,2140,0.55948,1,202607190202,4-2-6-1-3,0,0,55.948,0,5-4-2;5-4-6;5-4-1;5-2-4;5-2-6;5-2-1,-0.5,0,1
,0,0,2026-07-19,B,5,0,0.0,0.5,0,,5頭展開,0,0.5,0,202607190905,6-4-1-2-3,0,0,50.0,0,5-6-4;5-6-1;5-6-2;5-4-6;5-4-1;5-4-2,0,0,0
1-3-2,0,0,2026-07-19,B,5,0,0.0,0.5,0,逃げ,5頭展開,3940,0.5,0,202607190908,2-6-1-4-3,0,0,50.0,0,5-2-6;5-2-1;5-2-4;5-6-2;5-6-1;5-6-4,0,0,1
1-3-6,1,1,2026-07-19,S,5,0,0.0,0.5,600,逃げ,5頭展開,4760,0.82368,1,202607190911,4-1-3-6-2,0,0,82.368,0,5-4-1;5-4-3;5-4-6;5-1-4;5-1-3;5-1-6,0,0,1
,0,0,2026-07-19,B,5,0,0.0,0.5,0,,5頭展開,0,0.5,0,202607191605,4-1-6-2-3,0,0,50.0,0,5-4-1;5-4-6;5-4-2;5-1-4;5-1-6;5-1-2,0,0,0
4-1-6,1,0,2026-07-19,A,5,0,0.0,0.5,600,,5頭展開,4340,0.60567,1,202607191606,4-6-2-3-1,0,0,60.5667,0,5-4-6;5-4-2;5-4-3;5-6-4;5-6-2;5-6-3,-0.5,0,0
1-2-6,1,0,2026-07-19,A,5,0,0.0,0.5,600,逃げ,5頭展開,5320,0.5624,1,202607191910,1-2-4-6-3,0,0,56.24,0,5-1-2;5-1-4;5-1-6;5-2-1;5-2-4;5-2-6,0,0,1
,0,0,2026-07-19,B,5,0,0.0,0.5,0,,5頭展開,0,0.5,0,202607192111,1-4-6-2-3,0,0,50.0,0,5-1-4;5-1-6;5-1-2;5-4-1;5-4-6;5-4-2,0,0,0
1-4-6,0,0,2026-07-19,B,5,0,0.0,0.5,0,逃げ,5頭展開,2160,0.51067,0,202607192211,6-1-2-4-3,0,0,51.0667,0,5-6-1;5-6-2;5-6-4;5-1-6;5-1-2;5-1-4,0,0,1
3-5-6,0,0,2026-07-20,B,3,1,0.2451,0.5613,0,まくり,3まくり,5990,0.528,0,202607201803,5-1-6-2-4,0,1,52.8351,1,3-5-1;3-5-6;3-5-2;3-1-5;3-1-6;3-1-2,0,-0.21,3
1-3-4,0,0,2026-07-20,B,3,0,-1.2411,0.1897,0,逃げ,3まくり,700,0.393,0,202607201806,6-1-4-2-5,0,0,37.8489,0,3-6-1;3-6-4;3-6-2;3-1-6;3-1-4;3-1-2,0,-0.21,1
3-2-5,0,0,2026-07-20,B,3,1,1.0883,0.7721,0,差し,3まくり,5570,0.54033,0,202607201903,5-4-1-6-2,0,0,54.9116,0,3-5-4;3-5-1;3-5-6;3-4-5;3-4-1;3-4-6,0,-0.21,3
4-1-5,0,0,2026-07-20,B,4,1,0.038,0.5095,0,まくり差し,4カドまくり,1230,0.353,0,202607200401,6-5-1-2-3,0,0,35.298,0,4-6-5;4-6-1;4-6-2;4-5-6;4-5-1;4-5-2,0,-0.04,4
1-4-6,0,0,2026-07-20,B,4,0,0.7782,0.6946,0,逃げ,4カドまくり,1860,0.317,0,202607200510,1-5-6-2-3,0,0,32.4382,0,4-1-5;4-1-6;4-1-2;4-5-1;4-5-6;4-5-2,0,-0.04,1
1-2-6,0,0,2026-07-20,B,4,0,0.8035,0.7009,0,逃げ,4カドまくり,1690,0.385,0,202607201001,1-6-2-3-5,0,0,39.2635,0,4-1-6;4-1-2;4-1-3;4-6-1;4-6-2;4-6-3,0,-0.04,1
1-3-4,0,0,2026-07-20,B,4,0,0.0228,0.5057,0,逃げ,4カドまくり,1150,0.463,0,202607201502,6-1-3-2-5,0,0,45.1328,0,4-6-1;4-6-3;4-6-2;4-1-6;4-1-3;4-1-2,-0.5,-1.19,1
5-2-1,1,1,2026-07-20,S,4,0,0.0228,0.5057,600,まくり,4カドまくり,8340,0.815,0,202607201503,5-2-6-1-3,0,0,81.4828,0,4-5-2;4-5-6;4-5-1;4-2-5;4-2-6;4-2-1,0,-0.04,5
1-5-4,1,1,2026-07-20,S,4,0,0.3777,0.5944,600,逃げ,4カドまくり,6530,0.775,0,202607201809,1-6-2-5-3,0,0,77.8377,0,4-1-6;4-1-2;4-1-5;4-6-1;4-6-2;4-6-5,0,-0.04,1
1-4-3,1,1,2026-07-20,S,4,0,-0.9708,0.2573,600,逃げ,4カドまくり,1260,0.779,0,202607201810,1-2-3-5-6,0,0,76.8892,0,4-1-2;4-1-3;4-1-5;4-2-1;4-2-3;4-2-5,0,-0.04,1
5-4-6,1,1,2026-07-20,S,5,1,1.1111,0.7778,600,まくり差し,5頭展開,1140,0.72044,1,202607200501,4-1-2-6-3,1140,1,73.1551,1,5-4-1;5-4-2;5-4-6;5-1-4;5-1-2;5-1-6,-0.5,0,5
1-2-5,1,1,2026-07-20,S,5,0,-0.2222,0.4444,600,逃げ,5頭展開,3910,0.79155,1,202607200506,4-2-3-1-6,0,0,78.9324,0,5-4-2;5-4-3;5-4-1;5-2-4;5-2-3;5-2-1,0,0,1
1-4-6,0,0,2026-07-20,B,5,0,-1.5556,0.1111,0,逃げ,5頭展開,1860,0.37844,0,202607200510,1-4-6-2-3,0,0,36.2884,0,5-1-4;5-1-6;5-1-2;5-4-1;5-4-6;5-4-2,0,0,1
5-1-4,1,0,2026-07-20,A,5,1,-0.2222,0.4444,600,まくり差し,5頭展開,4050,0.59712,1,202607200908,4-3-1-6-2,0,1,59.4898,0,5-4-3;5-4-1;5-4-6;5-3-4;5-3-1;5-3-6,0,0,5
1-4-2,0,0,2026-07-20,B,5,0,-1.5556,0.1111,0,逃げ,5頭展開,4530,0.53581,0,202607201004,1-6-4-3-2,0,0,52.0258,0,5-1-6;5-1-4;5-1-3;5-6-1;5-6-4;5-6-3,0,0,1
3-4-6,0,0,2026-07-20,B,5,0,-0.6667,0.3333,0,まくり差し,5頭展開,2000,0.40176,0,202607201010,4-3-6-1-2,0,0,39.5093,0,5-4-3;5-4-6;5-4-1;5-3-4;5-3-6;5-3-1,0,0,3
2-1-3,0,0,2026-07-20,B,5,0,-1.5556,0.1111,0,差し,5頭展開,23300,0.42341,0,202607201206,3-4-1-2-6,0,0,40.7854,0,5-3-4;5-3-1;5-3-2;5-4-3;5-4-1;5-4-2,-0.5,0,2
1-2-5,0,0,2026-07-20,B,5,0,-0.2222,0.4444,0,逃げ,5頭展開,760,0.48145,0,202607202011,1-2-4-6-3,0,0,47.9231,0,5-1-2;5-1-4;5-1-6;5-2-1;5-2-4;5-2-6,0,0,1
1-2-3,0,0,2026-07-20,B,5,0,-1.5556,0.1111,0,逃げ,5頭展開,500,0.43467,0,202607202211,2-1-4-3-6,0,0,41.9111,0,5-2-1;5-2-4;5-2-3;5-1-2;5-1-4;5-1-3,0,0,1
1-2-5,0,0,2026-07-21,B,3,0,1.8793,0.9698,0,逃げ,3まくり,8510,0.46033,0,202607211905,1-6-4-2-5,0,0,47.7026,0,3-1-6;3-1-4;3-1-2;3-6-1;3-6-4;3-6-2,0,-0.21,1
1-5-4,0,0,2026-07-21,B,3,0,0.2467,0.5617,0,逃げ,3まくり,7650,0.52967,0,202607212303,1-5-4-2-6,0,0,53.1634,0,3-1-5;3-1-4;3-1-2;3-5-1;3-5-4;3-5-2,-0.5,-0.05,1
1-3-2,0,0,2026-07-21,B,3,0,0.2467,0.5617,0,逃げ,3まくり,770,0.46233,0,202607212305,1-5-2-6-4,0,0,46.2701,0,3-1-5;3-1-2;3-1-6;3-5-1;3-5-2;3-5-6,0,-0.21,1
2-5-4,0,0,2026-07-21,B,4,0,1.8744,0.9686,0,まくり,4カドまくり,10590,0.435,0,202607211209,2-6-5-3-1,0,0,45.3344,0,4-2-6;4-2-5;4-2-3;4-6-2;4-6-5;4-6-3,0,-0.04,2
1-4-2,1,0,2026-07-21,A,4,0,-0.9246,0.2688,600,逃げ,4カドまくり,2770,0.643,0,202607211502,5-3-1-2-6,0,0,63.3354,0,4-5-3;4-5-1;4-5-2;4-3-5;4-3-1;4-3-2,0,-0.04,1
4-1-5,1,0,2026-07-21,A,4,1,-1.2764,0.1809,600,まくり差し,4カドまくり,3280,0.639,0,202607211509,2-1-6-5-3,3280,0,61.4336,1,4-2-1;4-2-6;4-2-5;4-1-2;4-1-6;4-1-5,-0.5,-1.19,4
4-1-6,1,0,2026-07-21,A,4,1,-1.9347,0.0163,600,差し,4カドまくり,11640,0.641,0,202607211604,5-2-6-1-3,0,0,62.1253,0,4-5-2;4-5-6;4-5-1;4-2-5;4-2-6;4-2-1,0,-0.04,4
4-1-2,1,1,2026-07-21,S,4,1,0.0201,0.505,600,抜き,4カドまくり,830,0.861,0,202607212308,1-2-3-5-6,830,0,86.0801,1,4-1-2;4-1-3;4-1-5;4-2-1;4-2-3;4-2-5,0,-0.04,4
4-2-6,0,0,2026-07-21,B,5,0,0.0,0.5,0,差し,5頭展開,8220,0.54396,0,202607210510,4-2-1-6-3,0,0,54.396,0,5-4-2;5-4-1;5-4-6;5-2-4;5-2-1;5-2-6,-0.5,0,4
5-3-6,0,0,2026-07-21,B,5,1,-0.4444,0.3889,0,まくり差し,5頭展開,28400,0.4852,0,202607210904,4-3-6-1-2,0,1,48.0756,1,5-4-3;5-4-6;5-4-1;5-3-4;5-3-6;5-3-1,0,0,5
1-4-2,1,0,2026-07-21,A,5,0,0.8889,0.7222,600,逃げ,5頭展開,2770,0.65056,1,202607211502,4-3-1-2-6,0,0,65.9449,0,5-4-3;5-4-1;5-4-2;5-3-4;5-3-1;5-3-2,-0.5,0,1
4-1-6,1,1,2026-07-21,S,5,0,-1.1111,0.2222,600,差し,5頭展開,11640,0.72343,1,202607211604,4-2-6-1-3,0,0,71.2316,0,5-4-2;5-4-6;5-4-1;5-2-4;5-2-6;5-2-1,0,0,4
1-3-2,0,0,2026-07-21,B,5,0,0.6667,0.6667,0,逃げ,5頭展開,960,0.37475,0,202607211611,1-2-6-4-3,0,0,38.1413,0,5-1-2;5-1-6;5-1-4;5-2-1;5-2-6;5-2-4,0,0,1
3-2-1,1,0,2026-07-21,A,5,0,1.3333,0.8333,600,まくり,5頭展開,10350,0.60737,1,202607212204,6-3-1-2-4,0,0,62.0707,0,5-6-3;5-6-1;5-6-2;5-3-6;5-3-1;5-3-2,0.5,0,3
1-3-4,0,0,2026-07-22,B,3,0,0.7869,0.6967,0,逃げ,3まくり,620,0.45033,0,202607220511,1-6-4-2-5,0,0,45.6103,0,3-1-6;3-1-4;3-1-2;3-6-1;3-6-4;3-6-2,0,-0.21,1
3-6-5,1,0,2026-07-22,A,3,1,0.2484,0.5621,600,まくり,3まくり,2280,0.65033,1,202607220802,6-1-5-4-2,2280,1,65.0717,1,3-6-1;3-6-5;3-6-4;3-1-6;3-1-5;3-1-4,0,-0.21,3
3-1-5,0,0,2026-07-22,B,3,1,0.2484,0.5621,0,まくり差し,3まくり,990,0.41833,0,202607221410,5-1-6-4-2,0,0,41.8717,1,3-5-1;3-5-6;3-5-4;3-1-5;3-1-6;3-1-4,0,-0.21,3
1-2-4,0,0,2026-07-22,B,4,0,0.9913,0.7478,0,逃げ,4カドまくり,790,0.529,0,202607220507,1-2-5-6-3,0,0,53.8513,0,4-1-2;4-1-5;4-1-6;4-2-1;4-2-5;4-2-6,0,-0.04,1
1-2-4,1,0,2026-07-22,A,4,0,0.0275,0.5069,600,逃げ,4カドまくり,810,0.631,0,202607220807,2-1-5-6-3,0,0,63.0875,0,4-2-1;4-2-5;4-2-6;4-1-2;4-1-5;4-1-6,0,-0.04,1
1-4-2,0,0,2026-07-22,B,4,0,0.0275,0.5069,0,逃げ,4カドまくり,840,0.513,0,202607221308,6-1-2-5-3,0,0,51.2875,0,4-6-1;4-6-2;4-6-5;4-1-6;4-1-2;4-1-5,0,-0.04,1
1-3-6,1,0,2026-07-22,A,4,0,0.0275,0.5069,600,逃げ,4カドまくり,25300,0.647,0,202607221407,2-6-1-3-5,0,0,64.6875,0,4-2-6;4-2-1;4-2-3;4-6-2;4-6-1;4-6-3,0,-0.04,1
5-1-6,0,0,2026-07-22,B,4,0,-1.5406,0.1149,0,まくり差し,4カドまくり,1980,0.347,0,202607221506,5-1-6-2-3,0,0,31.9694,0,4-5-1;4-5-6;4-5-2;4-1-5;4-1-6;4-1-2,-0.5,-1.19,5
6-2-3,1,1,2026-07-22,S,4,0,0.0275,0.5069,600,まくり,4カドまくり,24540,0.793,0,202607222406,6-1-2-3-5,0,0,78.1375,0,4-6-1;4-6-2;4-6-3;4-1-6;4-1-2;4-1-3,-0.5,-1.19,6
1-2-4,0,0,2026-07-22,B,5,0,0.1667,0.5417,0,逃げ,5頭展開,790,0.47405,0,202607220507,1-4-2-6-3,0,0,47.572,0,5-1-4;5-1-2;5-1-6;5-4-1;5-4-2;5-4-6,-0.5,0,1
1-3-4,0,0,2026-07-22,B,5,0,-0.1667,0.4583,0,逃げ,5頭展開,2450,0.44318,0,202607221312,6-4-2-1-3,0,0,44.1513,0,5-6-4;5-6-2;5-6-1;5-4-6;5-4-2;5-4-1,0,0,1
5-1-3,1,1,2026-07-22,S,5,1,-0.1667,0.4583,600,まくり差し,5頭展開,4080,0.73939,1,202607221408,1-3-2-4-6,4080,1,73.772,1,5-1-3;5-1-2;5-1-4;5-3-1;5-3-2;5-3-4,0,0,5
5-1-6,1,0,2026-07-22,A,5,1,1.0,0.75,600,まくり差し,5頭展開,1980,0.60509,1,202607221506,1-4-6-2-3,1980,1,61.5093,1,5-1-4;5-1-6;5-1-2;5-4-1;5-4-6;5-4-2,0,0,5
1-5-4,0,0,2026-07-22,B,5,0,-1.5,0.125,0,逃げ,5頭展開,1400,0.52295,0,202607221507,4-1-3-2-6,0,0,50.7947,0,5-4-1;5-4-3;5-4-2;5-1-4;5-1-3;5-1-2,-0.5,0,1
3-6-5,0,0,2026-07-22,B,5,0,-1.6667,0.0833,0,まくり差し,5頭展開,19960,0.45371,0,202607222204,2-4-6-1-3,0,0,43.704,0,5-2-4;5-2-6;5-2-1;5-4-2;5-4-6;5-4-1,0,0,3
3-5-4,0,0,2026-07-22,B,5,0,0.8333,0.7083,0,まくり差し,5頭展開,32930,0.45643,0,202607222210,2-6-1-4-3,0,0,46.476,0,5-2-6;5-2-1;5-2-4;5-6-2;5-6-1;5-6-4,0,0,3
5-1-4,1,0,2026-07-22,A,5,1,0.3333,0.5833,600,まくり差し,5頭展開,14240,0.62728,1,202607222310,4-3-6-1-2,0,1,63.0613,0,5-4-3;5-4-6;5-4-1;5-3-4;5-3-6;5-3-1,-0.5,0,5
3-1-2,1,0,2026-07-23,A,3,1,0.25,0.5625,600,まくり差し,3まくり,3980,0.612,1,202607230301,1-5-6-4-2,0,0,61.24,0,3-1-5;3-1-6;3-1-4;3-5-1;3-5-6;3-5-4,0,-0.21,3
4-6-1,0,0,2026-07-23,B,3,0,-0.9427,0.2643,0,まくり,3まくり,59990,0.551,0,202607230510,1-6-5-4-2,0,0,53.9473,0,3-1-6;3-1-5;3-1-4;3-6-1;3-6-5;3-6-4,0,-0.21,4
1-3-4,0,0,2026-07-23,B,3,0,-1.5104,0.1224,0,逃げ,3まくり,450,0.549,0,202607230812,1-6-4-2-5,0,0,53.1796,0,3-1-6;3-1-4;3-1-2;3-6-1;3-6-4;3-6-2,0,-0.21,1
4-6-5,0,0,2026-07-23,B,3,0,-1.4115,0.1471,0,まくり,3まくり,15730,0.483,0,202607231303,6-4-1-5-2,0,0,46.6785,0,3-6-4;3-6-1;3-6-5;3-4-6;3-4-1;3-4-5,0,-0.21,4
3-1-4,1,1,2026-07-23,S,3,1,0.6719,0.668,600,逃げ,3まくり,1230,0.691,1,202607231305,4-1-6-2-5,1230,0,69.7219,1,3-4-1;3-4-6;3-4-2;3-1-4;3-1-6;3-1-2,-0.5,-0.05,3
3-1-4,0,0,2026-07-23,B,3,1,-1.7708,0.0573,0,まくり差し,3まくり,990,0.481,0,202607231406,1-4-5-2-6,0,0,46.1192,1,3-1-4;3-1-5;3-1-2;3-4-1;3-4-5;3-4-2,0,-0.21,3
4-5-3,1,0,2026-07-23,A,3,0,0.5119,0.628,600,まくり,3まくり差し,22800,0.661,1,202607231902,6-5-1-4-2,0,0,66.5619,0,3-6-5;3-6-1;3-6-4;3-5-6;3-5-1;3-5-4,0,-0.05,4
3-4-6,0,0,2026-07-23,B,3,1,1.5365,0.8841,0,恵まれ,3まくり,1520,0.30433,0,202607231908,4-1-2-6-5,0,0,31.9198,1,3-4-1;3-4-2;3-4-6;3-1-4;3-1-2;3-1-6,-0.5,-0.05,3
3-1-6,1,0,2026-07-23,A,3,1,0.25,0.5625,600,まくり差し,3まくり,1570,0.66233,1,202607232103,5-1-6-4-2,1570,0,66.2733,1,3-5-1;3-5-6;3-5-4;3-1-5;3-1-6;3-1-4,0,-0.21,3
4-3-2,1,1,2026-07-23,S,3,0,1.8802,0.9701,600,まくり差し,3まくり,4300,0.87367,1,202607232404,4-6-2-1-5,0,0,89.0369,0,3-4-6;3-4-2;3-4-1;3-6-4;3-6-2;3-6-1,0,-0.21,4
1-3-4,0,0,2026-07-23,B,3,0,1.6458,0.9115,0,逃げ,3まくり,650,0.28367,0,202607232412,1-5-4-6-2,0,0,29.8025,0,3-1-5;3-1-4;3-1-6;3-5-1;3-5-4;3-5-6,0,-0.21,1
1-3-2,1,1,2026-07-23,S,4,0,-0.8649,0.2838,600,逃げ,4カドまくり,4700,0.681,0,202607231403,1-2-5-6-3,0,0,67.1951,0,4-1-2;4-1-5;4-1-6;4-2-1;4-2-5;4-2-6,0,-0.04,1
1-4-5,1,1,2026-07-23,S,4,0,1.5836,0.8959,600,逃げ,4カドまくり,1220,0.9075,0,202607231506,1-6-5-3-2,0,0,92.2936,0,4-1-6;4-1-5;4-1-3;4-6-1;4-6-5;4-6-3,0,-0.04,1
4-1-5,0,0,2026-07-23,B,4,1,0.0372,0.5093,0,まくり差し,4カドまくり,2050,0.361,0,202607232102,1-2-3-5-6,0,0,36.0972,1,4-1-2;4-1-3;4-1-5;4-2-1;4-2-3;4-2-5,0,-0.04,4
1-2-4,1,0,2026-07-23,A,4,0,1.6481,0.912,600,逃げ,4カドまくり,880,0.557,0,202607232409,1-5-2-6-3,0,0,56.1581,0,4-1-5;4-1-2;4-1-6;4-5-1;4-5-2;4-5-6,-0.5,-1.19,1
1-2-4,0,0,2026-07-23,B,5,0,-0.125,0.4688,0,逃げ,5頭展開,1350,0.43978,0,202607230304,2-4-1-3-6,0,0,43.853,0,5-2-4;5-2-1;5-2-3;5-4-2;5-4-1;5-4-3,0,0,1
3-4-1,0,0,2026-07-23,B,5,0,0.75,0.6875,0,差し,5頭展開,1490,0.50243,0,202607230904,4-3-1-2-6,0,0,50.9927,0,5-4-3;5-4-1;5-4-2;5-3-4;5-3-1;5-3-2,0,0,3
1-2-4,0,0,2026-07-23,B,5,0,-0.875,0.2812,0,逃げ,5頭展開,1780,0.50748,0,202607230911,4-3-1-2-6,0,0,49.873,0,5-4-3;5-4-1;5-4-2;5-3-4;5-3-1;5-3-2,0,0,1
1-5-4,1,0,2026-07-23,A,5,0,-0.125,0.4688,600,逃げ,5頭展開,1570,0.65505,1,202607232107,6-1-4-3-2,0,0,65.3803,0,5-6-1;5-6-4;5-6-3;5-1-6;5-1-4;5-1-3,0,0,1
1-2-5,0,0,2026-07-23,B,5,0,-2.0,0.0,0,抜き,5頭展開,1670,0.43275,0,202607232210,3-1-4-6-2,0,0,41.2747,0,5-3-1;5-3-4;5-3-6;5-1-3;5-1-4;5-1-6,0,0,1
6-5-4,1,0,2026-07-24,A,3,0,1.0039,0.751,600,まくり差し,3まくり,29170,0.605,1,202607240107,1-6-4-5-2,0,0,61.2939,0,3-1-6;3-1-4;3-1-5;3-6-1;3-6-4;3-6-5,0,-0.21,6
1-5-4,0,0,2026-07-24,B,3,0,0.2542,0.5635,0,逃げ,3まくり,4270,0.29233,0,202607240206,5-1-4-6-2,0,0,29.2775,0,3-5-1;3-5-4;3-5-6;3-1-5;3-1-4;3-1-6,0,-0.21,1
1-3-4,0,0,2026-07-24,B,3,0,-1.4506,0.1374,0,逃げ,3まくり,1600,0.332,0,202607240305,4-1-5-2-6,0,0,31.8494,0,3-4-1;3-4-5;3-4-2;3-1-4;3-1-5;3-1-2,0.5,0.1,1
1-3-2,0,0,2026-07-24,B,3,0,-1.1014,0.2246,0,逃げ,3まくり,1160,0.388,0,202607240310,1-6-5-2-4,0,0,40.6986,0,3-1-6;3-1-5;3-1-2;3-6-1;3-6-5;3-6-2,1.0,3.0,1
3-1-6,0,0,2026-07-24,B,3,1,0.2542,0.5635,0,差し,3まくり,4300,0.517,0,202607241204,1-6-4-5-2,0,0,51.9042,1,3-1-6;3-1-4;3-1-5;3-6-1;3-6-4;3-6-5,-0.5,-0.05,3
3-2-5,0,0,2026-07-24,B,3,1,-0.8755,0.2811,0,まくり差し,3まくり,3290,0.39433,0,202607241405,5-1-6-4-2,0,0,38.3479,0,3-5-1;3-5-6;3-5-4;3-1-5;3-1-6;3-1-4,0,-0.21,3
1-3-4,1,1,2026-07-24,S,3,0,0.2542,0.5635,600,逃げ,3まくり,470,0.697,1,202607241707,4-1-5-2-6,0,0,69.7442,0,3-4-1;3-4-5;3-4-2;3-1-4;3-1-5;3-1-2,0,-0.21,1
1-2-4,1,1,2026-07-24,S,3,0,0.9701,0.7425,600,逃げ,3まくり差し,18200,0.663,1,202607241406,4-5-2-6-1,0,0,67.0401,0,3-4-5;3-4-2;3-4-6;3-5-4;3-5-2;3-5-6,-0.5,-0.23,1
2-1-4,0,0,2026-07-24,B,4,0,-0.9494,0.2626,0,差し,4カドまくり,1940,0.382,0,202607240306,2-1-5-6-3,0,0,38.8406,0,4-2-1;4-2-5;4-2-6;4-1-2;4-1-5;4-1-6,1.0,1.59,2
5-1-2,0,0,2026-07-24,B,4,0,0.037,0.5092,0,差し,4カドまくり,18530,0.475,0,202607240608,1-5-6-2-3,0,0,47.497,0,4-1-5;4-1-6;4-1-2;4-5-1;4-5-6;4-5-2,0,-0.04,5
4-3-2,0,0,2026-07-24,B,4,1,-1.4032,0.1492,0,まくり差し,4カドまくり,29690,0.363,0,202607240805,5-6-2-1-3,0,0,34.8568,0,4-5-6;4-5-2;4-5-1;4-6-5;4-6-2;4-6-1,0,-0.04,4
5-1-4,1,0,2026-07-24,A,4,0,-1.9507,0.0123,600,差し,4カドまくり,2110,0.663,0,202607241307,5-1-6-2-3,0,0,64.3093,0,4-5-1;4-5-6;4-5-2;4-1-5;4-1-6;4-1-2,0,-0.04,5
1-2-5,0,0,2026-07-24,B,4,0,0.4414,0.6104,0,逃げ,4カドまくり,390,0.356,0,202607241311,5-2-1-6-3,0,0,34.8514,0,4-5-2;4-5-1;4-5-6;4-2-5;4-2-1;4-2-6,-0.5,-1.19,1
1-4-2,0,0,2026-07-24,B,4,0,-0.9988,0.2503,0,逃げ,4カドまくり,580,0.333,0,202607241906,1-5-6-2-3,0,0,32.2612,0,4-1-5;4-1-6;4-1-2;4-5-1;4-5-6;4-5-2,0,-0.04,1
1-2-5,0,0,2026-07-24,B,4,0,-1.344,0.164,0,逃げ,4カドまくり,10900,0.507,0,202607242303,1-6-2-5-3,0,0,48.166,0,4-1-6;4-1-2;4-1-5;4-6-1;4-6-2;4-6-5,-0.5,-1.19,1
3-1-5,0,0,2026-07-24,B,5,0,-1.1351,0.2162,0,まくり差し,5頭展開,8480,0.47124,0,202607240109,2-4-3-1-6,0,0,45.9889,0,5-2-4;5-2-3;5-2-1;5-4-2;5-4-3;5-4-1,0,0,3
2-1-4,0,0,2026-07-24,B,5,0,1.027,0.7568,0,まくり,5頭展開,2030,0.51214,0,202607241304,2-4-6-1-3,0,0,52.241,0,5-2-4;5-2-6;5-2-1;5-4-2;5-4-6;5-4-1,0,0,2
5-3-1,1,0,2026-07-24,A,5,1,1.7838,0.9459,600,抜き,5頭展開,22060,0.5873,1,202607241305,2-6-1-4-3,0,1,60.5138,0,5-2-6;5-2-1;5-2-4;5-6-2;5-6-1;5-6-4,-0.5,0,5
1-2-5,1,0,2026-07-24,A,5,0,2.0,1.0,600,逃げ,5頭展開,390,0.57602,1,202607241311,2-1-6-4-3,0,0,59.602,0,5-2-1;5-2-6;5-2-4;5-1-2;5-1-6;5-1-4,0,0,1
4-5-2,0,0,2026-07-24,B,5,0,-0.9189,0.2703,0,恵まれ,5頭展開,30260,0.453,0,202607241507,6-1-4-2-3,0,0,44.3811,0,5-6-1;5-6-4;5-6-2;5-1-6;5-1-4;5-1-2,0,0,4
1-4-2,0,0,2026-07-24,B,5,0,-0.7027,0.3243,0,逃げ,5頭展開,580,0.379,0,202607241906,4-1-6-2-3,0,0,37.1973,0,5-4-1;5-4-6;5-4-2;5-1-4;5-1-6;5-1-2,0.5,0,1
1-6-5,1,0,2026-07-24,A,5,0,1.4595,0.8649,600,逃げ,5頭展開,5150,0.63473,1,202607242208,1-2-6-3-4,0,0,64.9328,0,5-1-2;5-1-6;5-1-3;5-2-1;5-2-6;5-2-3,0,0,1
1-2-6,0,0,2026-07-24,B,5,0,-0.7027,0.3243,0,逃げ,5頭展開,1200,0.47785,0,202607242209,1-6-3-2-4,0,0,47.0826,0,5-1-6;5-1-3;5-1-2;5-6-1;5-6-3;5-6-2,0,0,1
1-3-2,1,1,2026-07-25,S,3,0,0.2646,0.5662,600,逃げ,3まくり,4050,0.90767,1,202607250409,5-4-1-2-6,0,0,90.9813,0,3-5-4;3-5-1;3-5-2;3-4-5;3-4-1;3-4-2,-0.5,-0.05,1
1-2-3,0,0,2026-07-25,B,3,0,1.2214,0.8053,0,逃げ,3まくり,1070,0.427,0,202607250803,5-1-4-2-6,0,0,43.7114,0,3-5-1;3-5-4;3-5-2;3-1-5;3-1-4;3-1-2,0,-0.21,1
3-1-5,0,0,2026-07-25,B,3,1,-0.9059,0.2735,0,まくり差し,3まくり,3570,0.472,0,202607251210,1-6-5-4-2,0,0,46.2441,1,3-1-6;3-1-5;3-1-4;3-6-1;3-6-5;3-6-4,-0.5,-0.05,3
3-4-1,0,0,2026-07-25,B,3,1,0.4529,0.6132,0,まくり,3まくり,6290,0.332,0,202607251305,1-5-2-4-6,0,1,33.4429,0,3-1-5;3-1-2;3-1-4;3-5-1;3-5-2;3-5-4,0,-0.21,3
1-3-4,1,0,2026-07-25,A,3,0,-1.8168,0.0458,600,逃げ,3まくり,2020,0.58367,1,202607251502,5-1-4-2-6,0,0,56.3399,0,3-5-1;3-5-4;3-5-2;3-1-5;3-1-4;3-1-2,0,-0.21,1
6-2-3,1,1,2026-07-25,S,3,0,0.8804,0.7201,600,まくり差し,3まくり,39500,0.90767,1,202607251706,4-2-6-5-1,0,0,91.4371,0,3-4-2;3-4-6;3-4-5;3-2-4;3-2-6;3-2-5,0,-0.21,6
3-1-4,1,0,2026-07-25,A,3,1,0.2646,0.5662,600,まくり,3まくり,1920,0.63033,1,202607252011,5-1-4-6-2,1920,1,63.088,1,3-5-1;3-5-4;3-5-6;3-1-5;3-1-4;3-1-6,0,-0.21,3
4-5-6,1,0,2026-07-25,A,4,1,1.6381,0.9095,600,まくり,4カドまくり,1200,0.641,0,202607250204,5-2-6-1-3,1200,1,65.6981,1,4-5-2;4-5-6;4-5-1;4-2-5;4-2-6;4-2-1,0,-0.04,4
4-1-2,0,0,2026-07-25,B,4,1,0.0489,0.5122,0,まくり差し,4カドまくり,6970,0.455,0,202607250408,1-6-5-3-2,0,0,45.5089,0,4-1-6;4-1-5;4-1-3;4-6-1;4-6-5;4-6-3,0,-0.04,4
1-2-4,0,0,2026-07-25,B,4,0,-1.7262,0.0685,0,逃げ,4カドまくり,360,0.501,0,202607251508,1-2-5-6-3,0,0,48.3338,0,4-1-2;4-1-5;4-1-6;4-2-1;4-2-5;4-2-6,0,-0.04,1
4-2-1,0,0,2026-07-25,B,4,1,-1.7897,0.0526,0,まくり,4カドまくり,4990,0.457,0,202607252006,1-6-2-5-3,0,1,42.7203,0,4-1-6;4-1-2;4-1-5;4-6-1;4-6-2;4-6-5,-0.5,-1.19,4
4-1-5,0,0,2026-07-25,B,4,1,1.198,0.7995,0,まくり,4カドまくり,2410,0.527,0,202607252306,6-5-2-1-3,0,1,52.708,0,4-6-5;4-6-2;4-6-1;4-5-6;4-5-2;4-5-1,-0.5,-1.19,4
4-5-6,1,0,2026-07-25,A,5,0,1.0222,0.7556,600,まくり,5頭展開,1200,0.61643,1,202607250204,4-2-6-1-3,0,0,62.6649,0,5-4-2;5-4-6;5-4-1;5-2-4;5-2-6;5-2-1,0,0,4
1-2-6,0,0,2026-07-25,B,5,0,-0.9333,0.2667,0,逃げ,5頭展開,1750,0.25932,0,202607250211,1-2-6-3-4,0,0,24.9987,0,5-1-2;5-1-6;5-1-3;5-2-1;5-2-6;5-2-3,0,0,1
1-5-4,0,0,2026-07-25,B,5,0,0.4,0.6,0,抜き,5頭展開,1380,0.46266,0,202607250306,1-3-4-2-6,0,0,46.666,0,5-1-3;5-1-4;5-1-2;5-3-1;5-3-4;5-3-2,1.0,0,1
4-1-2,0,0,2026-07-25,B,5,0,0.0444,0.5111,0,まくり差し,5頭展開,6970,0.4592,0,202607250408,1-4-6-3-2,0,0,45.9644,0,5-1-4;5-1-6;5-1-3;5-4-1;5-4-6;5-4-3,-0.5,0,4
1-2-5,1,1,2026-07-25,S,5,0,0.7556,0.6889,600,逃げ,5頭展開,760,0.87821,1,202607251408,1-2-4-6-3,0,0,88.5769,0,5-1-2;5-1-4;5-1-6;5-2-1;5-2-4;5-2-6,0,0,1
1-4-3,0,0,2026-07-25,B,5,0,-1.4667,0.1333,0,逃げ,5頭展開,1510,0.52361,0,202607252012,4-3-6-1-2,0,0,50.8947,0,5-4-3;5-4-6;5-4-1;5-3-4;5-3-6;5-3-1,-0.5,0,1
,1,0,2026-07-25,A,5,0,1.9111,0.9778,600,,5頭展開,0,0.633,1,202607252412,1-3-2-6-4,0,0,65.2111,0,5-1-3;5-1-2;5-1-6;5-3-1;5-3-2;5-3-6,-0.5,0,0
3-1-6,1,1,2026-07-26,S,3,1,1.6419,0.9105,600,差し,3まくり,1000,0.77433,1,202607260104,4-6-1-2-5,0,0,79.0252,0,3-4-6;3-4-1;3-4-2;3-6-4;3-6-1;3-6-2,-0.5,-0.05,3
1-4-6,0,0,2026-07-26,B,3,0,-0.8146,0.2963,0,逃げ,3まくり,1950,0.31567,0,202607260203,4-6-1-5-2,0,0,30.542,0,3-4-6;3-4-1;3-4-5;3-6-4;3-6-1;3-6-5,0,-0.21,1
1-4-5,1,1,2026-07-26,S,3,0,1.9395,0.9849,600,逃げ,3まくり,860,0.719,1,202607261211,4-1-5-6-2,0,0,73.6295,0,3-4-1;3-4-5;3-4-6;3-1-4;3-1-5;3-1-6,0,-0.21,1
1-3-4,0,0,2026-07-26,B,3,0,1.4552,0.8638,0,逃げ,3まくり,460,0.16033,0,202607261402,1-4-6-5-2,0,0,17.2786,0,3-1-4;3-1-6;3-1-5;3-4-1;3-4-6;3-4-5,0,-0.21,1
3-6-1,1,1,2026-07-26,S,3,1,1.5926,0.8982,600,まくり差し,3まくり差し,2090,0.831,1,202607260208,5-6-1-4-2,2090,1,84.4626,1,3-5-6;3-5-1;3-5-4;3-6-5;3-6-1;3-6-4,-0.5,-0.23,3
2-4-3,0,0,2026-07-26,B,3,0,-1.9192,0.0202,0,差し,3まくり差し,4450,0.095,0,202607260607,2-6-5-1-4,0,0,7.3508,0,3-2-6;3-2-5;3-2-1;3-6-2;3-6-5;3-6-1,-0.5,-0.23,2
2-1-5,0,0,2026-07-26,B,4,0,-1.7181,0.0705,0,抜き,4カドまくり,3120,0.253,0,202607260205,1-5-6-2-3,0,0,23.5419,0,4-1-5;4-1-6;4-1-2;4-5-1;4-5-6;4-5-2,0,-0.04,2
2-4-1,0,0,2026-07-26,B,4,0,0.2746,0.5687,0,差し,4カドまくり,1460,0.326,0,202607260302,2-1-5-6-3,0,0,35.8746,0,4-2-1;4-2-5;4-2-6;4-1-2;4-1-5;4-1-6,0.5,3.0,2
1-4-6,0,0,2026-07-26,B,4,0,-1.3244,0.1689,0,逃げ,4カドまくり,1630,0.27,0,202607260303,6-2-1-3-5,0,0,25.6356,0,4-6-2;4-6-1;4-6-3;4-2-6;4-2-1;4-2-3,0,-0.04,1
4-1-6,1,0,2026-07-26,A,4,1,0.2843,0.5711,600,差し,4カドまくり,1500,0.61,0,202607260307,1-3-6-2-5,1500,0,61.2443,1,4-1-3;4-1-6;4-1-2;4-3-1;4-3-6;4-3-2,0,-0.04,4
1-4-5,1,0,2026-07-26,A,4,0,1.2612,0.8153,600,逃げ,4カドまくり,4180,0.609,0,202607260409,2-1-5-3-6,0,0,62.1212,0,4-2-1;4-2-5;4-2-3;4-1-2;4-1-5;4-1-3,0,-0.04,1
1-6-4,0,0,2026-07-26,B,4,0,-0.7023,0.3244,0,逃げ,4カドまくり,4690,0.439,0,202607261409,6-1-2-5-3,0,0,43.1577,0,4-6-1;4-6-2;4-6-5;4-1-6;4-1-2;4-1-5,0,-0.04,1
1-4-2,1,1,2026-07-26,S,4,0,-0.7752,0.3062,600,逃げ,4カドまくり,1710,0.713,0,202607262002,6-1-5-2-3,0,0,70.4848,0,4-6-1;4-6-5;4-6-2;4-1-6;4-1-5;4-1-2,0,-0.04,1
4-6-2,0,0,2026-07-26,B,5,0,-0.5385,0.3654,0,まくり,5頭展開,6190,0.4189,0,202607260312,1-4-6-2-3,0,0,41.3515,0,5-1-4;5-1-6;5-1-2;5-4-1;5-4-6;5-4-2,1.0,0,4
1-2-4,0,0,2026-07-26,B,5,0,1.3846,0.8462,0,逃げ,5頭展開,380,0.51565,0,202607261311,1-2-4-6-3,0,0,52.9496,0,5-1-2;5-1-4;5-1-6;5-2-1;5-2-4;5-2-6,0,0,1
1-4-3,1,1,2026-07-26,S,5,0,0.8462,0.7115,600,逃げ,5頭展開,2230,0.75851,1,202607261706,4-2-3-1-6,0,0,76.6968,0,5-4-2;5-4-3;5-4-1;5-2-4;5-2-3;5-2-1,0,0,1
1-3-2,0,0,2026-07-26,B,5,0,-1.6923,0.0769,0,逃げ,5頭展開,1590,0.46223,0,202607261712,4-1-6-3-2,0,0,44.5304,0,5-4-1;5-4-6;5-4-3;5-1-4;5-1-6;5-1-3,-0.5,0,1
1-3-4,0,0,2026-07-27,B,3,0,-1.9448,0.0138,0,逃げ,3まくり,1210,0.51767,0,202607270107,1-2-5-4-6,0,0,49.7719,0,3-1-2;3-1-5;3-1-4;3-2-1;3-2-5;3-2-4,-0.5,-0.05,1
5-2-3,0,0,2026-07-27,B,3,0,1.0113,0.7528,0,抜き,3まくり,12180,0.45167,0,202607270203,5-1-2-4-6,0,0,46.128,0,3-5-1;3-5-2;3-5-4;3-1-5;3-1-2;3-1-4,-0.5,-0.05,5
1-2-3,0,0,2026-07-27,B,3,0,0.7654,0.6913,0,逃げ,3まくり,4600,0.332,0,202607270303,4-1-6-5-2,0,0,34.0654,0,3-4-1;3-4-6;3-4-5;3-1-4;3-1-6;3-1-5,0.5,0.1,1
3-1-6,1,0,2026-07-27,A,3,1,0.2585,0.5646,600,差し,3まくり,2140,0.61833,1,202607270908,4-6-2-1-5,0,0,62.0418,0,3-4-6;3-4-2;3-4-1;3-6-4;3-6-2;3-6-1,-0.5,-0.05,3
3-6-1,0,0,2026-07-27,B,3,1,1.6788,0.9197,0,まくり,3まくり,34260,0.427,0,202607271404,1-5-6-4-2,0,1,44.1688,0,3-1-5;3-1-6;3-1-4;3-5-1;3-5-6;3-5-4,0,-0.21,3
1-5-2,0,0,2026-07-27,B,3,0,-0.675,0.3312,0,逃げ,3まくり,1530,0.26033,0,202607272003,5-2-1-6-4,0,0,25.1483,0,3-5-2;3-5-1;3-5-6;3-2-5;3-2-1;3-2-6,0,-0.21,1
1-2-3,0,0,2026-07-27,B,3,0,-1.7691,0.0577,0,逃げ,3まくり,640,0.21033,0,202607272009,1-5-2-6-4,0,0,19.2142,0,3-1-5;3-1-2;3-1-6;3-5-1;3-5-2;3-5-6,-0.5,-0.05,1
1-5-2,1,0,2026-07-27,A,3,0,0.8817,0.7204,600,逃げ,3まくり差し,13710,0.569,1,202607272108,6-1-4-2-5,0,0,57.7317,0,3-6-1;3-6-4;3-6-2;3-1-6;3-1-4;3-1-2,0,-0.05,1
5-4-1,1,1,2026-07-27,S,4,0,1.2675,0.8169,600,抜き,4カドまくり,2610,0.773,0,202607271406,5-1-3-2-6,0,0,78.5275,0,4-5-1;4-5-3;4-5-2;4-1-5;4-1-3;4-1-2,0,-0.04,5
1-5-4,1,0,2026-07-27,A,4,0,-1.0795,0.2301,600,逃げ,4カドまくり,4140,0.675,0,202607272005,2-1-5-6-3,0,0,65.2305,0,4-2-1;4-2-5;4-2-6;4-1-2;4-1-5;4-1-6,-0.5,-1.19,1
1-5-3,0,0,2026-07-27,B,5,0,0.2143,0.5536,0,逃げ,5頭展開,3430,0.45998,0,202607270309,1-6-2-4-3,0,0,46.2123,0,5-1-6;5-1-2;5-1-4;5-6-1;5-6-2;5-6-4,0,0,1
5-1-6,1,0,2026-07-27,A,5,1,-1.3571,0.1607,600,差し,5頭展開,11860,0.63909,1,202607270611,4-6-1-3-2,0,1,62.5522,0,5-4-6;5-4-1;5-4-3;5-6-4;5-6-1;5-6-3,0,0,5
1-2-4,0,0,2026-07-27,B,5,0,0.0,0.5,0,逃げ,5頭展開,1550,0.43267,0,202607271012,1-3-6-2-4,0,0,43.2667,0,5-1-3;5-1-6;5-1-2;5-3-1;5-3-6;5-3-2,0,0,1
5-4-1,1,0,2026-07-27,A,5,1,-0.6429,0.3393,600,抜き,5頭展開,2610,0.66875,1,202607271406,4-1-3-2-6,2610,1,66.2318,1,5-4-1;5-4-3;5-4-2;5-1-4;5-1-3;5-1-2,0,0,5
1-2-5,0,0,2026-07-27,B,5,0,0.0,0.5,0,逃げ,5頭展開,1760,0.43948,0,202607271910,6-1-4-3-2,0,0,43.948,0,5-6-1;5-6-4;5-6-3;5-1-6;5-1-4;5-1-3,0,0,1
5-1-3,0,0,2026-07-27,B,5,1,1.1429,0.7857,0,まくり差し,5頭展開,30120,0.52871,0,202607272011,1-3-4-2-6,0,1,54.0135,1,5-1-3;5-1-4;5-1-2;5-3-1;5-3-4;5-3-2,0,0,5
1-4-5,0,0,2026-07-28,B,3,0,-1.5821,0.1045,0,逃げ,3まくり,4880,0.383,0,202607281010,4-6-5-1-2,0,0,36.6679,0,3-4-6;3-4-5;3-4-1;3-6-4;3-6-5;3-6-1,-0.5,-0.05,1
4-5-1,1,0,2026-07-28,A,3,0,1.2736,0.8184,600,まくり,3まくり,1230,0.65167,1,202607281906,4-1-5-2-6,0,0,66.2303,0,3-4-1;3-4-5;3-4-2;3-1-4;3-1-5;3-1-2,0,-0.21,4
1-4-3,0,0,2026-07-28,B,3,0,-0.8109,0.2973,0,逃げ,3まくり,1020,0.427,0,202607281908,1-4-5-2-6,0,0,41.8391,0,3-1-4;3-1-5;3-1-2;3-4-1;3-4-5;3-4-2,-0.5,-0.05,1
1-5-3,0,0,2026-07-28,B,3,0,-1.0896,0.2276,0,抜き,3まくり,2410,0.22567,0,202607282012,4-1-5-6-2,0,0,21.2671,0,3-4-1;3-4-5;3-4-6;3-1-4;3-1-5;3-1-6,0,-0.21,1
3-1-6,1,1,2026-07-28,S,3,1,1.8358,0.959,600,まくり差し,3まくり,700,0.71233,1,202607282406,6-1-2-5-4,700,0,72.8592,1,3-6-1;3-6-2;3-6-5;3-1-6;3-1-2;3-1-5,0,-0.21,3
1-2-3,1,0,2026-07-28,A,3,0,0.2587,0.5647,600,逃げ,3まくり,1250,0.60767,1,202607282411,4-2-1-5-6,0,0,60.8154,0,3-4-2;3-4-1;3-4-5;3-2-4;3-2-1;3-2-5,0,-0.21,1
1-4-6,1,0,2026-07-28,A,4,0,0.7163,0.6791,600,逃げ,4カドまくり,1200,0.629,0,202607280408,1-2-6-5-3,0,0,62.4263,0,4-1-2;4-1-6;4-1-5;4-2-1;4-2-6;4-2-5,-0.5,-1.19,1
2-1-3,1,0,2026-07-28,A,4,0,0.3317,0.5829,600,差し,4カドまくり,1530,0.559,0,202607281707,2-1-3-5-6,0,0,56.1917,0,4-2-1;4-2-3;4-2-5;4-1-2;4-1-3;4-1-5,0,-0.04,2
1-2-3,0,0,2026-07-28,B,4,0,-1.8846,0.0288,0,逃げ,4カドまくり,540,0.151,0,202607281710,2-1-6-3-5,0,0,13.1754,0,4-2-1;4-2-6;4-2-3;4-1-2;4-1-6;4-1-3,0,-0.04,1
5-4-6,0,0,2026-07-28,B,5,1,0.3226,0.5806,0,まくり差し,5頭展開,12860,0.43974,0,202607280304,6-3-1-4-2,0,1,44.2966,0,5-6-3;5-6-1;5-6-4;5-3-6;5-3-1;5-3-4,0.5,0,5
1-2-3,0,0,2026-07-28,B,5,0,0.0645,0.5161,0,逃げ,5頭展開,1610,0.52556,0,202607281511,1-6-4-3-2,0,0,52.6205,0,5-1-6;5-1-4;5-1-3;5-6-1;5-6-4;5-6-3,0,0,1
1-2-5,1,1,2026-07-28,S,5,0,1.4839,0.871,600,抜き,5頭展開,900,0.6718,1,202607281712,2-4-3-1-6,0,0,68.6639,0,5-2-4;5-2-3;5-2-1;5-4-2;5-4-3;5-4-1,0,0,1
1-3-4,0,0,2026-07-28,B,5,0,-1.7419,0.0645,0,逃げ,5頭展開,1000,0.44403,0,202607282007,1-4-6-3-2,0,0,42.6607,0,5-1-4;5-1-6;5-1-3;5-4-1;5-4-6;5-4-3,0,0,1
1-5-3,1,0,2026-07-28,A,5,0,1.2258,0.8065,600,抜き,5頭展開,2410,0.59735,1,202607282012,4-1-3-6-2,0,0,60.9605,0,5-4-1;5-4-3;5-4-6;5-1-4;5-1-3;5-1-6,0,0,1
3-2-6,0,0,2026-07-29,B,3,1,0.8741,0.7185,0,抜き,3まくり,2560,0.52767,0,202607291502,4-6-2-1-5,0,0,53.4307,0,3-4-6;3-4-2;3-4-1;3-6-4;3-6-2;3-6-1,0,-0.21,3
1-6-5,0,0,2026-07-29,B,3,0,0.2617,0.5654,0,逃げ,3まくり,5840,0.455,0,202607291805,6-1-4-5-2,0,0,45.7117,0,3-6-1;3-6-4;3-6-5;3-1-6;3-1-4;3-1-5,-0.5,-0.05,1
1-3-4,1,1,2026-07-29,S,3,0,1.6444,0.9111,600,逃げ,3まくり,350,0.73367,1,202607291908,1-4-2-5-6,0,0,74.9611,0,3-1-4;3-1-2;3-1-5;3-4-1;3-4-2;3-4-5,-0.5,-0.05,1
1-3-5,1,0,2026-07-29,A,3,0,0.2617,0.5654,600,逃げ,3まくり,700,0.61833,1,202607292305,1-4-5-6-2,0,0,61.8851,0,3-1-4;3-1-5;3-1-6;3-4-1;3-4-5;3-4-6,0,-0.21,1
3-1-6,1,0,2026-07-29,A,3,1,-0.8642,0.284,600,差し,3まくり,2300,0.57167,1,202607292405,1-6-4-2-5,2300,0,56.0925,1,3-1-6;3-1-4;3-1-2;3-6-1;3-6-4;3-6-2,0,-0.21,3
1-4-5,0,0,2026-07-29,B,4,0,-1.5545,0.1114,0,逃げ,4カドまくり,1190,0.563,0,202607291510,1-2-5-6-3,0,0,54.7055,0,4-1-2;4-1-5;4-1-6;4-2-1;4-2-5;4-2-6,0,-0.04,1
4-2-5,1,0,2026-07-29,A,4,1,-1.109,0.2228,600,まくり差し,4カドまくり,3040,0.679,0,202607291609,2-1-5-6-3,3040,0,65.601,1,4-2-1;4-2-5;4-2-6;4-1-2;4-1-5;4-1-6,-0.5,-1.19,4
6-5-3,0,0,2026-07-29,B,4,0,-1.0946,0.2263,0,差し,4カドまくり,84870,0.491,0,202607292003,5-1-6-3-2,0,0,47.9654,0,4-5-1;4-5-6;4-5-3;4-1-5;4-1-6;4-1-3,0,-0.04,6
1-2-3,1,0,2026-07-29,A,5,0,-1.8806,0.0299,600,逃げ,5頭展開,500,0.57551,1,202607290410,1-2-4-3-6,0,0,55.6701,0,5-1-2;5-1-4;5-1-3;5-2-1;5-2-4;5-2-3,-0.5,0,1
3-1-2,0,0,2026-07-29,B,5,0,0.3881,0.597,0,差し,5頭展開,3410,0.40759,0,202607291111,2-1-3-6-4,0,0,41.1467,0,5-2-1;5-2-3;5-2-6;5-1-2;5-1-3;5-1-6,0,0,3
1-3-4,0,0,2026-07-29,B,5,0,-1.8806,0.0299,0,逃げ,5頭展開,2350,0.48153,0,202607291904,2-4-1-3-6,0,0,46.2727,0,5-2-4;5-2-1;5-2-3;5-4-2;5-4-1;5-4-3,-0.5,0,1
1-2-5,1,0,2026-07-29,A,5,0,1.2836,0.8209,600,逃げ,5頭展開,1380,0.6258,1,202607292410,4-1-2-3-6,0,0,63.8636,0,5-4-1;5-4-2;5-4-3;5-1-4;5-1-2;5-1-3,0,0,1
3-4-1,1,1,2026-07-30,S,3,1,0.2626,0.5656,600,まくり差し,3まくり,2700,0.729,1,202607300804,6-4-5-1-2,2700,0,72.9526,1,3-6-4;3-6-5;3-6-1;3-4-6;3-4-5;3-4-1,0,-0.21,3
5-1-3,0,0,2026-07-30,B,3,0,-1.681,0.0798,0,まくり差し,3まくり,3550,0.517,0,202607301010,5-6-1-4-2,0,0,49.809,0,3-5-6;3-5-1;3-5-4;3-6-5;3-6-1;3-6-4,0,-0.21,5
4-1-3,1,0,2026-07-30,A,3,0,-0.7534,0.3117,600,抜き,3まくり,1790,0.612,1,202607301810,4-1-6-2-5,0,0,60.3966,0,3-4-1;3-4-6;3-4-2;3-1-4;3-1-6;3-1-2,-0.5,-0.05,4
1-2-3,0,0,2026-07-30,B,3,0,-1.9166,0.0209,0,逃げ,3まくり,970,0.283,0,202607302203,1-5-2-4-6,0,0,26.3334,0,3-1-5;3-1-2;3-1-4;3-5-1;3-5-2;3-5-4,-0.5,-0.05,1
4-1-2,1,0,2026-07-30,A,3,0,0.7141,0.6785,600,まくり,3まくり,6780,0.61767,1,202607302206,4-6-1-2-5,0,0,62.2708,0,3-4-6;3-4-1;3-4-2;3-6-4;3-6-1;3-6-2,0,-0.21,4
1-2-4,1,1,2026-07-30,S,4,0,0.0573,0.5143,600,逃げ,4カドまくり,860,0.685,0,202607300808,6-2-1-5-3,0,0,68.5173,0,4-6-2;4-6-1;4-6-5;4-2-6;4-2-1;4-2-5,0,-0.04,1
5-4-2,1,1,2026-07-30,S,4,0,1.4988,0.8747,600,差し,4カドまくり,9330,0.715,0,202607301006,2-5-1-6-3,0,0,72.9588,0,4-2-5;4-2-1;4-2-6;4-5-2;4-5-1;4-5-6,0,-0.04,5
4-1-2,0,0,2026-07-30,B,4,1,0.6158,0.6539,0,まくり,4カドまくり,1030,0.365,0,202607301007,6-2-1-5-3,0,1,35.9258,0,4-6-2;4-6-1;4-6-5;4-2-6;4-2-1;4-2-5,-0.5,-1.19,4
6-1-3,1,0,2026-07-30,A,4,0,0.5823,0.6456,600,まくり差し,4カドまくり,25410,0.545,0,202607301510,1-6-2-5-3,0,0,55.0423,0,4-1-6;4-1-2;4-1-5;4-6-1;4-6-2;4-6-5,0,-0.04,6
4-2-3,0,0,2026-07-30,B,4,1,1.5084,0.8771,0,まくり差し,4カドまくり,1780,0.503,0,202607301603,2-6-5-3-1,0,0,51.7684,1,4-2-6;4-2-5;4-2-3;4-6-2;4-6-5;4-6-3,0,-0.04,4
2-4-1,1,0,2026-07-30,A,5,0,1.0986,0.7746,600,まくり,5頭展開,4880,0.54705,1,202607300412,2-4-6-1-3,0,0,55.8039,0,5-2-4;5-2-6;5-2-1;5-4-2;5-4-6;5-4-1,0,0,2
5-4-2,0,0,2026-07-30,B,5,1,1.3239,0.831,0,差し,5頭展開,9330,0.49653,0,202607301006,4-2-1-6-3,0,1,50.9773,1,5-4-2;5-4-1;5-4-6;5-2-4;5-2-1;5-2-6,0,0,5
5-6-3,0,0,2026-07-30,B,5,1,-1.4366,0.1408,0,まくり差し,5頭展開,25950,0.54376,0,202607301106,6-4-1-3-2,0,1,52.9394,1,5-6-4;5-6-1;5-6-3;5-4-6;5-4-1;5-4-3,0,0,5
1-2-5,1,0,2026-07-30,A,5,0,0.8169,0.7042,600,逃げ,5頭展開,1040,0.6286,1,202607301109,1-6-2-4-3,0,0,63.6769,0,5-1-6;5-1-2;5-1-4;5-6-1;5-6-2;5-6-4,0,0,1
4-2-1,1,0,2026-07-30,A,5,0,-0.6479,0.338,600,差し,5頭展開,6070,0.63563,1,202607301609,1-2-4-3-6,0,0,62.9148,0,5-1-2;5-1-4;5-1-3;5-2-1;5-2-4;5-2-3,-0.5,0,4
1-2-4,0,0,2026-07-30,B,5,0,0.9296,0.7324,0,逃げ,5頭展開,1690,0.50142,0,202607301802,1-4-6-2-3,0,0,51.0716,0,5-1-4;5-1-6;5-1-2;5-4-1;5-4-6;5-4-2,0,0,1
1-3-4,0,0,2026-07-30,B,5,0,-0.8732,0.2817,0,逃げ,5頭展開,930,0.53899,0,202607301912,3-1-4-2-6,0,0,53.0254,0,5-3-1;5-3-4;5-3-2;5-1-3;5-1-4;5-1-2,0,0,1
1-2-5,1,1,2026-07-30,S,5,0,0.7606,0.6901,600,逃げ,5頭展開,570,0.66881,1,202607302408,1-2-4-3-6,0,0,67.6419,0,5-1-2;5-1-4;5-1-3;5-2-1;5-2-4;5-2-3,0,0,1
1-3-5,0,0,2026-07-31,B,3,0,-1.2244,0.1939,0,逃げ,3まくり,800,0.493,0,202607310107,1-5-6-4-2,0,0,48.0256,0,3-1-5;3-1-6;3-1-4;3-5-1;3-5-6;3-5-4,-0.5,-0.05,1
4-1-6,1,0,2026-07-31,A,3,0,0.2683,0.5671,600,まくり,3まくり,8490,0.66233,1,202607310603,6-4-1-5-2,0,0,66.2916,0,3-6-4;3-6-1;3-6-5;3-4-6;3-4-1;3-4-5,0,-0.21,4
2-3-4,1,1,2026-07-31,S,3,0,0.6282,0.657,600,差し,3まくり差し,13790,0.725,1,202607310803,6-5-2-4-1,0,0,73.0782,0,3-6-5;3-6-2;3-6-4;3-5-6;3-5-2;3-5-4,0,-0.05,2
1-4-6,1,0,2026-07-31,A,3,0,-1.2049,0.1988,600,逃げ,3まくり,7070,0.67233,1,202607311007,4-5-1-6-2,0,0,65.8185,0,3-4-5;3-4-1;3-4-6;3-5-4;3-5-1;3-5-6,0,-0.21,1
2-1-3,0,0,2026-07-31,B,3,0,-0.6293,0.3427,0,差し,3まくり,7380,0.53367,0,202607311507,1-4-5-2-6,0,0,52.6874,0,3-1-4;3-1-5;3-1-2;3-4-1;3-4-5;3-4-2,-0.5,-0.05,2
3-5-4,1,0,2026-07-31,A,3,1,-1.0829,0.2293,600,抜き,3まくり,15400,0.629,1,202607311606,1-4-5-2-6,0,0,61.6071,0,3-1-4;3-1-5;3-1-2;3-4-1;3-4-5;3-4-2,0,-0.21,3
2-3-1,0,0,2026-07-31,B,3,0,-1.6244,0.0939,0,まくり,3まくり,30920,0.461,0,202607311612,1-4-5-6-2,0,0,44.4256,0,3-1-4;3-1-5;3-1-6;3-4-1;3-4-5;3-4-6,-0.5,-0.05,2
3-4-1,1,0,2026-07-31,A,3,1,0.2683,0.5671,600,まくり差し,3まくり,5110,0.62233,1,202607312009,6-1-4-5-2,0,0,62.2916,0,3-6-1;3-6-4;3-6-5;3-1-6;3-1-4;3-1-5,0,-0.21,3
1-3-6,0,0,2026-07-31,B,3,0,0.2683,0.5671,0,逃げ,3まくり,870,0.52233,0,202607312010,1-5-6-4-2,0,0,52.4516,0,3-1-5;3-1-6;3-1-4;3-5-1;3-5-6;3-5-4,-0.5,-0.05,1
4-1-5,0,0,2026-07-31,B,4,1,0.0498,0.5125,0,まくり差し,4カドまくり,2800,0.543,0,202607310511,1-5-2-6-3,0,0,54.3098,1,4-1-5;4-1-2;4-1-6;4-5-1;4-5-2;4-5-6,0,-0.04,4
1-4-5,0,0,2026-07-31,B,4,0,0.0498,0.5125,0,逃げ,4カドまくり,1100,0.401,0,202607310608,1-2-6-3-5,0,0,40.1098,0,4-1-2;4-1-6;4-1-3;4-2-1;4-2-6;4-2-3,0,-0.04,1
4-1-2,0,0,2026-07-31,B,5,0,-0.0253,0.4937,0,まくり,5頭展開,9230,0.40447,0,202607310112,1-2-6-3-4,0,0,40.4214,0,5-1-2;5-1-6;5-1-3;5-2-1;5-2-6;5-2-3,-0.5,0,4
4-1-5,1,0,2026-07-31,A,5,0,-0.0253,0.4937,600,まくり差し,5頭展開,2800,0.64824,1,202607310511,1-4-2-6-3,0,0,64.7987,0,5-1-4;5-1-2;5-1-6;5-4-1;5-4-2;5-4-6,0,0,4
3-5-6,0,0,2026-07-31,B,5,0,-0.7342,0.3165,0,抜き,5頭展開,20940,0.40397,0,202607311005,6-4-1-3-2,0,0,39.6632,0,5-6-4;5-6-1;5-6-3;5-4-6;5-4-1;5-4-3,-0.5,0,3
1-2-3,0,0,2026-07-31,B,5,0,-1.5443,0.1139,0,逃げ,5頭展開,1210,0.25439,0,202607311103,1-6-4-3-2,0,0,23.8944,0,5-1-6;5-1-4;5-1-3;5-6-1;5-6-4;5-6-3,0,0,1
1-4-5,1,0,2026-07-31,A,5,0,1.5443,0.8861,600,逃げ,5頭展開,2670,0.59847,1,202607311104,2-6-1-4-3,0,0,61.391,0,5-2-6;5-2-1;5-2-4;5-6-2;5-6-1;5-6-4,0,0,1
1-4-3,0,0,2026-07-31,B,5,0,-0.0253,0.4937,0,逃げ,5頭展開,1340,0.4509,0,202607311312,1-6-3-4-2,0,0,45.0647,0,5-1-6;5-1-3;5-1-4;5-6-1;5-6-3;5-6-4,0,0,1
1-2-4,1,0,2026-07-31,A,5,0,1.5443,0.8861,600,逃げ,5頭展開,1080,0.58989,1,202607311511,2-3-4-1-6,0,0,60.5336,0,5-2-3;5-2-4;5-2-1;5-3-2;5-3-4;5-3-1,0,0,1
1-5-2,0,0,2026-07-31,B,5,0,-1.5443,0.1139,0,逃げ,5頭展開,1940,0.40729,0,202607312202,1-2-4-6-3,0,0,39.185,0,5-1-2;5-1-4;5-1-6;5-2-1;5-2-4;5-2-6,0,0,1
5-1-4,0,0,2026-07-31,B,5,1,-0.6835,0.3291,0,抜き,5頭展開,18450,0.46821,0,202607312304,6-4-2-1-3,0,1,46.1378,0,5-6-4;5-6-2;5-6-1;5-4-6;5-4-2;5-4-1,-0.5,0,5
1-3-4,0,0,2026-08-01,B,3,0,1.7394,0.9349,0,逃げ,3まくり,610,0.36033,0,202608010811,5-1-4-6-2,0,0,37.5628,0,3-5-1;3-5-4;3-5-6;3-1-5;3-1-4;3-1-6,0,-0.21,1
2-5-1,1,0,2026-08-01,A,3,0,-1.9566,0.0109,600,差し,3まくり,201040,0.612,1,202608011301,1-6-4-5-2,0,0,59.1934,0,3-1-6;3-1-4;3-1-5;3-6-1;3-6-4;3-6-5,-0.5,-0.05,2
1-6-3,0,0,2026-08-01,B,3,0,-1.1604,0.2099,0,逃げ,3まくり,980,0.438,0,202608011802,6-1-5-4-2,0,0,42.7396,0,3-6-1;3-6-5;3-6-4;3-1-6;3-1-5;3-1-4,0.5,0.1,1
2-1-4,0,0,2026-08-01,B,3,0,-0.8275,0.2931,0,差し,3まくり,10260,0.22,0,202608011805,6-1-5-4-2,0,0,21.1225,0,3-6-1;3-6-5;3-6-4;3-1-6;3-1-5;3-1-4,-0.5,-0.05,2
1-2-4,1,1,2026-08-01,S,4,0,1.9763,0.9941,600,逃げ,4カドまくり,760,0.801,0,202608011011,1-6-2-5-3,0,0,80.8863,0,4-1-6;4-1-2;4-1-5;4-6-1;4-6-2;4-6-5,-0.5,-1.19,1
4-6-5,0,0,2026-08-01,B,4,1,1.0627,0.7657,0,まくり,4カドまくり,2310,0.285,0,202608011308,1-6-5-2-3,0,1,29.5227,1,4-1-6;4-1-5;4-1-2;4-6-1;4-6-5;4-6-2,0,-0.04,4
5-4-1,1,0,2026-08-01,A,4,0,0.2485,0.5621,600,まくり差し,4カドまくり,1220,0.659,0,202608011603,5-1-2-3-6,0,0,66.1085,0,4-5-1;4-5-2;4-5-3;4-1-5;4-1-2;4-1-3,0,-0.04,5
1-3-6,1,0,2026-08-01,A,4,0,0.2059,0.5515,600,抜き,4カドまくり,4420,0.557,0,202608011605,6-2-3-5-1,0,0,55.8659,0,4-6-2;4-6-3;4-6-5;4-2-6;4-2-3;4-2-5,0,-0.04,1
1-4-6,1,0,2026-08-01,A,4,0,0.1728,0.5432,600,逃げ,4カドまくり,1060,0.643,0,202608011607,6-1-5-3-2,0,0,63.2828,0,4-6-1;4-6-5;4-6-3;4-1-6;4-1-5;4-1-3,-0.5,-1.19,1
3-6-4,0,0,2026-08-01,B,5,0,0.5455,0.6364,0,差し,5頭展開,91580,0.50908,0,202608010505,1-6-3-2-4,0,0,51.4535,0,5-1-6;5-1-3;5-1-2;5-6-1;5-6-3;5-6-2,0.5,0,3
1-4-6,1,0,2026-08-01,A,5,0,-0.8636,0.2841,600,逃げ,5頭展開,970,0.59121,1,202608011005,6-1-4-2-3,0,0,58.2577,0,5-6-1;5-6-4;5-6-2;5-1-6;5-1-4;5-1-2,-0.5,0,1
1-4-6,0,0,2026-08-01,B,5,0,1.0455,0.7614,0,逃げ,5頭展開,4860,0.5036,0,202608011109,3-2-1-4-6,0,0,51.4055,0,5-3-2;5-3-1;5-3-4;5-2-3;5-2-1;5-2-4,0,0,1
5-2-1,0,0,2026-08-01,B,5,1,-1.4091,0.1477,0,まくり差し,5頭展開,12310,0.49287,0,202608011112,2-4-6-1-3,0,1,47.8776,1,5-2-4;5-2-6;5-2-1;5-4-2;5-4-6;5-4-1,0,0,5
4-6-5,0,0,2026-08-01,B,5,0,-1.4091,0.1477,0,まくり,5頭展開,2310,0.26506,0,202608011308,4-1-6-2-3,0,0,25.0969,0,5-4-1;5-4-6;5-4-2;5-1-4;5-1-6;5-1-2,0,0,4
5-4-1,1,1,2026-08-01,S,5,1,0.4545,0.6136,600,まくり差し,5頭展開,1220,0.71108,1,202608011603,4-1-2-3-6,1220,1,71.5625,1,5-4-1;5-4-2;5-4-3;5-1-4;5-1-2;5-1-3,1.0,0,5
1-4-6,0,0,2026-08-01,B,5,0,0.5455,0.6364,0,逃げ,5頭展開,1060,0.53061,0,202608011607,6-4-1-3-2,0,0,53.6068,0,5-6-4;5-6-1;5-6-3;5-4-6;5-4-1;5-4-3,-0.5,0,1
1-5-6,1,1,2026-08-01,S,5,0,2.0,1.0,600,逃げ,5頭展開,1640,0.74035,1,202608012003,1-6-4-2-3,0,0,76.0347,0,5-1-6;5-1-4;5-1-2;5-6-1;5-6-4;5-6-2,0,0,1
5-4-6,1,1,2026-08-01,S,5,1,0.1364,0.5341,600,まくり差し,5頭展開,12730,0.76473,1,202608012012,1-4-2-6-3,12730,1,76.6097,1,5-1-4;5-1-2;5-1-6;5-4-1;5-4-2;5-4-6,0,0,5
1-4-2,0,0,2026-08-02,B,3,0,-0.9388,0.2653,0,逃げ,3まくり,2340,0.28367,0,202608020603,4-2-5-1-6,0,0,27.3779,0,3-4-2;3-4-5;3-4-1;3-2-4;3-2-5;3-2-1,-0.5,-0.05,1
1-6-2,0,0,2026-08-02,B,3,0,-0.6651,0.3337,0,逃げ,3まくり,25400,0.55167,0,202608020612,1-4-6-5-2,0,0,54.2916,0,3-1-4;3-1-6;3-1-5;3-4-1;3-4-6;3-4-5,0,-0.21,1
1-3-5,0,0,2026-08-02,B,3,0,-1.7599,0.06,0,逃げ,3まくり,830,0.517,0,202608021307,5-6-1-4-2,0,0,49.7301,0,3-5-6;3-5-1;3-5-4;3-6-5;3-6-1;3-6-4,0,-0.21,1
1-3-4,1,1,2026-08-02,S,3,0,0.2857,0.5714,600,逃げ,3まくり,690,0.675,1,202608022103,1-5-4-6-2,0,0,67.5757,0,3-1-5;3-1-4;3-1-6;3-5-1;3-5-4;3-5-6,0,-0.21,1
3-1-4,1,1,2026-08-02,S,3,1,0.8741,0.7185,600,まくり差し,3まくり差し,1750,0.685,1,202608021301,2-5-4-1-6,0,1,69.3241,0,3-2-5;3-2-4;3-2-1;3-5-2;3-5-4;3-5-1,0,-0.05,3
1-2-4,0,0,2026-08-02,B,4,0,-1.2706,0.1824,0,逃げ,4カドまくり,560,0.241,0,202608020810,1-2-5-6-3,0,0,22.7894,0,4-1-2;4-1-5;4-1-6;4-2-1;4-2-5;4-2-6,0,-0.04,1
5-4-1,1,1,2026-08-02,S,5,1,-1.6289,0.0928,600,まくり差し,5頭展開,7510,0.71019,1,202608020110,2-1-4-6-3,0,1,69.3898,0,5-2-1;5-2-4;5-2-6;5-1-2;5-1-4;5-1-6,-0.5,0,5
1-3-2,1,0,2026-08-02,A,5,0,0.8041,0.701,600,逃げ,5頭展開,2830,0.65879,1,202608020512,2-1-6-4-3,0,0,66.6828,0,5-2-1;5-2-6;5-2-4;5-1-2;5-1-6;5-1-4,0,0,1
4-2-5,1,0,2026-08-02,A,5,0,0.0619,0.5155,600,まくり,5頭展開,5280,0.63917,1,202608020609,4-2-1-6-3,0,0,63.9792,0,5-4-2;5-4-1;5-4-6;5-2-4;5-2-1;5-2-6,-0.5,0,4
1-2-4,0,0,2026-08-02,B,5,0,0.3918,0.5979,0,逃げ,5頭展開,560,0.33156,0,202608020810,1-4-2-6-3,0,0,33.5478,0,5-1-4;5-1-2;5-1-6;5-4-1;5-4-2;5-4-6,0,0,1
1-4-2,0,0,2026-08-02,B,5,0,1.299,0.8247,0,逃げ,5頭展開,2370,0.48005,0,202608021103,3-6-4-1-2,0,0,49.3043,0,5-3-6;5-3-4;5-3-1;5-6-3;5-6-4;5-6-1,0,0,1
1-2-3,0,0,2026-08-02,B,5,0,-0.6392,0.3402,0,逃げ,5頭展開,930,0.41913,0,202608021112,2-6-4-1-3,0,0,41.2742,0,5-2-6;5-2-4;5-2-1;5-6-2;5-6-4;5-6-1,0,0,1
1-3-5,0,0,2026-08-02,B,5,0,-1.7526,0.0619,0,逃げ,5頭展開,2200,0.40504,0,202608022206,6-1-4-3-2,0,0,38.7514,0,5-6-1;5-6-4;5-6-3;5-1-6;5-1-4;5-1-3,0,0,1
2-3-5,0,0,2026-08-03,B,3,0,0.6571,0.6643,0,まくり,3まくり,1580,0.523,0,202608030102,2-6-5-4-1,0,0,52.7471,0,3-2-6;3-2-5;3-2-4;3-6-2;3-6-5;3-6-4,0,-0.21,2
1-3-4,1,1,2026-08-03,S,3,0,0.2939,0.5735,600,逃げ,3まくり,610,0.79633,1,202608030411,1-4-6-5-2,0,0,79.7172,0,3-1-4;3-1-6;3-1-5;3-4-1;3-4-6;3-4-5,0,-0.21,1
1-6-3,0,0,2026-08-03,B,3,0,-1.2975,0.1756,0,逃げ,3まくり,5730,0.25967,0,202608030611,4-1-5-6-2,0,0,24.4592,0,3-4-1;3-4-5;3-4-6;3-1-4;3-1-5;3-1-6,0,-0.21,1
1-4-5,1,1,2026-08-03,S,3,0,1.9427,0.9857,600,逃げ,3まくり,2910,0.719,1,202608031301,4-5-1-2-6,0,0,73.6327,0,3-4-5;3-4-1;3-4-2;3-5-4;3-5-1;3-5-2,0,-0.21,1
3-4-5,1,0,2026-08-03,A,3,1,0.2939,0.5735,600,まくり,3まくり,870,0.60567,1,202608031907,4-1-5-2-6,870,1,60.6506,1,3-4-1;3-4-5;3-4-2;3-1-4;3-1-5;3-1-2,0,-0.21,3
5-4-6,1,0,2026-08-03,A,4,0,0.0447,0.5112,600,まくり差し,4カドまくり,9050,0.579,0,202608031707,2-5-1-6-3,0,0,57.9047,0,4-2-5;4-2-1;4-2-6;4-5-2;4-5-1;4-5-6,0,-0.04,5
1-3-2,0,0,2026-08-03,B,4,0,0.0447,0.5112,0,逃げ,4カドまくり,3950,0.365,0,202608031910,1-2-5-3-6,0,0,36.5047,0,4-1-2;4-1-5;4-1-3;4-2-1;4-2-5;4-2-3,0,-0.04,1
5-1-6,0,0,2026-08-03,B,4,0,0.6369,0.6592,0,まくり差し,4カドまくり,38460,0.447,0,202608032110,2-6-1-5-3,0,0,44.1469,0,4-2-6;4-2-1;4-2-5;4-6-2;4-6-1;4-6-5,-0.5,-1.19,5
1-6-3,0,0,2026-08-03,B,5,0,-1.1154,0.2212,0,逃げ,5頭展開,5730,0.49984,0,202608030611,4-1-3-6-2,0,0,48.8686,0,5-4-1;5-4-3;5-4-6;5-1-4;5-1-3;5-1-6,-0.5,0,1
4-5-6,1,1,2026-08-03,S,5,0,1.5769,0.8942,600,まくり,5頭展開,7090,0.72426,1,202608031304,4-3-2-1-6,0,0,74.0029,0,5-4-3;5-4-2;5-4-1;5-3-4;5-3-2;5-3-1,0,0,4
5-4-6,1,0,2026-08-03,A,5,1,0.0,0.5,600,まくり差し,5頭展開,9050,0.62333,1,202608031707,2-4-1-6-3,9050,1,62.3333,1,5-2-4;5-2-1;5-2-6;5-4-2;5-4-1;5-4-6,-0.5,0,5
4-1-5,1,0,2026-08-03,A,5,0,0.0,0.5,600,まくり差し,5頭展開,3800,0.58157,1,202608031902,1-6-4-3-2,0,0,58.1573,0,5-1-6;5-1-4;5-1-3;5-6-1;5-6-4;5-6-3,0,0,4
6-1-2,1,1,2026-08-03,S,5,0,1.5769,0.8942,600,まくり差し,5頭展開,7610,0.69992,1,202608032006,6-4-1-3-2,0,0,71.5689,0,5-6-4;5-6-1;5-6-3;5-4-6;5-4-1;5-4-3,0,0,6
1-3-2,0,0,2026-08-03,B,5,0,0.2692,0.5673,0,逃げ,5頭展開,1170,0.4622,0,202608032010,3-6-4-1-2,0,0,46.4892,0,5-3-6;5-3-4;5-3-1;5-6-3;5-6-4;5-6-1,0,0,1
4-1-2,0,0,2026-08-03,B,5,0,0.3846,0.5962,0,まくり差し,5頭展開,7540,0.40627,0,202608032309,1-4-2-6-3,0,0,41.0113,0,5-1-4;5-1-2;5-1-6;5-4-1;5-4-2;5-4-6,-0.5,0,4
1-3-6,1,0,2026-08-04,A,3,0,1.3207,0.8302,600,逃げ,3まくり,1110,0.583,1,202608040503,6-4-1-5-2,0,0,59.4107,0,3-6-4;3-6-1;3-6-5;3-4-6;3-4-1;3-4-5,0,-0.21,1
4-5-2,1,0,2026-08-04,A,3,0,-1.7387,0.0653,600,まくり,3まくり,16220,0.673,1,202608040612,4-1-2-6-5,0,0,65.5113,0,3-4-1;3-4-2;3-4-6;3-1-4;3-1-2;3-1-6,-0.5,-0.05,4
3-1-2,1,1,2026-08-04,S,3,1,0.2945,0.5736,600,まくり差し,3まくり,1760,0.78433,1,202608041003,1-5-4-6-2,0,0,78.5179,0,3-1-5;3-1-4;3-1-6;3-5-1;3-5-4;3-5-6,0,-0.21,3
3-4-5,1,0,2026-08-04,A,3,1,-1.5629,0.1093,600,抜き,3まくり,5650,0.60633,1,202608041706,1-4-6-2-5,0,0,58.8604,0,3-1-4;3-1-6;3-1-2;3-4-1;3-4-6;3-4-2,0,-0.21,3
3-1-6,1,1,2026-08-04,S,3,1,1.0356,0.7589,600,まくり差し,3まくり,1370,0.68367,1,202608042108,5-6-1-4-2,0,0,69.1923,0,3-5-6;3-5-1;3-5-4;3-6-5;3-6-1;3-6-4,0,-0.21,3
4-5-3,0,0,2026-08-04,B,4,1,0.0468,0.5117,0,まくり,4カドまくり,18550,0.343,0,202608041007,6-1-2-5-3,0,1,34.3068,0,4-6-1;4-6-2;4-6-5;4-1-6;4-1-2;4-1-5,0,-0.04,4
1-2-4,1,0,2026-08-04,A,5,0,-0.018,0.4955,600,逃げ,5頭展開,2710,0.60033,1,202608041004,1-4-3-2-6,0,0,60.0153,0,5-1-4;5-1-3;5-1-2;5-4-1;5-4-3;5-4-2,-0.5,0,1
2-4-1,1,0,2026-08-04,A,5,0,-0.018,0.4955,600,差し,5頭展開,11670,0.64768,1,202608041005,1-2-4-3-6,0,0,64.75,0,5-1-2;5-1-4;5-1-3;5-2-1;5-2-4;5-2-3,-0.5,0,2
4-1-3,1,1,2026-08-04,S,5,0,-0.018,0.4955,600,抜き,5頭展開,2590,0.71734,1,202608041208,4-6-1-3-2,0,0,71.716,0,5-4-6;5-4-1;5-4-3;5-6-4;5-6-1;5-6-3,-0.5,0,4
1-3-6,0,0,2026-08-04,B,5,0,-0.018,0.4955,0,逃げ,5頭展開,3250,0.53418,0,202608041212,1-4-2-6-3,0,0,53.4,0,5-1-4;5-1-2;5-1-6;5-4-1;5-4-2;5-4-6,0,0,1
1-3-6,1,0,2026-08-05,A,3,0,1.8867,0.9717,600,逃げ,3まくり,580,0.54833,1,202608050609,1-6-5-4-2,0,0,56.67,0,3-1-6;3-1-5;3-1-4;3-6-1;3-6-5;3-6-4,-0.5,-0.05,1
3-1-5,0,0,2026-08-05,B,3,1,0.5974,0.6494,0,まくり,3まくり,1080,0.451,0,202608050910,1-5-4-6-2,0,1,45.4874,1,3-1-5;3-1-4;3-1-6;3-5-1;3-5-4;3-5-6,0,-0.21,3
1-2-3,0,0,2026-08-05,B,3,0,-1.8347,0.0413,0,逃げ,3まくり,3230,0.36167,0,202608051004,5-1-6-2-4,0,0,34.122,0,3-5-1;3-5-6;3-5-2;3-1-5;3-1-6;3-1-2,0,-0.21,1
4-3-6,1,0,2026-08-05,A,3,0,-0.9847,0.2538,600,差し,3まくり,1450,0.58417,1,202608051010,4-6-5-1-2,0,0,57.382,0,3-4-6;3-4-5;3-4-1;3-6-4;3-6-5;3-6-1,-0.5,-0.05,4
3-1-4,1,1,2026-08-05,S,3,1,0.5974,0.6494,600,まくり差し,3まくり,1720,0.77433,1,202608051707,6-1-4-2-5,1720,0,77.9807,1,3-6-1;3-6-4;3-6-2;3-1-6;3-1-4;3-1-2,-0.5,-0.05,3
3-1-2,1,1,2026-08-05,S,3,1,1.0272,0.7568,600,まくり差し,3まくり,4900,0.85167,1,202608051709,5-4-6-2-1,0,0,86.1438,0,3-5-4;3-5-6;3-5-2;3-4-5;3-4-6;3-4-2,-0.5,-0.05,3
1-2-4,1,0,2026-08-05,A,4,0,0.2643,0.5661,600,逃げ,4カドまくり,1330,0.577,0,202608051207,2-5-3-6-1,0,0,56.7743,0,4-2-5;4-2-3;4-2-6;4-5-2;4-5-3;4-5-6,-0.5,-1.19,1
4-1-3,0,0,2026-08-05,B,4,1,-0.8632,0.2842,0,抜き,4カドまくり,3950,0.515,0,202608051402,5-1-2-3-6,0,0,52.2268,1,4-5-1;4-5-2;4-5-3;4-1-5;4-1-2;4-1-3,3.0,1.59,4
1-2-4,1,0,2026-08-05,A,4,0,-1.5088,0.1228,600,逃げ,4カドまくり,740,0.613,0,202608051706,6-1-2-5-3,0,0,59.7512,0,4-6-1;4-6-2;4-6-5;4-1-6;4-1-2;4-1-5,0,-0.04,1
1-4-2,1,0,2026-08-05,A,4,0,0.1099,0.5275,600,逃げ,4カドまくり,760,0.6125,0,202608051711,1-2-5-6-3,0,0,61.3199,0,4-1-2;4-1-5;4-1-6;4-2-1;4-2-5;4-2-6,0,-0.04,1
5-2-4,1,0,2026-08-05,A,4,0,1.9298,0.9825,600,抜き,4カドまくり,145330,0.605,0,202608051905,1-2-3-5-6,0,0,62.3898,0,4-1-2;4-1-3;4-1-5;4-2-1;4-2-3;4-2-5,0,-0.04,5
5-4-6,1,1,2026-08-05,S,5,1,1.5826,0.8957,600,まくり差し,5頭展開,1430,0.78757,1,202608050401,6-4-1-3-2,1430,1,80.3399,1,5-6-4;5-6-1;5-6-3;5-4-6;5-4-1;5-4-3,0,0,5
5-1-3,1,1,2026-08-05,S,5,1,1.6522,0.913,600,まくり差し,5頭展開,20600,0.79637,1,202608050407,4-2-1-6-3,0,1,81.2895,0,5-4-2;5-4-1;5-4-6;5-2-4;5-2-1;5-2-6,0,0,5
1-2-6,1,1,2026-08-05,S,5,0,1.513,0.8783,600,逃げ,5頭展開,1970,0.74121,1,202608050610,6-2-1-3-4,0,0,75.6344,0,5-6-2;5-6-1;5-6-3;5-2-6;5-2-1;5-2-3,-0.5,0,1
1-4-3,1,0,2026-08-05,A,5,0,1.4087,0.8522,600,逃げ,5頭展開,1210,0.62996,1,202608050611,1-4-6-2-3,0,0,64.4047,0,5-1-4;5-1-6;5-1-2;5-4-1;5-4-6;5-4-2,-0.5,0,1
2-4-1,1,0,2026-08-05,A,5,0,0.0522,0.513,600,差し,5頭展開,5100,0.56245,1,202608050907,4-2-1-3-6,0,0,56.2975,0,5-4-2;5-4-1;5-4-3;5-2-4;5-2-1;5-2-3,0,0,2
4-1-3,1,0,2026-08-05,A,5,0,0.0522,0.513,600,抜き,5頭展開,3950,0.55775,1,202608051402,4-1-2-3-6,0,0,55.8268,0,5-4-1;5-4-2;5-4-3;5-1-4;5-1-2;5-1-3,0,0,4
1-3-2,0,0,2026-08-05,B,5,0,-1.0261,0.2435,0,逃げ,5頭展開,1000,0.3242,0,202608051712,1-6-3-4-2,0,0,31.3939,0,5-1-6;5-1-3;5-1-4;5-6-1;5-6-3;5-6-4,0,0,1
1-3-4,0,0,2026-08-05,B,5,0,-1.8261,0.0435,0,抜き,5頭展開,1230,0.52948,0,202608052110,4-3-1-6-2,0,0,51.1219,0,5-4-3;5-4-1;5-4-6;5-3-4;5-3-1;5-3-6,0,0,1
1-4-6,1,1,2026-08-06,S,3,0,0.2884,0.5721,600,逃げ,3まくり,7370,0.683,1,202608060203,6-4-1-5-2,0,0,68.5384,0,3-6-4;3-6-1;3-6-5;3-4-6;3-4-1;3-4-5,-0.5,-0.05,1
1-5-6,1,0,2026-08-06,A,3,0,0.2884,0.5721,600,逃げ,3まくり,2080,0.54967,1,202608060211,5-1-2-4-6,0,0,55.0451,0,3-5-1;3-5-2;3-5-4;3-1-5;3-1-2;3-1-4,0,-0.21,1
5-1-3,1,0,2026-08-06,A,3,0,-1.9906,0.0023,600,差し,3まくり,3180,0.64,1,202608061204,5-1-2-4-6,0,0,61.9594,0,3-5-1;3-5-2;3-5-4;3-1-5;3-1-2;3-1-4,-0.5,-0.05,5
3-6-1,0,0,2026-08-06,B,3,1,-0.8558,0.286,0,抜き,3まくり,2530,0.34833,0,202608061407,6-1-5-2-4,0,0,33.7675,1,3-6-1;3-6-5;3-6-2;3-1-6;3-1-5;3-1-2,0,-0.21,3
3-5-4,0,0,2026-08-06,B,3,1,1.9672,0.9918,0,まくり差し,3まくり,2320,0.511,0,202608061703,6-5-1-4-2,0,0,53.0172,1,3-6-5;3-6-1;3-6-4;3-5-6;3-5-1;3-5-4,-0.5,-0.05,3
3-1-5,0,0,2026-08-06,B,3,1,-1.1653,0.2087,0,まくり差し,3まくり,710,0.551,0,202608061706,5-6-1-2-4,0,0,53.8847,0,3-5-6;3-5-1;3-5-2;3-6-5;3-6-1;3-6-2,-0.5,-0.05,3
4-3-6,0,0,2026-08-06,B,3,0,0.2884,0.5721,0,まくり差し,3まくり,3420,0.471,0,202608062406,6-4-5-2-1,0,0,47.1784,0,3-6-4;3-6-5;3-6-2;3-4-6;3-4-5;3-4-2,0,-0.21,4
4-5-1,0,0,2026-08-06,B,4,1,-1.8605,0.0349,0,まくり,4カドまくり,2400,0.475,0,202608061210,1-5-2-6-3,0,1,45.5995,1,4-1-5;4-1-2;4-1-6;4-5-1;4-5-2;4-5-6,0,-0.04,4
4-5-1,0,0,2026-08-06,B,5,0,0.8943,0.7236,0,差し,5頭展開,3570,0.47513,0,202608060404,4-6-3-2-1,0,0,48.4076,0,5-4-6;5-4-3;5-4-2;5-6-4;5-6-3;5-6-2,0.5,0,4
1-2-4,0,0,2026-08-06,B,5,0,-1.5447,0.1138,0,逃げ,5頭展開,5980,0.43801,0,202608061005,6-1-2-3-4,0,0,42.2566,0,5-6-1;5-6-2;5-6-3;5-1-6;5-1-2;5-1-3,0,0,1
1-3-4,1,0,2026-08-06,A,5,0,0.374,0.5935,600,逃げ,5頭展開,1530,0.61676,1,202608061012,1-4-2-6-3,0,0,62.05,0,5-1-4;5-1-2;5-1-6;5-4-1;5-4-2;5-4-6,0,0,1
4-5-1,1,0,2026-08-06,A,5,0,2.0,1.0,600,まくり,5頭展開,2400,0.56046,1,202608061210,1-4-2-6-3,0,0,58.046,0,5-1-4;5-1-2;5-1-6;5-4-1;5-4-2;5-4-6,0,0,4
1-3-2,0,0,2026-08-06,B,5,0,1.1545,0.7886,0,逃げ,5頭展開,2940,0.38545,0,202608061408,2-1-6-4-3,0,0,39.6998,0,5-2-1;5-2-6;5-2-4;5-1-2;5-1-6;5-1-4,0,0,1
1-3-4,0,0,2026-08-06,B,5,0,0.0488,0.5122,0,逃げ,5頭展開,1380,0.4751,0,202608061810,1-3-6-4-2,0,0,47.5588,0,5-1-3;5-1-6;5-1-4;5-3-1;5-3-6;5-3-4,0,0,1
1-2-5,0,0,2026-08-06,B,5,0,1.5772,0.8943,0,逃げ,5頭展開,890,0.49279,0,202608061912,1-2-3-6-4,0,0,50.8559,0,5-1-2;5-1-3;5-1-6;5-2-1;5-2-3;5-2-6,0,0,1
3-4-6,1,1,2026-08-07,S,3,1,0.3907,0.5977,600,まくり差し,3まくり,15920,0.68567,1,202608071003,1-6-4-2-5,0,0,68.7474,0,3-1-6;3-1-4;3-1-2;3-6-1;3-6-4;3-6-2,0,-0.21,3
1-3-5,0,0,2026-08-07,B,3,0,-1.986,0.0035,0,逃げ,3まくり,530,0.354,0,202608071210,1-5-6-4-2,0,0,33.364,0,3-1-5;3-1-6;3-1-4;3-5-1;3-5-6;3-5-4,-0.5,-0.05,1
2-1-3,0,0,2026-08-07,B,3,0,-0.9628,0.2593,0,まくり,3まくり,27720,0.56167,0,202608071707,5-1-4-2-6,0,0,54.9939,0,3-5-1;3-5-4;3-5-2;3-1-5;3-1-4;3-1-2,0,-0.21,2
1-2-6,0,0,2026-08-07,B,4,0,-1.935,0.0163,0,逃げ,4カドまくり,1290,0.131,0,202608071005,1-6-2-3-5,0,0,9.975,0,4-1-6;4-1-2;4-1-3;4-6-1;4-6-2;4-6-3,-0.5,-1.19,1
3-4-2,1,1,2026-08-07,S,4,0,0.8014,0.7003,600,まくり,4カドまくり,9810,0.79,0,202608071201,5-1-6-2-3,0,0,78.6114,0,4-5-1;4-5-6;4-5-2;4-1-5;4-1-6;4-1-2,-0.5,-1.19,3
4-1-2,0,0,2026-08-07,B,4,1,0.6667,0.6667,0,抜き,4カドまくり,1630,0.509,0,202608071409,2-1-3-5-6,0,0,50.3767,1,4-2-1;4-2-3;4-2-5;4-1-2;4-1-3;4-1-5,-0.5,-1.19,4
4-3-1,1,0,2026-08-07,A,4,1,-1.1034,0.2242,600,まくり差し,4カドまくり,7490,0.669,0,202608071904,2-1-5-6-3,0,0,65.7566,0,4-2-1;4-2-5;4-2-6;4-1-2;4-1-5;4-1-6,0,-0.04,4
1-3-4,0,0,2026-08-07,B,4,0,-1.475,0.1312,0,逃げ,4カドまくり,1400,0.433,0,202608072411,1-2-6-3-5,0,0,41.785,0,4-1-2;4-1-6;4-1-3;4-2-1;4-2-6;4-2-3,0,-0.04,1
5-2-1,0,0,2026-08-07,B,5,1,-0.6462,0.3385,0,まくり,5頭展開,6090,0.5078,0,202608070401,1-2-6-3-4,0,1,50.1338,1,5-1-2;5-1-6;5-1-3;5-2-1;5-2-6;5-2-3,0,0,5
2-1-3,0,0,2026-08-07,B,5,0,1.6615,0.9154,0,差し,5頭展開,9520,0.45507,0,202608070405,6-4-2-3-1,0,0,47.1682,0,5-6-4;5-6-2;5-6-3;5-4-6;5-4-2;5-4-3,0,0,2
3-4-2,1,0,2026-08-07,A,5,0,-1.6615,0.0846,600,まくり,5頭展開,9810,0.59894,1,202608071201,4-1-6-2-3,0,0,58.2325,0,5-4-1;5-4-6;5-4-2;5-1-4;5-1-6;5-1-2,0,0,3
4-6-5,1,0,2026-08-07,A,5,0,0.6154,0.6538,600,まくり,5頭展開,8050,0.59154,1,202608071802,4-6-2-1-3,0,0,59.7694,0,5-4-6;5-4-2;5-4-1;5-6-4;5-6-2;5-6-1,0,0,4
5-1-2,1,0,2026-08-07,A,5,1,0.0,0.5,600,まくり,5頭展開,1330,0.5882,1,202608072002,2-1-4-3-6,1330,1,58.82,1,5-2-1;5-2-4;5-2-3;5-1-2;5-1-4;5-1-3,0,0,5
1-5-2,1,1,2026-08-07,S,5,0,0.9846,0.7462,600,逃げ,5頭展開,1920,0.72532,1,202608072006,1-4-2-3-6,0,0,73.5166,0,5-1-4;5-1-2;5-1-3;5-4-1;5-4-2;5-4-3,0,0,1
5-4-2,1,1,2026-08-07,S,5,1,1.9692,0.9923,600,抜き,5頭展開,26400,0.65727,1,202608072402,6-1-2-4-3,0,1,67.6959,0,5-6-1;5-6-2;5-6-4;5-1-6;5-1-2;5-1-4,0.5,0,5
2-3-1,1,0,2026-08-08,A,3,0,1.3418,0.8355,600,差し,3まくり,4620,0.583,1,202608080402,5-6-2-1-4,0,0,59.4318,0,3-5-6;3-5-2;3-5-1;3-6-5;3-6-2;3-6-1,0,-0.21,2
1-3-6,1,1,2026-08-08,S,3,0,0.299,0.5747,600,逃げ,3まくり,490,0.75167,1,202608080508,1-6-5-4-2,0,0,75.2556,0,3-1-6;3-1-5;3-1-4;3-6-1;3-6-5;3-6-4,0,-0.21,1
1-3-2,0,0,2026-08-08,B,3,0,0.628,0.657,0,逃げ,3まくり,530,0.30633,0,202608081003,1-5-6-2-4,0,0,31.2114,0,3-1-5;3-1-6;3-1-2;3-5-1;3-5-6;3-5-2,-0.5,-0.05,1
3-1-6,0,0,2026-08-08,B,3,1,-1.3928,0.1518,0,まくり,3まくり,3440,0.522,0,202608081203,1-6-2-4-5,0,1,50.7572,1,3-1-6;3-1-2;3-1-4;3-6-1;3-6-2;3-6-4,-0.5,-0.05,3
1-3-4,1,0,2026-08-08,A,3,0,-1.7219,0.0695,600,逃げ,3まくり,490,0.685,1,202608081706,6-1-4-5-2,0,0,66.5681,0,3-6-1;3-6-4;3-6-5;3-1-6;3-1-4;3-1-5,0,-0.21,1
,0,0,2026-08-08,B,3,0,1.5432,0.8858,0,恵まれ,3まくり差し,0,0.519,0,202608080208,6-2-5-4-1,0,0,53.2132,0,3-6-2;3-6-5;3-6-4;3-2-6;3-2-5;3-2-4,-0.5,-0.23,5
3-1-5,1,1,2026-08-08,S,3,1,0.4133,0.6033,600,まくり差し,3まくり差し,1110,0.715,1,202608081902,5-1-2-4-6,1110,1,71.8633,1,3-5-1;3-5-2;3-5-4;3-1-5;3-1-2;3-1-4,0,-0.05,3
4-6-1,1,0,2026-08-08,A,4,1,1.4088,0.8522,600,まくり,4カドまくり,2690,0.623,0,202608080408,1-2-6-3-5,0,1,63.6688,0,4-1-2;4-1-6;4-1-3;4-2-1;4-2-6;4-2-3,0,-0.04,4
1-4-2,1,1,2026-08-08,S,4,0,0.6744,0.6686,600,逃げ,4カドまくり,440,0.697,0,202608081009,1-5-2-6-3,0,0,69.1844,0,4-1-5;4-1-2;4-1-6;4-5-1;4-5-2;4-5-6,-0.5,-1.19,1
4-1-5,1,1,2026-08-08,S,4,1,-1.3811,0.1547,600,まくり,4カドまくり,1070,0.713,0,202608081507,1-5-2-6-3,1070,1,68.7289,1,4-1-5;4-1-2;4-1-6;4-5-1;4-5-2;4-5-6,-0.5,-1.19,4
5-1-4,0,0,2026-08-08,B,4,0,0.448,0.612,0,まくり差し,4カドまくり,2300,0.389,0,202608081603,5-1-6-2-3,0,0,39.308,0,4-5-1;4-5-6;4-5-2;4-1-5;4-1-6;4-1-2,0,-0.04,5
4-3-5,0,0,2026-08-08,B,5,0,1.5328,0.8832,0,抜き,5頭展開,33170,0.4882,0,202608080204,2-4-6-3-1,0,0,50.3528,0,5-2-4;5-2-6;5-2-3;5-4-2;5-4-6;5-4-3,0,0,4
1-4-2,0,0,2026-08-08,B,5,0,0.3942,0.5985,0,逃げ,5頭展開,2570,0.44283,0,202608080211,1-3-4-2-6,0,0,44.6768,0,5-1-3;5-1-4;5-1-2;5-3-1;5-3-4;5-3-2,0,0,1
5-4-1,0,0,2026-08-08,B,5,1,0.219,0.5547,0,まくり差し,5頭展開,8500,0.43135,0,202608080405,1-4-3-2-6,0,1,43.3536,1,5-1-4;5-1-3;5-1-2;5-4-1;5-4-3;5-4-2,0,0,5
1-3-5,1,0,2026-08-08,A,5,0,0.8321,0.708,600,逃げ,5頭展開,3460,0.55455,1,202608080412,2-4-1-3-6,0,0,56.2868,0,5-2-4;5-2-1;5-2-3;5-4-2;5-4-1;5-4-3,0,0,1
1-2-5,1,1,2026-08-08,S,5,0,0.8321,0.708,600,逃げ,5頭展開,4060,0.67104,1,202608081007,4-1-6-2-3,0,0,67.9361,0,5-4-1;5-4-6;5-4-2;5-1-4;5-1-6;5-1-2,-0.5,0,1
3-1-6,0,0,2026-08-08,B,5,0,-1.3577,0.1606,0,まくり,5頭展開,23420,0.36118,0,202608081210,1-2-3-6-4,0,0,34.7603,0,5-1-2;5-1-3;5-1-6;5-2-1;5-2-3;5-2-6,-0.5,0,3
2-1-4,1,0,2026-08-08,A,5,0,0.8321,0.708,600,差し,5頭展開,4140,0.54675,1,202608081405,4-3-1-2-6,0,0,55.5068,0,5-4-3;5-4-1;5-4-2;5-3-4;5-3-1;5-3-2,0,0,2
5-1-4,0,0,2026-08-08,B,5,1,-1.6496,0.0876,0,まくり差し,5頭展開,2300,0.47989,0,202608081603,1-4-6-2-3,0,1,46.3397,1,5-1-4;5-1-6;5-1-2;5-4-1;5-4-6;5-4-2,0,0,5
4-6-1,1,0,2026-08-08,A,5,0,0.365,0.5912,600,まくり,5頭展開,49660,0.6576,1,202608081612,4-2-1-3-6,0,0,66.125,0,5-4-2;5-4-1;5-4-3;5-2-4;5-2-1;5-2-3,0,0,4
5-2-1,0,0,2026-08-08,B,5,1,-1.6496,0.0876,0,まくり差し,5頭展開,17620,0.56069,0,202608081710,2-4-1-6-3,0,1,54.4197,1,5-2-4;5-2-1;5-2-6;5-4-2;5-4-1;5-4-6,0,0,5
4-5-1,1,0,2026-08-08,A,5,0,1.3869,0.8467,600,まくり差し,5頭展開,9490,0.61094,1,202608081807,1-6-4-3-2,0,0,62.4809,0,5-1-6;5-1-4;5-1-3;5-6-1;5-6-4;5-6-3,0,0,4
1-3-5,0,0,2026-08-08,B,5,0,2.0,1.0,0,逃げ,5頭展開,1270,0.47518,0,202608081808,1-6-4-2-3,0,0,49.518,0,5-1-6;5-1-4;5-1-2;5-6-1;5-6-4;5-6-2,-0.5,0,1
1-5-4,1,1,2026-08-09,S,3,0,0.2995,0.5749,600,逃げ,3まくり,19670,0.724,1,202608090303,4-5-2-1-6,0,0,72.4895,0,3-4-5;3-4-2;3-4-1;3-5-4;3-5-2;3-5-1,0,-0.21,1
1-3-4,1,0,2026-08-09,A,3,0,0.5161,0.629,600,抜き,3まくり,1170,0.556,1,202608090307,4-1-5-2-6,0,0,56.2161,0,3-4-1;3-4-5;3-4-2;3-1-4;3-1-5;3-1-2,0.5,0.1,1
1-3-5,0,0,2026-08-09,B,3,0,1.765,0.9412,0,逃げ,3まくり,1150,0.461,0,202608091208,1-4-5-6-2,0,0,47.655,0,3-1-4;3-1-5;3-1-6;3-4-1;3-4-5;3-4-6,0,-0.21,1
1-5-3,0,0,2026-08-09,B,3,0,0.2995,0.5749,0,逃げ,3まくり,890,0.471,0,202608091305,5-1-6-4-2,0,0,47.1895,0,3-5-1;3-5-6;3-5-4;3-1-5;3-1-6;3-1-4,0,-0.21,1
3-1-4,0,0,2026-08-09,B,3,1,0.2995,0.5749,0,まくり差し,3まくり,1940,0.366,0,202608091311,1-4-5-2-6,0,0,36.6895,1,3-1-4;3-1-5;3-1-2;3-4-1;3-4-5;3-4-2,0,-0.21,3
3-5-1,1,0,2026-08-09,A,3,1,0.2995,0.5749,600,差し,3まくり,13450,0.62833,1,202608092307,6-1-4-2-5,0,0,62.9229,0,3-6-1;3-6-4;3-6-2;3-1-6;3-1-4;3-1-2,0,-0.21,3
5-1-4,0,0,2026-08-09,B,4,0,0.046,0.5115,0,まくり差し,4カドまくり,4250,0.386,0,202608090310,1-5-2-3-6,0,0,38.606,0,4-1-5;4-1-2;4-1-3;4-5-1;4-5-2;4-5-3,0,-0.04,5
2-4-1,1,1,2026-08-09,S,4,0,0.1931,0.5483,600,差し,4カドまくり,7320,0.759,0,202608090503,5-1-2-3-6,0,0,76.0531,0,4-5-1;4-5-2;4-5-3;4-1-5;4-1-2;4-1-3,0,-0.04,2
2-4-5,1,0,2026-08-09,A,4,0,1.7103,0.9276,600,差し,4カドまくり,2610,0.581,0,202608090506,5-2-1-6-3,0,0,59.7703,0,4-5-2;4-5-1;4-5-6;4-2-5;4-2-1;4-2-6,0,-0.04,2
1-6-4,0,0,2026-08-09,B,4,0,1.6966,0.9241,0,逃げ,4カドまくり,2270,0.507,0,202608091004,6-1-5-2-3,0,0,51.2066,0,4-6-1;4-6-5;4-6-2;4-1-6;4-1-5;4-1-2,-0.5,-1.19,1
1-3-2,0,0,2026-08-09,B,4,0,1.0161,0.754,0,逃げ,4カドまくり,950,0.443,0,202608091411,1-2-3-5-6,0,0,45.2761,0,4-1-2;4-1-3;4-1-5;4-2-1;4-2-3;4-2-5,0,-0.04,1
1-2-4,1,1,2026-08-09,S,4,0,1.3931,0.8483,600,抜き,4カドまくり,960,0.817,0,202608091504,5-1-2-6-3,0,0,83.0531,0,4-5-1;4-5-2;4-5-6;4-1-5;4-1-2;4-1-6,0,-0.04,1
5-1-2,0,0,2026-08-09,B,4,0,0.5747,0.6437,0,まくり差し,4カドまくり,18480,0.483,0,202608092011,6-1-2-5-3,0,0,48.8347,0,4-6-1;4-6-2;4-6-5;4-1-6;4-1-2;4-1-5,0,-0.04,5
4-2-5,1,1,2026-08-09,S,4,1,1.3931,0.8483,600,まくり,4カドまくり,720,0.793,0,202608092306,2-1-5-6-3,720,1,80.6531,1,4-2-1;4-2-5;4-2-6;4-1-2;4-1-5;4-1-6,0,-0.04,4
5-1-4,0,0,2026-08-09,B,5,1,-0.0403,0.4899,0,まくり差し,5頭展開,4250,0.50322,0,202608090310,1-2-4-3-6,0,1,50.2817,1,5-1-2;5-1-4;5-1-3;5-2-1;5-2-4;5-2-3,1.5,0,5
1-4-5,1,0,2026-08-09,A,5,0,-0.7383,0.3154,600,逃げ,5頭展開,1570,0.58576,1,202608090502,6-1-4-2-3,0,0,57.8377,0,5-6-1;5-6-4;5-6-2;5-1-6;5-1-4;5-1-2,-0.5,0,1
2-4-1,1,1,2026-08-09,S,5,0,0.4698,0.6174,600,差し,5頭展開,7320,0.73188,1,202608090503,4-1-2-3-6,0,0,73.6578,0,5-4-1;5-4-2;5-4-3;5-1-4;5-1-2;5-1-3,0,0,2
2-4-5,1,0,2026-08-09,A,5,0,0.1477,0.5369,600,差し,5頭展開,2610,0.57855,1,202608090506,4-2-1-6-3,0,0,58.0023,0,5-4-2;5-4-1;5-4-6;5-2-4;5-2-1;5-2-6,0,0,2
5-4-1,1,1,2026-08-09,S,5,1,1.7315,0.9329,600,まくり差し,5頭展開,4800,0.69901,1,202608090907,4-2-1-3-6,4800,1,71.6329,1,5-4-2;5-4-1;5-4-3;5-2-4;5-2-1;5-2-3,0,0,5
1-2-3,1,0,2026-08-09,A,5,0,-0.0134,0.4966,600,逃げ,5頭展開,380,0.65161,1,202608090910,2-1-3-6-4,0,0,65.1479,0,5-2-1;5-2-3;5-2-6;5-1-2;5-1-3;5-1-6,0,0,1
1-2-3,0,0,2026-08-09,B,5,0,-1.2215,0.1946,0,逃げ,5頭展開,1280,0.49642,0,202608091203,6-3-4-2-1,0,0,48.4205,0,5-6-3;5-6-4;5-6-2;5-3-6;5-3-4;5-3-2,-0.5,0,1
2-4-5,1,0,2026-08-09,A,5,0,-0.094,0.4765,600,差し,5頭展開,1330,0.65502,1,202608091301,4-2-3-1-6,0,0,65.408,0,5-4-2;5-4-3;5-4-1;5-2-4;5-2-3;5-2-1,0,0,2
3-1-2,1,1,2026-08-09,S,5,0,-0.094,0.4765,600,まくり差し,5頭展開,5820,0.72394,1,202608091310,3-1-2-4-6,0,0,72.3,0,5-3-1;5-3-2;5-3-4;5-1-3;5-1-2;5-1-4,0,0,3
3-5-1,0,0,2026-08-09,B,5,0,-1.3826,0.1544,0,まくり,5頭展開,39430,0.45168,0,202608091511,2-1-6-3-4,0,0,43.7854,0,5-2-1;5-2-6;5-2-3;5-1-2;5-1-6;5-1-3,-0.5,0,3
4-1-6,0,0,2026-08-09,B,5,0,-1.0336,0.2416,0,まくり,5頭展開,10400,0.47399,0,202608091603,4-6-2-1-3,0,0,46.3651,0,5-4-6;5-4-2;5-4-1;5-6-4;5-6-2;5-6-1,0,0,4
2-6-1,0,0,2026-08-09,B,5,0,0.604,0.651,0,差し,5頭展開,9830,0.31542,0,202608091810,2-6-1-4-3,0,0,32.146,0,5-2-6;5-2-1;5-2-4;5-6-2;5-6-1;5-6-4,-0.5,0,2
1-3-2,0,0,2026-08-09,B,5,0,-0.7919,0.302,0,逃げ,5頭展開,820,0.36106,0,202608091811,6-2-1-4-3,0,0,35.3141,0,5-6-2;5-6-1;5-6-4;5-2-6;5-2-1;5-2-4,0,0,1
1-3-2,1,0,2026-08-09,A,5,0,1.8121,0.953,600,逃げ,5頭展開,930,0.56534,1,202608091812,1-3-4-2-6,0,0,58.3461,0,5-1-3;5-1-4;5-1-2;5-3-1;5-3-4;5-3-2,0,0,1
4-3-1,1,1,2026-08-09,S,5,0,1.8658,0.9664,600,まくり差し,5頭展開,27230,0.74207,1,202608092404,1-4-3-6-2,0,0,76.0724,0,5-1-4;5-1-3;5-1-6;5-4-1;5-4-3;5-4-6,0.5,0,4
2-5-3,0,0,2026-08-10,B,3,0,-0.7551,0.3112,0,まくり,3まくり,18250,0.444,0,202608100304,1-6-2-5-4,0,0,43.7449,0,3-1-6;3-1-2;3-1-5;3-6-1;3-6-2;3-6-5,0.5,0.1,2
3-1-6,1,0,2026-08-10,A,3,1,0.7826,0.6957,600,まくり差し,3まくり,1200,0.58633,1,202608100512,1-5-6-4-2,1200,0,59.3659,1,3-1-5;3-1-6;3-1-4;3-5-1;3-5-6;3-5-4,-0.5,-0.05,3
3-4-1,1,0,2026-08-10,A,3,1,-1.0938,0.2265,600,抜き,3まくり,10230,0.668,1,202608100808,5-2-1-4-6,0,0,65.4962,0,3-5-2;3-5-1;3-5-4;3-2-5;3-2-1;3-2-4,0,-0.21,3
1-4-3,0,0,2026-08-10,B,3,0,-1.7346,0.0664,0,逃げ,3まくり,450,0.488,0,202608101307,4-1-6-2-5,0,0,46.8554,0,3-4-1;3-4-6;3-4-2;3-1-4;3-1-6;3-1-2,0,-0.21,1
1-3-6,1,1,2026-08-10,S,3,0,1.6522,0.913,600,逃げ,3まくり,2480,0.814,1,202608101310,1-5-6-4-2,0,0,82.8422,0,3-1-5;3-1-6;3-1-4;3-5-1;3-5-6;3-5-4,0,-0.21,1
2-1-4,1,0,2026-08-10,A,3,0,-1.1762,0.2059,600,差し,3まくり,11540,0.639,1,202608101405,5-1-4-6-2,0,0,62.5138,0,3-5-1;3-5-4;3-5-6;3-1-5;3-1-4;3-1-6,0,-0.21,2
1-3-5,0,0,2026-08-10,B,3,0,-1.2515,0.1871,0,逃げ,3まくり差し,2370,0.537,0,202608101608,5-4-2-1-6,0,0,52.3985,0,3-5-4;3-5-2;3-5-1;3-4-5;3-4-2;3-4-1,0,-0.05,1
3-1-5,1,1,2026-08-10,S,3,1,1.2677,0.8169,600,まくり差し,3まくり,2640,0.69433,1,202608102007,1-4-5-6-2,2640,0,70.4911,1,3-1-4;3-1-5;3-1-6;3-4-1;3-4-5;3-4-6,0,-0.21,3
1-3-2,1,0,2026-08-10,A,3,0,0.3021,0.5755,600,逃げ,3まくり,1160,0.66233,1,202608102105,1-5-4-2-6,0,0,66.3254,0,3-1-5;3-1-4;3-1-2;3-5-1;3-5-4;3-5-2,0,-0.21,1
1-3-6,1,0,2026-08-10,A,3,0,-0.8467,0.2883,600,逃げ,3まくり,4220,0.66433,1,202608102307,5-6-1-2-4,0,0,65.3767,0,3-5-6;3-5-1;3-5-2;3-6-5;3-6-1;3-6-2,0,-0.21,1
1-2-4,0,0,2026-08-10,B,3,0,1.2898,0.8225,0,逃げ,3まくり差し,1290,0.395,0,202608101801,2-6-4-1-5,0,0,40.5598,0,3-2-6;3-2-4;3-2-1;3-6-2;3-6-4;3-6-1,-0.5,-0.23,1
4-1-5,1,0,2026-08-10,A,4,1,0.7153,0.6788,600,まくり,4カドまくり,4730,0.565,0,202608100506,2-5-6-1-3,0,1,56.0253,0,4-2-5;4-2-6;4-2-1;4-5-2;4-5-6;4-5-1,-0.5,-1.19,4
1-4-6,1,0,2026-08-10,A,4,0,0.9977,0.7494,600,逃げ,4カドまくり,2130,0.555,0,202608101403,1-5-6-3-2,0,0,56.4577,0,4-1-5;4-1-6;4-1-3;4-5-1;4-5-6;4-5-3,0,-0.04,1
4-3-2,1,1,2026-08-10,S,4,1,1.7631,0.9408,600,まくり差し,4カドまくり,3960,0.857,0,202608102308,6-1-3-2-5,0,0,87.4231,0,4-6-1;4-6-3;4-6-2;4-1-6;4-1-3;4-1-2,0,-0.04,4
4-1-5,0,0,2026-08-10,B,4,1,-0.7563,0.3109,0,差し,4カドまくり,1500,0.387,0,202608102406,1-5-2-6-3,0,0,37.9037,1,4-1-5;4-1-2;4-1-6;4-5-1;4-5-2;4-5-6,0,-0.04,4
1-2-4,0,0,2026-08-10,B,5,0,-1.0732,0.2317,0,逃げ,5頭展開,860,0.5146,0,202608100507,2-4-1-6-3,0,0,50.3868,0,5-2-4;5-2-1;5-2-6;5-4-2;5-4-1;5-4-6,-0.5,0,1
5-4-2,0,0,2026-08-10,B,5,1,0.2195,0.5549,0,まくり差し,5頭展開,13650,0.39468,0,202608100511,1-2-4-6-3,0,1,39.6875,0,5-1-2;5-1-4;5-1-6;5-2-1;5-2-4;5-2-6,-0.5,0,5
1-3-5,0,0,2026-08-10,B,5,0,-0.0976,0.4756,0,逃げ,5頭展開,860,0.52018,0,202608100811,1-4-2-3-6,0,0,51.9204,0,5-1-4;5-1-2;5-1-3;5-4-1;5-4-2;5-4-3,0,0,1
1-3-5,0,0,2026-08-10,B,5,0,-1.7805,0.0549,0,逃げ,5頭展開,1860,0.32054,0,202608101301,1-6-3-2-4,0,0,30.2735,0,5-1-6;5-1-3;5-1-2;5-6-1;5-6-3;5-6-2,0,0,1
1-3-2,0,0,2026-08-10,B,5,0,0.6585,0.6646,0,逃げ,5頭展開,910,0.40484,0,202608101410,3-1-2-4-6,0,0,41.1425,0,5-3-1;5-3-2;5-3-4;5-1-3;5-1-2;5-1-4,0,0,1
4-1-5,1,0,2026-08-10,A,5,0,1.3902,0.8476,600,まくり,5頭展開,2030,0.5508,1,202608101607,4-1-6-3-2,0,0,56.4702,0,5-4-1;5-4-6;5-4-3;5-1-4;5-1-6;5-1-3,0,0,4
1-3-6,0,0,2026-08-10,B,5,0,0.9024,0.7256,0,逃げ,5頭展開,3330,0.49598,0,202608101805,4-6-3-1-2,0,0,50.5004,0,5-4-6;5-4-3;5-4-1;5-6-4;5-6-3;5-6-1,0,0,1
1-3-6,0,0,2026-08-10,B,5,0,-1.3415,0.1646,0,逃げ,5頭展開,2340,0.46822,0,202608101807,1-6-3-4-2,0,0,45.4805,0,5-1-6;5-1-3;5-1-4;5-6-1;5-6-3;5-6-4,0,0,1
1-3-2,0,0,2026-08-10,B,5,0,-1.9268,0.0183,0,逃げ,5頭展開,1050,0.42582,0,202608101812,1-6-4-3-2,0,0,40.6552,0,5-1-6;5-1-4;5-1-3;5-6-1;5-6-4;5-6-3,0,0,1
5-4-2,1,1,2026-08-10,S,5,1,1.5122,0.878,600,まくり,5頭展開,1200,0.69373,1,202608102305,4-1-2-3-6,1200,1,70.8855,1,5-4-1;5-4-2;5-4-3;5-1-4;5-1-2;5-1-3,0,0,5
4-6-1,0,0,2026-08-10,B,5,0,0.6341,0.6585,0,まくり,5頭展開,12090,0.40399,0,202608102410,6-3-4-2-1,0,0,41.0328,0,5-6-3;5-6-4;5-6-2;5-3-6;5-3-4;5-3-2,-0.5,0,4
1-2-4,1,0,2026-08-10,A,5,0,1.1951,0.7988,600,逃げ,5頭展開,680,0.56593,1,202608102411,4-2-1-3-6,0,0,57.7885,0,5-4-2;5-4-1;5-4-3;5-2-4;5-2-1;5-2-3,0,0,1
3-4-6,1,0,2026-08-11,A,3,1,-1.5023,0.1244,600,差し,3まくり,4650,0.60633,1,202608110509,1-6-5-4-2,0,0,58.9211,0,3-1-6;3-1-5;3-1-4;3-6-1;3-6-5;3-6-4,0,-0.21,3
3-1-5,1,1,2026-08-11,S,3,1,0.3077,0.5769,600,差し,3まくり,1420,0.797,1,202608110707,1-4-5-6-2,1420,0,79.7977,1,3-1-4;3-1-5;3-1-6;3-4-1;3-4-5;3-4-6,0,-0.21,3
1-3-4,1,1,2026-08-11,S,3,0,1.7421,0.9355,600,逃げ,3まくり,490,0.76167,1,202608110709,1-4-5-6-2,0,0,77.6987,0,3-1-4;3-1-5;3-1-6;3-4-1;3-4-5;3-4-6,0,-0.21,1
1-3-2,1,0,2026-08-11,A,3,0,1.7828,0.9457,600,逃げ,3まくり,2260,0.607,1,202608111311,5-1-4-6-2,0,0,62.2728,0,3-5-1;3-5-4;3-5-6;3-1-5;3-1-4;3-1-6,0,-0.21,1
1-6-2,0,0,2026-08-11,B,3,0,0.3077,0.5769,0,逃げ,3まくり,67240,0.451,0,202608111903,5-4-2-1-6,0,0,45.1977,0,3-5-4;3-5-2;3-5-1;3-4-5;3-4-2;3-4-1,0,-0.21,1
1-6-3,0,0,2026-08-11,B,3,0,0.1268,0.5317,0,逃げ,3まくり差し,17050,0.489,0,202608110104,6-5-4-2-1,0,0,48.9768,0,3-6-5;3-6-4;3-6-2;3-5-6;3-5-4;3-5-2,0,-0.05,1
1-3-6,0,0,2026-08-11,B,4,0,-1.6281,0.093,0,逃げ,4カドまくり,4840,0.449,0,202608110110,1-6-5-2-3,0,0,42.0819,0,4-1-6;4-1-5;4-1-2;4-6-1;4-6-5;4-6-2,-0.5,-1.19,1
4-1-5,1,1,2026-08-11,S,4,1,0.0272,0.5068,600,まくり,4カドまくり,920,0.905,0,202608110408,1-5-2-3-6,920,1,89.3372,1,4-1-5;4-1-2;4-1-3;4-5-1;4-5-2;4-5-3,-0.5,-1.19,4
4-3-1,1,1,2026-08-11,S,4,1,1.5374,0.8844,600,まくり,4カドまくり,11460,0.683,0,202608110505,2-6-3-1-5,0,1,69.7974,0,4-2-6;4-2-3;4-2-1;4-6-2;4-6-3;4-6-1,0,-0.04,4
1-2-4,1,1,2026-08-11,S,4,0,-1.7732,0.0567,600,逃げ,4カドまくり,3320,0.823,0,202608110608,1-5-2-6-3,0,0,80.4868,0,4-1-5;4-1-2;4-1-6;4-5-1;4-5-2;4-5-6,0,-0.04,1
5-4-1,0,0,2026-08-11,B,4,0,0.0272,0.5068,0,まくり差し,4カドまくり,3080,0.517,0,202608110708,5-1-2-6-3,0,0,51.6872,0,4-5-1;4-5-2;4-5-6;4-1-5;4-1-2;4-1-6,0,-0.04,5
5-6-4,0,0,2026-08-11,B,4,0,-1.9138,0.0215,0,まくり差し,4カドまくり,3230,0.341,0,202608111303,6-5-2-1-3,0,0,32.1462,0,4-6-5;4-6-2;4-6-1;4-5-6;4-5-2;4-5-1,0,-0.04,5
1-4-6,0,0,2026-08-11,B,4,0,-1.5646,0.1088,0,逃げ,4カドまくり,710,0.539,0,202608112102,1-6-2-3-5,0,0,52.2954,0,4-1-6;4-1-2;4-1-3;4-6-1;4-6-2;4-6-3,0,-0.04,1
4-1-6,1,1,2026-08-11,S,4,1,0.1859,0.5465,600,差し,4カドまくり,810,0.735,0,202608112305,2-1-6-5-3,810,0,76.6859,1,4-2-1;4-2-6;4-2-5;4-1-2;4-1-6;4-1-5,0.5,3.0,4
5-3-1,1,0,2026-08-11,A,5,1,-0.1136,0.4716,600,まくり差し,5頭展開,58150,0.57251,1,202608110111,1-6-2-4-3,0,1,57.137,0,5-1-6;5-1-2;5-1-4;5-6-1;5-6-2;5-6-4,0,0,5
2-6-5,1,1,2026-08-11,S,5,0,-0.1136,0.4716,600,差し,5頭展開,54620,0.70747,1,202608110412,4-3-1-2-6,0,0,70.633,0,5-4-3;5-4-1;5-4-2;5-3-4;5-3-1;5-3-2,0,0,2
5-4-1,1,0,2026-08-11,A,5,1,0.1818,0.5455,600,まくり差し,5頭展開,3080,0.63533,1,202608110708,4-1-2-6-3,3080,1,63.7152,1,5-4-1;5-4-2;5-4-6;5-1-4;5-1-2;5-1-6,0,0,5
5-6-4,0,0,2026-08-11,B,5,1,1.8636,0.9659,0,まくり差し,5頭展開,3230,0.46122,0,202608111303,6-4-2-1-3,0,1,47.9856,1,5-6-4;5-6-2;5-6-1;5-4-6;5-4-2;5-4-1,0,0,5
1-3-4,0,0,2026-08-11,B,5,0,1.75,0.9375,0,逃げ,5頭展開,7750,0.45986,0,202608111310,2-1-6-4-3,0,0,47.736,0,5-2-1;5-2-6;5-2-4;5-1-2;5-1-6;5-1-4,0,0,1
1-4-3,0,0,2026-08-11,B,5,0,-0.7955,0.3011,0,逃げ,5頭展開,2080,0.54572,0,202608111604,4-2-1-3-6,0,0,53.7765,0,5-4-2;5-4-1;5-4-3;5-2-4;5-2-1;5-2-3,-0.5,0,1
3-1-6,0,0,2026-08-11,B,5,0,-0.1136,0.4716,0,まくり,5頭展開,57600,0.34667,0,202608111911,1-2-4-6-3,0,0,34.553,0,5-1-2;5-1-4;5-1-6;5-2-1;5-2-4;5-2-6,0,0,3
2-1-5,1,0,2026-08-11,A,5,0,0.5455,0.6364,600,差し,5頭展開,4880,0.61507,1,202608112010,1-4-3-2-6,0,0,62.0521,0,5-1-4;5-1-3;5-1-2;5-4-1;5-4-3;5-4-2,0.5,0,2
1-5-6,0,0,2026-08-11,B,5,0,-1.6591,0.0852,0,逃げ,5頭展開,5140,0.42729,0,202608112011,1-4-2-3-6,0,0,41.0702,0,5-1-4;5-1-2;5-1-3;5-4-1;5-4-2;5-4-3,0,0,1
1-3-2,1,0,2026-08-11,A,5,0,1.7727,0.9432,600,逃げ,5頭展開,1850,0.54001,1,202608112112,2-4-1-6-3,0,0,55.7741,0,5-2-4;5-2-1;5-2-6;5-4-2;5-4-1;5-4-6,-0.5,0,1
2-4-6,1,0,2026-08-12,A,3,0,-1.0866,0.2283,600,差し,3まくり,14800,0.668,1,202608120301,4-1-2-6-5,0,0,65.8134,0,3-4-1;3-4-2;3-4-6;3-1-4;3-1-2;3-1-6,0.5,0.1,2
5-1-6,0,0,2026-08-12,B,3,0,1.2306,0.8076,0,まくり差し,3まくり,6630,0.495,0,202608120605,6-5-1-4-2,0,0,50.6806,0,3-6-5;3-6-1;3-6-4;3-5-6;3-5-1;3-5-4,-0.5,-0.05,5
3-2-6,0,0,2026-08-12,B,3,1,0.4432,0.6108,0,まくり差し,3まくり,5880,0.495,0,202608120704,6-1-5-2-4,0,0,49.8932,0,3-6-1;3-6-5;3-6-2;3-1-6;3-1-5;3-1-2,-0.5,-0.05,3
6-5-3,1,1,2026-08-12,S,3,0,1.928,0.982,600,まくり差し,3まくり,8990,0.663,1,202608121306,6-1-5-2-4,0,0,68.178,0,3-6-1;3-6-5;3-6-2;3-1-6;3-1-5;3-1-2,-0.5,-0.05,6
3-1-6,1,0,2026-08-12,A,3,1,0.8346,0.7087,600,まくり差し,3まくり,960,0.544,1,202608121308,1-6-5-2-4,960,0,55.1846,1,3-1-6;3-1-5;3-1-2;3-6-1;3-6-5;3-6-2,-0.5,-0.05,3
5-1-6,0,0,2026-08-12,B,3,0,0.6997,0.6749,0,まくり差し,3まくり,11240,0.388,0,202608121312,1-5-4-2-6,0,0,39.2897,0,3-1-5;3-1-4;3-1-2;3-5-1;3-5-4;3-5-2,0,-0.21,5
1-4-5,1,1,2026-08-12,S,3,0,-0.9426,0.2643,600,逃げ,3まくり,4700,0.71633,1,202608121905,1-4-2-6-5,0,0,70.6407,0,3-1-4;3-1-2;3-1-6;3-4-1;3-4-2;3-4-6,-0.5,-0.05,1
3-1-5,1,1,2026-08-12,S,3,1,-1.6625,0.0844,600,抜き,3まくり,1300,0.73433,1,202608121909,1-6-5-4-2,1300,0,71.7208,1,3-1-6;3-1-5;3-1-4;3-6-1;3-6-5;3-6-4,-0.5,-0.05,3
3-1-4,1,1,2026-08-12,S,3,1,0.3082,0.5771,600,まくり差し,3まくり,3570,0.92967,1,202608122410,1-6-5-2-4,0,0,93.0649,0,3-1-6;3-1-5;3-1-2;3-6-1;3-6-5;3-6-2,0,-0.21,3
5-1-2,0,0,2026-08-12,B,4,0,1.7933,0.9483,0,恵まれ,4カドまくり,2580,0.483,0,202608120105,2-1-5-3-6,0,0,50.0533,0,4-2-1;4-2-5;4-2-3;4-1-2;4-1-5;4-1-3,0,-0.04,5
4-6-2,1,0,2026-08-12,A,4,1,0.2517,0.5629,600,まくり差し,4カドまくり,3400,0.647,0,202608120409,2-1-6-3-5,0,0,64.9117,0,4-2-1;4-2-6;4-2-3;4-1-2;4-1-6;4-1-3,0,-0.04,4
2-1-3,1,1,2026-08-12,S,4,0,-1.4652,0.1337,600,差し,4カドまくり,16940,0.715,0,202608121301,5-2-1-6-3,0,0,69.9948,0,4-5-2;4-5-1;4-5-6;4-2-5;4-2-1;4-2-6,0,-0.04,2
1-2-6,1,0,2026-08-12,A,4,0,-1.5191,0.1202,600,逃げ,4カドまくり,9030,0.605,0,202608121302,5-6-1-2-3,0,0,58.9409,0,4-5-6;4-5-1;4-5-2;4-6-5;4-6-1;4-6-2,0,-0.04,1
1-4-6,0,0,2026-08-12,B,4,0,-1.3303,0.1674,0,逃げ,4カドまくり,1330,0.391,0,202608121602,6-2-1-3-5,0,0,37.7297,0,4-6-2;4-6-1;4-6-3;4-2-6;4-2-1;4-2-3,0,-0.04,1
1-4-2,1,0,2026-08-12,A,4,0,-1.9191,0.0202,600,逃げ,4カドまくり,770,0.627,0,202608122105,1-6-2-3-5,0,0,60.7409,0,4-1-6;4-1-2;4-1-3;4-6-1;4-6-2;4-6-3,0,-0.04,1
1-5-6,1,1,2026-08-12,S,4,0,-1.982,0.0045,600,逃げ,4カドまくり,9890,0.783,0,202608122106,6-2-5-1-3,0,0,76.278,0,4-6-2;4-6-5;4-6-1;4-2-6;4-2-5;4-2-1,0,-0.04,1
4-1-5,0,0,2026-08-12,B,4,1,0.8809,0.7202,0,差し,4カドまくり,5290,0.501,0,202608122109,1-6-2-5-3,0,0,50.9409,1,4-1-6;4-1-2;4-1-5;4-6-1;4-6-2;4-6-5,0,-0.04,4
4-3-5,0,0,2026-08-12,B,4,1,-1.7393,0.0652,0,まくり差し,4カドまくり,3610,0.299,0,202608122404,3-1-2-6-5,0,0,28.1207,0,4-3-1;4-3-2;4-3-6;4-1-3;4-1-2;4-1-6,0,-0.04,4
2-4-3,0,0,2026-08-12,B,5,0,0.2366,0.5591,0,まくり,5頭展開,4770,0.42354,0,202608120304,4-2-3-1-6,0,0,42.5906,0,5-4-2;5-4-3;5-4-1;5-2-4;5-2-3;5-2-1,1.0,0,2
1-2-4,0,0,2026-08-12,B,5,0,-0.9032,0.2742,0,逃げ,5頭展開,770,0.53462,0,202608120307,4-1-2-3-6,0,0,52.5588,0,5-4-1;5-4-2;5-4-3;5-1-4;5-1-2;5-1-3,0,0,1
1-4-6,0,0,2026-08-12,B,5,0,-1.828,0.043,0,逃げ,5頭展開,4830,0.40411,0,202608120608,1-4-2-6-3,0,0,38.5827,0,5-1-4;5-1-2;5-1-6;5-4-1;5-4-2;5-4-6,-0.5,0,1
2-1-3,1,1,2026-08-12,S,5,0,1.3118,0.828,600,差し,5頭展開,16940,0.66302,1,202608121301,4-2-1-6-3,0,0,67.6138,0,5-4-2;5-4-1;5-4-6;5-2-4;5-2-1;5-2-6,0,0,2
1-2-4,0,0,2026-08-12,B,5,0,-2.0,0.0,0,逃げ,5頭展開,660,0.3657,0,202608121307,1-4-2-6-3,0,0,34.57,0,5-1-4;5-1-2;5-1-6;5-4-1;5-4-2;5-4-6,0,0,1
4-3-6,0,0,2026-08-12,B,5,0,0.2366,0.5591,0,まくり差し,5頭展開,44770,0.38544,0,202608121604,1-4-2-3-6,0,0,38.7806,0,5-1-4;5-1-2;5-1-3;5-4-1;5-4-2;5-4-3,0,0,4
1-2-3,1,1,2026-08-12,S,5,0,1.5914,0.8978,600,逃げ,5頭展開,930,0.69981,1,202608122012,4-1-6-2-3,0,0,71.5727,0,5-4-1;5-4-6;5-4-2;5-1-4;5-1-6;5-1-2,0,0,1
1-5-6,1,0,2026-08-12,A,5,0,0.1935,0.5484,600,逃げ,5頭展開,9890,0.66269,1,202608122106,6-2-4-1-3,0,0,66.4629,0,5-6-2;5-6-4;5-6-1;5-2-6;5-2-4;5-2-1,0,0,1
3-1-4,0,0,2026-08-13,B,3,1,0.5434,0.6359,0,まくり差し,3まくり,1280,0.5,0,202608130202,5-1-4-6-2,0,0,50.3334,1,3-5-1;3-5-4;3-5-6;3-1-5;3-1-4;3-1-6,0,-0.21,3
3-4-2,0,0,2026-08-13,B,3,1,0.9933,0.7483,0,まくり,3まくり,3470,0.5,0,202608130209,4-6-1-5-2,0,1,50.7833,0,3-4-6;3-4-1;3-4-5;3-6-4;3-6-1;3-6-5,0,-0.21,3
4-6-1,0,0,2026-08-13,B,3,0,0.5212,0.6303,0,まくり,3まくり,24070,0.5,0,202608130310,1-5-4-2-6,0,0,50.3112,0,3-1-5;3-1-4;3-1-2;3-5-1;3-5-4;3-5-2,0,-0.21,4
3-4-5,0,0,2026-08-13,B,3,1,0.8508,0.7127,0,まくり,3まくり,2750,0.5,0,202608130602,5-6-2-4-1,0,1,50.6408,0,3-5-6;3-5-2;3-5-4;3-6-5;3-6-2;3-6-4,0,-0.21,3
1-4-2,0,0,2026-08-13,B,4,0,0.8387,0.7097,0,逃げ,4カドまくり,1440,0.5,0,202608130205,5-1-6-2-3,0,0,50.7987,0,4-5-1;4-5-6;4-5-2;4-1-5;4-1-6;4-1-2,0,-0.04,1
1-2-6,0,0,2026-08-13,B,4,0,1.8398,0.96,0,逃げ,4カドまくり,8620,0.5,0,202608130210,1-6-2-5-3,0,0,51.7998,0,4-1-6;4-1-2;4-1-5;4-6-1;4-6-2;4-6-5,0,-0.04,1
1-3-2,0,0,2026-08-13,B,4,0,-1.0923,0.2269,0,逃げ,4カドまくり,1350,0.5,0,202608130312,1-2-6-5-3,0,0,48.8677,0,4-1-2;4-1-6;4-1-5;4-2-1;4-2-6;4-2-5,0,-0.04,1
5-6-4,0,0,2026-08-13,B,4,0,0.8832,0.7208,0,抜き,4カドまくり,22710,0.5,0,202608130608,1-5-2-6-3,0,0,50.8432,0,4-1-5;4-1-2;4-1-6;4-5-1;4-5-2;4-5-6,0,-0.04,5
2-1-4,0,0,2026-08-13,B,4,0,-1.1769,0.2058,0,差し,4カドまくり,960,0.5,0,202608130706,2-6-1-3-5,0,0,48.7831,0,4-2-6;4-2-1;4-2-3;4-6-2;4-6-1;4-6-3,0,-0.04,2
5-4-3,0,0,2026-08-13,B,5,1,1.4845,0.8711,0,まくり差し,5頭展開,17270,0.5,0,202608130105,4-6-1-3-2,0,1,51.4845,1,5-4-6;5-4-1;5-4-3;5-6-4;5-6-1;5-6-3,0,0,5
5-4-1,0,0,2026-08-13,B,5,1,-1.3402,0.1649,0,まくり,5頭展開,940,0.5,0,202608130108,1-4-2-3-6,0,1,48.6598,1,5-1-4;5-1-2;5-1-3;5-4-1;5-4-2;5-4-3,0,0,5
1-4-2,0,0,2026-08-13,B,5,0,0.268,0.567,0,逃げ,5頭展開,1440,0.5,0,202608130205,4-1-6-2-3,0,0,50.268,0,5-4-1;5-4-6;5-4-2;5-1-4;5-1-6;5-1-2,0,0,1
1-2-6,0,0,2026-08-13,B,5,0,1.9175,0.9794,0,逃げ,5頭展開,8620,0.5,0,202608130210,4-1-6-2-3,0,0,51.9175,0,5-4-1;5-4-6;5-4-2;5-1-4;5-1-6;5-1-2,0,0,1
3-1-5,0,0,2026-08-13,B,5,0,-0.0412,0.4897,0,差し,5頭展開,4860,0.5,0,202608130305,6-2-1-4-3,0,0,49.9588,0,5-6-2;5-6-1;5-6-4;5-2-6;5-2-1;5-2-4,0,0,3
1-3-2,0,0,2026-08-13,B,5,0,-0.8866,0.2784,0,逃げ,5頭展開,1350,0.5,0,202608130312,1-4-2-6-3,0,0,49.1134,0,5-1-4;5-1-2;5-1-6;5-4-1;5-4-2;5-4-6,0,0,1
4-1-5,0,0,2026-08-13,B,5,0,0.5155,0.6289,0,まくり差し,5頭展開,1050,0.5,0,202608130708,4-1-6-3-2,0,0,50.5155,0,5-4-1;5-4-6;5-4-3;5-1-4;5-1-6;5-1-3,0,0,4
4-5-1,1,0,2026-08-13,A,5,0,1.0309,0.7577,600,まくり差し,5頭展開,39790,0.56596,1,202608130712,1-6-2-4-3,0,0,57.6269,0,5-1-6;5-1-2;5-1-4;5-6-1;5-6-2;5-6-4,-0.5,0,4
5-1-4,0,0,2026-08-13,B,5,1,-0.1237,0.4691,0,まくり差し,5頭展開,6270,0.5,0,202608131206,1-2-3-4-6,0,1,49.8763,1,5-1-2;5-1-3;5-1-4;5-2-1;5-2-3;5-2-4,0,0,5
1-3-5,1,0,2026-08-13,A,5,0,-0.1237,0.4691,600,逃げ,5頭展開,1040,0.58902,1,202608131212,3-6-4-2-1,0,0,58.7783,0,5-3-6;5-3-4;5-3-2;5-6-3;5-6-4;5-6-2,-0.5,0,1
1-2-3,0,0,2026-08-13,B,5,0,-1.0722,0.232,0,逃げ,5頭展開,1370,0.5,0,202608131308,1-4-3-2-6,0,0,48.9278,0,5-1-4;5-1-3;5-1-2;5-4-1;5-4-3;5-4-2,0,0,1
1-5-2,0,0,2026-08-13,B,5,0,1.4845,0.8711,0,逃げ,5頭展開,1210,0.5,0,202608131903,2-1-4-6-3,0,0,51.4845,0,5-2-1;5-2-4;5-2-6;5-1-2;5-1-4;5-1-6,0,0,1
1-5-3,0,0,2026-08-13,B,5,0,0.433,0.6082,0,逃げ,5頭展開,2310,0.5,0,202608131905,1-6-4-2-3,0,0,50.433,0,5-1-6;5-1-4;5-1-2;5-6-1;5-6-4;5-6-2,0,0,1
1-5-2,0,0,2026-08-13,B,5,0,0.1856,0.5464,0,逃げ,5頭展開,1480,0.5,0,202608132202,2-3-4-1-6,0,0,50.1856,0,5-2-3;5-2-4;5-2-1;5-3-2;5-3-4;5-3-1,0,0,1
1-3-2,1,1,2026-08-14,S,3,0,0.2927,0.5732,600,逃げ,3まくり,1510,0.668,1,202608140303,5-1-2-6-4,0,0,67.1927,0,3-5-1;3-5-2;3-5-6;3-1-5;3-1-2;3-1-6,0.5,0.1,1
1-3-5,0,0,2026-08-14,B,3,0,0.2927,0.5732,0,逃げ,3まくり,1340,0.50633,0,202608140601,6-1-4-5-2,0,0,50.876,0,3-6-1;3-6-4;3-6-5;3-1-6;3-1-4;3-1-5,-0.5,-0.05,1
6-4-3,1,0,2026-08-14,A,3,0,0.2927,0.5732,600,まくり差し,3まくり,6900,0.585,1,202608140602,4-6-1-5-2,0,0,58.5827,0,3-4-6;3-4-1;3-4-5;3-6-4;3-6-1;3-6-5,0,-0.21,6
1-3-5,0,0,2026-08-14,B,3,0,0.2927,0.5732,0,逃げ,3まくり,790,0.529,0,202608141005,5-6-1-4-2,0,0,53.1427,0,3-5-6;3-5-1;3-5-4;3-6-5;3-6-1;3-6-4,-0.5,-0.05,1
1-4-5,0,0,2026-08-14,B,3,0,0.2927,0.5732,0,逃げ,3まくり,1130,0.405,0,202608141305,5-1-4-2-6,0,0,40.7427,0,3-5-1;3-5-4;3-5-2;3-1-5;3-1-4;3-1-2,-0.5,-0.05,1
1-5-3,1,0,2026-08-14,A,3,0,0.2927,0.5732,600,逃げ,3まくり,2660,0.6,1,202608141308,1-6-4-5-2,0,0,60.0827,0,3-1-6;3-1-4;3-1-5;3-6-1;3-6-4;3-6-5,0,-0.21,1
1-3-4,0,0,2026-08-14,B,3,0,-1.7339,0.0665,0,逃げ,3まくり,610,0.433,0,202608141912,4-1-6-5-2,0,0,41.3561,0,3-4-1;3-4-6;3-4-5;3-1-4;3-1-6;3-1-5,0,-0.21,1
3-1-2,0,0,2026-08-14,B,3,1,0.2927,0.5732,0,まくり,3まくり,2780,0.23833,0,202608142408,4-1-2-6-5,0,1,23.916,1,3-4-1;3-4-2;3-4-6;3-1-4;3-1-2;3-1-6,0,-0.21,3
4-1-3,1,0,2026-08-14,A,4,1,-1.1814,0.2046,600,まくり差し,4カドまくり,3140,0.58,0,202608141210,1-2-5-3-6,3140,0,55.6286,1,4-1-2;4-1-5;4-1-3;4-2-1;4-2-5;4-2-3,-0.5,-1.19,4
2-4-3,1,0,2026-08-14,A,4,0,0.0398,0.51,600,まくり,4カドまくり,13880,0.575,0,202608141302,5-2-1-3-6,0,0,57.4998,0,4-5-2;4-5-1;4-5-3;4-2-5;4-2-1;4-2-3,0,-0.04,2
1-2-4,0,0,2026-08-14,B,4,0,1.469,0.8673,0,逃げ,4カドまくり,700,0.532,0,202608141307,2-6-1-5-3,0,0,54.629,0,4-2-6;4-2-1;4-2-5;4-6-2;4-6-1;4-6-5,0,-0.04,1
4-2-1,0,0,2026-08-14,B,5,0,0.0577,0.5144,0,まくり,5頭展開,3230,0.46162,0,202608140306,4-6-2-1-3,0,0,46.2197,0,5-4-6;5-4-2;5-4-1;5-6-4;5-6-2;5-6-1,0.5,0,4
1-2-6,0,0,2026-08-14,B,5,0,-0.1538,0.4615,0,逃げ,5頭展開,3810,0.50308,0,202608140712,1-4-2-6-3,0,0,50.1542,0,5-1-4;5-1-2;5-1-6;5-4-1;5-4-2;5-4-6,0,0,1
1-2-3,0,0,2026-08-14,B,5,0,-0.1538,0.4615,0,逃げ,5頭展開,450,0.31098,0,202608140812,1-2-6-3-4,0,0,30.9442,0,5-1-2;5-1-6;5-1-3;5-2-1;5-2-6;5-2-3,0,0,1
4-1-3,1,1,2026-08-14,S,5,0,0.25,0.5625,600,まくり差し,5頭展開,3140,0.70898,1,202608141210,1-4-2-3-6,0,0,71.148,0,5-1-4;5-1-2;5-1-3;5-4-1;5-4-2;5-4-3,-0.5,0,4
2-4-3,1,0,2026-08-14,A,5,0,-0.1538,0.4615,600,まくり,5頭展開,13880,0.5547,1,202608141302,4-2-1-3-6,0,0,55.3162,0,5-4-2;5-4-1;5-4-3;5-2-4;5-2-1;5-2-3,0,0,2
1-2-3,0,0,2026-08-14,B,5,0,-0.8269,0.2933,0,逃げ,5頭展開,900,0.45622,0,202608141304,2-1-4-3-6,0,0,44.7951,0,5-2-1;5-2-4;5-2-3;5-1-2;5-1-4;5-1-3,0,0,1
1-3-5,0,0,2026-08-14,B,5,0,-0.1538,0.4615,0,逃げ,5頭展開,1670,0.5294,0,202608142204,4-2-1-3-6,0,0,52.7862,0,5-4-2;5-4-1;5-4-3;5-2-4;5-2-1;5-2-3,0,0,1
3-1-2,1,0,2026-08-14,A,5,0,-0.1538,0.4615,600,まくり差し,5頭展開,7190,0.55733,1,202608142312,1-4-2-3-6,0,0,55.5795,0,5-1-4;5-1-2;5-1-3;5-4-1;5-4-2;5-4-3,0,0,3
1-3-5,1,1,2026-08-15,S,3,0,1.4066,0.8516,600,抜き,3まくり,1420,0.72767,1,202608150506,5-4-1-2-6,0,0,73.9633,0,3-5-4;3-5-1;3-5-2;3-4-5;3-4-1;3-4-2,0,-0.21,1
3-5-2,1,0,2026-08-15,A,3,1,0.3077,0.5769,600,まくり,3まくり,46720,0.55233,1,202608150509,4-1-6-5-2,0,1,55.331,0,3-4-1;3-4-6;3-4-5;3-1-4;3-1-6;3-1-5,0,-0.21,3
1-4-6,1,0,2026-08-15,A,3,0,0.5714,0.6429,600,逃げ,3まくり,2910,0.55233,1,202608151007,6-5-1-4-2,0,0,55.7548,0,3-6-5;3-6-1;3-6-4;3-5-6;3-5-1;3-5-4,-0.5,-0.05,1
4-1-6,0,0,2026-08-15,B,3,0,0.7033,0.6758,0,まくり差し,3まくり,1890,0.529,0,202608151706,4-6-1-5-2,0,0,53.3933,0,3-4-6;3-4-1;3-4-5;3-6-4;3-6-1;3-6-5,0,-0.21,4
1-2-3,0,0,2026-08-15,B,3,0,-1.3854,0.1536,0,逃げ,3まくり差し,2450,0.491,0,202608152405,2-6-5-4-1,0,0,47.6646,0,3-2-6;3-2-5;3-2-4;3-6-2;3-6-5;3-6-4,0,-0.05,1
6-1-3,0,0,2026-08-15,B,4,0,-1.065,0.2337,0,恵まれ,4カドまくり,51870,0.279,0,202608150112,1-2-5-3-6,0,0,25.645,0,4-1-2;4-1-5;4-1-3;4-2-1;4-2-5;4-2-3,-0.5,-1.19,6
5-4-1,1,1,2026-08-15,S,4,0,0.8578,0.7144,600,抜き,4カドまくり,13990,0.79,0,202608150302,1-6-3-5-2,0,0,81.4478,0,4-1-6;4-1-3;4-1-5;4-6-1;4-6-3;4-6-5,1.0,1.59,5
1-3-5,0,0,2026-08-15,B,4,0,1.6384,0.9096,0,逃げ,4カドまくり,1990,0.335,0,202608151804,1-2-5-6-3,0,0,35.0984,0,4-1-2;4-1-5;4-1-6;4-2-1;4-2-5;4-2-6,0,-0.04,1
1-2-4,0,0,2026-08-15,B,5,0,-1.0926,0.2269,0,抜き,5頭展開,440,0.51087,0,202608150911,1-4-2-6-3,0,0,49.9941,0,5-1-4;5-1-2;5-1-6;5-4-1;5-4-2;5-4-6,0,0,1
1-4-2,1,0,2026-08-15,A,5,0,-0.1111,0.4722,600,逃げ,5頭展開,1240,0.60005,1,202608151108,4-2-1-6-3,0,0,59.8942,0,5-4-2;5-4-1;5-4-6;5-2-4;5-2-1;5-2-6,0,0,1
2-3-5,1,1,2026-08-15,S,5,0,1.7593,0.9398,600,抜き,5頭展開,3230,0.71133,1,202608151704,2-3-4-1-6,0,0,72.8926,0,5-2-3;5-2-4;5-2-1;5-3-2;5-3-4;5-3-1,-0.5,0,2
1-2-6,0,0,2026-08-15,B,5,0,-1.8519,0.037,0,逃げ,5頭展開,1000,0.36567,0,202608151903,2-6-1-4-3,0,0,34.7148,0,5-2-6;5-2-1;5-2-4;5-6-2;5-6-1;5-6-4,-0.5,0,1
5-6-3,0,0,2026-08-15,B,5,1,-0.7593,0.3102,0,まくり差し,5頭展開,85570,0.38861,0,202608152112,3-1-2-6-4,0,1,38.1021,0,5-3-1;5-3-2;5-3-6;5-1-3;5-1-2;5-1-6,0,0,5
2-5-1,0,0,2026-08-16,B,3,0,-0.588,0.353,0,差し,3まくり,7910,0.451,0,202608160403,5-1-2-4-6,0,0,44.302,0,3-5-1;3-5-2;3-5-4;3-1-5;3-1-2;3-1-4,0,-0.21,2
4-6-1,0,0,2026-08-16,B,3,0,0.4131,0.6033,0,抜き,3まくり,43550,0.29433,0,202608160903,6-5-1-4-2,0,0,29.9464,0,3-6-5;3-6-1;3-6-4;3-5-6;3-5-1;3-5-4,0.5,0.1,4
5-6-2,0,0,2026-08-16,B,3,0,-1.3311,0.1672,0,差し,3まくり,61650,0.461,0,202608161102,5-6-1-4-2,0,0,44.5589,0,3-5-6;3-5-1;3-5-4;3-6-5;3-6-1;3-6-4,0,-0.21,5
1-5-4,0,0,2026-08-16,B,3,0,-1.9825,0.0044,0,逃げ,3まくり,4210,0.41,0,202608161806,1-5-6-2-4,0,0,38.8075,0,3-1-5;3-1-6;3-1-2;3-5-1;3-5-6;3-5-2,0,-0.21,1
4-3-1,0,0,2026-08-16,B,4,1,-0.6637,0.3341,0,差し,4カドまくり,4150,0.511,0,202608160202,2-1-6-5-3,0,0,50.3963,0,4-2-1;4-2-6;4-2-5;4-1-2;4-1-6;4-1-5,0,-0.04,4
3-2-4,1,0,2026-08-16,A,4,0,-1.3143,0.1714,600,まくり,4カドまくり,7540,0.615,0,202608160404,2-1-5-3-6,0,0,60.1457,0,4-2-1;4-2-5;4-2-3;4-1-2;4-1-5;4-1-3,0,-0.04,3
2-4-6,1,1,2026-08-16,S,4,0,1.5429,0.8857,600,抜き,4カドまくり,1580,0.889,0,202608160904,2-6-1-5-3,0,0,90.4029,0,4-2-6;4-2-1;4-2-5;4-6-2;4-6-1;4-6-5,0,-0.04,2
1-2-4,1,1,2026-08-16,S,4,0,1.2044,0.8011,600,逃げ,4カドまくり,400,0.739,0,202608161001,1-5-6-3-2,0,0,73.9144,0,4-1-5;4-1-6;4-1-3;4-5-1;4-5-6;4-5-3,-0.5,-1.19,1
2-4-5,0,0,2026-08-16,B,4,0,0.0396,0.5099,0,差し,4カドまくり,13970,0.443,0,202608161411,1-6-2-5-3,0,0,44.2996,0,4-1-6;4-1-2;4-1-5;4-6-1;4-6-2;4-6-5,0,-0.04,2
4-5-6,1,0,2026-08-16,A,5,0,-1.2036,0.1991,600,まくり,5頭展開,10580,0.56849,1,202608160212,4-2-3-1-6,0,0,55.6457,0,5-4-2;5-4-3;5-4-1;5-2-4;5-2-3;5-2-1,0,0,4
3-2-4,1,0,2026-08-16,A,5,0,-1.457,0.1357,600,まくり,5頭展開,7540,0.65064,1,202608160404,4-2-1-3-6,0,0,63.607,0,5-4-2;5-4-1;5-4-3;5-2-4;5-2-1;5-2-3,0,0,3
1-4-3,1,1,2026-08-16,S,5,0,-1.3303,0.1674,600,逃げ,5頭展開,1540,0.85589,1,202608160409,1-4-2-3-6,0,0,84.259,0,5-1-4;5-1-2;5-1-3;5-4-1;5-4-2;5-4-3,0,0,1
1-2-3,0,0,2026-08-16,B,5,0,-1.8914,0.0271,0,逃げ,5頭展開,2730,0.31501,0,202608160911,4-1-2-3-6,0,0,29.6099,0,5-4-1;5-4-2;5-4-3;5-1-4;5-1-2;5-1-3,0,0,1
1-5-2,0,0,2026-08-16,B,5,0,-1.0769,0.2308,0,逃げ,5頭展開,1380,0.53027,0,202608161110,1-6-3-2-4,0,0,51.9497,0,5-1-6;5-1-3;5-1-2;5-6-1;5-6-3;5-6-2,0,0,1
1-4-3,1,0,2026-08-16,A,5,0,1.638,0.9095,600,逃げ,5頭展開,850,0.59515,1,202608161111,1-4-2-6-3,0,0,61.1527,0,5-1-4;5-1-2;5-1-6;5-4-1;5-4-2;5-4-6,0.5,0,1
1-3-6,1,0,2026-08-16,A,5,0,1.4027,0.8507,600,逃げ,5頭展開,3970,0.57126,1,202608161812,4-1-2-6-3,0,0,58.5287,0,5-4-1;5-4-2;5-4-6;5-1-4;5-1-2;5-1-6,-0.5,0,1
3-2-4,0,0,2026-08-16,B,5,0,0.7873,0.6968,0,まくり,5頭展開,6770,0.39327,0,202608161910,1-4-2-3-6,0,0,40.114,0,5-1-4;5-1-2;5-1-3;5-4-1;5-4-2;5-4-3,-0.5,0,3
1-4-5,1,0,2026-08-16,A,5,0,1.8371,0.9593,600,逃げ,5頭展開,770,0.56343,1,202608162204,4-1-6-3-2,0,0,58.1798,0,5-4-1;5-4-6;5-4-3;5-1-4;5-1-6;5-1-3,0,0,1
2-1-5,1,0,2026-08-16,A,5,0,1.4208,0.8552,600,差し,5頭展開,2670,0.63963,1,202608162409,1-2-4-6-3,0,0,65.3835,0,5-1-2;5-1-4;5-1-6;5-2-1;5-2-4;5-2-6,0,0,2
3-2-5,0,0,2026-08-17,B,3,1,-0.8205,0.2949,0,抜き,3まくり,10300,0.30567,0,202608170209,1-4-6-5-2,0,0,29.5362,0,3-1-4;3-1-6;3-1-5;3-4-1;3-4-6;3-4-5,0,-0.21,3
3-4-1,0,0,2026-08-17,B,3,1,-1.6518,0.0871,0,まくり差し,3まくり,2680,0.38167,0,202608170507,6-4-1-2-5,0,0,36.3049,1,3-6-4;3-6-1;3-6-2;3-4-6;3-4-1;3-4-2,0,-0.21,3
2-4-1,0,0,2026-08-17,B,4,0,-1.4973,0.1257,0,差し,4カドまくり,9690,0.521,0,202608171208,6-5-2-1-3,0,0,49.4127,0,4-6-5;4-6-2;4-6-1;4-5-6;4-5-2;4-5-1,-0.5,-1.19,2
1-2-6,1,1,2026-08-17,S,4,0,0.0415,0.5104,600,逃げ,4カドまくり,2240,0.677,0,202608172005,1-2-6-3-5,0,0,67.7015,0,4-1-2;4-1-6;4-1-3;4-2-1;4-2-6;4-2-3,0,-0.04,1
3-4-5,1,0,2026-08-17,A,5,0,1.6364,0.9091,600,まくり差し,5頭展開,15090,0.58535,1,202608170211,1-2-4-3-6,0,0,60.171,0,5-1-2;5-1-4;5-1-3;5-2-1;5-2-4;5-2-3,0,0,3
4-1-6,1,0,2026-08-17,A,5,0,-0.7879,0.303,600,まくり,5頭展開,2290,0.67504,1,202608170512,1-4-6-3-2,0,0,66.7161,0,5-1-4;5-1-6;5-1-3;5-4-1;5-4-6;5-4-3,0,0,4
2-3-6,0,0,2026-08-17,B,5,0,-1.3939,0.1515,0,まくり,5頭展開,18950,0.54647,0,202608170902,6-2-1-4-3,0,0,53.2527,0,5-6-2;5-6-1;5-6-4;5-2-6;5-2-1;5-2-4,0,0,2
4-5-2,1,0,2026-08-17,A,5,0,0.8571,0.7143,600,まくり,5頭展開,840,0.61459,1,202608170907,4-2-1-3-6,0,0,62.3158,0,5-4-2;5-4-1;5-4-3;5-2-4;5-2-1;5-2-3,0.5,0,4
2-4-1,1,1,2026-08-17,S,5,0,0.2857,0.5714,600,差し,5頭展開,9690,0.71422,1,202608171208,6-2-1-4-3,0,0,71.7077,0,5-6-2;5-6-1;5-6-4;5-2-6;5-2-1;5-2-4,-0.5,0,2
1-2-3,0,0,2026-08-17,B,5,0,0.8571,0.7143,0,逃げ,5頭展開,940,0.53538,0,202608171212,6-1-4-2-3,0,0,54.3951,0,5-6-1;5-6-4;5-6-2;5-1-6;5-1-4;5-1-2,-0.5,0,1
2-1-3,1,0,2026-08-17,A,5,0,1.1169,0.7792,600,差し,5頭展開,6300,0.58037,1,202608171512,2-1-4-6-3,0,0,59.1542,0,5-2-1;5-2-4;5-2-6;5-1-2;5-1-4;5-1-6,0,0,2
2-1-4,1,0,2026-08-18,A,3,0,0.4631,0.6158,600,差し,3まくり差し,6460,0.591,1,202608180501,4-5-2-6-1,0,0,59.3331,0,3-4-5;3-4-2;3-4-6;3-5-4;3-5-2;3-5-6,-0.5,-0.23,2
5-1-6,1,0,2026-08-18,A,3,0,0.8969,0.7242,600,抜き,3まくり,8020,0.60567,1,202608180506,5-1-4-2-6,0,0,61.2535,0,3-5-1;3-5-4;3-5-2;3-1-5;3-1-4;3-1-2,0,-0.21,5
1-2-3,0,0,2026-08-18,B,3,0,0.3887,0.5972,0,逃げ,3まくり,1730,0.339,0,202608180507,1-4-2-6-5,0,0,34.0787,0,3-1-4;3-1-2;3-1-6;3-4-1;3-4-2;3-4-6,0,-0.21,1
3-2-5,1,0,2026-08-18,A,3,1,-1.3964,0.1509,600,差し,3まくり差し,4080,0.595,1,202608181101,4-6-5-1-2,0,0,57.8736,0,3-4-6;3-4-5;3-4-1;3-6-4;3-6-5;3-6-1,-0.5,-0.23,3
3-5-4,0,0,2026-08-18,B,3,1,1.1183,0.7796,0,まくり,3まくり,2260,0.46033,0,202608181103,4-5-1-2-6,0,1,47.2517,1,3-4-5;3-4-1;3-4-2;3-5-4;3-5-1;3-5-2,0.5,0.1,3
6-5-1,0,0,2026-08-18,B,3,0,1.0793,0.7698,0,まくり差し,3まくり,6970,0.461,0,202608181307,5-6-1-4-2,0,0,46.9693,0,3-5-6;3-5-1;3-5-4;3-6-5;3-6-1;3-6-4,0,-0.21,6
1-3-2,1,0,2026-08-18,A,3,0,-1.6178,0.0955,600,逃げ,3まくり,2540,0.663,1,202608181309,6-1-4-5-2,0,0,64.6322,0,3-6-1;3-6-4;3-6-5;3-1-6;3-1-4;3-1-5,-0.5,-0.05,1
3-1-6,0,0,2026-08-18,B,3,1,-1.3833,0.1542,0,まくり,3まくり,830,0.28167,0,202608181507,6-1-4-2-5,0,1,26.5734,1,3-6-1;3-6-4;3-6-2;3-1-6;3-1-4;3-1-2,0,-0.21,3
3-1-6,1,0,2026-08-18,A,3,1,0.3105,0.5776,600,まくり,3まくり,1260,0.595,1,202608181606,1-6-2-4-5,1260,1,59.6005,1,3-1-6;3-1-2;3-1-4;3-6-1;3-6-2;3-6-4,0,-0.21,3
6-3-2,0,0,2026-08-18,B,3,0,1.2747,0.8187,0,まくり差し,3まくり,6710,0.339,0,202608181608,6-1-5-2-4,0,0,35.1247,0,3-6-1;3-6-5;3-6-2;3-1-6;3-1-5;3-1-2,-0.5,-0.05,6
3-1-6,1,1,2026-08-18,S,3,1,1.8523,0.9631,600,まくり,3まくり,680,0.697,1,202608182001,6-1-2-4-5,680,1,71.3423,1,3-6-1;3-6-2;3-6-4;3-1-6;3-1-2;3-1-4,0,-0.21,3
1-2-4,0,0,2026-08-18,B,4,0,0.687,0.6718,0,逃げ,4カドまくり,820,0.469,0,202608181105,1-2-5-6-3,0,0,47.547,0,4-1-2;4-1-5;4-1-6;4-2-1;4-2-5;4-2-6,0,-0.04,1
1-4-5,1,0,2026-08-18,A,4,0,-1.0578,0.2356,600,逃げ,4カドまくり,1710,0.573,0,202608181204,5-1-2-6-3,0,0,55.0522,0,4-5-1;4-5-2;4-5-6;4-1-5;4-1-2;4-1-6,-0.5,-1.19,1
4-6-1,1,1,2026-08-18,S,4,1,1.5594,0.8899,600,まくり,4カドまくり,2310,0.835,0,202608181312,1-6-2-5-3,2310,1,88.0594,1,4-1-6;4-1-2;4-1-5;4-6-1;4-6-2;4-6-5,0.5,3.0,4
1-4-5,1,0,2026-08-18,A,5,0,-1.5126,0.1218,600,逃げ,5頭展開,1710,0.66838,1,202608181204,4-1-2-6-3,0,0,65.3254,0,5-4-1;5-4-2;5-4-6;5-1-4;5-1-2;5-1-6,0.5,0,1
1-6-4,0,0,2026-08-18,B,5,0,-1.9328,0.0168,0,逃げ,5頭展開,5060,0.47928,0,202608182006,4-1-6-3-2,0,0,45.9952,0,5-4-1;5-4-6;5-4-3;5-1-4;5-1-6;5-1-3,0,0,1
1-5-6,0,0,2026-08-18,B,5,0,-0.084,0.479,0,逃げ,5頭展開,1610,0.38211,0,202608182010,1-6-4-3-2,0,0,38.1266,0,5-1-6;5-1-4;5-1-3;5-6-1;5-6-4;5-6-3,0,0,1
1-4-5,1,0,2026-08-18,A,5,0,1.1933,0.7983,600,逃げ,5頭展開,1170,0.65223,1,202608182011,1-3-4-2-6,0,0,66.4159,0,5-1-3;5-1-4;5-1-2;5-3-1;5-3-4;5-3-2,0,0,1
4-2-5,1,0,2026-08-19,A,3,0,1.3433,0.8358,600,差し,3まくり,40070,0.65033,1,202608190509,1-4-2-5-6,0,0,66.3267,0,3-1-4;3-1-2;3-1-5;3-4-1;3-4-2;3-4-5,-0.5,-0.05,4
1-6-5,1,0,2026-08-19,A,3,0,0.9313,0.7328,600,逃げ,3まくり,2000,0.571,1,202608190909,6-1-5-4-2,0,0,57.8213,0,3-6-1;3-6-5;3-6-4;3-1-6;3-1-5;3-1-4,0,-0.21,1
1-2-5,0,0,2026-08-19,B,3,0,1.2532,0.8133,0,逃げ,3まくり,1220,0.52633,0,202608191008,1-5-6-4-2,0,0,53.6766,0,3-1-5;3-1-6;3-1-4;3-5-1;3-5-6;3-5-4,0,-0.21,1
1-3-6,1,0,2026-08-19,A,3,0,1.6695,0.9174,600,逃げ,3まくり,480,0.653,1,202608191105,6-1-2-5-4,0,0,66.7595,0,3-6-1;3-6-2;3-6-5;3-1-6;3-1-2;3-1-5,0,-0.21,1
3-6-1,1,1,2026-08-19,S,3,1,1.824,0.956,600,まくり,3まくり,3380,0.668,1,202608191302,5-6-1-2-4,3380,1,68.724,1,3-5-6;3-5-1;3-5-2;3-6-5;3-6-1;3-6-2,0.5,0.1,3
3-4-5,0,0,2026-08-19,B,3,1,-0.6137,0.3466,0,差し,3まくり,1980,0.43433,0,202608191503,4-5-6-2-1,0,0,42.6096,1,3-4-5;3-4-6;3-4-2;3-5-4;3-5-6;3-5-2,0,-0.21,3
3-1-6,0,0,2026-08-19,B,3,1,-1.8927,0.0268,0,まくり,3まくり,870,0.242,0,202608191805,6-1-4-2-5,0,1,22.2573,1,3-6-1;3-6-4;3-6-2;3-1-6;3-1-4;3-1-2,-0.5,-0.05,3
1-3-5,1,0,2026-08-19,A,3,0,1.1931,0.7983,600,逃げ,3まくり,810,0.62967,1,202608192007,1-5-6-4-2,0,0,63.9498,0,3-1-5;3-1-6;3-1-4;3-5-1;3-5-6;3-5-4,0,-0.21,1
4-5-2,0,0,2026-08-19,B,4,1,1.7087,0.9272,0,恵まれ,4カドまくり,700,0.363,0,202608191004,1-5-3-2-6,0,0,37.9687,1,4-1-5;4-1-3;4-1-2;4-5-1;4-5-3;4-5-2,0,-0.04,4
1-2-4,1,0,2026-08-19,A,4,0,-1.1435,0.2141,600,逃げ,4カドまくり,910,0.611,0,202608191007,1-5-2-6-3,0,0,58.7665,0,4-1-5;4-1-2;4-1-6;4-5-1;4-5-2;4-5-6,-0.5,-1.19,1
4-2-1,0,0,2026-08-19,B,4,1,-1.3043,0.1739,0,まくり,4カドまくり,7200,0.137,0,202608191103,1-6-2-3-5,0,1,15.3957,0,4-1-6;4-1-2;4-1-3;4-6-1;4-6-2;4-6-3,0.5,3.0,4
1-5-4,0,0,2026-08-19,B,4,0,-1.1565,0.2109,0,逃げ,4カドまくり,2740,0.539,0,202608191104,5-2-1-6-3,0,0,52.7035,0,4-5-2;4-5-1;4-5-6;4-2-5;4-2-1;4-2-6,0,-0.04,1
1-4-3,1,1,2026-08-19,S,4,0,1.9391,0.9848,600,逃げ,4カドまくり,2100,0.734,0,202608191306,1-5-6-2-3,0,0,75.2991,0,4-1-5;4-1-6;4-1-2;4-5-1;4-5-6;4-5-2,0,-0.04,1
1-3-4,0,0,2026-08-19,B,4,0,0.4565,0.6141,0,逃げ,4カドまくり,2490,0.536,0,202608191311,2-1-3-5-6,0,0,54.0165,0,4-2-1;4-2-3;4-2-5;4-1-2;4-1-3;4-1-5,0,-0.04,1
1-2-6,0,0,2026-08-19,B,4,0,0.0435,0.5109,0,逃げ,4カドまくり,6990,0.447,0,202608191901,1-2-5-3-6,0,0,44.7035,0,4-1-2;4-1-5;4-1-3;4-2-1;4-2-5;4-2-3,0,-0.04,1
4-5-6,0,0,2026-08-19,B,5,0,1.0083,0.7521,0,まくり,5頭展開,2890,0.49692,0,202608190505,6-1-4-3-2,0,0,50.7003,0,5-6-1;5-6-4;5-6-3;5-1-6;5-1-4;5-1-3,0,0,4
1-2-4,1,0,2026-08-19,A,5,0,-0.7107,0.3223,600,逃げ,5頭展開,680,0.58139,1,202608190906,1-4-2-6-3,0,0,57.4279,0,5-1-4;5-1-2;5-1-6;5-4-1;5-4-2;5-4-6,0,0,1
4-5-2,0,0,2026-08-19,B,5,0,0.6777,0.6694,0,恵まれ,5頭展開,700,0.52443,0,202608191004,1-4-3-2-6,0,0,53.1204,0,5-1-4;5-1-3;5-1-2;5-4-1;5-4-3;5-4-2,2.0,0,4
1-5-4,0,0,2026-08-19,B,5,0,-1.3554,0.1612,0,逃げ,5頭展開,2740,0.53653,0,202608191104,4-2-1-6-3,0,0,52.298,0,5-4-2;5-4-1;5-4-6;5-2-4;5-2-1;5-2-6,-0.5,0,1
1-4-3,0,0,2026-08-19,B,5,0,-1.3884,0.1529,0,逃げ,5頭展開,18160,0.55508,0,202608191502,2-4-6-3-1,0,0,54.1196,0,5-2-4;5-2-6;5-2-3;5-4-2;5-4-6;5-4-3,0,0,1
5-1-4,1,1,2026-08-19,S,5,1,1.7851,0.9463,600,抜き,5頭展開,3300,0.7637,1,202608191802,1-4-3-2-6,3300,1,78.1551,1,5-1-4;5-1-3;5-1-2;5-4-1;5-4-3;5-4-2,0,0,5
1-2-4,0,0,2026-08-19,B,5,0,-0.0992,0.4752,0,逃げ,5頭展開,710,0.4694,0,202608191905,1-4-6-2-3,0,0,46.8408,0,5-1-4;5-1-6;5-1-2;5-4-1;5-4-6;5-4-2,0,0,1
3-4-5,0,0,2026-08-19,B,5,0,1.4215,0.8554,0,まくり,5頭展開,4860,0.45795,0,202608192003,6-3-4-1-2,0,0,47.2162,0,5-6-3;5-6-4;5-6-1;5-3-6;5-3-4;5-3-1,-0.5,0,3
1-3-5,1,1,2026-08-20,S,3,0,-1.2298,0.1926,600,逃げ,3まくり,450,0.753,1,202608201105,1-4-6-2-5,0,0,74.0202,0,3-1-4;3-1-6;3-1-2;3-4-1;3-4-6;3-4-2,-0.5,-0.05,1
3-5-2,1,1,2026-08-20,S,3,1,1.9481,0.987,600,まくり差し,3まくり差し,1610,0.683,1,202608201301,2-5-6-4-1,1610,1,70.1981,1,3-2-5;3-2-6;3-2-4;3-5-2;3-5-6;3-5-4,0,-0.05,3
3-4-2,0,0,2026-08-20,B,3,1,-0.6809,0.3298,0,まくり,3まくり,6850,0.54967,0,202608201608,6-4-1-2-5,0,1,54.2358,1,3-6-4;3-6-1;3-6-2;3-4-6;3-4-1;3-4-2,-0.5,-0.05,3
3-2-4,1,0,2026-08-20,A,3,1,-0.8681,0.283,600,差し,3まくり,13640,0.58233,1,202608201609,1-4-6-5-2,0,0,57.3152,0,3-1-4;3-1-6;3-1-5;3-4-1;3-4-6;3-4-5,-0.5,-0.05,3
1-3-6,0,0,2026-08-20,B,3,0,-1.7064,0.0734,0,逃げ,3まくり,1290,0.28233,0,202608201902,6-5-1-2-4,0,0,26.317,0,3-6-5;3-6-1;3-6-2;3-5-6;3-5-1;3-5-2,0,-0.21,1
3-1-6,0,0,2026-08-20,B,3,1,0.2894,0.5723,0,逃げ,3まくり,1540,0.49367,0,202608202307,1-6-2-4-5,0,0,49.606,1,3-1-6;3-1-2;3-1-4;3-6-1;3-6-2;3-6-4,-0.5,-0.05,3
3-4-6,1,0,2026-08-20,A,3,1,-1.3524,0.1619,600,差し,3まくり差し,350,0.573,1,202608202402,6-4-5-2-1,350,0,55.8976,1,3-6-4;3-6-5;3-6-2;3-4-6;3-4-5;3-4-2,0,-0.05,3
4-1-5,1,0,2026-08-20,A,4,1,0.0453,0.5113,600,まくり,4カドまくり,1820,0.617,0,202608200408,1-5-2-6-3,1820,1,60.5553,1,4-1-5;4-1-2;4-1-6;4-5-1;4-5-2;4-5-6,-0.5,-1.19,4
1-3-4,0,0,2026-08-20,B,4,0,-0.8263,0.2934,0,逃げ,4カドまくり,1050,0.289,0,202608201106,1-3-5-2-6,0,0,26.8837,0,4-1-3;4-1-5;4-1-2;4-3-1;4-3-5;4-3-2,-0.5,-1.19,1
1-4-2,0,0,2026-08-20,B,4,0,1.3614,0.8403,0,逃げ,4カドまくり,420,0.348,0,202608201307,1-6-2-5-3,0,0,36.1214,0,4-1-6;4-1-2;4-1-5;4-6-1;4-6-2;4-6-5,0,-0.04,1
5-1-2,1,0,2026-08-20,A,4,0,1.8188,0.9547,600,まくり,4カドまくり,5360,0.629,0,202608201604,1-2-5-3-6,0,0,64.6788,0,4-1-2;4-1-5;4-1-3;4-2-1;4-2-5;4-2-3,0,-0.04,5
2-1-4,1,1,2026-08-20,S,4,0,1.8921,0.973,600,差し,4カドまくり,1740,0.965,0,202608202005,2-1-3-5-6,0,0,98.3521,0,4-2-1;4-2-3;4-2-5;4-1-2;4-1-3;4-1-5,0,-0.04,2
5-6-2,1,0,2026-08-20,A,4,0,0.0453,0.5113,600,まくり,4カドまくり,95740,0.655,0,202608202311,1-2-6-3-5,0,0,65.5053,0,4-1-2;4-1-6;4-1-3;4-2-1;4-2-6;4-2-3,0,-0.04,5
2-1-3,0,0,2026-08-20,B,5,0,-1.2,0.2,0,差し,5頭展開,5260,0.48307,0,202608200912,1-3-2-4-6,0,0,47.1067,0,5-1-3;5-1-2;5-1-4;5-3-1;5-3-2;5-3-4,0,0,2
3-5-1,1,0,2026-08-20,A,5,0,-0.048,0.488,600,まくり,5頭展開,106480,0.57725,1,202608201110,1-4-2-6-3,0,0,57.6773,0,5-1-4;5-1-2;5-1-6;5-4-1;5-4-2;5-4-6,0,0,3
4-6-5,0,0,2026-08-20,B,5,0,0.336,0.584,0,まくり,5頭展開,5220,0.4181,0,202608201305,2-4-6-3-1,0,0,42.146,0,5-2-4;5-2-6;5-2-3;5-4-2;5-4-6;5-4-3,0,0,4
1-2-4,0,0,2026-08-20,B,5,0,1.056,0.764,0,逃げ,5頭展開,650,0.40608,0,202608201612,4-1-3-2-6,0,0,41.664,0,5-4-1;5-4-3;5-4-2;5-1-4;5-1-3;5-1-2,-0.5,0,1
1-2-5,1,0,2026-08-20,A,5,0,1.12,0.78,600,逃げ,5頭展開,630,0.64782,1,202608201803,1-4-2-3-6,0,0,65.902,0,5-1-4;5-1-2;5-1-3;5-4-1;5-4-2;5-4-3,0,0,1
1-2-4,1,0,2026-08-20,A,5,0,-1.568,0.108,600,逃げ,5頭展開,1180,0.62363,1,202608201906,2-6-4-1-3,0,0,60.7947,0,5-2-6;5-2-4;5-2-1;5-6-2;5-6-4;5-6-1,0.5,0,1
1-2-3,0,0,2026-08-20,B,5,0,1.392,0.848,0,逃げ,5頭展開,3130,0.36227,0,202608202012,1-6-4-3-2,0,0,37.6187,0,5-1-6;5-1-4;5-1-3;5-6-1;5-6-4;5-6-3,0,0,1
3-4-5,1,0,2026-08-21,A,3,1,0.296,0.574,600,まくり,3まくり,1180,0.62767,1,202608210605,4-5-1-6-2,1180,1,62.8526,1,3-4-5;3-4-1;3-4-6;3-5-4;3-5-1;3-5-6,0,-0.21,3
1-3-4,0,0,2026-08-21,B,3,0,0.296,0.574,0,逃げ,3まくり,430,0.36167,0,202608210707,1-4-5-2-6,0,0,36.2526,0,3-1-4;3-1-5;3-1-2;3-4-1;3-4-5;3-4-2,0,-0.21,1
3-1-2,1,1,2026-08-21,S,3,1,1.0909,0.7727,600,まくり差し,3まくり,2150,0.697,1,202608211301,6-1-4-5-2,0,0,70.7409,0,3-6-1;3-6-4;3-6-5;3-1-6;3-1-4;3-1-5,-0.5,-0.05,3
1-4-3,1,1,2026-08-21,S,3,0,-1.3108,0.1723,600,逃げ,3まくり,2440,0.70767,1,202608212303,1-4-5-2-6,0,0,69.2459,0,3-1-4;3-1-5;3-1-2;3-4-1;3-4-5;3-4-2,0,-0.21,1
3-1-4,1,1,2026-08-21,S,3,1,1.2262,0.8066,600,まくり,3まくり,1630,0.819,1,202608212310,1-4-5-2-6,1630,1,83.0762,1,3-1-4;3-1-5;3-1-2;3-4-1;3-4-5;3-4-2,-0.5,-0.05,3
3-4-2,0,0,2026-08-21,B,3,1,0.4546,0.6137,0,差し,3まくり差し,1700,0.319,0,202608212409,6-2-4-5-1,0,0,32.3046,0,3-6-2;3-6-4;3-6-5;3-2-6;3-2-4;3-2-5,0,-0.05,3
6-3-4,0,0,2026-08-21,B,4,0,-1.2626,0.1844,0,まくり,4カドまくり,11990,0.509,0,202608210205,1-2-6-3-5,0,0,49.5974,0,4-1-2;4-1-6;4-1-3;4-2-1;4-2-6;4-2-3,0,-0.04,6
5-2-4,0,0,2026-08-21,B,4,0,0.045,0.5113,0,まくり差し,4カドまくり,25850,0.439,0,202608210608,1-2-5-6-3,0,0,43.905,0,4-1-2;4-1-5;4-1-6;4-2-1;4-2-5;4-2-6,0,-0.04,5
4-6-1,1,1,2026-08-21,S,4,1,0.045,0.5113,600,まくり,4カドまくり,1770,0.811,0,202608210706,1-6-3-2-5,1770,1,84.145,1,4-1-6;4-1-3;4-1-2;4-6-1;4-6-3;4-6-2,0.5,3.0,4
1-2-5,0,0,2026-08-21,B,4,0,-1.3398,0.1651,0,逃げ,4カドまくり,13840,0.325,0,202608211601,3-6-2-5-1,0,0,29.9702,0,4-3-6;4-3-2;4-3-5;4-6-3;4-6-2;4-6-5,-0.5,-1.19,1
3-6-5,1,1,2026-08-21,S,4,0,1.1554,0.7889,600,まくり,4カドまくり,14490,0.697,0,202608212106,6-5-2-1-3,0,0,70.8154,0,4-6-5;4-6-2;4-6-1;4-5-6;4-5-2;4-5-1,0,-0.04,3
1-6-2,0,0,2026-08-21,B,5,0,-1.7354,0.0661,0,逃げ,5頭展開,1890,0.53531,0,202608210211,6-1-2-3-4,0,0,51.7953,0,5-6-1;5-6-2;5-6-3;5-1-6;5-1-2;5-1-3,0,0,1
5-3-1,0,0,2026-08-21,B,5,1,-0.8482,0.2879,0,まくり差し,5頭展開,17490,0.54006,0,202608210310,1-4-3-2-6,0,1,53.1578,0,5-1-4;5-1-3;5-1-2;5-4-1;5-4-3;5-4-2,1.5,0,5
4-3-5,1,0,2026-08-21,A,5,0,-1.7198,0.07,600,まくり,5頭展開,70070,0.57774,1,202608211311,1-4-2-6-3,0,0,56.0542,0,5-1-4;5-1-2;5-1-6;5-4-1;5-4-2;5-4-6,-0.5,0,4
3-6-5,1,1,2026-08-21,S,5,0,0.4747,0.6187,600,まくり,5頭展開,14490,0.71304,1,202608212106,6-4-2-1-3,0,0,71.7787,0,5-6-4;5-6-2;5-6-1;5-4-6;5-4-2;5-4-1,0,0,3
5-2-4,1,1,2026-08-21,S,5,1,0.3502,0.5875,600,まくり,5頭展開,7440,0.75827,1,202608212308,1-4-3-2-6,0,1,76.1769,0,5-1-4;5-1-3;5-1-2;5-4-1;5-4-3;5-4-2,0,0,5
3-2-6,0,0,2026-08-22,B,3,1,1.0242,0.756,0,まくり,3まくり,15490,0.34967,0,202608220406,4-5-2-1-6,0,1,36.0909,0,3-4-5;3-4-2;3-4-1;3-5-4;3-5-2;3-5-1,0.5,0.1,3
1-5-3,1,0,2026-08-22,A,3,0,1.9327,0.9832,600,逃げ,3まくり,10150,0.59633,1,202608220407,5-6-1-2-4,0,0,61.356,0,3-5-6;3-5-1;3-5-2;3-6-5;3-6-1;3-6-2,0,-0.21,1
3-2-5,1,1,2026-08-22,S,3,1,0.2965,0.5741,600,差し,3まくり,5190,0.67367,1,202608222202,4-5-6-1-2,0,0,67.4532,0,3-4-5;3-4-6;3-4-1;3-5-4;3-5-6;3-5-1,0,-0.21,3
1-3-6,1,1,2026-08-22,S,3,0,1.714,0.9285,600,逃げ,3まくり,620,0.84033,1,202608222406,6-1-5-2-4,0,0,85.5373,0,3-6-1;3-6-5;3-6-2;3-1-6;3-1-5;3-1-2,0,-0.21,1
1-2-6,0,0,2026-08-22,B,4,0,-1.3092,0.1727,0,逃げ,4カドまくり,10010,0.434,0,202608220306,5-6-1-2-3,0,0,43.6808,0,4-5-6;4-5-1;4-5-2;4-6-5;4-6-1;4-6-2,1.0,1.59,1
1-6-2,1,0,2026-08-22,A,4,0,0.2857,0.5714,600,逃げ,4カドまくり,1580,0.614,0,202608220309,6-1-5-3-2,0,0,64.6857,0,4-6-1;4-6-5;4-6-3;4-1-6;4-1-5;4-1-3,0.5,3.0,1
1-2-6,0,0,2026-08-22,B,4,0,-1.5565,0.1109,0,抜き,4カドまくり,1510,0.562,0,202608220312,1-2-6-3-5,0,0,54.6035,0,4-1-2;4-1-6;4-1-3;4-2-1;4-2-6;4-2-3,0,-0.04,1
1-6-4,1,1,2026-08-22,S,4,0,-1.0746,0.2313,600,逃げ,4カドまくり,1740,0.845,0,202608220404,6-1-5-3-2,0,0,82.2354,0,4-6-1;4-6-5;4-6-3;4-1-6;4-1-5;4-1-3,-0.5,-1.19,1
5-3-6,1,1,2026-08-22,S,4,0,1.339,0.8348,600,まくり差し,4カドまくり,121970,0.661,0,202608220711,2-1-3-6-5,0,0,67.399,0,4-2-1;4-2-3;4-2-6;4-1-2;4-1-3;4-1-6,0,-0.04,5
1-3-4,1,0,2026-08-22,A,4,0,0.0512,0.5128,600,逃げ,4カドまくり,15250,0.61,0,202608220807,5-2-1-6-3,0,0,59.8612,0,4-5-2;4-5-1;4-5-6;4-2-5;4-2-1;4-2-6,-0.5,-1.19,1
5-4-1,1,1,2026-08-22,S,4,0,1.0789,0.7697,600,まくり差し,4カドまくり,6750,0.731,0,202608222102,1-6-5-3-2,0,0,74.1389,0,4-1-6;4-1-5;4-1-3;4-6-1;4-6-5;4-6-3,0,-0.04,5
4-1-2,1,0,2026-08-22,A,4,1,0.1151,0.5288,600,まくり差し,4カドまくり,1760,0.603,0,202608222306,5-2-1-3-6,0,0,60.3751,0,4-5-2;4-5-1;4-5-3;4-2-5;4-2-1;4-2-3,0,-0.04,4
4-5-6,1,0,2026-08-22,A,5,0,-1.3893,0.1527,600,まくり,5頭展開,7830,0.56633,1,202608220205,4-1-6-3-2,0,0,55.244,0,5-4-1;5-4-6;5-4-3;5-1-4;5-1-6;5-1-3,0,0,4
4-5-6,1,1,2026-08-22,S,5,0,1.6489,0.9122,600,差し,5頭展開,930,0.65759,1,202608220206,4-6-3-2-1,0,0,67.4075,0,5-4-6;5-4-3;5-4-2;5-6-4;5-6-3;5-6-2,0,0,4
5-2-1,1,0,2026-08-22,A,5,1,1.7405,0.9351,600,まくり,5頭展開,2950,0.58619,1,202608220401,2-1-6-4-3,2950,1,60.3591,1,5-2-1;5-2-6;5-2-4;5-1-2;5-1-6;5-1-4,0,0,5
1-3-4,0,0,2026-08-22,B,5,0,-1.1603,0.2099,0,逃げ,5頭展開,15250,0.46874,0,202608220807,4-2-1-6-3,0,0,45.7137,0,5-4-2;5-4-1;5-4-6;5-2-4;5-2-1;5-2-6,-0.5,0,1
1-4-3,0,0,2026-08-22,B,5,0,0.2901,0.5725,0,逃げ,5頭展開,1610,0.33628,0,202608221605,1-4-3-6-2,0,0,33.9181,0,5-1-4;5-1-3;5-1-6;5-4-1;5-4-3;5-4-6,-0.5,0,1
1-3-4,0,0,2026-08-22,B,5,0,-0.1069,0.4733,0,逃げ,5頭展開,1220,0.44703,0,202608222012,1-4-3-2-6,0,0,44.5958,0,5-1-4;5-1-3;5-1-2;5-4-1;5-4-3;5-4-2,0,0,1
4-6-1,1,0,2026-08-22,A,5,0,-0.1069,0.4733,600,まくり,5頭展開,8170,0.55984,1,202608222212,6-4-2-1-3,0,0,55.8771,0,5-6-4;5-6-2;5-6-1;5-4-6;5-4-2;5-4-1,0,0,4
4-1-2,1,0,2026-08-22,A,5,0,-1.1603,0.2099,600,まくり差し,5頭展開,1760,0.62199,1,202608222306,4-2-1-3-6,0,0,61.0384,0,5-4-2;5-4-1;5-4-3;5-2-4;5-2-1;5-2-3,0,0,4
3-1-5,1,1,2026-08-23,S,3,1,0.7853,0.6963,600,まくり差し,3まくり,1780,0.724,1,202608230303,5-1-6-2-4,1780,0,73.2853,1,3-5-1;3-5-6;3-5-2;3-1-5;3-1-6;3-1-2,0.5,0.1,3
4-1-6,0,0,2026-08-23,B,3,0,-1.866,0.0335,0,まくり,3まくり,4660,0.24967,0,202608231610,1-4-6-5-2,0,0,23.0507,0,3-1-4;3-1-6;3-1-5;3-4-1;3-4-6;3-4-5,-0.5,-0.05,4
3-4-1,1,0,2026-08-23,A,3,1,0.2911,0.5728,600,まくり,3まくり,8530,0.573,1,202608231811,1-6-4-2-5,0,1,57.3811,0,3-1-6;3-1-4;3-1-2;3-6-1;3-6-4;3-6-2,0,-0.21,3
3-1-2,1,1,2026-08-23,S,3,1,1.3382,0.8346,600,まくり,3まくり,2360,0.751,1,202608232101,1-4-5-2-6,2360,1,76.2282,1,3-1-4;3-1-5;3-1-2;3-4-1;3-4-5;3-4-2,0,-0.21,3
3-1-6,0,0,2026-08-23,B,3,1,-0.8817,0.2796,0,差し,3まくり,4750,0.52833,0,202608232112,1-4-6-5-2,0,0,51.9017,1,3-1-4;3-1-6;3-1-5;3-4-1;3-4-6;3-4-5,-0.5,-0.05,3
1-3-4,1,0,2026-08-23,A,3,0,1.6482,0.912,600,逃げ,3まくり,1780,0.60633,1,202608232207,6-4-1-2-5,0,0,62.0715,0,3-6-4;3-6-1;3-6-2;3-4-6;3-4-1;3-4-2,0,-0.21,1
2-5-4,1,0,2026-08-23,A,4,0,1.5137,0.8784,600,差し,4カドまくり,2990,0.605,0,202608230405,2-1-6-5-3,0,0,61.9737,0,4-2-1;4-2-6;4-2-5;4-1-2;4-1-6;4-1-5,0,-0.04,2
4-3-1,0,0,2026-08-23,B,4,1,1.463,0.8658,0,抜き,4カドまくり,16970,0.415,0,202608230604,1-2-6-5-3,0,0,41.773,0,4-1-2;4-1-6;4-1-5;4-2-1;4-2-6;4-2-5,-0.5,-1.19,4
1-2-3,1,0,2026-08-23,A,4,0,0.6512,0.6628,600,逃げ,4カドまくり,770,0.577,0,202608232403,2-5-1-3-6,0,0,58.3112,0,4-2-5;4-2-1;4-2-3;4-5-2;4-5-1;4-5-3,0,-0.04,1
4-5-3,0,0,2026-08-23,B,4,1,0.0846,0.5211,0,差し,4カドまくり,16650,0.22,0,202608232408,1-6-5-3-2,0,0,22.0446,0,4-1-6;4-1-5;4-1-3;4-6-1;4-6-5;4-6-3,0,-0.04,4
3-5-4,0,0,2026-08-23,B,5,0,-0.0889,0.4778,0,差し,5頭展開,109410,0.34322,0,202608231804,2-1-3-4-6,0,0,34.2331,0,5-2-1;5-2-3;5-2-4;5-1-2;5-1-3;5-1-4,0,0,3
1-2-5,1,0,2026-08-23,A,5,0,-1.4074,0.1481,600,逃げ,5頭展開,1140,0.63455,1,202608231911,1-4-2-6-3,0,0,62.0473,0,5-1-4;5-1-2;5-1-6;5-4-1;5-4-2;5-4-6,0.5,0,1
1-2-3,0,0,2026-08-24,B,3,0,0.4516,0.6129,0,逃げ,3まくり,720,0.39367,0,202608240711,1-4-2-6-5,0,0,39.6083,0,3-1-4;3-1-2;3-1-6;3-4-1;3-4-2;3-4-6,0,-0.21,1
1-4-3,0,0,2026-08-24,B,3,0,0.2893,0.5723,0,逃げ,3まくり,810,0.425,0,202608241504,4-1-2-5-6,0,0,42.5793,0,3-4-1;3-4-2;3-4-5;3-1-4;3-1-2;3-1-5,0,-0.21,1
3-2-6,1,1,2026-08-24,S,3,1,-0.7888,0.3028,600,まくり,3まくり,7410,0.797,1,202608241803,6-1-5-2-4,0,1,78.8612,0,3-6-1;3-6-5;3-6-2;3-1-6;3-1-5;3-1-2,-0.5,-0.05,3
3-1-2,1,1,2026-08-24,S,3,1,-0.7971,0.3007,600,抜き,3まくり,3590,0.697,1,202608241810,6-5-1-2-4,0,0,68.6929,0,3-6-5;3-6-1;3-6-2;3-5-6;3-5-1;3-5-2,0,-0.21,3
1-5-3,0,0,2026-08-24,B,3,0,-1.4547,0.1363,0,逃げ,3まくり,3010,0.305,0,202608242111,1-4-5-6-2,0,0,28.8353,0,3-1-4;3-1-5;3-1-6;3-4-1;3-4-5;3-4-6,0,-0.21,1
4-5-6,1,1,2026-08-24,S,4,1,0.9389,0.7347,600,まくり,4カドまくり,1270,0.763,0,202608240706,6-2-1-3-5,0,1,77.1989,0,4-6-2;4-6-1;4-6-3;4-2-6;4-2-1;4-2-3,0,-0.04,4
1-4-5,0,0,2026-08-24,B,4,0,0.0421,0.5105,0,逃げ,4カドまくり,2940,0.315,0,202608241311,1-2-5-3-6,0,0,34.5421,0,4-1-2;4-1-5;4-1-3;4-2-1;4-2-5;4-2-3,0.5,3.0,1
4-6-5,1,1,2026-08-24,S,4,1,0.6695,0.6674,600,まくり,4カドまくり,5290,0.805,0,202608241808,2-5-6-1-3,0,1,81.1295,0,4-2-5;4-2-6;4-2-1;4-5-2;4-5-6;4-5-1,0,-0.04,4
1-6-4,0,0,2026-08-24,B,4,0,1.4105,0.8526,0,逃げ,4カドまくり,10750,0.469,0,202608242007,1-6-3-5-2,0,0,48.2705,0,4-1-6;4-1-3;4-1-5;4-6-1;4-6-3;4-6-5,0,-0.04,1
6-4-2,1,1,2026-08-24,S,4,0,1.0821,0.7705,600,まくり差し,4カドまくり,6600,0.687,0,202608242009,6-1-2-5-3,0,0,69.7421,0,4-6-1;4-6-2;4-6-5;4-1-6;4-1-2;4-1-5,0,-0.04,6
1-3-5,0,0,2026-08-24,B,5,0,-1.75,0.0625,0,逃げ,5頭展開,5600,0.24877,0,202608240712,4-1-3-2-6,0,0,23.1273,0,5-4-1;5-4-3;5-4-2;5-1-4;5-1-3;5-1-2,0,0,1
2-1-3,0,0,2026-08-24,B,5,0,-0.0735,0.4816,0,差し,5頭展開,6820,0.48695,0,202608241001,1-2-6-3-4,0,0,48.6211,0,5-1-2;5-1-6;5-1-3;5-2-1;5-2-6;5-2-3,-0.5,0,2
1-4-5,0,0,2026-08-24,B,5,0,-0.0735,0.4816,0,逃げ,5頭展開,2940,0.2927,0,202608241311,1-2-4-3-6,0,0,29.1965,0,5-1-2;5-1-4;5-1-3;5-2-1;5-2-4;5-2-3,2.0,0,1
4-1-6,0,0,2026-08-24,B,5,0,0.25,0.5625,0,まくり差し,5頭展開,4930,0.40393,0,202608241502,6-4-1-3-2,0,0,40.6433,0,5-6-4;5-6-1;5-6-3;5-4-6;5-4-1;5-4-3,0,0,4
1-2-4,1,0,2026-08-24,A,5,0,-0.0735,0.4816,600,逃げ,5頭展開,3080,0.64919,1,202608241505,4-6-1-3-2,0,0,64.8451,0,5-4-6;5-4-1;5-4-3;5-6-4;5-6-1;5-6-3,0,0,1
4-1-5,1,1,2026-08-24,S,5,0,1.4559,0.864,600,まくり,5頭展開,1590,0.68702,1,202608241806,4-1-6-3-2,0,0,70.1579,0,5-4-1;5-4-6;5-4-3;5-1-4;5-1-6;5-1-3,0,0,4
3-2-5,1,0,2026-08-24,A,5,0,0.6471,0.6618,600,まくり,5頭展開,17080,0.66003,1,202608241911,2-1-6-3-4,0,0,66.6497,0,5-2-1;5-2-6;5-2-3;5-1-2;5-1-6;5-1-3,0,0,3
6-4-2,1,0,2026-08-24,A,5,0,-1.9853,0.0037,600,まくり差し,5頭展開,6600,0.57729,1,202608242009,6-4-1-2-3,0,0,55.744,0,5-6-4;5-6-1;5-6-2;5-4-6;5-4-1;5-4-2,0,0,6
1-3-5,0,0,2026-08-24,B,5,0,1.7647,0.9412,0,逃げ,5頭展開,1520,0.51836,0,202608242109,6-4-1-3-2,0,0,53.6007,0,5-6-4;5-6-1;5-6-3;5-4-6;5-4-1;5-4-3,0,0,1
1-6-5,0,0,2026-08-24,B,5,0,-0.9118,0.2721,0,逃げ,5頭展開,6260,0.35272,0,202608242205,6-4-3-1-2,0,0,34.3602,0,5-6-4;5-6-3;5-6-1;5-4-6;5-4-3;5-4-1,0,0,1
4-3-5,0,0,2026-08-25,B,3,0,-1.1511,0.2122,0,まくり,3まくり,2610,0.52967,0,202608251009,4-1-5-6-2,0,0,51.7655,0,3-4-1;3-4-5;3-4-6;3-1-4;3-1-5;3-1-6,-0.5,-0.05,4
3-1-4,0,0,2026-08-25,B,3,1,-1.6273,0.0932,0,まくり差し,3まくり,1140,0.488,0,202608251301,4-1-2-5-6,0,0,47.1227,1,3-4-1;3-4-2;3-4-5;3-1-4;3-1-2;3-1-5,-0.5,-0.05,3
6-2-1,0,0,2026-08-25,B,3,0,0.4224,0.6056,0,差し,3まくり,18670,0.511,0,202608251304,4-2-5-1-6,0,0,51.3124,0,3-4-2;3-4-5;3-4-1;3-2-4;3-2-5;3-2-1,0,-0.21,6
4-3-5,0,0,2026-08-25,B,3,0,-1.3954,0.1511,0,まくり差し,3まくり,8910,0.444,0,202608251810,4-1-6-5-2,0,0,42.7946,0,3-4-1;3-4-6;3-4-5;3-1-4;3-1-6;3-1-5,0,-0.21,4
1-2-4,1,0,2026-08-25,A,4,0,0.1068,0.5267,600,逃げ,4カドまくり,630,0.569,0,202608251305,2-1-5-3-6,0,0,56.9668,0,4-2-1;4-2-5;4-2-3;4-1-2;4-1-5;4-1-3,0,-0.04,1
3-1-5,1,1,2026-08-25,S,4,0,1.3508,0.8377,600,まくり,4カドまくり,49910,0.809,0,202608251306,5-2-1-6-3,0,0,81.0608,0,4-5-2;4-5-1;4-5-6;4-2-5;4-2-1;4-2-6,-0.5,-1.19,3
5-1-4,1,1,2026-08-25,S,4,0,0.1696,0.5424,600,まくり差し,4カドまくり,3150,0.783,0,202608251505,5-1-2-6-3,0,0,78.4296,0,4-5-1;4-5-2;4-5-6;4-1-5;4-1-2;4-1-6,0,-0.04,5
1-2-6,0,0,2026-08-25,B,4,0,1.2126,0.8031,0,逃げ,4カドまくり,4450,0.389,0,202608251707,2-5-1-3-6,0,0,40.0726,0,4-2-5;4-2-1;4-2-3;4-5-2;4-5-1;4-5-3,0,-0.04,1
1-4-2,0,0,2026-08-25,B,4,0,0.0356,0.5089,0,逃げ,4カドまくり,1300,0.545,0,202608251708,6-1-5-2-3,0,0,54.4956,0,4-6-1;4-6-5;4-6-2;4-1-6;4-1-5;4-1-2,0,-0.04,1
1-2-3,0,0,2026-08-25,B,4,0,0.3707,0.5927,0,逃げ,4カドまくり,600,0.391,0,202608252005,1-2-5-3-6,0,0,39.4307,0,4-1-2;4-1-5;4-1-3;4-2-1;4-2-5;4-2-3,0,-0.04,1
3-1-5,1,0,2026-08-25,A,5,0,-0.0567,0.4858,600,まくり差し,5頭展開,9820,0.60081,1,202608250107,4-6-2-1-3,0,0,60.0246,0,5-4-6;5-4-2;5-4-1;5-6-4;5-6-2;5-6-1,-0.5,0,3
6-1-2,1,0,2026-08-25,A,5,0,0.1986,0.5496,600,まくり差し,5頭展開,8670,0.62812,1,202608250605,6-4-1-2-3,0,0,63.0106,0,5-6-4;5-6-1;5-6-2;5-4-6;5-4-1;5-4-2,-0.5,0,6
3-1-2,0,0,2026-08-25,B,5,0,-0.7092,0.3227,0,まくり,5頭展開,6610,0.33547,0,202608250903,2-4-3-6-1,0,0,32.8374,0,5-2-4;5-2-3;5-2-6;5-4-2;5-4-3;5-4-6,0,0,3
1-2-5,0,0,2026-08-25,B,5,0,-1.5745,0.1064,0,逃げ,5頭展開,950,0.31838,0,202608251311,1-6-2-4-3,0,0,30.2635,0,5-1-6;5-1-2;5-1-4;5-6-1;5-6-2;5-6-4,0,0,1
5-1-4,1,1,2026-08-25,S,5,1,1.1489,0.7872,600,まくり差し,5頭展開,3150,0.7176,1,202608251505,4-1-2-6-3,3150,1,72.9089,1,5-4-1;5-4-2;5-4-6;5-1-4;5-1-2;5-1-6,0,0,5
1-3-4,0,0,2026-08-25,B,5,0,-0.8227,0.2943,0,逃げ,5頭展開,1410,0.55079,0,202608251511,4-1-2-3-6,0,0,54.256,0,5-4-1;5-4-2;5-4-3;5-1-4;5-1-2;5-1-3,0,0,1
1-3-4,1,0,2026-08-26,A,3,0,1.5629,0.8907,600,逃げ,3まくり,1290,0.65167,1,202608260606,6-4-1-5-2,0,0,66.5196,0,3-6-4;3-6-1;3-6-5;3-4-6;3-4-1;3-4-5,0,-0.21,1
3-4-2,1,1,2026-08-26,S,3,1,0.5803,0.6451,600,抜き,3まくり差し,4720,0.909,1,202608260904,5-6-4-1-2,0,0,91.2503,0,3-5-6;3-5-4;3-5-1;3-6-5;3-6-4;3-6-1,-0.5,-0.23,3
5-4-3,1,0,2026-08-26,A,3,0,0.2969,0.5742,600,まくり差し,3まくり,5740,0.561,1,202608261102,6-5-4-1-2,0,0,56.3469,0,3-6-5;3-6-4;3-6-1;3-5-6;3-5-4;3-5-1,-0.5,-0.05,5
4-5-3,0,0,2026-08-26,B,3,0,-0.5732,0.3567,0,まくり,3まくり,4510,0.32633,0,202608261106,4-1-5-2-6,0,0,31.8501,0,3-4-1;3-4-5;3-4-2;3-1-4;3-1-5;3-1-2,0,-0.21,4
2-1-3,1,1,2026-08-26,S,3,0,2.0,1.0,600,差し,3まくり,7690,0.736,1,202608261301,1-6-4-5-2,0,0,75.39,0,3-1-6;3-1-4;3-1-5;3-6-1;3-6-4;3-6-5,0,-0.21,2
3-2-4,1,1,2026-08-26,S,3,1,-1.3649,0.1588,600,まくり,3まくり,10940,0.724,1,202608261806,6-1-4-2-5,0,1,70.9851,0,3-6-1;3-6-4;3-6-2;3-1-6;3-1-4;3-1-2,-0.5,-0.05,3
1-6-2,0,0,2026-08-26,B,4,0,-1.2092,0.1977,0,逃げ,4カドまくり,2220,0.395,0,202608260902,6-1-2-3-5,0,0,37.1008,0,4-6-1;4-6-2;4-6-3;4-1-6;4-1-2;4-1-3,-0.5,-1.19,1
4-6-3,1,1,2026-08-26,S,4,1,1.871,0.9677,600,まくり,4カドまくり,3890,0.805,0,202608260905,6-2-1-5-3,0,1,81.181,0,4-6-2;4-6-1;4-6-5;4-2-6;4-2-1;4-2-5,-0.5,-1.19,4
4-1-3,0,0,2026-08-26,B,4,1,1.513,0.8783,0,抜き,4カドまくり,19890,0.525,0,202608261010,2-5-6-1-3,0,0,52.823,0,4-2-5;4-2-6;4-2-1;4-5-2;4-5-6;4-5-1,-0.5,-1.19,4
1-5-4,0,0,2026-08-26,B,4,0,0.0271,0.5068,0,逃げ,4カドまくり,620,0.493,0,202608261403,5-1-2-6-3,0,0,49.2871,0,4-5-1;4-5-2;4-5-6;4-1-5;4-1-2;4-1-6,0,-0.04,1
1-5-4,1,1,2026-08-26,S,5,0,-0.0417,0.4896,600,逃げ,5頭展開,620,0.70555,1,202608261403,1-2-4-6-3,0,0,70.513,0,5-1-2;5-1-4;5-1-6;5-2-1;5-2-4;5-2-6,0,0,1
1-2-4,0,0,2026-08-26,B,5,0,-1.6806,0.0799,0,逃げ,5頭展開,1330,0.52379,0,202608261512,4-2-1-6-3,0,0,50.6981,0,5-4-2;5-4-1;5-4-6;5-2-4;5-2-1;5-2-6,0,0,1
1-3-5,1,0,2026-08-26,A,5,0,0.4167,0.6042,600,逃げ,5頭展開,2210,0.60074,1,202608261809,1-4-2-3-6,0,0,60.4907,0,5-1-4;5-1-2;5-1-3;5-4-1;5-4-2;5-4-3,0,0,1
1-2-5,1,0,2026-08-27,A,3,0,-0.75,0.3125,600,逃げ,3まくり,3520,0.668,1,202608270809,1-6-4-5-2,0,0,65.84,0,3-1-6;3-1-4;3-1-5;3-6-1;3-6-4;3-6-5,0,-0.21,1
1-3-6,1,1,2026-08-27,S,3,0,1.75,0.9375,600,逃げ,3まくり,790,0.70567,1,202608270909,6-1-5-4-2,0,0,72.2667,0,3-6-1;3-6-5;3-6-4;3-1-6;3-1-5;3-1-4,-0.5,-0.05,1
3-1-6,0,0,2026-08-27,B,3,1,-0.582,0.3545,0,まくり差し,3まくり,600,0.549,0,202608270910,1-6-5-4-2,0,0,54.268,1,3-1-6;3-1-5;3-1-4;3-6-1;3-6-5;3-6-4,-0.5,-0.05,3
1-5-3,0,0,2026-08-27,B,3,0,-0.9344,0.2664,0,逃げ,3まくり,1000,0.42767,0,202608271412,1-5-4-6-2,0,0,41.6222,0,3-1-5;3-1-4;3-1-6;3-5-1;3-5-4;3-5-6,0,-0.21,1
1-6-4,1,0,2026-08-27,A,4,0,0.1347,0.5337,600,逃げ,4カドまくり,2360,0.613,0,202608271505,6-2-1-5-3,0,0,60.2447,0,4-6-2;4-6-1;4-6-5;4-2-6;4-2-1;4-2-5,-0.5,-1.19,1
5-1-4,1,0,2026-08-27,A,4,0,0.3917,0.5979,600,まくり差し,4カドまくり,36810,0.627,0,202608271506,6-1-5-3-2,0,0,61.9017,0,4-6-1;4-6-5;4-6-3;4-1-6;4-1-5;4-1-3,-0.5,-1.19,5
1-4-5,1,0,2026-08-27,A,5,0,-0.0344,0.4914,600,逃げ,5頭展開,1730,0.63215,1,202608270412,1-4-3-6-2,0,0,63.1803,0,5-1-4;5-1-3;5-1-6;5-4-1;5-4-3;5-4-6,0,0,1
4-2-3,0,0,2026-08-27,B,5,0,-1.1478,0.2131,0,まくり,5頭展開,14960,0.47341,0,202608271507,6-4-2-3-1,0,0,46.1936,0,5-6-4;5-6-2;5-6-3;5-4-6;5-4-2;5-4-3,0,0,4
4-6-1,0,0,2026-08-27,B,5,0,-1.7938,0.0515,0,まくり,5頭展開,1960,0.5266,0,202608271704,6-1-4-2-3,0,0,50.8662,0,5-6-1;5-6-4;5-6-2;5-1-6;5-1-4;5-1-2,-0.5,0,4
1-5-4,0,0,2026-08-27,B,5,0,-0.7491,0.3127,0,逃げ,5頭展開,7810,0.44979,0,202608272212,4-2-6-1-3,0,0,44.2295,0,5-4-2;5-4-6;5-4-1;5-2-4;5-2-6;5-2-1,0,0,1
1-4-3,0,0,2026-08-28,B,3,0,0.298,0.5745,0,逃げ,3まくり,1610,0.43833,0,202608280506,4-6-1-5-2,0,0,43.9213,0,3-4-6;3-4-1;3-4-5;3-6-4;3-6-1;3-6-5,0,-0.21,1
3-5-6,0,0,2026-08-28,B,3,1,1.9633,0.9908,0,まくり差し,3まくり,3510,0.483,0,202608280903,6-5-4-1-2,0,0,50.0533,1,3-6-5;3-6-4;3-6-1;3-5-6;3-5-4;3-5-1,0,-0.21,3
3-4-6,0,0,2026-08-28,B,3,1,-0.9061,0.2735,0,まくり,3まくり,7730,0.40567,0,202608281003,1-6-4-2-5,0,1,39.6105,0,3-1-6;3-1-4;3-1-2;3-6-1;3-6-4;3-6-2,-0.5,-0.05,3
1-2-4,0,0,2026-08-28,B,3,0,-0.9224,0.2694,0,逃げ,3まくり,3530,0.46033,0,202608281004,5-1-6-4-2,0,0,45.0609,0,3-5-1;3-5-6;3-5-4;3-1-5;3-1-6;3-1-4,-0.5,-0.05,1
1-6-3,0,0,2026-08-28,B,3,0,1.0531,0.7633,0,逃げ,3まくり,1590,0.459,0,202608281007,1-6-5-2-4,0,0,46.9031,0,3-1-6;3-1-5;3-1-2;3-6-1;3-6-5;3-6-2,-0.5,-0.05,1
1-4-5,0,0,2026-08-28,B,3,0,0.649,0.6622,0,逃げ,3まくり,2600,0.33767,0,202608281103,4-1-5-2-6,0,0,34.2056,0,3-4-1;3-4-5;3-4-2;3-1-4;3-1-5;3-1-2,0,-0.21,1
6-1-3,1,0,2026-08-28,A,3,0,-0.8939,0.2765,600,まくり,3まくり,20530,0.61767,1,202608281111,1-4-6-2-5,0,0,60.6628,0,3-1-4;3-1-6;3-1-2;3-4-1;3-4-6;3-4-2,0,-0.21,6
1-6-3,0,0,2026-08-28,B,3,0,-1.6204,0.0949,0,逃げ,3まくり,5320,0.556,0,202608281302,6-4-1-5-2,0,0,53.7696,0,3-6-4;3-6-1;3-6-5;3-4-6;3-4-1;3-4-5,0,-0.21,1
1-6-5,1,0,2026-08-28,A,3,0,1.3143,0.8286,600,逃げ,3まくり,21290,0.551,1,202608281404,1-6-5-2-4,0,0,56.2043,0,3-1-6;3-1-5;3-1-2;3-6-1;3-6-5;3-6-2,0,-0.21,1
1-2-3,0,0,2026-08-28,B,3,0,-1.6449,0.0888,0,逃げ,3まくり,590,0.295,0,202608281505,1-5-2-6-4,0,0,27.6451,0,3-1-5;3-1-2;3-1-6;3-5-1;3-5-2;3-5-6,0,-0.21,1
1-5-3,1,1,2026-08-28,S,3,0,-1.5061,0.1235,600,逃げ,3まくり,1380,0.80833,1,202608282302,1-5-4-6-2,0,0,79.1172,0,3-1-5;3-1-4;3-1-6;3-5-1;3-5-4;3-5-6,0,-0.21,1
1-2-3,0,0,2026-08-28,B,3,0,0.298,0.5745,0,逃げ,3まくり,840,0.415,0,202608282303,1-2-5-4-6,0,0,41.588,0,3-1-2;3-1-5;3-1-4;3-2-1;3-2-5;3-2-4,0,-0.21,1
1-6-3,0,0,2026-08-28,B,3,0,0.7783,0.6946,0,逃げ,3まくり差し,2900,0.321,0,202608280704,6-4-5-1-2,0,0,32.8283,0,3-6-4;3-6-5;3-6-1;3-4-6;3-4-5;3-4-1,0,-0.05,1
2-1-4,1,1,2026-08-28,S,4,0,0.999,0.7497,600,差し,4カドまくり,1110,0.861,0,202608280401,2-1-6-5-3,0,0,87.059,0,4-2-1;4-2-6;4-2-5;4-1-2;4-1-6;4-1-5,0,-0.04,2
1-4-2,0,0,2026-08-28,B,4,0,0.0228,0.5057,0,逃げ,4カドまくり,1080,0.517,0,202608280509,1-2-6-5-3,0,0,51.6828,0,4-1-2;4-1-6;4-1-5;4-2-1;4-2-6;4-2-5,0,-0.04,1
1-4-5,0,0,2026-08-28,B,4,0,-1.334,0.1665,0,逃げ,4カドまくり,560,0.463,0,202608280708,1-5-2-6-3,0,0,44.926,0,4-1-5;4-1-2;4-1-6;4-5-1;4-5-2;4-5-6,0,-0.04,1
1-5-2,0,0,2026-08-28,B,4,0,-1.6153,0.0962,0,逃げ,4カドまくり,1450,0.305,0,202608280901,1-5-6-2-3,0,0,27.6947,0,4-1-5;4-1-6;4-1-2;4-5-1;4-5-6;4-5-2,-0.5,-1.19,1
2-4-5,1,0,2026-08-28,A,4,0,1.789,0.9473,600,抜き,4カドまくり,1800,0.571,0,202608280912,2-1-5-6-3,0,0,57.699,0,4-2-1;4-2-5;4-2-6;4-1-2;4-1-5;4-1-6,-0.5,-1.19,2
6-1-3,1,1,2026-08-28,S,4,0,1.8097,0.9524,600,まくり差し,4カドまくり,16430,0.749,0,202608281304,1-2-6-5-3,0,0,76.6697,0,4-1-2;4-1-6;4-1-5;4-2-1;4-2-6;4-2-5,0,-0.04,6
1-3-4,0,0,2026-08-28,B,4,0,2.0,1.0,0,逃げ,4カドまくり,1540,0.505,0,202608281306,1-6-3-5-2,0,0,52.46,0,4-1-6;4-1-3;4-1-5;4-6-1;4-6-3;4-6-5,0,-0.04,1
5-6-2,1,0,2026-08-28,A,4,0,0.668,0.667,600,まくり差し,4カドまくり,75240,0.618,0,202608281307,1-5-6-2-3,0,0,62.428,0,4-1-5;4-1-6;4-1-2;4-5-1;4-5-6;4-5-2,0,-0.04,5
1-2-4,1,0,2026-08-28,A,5,0,-0.7525,0.3119,600,逃げ,5頭展開,530,0.58567,1,202608280709,4-1-2-3-6,0,0,57.8141,0,5-4-1;5-4-2;5-4-3;5-1-4;5-1-2;5-1-3,-0.5,0,1
1-2-4,1,0,2026-08-28,A,5,0,1.0644,0.7661,600,逃げ,5頭展開,1380,0.59232,1,202608280711,4-1-6-3-2,0,0,60.2964,0,5-4-1;5-4-6;5-4-3;5-1-4;5-1-6;5-1-3,0,0,1
1-2-5,1,1,2026-08-28,S,5,0,0.3186,0.5797,600,逃げ,5頭展開,810,0.73269,1,202608281001,1-4-2-3-6,0,0,73.588,0,5-1-4;5-1-2;5-1-3;5-4-1;5-4-2;5-4-3,-0.5,0,1
4-5-2,0,0,2026-08-28,B,5,0,1.3085,0.8271,0,差し,5頭展開,10440,0.52996,0,202608281106,1-6-4-2-3,0,0,54.3045,0,5-1-6;5-1-4;5-1-2;5-6-1;5-6-4;5-6-2,0,0,4
5-6-2,1,0,2026-08-28,A,5,1,-0.8746,0.2814,600,まくり差し,5頭展開,75240,0.65534,1,202608281307,1-4-6-2-3,0,1,64.6594,0,5-1-4;5-1-6;5-1-2;5-4-1;5-4-6;5-4-2,-0.5,0,5
1-6-5,0,0,2026-08-28,B,5,0,-1.9864,0.0034,0,逃げ,5頭展開,1340,0.54442,0,202608281309,1-3-4-6-2,0,0,52.4556,0,5-1-3;5-1-4;5-1-6;5-3-1;5-3-4;5-3-6,-0.5,0,1
2-1-5,1,0,2026-08-28,A,5,0,-1.6339,0.0915,600,差し,5頭展開,1280,0.64489,1,202608281406,1-2-4-6-3,0,0,62.8554,0,5-1-2;5-1-4;5-1-6;5-2-1;5-2-4;5-2-6,0,0,2
2-1-4,1,1,2026-08-28,S,5,0,-1.1051,0.2237,600,差し,5頭展開,960,0.69485,1,202608281408,4-2-1-6-3,0,0,68.3802,0,5-4-2;5-4-1;5-4-6;5-2-4;5-2-1;5-2-6,0,0,2
1-3-5,0,0,2026-08-29,B,3,0,0.5565,0.6391,0,逃げ,3まくり,1050,0.43833,0,202608290512,1-4-5-6-2,0,0,44.1798,0,3-1-4;3-1-5;3-1-6;3-4-1;3-4-5;3-4-6,0,-0.21,1
,0,0,2026-08-29,B,3,0,0.5363,0.6341,0,,3まくり,0,0.43833,0,202608291110,6-1-4-2-5,0,0,44.1596,0,3-6-1;3-6-4;3-6-2;3-1-6;3-1-4;3-1-2,0,-0.21,0
,1,0,2026-08-29,A,3,0,0.7097,0.6774,600,,3まくり,0,0.551,1,202608291309,1-6-5-4-2,0,0,55.5997,0,3-1-6;3-1-5;3-1-4;3-6-1;3-6-5;3-6-4,0,-0.21,0
,1,1,2026-08-29,S,3,0,1.4113,0.8528,600,,3まくり,0,0.72833,1,202608291707,1-4-6-5-2,0,0,74.0346,0,3-1-4;3-1-6;3-1-5;3-4-1;3-4-6;3-4-5,0,-0.21,0
,1,1,2026-08-29,S,4,0,1.881,0.9703,600,,4カドまくり,0,0.835,0,202608290408,1-6-5-2-3,0,0,85.341,0,4-1-6;4-1-5;4-1-2;4-6-1;4-6-5;4-6-2,0,-0.04,0
,0,0,2026-08-29,B,4,0,-1.4749,0.1313,0,,4カドまくり,0,0.416,0,202608291305,1-6-5-2-3,0,0,40.0851,0,4-1-6;4-1-5;4-1-2;4-6-1;4-6-5;4-6-2,0,-0.04,0
,1,0,2026-08-29,A,4,0,-0.7323,0.3169,600,,4カドまくり,0,0.566,0,202608291310,1-2-6-5-3,0,0,55.8277,0,4-1-2;4-1-6;4-1-5;4-2-1;4-2-6;4-2-5,0,-0.04,0
,1,0,2026-08-29,A,4,0,-1.4954,0.1262,600,,4カドまくり,0,0.615,0,202608291704,6-1-2-5-3,0,0,58.8146,0,4-6-1;4-6-2;4-6-5;4-1-6;4-1-2;4-1-5,-0.5,-1.19,0
1-3-2,1,0,2026-08-29,A,4,0,0.0185,0.5046,600,逃げ,4カドまくり,1380,0.597,0,202608291905,1-2-6-3-5,0,0,59.6785,0,4-1-2;4-1-6;4-1-3;4-2-1;4-2-6;4-2-3,0,-0.04,1
,1,0,2026-08-29,A,5,0,0.2706,0.5677,600,,5頭展開,0,0.57327,1,202608290409,1-4-6-3-2,0,0,57.5973,0,5-1-4;5-1-6;5-1-3;5-4-1;5-4-6;5-4-3,0,0,0
5-4-6,1,0,2026-08-29,A,5,1,-1.9604,0.0099,600,まくり差し,5頭展開,3470,0.6482,1,202608290511,1-4-6-2-3,3470,1,62.8596,1,5-1-4;5-1-6;5-1-2;5-4-1;5-4-6;5-4-2,-0.5,0,5
1-3-5,1,0,2026-08-29,A,5,0,-1.3927,0.1518,600,逃げ,5頭展開,1050,0.61893,1,202608290512,1-4-6-3-2,0,0,60.5006,0,5-1-4;5-1-6;5-1-3;5-4-1;5-4-6;5-4-3,0,0,1
3-5-4,1,0,2026-08-29,A,5,0,1.7756,0.9439,600,まくり,5頭展開,127700,0.54785,1,202608290711,6-4-1-2-3,0,0,56.5609,0,5-6-4;5-6-1;5-6-2;5-4-6;5-4-1;5-4-2,0,0,3
,0,0,2026-08-29,B,5,0,-1.7756,0.0561,0,,5頭展開,0,0.46754,0,202608291310,1-4-2-6-3,0,0,44.9784,0,5-1-4;5-1-2;5-1-6;5-4-1;5-4-2;5-4-6,-0.5,0,0
,0,0,2026-08-29,B,5,0,0.0066,0.5017,0,,5頭展開,0,0.42539,0,202608291607,1-6-2-4-3,0,0,42.5453,0,5-1-6;5-1-2;5-1-4;5-6-1;5-6-2;5-6-4,0,0,0
3-1-6,0,0,2026-08-30,B,3,1,0.2932,0.5733,0,まくり差し,3まくり,3330,0.388,0,202608300810,1-5-6-4-2,0,0,38.8832,1,3-1-5;3-1-6;3-1-4;3-5-1;3-5-6;3-5-4,0,-0.21,3
1-3-2,0,0,2026-08-30,B,3,0,-1.6948,0.0763,0,逃げ,3まくり,500,0.46233,0,202608301411,1-2-6-5-4,0,0,44.3286,0,3-1-2;3-1-6;3-1-5;3-2-1;3-2-6;3-2-5,0,-0.21,1
3-5-1,0,0,2026-08-30,B,3,1,-1.9197,0.0201,0,まくり,3まくり,6630,0.09233,0,202608301605,5-4-6-2-1,0,1,7.1037,0,3-5-4;3-5-6;3-5-2;3-4-5;3-4-6;3-4-2,0,-0.21,3
3-2-5,1,1,2026-08-30,S,3,1,0.2932,0.5733,600,まくり,3まくり,11760,0.67233,1,202608302103,1-5-2-4-6,0,1,67.4765,0,3-1-5;3-1-2;3-1-4;3-5-1;3-5-2;3-5-4,-0.5,-0.05,3
2-4-6,0,0,2026-08-30,B,3,0,-1.502,0.1245,0,まくり,3まくり,29360,0.149,0,202608302105,1-4-5-2-6,0,0,13.188,0,3-1-4;3-1-5;3-1-2;3-4-1;3-4-5;3-4-2,0,-0.21,2
1-3-5,0,0,2026-08-30,B,3,0,-0.6225,0.3444,0,逃げ,3まくり,2920,0.49233,0,202608302304,6-4-1-5-2,0,0,48.4008,0,3-6-4;3-6-1;3-6-5;3-4-6;3-4-1;3-4-5,0,-0.21,1
1-2-3,0,0,2026-08-30,B,4,0,1.249,0.8122,0,逃げ,4カドまくり,1790,0.459,0,202608300511,1-5-6-2-3,0,0,45.959,0,4-1-5;4-1-6;4-1-2;4-5-1;4-5-6;4-5-2,-0.5,-1.19,1
4-1-2,0,0,2026-08-30,B,4,1,0.0245,0.5061,0,まくり差し,4カドまくり,2160,0.341,0,202608300608,1-5-6-2-3,0,0,32.9345,1,4-1-5;4-1-6;4-1-2;4-5-1;4-5-6;4-5-2,-0.5,-1.19,4
4-1-6,0,0,2026-08-30,B,4,1,0.0245,0.5061,0,まくり,4カドまくり,5860,0.447,0,202608300611,1-2-6-3-5,0,1,43.5345,1,4-1-2;4-1-6;4-1-3;4-2-1;4-2-6;4-2-3,-0.5,-1.19,4
1-6-3,0,0,2026-08-30,B,4,0,-1.9551,0.0112,0,逃げ,4カドまくり,43310,0.467,0,202608301609,2-1-5-6-3,0,0,44.7049,0,4-2-1;4-2-5;4-2-6;4-1-2;4-1-5;4-1-6,0,-0.04,1
4-5-2,1,1,2026-08-30,S,4,1,1.4653,0.8663,600,まくり,4カドまくり,13850,0.783,0,202608301905,1-2-5-6-3,0,1,79.7253,0,4-1-2;4-1-5;4-1-6;4-2-1;4-2-5;4-2-6,0,-0.04,4
4-5-2,0,0,2026-08-30,B,4,1,0.0245,0.5061,0,まくり,4カドまくり,3360,0.497,0,202608302106,5-6-2-3-1,0,1,49.6845,1,4-5-6;4-5-2;4-5-3;4-6-5;4-6-2;4-6-3,0,-0.04,4
6-3-5,0,0,2026-08-30,B,5,0,-1.5081,0.123,0,まくり,5頭展開,14370,0.44473,0,202608300508,4-1-2-6-3,0,0,42.9652,0,5-4-1;5-4-2;5-4-6;5-1-4;5-1-2;5-1-6,0.5,0,6
1-2-3,1,0,2026-08-30,A,5,0,-0.8608,0.2848,600,逃げ,5頭展開,1790,0.59335,1,202608300511,1-4-6-2-3,0,0,58.4738,0,5-1-4;5-1-6;5-1-2;5-4-1;5-4-6;5-4-2,0,0,1
3-4-5,1,0,2026-08-30,A,5,0,1.9353,0.9838,600,まくり,5頭展開,950,0.58568,1,202608300703,3-4-2-1-6,0,0,60.5033,0,5-3-4;5-3-2;5-3-1;5-4-3;5-4-2;5-4-1,0,0,3
1-4-3,1,0,2026-08-30,A,5,0,1.3916,0.8479,600,逃げ,5頭展開,1840,0.65163,1,202608300710,1-4-6-2-3,0,0,66.5543,0,5-1-4;5-1-6;5-1-2;5-4-1;5-4-6;5-4-2,-0.5,0,1
2-4-5,1,1,2026-08-30,S,5,0,-0.7443,0.3139,600,まくり,5頭展開,6340,0.78264,1,202608301902,2-3-4-1-6,0,0,77.5197,0,5-2-3;5-2-4;5-2-1;5-3-2;5-3-4;5-3-1,0,0,2
4-5-2,1,1,2026-08-30,S,5,0,0.0194,0.5049,600,まくり,5頭展開,3360,0.7234,1,202608302106,6-4-2-3-1,0,0,72.3594,0,5-6-4;5-6-2;5-6-3;5-4-6;5-4-2;5-4-3,0,0,4
5-4-3,0,0,2026-08-31,B,3,0,0.6347,0.6587,0,まくり,3まくり,6730,0.49367,0,202608310403,5-4-6-2-1,0,0,49.9514,0,3-5-4;3-5-6;3-5-2;3-4-5;3-4-6;3-4-2,-0.5,-0.05,5
3-1-4,0,0,2026-08-31,B,3,1,1.6088,0.9022,0,まくり差し,3まくり,1300,0.38367,0,202608310506,1-5-4-6-2,0,0,39.7654,1,3-1-5;3-1-4;3-1-6;3-5-1;3-5-4;3-5-6,0,-0.21,3
3-1-6,1,1,2026-08-31,S,3,1,-1.1337,0.2166,600,まくり差し,3まくり,2130,0.71767,1,202608310609,5-1-6-4-2,2130,0,70.5829,1,3-5-1;3-5-6;3-5-4;3-1-5;3-1-6;3-1-4,-0.5,-0.05,3
3-6-1,0,0,2026-08-31,B,3,1,-1.5808,0.1048,0,まくり,3まくり,2160,0.205,0,202608310610,6-1-4-2-5,0,1,18.8692,1,3-6-1;3-6-4;3-6-2;3-1-6;3-1-4;3-1-2,-0.5,-0.05,3
4-1-3,0,0,2026-08-31,B,3,0,-1.1856,0.2036,0,抜き,3まくり,1590,0.48167,0,202608310706,4-1-5-6-2,0,0,46.771,0,3-4-1;3-4-5;3-4-6;3-1-4;3-1-5;3-1-6,0,-0.21,4
1-3-2,0,0,2026-08-31,B,3,0,-1.6248,0.0938,0,逃げ,3まくり,780,0.26033,0,202608311105,1-4-2-6-5,0,0,24.1986,0,3-1-4;3-1-2;3-1-6;3-4-1;3-4-2;3-4-6,0,-0.21,1
1-3-2,0,0,2026-08-31,B,3,0,-0.6986,0.3253,0,逃げ,3まくり,3860,0.22767,0,202608311609,6-1-4-2-5,0,0,22.0181,0,3-6-1;3-6-4;3-6-2;3-1-6;3-1-4;3-1-2,-0.5,-0.05,1
1-4-3,0,0,2026-08-31,B,4,0,0.069,0.5172,0,逃げ,4カドまくり,2660,0.427,0,202608310409,1-5-6-2-3,0,0,42.729,0,4-1-5;4-1-6;4-1-2;4-5-1;4-5-6;4-5-2,0,-0.04,1
1-4-6,1,0,2026-08-31,A,4,0,1.6552,0.9138,600,逃げ,4カドまくり,790,0.543,0,202608310705,6-1-2-3-5,0,0,55.9152,0,4-6-1;4-6-2;4-6-3;4-1-6;4-1-2;4-1-3,0,-0.04,1
4-5-1,1,1,2026-08-31,S,4,1,0.9533,0.7383,600,まくり,4カドまくり,2290,0.79,0,202608310804,5-2-6-3-1,0,1,79.9133,0,4-5-2;4-5-6;4-5-3;4-2-5;4-2-6;4-2-3,0,-0.04,4
1-4-2,0,0,2026-08-31,B,4,0,0.3732,0.5933,0,逃げ,4カドまくり,3030,0.379,0,202608311903,5-2-1-3-6,0,0,38.2332,0,4-5-2;4-5-1;4-5-3;4-2-5;4-2-1;4-2-3,0,-0.04,1
1-5-4,1,1,2026-08-31,S,4,0,0.1988,0.5497,600,逃げ,4カドまくり,3430,0.741,0,202608311911,1-2-6-5-3,0,0,74.2588,0,4-1-2;4-1-6;4-1-5;4-2-1;4-2-6;4-2-5,0,-0.04,1
1-5-2,1,0,2026-08-31,A,4,0,0.0284,0.5071,600,逃げ,4カドまくり,2160,0.679,0,202608312010,1-5-6-2-3,0,0,66.7384,0,4-1-5;4-1-6;4-1-2;4-5-1;4-5-6;4-5-2,-0.5,-1.19,1
5-1-2,1,0,2026-08-31,A,4,0,-1.0385,0.2404,600,まくり差し,4カドまくり,3210,0.601,0,202608312109,5-1-2-3-6,0,0,59.0215,0,4-5-1;4-5-2;4-5-3;4-1-5;4-1-2;4-1-3,0,-0.04,5
1-4-3,0,0,2026-08-31,B,5,0,-1.7714,0.0571,0,逃げ,5頭展開,2660,0.49732,0,202608310409,1-4-6-2-3,0,0,47.9606,0,5-1-4;5-1-6;5-1-2;5-4-1;5-4-6;5-4-2,0,0,1
4-5-1,1,1,2026-08-31,S,5,0,0.1206,0.5302,600,まくり,5頭展開,2290,0.67598,1,202608310804,4-2-6-3-1,0,0,67.7186,0,5-4-2;5-4-6;5-4-3;5-2-4;5-2-6;5-2-3,0,0,4
5-4-1,1,0,2026-08-31,A,5,1,-0.6032,0.3492,600,まくり,5頭展開,4730,0.5811,1,202608310806,1-4-3-6-2,4730,1,57.5068,1,5-1-4;5-1-3;5-1-6;5-4-1;5-4-3;5-4-6,0,0,5
1-3-2,0,0,2026-08-31,B,5,0,-1.4159,0.146,0,逃げ,5頭展開,570,0.21428,0,202608311612,3-1-2-6-4,0,0,20.0121,0,5-3-1;5-3-2;5-3-6;5-1-3;5-1-2;5-1-6,-0.5,0,1
1-2-3,1,0,2026-08-31,A,5,0,0.0317,0.5079,600,逃げ,5頭展開,1090,0.64354,1,202608311812,4-1-2-3-6,0,0,64.3857,0,5-4-1;5-4-2;5-4-3;5-1-4;5-1-2;5-1-3,0,0,1
1-4-2,0,0,2026-08-31,B,5,0,-1.1619,0.2095,0,逃げ,5頭展開,3030,0.53733,0,202608311903,4-2-1-3-6,0,0,52.5714,0,5-4-2;5-4-1;5-4-3;5-2-4;5-2-1;5-2-3,0,0,1
5-1-2,1,1,2026-08-31,S,5,1,1.3524,0.8381,600,まくり差し,5頭展開,3210,0.76592,1,202608312109,4-1-2-3-6,3210,1,77.9444,1,5-4-1;5-4-2;5-4-3;5-1-4;5-1-2;5-1-3,-0.5,0,5
4-5-6,0,0,2026-09-01,B,3,0,-1.6789,0.0803,0,まくり,3まくり,2060,0.29367,0,202609010505,4-6-1-5-2,0,0,27.4778,0,3-4-6;3-4-1;3-4-5;3-6-4;3-6-1;3-6-5,0,-0.21,4
1-3-2,1,0,2026-09-01,A,3,0,0.5927,0.6482,600,逃げ,3まくり,2520,0.54967,1,202609010507,6-1-4-5-2,0,0,55.3493,0,3-6-1;3-6-4;3-6-5;3-1-6;3-1-4;3-1-5,0,-0.21,1
3-1-2,0,0,2026-09-01,B,3,1,-1.1794,0.2052,0,差し,3まくり,2000,0.52767,0,202609010605,5-6-1-2-4,0,0,51.5373,0,3-5-6;3-5-1;3-5-2;3-6-5;3-6-1;3-6-2,-0.5,-0.05,3
3-4-5,0,0,2026-09-01,B,3,1,0.3072,0.5768,0,まくり,3まくり,3680,0.495,0,202609011203,4-6-1-2-5,0,1,49.7572,0,3-4-6;3-4-1;3-4-2;3-6-4;3-6-1;3-6-2,-0.5,-0.05,3
1-2-4,1,1,2026-09-01,S,3,0,-1.5401,0.115,600,逃げ,3まくり,1480,0.741,1,202609012012,1-5-4-6-2,0,0,72.3499,0,3-1-5;3-1-4;3-1-6;3-5-1;3-5-4;3-5-6,0,-0.21,1
3-1-5,1,1,2026-09-01,S,3,1,0.3072,0.5768,600,まくり差し,3まくり,2710,0.775,1,202609012405,5-4-2-1-6,0,0,77.5972,0,3-5-4;3-5-2;3-5-1;3-4-5;3-4-2;3-4-1,0,-0.21,3
3-5-6,1,0,2026-09-01,A,3,1,1.1869,0.7967,600,まくり,3まくり差し,1730,0.559,1,202609010602,6-4-5-2-1,0,0,56.8569,0,3-6-4;3-6-5;3-6-2;3-4-6;3-4-5;3-4-2,-0.5,-0.23,3
2-1-4,1,0,2026-09-01,A,4,0,0.3484,0.5871,600,差し,4カドまくり,1620,0.665,0,202609010603,2-5-1-6-3,0,0,66.8084,0,4-2-5;4-2-1;4-2-6;4-5-2;4-5-1;4-5-6,0,-0.04,2
4-2-3,1,1,2026-09-01,S,4,1,1.1903,0.7976,600,まくり差し,4カドまくり,5460,0.73,0,202609010802,2-1-6-3-5,5460,0,73.0003,1,4-2-1;4-2-6;4-2-3;4-1-2;4-1-6;4-1-3,-0.5,-1.19,4
1-4-5,1,0,2026-09-01,A,4,0,0.7311,0.6828,600,逃げ,4カドまくり,820,0.566,0,202609010804,6-1-5-2-3,0,0,60.3311,0,4-6-1;4-6-5;4-6-2;4-1-6;4-1-5;4-1-2,0.5,3.0,1
1-4-5,1,0,2026-09-01,A,4,0,1.573,0.8933,600,逃げ,4カドまくり,2840,0.543,0,202609012003,2-5-1-6-3,0,0,55.833,0,4-2-5;4-2-1;4-2-6;4-5-2;4-5-1;4-5-6,0,-0.04,1
6-2-3,0,0,2026-09-01,B,4,0,-1.714,0.0715,0,まくり差し,4カドまくり,152730,0.239,0,202609012101,1-6-2-3-5,0,0,22.146,0,4-1-6;4-1-2;4-1-3;4-6-1;4-6-2;4-6-3,0,-0.04,6
4-5-2,0,0,2026-09-01,B,5,0,1.4534,0.8634,0,まくり,5頭展開,6080,0.31976,0,202609010702,2-6-1-4-3,0,0,33.4294,0,5-2-6;5-2-1;5-2-4;5-6-2;5-6-1;5-6-4,0,0,4
1-4-5,0,0,2026-09-01,B,5,0,0.0497,0.5124,0,逃げ,5頭展開,820,0.50246,0,202609010804,6-4-1-2-3,0,0,50.2957,0,5-6-4;5-6-1;5-6-2;5-4-6;5-4-1;5-4-2,0,0,1
1-4-2,0,0,2026-09-01,B,5,0,0.4969,0.6242,0,逃げ,5頭展開,2500,0.4829,0,202609010806,1-2-4-3-6,0,0,48.7869,0,5-1-2;5-1-4;5-1-3;5-2-1;5-2-4;5-2-3,0,0,1
1-2-4,0,0,2026-09-01,B,5,0,0.4969,0.6242,0,逃げ,5頭展開,560,0.51306,0,202609010812,1-2-4-6-3,0,0,51.8029,0,5-1-2;5-1-4;5-1-6;5-2-1;5-2-4;5-2-6,-0.5,0,1
2-1-3,1,0,2026-09-01,A,5,0,0.0497,0.5124,600,差し,5頭展開,4710,0.57938,1,202609011211,2-4-6-1-3,0,0,57.9877,0,5-2-4;5-2-6;5-2-1;5-4-2;5-4-6;5-4-1,-0.5,0,2
2-4-1,0,0,2026-09-01,B,5,0,0.0497,0.5124,0,抜き,5頭展開,2150,0.34334,0,202609011303,2-4-6-3-1,0,0,34.3837,0,5-2-4;5-2-6;5-2-3;5-4-2;5-4-6;5-4-3,0,0,2
4-2-5,0,0,2026-09-01,B,5,0,-1.9379,0.0155,0,まくり差し,5頭展開,4580,0.46031,0,202609011604,1-4-2-3-6,0,0,44.0928,0,5-1-4;5-1-2;5-1-3;5-4-1;5-4-2;5-4-3,0,0,4
1-5-3,1,1,2026-09-01,S,5,0,1.7391,0.9348,600,逃げ,5頭展開,2910,0.68163,1,202609011907,1-4-6-3-2,0,0,69.9018,0,5-1-4;5-1-6;5-1-3;5-4-1;5-4-6;5-4-3,0,0,1
1-5-3,0,0,2026-09-01,B,5,0,-1.8137,0.0466,0,逃げ,5頭展開,3220,0.28995,0,202609011909,1-4-2-3-6,0,0,27.181,0,5-1-4;5-1-2;5-1-3;5-4-1;5-4-2;5-4-3,0,0,1
3-4-1,0,0,2026-09-02,B,3,1,1.2,0.8,0,まくり差し,3まくり,1890,0.38367,0,202609020506,4-6-5-1-2,0,0,39.5167,1,3-4-6;3-4-5;3-4-1;3-6-4;3-6-5;3-6-1,-0.5,-0.05,3
1-5-2,0,0,2026-09-02,B,3,0,0.3133,0.5783,0,逃げ,3まくり,1500,0.31633,0,202609021704,5-1-6-2-4,0,0,31.7366,0,3-5-1;3-5-6;3-5-2;3-1-5;3-1-6;3-1-2,0,-0.21,1
1-5-2,1,1,2026-09-02,S,4,0,1.3387,0.8347,600,逃げ,4カドまくり,10630,0.935,0,202609020608,1-5-6-2-3,0,0,94.7987,0,4-1-5;4-1-6;4-1-2;4-5-1;4-5-6;4-5-2,0,-0.04,1
5-4-1,0,0,2026-09-02,B,4,0,-1.2104,0.1974,0,まくり差し,4カドまくり,3150,0.506,0,202609020803,5-1-2-3-6,0,0,49.3496,0,4-5-1;4-5-2;4-5-3;4-1-5;4-1-2;4-1-3,0,-0.04,5
4-2-1,0,0,2026-09-02,B,4,1,-1.503,0.1242,0,まくり,4カドまくり,9980,0.554,0,202609020809,1-2-3-6-5,0,1,52.707,1,4-1-2;4-1-3;4-1-6;4-2-1;4-2-3;4-2-6,-0.5,-1.19,4
4-5-2,0,0,2026-09-02,B,4,1,1.4269,0.8567,0,差し,4カドまくり,1990,0.53,0,202609021204,2-1-5-6-3,0,0,53.2369,0,4-2-1;4-2-5;4-2-6;4-1-2;4-1-5;4-1-6,-0.5,-1.19,4
1-2-3,1,0,2026-09-02,A,4,0,1.8036,0.9509,600,逃げ,4カドまくり,4390,0.596,0,202609021803,5-1-2-6-3,0,0,61.3636,0,4-5-1;4-5-2;4-5-6;4-1-5;4-1-2;4-1-6,0,-0.04,1
1-3-4,0,0,2026-09-02,B,4,0,0.016,0.504,0,逃げ,4カドまくり,1320,0.479,0,202609022206,6-3-1-2-5,0,0,47.876,0,4-6-3;4-6-1;4-6-2;4-3-6;4-3-1;4-3-2,0,-0.04,1
1-4-6,0,0,2026-09-02,B,4,0,0.016,0.504,0,逃げ,4カドまくり,2950,0.411,0,202609022207,2-1-5-6-3,0,0,41.076,0,4-2-1;4-2-5;4-2-6;4-1-2;4-1-5;4-1-6,0,-0.04,1
2-5-1,1,1,2026-09-02,S,5,0,0.8036,0.7009,600,まくり,5頭展開,12770,0.72171,1,202609020510,4-2-3-1-6,0,0,72.9743,0,5-4-2;5-4-3;5-4-1;5-2-4;5-2-3;5-2-1,-0.5,0,2
5-4-1,1,0,2026-09-02,A,5,1,-0.7795,0.3051,600,まくり差し,5頭展開,3150,0.58626,1,202609020803,1-4-2-3-6,3150,1,57.8465,1,5-1-4;5-1-2;5-1-3;5-4-1;5-4-2;5-4-3,0,0,5
4-2-5,0,0,2026-09-02,B,5,0,0.1148,0.5287,0,まくり差し,5頭展開,2720,0.48826,0,202609020804,4-1-2-3-6,0,0,48.9408,0,5-4-1;5-4-2;5-4-3;5-1-4;5-1-2;5-1-3,0.5,0,4
4-6-5,0,0,2026-09-02,B,5,0,1.7341,0.9335,0,まくり,5頭展開,18420,0.52898,0,202609021306,4-1-2-6-3,0,0,54.6321,0,5-4-1;5-4-2;5-4-6;5-1-4;5-1-2;5-1-6,0,0,4
5-4-6,1,1,2026-09-02,S,5,1,0.9849,0.7462,600,まくり差し,5頭展開,1200,0.81255,1,202609021603,4-6-1-2-3,1200,1,82.2396,1,5-4-6;5-4-1;5-4-2;5-6-4;5-6-1;5-6-2,-0.5,0,5
1-2-3,1,0,2026-09-02,A,5,0,0.7915,0.6979,600,逃げ,5頭展開,4390,0.61158,1,202609021803,4-1-2-6-3,0,0,61.9495,0,5-4-1;5-4-2;5-4-6;5-1-4;5-1-2;5-1-6,0,0,1
