date,jcd,rno,source_type,snapshot_type,source_url,odds_mapping_version,1-2-3,1-2-4,1-2-5,1-2-6,1-3-2,1-3-4,1-3-5,1-3-6,1-4-2,1-4-3,1-4-5,1-4-6,1-5-2,1-5-3,1-5-4,1-5-6,1-6-2,1-6-3,1-6-4,1-6-5,2-1-3,2-1-4,2-1-5,2-1-6,2-3-1,2-3-4,2-3-5,2-3-6,2-4-1,2-4-3,2-4-5,2-4-6,2-5-1,2-5-3,2-5-4,2-5-6,2-6-1,2-6-3,2-6-4,2-6-5,3-1-2,3-1-4,3-1-5,3-1-6,3-2-1,3-2-4,3-2-5,3-2-6,3-4-1,3-4-2,3-4-5,3-4-6,3-5-1,3-5-2,3-5-4,3-5-6,3-6-1,3-6-2,3-6-4,3-6-5,4-1-2,4-1-3,4-1-5,4-1-6,4-2-1,4-2-3,4-2-5,4-2-6,4-3-1,4-3-2,4-3-5,4-3-6,4-5-1,4-5-2,4-5-3,4-5-6,4-6-1,4-6-2,4-6-3,4-6-5,5-1-2,5-1-3,5-1-4,5-1-6,5-2-1,5-2-3,5-2-4,5-2-6,5-3-1,5-3-2,5-3-4,5-3-6,5-4-1,5-4-2,5-4-3,5-4-6,5-6-1,5-6-2,5-6-3,5-6-4,6-1-2,6-1-3,6-1-4,6-1-5,6-2-1,6-2-3,6-2-4,6-2-5,6-3-1,6-3-2,6-3-4,6-3-5,6-4-1,6-4-2,6-4-3,6-4-5,6-5-1,6-5-2,6-5-3,6-5-4
2026-06-11,03,1,official_closing,closing_displayed,https://www.boatrace.jp/owpc/pc/race/odds3t?hd=20260611&jcd=03&rno=1,official_table_v2,25.1,18.3,45.1,75.8,37.7,24.2,54.3,120.4,14.5,21.3,27.9,57.9,70.4,78.2,52.1,123.3,220.5,292.7,178.2,231.9,59.4,36.4,80.4,126.1,84.2,78.3,145.2,216.5,40.1,59.1,66.1,131.4,181.3,221.2,120.8,284.0,475.4,699.0,403.9,390.5,108.7,68.1,139.6,286.1,131.8,108.7,208.8,441.1,68.6,89.7,89.7,170.6,243.3,302.5,168.7,497.0,577.7,692.7,386.6,818.6,16.7,26.1,24.4,55.4,28.0,40.8,39.8,86.2,48.5,57.9,52.8,104.4,32.1,38.8,49.1,56.2,117.0,162.6,190.4,118.1,190.1,207.4,127.4,245.7,265.3,348.7,192.3,481.4,352.7,448.9,296.6,677.4,122.1,141.7,184.0,169.1,400.7,465.3,607.5,329.9,657.0,890.0,517.2,869.8,864.9,1034.0,793.2,968.9,1177.0,1331.0,855.2,1430.0,489.1,695.8,810.0,567.0,1034.0,1151.0,1444.0,617.3
2026-06-11,03,2,official_closing,closing_displayed,https://www.boatrace.jp/owpc/pc/race/odds3t?hd=20260611&jcd=03&rno=2,official_table_v2,17.7,55.0,52.4,94.1,12.5,14.4,12.4,25.4,103.1,42.0,87.4,128.9,100.3,37.3,92.1,119.1,250.0,93.4,200.8,200.8,66.4,140.6,133.8,229.5,91.6,129.1,82.1,225.0,309.1,252.4,393.5,709.8,310.1,145.7,414.7,480.6,715.3,601.1,1066.0,820.3,25.8,18.1,12.4,40.0,50.1,62.6,39.8,107.6,31.0,55.9,30.6,60.7,20.3,31.9,30.1,36.4,114.3,175.1,135.5,97.2,285.7,127.4,230.9,350.2,461.4,331.3,601.1,846.6,104.2,202.8,138.8,219.2,322.1,462.5,222.1,380.5,615.2,1008.0,473.2,693.8,227.0,93.9,257.4,259.2,318.2,168.4,566.1,441.5,81.4,108.1,143.6,128.1,410.1,597.3,269.8,489.5,478.1,564.4,280.4,638.6,838.9,492.1,946.5,891.6,1337.0,1098.0,2073.0,1441.0,555.9,802.4,623.5,478.1,1153.0,2171.0,870.6,1577.0,1066.0,1441.0,557.6,1408.0
2026-06-11,03,3,official_closing,closing_displayed,https://www.boatrace.jp/owpc/pc/race/odds3t?hd=20260611&jcd=03&rno=3,official_table_v2,36.2,82.3,215.0,59.0,27.4,27.1,189.4,19.1,122.1,57.7,381.9,64.0,520.5,544.6,759.0,653.5,73.4,34.5,73.6,466.8,59.2,111.7,326.7,82.9,67.5,66.1,320.5,45.7,156.2,97.2,612.7,107.5,904.9,537.1,779.1,865.0,140.2,77.5,121.5,612.7,36.0,21.8,196.7,12.9,55.0,53.1,254.0,33.9,26.0,51.2,213.1,14.3,472.4,478.2,480.1,267.9,16.7,34.6,15.3,161.1,139.0,77.8,529.9,82.6,195.1,129.2,657.2,123.5,58.6,91.8,401.5,37.9,805.7,800.3,660.9,532.3,84.5,101.8,50.0,388.2,1470.0,1109.0,1705.0,1307.0,2063.0,1527.0,1838.0,1589.0,1200.0,1321.0,1611.0,1238.0,1633.0,1928.0,1960.0,1069.0,1527.0,1656.0,1225.0,1336.0,101.9,49.2,97.0,560.2,144.3,106.8,152.3,660.9,43.1,70.5,42.2,328.6,110.7,151.0,65.9,482.1,988.6,1031.0,664.6,871.4
2026-06-11,03,4,official_closing,closing_displayed,https://www.boatrace.jp/owpc/pc/race/odds3t?hd=20260611&jcd=03&rno=4,official_table_v2,28.6,279.5,45.2,25.7,24.6,108.1,24.3,16.0,358.7,261.7,363.3,242.8,73.1,44.6,297.9,39.3,31.6,28.1,184.9,37.0,70.8,511.0,116.1,61.5,102.1,353.6,149.7,92.5,831.9,717.5,1140.0,667.4,241.8,252.5,808.5,170.5,106.6,125.2,612.8,139.4,42.8,111.6,24.9,15.8,77.4,269.5,94.3,62.9,244.2,325.5,273.7,167.0,37.4,83.6,216.6,23.5,21.2,50.9,110.2,22.6,906.3,612.8,972.9,717.5,1118.0,1018.0,1497.0,1056.0,630.8,804.7,946.2,503.5,840.0,930.8,657.2,520.2,800.9,1069.0,511.0,820.0,123.0,69.6,448.4,57.5,265.7,264.5,1050.0,196.1,67.7,160.3,417.9,45.0,779.2,951.4,642.5,485.1,50.4,97.0,41.6,326.7,88.2,41.1,261.7,57.7,154.4,147.6,642.5,169.1,41.8,97.0,179.7,42.4,726.6,840.0,429.4,711.6,64.4,117.8,47.4,386.1
2026-06-11,03,5,official_closing,closing_displayed,https://www.boatrace.jp/owpc/pc/race/odds3t?hd=20260611&jcd=03&rno=5,official_table_v2,7.8,48.9,162.3,28.9,8.7,22.7,90.6,29.8,93.4,62.5,200.8,141.4,309.8,269.4,454.5,566.0,90.0,87.4,257.5,507.0,12.4,63.1,195.0,38.6,18.7,55.4,153.5,41.0,150.3,108.6,331.5,176.1,509.9,473.7,762.7,825.7,132.6,109.9,297.0,664.2,11.9,18.3,74.4,24.9,18.1,37.0,115.3,32.0,37.5,47.7,100.6,49.2,184.6,234.9,219.2,217.6,61.6,61.5,95.2,242.2,215.3,122.8,372.6,271.9,288.9,215.0,722.9,382.1,123.0,168.5,365.1,178.9,534.1,861.2,600.0,512.8,361.4,404.5,279.9,578.7,792.9,692.3,1176.0,1097.0,909.1,1090.0,1855.0,1607.0,750.0,973.0,1323.0,1161.0,1241.0,1764.0,1395.0,1343.0,1323.0,2278.0,1343.0,1978.0,252.4,241.2,633.8,1139.0,289.3,240.9,918.3,1579.0,259.3,249.6,410.9,1176.0,895.5,1258.0,566.0,1935.0,1285.0,2222.0,1374.0,1978.0
2026-06-11,03,6,official_closing,closing_displayed,https://www.boatrace.jp/owpc/pc/race/odds3t?hd=20260611&jcd=03&rno=6,official_table_v2,23.4,112.2,70.8,26.4,14.4,29.9,21.4,8.6,157.7,90.2,227.7,92.0,120.5,56.9,232.0,43.9,34.6,15.7,54.4,35.6,81.5,266.4,231.0,97.4,124.8,304.4,284.2,124.1,624.6,614.9,975.5,687.0,458.0,521.5,840.5,539.3,218.2,214.4,556.4,419.1,28.4,39.6,38.5,12.7,82.4,219.4,171.7,84.1,105.5,218.8,204.9,70.8,93.5,182.0,233.4,75.8,16.7,41.4,43.0,48.4,655.7,387.3,752.5,358.3,951.9,981.5,1215.0,767.1,379.8,786.2,790.1,264.7,924.1,1136.0,963.6,574.6,327.8,568.4,248.0,513.0,440.1,242.7,741.9,183.9,612.5,658.4,1234.0,572.5,254.4,473.1,591.8,219.7,1060.0,1362.0,1000.0,731.6,221.6,440.1,227.0,568.4,67.1,28.1,107.9,98.6,136.2,130.4,345.0,325.8,29.7,77.7,87.6,94.8,273.4,572.5,228.3,544.9,256.9,483.2,229.6,525.0
2026-06-11,03,7,official_closing,closing_displayed,https://www.boatrace.jp/owpc/pc/race/odds3t?hd=20260611&jcd=03&rno=7,official_table_v2,40.0,67.1,36.8,381.4,38.5,39.9,20.1,302.9,72.8,46.8,32.9,358.5,28.1,17.7,21.9,130.9,500.9,487.8,650.4,419.5,77.0,99.6,61.5,459.7,101.4,136.5,91.5,668.5,145.2,171.5,126.3,975.6,80.8,89.0,110.4,580.6,1141.0,1224.0,1661.0,1062.0,70.2,66.9,32.7,331.0,108.0,130.5,78.1,550.2,91.2,124.7,56.3,393.0,35.5,67.2,48.3,298.6,732.8,1055.0,799.1,671.2,94.8,89.9,41.6,299.1,139.5,173.9,114.0,642.9,117.1,159.9,71.7,490.6,35.2,66.1,47.8,132.2,705.1,1035.0,922.0,418.5,24.5,16.0,20.3,97.9,43.9,52.2,74.8,228.0,25.5,50.8,43.1,232.7,29.2,61.4,41.3,130.0,186.6,284.9,294.9,250.8,1141.0,1410.0,1645.0,964.4,1525.0,1712.0,1997.0,714.1,2071.0,2467.0,1553.0,1485.0,2267.0,2124.0,1928.0,851.8,993.0,1311.0,1181.0,755.9
2026-06-11,03,8,official_closing,closing_displayed,https://www.boatrace.jp/owpc/pc/race/odds3t?hd=20260611&jcd=03&rno=8,official_table_v2,9.2,27.6,106.4,45.2,6.5,13.7,60.4,19.7,47.6,37.9,158.4,74.5,222.6,174.2,270.4,272.8,94.9,64.5,142.4,310.4,28.3,82.9,248.7,104.0,38.8,98.9,262.2,85.8,171.4,179.3,609.8,305.4,617.8,528.0,1044.0,1033.0,238.7,207.0,390.6,753.2,13.0,19.4,84.6,22.6,25.7,46.9,152.7,35.4,40.4,60.9,148.5,54.1,195.9,256.5,237.8,228.6,49.6,63.6,82.7,258.2,139.6,94.9,273.2,163.2,202.6,221.1,615.8,316.1,87.9,155.3,315.6,125.2,301.5,466.8,350.7,245.8,166.8,221.6,151.9,333.4,668.0,444.8,585.3,747.2,1050.0,887.5,1331.0,1410.0,481.0,768.5,787.7,931.3,454.4,1196.0,744.3,489.7,904.5,1350.0,959.6,636.5,245.8,184.8,403.9,713.4,375.8,331.6,700.2,1145.0,161.8,205.4,238.7,774.8,314.0,405.6,277.6,663.3,1092.0,1602.0,1016.0,729.9
2026-06-11,03,9,official_closing,closing_displayed,https://www.boatrace.jp/owpc/pc/race/odds3t?hd=20260611&jcd=03&rno=9,official_table_v2,8.0,74.3,17.0,10.9,9.4,74.6,16.9,11.1,189.9,215.5,229.1,162.4,32.8,37.3,198.2,29.8,18.8,20.5,141.7,31.8,32.7,187.3,48.8,38.2,63.4,441.6,168.9,124.3,562.7,787.5,850.7,722.6,133.1,242.9,689.3,177.3,94.3,192.5,624.9,203.4,38.3,162.6,60.7,42.0,71.1,461.6,171.4,139.9,397.4,576.7,531.0,415.6,135.6,194.9,486.3,172.5,91.1,151.0,404.3,183.2,583.4,698.8,597.1,480.8,797.3,1304.0,1228.0,952.6,768.4,1199.0,1115.0,868.1,700.7,967.1,1183.0,499.7,540.0,773.1,942.1,632.7,101.7,131.5,459.1,77.7,178.6,357.7,1087.0,224.3,237.5,419.7,1284.0,316.3,730.9,1120.0,1324.0,537.7,105.3,189.5,261.4,491.0,61.1,67.9,375.7,103.5,110.3,182.8,794.8,230.4,128.7,204.3,836.7,377.3,839.4,1161.0,1338.0,1021.0,176.2,274.1,338.7,804.9
2026-06-11,03,10,official_closing,closing_displayed,https://www.boatrace.jp/owpc/pc/race/odds3t?hd=20260611&jcd=03&rno=10,official_table_v2,8.2,18.5,6.5,45.9,15.7,54.3,17.1,83.8,40.2,84.5,53.7,147.6,10.3,18.1,42.3,49.2,175.8,228.6,299.1,173.7,23.4,37.1,16.1,106.0,51.5,155.1,74.5,292.0,134.9,272.9,201.9,392.9,35.8,83.8,149.5,220.4,358.4,776.3,1040.0,629.0,67.0,180.2,72.5,278.7,80.1,256.2,126.7,508.4,335.0,417.7,411.2,671.5,99.4,153.4,316.4,436.0,665.9,1178.0,958.7,860.2,220.4,378.0,217.4,513.3,276.7,541.3,367.5,803.8,494.2,654.9,639.1,1013.0,248.6,340.8,431.3,532.2,824.6,1153.0,1090.0,864.9,34.8,62.6,131.0,119.5,54.4,119.6,235.4,250.2,106.7,158.5,351.3,365.8,250.6,367.5,510.1,508.4,263.4,438.4,491.2,631.5,941.7,1214.0,1768.0,994.7,1053.0,1768.0,2609.0,1421.0,1408.0,2697.0,1675.0,1872.0,2306.0,3248.0,2180.0,1515.0,982.4,1693.0,1591.0,1396.0
2026-06-11,03,11,official_closing,closing_displayed,https://www.boatrace.jp/owpc/pc/race/odds3t?hd=20260611&jcd=03&rno=11,official_table_v2,22.8,28.6,17.5,84.6,21.4,20.8,11.4,74.5,25.2,22.2,15.7,60.7,15.0,11.2,14.2,27.6,184.3,188.0,158.0,98.0,89.2,131.9,69.1,233.1,142.3,283.4,124.1,468.8,286.4,484.3,364.4,860.5,96.1,131.4,263.7,344.4,656.9,1136.0,1415.0,853.8,88.4,95.8,47.2,182.8,147.8,359.7,138.9,507.9,188.5,458.0,209.7,593.0,60.7,127.5,158.3,236.1,666.9,979.5,962.4,705.5,117.7,112.2,58.8,204.6,279.8,681.4,462.9,834.3,230.7,748.8,340.7,797.9,73.1,289.4,267.2,197.6,451.4,795.0,1054.0,468.8,40.2,34.8,38.9,50.6,78.3,125.6,236.9,199.6,62.5,133.5,168.1,195.5,77.9,245.7,219.8,175.4,102.9,239.2,243.2,232.4,778.1,1388.0,1075.0,473.9,1225.0,1388.0,2239.0,1346.0,1859.0,1755.0,2050.0,1601.0,1453.0,2385.0,2438.0,1065.0,477.0,1225.0,1443.0,962.4
2026-06-11,03,12,official_closing,closing_displayed,https://www.boatrace.jp/owpc/pc/race/odds3t?hd=20260611&jcd=03&rno=12,official_table_v2,16.4,14.6,28.7,54.9,20.6,18.4,30.2,48.2,15.2,20.9,22.4,37.8,45.6,44.6,40.4,60.8,91.3,88.7,80.9,100.0,51.4,37.5,62.0,100.7,86.7,102.5,121.4,202.1,66.9,114.1,103.8,180.4,129.9,177.4,146.2,246.7,336.3,343.1,383.0,420.1,73.6,56.7,88.3,126.6,99.1,127.8,151.2,232.8,94.3,140.5,138.1,168.9,193.8,239.8,206.0,306.8,376.0,385.0,323.5,422.0,35.8,55.2,39.9,63.8,72.3,127.1,101.3,142.8,99.2,158.1,141.2,163.9,54.6,87.5,120.6,83.6,127.9,206.2,234.3,143.5,135.9,165.2,120.3,169.7,186.0,254.7,200.5,309.7,285.9,312.4,327.2,482.4,113.1,159.2,230.2,182.3,304.8,383.5,512.2,295.5,287.3,354.8,276.1,414.7,422.6,586.9,633.0,790.0,618.1,781.4,614.2,1094.0,323.9,572.9,518.6,460.2,531.0,809.8,842.8,493.9
2026-06-11,05,1,official_closing,closing_displayed,https://www.boatrace.jp/owpc/pc/race/odds3t?hd=20260611&jcd=05&rno=1,official_table_v2,19.4,33.7,385.3,82.5,12.0,8.3,135.6,24.7,36.1,19.6,254.4,48.4,705.3,482.4,563.6,624.9,178.9,84.8,117.7,685.3,41.6,55.3,655.5,162.1,57.4,55.7,606.1,124.2,92.7,81.8,793.5,222.1,1945.0,1194.0,1435.0,1855.0,450.0,438.6,517.6,1675.0,22.1,10.8,154.6,24.6,53.7,38.5,319.0,92.1,17.1,31.5,126.1,20.1,588.3,651.9,511.0,615.3,60.8,124.9,50.1,349.6,63.7,36.3,318.2,70.3,87.4,73.1,462.1,126.0,31.3,42.4,168.9,40.6,398.0,773.1,536.0,430.7,92.6,135.2,83.3,325.9,2566.0,2116.0,2233.0,2566.0,2365.0,2566.0,3350.0,2871.0,1773.0,2622.0,2680.0,2871.0,1086.0,2044.0,2079.0,1022.0,3015.0,2461.0,3350.0,2512.0,451.7,190.2,379.2,2193.0,843.4,709.5,731.0,3655.0,147.6,281.1,268.0,1773.0,411.6,529.0,309.2,1675.0,2941.0,4307.0,3547.0,2319.0
2026-06-11,05,2,official_closing,closing_displayed,https://www.boatrace.jp/owpc/pc/race/odds3t?hd=20260611&jcd=05&rno=2,official_table_v2,26.9,67.0,14.1,435.8,25.6,56.7,8.5,490.6,106.5,91.7,45.1,659.6,9.1,6.3,24.9,166.0,1072.0,1109.0,1251.0,588.1,84.2,223.9,57.6,723.2,116.0,245.9,77.6,561.1,441.7,471.6,330.9,1162.0,59.3,63.1,166.3,588.1,1394.0,697.3,2789.0,2218.0,77.4,126.3,32.9,800.2,113.3,198.0,66.6,361.6,216.4,319.0,144.4,1356.0,29.9,48.1,65.5,420.8,2503.0,687.5,2218.0,1627.0,348.6,334.3,168.6,1135.0,621.8,781.0,471.6,2270.0,530.6,820.4,306.0,1992.0,165.4,258.2,229.7,887.5,1914.0,2789.0,1914.0,2034.0,16.7,13.4,51.7,180.4,36.0,41.4,116.3,379.8,25.0,41.0,84.7,344.9,111.4,185.6,133.7,800.2,454.1,633.9,621.8,996.2,2034.0,2077.0,2440.0,1457.0,2638.0,800.2,4068.0,2122.0,2440.0,793.7,2569.0,1743.0,2324.0,2871.0,2503.0,2638.0,1220.0,2270.0,1654.0,2503.0
2026-06-11,05,3,official_closing,closing_displayed,https://www.boatrace.jp/owpc/pc/race/odds3t?hd=20260611&jcd=05&rno=3,official_table_v2,26.1,56.3,66.6,347.2,31.0,66.0,70.6,391.1,84.4,134.1,185.7,363.3,136.0,150.7,242.5,447.6,1686.0,1535.0,882.7,1701.0,20.4,25.1,31.2,240.0,17.9,10.3,9.9,134.9,39.6,18.3,15.1,397.7,62.9,24.2,25.0,264.2,1368.0,807.3,1330.0,847.1,50.5,84.0,82.6,344.1,38.7,18.3,18.4,294.7,81.9,39.3,50.8,526.2,87.2,38.6,67.1,392.7,1799.0,973.8,1701.0,1259.0,215.4,281.5,299.8,619.4,146.6,71.6,55.0,978.8,158.7,96.3,105.2,968.8,202.7,97.0,146.3,629.7,1098.0,1816.0,1834.0,1475.0,245.0,248.9,418.8,387.1,157.0,67.4,110.0,509.2,144.6,85.5,156.9,621.4,244.0,187.6,224.3,807.3,1487.0,1061.0,1085.0,1378.0,3148.0,3047.0,1349.0,3148.0,3633.0,1733.0,2698.0,2391.0,2998.0,2171.0,2819.0,2196.0,1420.0,2862.0,2998.0,3257.0,5105.0,2276.0,2196.0,3097.0
2026-06-11,05,4,official_closing,closing_displayed,https://www.boatrace.jp/owpc/pc/race/odds3t?hd=20260611&jcd=05&rno=4,official_table_v2,5.1,35.3,6.8,15.0,16.9,140.2,35.8,52.0,129.8,256.6,158.6,272.3,21.8,50.0,131.4,50.2,55.7,132.4,459.7,96.1,12.7,52.4,11.9,18.3,53.0,178.6,58.3,94.6,179.1,271.3,174.1,262.4,36.8,64.7,135.8,59.4,95.3,257.9,403.4,129.3,109.4,428.5,163.4,170.2,128.7,407.7,190.1,274.8,861.9,686.4,966.2,948.1,288.4,249.5,794.2,381.1,512.5,619.1,978.7,762.3,283.5,695.8,324.8,390.9,312.1,551.6,299.8,430.9,1039.0,892.3,1075.0,838.1,300.3,303.4,514.2,269.4,645.5,626.8,579.0,462.5,76.8,154.9,292.8,97.5,84.6,159.1,240.7,123.1,292.2,247.0,794.2,388.9,435.9,393.0,786.0,347.9,172.3,185.9,412.2,430.9,395.0,1004.0,1342.0,619.1,428.5,1060.0,925.0,452.8,1404.0,1596.0,1166.0,1827.0,1517.0,978.7,1194.0,820.0,579.0,456.9,1342.0,705.5
2026-06-11,05,5,official_closing,closing_displayed,https://www.boatrace.jp/owpc/pc/race/odds3t?hd=20260611&jcd=05&rno=5,official_table_v2,10.3,194.6,17.4,99.2,8.6,123.9,8.2,47.1,471.7,411.7,405.0,680.6,27.9,19.1,256.5,82.3,242.3,166.7,656.6,184.7,40.6,383.2,59.8,188.6,58.0,412.9,48.4,178.0,819.0,892.6,856.7,1137.0,92.7,81.3,554.1,249.6,580.0,432.0,1096.0,461.5,23.4,145.0,11.3,41.3,36.7,239.2,22.9,97.9,299.9,384.1,216.9,334.9,17.4,22.4,155.2,34.3,129.6,191.1,493.6,109.2,1129.0,861.6,823.5,1620.0,1393.0,1164.0,1296.0,1602.0,897.9,1129.0,788.7,1263.0,476.2,665.4,534.2,566.7,1602.0,1552.0,1355.0,1319.0,70.6,42.9,380.2,111.2,98.3,86.8,645.3,245.1,43.6,63.1,332.7,83.6,577.7,741.6,508.7,536.2,200.0,250.5,146.5,558.3,465.8,284.4,1146.0,363.5,598.6,550.0,1342.0,696.5,338.0,528.6,866.6,273.0,1536.0,1569.0,1419.0,1104.0,473.2,709.8,306.7,914.5
2026-06-11,05,6,official_closing,closing_displayed,https://www.boatrace.jp/owpc/pc/race/odds3t?hd=20260611&jcd=05&rno=6,official_table_v2,31.2,13.7,11.2,208.1,44.0,41.0,30.2,359.3,15.8,38.1,10.8,241.1,13.6,32.1,13.4,181.0,583.6,576.6,607.9,491.2,78.9,32.9,35.7,425.3,163.5,173.4,151.3,1097.0,52.2,111.0,42.7,569.9,54.7,108.5,52.0,576.6,1176.0,1302.0,1473.0,1057.0,184.2,200.1,120.4,833.7,246.0,293.5,198.5,1291.0,233.4,275.2,143.8,1444.0,144.5,171.2,137.2,953.6,1535.0,1919.0,1894.0,1657.0,43.1,112.1,25.9,349.0,60.5,194.7,56.1,694.7,223.7,336.1,159.9,1148.0,24.5,32.7,82.3,152.2,878.9,1195.0,999.3,548.5,49.9,111.7,36.9,329.3,84.2,260.5,70.1,711.7,205.7,299.5,175.1,797.2,35.8,49.3,121.8,233.0,776.0,1195.0,1376.0,701.4,1215.0,1779.0,1677.0,1552.0,2084.0,2431.0,2918.0,2315.0,2391.0,2701.0,2114.0,2472.0,2244.0,3473.0,2472.0,1247.0,1552.0,1870.0,2054.0,979.2
2026-06-11,05,7,official_closing,closing_displayed,https://www.boatrace.jp/owpc/pc/race/odds3t?hd=20260611&jcd=05&rno=7,official_table_v2,4.6,5.7,66.3,43.7,6.9,7.8,64.0,60.2,8.2,10.7,57.6,69.6,208.3,220.2,226.1,397.1,210.2,231.6,271.0,523.5,39.4,42.6,250.0,236.4,103.1,161.0,794.3,490.1,116.0,213.8,518.4,689.1,1439.0,1645.0,1791.0,2559.0,835.5,835.5,1290.0,3933.0,49.1,47.3,275.1,268.7,110.9,183.0,577.9,584.2,83.2,150.0,526.9,447.9,844.2,900.8,1033.0,2121.0,710.3,1047.0,948.5,2371.0,41.4,61.7,161.5,153.7,100.4,198.5,490.1,439.3,104.4,186.4,515.1,425.4,323.1,508.6,525.2,431.1,331.1,542.9,613.1,663.5,959.8,965.5,790.4,1919.0,1697.0,2067.0,2015.0,3430.0,1290.0,1791.0,1355.0,2600.0,977.2,2337.0,1875.0,1966.0,2559.0,3664.0,3101.0,2208.0,937.5,1279.0,1355.0,3430.0,1355.0,1752.0,2271.0,3933.0,1565.0,2067.0,1966.0,4742.0,1565.0,2480.0,2094.0,3101.0,3933.0,5039.0,4479.0,3430.0
2026-06-11,05,8,official_closing,closing_displayed,https://www.boatrace.jp/owpc/pc/race/odds3t?hd=20260611&jcd=05&rno=8,official_table_v2,46.9,36.2,33.9,13.3,81.5,158.2,126.2,74.9,49.7,149.8,68.3,26.2,43.3,122.8,71.7,26.1,15.0,65.6,22.7,23.4,196.6,107.0,112.0,48.2,429.1,869.7,864.0,471.4,187.5,695.3,408.5,181.2,246.7,630.4,399.8,203.1,81.2,342.2,145.3,155.3,491.6,633.4,672.2,409.8,580.4,1126.0,1181.0,647.4,864.0,1231.0,1140.0,808.3,921.4,1166.0,1273.0,766.0,468.8,652.2,757.2,716.0,34.5,137.2,51.5,27.2,52.6,203.1,95.4,51.6,287.6,335.6,388.1,252.4,69.5,106.2,247.4,49.5,32.5,45.4,170.3,49.3,95.8,310.0,107.9,52.7,152.7,630.4,283.3,137.3,706.4,1037.0,1102.0,579.1,127.9,217.6,479.1,91.9,43.8,72.2,253.6,63.4,32.8,122.1,37.6,42.6,54.8,244.2,90.0,97.8,321.3,433.4,431.2,509.7,54.3,73.5,237.8,75.0,54.4,78.8,239.3,66.3
2026-06-11,05,10,official_closing,closing_displayed,https://www.boatrace.jp/owpc/pc/race/odds3t?hd=20260611&jcd=05&rno=10,official_table_v2,11.6,17.3,14.2,26.0,12.7,12.9,10.0,22.9,27.1,27.0,23.4,38.9,26.8,23.0,38.4,30.7,48.9,55.4,82.6,49.7,79.2,111.2,98.8,136.0,152.8,387.3,267.2,312.5,308.1,528.8,451.2,532.6,265.6,381.3,503.5,434.4,384.0,527.5,788.5,624.1,74.9,76.4,58.5,91.7,135.1,285.8,183.2,260.9,165.1,380.0,194.8,271.1,128.5,257.3,225.1,172.4,268.8,472.4,473.4,287.0,204.5,208.4,86.8,134.9,397.7,721.7,476.4,509.3,322.5,721.7,411.8,428.5,107.5,272.8,333.1,116.9,240.3,540.4,568.1,249.5,97.7,92.8,127.1,79.4,239.5,411.8,705.6,347.2,216.7,459.6,615.4,286.6,172.6,402.1,444.9,186.5,136.2,275.9,276.2,270.8,226.7,270.2,376.1,222.4,429.3,610.3,1204.0,698.9,560.9,766.6,1295.0,667.3,577.0,1230.0,1318.0,568.1,263.4,518.8,505.8,429.3
2026-06-11,05,11,official_closing,closing_displayed,https://www.boatrace.jp/owpc/pc/race/odds3t?hd=20260611&jcd=05&rno=11,official_table_v2,9.4,5.7,22.9,17.9,21.5,21.8,56.4,52.9,9.0,20.1,25.0,13.4,52.1,98.5,58.4,60.1,49.2,119.6,45.1,96.0,154.2,82.6,241.6,164.5,485.9,737.0,1541.0,1210.0,161.4,641.0,716.3,339.4,719.6,1439.0,1187.0,1023.0,486.6,1276.0,533.4,1155.0,303.6,283.3,510.2,593.6,590.2,1059.0,1495.0,1774.0,561.9,1003.0,1374.0,1138.0,1240.0,1968.0,1743.0,1919.0,1481.0,1733.0,1581.0,2179.0,28.7,85.4,36.1,24.0,71.8,327.4,191.3,120.3,293.6,510.2,568.2,427.3,44.0,97.2,229.0,42.8,41.8,87.4,219.2,60.2,349.9,641.0,242.5,270.5,716.3,1572.0,924.6,864.4,1173.0,2119.0,1753.0,2075.0,228.4,379.5,824.7,188.2,442.8,770.5,1210.0,325.3,300.0,764.7,214.4,488.2,509.4,1412.0,605.4,1362.0,1631.0,2061.0,1724.0,2564.0,222.7,411.8,900.1,306.9,607.8,1055.0,1572.0,376.2
2026-06-11,05,12,official_closing,closing_displayed,https://www.boatrace.jp/owpc/pc/race/odds3t?hd=20260611&jcd=05&rno=12,official_table_v2,24.7,10.2,29.1,33.4,34.8,24.7,40.8,37.1,11.9,22.2,15.1,18.1,41.6,70.4,34.5,43.9,85.3,93.5,58.7,77.5,103.1,41.1,97.3,109.6,211.3,180.1,260.0,270.6,67.1,134.1,96.4,110.8,228.4,316.3,192.2,239.8,331.8,498.8,268.0,362.1,174.0,102.4,143.9,137.5,274.4,253.8,334.4,342.8,148.9,287.2,177.6,177.2,333.8,567.5,338.2,371.7,439.7,725.1,431.8,531.2,37.1,80.0,34.2,39.1,68.5,207.8,93.0,98.6,156.1,297.3,188.9,175.2,42.1,70.4,155.2,37.9,71.8,101.9,199.4,64.6,163.7,245.5,111.8,128.9,275.1,596.5,258.8,280.6,580.2,862.8,615.0,650.2,103.6,157.9,332.9,90.4,246.0,328.7,605.1,185.4,423.5,598.5,321.0,496.7,617.1,1335.0,497.5,843.3,1042.0,1490.0,1009.0,1073.0,332.6,429.6,758.8,280.7,600.8,836.5,1108.0,329.0
2026-06-11,07,1,official_closing,closing_displayed,https://www.boatrace.jp/owpc/pc/race/odds3t?hd=20260611&jcd=07&rno=1,official_table_v2,30.2,46.6,34.0,48.7,36.6,42.9,29.3,42.6,66.1,65.1,65.9,67.6,50.0,43.4,66.8,49.0,121.9,112.7,140.2,85.9,41.2,69.2,45.1,70.5,73.4,88.1,42.9,70.1,111.2,111.1,71.5,79.1,87.6,71.4,104.4,52.1,160.5,185.9,163.2,118.8,97.0,85.6,51.4,73.7,129.2,130.6,81.9,105.0,113.2,143.9,51.6,85.5,76.4,91.9,71.4,34.2,139.2,148.0,138.0,57.3,166.6,155.7,98.2,103.5,210.9,218.8,127.3,146.8,226.9,299.0,135.8,158.6,74.8,103.8,101.3,39.7,133.1,184.7,192.5,83.7,85.5,75.3,95.3,62.6,119.2,134.6,159.3,86.5,109.9,138.4,138.6,79.1,100.8,149.6,130.1,65.0,86.7,80.7,92.9,93.9,274.8,355.9,444.9,276.9,233.8,380.0,315.9,241.2,463.3,470.8,406.5,221.1,519.4,368.5,467.7,273.3,251.2,208.2,176.2,214.0
2026-06-11,07,2,official_closing,closing_displayed,https://www.boatrace.jp/owpc/pc/race/odds3t?hd=20260611&jcd=07&rno=2,official_table_v2,6.7,20.8,87.6,19.5,13.4,48.2,171.1,43.6,70.2,125.2,504.3,142.5,309.0,567.4,1200.0,657.3,72.2,111.6,233.1,605.2,6.7,17.4,79.7,14.3,12.4,28.2,94.6,21.8,57.1,68.5,284.8,67.4,275.1,306.4,698.3,413.8,48.3,50.8,100.5,279.3,31.3,93.2,236.2,67.7,25.9,51.5,146.2,38.9,203.4,149.9,476.2,216.1,648.5,389.4,802.5,642.7,173.3,108.3,336.2,538.0,172.5,371.5,752.6,361.3,152.4,284.2,623.4,179.1,468.5,428.5,1030.0,565.2,1190.0,968.4,1332.0,764.5,280.4,223.4,464.1,695.0,631.5,1181.0,1729.0,1689.0,612.9,1750.0,2105.0,1596.0,1320.0,2045.0,1815.0,1963.0,1750.0,2269.0,1750.0,1669.0,1669.0,1911.0,1793.0,2848.0,152.7,274.0,507.9,1171.0,128.8,208.4,353.4,907.9,449.7,276.1,994.9,1513.0,666.3,464.1,968.4,1320.0,2045.0,1709.0,2075.0,2740.0
2026-06-11,07,3,official_closing,closing_displayed,https://www.boatrace.jp/owpc/pc/race/odds3t?hd=20260611&jcd=07&rno=3,official_table_v2,20.2,25.4,32.1,46.3,46.7,96.3,100.6,130.8,67.5,144.9,110.3,176.8,74.7,145.7,178.0,208.5,164.3,309.4,389.1,410.3,13.6,14.4,23.2,31.5,28.2,21.3,36.7,23.7,30.3,30.7,33.2,21.6,49.3,64.5,50.9,63.8,79.0,61.9,51.8,104.7,91.2,125.1,199.7,292.0,78.9,65.5,96.1,100.9,158.2,117.6,166.4,278.5,273.5,177.0,237.4,263.9,539.2,252.5,515.3,533.5,99.9,292.0,96.1,202.6,80.7,142.9,46.3,81.9,360.3,221.0,187.3,362.9,78.9,56.4,181.7,70.1,332.5,181.9,557.1,156.4,119.4,371.9,162.3,214.1,100.3,213.8,107.3,125.7,476.3,315.8,468.9,496.7,158.4,108.4,374.6,133.5,305.0,217.8,650.8,281.1,390.1,999.9,1041.0,1495.0,294.3,355.2,351.9,513.6,1336.0,510.1,1360.0,1424.0,1313.0,418.2,1313.0,943.7,1525.0,686.3,1641.0,1135.0
2026-06-11,07,4,official_closing,closing_displayed,https://www.boatrace.jp/owpc/pc/race/odds3t?hd=20260611&jcd=07&rno=4,official_table_v2,23.8,9.8,19.9,203.2,33.0,22.7,38.1,258.7,9.5,23.5,8.5,89.1,30.0,51.2,22.8,140.8,545.7,568.6,464.5,506.8,108.1,58.2,101.0,627.6,301.8,460.0,599.8,1252.0,114.3,339.6,166.7,740.4,210.4,531.4,240.9,1041.0,1712.0,2221.0,2090.0,2330.0,172.9,121.5,197.5,680.1,309.0,464.5,620.7,1512.0,187.4,381.1,233.0,872.1,330.2,544.6,343.3,1380.0,1615.0,2311.0,2349.0,2584.0,22.7,70.3,14.3,86.4,51.3,184.1,59.6,227.4,161.1,292.5,188.1,553.1,15.8,29.7,84.2,45.1,245.9,354.9,610.1,192.6,53.1,112.9,40.8,210.1,91.3,279.5,118.7,457.1,240.1,374.5,248.5,1089.0,38.2,66.7,127.1,115.1,555.3,734.6,1160.0,441.4,2292.0,2256.0,1921.0,2682.0,1496.0,4061.0,3230.0,3790.0,2632.0,4902.0,3124.0,3510.0,1723.0,3344.0,2871.0,1106.0,2369.0,3842.0,3598.0,1151.0
2026-06-11,07,5,official_closing,closing_displayed,https://www.boatrace.jp/owpc/pc/race/odds3t?hd=20260611&jcd=07&rno=5,official_table_v2,104.8,209.4,215.9,353.2,56.8,19.2,13.8,34.2,192.9,51.1,90.0,138.5,207.6,48.1,138.1,147.0,527.3,177.0,362.5,325.1,424.8,973.8,818.4,1127.0,476.4,808.5,743.9,1021.0,1282.0,1018.0,1299.0,1660.0,1170.0,1018.0,913.7,1013.0,2042.0,1755.0,2470.0,1466.0,75.6,14.4,9.0,26.9,174.4,229.8,163.8,221.8,20.7,107.0,8.6,15.9,16.8,87.9,9.6,11.6,61.9,175.2,39.3,27.8,573.4,113.0,194.3,308.8,937.3,760.9,955.2,1075.0,93.8,407.1,49.8,90.7,256.7,568.5,114.4,175.5,532.9,879.6,265.5,343.2,536.5,153.5,387.0,349.5,1028.0,753.7,1312.0,995.6,110.0,406.7,86.2,92.2,529.4,928.6,173.5,305.2,401.4,595.5,178.2,380.8,1533.0,738.4,1588.0,1375.0,1399.0,1896.0,2798.0,1811.0,648.6,1444.0,497.8,310.2,1879.0,2199.0,768.2,971.4,1282.0,1399.0,376.5,899.4
2026-06-11,07,6,official_closing,closing_displayed,https://www.boatrace.jp/owpc/pc/race/odds3t?hd=20260611&jcd=07&rno=6,official_table_v2,46.2,82.5,16.6,16.2,115.6,403.3,215.4,215.5,278.1,699.2,567.2,410.4,34.9,171.7,333.8,57.3,32.3,143.7,252.9,56.5,33.4,58.0,11.0,11.5,83.4,160.2,55.3,43.8,200.0,242.2,145.7,110.7,24.5,38.6,63.5,12.9,15.9,26.3,52.6,10.6,264.0,691.8,497.0,524.8,222.0,327.4,188.7,167.9,811.6,488.4,913.3,646.3,757.0,320.3,986.5,484.7,564.7,219.5,651.7,468.6,480.0,1030.0,669.4,688.2,397.6,638.0,342.6,252.3,1196.0,811.6,1196.0,971.9,776.4,465.8,1192.0,556.7,776.4,335.3,979.2,644.2,129.7,442.8,694.2,177.6,90.3,158.2,206.8,51.0,832.2,325.6,1072.0,459.3,1069.0,538.5,1164.0,713.1,161.0,59.2,238.4,379.2,65.4,214.0,412.6,128.6,43.1,65.8,129.4,32.5,316.9,146.9,479.4,275.8,587.5,287.3,635.9,556.0,139.1,53.5,191.6,374.5
2026-06-11,07,7,official_closing,closing_displayed,https://www.boatrace.jp/owpc/pc/race/odds3t?hd=20260611&jcd=07&rno=7,official_table_v2,14.7,15.4,86.0,250.6,8.7,3.3,26.8,82.8,9.8,5.4,31.4,92.0,182.2,145.0,150.1,413.6,660.3,540.2,607.0,714.6,167.2,177.6,443.8,1069.0,290.8,322.4,801.3,1367.0,286.4,367.2,929.6,1348.0,1026.0,1164.0,1823.0,1915.0,2455.0,2901.0,2605.0,2678.0,49.7,16.0,62.8,172.6,157.4,177.1,375.1,791.3,28.8,89.2,116.7,230.3,275.7,644.8,401.0,989.7,962.3,1532.0,1024.0,1532.0,73.1,34.7,100.8,227.1,166.0,212.6,414.0,654.7,48.3,155.3,191.4,394.4,226.6,394.4,341.3,575.1,681.5,899.1,851.1,1013.0,920.7,662.6,984.6,1557.0,1329.0,1679.0,2048.0,2795.0,799.6,1658.0,1733.0,3165.0,1182.0,2015.0,1372.0,2176.0,2536.0,3064.0,2755.0,3948.0,2969.0,2349.0,2503.0,3514.0,1896.0,4118.0,3682.0,3868.0,3218.0,4209.0,3718.0,4031.0,3039.0,3647.0,3330.0,4787.0,4255.0,3755.0,4402.0,2253.0
2026-06-11,07,8,official_closing,closing_displayed,https://www.boatrace.jp/owpc/pc/race/odds3t?hd=20260611&jcd=07&rno=8,official_table_v2,14.6,25.6,20.6,76.8,24.4,72.5,60.3,200.1,68.5,119.6,166.2,328.0,75.1,146.6,239.8,376.7,321.2,605.9,830.9,800.6,10.1,20.1,14.5,54.8,15.4,16.2,13.1,40.4,42.8,31.0,33.9,66.3,34.9,26.1,43.5,73.6,172.3,138.4,220.2,160.5,48.0,124.2,102.1,269.8,40.1,34.7,33.5,91.0,207.6,82.4,151.1,338.1,188.9,90.2,204.3,354.9,636.5,321.9,706.8,680.2,185.7,355.2,291.9,625.0,161.8,130.0,104.2,300.3,451.0,189.1,327.2,789.9,270.1,134.4,302.7,352.5,1107.0,523.0,1104.0,759.7,235.7,415.4,662.9,785.5,185.6,147.7,218.6,340.1,444.3,234.0,609.5,817.9,633.6,309.0,585.5,647.4,1369.0,650.4,1075.0,1383.0,908.9,1203.0,2492.0,2102.0,754.1,779.6,1565.0,1084.0,2030.0,923.0,2851.0,2569.0,3177.0,1779.0,2851.0,2179.0,2668.0,1182.0,2392.0,2634.0
2026-06-11,07,9,official_closing,closing_displayed,https://www.boatrace.jp/owpc/pc/race/odds3t?hd=20260611&jcd=07&rno=9,official_table_v2,8.8,6.1,25.4,50.0,27.6,47.0,104.9,271.1,20.8,52.5,84.9,182.8,113.5,278.3,252.7,524.3,274.2,750.6,619.1,798.2,8.0,4.8,23.7,37.2,32.0,32.5,99.2,155.7,15.4,31.6,45.9,91.2,114.1,228.6,151.0,323.1,222.7,444.7,308.2,485.6,100.9,132.2,276.3,570.4,103.6,118.1,318.5,498.6,236.5,187.9,402.1,709.5,723.9,670.6,714.2,1475.0,1684.0,1277.0,1398.0,1990.0,66.5,198.4,206.1,441.0,65.2,160.4,161.7,319.7,339.8,281.4,485.1,916.1,338.7,282.2,599.2,606.8,974.6,798.2,1555.0,1205.0,520.5,1056.0,1028.0,1760.0,582.9,1172.0,753.2,1664.0,1201.0,1380.0,1658.0,3056.0,1016.0,789.4,1349.0,1435.0,2725.0,2194.0,3056.0,2657.0,779.3,1860.0,1725.0,2546.0,695.7,1691.0,1240.0,1953.0,2312.0,2502.0,1901.0,3507.0,2182.0,1876.0,2205.0,2577.0,3507.0,2725.0,3595.0,2852.0
2026-06-11,07,10,official_closing,closing_displayed,https://www.boatrace.jp/owpc/pc/race/odds3t?hd=20260611&jcd=07&rno=10,official_table_v2,6.5,8.2,21.5,15.4,8.6,8.3,18.7,12.5,14.5,13.6,30.6,20.8,36.9,34.5,46.1,40.6,34.2,32.7,49.0,54.4,143.9,173.5,271.6,235.5,313.4,1230.0,1103.0,831.4,623.5,1625.0,1650.0,1441.0,853.5,1578.0,2053.0,1300.0,638.9,1167.0,1686.0,1504.0,188.1,235.7,299.9,203.8,355.6,1121.0,1174.0,874.0,608.9,1426.0,1670.0,1030.0,868.4,1538.0,1972.0,1294.0,600.2,1224.0,1476.0,1382.0,248.7,324.5,331.2,210.5,590.5,1456.0,1179.0,982.4,789.4,1620.0,1890.0,1208.0,528.8,1083.0,1415.0,622.1,497.9,943.4,1184.0,966.8,372.6,507.6,632.9,289.4,759.7,1460.0,1796.0,1088.0,1004.0,1660.0,2008.0,970.2,1006.0,1601.0,1814.0,965.1,541.9,961.7,1050.0,1216.0,216.1,270.4,355.6,462.9,464.5,896.9,1352.0,1379.0,641.9,1058.0,1476.0,1468.0,751.4,1565.0,1538.0,1492.0,701.2,1352.0,1397.0,1492.0
2026-06-11,07,11,official_closing,closing_displayed,https://www.boatrace.jp/owpc/pc/race/odds3t?hd=20260611&jcd=07&rno=11,official_table_v2,18.0,16.9,12.1,27.6,21.1,19.1,18.7,37.2,18.5,22.1,8.8,21.6,14.9,25.3,13.5,20.7,84.8,130.7,74.6,60.0,199.9,190.1,135.6,251.3,592.9,1363.0,864.3,1233.0,523.3,1431.0,754.1,1156.0,278.4,907.7,686.2,540.7,911.6,1995.0,1705.0,1012.0,288.7,275.3,195.0,335.2,593.5,1467.0,1025.0,1326.0,485.2,1285.0,694.5,870.2,483.3,940.1,786.9,673.0,1072.0,2343.0,1797.0,1614.0,106.1,139.6,31.9,60.0,325.1,740.8,285.3,424.9,392.0,964.4,414.3,621.5,37.2,133.9,184.0,45.0,158.6,341.6,477.8,115.0,73.5,135.3,51.9,59.7,191.9,617.8,426.3,336.0,339.2,773.4,650.9,555.0,67.7,202.4,336.9,89.5,148.4,310.4,495.8,192.8,863.1,1196.0,611.3,519.8,1144.0,2824.0,2703.0,1601.0,1669.0,2984.0,2433.0,2088.0,795.8,2174.0,2174.0,573.0,627.0,1275.0,1833.0,607.1
2026-06-11,07,12,official_closing,closing_displayed,https://www.boatrace.jp/owpc/pc/race/odds3t?hd=20260611&jcd=07&rno=12,official_table_v2,6.7,23.1,13.3,15.9,7.1,18.0,8.4,12.6,47.5,43.1,56.3,49.1,25.2,19.4,61.0,28.2,47.4,41.6,92.4,56.1,76.2,173.2,111.5,123.9,184.7,626.7,407.4,494.5,551.3,1022.0,1170.0,1245.0,377.0,583.8,1294.0,670.7,526.7,964.3,1597.0,1107.0,52.9,71.2,41.1,50.6,144.3,391.2,247.2,245.7,172.0,367.8,248.6,220.0,107.0,227.6,260.5,144.7,168.0,330.3,364.1,235.8,381.9,392.3,368.1,319.4,808.9,1304.0,1297.0,1232.0,506.1,1116.0,791.4,684.5,557.2,998.5,927.7,582.9,693.1,1544.0,1362.0,985.9,190.8,147.6,381.9,169.6,487.5,786.3,1454.0,746.3,269.9,584.7,852.8,425.1,840.5,1446.0,1301.0,863.6,350.3,692.3,527.7,969.4,397.7,374.8,773.6,439.5,730.4,1229.0,1876.0,1544.0,615.5,1185.0,1475.0,983.3,1422.0,2359.0,1860.0,1995.0,669.9,1479.0,1033.0,1645.0
2026-06-11,09,1,official_closing,closing_displayed,https://www.boatrace.jp/owpc/pc/race/odds3t?hd=20260611&jcd=09&rno=1,official_table_v2,15.2,7.8,4.7,10.6,34.2,43.8,33.8,37.6,19.4,57.1,21.3,39.3,11.6,38.9,26.7,18.1,39.6,68.9,61.3,44.5,71.5,50.0,28.9,50.1,216.1,436.4,307.2,694.9,199.8,430.2,248.1,602.2,87.6,338.3,246.8,246.8,378.0,1062.0,903.4,460.9,365.7,485.7,329.7,496.3,504.7,722.7,705.8,1411.0,885.7,971.4,1272.0,1348.0,602.2,894.4,1368.0,1411.0,1922.0,2509.0,2151.0,2737.0,179.6,475.4,148.8,265.7,242.2,579.1,358.5,772.1,941.0,1143.0,1272.0,1673.0,208.6,350.1,821.3,361.3,689.6,1075.0,1922.0,694.9,93.3,189.7,131.3,94.0,163.0,649.9,451.7,347.4,586.6,1075.0,1237.0,1237.0,255.9,438.5,1143.0,465.6,256.6,557.6,1531.0,649.9,339.6,912.5,679.2,401.5,586.6,1613.0,1584.0,941.0,1922.0,3226.0,3011.0,3613.0,1038.0,2258.0,2441.0,1584.0,525.2,844.3,2377.0,1003.0
2026-06-11,09,2,official_closing,closing_displayed,https://www.boatrace.jp/owpc/pc/race/odds3t?hd=20260611&jcd=09&rno=2,official_table_v2,24.7,18.7,43.9,270.1,25.1,8.2,15.2,219.6,15.5,7.2,10.4,122.2,70.0,29.9,33.0,332.8,993.2,626.8,516.5,849.5,122.2,94.5,203.0,733.6,220.3,228.9,304.5,1793.0,149.7,258.2,245.4,1041.0,322.8,516.5,391.2,1655.0,3228.0,2582.0,2690.0,2483.0,113.4,41.1,51.5,403.5,261.3,255.1,185.5,1537.0,49.7,165.9,68.1,436.2,114.6,279.4,133.1,827.7,2305.0,2807.0,1655.0,430.4,38.0,25.2,16.9,124.4,82.3,130.4,95.7,474.7,41.7,140.9,62.8,354.7,20.7,58.2,53.2,142.5,419.2,1041.0,1076.0,496.6,239.1,158.2,93.3,592.3,352.8,457.8,327.7,963.6,281.9,524.9,285.6,1467.0,83.4,201.7,192.7,489.1,2017.0,2226.0,3228.0,1614.0,1898.0,2305.0,1956.0,2226.0,1655.0,1699.0,1537.0,1793.0,2305.0,3228.0,2152.0,2934.0,1699.0,2305.0,2934.0,2017.0,2690.0,2807.0,3228.0,1956.0
2026-06-11,09,3,official_closing,closing_displayed,https://www.boatrace.jp/owpc/pc/race/odds3t?hd=20260611&jcd=09&rno=3,official_table_v2,26.8,17.1,105.5,55.6,46.2,42.8,130.7,145.9,24.9,42.1,93.6,86.7,254.8,236.5,238.5,381.1,243.2,418.5,222.3,477.0,23.6,15.6,105.8,32.2,51.7,19.9,90.6,57.4,19.2,14.8,55.3,29.3,268.5,277.2,176.4,252.6,154.9,166.7,82.9,354.3,107.1,88.7,216.1,216.7,108.9,36.0,129.1,98.9,103.0,55.6,162.9,133.0,420.6,400.8,341.5,420.6,588.8,447.0,285.5,569.2,35.3,67.1,83.2,61.4,25.9,25.4,37.5,25.2,103.5,45.7,123.7,98.9,85.8,57.0,125.7,73.9,73.2,40.0,121.8,82.1,813.2,783.3,597.1,1067.0,776.2,798.0,474.3,742.5,981.4,1219.0,871.3,1778.0,490.7,376.1,569.2,371.2,1255.0,1080.0,1816.0,533.6,672.3,1219.0,717.5,1856.0,769.2,1054.0,217.2,1067.0,1255.0,1202.0,711.5,2033.0,588.8,225.2,661.9,520.6,1856.0,1581.0,1940.0,667.0
2026-06-11,09,4,official_closing,closing_displayed,https://www.boatrace.jp/owpc/pc/race/odds3t?hd=20260611&jcd=09&rno=4,official_table_v2,41.1,83.4,54.7,341.2,33.5,12.3,8.2,103.3,94.4,29.0,34.1,226.0,50.3,15.6,30.1,122.4,716.5,439.6,474.5,490.7,240.4,310.1,242.0,833.1,361.8,484.1,354.7,1279.0,436.9,445.0,371.2,716.5,363.7,395.8,494.1,1326.0,1936.0,1837.0,1492.0,2047.0,92.1,17.6,10.6,95.7,236.4,284.3,196.8,884.6,32.7,195.7,20.6,148.3,19.6,96.5,19.5,75.5,501.0,1085.0,523.0,255.0,266.3,61.2,69.9,308.8,393.7,484.1,367.4,762.2,60.0,315.6,39.1,213.2,65.6,236.4,44.5,120.0,669.6,873.8,526.8,367.4,111.2,31.1,52.3,127.5,243.7,247.9,365.5,623.0,37.3,131.4,40.2,109.0,70.1,259.6,51.5,146.5,271.4,895.6,242.0,317.0,2171.0,1433.0,2470.0,2171.0,1837.0,2559.0,2171.0,2470.0,1085.0,2866.0,1194.0,884.6,2311.0,2653.0,1557.0,1351.0,1524.0,2755.0,853.0,1257.0
2026-06-11,09,5,official_closing,closing_displayed,https://www.boatrace.jp/owpc/pc/race/odds3t?hd=20260611&jcd=09&rno=5,official_table_v2,7.0,39.3,10.0,44.3,7.4,30.6,6.5,28.9,97.8,82.0,96.3,158.1,12.8,11.1,52.4,23.2,135.4,99.5,209.3,95.4,64.2,243.4,77.7,246.6,192.8,751.7,355.3,850.0,795.0,1270.0,1032.0,1398.0,205.7,306.1,703.9,547.0,800.8,1151.0,1811.0,843.6,80.2,159.7,54.8,117.3,216.2,646.2,315.7,686.4,544.3,913.3,690.7,843.6,112.1,260.0,474.3,306.9,478.4,969.4,1163.0,627.9,722.3,789.3,699.4,1105.0,1116.0,1062.0,1347.0,2511.0,1042.0,1285.0,1649.0,1556.0,727.0,1042.0,1072.0,795.0,1841.0,3683.0,1905.0,1435.0,28.4,27.0,104.9,39.8,79.3,139.8,398.9,145.9,71.3,160.8,462.3,159.7,385.0,686.4,661.7,516.4,96.0,191.8,152.8,406.2,470.2,533.8,1347.0,361.1,863.3,1032.0,2009.0,913.3,722.3,1435.0,1625.0,986.7,2046.0,2511.0,2570.0,1700.0,368.3,751.7,638.8,795.0
2026-06-11,09,6,official_closing,closing_displayed,https://www.boatrace.jp/owpc/pc/race/odds3t?hd=20260611&jcd=09&rno=6,official_table_v2,28.0,12.5,5.9,71.5,83.1,142.3,76.7,308.4,21.7,129.2,19.2,114.0,7.9,35.6,14.4,41.2,205.8,443.7,277.4,186.2,125.9,53.5,26.5,221.8,487.4,370.3,391.9,1447.0,148.3,387.1,140.6,516.8,63.9,242.4,97.6,279.9,746.5,1425.0,871.0,622.9,537.5,528.4,470.3,1056.0,566.6,580.6,556.6,1542.0,818.0,622.9,556.6,969.8,639.9,653.2,662.4,1011.0,1844.0,1959.0,1844.0,1517.0,68.0,324.3,41.0,150.9,76.7,353.6,62.6,272.6,603.0,702.0,495.1,696.8,33.1,42.9,210.9,56.6,268.7,264.2,752.5,188.8,20.3,122.3,31.1,55.8,34.3,186.2,70.4,137.5,288.5,373.2,410.7,610.8,39.0,49.0,236.3,62.7,144.0,161.0,482.4,163.0,559.9,1404.0,1119.0,599.1,691.6,1469.0,1147.0,635.6,1404.0,2542.0,1567.0,1919.0,1175.0,922.2,2137.0,516.8,511.2,580.6,1621.0,487.4
2026-06-11,09,7,official_closing,closing_displayed,https://www.boatrace.jp/owpc/pc/race/odds3t?hd=20260611&jcd=09&rno=7,official_table_v2,78.4,42.8,33.2,429.8,70.5,18.7,17.4,314.8,33.1,17.1,5.2,177.0,30.6,16.7,6.5,177.7,620.9,757.7,667.2,588.2,234.6,186.6,162.5,1103.0,392.1,421.7,310.4,1295.0,353.4,480.7,336.1,1465.0,371.0,364.9,353.4,1016.0,2629.0,2794.0,2629.0,2416.0,269.3,84.0,79.4,851.5,377.2,397.3,329.9,1295.0,103.9,297.0,77.0,576.8,93.2,262.9,80.2,596.0,1902.0,2353.0,1541.0,1442.0,94.8,62.1,16.4,239.7,177.7,385.4,169.0,732.9,109.4,380.4,78.9,565.9,16.7,83.2,44.3,115.6,709.6,1004.0,971.8,516.8,76.1,44.0,23.7,170.6,290.3,343.9,254.7,548.5,113.3,294.1,92.1,513.8,24.4,108.7,48.4,162.5,638.6,903.1,951.2,565.9,3083.0,3576.0,2416.0,3193.0,3576.0,2554.0,3083.0,2483.0,2794.0,4064.0,2980.0,2884.0,2079.0,3725.0,3576.0,1442.0,2709.0,2794.0,2980.0,1655.0
2026-06-11,09,8,official_closing,closing_displayed,https://www.boatrace.jp/owpc/pc/race/odds3t?hd=20260611&jcd=09&rno=8,official_table_v2,39.0,15.0,309.5,56.7,45.8,9.8,222.5,24.0,15.1,7.6,137.0,7.0,433.3,393.9,491.9,450.5,82.8,42.8,25.9,309.5,182.0,84.1,541.7,188.8,337.0,186.8,928.6,293.5,120.0,176.0,866.7,176.0,819.8,1895.0,1596.0,1857.0,443.9,461.9,313.8,1467.0,182.3,50.2,425.2,87.0,289.8,232.7,1046.0,310.6,51.8,171.7,532.2,55.4,892.2,2219.0,1491.0,2676.0,139.3,408.1,105.0,1318.0,39.0,22.8,188.8,12.2,82.4,159.3,636.4,105.5,43.3,144.2,455.0,42.5,408.1,901.0,684.2,494.6,16.7,69.4,36.8,200.0,1022.0,1046.0,850.5,1181.0,1717.0,2459.0,3250.0,2116.0,1318.0,2757.0,1978.0,2394.0,928.6,2600.0,1596.0,1229.0,1378.0,2459.0,3250.0,1750.0,313.8,217.7,107.0,579.6,523.0,548.2,400.9,1596.0,274.9,669.1,186.8,1820.0,90.5,241.3,140.2,544.9,805.3,2116.0,2166.0,1213.0
2026-06-11,09,9,official_closing,closing_displayed,https://www.boatrace.jp/owpc/pc/race/odds3t?hd=20260611&jcd=09&rno=9,official_table_v2,3.9,9.8,17.0,24.1,5.5,12.2,18.6,31.5,24.9,27.9,62.9,66.5,60.7,67.6,126.2,148.9,83.8,101.2,140.3,210.0,33.0,49.1,85.9,94.5,81.4,245.5,410.9,366.3,195.6,398.1,588.0,523.5,367.5,790.8,796.2,988.5,258.2,623.1,1071.0,1135.0,32.0,52.3,100.7,121.2,73.2,176.1,286.6,350.6,146.4,236.9,276.3,315.0,292.5,511.9,413.9,739.7,360.5,735.0,703.4,686.6,133.4,155.3,225.7,237.4,202.5,500.7,562.0,597.2,278.3,444.4,559.3,570.4,286.6,500.7,603.5,442.7,316.7,796.2,1023.0,678.5,427.8,469.9,644.1,862.1,582.0,1219.0,1303.0,1398.0,785.3,1219.0,1318.0,1349.0,774.7,1260.0,1092.0,1146.0,1365.0,2011.0,2011.0,1943.0,344.3,528.4,644.1,1470.0,514.2,988.5,1365.0,1879.0,703.4,1182.0,1528.0,2123.0,785.3,1911.0,2163.0,1977.0,2011.0,2940.0,2606.0,2205.0
2026-06-11,09,10,official_closing,closing_displayed,https://www.boatrace.jp/owpc/pc/race/odds3t?hd=20260611&jcd=09&rno=10,official_table_v2,6.4,3.3,20.5,23.0,17.4,21.0,62.8,67.3,10.4,24.2,38.9,42.4,65.2,88.7,67.9,178.2,62.7,87.3,81.7,180.7,43.8,25.3,70.3,87.8,161.0,266.8,680.2,597.5,80.1,229.1,317.4,266.3,348.6,855.9,611.9,952.2,243.7,597.5,452.1,729.0,72.7,80.6,242.6,245.3,120.4,192.8,581.5,560.1,164.7,215.5,394.7,406.3,395.7,619.3,530.8,1190.0,511.2,715.3,686.3,1120.0,66.0,140.1,176.1,167.4,97.7,294.7,337.0,290.7,217.6,313.5,523.5,460.3,312.2,425.6,611.9,418.5,317.4,398.8,538.3,507.8,309.0,493.0,369.8,1050.0,449.4,860.8,761.8,1088.0,797.7,1036.0,1043.0,1731.0,683.2,976.7,1209.0,1137.0,1154.0,1112.0,1620.0,1423.0,155.0,269.1,278.5,604.6,222.7,509.5,415.1,806.1,360.2,534.6,602.2,970.4,442.9,581.5,819.1,1002.0,1238.0,1163.0,1465.0,1238.0
2026-06-11,09,11,official_closing,closing_displayed,https://www.boatrace.jp/owpc/pc/race/odds3t?hd=20260611&jcd=09&rno=11,official_table_v2,5.4,5.5,14.6,14.0,9.7,15.2,27.1,33.3,11.8,22.6,30.3,31.1,41.9,78.5,55.3,90.3,46.5,95.3,77.4,126.8,52.1,37.5,77.9,83.8,198.3,402.8,567.6,795.4,145.3,419.1,398.4,454.0,363.2,1028.0,620.9,977.4,271.7,995.2,724.1,977.4,112.0,125.4,178.5,241.6,232.6,359.6,544.9,762.1,257.6,359.6,409.7,526.4,628.1,838.3,685.4,999.8,767.4,1191.0,1313.0,1433.0,91.1,200.5,163.0,171.0,176.9,549.0,368.8,397.7,453.1,754.2,751.6,851.4,291.0,372.5,608.8,356.1,286.7,409.7,738.8,511.6,453.1,886.0,563.2,904.4,685.4,1210.0,864.9,1171.0,1590.0,1513.0,1651.0,2658.0,775.6,981.8,1545.0,960.1,1651.0,1388.0,2476.0,1424.0,167.6,357.3,300.2,509.2,254.6,658.5,522.6,754.2,828.7,1184.0,1345.0,1801.0,487.6,716.9,1524.0,1217.0,1345.0,1397.0,2224.0,1590.0
2026-06-11,09,12,official_closing,closing_displayed,https://www.boatrace.jp/owpc/pc/race/odds3t?hd=20260611&jcd=09&rno=12,official_table_v2,3.5,8.2,14.2,64.6,6.7,7.0,12.7,88.4,20.3,15.8,29.1,138.0,33.3,33.3,40.8,170.1,264.7,413.5,453.0,418.6,50.4,69.4,86.4,240.7,146.2,360.8,431.0,1671.0,400.5,612.2,580.8,1061.0,475.2,898.2,695.8,1998.0,1132.0,2614.0,2018.0,2912.0,63.4,64.8,88.4,301.6,133.7,291.6,344.9,1067.0,230.3,460.2,454.1,931.0,335.3,621.6,619.7,1618.0,1415.0,2080.0,1923.0,2059.0,310.8,358.3,401.3,989.7,590.9,1078.0,910.2,1274.0,619.7,1029.0,1029.0,1836.0,643.1,863.9,1045.0,1213.0,1887.0,2265.0,2831.0,2192.0,361.5,355.8,518.8,1114.0,649.3,1213.0,906.1,2101.0,715.4,1073.0,1315.0,2871.0,906.1,1165.0,1266.0,1605.0,3136.0,3398.0,3997.0,3577.0,1488.0,2647.0,3847.0,4077.0,1960.0,4633.0,2548.0,4633.0,2316.0,4741.0,2486.0,4854.0,4854.0,3707.0,4633.0,4530.0,4633.0,6796.0,5365.0,4854.0
2026-06-11,10,1,official_closing,closing_displayed,https://www.boatrace.jp/owpc/pc/race/odds3t?hd=20260611&jcd=10&rno=1,official_table_v2,12.6,5.7,10.3,29.0,19.6,15.5,16.7,62.7,7.7,18.6,9.1,25.0,18.2,25.4,16.6,36.7,87.7,141.5,84.5,88.1,304.7,116.9,167.8,317.0,658.7,1291.0,1523.0,2857.0,347.9,1228.0,837.2,1493.0,480.2,1731.0,1228.0,2077.0,1503.0,3312.0,2753.0,3361.0,208.9,177.1,158.4,406.7,509.0,896.3,1058.0,2005.0,398.9,903.4,804.8,1242.0,295.7,802.0,754.3,859.3,1313.0,2308.0,1771.0,1484.0,99.2,281.4,76.8,160.0,262.4,1228.0,552.1,1025.0,572.8,1196.0,1109.0,1493.0,137.1,415.5,856.0,287.1,439.5,1142.0,1858.0,562.9,132.7,182.5,113.8,157.9,354.9,1291.0,834.2,1068.0,407.4,1269.0,1063.0,948.4,201.3,643.8,998.1,464.5,465.5,1184.0,1125.0,869.1,721.0,1731.0,716.5,822.2,1758.0,3174.0,2930.0,3628.0,2511.0,3628.0,2968.0,3516.0,1160.0,3007.0,2968.0,1484.0,1068.0,2539.0,2285.0,1609.0
2026-06-11,10,2,official_closing,closing_displayed,https://www.boatrace.jp/owpc/pc/race/odds3t?hd=20260611&jcd=10&rno=2,official_table_v2,4.8,6.4,11.3,35.8,14.7,30.8,44.1,115.7,21.2,52.0,59.2,121.7,37.7,90.8,107.1,145.3,159.4,408.0,365.5,383.5,10.4,11.2,16.6,48.2,51.1,97.9,122.8,239.3,53.1,119.9,134.9,202.5,80.1,203.5,217.0,323.2,286.4,619.1,433.6,604.1,83.3,153.5,194.4,408.0,114.2,185.7,301.7,397.6,387.1,347.6,768.2,813.4,450.1,538.7,921.8,1152.0,1546.0,1323.0,1816.0,1914.0,95.1,262.5,199.9,324.5,117.4,320.7,257.9,266.2,513.2,569.5,1050.0,1082.0,226.0,289.7,705.1,556.8,701.1,455.8,1546.0,1116.0,121.9,259.0,277.7,282.5,154.9,404.7,424.7,406.0,628.5,669.1,1323.0,1464.0,408.0,471.4,1257.0,703.1,651.5,670.9,1508.0,1174.0,649.8,1871.0,1648.0,1914.0,838.0,1991.0,1352.0,1975.0,3771.0,3555.0,4525.0,4148.0,2326.0,1481.0,3829.0,5079.0,2145.0,2183.0,3111.0,3771.0
2026-06-11,10,3,official_closing,closing_displayed,https://www.boatrace.jp/owpc/pc/race/odds3t?hd=20260611&jcd=10&rno=3,official_table_v2,10.2,30.0,38.4,396.3,6.5,9.2,12.8,260.2,46.5,30.5,86.0,623.9,86.4,56.2,146.0,949.4,1482.0,1122.0,1766.0,2107.0,26.6,63.0,85.7,790.1,37.4,71.7,104.2,1219.0,122.9,126.6,256.0,1906.0,266.8,273.8,506.7,3079.0,2894.0,3245.0,4289.0,5221.0,11.5,14.0,15.1,251.2,28.9,41.1,52.8,669.0,29.9,37.8,43.8,411.3,49.2,73.9,91.5,704.4,1112.0,1404.0,1213.0,2163.0,109.3,76.8,186.0,953.1,163.2,136.2,329.0,1819.0,66.3,83.5,109.9,903.0,235.9,285.2,206.0,1357.0,2354.0,2426.0,1906.0,2502.0,321.5,190.4,504.6,2088.0,480.4,473.7,899.6,3202.0,195.1,358.5,487.2,2528.0,627.1,927.4,663.5,2332.0,3753.0,4448.0,3585.0,3753.0,2070.0,2244.0,3336.0,4902.0,2729.0,3160.0,5110.0,5459.0,2929.0,4709.0,4709.0,3812.0,1668.0,4902.0,4902.0,5110.0,3245.0,5586.0,4003.0,4619.0
2026-06-11,10,4,official_closing,closing_displayed,https://www.boatrace.jp/owpc/pc/race/odds3t?hd=20260611&jcd=10&rno=4,official_table_v2,25.8,22.9,20.8,67.2,23.3,7.9,7.5,21.0,24.8,13.1,9.4,33.6,21.3,13.6,14.0,17.4,132.8,67.3,76.4,46.2,261.5,304.9,210.3,382.3,513.3,862.8,1120.0,1619.0,686.6,964.3,978.7,1703.0,528.8,1208.0,1249.0,1552.0,967.8,2649.0,3238.0,2732.0,179.9,85.1,66.5,160.6,426.4,597.4,679.5,1165.0,159.2,498.6,202.0,538.5,181.2,579.0,258.4,462.6,827.4,1987.0,1214.0,971.4,220.7,134.5,69.1,168.8,537.4,913.9,736.7,1092.0,223.8,740.9,313.0,736.7,102.1,415.0,283.5,250.5,456.1,1024.0,1106.0,552.2,111.0,83.5,70.0,75.2,394.4,1111.0,986.0,1024.0,229.4,809.5,417.0,588.1,131.0,579.0,380.6,321.0,239.9,758.0,646.0,585.4,843.3,895.2,794.8,556.8,1345.0,1481.0,3544.0,3198.0,1714.0,3049.0,2820.0,1887.0,1345.0,3451.0,2947.0,1887.0,802.1,3049.0,1808.0,1649.0
2026-06-11,10,5,official_closing,closing_displayed,https://www.boatrace.jp/owpc/pc/race/odds3t?hd=20260611&jcd=10&rno=5,official_table_v2,11.3,6.0,32.7,8.4,22.1,24.5,69.5,37.3,10.7,30.6,36.3,12.4,108.5,167.4,108.6,130.5,34.6,84.4,35.0,138.6,41.9,25.2,90.5,26.3,164.2,265.0,583.3,237.8,94.1,290.7,386.9,128.7,477.3,954.7,806.7,644.6,140.7,402.7,212.0,609.0,144.1,132.9,321.2,153.1,195.9,268.3,641.6,224.8,245.2,332.0,440.7,303.8,910.6,1215.0,1313.0,1359.0,470.0,510.0,606.4,1226.0,54.6,135.5,87.9,40.9,105.5,371.3,248.7,113.3,394.1,615.8,802.0,486.6,138.4,215.5,483.2,120.0,61.6,91.0,252.2,117.5,587.0,682.9,396.4,518.6,1053.0,1791.0,1112.0,1231.0,1524.0,2090.0,2225.0,2485.0,516.6,809.1,1567.0,444.3,843.7,1073.0,1929.0,554.0,148.7,397.5,135.6,560.7,273.1,682.9,364.4,1090.0,833.5,907.6,1130.0,1876.0,188.0,312.4,709.2,425.1,1126.0,1524.0,1970.0,672.9
2026-06-11,10,6,official_closing,closing_displayed,https://www.boatrace.jp/owpc/pc/race/odds3t?hd=20260611&jcd=10&rno=6,official_table_v2,23.6,9.2,6.3,24.7,59.2,60.6,52.2,113.5,18.9,81.5,19.5,42.5,11.5,57.2,21.3,29.1,78.1,219.6,90.1,64.6,100.0,50.2,30.2,71.9,310.0,545.3,341.2,699.3,162.4,585.3,179.4,302.3,63.3,311.0,157.9,95.9,241.4,769.8,532.6,255.9,386.5,460.3,250.3,663.8,517.5,800.1,594.8,930.0,555.2,990.4,864.2,1229.0,473.4,676.1,939.6,769.8,1665.0,1712.0,1970.0,1465.0,74.5,286.7,46.9,88.5,129.3,546.9,101.7,188.8,661.4,1047.0,750.9,916.1,48.4,64.3,289.9,58.4,178.2,213.8,659.0,140.2,35.4,161.5,48.8,48.6,62.6,311.6,140.6,102.7,389.0,499.2,694.0,600.7,73.9,109.1,421.2,87.5,104.2,126.8,540.4,155.1,255.1,750.9,390.6,290.8,323.1,832.8,551.8,284.5,1318.0,1205.0,1526.0,1029.0,516.1,686.2,1489.0,418.3,324.8,339.3,893.7,401.8
2026-06-11,10,7,official_closing,closing_displayed,https://www.boatrace.jp/owpc/pc/race/odds3t?hd=20260611&jcd=10&rno=7,official_table_v2,62.2,222.5,47.4,196.3,53.9,126.9,19.6,83.6,376.3,327.4,218.7,587.4,31.2,16.7,101.5,39.7,370.6,250.7,680.1,176.2,84.9,358.9,49.2,228.3,113.4,380.0,47.8,169.4,853.9,828.3,398.0,1009.0,46.3,35.4,155.6,49.1,633.4,507.4,1101.0,276.5,75.8,158.7,25.5,81.4,116.2,313.6,48.6,134.1,313.1,402.1,138.7,312.6,19.6,28.7,65.0,19.0,181.8,228.3,343.0,72.7,1174.0,936.4,712.6,1336.0,1219.0,1181.0,1167.0,1881.0,842.7,1065.0,519.6,846.4,648.3,751.3,515.5,525.3,1863.0,2253.0,1762.0,1365.0,27.6,16.5,102.4,25.5,35.6,27.0,101.8,33.3,19.3,28.3,82.6,15.9,257.4,229.1,187.2,161.4,39.9,51.4,26.9,144.3,877.1,728.7,2228.0,534.0,1811.0,1318.0,2809.0,650.4,804.3,923.0,1457.0,230.4,3400.0,2730.0,2178.0,1602.0,408.9,450.7,200.8,950.2
2026-06-11,10,8,official_closing,closing_displayed,https://www.boatrace.jp/owpc/pc/race/odds3t?hd=20260611&jcd=10&rno=8,official_table_v2,35.5,10.9,22.9,166.8,47.3,32.3,42.3,335.2,9.3,21.1,11.1,107.5,40.5,58.2,30.2,201.6,409.8,523.7,382.8,475.8,108.0,28.7,54.8,228.8,272.7,181.5,264.6,613.1,37.3,96.2,31.5,175.6,121.1,193.3,63.8,413.2,773.5,861.9,664.5,698.3,133.8,90.1,107.2,670.4,195.1,130.0,142.3,721.7,106.2,98.0,76.8,569.2,245.2,224.1,158.4,739.4,1160.0,1012.0,1101.0,1151.0,21.0,46.9,20.7,151.4,29.6,74.7,22.2,154.2,103.4,95.8,69.5,428.5,34.0,28.4,77.0,119.9,428.5,376.1,639.1,288.4,169.1,276.7,128.4,534.9,195.6,345.1,115.6,564.9,413.2,513.0,372.4,1047.0,110.9,96.2,244.4,281.4,1033.0,1005.0,1278.0,777.5,861.9,1464.0,897.8,1423.0,1246.0,1508.0,985.9,1142.0,1909.0,1933.0,1714.0,1733.0,1033.0,1005.0,1714.0,1019.0,2320.0,1817.0,2038.0,1216.0
2026-06-11,10,9,official_closing,closing_displayed,https://www.boatrace.jp/owpc/pc/race/odds3t?hd=20260611&jcd=10&rno=9,official_table_v2,17.1,54.9,25.6,77.3,20.0,57.6,24.2,91.6,130.5,146.6,170.1,270.3,49.2,50.5,185.0,163.7,296.0,357.5,609.9,390.5,25.8,63.7,36.1,81.5,31.9,37.7,14.8,62.8,131.7,81.1,97.8,188.9,66.9,26.1,84.4,93.6,309.4,208.9,419.9,241.6,36.1,64.9,31.4,90.9,26.3,31.4,12.4,50.3,91.0,54.7,50.5,98.3,39.8,17.9,50.6,50.9,228.0,135.7,216.8,122.4,383.4,359.9,449.3,722.4,448.4,234.1,252.8,427.6,430.2,235.1,251.6,411.8,579.9,279.2,328.1,476.7,1209.0,631.8,962.1,853.4,144.0,129.9,363.6,253.4,159.9,58.1,229.5,196.7,134.9,57.9,214.8,143.0,734.9,318.7,352.7,500.3,443.7,332.8,272.0,732.4,874.6,1195.0,1793.0,1480.0,1156.0,581.5,1809.0,833.3,817.2,591.2,1298.0,576.7,2899.0,2015.0,1906.0,1941.0,1003.0,900.7,594.5,1959.0
2026-06-11,10,10,official_closing,closing_displayed,https://www.boatrace.jp/owpc/pc/race/odds3t?hd=20260611&jcd=10&rno=10,official_table_v2,12.0,16.5,45.5,36.2,10.7,10.5,38.0,21.9,27.2,24.6,70.6,45.6,114.0,116.7,160.0,134.9,101.7,87.2,115.9,181.4,29.6,34.0,79.9,56.3,51.8,59.7,132.9,82.8,65.4,71.8,144.3,77.5,216.8,237.7,259.4,276.1,172.5,169.1,179.7,289.2,30.4,26.5,84.9,48.3,48.7,55.2,153.4,74.1,49.9,67.6,167.5,65.9,237.7,289.8,346.7,291.2,130.2,132.6,124.5,262.3,99.9,78.6,176.2,113.3,126.9,99.7,248.0,128.7,93.6,104.9,277.7,116.8,292.1,399.2,377.7,229.6,197.7,168.5,170.2,276.9,354.4,312.1,434.2,349.7,498.2,715.1,865.9,682.8,428.4,787.6,816.7,638.8,560.3,887.2,845.5,498.2,557.1,853.0,814.3,709.8,323.0,304.8,454.1,704.6,461.4,377.7,446.4,1080.0,306.8,330.4,339.8,821.3,595.2,513.3,433.6,904.0,794.1,1300.0,1114.0,981.1
2026-06-11,10,11,official_closing,closing_displayed,https://www.boatrace.jp/owpc/pc/race/odds3t?hd=20260611&jcd=10&rno=11,official_table_v2,10.2,8.7,16.6,18.6,20.4,29.5,40.7,52.4,23.4,44.9,49.2,52.3,54.0,99.1,103.3,93.6,87.4,181.7,152.2,178.1,23.6,13.9,23.3,23.4,83.0,90.8,136.7,128.4,44.9,100.8,54.9,52.8,95.2,195.0,84.5,88.1,113.9,289.1,131.2,137.4,76.2,81.0,136.0,159.7,114.0,119.5,180.5,187.0,189.0,210.5,157.0,299.8,233.5,265.9,208.2,281.8,430.4,412.0,556.1,441.0,98.2,171.6,169.0,158.8,113.6,238.1,118.9,122.3,314.9,328.8,220.3,435.3,242.6,139.2,214.3,150.9,300.4,238.9,521.6,227.0,196.5,319.7,316.7,283.9,196.2,368.9,159.1,209.5,363.0,461.5,258.7,525.6,373.0,185.2,250.3,243.7,426.3,291.6,541.5,325.6,283.0,799.4,624.7,683.5,284.2,683.5,380.4,429.1,892.4,877.8,1029.0,959.3,758.8,430.4,1096.0,482.2,687.0,452.2,945.8,451.4
2026-06-11,10,12,official_closing,closing_displayed,https://www.boatrace.jp/owpc/pc/race/odds3t?hd=20260611&jcd=10&rno=12,official_table_v2,5.7,9.3,13.5,31.2,8.4,9.5,8.4,27.1,17.4,19.8,24.1,36.2,24.5,21.7,38.8,36.4,86.7,81.3,107.0,80.4,99.6,121.5,179.4,253.5,216.6,553.8,553.8,786.8,351.3,688.0,830.8,1148.0,464.1,719.7,1020.0,1459.0,769.4,1358.0,1509.0,1989.0,113.9,137.1,89.9,248.1,214.6,461.4,412.6,767.5,319.7,598.4,418.7,811.3,161.1,441.8,450.1,608.9,649.4,1329.0,1346.0,1010.0,202.1,263.3,223.9,305.6,386.1,743.7,826.4,1135.0,430.8,872.5,689.5,1107.0,350.9,683.5,686.5,549.9,611.3,1024.0,1123.0,862.9,300.3,177.7,373.6,379.5,566.9,761.9,1041.0,1058.0,209.2,656.2,709.9,851.1,617.3,1004.0,952.4,851.1,1024.0,1523.0,1290.0,1407.0,623.5,790.8,1183.0,1269.0,1123.0,1618.0,2459.0,2028.0,1352.0,2348.0,2366.0,1735.0,1977.0,2892.0,2716.0,2331.0,1716.0,2814.0,1670.0,2313.0
2026-06-11,11,1,official_closing,closing_displayed,https://www.boatrace.jp/owpc/pc/race/odds3t?hd=20260611&jcd=11&rno=1,official_table_v2,17.6,17.7,11.8,51.8,36.5,56.7,40.6,167.7,34.3,64.7,35.7,162.5,18.0,42.4,36.2,78.2,218.1,371.7,466.9,244.7,16.7,28.6,14.9,36.6,58.2,83.9,52.1,112.8,82.4,106.4,49.7,180.4,36.2,51.5,45.4,73.6,251.0,237.7,370.5,193.5,114.7,188.8,123.0,323.3,158.1,136.0,91.7,262.3,244.2,170.4,152.7,488.4,148.6,101.9,148.5,294.7,972.7,738.7,1167.0,794.0,92.6,231.6,80.0,195.5,120.3,208.4,77.3,205.5,344.3,289.6,245.7,566.6,66.8,57.0,139.4,76.6,322.4,304.7,627.5,213.3,38.7,124.4,75.1,137.8,54.8,113.1,62.0,103.4,235.3,154.4,299.3,288.2,92.4,72.1,209.5,115.0,255.4,203.0,351.5,239.1,1051.0,1823.0,1716.0,1155.0,1061.0,1795.0,1852.0,1006.0,2847.0,2334.0,2918.0,2652.0,1691.0,1768.0,2779.0,904.8,816.2,794.0,1599.0,839.7
2026-06-11,11,2,official_closing,closing_displayed,https://www.boatrace.jp/owpc/pc/race/odds3t?hd=20260611&jcd=11&rno=2,official_table_v2,7.6,8.1,20.1,38.3,14.0,14.8,36.3,47.2,17.4,21.5,27.4,50.4,64.2,85.2,58.4,154.1,130.4,170.7,169.7,214.9,24.4,22.1,86.6,63.2,48.9,42.6,133.1,92.1,58.1,45.2,132.1,81.7,319.3,319.3,345.3,336.9,261.2,256.9,221.4,478.3,51.7,49.9,96.4,95.4,64.8,59.5,129.3,148.3,74.5,78.8,139.3,147.7,228.3,261.2,324.0,312.1,480.4,478.3,374.5,320.3,99.5,123.1,162.2,208.4,112.7,113.3,208.8,201.2,174.8,129.2,342.1,272.8,244.4,290.8,397.4,330.8,458.5,383.6,458.5,400.3,416.9,600.5,472.2,686.3,555.2,789.3,682.1,969.3,891.1,1042.0,1127.0,1083.0,597.3,650.0,783.7,751.7,1493.0,1625.0,1227.0,1083.0,440.2,536.4,547.0,1094.0,536.4,703.8,555.2,1163.0,1083.0,1023.0,830.8,1227.0,884.0,731.8,856.6,1094.0,1556.0,1938.0,1513.0,1493.0
2026-06-11,11,3,official_closing,closing_displayed,https://www.boatrace.jp/owpc/pc/race/odds3t?hd=20260611&jcd=11&rno=3,official_table_v2,83.8,73.3,82.7,81.4,148.9,180.5,182.9,213.4,198.7,236.2,255.7,220.3,78.2,145.4,207.4,137.6,192.0,314.8,297.4,291.8,65.3,58.7,66.0,55.9,55.7,22.3,44.5,17.9,68.9,28.8,54.5,16.5,57.7,35.3,46.0,24.6,69.7,26.9,21.9,47.0,187.9,242.2,261.1,216.8,126.8,46.7,99.3,40.2,203.6,82.2,141.9,74.5,291.8,146.4,198.7,130.7,197.5,76.2,86.9,144.5,275.0,402.7,268.4,306.2,218.7,125.7,124.2,62.5,379.3,163.8,205.6,149.8,296.0,165.3,242.7,141.9,293.9,83.4,158.0,144.7,58.7,134.8,158.8,84.8,54.2,37.7,47.1,23.1,210.2,79.1,150.7,77.6,235.8,101.4,169.6,84.3,161.5,63.5,116.1,118.5,268.4,494.1,568.9,558.7,208.4,132.5,89.8,192.6,449.4,198.7,287.1,417.6,424.7,127.8,266.1,329.0,576.9,274.4,430.6,410.7
2026-06-11,11,4,official_closing,closing_displayed,https://www.boatrace.jp/owpc/pc/race/odds3t?hd=20260611&jcd=11&rno=4,official_table_v2,42.9,33.4,160.1,49.1,46.0,46.0,214.6,57.1,37.5,56.4,185.8,36.0,338.8,401.5,334.8,312.1,94.5,113.9,80.2,381.5,39.4,32.8,167.1,41.9,64.2,41.2,181.4,48.6,48.0,45.1,166.2,24.5,560.2,480.5,465.0,326.2,119.1,114.2,47.4,271.5,51.1,42.3,158.4,46.7,55.6,37.6,124.7,33.0,57.3,43.8,114.9,33.1,397.4,312.1,338.8,213.0,107.6,91.8,76.0,205.8,41.3,71.2,154.3,35.6,37.5,44.1,113.0,19.1,74.6,52.9,151.3,39.5,165.7,145.7,218.3,93.9,39.9,21.5,41.6,82.8,696.0,1417.0,726.9,679.6,998.7,1235.0,981.6,1104.0,1417.0,1137.0,1209.0,1221.0,486.6,583.0,926.2,377.8,755.6,1184.0,1351.0,524.4,252.4,407.2,151.5,918.8,274.1,288.5,104.1,420.7,431.7,353.4,161.9,897.3,118.6,85.6,130.8,386.7,981.6,957.1,998.7,499.3
2026-06-11,11,5,official_closing,closing_displayed,https://www.boatrace.jp/owpc/pc/race/odds3t?hd=20260611&jcd=11&rno=5,official_table_v2,41.9,29.3,48.3,1118.0,47.3,26.0,34.8,888.2,23.7,22.4,15.6,328.8,59.6,46.9,29.9,647.1,1776.0,1948.0,1059.0,1647.0,65.8,37.7,58.7,1169.0,134.6,105.3,141.7,2626.0,54.2,81.4,53.7,1001.0,115.7,175.0,84.9,1535.0,3623.0,3939.0,2059.0,2745.0,154.4,75.1,88.9,1497.0,253.4,183.5,222.3,2293.0,81.0,138.7,49.5,858.7,116.3,222.3,71.5,1249.0,3774.0,3552.0,1811.0,2552.0,36.2,29.0,13.7,204.9,55.4,75.2,39.6,571.5,54.9,88.9,35.7,644.8,12.0,21.1,18.7,77.5,584.5,742.6,842.7,376.7,70.6,86.7,42.1,624.8,89.7,171.5,73.2,1001.0,143.0,192.7,88.9,1258.0,30.6,43.3,49.7,183.0,1548.0,2209.0,2157.0,656.5,5845.0,7878.0,2384.0,2970.0,6039.0,7247.0,4419.0,7549.0,6969.0,7878.0,3484.0,5177.0,2415.0,4314.0,4026.0,1207.0,4419.0,9059.0,6969.0,1258.0
2026-06-11,11,6,official_closing,closing_displayed,https://www.boatrace.jp/owpc/pc/race/odds3t?hd=20260611&jcd=11&rno=6,official_table_v2,14.6,50.1,17.0,286.0,19.1,64.4,21.3,355.0,115.9,131.0,116.5,401.3,29.8,31.1,87.2,305.3,766.8,792.8,745.8,745.8,14.0,49.1,16.2,293.7,20.5,48.0,11.8,287.0,125.7,103.8,89.4,689.1,24.9,13.8,56.7,258.8,917.6,873.4,1175.0,1074.0,42.9,118.1,37.4,491.9,46.3,77.8,25.9,454.9,200.4,161.5,128.8,812.6,48.2,30.5,80.1,399.3,1408.0,1286.0,1666.0,1158.0,216.3,306.4,220.4,607.1,238.4,227.1,179.0,897.4,425.3,304.7,239.1,938.7,214.3,159.9,197.5,441.4,1649.0,1877.0,1719.0,1142.0,53.9,60.3,177.1,428.7,50.5,31.3,118.0,377.2,72.8,41.4,161.3,429.8,267.3,180.6,228.4,516.8,789.0,749.2,796.7,789.0,1296.0,1899.0,1967.0,1683.0,1317.0,1814.0,2969.0,1899.0,2016.0,2149.0,2367.0,2237.0,2149.0,2865.0,2512.0,1835.0,1899.0,2149.0,2300.0,2149.0
2026-06-11,11,7,official_closing,closing_displayed,https://www.boatrace.jp/owpc/pc/race/odds3t?hd=20260611&jcd=11&rno=7,official_table_v2,3.8,4.9,10.6,162.0,15.3,37.1,64.5,357.4,29.1,70.2,89.2,427.6,54.7,153.1,156.9,477.0,849.1,1221.0,1287.0,1425.0,8.0,9.7,22.1,189.7,30.4,44.1,97.1,438.5,36.2,54.8,106.3,496.8,82.3,190.0,226.3,668.8,825.7,973.4,1710.0,1535.0,86.6,205.0,285.7,772.4,102.2,194.6,290.6,777.4,383.7,375.3,787.7,1173.0,614.0,607.7,1151.0,1460.0,2064.0,1870.0,3070.0,2660.0,153.3,436.9,357.4,1247.0,159.6,366.1,397.7,1273.0,630.1,572.8,1273.0,1686.0,423.0,430.6,1098.0,893.5,2259.0,2259.0,2850.0,2347.0,133.4,358.4,321.8,861.3,163.1,401.7,423.0,900.2,668.8,704.3,1392.0,2920.0,477.0,509.5,1014.0,1078.0,1760.0,1787.0,2721.0,2347.0,2259.0,4789.0,5205.0,4128.0,2993.0,3741.0,5986.0,5986.0,4988.0,4128.0,4988.0,5701.0,5986.0,6301.0,7043.0,4605.0,4988.0,4434.0,5205.0,3741.0
2026-06-11,11,8,official_closing,closing_displayed,https://www.boatrace.jp/owpc/pc/race/odds3t?hd=20260611&jcd=11&rno=8,official_table_v2,12.4,8.6,14.1,12.3,20.9,22.9,32.1,30.1,12.1,29.3,18.5,14.9,32.3,48.0,40.3,34.1,29.8,54.2,42.4,49.1,51.3,42.3,64.6,56.9,141.5,194.8,208.9,216.1,105.5,165.8,166.0,144.6,228.1,357.0,297.1,235.5,174.4,376.2,310.8,319.7,202.8,166.6,220.4,232.2,275.7,387.5,479.1,414.2,379.6,544.2,564.3,400.4,437.9,754.1,700.7,604.9,537.3,858.0,662.1,858.0,99.9,185.2,101.7,88.5,161.7,423.6,272.5,209.9,429.0,646.8,644.3,547.8,166.0,283.1,481.8,150.7,153.5,224.5,447.2,188.7,290.9,314.9,323.4,237.5,488.9,845.1,689.2,644.3,457.0,1283.0,966.5,820.4,443.7,718.7,880.5,380.5,345.3,546.0,782.2,467.1,131.2,350.3,241.6,237.8,229.1,592.1,572.0,574.0,797.0,1201.0,1151.0,1184.0,459.5,542.5,989.3,618.3,422.5,611.5,961.0,618.3
2026-06-11,11,9,official_closing,closing_displayed,https://www.boatrace.jp/owpc/pc/race/odds3t?hd=20260611&jcd=11&rno=9,official_table_v2,8.0,11.6,91.1,47.6,8.1,8.9,89.3,35.4,19.0,20.0,136.9,67.5,312.9,287.0,319.2,495.9,180.4,178.4,232.4,681.5,23.5,25.6,167.3,81.5,43.3,59.0,301.0,131.0,59.3,81.6,359.5,172.7,594.0,841.5,895.8,1188.0,351.5,385.0,492.6,1194.0,28.6,29.4,143.3,69.1,48.1,65.7,267.0,118.4,53.2,68.0,192.6,93.1,426.4,476.7,491.5,707.5,244.1,275.6,284.8,707.5,34.2,51.6,113.6,65.6,43.8,63.6,169.9,77.3,72.0,68.4,197.1,104.5,177.0,207.8,293.1,203.0,129.0,138.9,188.6,226.7,605.3,829.0,983.0,1227.0,696.4,1089.0,1220.0,1501.0,978.7,1306.0,1000.0,2019.0,675.3,813.8,903.1,881.6,1598.0,1867.0,2199.0,1371.0,745.5,782.3,1014.0,1735.0,790.6,703.0,1415.0,2076.0,802.0,844.7,1005.0,2267.0,743.0,941.4,878.1,1139.0,1806.0,2057.0,2221.0,1696.0
2026-06-11,11,10,official_closing,closing_displayed,https://www.boatrace.jp/owpc/pc/race/odds3t?hd=20260611&jcd=11&rno=10,official_table_v2,28.3,6.2,7.7,17.4,85.9,152.9,150.4,207.3,17.8,109.1,27.4,38.6,18.9,114.3,36.7,41.5,60.9,256.5,91.2,84.0,59.5,14.6,15.5,28.5,168.8,178.3,163.2,256.2,41.4,197.2,52.8,59.9,44.4,197.8,67.8,71.8,102.6,440.6,146.0,151.2,383.8,841.1,693.4,1307.0,446.7,606.4,574.0,802.7,1105.0,871.4,1068.0,1412.0,844.8,706.0,1289.0,1598.0,2036.0,1712.0,2149.0,2173.0,67.8,314.5,83.4,89.7,83.4,343.6,99.9,113.2,688.4,570.6,595.2,764.6,96.1,109.8,403.8,100.0,158.3,190.6,799.4,174.2,65.3,319.7,95.5,93.4,95.7,411.6,157.9,157.0,792.8,764.6,1443.0,977.0,145.1,187.8,764.6,147.7,177.1,236.7,792.8,215.9,301.8,1138.0,390.8,496.0,374.9,1144.0,589.8,614.1,2173.0,2173.0,3394.0,2931.0,488.5,628.1,2036.0,658.0,584.4,695.9,1791.0,690.9
2026-06-11,11,11,official_closing,closing_displayed,https://www.boatrace.jp/owpc/pc/race/odds3t?hd=20260611&jcd=11&rno=11,official_table_v2,14.9,6.3,4.2,27.9,35.8,54.9,30.9,104.5,19.2,67.0,24.8,59.1,8.2,25.7,21.8,22.9,85.8,178.6,154.4,78.8,91.0,38.7,30.8,91.7,469.4,921.5,720.5,1367.0,236.9,893.3,346.7,670.8,79.2,406.2,227.4,284.7,474.5,1346.0,1108.0,803.2,450.1,748.2,363.2,1029.0,650.9,1183.0,972.7,1768.0,1297.0,1316.0,1326.0,1786.0,487.7,814.4,1591.0,1306.0,1862.0,2303.0,2466.0,2735.0,242.1,845.8,223.9,504.6,401.6,1400.0,583.6,854.1,1389.0,1945.0,1459.0,1667.0,252.3,436.6,1061.0,543.7,926.4,1199.0,2084.0,1101.0,31.6,99.9,68.9,51.8,71.8,345.3,221.9,160.7,241.5,545.4,956.8,525.8,196.0,384.8,1018.0,378.1,106.6,148.7,338.6,360.2,518.0,1297.0,1006.0,514.9,907.2,1750.0,1496.0,1191.0,2501.0,2918.0,2466.0,2824.0,1699.0,1945.0,3071.0,2274.0,521.1,761.2,1716.0,1233.0
2026-06-11,11,12,official_closing,closing_displayed,https://www.boatrace.jp/owpc/pc/race/odds3t?hd=20260611&jcd=11&rno=12,official_table_v2,10.1,27.9,23.8,40.8,12.7,9.0,10.4,31.7,38.3,23.1,43.8,62.4,35.0,23.7,60.6,49.6,131.4,109.9,175.6,126.8,38.9,107.0,83.1,130.6,76.8,107.8,73.7,105.3,279.0,234.2,352.0,385.1,195.0,152.7,466.0,322.8,496.2,321.0,876.7,554.5,49.4,31.5,30.4,72.1,87.2,95.8,64.8,105.1,104.8,139.9,102.0,146.6,68.5,88.1,127.6,125.1,415.3,325.2,542.3,324.7,247.2,167.4,221.1,303.4,382.4,504.1,482.2,553.1,232.7,597.8,347.6,466.0,320.5,542.3,353.2,326.2,580.6,1098.0,809.5,576.1,90.7,61.3,135.5,72.1,163.9,220.9,464.0,181.0,97.8,210.4,252.0,144.6,309.8,670.1,390.5,327.6,134.5,233.9,212.6,288.8,623.0,554.5,815.5,447.2,812.5,1103.0,1412.0,920.4,792.2,1246.0,1076.0,968.6,1109.0,1693.0,1508.0,990.2,491.8,686.7,697.5,751.9
2026-06-11,13,1,official_closing,closing_displayed,https://www.boatrace.jp/owpc/pc/race/odds3t?hd=20260611&jcd=13&rno=1,official_table_v2,18.4,10.4,9.8,42.5,28.3,20.4,26.1,66.0,14.0,30.9,11.7,36.7,16.7,37.0,18.8,45.3,129.8,213.9,112.5,105.5,106.8,55.6,56.3,159.6,273.4,325.9,376.2,776.4,113.8,261.9,97.3,278.4,119.6,333.2,125.3,272.0,548.4,1057.0,622.5,596.5,187.1,147.2,134.2,320.4,369.2,468.5,460.1,948.7,326.4,510.6,364.6,791.2,300.8,509.9,441.5,735.1,1198.0,1764.0,1316.0,1354.0,68.6,177.1,39.6,77.9,121.8,312.6,80.3,153.1,372.5,510.6,360.8,595.7,37.8,51.0,175.8,47.7,143.9,172.9,384.6,95.3,81.3,206.5,67.4,90.6,141.9,423.5,148.2,190.7,412.9,709.9,593.1,743.0,69.7,89.6,323.6,74.8,192.1,264.9,647.8,172.6,814.5,1219.0,860.2,666.5,944.4,2003.0,1405.0,1248.0,2396.0,2170.0,2042.0,2042.0,1161.0,1312.0,1993.0,664.4,842.7,1076.0,1638.0,651.9
2026-06-11,13,2,official_closing,closing_displayed,https://www.boatrace.jp/owpc/pc/race/odds3t?hd=20260611&jcd=13&rno=2,official_table_v2,12.1,23.9,39.5,30.2,14.8,20.2,25.8,20.4,43.9,43.0,91.3,65.3,51.4,41.5,85.6,72.9,48.1,40.2,67.6,74.0,82.6,135.6,168.0,156.5,177.1,323.3,332.2,385.8,326.3,436.5,579.7,581.9,269.5,344.8,492.4,541.6,365.0,553.3,694.9,728.9,83.6,86.7,74.4,84.8,192.4,244.9,259.3,279.1,161.1,235.3,189.2,230.4,118.9,213.0,190.3,188.5,161.1,274.6,227.5,227.5,143.5,166.1,142.0,240.8,232.5,329.6,262.7,410.9,202.8,270.3,214.8,351.4,116.7,159.7,145.2,217.4,400.9,478.1,447.5,471.8,22.9,22.1,41.7,35.8,33.3,44.1,69.0,62.6,33.0,53.1,69.8,60.7,64.9,82.1,84.2,91.4,61.2,87.2,81.9,115.2,361.6,285.9,454.6,346.1,504.8,635.6,873.9,767.8,362.7,640.0,519.6,439.0,643.5,824.0,681.6,734.7,394.7,666.8,442.0,616.0
2026-06-11,13,3,official_closing,closing_displayed,https://www.boatrace.jp/owpc/pc/race/odds3t?hd=20260611&jcd=13&rno=3,official_table_v2,7.2,8.0,6.4,12.5,17.8,32.0,28.8,60.1,21.1,45.8,40.2,54.3,12.5,29.5,39.3,37.4,58.7,145.6,130.3,119.7,27.4,25.4,23.2,43.3,102.2,223.2,188.3,284.9,115.5,278.5,205.6,250.5,75.7,209.7,225.9,198.3,199.9,556.0,411.2,350.3,141.0,229.0,171.9,353.8,230.3,558.0,420.3,626.2,611.9,879.5,882.9,1102.0,539.6,572.7,1001.0,992.4,1375.0,1491.0,2194.0,1959.0,217.6,532.6,261.0,317.2,305.1,877.8,469.1,478.0,1141.0,1315.0,1526.0,1413.0,292.2,366.0,827.0,360.0,522.9,616.8,1501.0,580.0,87.4,201.8,220.4,145.3,144.9,475.5,527.7,330.5,683.3,866.2,1642.0,1247.0,391.5,542.8,1271.0,379.1,464.3,629.6,1358.0,893.3,641.1,1942.0,996.7,798.0,744.7,2163.0,985.9,933.5,3105.0,3003.0,3741.0,4266.0,2305.0,2184.0,4266.0,3711.0,1755.0,1690.0,3566.0,2964.0
2026-06-11,13,4,official_closing,closing_displayed,https://www.boatrace.jp/owpc/pc/race/odds3t?hd=20260611&jcd=13&rno=4,official_table_v2,10.9,8.3,12.0,18.5,20.8,26.9,32.5,46.7,14.9,36.6,24.5,29.1,24.8,54.5,40.0,43.5,74.6,144.4,95.1,114.0,31.4,21.8,28.2,36.9,96.2,120.6,105.6,148.7,57.7,118.3,72.2,75.5,92.8,164.9,128.9,133.7,170.9,318.2,207.1,243.1,145.1,188.7,191.1,258.5,195.0,248.5,227.2,312.0,438.6,399.3,454.1,522.1,454.5,436.3,636.0,664.4,589.6,579.9,914.9,1052.0,100.9,275.9,112.4,118.3,139.1,312.0,142.0,146.9,590.2,563.7,585.3,682.9,128.7,139.5,447.7,122.2,204.3,189.6,564.8,222.7,124.5,268.8,177.7,169.9,188.0,336.9,299.0,248.2,609.9,615.2,867.2,836.4,240.7,239.2,716.6,223.8,427.0,461.2,1126.0,516.8,320.1,584.1,533.4,735.3,477.5,951.9,592.7,821.8,818.3,894.7,1442.0,2117.0,719.4,657.5,1540.0,919.4,1100.0,931.5,2150.0,983.4
2026-06-11,13,5,official_closing,closing_displayed,https://www.boatrace.jp/owpc/pc/race/odds3t?hd=20260611&jcd=13&rno=5,official_table_v2,9.8,17.6,23.7,25.3,8.9,9.0,10.4,14.1,28.7,21.1,33.8,27.9,39.5,25.2,51.3,36.1,82.0,54.6,85.2,79.9,58.7,88.6,116.6,136.8,130.2,233.0,244.4,273.1,294.0,349.1,554.6,530.4,432.4,444.2,797.1,691.6,571.9,692.4,1001.0,957.6,50.2,39.9,33.7,46.4,133.2,217.5,191.7,216.7,106.3,218.9,148.3,158.3,96.6,193.0,176.9,109.0,189.8,381.9,289.5,214.8,258.1,188.4,196.2,211.1,535.3,586.2,779.1,758.9,275.0,530.4,381.9,403.8,348.4,607.6,424.0,309.7,551.4,844.3,640.8,526.6,258.2,169.3,325.7,238.9,583.9,694.9,1303.0,843.1,230.0,523.3,562.6,390.0,554.0,1063.0,678.0,517.8,577.0,1097.0,652.3,843.1,710.9,582.7,963.9,771.9,1099.0,1492.0,2167.0,1924.0,810.4,1430.0,1441.0,978.4,1462.0,2458.0,1638.0,1805.0,1112.0,1963.0,1058.0,1887.0
2026-06-11,13,6,official_closing,closing_displayed,https://www.boatrace.jp/owpc/pc/race/odds3t?hd=20260611&jcd=13&rno=6,official_table_v2,10.2,15.0,22.0,61.4,12.5,9.6,11.6,53.9,24.2,19.2,26.2,67.0,38.6,29.6,47.8,88.2,221.9,220.7,277.3,239.3,46.6,55.4,74.9,175.0,90.0,67.5,67.8,163.3,151.9,107.5,127.8,259.3,199.6,153.1,201.6,322.1,820.2,887.8,977.7,889.2,56.2,35.2,33.7,128.2,99.8,73.0,70.2,180.6,74.9,87.5,62.8,184.4,76.9,90.0,84.3,182.9,703.8,753.0,744.0,601.1,114.5,104.0,92.7,192.3,211.8,241.3,235.5,420.6,166.1,236.4,138.2,349.9,102.9,165.5,135.4,135.7,426.3,476.4,575.2,328.3,156.9,120.1,182.0,251.9,261.7,319.7,365.9,469.6,212.9,334.4,279.2,564.7,245.7,363.7,285.4,297.3,628.0,688.2,803.8,601.7,1318.0,1880.0,2122.0,2090.0,1369.0,2478.0,2546.0,2425.0,2154.0,2478.0,2501.0,2605.0,2146.0,2305.0,2605.0,1343.0,1931.0,2250.0,2435.0,1327.0
2026-06-11,13,7,official_closing,closing_displayed,https://www.boatrace.jp/owpc/pc/race/odds3t?hd=20260611&jcd=13&rno=7,official_table_v2,18.9,9.7,18.0,57.4,22.9,11.4,15.4,47.2,10.3,13.5,7.3,25.3,24.3,24.5,14.1,40.5,183.2,178.8,114.0,145.7,161.4,100.9,131.8,274.3,642.0,1018.0,1068.0,1575.0,261.9,660.5,460.1,794.8,447.6,1092.0,675.7,979.1,1649.0,2501.0,2128.0,1999.0,278.5,132.7,150.4,342.9,722.9,1191.0,1154.0,1675.0,340.9,970.1,456.5,859.5,429.7,942.4,569.9,1020.0,1253.0,2489.0,1826.0,2217.0,78.9,118.1,36.3,77.9,189.5,528.3,211.4,358.7,360.2,879.6,515.4,670.6,44.6,93.7,197.5,67.9,210.1,335.1,668.9,200.2,106.7,178.0,68.6,111.6,271.4,802.1,417.8,448.0,516.9,1284.0,783.0,1233.0,75.6,168.8,341.8,116.8,340.0,564.4,1059.0,418.8,1628.0,1708.0,977.3,1580.0,1838.0,4511.0,4222.0,3449.0,2356.0,4798.0,3086.0,4472.0,1306.0,3237.0,3383.0,1783.0,1940.0,2998.0,3542.0,1807.0
2026-06-11,13,8,official_closing,closing_displayed,https://www.boatrace.jp/owpc/pc/race/odds3t?hd=20260611&jcd=13&rno=8,official_table_v2,11.3,12.2,18.5,60.3,11.8,8.3,8.7,42.2,19.3,14.8,19.3,56.8,32.1,21.9,33.4,61.5,252.2,229.5,257.9,194.5,69.0,66.4,81.3,187.2,165.0,245.7,266.9,631.0,178.4,299.7,322.0,571.5,266.0,404.2,445.5,584.8,1063.0,1529.0,1490.0,1286.0,63.5,34.9,31.7,104.2,167.2,241.1,207.9,502.8,90.2,202.3,83.0,192.1,78.7,181.4,106.3,164.5,688.6,1188.0,728.6,505.3,124.7,145.1,114.4,237.0,211.8,409.8,355.0,562.4,203.0,410.2,205.5,356.9,155.8,279.1,245.4,202.8,616.2,728.6,763.4,490.7,155.2,116.6,158.0,210.3,307.7,472.2,529.1,561.8,191.6,371.7,290.4,370.4,277.3,496.7,369.1,342.5,612.7,864.8,678.9,694.1,1547.0,2110.0,1623.0,1723.0,1782.0,3049.0,2442.0,2476.0,2476.0,2963.0,1696.0,1453.0,2093.0,2488.0,1983.0,1373.0,1953.0,2344.0,1457.0,1395.0
2026-06-11,13,9,official_closing,closing_displayed,https://www.boatrace.jp/owpc/pc/race/odds3t?hd=20260611&jcd=13&rno=9,official_table_v2,14.5,9.2,43.8,16.1,16.0,14.7,57.0,30.1,11.3,19.9,56.0,19.8,105.8,151.4,117.1,116.2,53.1,106.2,60.0,161.2,50.2,33.9,147.3,66.7,113.9,121.5,442.7,220.9,74.5,127.3,281.2,116.1,504.6,857.6,629.6,726.5,299.8,455.1,275.8,916.2,52.6,35.7,106.1,67.0,100.5,75.9,260.6,117.2,39.0,49.2,79.1,37.0,215.2,281.8,174.9,195.1,143.7,171.8,93.8,274.0,59.6,72.6,145.6,68.3,87.4,129.2,216.4,100.9,73.1,94.6,155.8,67.1,239.7,288.3,329.4,211.2,160.7,154.7,183.6,262.8,589.8,612.0,689.2,713.6,848.1,1113.0,1056.0,923.9,770.4,1128.0,763.5,958.7,726.5,869.3,829.7,579.5,1268.0,1301.0,1474.0,1061.0,394.9,498.7,516.5,1316.0,520.4,956.3,642.3,1583.0,585.7,878.3,605.7,1580.0,659.5,656.1,708.3,1254.0,2045.0,1750.0,2136.0,1491.0
2026-06-11,13,10,official_closing,closing_displayed,https://www.boatrace.jp/owpc/pc/race/odds3t?hd=20260611&jcd=13&rno=10,official_table_v2,15.8,10.8,28.5,60.9,15.7,8.4,18.3,41.6,11.5,10.8,16.6,30.7,47.3,44.6,41.1,87.3,192.0,181.8,128.3,195.0,100.1,61.9,130.4,223.1,233.2,149.7,327.6,504.9,104.2,137.7,167.8,223.7,422.9,549.3,380.0,689.7,870.0,1117.0,641.0,1142.0,100.8,44.0,80.0,141.8,244.7,157.6,302.8,457.6,70.9,111.0,88.8,122.5,244.7,355.1,196.5,336.7,569.9,771.4,390.9,539.4,38.9,44.1,44.8,78.6,88.3,137.1,131.2,177.9,90.0,125.5,107.2,144.5,80.7,110.6,130.7,91.7,202.8,237.3,261.8,177.3,301.0,331.6,224.0,391.7,541.4,725.4,516.8,828.3,613.0,796.0,427.7,937.2,280.0,363.0,366.1,351.5,869.2,1035.0,1063.0,639.7,1260.0,1676.0,979.0,1478.0,1480.0,2213.0,1391.0,2346.0,2165.0,2496.0,1239.0,2186.0,1102.0,1209.0,1221.0,1101.0,2038.0,2230.0,2145.0,1158.0
2026-06-11,13,11,official_closing,closing_displayed,https://www.boatrace.jp/owpc/pc/race/odds3t?hd=20260611&jcd=13&rno=11,official_table_v2,11.6,12.8,21.5,28.2,10.8,8.2,12.4,14.6,17.3,14.8,13.4,21.4,35.6,29.0,25.2,35.8,75.7,53.6,66.9,77.8,132.4,139.9,232.7,249.0,326.8,712.2,1139.0,991.4,408.0,833.9,1069.0,1040.0,846.5,1390.0,1478.0,1392.0,923.8,1428.0,1637.0,1659.0,111.9,70.2,88.9,96.8,316.8,578.3,833.9,669.1,223.4,593.9,401.0,394.6,318.7,882.1,655.0,645.4,452.9,1320.0,918.8,1051.0,105.0,109.2,60.9,71.7,255.5,619.7,441.2,418.0,242.2,650.9,376.5,412.8,96.9,245.2,315.8,107.5,155.4,333.2,407.4,187.6,291.5,280.1,207.3,212.8,581.9,1502.0,931.0,754.5,617.9,1478.0,1204.0,1082.0,270.8,546.3,797.5,286.8,448.3,786.3,1104.0,532.1,609.8,553.2,582.3,644.0,1071.0,1845.0,2147.0,2110.0,940.4,2164.0,1756.0,2204.0,838.9,1720.0,1538.0,1110.0,1009.0,2120.0,1999.0,1341.0
2026-06-11,13,12,official_closing,closing_displayed,https://www.boatrace.jp/owpc/pc/race/odds3t?hd=20260611&jcd=13&rno=12,official_table_v2,10.7,25.6,14.7,37.0,10.4,16.5,8.3,21.7,48.9,36.4,52.0,84.8,22.8,16.2,55.1,34.7,126.8,105.4,208.0,106.5,42.6,90.3,53.9,105.9,81.6,135.3,78.4,137.4,333.1,272.0,351.7,521.6,159.4,144.3,403.3,286.1,566.0,486.3,996.1,616.7,40.2,42.6,27.0,62.8,81.2,107.5,67.6,124.9,111.6,143.5,102.9,161.6,57.8,79.5,110.8,93.5,297.3,362.5,389.2,255.0,356.8,253.0,293.7,492.5,536.1,501.7,600.7,852.2,322.3,424.7,290.2,433.9,353.0,526.1,320.3,423.4,913.4,1096.0,835.0,820.7,99.3,75.7,208.3,129.4,221.6,233.4,598.2,398.9,130.9,204.2,285.6,251.3,407.5,635.0,375.7,478.2,426.9,698.7,536.1,884.1,900.6,884.8,1467.0,876.7,1277.0,1065.0,2455.0,1710.0,1192.0,1180.0,1905.0,1132.0,2487.0,2721.0,2497.0,2360.0,1161.0,1776.0,1240.0,2161.0
2026-06-11,14,1,official_closing,closing_displayed,https://www.boatrace.jp/owpc/pc/race/odds3t?hd=20260611&jcd=14&rno=1,official_table_v2,7.4,8.6,13.8,329.6,7.8,6.7,8.3,277.4,12.0,11.1,14.1,277.1,29.8,18.2,26.2,324.5,1094.0,911.0,1129.0,884.5,116.0,121.7,183.4,1111.0,233.0,392.3,584.8,1878.0,248.8,490.2,687.0,3598.0,541.5,991.9,1066.0,4005.0,3660.0,5307.0,5896.0,5737.0,78.4,60.2,85.9,1001.0,230.2,362.2,534.7,2061.0,158.3,372.4,331.6,1769.0,268.7,696.0,558.6,2620.0,3423.0,3660.0,2868.0,4614.0,81.5,82.2,73.2,734.5,190.5,382.4,427.9,2793.0,171.4,474.9,413.0,1740.0,142.6,317.3,327.6,1077.0,2144.0,3121.0,2527.0,2756.0,239.5,224.6,194.0,1172.0,536.0,1360.0,1192.0,3660.0,467.5,1424.0,1010.0,2687.0,328.1,717.1,707.6,2144.0,2908.0,5443.0,4245.0,4082.0,3032.0,2101.0,3859.0,4422.0,5307.0,6633.0,5443.0,6847.0,6243.0,5737.0,4422.0,5177.0,3931.0,7320.0,7076.0,6065.0,3931.0,7581.0,4005.0,5443.0
2026-06-11,14,2,official_closing,closing_displayed,https://www.boatrace.jp/owpc/pc/race/odds3t?hd=20260611&jcd=14&rno=2,official_table_v2,40.4,29.4,265.4,59.0,25.6,5.8,133.8,13.4,19.9,7.6,139.8,8.0,552.0,434.1,494.9,461.1,87.8,41.4,23.1,362.2,277.6,270.4,1093.0,452.0,484.4,453.8,2417.0,1034.0,494.9,459.2,2392.0,760.4,2068.0,2609.0,2944.0,3328.0,948.9,1713.0,1196.0,3061.0,85.8,13.6,180.1,29.3,239.4,200.0,925.9,395.2,17.8,89.8,165.3,25.2,708.7,1159.0,629.1,650.5,77.0,295.5,70.3,458.3,108.3,31.3,304.9,33.3,316.3,326.2,1510.0,433.2,33.3,145.3,285.9,44.2,838.1,1929.0,941.1,789.1,59.2,209.5,79.0,415.2,1929.0,1962.0,2319.0,1808.0,2087.0,3061.0,4332.0,4592.0,2367.0,3764.0,2733.0,2609.0,2944.0,3533.0,2523.0,2296.0,2944.0,4592.0,3645.0,2982.0,264.5,146.4,114.6,1142.0,609.1,1562.0,1048.0,3280.0,243.7,829.0,238.4,1726.0,161.6,542.9,242.5,1088.0,1837.0,3145.0,2701.0,2229.0
2026-06-11,14,3,official_closing,closing_displayed,https://www.boatrace.jp/owpc/pc/race/odds3t?hd=20260611&jcd=14&rno=3,official_table_v2,14.1,14.0,6.9,88.3,31.2,38.9,22.7,159.6,27.5,46.3,22.1,123.4,9.3,19.8,18.2,55.1,286.3,494.9,333.3,239.9,92.7,56.9,39.8,219.3,215.0,222.1,148.4,679.4,149.9,251.5,78.0,494.9,69.7,158.6,70.6,274.0,704.4,1444.0,981.4,750.5,194.7,164.0,109.0,593.4,274.7,201.9,140.1,897.1,230.3,235.3,103.6,484.5,133.2,133.7,96.8,416.0,1688.0,1248.0,1202.0,1472.0,148.8,249.9,80.8,267.6,259.8,483.5,147.9,527.9,342.7,477.4,254.3,748.0,81.6,98.7,191.8,146.0,675.4,783.8,1098.0,501.4,25.5,50.6,40.0,56.7,51.6,132.2,84.7,119.2,116.5,172.0,139.0,292.9,70.3,79.6,148.1,122.0,120.7,150.9,327.1,247.2,998.5,1594.0,1946.0,907.7,1780.0,3479.0,2319.0,1531.0,3234.0,2835.0,2982.0,3234.0,2701.0,1929.0,3189.0,1913.0,866.6,1083.0,2014.0,1131.0
2026-06-11,14,4,official_closing,closing_displayed,https://www.boatrace.jp/owpc/pc/race/odds3t?hd=20260611&jcd=14&rno=4,official_table_v2,21.0,15.6,65.1,8.7,39.4,52.6,122.2,36.2,27.6,55.8,112.1,19.3,177.1,255.8,246.8,84.3,13.1,33.0,22.2,43.2,56.7,40.9,117.9,21.8,129.2,138.9,270.5,83.4,89.5,137.5,288.0,56.4,425.4,517.8,606.9,219.0,33.5,62.1,48.7,111.5,239.8,294.5,458.9,176.9,289.9,272.2,395.6,194.6,432.0,399.4,776.8,267.5,1058.0,905.6,1020.0,641.4,230.0,222.8,258.9,486.6,95.2,228.2,206.0,60.7,134.9,270.5,326.2,84.7,442.1,390.2,636.6,266.2,296.5,357.2,680.1,167.6,58.2,66.3,149.7,119.4,590.0,1032.0,787.6,280.8,746.0,1485.0,920.3,471.7,1612.0,1539.0,1693.0,1071.0,822.0,1014.0,746.0,405.1,307.3,359.5,585.9,427.6,27.3,77.1,44.3,88.2,36.9,99.9,60.6,131.5,176.4,228.5,274.9,430.9,63.4,73.2,170.1,142.1,162.3,202.0,327.5,234.2
2026-06-11,14,5,official_closing,closing_displayed,https://www.boatrace.jp/owpc/pc/race/odds3t?hd=20260611&jcd=14&rno=5,official_table_v2,34.0,45.0,137.5,84.4,19.8,7.3,27.7,16.8,59.6,21.1,76.8,39.2,230.6,126.5,200.6,253.1,150.5,55.7,63.6,199.1,108.8,156.9,368.4,315.0,170.4,187.8,496.7,344.4,271.7,284.0,921.0,494.8,566.7,680.1,1287.0,1381.0,646.9,732.7,736.8,1700.0,31.5,7.5,29.2,16.0,96.1,83.4,156.0,114.0,16.1,54.0,38.1,22.3,128.5,198.2,110.1,125.3,49.6,114.7,47.1,110.7,185.4,53.3,167.2,104.2,307.7,206.5,512.0,352.7,47.0,140.9,105.1,67.3,315.0,566.7,201.5,242.4,170.6,349.0,125.5,276.8,947.3,485.8,757.8,861.2,1353.0,789.4,1842.0,1524.0,559.6,798.9,448.0,749.3,975.2,1426.0,465.3,850.1,1396.0,2009.0,1036.0,1061.0,409.3,131.3,205.9,753.5,818.7,543.5,669.8,1524.0,149.1,361.3,159.9,457.3,325.8,709.2,233.9,798.9,1381.0,2040.0,961.0,844.7
2026-06-11,14,6,official_closing,closing_displayed,https://www.boatrace.jp/owpc/pc/race/odds3t?hd=20260611&jcd=14&rno=6,official_table_v2,8.1,10.4,266.7,173.4,10.0,9.5,198.7,137.4,14.2,13.6,211.6,93.8,628.6,705.4,651.2,1221.0,412.2,497.9,354.7,1336.0,17.5,21.5,360.7,252.4,30.7,23.7,306.7,156.5,41.4,36.0,405.7,214.1,1032.0,803.7,1175.0,1716.0,585.1,675.4,690.1,2701.0,29.6,17.8,218.1,169.9,39.5,26.2,231.7,174.4,24.6,26.9,199.0,119.0,788.7,779.0,657.9,1649.0,742.6,577.2,470.3,1670.0,49.8,44.5,315.8,155.0,69.9,57.2,490.2,235.1,50.6,53.6,368.0,176.3,697.7,907.0,798.6,962.0,338.6,461.7,403.1,999.8,1269.0,1395.0,1154.0,2116.0,1895.0,1840.0,2591.0,3097.0,1716.0,1476.0,1607.0,3174.0,1670.0,2395.0,1649.0,2442.0,1716.0,4535.0,3848.0,4232.0,622.4,607.5,490.2,2015.0,881.8,969.3,1076.0,2267.0,1058.0,1049.0,760.3,3023.0,641.3,947.6,829.9,2015.0,1763.0,3848.0,3527.0,3968.0
2026-06-11,14,7,official_closing,closing_displayed,https://www.boatrace.jp/owpc/pc/race/odds3t?hd=20260611&jcd=14&rno=7,official_table_v2,63.9,72.5,184.0,578.7,76.4,75.1,177.4,698.2,106.8,67.7,140.7,597.9,356.0,353.7,385.1,1258.0,1273.0,1482.0,1443.0,2405.0,44.7,40.4,94.1,680.7,29.6,7.9,20.8,243.7,33.7,13.0,26.2,309.2,126.2,58.3,51.6,629.2,1615.0,1030.0,1139.0,2042.0,78.6,60.9,103.7,795.8,44.4,13.2,25.7,324.0,36.6,16.6,23.4,193.6,126.4,50.2,52.0,522.8,1718.0,887.1,689.3,1898.0,68.8,79.5,96.6,702.8,45.9,23.5,28.5,311.9,56.7,26.8,31.0,295.7,80.1,36.2,46.1,306.6,826.2,778.6,636.6,872.8,432.9,530.5,370.6,1665.0,251.1,119.3,106.2,1202.0,348.0,142.2,133.9,1288.0,163.0,113.6,101.5,1040.0,3865.0,3491.0,2848.0,2405.0,2459.0,1370.0,2848.0,3865.0,2705.0,2925.0,2705.0,3732.0,4008.0,3279.0,2122.0,3865.0,2639.0,2352.0,2042.0,2848.0,3865.0,3732.0,3865.0,3092.0
2026-06-11,14,8,official_closing,closing_displayed,https://www.boatrace.jp/owpc/pc/race/odds3t?hd=20260611&jcd=14&rno=8,official_table_v2,71.4,27.0,228.2,198.6,92.8,46.0,188.7,193.4,19.5,27.0,77.8,42.5,275.3,333.8,144.3,434.4,422.7,335.6,116.4,525.2,64.6,21.7,237.7,199.9,140.7,63.0,366.0,292.6,27.2,37.9,109.5,71.6,573.2,630.8,350.6,820.5,525.2,592.1,213.5,909.7,114.6,58.8,207.1,196.1,141.8,66.8,284.0,235.0,54.3,50.3,96.4,66.3,525.2,502.1,289.9,581.2,403.6,477.3,202.1,809.9,12.6,20.5,42.1,21.8,17.1,21.6,42.9,26.9,32.8,30.2,61.6,42.4,44.6,44.6,76.7,38.1,30.3,32.5,48.1,46.2,630.8,643.8,371.4,809.9,799.6,1141.0,621.5,1255.0,825.9,1162.0,592.1,1131.0,341.1,377.0,414.3,289.9,965.7,1281.0,1379.0,473.7,701.3,609.4,313.8,1184.0,1054.0,1218.0,425.5,1992.0,1281.0,1349.0,421.2,1846.0,228.2,242.3,270.5,366.0,1349.0,2092.0,1696.0,565.5
2026-06-11,14,9,official_closing,closing_displayed,https://www.boatrace.jp/owpc/pc/race/odds3t?hd=20260611&jcd=14&rno=9,official_table_v2,15.4,17.0,309.3,39.4,26.4,30.5,677.9,45.8,31.4,41.4,787.5,48.2,652.4,1278.0,1575.0,1471.0,105.1,102.9,120.0,1172.0,14.1,13.3,283.5,35.1,28.8,17.8,481.2,42.3,22.6,20.7,445.5,31.5,1163.0,1247.0,1332.0,1641.0,114.6,104.5,71.1,1039.0,59.5,56.9,825.0,81.8,62.8,38.5,537.7,70.6,70.1,49.6,833.8,64.8,2327.0,1267.0,1641.0,2079.0,124.9,139.4,123.3,1404.0,37.5,53.0,715.2,58.1,28.2,25.1,599.7,32.2,82.5,49.8,922.6,77.2,1485.0,1624.0,1513.0,891.0,63.0,44.8,72.5,554.9,1430.0,2227.0,1949.0,2598.0,1430.0,2327.0,2598.0,2327.0,3057.0,2475.0,3057.0,3465.0,3118.0,2835.0,3803.0,2998.0,3803.0,3317.0,3057.0,3317.0,275.0,191.5,273.0,1925.0,276.9,278.4,154.8,1443.0,229.6,377.5,279.4,1278.0,270.7,147.9,241.3,1752.0,2227.0,1878.0,2327.0,2136.0
2026-06-11,14,10,official_closing,closing_displayed,https://www.boatrace.jp/owpc/pc/race/odds3t?hd=20260611&jcd=14&rno=10,official_table_v2,15.7,7.4,29.8,17.8,32.0,23.4,67.1,47.0,6.4,20.6,20.8,10.0,75.6,126.2,56.5,76.2,61.8,94.5,36.7,115.1,168.4,60.2,207.8,157.2,532.9,460.7,1034.0,747.7,98.8,349.2,370.0,245.4,600.0,1012.0,991.8,1050.0,510.0,736.2,523.1,1334.0,263.9,182.4,350.0,304.5,515.6,418.8,551.4,676.8,253.6,469.8,620.9,494.1,676.8,825.5,743.8,1081.0,549.3,707.0,825.5,1487.0,24.0,90.4,35.4,22.0,62.0,223.8,144.8,93.6,231.8,329.8,479.2,340.0,56.5,106.7,264.9,63.5,44.7,83.5,212.2,83.1,296.9,474.4,196.1,220.4,527.0,1322.0,610.3,676.8,860.3,1151.0,1220.0,1414.0,210.0,352.6,710.5,215.7,459.2,655.1,1373.0,408.0,281.7,322.4,183.8,547.2,504.6,898.2,578.2,1151.0,549.3,991.8,921.4,1457.0,232.2,476.0,566.7,462.2,845.1,1680.0,1956.0,693.3
2026-06-11,14,11,official_closing,closing_displayed,https://www.boatrace.jp/owpc/pc/race/odds3t?hd=20260611&jcd=14&rno=11,official_table_v2,5.9,7.9,23.5,32.6,12.8,22.8,49.1,47.5,21.1,37.7,70.1,81.8,86.1,125.8,147.2,193.6,135.5,179.2,244.8,380.7,10.8,13.6,38.1,51.8,36.8,49.6,102.6,154.2,54.2,66.5,121.2,139.0,174.3,191.9,248.4,374.3,248.8,350.1,336.1,506.1,38.8,65.8,121.9,145.6,51.4,74.5,137.9,181.8,125.4,104.3,208.5,231.0,321.0,242.2,274.1,540.6,354.7,390.6,489.6,895.0,95.3,150.3,164.2,198.7,108.8,141.9,181.6,210.1,213.1,195.8,321.0,321.7,273.5,263.9,345.6,299.6,387.2,371.2,482.6,519.8,312.8,472.5,458.1,527.9,386.1,472.5,484.4,527.9,895.0,456.5,855.3,972.3,600.6,575.1,860.8,715.0,1116.0,979.3,1590.0,1107.0,338.7,359.4,656.0,1072.0,461.2,781.2,738.5,1031.0,726.6,1338.0,1239.0,1930.0,1275.0,1107.0,1228.0,2145.0,2290.0,1648.0,1851.0,1877.0
2026-06-11,14,12,official_closing,closing_displayed,https://www.boatrace.jp/owpc/pc/race/odds3t?hd=20260611&jcd=14&rno=12,official_table_v2,7.5,13.0,10.7,28.9,9.2,13.4,10.6,25.9,20.5,23.0,22.4,37.3,19.4,22.1,35.5,37.2,80.7,75.9,89.1,78.1,86.7,103.0,105.8,173.5,195.5,276.2,292.7,514.8,299.0,516.3,513.4,580.8,295.6,376.0,526.8,497.8,640.4,854.8,990.3,901.6,82.8,74.2,67.5,124.1,168.2,211.4,177.8,382.3,152.0,238.4,156.5,320.7,151.0,195.2,179.7,244.5,323.6,633.6,523.7,468.3,186.4,244.5,143.0,233.5,351.9,594.2,568.1,586.5,321.9,614.3,440.9,520.7,245.2,479.4,436.7,332.5,393.9,640.4,552.5,549.1,189.7,184.3,268.0,204.7,401.8,622.7,683.9,681.3,353.2,557.6,571.7,502.0,407.2,888.4,781.1,555.9,403.6,995.7,910.7,820.0,631.4,443.1,745.8,469.5,1012.0,1276.0,1449.0,1907.0,616.4,1147.0,1118.0,1303.0,939.0,1812.0,1449.0,1693.0,586.5,1812.0,1362.0,1473.0
2026-06-11,15,1,official_closing,closing_displayed,https://www.boatrace.jp/owpc/pc/race/odds3t?hd=20260611&jcd=15&rno=1,official_table_v2,39.1,36.5,52.7,183.9,27.4,5.7,9.2,46.4,23.5,7.4,9.8,35.6,51.9,18.1,18.2,110.1,257.0,125.7,107.7,177.3,292.9,301.0,455.6,924.2,419.0,570.4,1097.0,1896.0,455.6,715.8,963.9,1908.0,695.3,1482.0,1081.0,1986.0,1947.0,2808.0,2755.0,2781.0,138.6,30.5,42.0,155.6,313.7,424.5,663.7,1453.0,46.6,259.6,68.3,313.7,91.0,450.0,114.8,554.2,578.3,1986.0,879.7,1192.0,88.6,34.1,32.3,76.9,269.6,459.9,437.8,877.0,61.5,296.2,88.7,318.4,49.5,216.1,87.1,200.4,250.0,1077.0,573.8,461.3,170.9,84.4,78.5,284.1,443.8,1046.0,705.4,1275.0,146.3,785.1,199.6,960.7,108.1,416.6,181.1,444.5,637.6,1513.0,1397.0,993.4,1227.0,644.7,569.3,898.6,1132.0,4172.0,2679.0,3842.0,1110.0,2584.0,1303.0,2679.0,705.4,2454.0,1497.0,1377.0,983.3,2835.0,2163.0,1377.0
2026-06-11,15,2,official_closing,closing_displayed,https://www.boatrace.jp/owpc/pc/race/odds3t?hd=20260611&jcd=15&rno=2,official_table_v2,15.0,17.7,88.8,22.7,16.1,12.3,82.0,16.2,20.0,17.6,90.8,16.5,233.6,239.4,235.2,164.4,38.5,36.2,32.5,147.8,52.8,58.6,214.7,77.7,85.2,68.5,327.0,81.4,104.4,88.7,357.7,86.6,593.0,825.4,806.0,710.9,178.5,151.8,146.6,632.3,64.3,44.7,197.1,55.5,92.2,72.5,319.4,81.0,61.4,77.4,226.2,44.0,534.0,614.2,541.6,418.7,113.6,124.2,85.1,366.8,70.6,61.6,173.8,49.8,112.5,104.8,285.6,75.5,88.6,104.5,268.6,62.2,271.2,309.0,354.0,165.5,71.2,70.1,74.1,135.9,692.3,856.3,682.6,532.3,925.5,1156.0,928.0,716.8,981.1,1137.0,1001.0,785.7,821.5,807.9,864.9,398.8,700.8,672.0,719.8,487.7,184.0,168.2,152.6,545.0,252.3,248.2,201.9,740.0,237.6,255.3,179.8,743.2,174.7,176.2,162.4,397.4,948.5,827.4,860.6,568.5
2026-06-11,15,3,official_closing,closing_displayed,https://www.boatrace.jp/owpc/pc/race/odds3t?hd=20260611&jcd=15&rno=3,official_table_v2,10.7,8.1,258.1,40.3,13.6,10.2,233.2,43.5,11.0,13.0,237.2,34.6,696.6,650.3,600.0,788.1,107.0,131.1,104.7,668.4,40.8,30.7,489.8,124.8,66.7,45.5,898.0,165.9,50.4,44.5,671.8,123.9,1650.0,1772.0,1442.0,1475.0,357.7,346.0,305.2,1475.0,42.2,23.0,330.8,83.2,67.4,40.3,640.8,129.4,28.3,32.8,281.1,48.7,1275.0,1281.0,1007.0,1320.0,227.2,247.2,156.4,1019.0,36.7,32.3,313.2,72.7,57.7,53.2,609.7,105.9,43.9,49.4,500.0,80.7,846.2,1003.0,889.0,1023.0,115.4,125.6,125.6,582.8,2015.0,2467.0,1927.0,2378.0,2779.0,2839.0,2146.0,2378.0,2112.0,3342.0,2563.0,3940.0,2129.0,2667.0,2444.0,2563.0,3219.0,2901.0,3106.0,2933.0,624.2,713.6,551.2,2146.0,631.6,754.3,608.3,2640.0,946.3,936.3,487.1,3070.0,533.4,536.6,454.4,2182.0,3429.0,3106.0,3259.0,3000.0
2026-06-11,15,4,official_closing,closing_displayed,https://www.boatrace.jp/owpc/pc/race/odds3t?hd=20260611&jcd=15&rno=4,official_table_v2,5.9,8.2,16.0,221.2,8.1,11.5,15.0,270.9,15.7,20.7,29.7,299.7,44.3,45.0,57.5,386.1,639.7,899.2,1093.0,943.3,26.1,31.4,60.9,445.4,47.3,57.4,75.8,615.2,72.4,82.0,121.9,706.4,181.6,180.8,204.6,796.5,1336.0,2157.0,1894.0,1688.0,44.3,53.7,56.6,575.5,69.5,97.4,103.2,778.5,94.2,124.4,122.8,804.5,114.3,150.1,163.2,757.6,1963.0,2381.0,1924.0,1801.0,79.4,98.5,110.8,554.9,119.1,181.2,197.6,886.0,168.9,240.5,249.6,1100.0,151.2,195.5,216.3,520.1,1126.0,1587.0,1625.0,1129.0,282.6,238.7,319.2,1111.0,414.4,447.5,607.4,1427.0,256.3,402.2,506.9,1724.0,391.4,583.8,541.1,1030.0,1963.0,2518.0,2915.0,1768.0,2227.0,3758.0,3084.0,3007.0,1801.0,3758.0,3758.0,3700.0,4582.0,4496.0,3436.0,4147.0,3590.0,3729.0,4295.0,1955.0,2880.0,3672.0,4257.0,2196.0
2026-06-11,15,5,official_closing,closing_displayed,https://www.boatrace.jp/owpc/pc/race/odds3t?hd=20260611&jcd=15&rno=5,official_table_v2,5.2,35.5,8.0,25.9,6.2,31.2,5.7,17.0,75.0,86.9,75.8,172.0,13.5,12.2,63.1,26.3,89.5,68.2,252.1,80.5,76.7,294.7,97.0,240.5,211.6,1009.0,519.0,1086.0,857.8,1399.0,1724.0,2488.0,319.5,662.5,1559.0,1194.0,1034.0,1671.0,3746.0,1917.0,67.3,150.7,44.0,96.3,210.7,800.9,384.4,704.0,447.7,1012.0,778.0,1155.0,110.9,304.0,566.9,298.7,398.0,903.0,1319.0,657.2,670.7,611.6,619.7,1147.0,993.8,1697.0,1314.0,1862.0,903.0,2076.0,1680.0,2158.0,804.8,1319.0,1689.0,1605.0,2173.0,3622.0,2345.0,2786.0,100.9,84.4,343.8,129.9,290.7,567.9,1061.0,648.0,170.3,498.4,967.3,508.5,735.8,1172.0,1352.0,1405.0,342.7,745.9,663.9,1574.0,1028.0,624.4,2488.0,848.9,1108.0,2328.0,4179.0,2414.0,848.9,2263.0,2810.0,1951.0,3927.0,5174.0,3835.0,3622.0,1041.0,2628.0,1928.0,2694.0
2026-06-11,15,6,official_closing,closing_displayed,https://www.boatrace.jp/owpc/pc/race/odds3t?hd=20260611&jcd=15&rno=6,official_table_v2,6.4,7.9,97.2,23.9,7.9,7.7,58.4,17.0,11.2,12.3,63.8,16.2,199.6,142.5,153.2,165.0,58.6,53.0,47.4,189.9,95.5,107.7,589.5,241.0,203.9,425.3,1483.0,804.6,233.8,472.1,1328.0,618.9,1604.0,2360.0,2527.0,2025.0,874.8,1400.0,1158.0,2294.0,65.7,50.5,207.3,74.1,165.1,261.2,1061.0,369.2,104.3,261.9,427.6,160.2,652.1,1600.0,988.3,924.4,290.8,649.9,387.3,1021.0,47.0,53.9,130.8,47.3,127.3,286.5,546.1,235.1,120.0,277.7,482.5,161.6,222.1,476.8,527.5,245.6,93.6,189.8,192.5,286.6,762.7,621.6,629.8,688.3,1410.0,2123.0,2040.0,1774.0,876.2,2047.0,1519.0,1383.0,646.2,1177.0,1210.0,777.2,971.5,1560.0,1636.0,1239.0,495.4,402.0,348.9,1244.0,775.1,1565.0,1207.0,2312.0,689.1,1573.0,984.9,2707.0,427.6,880.2,830.3,1503.0,1680.0,2155.0,2682.0,1983.0
2026-06-11,15,7,official_closing,closing_displayed,https://www.boatrace.jp/owpc/pc/race/odds3t?hd=20260611&jcd=15&rno=7,official_table_v2,30.1,14.7,7.3,30.5,50.5,61.9,29.6,85.7,25.3,61.8,13.7,39.8,9.3,26.3,11.1,13.1,91.1,163.3,84.6,44.1,133.0,85.8,50.5,146.0,246.6,300.0,199.2,474.2,148.8,276.4,101.5,235.7,74.3,180.4,105.5,126.7,466.3,1008.0,596.0,318.6,265.5,384.9,222.3,516.3,341.2,546.2,400.9,810.5,600.8,673.4,567.3,849.6,325.1,487.3,566.7,575.9,1163.0,1407.0,1520.0,1058.0,156.8,346.6,76.0,166.6,236.4,515.8,162.3,307.9,744.4,892.5,582.2,892.5,78.3,127.2,322.5,91.5,355.2,604.9,972.9,252.5,41.8,98.7,47.9,37.4,88.5,279.1,145.6,127.9,276.8,464.7,516.3,368.5,87.5,147.7,383.2,91.8,82.4,180.7,359.8,146.1,651.0,1211.0,766.0,226.1,892.5,1924.0,1638.0,742.3,1975.0,2223.0,2160.0,2092.0,1148.0,1696.0,1850.0,577.8,253.4,625.6,1278.0,497.9
2026-06-11,15,8,official_closing,closing_displayed,https://www.boatrace.jp/owpc/pc/race/odds3t?hd=20260611&jcd=15&rno=8,official_table_v2,6.5,9.0,16.4,241.6,5.8,6.3,11.9,193.8,14.9,13.5,21.3,310.5,38.6,39.7,51.4,404.3,704.4,885.8,1112.0,1185.0,88.4,94.4,139.6,703.6,216.6,444.2,631.9,2419.0,274.6,585.3,733.0,2459.0,447.2,946.3,1015.0,2371.0,2400.0,4650.0,4879.0,4022.0,34.3,24.6,35.6,329.9,114.5,203.6,276.1,1296.0,55.3,147.2,111.2,757.3,117.7,343.2,215.2,1227.0,1562.0,2718.0,2511.0,3006.0,93.9,80.4,107.4,718.9,213.8,416.2,431.9,1337.0,127.7,384.2,326.5,1368.0,209.9,435.7,432.6,1121.0,1964.0,2848.0,3200.0,3501.0,317.8,285.2,401.9,1730.0,550.1,1349.0,1510.0,2511.0,397.3,1413.0,1138.0,3006.0,569.0,1253.0,1106.0,2543.0,3564.0,4475.0,4442.0,5362.0,2821.0,3865.0,5779.0,5563.0,2381.0,5669.0,6200.0,4579.0,4762.0,5176.0,5615.0,6541.0,5893.0,7440.0,6074.0,6012.0,6074.0,5563.0,7086.0,5723.0
2026-06-11,15,9,official_closing,closing_displayed,https://www.boatrace.jp/owpc/pc/race/odds3t?hd=20260611&jcd=15&rno=9,official_table_v2,10.9,21.6,36.6,53.4,14.0,24.5,32.6,53.6,52.9,56.1,78.7,113.5,84.2,88.4,104.3,161.8,72.3,85.0,122.5,152.3,37.8,68.5,107.0,117.1,50.5,66.2,99.2,101.1,139.9,107.7,150.2,213.9,244.7,186.9,194.3,366.8,155.0,137.8,200.3,275.4,49.5,84.9,111.9,139.4,64.5,84.3,118.0,132.2,160.8,136.1,147.0,237.0,227.5,214.4,180.2,337.4,204.3,183.9,242.1,292.8,169.8,183.5,147.5,221.5,198.7,172.6,188.3,257.1,252.8,217.6,197.4,329.2,169.3,178.8,185.9,176.9,247.5,238.9,271.6,187.8,255.8,280.2,286.3,387.3,360.7,363.4,356.3,578.6,401.6,398.4,361.2,625.3,325.3,331.7,332.5,320.3,385.6,475.3,473.9,284.2,29.3,34.4,54.9,71.1,33.3,29.0,41.8,67.4,48.0,40.3,56.3,77.0,89.3,68.8,77.7,78.6,118.9,112.4,111.7,85.0
2026-06-11,15,10,official_closing,closing_displayed,https://www.boatrace.jp/owpc/pc/race/odds3t?hd=20260611&jcd=15&rno=10,official_table_v2,10.2,9.5,31.9,15.0,15.9,21.0,41.7,26.9,19.0,29.3,60.9,25.9,77.7,98.9,119.5,98.6,42.7,66.8,62.1,122.4,32.3,25.3,76.9,34.9,73.3,88.9,186.5,101.6,52.7,93.5,152.2,48.7,276.1,388.7,369.7,290.4,106.3,200.3,97.3,277.3,67.8,74.2,117.6,85.9,96.5,128.9,221.9,142.5,131.4,148.4,205.2,146.2,281.0,379.7,365.2,379.5,223.0,316.1,330.5,516.5,62.0,135.9,142.7,67.5,76.9,161.7,187.2,71.9,216.8,232.1,373.3,201.3,156.4,188.5,346.6,124.4,94.4,91.0,220.8,149.2,341.4,469.6,424.3,355.3,472.0,711.5,601.7,486.3,654.8,780.3,988.0,868.3,456.4,544.3,833.8,343.6,452.2,492.5,819.2,502.3,194.9,364.8,294.2,591.5,214.7,468.3,205.7,627.8,577.3,716.3,787.6,1296.0,338.1,234.9,671.0,654.3,880.2,876.5,1357.0,771.7
2026-06-11,15,11,official_closing,closing_displayed,https://www.boatrace.jp/owpc/pc/race/odds3t?hd=20260611&jcd=15&rno=11,official_table_v2,4.2,7.1,17.7,31.1,10.3,20.2,34.4,61.7,18.0,34.2,55.9,76.8,55.9,91.9,127.2,162.7,149.2,242.2,240.6,286.2,12.2,17.6,39.4,64.6,29.7,64.7,99.8,159.4,59.2,108.2,200.2,247.6,168.1,231.4,345.6,367.4,337.3,508.6,580.3,651.4,60.3,128.7,153.7,255.3,66.5,154.9,197.2,305.5,267.7,265.0,476.9,604.0,363.5,354.8,587.6,615.3,894.8,794.0,1017.0,1017.0,107.7,222.3,229.8,267.1,137.7,251.9,362.0,367.3,397.5,372.8,751.1,721.8,368.2,419.5,742.3,483.9,568.4,597.9,1047.0,793.3,282.4,386.3,547.1,555.3,343.8,396.6,686.6,604.4,380.2,366.1,559.5,482.1,771.9,791.9,1101.0,820.4,842.2,887.6,1012.0,1129.0,857.6,1414.0,1463.0,1695.0,870.2,1282.0,1508.0,1673.0,1534.0,1390.0,1824.0,1759.0,1766.0,1589.0,2076.0,1948.0,1828.0,1663.0,1759.0,1874.0
2026-06-11,15,12,official_closing,closing_displayed,https://www.boatrace.jp/owpc/pc/race/odds3t?hd=20260611&jcd=15&rno=12,official_table_v2,10.5,5.6,13.1,17.0,18.7,18.0,28.9,37.6,8.4,19.6,15.2,16.2,32.5,54.5,35.9,51.9,45.9,83.6,45.6,82.9,74.4,42.0,82.4,100.1,288.2,378.8,584.2,740.2,115.0,344.7,290.6,334.2,342.9,797.2,506.7,676.1,418.5,1135.0,654.4,973.2,195.6,163.6,236.3,306.0,402.2,537.6,815.2,980.1,386.1,637.1,578.8,634.0,716.5,1192.0,1013.0,1213.0,1102.0,1594.0,1399.0,1718.0,52.1,133.3,67.5,74.4,111.7,425.3,280.9,256.9,400.8,665.9,668.4,661.0,144.8,253.8,492.2,199.2,178.4,295.8,541.2,295.6,331.6,520.9,333.6,437.2,584.4,1238.0,948.4,897.2,826.7,1268.0,1401.0,1277.0,441.7,766.2,1224.0,633.8,841.1,1139.0,1560.0,1007.0,473.6,995.2,463.9,938.6,712.9,1883.0,1105.0,1654.0,1696.0,2283.0,1897.0,2140.0,585.4,1045.0,1749.0,1314.0,1410.0,1951.0,2476.0,1667.0
2026-06-11,16,1,official_closing,closing_displayed,https://www.boatrace.jp/owpc/pc/race/odds3t?hd=20260611&jcd=16&rno=1,official_table_v2,7.3,30.8,7.0,22.7,9.9,26.5,9.4,30.5,58.3,54.1,44.7,85.6,9.2,12.6,36.6,18.9,68.4,83.9,147.3,49.0,151.2,263.8,105.2,223.5,301.6,1072.0,561.0,1291.0,674.5,1500.0,851.5,1429.0,228.6,569.0,968.2,580.0,896.0,2106.0,1622.0,1000.0,94.0,141.9,64.2,183.0,256.0,656.0,359.4,822.3,229.5,606.3,308.6,519.7,116.5,309.4,308.6,300.1,563.6,1188.0,968.2,714.6,234.0,312.6,155.9,364.9,571.7,1334.0,839.6,1539.0,454.7,1072.0,526.6,755.1,193.9,500.2,436.6,334.4,663.3,1429.0,1165.0,682.1,44.5,60.2,94.3,62.1,136.5,326.2,600.3,332.5,134.7,359.4,540.8,326.2,183.5,561.0,524.3,339.1,164.2,377.5,428.8,448.0,764.7,896.0,1154.0,439.8,1429.0,2035.0,2265.0,1600.0,1250.0,2106.0,1936.0,1579.0,1644.0,3159.0,2035.0,1464.0,517.5,1429.0,1429.0,1622.0
2026-06-11,16,2,official_closing,closing_displayed,https://www.boatrace.jp/owpc/pc/race/odds3t?hd=20260611&jcd=16&rno=2,official_table_v2,8.5,7.4,22.9,448.5,14.3,14.0,29.5,441.0,11.2,13.8,21.9,402.4,38.0,55.6,44.8,437.3,1202.0,1392.0,1202.0,1707.0,38.4,26.8,53.0,551.2,106.5,94.8,191.7,1430.0,60.5,91.8,116.3,814.2,167.7,260.0,216.8,1556.0,2785.0,3207.0,1628.0,3920.0,80.5,57.8,72.6,846.7,145.1,94.6,177.5,1260.0,90.3,90.3,118.3,1216.0,192.7,243.8,178.7,1512.0,3307.0,3414.0,2714.0,3649.0,29.7,57.2,34.5,350.4,53.9,84.5,75.3,506.4,99.1,118.5,134.6,928.4,37.8,49.6,90.2,222.3,1126.0,1126.0,1653.0,889.4,114.9,200.8,126.0,745.3,205.9,341.4,225.2,1189.0,302.4,426.7,310.3,1603.0,106.2,135.8,225.6,557.0,1824.0,2160.0,3649.0,1960.0,2520.0,3307.0,2461.0,3649.0,4602.0,3207.0,2646.0,4410.0,3920.0,3024.0,3307.0,5040.0,3207.0,2520.0,3649.0,2714.0,4233.0,5040.0,6226.0,3113.0
2026-06-11,16,3,official_closing,closing_displayed,https://www.boatrace.jp/owpc/pc/race/odds3t?hd=20260611&jcd=16&rno=3,official_table_v2,18.7,14.9,65.9,1099.0,24.9,17.1,57.1,645.2,14.9,17.7,54.8,658.5,128.0,153.8,145.5,1225.0,2570.0,2414.0,2570.0,2183.0,37.5,29.5,127.6,1306.0,76.4,55.2,178.0,1475.0,43.8,47.8,92.2,977.7,310.0,318.7,219.2,1751.0,2378.0,3064.0,3464.0,2897.0,57.0,28.4,53.9,645.2,76.4,45.0,87.4,817.3,20.8,23.6,21.4,264.7,94.3,111.3,60.2,543.9,1163.0,2125.0,1713.0,391.5,22.8,30.2,39.1,382.1,27.4,30.7,39.7,571.2,35.6,32.6,34.5,406.5,39.5,33.3,43.2,212.7,977.7,1264.0,1235.0,788.9,306.4,347.2,240.0,1225.0,366.3,452.7,234.7,1713.0,412.8,491.9,213.9,1713.0,162.2,157.7,153.5,813.1,2570.0,3794.0,3252.0,2529.0,4553.0,5312.0,6129.0,5141.0,4829.0,6129.0,6640.0,6640.0,4829.0,3706.0,3887.0,4086.0,5141.0,5495.0,4307.0,3622.0,4829.0,6129.0,5312.0,3794.0
2026-06-11,16,4,official_closing,closing_displayed,https://www.boatrace.jp/owpc/pc/race/odds3t?hd=20260611&jcd=16&rno=4,official_table_v2,9.5,5.1,24.7,139.6,17.0,15.6,48.5,177.4,7.6,15.2,20.0,105.3,58.3,101.4,55.5,300.4,408.7,531.3,339.3,575.7,42.1,20.1,67.7,285.6,144.1,154.3,400.8,784.7,47.6,127.8,129.8,421.7,265.2,505.3,335.0,1367.0,1398.0,2089.0,1549.0,2861.0,95.7,72.9,159.6,661.8,149.8,150.8,407.8,1038.0,127.7,169.2,260.8,723.6,462.6,617.8,483.0,1408.0,1859.0,2043.0,1690.0,2619.0,19.0,55.4,30.3,133.4,33.4,98.2,63.9,265.6,124.7,192.3,282.6,634.7,46.0,66.2,164.4,190.3,284.8,499.9,529.8,506.7,235.1,510.9,192.1,693.9,437.5,989.2,466.1,1309.0,925.2,1215.0,1155.0,2619.0,199.1,288.7,650.2,696.5,1562.0,2021.0,2734.0,1536.0,1536.0,2734.0,1706.0,2695.0,2066.0,3508.0,2656.0,4325.0,3795.0,3874.0,4042.0,5165.0,1841.0,2547.0,3795.0,2905.0,2999.0,5999.0,5469.0,3795.0
2026-06-11,16,5,official_closing,closing_displayed,https://www.boatrace.jp/owpc/pc/race/odds3t?hd=20260611&jcd=16&rno=5,official_table_v2,16.2,25.0,23.9,274.5,16.6,25.7,13.5,182.3,45.2,45.3,51.2,342.2,49.9,35.7,77.9,260.0,684.5,530.6,709.1,635.0,17.7,30.4,25.3,260.5,39.4,42.9,38.0,312.5,71.1,60.0,63.2,438.0,88.8,62.6,102.6,477.7,1317.0,1000.0,1506.0,1424.0,37.3,47.1,17.9,184.9,45.9,65.4,24.2,204.5,68.9,71.3,37.1,218.1,29.9,24.2,37.9,113.1,635.0,645.4,536.0,399.3,153.3,172.6,139.0,786.7,171.3,161.0,129.5,898.4,192.8,193.7,127.3,515.0,164.3,146.5,128.4,320.7,1245.0,1340.0,850.1,845.6,152.1,95.2,247.8,413.9,176.4,93.0,239.5,530.6,83.5,72.6,121.0,280.8,287.5,266.6,194.0,503.6,935.6,1007.0,627.5,1040.0,2875.0,1976.0,4650.0,2510.0,4273.0,2470.0,3514.0,2983.0,2291.0,2510.0,2291.0,1351.0,5100.0,5856.0,3162.0,2928.0,3100.0,4791.0,1399.0,2726.0
2026-06-11,16,6,official_closing,closing_displayed,https://www.boatrace.jp/owpc/pc/race/odds3t?hd=20260611&jcd=16&rno=6,official_table_v2,15.7,24.0,78.6,17.8,17.6,15.8,50.3,11.3,37.1,27.7,93.3,21.2,145.3,149.0,228.7,110.2,30.9,23.2,30.2,93.9,78.3,98.8,206.6,79.4,153.4,195.6,452.4,167.3,250.8,286.5,598.7,210.9,432.9,693.1,804.0,581.4,239.6,219.1,262.9,519.1,105.3,55.3,127.3,45.6,210.6,215.1,402.0,158.8,76.3,174.7,141.6,36.7,294.3,368.3,334.2,234.8,71.0,159.3,50.4,169.7,169.3,100.2,130.0,58.2,220.8,276.9,243.8,166.9,102.6,211.9,172.8,52.1,127.2,228.7,223.6,74.8,50.0,82.0,47.1,66.6,517.2,473.7,541.1,384.4,679.7,1302.0,1267.0,997.8,579.0,970.3,822.8,689.7,420.0,1065.0,679.7,285.9,469.0,896.1,591.1,441.0,102.5,54.8,64.1,232.9,151.1,187.8,253.0,417.5,73.0,154.2,71.0,283.6,79.1,147.9,75.1,175.8,365.4,562.8,415.0,346.5
2026-06-11,16,7,official_closing,closing_displayed,https://www.boatrace.jp/owpc/pc/race/odds3t?hd=20260611&jcd=16&rno=7,official_table_v2,8.6,42.9,23.0,279.2,5.6,16.8,6.5,97.0,87.7,58.2,115.7,457.3,28.6,20.5,84.9,181.3,720.4,411.1,848.0,587.7,24.2,103.1,56.7,537.3,42.1,209.8,111.5,768.0,413.2,453.5,667.2,2230.0,182.7,242.2,684.1,1345.0,2230.0,2087.0,2759.0,2430.0,13.1,28.7,11.0,112.7,32.2,124.0,62.2,396.1,89.9,155.9,108.8,360.2,37.4,58.7,94.4,215.0,520.1,830.7,760.8,594.2,310.7,206.3,341.3,1171.0,427.3,484.5,743.4,2584.0,260.9,433.0,381.3,1107.0,530.3,743.4,513.6,1750.0,1961.0,3392.0,1713.0,3786.0,101.0,88.8,302.6,277.8,197.1,262.1,636.0,894.6,105.3,178.1,334.3,412.2,605.2,992.7,726.8,1334.0,553.8,992.7,704.8,1428.0,2544.0,1379.0,2114.0,2230.0,4400.0,4284.0,6262.0,4522.0,1850.0,5088.0,2466.0,2759.0,2856.0,4788.0,2669.0,5088.0,2584.0,2293.0,2504.0,4933.0
2026-06-11,16,8,official_closing,closing_displayed,https://www.boatrace.jp/owpc/pc/race/odds3t?hd=20260611&jcd=16&rno=8,official_table_v2,34.9,14.7,28.9,278.9,49.4,47.3,64.1,434.0,15.6,46.7,21.8,238.8,60.5,113.3,62.9,281.3,625.3,1043.0,793.9,1077.0,40.8,13.1,31.4,153.3,73.7,29.4,53.1,249.3,18.8,22.7,14.1,73.1,79.5,85.2,40.5,216.6,644.4,672.3,343.6,676.2,193.3,187.3,208.8,715.8,185.0,77.8,108.9,455.2,172.8,105.7,140.0,528.7,313.5,226.0,246.4,740.8,1384.0,1020.0,1344.0,1352.0,26.7,98.8,29.6,152.8,28.7,54.4,20.7,85.0,193.8,136.3,128.7,497.0,30.7,26.4,93.2,61.0,446.5,334.7,775.4,306.0,155.5,339.6,133.8,354.6,184.9,320.4,120.4,439.7,450.8,537.2,429.2,973.3,114.2,107.0,256.4,227.8,791.2,871.2,1129.0,644.4,1626.0,3101.0,2501.0,2769.0,2236.0,2215.0,1186.0,2907.0,4010.0,2837.0,3579.0,4081.0,1510.0,1123.0,3021.0,2236.0,3021.0,2349.0,3323.0,2095.0
2026-06-11,16,9,official_closing,closing_displayed,https://www.boatrace.jp/owpc/pc/race/odds3t?hd=20260611&jcd=16&rno=9,official_table_v2,4.8,52.5,14.4,24.7,4.0,21.4,7.2,11.9,149.7,82.7,153.7,202.2,23.8,22.1,144.8,43.5,59.6,49.6,252.8,78.4,66.8,245.5,120.1,192.9,115.8,946.3,485.6,599.1,628.1,1597.0,2320.0,2656.0,318.1,739.9,1968.0,711.2,695.5,1124.0,2022.0,1489.0,30.6,72.9,31.2,58.9,101.1,689.0,261.8,405.3,419.9,878.4,572.7,857.9,125.2,279.4,479.3,261.8,298.3,635.4,1011.0,433.1,478.2,597.5,838.3,1179.0,544.4,1054.0,1289.0,1852.0,854.6,1696.0,1422.0,1778.0,1102.0,1460.0,1267.0,1369.0,1460.0,2477.0,2120.0,2183.0,143.4,159.7,699.9,165.0,267.9,574.1,1541.0,702.2,287.4,642.8,1361.0,652.3,1091.0,2863.0,2296.0,1489.0,315.8,702.2,607.4,1352.0,520.0,509.2,1563.0,718.2,768.2,1413.0,2826.0,1822.0,755.1,1531.0,2756.0,1252.0,2345.0,3868.0,3801.0,3445.0,825.8,1722.0,1191.0,3020.0
2026-06-11,16,10,official_closing,closing_displayed,https://www.boatrace.jp/owpc/pc/race/odds3t?hd=20260611&jcd=16&rno=10,official_table_v2,6.4,17.8,20.9,24.7,10.8,27.9,27.7,37.2,54.1,72.2,122.1,138.5,49.6,79.1,166.0,107.8,97.2,160.9,268.6,285.5,9.9,28.8,29.8,24.8,21.8,46.8,44.5,44.1,114.6,123.6,184.6,169.0,101.8,108.1,303.7,167.7,155.1,155.8,353.4,311.4,36.1,61.4,65.8,58.3,42.1,58.9,64.3,55.8,153.6,147.9,258.2,202.9,130.1,123.2,269.0,171.6,195.9,163.0,399.8,271.4,297.0,454.5,441.6,443.7,295.5,387.3,421.5,471.8,621.8,493.1,948.5,830.0,480.4,522.2,973.4,623.8,720.6,768.2,1080.0,1010.0,139.6,188.1,293.2,202.5,163.9,207.7,408.6,285.1,298.9,292.3,758.8,558.3,378.6,654.6,948.5,717.8,688.6,734.8,963.3,1273.0,438.4,845.1,1147.0,1475.0,592.1,691.1,1239.0,1223.0,1199.0,755.7,1999.0,2618.0,2065.0,1770.0,2734.0,3380.0,2295.0,1630.0,2512.0,2817.0
2026-06-11,16,11,official_closing,closing_displayed,https://www.boatrace.jp/owpc/pc/race/odds3t?hd=20260611&jcd=16&rno=11,official_table_v2,5.7,5.4,21.4,22.2,11.8,18.3,42.3,44.6,10.6,23.8,41.4,37.0,64.1,106.5,125.1,144.4,93.1,144.6,148.9,242.8,18.1,16.5,42.9,46.3,89.1,168.9,297.3,287.6,77.6,177.6,259.4,199.5,267.7,475.4,518.9,588.1,279.5,653.5,393.0,802.0,120.8,125.6,231.1,303.0,199.7,314.4,469.8,547.6,378.1,458.9,1017.0,831.4,867.7,968.3,1541.0,1689.0,1031.0,1073.0,1526.0,2370.0,56.0,170.7,102.2,84.6,86.9,262.0,195.3,140.5,360.9,390.1,778.4,583.8,132.0,183.1,471.2,171.8,146.7,168.0,524.1,239.8,375.4,956.6,460.3,541.9,461.6,939.6,693.4,1051.0,1212.0,2062.0,2835.0,3240.0,393.0,545.7,1080.0,650.8,1380.0,1498.0,2443.0,1405.0,441.1,1058.0,565.1,1541.0,504.1,1620.0,610.7,2520.0,1745.0,2035.0,2089.0,3693.0,515.6,559.1,1726.0,1707.0,2236.0,2996.0,2887.0,1784.0
2026-06-11,16,12,official_closing,closing_displayed,https://www.boatrace.jp/owpc/pc/race/odds3t?hd=20260611&jcd=16&rno=12,official_table_v2,6.9,15.1,9.2,27.4,9.5,15.8,11.6,23.0,32.0,41.9,49.0,66.1,17.0,20.9,56.1,34.5,82.8,87.6,137.0,92.9,36.1,62.3,40.2,86.4,104.3,212.6,122.6,214.9,285.8,373.5,345.8,345.4,121.8,189.1,282.3,234.0,543.0,799.2,1108.0,621.0,64.0,81.8,58.7,93.3,108.8,185.1,136.8,222.3,309.5,278.3,257.4,480.0,118.3,154.0,213.8,191.9,423.4,661.0,711.5,513.1,309.2,572.2,425.2,507.0,470.2,1104.0,866.6,1035.0,812.3,1124.0,961.6,1216.0,797.1,943.4,1348.0,967.9,1133.0,1498.0,1569.0,1475.0,73.6,101.8,220.5,99.1,131.3,284.7,536.1,255.4,210.8,338.3,741.6,385.1,685.3,993.7,1183.0,830.4,243.1,338.3,522.1,706.4,643.8,943.4,1611.0,708.1,869.1,1733.0,1753.0,1151.0,1296.0,2099.0,2638.0,2014.0,2192.0,1935.0,2760.0,2056.0,709.8,940.4,1406.0,1498.0
2026-06-11,20,1,official_closing,closing_displayed,https://www.boatrace.jp/owpc/pc/race/odds3t?hd=20260611&jcd=20&rno=1,official_table_v2,14.0,23.9,22.1,54.3,15.5,15.7,17.1,36.1,39.0,30.4,40.7,56.3,28.9,32.8,52.5,52.9,109.6,85.0,99.9,100.0,50.6,73.3,52.7,105.0,82.9,111.4,97.5,139.8,159.8,167.1,200.8,235.4,115.4,168.0,287.8,251.5,222.5,354.2,456.7,378.4,48.6,36.5,33.2,45.0,100.4,103.0,94.1,121.4,75.1,134.0,82.5,64.2,74.9,120.0,96.3,86.9,131.3,195.6,113.5,133.0,157.3,110.8,118.2,126.8,218.5,292.7,269.9,316.3,151.2,302.9,182.6,116.9,147.9,228.7,201.4,125.2,231.4,353.1,205.2,195.6,80.3,87.5,120.5,102.0,132.0,211.2,317.2,216.1,120.8,205.9,187.7,177.1,162.4,301.4,267.0,184.3,167.3,234.5,226.6,243.9,276.7,276.7,393.1,345.1,322.2,616.7,731.8,678.7,327.4,584.0,398.3,420.3,552.2,671.2,461.9,389.3,380.8,514.7,435.4,398.3
2026-06-11,20,2,official_closing,closing_displayed,https://www.boatrace.jp/owpc/pc/race/odds3t?hd=20260611&jcd=20&rno=2,official_table_v2,102.5,136.6,145.8,122.7,68.9,15.9,18.3,10.4,149.0,25.3,69.6,27.8,153.9,51.0,117.1,50.3,97.8,24.0,48.4,45.4,360.1,405.6,488.4,320.1,455.3,630.2,758.9,593.1,712.9,904.9,1196.0,1045.0,735.2,922.6,1283.0,1260.0,659.6,793.0,1138.0,1216.0,165.4,36.1,39.4,19.3,282.9,337.7,369.5,276.8,70.6,331.3,58.3,31.5,70.8,340.9,73.2,31.1,30.4,191.2,37.3,28.5,352.9,59.5,145.8,64.3,534.7,685.2,627.4,481.8,83.3,464.3,87.9,42.1,152.7,445.3,136.2,71.7,83.0,346.0,53.8,78.4,345.1,137.7,287.5,120.6,709.3,871.4,1120.0,758.9,136.2,595.6,207.6,87.0,326.7,816.0,315.8,155.3,134.0,418.9,104.8,164.1,158.9,42.5,90.6,65.5,273.0,505.9,384.6,702.3,51.2,276.2,65.3,56.0,128.4,361.9,101.6,112.5,120.0,472.1,94.7,121.3
2026-06-11,20,3,official_closing,closing_displayed,https://www.boatrace.jp/owpc/pc/race/odds3t?hd=20260611&jcd=20&rno=3,official_table_v2,19.8,22.5,10.7,54.5,47.3,94.1,65.8,168.2,57.4,127.3,68.4,166.1,24.9,71.1,72.2,79.3,154.1,357.6,341.3,220.0,25.8,25.8,9.6,49.5,69.3,101.4,58.2,131.4,64.3,116.7,48.4,115.3,19.8,53.3,36.8,41.2,207.0,326.4,257.1,118.9,187.0,299.1,203.0,380.0,188.8,275.5,139.2,224.7,415.1,353.5,432.2,476.8,307.9,226.3,512.5,306.1,832.5,524.4,914.8,519.2,81.6,227.3,66.4,120.7,78.8,145.6,45.3,76.6,337.6,227.7,202.5,263.5,54.1,41.6,132.2,44.6,151.1,101.9,242.4,95.8,46.7,198.6,99.7,87.9,46.1,136.5,68.9,59.8,331.9,239.4,544.4,336.9,94.3,69.3,307.9,81.3,184.8,122.0,326.4,216.7,587.1,1165.0,1156.0,836.9,452.1,819.5,756.4,416.2,1918.0,1380.0,2216.0,1589.0,971.2,650.1,1322.0,629.3,738.7,362.5,1070.0,745.7
2026-06-11,20,4,official_closing,closing_displayed,https://www.boatrace.jp/owpc/pc/race/odds3t?hd=20260611&jcd=20&rno=4,official_table_v2,17.3,60.7,41.5,41.8,16.2,40.8,22.4,23.8,95.7,71.7,111.9,132.8,84.6,59.3,163.0,78.5,76.9,61.8,196.1,112.1,45.1,131.1,86.0,68.7,57.6,123.3,55.0,46.6,255.0,215.8,286.2,226.7,145.6,93.6,226.7,93.2,130.9,89.8,249.5,136.7,40.6,64.5,32.5,31.5,57.2,102.0,46.1,38.9,122.4,138.2,101.4,99.7,48.2,56.3,99.0,22.6,48.9,52.9,107.2,30.4,257.9,200.1,227.9,247.7,331.8,255.2,308.5,300.0,245.9,240.1,173.7,179.5,250.1,273.0,192.9,169.6,281.1,327.9,248.9,225.7,307.3,215.8,556.7,260.9,365.1,241.2,627.0,249.7,187.7,199.5,410.1,111.5,700.0,684.7,426.3,409.0,256.2,235.2,120.6,399.1,89.5,75.2,244.2,135.4,103.6,74.2,226.2,127.3,75.2,68.8,161.2,57.5,506.3,430.4,307.9,358.0,186.1,159.1,74.1,269.2
2026-06-11,20,5,official_closing,closing_displayed,https://www.boatrace.jp/owpc/pc/race/odds3t?hd=20260611&jcd=20&rno=5,official_table_v2,7.6,4.4,15.1,42.3,17.1,15.7,40.2,95.8,6.6,13.6,16.9,38.7,37.1,68.0,47.3,141.8,202.1,334.4,221.6,349.3,69.3,32.0,89.7,187.7,147.9,128.6,217.4,342.0,55.8,120.2,134.9,193.5,216.9,378.8,271.6,450.9,782.8,1165.0,877.7,988.3,257.3,213.9,340.1,750.1,291.9,242.9,376.5,683.4,277.6,328.0,445.6,656.0,722.7,781.2,851.9,1568.0,2024.0,2002.0,2139.0,2709.0,41.5,115.0,64.4,127.7,74.8,233.1,175.3,263.8,306.1,380.7,504.0,696.0,129.0,183.5,397.2,257.0,353.2,476.6,818.5,474.8,282.2,566.2,321.8,628.6,432.3,1091.0,661.7,988.3,1048.0,1549.0,1981.0,3164.0,372.4,559.5,1325.0,643.6,1316.0,1335.0,2852.0,1595.0,1784.0,2831.0,1892.0,3246.0,1437.0,4482.0,3036.0,2709.0,3803.0,4430.0,3303.0,6073.0,2024.0,2368.0,3728.0,2527.0,3922.0,2561.0,4005.0,3086.0
2026-06-11,20,6,official_closing,closing_displayed,https://www.boatrace.jp/owpc/pc/race/odds3t?hd=20260611&jcd=20&rno=6,official_table_v2,28.0,7.6,52.3,19.0,54.2,44.0,144.3,78.3,11.2,35.4,52.0,16.2,140.1,269.1,164.1,188.4,46.4,118.4,40.0,164.7,55.8,15.1,99.9,32.2,139.6,82.9,334.2,153.4,21.5,59.4,136.3,25.7,305.1,504.9,319.3,326.3,99.2,241.5,63.6,311.7,225.0,178.3,330.4,267.5,221.9,142.2,408.1,243.0,160.3,131.8,341.0,127.7,708.5,786.0,847.2,836.6,424.9,407.3,287.8,869.2,29.9,108.3,96.2,29.5,32.7,95.5,123.3,28.3,182.1,151.7,329.8,136.7,147.3,160.7,364.8,100.7,44.3,36.3,122.9,101.6,480.2,734.3,624.9,619.1,564.4,769.4,640.8,638.7,1127.0,1204.0,1662.0,1765.0,585.7,547.5,856.2,464.1,880.6,664.0,1479.0,730.3,190.6,471.2,160.3,741.1,215.6,542.3,143.2,632.7,976.7,861.7,555.8,1609.0,174.1,123.7,356.1,436.9,1149.0,816.3,1463.0,778.4
2026-06-11,20,7,official_closing,closing_displayed,https://www.boatrace.jp/owpc/pc/race/odds3t?hd=20260611&jcd=20&rno=7,official_table_v2,19.3,13.5,8.9,55.7,35.5,65.3,33.4,171.1,36.7,79.1,41.8,138.3,17.3,43.9,39.7,73.8,214.9,447.3,433.1,286.1,30.9,18.1,12.7,64.4,84.5,97.7,64.8,277.0,48.7,115.1,36.7,114.0,25.0,57.0,35.5,76.5,347.0,563.3,350.6,267.2,118.8,154.1,104.1,410.7,112.3,93.9,85.8,259.1,233.8,153.7,140.1,354.6,121.3,108.8,141.1,219.6,1108.0,1083.0,1131.0,871.4,137.4,362.3,116.1,259.7,124.4,284.2,82.2,190.1,522.8,490.5,408.8,876.7,97.9,79.6,310.7,119.7,472.5,389.4,1015.0,348.1,42.5,107.8,79.0,109.7,50.7,115.0,70.1,114.4,183.2,187.0,302.9,381.6,113.4,84.1,304.8,113.8,239.5,226.3,553.3,300.2,1206.0,2347.0,2089.0,1280.0,955.3,2523.0,1360.0,1024.0,2746.0,2780.0,3011.0,3332.0,2310.0,1548.0,3141.0,1505.0,1335.0,985.5,2059.0,1399.0
2026-06-11,20,8,official_closing,closing_displayed,https://www.boatrace.jp/owpc/pc/race/odds3t?hd=20260611&jcd=20&rno=8,official_table_v2,7.2,27.8,39.1,114.1,7.5,19.1,25.5,72.6,76.2,65.7,159.2,246.8,93.6,79.5,246.1,347.1,364.0,376.5,615.9,721.8,13.8,50.1,59.7,134.0,19.9,37.2,45.2,86.0,134.3,98.1,235.2,320.1,186.6,142.4,347.7,468.3,489.2,427.6,688.2,781.1,13.2,21.9,28.2,59.9,17.8,29.5,37.7,63.2,42.0,41.0,50.7,85.2,74.8,73.3,85.9,148.2,214.3,204.4,253.4,281.6,294.2,261.1,482.6,608.9,339.7,239.2,520.1,556.6,223.6,205.8,253.7,353.2,586.4,676.2,471.4,633.2,1049.0,781.1,914.7,1062.0,416.0,332.1,797.1,966.3,539.8,501.8,1014.0,1123.0,380.5,471.9,597.0,880.8,1036.0,1072.0,753.6,932.6,1678.0,1518.0,1481.0,1685.0,1712.0,2184.0,2709.0,2972.0,1281.0,1545.0,2019.0,2563.0,2108.0,1502.0,2028.0,2692.0,3424.0,2009.0,2779.0,2797.0,3627.0,2816.0,2432.0,2578.0
2026-06-11,20,9,official_closing,closing_displayed,https://www.boatrace.jp/owpc/pc/race/odds3t?hd=20260611&jcd=20&rno=9,official_table_v2,16.0,8.7,12.8,8.1,38.8,88.8,95.7,71.0,32.2,121.1,79.0,54.5,43.5,140.6,116.5,73.5,26.3,113.5,79.6,88.8,28.2,12.2,15.3,10.8,83.7,152.9,136.0,97.5,49.5,151.0,68.0,47.0,62.6,186.9,100.7,66.9,27.9,102.3,60.6,65.8,181.2,429.8,334.5,308.1,185.2,393.9,326.2,220.9,834.1,819.8,1240.0,941.0,708.5,632.8,1186.0,795.7,484.7,459.5,907.5,751.5,176.1,680.6,270.9,246.8,235.9,774.4,250.8,214.4,1087.0,1327.0,1621.0,1222.0,519.0,460.0,1233.0,445.3,444.4,320.1,1157.0,575.6,192.6,570.3,391.7,242.9,202.2,615.7,414.6,228.2,943.1,898.1,1731.0,1130.0,703.9,693.7,1603.0,631.0,331.7,291.5,864.0,710.8,70.9,299.3,303.7,294.4,75.4,278.7,222.9,229.2,507.5,531.8,1296.0,1357.0,574.9,435.9,1365.0,932.9,455.6,376.4,962.0,943.1
2026-06-11,20,10,official_closing,closing_displayed,https://www.boatrace.jp/owpc/pc/race/odds3t?hd=20260611&jcd=20&rno=10,official_table_v2,8.4,18.6,83.1,20.3,9.7,13.0,54.2,14.5,42.8,36.0,144.9,54.3,218.2,160.8,308.7,187.5,28.5,24.7,52.8,107.3,38.7,72.8,243.5,61.1,87.6,152.3,481.9,140.2,231.5,234.1,710.2,278.1,700.7,813.7,988.4,725.9,121.4,165.0,252.5,553.6,45.1,48.0,135.2,42.1,90.6,150.7,438.4,132.9,118.3,162.2,427.0,128.4,511.0,831.7,734.0,538.8,86.0,152.1,164.1,358.0,252.8,210.1,447.8,246.9,375.7,397.6,940.6,408.1,287.4,384.7,725.9,315.9,718.9,1003.0,927.3,672.9,316.7,394.6,364.2,726.9,864.6,769.5,1062.0,755.2,973.7,1302.0,1392.0,1071.0,945.7,1163.0,1335.0,912.8,1377.0,1624.0,1508.0,1166.0,797.6,1168.0,971.9,1131.0,23.6,23.8,55.5,127.8,33.3,41.2,78.9,200.7,39.9,54.4,84.5,199.3,123.4,150.1,137.1,295.5,239.0,348.7,297.8,364.9
2026-06-11,20,11,official_closing,closing_displayed,https://www.boatrace.jp/owpc/pc/race/odds3t?hd=20260611&jcd=20&rno=11,official_table_v2,11.9,21.2,25.3,30.5,9.7,10.0,9.0,12.8,31.9,24.5,39.3,38.5,41.9,24.5,50.2,38.8,59.3,39.4,78.3,66.3,98.9,148.1,153.5,182.7,176.4,361.7,321.1,420.5,381.9,606.4,688.5,613.1,419.8,596.5,886.5,654.8,497.5,771.8,969.6,961.1,50.7,33.8,26.2,33.2,161.0,281.7,239.8,304.5,108.2,320.1,147.8,163.1,82.3,276.4,175.6,113.6,127.4,354.0,267.9,198.2,274.6,216.0,211.5,210.0,483.9,871.1,789.6,651.0,323.0,725.9,483.0,454.3,272.7,511.9,435.9,276.1,396.5,595.8,588.8,468.2,171.4,100.1,187.5,110.5,362.2,601.0,837.8,443.2,155.9,480.9,433.4,227.5,359.6,674.2,579.5,355.4,189.6,379.5,262.4,382.9,332.2,213.2,458.8,347.7,551.5,949.4,1115.0,1086.0,302.3,739.6,778.4,586.9,798.8,1185.0,1076.0,860.1,426.7,832.7,553.7,735.6
2026-06-11,20,12,official_closing,closing_displayed,https://www.boatrace.jp/owpc/pc/race/odds3t?hd=20260611&jcd=20&rno=12,official_table_v2,11.8,7.8,17.9,30.0,19.5,18.1,32.2,48.0,11.3,21.2,19.7,27.3,33.4,53.2,38.4,56.1,87.7,136.5,87.6,124.5,45.3,25.1,48.1,77.5,183.2,191.4,298.9,434.3,63.7,142.2,109.3,152.9,216.3,452.5,239.5,373.6,405.2,866.7,433.7,590.4,147.4,106.9,145.0,223.7,281.1,261.6,435.4,631.0,224.9,286.8,259.5,416.6,440.7,503.3,392.3,667.1,780.5,1132.0,976.1,1278.0,43.8,84.0,49.7,65.3,71.3,144.3,84.3,103.8,202.1,224.9,177.6,288.8,68.2,79.6,129.8,69.2,137.1,175.1,331.3,155.0,198.1,281.0,154.9,209.7,300.6,673.9,326.1,479.2,634.7,886.2,605.0,899.2,177.9,210.3,349.5,188.0,563.3,738.8,1042.0,563.3,472.3,822.4,559.2,701.4,592.9,1448.0,698.4,932.5,1410.0,1795.0,1698.0,1967.0,575.6,650.7,1501.0,779.9,1004.0,1118.0,1835.0,1003.0
2026-06-11,23,1,official_closing,closing_displayed,https://www.boatrace.jp/owpc/pc/race/odds3t?hd=20260611&jcd=23&rno=1,official_table_v2,7.2,7.9,24.7,422.7,6.7,6.0,18.9,434.6,9.7,9.9,17.9,307.7,50.2,48.2,41.4,469.1,1083.0,1049.0,1407.0,1208.0,61.9,74.0,154.2,1357.0,167.1,324.1,567.0,3846.0,183.9,317.4,613.8,4196.0,557.4,930.6,1068.0,3606.0,5367.0,6993.0,6788.0,7693.0,65.3,51.2,119.5,1021.0,161.7,248.7,545.6,2884.0,104.9,235.9,269.9,1591.0,343.9,769.3,497.4,2307.0,2780.0,4274.0,3979.0,4808.0,40.2,44.9,41.7,339.9,101.8,185.0,204.0,1591.0,114.8,224.2,235.5,2006.0,79.0,142.2,196.4,434.6,891.1,1955.0,2157.0,845.4,213.5,253.9,179.4,1083.0,475.8,926.9,659.4,2814.0,514.0,1073.0,697.2,3297.0,227.6,426.6,493.1,915.8,2622.0,3911.0,4354.0,2404.0,3250.0,4910.0,5495.0,6594.0,5495.0,7693.0,8242.0,6237.0,5367.0,9231.0,8242.0,9231.0,5495.0,7693.0,7958.0,7212.0,5629.0,6411.0,9231.0,7212.0
2026-06-11,23,2,official_closing,closing_displayed,https://www.boatrace.jp/owpc/pc/race/odds3t?hd=20260611&jcd=23&rno=2,official_table_v2,4.1,4.4,79.3,193.5,11.6,17.4,164.0,437.6,9.8,16.5,104.3,287.4,283.1,558.1,520.4,1437.0,770.2,1604.0,1516.0,1275.0,13.3,12.0,107.8,230.6,42.4,66.5,413.2,848.3,32.8,65.2,263.4,627.2,617.1,1211.0,1002.0,2637.0,1405.0,3703.0,2874.0,1719.0,90.3,120.3,537.8,1375.0,105.2,164.4,925.7,1660.0,228.9,207.9,1447.0,2265.0,2048.0,2437.0,3209.0,4696.0,4814.0,4814.0,4376.0,4814.0,22.5,40.8,84.8,252.0,32.2,73.3,127.8,367.4,133.0,146.2,571.4,1126.0,159.2,202.2,536.3,574.8,715.8,805.7,1469.0,1024.0,871.3,1540.0,1094.0,2874.0,992.6,2348.0,1869.0,3775.0,3209.0,3929.0,4478.0,6877.0,1035.0,1481.0,2790.0,2533.0,4696.0,4584.0,6211.0,4814.0,2637.0,5835.0,5204.0,6877.0,3633.0,8753.0,8023.0,5663.0,5349.0,9628.0,8753.0,7406.0,6640.0,7132.0,8753.0,6877.0,6418.0,7132.0,6640.0,6211.0
2026-06-11,23,3,official_closing,closing_displayed,https://www.boatrace.jp/owpc/pc/race/odds3t?hd=20260611&jcd=23&rno=3,official_table_v2,25.4,10.8,42.1,65.1,36.6,25.0,68.9,114.3,7.7,19.2,17.4,16.8,100.7,121.3,64.8,181.0,194.3,309.0,100.9,279.1,56.6,24.6,68.4,135.3,111.4,86.8,166.2,295.4,45.4,89.6,75.9,93.9,275.9,480.5,194.5,461.6,489.2,782.8,257.3,766.9,170.8,94.0,257.3,306.0,265.3,165.6,393.0,407.5,120.5,146.6,203.5,181.3,604.1,739.7,475.6,763.7,421.2,861.8,520.4,1125.0,21.7,48.9,28.6,24.7,41.3,82.5,57.6,57.7,130.0,143.4,152.0,167.1,38.4,55.2,120.1,39.1,51.3,74.7,163.9,64.9,282.1,331.3,179.4,344.1,495.7,890.4,433.9,736.8,754.5,1125.0,782.8,1295.0,174.6,247.5,532.2,196.1,543.0,722.6,1026.0,323.9,654.6,1167.0,357.8,907.6,842.5,1552.0,480.5,953.7,1878.0,1842.0,1038.0,2135.0,369.8,434.9,854.0,447.3,953.7,1286.0,1723.0,506.4
2026-06-11,23,4,official_closing,closing_displayed,https://www.boatrace.jp/owpc/pc/race/odds3t?hd=20260611&jcd=23&rno=4,official_table_v2,35.8,29.6,162.4,708.0,48.6,40.6,211.3,1349.0,39.9,46.9,170.4,763.6,398.7,450.5,465.2,2075.0,2040.0,2058.0,1882.0,2857.0,30.3,25.4,130.0,735.9,27.0,6.7,52.6,670.8,21.4,7.3,38.8,439.1,276.2,190.7,148.2,1825.0,1239.0,2404.0,1312.0,2961.0,66.2,40.2,203.9,1298.0,49.5,12.2,66.5,858.1,27.7,13.0,49.4,571.4,429.8,224.8,202.8,2611.0,1556.0,3372.0,2111.0,3469.0,52.0,49.7,160.0,926.9,36.3,15.5,45.2,459.9,37.0,17.5,54.9,512.3,171.1,84.8,90.8,513.4,2007.0,1372.0,1517.0,1305.0,919.9,1271.0,999.3,3854.0,788.4,731.4,497.6,3571.0,1184.0,809.5,527.9,3519.0,791.0,488.6,458.2,1395.0,4857.0,4857.0,6938.0,1958.0,4047.0,6390.0,4187.0,7359.0,4187.0,5279.0,4047.0,5279.0,7142.0,5396.0,3679.0,8374.0,4497.0,4857.0,5279.0,3035.0,6563.0,7359.0,7833.0,2698.0
2026-06-11,23,5,official_closing,closing_displayed,https://www.boatrace.jp/owpc/pc/race/odds3t?hd=20260611&jcd=23&rno=5,official_table_v2,4.2,6.2,35.7,10.3,6.7,10.5,36.3,14.8,15.6,24.4,75.4,22.0,117.6,160.6,206.3,146.7,42.7,54.8,65.9,190.5,40.6,53.4,220.0,80.6,105.0,311.5,751.1,345.9,245.0,475.5,1276.0,487.6,903.0,1725.0,2428.0,1634.0,481.0,1037.0,1078.0,1954.0,76.9,114.1,269.5,116.9,124.8,335.7,817.4,329.1,352.8,535.6,1101.0,613.1,1042.0,1645.0,2119.0,1506.0,591.3,1069.0,1158.0,2253.0,156.0,238.9,416.9,175.0,292.9,601.3,1413.0,546.1,442.7,919.6,2119.0,926.4,656.5,1454.0,1909.0,988.7,317.0,646.3,912.9,1142.0,758.0,1116.0,1269.0,779.2,1309.0,2689.0,3523.0,2316.0,2233.0,3426.0,4466.0,3248.0,1866.0,3335.0,4239.0,2194.0,1880.0,3426.0,3678.0,3166.0,348.8,588.5,488.5,1374.0,722.9,1573.0,1462.0,3126.0,1042.0,1667.0,2274.0,4100.0,716.7,1506.0,2119.0,2526.0,2213.0,4034.0,3970.0,3523.0
2026-06-11,23,6,official_closing,closing_displayed,https://www.boatrace.jp/owpc/pc/race/odds3t?hd=20260611&jcd=23&rno=6,official_table_v2,8.7,5.8,232.2,13.7,23.6,33.1,415.7,61.7,12.6,29.6,590.1,28.8,624.3,915.8,2043.0,1941.0,32.4,81.9,41.7,859.1,17.1,8.8,397.8,20.6,52.5,62.1,799.0,93.8,25.4,49.1,581.3,38.1,1749.0,1673.0,2110.0,1718.0,58.7,127.6,64.1,840.5,150.3,201.8,1294.0,317.2,169.4,186.8,1565.0,299.1,338.8,291.9,2397.0,464.5,3962.0,3406.0,4314.0,4515.0,583.0,567.7,695.9,3733.0,48.1,154.5,911.5,75.6,55.0,137.9,1021.0,64.6,320.9,236.7,2367.0,335.9,2623.0,2181.0,2773.0,3131.0,87.5,78.2,223.6,1357.0,1703.0,2206.0,3807.0,5393.0,3131.0,3406.0,5883.0,5109.0,4412.0,5109.0,5109.0,7467.0,4735.0,7191.0,4131.0,6263.0,4735.0,5883.0,6934.0,5393.0,79.8,207.2,115.4,1285.0,80.8,200.9,102.7,1084.0,475.8,435.3,509.6,2521.0,121.3,113.6,299.1,1718.0,2941.0,2897.0,3236.0,2941.0
2026-06-11,23,7,official_closing,closing_displayed,https://www.boatrace.jp/owpc/pc/race/odds3t?hd=20260611&jcd=23&rno=7,official_table_v2,5.7,8.5,37.9,31.4,11.0,18.8,44.1,41.7,19.7,28.4,83.2,58.2,72.3,82.9,147.7,174.4,143.4,173.8,176.9,306.8,14.0,14.6,70.8,56.1,43.2,41.0,162.0,165.7,41.3,42.9,210.1,124.5,253.1,265.1,337.4,470.1,308.9,434.7,348.4,1005.0,52.8,56.6,106.0,85.8,66.3,72.6,140.2,145.9,108.1,85.9,291.3,264.1,215.0,221.5,456.2,523.3,248.1,272.4,573.1,983.6,85.3,116.2,228.8,191.3,88.3,77.1,239.9,182.0,160.3,118.3,310.9,295.7,258.7,243.3,293.8,289.5,373.8,375.8,633.3,811.1,317.3,318.8,523.3,619.1,426.7,483.2,856.1,1012.0,621.9,700.5,990.7,1100.0,654.2,729.9,806.3,872.3,1594.0,1981.0,2101.0,2237.0,509.9,850.9,718.6,1475.0,762.0,1127.0,806.3,1953.0,1296.0,1346.0,1849.0,2719.0,1027.0,956.5,1651.0,2133.0,2167.0,2476.0,2568.0,2167.0
2026-06-11,23,8,official_closing,closing_displayed,https://www.boatrace.jp/owpc/pc/race/odds3t?hd=20260611&jcd=23&rno=8,official_table_v2,37.2,24.0,114.7,53.8,71.0,86.7,247.6,154.8,34.4,80.9,175.5,80.7,337.4,523.7,584.6,757.9,148.7,280.3,216.7,596.1,28.7,16.3,65.4,41.7,44.4,29.4,66.7,31.2,16.1,23.1,49.4,17.6,227.4,195.8,162.8,131.9,76.9,51.6,45.1,91.6,96.1,131.0,268.8,151.5,79.7,57.9,122.6,52.0,120.2,78.1,208.3,113.0,521.9,316.2,395.8,266.9,204.3,95.5,139.1,197.9,25.5,68.9,141.7,54.3,16.6,22.5,55.6,15.9,108.2,57.5,217.0,95.7,350.7,195.3,403.2,251.3,94.5,42.8,93.3,170.6,676.3,1040.0,954.6,1187.0,631.0,652.9,544.5,444.9,1151.0,892.4,1069.0,777.4,925.3,562.8,1054.0,688.7,1289.0,652.9,948.6,903.1,264.1,798.0,554.5,948.6,187.1,237.1,163.9,480.3,815.3,365.2,521.9,636.4,282.4,157.2,278.8,525.5,1256.0,798.0,1047.0,746.6
2026-06-11,23,9,official_closing,closing_displayed,https://www.boatrace.jp/owpc/pc/race/odds3t?hd=20260611&jcd=23&rno=9,official_table_v2,39.4,17.7,47.4,118.8,68.7,43.0,101.0,248.7,21.4,38.4,33.7,65.4,106.3,159.1,62.9,198.5,587.8,1022.0,420.0,644.3,59.9,25.4,58.4,156.2,113.1,43.6,81.7,253.9,29.6,27.9,18.3,61.8,114.0,104.3,57.7,186.2,622.2,412.4,212.7,464.2,154.4,104.2,208.8,381.1,174.2,76.4,140.3,300.7,116.5,69.3,82.1,188.8,320.4,171.4,175.1,333.4,1293.0,471.5,963.0,1084.0,30.9,77.2,26.7,62.1,32.9,41.1,17.4,48.8,137.0,69.9,81.4,164.0,25.0,17.5,57.5,23.3,148.2,93.7,309.5,79.0,218.4,410.5,128.4,243.3,252.5,324.4,99.5,265.8,597.5,405.0,303.7,673.0,98.6,69.0,190.7,88.2,757.5,429.0,914.4,282.0,1275.0,2514.0,1414.0,2321.0,1574.0,2702.0,444.8,1414.0,3772.0,3068.0,2702.0,2624.0,1392.0,427.0,2382.0,887.5,2550.0,1646.0,2321.0,923.7
2026-06-11,23,11,official_closing,closing_displayed,https://www.boatrace.jp/owpc/pc/race/odds3t?hd=20260611&jcd=23&rno=11,official_table_v2,33.0,15.4,81.3,42.5,55.8,44.7,125.5,94.4,8.3,20.2,39.6,18.3,136.0,216.8,113.0,166.2,109.9,193.2,81.3,181.8,62.1,36.8,114.6,64.1,94.6,58.2,126.3,72.9,40.7,39.4,109.2,43.9,242.0,238.6,275.2,262.0,135.8,164.3,115.4,255.2,144.2,121.4,281.7,207.5,151.7,90.8,204.2,106.3,140.7,88.9,213.5,118.8,323.2,271.7,231.4,211.9,307.3,236.6,196.8,247.0,13.8,23.5,50.5,22.7,27.3,35.6,92.3,34.8,70.9,70.8,131.3,73.8,90.6,228.9,235.6,125.0,72.3,88.9,124.8,126.5,473.9,714.9,408.5,544.3,556.8,724.2,756.6,869.7,718.0,753.2,627.2,677.6,315.3,611.3,547.8,432.6,571.9,843.6,799.7,528.9,340.8,677.6,265.7,654.0,457.2,594.1,305.1,907.1,1004.0,763.5,502.1,917.0,238.6,245.6,374.1,440.5,856.5,1196.0,1074.0,661.7
2026-06-11,23,12,official_closing,closing_displayed,https://www.boatrace.jp/owpc/pc/race/odds3t?hd=20260611&jcd=23&rno=12,official_table_v2,8.0,23.7,23.3,38.6,7.2,6.2,9.6,15.7,25.9,17.8,26.4,29.4,38.3,28.9,49.2,48.5,95.9,60.9,85.4,76.8,145.8,313.6,290.0,415.9,321.4,943.9,1002.0,1132.0,613.2,1126.0,1405.0,1337.0,629.3,1426.0,2048.0,2027.0,1365.0,2048.0,2377.0,2348.0,58.5,36.0,49.6,63.0,188.4,420.4,581.7,594.3,113.0,228.7,203.5,224.1,209.7,629.3,346.3,393.0,284.4,641.9,498.8,539.4,153.3,108.9,80.5,89.3,390.6,687.7,729.4,664.0,195.9,609.4,387.4,410.6,111.4,355.3,297.1,138.3,159.2,510.8,431.7,213.0,292.2,257.1,306.6,339.6,644.0,1578.0,1516.0,1437.0,558.1,1660.0,930.3,1113.0,374.6,690.2,623.2,445.7,904.0,1660.0,1318.0,1132.0,383.6,341.4,594.3,871.3,1356.0,1799.0,2533.0,2239.0,623.2,1337.0,1063.0,1578.0,799.0,1660.0,1094.0,1266.0,1346.0,2567.0,1925.0,1470.0
