date,jcd,rno,source_type,snapshot_type,source_url,1-2-3,1-2-4,1-2-5,1-2-6,1-3-2,1-3-4,1-3-5,1-3-6,1-4-2,1-4-3,1-4-5,1-4-6,1-5-2,1-5-3,1-5-4,1-5-6,1-6-2,1-6-3,1-6-4,1-6-5,2-1-3,2-1-4,2-1-5,2-1-6,2-3-1,2-3-4,2-3-5,2-3-6,2-4-1,2-4-3,2-4-5,2-4-6,2-5-1,2-5-3,2-5-4,2-5-6,2-6-1,2-6-3,2-6-4,2-6-5,3-1-2,3-1-4,3-1-5,3-1-6,3-2-1,3-2-4,3-2-5,3-2-6,3-4-1,3-4-2,3-4-5,3-4-6,3-5-1,3-5-2,3-5-4,3-5-6,3-6-1,3-6-2,3-6-4,3-6-5,4-1-2,4-1-3,4-1-5,4-1-6,4-2-1,4-2-3,4-2-5,4-2-6,4-3-1,4-3-2,4-3-5,4-3-6,4-5-1,4-5-2,4-5-3,4-5-6,4-6-1,4-6-2,4-6-3,4-6-5,5-1-2,5-1-3,5-1-4,5-1-6,5-2-1,5-2-3,5-2-4,5-2-6,5-3-1,5-3-2,5-3-4,5-3-6,5-4-1,5-4-2,5-4-3,5-4-6,5-6-1,5-6-2,5-6-3,5-6-4,6-1-2,6-1-3,6-1-4,6-1-5,6-2-1,6-2-3,6-2-4,6-2-5,6-3-1,6-3-2,6-3-4,6-3-5,6-4-1,6-4-2,6-4-3,6-4-5,6-5-1,6-5-2,6-5-3,6-5-4
2026-02-15,01,1,official_closing,closing_displayed,https://www.boatrace.jp/owpc/pc/race/odds3t?hd=20260215&jcd=01&rno=1,41.9,86.8,150.9,269.3,10.8,495.2,78.4,150.8,237.2,343.4,19.7,734.5,19.7,35.5,79.9,127.1,37.4,1037.0,116.8,184.0,284.3,364.6,19.9,270.7,64.7,146.2,179.3,286.4,15.0,694.7,121.5,331.5,390.6,452.8,27.1,1290.0,40.1,97.5,115.1,159.9,48.7,1279.0,179.5,407.2,472.3,434.9,28.9,501.7,148.6,284.8,395.6,481.2,38.8,903.1,191.9,452.8,533.0,691.5,43.8,1358.0,90.9,159.9,261.9,352.1,107.0,1616.0,301.0,645.0,710.7,862.5,60.8,720.7,13.8,31.9,72.6,93.9,57.3,1421.0,24.2,60.4,84.1,100.9,62.8,1490.0,46.3,95.3,172.3,180.6,117.2,1785.0,39.9,93.9,140.3,141.5,81.4,887.4,230.8,492.0,624.1,691.5,26.8,193.3,361.2,714.0,795.4,816.6,32.9,264.7,508.3,803.8,1051.0,1128.0,55.7,350.5,149.6,315.9,452.8,426.4,79.0,414.9
2026-02-15,01,2,official_closing,closing_displayed,https://www.boatrace.jp/owpc/pc/race/odds3t?hd=20260215&jcd=01&rno=2,48.1,134.2,57.1,41.2,388.5,135.2,41.8,119.9,20.5,22.8,351.1,95.4,132.2,341.1,75.9,53.1,195.4,91.5,77.0,256.6,50.6,36.6,373.8,250.5,37.1,149.6,95.4,78.4,660.8,209.0,16.3,134.1,86.2,88.8,658.2,245.0,64.3,288.4,195.4,155.7,582.8,249.0,34.4,260.2,147.5,123.9,1017.0,532.9,40.4,168.0,19.8,22.0,380.6,122.3,19.7,171.9,53.1,63.2,567.1,238.7,52.0,313.1,43.3,58.7,209.8,114.1,34.5,288.4,34.4,42.0,536.3,329.7,201.2,658.2,111.7,67.6,190.1,124.9,143.9,510.2,217.1,121.7,380.6,227.7,106.8,502.5,74.0,83.8,193.3,131.6,204.7,1029.0,173.9,93.2,359.4,316.7,58.3,319.1,85.4,53.6,591.0,546.7,44.9,356.3,156.7,87.0,981.6,970.3,40.6,322.8,70.3,60.2,799.3,711.2,122.3,711.2,188.1,97.1,603.8,617.1
2026-02-15,01,3,official_closing,closing_displayed,https://www.boatrace.jp/owpc/pc/race/odds3t?hd=20260215&jcd=01&rno=3,70.7,141.6,37.5,359.0,384.7,438.3,139.8,358.2,17.7,123.8,156.5,145.8,165.7,302.8,16.2,199.4,423.8,410.2,175.5,309.0,15.0,161.5,230.7,371.0,37.7,124.1,62.5,525.4,540.8,635.8,27.2,181.2,65.9,339.9,337.8,431.5,28.3,138.3,57.1,384.7,782.0,1041.0,23.3,132.8,52.5,393.8,549.7,666.3,186.3,498.7,29.2,107.1,124.5,105.2,68.3,340.6,69.9,226.9,222.1,235.2,145.9,460.1,23.9,96.7,144.8,120.7,122.1,498.7,18.6,69.6,79.3,100.4,255.1,570.4,25.2,268.6,643.1,495.7,85.5,315.4,55.7,434.9,800.8,832.9,218.3,789.4,30.3,168.6,255.4,217.7,149.4,481.4,15.1,172.6,296.4,400.4,221.5,520.5,23.8,224.8,315.4,451.4,75.2,330.5,61.7,439.5,539.0,724.2,182.0,671.6,24.5,142.1,123.4,146.7,189.5,570.4,17.9,204.8,323.4,431.5
2026-02-15,01,4,official_closing,closing_displayed,https://www.boatrace.jp/owpc/pc/race/odds3t?hd=20260215&jcd=01&rno=4,6.4,15.0,42.9,101.3,490.0,292.1,12.0,19.9,65.2,177.6,774.6,411.1,64.7,82.5,222.1,285.4,1001.0,567.3,19.6,34.3,88.8,175.3,859.8,1134.0,8.6,23.1,42.7,96.1,467.4,313.2,18.6,32.3,46.3,125.6,515.9,298.8,116.3,101.2,147.1,234.7,783.5,427.9,33.0,41.8,61.7,123.0,976.5,1012.0,30.4,47.1,116.1,242.4,1068.0,511.1,41.7,52.3,92.1,190.5,660.4,426.5,164.6,150.5,250.1,507.3,1519.0,772.4,81.5,68.5,153.3,312.5,1730.0,2025.0,240.2,289.0,433.3,378.2,1439.0,543.6,429.2,304.5,340.9,313.9,1068.0,408.7,516.9,387.8,535.1,506.3,1454.0,797.2,652.6,578.1,599.6,427.9,1647.0,1098.0,65.4,98.1,205.5,175.8,1589.0,1667.0,105.0,98.5,157.6,146.7,1687.0,1677.0,140.9,112.9,242.6,267.2,2485.0,2604.0,416.8,390.0,580.5,338.4,2398.0,2087.0
2026-02-15,01,5,official_closing,closing_displayed,https://www.boatrace.jp/owpc/pc/race/odds3t?hd=20260215&jcd=01&rno=5,16.2,49.0,31.4,451.8,1415.0,47.6,84.0,208.3,49.2,248.0,1550.0,33.3,256.8,465.0,205.2,758.7,2012.0,88.1,20.4,53.7,15.0,291.2,1272.0,322.8,14.4,74.7,49.0,629.4,1762.0,68.2,41.2,206.1,125.2,493.5,2440.0,45.8,217.8,605.4,379.0,1335.0,3414.0,141.6,10.6,48.0,29.5,437.1,2606.0,470.7,182.9,566.0,81.5,207.5,1968.0,26.7,106.3,432.9,146.2,367.4,2440.0,30.2,476.5,1774.0,371.0,880.0,2485.0,43.0,128.2,421.1,43.3,132.0,1718.0,182.4,819.8,1532.0,616.5,1272.0,2335.0,114.3,670.1,1545.0,816.1,1649.0,3436.0,132.6,920.5,2305.0,764.1,1568.0,2752.0,85.8,697.8,1659.0,451.0,1355.0,2201.0,281.7,24.4,84.2,14.0,234.8,1792.0,730.9,15.9,59.4,17.9,276.2,2452.0,794.4,68.6,235.1,21.8,133.7,1734.0,608.8,313.4,764.1,91.0,543.8,2028.0,689.8
2026-02-15,01,6,official_closing,closing_displayed,https://www.boatrace.jp/owpc/pc/race/odds3t?hd=20260215&jcd=01&rno=6,15.8,130.2,257.3,62.9,86.5,541.2,8.1,80.5,263.7,145.5,139.5,828.9,10.0,83.4,229.2,41.9,77.5,519.3,23.1,154.5,402.2,68.7,74.9,360.0,25.2,389.2,457.0,158.0,212.3,933.2,25.7,794.6,1018.0,583.0,577.5,1975.0,23.4,639.5,678.5,234.3,386.7,1526.0,48.3,1086.0,1218.0,362.2,458.5,1854.0,10.9,191.8,559.9,465.0,382.5,878.8,24.3,643.4,1158.0,980.8,768.6,1912.0,11.9,355.2,1075.0,641.4,893.7,1625.0,22.7,608.2,1109.0,824.0,1064.0,2709.0,17.1,241.1,401.8,60.7,121.3,674.2,25.7,680.7,842.1,158.3,288.1,1363.0,18.4,457.5,1197.0,375.4,596.2,1537.0,24.5,709.3,1269.0,106.4,176.6,1072.0,54.7,600.4,1046.0,180.1,178.5,416.9,96.8,1239.0,1711.0,414.8,469.7,1704.0,57.6,1130.0,1308.0,864.5,806.7,2625.0,56.2,1207.0,1948.0,203.5,296.2,1304.0
2026-02-15,01,7,official_closing,closing_displayed,https://www.boatrace.jp/owpc/pc/race/odds3t?hd=20260215&jcd=01&rno=7,13.4,68.4,16.0,361.0,765.4,479.4,47.5,173.9,14.1,150.4,421.6,198.8,90.9,252.1,31.5,405.1,1121.0,666.7,52.9,168.9,12.2,222.8,553.7,846.2,6.8,88.0,47.0,682.3,1141.0,821.0,7.1,204.6,100.5,598.4,1290.0,720.9,21.6,354.8,168.1,1251.0,2376.0,1963.0,7.2,192.1,83.8,852.0,2227.0,3066.0,80.1,470.4,41.1,170.0,503.8,197.4,29.1,418.8,99.6,391.1,1208.0,508.4,154.7,1084.0,147.9,563.8,1478.0,494.2,63.6,765.4,54.1,217.6,850.5,1096.0,214.6,887.0,119.3,693.7,1542.0,957.1,93.0,1094.0,224.1,1411.0,2642.0,1812.0,272.3,2217.0,251.9,955.2,2061.0,727.3,206.6,1806.0,178.4,914.8,1839.0,3225.0,89.9,492.8,41.1,406.1,942.5,1168.0,38.7,464.6,96.8,715.7,2838.0,3734.0,115.3,1089.0,82.3,354.3,1223.0,1707.0,231.4,1806.0,186.7,916.5,2508.0,3356.0
2026-02-15,01,8,official_closing,closing_displayed,https://www.boatrace.jp/owpc/pc/race/odds3t?hd=20260215&jcd=01&rno=8,34.4,240.7,118.4,453.5,30.8,1430.0,76.4,588.0,112.4,269.7,11.8,1117.0,28.2,248.4,30.3,121.2,29.0,2066.0,202.6,919.5,241.7,536.2,35.2,688.7,25.3,364.7,271.6,838.8,102.6,2050.0,23.7,1308.0,780.1,1241.0,162.7,2877.0,6.1,704.1,375.2,877.3,376.3,4653.0,79.0,1826.0,1165.0,1551.0,223.2,2787.0,81.0,1051.0,254.1,426.0,26.5,1379.0,38.1,1801.0,836.1,1344.0,104.4,2512.0,25.3,1262.0,226.8,360.8,89.7,3263.0,193.3,2675.0,919.5,1486.0,106.3,1743.0,13.7,327.9,36.0,115.4,73.2,2892.0,5.5,633.3,188.1,415.8,297.6,4694.0,13.5,1009.0,123.5,200.8,115.6,3822.0,31.9,1119.0,213.0,373.9,231.0,3166.0,345.9,2277.0,810.8,1334.0,86.9,756.9,231.9,2861.0,1560.0,2744.0,211.0,2082.0,429.1,3993.0,1602.0,2258.0,146.2,1412.0,159.4,2512.0,746.3,1256.0,291.1,2123.0
2026-02-15,01,9,official_closing,closing_displayed,https://www.boatrace.jp/owpc/pc/race/odds3t?hd=20260215&jcd=01&rno=9,15.9,48.4,105.7,23.6,277.4,402.5,8.5,20.9,88.8,72.8,554.2,660.5,26.2,50.3,176.1,35.6,236.4,323.2,49.4,93.5,188.6,61.5,455.7,589.1,28.2,113.8,146.7,29.6,360.5,522.8,34.9,102.8,111.0,55.6,768.2,1011.0,78.2,217.0,232.6,38.8,297.8,488.2,86.8,274.4,268.0,74.1,621.6,902.9,10.8,37.3,98.4,124.5,920.4,886.0,28.3,80.0,96.0,86.8,957.5,1223.0,27.3,55.7,132.1,144.1,980.1,900.4,45.9,102.5,142.6,164.5,1435.0,1597.0,75.5,177.3,364.5,43.1,166.0,306.1,149.5,343.7,405.9,39.7,165.8,335.9,81.5,134.0,322.4,122.3,392.5,681.5,174.5,300.5,512.7,52.8,183.3,322.4,118.3,340.4,408.1,83.1,872.1,892.0,193.6,515.9,477.4,83.2,888.4,1022.0,130.6,289.1,331.4,191.6,1552.0,1776.0,244.7,541.6,587.0,75.8,456.7,518.7
2026-02-15,01,10,official_closing,closing_displayed,https://www.boatrace.jp/owpc/pc/race/odds3t?hd=20260215&jcd=01&rno=10,3.7,19.7,54.8,275.5,63.6,806.8,12.0,50.3,143.1,491.2,88.4,1253.0,7.9,28.2,78.1,361.4,269.2,1979.0,37.1,105.5,248.8,647.7,215.5,1322.0,6.5,54.8,91.1,418.4,108.3,1163.0,28.6,227.4,389.0,941.5,212.8,1868.0,16.0,110.9,191.8,774.4,554.6,3231.0,58.1,414.3,592.5,1232.0,428.9,2090.0,45.6,217.4,562.9,1232.0,184.3,1922.0,65.5,473.0,707.5,1552.0,315.0,2807.0,71.1,420.4,862.7,1892.0,1034.0,4210.0,157.5,789.8,1176.0,1886.0,904.5,3358.0,18.8,102.5,229.6,568.3,634.0,2945.0,27.3,171.8,271.2,724.7,880.5,3736.0,73.2,417.8,755.8,1423.0,1577.0,4821.0,77.1,453.2,935.6,946.0,1020.0,3668.0,149.9,608.8,1034.0,1487.0,519.4,1665.0,217.4,1008.0,1565.0,2006.0,659.2,2206.0,321.2,1660.0,2401.0,2622.0,965.9,3004.0,221.8,1085.0,1992.0,1928.0,1483.0,3736.0
2026-02-15,01,11,official_closing,closing_displayed,https://www.boatrace.jp/owpc/pc/race/odds3t?hd=20260215&jcd=01&rno=11,11.2,79.7,205.7,134.3,341.7,36.3,12.0,67.7,266.4,358.0,553.2,97.8,30.5,123.9,306.2,207.0,413.4,67.4,6.8,41.7,184.7,94.6,209.8,81.0,19.9,272.0,350.8,277.3,535.2,69.3,30.2,516.5,746.5,774.1,1256.0,249.6,49.4,740.1,912.7,596.2,1275.0,177.1,18.8,309.3,488.6,273.7,691.2,237.6,20.8,222.5,593.8,685.0,1134.0,266.9,37.7,529.6,945.3,1121.0,1754.0,452.2,54.1,642.2,1187.0,1401.0,1873.0,661.1,18.6,198.0,760.5,696.8,1540.0,732.1,63.7,472.3,795.4,325.7,674.3,137.8,106.2,1044.0,1050.0,613.0,1351.0,205.1,114.0,1013.0,1572.0,1070.0,1438.0,512.1,51.0,550.2,1238.0,342.1,769.2,305.9,9.7,80.6,328.6,135.2,298.8,148.9,20.9,272.6,529.1,220.8,650.5,263.6,18.4,201.1,745.6,493.0,1105.0,494.6,27.6,320.4,899.1,252.0,747.4,365.1
2026-02-15,01,12,official_closing,closing_displayed,https://www.boatrace.jp/owpc/pc/race/odds3t?hd=20260215&jcd=01&rno=12,26.9,330.0,168.0,842.5,108.8,100.1,61.2,597.5,203.3,768.0,63.7,68.0,21.8,290.5,52.2,513.3,175.8,137.4,22.1,309.2,59.7,574.5,36.0,44.9,23.4,571.6,361.7,1180.0,275.5,223.4,39.3,1446.0,1020.0,1822.0,552.0,507.4,8.9,911.4,593.0,1579.0,838.9,774.8,10.6,1063.0,589.0,1697.0,319.5,358.9,106.2,1138.0,639.5,1106.0,140.1,140.7,86.3,1831.0,1284.0,1943.0,464.5,448.4,74.9,1746.0,929.6,1585.0,600.2,491.9,67.0,1624.0,844.3,1478.0,156.4,193.6,22.0,549.7,104.5,827.5,610.4,363.2,11.7,1095.0,418.3,1533.0,1148.0,877.0,49.5,1595.0,491.6,1331.0,1172.0,786.4,9.7,772.5,125.2,774.1,495.0,476.2,22.0,589.5,121.6,868.4,49.2,62.9,14.6,1115.0,451.0,1679.0,178.5,227.3,35.0,1579.0,490.1,1607.0,113.4,153.3,13.4,872.2,149.4,875.1,195.4,238.8
2026-02-15,04,1,official_closing,closing_displayed,https://www.boatrace.jp/owpc/pc/race/odds3t?hd=20260215&jcd=04&rno=1,8.4,14.9,83.9,48.8,180.0,688.1,9.8,12.7,142.8,100.4,391.4,1352.0,27.8,31.2,253.0,104.2,308.3,1175.0,47.8,58.7,411.4,163.1,411.8,1179.0,19.5,29.8,83.0,48.5,155.5,726.9,31.2,27.5,89.0,71.1,276.0,961.9,72.5,61.2,183.5,71.5,193.0,656.5,136.9,112.0,293.6,111.8,228.0,961.9,19.8,20.9,210.5,210.6,661.0,1741.0,31.8,27.7,135.9,130.5,543.1,1381.0,62.5,36.7,341.0,307.8,969.2,1631.0,107.6,61.1,534.1,391.4,1147.0,2401.0,87.7,78.5,482.7,126.6,349.9,1338.0,129.4,116.2,428.2,93.4,229.3,778.1,137.5,78.7,666.7,218.6,591.3,1726.0,224.0,144.7,914.2,149.3,390.6,1045.0,214.0,197.7,929.6,370.7,404.9,1212.0,324.7,265.4,696.7,232.5,335.1,981.5,338.3,191.7,1092.0,546.2,802.3,1850.0,418.0,255.7,1376.0,333.0,476.8,966.8
2026-02-15,04,2,official_closing,closing_displayed,https://www.boatrace.jp/owpc/pc/race/odds3t?hd=20260215&jcd=04&rno=2,51.1,66.8,65.5,72.4,334.3,1590.0,50.1,52.0,43.5,80.5,310.7,1377.0,85.9,91.7,63.0,102.4,334.8,2065.0,201.0,216.7,155.0,223.4,527.0,2422.0,54.2,65.7,67.1,71.4,406.2,1828.0,37.1,23.5,22.2,35.0,169.4,1397.0,59.5,37.5,34.6,37.1,146.8,1281.0,158.8,147.2,121.2,104.0,442.7,1985.0,59.1,56.4,30.2,56.3,254.3,1253.0,47.4,29.9,18.1,28.8,151.3,1288.0,68.2,34.5,13.4,24.8,85.6,909.0,203.2,125.5,57.0,84.9,333.3,1468.0,167.2,160.4,78.3,93.8,291.9,2172.0,129.1,80.2,48.4,40.0,125.9,1131.0,143.9,69.8,27.9,38.4,89.0,1165.0,329.5,278.7,103.8,85.3,258.2,1151.0,607.2,621.0,344.7,432.0,634.7,2409.0,494.8,437.3,285.4,188.3,539.2,1821.0,565.6,422.1,183.6,252.9,579.8,1670.0,715.1,586.4,248.1,189.9,477.0,1322.0
2026-02-15,04,3,official_closing,closing_displayed,https://www.boatrace.jp/owpc/pc/race/odds3t?hd=20260215&jcd=04&rno=3,13.8,17.6,46.3,212.3,54.4,481.1,38.2,41.4,157.7,414.6,103.4,834.6,12.8,15.1,61.0,225.3,213.0,1254.0,63.0,67.1,203.7,436.4,167.0,656.9,24.3,24.5,39.2,210.1,50.3,458.4,64.5,45.3,75.4,266.5,56.5,581.6,31.2,17.1,34.2,164.0,131.3,955.1,111.1,68.8,116.0,314.0,108.4,398.7,90.0,101.1,293.8,562.2,145.4,911.3,129.8,93.5,205.4,372.4,88.8,715.6,115.6,76.2,217.4,495.2,321.5,1630.0,222.9,158.6,483.1,713.3,288.6,783.1,25.0,23.7,84.5,189.9,269.0,1691.0,42.2,22.3,58.0,147.3,213.5,1230.0,102.3,55.8,172.4,331.5,392.9,2084.0,88.8,55.3,176.6,215.6,294.7,1250.0,198.8,174.8,379.5,715.6,262.5,639.4,310.3,184.2,309.7,436.4,194.3,460.7,432.7,289.5,739.9,959.1,330.1,724.7,244.9,146.1,319.5,440.7,397.3,1054.0
2026-02-15,04,4,official_closing,closing_displayed,https://www.boatrace.jp/owpc/pc/race/odds3t?hd=20260215&jcd=04&rno=4,15.4,47.8,32.3,147.1,218.6,611.9,27.6,78.2,21.3,74.8,77.1,471.1,37.9,104.6,25.8,114.4,134.2,769.8,47.1,106.3,42.8,141.2,139.4,778.4,13.1,76.7,67.1,269.0,394.2,984.1,9.7,157.3,124.1,329.4,360.8,1315.0,11.9,161.2,138.5,427.9,601.3,1996.0,23.6,185.7,150.7,397.8,557.8,2238.0,39.3,213.6,41.2,91.4,110.6,684.4,20.6,269.4,109.4,231.0,311.4,1327.0,33.3,383.8,50.0,116.5,138.7,1035.0,49.1,386.2,78.8,156.4,162.0,1252.0,68.4,282.0,61.8,153.2,207.8,1434.0,33.2,280.8,157.5,334.5,537.8,2168.0,59.5,461.3,71.8,144.8,181.9,1222.0,68.2,466.8,98.6,163.1,221.6,1275.0,119.2,399.0,155.2,349.3,366.1,1360.0,86.7,437.0,268.6,532.1,852.6,2477.0,135.0,715.2,204.4,356.2,339.2,1337.0,148.7,806.7,224.4,360.8,408.7,1281.0
2026-02-15,04,5,official_closing,closing_displayed,https://www.boatrace.jp/owpc/pc/race/odds3t?hd=20260215&jcd=04&rno=5,7.3,14.1,77.1,35.9,112.2,1374.0,5.9,15.2,160.5,101.9,302.5,1261.0,9.7,19.4,199.7,49.4,167.8,2191.0,133.4,216.7,585.7,309.3,864.0,3261.0,19.6,46.5,89.7,43.2,140.0,1625.0,32.8,115.1,240.2,135.1,494.7,2829.0,44.5,131.9,255.5,71.6,253.1,2487.0,257.7,708.3,911.1,430.6,1238.0,4278.0,14.3,41.4,227.0,218.4,512.2,1506.0,32.3,108.9,302.8,240.3,750.1,3183.0,27.1,85.5,408.8,349.1,1020.0,3109.0,170.4,575.7,1301.0,923.7,2228.0,4494.0,31.0,78.2,418.1,60.8,181.4,2608.0,69.2,210.4,471.2,74.3,220.0,2860.0,51.3,146.0,694.5,212.1,544.6,3903.0,386.9,804.2,1759.0,364.5,886.9,4211.0,522.8,958.4,1147.0,953.3,1973.0,3663.0,657.8,1381.0,1759.0,1123.0,2366.0,4211.0,702.8,1506.0,2130.0,1477.0,3241.0,4610.0,822.8,1831.0,2660.0,1310.0,2728.0,3961.0
2026-02-15,04,6,official_closing,closing_displayed,https://www.boatrace.jp/owpc/pc/race/odds3t?hd=20260215&jcd=04&rno=6,48.8,195.9,118.5,40.0,368.9,528.5,42.8,149.3,36.6,20.8,240.6,257.7,105.4,389.5,97.0,32.6,172.7,169.5,84.4,281.5,80.2,20.4,270.9,575.9,35.8,224.0,223.6,99.2,702.7,794.7,11.9,247.9,251.4,156.8,1006.0,1138.0,35.7,454.6,551.8,197.0,710.9,730.6,27.3,440.1,458.0,128.4,922.1,1401.0,16.5,172.5,41.0,35.4,330.1,299.3,9.4,286.0,142.8,111.1,808.7,1050.0,22.1,455.3,97.1,92.4,382.2,313.1,11.8,274.1,70.7,51.2,583.2,1030.0,118.7,761.8,191.5,53.3,185.1,156.3,84.2,1030.0,460.6,123.7,462.2,470.5,66.8,742.4,199.0,104.1,320.5,256.0,98.9,1032.0,285.3,57.5,231.7,380.6,91.3,422.3,163.0,35.7,412.8,679.4,57.7,745.4,398.5,95.6,819.5,1232.0,42.4,385.7,148.6,62.3,639.3,969.0,112.1,1015.0,362.6,70.8,342.6,482.8
2026-02-15,04,7,official_closing,closing_displayed,https://www.boatrace.jp/owpc/pc/race/odds3t?hd=20260215&jcd=04&rno=7,15.5,14.9,39.4,75.4,126.7,442.1,23.3,21.9,58.5,108.5,178.0,501.7,40.8,44.1,88.1,152.9,212.2,767.3,95.4,98.7,185.6,247.0,332.7,1010.0,22.3,17.5,32.8,70.6,122.0,437.8,32.7,15.9,30.1,61.8,107.7,360.9,53.2,32.3,49.4,95.8,137.4,534.2,114.5,71.5,97.6,176.7,241.9,828.9,43.7,39.2,71.7,129.3,234.6,601.2,49.7,29.0,47.3,79.6,147.8,465.1,82.9,58.1,84.9,157.0,233.2,764.0,149.4,110.6,166.5,280.3,384.4,1049.0,74.9,92.4,150.8,144.0,211.0,823.8,97.9,71.8,96.1,94.0,137.2,569.3,131.3,99.6,138.7,145.7,207.3,822.6,236.3,211.5,253.9,168.4,250.3,739.7,251.4,286.0,367.3,406.3,383.9,1004.0,283.9,212.5,251.2,285.8,335.6,787.5,319.8,254.1,379.0,440.7,426.3,975.1,402.3,365.3,462.3,341.1,371.6,761.8
2026-02-15,04,8,official_closing,closing_displayed,https://www.boatrace.jp/owpc/pc/race/odds3t?hd=20260215&jcd=04&rno=8,26.6,131.0,148.2,30.6,775.5,126.0,14.3,79.5,74.7,41.6,866.3,148.0,76.2,271.8,269.9,52.7,425.0,58.4,29.8,115.6,107.1,16.2,507.0,303.7,26.7,264.1,232.0,73.6,1049.0,225.2,14.5,340.3,284.1,209.8,1341.0,453.4,75.3,637.5,531.9,234.7,1129.0,213.1,30.3,431.2,325.9,79.4,1026.0,740.8,11.1,121.2,87.2,91.0,1198.0,257.8,13.3,328.6,223.7,222.2,1519.0,530.4,33.5,456.0,284.7,292.5,1471.0,276.5,9.6,145.1,107.0,106.3,1438.0,991.6,215.4,777.7,612.5,105.1,417.1,61.0,203.4,877.2,816.0,215.7,882.7,137.7,131.8,844.2,689.9,292.8,1109.0,180.7,136.5,914.2,674.2,87.2,366.0,226.4,47.4,243.0,178.1,24.0,713.5,643.3,53.0,487.2,380.6,53.4,1091.0,1020.0,24.3,225.6,178.5,79.8,1241.0,1283.0,118.0,833.0,636.0,72.2,509.7,481.4
2026-02-15,04,9,official_closing,closing_displayed,https://www.boatrace.jp/owpc/pc/race/odds3t?hd=20260215&jcd=04&rno=9,12.3,10.9,31.9,94.6,1418.0,433.3,16.8,17.0,54.6,137.8,2022.0,586.9,232.7,193.3,419.7,709.1,2954.0,747.8,37.3,33.1,84.2,188.7,2430.0,2632.0,19.4,13.6,25.6,71.4,1772.0,383.9,28.1,11.7,18.3,62.0,1463.0,258.1,305.6,146.6,247.1,468.3,2129.0,394.4,59.8,21.1,32.0,88.2,2100.0,1995.0,40.9,31.6,64.0,141.3,2009.0,547.4,53.5,22.5,39.5,80.7,1697.0,300.9,470.5,274.2,409.7,718.4,2655.0,694.4,88.7,37.4,78.2,162.9,2790.0,2470.0,668.9,735.0,1078.0,1310.0,3091.0,712.4,706.6,525.5,676.4,1070.0,2969.0,454.2,1014.0,838.3,1290.0,1357.0,3013.0,791.0,958.2,811.2,1242.0,1247.0,2843.0,2564.0,126.2,94.1,162.8,263.6,3240.0,3059.0,166.5,70.2,104.3,169.9,2870.0,2790.0,198.5,82.4,160.7,275.9,3675.0,3566.0,844.1,642.5,1150.0,1055.0,3839.0,3566.0
2026-02-15,04,10,official_closing,closing_displayed,https://www.boatrace.jp/owpc/pc/race/odds3t?hd=20260215&jcd=04&rno=10,5.9,21.5,34.8,148.0,115.5,712.1,12.8,45.4,71.1,187.9,110.6,585.6,13.7,40.5,47.8,187.0,261.8,1326.0,36.2,94.4,125.7,306.8,222.6,1048.0,8.3,46.8,55.6,214.8,173.1,752.5,16.1,108.8,152.9,299.7,233.9,1109.0,13.8,86.7,107.6,327.7,458.1,1668.0,38.1,205.8,251.6,435.5,405.3,1407.0,33.3,150.9,180.5,280.8,165.0,650.9,38.2,194.4,243.3,405.3,272.7,1228.0,50.5,239.7,248.0,524.2,577.9,1745.0,85.2,350.4,440.6,644.6,514.6,1861.0,31.2,117.4,99.9,244.8,417.4,1733.0,31.0,147.9,153.2,335.3,604.2,1922.0,69.8,285.0,275.4,445.0,640.7,2490.0,72.0,301.7,303.5,371.7,590.1,2238.0,135.7,369.9,367.4,657.4,467.8,1360.0,131.0,456.9,555.5,712.1,612.6,1579.0,208.4,715.9,852.9,980.6,702.7,1915.0,179.4,602.9,705.5,731.8,797.8,2017.0
2026-02-15,04,11,official_closing,closing_displayed,https://www.boatrace.jp/owpc/pc/race/odds3t?hd=20260215&jcd=04&rno=11,7.5,15.2,39.2,48.7,315.1,1424.0,8.2,14.8,42.0,60.6,350.3,1398.0,29.7,52.1,86.3,95.1,403.2,1931.0,65.8,115.0,199.6,182.9,696.4,2453.0,11.3,44.8,66.4,70.5,408.9,1462.0,11.0,66.1,102.1,108.7,594.5,1774.0,29.9,149.6,205.1,178.6,673.6,2212.0,80.1,322.5,387.3,294.2,922.4,2742.0,15.2,46.4,68.0,95.9,508.1,1387.0,18.1,68.3,98.3,129.4,856.9,2212.0,43.8,151.5,143.4,212.7,821.6,2185.0,83.3,245.4,292.5,330.6,1427.0,3282.0,79.7,219.0,202.7,159.9,497.6,2144.0,82.1,314.2,341.5,216.6,751.0,2561.0,115.4,323.1,298.5,256.4,778.6,2699.0,199.8,569.8,610.1,313.5,1064.0,2962.0,280.5,614.9,621.5,444.8,1316.0,2648.0,326.2,772.6,922.4,575.5,1614.0,3163.0,299.7,717.9,855.8,745.4,2044.0,3163.0,379.6,1155.0,1095.0,646.2,1567.0,2937.0
2026-02-15,04,12,official_closing,closing_displayed,https://www.boatrace.jp/owpc/pc/race/odds3t?hd=20260215&jcd=04&rno=12,22.3,132.5,62.3,60.2,1058.0,446.8,30.7,163.5,21.6,22.7,740.0,201.9,130.9,399.4,112.4,80.8,878.8,174.7,69.5,303.0,47.6,33.2,1185.0,678.2,16.2,192.0,158.3,130.9,1458.0,728.4,6.5,205.4,162.8,148.9,1649.0,932.6,44.7,599.3,436.4,278.5,1874.0,740.0,16.2,396.8,281.1,163.9,1663.0,1532.0,21.0,227.0,27.7,30.0,878.8,266.9,7.9,228.9,89.8,96.7,1715.0,748.5,46.7,707.7,114.4,122.4,1241.0,257.4,15.0,364.2,47.9,49.7,1660.0,1189.0,258.3,1040.0,392.9,177.0,997.5,201.1,173.6,1192.0,701.1,309.1,1600.0,471.5,191.3,1452.0,479.3,251.1,1192.0,238.8,227.0,1396.0,486.8,180.3,1120.0,828.0,102.2,625.9,127.0,54.1,1635.0,1474.0,48.1,636.9,332.2,124.3,2137.0,2078.0,43.7,644.5,122.3,68.6,2104.0,1960.0,181.2,1296.0,421.1,143.3,1551.0,1506.0
2026-02-15,06,1,official_closing,closing_displayed,https://www.boatrace.jp/owpc/pc/race/odds3t?hd=20260215&jcd=06&rno=1,7.9,21.6,24.2,136.1,240.4,508.2,18.8,53.2,31.1,106.5,131.7,549.3,27.5,64.8,26.9,150.8,300.9,878.2,156.4,316.4,141.5,498.4,746.2,970.6,9.0,35.9,36.5,192.4,294.7,713.2,12.4,41.2,53.1,167.8,183.3,811.9,15.4,39.7,36.1,241.3,428.9,1122.0,102.9,305.9,282.4,849.3,1229.0,1344.0,40.0,110.9,51.0,111.9,124.2,701.6,28.9,87.6,68.5,161.7,170.5,928.7,58.8,144.8,51.7,137.0,223.7,1032.0,202.6,683.0,290.1,459.4,620.6,1000.0,70.8,165.3,47.3,195.6,386.5,1403.0,42.7,101.0,60.5,255.1,479.9,1721.0,95.4,242.6,69.4,198.6,304.4,1698.0,315.6,956.3,224.5,376.3,581.5,721.2,322.7,763.9,471.1,1163.0,1173.0,1434.0,335.3,683.0,662.0,1330.0,1555.0,1698.0,478.1,1241.0,611.8,1103.0,1000.0,1501.0,603.2,1241.0,474.6,578.9,705.4,746.2
2026-02-15,06,2,official_closing,closing_displayed,https://www.boatrace.jp/owpc/pc/race/odds3t?hd=20260215&jcd=06&rno=2,9.4,42.1,33.1,337.3,50.6,1482.0,37.0,161.8,56.9,225.8,38.3,1564.0,12.5,43.9,18.2,193.6,167.4,1760.0,83.2,286.7,126.4,454.3,177.7,1073.0,9.0,69.9,69.0,378.1,88.7,2126.0,21.7,247.1,195.9,602.5,97.6,2209.0,7.9,71.2,65.2,544.3,312.1,3314.0,63.8,408.2,327.5,1266.0,298.0,2449.0,73.9,352.1,134.4,233.2,53.6,1657.0,57.2,555.0,220.9,436.7,83.4,2299.0,62.7,475.4,109.5,238.2,190.6,2347.0,164.9,1161.0,315.6,643.8,242.3,1463.0,16.2,90.2,32.7,192.2,271.5,2048.0,13.7,115.2,52.2,321.0,440.1,3219.0,53.2,373.1,97.3,245.4,291.9,3219.0,80.5,467.5,136.4,406.7,433.3,2397.0,307.8,1104.0,569.0,1043.0,391.2,1251.0,264.5,1138.0,866.7,1760.0,544.3,2299.0,465.6,1976.0,782.4,1408.0,428.4,1391.0,259.6,1522.0,481.5,1104.0,923.5,1733.0
2026-02-15,06,3,official_closing,closing_displayed,https://www.boatrace.jp/owpc/pc/race/odds3t?hd=20260215&jcd=06&rno=3,6.5,40.6,13.1,990.0,126.1,521.6,127.0,410.1,103.9,858.7,73.7,472.4,21.4,111.3,12.4,1387.0,747.3,2285.0,44.7,164.6,30.6,1168.0,201.3,898.5,4.8,49.3,25.1,959.5,198.2,588.7,70.5,406.9,246.7,990.0,264.8,785.0,6.8,124.0,42.8,1786.0,1689.0,3532.0,19.7,185.0,92.1,1828.0,549.2,1204.0,332.8,773.3,313.3,909.0,89.9,461.2,265.2,942.0,425.8,1480.0,184.6,758.2,413.4,1306.0,411.2,1539.0,873.2,1943.0,440.3,1340.0,541.6,1363.0,221.7,801.2,42.3,249.1,36.7,1807.0,1895.0,2680.0,25.1,247.5,62.7,2285.0,2507.0,3454.0,304.1,1195.0,320.4,2220.0,1850.0,2826.0,80.9,446.6,76.1,1850.0,2252.0,2878.0,119.1,432.9,118.1,1766.0,392.5,909.0,90.8,445.3,183.5,2634.0,672.9,1439.0,547.3,2072.0,670.0,2680.0,409.0,893.3,190.2,716.3,157.6,2189.0,2189.0,3532.0
2026-02-15,06,4,official_closing,closing_displayed,https://www.boatrace.jp/owpc/pc/race/odds3t?hd=20260215&jcd=06&rno=4,18.1,118.6,45.8,233.5,231.5,545.8,47.6,314.5,39.3,137.9,115.3,216.5,36.3,201.4,26.6,109.6,206.7,599.9,45.4,226.5,26.2,129.4,130.7,374.7,13.7,201.0,112.3,431.6,394.4,748.1,7.7,713.9,388.7,809.3,915.9,1502.0,6.9,454.6,214.3,819.9,1455.0,2235.0,10.0,459.1,220.6,953.1,861.3,1916.0,50.1,533.4,121.0,242.9,207.2,266.7,19.6,1286.0,434.6,665.8,705.9,1260.0,28.0,1411.0,134.6,346.4,515.8,1124.0,37.0,1294.0,166.0,377.8,312.4,724.9,51.6,553.9,77.8,130.0,269.0,730.6,19.4,861.3,273.3,381.6,782.3,1823.0,43.1,1632.0,164.5,304.8,485.2,1173.0,32.8,983.1,101.0,118.3,230.3,565.5,111.5,943.5,115.2,250.0,244.4,465.9,34.8,1313.0,422.9,685.3,838.2,1722.0,84.3,2407.0,256.1,481.4,402.0,842.0,60.8,1478.0,159.9,206.3,323.1,544.2
2026-02-15,06,5,official_closing,closing_displayed,https://www.boatrace.jp/owpc/pc/race/odds3t?hd=20260215&jcd=06&rno=5,6.8,66.2,54.0,116.9,361.1,538.5,8.7,85.5,46.2,112.9,300.3,537.0,14.0,117.8,62.8,112.5,533.9,800.9,41.2,230.2,99.0,162.2,578.4,1233.0,7.1,139.5,131.6,230.2,604.6,752.7,7.1,322.0,276.8,351.6,1035.0,1499.0,13.0,485.5,352.9,325.3,1193.0,1768.0,31.7,641.8,551.2,604.6,1768.0,2716.0,18.9,228.0,145.0,201.7,420.2,712.6,17.7,425.9,279.7,350.9,1319.0,1932.0,24.9,578.4,247.9,274.0,888.2,1441.0,49.5,771.3,390.4,453.8,1283.0,2059.0,36.9,397.0,215.6,188.9,595.0,1064.0,38.7,671.7,422.1,306.7,807.8,2082.0,49.2,804.4,489.3,347.7,790.8,1703.0,90.3,1348.0,591.2,296.5,765.0,2434.0,131.3,718.1,361.1,406.5,1083.0,1819.0,135.3,1164.0,811.3,790.8,2258.0,2639.0,184.8,1201.0,715.3,709.9,1819.0,2342.0,186.8,1719.0,758.8,614.5,1464.0,2975.0
2026-02-15,06,6,official_closing,closing_displayed,https://www.boatrace.jp/owpc/pc/race/odds3t?hd=20260215&jcd=06&rno=6,20.3,87.0,67.8,504.6,484.9,15.2,73.9,302.0,103.1,317.4,589.8,10.8,106.7,358.5,189.5,847.5,1003.0,45.1,23.3,73.9,25.0,194.6,433.2,60.6,18.8,135.7,110.7,661.3,595.8,22.8,43.0,414.7,268.6,706.8,765.7,28.7,69.5,491.8,353.4,1179.0,1238.0,72.3,9.8,133.2,99.4,547.3,646.6,91.9,154.7,561.3,197.9,443.1,674.0,15.3,104.0,687.3,403.2,904.6,804.5,28.6,234.9,991.9,466.8,1077.0,1039.0,54.4,97.3,478.3,146.9,295.4,572.4,77.1,242.4,904.6,406.9,1033.0,1220.0,98.6,209.0,666.3,489.0,1353.0,1274.0,140.7,395.8,1274.0,616.9,1195.0,1187.0,115.7,173.7,666.3,308.4,666.3,724.4,197.5,19.5,93.2,34.4,205.1,431.0,136.3,12.1,121.5,75.0,509.0,656.3,191.0,56.2,355.5,116.5,295.9,524.2,177.0,93.5,439.7,192.4,604.1,674.0,256.3
2026-02-15,06,7,official_closing,closing_displayed,https://www.boatrace.jp/owpc/pc/race/odds3t?hd=20260215&jcd=06&rno=7,30.5,209.3,294.9,259.5,29.9,101.2,29.5,245.0,586.5,600.2,103.6,283.0,9.3,95.6,306.7,116.5,54.1,239.3,14.5,147.7,314.2,154.4,18.6,58.6,46.4,302.5,323.5,464.2,97.0,187.1,67.5,914.7,1038.0,931.3,471.3,676.9,37.4,972.6,844.3,588.7,381.3,804.5,49.2,567.0,768.3,784.0,137.9,334.0,39.5,512.2,873.1,954.4,365.0,503.8,77.6,1031.0,1059.0,1229.0,708.1,764.5,23.0,804.5,868.2,1089.0,863.3,1059.0,35.2,868.2,1082.0,888.2,442.8,738.8,9.7,189.2,417.5,135.1,119.4,472.8,34.8,788.0,692.2,349.2,300.7,978.8,18.4,883.1,826.1,686.0,619.6,1164.0,8.2,333.3,510.5,142.6,119.1,376.6,30.3,258.7,529.9,258.7,28.2,64.3,76.3,560.8,800.3,584.3,75.5,194.5,54.3,1121.0,1129.0,873.1,210.5,388.0,17.1,487.8,745.9,214.0,109.7,232.1
2026-02-15,06,8,official_closing,closing_displayed,https://www.boatrace.jp/owpc/pc/race/odds3t?hd=20260215&jcd=06&rno=8,15.5,88.4,314.2,129.2,33.3,472.3,13.0,65.1,260.2,177.9,73.6,852.6,8.6,44.9,221.9,80.3,53.5,602.4,42.2,159.6,508.6,168.7,32.4,179.3,25.3,295.0,404.7,202.0,82.8,664.5,26.3,400.5,531.9,397.8,244.6,1274.0,21.6,325.2,483.1,231.6,211.2,1486.0,69.8,678.1,1109.0,465.7,161.0,760.4,19.6,215.7,495.5,452.0,224.9,1260.0,26.1,371.6,666.4,702.8,401.2,1757.0,17.4,215.5,493.4,455.6,522.3,2167.0,47.7,446.0,999.6,767.9,377.7,1388.0,10.4,105.6,307.5,93.9,119.4,954.4,24.4,268.1,527.1,199.0,234.9,1916.0,16.0,243.1,564.2,275.1,423.9,2251.0,17.2,267.1,647.8,149.6,191.8,962.3,98.8,575.4,1136.0,388.4,59.2,192.4,137.2,954.4,1486.0,813.7,128.7,553.5,122.5,999.6,1440.0,1083.0,240.8,881.8,55.3,557.5,1083.0,454.7,190.1,638.9
2026-02-15,06,9,official_closing,closing_displayed,https://www.boatrace.jp/owpc/pc/race/odds3t?hd=20260215&jcd=06&rno=9,14.0,118.9,135.7,32.3,1392.0,147.2,8.7,68.6,71.6,46.2,1455.0,207.1,158.0,491.4,569.0,149.5,1071.0,78.2,20.4,140.5,138.7,22.8,1576.0,530.5,16.2,238.5,230.7,87.6,1802.0,279.6,10.6,348.7,326.2,189.3,2248.0,639.5,150.6,1474.0,1152.0,560.6,2365.0,317.5,20.8,567.6,509.0,109.9,2102.0,1327.0,8.3,137.4,117.9,116.1,1746.0,408.3,9.8,321.6,283.4,252.5,2768.0,847.2,91.8,1081.0,991.5,782.9,2948.0,430.8,9.8,252.2,190.3,152.2,2910.0,1610.0,373.4,1576.0,1227.0,377.1,1282.0,84.6,431.6,1428.0,1214.0,622.0,2204.0,184.8,337.3,2204.0,1598.0,863.3,2467.0,270.9,367.9,1892.0,1645.0,339.3,1455.0,386.8,35.5,397.6,275.8,31.9,2102.0,1240.0,41.9,780.2,560.6,59.6,2735.0,1974.0,23.4,443.4,294.4,96.3,2580.0,2340.0,241.5,1746.0,1669.0,148.8,1645.0,919.2
2026-02-15,06,10,official_closing,closing_displayed,https://www.boatrace.jp/owpc/pc/race/odds3t?hd=20260215&jcd=06&rno=10,10.0,22.3,53.3,132.0,68.0,1354.0,15.2,30.4,77.9,240.6,118.4,2308.0,11.0,22.8,50.9,107.7,121.8,1769.0,112.1,155.9,252.4,351.7,253.0,1954.0,11.8,43.7,62.9,174.7,98.0,1339.0,17.4,57.8,83.4,186.5,145.1,2144.0,15.0,39.8,54.4,121.0,134.6,2663.0,124.6,232.6,244.3,494.6,356.9,1719.0,32.9,87.5,173.5,378.7,201.3,2223.0,41.2,104.2,142.4,232.6,175.1,2448.0,34.0,69.3,134.2,243.6,311.1,3728.0,155.2,361.7,439.8,774.3,535.0,2448.0,23.0,59.0,90.1,120.2,168.6,2203.0,32.8,76.1,87.2,109.3,134.9,3189.0,46.6,83.2,130.5,225.4,320.6,3909.0,144.5,263.4,274.5,245.0,345.2,2399.0,374.6,750.4,965.6,771.9,736.7,1719.0,553.3,835.8,871.8,997.4,732.2,1626.0,516.8,1218.0,1289.0,1524.0,1188.0,2286.0,493.6,767.0,928.6,792.1,904.4,1954.0
2026-02-15,06,11,official_closing,closing_displayed,https://www.boatrace.jp/owpc/pc/race/odds3t?hd=20260215&jcd=06&rno=11,4.7,16.3,23.3,277.7,154.3,754.6,15.1,53.4,57.5,268.6,200.8,1192.0,13.2,43.6,52.4,385.6,468.7,1946.0,40.4,102.3,114.1,580.0,411.9,1814.0,6.0,37.1,37.3,352.9,220.4,760.4,10.8,128.5,121.9,448.1,350.9,1556.0,15.2,108.9,106.2,650.1,901.8,2240.0,50.5,206.5,184.0,1048.0,730.3,1837.0,47.4,211.1,104.4,274.6,292.8,1356.0,47.8,245.0,147.7,355.9,388.7,1908.0,91.6,409.7,149.3,504.7,655.9,2240.0,121.9,514.4,237.0,673.8,714.5,2871.0,41.2,168.3,121.4,596.3,880.3,1933.0,48.3,227.1,149.1,655.9,1137.0,2764.0,132.8,522.6,208.4,737.6,957.3,2713.0,159.4,480.2,274.1,924.4,1442.0,3563.0,200.8,373.0,457.2,1269.0,1023.0,2240.0,236.6,510.0,511.7,1178.0,1253.0,2528.0,372.0,1020.0,596.3,1401.0,1457.0,2790.0,381.6,817.1,606.1,1616.0,1872.0,3081.0
2026-02-15,06,12,official_closing,closing_displayed,https://www.boatrace.jp/owpc/pc/race/odds3t?hd=20260215&jcd=06&rno=12,5.2,18.3,65.6,192.2,535.0,763.8,8.6,31.3,77.0,261.0,703.1,1319.0,20.0,71.5,110.5,298.2,873.2,1229.0,26.2,86.9,137.6,284.3,834.0,1635.0,8.3,50.8,112.5,290.9,751.5,950.0,9.1,132.8,238.0,568.9,1357.0,2361.0,16.6,218.2,341.0,693.1,1917.0,2387.0,23.7,289.6,413.0,762.7,1906.0,2840.0,18.0,118.5,213.3,438.0,1034.0,1689.0,18.2,217.3,327.7,617.0,1513.0,3057.0,32.3,381.6,370.1,783.2,2103.0,2774.0,35.9,434.1,425.4,832.7,2124.0,3300.0,50.4,317.0,354.4,490.5,1193.0,1786.0,47.3,521.8,599.9,841.8,1920.0,2704.0,68.9,687.4,593.0,997.4,2107.0,3221.0,79.2,764.3,596.2,697.2,1807.0,2998.0,89.5,422.9,569.2,668.7,1813.0,2481.0,88.1,873.2,1032.0,1026.0,2718.0,3481.0,97.5,853.1,851.8,1263.0,2825.0,3320.0,139.0,1039.0,926.4,1028.0,2594.0,3128.0
2026-02-15,07,1,official_closing,closing_displayed,https://www.boatrace.jp/owpc/pc/race/odds3t?hd=20260215&jcd=07&rno=1,11.3,78.4,50.6,101.7,71.1,2962.0,14.4,93.7,38.2,105.2,64.3,3213.0,10.5,74.6,28.2,62.5,80.6,5266.0,218.4,737.7,310.8,549.5,407.7,3717.0,12.7,161.3,113.4,196.4,151.5,3009.0,19.5,365.3,148.4,273.5,240.6,4989.0,14.0,277.1,112.5,185.8,270.0,5745.0,308.7,2106.0,764.5,1149.0,1223.0,5576.0,26.7,214.7,35.8,85.5,71.4,3511.0,36.4,351.1,62.4,116.6,143.8,3791.0,25.3,303.3,25.6,58.5,95.8,3447.0,324.6,2130.0,223.3,387.7,451.4,4409.0,18.8,153.2,29.8,65.3,104.5,4861.0,24.6,299.9,60.1,112.5,175.8,4989.0,27.3,371.0,31.0,79.6,122.7,3869.0,217.1,1823.0,195.0,405.9,682.0,3385.0,598.1,1458.0,1024.0,1634.0,1077.0,3511.0,1071.0,2083.0,1373.0,2527.0,1788.0,4213.0,1108.0,3949.0,854.0,1692.0,1071.0,3791.0,885.9,4309.0,857.9,1373.0,1231.0,3949.0
2026-02-15,07,2,official_closing,closing_displayed,https://www.boatrace.jp/owpc/pc/race/odds3t?hd=20260215&jcd=07&rno=2,60.5,189.2,231.3,364.6,80.0,136.3,170.1,332.8,344.5,522.0,100.9,115.4,67.3,141.8,126.6,217.8,125.9,136.4,100.2,173.1,125.4,225.0,46.0,55.6,67.3,233.9,260.0,442.3,111.2,162.4,176.2,255.8,270.6,481.6,74.0,126.1,65.7,103.9,86.5,181.2,113.6,149.6,84.1,140.3,118.9,243.4,38.3,63.6,290.5,480.5,394.0,685.6,123.2,133.3,275.7,355.2,374.6,501.6,102.4,142.7,197.0,201.4,124.2,253.6,111.8,124.2,250.5,280.2,185.6,222.8,35.0,45.9,73.4,134.6,114.3,113.2,136.1,154.8,71.4,92.1,75.0,95.6,115.7,156.4,153.7,140.0,88.3,133.9,115.8,126.1,49.1,58.2,38.1,45.5,33.2,53.0,122.6,204.0,123.9,131.9,25.7,42.3,112.6,137.2,122.7,123.1,22.7,34.5,190.2,211.3,127.4,179.7,19.5,30.7,62.8,70.5,41.8,56.2,18.4,26.1
2026-02-15,07,3,official_closing,closing_displayed,https://www.boatrace.jp/owpc/pc/race/odds3t?hd=20260215&jcd=07&rno=3,30.4,49.8,433.7,108.7,669.7,20.8,11.3,15.0,704.8,509.6,2270.0,131.1,107.6,138.6,993.1,455.2,1355.0,58.7,5.9,6.7,469.8,102.8,688.1,282.3,68.7,161.5,452.8,92.3,1010.0,20.4,116.1,220.9,542.8,344.0,1747.0,93.7,340.7,652.2,1059.0,417.1,1149.0,39.6,106.1,116.6,335.5,64.7,344.7,138.3,32.9,52.6,1059.0,1022.0,2731.0,318.9,127.4,174.1,759.9,725.3,3013.0,245.5,277.0,286.5,1859.0,2106.0,3427.0,413.2,37.9,41.5,856.8,592.5,2648.0,955.1,356.0,511.1,1765.0,649.8,1519.0,90.8,770.0,820.6,1649.0,523.3,1266.0,62.9,633.3,596.5,2362.0,1697.0,2608.0,296.2,358.9,297.2,2184.0,358.1,887.2,399.0,13.7,16.7,565.6,87.8,915.1,514.1,87.3,66.3,406.5,64.8,348.2,170.5,35.2,29.8,798.1,325.5,1649.0,929.7,216.3,151.2,1324.0,314.9,836.3,425.2
2026-02-15,07,4,official_closing,closing_displayed,https://www.boatrace.jp/owpc/pc/race/odds3t?hd=20260215&jcd=07&rno=4,9.4,20.1,71.0,27.5,531.2,781.2,6.9,12.5,63.0,54.1,916.6,1232.0,44.1,64.8,185.4,75.5,616.3,976.6,71.0,137.8,291.5,159.7,1044.0,1839.0,16.3,49.9,100.4,29.6,668.2,816.4,16.2,43.4,79.8,42.3,723.4,1315.0,73.5,153.9,227.3,67.6,526.7,767.1,129.3,243.6,467.6,151.4,1282.0,1894.0,10.8,19.4,103.0,111.5,1143.0,1638.0,17.0,31.5,88.4,86.3,869.5,1923.0,48.3,67.9,214.0,214.4,1007.0,1983.0,96.5,150.9,387.6,370.6,1826.0,3297.0,143.2,307.0,484.5,122.9,610.3,936.9,177.3,332.3,483.6,105.1,453.4,910.0,156.7,220.7,509.8,234.6,878.6,1715.0,378.9,715.2,1099.0,229.1,913.3,2015.0,214.8,586.4,1108.0,389.4,1775.0,2308.0,403.6,721.3,1203.0,322.2,1681.0,2418.0,326.7,469.3,1263.0,623.8,2308.0,3059.0,693.7,984.1,1727.0,464.1,1607.0,2047.0
2026-02-15,07,5,official_closing,closing_displayed,https://www.boatrace.jp/owpc/pc/race/odds3t?hd=20260215&jcd=07&rno=5,10.5,47.7,163.5,948.4,30.0,21.3,87.0,231.0,803.6,1572.0,75.2,55.9,6.5,25.0,147.4,1197.0,337.7,222.8,16.4,42.7,273.2,1534.0,50.6,34.8,20.4,150.4,236.4,1200.0,50.0,25.1,208.6,902.2,1228.0,2149.0,153.0,80.5,20.2,197.1,320.2,1585.0,552.8,264.5,46.7,328.8,491.7,1893.0,95.4,51.1,289.2,692.1,1992.0,2573.0,188.2,110.8,462.3,1356.0,2573.0,2632.0,254.2,164.5,334.2,1147.0,2539.0,3205.0,1350.0,623.7,395.1,1319.0,2550.0,3152.0,319.1,185.8,10.7,56.1,220.9,1563.0,835.2,450.0,19.0,144.3,332.6,1526.0,996.2,512.8,197.8,562.0,1471.0,2883.0,1559.0,817.4,27.9,117.1,407.5,1530.0,792.5,599.6,32.3,113.6,476.9,1668.0,72.2,55.5,70.8,272.7,622.3,1798.0,91.3,75.0,288.6,748.1,1906.0,2133.0,228.2,142.9,47.1,159.3,570.4,1718.0,475.4,383.0
2026-02-15,07,7,official_closing,closing_displayed,https://www.boatrace.jp/owpc/pc/race/odds3t?hd=20260215&jcd=07&rno=7,49.4,444.6,125.8,73.6,390.5,5259.0,37.2,415.8,20.1,22.8,200.3,4536.0,89.5,748.0,45.4,21.9,131.5,4536.0,475.8,2793.0,586.5,318.9,1011.0,6505.0,28.5,629.8,351.4,230.3,889.2,4994.0,4.6,825.4,456.5,389.0,1373.0,4536.0,11.3,1693.0,609.6,360.1,1226.0,7974.0,309.5,3832.0,1894.0,1710.0,3608.0,7063.0,21.0,570.2,33.4,44.9,367.6,4052.0,4.9,892.4,204.3,207.3,1009.0,5150.0,6.1,1454.0,66.5,80.0,377.7,4620.0,215.4,4052.0,697.3,727.1,3433.0,9328.0,85.0,1458.0,147.5,38.5,140.0,4225.0,37.8,2472.0,485.6,139.5,501.4,6773.0,23.4,2060.0,151.9,72.9,272.2,5618.0,469.5,4262.0,1569.0,410.3,1141.0,6505.0,981.0,4847.0,1879.0,1290.0,3862.0,7606.0,1065.0,3774.0,2472.0,2629.0,4895.0,7725.0,1040.0,5204.0,2472.0,2257.0,5204.0,8674.0,1258.0,5816.0,3189.0,1784.0,4620.0,6867.0
2026-02-15,07,8,official_closing,closing_displayed,https://www.boatrace.jp/owpc/pc/race/odds3t?hd=20260215&jcd=07&rno=8,5.2,21.7,90.7,62.3,111.9,2533.0,6.7,20.6,122.3,147.2,227.9,3646.0,9.2,31.6,136.4,88.4,213.6,3111.0,91.1,172.6,491.0,297.5,474.3,3128.0,12.2,64.2,125.4,82.9,162.4,2752.0,20.3,100.7,203.9,228.4,389.7,4031.0,24.3,130.5,237.5,138.4,341.1,4893.0,161.8,490.1,889.0,461.3,796.2,3578.0,15.0,58.2,190.9,273.9,442.4,3948.0,29.4,120.5,242.7,342.8,536.5,4403.0,31.1,118.4,298.1,381.1,716.5,4403.0,158.2,447.2,659.5,806.3,1585.0,5452.0,23.3,103.7,267.2,110.6,268.9,3646.0,40.8,227.0,333.0,141.4,290.6,4893.0,51.2,218.9,428.5,333.0,600.7,5252.0,175.1,620.9,1011.0,282.8,612.3,3623.0,385.2,921.9,1756.0,747.4,1113.0,3290.0,585.9,1406.0,2193.0,1072.0,1363.0,3490.0,559.0,1356.0,2097.0,1645.0,2128.0,5204.0,533.5,1389.0,2059.0,701.6,1506.0,3061.0
2026-02-15,07,9,official_closing,closing_displayed,https://www.boatrace.jp/owpc/pc/race/odds3t?hd=20260215&jcd=07&rno=9,6.0,48.7,47.7,143.6,342.0,2214.0,7.2,57.7,33.2,136.2,388.8,2145.0,11.4,80.3,49.5,153.1,402.1,2479.0,71.8,289.7,177.1,340.9,762.9,3955.0,8.3,143.2,139.1,287.5,621.5,3028.0,7.7,290.3,259.7,583.9,1569.0,5388.0,12.7,447.3,343.5,462.7,1186.0,5388.0,67.3,976.2,806.0,1121.0,2319.0,5751.0,14.6,223.4,110.6,248.5,706.2,2673.0,15.5,388.1,255.5,618.2,1606.0,6110.0,22.7,454.1,239.8,606.7,1440.0,4122.0,76.6,1089.0,527.6,1024.0,2828.0,6456.0,28.4,374.5,269.0,251.2,570.3,3153.0,35.3,780.3,589.9,402.5,1019.0,5751.0,42.0,734.3,471.9,583.9,1301.0,4719.0,122.6,1595.0,822.5,545.7,1118.0,4073.0,259.5,1610.0,926.0,1071.0,2236.0,4888.0,261.9,2236.0,1815.0,2049.0,3621.0,6221.0,288.5,2694.0,1474.0,2132.0,3823.0,4923.0,321.3,2793.0,1431.0,1291.0,2534.0,3439.0
2026-02-15,07,10,official_closing,closing_displayed,https://www.boatrace.jp/owpc/pc/race/odds3t?hd=20260215&jcd=07&rno=10,7.9,81.9,73.2,125.6,103.4,2396.0,7.3,58.6,53.5,164.9,141.0,3350.0,10.7,77.3,58.4,123.9,112.7,3126.0,97.1,357.2,263.8,408.2,418.6,3197.0,10.4,268.5,216.5,259.8,246.6,3014.0,7.8,607.6,365.0,741.6,602.0,4646.0,11.8,568.2,387.5,428.6,351.0,4312.0,87.0,1816.0,1217.0,1376.0,1452.0,4646.0,15.1,193.1,131.8,292.3,279.8,3911.0,15.1,583.2,281.1,674.9,530.2,5066.0,18.9,355.6,175.1,449.5,469.0,4976.0,95.9,1450.0,549.6,1048.0,1408.0,5097.0,16.3,319.4,162.4,202.3,257.8,3737.0,25.3,925.2,352.7,314.0,341.6,4889.0,21.0,482.7,244.9,433.0,610.7,5256.0,127.4,1716.0,689.9,732.5,930.3,4403.0,328.6,2230.0,1378.0,1122.0,1437.0,3737.0,334.9,3391.0,2518.0,1655.0,2260.0,5128.0,311.9,3504.0,1836.0,3126.0,2784.0,4357.0,374.2,3298.0,1557.0,1997.0,2092.0,4184.0
2026-02-15,07,11,official_closing,closing_displayed,https://www.boatrace.jp/owpc/pc/race/odds3t?hd=20260215&jcd=07&rno=11,9.8,23.6,68.0,135.9,96.5,300.1,16.7,23.5,153.5,235.1,231.6,416.2,10.0,16.9,102.3,141.4,246.8,720.7,35.6,63.5,229.8,527.2,402.6,580.1,14.1,53.9,116.4,114.8,97.3,339.5,36.8,80.4,200.7,177.6,199.6,540.7,26.8,58.8,128.3,86.3,151.8,680.6,49.1,189.1,355.0,333.2,327.8,507.3,37.0,30.9,394.1,469.3,432.5,551.6,61.2,56.0,445.6,518.2,370.9,732.3,50.6,27.1,486.0,545.4,744.9,1200.0,119.3,112.1,792.3,963.5,1212.0,1261.0,23.6,27.9,259.2,213.1,365.6,1200.0,45.9,50.8,264.5,169.7,250.8,1053.0,61.8,31.5,521.2,395.6,716.9,1450.0,102.9,102.6,782.5,594.0,984.3,1415.0,53.0,173.0,452.2,1014.0,1004.0,1137.0,74.1,263.3,630.9,843.6,710.7,924.4,130.6,250.7,1002.0,1393.0,1584.0,1484.0,108.9,182.5,903.0,1036.0,1442.0,1408.0
2026-02-15,07,12,official_closing,closing_displayed,https://www.boatrace.jp/owpc/pc/race/odds3t?hd=20260215&jcd=07&rno=12,43.4,121.5,185.1,64.5,16.5,968.1,28.5,89.0,155.1,109.8,34.8,1457.0,23.7,60.3,113.5,32.1,20.3,941.2,177.7,238.9,363.3,118.8,86.8,978.6,57.2,167.5,229.0,102.5,25.9,1046.0,52.3,143.3,221.4,170.3,43.8,1741.0,41.0,133.8,188.8,76.6,29.5,1201.0,206.9,363.5,530.1,207.0,87.6,1197.0,28.5,102.3,153.3,163.9,65.1,1722.0,47.1,125.6,199.7,204.5,72.4,1475.0,16.9,75.3,134.5,145.5,77.0,1452.0,133.0,206.7,247.3,247.1,200.0,1540.0,19.1,58.6,122.9,33.1,29.1,904.6,32.9,98.4,167.2,52.4,38.8,944.5,18.6,61.4,151.0,104.1,70.8,1266.0,110.9,179.2,351.4,76.4,83.3,720.3,374.2,600.1,742.6,186.9,205.1,984.5,476.4,704.1,848.0,234.7,205.8,1087.0,331.2,480.6,553.9,340.5,330.7,1525.0,330.7,449.5,673.2,156.0,196.7,709.6
2026-02-15,08,1,official_closing,closing_displayed,https://www.boatrace.jp/owpc/pc/race/odds3t?hd=20260215&jcd=08&rno=1,7.0,109.9,51.3,318.5,191.5,612.5,21.6,224.8,45.2,249.5,110.9,283.5,13.1,169.4,30.4,243.1,270.7,677.7,24.3,268.4,39.5,350.0,160.0,562.1,9.4,182.0,139.5,448.6,404.9,1541.0,11.8,668.2,444.4,965.2,845.6,1873.0,7.5,549.2,323.9,845.6,1769.0,3822.0,14.3,604.8,337.6,1365.0,965.2,2077.0,45.0,434.3,107.1,319.6,154.3,430.4,32.9,936.8,368.9,1061.0,558.8,1619.0,44.6,1111.0,172.8,519.3,645.6,838.2,71.4,1493.0,169.1,552.3,403.2,1241.0,26.0,466.1,73.1,335.3,470.7,1426.0,16.3,876.7,271.4,783.3,1405.0,2895.0,45.5,1309.0,195.0,612.5,868.7,1209.0,35.2,1209.0,145.8,687.5,1098.0,3675.0,86.0,816.7,106.1,936.8,310.2,860.9,58.3,927.7,383.7,1990.0,845.6,2171.0,120.6,1541.0,246.2,853.2,546.0,1327.0,80.2,1327.0,217.6,1566.0,1137.0,3082.0
2026-02-15,08,2,official_closing,closing_displayed,https://www.boatrace.jp/owpc/pc/race/odds3t?hd=20260215&jcd=08&rno=2,54.3,58.1,37.0,739.0,132.7,865.8,180.7,172.3,46.9,307.7,49.0,229.3,98.7,134.2,19.9,684.6,231.1,1032.0,196.4,188.3,22.8,532.0,221.0,513.4,39.7,40.2,34.9,525.6,202.5,1021.0,68.8,26.5,23.5,333.2,92.2,390.7,25.1,32.2,24.9,764.6,389.9,1591.0,34.9,26.6,21.8,604.9,307.1,1110.0,359.7,173.6,56.8,253.0,46.6,190.1,191.9,82.2,50.0,271.3,56.2,285.3,344.3,187.9,38.8,253.0,87.3,268.0,439.3,190.9,30.5,153.7,59.0,172.1,84.6,182.2,23.5,611.1,598.7,1218.0,35.6,73.9,30.0,771.3,651.7,1731.0,215.1,269.2,44.8,334.5,245.6,461.1,164.7,206.1,27.2,637.6,619.7,1185.0,450.5,301.9,38.7,671.6,517.9,837.1,105.8,96.5,54.5,739.0,588.7,1563.0,489.2,232.4,38.5,273.0,174.8,353.2,271.3,346.3,39.6,758.0,758.0,1549.0
2026-02-15,08,3,official_closing,closing_displayed,https://www.boatrace.jp/owpc/pc/race/odds3t?hd=20260215&jcd=08&rno=3,17.4,24.1,34.2,597.2,88.2,283.1,72.8,80.0,63.4,684.6,101.2,249.0,32.6,46.6,50.5,856.7,240.6,870.4,35.9,34.0,41.3,684.6,139.1,531.3,21.2,21.5,29.6,584.4,131.1,298.0,65.8,37.6,48.1,415.3,109.6,180.0,38.8,28.4,38.1,794.3,305.8,512.9,36.8,15.7,22.1,471.5,160.7,371.9,189.6,178.2,80.6,533.0,146.5,249.8,179.8,97.5,66.9,387.7,134.3,183.8,268.2,244.6,104.4,690.4,339.5,431.7,272.7,112.7,53.0,337.4,168.7,357.2,37.9,82.1,72.8,1120.0,673.4,1069.0,42.7,68.1,70.1,1128.0,699.3,624.5,134.3,192.7,123.6,1341.0,790.5,606.0,73.5,86.4,72.0,904.1,624.5,1029.0,100.2,77.0,64.7,693.4,351.1,659.8,117.8,40.7,43.4,511.3,292.7,491.4,301.9,115.1,71.5,491.4,327.9,519.5,173.7,91.5,75.7,875.0,802.1,1352.0
2026-02-15,08,4,official_closing,closing_displayed,https://www.boatrace.jp/owpc/pc/race/odds3t?hd=20260215&jcd=08&rno=4,21.2,52.3,153.2,39.7,119.7,618.3,8.5,16.0,163.6,178.7,392.6,1428.0,15.1,26.7,234.9,57.3,160.4,465.0,28.5,38.5,249.8,67.4,161.0,787.2,33.3,145.9,200.9,54.3,155.7,680.9,39.3,153.5,183.1,201.7,436.1,1177.0,55.1,175.9,241.2,70.4,182.1,459.7,83.4,193.0,256.9,82.1,179.7,591.1,11.6,34.0,248.2,317.6,545.2,2305.0,40.0,109.9,257.3,300.5,574.3,2068.0,20.2,39.7,305.6,428.0,802.8,2151.0,29.4,58.3,297.7,383.3,666.8,2068.0,39.3,78.7,449.5,69.3,186.7,487.5,98.8,179.3,397.4,67.4,168.6,413.7,45.6,75.9,463.7,264.5,595.5,1522.0,67.7,94.7,480.2,58.5,156.5,386.0,112.3,225.3,906.6,124.5,278.2,750.6,244.5,493.5,692.6,126.4,206.3,493.5,120.4,191.8,692.6,512.3,584.7,1291.0,155.1,210.4,827.5,106.6,228.2,445.8
2026-02-15,08,5,official_closing,closing_displayed,https://www.boatrace.jp/owpc/pc/race/odds3t?hd=20260215&jcd=08&rno=5,9.5,14.8,46.9,739.9,297.8,69.1,45.8,77.1,210.2,894.9,362.1,114.8,26.6,34.3,116.4,929.0,899.6,425.2,12.0,15.4,53.7,604.0,254.7,280.2,14.7,24.5,51.0,642.6,380.7,72.9,54.3,90.1,169.2,721.2,416.9,64.6,46.5,52.4,95.4,876.6,1692.0,286.3,17.5,16.3,40.2,383.2,284.4,260.5,183.4,216.6,431.6,960.3,591.4,132.1,189.3,241.7,459.5,756.3,537.5,81.7,308.5,406.0,645.0,1220.0,2279.0,396.6,205.2,167.4,299.8,386.7,382.4,359.8,78.0,109.9,272.6,988.0,1675.0,1095.0,102.9,115.4,225.8,1081.0,2341.0,610.4,378.1,407.9,829.8,1304.0,2757.0,766.5,93.9,98.4,177.3,923.9,1424.0,1412.0,25.2,34.2,79.3,867.7,418.9,436.0,36.4,30.2,57.8,542.6,353.1,348.1,154.6,131.0,244.1,606.1,424.1,445.1,97.2,82.7,153.5,999.6,1266.0,1238.0
2026-02-15,08,6,official_closing,closing_displayed,https://www.boatrace.jp/owpc/pc/race/odds3t?hd=20260215&jcd=08&rno=6,38.9,204.8,45.8,212.6,639.2,1059.0,59.8,400.3,10.1,58.0,240.8,262.1,135.3,481.7,23.5,171.5,348.3,444.5,165.0,457.6,18.5,93.7,401.1,1198.0,19.0,215.3,126.8,416.0,1144.0,1469.0,5.2,453.5,228.5,538.3,1266.0,1936.0,14.9,621.4,342.4,743.0,1766.0,2455.0,11.8,531.2,373.5,691.9,1369.0,1177.0,48.6,825.2,19.8,54.4,221.5,225.9,13.3,783.5,122.8,289.7,729.5,1177.0,52.4,1418.0,36.9,125.2,338.9,358.2,28.5,1379.0,26.8,78.3,343.6,867.9,186.9,1369.0,59.1,249.8,451.4,462.8,61.6,1706.0,231.4,675.7,1438.0,2341.0,97.0,2517.0,70.9,289.3,508.4,439.6,144.5,1974.0,88.1,273.2,525.7,1525.0,167.8,1299.0,63.3,190.5,682.5,1351.0,52.6,1307.0,310.7,734.8,1797.0,3097.0,88.8,2165.0,65.8,197.4,729.5,1274.0,207.8,2876.0,144.9,382.0,853.2,1721.0
2026-02-15,08,7,official_closing,closing_displayed,https://www.boatrace.jp/owpc/pc/race/odds3t?hd=20260215&jcd=08&rno=7,38.1,28.5,188.0,52.3,293.5,223.0,20.0,13.4,212.1,135.1,530.2,634.6,54.1,32.2,262.1,96.8,337.5,305.5,45.4,26.0,430.3,94.9,339.6,711.6,72.8,66.5,171.4,37.2,248.3,174.6,91.4,34.2,117.6,60.0,332.0,280.5,127.9,69.7,201.2,40.2,161.4,124.4,152.4,60.4,220.3,35.0,177.3,322.3,34.0,16.0,236.1,174.1,620.3,961.3,89.5,23.9,147.0,116.5,526.8,584.9,78.1,17.3,273.0,214.3,821.9,696.5,98.9,14.5,306.1,172.6,617.9,1358.0,154.7,80.1,422.5,92.1,302.1,322.9,235.8,112.5,347.5,52.3,166.8,149.4,203.6,49.5,426.9,161.0,498.1,516.9,202.1,56.1,568.8,57.5,167.9,382.2,146.5,61.2,676.4,109.7,349.0,657.5,303.2,96.1,505.7,58.4,219.1,328.7,210.2,38.5,547.9,186.5,501.1,944.7,351.9,72.3,761.0,86.1,243.1,360.4
2026-02-15,08,8,official_closing,closing_displayed,https://www.boatrace.jp/owpc/pc/race/odds3t?hd=20260215&jcd=08&rno=8,38.5,53.2,334.7,64.9,201.9,89.5,17.5,20.8,545.5,176.7,454.6,192.3,26.2,28.8,469.8,71.8,239.5,148.5,32.7,34.1,369.2,71.4,212.5,161.7,59.5,114.7,367.0,49.3,184.6,92.6,80.4,82.0,350.8,122.9,394.7,163.9,107.1,113.8,376.8,35.1,116.1,99.3,87.2,101.6,368.4,37.6,124.7,123.0,32.6,32.0,462.7,377.6,611.2,347.4,83.0,70.2,400.8,306.1,774.4,368.4,53.4,19.4,519.2,311.8,819.5,469.8,57.8,21.5,458.0,243.3,621.6,503.5,76.5,70.2,736.9,63.8,198.6,154.3,173.0,146.8,648.1,38.6,105.5,104.1,113.0,41.2,993.3,162.7,502.1,277.7,102.8,36.8,742.9,32.8,93.2,125.6,79.6,73.4,652.7,67.2,277.3,210.3,167.8,141.9,617.4,50.5,159.2,141.6,122.4,52.7,771.1,155.9,480.9,342.2,138.4,62.5,767.9,49.0,146.4,165.2
2026-02-15,08,9,official_closing,closing_displayed,https://www.boatrace.jp/owpc/pc/race/odds3t?hd=20260215&jcd=08&rno=9,43.2,72.1,250.9,27.4,1444.0,54.1,13.3,29.5,117.9,71.1,1583.0,112.3,155.8,226.8,344.4,89.6,912.9,45.0,23.0,53.7,209.5,27.6,1250.0,280.2,71.6,133.1,280.2,35.7,1710.0,78.6,53.7,74.6,125.7,59.2,2038.0,170.2,222.1,259.2,456.4,102.4,1430.0,47.9,65.2,146.0,290.6,32.3,1653.0,412.2,14.7,30.2,91.5,83.0,1086.0,212.8,39.1,50.5,114.0,83.2,2038.0,311.3,87.8,97.1,165.8,115.9,1229.0,183.2,16.7,28.6,101.7,88.6,1229.0,751.5,358.5,658.4,779.1,144.3,771.0,57.2,428.8,698.6,870.2,134.5,935.9,52.4,352.6,436.3,522.1,187.1,1055.0,130.9,392.6,655.5,740.3,143.3,652.6,243.5,23.2,79.2,269.5,40.3,1417.0,633.2,52.3,138.2,386.5,40.2,1635.0,960.0,20.4,53.0,194.0,112.9,1181.0,1094.0,172.0,356.8,553.1,121.1,840.7,541.1
2026-02-15,08,10,official_closing,closing_displayed,https://www.boatrace.jp/owpc/pc/race/odds3t?hd=20260215&jcd=08&rno=10,7.9,30.9,42.9,214.3,956.4,197.7,15.5,57.6,38.0,121.2,549.6,111.9,41.1,113.4,60.8,371.1,1219.0,163.8,22.9,71.6,32.2,104.6,622.1,387.0,10.1,62.3,72.6,363.6,1307.0,328.9,10.4,92.7,98.8,429.9,789.5,408.8,25.8,164.6,127.5,978.0,2128.0,444.0,11.7,112.6,102.9,407.3,1033.0,781.0,34.9,211.8,88.9,177.6,623.9,142.1,23.2,209.1,158.8,402.0,831.8,351.8,84.2,538.7,219.0,642.3,1596.0,266.4,29.6,291.0,90.0,181.6,526.9,391.2,153.2,556.7,195.4,676.3,1562.0,198.8,90.2,492.3,241.2,1024.0,2261.0,363.0,205.0,923.9,355.9,804.1,1871.0,272.7,119.5,591.6,152.6,466.9,916.1,687.0,56.7,254.5,75.5,146.9,813.1,746.1,34.6,230.9,136.7,291.4,1113.0,1069.0,53.8,419.1,108.2,192.4,620.3,603.1,118.3,561.0,139.3,430.7,931.8,931.8
2026-02-15,08,11,official_closing,closing_displayed,https://www.boatrace.jp/owpc/pc/race/odds3t?hd=20260215&jcd=08&rno=11,17.2,181.1,97.9,43.4,439.1,402.5,12.7,96.8,34.8,55.0,356.3,271.3,38.7,268.8,63.0,50.7,258.8,217.4,41.4,242.2,54.5,37.6,380.5,674.1,18.0,325.0,242.5,106.4,999.5,674.1,8.4,545.2,292.7,253.5,1610.0,1278.0,22.6,988.1,564.6,237.9,1672.0,832.1,21.8,736.9,530.2,181.5,1539.0,1566.0,11.3,141.8,69.9,109.8,559.2,340.3,10.1,354.2,202.2,272.6,1391.0,1029.0,17.4,405.4,114.7,229.4,930.0,511.5,13.4,262.3,102.7,162.0,816.5,1449.0,82.1,644.1,246.3,96.8,312.8,255.7,67.0,1073.0,608.1,201.7,824.2,644.1,59.0,1207.0,308.9,262.3,746.4,608.1,89.6,1260.0,387.3,113.2,409.2,749.6,91.3,564.6,189.8,90.4,816.5,1066.0,66.0,1029.0,639.4,188.0,1358.0,1581.0,55.4,663.8,259.9,216.3,1216.0,1512.0,115.3,1672.0,442.5,161.3,816.5,960.8
2026-02-15,08,12,official_closing,closing_displayed,https://www.boatrace.jp/owpc/pc/race/odds3t?hd=20260215&jcd=08&rno=12,27.0,274.5,60.5,161.2,309.6,682.2,37.5,452.0,19.8,51.1,129.6,207.6,74.7,770.8,38.1,103.4,194.8,342.8,95.3,711.4,28.6,73.1,164.8,511.1,17.0,370.4,232.5,458.2,876.6,1372.0,5.4,902.8,397.4,616.4,1068.0,1977.0,12.6,1268.0,618.7,865.2,1589.0,2102.0,9.8,1367.0,648.9,719.1,1114.0,2356.0,30.0,760.2,47.0,84.8,201.9,311.3,8.0,905.3,230.8,440.6,741.6,1567.0,24.4,1678.0,131.9,237.8,443.5,611.8,18.4,1686.0,82.8,161.4,332.2,946.5,94.1,1457.0,108.9,175.4,346.4,515.9,36.4,1786.0,383.2,500.3,1244.0,1977.0,51.8,2768.0,199.9,269.6,512.7,698.0,64.6,2407.0,175.3,279.2,555.6,1401.0,133.6,1567.0,99.6,174.9,260.9,540.2,46.8,1954.0,538.4,621.0,593.3,1118.0,61.1,2323.0,171.3,246.6,334.5,722.2,103.7,2815.0,267.9,397.4,457.6,893.1
2026-02-15,11,1,official_closing,closing_displayed,https://www.boatrace.jp/owpc/pc/race/odds3t?hd=20260215&jcd=11&rno=1,9.5,21.2,129.6,140.3,58.9,194.5,14.3,30.8,291.8,347.0,150.0,495.4,7.4,13.9,151.5,112.2,159.8,518.7,20.1,30.6,335.6,140.7,88.6,260.2,20.5,63.3,170.4,208.2,82.4,239.9,47.4,189.2,451.8,461.3,225.5,655.6,27.8,85.2,213.1,237.4,287.9,556.2,76.6,173.3,454.5,305.1,127.6,312.5,36.4,123.3,440.2,511.8,328.5,1041.0,72.2,284.7,623.7,606.5,400.1,1242.0,43.3,138.3,585.8,644.6,981.3,1674.0,70.0,187.4,928.1,917.1,626.3,1674.0,17.8,41.6,244.1,132.1,221.0,730.2,40.9,107.6,305.1,183.2,290.1,782.1,52.9,140.3,706.7,471.1,823.9,1902.0,42.3,80.0,599.5,136.2,204.6,655.6,59.4,95.2,726.7,238.8,147.8,402.2,146.5,259.8,906.3,313.1,177.5,377.6,145.3,258.0,1351.0,621.2,510.1,1124.0,84.8,135.7,1007.0,237.0,276.1,681.7
2026-02-15,11,3,official_closing,closing_displayed,https://www.boatrace.jp/owpc/pc/race/odds3t?hd=20260215&jcd=11&rno=3,52.0,42.9,58.6,370.0,89.5,2255.0,82.3,80.2,88.0,310.8,72.1,2418.0,60.4,48.5,55.7,237.4,149.0,3034.0,340.6,191.4,283.8,662.3,171.1,1756.0,58.7,37.2,42.8,325.9,79.7,2167.0,79.8,19.3,19.7,109.5,26.7,1245.0,54.7,11.5,13.3,109.7,69.1,2255.0,260.3,95.1,93.4,447.4,95.2,1069.0,137.7,121.9,122.9,281.4,77.2,2567.0,149.1,37.4,42.5,116.0,30.2,1324.0,137.9,36.3,36.3,95.9,54.8,1636.0,389.9,215.0,205.5,415.1,105.3,1023.0,83.6,56.4,58.0,188.1,177.5,3272.0,69.3,16.5,20.4,122.0,120.9,2828.0,141.0,33.2,32.2,106.3,83.7,2649.0,261.1,89.9,91.1,275.4,215.0,1559.0,573.5,575.5,725.6,1236.0,247.2,1426.0,670.3,411.0,396.4,1167.0,172.6,1056.0,598.2,701.2,526.5,860.3,177.5,937.6,598.2,308.5,275.4,667.6,254.8,1274.0
2026-02-15,11,4,official_closing,closing_displayed,https://www.boatrace.jp/owpc/pc/race/odds3t?hd=20260215&jcd=11&rno=4,9.2,23.8,16.8,162.3,436.2,629.0,18.5,45.8,19.1,116.9,291.7,579.9,86.2,132.9,50.4,339.5,472.8,915.0,42.8,95.0,42.4,319.5,579.9,1783.0,8.2,23.9,24.0,217.1,1109.0,708.1,10.1,29.5,28.4,170.6,805.2,697.6,38.2,95.4,94.3,733.9,1601.0,985.4,22.9,54.5,46.9,423.1,1697.0,2388.0,43.9,88.1,45.5,161.9,468.1,607.4,32.1,70.2,49.7,155.7,715.3,661.5,172.6,267.9,130.6,437.6,796.1,629.0,89.0,156.4,67.1,210.0,765.8,1619.0,227.6,428.3,139.1,565.9,1381.0,1194.0,127.2,329.2,215.8,971.8,1783.0,1258.0,231.7,612.6,209.3,671.0,1109.0,933.2,326.9,521.9,248.5,796.1,1677.0,2472.0,129.4,239.2,146.3,563.6,1304.0,2609.0,83.8,201.8,134.8,757.6,1904.0,2609.0,162.9,264.8,138.6,476.0,1021.0,2135.0,440.3,610.0,335.5,1036.0,1761.0,2709.0
2026-02-15,11,5,official_closing,closing_displayed,https://www.boatrace.jp/owpc/pc/race/odds3t?hd=20260215&jcd=11&rno=5,7.2,23.8,146.0,115.2,39.5,1286.0,13.2,27.0,267.7,275.4,107.2,2343.0,6.1,12.0,168.3,130.3,99.4,2376.0,100.4,141.7,437.5,486.0,173.6,1569.0,20.6,72.3,149.0,134.1,41.0,1584.0,52.2,139.8,286.5,343.5,105.2,2949.0,28.9,76.7,181.0,104.5,67.6,3227.0,178.2,362.4,591.9,532.9,150.2,2138.0,32.2,76.4,415.2,506.1,250.1,1693.0,69.8,199.3,515.3,604.5,280.0,3001.0,49.1,65.3,493.0,581.9,523.1,2553.0,235.0,501.7,966.5,1012.0,550.1,3227.0,13.0,27.8,246.1,90.7,116.9,2311.0,31.5,60.0,258.4,80.5,96.1,3640.0,45.9,55.0,447.8,286.0,343.5,3801.0,165.2,188.6,648.0,266.4,288.9,3168.0,436.4,678.8,1347.0,929.7,354.2,1645.0,617.6,750.3,1449.0,1204.0,380.1,2281.0,763.7,1096.0,1425.0,1487.0,596.1,2899.0,555.4,687.0,1196.0,895.7,604.5,2899.0
2026-02-15,11,6,official_closing,closing_displayed,https://www.boatrace.jp/owpc/pc/race/odds3t?hd=20260215&jcd=11&rno=6,25.6,105.7,47.8,225.8,368.5,1134.0,51.9,200.9,16.2,76.6,99.7,644.8,80.3,239.4,18.6,110.2,151.5,1005.0,129.9,445.4,37.4,182.1,223.6,713.9,17.9,122.1,96.9,361.8,594.5,1615.0,9.8,171.4,88.9,268.7,496.6,1310.0,14.1,244.1,115.4,323.7,803.6,1999.0,22.5,378.9,160.7,478.8,747.3,1950.0,63.5,305.2,23.0,63.8,94.6,622.2,22.2,293.4,75.2,158.5,314.8,946.3,42.9,529.5,17.1,47.3,68.4,481.7,75.0,908.6,37.5,100.8,134.1,506.1,106.9,454.3,32.5,118.4,189.0,1279.0,38.2,459.5,93.1,247.9,565.1,1683.0,62.8,671.9,24.0,65.6,90.3,680.5,101.0,740.4,44.7,135.1,255.0,951.9,305.7,1220.0,121.2,349.9,362.6,803.6,106.1,799.6,292.3,634.6,807.7,1355.0,235.5,1427.0,107.1,228.4,264.7,567.1,257.9,1249.0,111.0,309.9,390.0,841.7
2026-02-15,11,7,official_closing,closing_displayed,https://www.boatrace.jp/owpc/pc/race/odds3t?hd=20260215&jcd=11&rno=7,21.0,191.2,134.7,109.1,443.4,168.9,27.7,306.6,64.4,55.4,333.6,75.9,73.9,631.6,147.3,79.9,267.4,63.3,26.7,214.5,54.1,32.6,194.2,208.3,21.1,311.8,270.3,193.3,800.2,413.2,10.5,735.7,472.6,323.9,1375.0,695.0,30.4,1339.0,809.9,474.8,1731.0,784.6,9.8,548.7,357.4,183.7,1217.0,1263.0,26.8,513.7,88.9,94.4,725.1,160.5,12.9,645.8,294.9,319.3,1581.0,453.4,36.8,1466.0,300.2,339.8,1455.0,223.1,11.0,623.7,110.2,91.3,833.4,667.3,111.3,1174.0,387.7,91.3,233.8,102.1,69.0,1487.0,851.1,310.9,525.8,468.2,73.1,2207.0,660.7,276.6,573.8,215.0,54.7,1232.0,456.5,88.3,218.8,298.8,43.0,505.9,97.8,43.5,348.1,477.1,18.3,641.7,296.2,131.7,1217.0,1279.0,17.1,836.9,132.7,76.6,784.6,1035.0,47.9,1424.0,322.9,87.8,488.7,565.8
2026-02-15,11,8,official_closing,closing_displayed,https://www.boatrace.jp/owpc/pc/race/odds3t?hd=20260215&jcd=11&rno=8,89.9,165.3,258.2,36.9,330.3,804.5,38.4,78.1,107.4,65.6,310.6,901.9,103.3,187.9,215.0,29.2,137.0,411.1,107.4,211.4,212.8,32.9,196.5,819.3,108.8,247.1,327.0,48.4,414.2,804.5,55.1,155.2,128.4,73.4,447.3,793.1,117.2,364.8,238.9,31.6,161.1,285.6,122.9,335.3,206.7,31.7,232.2,644.6,29.9,66.8,99.1,92.6,391.7,901.9,45.5,110.0,96.9,83.1,513.0,834.6,36.3,71.0,56.1,48.3,189.5,355.0,39.5,71.8,52.8,45.3,207.3,626.5,163.2,337.3,261.0,24.1,81.6,275.4,192.9,423.6,275.4,19.7,77.6,204.6,82.7,157.9,109.5,34.9,118.3,239.9,138.4,257.1,141.1,10.3,41.5,121.3,236.4,493.7,390.3,39.4,220.3,650.2,276.1,498.1,377.8,30.5,238.7,556.4,135.8,204.2,145.1,48.0,231.3,491.6,253.0,372.7,236.4,16.6,73.2,156.7
2026-02-15,11,9,official_closing,closing_displayed,https://www.boatrace.jp/owpc/pc/race/odds3t?hd=20260215&jcd=11&rno=9,39.6,89.0,385.3,93.7,100.1,97.4,14.7,29.2,419.0,330.2,357.3,411.8,20.9,43.8,455.9,83.9,126.0,159.8,11.5,25.2,340.1,59.6,72.7,136.9,68.8,196.8,352.7,108.3,124.9,86.0,103.2,267.4,404.0,370.4,348.2,322.4,116.0,284.1,366.8,104.1,162.4,99.9,57.7,187.0,309.8,61.3,80.9,117.0,30.1,63.2,463.7,527.5,839.9,866.5,98.6,212.7,583.8,594.7,778.5,651.4,44.9,91.3,506.6,493.6,832.6,839.9,24.1,40.1,380.7,338.3,521.8,894.9,47.6,97.2,604.1,73.0,112.5,187.0,143.1,259.5,594.7,95.1,137.1,124.0,73.6,125.9,698.9,359.3,471.7,638.3,30.1,53.2,441.2,45.9,77.7,160.6,24.4,52.0,596.6,66.9,81.7,159.1,81.1,163.4,477.5,59.1,75.1,134.9,38.4,50.5,544.0,258.8,320.2,529.0,34.9,56.5,510.7,56.3,100.3,189.9
2026-02-15,11,11,official_closing,closing_displayed,https://www.boatrace.jp/owpc/pc/race/odds3t?hd=20260215&jcd=11&rno=11,11.9,65.3,53.6,49.5,915.9,287.5,12.3,63.8,25.9,33.3,924.1,264.1,72.8,234.1,133.2,116.6,802.7,275.3,41.9,213.2,78.1,68.9,1024.0,672.8,9.8,130.1,129.9,91.1,1517.0,491.5,6.2,151.8,134.0,152.3,2100.0,712.0,39.3,551.5,448.1,301.7,2475.0,651.7,21.1,420.8,324.3,177.2,2284.0,1907.0,13.2,133.7,34.2,43.9,1299.0,402.9,9.0,174.8,100.9,127.2,1980.0,742.5,50.7,637.8,145.4,202.4,1762.0,482.4,23.3,393.0,87.9,113.5,1792.0,2058.0,188.6,915.9,387.1,198.5,932.3,394.5,178.7,1024.0,651.7,336.4,1485.0,597.4,205.2,1148.0,503.4,353.0,1433.0,537.2,195.4,1188.0,616.9,272.1,1283.0,1414.0,97.3,602.6,226.7,149.2,1961.0,1624.0,72.8,793.6,470.4,246.0,2417.0,2362.0,71.1,781.6,244.9,226.4,3198.0,2446.0,199.7,1464.0,643.7,316.4,2284.0,1762.0
2026-02-15,11,12,official_closing,closing_displayed,https://www.boatrace.jp/owpc/pc/race/odds3t?hd=20260215&jcd=11&rno=12,8.7,112.5,79.1,90.9,313.9,988.4,6.8,123.3,51.4,74.8,347.7,1367.0,20.7,203.0,86.5,92.4,279.5,1340.0,40.7,253.5,118.5,146.7,443.1,1606.0,10.7,188.5,194.8,217.0,548.6,1670.0,6.4,532.2,377.5,480.9,974.2,2145.0,16.2,735.4,442.6,369.3,928.8,2201.0,32.8,856.1,510.5,478.8,1241.0,3767.0,12.0,301.3,116.5,160.1,493.5,1842.0,9.2,664.7,290.5,429.1,985.5,2974.0,18.7,694.7,225.8,352.0,1024.0,3228.0,32.1,867.1,366.1,414.4,1169.0,3942.0,40.6,622.0,271.4,182.4,365.3,1629.0,40.5,1115.0,503.7,337.0,841.2,2387.0,43.7,1000.0,474.8,400.2,916.3,3645.0,90.4,1319.0,578.5,358.7,949.6,3645.0,137.0,1173.0,533.9,469.5,982.7,1994.0,140.2,1599.0,799.6,814.9,1822.0,3531.0,132.7,1389.0,839.2,885.2,2079.0,3645.0,213.9,2215.0,1021.0,792.1,1793.0,3495.0
2026-02-15,13,1,official_closing,closing_displayed,https://www.boatrace.jp/owpc/pc/race/odds3t?hd=20260215&jcd=13&rno=1,4.8,18.4,12.6,237.5,1104.0,492.5,18.0,55.5,22.7,166.8,1002.0,339.3,55.7,190.1,66.6,659.2,1993.0,1032.0,38.2,79.2,30.1,437.8,1769.0,2167.0,5.3,29.6,25.3,354.5,1905.0,632.8,10.0,97.0,72.3,410.8,1433.0,523.8,37.4,299.9,142.7,1002.0,2938.0,1716.0,18.9,92.6,66.3,795.3,2089.0,2375.0,49.1,215.3,58.6,196.8,1133.0,357.5,42.1,253.8,95.3,367.3,1482.0,482.9,160.9,781.0,189.0,858.3,2627.0,1212.0,120.0,508.4,111.6,333.4,1699.0,2375.0,228.4,661.8,243.5,1171.0,2477.0,2140.0,185.0,767.2,357.5,1651.0,3334.0,2251.0,387.0,1733.0,480.3,1590.0,3152.0,1751.0,324.7,1195.0,389.6,1733.0,3271.0,3769.0,122.6,282.4,115.0,937.2,2709.0,3271.0,97.6,269.6,151.8,1044.0,2752.0,2889.0,254.9,744.1,263.9,893.7,2512.0,3271.0,395.8,1002.0,450.3,2194.0,4686.0,4334.0
2026-02-15,13,2,official_closing,closing_displayed,https://www.boatrace.jp/owpc/pc/race/odds3t?hd=20260215&jcd=13&rno=2,9.1,40.1,138.4,41.4,193.2,536.3,8.5,28.8,169.2,124.3,355.6,960.8,13.2,41.1,178.4,61.4,242.5,532.1,19.9,57.7,200.7,56.8,202.5,745.3,16.9,133.8,205.4,65.9,255.3,627.7,24.7,159.7,334.0,214.7,560.0,1437.0,27.9,211.8,378.2,104.6,390.6,523.8,41.3,289.2,397.5,101.6,290.0,703.9,15.6,81.7,213.8,207.7,639.5,1407.0,29.0,166.5,290.4,322.8,791.9,2047.0,27.2,131.3,248.4,267.4,951.8,1316.0,32.7,123.8,241.6,194.0,694.3,1609.0,41.4,153.5,327.5,60.2,205.4,527.9,68.1,303.5,417.1,82.3,269.6,525.2,64.3,194.0,387.6,202.9,493.3,1228.0,70.8,179.7,353.2,58.0,172.4,561.6,85.6,251.5,511.9,101.5,268.5,770.9,148.4,450.5,703.9,131.1,350.1,664.7,114.3,202.3,594.5,273.2,540.6,1251.0,129.1,289.2,614.3,106.0,287.5,571.1
2026-02-15,13,3,official_closing,closing_displayed,https://www.boatrace.jp/owpc/pc/race/odds3t?hd=20260215&jcd=13&rno=3,15.6,117.6,95.8,104.0,338.3,1031.0,13.7,108.4,35.2,64.0,217.5,744.6,28.3,162.5,53.1,63.6,225.4,723.0,46.8,238.3,98.4,90.6,291.3,941.8,15.3,243.0,190.8,229.5,685.9,1227.0,7.3,343.6,204.5,374.7,1037.0,2151.0,11.8,513.9,301.9,291.3,893.5,1330.0,26.1,784.8,513.9,407.1,841.7,1853.0,18.6,258.1,63.8,100.5,366.0,990.0,9.9,403.3,163.6,280.5,968.0,2489.0,15.1,470.9,79.5,125.3,430.2,978.8,23.7,464.6,102.0,159.8,626.7,1643.0,55.3,584.7,148.2,102.0,276.1,708.3,32.0,907.5,355.5,206.6,537.7,1177.0,32.1,802.9,163.3,148.2,376.3,888.9,61.0,1024.0,206.6,98.6,275.2,837.7,133.6,754.3,371.5,195.7,596.7,1013.0,88.6,1068.0,757.5,345.7,1049.0,1725.0,78.9,921.9,342.9,298.8,995.6,1428.0,142.7,1361.0,417.8,207.6,598.7,1007.0
2026-02-15,13,4,official_closing,closing_displayed,https://www.boatrace.jp/owpc/pc/race/odds3t?hd=20260215&jcd=13&rno=4,15.4,294.6,519.4,102.9,68.5,328.5,12.6,210.7,629.1,284.9,182.2,719.9,8.7,121.0,644.2,49.8,72.2,329.0,15.5,213.4,734.7,63.5,47.4,245.4,34.9,575.1,632.8,209.9,169.4,535.0,38.6,1375.0,1449.0,794.5,638.5,2043.0,34.8,1153.0,1300.0,289.9,401.0,1439.0,46.0,1218.0,1637.0,306.9,273.9,905.2,15.6,426.5,828.3,654.0,602.6,1340.0,40.0,1218.0,1332.0,1218.0,1016.0,2282.0,14.0,744.9,1056.0,879.2,1007.0,1532.0,19.3,791.6,1123.0,828.3,834.7,1865.0,11.4,272.2,988.6,58.8,90.7,456.4,29.7,1111.0,1067.0,134.0,239.9,1172.0,18.0,897.6,1479.0,337.8,576.7,1589.0,13.4,469.4,1129.0,61.7,104.6,650.1,38.0,521.9,1439.0,119.9,84.0,317.8,77.7,1650.0,1950.0,270.5,194.6,681.0,43.8,1340.0,1898.0,666.2,540.4,1218.0,32.0,763.4,1898.0,115.1,149.6,604.3
2026-02-15,13,5,official_closing,closing_displayed,https://www.boatrace.jp/owpc/pc/race/odds3t?hd=20260215&jcd=13&rno=5,28.5,194.8,125.8,279.5,627.9,66.3,55.3,354.1,48.1,114.8,329.0,24.6,89.9,506.7,89.8,251.8,507.7,51.4,23.6,147.9,21.9,79.5,175.2,95.6,24.5,306.1,244.7,547.2,1120.0,176.0,15.6,726.1,521.9,846.7,1428.0,287.2,37.1,1052.0,653.1,1192.0,1984.0,493.2,7.0,452.0,284.1,479.6,1106.0,671.7,78.8,736.4,92.9,163.0,468.3,36.8,30.2,928.4,361.0,581.5,1312.0,211.3,87.7,1655.0,226.4,473.5,1011.0,85.0,23.8,825.2,64.6,129.9,428.9,192.4,129.3,1226.0,202.4,432.5,778.3,113.2,75.2,1468.0,585.4,1120.0,1925.0,349.8,136.6,2384.0,377.2,749.1,1249.0,130.0,46.6,1468.0,151.6,321.7,563.8,347.5,21.4,306.1,29.2,85.5,246.4,213.6,8.5,510.7,170.2,200.7,833.1,671.7,17.8,866.5,54.9,110.1,408.0,355.6,35.3,1140.0,113.6,220.2,592.1,532.6
2026-02-15,13,6,official_closing,closing_displayed,https://www.boatrace.jp/owpc/pc/race/odds3t?hd=20260215&jcd=13&rno=6,18.5,105.4,311.3,30.9,467.0,372.2,6.6,38.7,237.6,104.6,900.7,657.2,31.5,132.9,578.1,46.1,255.3,206.9,21.1,102.4,450.3,32.9,368.8,648.7,27.0,235.9,400.3,65.2,764.2,686.2,19.7,204.8,359.0,228.7,1754.0,1801.0,64.6,351.5,528.1,138.9,725.7,741.7,44.6,321.7,557.3,108.1,1034.0,1709.0,7.0,65.6,348.4,294.5,1576.0,1120.0,15.2,182.9,516.0,492.1,2620.0,2401.0,16.2,176.6,744.5,495.7,2217.0,1451.0,9.6,127.2,638.4,445.3,2123.0,2654.0,61.6,408.4,877.2,76.6,248.1,242.5,110.7,578.1,1152.0,129.5,439.5,569.9,47.4,374.3,1327.0,328.0,1146.0,960.7,72.8,453.3,1166.0,79.0,278.2,626.5,55.5,401.1,912.9,68.4,568.3,1008.0,89.3,733.6,1817.0,123.7,984.2,1505.0,35.7,382.8,1310.0,313.7,1517.0,1851.0,96.2,869.6,1885.0,112.3,538.0,844.1
2026-02-15,13,7,official_closing,closing_displayed,https://www.boatrace.jp/owpc/pc/race/odds3t?hd=20260215&jcd=13&rno=7,19.0,169.4,118.0,76.7,854.7,560.6,13.4,118.9,35.2,32.1,761.4,335.3,79.8,409.3,175.7,86.5,609.6,188.9,38.5,315.8,71.9,31.0,788.9,937.4,19.1,290.6,247.3,177.3,1170.0,826.3,6.6,441.4,295.0,277.2,2004.0,1959.0,42.9,1503.0,803.5,517.4,2527.0,1406.0,14.7,1007.0,515.8,311.3,2490.0,2812.0,11.5,226.4,52.0,61.9,1019.0,429.4,6.7,430.5,180.1,222.9,2602.0,1854.0,31.9,1069.0,216.8,261.8,1490.0,445.9,9.1,562.4,73.5,84.7,2027.0,2051.0,174.3,912.9,496.7,188.5,660.4,209.3,140.7,1417.0,894.1,536.5,1570.0,1139.0,99.6,1282.0,564.2,384.9,1139.0,389.2,117.2,1406.0,473.8,156.1,741.9,697.4,90.8,655.5,221.8,68.7,1063.0,1202.0,58.2,1096.0,703.0,257.5,2906.0,3059.0,38.7,1037.0,206.1,121.4,2641.0,2294.0,163.5,2004.0,880.6,189.3,1013.0,1069.0
2026-02-15,13,8,official_closing,closing_displayed,https://www.boatrace.jp/owpc/pc/race/odds3t?hd=20260215&jcd=13&rno=8,10.4,79.6,31.1,161.5,1259.0,242.2,17.4,144.1,24.1,98.4,869.0,166.3,47.6,265.8,59.8,196.5,1188.0,287.3,15.9,127.5,36.1,170.7,1006.0,659.2,8.5,133.6,91.0,329.1,1513.0,500.7,9.4,258.6,133.1,406.7,1593.0,796.6,30.6,425.7,253.3,722.7,1828.0,1174.0,12.3,273.8,194.0,685.0,1630.0,1630.0,32.1,364.4,31.4,88.7,992.0,207.6,20.7,404.4,62.8,173.8,1290.0,465.2,66.2,844.6,54.4,145.3,955.9,429.2,33.9,629.6,69.7,186.4,1481.0,996.7,133.3,1168.0,154.8,390.9,1251.0,618.5,114.3,865.4,231.1,569.9,1557.0,1365.0,153.7,1392.0,155.3,386.6,982.7,639.2,160.5,1136.0,292.5,705.7,1682.0,1782.0,24.5,326.0,112.7,424.8,1481.0,1655.0,17.6,439.0,215.2,784.7,2103.0,2237.0,33.5,730.2,184.3,477.9,2146.0,1984.0,84.7,930.5,320.5,947.3,2261.0,2389.0
2026-02-15,13,9,official_closing,closing_displayed,https://www.boatrace.jp/owpc/pc/race/odds3t?hd=20260215&jcd=13&rno=9,6.5,45.0,41.4,92.2,475.2,457.7,10.8,71.6,37.9,92.3,606.3,387.0,21.3,112.5,73.0,129.8,590.8,769.5,24.8,103.1,81.0,124.1,683.2,1665.0,6.6,97.5,93.3,170.6,746.4,572.0,8.0,200.6,181.6,302.3,1449.0,1632.0,17.2,357.9,273.6,361.9,1469.0,1747.0,22.4,332.5,325.1,337.0,1531.0,2342.0,22.0,199.8,64.8,122.5,859.5,395.5,17.9,307.5,129.3,231.3,1517.0,1728.0,38.6,537.7,141.4,279.5,1210.0,1341.0,45.2,421.3,158.4,255.2,1510.0,2671.0,71.0,516.2,259.3,183.4,625.1,816.1,65.0,830.8,392.7,290.6,994.4,1756.0,110.5,979.3,311.9,362.7,1210.0,1524.0,142.2,1006.0,437.3,236.0,859.5,2085.0,85.0,323.1,231.5,283.2,1387.0,2183.0,92.5,736.2,639.9,425.2,1857.0,2671.0,140.6,837.2,461.0,488.2,2098.0,3168.0,217.0,1247.0,655.5,410.1,1846.0,2486.0
2026-02-15,13,10,official_closing,closing_displayed,https://www.boatrace.jp/owpc/pc/race/odds3t?hd=20260215&jcd=13&rno=10,8.2,36.0,53.1,67.0,88.7,1251.0,13.7,58.4,71.6,104.6,136.1,978.0,13.4,51.7,69.2,42.1,85.5,1492.0,62.6,179.0,213.5,80.4,116.2,1510.0,10.4,74.5,87.4,121.1,161.5,1637.0,15.5,193.5,221.6,251.2,343.4,2545.0,15.1,147.1,178.5,101.4,228.2,2429.0,71.5,487.7,592.7,210.9,307.6,2135.0,25.8,167.1,146.0,177.6,246.7,1086.0,30.8,279.6,247.1,300.2,411.5,2752.0,33.1,219.1,217.5,213.9,507.0,2173.0,75.3,606.2,433.1,380.7,636.3,2477.0,31.4,149.1,147.8,33.4,74.4,1371.0,33.3,259.7,248.2,48.3,110.8,2280.0,46.9,282.4,318.4,111.7,266.2,2212.0,86.2,536.2,471.0,41.5,99.8,1136.0,214.9,686.9,577.1,131.8,271.6,1366.0,236.4,922.2,1161.0,216.5,477.0,1956.0,244.6,1251.0,1052.0,357.7,721.6,2308.0,244.0,1058.0,965.3,111.9,306.3,1136.0
2026-02-15,13,11,official_closing,closing_displayed,https://www.boatrace.jp/owpc/pc/race/odds3t?hd=20260215&jcd=13&rno=11,4.3,28.7,73.2,126.7,214.8,884.5,6.9,37.6,99.0,220.4,372.5,1131.0,11.2,74.4,163.9,158.2,329.8,1675.0,35.6,127.1,240.0,283.4,552.2,2289.0,8.0,77.6,122.6,203.5,366.5,1234.0,12.0,144.7,250.5,399.8,708.9,1972.0,19.4,318.6,342.3,347.4,610.7,2541.0,45.0,410.7,555.3,663.4,1157.0,3029.0,16.1,154.1,273.8,437.1,799.6,1375.0,23.7,234.6,339.2,480.5,945.9,2306.0,30.0,380.0,521.5,755.3,1321.0,2498.0,53.7,518.8,659.0,986.4,1561.0,3844.0,29.7,367.0,484.4,218.0,417.6,1947.0,49.4,647.6,536.4,300.1,502.3,2498.0,57.8,653.3,782.9,590.3,973.6,2458.0,95.5,1063.0,900.5,339.2,715.6,2498.0,153.7,731.4,757.2,717.4,1276.0,3190.0,206.3,895.1,1229.0,1041.0,1851.0,3945.0,212.8,1106.0,1350.0,1332.0,2361.0,3795.0,218.5,1586.0,1537.0,851.9,1629.0,2776.0
2026-02-15,13,12,official_closing,closing_displayed,https://www.boatrace.jp/owpc/pc/race/odds3t?hd=20260215&jcd=13&rno=12,6.2,39.5,81.8,198.9,159.3,307.5,10.7,59.0,97.2,261.0,214.7,424.5,10.7,58.3,98.1,204.3,337.5,672.1,20.3,86.2,128.0,257.3,237.4,520.5,9.3,92.0,143.9,327.7,256.2,429.3,13.0,166.5,252.8,479.3,405.7,726.0,14.9,156.6,239.6,452.8,742.9,1095.0,21.7,198.0,290.0,591.9,613.1,989.5,23.0,209.0,234.4,468.8,379.5,701.5,28.0,275.1,373.4,645.0,543.7,1046.0,33.5,355.4,441.3,867.8,1258.0,1450.0,39.1,390.1,423.6,772.0,900.3,1682.0,28.1,220.8,273.1,308.5,546.8,1139.0,30.5,320.9,410.3,455.2,841.2,1562.0,59.6,557.5,583.3,692.7,1064.0,1912.0,46.3,419.0,472.3,410.9,719.2,1678.0,50.8,324.7,425.5,590.5,440.1,747.2,49.6,492.2,645.0,909.9,747.9,1312.0,89.5,743.6,749.4,1001.0,871.7,1562.0,79.4,565.3,724.7,756.0,1009.0,1591.0
2026-02-15,16,1,official_closing,closing_displayed,https://www.boatrace.jp/owpc/pc/race/odds3t?hd=20260215&jcd=16&rno=1,14.6,87.7,75.0,33.1,162.1,1245.0,10.3,70.8,43.1,29.3,186.6,990.0,29.8,165.2,100.8,38.7,124.3,619.4,88.0,297.2,154.6,53.2,237.9,2053.0,14.2,149.2,134.2,66.5,310.5,1218.0,8.9,216.5,206.4,156.1,656.1,2996.0,23.1,346.5,333.9,123.3,438.2,1848.0,35.8,693.0,488.4,217.4,749.2,3360.0,12.3,109.2,72.5,69.9,333.9,1304.0,11.6,234.4,158.6,174.6,939.6,3261.0,22.3,316.8,186.6,185.1,684.4,1817.0,35.1,480.0,274.4,189.5,880.0,3261.0,52.1,348.6,196.5,39.1,114.1,546.2,57.9,880.0,324.2,64.3,181.4,1304.0,43.5,523.0,343.2,117.8,318.6,1289.0,142.1,1017.0,596.1,70.8,194.5,1289.0,226.7,605.9,663.9,93.6,602.6,1760.0,170.5,1232.0,1155.0,180.8,803.4,2640.0,125.4,866.2,667.9,231.0,1167.0,3360.0,309.7,1440.0,1131.0,153.1,495.0,2092.0
2026-02-15,16,2,official_closing,closing_displayed,https://www.boatrace.jp/owpc/pc/race/odds3t?hd=20260215&jcd=16&rno=2,22.9,38.5,137.4,16.9,146.7,2707.0,9.0,11.6,103.6,52.7,282.7,3856.0,27.3,29.7,160.6,24.7,114.2,2892.0,319.7,446.5,795.3,181.2,699.2,2827.0,40.7,84.0,149.3,22.7,157.6,2495.0,37.8,45.8,75.3,58.9,247.1,4105.0,74.2,99.1,159.8,24.7,82.8,3534.0,461.0,821.0,928.8,219.4,935.7,4713.0,13.2,19.9,126.2,113.0,530.2,3742.0,28.8,43.5,109.9,107.6,424.1,5784.0,24.3,25.1,165.4,137.1,424.1,4241.0,238.3,353.4,865.6,591.8,1767.0,5784.0,68.4,81.9,268.4,31.3,114.6,2545.0,114.9,150.4,251.4,28.7,82.7,2827.0,63.9,52.8,261.8,92.8,262.9,3856.0,655.9,762.0,1097.0,156.3,560.6,3181.0,790.4,1223.0,2356.0,620.7,1652.0,4894.0,1247.0,1078.0,1844.0,649.2,2052.0,6362.0,971.4,1126.0,1743.0,1018.0,2766.0,5302.0,1719.0,2019.0,2052.0,589.1,1652.0,3976.0
2026-02-15,16,3,official_closing,closing_displayed,https://www.boatrace.jp/owpc/pc/race/odds3t?hd=20260215&jcd=16&rno=3,29.4,181.0,48.9,280.3,153.8,852.4,43.7,248.8,26.0,126.9,51.7,664.0,30.6,209.9,12.2,94.2,141.7,1201.0,115.6,506.6,61.6,279.7,133.2,689.4,14.8,217.8,143.8,424.7,354.3,783.6,11.9,457.1,241.6,550.9,371.0,1386.0,7.1,263.9,131.1,442.6,633.9,1911.0,38.2,774.0,404.3,678.2,643.6,1520.0,46.6,485.2,63.2,117.7,52.2,914.2,24.2,742.1,174.7,357.3,189.7,1704.0,21.6,606.5,41.0,94.2,111.5,1034.0,79.2,1236.0,108.2,245.9,106.3,490.9,31.9,460.4,22.9,149.8,216.4,1660.0,14.9,424.7,83.2,352.4,483.3,2426.0,26.4,901.1,41.2,124.7,175.4,1596.0,47.6,993.4,47.6,238.9,328.5,1501.0,237.5,1051.0,273.0,543.8,358.4,882.2,160.7,1001.0,576.0,733.5,742.1,1660.0,238.4,1371.0,334.6,481.5,260.1,512.8,136.3,1136.0,170.7,465.5,527.8,1342.0
2026-02-15,16,4,official_closing,closing_displayed,https://www.boatrace.jp/owpc/pc/race/odds3t?hd=20260215&jcd=16&rno=4,31.0,77.0,36.8,97.3,597.4,2963.0,38.6,94.7,10.9,36.5,258.3,795.5,114.7,203.4,29.3,59.3,266.1,853.9,313.5,507.2,86.0,194.2,622.0,2699.0,19.7,84.2,62.8,156.6,889.1,2437.0,7.9,52.5,38.8,87.4,597.4,2851.0,22.7,99.8,74.0,150.2,751.9,3285.0,94.8,270.3,204.5,435.5,1209.0,3084.0,33.5,121.8,12.2,32.9,259.2,1757.0,13.6,76.9,30.3,66.1,399.8,3148.0,33.1,144.7,16.5,41.4,227.9,1103.0,130.6,341.1,58.3,120.5,808.2,2361.0,172.1,448.5,69.3,94.0,285.7,2606.0,73.2,306.5,123.4,152.0,519.4,4318.0,79.9,374.1,52.4,77.6,232.8,1238.0,406.3,994.3,234.7,192.7,629.7,2519.0,693.3,1642.0,363.3,528.4,1698.0,3358.0,349.8,1180.0,619.4,733.7,2437.0,4085.0,406.3,1386.0,266.5,365.0,1698.0,2963.0,1064.0,1988.0,545.6,534.0,1591.0,3358.0
2026-02-15,16,6,official_closing,closing_displayed,https://www.boatrace.jp/owpc/pc/race/odds3t?hd=20260215&jcd=16&rno=6,14.6,22.3,42.8,324.8,42.0,596.7,42.3,59.7,120.5,432.1,65.4,885.8,13.5,16.6,37.3,279.6,150.4,1308.0,66.5,66.2,110.2,393.9,70.3,572.7,24.2,46.1,55.2,328.6,42.6,557.1,61.9,89.3,110.2,210.3,50.4,716.6,20.3,24.9,36.0,184.9,122.1,1262.0,70.8,84.3,81.8,344.4,64.3,362.8,120.4,152.8,253.7,407.4,95.9,920.1,119.2,130.3,160.6,226.7,77.4,805.7,102.0,94.9,136.3,259.7,236.9,1455.0,168.3,245.4,252.4,493.4,123.1,758.6,25.2,32.7,60.4,258.8,299.6,1782.0,30.5,31.1,48.3,177.6,195.6,1620.0,94.8,84.3,155.8,273.2,298.9,1739.0,65.0,64.9,87.0,211.9,200.8,1296.0,203.7,239.2,371.4,536.1,107.9,516.7,220.0,222.4,261.2,572.7,92.2,358.3,347.8,421.9,633.8,720.2,145.6,572.7,188.1,166.8,206.9,376.3,234.1,1041.0
2026-02-15,16,7,official_closing,closing_displayed,https://www.boatrace.jp/owpc/pc/race/odds3t?hd=20260215&jcd=16&rno=7,54.9,59.4,91.0,364.8,976.0,16.5,99.7,117.2,143.6,425.9,827.9,22.1,202.1,208.1,216.1,413.9,619.2,52.4,29.5,41.3,58.2,250.2,877.2,128.9,64.2,56.4,88.5,391.9,1133.0,20.2,123.2,49.4,67.6,280.7,736.9,14.0,203.5,99.5,115.0,629.8,1060.0,24.2,42.0,29.6,40.1,151.0,877.2,75.0,155.1,143.5,125.6,371.2,718.9,38.5,200.5,84.2,86.0,275.4,722.4,24.6,281.7,271.9,137.6,418.6,1099.0,49.4,126.3,70.6,66.4,190.9,909.7,113.4,436.0,424.7,269.4,475.4,609.0,111.1,403.7,235.0,170.1,898.6,1339.0,72.8,240.0,473.8,284.5,872.0,1503.0,88.6,335.7,244.4,174.0,715.4,1567.0,212.3,20.1,32.5,55.3,241.6,837.3,353.4,24.6,22.0,37.7,177.5,866.9,316.2,56.0,36.9,59.9,170.1,1016.0,345.9,190.9,101.4,123.0,452.0,1364.0,427.1
2026-02-15,16,8,official_closing,closing_displayed,https://www.boatrace.jp/owpc/pc/race/odds3t?hd=20260215&jcd=16&rno=8,14.3,77.5,132.2,307.6,21.8,410.4,44.7,165.2,280.4,426.0,37.1,384.5,7.3,35.2,58.1,157.9,57.9,702.5,37.0,108.0,166.4,433.5,40.3,259.5,21.0,181.9,236.8,376.6,41.8,640.8,68.0,485.4,709.3,568.5,78.0,1090.0,13.8,135.1,157.9,352.1,143.1,1187.0,40.3,410.4,490.3,613.9,95.0,570.7,102.0,426.0,573.0,586.8,88.5,507.3,142.6,709.3,789.8,802.8,99.7,1098.0,70.4,392.8,450.9,635.3,228.3,1554.0,172.5,798.4,1036.0,1074.0,153.6,874.9,8.4,51.1,81.7,159.1,143.1,1227.0,11.8,120.4,129.1,358.1,202.1,1391.0,30.9,214.5,296.9,533.2,328.3,1461.0,17.7,130.8,178.1,404.7,216.4,830.2,87.5,357.2,326.1,705.9,89.4,322.5,93.4,611.3,719.8,980.6,130.3,474.4,188.7,885.5,1000.0,1159.0,208.7,658.2,73.5,304.4,372.7,664.1,204.0,624.4
2026-02-15,16,9,official_closing,closing_displayed,https://www.boatrace.jp/owpc/pc/race/odds3t?hd=20260215&jcd=16&rno=9,6.8,75.4,45.9,78.0,594.5,296.0,10.4,83.0,50.3,75.8,635.6,277.5,38.9,237.0,192.3,104.0,363.9,225.0,22.4,158.3,105.5,60.8,584.4,703.7,6.7,173.9,133.0,156.5,1121.0,635.6,9.0,470.7,343.1,359.2,1814.0,1301.0,34.0,932.0,607.6,408.1,1515.0,999.5,17.3,553.9,534.6,284.4,1352.0,1585.0,14.0,215.1,118.9,133.0,938.3,432.4,12.6,499.7,279.7,336.4,1814.0,1746.0,40.0,919.5,414.2,383.1,1724.0,919.5,16.9,477.2,242.8,213.5,1499.0,2224.0,107.2,816.2,509.0,151.9,458.2,294.7,109.1,1313.0,792.7,338.0,1483.0,999.5,117.2,1839.0,851.4,547.3,1515.0,825.9,124.8,1436.0,757.9,190.5,971.4,1265.0,57.4,429.7,287.9,114.3,985.2,1277.0,49.0,757.9,676.1,246.3,1352.0,1702.0,49.5,682.8,522.4,273.1,1999.0,1970.0,129.6,1549.0,992.3,213.8,1451.0,1603.0
2026-02-15,16,10,official_closing,closing_displayed,https://www.boatrace.jp/owpc/pc/race/odds3t?hd=20260215&jcd=16&rno=10,20.7,165.0,54.5,74.9,964.2,1885.0,14.7,222.7,13.7,18.9,722.1,831.8,149.3,608.2,78.9,54.6,372.9,1067.0,135.9,725.2,80.5,52.4,953.3,1928.0,12.0,281.8,189.1,158.1,1663.0,2781.0,3.9,587.2,304.1,213.7,1697.0,3463.0,30.6,1295.0,603.9,221.8,1731.0,3085.0,27.7,1402.0,599.6,229.9,2232.0,3394.0,22.0,447.7,34.0,33.8,888.4,835.9,6.1,640.3,148.2,134.6,1631.0,3142.0,41.5,1357.0,111.7,134.5,1247.0,1462.0,37.8,1357.0,150.5,123.4,2203.0,3610.0,205.9,1749.0,358.7,63.9,402.1,1022.0,148.2,1426.0,587.2,146.4,1238.0,2262.0,128.6,2262.0,480.7,131.0,1116.0,1414.0,280.4,2459.0,660.3,106.5,975.2,1844.0,263.9,1556.0,432.9,94.3,1203.0,2020.0,165.4,1647.0,760.9,224.7,2737.0,3463.0,174.4,1697.0,540.4,140.8,2324.0,3771.0,405.0,3201.0,992.4,169.1,1315.0,1786.0
2026-02-15,16,11,official_closing,closing_displayed,https://www.boatrace.jp/owpc/pc/race/odds3t?hd=20260215&jcd=16&rno=11,6.5,111.9,173.5,49.4,143.7,639.3,8.7,70.8,149.7,98.0,347.0,1260.0,14.2,125.1,246.7,42.4,114.9,853.9,48.4,224.9,477.1,90.5,281.5,1366.0,10.0,286.5,270.9,83.9,236.4,901.3,10.9,493.5,505.0,240.8,559.4,1937.0,23.9,598.1,584.6,125.6,309.0,1236.0,74.3,1169.0,1014.0,264.3,630.0,2448.0,11.2,121.3,242.1,229.7,648.9,1324.0,14.1,457.0,457.0,466.8,914.0,2648.0,14.3,353.6,434.0,410.7,907.6,1509.0,42.8,582.0,665.6,505.0,1622.0,2761.0,27.6,332.8,559.4,57.0,121.3,954.3,35.6,636.2,672.5,97.0,239.0,1474.0,29.9,513.0,777.2,237.7,709.2,1802.0,88.0,1138.0,1138.0,116.3,280.3,1602.0,141.8,655.5,1236.0,227.7,801.1,1937.0,179.2,1138.0,1526.0,413.3,1190.0,2403.0,140.7,975.8,1109.0,552.3,2060.0,2949.0,207.3,1881.0,1664.0,279.1,901.3,1545.0
2026-02-15,16,12,official_closing,closing_displayed,https://www.boatrace.jp/owpc/pc/race/odds3t?hd=20260215&jcd=16&rno=12,8.9,63.6,82.2,189.0,171.8,193.0,15.1,109.5,73.2,178.2,196.4,160.9,19.9,100.8,81.0,139.2,184.9,235.6,19.0,112.5,62.1,154.6,194.1,318.7,9.9,151.1,171.0,366.6,346.2,383.7,10.6,440.3,388.5,626.9,495.2,553.8,13.9,441.4,370.2,553.8,662.6,839.0,12.7,345.9,306.9,710.0,563.0,858.2,24.7,291.5,200.5,306.0,353.1,237.1,21.3,614.3,411.8,633.9,656.1,552.9,23.1,630.4,339.3,491.6,804.9,646.1,26.2,636.3,258.8,469.7,603.3,795.4,34.0,295.0,248.7,213.4,322.4,393.1,35.9,549.3,417.4,458.8,795.4,1047.0,40.5,618.8,508.7,522.9,820.6,894.6,39.5,539.6,361.5,327.4,537.9,885.2,45.4,352.8,170.3,280.6,430.2,603.3,35.3,591.7,447.9,784.3,828.7,1025.0,49.6,871.5,383.2,602.2,730.0,1003.0,60.4,793.6,432.4,501.9,666.5,1022.0
2026-02-15,17,1,official_closing,closing_displayed,https://www.boatrace.jp/owpc/pc/race/odds3t?hd=20260215&jcd=17&rno=1,4.7,21.4,68.1,118.0,876.8,186.5,7.3,33.7,86.2,176.4,1244.0,269.1,68.2,190.2,411.8,427.0,1175.0,309.0,12.0,37.5,100.5,147.1,1251.0,1224.0,8.1,59.4,100.5,161.3,1596.0,268.2,12.5,111.8,195.3,336.9,2361.0,514.3,80.7,556.4,725.6,911.3,2516.0,492.5,15.8,117.9,218.5,282.9,2755.0,2660.0,16.8,88.3,199.7,286.4,2204.0,552.4,21.5,147.6,285.0,466.6,3128.0,844.8,130.7,570.1,1271.0,2030.0,4208.0,1061.0,30.8,176.1,376.3,529.6,3507.0,1913.0,217.9,904.2,1175.0,744.2,2204.0,568.7,270.7,1503.0,993.4,976.6,2600.0,798.1,344.9,1512.0,2436.0,1653.0,4367.0,1493.0,264.8,1574.0,1851.0,907.7,2247.0,2788.0,33.1,125.9,265.7,225.8,2269.0,2123.0,40.2,223.0,403.9,312.8,2967.0,2857.0,55.4,245.9,485.2,553.7,3260.0,3404.0,227.8,1224.0,1596.0,890.2,3354.0,3260.0
2026-02-15,17,2,official_closing,closing_displayed,https://www.boatrace.jp/owpc/pc/race/odds3t?hd=20260215&jcd=17&rno=2,8.8,17.2,51.7,292.9,119.5,707.8,18.8,30.1,140.3,496.9,272.5,1403.0,7.8,12.3,97.8,326.4,523.1,1958.0,19.1,27.5,190.1,489.7,322.1,957.1,15.5,33.4,57.6,234.6,119.7,660.6,56.2,73.4,110.1,256.4,135.3,905.7,37.1,31.6,65.6,163.3,208.4,1123.0,100.2,81.7,140.6,284.0,177.7,621.6,71.6,73.5,449.2,660.6,411.8,2005.0,115.7,106.0,278.9,388.1,201.7,1130.0,125.4,54.1,366.2,471.8,563.4,2441.0,205.9,92.9,752.0,962.6,630.9,2054.0,28.2,28.4,230.1,336.9,554.1,3239.0,63.1,38.1,129.6,210.8,287.4,1773.0,131.3,55.8,329.0,351.6,510.4,2761.0,109.1,45.3,366.2,288.9,397.3,1574.0,111.6,139.1,647.9,783.5,454.0,979.4,283.6,202.7,390.8,550.5,337.5,704.8,359.1,206.4,1086.0,1203.0,732.4,1504.0,231.4,112.9,612.5,485.4,621.6,1169.0
2026-02-15,17,3,official_closing,closing_displayed,https://www.boatrace.jp/owpc/pc/race/odds3t?hd=20260215&jcd=17&rno=3,9.5,24.1,37.0,341.6,24.6,1548.0,34.1,86.0,113.4,351.4,46.5,2982.0,7.9,20.3,35.3,363.9,136.6,2495.0,250.0,489.1,657.5,668.2,495.1,4891.0,10.7,34.1,46.0,347.4,37.5,3305.0,34.3,109.2,138.3,335.9,37.4,2717.0,12.4,22.8,29.0,429.1,156.7,6794.0,291.8,511.7,568.8,1509.0,470.3,4076.0,80.5,255.3,240.7,359.7,74.2,4891.0,93.0,283.7,256.9,400.9,54.2,2844.0,102.9,224.8,221.1,439.9,216.0,5559.0,374.0,1235.0,1199.0,2108.0,715.1,6436.0,13.2,47.8,57.7,279.8,206.9,2658.0,21.8,39.5,39.3,283.7,195.0,7194.0,90.2,149.5,151.9,350.4,287.7,6794.0,426.1,534.0,683.2,1010.0,1010.0,8153.0,623.9,1881.0,1972.0,1548.0,1142.0,4529.0,778.9,1010.0,1101.0,3305.0,1091.0,3597.0,849.2,2602.0,2717.0,2351.0,1652.0,4217.0,1010.0,1528.0,2183.0,4367.0,2264.0,6114.0
2026-02-15,17,4,official_closing,closing_displayed,https://www.boatrace.jp/owpc/pc/race/odds3t?hd=20260215&jcd=17&rno=4,90.9,95.8,373.6,103.6,24.7,245.9,46.6,69.0,562.6,268.8,81.2,508.0,23.1,36.0,377.3,62.9,33.7,237.7,78.0,111.2,741.6,131.9,47.7,168.1,161.8,76.8,253.0,152.0,22.9,340.1,201.2,76.1,274.1,246.5,43.1,557.8,139.4,60.9,196.3,61.9,20.3,287.1,276.9,115.9,408.3,180.2,41.4,178.8,44.5,97.2,651.7,549.8,133.2,987.5,119.3,123.9,469.8,390.2,88.7,891.9,26.5,42.7,415.3,316.7,156.8,891.9,56.1,127.1,741.6,540.6,192.5,724.9,19.5,32.4,391.8,57.2,46.3,346.2,68.4,57.0,272.2,44.2,29.8,334.3,23.6,28.2,401.5,163.7,103.7,711.6,39.8,62.2,536.1,64.3,52.6,161.3,84.1,190.8,1069.0,212.9,107.7,189.7,190.8,216.5,864.1,228.2,75.6,160.0,79.3,206.1,1159.0,399.9,178.0,406.6,59.9,123.6,972.6,121.1,86.3,133.3
2026-02-15,17,5,official_closing,closing_displayed,https://www.boatrace.jp/owpc/pc/race/odds3t?hd=20260215&jcd=17&rno=5,34.1,40.3,12.8,336.0,167.4,1376.0,116.2,188.7,34.6,249.2,97.2,908.7,116.4,128.1,15.8,522.8,352.5,2012.0,222.0,267.0,37.7,588.6,354.5,1485.0,20.8,29.0,12.3,348.5,158.2,1282.0,50.1,47.4,20.3,156.7,77.8,592.3,35.6,27.5,10.1,431.3,276.5,1671.0,83.3,55.8,20.9,477.5,247.6,1337.0,151.0,264.4,60.4,199.3,79.4,821.0,107.3,119.9,38.6,121.5,57.5,541.0,241.2,269.3,58.9,216.1,133.0,874.7,336.6,358.6,96.3,279.3,116.3,714.4,180.8,155.4,28.8,745.7,437.3,2176.0,98.5,62.5,17.5,661.4,337.2,1970.0,399.1,255.7,55.6,483.7,226.9,1386.0,434.3,207.3,39.3,1057.0,525.8,2255.0,583.1,438.3,109.2,1148.0,528.8,1356.0,390.8,182.6,62.2,1006.0,487.4,1291.0,813.8,481.2,156.5,688.2,301.9,917.6,917.6,350.5,72.8,1547.0,926.7,1929.0
2026-02-15,17,6,official_closing,closing_displayed,https://www.boatrace.jp/owpc/pc/race/odds3t?hd=20260215&jcd=17&rno=6,14.1,83.6,45.0,176.4,321.4,708.0,36.1,192.0,21.1,79.4,134.7,174.3,47.8,249.1,21.1,105.8,219.8,510.2,41.7,195.0,18.2,84.3,171.8,556.1,12.8,180.5,129.0,411.0,704.9,1093.0,9.0,416.3,218.3,436.7,815.8,1285.0,11.9,493.0,249.1,487.0,1131.0,2592.0,9.6,374.6,204.4,530.4,883.0,2592.0,55.4,530.4,65.6,132.3,206.3,182.2,22.7,622.9,218.0,391.9,689.7,939.8,40.2,1010.0,86.0,204.7,457.8,471.3,42.4,892.8,67.0,154.3,312.0,558.0,73.1,878.2,71.9,120.5,282.4,618.1,31.3,902.9,220.7,297.6,711.1,2087.0,64.0,1516.0,121.0,160.3,405.8,658.6,58.3,1385.0,89.7,114.3,247.2,648.0,121.0,1100.0,59.2,182.0,300.9,686.8,39.2,1093.0,233.6,503.8,913.1,1709.0,86.5,1746.0,117.6,218.6,370.3,686.8,110.7,2034.0,122.4,179.9,414.2,675.2
2026-02-15,17,7,official_closing,closing_displayed,https://www.boatrace.jp/owpc/pc/race/odds3t?hd=20260215&jcd=17&rno=7,16.9,118.7,109.0,80.7,78.3,302.4,6.9,59.2,124.8,139.8,164.4,620.5,6.8,48.5,138.7,110.6,108.3,334.9,16.1,133.4,236.7,182.1,152.1,385.5,35.2,275.2,199.9,147.9,130.3,403.5,44.2,423.2,327.9,340.8,486.7,998.5,42.7,594.5,328.6,302.4,291.7,782.7,75.1,686.2,515.7,405.6,454.1,1018.0,13.3,164.1,189.2,200.7,455.4,1171.0,35.6,411.0,337.8,328.6,865.3,1342.0,17.3,332.1,362.2,418.7,724.5,1216.0,41.7,463.6,531.6,576.9,1112.0,2022.0,10.8,136.1,278.6,180.2,184.3,426.7,34.2,476.3,462.2,358.9,367.3,815.5,17.1,309.0,522.7,574.7,446.3,1216.0,24.4,474.9,581.2,714.5,638.4,1366.0,36.3,397.3,515.7,358.0,312.7,570.5,81.7,955.6,771.1,774.9,570.5,1096.0,51.5,610.8,786.7,927.2,794.7,1236.0,48.4,798.8,721.1,1112.0,745.3,1469.0
2026-02-15,17,8,official_closing,closing_displayed,https://www.boatrace.jp/owpc/pc/race/odds3t?hd=20260215&jcd=17&rno=8,9.2,49.4,56.8,97.4,1229.0,93.0,14.3,82.1,51.3,84.3,1333.0,88.6,166.7,386.3,254.2,631.1,1625.0,126.5,11.4,59.4,40.2,104.1,1745.0,666.9,10.3,82.4,91.1,194.7,2049.0,145.7,10.6,183.1,181.5,334.2,1683.0,214.2,117.5,537.5,484.2,1724.0,3720.0,303.4,11.8,80.3,109.6,357.9,2396.0,1168.0,14.9,193.6,131.8,192.8,1745.0,122.4,13.1,267.7,256.6,381.1,2280.0,220.2,237.6,1321.0,851.7,1767.0,3073.0,233.7,17.8,273.4,169.5,280.5,1683.0,625.6,323.5,1122.0,740.2,1606.0,3288.0,221.9,367.2,942.5,807.9,3141.0,4158.0,348.2,472.8,1789.0,1273.0,2667.0,3625.0,344.0,541.7,1240.0,625.6,2772.0,2570.0,1208.0,23.1,93.2,65.9,211.0,2317.0,1789.0,20.7,111.4,116.7,385.2,3534.0,1860.0,27.5,208.2,110.6,337.4,1860.0,1536.0,293.9,955.3,447.4,1812.0,3625.0,2175.0
2026-02-15,17,9,official_closing,closing_displayed,https://www.boatrace.jp/owpc/pc/race/odds3t?hd=20260215&jcd=17&rno=9,10.5,54.8,86.0,127.5,135.6,449.6,10.2,61.6,79.0,150.2,115.0,711.3,13.3,60.8,74.0,71.7,86.6,513.1,33.5,93.1,131.6,126.7,151.3,525.1,13.6,126.8,161.1,218.9,257.5,625.2,12.6,265.6,306.2,435.0,519.0,1256.0,13.8,232.1,289.1,332.7,428.1,1075.0,40.5,315.5,422.7,396.5,483.5,1280.0,16.3,172.8,180.6,248.9,230.2,1050.0,20.7,337.7,370.3,550.9,622.4,1659.0,17.9,290.9,212.3,278.9,320.0,1318.0,32.3,290.3,332.7,367.3,564.8,1445.0,28.3,212.3,173.9,90.7,133.9,786.1,24.7,376.5,390.8,242.2,376.5,1139.0,23.1,387.4,287.8,231.3,317.8,1256.0,50.2,349.1,333.5,193.9,273.8,1149.0,96.0,317.8,564.8,262.5,274.9,662.2,129.2,589.6,814.7,574.5,478.4,1075.0,96.9,521.0,768.2,703.8,613.8,1244.0,95.9,600.1,840.2,408.6,478.4,988.5
2026-02-15,17,10,official_closing,closing_displayed,https://www.boatrace.jp/owpc/pc/race/odds3t?hd=20260215&jcd=17&rno=10,24.5,133.6,282.2,79.2,69.8,275.5,10.6,36.7,304.6,169.4,110.5,621.0,9.3,39.6,132.2,45.7,59.7,347.1,37.1,113.8,546.0,106.7,97.4,308.3,35.5,345.8,409.2,135.0,142.6,472.8,35.0,585.9,731.8,417.9,434.4,1388.0,25.9,492.6,599.9,113.4,204.6,1043.0,85.3,702.6,938.1,226.1,281.3,688.9,13.8,69.3,534.4,347.8,280.4,1007.0,30.1,363.6,722.8,828.0,643.7,1663.0,11.0,70.3,532.8,324.8,471.5,1679.0,36.5,191.2,933.2,734.9,496.8,1482.0,13.6,89.0,173.4,51.3,79.1,509.7,27.7,318.3,570.7,90.0,163.1,1013.0,15.9,93.0,243.9,171.5,230.8,1695.0,32.8,199.9,621.0,84.7,132.2,523.3,94.6,349.9,985.3,207.9,205.8,415.0,190.6,711.1,1130.0,392.8,385.1,780.4,104.1,428.0,1377.0,554.6,591.8,1137.0,87.7,426.0,1013.0,154.7,259.3,531.2
2026-02-15,17,11,official_closing,closing_displayed,https://www.boatrace.jp/owpc/pc/race/odds3t?hd=20260215&jcd=17&rno=11,7.4,82.3,135.4,76.7,167.6,576.9,13.9,106.2,99.3,102.4,123.4,605.0,24.0,160.2,145.7,55.3,138.0,614.9,29.9,231.7,204.3,66.7,133.5,668.4,8.2,173.2,238.0,186.5,340.3,809.1,8.7,350.8,475.2,363.5,678.8,1742.0,16.2,686.0,665.0,264.5,580.8,2253.0,20.2,748.9,827.1,320.6,531.2,2233.0,18.1,228.6,289.1,193.4,302.5,907.5,15.0,389.5,645.3,484.0,865.4,2272.0,22.5,589.9,677.1,453.7,656.7,1730.0,25.8,738.3,710.2,321.8,687.8,2587.0,37.3,446.0,445.2,70.2,150.3,742.5,27.8,848.5,854.1,150.2,334.2,1853.0,39.3,816.7,933.4,262.9,436.3,1708.0,47.5,1141.0,953.8,87.2,178.5,926.8,77.4,622.3,583.4,170.6,252.2,829.7,74.8,1093.0,1221.0,356.5,537.7,1965.0,82.9,1664.0,1093.0,461.7,658.3,2160.0,100.6,1742.0,1476.0,195.6,382.6,1053.0
2026-02-15,17,12,official_closing,closing_displayed,https://www.boatrace.jp/owpc/pc/race/odds3t?hd=20260215&jcd=17&rno=12,5.5,12.1,44.7,107.8,412.3,431.6,8.6,20.9,87.8,155.3,623.9,739.6,26.7,45.9,134.1,319.5,614.9,993.1,21.4,34.4,109.0,277.9,531.4,1208.0,10.0,27.2,55.3,172.3,437.0,549.4,19.4,62.8,135.5,287.0,599.2,923.7,53.0,60.9,134.4,538.2,724.4,1347.0,34.7,56.3,118.3,426.4,528.8,1251.0,18.4,73.2,206.1,297.9,707.4,919.7,28.2,99.9,253.6,395.3,739.6,1057.0,72.0,221.0,434.3,786.3,983.8,1719.0,61.4,183.3,409.1,614.9,783.4,1652.0,98.7,118.6,274.0,907.8,1068.0,1614.0,130.8,121.7,276.8,1107.0,1289.0,1521.0,166.2,247.1,532.8,1330.0,1692.0,1995.0,148.9,155.3,324.4,1266.0,1500.0,2053.0,91.6,153.3,238.2,816.7,755.4,1400.0,135.1,159.0,282.7,935.9,783.4,1181.0,198.2,337.9,518.4,1073.0,1297.0,1678.0,231.1,228.4,408.3,1448.0,1373.0,1719.0
2026-02-15,18,1,official_closing,closing_displayed,https://www.boatrace.jp/owpc/pc/race/odds3t?hd=20260215&jcd=18&rno=1,7.3,101.7,91.3,596.0,43.3,2075.0,23.0,218.8,152.4,588.5,33.0,2888.0,8.1,97.9,49.5,502.0,111.7,4377.0,234.2,867.3,611.6,2546.0,194.5,2030.0,7.0,212.0,208.4,1026.0,133.5,4119.0,18.4,872.7,725.7,1945.0,203.7,6090.0,5.1,411.3,319.4,1729.0,519.7,5493.0,180.3,2693.0,2277.0,3891.0,711.0,5603.0,48.7,745.0,447.5,870.0,76.1,4830.0,42.9,1346.0,993.4,2001.0,191.2,6833.0,39.5,1267.0,641.0,1459.0,392.3,4446.0,419.3,3735.0,3183.0,3416.0,650.0,3375.0,9.6,229.0,86.7,741.1,457.7,6515.0,7.0,385.8,242.9,1677.0,996.9,6670.0,23.7,864.6,402.5,1436.0,807.3,6225.0,97.7,2205.0,1022.0,3183.0,1784.0,5188.0,558.0,2642.0,2668.0,4915.0,551.4,2241.0,602.4,4181.0,5387.0,5603.0,1007.0,3891.0,921.5,4748.0,5002.0,6225.0,856.7,3638.0,476.4,4244.0,3012.0,4830.0,1522.0,5960.0
2026-02-15,18,2,official_closing,closing_displayed,https://www.boatrace.jp/owpc/pc/race/odds3t?hd=20260215&jcd=18&rno=2,13.2,199.8,79.5,1947.0,83.8,313.5,149.4,1119.0,315.6,1332.0,34.2,199.9,13.4,186.4,28.3,1031.0,356.6,1237.0,18.6,252.8,44.3,1654.0,41.9,173.2,11.5,407.9,231.6,3076.0,245.6,684.3,98.7,2368.0,1290.0,3502.0,375.3,1159.0,6.0,753.3,302.8,4167.0,1679.0,3020.0,11.0,1097.0,329.1,4509.0,300.0,929.9,347.6,2270.0,833.4,1828.0,64.3,310.5,225.7,3076.0,1714.0,3657.0,223.1,943.2,225.1,3227.0,985.6,2302.0,767.3,2057.0,358.5,3465.0,968.2,3259.0,89.4,303.9,15.5,465.6,46.3,1147.0,954.1,2939.0,8.4,835.5,166.4,2032.0,2110.0,4275.0,130.4,2720.0,513.5,1613.0,1613.0,4448.0,12.2,755.0,57.9,1135.0,951.4,1891.0,36.8,812.8,115.5,2532.0,69.8,181.2,31.4,1412.0,334.5,4014.0,171.9,436.5,343.9,3465.0,896.9,3465.0,89.6,231.0,27.8,1151.0,103.3,1723.0,557.0,916.9
2026-02-15,18,3,official_closing,closing_displayed,https://www.boatrace.jp/owpc/pc/race/odds3t?hd=20260215&jcd=18&rno=3,5.5,76.0,210.4,176.9,53.5,694.5,14.6,125.5,415.0,419.6,96.5,1370.0,5.1,53.6,156.6,142.9,127.9,1327.0,35.3,203.9,528.2,305.8,103.7,744.5,10.8,250.6,384.6,358.0,118.8,1031.0,30.6,791.7,1327.0,1239.0,255.8,3297.0,10.6,365.9,492.7,479.3,403.3,2344.0,58.2,1515.0,1887.0,847.6,336.3,2158.0,28.9,428.0,946.5,893.0,274.7,2055.0,46.8,1154.0,1562.0,1734.0,411.0,3226.0,30.1,633.0,1176.0,1250.0,882.5,3192.0,89.0,1103.0,1807.0,1775.0,726.5,2778.0,9.7,137.4,307.4,172.9,269.5,1523.0,14.5,313.8,490.3,303.7,409.9,1948.0,30.4,581.5,1031.0,721.3,791.7,3530.0,31.2,516.4,946.5,325.8,428.0,1948.0,117.9,702.7,1657.0,635.7,239.8,949.5,174.2,1852.0,3226.0,920.4,412.7,1554.0,208.9,1724.0,2703.0,1923.0,660.9,2256.0,104.9,1245.0,2069.0,697.8,666.8,1911.0
2026-02-15,18,4,official_closing,closing_displayed,https://www.boatrace.jp/owpc/pc/race/odds3t?hd=20260215&jcd=18&rno=4,6.5,101.0,43.1,373.1,1366.0,104.3,18.5,287.4,56.4,298.0,400.6,58.3,64.0,548.1,99.5,692.7,2168.0,240.9,13.0,178.1,28.9,334.3,1511.0,433.7,5.3,198.9,150.7,691.1,2063.0,263.6,10.0,802.3,507.2,1318.0,2413.0,363.6,28.7,1591.0,773.2,2394.0,4604.0,947.0,5.7,496.2,265.7,1385.0,4214.0,1600.0,42.3,824.4,221.3,418.5,422.0,97.5,32.7,1824.0,553.1,1178.0,2394.0,289.4,116.2,2933.0,715.9,1182.0,3520.0,409.9,44.9,1700.0,258.8,505.5,2933.0,740.7,187.9,1930.0,279.6,1142.0,2850.0,550.1,98.2,2473.0,1273.0,2696.0,3937.0,1092.0,250.0,3990.0,1216.0,1870.0,4099.0,755.7,163.6,3562.0,680.1,1813.0,4156.0,1995.0,22.5,447.3,71.1,488.9,2216.0,1295.0,13.9,649.1,205.3,1072.0,2963.0,2877.0,46.7,1519.0,251.6,649.1,3325.0,1813.0,114.9,2184.0,451.3,1583.0,5344.0,2745.0
2026-02-15,18,5,official_closing,closing_displayed,https://www.boatrace.jp/owpc/pc/race/odds3t?hd=20260215&jcd=18&rno=5,20.6,213.1,133.0,46.7,565.5,844.7,15.2,186.9,58.4,30.3,355.4,590.3,60.4,560.8,198.7,47.8,261.5,186.4,70.8,606.2,135.0,23.6,433.2,1167.0,16.8,274.6,258.5,131.9,1392.0,1869.0,7.2,567.1,442.7,266.3,1577.0,2081.0,26.5,1484.0,952.3,378.0,2125.0,1641.0,24.9,1201.0,834.2,251.7,2170.0,3013.0,10.4,252.3,83.3,70.9,664.1,989.6,6.9,532.7,322.0,219.6,2103.0,2294.0,17.4,1302.0,380.2,258.5,1421.0,814.0,9.3,742.2,167.9,114.9,1771.0,2843.0,86.6,1231.0,498.5,96.3,334.8,193.2,58.2,1755.0,1382.0,306.3,1140.0,1046.0,48.4,2243.0,943.4,291.7,939.0,592.0,102.1,3059.0,1167.0,128.5,487.6,1046.0,124.0,1167.0,359.2,51.6,1009.0,1755.0,68.8,1364.0,1127.0,200.6,2622.0,3256.0,38.1,1337.0,419.7,130.6,1869.0,2347.0,146.3,2926.0,1565.0,134.1,1051.0,1442.0
2026-02-15,18,6,official_closing,closing_displayed,https://www.boatrace.jp/owpc/pc/race/odds3t?hd=20260215&jcd=18&rno=6,13.0,37.4,159.0,39.6,116.0,981.2,6.6,13.7,251.3,180.5,393.8,2379.0,9.8,17.8,256.5,50.5,160.0,1231.0,29.7,97.5,588.7,143.7,465.6,1887.0,27.6,90.6,199.1,49.5,131.8,1150.0,39.9,102.5,222.3,168.6,371.1,3618.0,58.8,118.1,240.8,47.1,121.1,1536.0,186.5,455.8,864.0,169.1,534.4,1996.0,13.0,32.1,351.5,345.9,689.2,2801.0,45.5,105.9,293.8,303.6,554.8,3947.0,24.3,34.7,471.9,358.1,1072.0,2144.0,59.5,228.5,1471.0,706.0,938.8,4824.0,30.8,54.8,385.9,53.2,142.7,1564.0,84.8,147.1,331.4,46.8,106.4,1435.0,52.3,59.7,605.1,191.7,426.7,3157.0,161.8,292.3,1240.0,105.4,264.3,1536.0,129.1,547.8,2171.0,292.8,771.9,2144.0,410.5,899.8,1736.0,344.6,782.3,1908.0,171.7,723.6,2592.0,778.8,751.8,4342.0,306.3,800.3,2713.0,337.2,735.9,1809.0
2026-02-15,18,7,official_closing,closing_displayed,https://www.boatrace.jp/owpc/pc/race/odds3t?hd=20260215&jcd=18&rno=7,6.1,33.0,35.4,159.3,279.3,765.7,11.5,55.9,34.7,146.3,213.1,1408.0,11.3,50.9,32.0,149.3,352.7,1763.0,99.7,193.9,321.5,835.3,909.3,1695.0,7.8,69.7,54.8,228.8,437.5,679.3,10.0,153.2,112.4,368.3,565.0,1039.0,10.9,136.0,76.7,308.4,909.3,1212.0,137.0,1009.0,851.6,1572.0,2391.0,1212.0,27.9,164.7,61.3,171.0,294.9,2078.0,22.4,238.1,95.4,269.4,543.9,2645.0,33.6,254.8,63.0,170.6,516.5,4594.0,292.9,1616.0,525.8,1039.0,1274.0,4258.0,35.4,207.8,69.6,199.9,478.3,2862.0,31.1,294.4,111.4,272.3,692.8,4156.0,55.1,448.8,98.8,263.7,674.1,4476.0,325.7,1745.0,552.5,823.5,1745.0,4156.0,355.5,304.7,1302.0,2530.0,2909.0,3714.0,519.6,793.6,1322.0,3357.0,4988.0,4849.0,701.1,1098.0,1256.0,3233.0,4849.0,4476.0,651.4,1141.0,1148.0,2030.0,5819.0,4718.0
2026-02-15,18,8,official_closing,closing_displayed,https://www.boatrace.jp/owpc/pc/race/odds3t?hd=20260215&jcd=18&rno=8,9.3,36.4,104.6,199.0,1674.0,34.1,13.1,38.4,160.8,366.5,1391.0,79.7,156.4,318.9,518.9,861.9,2943.0,72.4,5.6,17.4,86.8,139.1,1839.0,359.5,15.4,122.6,165.0,302.5,2423.0,70.5,27.3,243.7,298.1,605.9,2861.0,191.1,173.9,698.3,1295.0,1716.0,3491.0,158.4,12.5,129.5,172.8,235.7,3322.0,777.3,30.9,132.1,371.1,622.3,1925.0,179.4,46.2,307.4,488.1,754.6,4682.0,281.4,454.7,1125.0,1872.0,2239.0,3745.0,401.5,23.0,127.0,411.1,643.7,3745.0,1346.0,469.2,1514.0,1030.0,2263.0,3218.0,160.6,301.6,2482.0,1839.0,3121.0,5722.0,206.4,899.6,2482.0,3169.0,4905.0,5282.0,487.0,502.4,1872.0,2575.0,2263.0,3961.0,981.0,8.3,43.6,161.3,167.3,2239.0,1391.0,15.8,123.5,212.6,215.0,3433.0,1872.0,20.0,103.1,302.5,476.8,3322.0,2543.0,187.1,768.6,1596.0,945.0,4478.0,2019.0
2026-02-15,18,9,official_closing,closing_displayed,https://www.boatrace.jp/owpc/pc/race/odds3t?hd=20260215&jcd=18&rno=9,6.2,56.9,105.6,49.4,273.4,2071.0,4.6,48.8,112.9,85.1,375.7,4616.0,13.6,104.5,193.9,72.0,267.0,3941.0,251.3,648.9,667.7,602.9,1538.0,3941.0,10.0,173.0,192.8,107.2,516.2,2524.0,9.0,326.4,433.2,335.2,1162.0,4143.0,20.8,714.9,693.5,281.0,1042.0,5984.0,382.9,2244.0,2649.0,1815.0,3512.0,5572.0,7.6,140.0,197.0,187.6,651.5,4896.0,11.3,378.4,362.3,381.1,1179.0,3941.0,14.9,461.6,453.9,468.3,1405.0,4752.0,253.2,1946.0,1599.0,1510.0,2786.0,4752.0,39.0,452.6,446.3,123.7,318.7,4488.0,54.0,765.8,776.8,216.8,670.4,7025.0,43.7,612.0,792.1,374.0,1091.0,2992.0,563.0,3672.0,2154.0,699.5,2045.0,3672.0,687.6,2341.0,1683.0,1857.0,2834.0,5572.0,1056.0,1756.0,1442.0,3168.0,3941.0,4488.0,1146.0,1836.0,4252.0,3757.0,3757.0,4896.0,1524.0,5984.0,3941.0,2244.0,3590.0,4896.0
2026-02-15,18,10,official_closing,closing_displayed,https://www.boatrace.jp/owpc/pc/race/odds3t?hd=20260215&jcd=18&rno=10,7.2,43.4,42.3,212.3,162.6,1030.0,10.5,59.2,34.1,173.5,139.0,775.3,16.2,74.8,38.2,224.6,273.5,1456.0,50.2,182.8,76.9,347.0,265.0,1179.0,8.3,92.4,86.4,354.6,269.0,1411.0,9.3,156.7,127.6,378.6,409.1,1759.0,12.6,188.0,151.4,511.6,686.8,1844.0,31.1,364.2,293.6,981.6,695.2,2629.0,22.3,192.8,81.4,226.9,235.3,791.4,22.0,256.1,138.5,339.3,486.6,1485.0,41.8,348.6,95.7,301.3,527.0,1078.0,73.8,573.2,151.3,407.7,495.0,1137.0,38.4,235.3,73.4,423.5,486.6,2006.0,31.5,336.3,188.8,529.4,794.1,2333.0,59.8,528.2,154.1,481.5,653.5,1514.0,60.0,618.1,106.1,521.0,777.9,1577.0,170.4,811.0,127.6,904.0,521.0,1292.0,127.7,990.1,533.1,1270.0,791.4,1938.0,182.8,1058.0,339.8,922.2,616.5,1394.0,184.3,1115.0,355.1,941.2,900.5,1719.0
2026-02-15,18,11,official_closing,closing_displayed,https://www.boatrace.jp/owpc/pc/race/odds3t?hd=20260215&jcd=18&rno=11,5.4,20.2,62.2,80.7,362.0,1114.0,6.0,22.5,66.2,112.5,403.7,1376.0,16.8,52.9,115.8,158.0,453.0,2168.0,43.1,108.7,231.6,287.6,785.5,2693.0,9.3,63.3,105.6,142.7,606.6,1476.0,11.7,104.3,199.4,262.9,1099.0,2312.0,22.3,192.6,341.3,356.7,988.2,2426.0,56.3,359.8,618.9,756.4,2112.0,3890.0,11.3,73.4,211.2,293.5,669.6,1678.0,18.2,133.6,245.0,362.0,1134.0,2607.0,28.1,195.6,362.0,576.6,1346.0,3501.0,63.0,381.7,754.1,957.3,2131.0,4084.0,56.0,301.8,405.7,305.2,620.4,2693.0,63.3,492.1,628.4,424.0,869.1,2607.0,71.6,436.8,694.3,566.0,1167.0,4154.0,167.2,1056.0,1029.0,480.5,976.4,2526.0,163.6,658.8,878.4,775.5,2042.0,3404.0,192.9,811.5,1195.0,1051.0,3404.0,4901.0,212.7,1084.0,1656.0,1441.0,3142.0,4299.0,322.9,1561.0,1856.0,875.3,1571.0,2635.0
2026-02-15,18,12,official_closing,closing_displayed,https://www.boatrace.jp/owpc/pc/race/odds3t?hd=20260215&jcd=18&rno=12,6.4,56.1,119.7,76.8,120.0,1556.0,6.6,61.0,84.3,89.0,145.6,1839.0,12.2,99.8,108.5,70.0,122.6,1602.0,58.0,268.4,332.8,198.7,269.6,1905.0,11.0,190.3,248.8,189.7,294.2,2305.0,9.1,359.0,404.1,356.6,623.4,3931.0,14.1,492.6,515.1,314.8,523.0,4103.0,55.5,1163.0,1236.0,663.3,824.4,3850.0,14.0,207.2,175.0,183.0,373.8,2648.0,14.6,393.9,386.5,381.8,796.2,4015.0,18.4,469.7,344.1,416.8,715.4,3219.0,63.1,1049.0,858.5,806.5,1261.0,4787.0,25.6,336.7,299.4,116.5,195.7,2171.0,28.7,600.4,584.4,211.4,425.8,4610.0,33.5,655.1,497.9,335.8,540.4,3625.0,86.4,1145.0,926.6,252.1,506.7,2807.0,240.9,1543.0,1338.0,511.5,884.9,2895.0,244.7,2277.0,2319.0,940.6,1569.0,4913.0,220.9,2611.0,1720.0,1163.0,1895.0,5573.0,251.3,2393.0,2074.0,649.4,1212.0,2745.0
2026-02-15,20,1,official_closing,closing_displayed,https://www.boatrace.jp/owpc/pc/race/odds3t?hd=20260215&jcd=20&rno=1,12.2,71.4,59.6,131.0,139.6,458.7,15.9,87.1,39.0,95.3,110.0,414.7,22.4,100.1,53.5,100.0,146.0,458.7,39.3,142.4,70.1,103.3,135.5,736.8,11.5,168.9,134.9,304.0,327.5,743.1,9.1,232.8,154.2,490.8,519.3,1005.0,12.4,343.2,175.7,486.2,634.0,1009.0,22.0,409.2,238.5,464.6,635.3,1599.0,20.9,269.5,85.4,156.7,213.0,579.8,14.3,378.6,164.2,388.6,440.1,1158.0,23.0,452.0,109.0,258.5,359.2,693.0,28.4,479.8,116.7,226.6,378.1,1375.0,30.8,310.1,109.7,165.6,299.0,681.5,23.8,568.0,189.7,317.4,678.5,1162.0,41.6,603.6,148.2,297.7,481.3,855.2,56.3,713.0,179.6,182.4,421.8,1240.0,97.3,637.9,216.6,223.9,553.8,1222.0,74.0,980.1,398.9,500.0,1145.0,1660.0,80.6,935.6,240.4,355.5,798.8,1682.0,122.4,1158.0,361.5,316.5,753.9,1308.0
2026-02-15,20,2,official_closing,closing_displayed,https://www.boatrace.jp/owpc/pc/race/odds3t?hd=20260215&jcd=20&rno=2,8.1,24.9,36.2,177.6,364.5,497.3,13.2,40.8,46.4,189.5,360.5,495.2,17.9,55.0,66.1,207.3,480.9,686.6,18.6,49.9,54.7,161.9,398.7,1101.0,9.6,47.0,61.9,281.5,615.5,641.5,13.2,84.2,107.6,365.5,805.5,740.9,18.8,114.6,137.0,454.4,1103.0,1185.0,16.9,85.2,101.3,318.6,834.0,1794.0,26.9,128.1,117.1,301.6,653.8,563.3,28.4,154.4,144.5,386.8,976.9,756.5,44.9,222.3,187.6,496.6,1312.0,1022.0,33.3,168.7,126.1,314.5,898.6,1594.0,49.9,258.5,218.9,331.6,741.7,913.0,51.6,313.1,263.0,462.3,1145.0,1204.0,87.5,442.0,297.2,560.1,1199.0,1126.0,65.9,303.5,223.4,287.3,691.4,1362.0,78.3,239.7,221.9,350.1,1008.0,1709.0,79.5,294.3,271.5,447.5,1290.0,2164.0,108.7,380.1,279.4,525.2,1195.0,1883.0,136.6,563.3,363.1,440.9,1159.0,1486.0
2026-02-15,20,3,official_closing,closing_displayed,https://www.boatrace.jp/owpc/pc/race/odds3t?hd=20260215&jcd=20&rno=3,13.4,43.2,46.7,110.5,219.9,478.2,17.6,52.3,35.4,99.0,212.6,556.9,29.7,76.6,49.0,120.1,285.5,732.9,29.0,64.4,47.5,124.9,216.5,770.8,12.7,82.8,93.2,187.3,348.9,651.2,10.3,110.7,109.8,232.6,438.3,942.8,17.1,153.7,133.3,275.1,612.0,994.1,18.4,111.2,104.6,251.0,442.0,1257.0,22.1,127.6,65.4,142.8,330.9,691.3,17.2,160.9,98.2,209.9,505.3,1045.0,29.0,215.1,79.7,197.6,549.0,1063.0,31.4,171.5,82.6,181.7,514.6,1335.0,52.5,231.8,116.7,195.1,436.2,967.8,41.5,297.0,168.0,279.6,642.6,1102.0,64.0,355.7,135.6,267.4,624.5,1293.0,59.5,264.8,131.4,187.0,405.2,897.7,96.0,230.8,203.2,304.9,404.8,911.1,78.6,312.1,284.6,376.6,566.0,1180.0,109.4,342.1,217.6,352.3,658.9,1328.0,127.3,430.3,273.7,319.0,491.7,859.6
2026-02-15,20,4,official_closing,closing_displayed,https://www.boatrace.jp/owpc/pc/race/odds3t?hd=20260215&jcd=20&rno=4,7.9,49.8,36.1,187.1,123.5,954.1,16.1,78.2,35.5,176.9,98.0,842.3,16.4,74.0,26.3,198.3,212.2,1440.0,32.1,127.3,49.2,241.0,170.2,1548.0,8.9,93.8,90.2,354.9,333.5,1066.0,11.3,230.2,219.8,482.3,393.6,1623.0,9.1,174.7,150.1,544.8,907.3,2103.0,20.3,343.4,278.5,788.4,718.8,2544.0,27.5,259.0,138.6,318.4,218.9,799.5,23.4,364.5,270.1,522.8,383.0,1634.0,36.1,512.7,186.4,422.5,577.9,2171.0,44.0,730.8,268.8,528.8,537.2,2184.0,28.4,287.6,101.7,335.9,534.1,1823.0,22.0,328.9,191.3,444.4,969.0,3350.0,51.9,671.2,238.4,482.9,824.4,3072.0,52.2,773.6,240.0,464.7,886.6,3411.0,102.9,637.7,335.1,671.8,759.3,2127.0,92.2,916.3,667.0,1246.0,1308.0,3629.0,135.5,1261.0,739.6,1051.0,1056.0,2949.0,142.6,1215.0,603.9,1041.0,1501.0,3508.0
2026-02-15,20,5,official_closing,closing_displayed,https://www.boatrace.jp/owpc/pc/race/odds3t?hd=20260215&jcd=20&rno=5,13.2,82.4,42.5,116.9,470.4,1612.0,22.2,99.7,14.6,49.5,284.5,755.2,48.9,194.8,30.7,99.9,363.4,1246.0,63.9,262.9,44.7,137.6,651.5,2136.0,10.4,124.7,98.0,239.7,830.7,2107.0,7.1,109.4,80.4,196.6,805.0,1993.0,16.6,211.5,156.9,409.7,1244.0,2615.0,23.1,280.4,189.7,489.5,1432.0,3669.0,22.8,187.0,23.4,57.8,348.3,739.6,12.2,155.0,58.3,129.3,645.4,1980.0,30.9,331.8,34.5,84.4,399.9,915.4,46.4,459.2,49.7,98.4,722.0,2358.0,88.9,597.5,103.6,241.1,546.3,1426.0,57.8,547.4,193.9,400.0,1110.0,2272.0,82.3,747.6,97.2,217.0,537.5,984.8,155.0,1257.0,189.0,321.7,967.9,2583.0,202.9,1077.0,213.1,398.7,1654.0,3028.0,124.6,1092.0,411.1,668.3,2358.0,3792.0,189.8,1251.0,185.0,311.0,1670.0,2754.0,312.0,1730.0,338.7,543.2,1718.0,3088.0
2026-02-15,20,6,official_closing,closing_displayed,https://www.boatrace.jp/owpc/pc/race/odds3t?hd=20260215&jcd=20&rno=6,14.6,30.3,26.9,144.4,366.2,1057.0,22.8,40.5,23.5,117.5,310.7,494.0,39.5,66.4,35.3,180.0,479.2,1244.0,79.3,98.2,44.8,240.8,686.9,1679.0,13.4,40.9,40.0,188.8,562.6,1057.0,13.8,31.0,22.8,111.4,427.2,519.6,21.7,57.3,48.7,234.3,657.9,648.8,30.8,65.6,41.5,241.9,931.5,1857.0,37.8,88.3,38.7,118.8,361.2,442.9,31.2,55.9,30.8,90.2,365.5,491.1,65.8,128.1,42.6,136.9,438.6,479.2,90.3,123.3,46.6,136.7,682.4,1285.0,92.1,236.1,100.1,301.2,703.7,1341.0,80.8,180.3,94.3,301.2,696.0,791.5,130.4,262.0,89.7,260.4,634.1,607.3,188.0,316.6,127.9,350.6,990.0,1649.0,251.7,371.1,140.8,520.2,1546.0,2174.0,166.7,237.5,128.4,417.8,1640.0,2457.0,280.2,295.7,119.9,337.3,1402.0,1836.0,346.8,485.4,195.0,594.1,1700.0,1992.0
2026-02-15,20,7,official_closing,closing_displayed,https://www.boatrace.jp/owpc/pc/race/odds3t?hd=20260215&jcd=20&rno=7,8.5,45.6,76.1,130.7,268.9,155.5,14.8,63.9,76.9,206.3,420.5,197.7,15.8,57.4,84.3,136.8,421.5,268.0,12.2,47.3,59.2,115.6,298.7,292.4,11.3,119.8,165.9,266.4,442.5,262.9,17.7,306.9,226.4,578.5,860.7,538.5,19.3,245.0,217.5,355.5,870.7,704.2,13.3,174.9,176.2,335.0,585.5,575.5,23.3,202.5,223.0,453.1,879.5,351.3,32.1,415.3,300.8,704.2,1146.0,644.9,31.5,336.6,334.5,748.7,1687.0,1060.0,24.3,310.5,285.7,534.2,1229.0,1172.0,39.7,236.1,321.6,218.0,592.4,505.6,54.3,427.0,383.4,295.4,727.1,696.9,63.2,470.4,514.4,546.8,1219.0,1219.0,43.8,288.9,421.9,216.5,565.2,747.4,28.7,156.5,189.0,196.6,573.8,727.6,36.9,284.0,264.8,279.3,689.8,731.5,50.3,417.4,396.5,496.5,1266.0,1331.0,50.7,320.4,420.3,257.1,809.4,913.4
2026-02-15,20,8,official_closing,closing_displayed,https://www.boatrace.jp/owpc/pc/race/odds3t?hd=20260215&jcd=20&rno=8,7.9,30.5,44.2,173.7,136.4,1441.0,13.0,44.6,39.1,119.5,113.8,887.8,17.5,52.2,50.0,182.2,200.7,1763.0,48.7,132.4,103.3,294.4,241.0,1812.0,9.1,71.6,88.1,360.7,290.1,2151.0,8.3,123.7,153.7,404.3,361.3,2701.0,12.5,157.8,177.0,587.3,603.8,3701.0,30.7,337.3,372.9,968.5,745.8,3820.0,21.6,157.2,101.0,217.8,236.5,922.2,16.0,189.1,195.1,446.6,418.1,2794.0,28.8,319.0,190.0,486.4,523.3,2600.0,52.7,518.3,331.5,706.8,726.4,3135.0,26.8,201.7,148.8,343.4,485.5,2240.0,22.5,269.8,255.2,519.8,742.0,3457.0,44.8,450.0,276.6,482.1,595.9,2818.0,68.7,756.6,434.2,582.6,842.7,3012.0,187.2,834.6,478.2,953.7,924.8,2730.0,130.8,1161.0,1034.0,1511.0,1563.0,3485.0,232.5,1552.0,969.2,1224.0,1395.0,3394.0,232.1,1467.0,1095.0,1227.0,1617.0,3476.0
2026-02-15,20,9,official_closing,closing_displayed,https://www.boatrace.jp/owpc/pc/race/odds3t?hd=20260215&jcd=20&rno=9,12.7,62.9,90.2,104.1,188.5,402.9,8.5,49.8,58.2,113.2,231.3,390.5,18.7,76.1,91.8,106.5,204.3,400.6,27.9,101.1,96.1,116.0,248.7,494.4,14.2,197.1,255.4,223.5,404.0,708.6,8.0,310.5,371.0,565.0,936.7,1438.0,17.7,450.6,496.3,445.4,831.1,1241.0,21.7,591.6,623.9,513.0,728.6,1235.0,12.6,156.2,152.3,252.8,597.2,588.3,12.2,387.7,378.0,691.4,1253.0,1712.0,17.4,382.4,357.4,539.8,1393.0,1269.0,20.8,451.6,321.7,555.9,1216.0,1547.0,38.7,292.4,331.0,209.3,359.9,618.4,39.8,592.3,672.0,363.2,648.6,1164.0,39.0,523.2,597.9,519.7,1024.0,1262.0,67.8,593.6,729.3,309.9,522.4,901.0,64.5,504.8,350.4,272.9,600.5,796.0,59.0,980.9,904.5,485.5,878.8,1177.0,56.8,843.7,576.4,579.8,1163.0,1495.0,80.6,948.8,876.0,382.8,965.9,1092.0
2026-02-15,20,10,official_closing,closing_displayed,https://www.boatrace.jp/owpc/pc/race/odds3t?hd=20260215&jcd=20&rno=10,15.5,132.8,184.8,51.4,328.8,515.4,13.2,104.4,98.9,55.1,358.1,479.7,33.4,217.2,168.0,44.0,239.0,312.2,27.2,176.3,143.2,33.0,276.6,709.0,18.5,375.9,431.5,139.2,671.1,789.5,9.2,541.3,786.5,279.0,1550.0,1892.0,23.3,1093.0,1157.0,231.8,1211.0,1299.0,16.6,873.4,1108.0,196.9,1084.0,2066.0,12.3,221.1,208.9,166.0,713.7,702.6,8.9,456.1,659.6,374.2,2365.0,2358.0,18.7,576.9,601.1,325.2,1919.0,1191.0,10.2,426.0,375.8,230.4,1928.0,2515.0,59.4,829.1,580.5,74.9,258.9,330.8,51.9,1593.0,1653.0,173.1,552.0,945.8,45.6,1279.0,1320.0,253.6,909.2,911.2,53.8,1312.0,1346.0,76.6,291.6,692.1,59.3,671.4,497.6,68.4,572.5,1064.0,48.2,1349.0,1644.0,154.9,1187.0,1987.0,34.1,925.8,789.9,190.7,1529.0,2163.0,87.5,1535.0,1626.0,100.6,608.4,925.8
2026-02-15,20,11,official_closing,closing_displayed,https://www.boatrace.jp/owpc/pc/race/odds3t?hd=20260215&jcd=20&rno=11,13.6,85.0,102.5,246.5,214.2,49.4,20.4,125.6,114.2,311.7,270.2,62.3,20.4,105.8,112.1,212.3,319.1,105.4,11.6,56.8,61.7,155.6,147.9,79.8,15.9,202.9,243.9,472.2,375.5,89.7,19.8,537.5,505.7,874.3,895.2,175.2,20.1,609.0,512.3,690.1,911.2,244.4,11.7,263.1,253.4,433.9,392.6,207.7,30.5,386.1,298.8,530.3,627.1,127.2,30.1,787.2,525.9,965.6,1235.0,236.2,38.1,852.2,447.6,798.8,1181.0,332.7,23.7,401.4,250.9,458.3,660.6,356.7,33.7,310.4,331.2,327.3,554.8,246.7,38.2,860.5,665.3,559.2,919.2,372.5,61.4,952.4,601.6,681.7,1063.0,430.6,27.7,333.2,315.0,234.2,384.3,368.9,18.1,119.4,122.1,205.3,208.2,178.1,20.6,260.6,243.8,315.5,352.5,312.9,37.2,378.5,262.5,382.2,470.1,409.4,30.4,310.1,259.6,226.8,393.0,381.3
2026-02-15,20,12,official_closing,closing_displayed,https://www.boatrace.jp/owpc/pc/race/odds3t?hd=20260215&jcd=20&rno=12,7.0,46.6,80.2,70.5,234.3,907.3,6.8,39.8,74.2,126.2,298.1,1411.0,9.3,59.7,84.1,123.2,348.1,1018.0,23.1,110.1,156.7,165.6,467.5,1731.0,11.4,192.5,237.3,133.0,488.5,1185.0,14.2,315.3,401.4,357.2,904.9,2763.0,17.4,462.1,533.9,334.8,833.3,1584.0,35.7,759.8,818.3,420.9,1230.0,2724.0,11.8,113.9,210.2,295.8,696.1,1722.0,18.8,312.3,378.2,500.6,1120.0,3311.0,23.7,300.4,414.1,614.1,1364.0,2663.0,36.0,372.3,545.3,698.3,1717.0,3557.0,24.9,314.5,366.8,257.0,619.2,1260.0,34.8,661.5,633.0,369.0,873.8,1642.0,46.1,536.3,676.7,541.1,1250.0,2707.0,71.8,862.2,882.7,361.3,978.5,2027.0,90.3,634.8,836.5,464.5,1215.0,2476.0,138.3,1461.0,1614.0,641.0,1627.0,3168.0,121.7,873.1,1269.0,892.3,1930.0,3289.0,149.1,1435.0,1562.0,637.2,1324.0,2153.0
2026-02-15,21,1,official_closing,closing_displayed,https://www.boatrace.jp/owpc/pc/race/odds3t?hd=20260215&jcd=21&rno=1,15.4,180.5,119.5,111.3,283.2,1322.0,17.2,200.1,49.0,65.1,160.3,931.4,29.7,304.5,65.4,56.2,141.2,920.6,78.9,585.2,174.3,147.5,294.0,957.4,12.4,398.9,313.3,279.6,659.4,2370.0,5.5,741.0,477.7,529.5,1273.0,3740.0,9.6,1036.0,648.7,571.2,1322.0,3799.0,29.4,1515.0,1083.0,977.0,1202.0,3191.0,14.7,419.2,89.3,123.8,249.6,1515.0,7.2,790.0,337.6,468.4,1005.0,3469.0,10.2,1022.0,168.2,234.4,493.5,1786.0,33.3,1450.0,355.1,430.5,803.2,2176.0,46.1,718.8,149.1,96.7,197.3,1253.0,24.1,1399.0,459.4,375.7,834.0,3572.0,28.3,1617.0,256.5,228.4,469.3,2028.0,62.4,1722.0,482.6,248.8,515.8,2099.0,202.8,1459.0,633.2,397.6,588.1,1185.0,137.3,1899.0,1709.0,1233.0,1286.0,2992.0,131.0,2442.0,1018.0,886.5,1113.0,2258.0,163.1,2493.0,1150.0,526.0,1027.0,2045.0
2026-02-15,21,2,official_closing,closing_displayed,https://www.boatrace.jp/owpc/pc/race/odds3t?hd=20260215&jcd=21&rno=2,6.1,32.7,15.4,71.9,2290.0,2995.0,11.0,54.8,15.4,55.3,1780.0,2257.0,117.2,456.1,163.5,347.7,2472.0,4210.0,235.3,1028.0,289.2,717.9,4451.0,7789.0,5.2,50.8,32.6,139.2,3423.0,5878.0,4.5,90.3,52.0,160.8,2492.0,5107.0,64.8,681.7,464.3,824.2,3461.0,7599.0,133.8,1455.0,927.3,1693.0,5563.0,7599.0,14.3,128.5,35.9,84.8,2105.0,2685.0,9.9,146.4,59.7,133.6,2618.0,5192.0,112.2,1008.0,292.0,639.7,3423.0,3994.0,195.8,1832.0,540.9,1128.0,6358.0,6629.0,467.1,1760.0,733.1,828.6,3054.0,4720.0,321.8,1639.0,941.3,1469.0,4154.0,6231.0,486.0,2396.0,1112.0,1342.0,4099.0,5563.0,1021.0,4099.0,1801.0,2225.0,6491.0,7245.0,880.1,3212.0,1589.0,2757.0,7989.0,8902.0,638.4,2806.0,2194.0,3423.0,7599.0,9163.0,846.6,4154.0,2077.0,2360.0,8902.0,9999.0,1342.0,5769.0,2663.0,3386.0,7599.0,8199.0
2026-02-15,21,3,official_closing,closing_displayed,https://www.boatrace.jp/owpc/pc/race/odds3t?hd=20260215&jcd=21&rno=3,15.9,127.8,16.8,267.9,206.2,1169.0,43.9,317.8,9.7,101.8,90.3,709.1,68.7,450.7,14.9,208.6,251.4,1541.0,127.8,688.0,31.6,287.7,227.7,1503.0,7.1,180.0,90.1,521.1,399.3,2088.0,5.6,512.2,185.2,705.8,496.9,3006.0,9.9,837.5,211.1,1197.0,900.2,4295.0,20.7,1202.0,353.7,1268.0,694.4,3579.0,49.2,742.4,28.3,99.8,109.8,721.0,19.3,844.6,94.8,380.1,341.6,2637.0,62.0,1718.0,58.6,274.3,278.1,1689.0,87.8,2312.0,83.1,319.5,300.0,1891.0,98.5,969.9,47.7,291.9,407.9,1438.0,37.1,1418.0,158.5,785.0,780.9,4063.0,96.7,2277.0,101.6,344.0,425.2,1800.0,169.3,2708.0,166.2,554.7,629.0,2758.0,239.0,1670.0,180.3,435.7,373.5,1779.0,131.3,2147.0,586.1,1055.0,623.8,2614.0,260.5,3198.0,315.5,611.1,396.1,1758.0,345.2,3416.0,382.0,832.9,684.9,2484.0
2026-02-15,21,4,official_closing,closing_displayed,https://www.boatrace.jp/owpc/pc/race/odds3t?hd=20260215&jcd=21&rno=4,5.2,56.8,185.7,336.3,254.2,18.8,9.5,99.6,393.4,573.3,611.8,42.2,16.3,111.2,451.3,444.6,700.0,70.4,7.8,51.0,271.1,298.6,264.2,72.3,12.9,156.7,252.1,472.5,370.7,30.7,31.2,455.4,855.1,1223.0,1171.0,73.0,51.9,727.1,1127.0,1291.0,1543.0,114.3,24.9,391.9,703.3,850.3,586.7,135.9,29.3,327.1,903.9,993.4,1331.0,118.1,51.8,645.9,1194.0,1700.0,2213.0,156.0,75.4,1000.0,2119.0,2508.0,3040.0,332.9,42.9,582.2,1663.0,1802.0,2213.0,392.9,49.5,382.4,983.7,576.6,1048.0,173.2,85.4,1114.0,1700.0,1199.0,1601.0,258.8,120.0,1380.0,2640.0,2213.0,2894.0,434.3,63.6,708.2,1653.0,674.9,1131.0,448.6,15.0,101.9,456.7,429.4,304.6,149.9,32.7,289.4,739.6,809.1,459.5,232.0,51.2,438.1,1584.0,1609.0,983.7,433.1,62.3,495.9,1520.0,993.4,1119.0,454.0
2026-02-15,21,6,official_closing,closing_displayed,https://www.boatrace.jp/owpc/pc/race/odds3t?hd=20260215&jcd=21&rno=6,14.4,49.5,61.2,37.5,62.8,3702.0,10.2,33.0,36.4,45.1,55.2,5553.0,35.3,87.8,67.6,48.6,59.1,5261.0,321.4,694.2,716.6,388.9,501.0,5403.0,18.5,99.7,104.5,50.9,76.9,4080.0,14.4,81.1,88.2,57.4,83.4,6449.0,35.0,149.5,148.8,53.0,67.7,3570.0,366.8,1176.0,1116.0,452.3,566.3,4998.0,14.1,47.5,53.0,57.7,77.6,6449.0,17.2,66.4,75.4,71.5,84.9,6894.0,28.6,64.2,55.4,56.1,66.6,4165.0,297.5,546.2,737.7,751.6,802.9,5553.0,72.4,174.6,114.8,61.8,74.9,4346.0,60.3,198.5,142.9,52.6,68.8,4165.0,65.7,128.9,88.8,59.1,66.3,4165.0,558.4,1030.0,1265.0,365.5,507.4,4876.0,1020.0,2324.0,2173.0,1369.0,1142.0,4876.0,1190.0,1979.0,2897.0,1176.0,1234.0,5261.0,1492.0,2596.0,2352.0,1723.0,1332.0,6894.0,1086.0,2468.0,3124.0,1162.0,1273.0,4760.0
2026-02-15,21,7,official_closing,closing_displayed,https://www.boatrace.jp/owpc/pc/race/odds3t?hd=20260215&jcd=21&rno=7,9.0,22.3,72.8,29.4,217.9,1982.0,7.2,17.9,100.8,64.5,329.1,3515.0,16.9,31.6,142.5,46.3,201.8,4050.0,249.7,451.1,1122.0,481.4,1400.0,5645.0,18.2,52.5,90.8,42.1,244.8,2388.0,23.3,47.2,90.5,70.4,352.8,4332.0,47.4,73.5,119.2,43.0,195.9,4544.0,369.6,900.0,980.5,532.3,1741.0,4332.0,12.1,32.6,135.4,123.4,521.8,5323.0,23.3,47.9,110.7,110.1,446.7,6010.0,22.4,43.9,141.4,141.8,494.1,5035.0,316.3,599.0,975.4,975.4,2419.0,6210.0,47.0,110.6,246.7,52.9,175.9,3726.0,76.0,140.2,236.1,45.4,140.0,4436.0,54.2,96.6,251.4,104.6,289.3,4777.0,393.0,1455.0,1606.0,341.8,1001.0,3881.0,858.5,1940.0,3327.0,1539.0,2780.0,6010.0,1620.0,1920.0,2419.0,1122.0,4140.0,5323.0,1648.0,1725.0,3054.0,2300.0,4902.0,7452.0,719.3,2300.0,4050.0,820.7,2624.0,4332.0
2026-02-15,21,8,official_closing,closing_displayed,https://www.boatrace.jp/owpc/pc/race/odds3t?hd=20260215&jcd=21&rno=8,14.9,26.7,83.1,16.3,756.1,1470.0,8.1,14.6,61.5,32.2,1187.0,2129.0,68.3,103.3,278.1,64.5,681.1,1458.0,108.8,153.3,335.0,68.7,1403.0,2724.0,21.7,65.2,119.9,21.5,990.7,1731.0,17.2,43.5,75.5,32.7,1251.0,2573.0,104.3,251.0,340.5,75.7,853.7,1372.0,155.4,290.3,467.8,93.4,1699.0,2988.0,7.6,21.0,70.1,63.8,1625.0,2684.0,14.4,29.6,63.1,48.0,1625.0,3250.0,43.6,119.3,225.6,145.3,1781.0,2470.0,50.4,135.7,261.3,207.6,2470.0,5007.0,212.4,504.8,621.6,115.9,621.6,1268.0,266.9,566.5,628.0,115.0,549.7,1012.0,164.2,385.1,521.8,236.9,1017.0,2013.0,494.0,1040.0,1187.0,152.1,950.0,2988.0,388.3,654.6,985.4,174.6,2058.0,3632.0,511.7,661.6,1029.0,177.6,2315.0,4411.0,245.3,462.0,778.4,318.3,2287.0,3780.0,723.6,1304.0,1699.0,245.3,2154.0,3705.0
2026-02-15,21,10,official_closing,closing_displayed,https://www.boatrace.jp/owpc/pc/race/odds3t?hd=20260215&jcd=21&rno=10,8.0,29.0,108.1,53.4,198.1,1007.0,5.8,20.4,135.3,138.6,355.3,1841.0,14.5,37.9,190.6,66.6,192.0,1358.0,46.7,103.1,367.9,138.0,364.7,1950.0,16.7,95.6,172.3,71.6,256.8,1094.0,15.8,119.3,205.2,122.0,239.2,2420.0,29.8,136.0,265.6,55.6,181.1,1036.0,85.6,443.2,633.9,153.7,494.8,1821.0,14.5,52.2,234.3,262.5,716.0,1997.0,26.7,101.4,228.6,183.1,294.4,2833.0,27.2,69.8,287.5,198.5,344.6,3041.0,65.1,144.7,585.7,464.3,1422.0,3725.0,38.8,156.2,414.4,84.1,225.2,1310.0,60.9,188.2,354.5,60.7,151.6,1066.0,54.7,122.0,415.9,163.8,274.4,2286.0,123.5,331.5,714.5,116.2,295.7,1336.0,176.5,484.7,1108.0,271.0,893.6,2402.0,289.3,898.5,1447.0,264.3,841.4,2021.0,218.5,378.9,1305.0,637.5,1682.0,3315.0,248.5,470.9,1480.0,270.8,910.8,1549.0
2026-02-15,21,12,official_closing,closing_displayed,https://www.boatrace.jp/owpc/pc/race/odds3t?hd=20260215&jcd=21&rno=12,9.5,48.6,55.1,190.6,89.5,348.5,14.9,73.0,55.0,174.3,117.8,396.8,13.3,76.9,79.3,227.5,173.1,506.6,29.5,109.5,79.0,240.3,189.7,379.3,13.0,69.1,76.6,279.6,166.2,553.0,16.1,91.3,94.8,330.0,202.0,786.6,16.7,152.3,180.5,539.6,272.6,841.4,32.6,123.6,136.7,443.2,379.6,897.2,34.1,165.7,64.5,166.3,269.0,482.0,34.1,158.5,96.9,267.7,275.9,818.3,44.9,293.5,119.9,315.5,390.9,583.3,49.4,218.7,71.0,200.1,535.1,923.1,15.1,157.2,170.0,401.8,450.4,707.0,18.7,178.2,223.9,655.1,503.7,973.4,31.7,240.8,224.3,609.5,610.4,650.4,40.1,332.2,243.2,595.7,778.4,1074.0,78.6,327.8,156.1,363.5,526.2,638.3,89.9,335.2,207.0,436.7,693.8,1004.0,100.3,354.3,143.8,348.2,884.8,1027.0,87.3,500.3,253.1,565.6,928.9,1163.0
2026-02-15,23,1,official_closing,closing_displayed,https://www.boatrace.jp/owpc/pc/race/odds3t?hd=20260215&jcd=23&rno=1,8.9,55.3,180.7,49.1,161.4,319.9,5.9,30.1,274.0,214.6,483.7,1141.0,7.4,31.3,274.5,68.8,262.3,596.4,8.2,37.7,353.0,74.3,233.7,666.3,22.5,243.5,324.0,88.2,232.8,441.9,43.2,541.7,679.5,494.6,872.6,1775.0,45.1,565.6,694.9,179.1,551.4,950.9,78.4,607.0,771.7,168.4,432.6,1041.0,13.3,93.5,669.2,601.1,887.7,1907.0,48.6,491.4,892.9,975.1,1329.0,2477.0,28.2,217.3,1044.0,1141.0,2061.0,2767.0,32.4,209.6,1108.0,1129.0,1483.0,2767.0,23.8,127.5,602.2,110.5,349.4,727.8,72.0,509.4,953.9,156.7,474.7,850.8,58.4,295.9,1455.0,556.4,1551.0,2399.0,57.2,262.7,1248.0,141.1,423.6,1044.0,38.5,167.9,1359.0,176.6,455.7,975.1,164.2,706.1,1651.0,229.0,579.5,1199.0,89.6,349.8,2075.0,830.1,1209.0,2517.0,105.0,408.4,2034.0,238.4,638.6,1172.0
2026-02-15,23,2,official_closing,closing_displayed,https://www.boatrace.jp/owpc/pc/race/odds3t?hd=20260215&jcd=23&rno=2,4.5,16.7,55.3,141.7,351.1,622.7,7.1,26.2,133.3,268.6,625.9,1383.0,9.6,27.7,157.8,210.5,732.0,1801.0,24.4,47.3,280.9,361.7,1079.0,2052.0,7.5,48.1,89.8,218.2,448.6,736.3,19.6,133.5,240.5,427.2,834.5,1703.0,22.9,119.4,267.4,353.1,962.9,1647.0,44.3,179.4,360.2,519.4,1264.0,2177.0,25.0,88.1,338.3,563.8,878.4,2002.0,41.3,173.2,415.8,687.8,1013.0,2339.0,61.3,167.8,738.5,1030.0,2276.0,3129.0,97.4,234.8,944.7,1197.0,2945.0,3911.0,46.9,121.1,415.1,311.0,913.7,2235.0,65.7,193.3,471.4,386.9,1056.0,2069.0,110.5,281.6,1026.0,747.3,2069.0,3129.0,161.8,345.8,1153.0,556.3,1647.0,3090.0,87.6,216.2,884.6,646.9,2069.0,2607.0,129.0,372.0,884.6,719.4,2196.0,2581.0,228.4,451.9,1750.0,1464.0,3628.0,3793.0,245.6,469.7,1840.0,913.7,2721.0,3429.0
2026-02-15,23,3,official_closing,closing_displayed,https://www.boatrace.jp/owpc/pc/race/odds3t?hd=20260215&jcd=23&rno=3,9.8,96.8,60.8,170.2,206.5,542.3,15.0,159.0,51.8,133.6,113.4,316.8,18.7,175.1,40.4,133.0,209.2,612.7,43.2,344.8,95.2,210.6,191.7,438.3,8.2,167.5,141.6,337.2,439.6,1024.0,8.3,365.9,271.1,427.9,623.3,1714.0,7.5,437.6,279.5,499.9,870.0,1870.0,20.5,822.8,602.4,704.1,986.2,2071.0,26.9,313.0,124.7,229.8,192.2,605.0,18.8,458.5,272.7,439.6,558.1,1599.0,25.4,627.4,177.0,359.9,529.3,1377.0,50.2,899.9,308.3,531.3,502.5,979.5,34.2,424.1,103.6,183.3,369.6,963.1,18.4,663.5,306.6,367.3,837.1,1945.0,37.7,917.1,215.7,305.0,559.1,1411.0,40.4,1111.0,239.3,264.6,534.2,1285.0,96.5,1032.0,347.3,422.2,383.9,695.6,66.9,1285.0,963.1,778.3,1204.0,2198.0,102.0,1655.0,637.1,772.0,687.3,1054.0,76.6,2057.0,469.0,484.8,820.4,1339.0
2026-02-15,23,4,official_closing,closing_displayed,https://www.boatrace.jp/owpc/pc/race/odds3t?hd=20260215&jcd=23&rno=4,9.6,17.7,18.4,179.0,451.6,611.0,32.4,51.4,26.9,167.3,325.1,653.9,43.9,68.6,28.3,255.5,710.1,1632.0,48.9,63.9,44.5,359.0,713.6,1700.0,10.4,19.7,24.7,258.0,542.2,645.1,20.6,39.5,38.7,213.3,359.9,361.7,27.0,43.6,40.2,368.2,840.2,1240.0,37.2,32.1,37.5,371.5,719.0,1219.0,59.4,126.7,49.1,189.0,349.0,675.3,47.6,100.1,49.1,157.6,340.4,374.4,123.2,186.9,52.1,170.4,532.2,875.8,147.0,176.4,65.1,196.7,538.2,908.9,107.0,202.1,68.3,395.9,944.5,1926.0,83.2,143.4,70.3,422.5,1003.0,1605.0,183.2,295.8,75.9,359.5,785.4,1184.0,289.3,254.2,111.8,433.9,1000.0,1876.0,170.6,201.4,150.0,713.6,1382.0,2861.0,176.7,120.9,107.3,592.2,1307.0,2049.0,323.3,324.0,178.6,508.8,855.1,1319.0,426.3,348.2,199.7,673.7,1363.0,1926.0
2026-02-15,23,5,official_closing,closing_displayed,https://www.boatrace.jp/owpc/pc/race/odds3t?hd=20260215&jcd=23&rno=5,4.0,17.0,31.7,291.4,996.8,987.5,8.2,29.8,46.6,335.9,859.0,539.1,38.4,125.7,89.4,488.0,1509.0,2486.0,25.4,64.0,47.9,496.0,1806.0,3408.0,5.3,44.3,69.9,411.9,1288.0,1588.0,9.7,104.5,179.0,688.3,2113.0,1638.0,28.8,350.4,337.0,806.6,1938.0,3019.0,16.3,165.4,199.3,922.8,2641.0,4914.0,24.7,132.5,164.4,474.9,1161.0,654.2,31.4,227.4,284.4,771.2,2272.0,1363.0,97.2,537.7,411.9,1565.0,3202.0,2709.0,82.2,414.3,304.5,907.0,2156.0,4696.0,146.6,521.8,355.7,852.1,2134.0,3408.0,145.6,914.8,621.5,1061.0,2297.0,3842.0,232.7,1094.0,776.9,1531.0,3773.0,3581.0,366.2,1542.0,681.7,1381.0,3464.0,6817.0,113.0,455.4,216.0,1051.0,3913.0,5418.0,109.6,609.0,411.1,1312.0,5418.0,6817.0,231.7,960.6,528.3,1399.0,6038.0,4803.0,520.5,2248.0,855.6,1821.0,6404.0,5031.0
2026-02-15,23,6,official_closing,closing_displayed,https://www.boatrace.jp/owpc/pc/race/odds3t?hd=20260215&jcd=23&rno=6,50.3,94.3,230.3,121.1,13.2,2324.0,32.0,50.9,190.8,259.1,37.4,2162.0,18.8,33.8,150.4,74.4,16.3,2359.0,234.1,376.1,620.4,351.5,136.7,1922.0,84.9,142.6,250.3,136.7,19.3,3385.0,118.7,101.8,158.2,231.0,33.1,2359.0,63.7,81.1,137.9,67.0,14.6,3244.0,350.7,357.1,554.2,448.8,132.7,2193.0,58.2,66.3,188.9,322.4,93.0,3707.0,127.0,87.7,178.3,250.7,79.1,2471.0,34.6,33.8,112.9,177.7,77.7,2883.0,341.5,278.0,348.4,462.1,283.1,2994.0,12.9,33.7,141.1,70.9,29.5,2994.0,33.9,45.9,111.4,55.2,21.5,3460.0,18.3,22.9,95.7,138.6,56.3,3053.0,141.7,211.3,459.3,266.2,207.3,2433.0,698.3,1081.0,1287.0,938.1,640.8,2162.0,985.6,855.6,1162.0,1066.0,613.1,2324.0,870.0,884.8,916.0,1153.0,692.1,2553.0,420.9,570.4,961.3,704.6,654.3,2193.0
2026-02-15,23,7,official_closing,closing_displayed,https://www.boatrace.jp/owpc/pc/race/odds3t?hd=20260215&jcd=23&rno=7,44.1,164.1,169.0,131.0,46.3,1512.0,37.0,144.4,62.3,58.8,29.3,1834.0,26.2,86.5,48.3,32.7,26.5,1942.0,168.6,310.5,306.2,109.6,67.9,818.6,46.8,269.9,268.4,253.9,104.1,1801.0,18.0,265.5,199.5,327.4,212.8,2416.0,16.4,172.8,170.4,148.2,147.5,2063.0,152.1,733.7,723.0,476.2,274.7,1425.0,42.2,248.2,86.5,94.2,57.9,2606.0,22.0,335.2,184.6,286.2,189.4,2641.0,14.4,164.0,50.2,54.3,63.7,2130.0,107.6,556.5,299.2,276.6,170.7,1446.0,26.0,119.9,55.7,27.2,35.1,2021.0,14.4,196.3,138.4,73.5,91.1,2226.0,14.8,162.9,50.5,42.9,58.1,2042.0,52.8,304.7,171.9,51.4,79.2,868.9,379.5,1000.0,725.7,321.0,147.8,839.4,383.9,1320.0,1366.0,594.9,324.7,1253.0,339.8,1356.0,658.1,463.9,279.4,1088.0,198.9,925.7,574.2,233.9,195.3,756.1
2026-02-15,23,8,official_closing,closing_displayed,https://www.boatrace.jp/owpc/pc/race/odds3t?hd=20260215&jcd=23&rno=8,24.7,47.8,91.4,20.5,659.4,261.5,13.7,26.7,60.7,31.6,1001.0,352.6,53.7,92.7,174.5,43.2,433.5,207.1,41.3,62.8,142.3,26.3,814.2,717.5,30.7,110.1,146.5,38.3,843.6,363.6,20.2,104.1,122.7,72.7,1265.0,560.7,94.0,294.4,332.0,79.5,572.7,276.6,65.7,184.1,202.6,50.2,1128.0,1012.0,14.7,50.6,54.0,53.5,1387.0,549.2,19.0,78.1,81.7,72.2,1642.0,630.5,44.0,125.3,135.0,115.8,1029.0,321.7,24.8,75.2,51.2,44.0,1347.0,1185.0,123.3,375.3,481.4,57.2,379.8,182.3,212.8,550.8,530.5,71.0,438.5,193.4,108.3,300.1,341.1,113.6,761.2,235.8,214.2,373.8,478.9,51.7,346.8,333.8,92.1,220.8,263.7,44.8,1070.0,1052.0,152.8,277.4,289.9,53.2,1095.0,1163.0,75.9,167.9,156.3,63.9,1451.0,1309.0,246.7,442.7,494.1,69.7,610.0,585.2
2026-02-15,23,9,official_closing,closing_displayed,https://www.boatrace.jp/owpc/pc/race/odds3t?hd=20260215&jcd=23&rno=9,13.5,50.6,93.9,33.7,156.8,461.6,9.8,26.7,73.4,75.0,260.2,694.8,19.6,52.9,100.6,42.3,137.1,443.9,41.5,113.8,177.0,62.4,250.3,890.8,19.0,122.9,173.0,51.9,227.8,649.3,16.8,146.1,203.7,104.0,574.2,1229.0,29.6,261.2,326.9,66.2,234.7,643.3,50.7,318.7,422.3,91.3,524.3,1362.0,11.7,44.7,111.4,140.9,427.5,1094.0,18.6,110.7,174.5,138.8,712.6,1447.0,18.6,73.4,144.3,185.7,671.3,873.9,34.4,137.5,258.2,179.7,606.8,1349.0,48.4,164.8,280.7,61.4,170.0,467.8,63.1,323.1,421.1,70.4,198.2,560.3,57.4,170.5,360.0,165.0,547.1,772.0,110.6,395.9,482.5,68.7,269.3,896.5,159.3,401.6,661.7,130.8,475.9,1403.0,194.6,579.0,727.5,138.6,812.6,1985.0,153.0,381.7,596.4,204.9,716.3,1462.0,208.0,720.0,674.5,140.0,569.5,1362.0
2026-02-15,23,10,official_closing,closing_displayed,https://www.boatrace.jp/owpc/pc/race/odds3t?hd=20260215&jcd=23&rno=10,12.3,27.4,121.7,87.7,52.8,354.5,10.8,23.3,228.1,245.1,179.1,882.8,7.9,15.2,147.7,91.2,115.4,689.1,19.3,26.8,181.7,122.7,111.0,482.3,26.5,106.2,197.4,116.9,74.9,489.3,53.3,206.2,379.4,314.8,257.7,1436.0,38.4,133.9,226.6,133.4,197.1,964.7,57.0,213.7,351.7,172.0,150.4,513.5,26.2,65.6,473.9,478.9,403.1,1468.0,68.2,164.7,525.5,584.7,505.8,1825.0,36.2,70.8,655.6,619.5,1164.0,1777.0,47.9,106.4,622.4,628.2,944.5,1850.0,17.5,38.4,288.6,102.0,189.1,912.6,48.0,107.7,335.9,116.4,197.1,951.1,45.2,92.1,652.5,390.3,703.4,2046.0,44.2,73.8,505.8,125.9,217.5,1000.0,82.6,189.1,707.1,246.4,235.3,562.7,161.1,485.8,1031.0,321.5,236.5,502.1,135.0,360.1,1436.0,707.1,794.5,1647.0,129.2,233.2,957.9,275.0,394.9,1000.0
2026-02-15,23,11,official_closing,closing_displayed,https://www.boatrace.jp/owpc/pc/race/odds3t?hd=20260215&jcd=23&rno=11,6.3,40.1,22.4,123.0,410.2,601.9,18.0,108.7,30.9,85.1,397.2,420.2,36.3,193.3,72.0,216.4,526.1,963.9,29.4,147.1,37.7,153.6,534.2,1466.0,5.6,58.4,47.4,217.7,721.7,900.9,8.0,208.8,123.8,257.1,970.7,937.7,21.6,421.5,255.2,669.1,1451.0,1914.0,12.7,208.5,115.9,416.4,1482.0,2297.0,32.4,288.9,69.0,122.7,653.3,567.2,20.2,339.5,114.3,243.1,950.6,1006.0,74.9,810.8,264.5,394.9,1253.0,1312.0,37.4,599.3,144.3,203.3,1111.0,2336.0,85.4,555.8,284.2,347.2,765.8,1219.0,74.7,845.7,462.5,604.6,1300.0,1969.0,146.1,1378.0,468.8,446.1,1241.0,1723.0,142.8,1068.0,385.0,404.2,900.9,2336.0,108.2,518.2,126.1,299.6,1044.0,1767.0,79.8,692.7,181.8,483.6,1701.0,2996.0,110.5,1364.0,278.4,413.9,1548.0,2088.0,191.7,1744.0,425.4,497.6,1288.0,2756.0
2026-02-15,23,12,official_closing,closing_displayed,https://www.boatrace.jp/owpc/pc/race/odds3t?hd=20260215&jcd=23&rno=12,6.5,26.1,44.6,147.8,142.4,1366.0,10.4,38.7,63.4,169.2,167.2,1577.0,12.8,46.7,54.9,180.8,299.6,1978.0,57.1,146.5,147.6,353.8,382.1,1894.0,7.7,56.5,85.6,202.1,258.7,1729.0,12.8,104.4,160.1,307.0,470.4,2355.0,12.5,128.6,141.2,283.4,558.5,2118.0,52.3,307.8,369.8,555.9,895.1,2841.0,18.7,113.1,125.4,225.0,288.7,1612.0,22.8,150.7,188.5,370.2,487.8,2712.0,32.9,201.1,187.5,361.3,804.6,2340.0,72.4,358.7,363.8,631.4,1166.0,2672.0,25.7,166.0,134.6,249.5,426.7,2118.0,30.4,248.9,212.9,317.7,524.2,2521.0,53.2,358.7,281.4,415.3,727.7,2557.0,102.1,547.4,405.0,491.1,970.3,3008.0,204.0,605.8,596.7,858.6,1078.0,2295.0,228.0,892.8,869.0,967.7,1799.0,3196.0,233.5,1031.0,858.6,1025.0,1874.0,2733.0,239.4,934.8,753.7,991.8,1746.0,2841.0
