レースコード,レース日,レース場,レース回,締切時刻,取得日時,3連単_1-2-3,3連単_1-2-4,3連単_1-2-5,3連単_1-2-6,3連単_1-3-2,3連単_1-3-4,3連単_1-3-5,3連単_1-3-6,3連単_1-4-2,3連単_1-4-3,3連単_1-4-5,3連単_1-4-6,3連単_1-5-2,3連単_1-5-3,3連単_1-5-4,3連単_1-5-6,3連単_1-6-2,3連単_1-6-3,3連単_1-6-4,3連単_1-6-5,3連単_2-1-3,3連単_2-1-4,3連単_2-1-5,3連単_2-1-6,3連単_2-3-1,3連単_2-3-4,3連単_2-3-5,3連単_2-3-6,3連単_2-4-1,3連単_2-4-3,3連単_2-4-5,3連単_2-4-6,3連単_2-5-1,3連単_2-5-3,3連単_2-5-4,3連単_2-5-6,3連単_2-6-1,3連単_2-6-3,3連単_2-6-4,3連単_2-6-5,3連単_3-1-2,3連単_3-1-4,3連単_3-1-5,3連単_3-1-6,3連単_3-2-1,3連単_3-2-4,3連単_3-2-5,3連単_3-2-6,3連単_3-4-1,3連単_3-4-2,3連単_3-4-5,3連単_3-4-6,3連単_3-5-1,3連単_3-5-2,3連単_3-5-4,3連単_3-5-6,3連単_3-6-1,3連単_3-6-2,3連単_3-6-4,3連単_3-6-5,3連単_4-1-2,3連単_4-1-3,3連単_4-1-5,3連単_4-1-6,3連単_4-2-1,3連単_4-2-3,3連単_4-2-5,3連単_4-2-6,3連単_4-3-1,3連単_4-3-2,3連単_4-3-5,3連単_4-3-6,3連単_4-5-1,3連単_4-5-2,3連単_4-5-3,3連単_4-5-6,3連単_4-6-1,3連単_4-6-2,3連単_4-6-3,3連単_4-6-5,3連単_5-1-2,3連単_5-1-3,3連単_5-1-4,3連単_5-1-6,3連単_5-2-1,3連単_5-2-3,3連単_5-2-4,3連単_5-2-6,3連単_5-3-1,3連単_5-3-2,3連単_5-3-4,3連単_5-3-6,3連単_5-4-1,3連単_5-4-2,3連単_5-4-3,3連単_5-4-6,3連単_5-6-1,3連単_5-6-2,3連単_5-6-3,3連単_5-6-4,3連単_6-1-2,3連単_6-1-3,3連単_6-1-4,3連単_6-1-5,3連単_6-2-1,3連単_6-2-3,3連単_6-2-4,3連単_6-2-5,3連単_6-3-1,3連単_6-3-2,3連単_6-3-4,3連単_6-3-5,3連単_6-4-1,3連単_6-4-2,3連単_6-4-3,3連単_6-4-5,3連単_6-5-1,3連単_6-5-2,3連単_6-5-3,3連単_6-5-4
202607311001,2026-07-31,10,01R,08:32,2026-07-31T08:22:29.236140+09:00,31.8,46.4,112.5,128.7,30.9,5.5,30.8,14.3,36.1,5.9,31.3,9.6,154.3,113.8,123.3,166.5,109.9,34.0,26.0,106.0,210.5,200.5,669.9,566.8,355.1,627.1,950.9,755.8,453.5,718.9,1281,1133,867.0,1228,1339,1734,1551,1473,1091,1052,88.7,18.6,75.0,45.9,245.6,265.5,545.8,517.1,32.6,203.2,152.7,71.7,260.8,453.5,446.6,589.5,133.3,566.8,133.9,303.8,139.7,22.5,82.5,31.2,272.9,460.5,545.8,526.3,40.1,300.7,185.3,78.8,218.3,627.1,350.9,283.4,71.5,475.4,98.5,206.1,796.7,310.2,350.9,685.5,775.7,1016,1016,1551,368.4,1281,517.1,1228,393.0,1403,526.3,601.5,1281,2267,1842,1281,556.1,186.5,126.5,655.0,1339,1473,1179,2267,245.6,1091,176.5,1339,142.4,818.8,210.5,578.0,1339,2267,1637,1473
202607312301,2026-07-31,23,01R,08:39,2026-07-31T08:31:05.624560+09:00,6.2,52.5,6.9,45.0,12.1,63.7,13.0,57.4,140.8,138.0,185.0,267.4,10.6,15.5,109.7,49.3,144.4,183.0,356.5,145.6,21.6,125.8,18.8,63.3,46.0,261.2,49.1,122.2,222.2,345.7,316.9,364.1,28.4,40.4,261.2,105.6,126.7,198.9,342.2,193.3,72.8,249.8,73.9,236.0,110.7,456.3,150.1,278.2,518.6,834.8,1140,1006,124.4,159.9,950.7,388.9,744.0,834.8,1555,834.8,402.6,407.4,130.1,496.0,518.6,1006,877.6,1140,580.1,1488,1629,2139,143.8,1267,1369,925.0,1316,1488,2632,1369,41.5,59.0,248.0,102.7,56.9,80.1,352.8,176.4,116.8,125.3,600.4,322.9,526.5,950.7,1140,684.5,241.0,316.9,380.3,633.8,360.2,744.0,728.2,658.2,456.3,611.2,834.8,658.2,814.9,645.8,1267,1267,1222,1629,3111,1140,510.8,795.9,925.0,977.9
202607311801,2026-07-31,18,01R,08:46,2026-07-31T08:36:25.059667+09:00,6.0,11.4,7.4,133.2,9.2,14.4,9.0,160.3,25.3,27.9,25.7,183.8,11.3,12.8,23.4,137.6,318.7,399.7,399.7,327.0,79.9,87.4,69.3,503.6,152.6,484.2,349.7,1094,213.4,503.6,786.9,1481,120.4,335.7,434.1,839.4,1678,2289,1678,1481,80.4,99.5,69.7,466.3,148.1,364.9,286.1,899.3,231.0,426.8,572.3,503.6,139.9,279.8,457.8,680.6,1678,1144,1144,1573,150.7,208.1,146.4,1199,215.2,535.8,547.4,1259,303.4,719.5,899.3,1259,201.4,629.5,524.6,572.3,3147,1798,1259,1049,60.6,82.8,114.9,426.8,128.4,270.7,449.6,645.7,166.7,335.7,559.6,839.4,203.0,629.5,719.5,662.7,1937,1199,1399,1678,968.5,2289,1678,2098,1937,1798,1094,1259,2518,1049,1049,2518,1937,2098,1937,1573,2289,1259,2098,1399
202607311002,2026-07-31,10,02R,08:58,2026-07-31T08:48:30.998249+09:00,3.3,11.6,19.4,116.1,5.5,12.9,23.3,210.6,23.1,34.6,67.7,328.7,50.8,53.7,103.6,336.9,320.9,280.8,449.3,518.4,33.0,55.9,80.7,240.6,65.1,144.9,207.3,1225,158.5,198.2,286.7,962.7,175.0,269.5,374.4,561.6,1347,898.6,1123,673.9,29.6,52.2,65.4,518.4,50.2,109.5,134.7,328.7,99.8,116.1,275.0,842.4,148.1,217.4,345.6,612.6,1225,1036,641.8,1225,81.1,99.1,132.1,408.4,162.3,217.4,232.3,499.2,112.3,189.8,306.3,673.9,207.3,313.4,364.2,539.1,1347,1347,1036,1123,164.3,228.4,224.6,449.3,293.0,236.4,673.9,421.2,299.5,320.9,748.8,481.3,328.7,673.9,792.8,499.2,748.8,1347,641.8,1684,792.8,1225,1347,1123,748.8,792.8,1225,1684,1684,612.6,612.6,1925,1925,748.8,1497,1684,1225,1684,673.9,1684
202607312302,2026-07-31,23,02R,09:05,2026-07-31T08:56:23.093866+09:00,6.0,10.7,27.2,108.4,11.3,22.6,44.1,170.3,21.6,40.7,95.4,153.8,46.7,65.3,103.6,190.8,132.5,164.4,280.5,280.5,12.3,18.2,35.5,216.8,25.6,29.4,65.3,265.0,43.7,42.5,106.0,366.9,97.3,153.8,251.0,596.2,340.7,433.6,596.2,954.0,50.2,67.1,76.9,238.5,74.5,53.0,116.3,140.2,170.3,88.3,298.1,596.2,238.5,238.5,433.6,681.4,1192,366.9,433.6,681.4,83.6,101.4,125.5,227.1,119.2,72.2,318.0,207.3,119.2,97.3,298.1,433.6,318.0,280.5,397.5,366.9,477.0,318.0,596.2,1590,122.3,251.0,397.5,280.5,170.3,183.4,238.5,153.8,340.7,207.3,251.0,238.5,251.0,366.9,530.0,366.9,954.0,596.2,681.4,2385,251.0,681.4,340.7,1192,596.2,397.5,596.2,596.2,2385,198.7,280.5,2385,681.4,366.9,1192,954.0,1590,1590,1590,795.0
202607311802,2026-07-31,18,02R,09:12,2026-07-31T09:02:12.501746+09:00,26.9,10.3,34.4,13.0,37.1,61.4,90.4,98.1,20.1,101.9,52.9,20.3,65.4,116.6,121.9,123.8,23.8,138.8,36.9,136.4,67.0,13.6,60.0,12.6,107.3,223.6,503.2,223.6,30.3,171.3,116.6,28.7,143.7,447.2,217.6,154.8,26.3,154.8,34.8,100.6,157.8,191.6,138.8,383.3,268.3,230.0,536.7,383.3,383.3,243.9,2012,322.0,670.9,731.9,894.5,1150,894.5,536.7,670.9,1150,34.8,365.9,71.2,60.9,39.4,206.4,75.9,43.0,322.0,423.7,670.9,473.6,191.6,217.6,731.9,164.3,110.2,63.3,423.7,187.2,236.8,536.7,259.7,298.1,536.7,575.0,447.2,322.0,670.9,575.0,731.9,402.5,402.5,894.5,1610,503.2,1610,670.9,731.9,1006,55.9,309.6,111.8,178.9,76.6,268.3,71.2,191.6,423.7,277.6,575.0,1150,201.2,85.6,731.9,298.1,670.9,670.9,1006,619.3
202607311003,2026-07-31,10,03R,09:24,2026-07-31T09:14:45.320911+09:00,11.4,31.0,27.6,87.2,9.1,13.4,8.8,55.3,58.5,48.8,78.9,190.9,42.1,21.4,94.1,122.0,196.6,143.2,337.9,268.9,44.8,68.2,112.6,212.5,51.6,119.8,70.4,216.0,140.1,171.1,227.2,439.2,156.8,92.8,286.4,274.5,775.1,411.8,599.0,627.5,16.2,32.7,15.9,99.8,37.9,64.9,60.7,155.0,77.9,99.8,133.1,346.7,38.9,91.5,129.1,227.2,219.6,399.3,387.5,263.5,175.7,178.0,183.0,292.8,205.9,180.5,248.6,411.8,144.8,199.6,244.0,506.8,205.9,366.0,337.9,439.2,823.6,1317,658.9,658.9,119.8,59.9,239.6,258.3,193.7,83.9,572.9,321.4,53.1,78.9,274.5,239.6,299.5,549.0,366.0,366.0,439.2,627.5,299.5,658.9,627.5,549.0,1098,658.9,1013,506.8,1098,1198,823.6,425.1,411.8,658.9,1198,658.9,1098,878.5,658.9,1882,376.5,941.3
202607312303,2026-07-31,23,03R,09:31,2026-07-31T09:21:03.783774+09:00,14.2,25.3,60.7,88.2,10.7,5.8,14.2,31.5,32.9,12.8,51.3,68.8,65.3,37.5,75.9,113.4,151.8,81.2,166.5,229.4,74.2,122.8,294.9,333.0,124.3,312.8,344.1,448.8,245.7,294.9,645.1,1147,240.0,573.5,1032,860.2,430.1,737.3,938.4,1147,29.4,15.7,28.0,48.0,53.4,91.3,132.3,113.4,30.0,93.8,69.2,69.2,69.2,191.1,99.2,151.8,130.6,184.3,115.9,181.1,210.6,45.4,172.0,174.9,303.6,234.6,448.8,412.9,51.3,303.6,240.0,163.8,264.6,543.3,344.1,382.3,382.3,737.3,303.6,794.0,206.4,122.8,177.9,224.4,344.1,430.1,469.2,333.0,224.4,355.9,333.0,344.1,294.9,688.2,607.2,543.3,860.2,1147,607.2,1032,382.3,382.3,607.2,860.2,737.3,645.1,1290,1290,448.8,397.0,382.3,1290,938.4,860.2,938.4,1720,1147,860.2,1474,2064
202607311803,2026-07-31,18,03R,09:38,2026-07-31T09:28:27.472750+09:00,21.8,43.5,8.5,11.5,30.9,65.7,20.5,25.1,105.5,154.1,95.7,93.7,8.0,16.6,139.6,7.9,16.2,28.0,103.1,12.9,148.9,106.4,64.4,68.0,352.8,1117,705.6,788.6,243.7,558.6,705.6,1031,110.8,496.5,394.3,227.2,194.3,418.9,1031,335.1,147.3,257.8,136.8,188.8,478.8,446.9,536.3,515.6,582.9,478.8,1117,558.6,319.2,496.5,837.9,536.3,383.0,837.9,1675,705.6,304.7,788.6,268.1,705.6,335.1,536.3,462.3,582.9,893.8,893.8,1489,1675,609.4,744.8,1218,893.8,1218,1218,1675,1489,34.9,103.1,273.6,35.4,174.1,406.2,558.6,206.2,311.8,536.3,638.4,372.4,418.9,432.5,1117,609.4,66.0,181.1,372.4,609.4,78.4,252.9,496.5,39.7,131.4,446.9,788.6,252.9,462.3,515.6,1340,893.8,1117,837.9,957.6,1117,74.0,352.8,609.4,893.8
202607311004,2026-07-31,10,04R,09:50,2026-07-31T09:40:47.441043+09:00,42.7,53.0,22.2,29.6,50.1,43.6,30.7,45.4,70.7,89.6,115.7,122.4,19.8,35.9,107.9,17.0,29.6,46.1,90.9,17.9,151.6,67.0,148.0,148.0,132.6,148.0,144.7,265.3,109.7,163.2,276.8,335.1,96.4,192.9,187.2,159.1,198.9,205.4,424.5,265.3,44.8,97.9,55.3,113.7,78.6,78.6,88.4,135.4,289.4,113.7,397.9,265.3,102.7,141.5,265.3,135.4,187.2,353.7,265.3,198.9,176.8,289.4,138.4,155.3,198.9,187.2,176.8,227.4,138.4,205.4,219.5,235.8,151.6,265.3,374.5,353.7,318.3,636.7,424.5,374.5,57.3,60.0,144.7,27.2,113.7,148.0,353.7,106.1,82.6,124.8,244.9,68.4,198.9,244.9,489.8,244.9,34.2,86.0,52.1,198.9,55.3,60.0,151.6,29.0,122.4,181.9,454.8,141.5,88.4,159.1,244.9,99.4,353.7,167.5,489.8,454.8,37.6,117.9,56.8,353.7
202607312304,2026-07-31,23,04R,09:57,2026-07-31T09:48:26.846983+09:00,26.3,20.5,43.3,17.2,52.8,42.4,55.5,55.0,28.3,46.9,54.3,22.8,53.4,87.2,107.4,60.4,25.8,64.6,30.2,46.9,92.1,46.4,82.7,47.2,203.0,317.0,288.8,333.2,65.3,178.0,158.5,41.2,124.9,448.2,220.3,118.1,75.1,173.3,52.2,81.2,114.0,156.6,152.9,228.0,173.3,164.5,254.8,213.0,196.9,259.9,393.8,361.0,433.2,333.2,590.8,448.2,245.2,382.3,361.0,464.2,48.8,109.2,82.7,35.4,86.0,123.7,128.6,38.6,209.6,382.3,361.0,265.2,103.9,115.0,361.0,55.7,43.6,32.1,149.4,51.1,118.1,302.2,216.6,116.0,203.0,276.5,288.8,164.5,464.2,433.2,382.3,282.5,220.3,342.0,764.6,98.4,141.2,171.0,361.0,122.6,65.9,131.2,75.1,128.6,103.1,220.3,70.6,175.6,203.0,265.2,228.0,342.0,80.2,61.3,302.2,93.5,104.8,203.0,406.1,95.5
202607311804,2026-07-31,18,04R,10:04,2026-07-31T09:54:32.440248+09:00,4.2,6.4,5.6,90.4,12.9,25.2,26.8,170.9,18.1,37.3,28.5,133.7,13.4,42.3,43.0,265.2,189.9,480.7,180.9,466.1,35.6,32.3,33.1,194.7,167.2,136.1,349.6,1398,109.0,530.4,375.1,452.4,92.6,439.5,404.8,1098,375.1,732.5,1398,2563,94.3,153.8,130.3,732.5,207.8,327.2,375.1,904.8,327.2,384.5,732.5,699.2,366.2,466.1,591.6,1922,1538,1281,1709,2197,105.3,269.8,114.7,375.1,128.1,415.7,357.7,341.8,334.4,591.6,732.5,1281,197.2,375.1,732.5,1281,466.1,1538,2197,2197,90.4,222.9,189.9,512.7,160.2,427.2,530.4,640.9,357.7,512.7,549.3,668.8,265.2,904.8,1709,1709,1538,1922,1538,2563,699.2,1098,1538,1398,1538,1398,1709,2197,1398,904.8,1183,1538,1922,1098,3845,3845,1709,3076,1538,3845
202607311005,2026-07-31,10,05R,10:18,2026-07-31T10:08:27.010215+09:00,45.9,28.3,79.3,31.9,77.5,49.5,86.3,68.9,26.5,49.5,45.4,12.0,87.4,124.7,111.5,84.7,33.5,67.6,16.7,63.2,183.0,81.2,263.9,107.2,196.0,263.9,263.9,381.2,119.3,228.7,211.1,103.9,249.5,351.9,305.0,298.4,152.5,334.7,141.5,292.0,79.8,149.2,131.9,245.1,144.4,91.5,131.9,232.6,343.1,171.5,254.1,228.7,311.9,236.6,258.9,351.9,381.2,527.9,201.8,442.7,45.4,113.4,51.6,20.1,67.6,161.4,122.5,59.6,201.8,214.4,236.6,193.3,86.3,135.9,236.6,37.8,23.2,44.5,100.9,23.5,263.9,311.9,232.6,249.5,392.1,232.6,240.8,280.1,473.3,240.8,285.9,370.9,249.5,298.4,326.8,82.1,263.9,311.9,221.3,84.2,65.3,135.9,34.6,108.0,138.6,269.1,89.7,188.0,225.0,258.9,180.6,319.2,32.1,65.3,147.5,34.4,171.5,196.0,196.0,62.1
202607312305,2026-07-31,23,05R,10:23,2026-07-31T10:14:35.117972+09:00,13.0,18.1,102.6,96.4,10.0,4.8,42.8,45.9,17.7,8.5,66.3,55.5,132.7,82.8,126.1,232.3,198.3,156.2,165.0,410.6,77.1,103.8,410.6,353.1,134.7,141.2,441.4,430.6,182.0,180.1,630.5,588.5,535.0,802.5,653.9,840.7,630.5,551.7,1038,1177,32.8,12.2,71.1,89.6,77.1,83.6,232.3,207.7,23.5,59.4,125.2,79.8,299.2,383.8,259.6,477.2,196.1,339.5,207.7,519.3,84.8,31.5,86.1,119.3,148.3,153.5,326.9,284.7,37.4,102.6,166.5,132.7,259.6,392.3,401.2,410.6,289.4,430.6,271.6,401.2,375.6,321.0,401.2,608.8,840.7,410.6,569.5,490.4,608.8,630.5,420.3,653.9,392.3,767.6,430.6,802.5,1177,929.2,608.8,1471,367.8,360.3,504.4,1103,980.9,490.4,608.8,980.9,339.5,367.8,346.2,1261,735.6,767.6,464.6,1261,1961,1605,1605,2207
202607311805,2026-07-31,18,05R,10:30,2026-07-31T10:21:06.489303+09:00,27.3,29.2,48.9,53.9,22.4,14.0,6.1,7.8,57.8,43.5,41.5,43.2,45.0,19.4,71.6,24.0,70.0,21.7,40.1,36.0,106.9,51.2,161.7,100.1,166.0,525.6,525.6,630.8,81.9,315.4,525.6,233.6,350.4,450.5,1051,630.8,146.7,371.0,700.9,901.1,79.8,79.8,42.3,48.5,210.2,134.2,210.2,286.7,191.1,197.1,1051,286.7,105.1,262.8,350.4,166.0,88.8,394.2,420.5,146.7,128.7,180.2,131.4,119.0,92.7,262.8,286.7,140.1,262.8,450.5,525.6,573.4,394.2,573.4,700.9,371.0,157.7,700.9,394.2,420.5,153.8,76.9,121.3,121.3,371.0,286.7,485.2,300.3,140.1,315.4,315.4,217.5,233.6,1051,420.5,420.5,350.4,1051,274.2,1051,191.1,114.6,286.7,286.7,332.0,394.2,420.5,450.5,128.7,242.6,170.4,242.6,420.5,332.0,300.3,630.8,315.4,525.6,450.5,630.8
202607311301,2026-07-31,13,01R,10:35,2026-07-31T10:26:33.597982+09:00,13.2,59.7,104.2,57.8,9.2,22.9,34.5,19.0,87.7,59.7,269.5,164.9,89.1,87.7,160.1,257.0,69.9,74.1,170.0,251.2,38.1,181.2,235.1,147.3,34.6,145.4,100.4,75.1,263.1,225.5,650.2,345.4,345.4,251.2,581.7,581.7,170.0,175.4,502.4,736.9,9.9,26.8,20.8,14.5,19.4,57.8,68.2,26.0,55.5,98.6,133.1,76.2,78.9,76.2,133.1,98.6,35.4,35.7,86.3,91.3,190.5,147.3,368.4,208.5,290.8,356.5,552.6,307.0,133.1,221.0,221.0,221.0,381.1,614.0,409.3,460.5,480.5,552.6,269.5,736.9,409.3,225.5,325.1,614.0,276.3,298.7,334.9,480.5,160.1,197.3,245.6,290.8,526.3,736.9,394.7,1004,1105,850.2,526.3,921.1,283.4,160.1,409.3,1105,356.5,153.5,502.4,921.1,121.4,122.8,212.5,345.4,789.5,368.4,356.5,526.3,921.1,921.1,581.7,850.2
202607311101,2026-07-31,11,01R,10:40,2026-07-31T10:30:32.184994+09:00,17.3,18.8,9.9,16.2,26.7,36.0,19.2,32.8,29.6,47.2,26.5,34.8,13.5,24.1,32.9,15.2,43.2,69.5,69.5,31.5,67.6,84.6,46.7,78.8,111.8,416.6,214.8,317.0,183.6,452.1,284.9,364.3,86.9,220.4,257.7,122.1,219.1,524.9,566.5,214.5,87.8,131.9,70.5,132.9,145.5,346.0,213.8,274.8,267.7,392.8,334.2,387.1,122.6,209.9,301.1,213.0,328.8,385.5,435.1,337.2,147.4,255.9,136.0,209.2,238.2,500.8,364.3,370.1,328.2,563.0,392.0,477.6,176.1,280.2,457.6,216.8,333.0,456.5,651.9,354.6,52.9,90.4,117.9,56.9,103.3,270.8,299.2,142.9,169.5,304.6,438.2,254.5,209.9,387.1,498.1,258.0,82.2,144.2,250.4,249.4,198.5,349.2,396.1,139.3,363.6,603.2,661.2,322.5,529.3,761.5,790.7,535.4,603.2,698.5,983.1,601.3,144.6,253.8,372.3,396.1
202607310801,2026-07-31,08,01R,10:42,2026-07-31T10:32:32.206525+09:00,20.3,53.4,104.9,81.1,35.6,12.2,37.1,30.1,54.7,10.0,21.3,7.8,103.0,82.8,45.7,73.7,104.9,60.5,30.9,84.7,121.6,215.7,423.5,248.6,190.6,571.8,381.2,635.3,326.7,635.3,635.3,238.2,457.4,544.5,571.8,635.3,497.2,762.4,519.8,635.3,200.6,53.6,82.8,95.3,136.1,233.3,336.3,300.9,66.1,207.9,109.9,86.6,142.9,336.3,156.6,238.2,197.1,238.2,139.4,394.3,105.8,32.5,53.4,27.0,248.6,285.9,285.9,238.2,60.1,346.5,125.6,96.9,54.7,215.7,95.3,46.4,35.9,219.9,88.6,65.7,265.9,150.4,99.4,115.5,285.9,336.3,544.5,423.5,248.6,317.6,326.7,357.3,71.0,265.9,141.1,70.1,109.9,439.8,224.2,102.1,326.7,228.7,69.7,285.9,457.4,476.5,672.7,601.8,228.7,457.4,326.7,879.6,112.1,439.8,317.6,184.4,265.9,672.7,544.5,228.7
202607311006,2026-07-31,10,06R,10:44,2026-07-31T10:34:35.990633+09:00,66.0,31.8,43.7,67.4,109.8,64.6,74.9,128.6,34.5,55.8,15.2,29.6,42.7,57.6,21.5,27.4,124.8,95.7,72.7,53.0,134.0,93.6,86.6,112.7,215.9,161.2,202.2,296.2,110.7,169.8,90.9,136.9,105.2,181.9,105.2,113.7,318.4,386.0,303.3,254.7,71.9,108.8,84.9,172.1,120.1,76.7,100.3,143.1,187.3,90.3,116.8,223.4,134.0,157.2,116.8,95.0,439.2,318.4,271.0,199.0,90.3,165.4,33.6,71.5,122.4,151.6,79.6,113.7,169.8,195.9,146.4,212.3,35.6,68.4,135.5,28.3,117.9,176.9,219.6,50.5,77.6,149.8,36.5,51.3,107.0,151.6,73.2,76.2,208.8,153.4,167.6,199.0,47.8,75.8,136.9,25.5,73.6,138.4,144.7,41.0,296.2,353.8,276.9,202.2,579.0,398.0,326.6,296.2,553.8,326.6,276.9,276.9,335.2,205.4,439.2,97.9,179.4,283.0,199.0,92.9
202607312306,2026-07-31,23,06R,10:52,2026-07-31T10:42:27.086978+09:00,26.2,110.2,93.1,179.3,32.8,91.7,67.8,190.6,136.5,203.6,286.0,400.4,91.0,90.3,245.1,429.0,218.4,308.0,667.4,667.4,32.5,110.2,100.9,218.4,20.1,13.0,13.8,43.3,176.6,44.9,235.5,400.4,116.6,44.8,193.7,240.2,480.5,214.5,600.6,429.0,12.6,30.0,21.6,108.2,14.2,13.2,10.4,34.7,100.9,36.1,67.1,203.6,49.0,22.5,73.2,86.4,444.9,162.3,286.0,203.6,300.3,266.9,273.0,462.0,400.4,63.9,240.2,250.2,286.0,64.5,279.3,522.3,400.4,324.6,293.0,750.8,1001,924.1,924.1,1334,184.8,200.2,324.6,400.4,245.1,78.5,218.4,266.9,200.2,88.9,261.1,266.9,333.7,293.0,316.1,572.0,1201,522.3,522.3,1201,364.0,1501,800.9,1716,800.9,343.2,800.9,800.9,750.8,240.2,522.3,667.4,1334,632.2,858.1,1716,2402,1334,1092,2002
202607311302,2026-07-31,13,02R,10:58,2026-07-31T10:48:33.124857+09:00,33.9,45.8,90.5,64.1,39.6,12.9,58.8,47.0,33.6,15.8,76.7,39.6,90.5,80.2,103.8,153.4,55.1,73.5,110.2,147.0,100.8,51.1,117.6,196.0,88.2,76.7,106.9,106.9,160.4,141.1,294.1,176.4,207.6,196.0,320.8,504.2,252.1,153.4,220.5,588.2,57.8,17.1,58.8,61.9,106.9,44.6,98.0,98.0,18.7,51.9,126.0,33.9,147.0,110.2,196.0,220.5,95.3,220.5,70.5,271.5,98.0,23.5,135.7,72.0,121.7,135.7,196.0,121.7,22.7,65.3,84.0,49.0,160.4,141.1,196.0,130.7,135.7,196.0,103.8,176.4,106.9,141.1,113.8,176.4,271.5,141.1,588.2,160.4,252.1,160.4,294.1,141.1,235.3,441.1,441.1,352.9,352.9,320.8,235.3,392.1,196.0,185.7,147.0,392.1,320.8,176.4,271.5,504.2,168.0,147.0,121.7,352.9,294.1,207.6,271.5,392.1,352.9,352.9,392.1,320.8
202607311806,2026-07-31,18,06R,11:00,2026-07-31T10:51:09.484334+09:00,9.9,36.2,98.1,15.6,6.6,31.8,82.3,4.8,88.9,99.6,118.3,64.6,114.2,155.9,339.8,315.6,21.5,10.0,64.0,270.5,75.3,141.0,331.3,101.1,102.7,509.8,736.4,213.7,203.9,530.2,509.8,530.2,530.2,828.4,1656,631.2,176.7,339.8,779.7,1656,27.7,77.5,121.6,16.4,58.9,203.9,315.6,98.1,194.9,331.3,662.7,241.0,348.8,414.2,736.4,662.7,33.0,116.2,270.5,490.9,207.1,401.6,288.1,120.5,236.7,473.4,358.2,308.2,490.9,883.7,736.4,779.7,946.8,1325,1104,1104,308.2,1205,779.7,779.7,368.2,378.7,294.5,339.8,1325,1019,828.4,631.2,662.7,779.7,736.4,697.6,736.4,1104,1325,1325,490.9,1472,1104,736.4,64.9,23.9,144.0,602.5,135.2,265.1,631.2,946.8,39.2,192.1,401.6,631.2,250.1,602.5,602.5,1104,946.8,1472,1104,1325
202607310802,2026-07-31,08,02R,11:08,2026-07-31T10:58:36.358273+09:00,57.4,40.7,112.3,54.3,88.6,144.3,187.1,168.4,53.1,148.6,88.6,120.3,67.3,210.5,136.5,163.0,80.2,163.0,180.4,297.2,70.1,31.3,112.3,69.2,50.0,42.1,66.4,72.1,20.4,19.5,18.5,17.7,126.3,109.8,49.5,77.7,120.3,80.2,43.9,132.9,136.5,163.0,148.6,265.9,120.3,84.2,140.3,120.3,123.2,112.3,229.7,157.9,360.9,148.6,187.1,265.9,360.9,202.1,180.4,505.3,51.0,153.1,168.4,91.8,28.0,22.3,23.2,19.8,148.6,120.3,120.3,117.5,129.5,45.5,103.1,51.0,107.5,42.8,97.1,87.1,240.6,561.5,297.2,280.7,157.9,144.3,120.3,129.5,505.3,240.6,336.9,194.3,240.6,117.5,219.7,148.6,360.9,265.9,360.9,297.2,168.4,360.9,252.6,505.3,168.4,202.1,99.0,168.4,265.9,168.4,180.4,421.1,163.0,85.6,240.6,194.3,229.7,336.9,421.1,280.7
202607311102,2026-07-31,11,02R,11:10,2026-07-31T11:01:20.311662+09:00,24.6,26.8,12.7,32.8,39.3,55.7,30.5,67.4,49.9,70.6,38.8,70.7,16.9,32.5,36.9,29.1,109.5,167.1,149.4,91.5,48.6,47.6,24.3,61.7,98.5,203.9,111.6,226.3,116.7,227.8,82.4,174.5,40.7,98.5,73.4,50.5,232.6,424.2,327.5,128.0,102.0,130.0,81.0,177.8,152.0,221.2,145.5,268.7,235.8,287.2,206.8,363.5,116.1,144.4,184.8,191.6,423.2,468.4,424.2,398.2,111.6,208.0,81.3,163.9,155.0,285.3,109.0,192.7,290.0,385.0,236.1,397.3,66.9,68.3,134.0,66.2,280.3,269.1,434.7,166.8,30.9,65.2,59.2,47.3,44.5,103.3,77.4,52.8,133.8,166.8,238.7,191.6,66.1,67.0,121.6,64.8,84.2,72.3,173.4,114.7,376.8,709.3,748.7,292.0,459.8,656.2,580.1,201.8,850.5,984.3,1068,736.1,765.1,656.2,1108,456.2,257.6,202.0,496.3,357.5
202607311007,2026-07-31,10,07R,11:14,2026-07-31T11:04:48.001823+09:00,77.7,71.4,85.7,135.6,78.1,18.0,19.2,63.8,103.5,39.0,31.5,105.3,87.4,32.6,43.7,88.3,301.6,286.8,291.6,246.4,221.4,224.3,208.2,243.0,216.0,227.2,208.2,546.7,184.1,364.5,357.0,530.1,163.5,286.8,372.2,227.2,530.1,583.2,760.6,648.0,63.6,24.8,18.9,71.1,113.6,76.7,81.3,137.7,39.2,114.3,21.9,60.3,27.2,107.3,23.2,44.0,188.1,312.4,150.8,126.7,115.8,49.5,38.2,87.0,176.7,188.1,144.5,216.0,56.8,171.5,35.2,78.8,41.4,111.4,32.8,41.8,230.2,380.3,176.7,111.4,113.6,51.0,60.3,102.9,162.0,198.8,218.7,205.8,58.9,126.7,47.5,75.0,72.2,152.1,51.7,71.1,188.1,273.3,141.0,135.6,406.8,460.4,603.3,472.8,672.9,530.1,624.8,530.1,583.2,448.6,277.7,306.9,795.2,437.4,406.8,291.6,486.0,874.8,273.3,301.6
202607311303,2026-07-31,13,03R,11:21,2026-07-31T11:11:27.141694+09:00,30.7,27.3,113.8,21.2,56.9,85.4,122.0,106.7,26.0,79.4,213.5,31.6,89.9,106.7,200.9,213.5,20.5,100.4,44.9,227.7,89.9,29.4,155.2,52.5,113.8,131.3,89.9,179.8,48.1,97.6,284.6,34.1,179.8,189.7,284.6,341.6,51.7,110.2,37.5,310.5,89.9,100.4,74.2,170.8,162.6,69.7,100.4,131.3,162.6,148.5,341.6,200.9,162.6,106.7,262.7,244.0,227.7,213.5,227.7,262.7,32.8,94.8,122.0,32.5,43.7,92.3,136.6,22.0,117.8,113.8,136.6,131.3,310.5,179.8,189.7,142.3,37.1,24.0,75.9,110.2,122.0,155.2,122.0,213.5,341.6,148.5,170.8,155.2,379.5,179.8,427.0,142.3,310.5,200.9,569.3,488.0,854.0,284.6,310.5,683.2,47.4,179.8,63.2,569.3,56.0,94.8,48.8,284.6,189.7,117.8,117.8,341.6,71.1,42.7,170.8,379.5,569.3,341.6,488.0,341.6
202607312307,2026-07-31,23,07R,11:23,2026-07-31T11:14:26.678355+09:00,62.7,77.4,154.9,105.4,84.8,154.9,169.6,151.2,102.8,145.9,298.8,115.1,154.9,181.9,261.5,278.9,85.9,130.7,123.0,313.8,99.6,70.9,267.0,80.4,67.1,30.6,205.7,27.5,57.5,55.7,187.3,23.9,187.3,205.7,313.8,251.0,121.8,45.8,40.3,216.4,41.5,70.5,100.4,47.3,57.3,21.9,89.6,19.8,79.4,28.9,124.2,18.4,193.1,141.0,202.4,76.5,44.9,21.6,19.1,60.0,139.4,163.0,216.4,118.4,154.9,87.1,202.4,43.1,216.4,133.5,232.4,58.6,285.3,339.2,418.4,202.4,167.3,46.1,45.8,176.8,256.1,660.7,224.1,448.3,339.2,330.3,241.4,196.1,570.6,418.4,298.8,380.4,330.3,404.9,697.4,432.8,482.8,523.0,523.0,285.3,104.6,196.1,190.2,545.8,128.0,63.0,45.1,251.0,129.4,51.0,37.1,216.4,174.3,44.3,52.7,267.0,464.9,627.6,545.8,404.9
202607310601,2026-07-31,06,01R,11:27,2026-07-31T11:18:44.808572+09:00,23.6,37.4,13.9,39.3,68.8,126.4,79.2,131.6,50.2,130.7,53.2,85.6,22.6,64.7,56.0,39.8,91.2,193.4,158.5,114.4,74.9,52.5,20.3,70.3,107.4,197.4,91.2,138.1,80.9,165.3,49.2,102.9,23.1,58.4,37.9,36.9,145.4,288.7,186.0,105.7,137.2,205.8,136.2,230.3,261.4,208.0,118.6,186.0,394.8,312.0,509.1,394.8,189.6,146.5,307.0,189.6,403.0,345.4,420.5,379.3,78.6,244.8,57.5,98.7,90.4,201.5,51.1,83.3,208.0,317.1,205.8,241.8,50.3,36.8,158.5,37.1,199.4,136.2,403.0,112.4,38.9,120.1,78.9,73.8,33.5,73.5,46.0,37.1,152.3,117.2,297.6,169.7,74.1,49.4,158.5,55.9,156.0,90.8,214.9,161.2,184.2,667.1,403.0,345.4,257.9,333.5,351.7,180.8,509.1,358.2,667.1,624.0,552.7,403.0,667.1,509.1,386.9,217.3,496.0,471.8
202607311807,2026-07-31,18,07R,11:31,2026-07-31T11:21:04.364551+09:00,12.5,17.9,24.8,67.3,17.4,19.8,19.7,71.7,46.2,41.7,72.4,68.5,28.7,29.7,76.0,116.3,127.9,178.5,99.7,255.9,57.7,74.5,76.7,219.3,79.9,90.3,98.4,174.5,82.5,82.5,156.7,307.1,94.7,84.3,232.6,284.3,333.8,255.9,590.6,590.6,38.3,33.0,27.5,127.9,102.3,65.0,63.4,196.8,51.1,62.9,48.5,87.2,39.5,62.4,55.2,118.1,404.1,365.6,365.6,365.6,93.6,82.5,103.7,239.9,111.2,119.9,144.8,187.2,88.2,125.8,139.6,365.6,153.5,196.8,130.1,156.7,404.1,590.6,511.9,479.9,73.8,60.9,87.2,239.9,142.1,93.6,153.5,219.3,62.4,98.4,85.3,137.1,134.7,264.7,163.3,333.8,365.6,274.2,333.8,479.9,307.1,404.1,349.0,548.4,451.6,479.9,511.9,479.9,639.8,319.9,264.7,548.4,479.9,365.6,590.6,479.9,639.8,590.6,511.9,548.4
202607310501,2026-07-31,05,01R,11:32,2026-07-31T11:22:37.139576+09:00,11.2,48.7,39.0,51.5,12.4,34.8,26.5,40.3,66.4,70.7,96.8,114.2,48.5,61.3,96.1,66.4,113.2,91.5,185.6,146.8,28.4,67.1,71.4,105.2,40.8,70.7,61.3,74.2,112.2,100.4,143.6,126.0,134.9,121.4,296.9,167.0,193.6,136.3,234.4,193.6,27.9,58.3,37.0,51.9,43.6,73.8,42.1,52.8,111.3,108.6,150.1,109.5,72.2,87.9,153.6,61.5,89.0,79.5,133.6,76.8,162.9,169.1,212.1,256.9,171.3,151.8,219.0,148.4,175.8,173.5,252.1,190.9,190.9,296.9,272.7,164.9,290.5,242.9,267.2,256.9,106.9,102.7,219.0,116.2,126.0,118.2,342.6,66.4,120.3,128.4,97.5,60.7,310.7,417.6,318.1,247.4,145.2,137.7,96.1,247.4,193.6,202.4,381.8,226.5,267.2,196.5,290.5,196.5,193.6,146.8,234.4,132.3,607.4,267.2,351.6,417.6,247.4,190.9,134.9,325.9
202607310803,2026-07-31,08,03R,11:37,2026-07-31T11:28:44.261664+09:00,84.5,126.0,167.1,92.6,65.7,109.8,61.0,51.6,178.8,170.9,134.9,284.8,76.9,91.5,124.0,102.5,73.9,68.6,384.5,156.9,106.8,226.1,233.0,163.6,124.0,274.6,98.5,45.5,295.7,404.7,452.3,366.2,274.6,156.9,427.2,132.5,170.9,106.8,427.2,174.7,82.6,130.3,55.3,43.9,108.3,124.0,46.6,26.7,145.1,139.8,96.1,80.9,63.0,32.0,88.3,9.5,27.6,20.1,76.9,8.1,213.6,307.6,219.7,202.3,404.7,256.3,452.3,248.0,320.4,640.8,219.7,240.3,284.8,480.6,512.7,213.6,591.5,404.7,366.2,320.4,248.0,103.9,404.7,139.8,233.0,98.5,366.2,113.0,150.7,82.6,192.2,19.9,349.5,384.5,233.0,202.3,114.7,78.4,23.4,197.1,85.4,106.8,452.3,248.0,295.7,116.5,452.3,128.1,70.5,59.6,111.4,25.2,480.6,384.5,512.7,591.5,153.8,114.7,38.0,274.6
202607311103,2026-07-31,11,03R,11:40,2026-07-31T11:31:15.880849+09:00,18.6,17.2,46.4,12.7,21.7,19.8,38.2,15.3,22.4,24.6,45.9,12.5,78.9,59.7,88.5,51.5,22.6,26.7,19.7,59.6,66.2,68.5,152.4,49.0,102.7,240.6,284.5,147.7,146.5,272.5,436.1,123.9,339.5,486.5,628.4,344.1,96.4,189.1,144.1,319.2,93.2,87.6,109.8,70.2,135.4,230.8,264.6,168.5,173.3,296.7,344.7,141.9,220.7,344.1,423.8,316.4,129.5,226.8,182.8,324.9,94.7,128.1,156.9,55.0,181.3,331.4,363.4,144.7,230.5,418.9,400.4,227.3,223.4,350.0,437.1,221.8,68.2,118.5,178.3,197.5,243.2,236.9,279.7,213.4,437.1,567.3,723.9,384.2,325.5,601.3,837.9,521.6,333.3,667.8,783.5,391.7,297.6,410.4,495.8,446.9,70.6,96.7,75.6,199.7,123.2,206.6,181.7,372.4,175.0,298.1,220.1,473.8,112.7,196.3,269.3,401.3,354.8,491.8,495.8,443.6
202607311008,2026-07-31,10,08R,11:44,2026-07-31T11:34:24.627797+09:00,8.1,58.2,11.3,118.2,15.7,57.9,15.6,162.9,89.3,121.8,109.6,207.9,15.5,20.0,121.8,169.8,207.9,268.0,402.0,376.8,21.1,113.7,31.4,191.4,34.9,106.7,42.4,389.0,167.5,106.7,389.0,389.0,43.0,48.2,194.5,180.0,482.4,603.0,502.5,446.6,26.7,102.2,36.9,294.1,38.5,39.1,46.2,177.3,223.3,88.0,194.5,354.7,48.2,57.9,121.8,177.3,709.4,463.8,463.8,524.3,180.0,231.9,119.4,219.2,256.5,109.6,236.4,204.4,215.3,194.5,246.1,524.3,160.8,280.4,117.0,246.1,335.0,482.4,389.0,354.7,47.1,49.8,147.0,236.4,62.4,68.1,219.2,162.9,64.8,62.4,215.3,251.2,274.0,294.1,274.0,274.0,463.8,415.8,227.5,376.8,317.3,548.1,709.4,574.2,603.0,446.6,502.5,389.0,861.4,402.0,463.8,603.0,1096,389.0,804.0,753.7,709.4,753.7,236.4,1206
202607311304,2026-07-31,13,04R,11:47,2026-07-31T11:38:40.445067+09:00,16.6,56.7,113.5,17.6,52.8,105.6,141.9,79.6,54.7,119.5,324.4,66.7,100.9,105.6,162.2,168.2,38.8,84.1,100.9,454.2,16.8,33.1,174.6,14.5,23.5,46.8,78.3,20.5,92.6,82.5,302.8,54.7,267.1,302.8,283.8,378.5,18.6,23.7,59.7,239.0,56.0,90.8,92.6,94.6,85.6,70.9,129.7,75.7,156.6,133.5,349.3,162.2,216.2,168.2,267.1,302.8,162.2,116.4,141.9,283.8,75.7,129.7,206.4,82.5,79.6,151.4,283.8,73.2,133.5,156.6,174.6,197.4,567.7,908.4,504.6,168.2,85.6,67.7,100.9,216.2,156.6,216.2,239.0,302.8,378.5,156.6,412.9,168.2,349.3,283.8,567.7,133.5,324.4,1135,757.0,757.0,908.4,349.3,349.3,908.4,60.5,116.4,122.7,908.4,47.8,28.5,82.5,378.5,141.9,74.4,141.9,239.0,174.6,85.6,168.2,267.1,757.0,454.2,227.1,567.7
202607311601,2026-07-31,16,01R,11:51,2026-07-31T11:42:32.583146+09:00,18.1,27.1,117.8,38.4,13.0,5.1,66.7,8.0,18.9,7.0,78.1,9.0,135.3,147.0,189.9,177.5,46.3,19.8,19.2,113.0,162.7,231.7,506.4,147.0,143.9,719.7,310.7,569.7,427.3,719.7,719.7,488.3,455.8,1519,1243,1243,402.1,621.5,506.4,1519,112.0,50.4,107.6,96.9,135.3,273.4,248.6,235.7,93.6,253.2,471.5,139.5,333.5,546.9,804.3,506.4,184.7,350.6,239.9,441.1,192.6,73.9,341.8,101.2,224.1,471.5,759.7,341.8,113.9,546.9,318.0,279.0,911.6,683.7,854.6,488.3,150.2,414.3,325.5,651.1,402.1,390.7,506.4,414.3,350.6,441.1,911.6,402.1,506.4,1051,854.6,488.3,759.7,1709,1051,911.6,976.7,1243,976.7,1051,279.0,201.0,187.3,621.5,621.5,719.7,854.6,1709,273.4,471.5,279.0,911.6,213.6,525.9,379.8,976.7,911.6,1367,1953,1051
202607312308,2026-07-31,23,08R,11:53,2026-07-31T11:44:31.395309+09:00,24.8,19.7,129.8,68.8,27.4,12.9,94.1,90.6,13.0,11.0,65.9,48.7,117.4,146.8,171.2,262.3,123.3,212.6,186.8,587.2,72.1,48.1,300.7,286.7,129.8,80.6,212.6,293.6,65.2,64.5,256.9,286.7,286.7,333.3,324.5,725.4,536.1,1027,536.1,1761,59.2,27.3,164.4,209.0,90.6,55.5,224.2,189.7,23.7,58.4,246.6,168.9,333.3,308.3,373.7,493.2,560.5,880.8,293.6,770.7,18.6,11.2,52.9,38.1,32.1,41.8,98.6,61.9,16.7,51.5,117.4,71.2,74.2,122.1,143.3,138.5,56.0,111.1,108.1,178.7,268.0,560.5,293.6,411.0,373.7,324.5,362.7,198.9,536.1,474.3,362.7,493.2,251.6,536.1,474.3,513.8,1541,1233,649.0,1233,385.3,880.8,493.2,1370,685.1,685.1,685.1,1027,560.5,560.5,440.4,1541,536.1,456.7,440.4,1370,2055,3083,1370,1541
202607310602,2026-07-31,06,02R,11:56,2026-07-31T11:46:28.972014+09:00,36.8,71.6,25.2,19.2,83.9,127.6,71.6,61.1,107.4,163.1,104.8,102.4,32.1,72.2,88.9,37.8,32.0,100.1,122.3,43.1,76.6,72.2,35.5,25.4,98.9,144.4,80.0,77.2,176.2,166.2,129.5,135.5,54.3,91.7,135.5,19.7,35.1,120.6,124.0,19.7,93.7,120.6,82.3,119.0,209.7,102.4,73.4,100.1,225.9,154.5,259.1,244.7,209.7,112.9,209.7,129.5,187.4,160.1,214.8,195.7,191.5,209.7,135.5,195.7,251.7,146.8,179.8,127.6,209.7,303.8,154.5,303.8,179.8,200.2,367.0,172.7,352.4,209.7,677.7,200.2,57.5,124.0,146.8,52.4,69.3,93.7,137.6,37.4,225.9,146.8,183.5,172.7,204.8,244.7,314.6,204.8,69.9,40.7,119.0,124.0,64.3,176.2,191.5,115.9,75.9,127.6,119.0,38.3,137.6,151.9,244.7,214.8,303.8,200.2,677.7,400.4,103.6,45.8,195.7,172.7
202607310502,2026-07-31,05,02R,11:58,2026-07-31T11:48:25.214024+09:00,46.1,45.7,69.8,58.4,38.6,44.1,55.8,93.1,54.0,66.1,85.2,72.8,81.1,100.5,128.9,264.6,82.4,152.3,122.6,386.8,59.8,70.8,239.4,132.3,71.8,44.8,106.9,71.8,106.9,57.8,218.6,62.8,239.4,239.4,386.8,558.7,167.6,89.7,106.9,628.5,62.8,39.9,66.1,58.4,81.1,29.9,86.7,44.1,40.5,25.5,68.8,19.5,152.3,119.7,104.7,179.5,98.6,67.9,33.7,173.4,52.9,61.3,109.3,119.7,88.2,38.9,85.2,35.9,46.9,26.8,73.9,22.7,143.6,209.5,167.6,143.6,116.9,49.7,41.2,201.1,314.2,173.4,228.5,314.2,173.4,122.6,386.8,162.2,251.4,186.2,239.4,228.5,152.3,335.2,239.4,279.3,718.3,457.1,295.8,628.5,239.4,386.8,359.1,838.1,279.3,201.1,186.2,718.3,314.2,157.1,89.7,295.8,162.2,139.6,104.7,335.2,502.8,558.7,359.1,335.2
202607311808,2026-07-31,18,08R,12:02,2026-07-31T11:52:48.494707+09:00,26.7,34.9,17.7,40.5,34.4,57.5,13.3,37.0,101.5,101.5,57.2,59.5,11.8,11.0,39.8,9.3,89.8,89.1,88.4,32.9,64.8,63.8,56.9,77.8,315.5,556.0,556.0,449.1,191.4,449.1,449.1,583.8,191.4,729.7,1061,507.6,530.7,686.8,778.4,507.6,111.2,169.2,55.3,153.6,307.2,228.9,265.3,307.2,343.4,307.2,778.4,364.8,107.1,389.2,364.8,299.4,432.4,834.0,973.0,556.0,194.6,343.4,121.6,238.3,291.9,353.8,315.5,271.5,648.7,686.8,614.5,729.7,265.3,467.0,417.0,238.3,583.8,530.7,1167,432.4,20.6,19.1,50.5,14.4,149.7,376.6,449.1,278.0,89.1,278.0,307.2,144.1,208.5,729.7,648.7,259.4,45.4,174.2,126.9,299.4,79.9,84.6,95.7,47.2,778.4,898.2,973.0,686.8,729.7,507.6,898.2,729.7,729.7,686.8,1297,449.1,96.5,973.0,686.8,467.0
202607310804,2026-07-31,08,04R,12:08,2026-07-31T11:58:23.615203+09:00,44.3,85.1,114.0,27.7,67.3,132.3,168.4,121.5,97.5,157.7,114.0,121.5,101.5,255.5,231.6,308.8,38.0,110.6,176.4,218.0,34.6,80.5,104.3,16.0,42.1,83.2,92.6,17.9,117.6,172.3,154.4,34.4,121.5,154.4,161.1,59.7,12.0,11.4,22.5,24.3,125.6,185.3,180.7,195.0,91.5,137.2,151.2,59.2,161.1,139.8,411.7,247.0,390.1,255.5,308.8,322.2,200.3,64.4,411.7,390.1,104.3,180.7,218.0,119.5,176.4,125.6,255.5,78.8,195.0,285.0,308.8,352.9,264.7,285.0,463.2,164.7,239.1,105.8,308.8,264.7,336.9,390.1,352.9,231.6,205.8,180.7,285.0,151.2,529.4,411.7,411.7,274.5,336.9,322.2,352.9,231.6,336.9,180.7,411.7,390.1,48.4,115.8,200.3,205.8,26.5,19.6,33.6,43.6,121.5,49.0,200.3,211.7,296.4,110.6,411.7,255.5,205.8,164.7,336.9,264.7
202607311104,2026-07-31,11,04R,12:11,2026-07-31T12:01:30.646069+09:00,12.3,28.0,11.8,22.8,12.2,32.1,8.6,18.8,48.0,51.0,40.7,51.5,14.5,11.4,38.4,19.4,71.0,61.9,99.8,50.0,73.7,159.4,81.8,143.0,107.7,562.6,216.5,410.0,357.1,657.2,635.1,617.8,154.3,232.5,588.9,332.4,406.3,629.8,766.0,561.2,64.3,141.2,37.0,100.6,129.1,427.8,199.0,322.5,318.0,514.1,374.1,416.0,65.0,169.8,299.9,152.1,290.7,455.3,471.4,288.5,296.8,323.0,251.3,374.8,533.5,678.9,663.0,624.6,442.0,889.2,488.7,624.6,358.2,568.3,572.6,438.6,614.5,787.3,878.9,706.4,58.8,43.5,148.2,62.6,147.4,208.6,507.2,254.5,77.3,212.1,449.9,168.9,326.2,624.6,566.9,426.2,133.3,275.1,216.3,385.6,304.7,316.2,568.3,229.9,491.8,562.6,910.6,687.1,488.7,821.6,1021,533.5,1054,1245,1273,1232,240.9,529.8,384.3,666.9
202607311009,2026-07-31,10,09R,12:14,2026-07-31T12:04:48.356324+09:00,26.1,27.4,57.3,33.1,44.0,34.6,47.4,45.0,41.0,41.4,50.8,40.2,74.6,64.5,90.4,59.1,92.0,204.9,172.6,222.7,68.6,63.5,76.4,79.2,93.1,51.0,73.1,113.0,75.3,57.1,89.8,76.4,125.9,109.0,129.1,90.4,136.0,155.2,108.2,155.2,36.1,45.4,47.1,72.8,70.8,44.6,55.8,119.1,101.1,54.3,101.7,139.7,142.3,117.3,133.6,129.1,264.9,232.8,240.1,213.4,66.5,100.4,51.4,69.8,77.6,49.7,69.8,61.4,99.8,61.7,113.8,113.0,63.5,60.9,103.8,54.6,104.5,71.8,127.0,87.8,152.1,232.8,143.6,189.7,155.2,137.2,150.6,176.6,274.4,161.7,274.4,222.7,165.2,134.8,232.8,117.3,301.3,264.9,204.9,158.4,187.4,125.9,284.6,289.9,226.0,112.1,189.7,207.6,394.0,243.9,247.8,394.0,279.4,132.4,279.4,187.4,349.3,357.4,289.9,236.4
202607312201,2026-07-31,22,01R,12:16,2026-07-31T12:06:48.837065+09:00,10.2,23.5,17.1,142.0,10.1,18.4,7.9,179.0,31.9,27.5,14.3,175.5,14.1,8.3,11.3,76.5,208.1,194.5,271.2,190.4,127.8,175.5,213.1,745.9,182.6,596.7,255.7,559.4,263.2,426.2,639.3,813.7,218.3,271.2,813.7,813.7,471.1,813.7,895.1,1118,79.9,84.4,66.3,406.8,131.6,308.6,179.0,389.1,131.6,165.7,248.6,596.7,109.1,179.0,194.5,471.1,596.7,813.7,1118,1118,223.7,190.4,65.3,426.2,271.2,319.6,298.3,559.4,389.1,526.5,406.8,1118,99.4,688.5,344.2,471.1,358.0,813.7,994.5,1118,79.2,45.4,52.6,190.4,213.1,203.4,358.0,471.1,79.9,131.6,198.9,426.2,90.4,596.7,213.1,994.5,596.7,895.1,596.7,994.5,358.0,596.7,447.5,596.7,745.9,994.5,813.7,895.1,471.1,596.7,1118,994.5,559.4,497.2,1118,994.5,596.7,994.5,895.1,994.5
202607311305,2026-07-31,13,05R,12:20,2026-07-31T12:11:11.112636+09:00,28.3,55.2,29.5,177.6,59.4,184.7,64.4,355.3,123.7,230.9,192.4,338.0,51.7,80.1,187.2,447.0,277.1,554.3,602.5,769.9,18.9,30.6,18.3,197.9,32.6,35.2,12.8,195.1,78.2,53.9,30.3,192.4,17.6,11.3,19.9,127.1,554.3,407.6,577.4,461.9,71.8,197.9,82.9,513.2,82.0,75.7,36.9,266.5,266.5,147.4,81.0,288.7,98.9,45.8,67.2,288.7,989.8,433.0,384.9,355.3,155.7,301.2,243.1,461.9,161.1,123.7,68.6,322.2,355.3,206.8,75.3,355.3,200.8,72.5,71.4,261.4,866.1,1066,329.9,447.0,54.5,78.7,135.8,288.7,39.0,23.7,44.2,142.8,92.3,42.6,68.9,187.2,195.1,76.9,76.9,294.8,815.2,477.8,243.1,447.0,769.9,1066,815.2,1385,815.2,407.6,923.9,447.0,554.3,477.8,238.9,261.4,1385,815.2,461.9,533.0,1259,554.3,271.7,577.4
202607311602,2026-07-31,16,02R,12:22,2026-07-31T12:12:32.279194+09:00,29.2,58.2,156.1,131.4,31.7,37.6,54.1,110.3,73.2,64.6,223.7,133.5,183.9,229.9,295.6,591.3,168.9,179.9,229.9,752.5,35.0,68.4,486.9,70.7,21.3,20.6,93.0,51.7,73.2,39.0,250.8,127.3,413.9,179.9,376.2,394.2,179.9,121.7,206.9,459.9,22.6,25.2,50.4,33.3,18.0,15.6,70.7,24.4,27.9,19.2,91.9,37.9,258.7,121.7,172.4,197.1,113.4,86.2,77.3,197.1,66.2,62.2,197.1,98.5,59.1,42.2,121.7,80.3,43.3,32.0,97.3,55.1,459.9,212.2,275.9,140.3,172.4,116.5,113.4,206.9,413.9,236.5,359.9,344.9,295.6,206.9,435.7,275.9,306.6,217.8,394.2,306.6,636.8,517.4,517.4,413.9,752.5,1182,459.9,591.3,331.1,376.2,413.9,752.5,486.9,179.9,459.9,1182,236.5,212.2,142.7,459.9,551.9,359.9,217.8,435.7,1182,636.8,591.3,551.9
202607312309,2026-07-31,23,09R,12:24,2026-07-31T12:14:37.344290+09:00,22.9,53.7,71.7,45.7,28.6,77.3,45.2,61.7,74.4,153.1,173.0,115.3,82.0,58.9,159.2,118.8,71.0,113.7,284.3,227.4,36.1,89.4,90.4,73.7,21.0,70.4,13.7,18.9,153.1,139.6,221.1,256.8,90.4,24.2,221.1,67.4,118.8,65.2,284.3,113.7,41.2,113.7,73.7,87.4,39.6,51.7,13.7,18.1,176.9,107.5,162.4,144.7,90.4,26.4,144.7,35.0,162.4,74.4,221.1,82.0,134.9,189.5,173.0,318.4,241.2,176.9,294.8,162.4,176.9,284.3,234.1,442.3,227.4,442.3,284.3,398.1,398.1,331.7,497.6,995.2,132.7,331.7,234.1,256.8,169.4,51.0,194.1,77.3,227.4,49.7,215.1,88.4,256.8,530.8,379.1,419.0,442.3,159.2,147.4,884.6,118.8,379.1,398.1,419.0,156.1,142.1,306.2,256.8,318.4,120.6,234.1,248.8,442.3,331.7,530.8,1137,884.6,346.1,294.8,1137
202607310503,2026-07-31,05,03R,12:26,2026-07-31T12:16:36.360229+09:00,19.5,18.3,12.1,40.7,34.3,27.8,26.6,92.6,27.3,55.9,22.0,60.2,11.8,26.9,18.4,30.8,66.4,117.4,82.8,74.9,33.3,85.9,82.8,143.7,39.8,190.3,167.7,281.7,160.1,207.1,180.6,281.7,117.4,220.1,227.2,391.3,213.4,320.2,414.3,640.4,88.0,67.7,71.1,270.9,111.8,93.9,156.5,153.1,100.6,135.4,220.1,115.4,143.7,176.1,146.7,293.5,370.7,391.3,293.5,503.1,85.9,132.9,46.3,153.1,190.3,234.8,113.6,234.8,163.8,281.7,156.5,260.9,44.0,128.0,171.8,146.7,220.1,469.6,440.2,335.4,52.1,95.1,55.4,106.7,85.9,125.7,149.8,171.8,160.1,190.3,270.9,227.2,97.8,190.3,227.2,180.6,281.7,370.7,260.9,587.0,153.1,391.3,414.3,293.5,270.9,469.6,587.0,587.0,541.9,306.2,391.3,541.9,320.2,335.4,704.4,541.9,335.4,541.9,440.2,1006
202607310603,2026-07-31,06,03R,12:30,2026-07-31T12:20:29.264480+09:00,45.4,70.0,132.9,52.2,39.1,24.0,61.0,18.0,100.4,51.0,151.9,47.8,112.3,140.1,200.9,161.4,77.2,29.9,48.6,148.2,129.1,170.5,254.6,168.9,130.0,119.7,194.4,71.4,200.9,145.8,258.3,141.2,341.1,301.3,393.0,262.0,196.5,110.9,158.6,420.4,39.5,25.4,69.8,17.0,107.6,76.2,124.6,52.5,39.5,62.7,110.9,21.2,200.9,180.8,228.8,122.1,22.2,38.3,18.7,83.3,154.5,98.2,158.6,89.5,226.0,121.3,317.2,144.6,75.9,123.0,139.0,45.3,354.5,376.6,287.0,220.5,94.1,118.1,51.5,172.2,354.5,251.1,322.8,234.8,341.1,207.8,441.0,196.5,401.8,273.9,311.7,247.6,463.6,583.2,488.6,463.6,463.6,547.9,376.6,516.6,109.5,49.8,82.9,287.0,120.5,98.8,134.9,258.3,44.9,76.2,33.5,162.8,121.3,168.9,63.8,322.8,420.4,531.7,430.5,334.8
202607311809,2026-07-31,18,09R,12:33,2026-07-31T12:24:35.286940+09:00,11.7,22.5,33.8,21.4,11.3,18.7,28.2,9.2,37.1,33.1,50.2,22.9,45.0,48.8,64.5,49.7,28.9,18.7,32.2,61.7,94.3,94.3,142.9,138.9,158.8,370.5,384.8,312.6,112.4,212.8,256.5,345.0,188.7,345.0,384.8,435.0,200.1,322.7,345.0,500.2,62.5,55.2,76.3,49.2,166.7,158.8,227.3,212.8,113.6,175.5,312.6,196.1,161.3,222.3,322.7,277.9,89.3,333.5,256.5,416.8,103.1,103.1,88.5,113.6,137.0,227.3,147.1,222.3,158.8,333.5,277.9,277.9,232.6,285.8,303.1,263.2,166.7,294.2,400.2,370.5,153.9,156.3,158.8,172.5,345.0,277.9,454.7,303.1,285.8,370.5,555.8,384.8,263.2,588.5,625.3,454.7,476.4,625.3,714.6,769.6,76.9,53.5,128.2,178.6,322.7,333.5,500.2,667.0,102.0,185.2,285.8,625.3,277.9,312.6,435.0,500.2,588.5,833.7,909.5,909.5
202607310805,2026-07-31,08,05R,12:39,2026-07-31T12:31:21.779141+09:00,14.8,5.3,25.8,21.5,26.6,21.8,51.4,49.7,6.1,16.5,19.5,21.9,58.0,110.5,56.3,129.7,73.5,210.1,82.9,213.1,93.8,34.8,184.2,163.9,157.0,271.3,514.5,466.3,46.9,216.2,252.9,271.3,392.7,552.6,596.9,596.9,355.3,452.2,466.3,877.8,125.4,90.9,127.5,135.6,186.5,216.2,298.4,331.6,146.3,196.3,331.6,310.8,426.3,403.3,710.6,710.6,932.6,785.4,932.6,1147,20.6,96.2,85.2,58.2,33.4,171.5,177.6,144.8,177.6,310.8,532.9,532.9,140.7,252.9,497.4,149.2,193.8,193.8,438.9,229.5,216.2,426.3,310.8,204.4,347.0,452.2,497.4,310.8,573.9,678.3,1065,514.5,298.4,298.4,678.3,252.9,452.2,829.0,829.0,710.6,347.0,829.0,438.9,497.4,426.3,292.6,514.5,710.6,785.4,596.9,785.4,1492,497.4,466.3,994.8,994.8,414.5,1065,1147,932.6
202607312202,2026-07-31,22,02R,12:41,2026-07-31T12:31:21.779141+09:00,26.0,12.3,9.5,113.8,43.5,33.9,64.6,211.9,19.0,29.6,17.4,153.6,18.0,67.5,31.6,102.4,166.1,192.0,409.7,245.8,43.5,27.6,34.5,227.6,74.9,93.1,115.9,192.0,65.3,107.8,39.9,175.6,55.8,87.8,50.3,142.9,279.3,472.7,409.7,512.1,79.8,36.8,85.3,256.0,118.1,166.1,107.8,256.0,36.3,94.5,279.3,409.7,122.9,149.9,175.6,323.4,341.4,768.2,614.6,558.7,73.1,37.7,89.0,267.2,72.3,113.8,79.8,227.6,48.0,227.6,198.2,512.1,81.9,91.7,102.4,109.7,878.0,768.2,878.0,292.6,102.4,111.7,76.8,211.9,70.6,109.7,85.3,149.9,211.9,341.4,256.0,256.0,113.8,125.4,175.6,192.0,384.1,472.7,384.1,472.7,558.7,768.2,878.0,341.4,1024,1229,878.0,768.2,682.9,384.1,682.9,558.7,2048,409.7,878.0,558.7,341.4,682.9,768.2,439.0
202607311105,2026-07-31,11,05R,12:43,2026-07-31T12:34:21.824519+09:00,17.1,15.6,47.8,25.3,17.6,8.9,30.2,14.3,16.8,11.3,30.6,10.9,89.7,63.4,75.0,62.3,48.2,34.1,25.1,77.2,91.8,106.0,199.0,130.2,151.7,360.0,433.1,374.7,190.3,378.3,543.5,250.7,483.3,701.6,830.9,636.6,323.5,560.1,372.1,788.1,96.0,53.6,104.9,67.6,207.8,331.3,406.2,323.9,79.0,268.6,246.6,102.6,284.7,492.0,442.9,382.5,168.3,379.9,158.4,370.1,96.1,69.4,149.9,49.4,238.3,412.9,513.1,234.2,124.5,378.3,296.3,123.8,277.8,524.9,455.3,215.3,74.7,189.1,126.7,193.9,359.5,315.0,390.1,356.7,648.7,694.5,1018,665.9,447.2,766.1,821.0,635.2,498.2,989.3,816.1,425.7,582.7,913.7,639.6,478.3,157.2,134.4,88.4,272.3,316.1,437.2,372.1,604.5,224.1,462.2,186.8,453.1,113.6,280.6,172.8,316.5,492.0,699.8,510.2,394.6
202607311010,2026-07-31,10,10R,12:47,2026-07-31T12:38:41.737026+09:00,4.9,9.5,22.7,12.3,14.4,26.3,45.5,34.1,19.2,35.8,46.7,39.7,60.1,72.4,93.1,73.2,36.5,62.8,79.5,84.0,28.7,44.0,86.2,43.8,76.7,220.7,261.1,211.9,121.5,168.5,328.1,243.9,276.7,274.7,481.6,306.4,143.1,188.2,346.5,515.0,48.7,77.7,106.2,143.1,87.4,171.6,218.1,220.7,223.4,261.1,314.2,421.4,242.3,356.5,268.7,390.3,545.3,426.2,699.7,628.5,77.0,105.6,94.1,108.7,143.1,174.9,266.7,188.2,230.3,457.8,294.3,618.0,133.8,248.8,180.9,180.0,266.7,306.4,299.0,353.1,237.7,157.8,171.6,276.7,363.5,236.2,469.4,398.7,334.0,416.6,343.3,522.3,219.4,487.9,220.7,363.5,607.9,588.6,255.7,494.4,187.2,292.0,501.1,806.1,242.3,259.3,713.1,842.8,824.1,570.5,772.5,699.7,686.7,650.6,412.0,772.5,882.9,1236,337.1,882.9
202607310504,2026-07-31,05,04R,12:52,2026-07-31T12:42:23.807978+09:00,35.2,68.5,70.4,80.3,21.5,25.8,20.3,76.7,74.5,59.1,60.5,98.8,51.9,54.1,119.5,107.1,102.8,205.7,171.4,367.3,84.3,100.8,395.5,257.1,91.8,151.2,142.8,165.8,214.2,205.7,302.5,270.6,244.8,244.8,642.8,302.5,302.5,244.8,571.4,642.8,26.1,14.3,18.9,84.3,60.5,37.8,42.8,77.9,25.5,35.4,15.1,66.7,31.3,42.1,24.9,65.9,142.8,214.2,114.2,190.4,100.8,79.1,75.6,171.4,205.7,62.7,131.8,146.9,68.5,59.1,43.9,151.2,90.2,244.8,88.6,165.8,270.6,285.7,302.5,395.5,233.7,128.5,177.3,205.7,155.8,100.8,428.5,151.2,155.8,131.8,128.5,116.8,223.5,321.4,138.9,233.7,395.5,367.3,223.5,367.3,367.3,244.8,367.3,467.5,642.8,321.4,467.5,428.5,467.5,223.5,302.5,342.8,514.2,257.1,514.2,642.8,467.5,428.5,342.8,571.4
202607312310,2026-07-31,23,10R,12:56,2026-07-31T12:46:28.879632+09:00,25.5,77.4,123.3,40.8,29.7,75.4,85.8,33.0,102.0,108.6,162.2,72.6,133.0,105.7,185.0,139.3,64.3,75.9,197.3,320.0,60.1,137.7,215.3,69.6,55.0,80.5,70.9,13.4,179.4,191.0,394.7,236.8,223.4,241.6,338.3,348.3,113.8,23.5,182.2,257.4,39.3,85.2,97.0,31.4,48.9,49.1,62.0,11.0,149.9,97.8,215.3,73.5,144.4,105.7,241.6,78.9,40.1,11.5,42.9,52.4,211.4,246.7,227.7,311.6,303.6,194.1,408.3,164.4,219.3,236.8,370.1,204.1,382.0,592.1,592.1,514.9,148.0,251.9,139.3,657.9,263.1,296.0,171.6,623.3,370.1,207.7,328.9,174.1,394.7,257.4,370.1,303.6,311.6,696.6,657.9,789.5,789.5,696.6,358.8,845.9,66.5,98.6,303.6,328.9,97.0,19.4,174.1,232.2,63.3,19.5,70.4,157.9,204.1,257.4,128.7,657.9,740.2,657.9,288.8,592.1
202607311306,2026-07-31,13,06R,13:01,2026-07-31T12:51:10.221315+09:00,32.5,16.2,45.0,63.7,38.0,13.1,26.6,60.8,11.8,8.3,6.7,14.5,54.3,34.1,16.9,58.0,137.3,131.5,57.7,122.9,213.8,97.4,313.6,522.6,308.4,522.6,330.1,522.6,182.6,495.1,537.6,752.6,553.4,553.4,672.0,784.0,508.5,696.9,940.8,1176,216.2,74.0,179.2,336.0,336.0,294.0,418.1,553.4,107.5,368.9,361.8,570.2,257.7,294.0,495.1,696.9,570.2,588.0,723.7,723.7,40.2,39.8,23.5,42.5,97.4,324.4,294.0,336.0,91.3,308.4,134.4,361.8,39.8,188.1,132.5,108.7,79.7,294.0,285.1,186.3,180.9,211.4,80.0,221.3,392.0,348.4,537.6,648.8,298.6,289.4,376.3,409.0,95.5,418.1,470.4,336.0,418.1,648.8,588.0,418.1,553.4,553.4,265.0,752.6,672.0,522.6,855.3,1254,537.6,627.2,723.7,482.4,458.9,818.1,1045,990.3,1344,1344,553.4,855.3
202607311603,2026-07-31,16,03R,12:59,2026-07-31T12:51:10.221315+09:00,32.1,20.9,55.7,23.7,34.9,15.0,47.2,25.4,18.3,13.4,30.4,10.5,124.3,113.6,85.5,94.4,29.6,48.0,24.9,102.2,288.0,120.8,401.8,96.5,292.9,326.0,213.3,576.0,203.3,411.4,691.2,352.6,454.7,454.7,909.5,751.3,200.9,664.6,480.0,822.9,130.9,54.8,65.7,85.1,288.0,227.3,224.4,308.5,52.0,110.7,122.5,84.7,261.8,274.3,292.9,274.3,172.8,367.6,194.1,360.0,41.0,29.0,40.8,18.1,99.8,203.3,250.4,174.5,58.5,176.3,151.5,83.4,91.9,233.5,227.3,93.9,42.5,104.7,86.8,119.1,384.0,176.3,227.3,218.7,421.5,270.0,1016,421.5,320.0,320.0,432.0,213.3,360.0,785.5,909.5,454.7,691.2,960.0,112.9,617.1,122.5,189.9,99.3,454.7,183.8,454.7,480.0,785.5,360.0,432.0,243.4,139.3,140.5,345.6,352.6,617.1,1080,1329,152.9,720.0
202607310604,2026-07-31,06,04R,13:03,2026-07-31T12:54:36.201889+09:00,10.5,9.8,11.7,19.1,16.1,18.6,16.6,36.9,16.9,30.7,27.4,37.8,24.7,30.5,45.4,49.7,54.6,106.8,84.9,83.1,67.7,73.1,75.3,111.7,123.0,206.8,146.2,240.1,167.6,262.8,281.8,281.8,160.7,173.6,374.0,259.3,249.3,442.0,405.1,648.2,90.8,99.7,79.7,139.9,166.2,153.1,115.0,240.1,180.0,187.0,246.1,262.8,139.9,160.7,246.1,202.5,270.1,360.1,277.8,474.3,87.2,137.9,84.5,120.0,147.3,183.4,294.6,216.0,213.7,366.9,243.1,381.3,154.3,270.1,360.1,249.3,303.8,381.3,511.7,335.3,115.7,117.1,150.7,146.2,173.6,211.3,374.0,200.4,164.8,234.3,273.9,286.0,202.5,388.9,396.9,347.2,259.3,572.0,388.9,463.0,318.8,347.2,318.8,290.2,347.2,347.2,442.0,432.1,405.1,413.7,486.2,589.3,452.2,486.2,845.5,1215,353.6,777.9,670.6,396.9
202607311810,2026-07-31,18,10R,13:05,2026-07-31T12:56:28.788658+09:00,11.6,18.3,29.8,48.8,10.8,9.2,15.9,29.4,25.3,17.6,33.6,33.9,60.5,50.0,77.5,89.9,101.0,98.0,89.4,105.0,62.3,72.9,118.7,180.8,82.6,222.9,206.0,312.9,109.2,219.9,307.0,406.8,214.1,369.8,417.3,602.7,396.9,625.9,651.0,1085,27.2,22.6,31.1,54.2,105.0,115.4,134.5,211.3,54.4,101.7,68.6,95.1,82.6,167.7,99.8,126.1,180.8,428.2,180.8,246.5,145.3,96.3,112.2,159.5,191.4,229.2,325.5,339.0,125.1,319.1,144.0,369.8,211.3,346.2,167.7,280.6,353.8,478.6,625.9,508.5,193.7,139.1,182.8,164.3,346.2,369.8,396.9,285.5,180.8,262.5,171.3,226.0,258.3,406.8,250.3,353.8,319.1,417.3,290.6,417.3,325.5,307.0,465.0,417.3,707.6,813.7,856.5,1017,452.0,452.0,493.1,396.9,439.8,651.0,678.1,561.2,465.0,1162,625.9,602.7
202607310806,2026-07-31,08,06R,13:10,2026-07-31T13:01:51.719574+09:00,10.7,42.8,10.3,62.5,15.5,23.4,7.5,74.8,66.0,90.9,68.9,215.4,12.8,10.8,50.9,55.1,110.2,200.0,341.5,191.8,65.7,142.8,35.2,144.3,101.4,259.2,93.3,225.8,194.4,378.4,269.2,451.6,59.8,74.0,177.2,197.2,297.9,437.5,424.2,666.7,76.0,117.6,35.2,269.2,112.0,191.8,109.3,237.3,215.4,225.8,229.5,482.8,59.0,102.2,170.7,208.9,500.0,583.4,736.9,411.8,148.9,437.5,274.5,378.4,411.8,304.3,359.0,325.6,400.0,518.5,291.7,518.5,254.5,400.0,333.3,466.7,608.7,451.6,823.6,583.4,27.4,29.7,98.6,80.0,61.1,90.9,200.0,250.0,52.8,103.7,233.3,218.7,194.4,274.5,233.3,411.8,215.4,368.4,318.2,518.5,274.5,583.4,666.7,400.0,368.4,424.2,875.1,666.7,777.8,437.5,1000,700.0,823.6,500.0,1400,1000,333.3,1000,700.0,933.4
202607311106,2026-07-31,11,06R,13:14,2026-07-31T13:04:40.238930+09:00,10.0,10.8,17.9,46.7,16.8,19.6,22.5,63.2,20.4,28.9,28.5,55.5,38.8,36.7,46.4,83.1,178.7,190.3,162.5,201.8,26.5,23.2,34.6,97.1,48.1,71.4,80.2,251.0,48.6,82.4,72.7,193.2,97.7,110.5,109.5,259.5,453.2,570.3,508.7,570.3,54.8,60.9,55.4,172.8,75.2,108.7,101.5,284.1,93.7,109.8,105.1,243.7,97.3,113.9,131.7,276.4,433.2,602.5,449.1,551.0,71.4,117.5,119.6,229.8,103.2,161.0,160.1,323.5,162.8,210.8,177.3,352.3,156.5,164.6,192.7,265.6,505.6,554.8,536.6,523.9,117.2,108.3,132.3,249.7,162.5,162.8,194.9,308.4,160.9,196.9,239.9,423.5,215.4,247.9,257.0,483.6,462.7,578.3,493.4,515.1,643.6,592.3,895.0,1094,851.4,834.1,1075,1162,694.7,1270,915.0,1119,1075,1061,1030,1232,932.4,1251,857.4,935.9
202607312203,2026-07-31,22,03R,13:12,2026-07-31T13:04:40.238930+09:00,39.9,178.1,113.1,196.3,35.3,18.4,31.9,113.1,145.7,29.5,115.8,356.2,133.5,75.1,155.1,178.1,282.9,282.9,801.5,291.4,135.4,240.4,384.7,687.0,99.1,124.9,200.3,200.3,192.3,126.5,267.1,874.4,274.8,188.6,437.2,601.1,480.9,961.8,1068,874.4,23.1,11.2,23.0,50.3,44.1,45.1,62.8,103.4,11.1,23.8,11.9,24.1,33.9,47.6,16.9,33.7,147.9,209.1,59.0,71.2,223.6,48.5,129.9,246.6,331.6,141.4,155.1,356.2,42.5,89.0,41.2,87.4,184.9,213.7,76.3,152.6,687.0,961.8,213.7,343.5,384.7,184.9,369.9,246.6,343.5,218.6,418.2,418.2,141.4,168.7,92.4,157.6,565.8,437.2,147.9,300.5,384.7,641.2,223.6,418.2,687.0,739.9,1202,400.7,1374,1374,1202,874.4,801.5,601.1,310.2,310.2,1202,506.2,343.5,331.6,369.9,874.4,458.0,369.9
202607311011,2026-07-31,10,11R,13:20,2026-07-31T13:11:20.787572+09:00,10.0,15.5,33.5,29.8,12.2,14.2,35.3,37.0,28.4,38.0,53.9,49.7,68.2,73.3,108.8,88.6,62.1,66.3,85.6,95.1,27.5,42.5,87.5,70.9,43.4,56.4,139.1,132.7,93.5,95.7,235.7,168.8,191.4,261.7,347.9,185.2,176.1,252.4,264.1,291.1,27.4,33.5,62.9,80.5,41.2,48.8,115.0,113.2,70.7,68.2,162.1,149.3,164.9,205.2,245.9,228.2,163.9,202.3,250.2,317.0,105.6,109.3,168.8,167.8,144.8,122.4,243.8,192.7,119.8,127.3,266.6,294.1,200.9,347.9,361.1,310.1,285.3,335.6,460.1,385.5,261.7,320.5,339.6,361.1,331.7,407.5,559.4,432.2,343.7,407.5,425.8,548.6,538.3,582.2,634.0,518.7,607.0,594.3,634.0,620.2,60.9,94.1,195.4,152.5,108.4,133.9,269.1,271.7,133.3,147.8,274.3,390.8,343.7,245.9,375.4,452.8,214.5,425.8,438.9,559.4
202607310505,2026-07-31,05,05R,13:23,2026-07-31T13:14:44.679241+09:00,45.3,27.2,69.8,183.3,43.6,22.4,51.5,230.3,20.5,18.7,22.9,153.5,116.7,97.4,53.7,304.4,247.0,487.0,327.8,655.7,138.6,89.7,159.3,501.4,189.4,131.1,168.7,437.1,103.3,114.4,90.6,315.7,205.4,230.3,139.7,549.9,774.9,608.8,710.3,774.9,100.2,45.9,73.1,315.7,173.9,103.3,159.3,254.4,43.4,83.1,41.7,321.6,131.1,191.5,77.4,340.9,608.8,811.8,426.2,741.2,26.7,17.4,15.5,128.1,39.1,44.2,40.3,191.5,20.8,29.5,18.9,86.9,18.1,33.4,16.3,67.6,460.7,448.6,460.7,227.3,227.3,195.9,121.7,487.0,243.5,189.4,202.9,370.6,205.4,250.7,102.7,437.1,95.2,127.2,75.7,210.4,2131,1420,710.3,473.5,852.4,947.1,1002,897.2,1311,852.4,1065,1217,947.1,587.8,774.9,1065,1217,710.3,1136,487.0,1420,947.1,1002,532.7
202607311604,2026-07-31,16,04R,13:27,2026-07-31T13:18:34.067221+09:00,107.0,78.9,39.4,72.4,145.6,193.5,97.4,166.2,91.7,243.5,151.9,96.7,21.8,31.5,106.2,57.6,118.7,201.8,168.1,99.4,158.7,107.8,52.5,66.9,183.4,271.6,75.1,138.5,148.7,196.2,68.5,118.7,49.5,62.7,61.9,28.4,141.2,201.8,153.5,65.7,313.9,235.4,90.5,256.8,344.5,247.8,145.6,142.7,371.7,313.9,282.5,243.5,183.4,172.2,294.3,125.0,252.2,328.5,288.3,198.9,204.7,300.5,122.8,121.7,220.7,252.2,72.8,111.2,252.2,353.1,201.8,235.4,69.9,48.8,141.2,32.7,158.7,125.0,204.7,66.0,31.9,75.9,89.4,34.6,23.1,50.0,24.7,22.1,158.7,130.8,231.6,83.1,98.7,25.5,193.5,37.8,41.3,22.4,52.3,40.1,170.2,282.5,392.4,164.2,193.5,261.6,256.8,95.4,455.7,470.9,336.3,282.5,614.2,371.7,62.5,172.2,128.4,84.0,198.9,103.8
202607310605,2026-07-31,06,05R,13:29,2026-07-31T13:21:03.349548+09:00,29.0,74.5,33.1,60.0,58.5,82.4,40.3,110.4,131.5,95.9,101.7,136.1,34.3,42.1,89.3,119.4,130.0,216.7,156.0,188.8,47.5,131.5,35.7,118.2,42.2,82.4,15.7,98.3,154.0,106.4,128.6,162.5,25.0,16.9,93.6,75.0,205.3,249.0,234.1,278.7,60.9,105.4,43.8,127.2,64.6,77.5,21.7,99.2,209.0,113.6,137.7,177.3,62.9,28.4,98.3,97.5,249.0,220.8,188.8,229.5,205.3,390.2,158.1,195.1,209.0,130.0,182.9,160.3,266.0,238.8,131.5,238.8,154.0,156.0,152.0,160.3,300.1,249.0,325.1,272.2,34.8,63.2,174.7,120.6,32.0,16.8,118.2,68.4,75.0,30.6,101.7,128.6,164.8,164.8,144.5,154.0,205.3,234.1,201.8,212.8,285.5,354.7,292.6,403.6,260.1,174.7,260.1,229.5,450.2,266.0,344.2,316.3,418.0,316.3,650.3,688.5,450.2,468.2,325.1,390.2
202607312311,2026-07-31,23,11R,13:31,2026-07-31T13:21:03.349548+09:00,24.0,13.3,90.0,47.8,23.8,17.5,79.2,40.5,15.1,15.0,80.8,30.6,153.8,115.7,125.8,123.8,118.2,88.5,85.2,310.8,49.5,29.8,127.8,101.6,91.0,46.3,223.2,124.8,56.0,40.7,214.2,78.0,214.2,360.2,182.1,288.2,174.1,174.1,114.0,323.4,65.7,42.7,128.8,72.3,120.0,48.9,190.9,97.8,57.0,55.4,203.2,47.7,243.8,288.2,323.4,360.2,180.1,243.8,88.0,352.2,29.0,43.6,123.8,62.1,60.5,34.9,180.1,68.0,42.7,41.8,233.1,77.7,200.6,268.6,299.0,155.4,100.9,104.2,109.3,184.3,211.3,278.0,247.6,377.4,304.8,278.0,310.8,186.4,440.3,480.3,417.1,528.3,288.2,452.8,428.4,323.4,566.1,528.3,440.3,495.3,180.1,211.3,233.1,834.2,217.1,283.0,226.4,689.1,264.1,259.8,233.1,792.5,255.6,217.1,293.5,634.0,255.6,834.2,880.6,660.4
202607311307,2026-07-31,13,07R,13:35,2026-07-31T13:26:35.121040+09:00,11.0,33.1,23.4,7.2,24.3,131.9,63.0,34.5,111.3,148.8,246.1,185.5,85.9,124.2,319.9,107.5,13.8,43.3,123.0,89.5,17.0,44.4,28.6,8.2,38.3,250.9,110.3,56.1,143.8,426.6,387.8,290.8,95.5,206.4,319.9,120.7,14.9,60.0,232.7,96.9,75.7,387.8,166.2,79.9,118.5,199.9,177.7,159.9,474.0,345.9,853.3,556.5,246.1,175.3,511.9,228.5,290.8,216.9,556.5,365.7,193.9,639.9,511.9,441.3,250.9,441.3,412.8,355.5,511.9,474.0,511.9,711.0,799.9,556.5,914.2,387.8,609.5,752.9,426.6,639.9,164.0,261.2,387.8,191.0,220.6,191.0,441.3,137.6,426.6,246.1,711.0,250.9,556.5,533.3,1066,581.7,241.5,164.0,297.6,556.5,34.5,133.3,412.8,266.6,34.2,113.2,457.1,213.3,199.9,206.4,609.5,232.7,639.9,609.5,556.5,673.6,441.3,228.5,246.1,581.7
202607311811,2026-07-31,18,11R,13:39,2026-07-31T13:30:58.454967+09:00,10.0,15.0,23.2,81.4,10.9,11.4,12.3,67.2,22.2,20.0,34.1,62.7,42.2,27.2,62.2,114.0,230.5,287.6,211.8,261.3,32.7,37.5,81.6,209.0,79.1,134.0,169.4,514.0,113.6,157.5,259.1,461.1,227.2,307.4,387.1,764.7,475.0,804.0,591.6,1081,31.2,23.4,23.2,105.9,77.8,115.7,114.4,265.7,57.8,105.2,72.5,252.8,70.4,143.8,115.2,246.8,591.6,804.0,712.6,783.9,98.9,86.3,95.8,301.5,186.6,178.1,227.2,447.9,118.7,177.1,161.6,418.0,127.4,159.1,159.9,257.0,639.9,591.6,825.1,696.8,116.1,97.6,188.8,298.6,356.3,261.3,447.9,540.6,97.3,142.5,130.6,198.4,206.2,265.7,248.8,382.3,979.8,1363,950.1,825.1,639.9,895.8,1650,825.1,1844,1493,1650,1081,1306,979.8,1254,895.8,1425,1161,1306,1045,1254,1844,1119,1045
202607310807,2026-07-31,08,07R,13:42,2026-07-31T13:32:31.248212+09:00,19.3,34.6,33.8,75.4,19.8,51.9,18.3,82.8,74.8,109.0,80.8,167.1,46.8,31.8,90.3,185.7,115.2,213.3,323.4,334.2,22.6,57.9,33.9,104.4,23.2,23.4,12.7,92.0,98.3,77.7,106.6,250.7,57.9,30.2,84.2,111.4,294.9,238.7,213.3,334.2,38.7,71.1,50.1,133.7,38.4,53.9,23.9,137.3,96.4,82.8,133.7,208.9,96.4,42.3,116.6,143.2,278.5,294.9,313.3,417.8,147.4,192.8,185.7,222.8,192.8,115.2,222.8,218.0,204.6,151.9,169.9,271.0,169.9,250.7,200.5,213.3,385.7,271.0,263.9,417.8,90.3,78.9,204.6,169.9,86.4,46.4,182.3,141.2,117.9,72.6,175.9,154.2,185.7,313.3,218.0,263.9,371.4,250.7,263.9,286.5,250.7,345.8,557.1,668.5,358.1,222.8,589.8,477.5,477.5,323.4,455.8,716.3,589.8,436.0,455.8,716.3,455.8,771.4,401.1,501.4
202607311107,2026-07-31,11,07R,13:45,2026-07-31T13:36:29.493830+09:00,20.2,11.6,12.7,15.1,37.9,62.3,47.9,64.4,26.8,62.9,38.1,39.0,30.0,55.8,57.7,43.9,51.8,105.9,77.9,80.0,33.8,17.9,20.6,19.6,76.7,139.6,151.6,118.0,35.1,121.5,41.9,35.7,55.3,141.1,78.5,55.8,63.2,168.7,77.6,88.1,133.8,215.1,123.2,268.1,163.0,310.0,280.5,316.4,425.3,461.8,515.2,505.2,259.0,382.6,495.6,518.1,626.3,613.7,530.1,728.7,99.1,308.4,146.4,168.8,109.5,299.3,145.1,110.1,432.4,569.8,457.2,499.7,173.8,165.0,424.3,171.7,256.8,177.9,524.0,263.5,87.1,183.6,171.4,130.4,116.2,307.4,210.2,128.0,303.3,475.0,516.6,549.2,228.6,240.0,412.8,250.5,248.8,205.5,494.3,326.6,153.9,415.6,371.7,349.0,144.0,314.2,196.8,226.3,667.5,632.8,788.3,854.7,459.5,239.0,737.5,498.3,386.6,312.6,650.9,510.9
202607310506,2026-07-31,05,06R,13:51,2026-07-31T13:41:02.824790+09:00,73.9,99.7,93.6,149.6,73.9,21.0,23.4,110.5,127.8,33.4,44.6,95.8,134.8,41.3,70.1,172.8,180.4,278.8,204.5,331.6,191.7,197.9,285.3,314.6,177.8,161.4,204.5,299.2,331.6,285.3,511.2,423.1,314.6,285.3,438.2,471.9,395.8,533.4,645.7,943.8,95.1,12.8,17.1,107.6,183.1,104.8,114.6,165.8,14.1,41.0,11.9,39.3,24.2,81.2,13.3,92.2,340.8,409.0,201.1,272.6,191.7,47.7,55.0,215.2,159.3,126.4,114.6,322.8,29.3,72.1,22.5,64.2,59.8,299.2,36.6,183.1,350.5,557.7,423.1,360.8,314.6,101.4,123.9,331.6,299.2,65.9,98.1,235.9,76.2,68.1,45.6,180.4,119.1,292.1,49.8,219.1,876.4,645.7,306.7,409.0,423.1,584.2,645.7,584.2,645.7,681.6,1022,1363,645.7,511.2,423.1,645.7,818.0,533.4,681.6,1022,943.8,1533,681.6,876.4
202607312204,2026-07-31,22,04R,13:54,2026-07-31T13:44:28.708866+09:00,34.3,17.5,60.1,173.7,54.9,28.0,68.7,397.0,13.0,23.3,30.4,99.2,128.6,102.9,72.0,375.5,178.1,231.6,220.5,631.6,70.1,22.8,92.0,356.3,112.0,89.0,161.5,386.0,21.6,31.9,34.4,185.2,149.4,178.1,106.8,421.0,694.8,731.3,534.4,496.2,127.4,53.8,185.2,534.4,157.9,128.6,195.7,204.3,50.1,70.8,115.8,220.5,198.5,201.3,248.1,604.1,817.4,772.0,1068,1544,17.7,32.0,24.7,75.1,16.4,28.0,19.3,92.0,45.2,81.7,113.9,190.3,31.2,33.7,80.3,79.8,163.4,178.1,283.5,122.9,308.8,169.4,110.2,534.4,323.1,421.0,283.5,315.8,178.1,448.2,167.4,277.9,102.1,175.8,154.4,330.8,1389,479.1,604.1,534.4,555.8,817.4,338.9,1068,817.4,579.0,356.3,534.4,817.4,397.0,772.0,731.3,604.1,338.9,772.0,514.6,1158,579.0,1263,555.8
202607311012,2026-07-31,10,12R,13:57,2026-07-31T13:48:47.733886+09:00,9.1,4.3,7.2,34.3,19.8,21.3,30.7,61.5,9.9,23.2,16.8,40.9,20.5,42.3,30.7,86.1,114.2,150.1,137.7,208.5,58.1,38.6,51.8,145.0,179.4,224.9,310.2,804.8,108.2,336.6,314.0,393.2,198.8,566.0,378.7,468.2,515.0,1095,780.4,1095,96.2,115.4,149.3,301.2,163.0,264.1,336.6,598.9,283.0,296.0,553.8,696.0,373.2,472.5,686.7,735.8,1009,1471,1073,1256,88.8,222.9,135.1,268.2,149.3,378.7,390.2,440.2,330.1,531.0,660.3,903.6,241.8,440.2,677.7,490.5,620.5,804.8,990.5,873.0,148.8,381.5,245.2,370.5,219.1,500.0,432.8,613.2,585.3,592.0,660.3,715.4,350.4,515.0,873.0,652.0,953.8,1170,830.7,936.5,547.9,1030,1030,1320,858.4,1560,1287,1776,1716,1355,990.5,1170,1392,888.0,1170,1609,1320,2575,1287,1981
202607310606,2026-07-31,06,06R,13:59,2026-07-31T13:51:10.913626+09:00,46.2,30.3,47.3,18.6,133.9,108.6,73.5,94.9,68.8,144.8,74.6,56.5,68.6,114.3,119.9,96.3,21.4,97.7,40.4,47.5,114.3,49.8,70.6,26.0,152.8,254.0,132.1,117.8,82.1,193.6,121.4,52.4,159.0,193.6,235.6,101.3,28.9,127.0,35.3,64.7,173.0,197.5,113.7,208.0,244.4,201.6,141.7,217.3,310.4,235.6,235.6,247.5,254.0,217.3,257.3,235.6,244.4,275.4,271.6,279.4,74.9,227.4,95.8,69.1,81.4,160.3,108.6,52.0,247.5,279.4,148.1,238.5,143.8,162.9,208.0,104.0,51.4,43.8,160.3,55.5,232.8,264.3,296.3,224.8,241.4,205.8,305.6,141.7,291.9,343.1,305.6,349.2,305.6,331.5,362.2,232.8,235.6,193.6,300.9,227.4,22.7,109.8,42.6,58.3,23.1,86.5,26.8,38.6,177.8,162.9,208.0,150.4,62.8,47.3,182.7,64.3,98.2,79.8,203.7,115.0
202607311605,2026-07-31,16,05R,14:04,2026-07-31T13:54:27.758410+09:00,109.8,174.3,123.3,157.2,137.1,152.7,27.0,117.9,151.3,239.4,291.6,291.6,148.5,72.2,235.9,117.9,286.4,291.6,373.0,219.7,157.2,250.6,168.8,155.7,100.2,148.5,37.9,86.2,276.5,235.9,267.3,297.0,134.8,49.2,198.0,90.1,286.4,180.2,356.4,180.2,100.2,57.2,22.1,91.6,97.8,104.1,32.1,60.5,151.3,115.4,55.8,87.1,16.7,16.5,18.8,13.6,68.8,99.0,126.3,38.7,276.5,254.6,291.6,286.4,267.3,297.0,381.9,302.6,165.3,246.7,93.2,186.5,235.9,262.9,117.9,148.5,356.4,534.7,327.3,314.5,92.7,45.3,229.1,78.6,107.6,42.7,205.6,61.2,26.4,28.9,27.4,19.0,190.9,205.6,99.0,117.0,80.6,62.4,29.2,132.5,458.3,401.0,572.9,486.1,501.3,308.4,763.8,276.5,267.3,246.7,235.9,72.9,553.1,572.9,517.4,364.5,308.4,262.9,90.6,297.0
202607312312,2026-07-31,23,12R,14:06,2026-07-31T13:56:27.405086+09:00,7.4,23.2,12.9,27.9,6.9,26.7,11.5,26.6,53.8,61.3,46.9,56.5,20.0,19.2,46.8,23.9,66.2,77.0,111.3,53.4,68.6,105.7,75.8,144.3,133.8,371.2,266.5,427.2,198.6,611.4,623.7,588.4,132.7,294.2,465.4,328.2,257.7,779.6,577.5,528.5,58.1,116.3,37.3,105.7,127.8,234.4,209.3,198.6,324.8,385.0,366.8,433.1,116.8,189.0,389.8,202.5,273.5,433.1,556.8,286.1,215.0,275.9,163.2,283.5,275.9,439.2,502.9,288.7,389.8,588.4,451.9,588.4,206.5,358.4,511.2,191.3,305.7,380.3,577.5,239.8,77.1,95.3,179.2,88.8,150.6,305.7,465.4,168.5,159.1,311.8,445.5,291.4,273.5,519.7,677.9,273.5,145.7,241.7,283.5,243.6,154.3,232.7,283.5,186.7,311.8,472.5,556.8,511.2,479.7,623.7,725.2,495.0,519.7,588.4,891.0,415.8,245.5,451.9,502.9,328.2
202607311308,2026-07-31,13,08R,14:10,2026-07-31T14:01:24.224831+09:00,9.0,18.5,7.6,69.9,27.1,96.5,35.0,185.3,51.5,137.1,67.2,210.9,23.4,46.9,74.9,122.4,157.6,253.9,403.3,232.4,12.1,23.5,8.9,92.0,31.5,89.0,29.4,193.1,92.6,105.4,128.1,304.7,22.0,27.5,86.2,135.7,217.6,311.6,472.9,214.2,69.6,178.1,106.3,391.8,85.1,134.4,100.1,228.5,428.5,224.8,571.4,623.3,152.3,100.1,304.7,244.9,857.1,360.9,685.7,403.3,155.8,457.1,169.3,291.7,182.8,291.7,193.1,279.8,428.5,415.5,472.9,721.8,258.7,221.2,596.2,291.7,507.9,721.8,472.9,489.8,55.9,178.1,165.2,291.7,68.9,87.3,144.3,167.2,253.9,130.6,403.3,279.8,249.3,201.6,623.3,291.7,428.5,311.6,318.9,342.8,415.5,1054,623.3,1054,596.2,334.5,721.8,472.9,857.1,457.1,761.9,318.9,1523,721.8,1714,761.9,1246,489.8,806.7,653.0
202607311812,2026-07-31,18,12R,14:13,2026-07-31T14:04:30.703935+09:00,4.3,6.3,32.5,15.3,8.3,16.5,40.6,29.7,15.5,27.9,61.9,31.3,76.1,99.9,121.7,113.0,50.1,88.5,74.5,162.1,34.3,36.9,106.6,49.2,91.6,184.0,399.7,256.9,90.9,215.0,460.1,197.8,314.0,719.4,706.6,694.2,172.8,430.1,290.9,775.9,61.9,77.1,127.6,109.9,131.4,248.8,434.8,297.5,182.3,232.7,608.8,344.1,335.3,590.6,706.6,732.8,407.9,412.2,534.7,824.4,98.1,165.5,209.3,206.1,154.5,335.3,488.5,282.6,244.2,416.5,824.4,527.6,356.5,527.6,746.6,407.9,297.5,338.2,618.3,507.3,304.4,488.5,573.5,454.8,527.6,534.7,942.1,659.5,648.7,694.2,1319,989.3,746.6,965.1,1319,807.5,1163,1236,1163,1014,162.8,460.1,430.1,682.2,314.0,628.1,573.5,1041,965.1,694.2,841.9,1465,638.2,590.6,879.3,1041,1163,1413,1582,1069
202607311108,2026-07-31,11,08R,14:16,2026-07-31T14:06:30.107531+09:00,9.1,26.4,21.0,46.7,8.7,15.5,11.6,34.6,44.6,38.1,51.8,78.3,39.9,26.7,72.9,85.6,178.2,160.0,204.6,208.3,33.9,100.5,81.9,157.1,44.1,180.1,92.7,211.9,251.5,338.1,443.3,574.5,223.7,173.1,570.4,473.4,616.4,680.2,717.3,986.3,16.5,28.0,15.8,40.5,35.9,116.6,59.7,123.6,99.7,161.5,133.9,208.3,39.6,57.2,124.9,90.5,227.4,300.8,303.8,226.7,214.4,200.7,227.4,368.7,375.7,408.8,538.0,514.6,230.7,425.0,337.7,493.1,333.4,574.5,409.5,488.1,688.1,819.1,773.6,715.1,128.6,85.0,240.0,233.6,245.8,193.5,573.1,443.3,104.3,162.4,307.8,276.8,368.7,676.3,499.4,577.3,505.8,730.6,518.0,659.4,657.5,749.1,1183,1020,932.0,836.5,880.0,1101,742.1,994.6,990.5,836.5,1259,900.1,1183,1368,1090,1434,836.5,1245
202607310808,2026-07-31,08,08R,14:18,2026-07-31T14:08:29.404062+09:00,14.4,58.3,14.3,117.5,14.5,57.7,13.1,195.9,88.9,84.4,95.1,293.9,14.3,14.7,64.5,198.3,245.6,444.8,633.0,685.8,31.2,116.7,32.5,242.0,40.9,126.6,33.3,134.9,335.9,365.7,411.4,748.1,48.6,40.0,173.2,261.2,658.3,587.8,822.9,748.1,17.1,126.6,15.0,382.7,21.8,191.3,56.3,180.8,205.7,257.1,283.7,609.6,21.7,46.4,166.2,391.8,685.8,914.4,822.9,822.9,278.9,350.2,382.7,514.3,382.7,411.4,633.0,335.9,299.2,587.8,322.7,514.3,310.5,470.2,514.3,498.7,658.3,457.2,914.4,1097,35.9,35.4,128.5,193.6,49.4,35.8,112.7,175.1,50.3,46.7,133.8,195.9,242.0,180.8,191.3,548.6,567.5,433.1,567.5,968.2,498.7,1175,1266,1496,548.6,548.6,1028,685.8,783.7,609.6,783.7,914.4,1175,715.6,1496,2057,866.2,968.2,1645,2351
202607312205,2026-07-31,22,05R,14:22,2026-07-31T14:12:25.017093+09:00,41.9,63.2,38.0,147.2,49.0,28.6,35.0,197.4,44.0,39.6,47.0,197.4,41.3,17.3,44.4,49.3,213.0,323.8,289.1,1349,50.9,60.8,24.9,218.8,65.8,32.5,47.9,289.1,93.0,69.2,69.8,279.2,39.1,43.2,37.4,238.1,202.4,506.0,674.7,899.6,36.8,23.8,38.1,213.0,78.6,66.9,47.6,207.6,23.0,30.3,50.6,188.3,41.3,60.8,48.7,213.0,449.8,736.0,279.2,476.2,149.9,49.3,152.7,404.8,155.7,137.2,94.1,311.4,47.3,99.9,79.3,323.8,144.5,105.1,74.9,311.4,476.2,1156,578.3,674.7,137.2,30.2,144.5,289.1,179.9,75.6,90.9,299.8,48.7,95.2,56.6,184.0,231.3,144.5,110.9,449.8,809.7,506.0,253.0,426.1,674.7,899.6,1349,1156,899.6,1012,1012,1012,1156,506.0,506.0,269.9,1156,506.0,539.8,674.7,899.6,1349,476.2,736.0
202607310507,2026-07-31,05,07R,14:26,2026-07-31T14:16:26.389121+09:00,15.0,33.3,17.0,101.8,13.1,19.6,8.4,99.5,60.8,41.4,37.6,205.9,22.4,13.6,32.8,106.0,210.7,302.1,477.0,533.1,42.7,90.6,60.6,258.9,51.2,97.9,63.8,226.5,160.4,129.4,203.6,369.9,82.7,102.9,188.8,329.5,566.4,503.5,725.0,906.3,31.5,49.3,18.3,255.2,65.4,102.4,64.0,203.6,92.4,96.4,90.1,377.6,30.2,56.4,74.5,258.9,823.9,671.3,549.2,566.4,181.2,148.5,104.7,477.0,335.6,179.4,241.6,355.4,183.0,229.4,148.5,489.8,121.6,297.1,175.9,342.0,788.0,647.3,604.2,1007,92.0,51.3,123.3,355.4,109.8,103.5,262.6,201.4,44.7,73.6,117.7,201.4,172.6,442.0,221.0,549.2,1066,725.0,549.2,1007,584.7,863.1,1510,671.3,788.0,584.7,1294,1510,1394,421.5,906.3,1294,1812,549.2,1647,2014,1066,755.2,1394,1647
202607310607,2026-07-31,06,07R,14:31,2026-07-31T14:21:10.479361+09:00,21.8,60.4,24.6,50.1,36.4,125.4,35.4,122.0,101.1,190.7,160.6,164.9,38.2,35.5,169.5,159.2,155.1,359.0,315.7,373.7,13.8,40.6,12.1,48.7,18.5,53.7,15.9,58.6,88.9,88.9,85.9,130.8,20.9,17.7,67.0,46.9,153.8,226.0,203.4,188.7,67.0,139.7,62.2,156.5,62.2,114.4,40.1,126.3,269.3,179.5,257.9,352.1,102.8,85.5,261.6,257.9,352.1,373.7,345.5,446.6,93.9,218.0,177.8,254.3,101.7,155.1,157.8,164.9,290.6,305.2,218.0,416.2,192.7,127.1,234.7,164.9,215.4,181.3,398.1,261.6,66.3,88.4,192.7,123.7,42.4,41.8,135.6,101.7,112.3,97.9,315.7,359.0,345.5,228.9,436.0,345.5,373.7,281.7,389.6,436.0,250.8,436.0,339.1,406.9,269.3,281.7,286.1,265.4,538.6,359.0,732.5,732.5,321.2,226.0,494.9,398.1,359.0,286.1,436.0,406.9
202607311606,2026-07-31,16,06R,14:35,2026-07-31T14:26:26.539804+09:00,19.2,25.9,45.0,140.0,13.7,8.8,28.0,102.5,29.1,17.0,45.8,155.0,89.1,80.3,80.3,173.6,265.7,260.4,224.4,382.9,56.8,84.5,169.0,138.5,56.8,60.8,66.4,289.3,67.4,57.6,76.1,277.0,160.7,119.4,126.4,245.6,394.5,465.0,520.8,372.0,30.0,19.8,34.9,127.6,42.6,48.4,42.8,106.7,30.2,63.5,70.7,210.0,103.3,116.2,114.2,203.4,310.0,342.6,325.5,317.5,70.0,37.5,80.3,250.3,122.8,78.4,96.4,255.2,42.6,71.1,67.1,255.2,113.2,120.5,91.0,310.0,310.0,342.6,406.8,566.0,283.0,188.6,260.4,434.0,250.3,206.6,277.0,241.1,186.0,241.1,255.2,342.6,255.2,283.0,289.3,434.0,116.2,434.0,500.7,591.8,542.5,723.3,420.0,112.2,651.0,500.7,765.8,448.9,566.0,500.7,342.6,620.0,406.8,482.2,765.8,685.2,116.2,591.8,930.0,765.8
202607311309,2026-07-31,13,09R,14:39,2026-07-31T14:32:44.396549+09:00,5.4,13.7,44.9,12.2,9.7,23.2,58.2,27.7,30.0,35.1,84.1,34.6,126.2,112.2,195.1,141.9,35.1,49.3,64.8,184.6,16.7,29.9,112.9,45.1,30.1,78.0,76.3,102.2,141.9,260.2,440.4,223.0,229.0,235.2,451.9,390.3,104.0,165.1,343.5,477.1,39.3,70.3,96.4,86.7,58.4,130.1,238.5,136.3,163.5,268.3,613.4,245.3,264.2,206.9,572.5,301.3,195.1,212.0,277.0,440.4,101.6,229.0,204.4,86.7,154.7,264.2,268.3,168.3,343.5,440.4,399.4,336.7,440.4,464.2,780.7,291.1,134.1,220.2,296.1,373.3,277.0,381.6,418.9,660.6,418.9,245.3,440.4,357.8,451.9,490.7,1073,330.3,903.9,572.5,1431,715.6,1226,490.7,464.2,572.5,156.1,245.3,204.4,636.1,229.0,197.4,451.9,903.9,272.6,301.3,477.1,301.3,350.5,408.9,554.0,660.6,780.7,954.2,687.0,746.7
202607310809,2026-07-31,08,09R,14:44,2026-07-31T14:34:33.183277+09:00,13.9,48.3,11.8,45.4,19.6,92.7,30.3,199.1,107.4,199.1,87.9,270.8,24.0,28.3,116.7,218.4,99.5,250.7,294.3,338.5,14.5,56.4,11.5,69.8,28.4,157.4,28.3,41.5,130.2,199.1,94.0,398.2,22.8,26.7,74.4,141.0,294.3,57.3,451.4,423.1,57.3,141.0,70.5,260.4,32.7,109.2,68.3,123.1,178.1,144.0,423.1,294.3,102.5,67.7,307.7,322.4,451.4,61.0,322.4,615.5,193.4,398.2,225.7,218.4,233.4,169.2,218.4,161.2,250.7,423.1,225.7,270.8,199.1,338.5,451.4,260.4,270.8,183.0,423.1,483.6,41.5,85.7,218.4,169.2,46.6,58.3,150.4,144.0,91.5,120.9,376.1,193.4,173.6,282.1,294.3,282.1,423.1,322.4,423.1,483.6,193.4,564.2,520.8,520.8,270.8,282.1,520.8,483.6,423.1,338.5,423.1,846.3,520.8,282.1,752.3,1354,322.4,752.3,846.3,846.3
202607311109,2026-07-31,11,09R,14:48,2026-07-31T14:38:29.228287+09:00,8.2,21.7,9.8,13.5,14.2,39.5,19.1,27.5,53.8,70.5,62.0,59.9,23.4,29.6,62.5,37.9,41.2,66.5,84.3,59.6,27.1,61.2,30.7,36.8,58.4,182.6,112.0,136.9,168.6,304.4,364.5,275.3,83.5,148.1,320.4,117.6,116.8,235.2,303.9,191.1,62.1,119.6,68.5,109.2,90.5,215.1,142.7,184.1,306.3,311.2,406.1,367.2,120.1,183.6,315.2,254.2,283.7,329.0,377.2,341.0,154.0,221.4,178.6,209.3,255.2,304.4,380.8,284.5,344.0,374.3,406.1,427.4,309.7,371.4,383.1,362.5,320.4,287.8,372.8,413.8,80.6,105.5,240.2,155.0,122.7,186.4,441.9,195.3,167.6,250.9,523.4,355.9,383.1,534.8,498.1,478.6,271.5,265.2,349.5,449.0,140.8,268.5,352.1,282.9,181.7,299.3,416.5,296.6,425.5,438.9,639.7,615.6,358.5,350.2,468.3,513.8,410.4,380.8,556.1,595.0
202607312206,2026-07-31,22,06R,14:52,2026-07-31T14:42:30.851068+09:00,32.1,69.7,175.9,111.8,29.5,15.4,62.7,33.5,111.8,28.4,141.2,93.3,105.2,188.3,202.5,59.6,38.6,50.1,119.2,155.5,108.4,114.2,315.7,115.4,121.9,58.9,160.2,52.3,157.8,82.5,175.9,111.8,243.9,261.8,198.8,268.3,129.3,63.9,124.8,238.5,41.4,18.6,84.5,44.3,91.7,58.0,111.8,76.1,24.6,51.6,90.9,28.5,141.2,157.8,115.4,105.2,49.0,76.6,40.6,81.3,145.0,51.8,219.0,188.3,191.7,130.9,165.1,151.2,53.1,100.3,141.2,82.5,223.6,206.4,178.9,167.7,178.9,135.8,104.2,178.9,466.7,370.1,466.7,447.3,412.9,412.9,249.6,255.6,383.4,412.9,290.1,206.4,487.9,315.7,383.4,346.3,487.9,306.7,175.9,412.9,86.5,81.9,121.9,170.4,105.2,106.2,127.8,228.4,59.9,49.2,30.2,85.8,100.3,121.9,51.8,104.2,223.6,487.9,132.5,214.7
202607310508,2026-07-31,05,08R,14:58,2026-07-31T14:48:28.831221+09:00,44.4,55.0,64.5,113.8,46.2,19.9,9.3,38.9,103.2,36.1,29.4,63.9,93.8,11.2,23.3,38.0,162.9,94.9,114.6,109.0,162.9,195.9,276.4,309.6,209.2,241.8,276.4,442.3,418.4,309.6,552.9,516.0,262.3,351.8,499.4,483.7,483.7,645.0,737.2,1548,115.5,34.8,20.0,62.4,241.8,150.3,195.9,193.5,62.1,148.8,57.9,135.8,24.2,186.5,62.9,74.7,241.8,673.1,191.1,234.5,129.0,62.4,45.8,123.8,329.3,276.4,191.1,292.1,89.4,271.6,72.0,198.4,52.8,130.0,69.4,78.1,161.2,344.0,281.4,175.9,105.3,19.1,67.9,63.9,322.5,206.4,262.3,266.9,24.6,186.5,80.6,97.9,93.2,297.7,92.1,133.4,182.1,499.4,156.3,201.0,442.3,224.3,262.3,203.7,814.8,774.0,1190,1407,360.0,595.4,387.0,387.0,281.4,483.7,552.9,368.6,303.5,645.0,297.7,418.4
202607310608,2026-07-31,06,08R,15:03,2026-07-31T14:54:32.413205+09:00,35.6,18.4,40.1,68.9,80.7,30.0,63.3,103.0,10.3,17.0,10.5,20.8,55.7,75.0,44.2,148.4,196.5,148.4,107.7,238.5,194.7,77.4,156.0,252.7,246.8,235.8,175.4,265.3,84.5,156.0,106.1,210.1,241.2,200.2,233.2,272.1,416.2,530.7,433.2,643.2,221.1,128.6,154.9,218.8,400.5,174.0,174.0,316.8,160.8,194.7,268.7,160.8,359.7,244.0,294.8,348.0,336.9,558.6,303.2,643.2,14.4,29.3,12.2,23.9,38.4,81.6,56.7,81.6,81.9,147.4,129.4,165.8,30.3,55.7,91.5,48.9,66.9,96.9,112.9,80.7,228.2,416.2,136.0,294.8,246.8,218.8,202.1,275.6,544.3,359.7,342.3,558.6,130.2,192.9,400.5,214.4,505.4,663.3,558.6,400.5,366.0,393.1,303.2,544.3,624.3,393.1,379.0,393.1,544.3,589.6,544.3,624.3,326.5,530.7,816.4,643.2,684.7,964.9,964.9,624.3
202607311607,2026-07-31,16,07R,15:08,2026-07-31T14:58:42.498921+09:00,86.3,138.1,72.7,184.2,140.5,110.0,102.3,394.7,205.5,164.7,336.0,436.3,88.8,112.0,169.1,220.0,460.5,777.1,565.2,552.6,88.5,121.3,57.4,136.6,76.2,84.5,13.9,22.3,282.6,156.4,95.2,241.4,41.2,12.6,32.2,18.0,259.0,125.6,261.7,93.4,172.7,120.7,91.4,296.0,147.1,81.8,30.7,91.0,158.4,148.9,101.0,208.9,92.4,23.0,55.8,73.5,345.4,50.1,212.5,110.0,540.6,192.7,407.7,497.4,478.2,251.2,156.4,282.6,156.4,246.2,126.8,303.2,273.2,165.8,125.6,208.9,478.2,336.0,299.6,276.3,66.3,74.6,159.4,150.7,43.4,17.1,29.0,43.3,82.9,19.3,46.5,68.3,191.3,82.9,68.8,142.9,259.0,39.6,76.7,164.7,690.8,1130,753.6,777.1,436.3,142.9,407.7,116.2,606.5,53.2,307.0,130.8,621.7,578.3,507.5,452.1,540.6,50.6,148.0,327.2
202607310810,2026-07-31,08,10R,15:10,2026-07-31T15:00:31.612339+09:00,24.7,7.1,25.7,5.0,53.3,100.4,251.1,76.9,21.8,85.3,72.3,29.7,57.6,97.0,93.8,110.8,13.9,68.3,32.2,118.5,55.8,30.6,72.9,19.0,95.9,355.7,170.7,328.3,74.8,266.8,328.3,155.2,142.3,167.4,371.2,237.1,43.7,341.5,152.4,474.3,218.9,258.7,266.8,284.6,147.2,224.6,218.9,251.1,224.6,213.4,853.8,388.0,304.9,243.9,502.2,609.8,474.3,449.3,426.9,776.1,59.7,355.7,105.4,60.1,100.4,224.6,213.4,105.4,388.0,569.2,316.2,316.2,131.3,388.0,328.3,149.7,72.9,104.1,388.0,258.7,161.0,502.2,426.9,218.9,139.9,224.6,275.4,237.1,218.9,316.2,776.1,258.7,258.7,406.5,406.5,371.2,388.0,304.9,449.3,258.7,38.9,275.4,104.1,426.9,55.4,251.1,251.1,388.0,533.6,355.7,533.6,1423,113.8,213.4,609.8,776.1,426.9,609.8,853.8,853.8
202607311310,2026-07-31,13,10R,15:12,2026-07-31T15:02:42.551988+09:00,,,,,,,,,,,,,,,,,,,,,,,,,,20.1,14.2,42.2,,24.0,6.1,35.7,,11.8,6.5,19.5,,99.3,105.9,78.0,,,,,,45.2,39.1,79.9,,73.9,84.7,141.2,,46.2,72.2,79.4,,254.2,244.5,219.2,,,,,,69.4,28.6,84.1,,117.7,74.3,181.6,,31.0,82.5,62.6,,174.1,201.8,115.5,,,,,,30.1,18.1,35.1,,58.8,77.5,85.9,,25.8,75.2,70.6,,63.5,78.0,94.1,,,,,,184.2,215.4,219.2,,302.7,310.0,179.0,,244.5,363.2,295.6,,186.9,270.5,239.8
202607312207,2026-07-31,22,07R,15:17,2026-07-31T15:08:31.214409+09:00,19.1,33.3,48.7,22.8,17.7,29.7,44.1,15.0,76.6,43.5,90.7,63.6,63.2,55.7,68.0,42.8,21.5,17.4,46.6,30.3,74.8,94.2,116.7,69.0,107.7,163.4,136.1,132.5,146.3,239.1,316.3,196.1,172.0,297.1,306.4,326.8,110.1,181.5,153.2,181.5,49.5,32.1,74.2,38.7,65.8,107.7,100.0,90.7,33.5,79.7,97.0,86.7,144.2,158.1,172.0,185.0,38.9,122.5,74.2,112.7,119.5,70.0,213.1,142.1,144.2,280.1,272.3,222.8,67.6,178.2,265.0,306.4,228.0,272.3,306.4,272.3,178.2,222.8,280.1,280.1,217.9,208.6,363.1,196.1,306.4,392.2,392.2,338.1,258.0,408.5,445.7,272.3,363.1,516.1,817.1,426.3,297.1,445.7,208.6,516.1,46.6,76.6,130.7,134.3,124.1,208.6,213.1,288.4,93.3,245.1,228.0,265.0,166.2,251.4,258.0,490.3,204.2,466.9,326.8,516.1
202607312401,2026-07-31,24,01R,15:19,2026-07-31T15:11:03.549253+09:00,5.5,10.1,42.4,45.3,15.7,22.9,62.2,58.2,19.8,30.0,74.1,66.8,61.8,66.0,193.4,183.5,74.1,89.5,264.2,204.3,22.4,22.3,92.5,121.7,50.6,60.1,148.3,183.5,40.2,65.2,137.1,180.5,349.4,637.1,401.1,349.4,328.2,451.3,416.6,601.7,42.4,63.7,105.1,171.9,67.2,99.3,164.1,221.0,120.3,120.3,349.4,251.9,251.9,349.4,451.3,570.1,433.2,401.1,386.8,677.0,41.6,63.7,164.1,161.6,75.7,138.8,246.1,154.7,186.7,164.1,285.0,292.7,212.3,109.4,112.8,212.3,292.7,99.3,108.3,270.8,106.1,101.2,416.6,541.6,270.8,349.4,386.8,570.1,300.8,570.1,637.1,1083,328.2,127.4,123.0,361.0,1354,117.7,125.9,470.9,98.4,111.6,515.8,637.1,515.8,401.1,515.8,515.8,515.8,349.4,515.8,833.2,328.2,101.2,124.5,541.6,984.7,120.3,132.1,515.8
202607311110,2026-07-31,11,10R,15:22,2026-07-31T15:12:28.487210+09:00,7.9,24.8,19.6,12.7,15.5,40.8,30.7,24.7,51.6,68.7,77.4,57.7,52.4,60.2,117.8,63.9,33.7,50.4,94.4,82.9,16.9,42.2,35.4,23.6,33.5,109.9,76.2,44.4,133.6,206.6,265.9,148.4,119.0,150.1,293.9,112.4,60.3,70.5,150.8,117.5,46.0,117.7,83.6,79.8,59.8,189.6,132.7,80.6,300.0,345.1,422.3,307.2,184.6,227.1,416.9,230.0,166.5,121.5,318.6,237.4,194.4,338.6,270.9,268.3,266.3,394.1,445.2,266.9,415.5,548.1,591.2,493.4,373.3,463.6,614.4,307.4,396.7,318.6,540.7,350.1,164.3,215.2,322.0,221.6,238.3,287.6,552.3,229.4,312.2,372.2,770.6,413.6,520.4,620.8,739.1,447.5,316.3,260.7,389.5,432.4,77.0,140.7,255.2,235.5,101.0,109.5,231.9,206.4,209.4,150.0,408.0,349.5,449.1,348.4,556.6,453.6,368.0,285.8,391.6,419.4
202607311501,2026-07-31,15,01R,15:26,2026-07-31T15:16:40.227375+09:00,15.8,12.1,37.9,131.0,26.2,22.3,45.2,203.8,11.2,19.1,20.5,149.3,50.9,65.8,41.4,475.6,214.0,442.8,513.6,642.0,51.5,23.3,63.5,210.5,82.3,87.3,138.0,337.9,31.0,81.2,54.6,267.5,101.1,158.5,95.1,583.7,513.6,856.1,675.8,755.3,73.3,55.1,74.2,214.0,117.8,102.7,154.7,285.3,65.5,90.4,127.1,279.1,188.8,267.5,225.2,611.5,513.6,917.2,401.2,1167,18.8,33.1,28.9,175.9,25.4,60.0,42.9,147.6,75.5,88.5,116.7,285.3,54.4,55.5,117.8,217.6,428.0,337.9,366.9,475.6,122.3,221.4,90.4,377.6,118.9,246.9,103.5,611.5,313.2,428.0,221.4,611.5,104.4,107.0,356.7,535.0,1284,611.5,713.4,493.9,493.9,475.6,856.1,1605,802.5,535.0,1070,1284,675.8,713.4,611.5,1834,642.0,558.3,987.8,1284,1070,1426,1605,856.1
202607310101,2026-07-31,01,01R,15:28,2026-07-31T15:18:27.945716+09:00,36.2,36.2,53.7,98.6,49.5,25.3,30.9,87.3,28.0,21.8,12.0,32.2,57.1,36.1,22.1,38.0,141.4,136.5,78.6,63.1,118.2,100.9,155.2,264.6,148.0,242.8,275.5,437.9,139.3,270.4,204.9,331.4,228.4,350.3,276.5,391.3,462.7,529.3,497.1,500.5,101.4,60.0,70.8,177.2,161.7,208.4,235.0,375.3,73.2,187.6,87.9,180.7,104.5,222.9,127.5,195.6,287.3,385.2,278.6,285.1,44.0,37.8,19.3,54.2,93.4,132.0,115.3,203.8,68.5,197.7,79.6,175.1,24.1,74.5,57.7,40.6,88.1,181.2,189.6,70.7,118.2,89.6,48.3,70.6,215.1,295.4,239.6,275.5,140.6,387.2,172.7,287.3,50.1,158.5,129.9,76.2,95.4,251.9,238.1,95.6,251.1,295.4,147.1,150.4,454.1,342.2,422.8,389.2,422.8,471.6,340.6,385.2,179.4,337.4,371.5,133.5,180.7,337.4,321.2,145.9
202607311901,2026-07-31,19,01R,15:30,2026-07-31T15:21:09.129057+09:00,8.9,25.9,55.5,43.5,12.2,29.3,46.7,55.2,35.1,63.2,132.4,84.0,115.1,68.1,146.5,185.9,66.6,103.9,138.1,179.0,17.5,46.7,98.6,65.7,21.3,51.7,92.1,61.6,92.9,96.7,235.8,136.2,151.1,197.3,214.9,386.8,142.2,140.1,197.3,371.9,16.3,31.6,39.9,49.8,18.5,40.1,61.6,53.7,65.3,69.0,94.8,69.5,79.2,120.8,142.2,115.1,125.6,120.8,117.9,205.7,128.9,142.2,153.5,230.2,140.1,132.4,322.3,179.0,146.5,155.9,189.6,136.2,214.9,358.1,371.9,509.0,568.8,358.1,371.9,537.2,254.5,172.7,402.9,293.0,163.9,214.9,276.3,439.6,175.8,322.3,358.1,537.2,358.1,537.2,358.1,537.2,644.7,509.0,604.4,537.2,241.7,358.1,537.2,690.8,241.7,219.8,460.5,420.4,322.3,261.3,386.8,644.7,402.9,311.9,483.5,644.7,690.8,509.0,967.1,644.7
202607312001,2026-07-31,20,01R,15:29,2026-07-31T15:21:09.129057+09:00,11.0,67.7,74.2,43.0,16.5,40.8,28.5,19.9,88.1,85.3,107.3,82.7,120.4,75.2,123.1,91.0,45.9,32.0,62.6,76.8,72.7,93.4,127.5,99.4,81.4,77.4,119.1,70.3,129.0,106.2,142.6,124.5,137.1,164.2,166.7,235.6,135.4,94.2,180.6,216.7,34.5,57.3,44.6,29.4,55.8,63.0,72.7,56.7,114.0,96.7,124.5,76.3,94.2,107.3,116.5,96.7,43.8,47.3,56.7,56.4,177.6,180.6,193.5,225.7,159.3,148.4,216.7,164.2,161.7,172.0,161.7,138.9,183.6,258.0,200.7,258.0,246.3,200.7,161.7,246.3,240.8,154.8,197.0,197.0,258.0,186.8,264.3,451.5,200.7,338.6,240.8,150.5,197.0,318.7,230.6,349.6,252.0,471.2,157.0,361.2,104.2,60.5,183.6,154.8,142.6,83.3,161.7,190.1,63.3,74.2,86.7,94.2,197.0,177.6,154.8,193.5,235.6,309.6,132.1,246.3
202607310509,2026-07-31,05,09R,15:34,2026-07-31T15:24:29.770260+09:00,31.5,70.2,52.0,50.5,21.6,21.2,14.0,11.5,77.0,56.2,74.7,74.7,57.9,37.1,104.1,45.0,62.8,24.9,121.5,56.0,83.9,193.9,200.8,241.8,113.0,234.3,169.1,189.0,357.0,340.8,308.1,326.0,189.0,202.6,264.6,224.9,381.2,173.0,357.0,351.4,34.9,30.8,20.8,14.9,104.6,165.4,145.1,115.9,79.4,195.6,137.1,100.8,50.6,157.3,167.8,53.4,27.6,133.1,114.1,44.8,295.9,200.8,218.3,252.7,449.8,288.3,299.9,271.0,252.7,401.6,264.6,284.7,368.7,591.9,340.8,274.3,408.9,449.8,335.7,368.7,114.1,65.7,169.1,104.1,130.0,134.6,212.2,160.6,87.8,195.6,335.7,161.8,292.1,335.7,478.6,299.9,135.5,258.5,159.5,264.6,252.7,29.5,351.4,117.7,489.0,271.0,725.6,642.7,31.5,190.6,220.5,96.9,459.0,535.5,441.0,468.6,271.0,535.5,229.5,424.4
202607310609,2026-07-31,06,09R,15:36,2026-07-31T15:26:28.735800+09:00,10.2,26.8,8.1,37.5,22.5,51.4,19.7,76.2,65.6,99.5,89.0,160.6,14.3,25.7,70.2,60.7,100.4,112.1,265.0,169.6,25.0,48.0,15.8,99.0,64.8,207.8,77.3,181.2,170.9,225.5,155.8,341.9,32.5,84.4,140.4,158.2,347.5,371.9,481.8,371.9,50.2,121.8,42.3,150.3,88.3,151.4,84.8,240.9,192.7,115.8,135.0,187.6,69.7,80.0,122.5,135.9,278.9,200.0,255.4,166.9,131.6,290.4,150.3,311.7,160.6,207.8,214.1,359.3,316.4,441.7,209.9,371.9,255.4,265.0,298.6,392.6,504.8,460.9,530.0,504.8,32.7,57.1,140.4,137.6,44.3,87.6,169.6,160.6,96.8,145.2,184.3,271.8,290.4,385.4,371.9,341.9,282.6,316.4,298.6,392.6,336.5,407.7,517.1,493.0,407.7,316.4,460.9,321.2,530.0,493.0,543.6,415.7,683.9,530.0,963.7,815.4,731.0,588.9,757.2,731.0
202607311608,2026-07-31,16,08R,15:40,2026-07-31T15:31:26.309112+09:00,20.6,21.9,75.9,141.2,17.9,15.4,48.3,92.2,37.8,36.7,112.7,174.4,121.3,132.8,155.0,242.6,242.6,223.2,272.2,507.3,33.0,70.2,144.9,83.3,31.8,52.9,73.9,139.5,90.0,96.2,150.8,265.7,214.6,148.8,310.0,384.9,328.3,413.4,293.7,620.1,17.9,14.4,25.3,83.3,29.2,25.7,48.9,106.3,24.8,31.4,39.4,75.4,66.0,44.4,66.0,87.2,100.5,118.7,139.5,121.3,112.7,74.9,129.7,253.6,141.2,128.3,218.8,189.1,67.2,118.7,103.3,164.1,214.6,210.6,150.8,192.4,301.6,227.8,301.6,259.5,360.0,171.7,232.5,259.5,272.2,112.7,253.6,272.2,159.4,125.4,125.4,242.6,248.0,259.5,164.1,199.3,858.6,465.0,413.4,248.0,429.3,310.0,465.0,656.6,620.1,413.4,465.0,656.6,265.7,338.2,279.0,318.9,318.9,293.7,558.1,348.8,697.6,507.3,507.3,272.2
202607310811,2026-07-31,08,11R,15:42,2026-07-31T15:34:31.777290+09:00,27.1,16.4,33.6,38.6,27.4,14.6,34.8,45.2,16.9,15.5,15.9,17.7,56.9,46.3,37.7,66.0,83.9,75.1,60.5,119.9,80.4,71.6,134.1,98.4,224.2,284.9,239.9,488.5,141.0,341.9,318.1,379.9,279.1,455.9,359.9,427.4,379.9,182.3,506.6,719.9,50.1,37.9,74.7,81.4,100.5,157.2,170.9,118.9,47.4,109.4,132.8,122.1,164.8,184.8,182.3,231.8,279.1,143.9,231.8,414.5,46.2,81.9,44.1,48.5,123.2,239.9,175.3,126.6,106.0,297.3,217.1,192.6,59.9,143.9,303.9,77.2,92.4,162.8,273.5,115.9,123.2,220.6,91.1,151.9,198.2,279.1,235.8,291.0,297.3,414.5,369.6,273.5,116.9,291.0,341.9,148.6,268.2,341.9,488.5,204.1,64.2,182.3,143.9,402.3,103.6,148.6,455.9,621.7,526.0,414.5,471.6,683.9,175.3,333.6,759.9,350.7,359.9,759.9,804.6,318.1
202607312208,2026-07-31,22,08R,15:45,2026-07-31T15:36:22.229020+09:00,16.0,28.1,6.9,40.7,22.2,35.7,49.6,250.1,49.6,40.7,48.1,113.6,12.6,59.0,41.0,48.7,113.6,242.0,258.7,267.9,49.3,50.7,15.9,94.9,81.5,174.5,150.0,277.9,92.6,156.3,159.6,300.1,28.9,136.4,98.7,187.5,288.6,500.2,341.0,288.6,70.7,41.6,87.2,258.7,91.5,133.9,113.6,178.6,44.4,70.1,208.4,341.0,214.3,166.7,178.6,357.3,394.9,468.9,394.9,833.7,75.7,58.1,123.0,178.6,107.1,250.1,163.1,131.6,59.0,192.4,234.4,468.9,131.6,136.4,416.8,258.7,127.1,110.3,208.4,312.6,30.7,141.5,93.7,127.1,35.9,101.4,123.0,123.0,288.6,312.6,441.3,357.3,136.4,208.4,833.7,242.0,242.0,202.8,214.3,312.6,357.3,1500,682.1,625.3,833.7,1071,682.1,682.1,1071,441.3,577.2,326.2,288.6,277.9,468.9,750.3,682.1,750.3,682.1,1071
202607311502,2026-07-31,15,02R,15:50,2026-07-31T15:40:20.631996+09:00,108.0,103.7,140.9,89.4,133.7,113.7,177.6,168.4,84.7,71.2,30.5,20.9,166.2,133.7,63.2,63.8,93.3,102.1,35.6,65.1,254.3,209.2,301.6,185.3,275.9,518.8,480.4,463.2,199.5,324.2,381.5,166.2,301.6,498.8,563.9,463.2,275.9,360.3,182.6,341.3,158.1,172.9,193.6,216.1,264.7,275.9,370.6,301.6,244.7,193.6,231.6,102.1,264.7,350.5,193.6,332.5,332.5,617.6,112.7,324.2,72.0,67.5,25.2,16.5,156.2,193.6,152.6,77.2,133.7,275.9,85.3,55.1,26.5,102.9,53.6,10.1,16.7,56.8,28.6,8.8,244.7,332.5,139.4,180.1,182.6,294.8,275.9,350.5,447.2,360.3,199.5,259.4,117.9,281.9,270.2,37.3,132.3,288.2,162.1,40.7,294.8,294.8,74.5,172.9,418.4,341.3,199.5,563.9,648.5,563.9,116.8,360.3,48.9,168.4,96.0,24.1,152.6,720.6,259.4,35.1
202607311311,2026-07-31,13,11R,15:52,2026-07-31T15:42:39.367233+09:00,17.5,8.0,49.4,36.5,21.1,12.3,42.4,46.3,8.3,12.4,22.9,17.2,100.7,76.9,75.5,132.2,64.3,102.8,62.3,188.6,178.3,81.8,318.4,271.6,226.0,311.7,429.1,592.2,127.0,287.5,519.5,329.0,643.7,493.5,658.0,688.6,658.0,548.3,519.5,822.5,94.0,35.2,88.1,154.2,216.1,207.0,429.1,462.7,71.0,157.5,114.3,176.2,321.8,325.4,308.4,344.3,423.0,548.3,429.1,548.3,25.2,36.5,45.6,41.0,83.8,179.4,214.5,141.0,76.3,154.2,168.2,167.3,53.3,104.6,119.4,87.6,66.3,99.7,147.3,93.7,305.2,379.6,226.0,604.3,800.3,336.5,429.1,688.6,616.9,510.5,462.7,604.3,222.6,389.6,352.5,344.3,925.4,688.6,604.3,722.2,423.0,1021,264.4,1410,870.9,580.6,658.0,1184,616.9,558.7,592.2,658.0,262.0,204.2,800.3,329.0,1645,1021,1287,822.5
202607312402,2026-07-31,24,02R,15:55,2026-07-31T15:46:37.499593+09:00,28.1,13.2,31.8,20.8,45.7,70.4,81.8,82.5,30.4,101.6,59.6,38.9,76.0,158.2,119.2,101.6,59.9,178.8,96.5,116.3,45.7,15.7,32.9,20.7,98.5,98.5,120.7,108.4,26.4,82.5,38.0,18.7,95.6,209.9,107.2,71.5,40.9,144.1,34.1,64.8,120.7,160.9,224.5,241.4,160.9,214.5,371.3,219.4,332.9,292.6,689.7,332.9,459.8,568.0,438.9,459.8,568.0,357.6,321.8,689.7,52.1,219.4,91.9,63.5,51.9,155.7,63.5,34.3,332.9,344.8,332.9,247.5,130.4,130.4,321.8,60.7,80.4,42.7,284.0,55.1,241.4,371.3,189.3,172.4,163.6,419.8,201.1,201.1,482.8,603.5,536.4,643.7,189.3,247.5,568.0,148.5,371.3,247.5,603.5,182.1,139.9,311.4,201.1,268.2,101.6,241.4,69.9,182.1,482.8,219.4,568.0,1207,153.2,85.4,386.2,169.4,344.8,260.9,603.5,201.1
202607311111,2026-07-31,11,11R,15:58,2026-07-31T15:48:26.195458+09:00,8.3,8.6,14.2,32.7,12.5,17.4,20.2,33.8,17.4,27.6,27.2,52.6,29.2,36.1,44.8,71.4,113.1,120.6,158.6,163.7,25.5,28.0,44.8,82.8,50.2,135.7,174.5,236.5,63.2,131.9,136.2,228.4,134.6,253.8,225.8,386.0,394.4,524.0,538.1,773.2,41.8,74.7,77.1,103.7,66.1,220.6,251.4,329.1,178.8,272.7,356.7,378.7,168.6,341.4,449.5,491.7,285.7,636.9,595.4,695.1,77.8,160.1,117.4,210.7,121.9,262.7,212.8,321.7,296.5,405.6,483.7,481.8,189.0,234.4,409.6,286.8,530.1,548.6,672.8,525.1,103.7,140.5,160.6,224.2,200.2,317.0,311.3,443.5,274.6,402.0,551.6,562.8,241.8,304.4,512.3,398.2,513.3,647.6,739.1,591.2,481.4,441.6,922.1,946.5,732.6,1036,1053,1329,605.5,1196,1083,1380,1491,1202,1199,1288,1166,1595,1399,1228
202607310102,2026-07-31,01,02R,16:03,2026-07-31T15:54:20.795002+09:00,11.1,20.1,33.5,49.8,11.5,19.5,25.3,48.9,29.2,33.5,51.7,73.3,78.8,68.5,109.8,147.7,139.2,190.5,200.5,247.0,24.2,46.7,74.5,89.1,32.1,70.9,81.1,139.4,78.5,105.6,179.2,189.5,190.0,174.4,329.0,385.0,294.3,406.7,385.0,509.8,19.8,32.5,39.2,79.2,30.2,56.9,76.9,124.3,50.1,64.3,92.2,135.0,77.3,106.1,144.5,170.3,256.7,280.6,310.7,373.1,43.9,50.9,83.3,99.0,75.4,93.7,132.8,135.8,66.9,95.8,140.8,155.3,111.7,134.8,157.0,129.5,174.8,209.8,266.1,220.7,212.9,174.0,343.1,329.0,290.7,283.9,449.6,413.7,199.4,339.8,418.4,502.7,330.5,446.9,455.3,438.7,544.3,635.0,574.5,746.3,361.9,540.2,433.5,670.3,561.2,449.6,524.6,882.9,804.4,570.0,618.7,882.9,548.4,540.2,1005,832.1,952.6,1005,978.3,952.6
202607310610,2026-07-31,06,10R,16:05,2026-07-31T15:56:27.182385+09:00,23.3,47.6,76.6,45.3,18.3,7.0,25.3,11.3,43.0,16.0,58.5,24.8,74.2,66.9,103.8,104.6,56.2,26.8,40.6,104.6,107.7,177.0,179.2,210.8,139.1,235.0,174.8,172.7,286.7,196.3,377.2,358.4,227.5,231.2,367.6,231.2,333.4,349.6,292.5,597.3,33.9,21.4,39.0,29.8,162.9,125.7,130.3,196.3,45.0,86.3,188.6,85.8,183.8,186.1,256.0,247.1,124.6,298.6,132.7,358.4,98.1,45.3,122.5,88.5,149.3,126.8,193.7,193.7,58.2,247.1,193.7,131.5,270.5,143.3,238.9,298.6,217.2,281.1,207.7,358.4,196.3,191.1,275.7,172.7,217.2,177.0,311.6,204.8,231.2,298.6,298.6,318.6,409.6,551.4,477.9,260.6,311.6,551.4,292.5,398.2,174.8,130.3,204.8,275.7,286.7,162.9,305.0,298.6,217.2,281.1,243.0,462.4,260.6,349.6,377.2,716.8,387.4,682.7,573.4,651.6
202607311902,2026-07-31,19,02R,16:07,2026-07-31T15:58:29.790425+09:00,17.2,10.4,90.3,14.7,22.7,30.7,129.4,32.4,14.1,32.5,192.6,14.6,163.5,192.6,173.4,247.7,16.9,41.2,21.6,206.4,79.5,38.1,270.9,54.8,118.7,184.4,321.1,173.4,94.2,206.4,541.9,72.2,270.9,666.9,510.0,722.5,82.5,228.1,82.5,867.0,95.2,99.6,201.6,103.2,163.5,146.9,376.9,201.6,146.9,142.1,578.0,129.4,346.8,510.0,510.0,510.0,262.7,376.9,216.7,619.3,39.0,103.2,188.4,37.0,80.2,154.8,433.5,66.1,228.1,309.6,361.2,201.6,541.9,578.0,289.0,510.0,49.8,56.6,122.1,247.7,247.7,222.3,289.0,346.8,201.6,346.8,361.2,788.2,456.3,666.9,619.3,963.4,321.1,666.9,578.0,788.2,788.2,722.5,666.9,578.0,31.8,81.0,39.5,346.8,55.9,152.1,93.2,510.0,163.5,192.6,139.8,722.5,68.8,61.0,129.4,279.7,361.2,867.0,1083,619.3
202607310510,2026-07-31,05,10R,16:09,2026-07-31T16:00:25.329897+09:00,21.0,8.9,16.3,12.0,39.0,56.2,64.0,61.4,13.1,70.9,22.6,19.1,41.8,101.7,54.7,54.6,19.4,70.9,27.8,56.5,60.5,33.7,66.3,30.1,137.9,208.6,381.4,488.2,67.6,182.1,184.9,134.8,121.4,406.8,277.4,228.1,131.2,625.9,287.2,413.7,89.4,124.5,109.4,152.5,135.6,208.6,294.1,271.2,400.2,259.7,400.2,567.7,301.3,508.6,542.5,428.3,519.4,904.1,498.2,498.2,47.9,133.4,65.6,59.5,68.1,186.3,136.3,118.5,375.5,348.7,290.6,508.6,82.4,159.5,317.0,86.8,132.6,168.3,359.0,116.2,161.6,232.5,143.6,163.8,196.8,305.1,221.9,196.8,321.2,400.2,428.3,460.6,149.7,249.1,420.9,117.9,294.1,325.5,413.7,208.6,50.4,217.9,163.8,184.9,265.3,938.9,508.6,787.5,904.1,904.1,1109,1109,290.6,305.1,1061,301.3,428.3,718.0,1109,294.1
202607311609,2026-07-31,16,09R,16:13,2026-07-31T16:04:24.769425+09:00,24.3,13.4,46.5,152.3,16.7,6.6,24.9,135.7,9.2,5.3,18.2,133.4,65.3,53.1,48.9,288.3,293.6,260.4,343.5,645.9,142.9,135.7,212.4,173.6,185.6,424.9,299.0,504.6,248.4,424.9,949.9,897.1,414.0,621.1,1076,849.9,556.8,621.1,621.1,1242,64.8,23.3,36.4,150.9,106.2,112.9,185.6,192.2,46.6,142.9,97.2,351.0,179.4,134.5,199.3,343.5,175.5,436.4,424.9,538.3,54.3,27.5,51.9,343.5,120.5,212.4,293.6,310.5,50.6,125.1,115.3,310.5,161.4,310.5,192.2,556.8,538.3,403.7,672.8,897.1,375.5,234.0,252.3,504.6,424.9,598.1,461.4,461.4,316.6,576.7,310.5,556.8,489.3,621.1,322.9,556.8,148.1,769.0,598.1,538.3,769.0,343.5,1076,146.8,949.9,621.1,769.0,1076,351.0,351.0,538.3,702.1,598.1,672.8,1345,1614,150.9,1468,1468,849.9
202607312002,2026-07-31,20,02R,16:15,2026-07-31T16:06:24.989643+09:00,13.1,32.4,90.0,18.4,9.8,20.1,66.5,9.9,72.7,64.4,212.0,79.5,164.1,199.5,116.9,248.2,26.2,18.6,52.4,203.5,36.0,64.8,156.5,47.7,49.1,96.9,221.2,78.2,145.4,156.5,363.5,181.7,199.5,363.5,424.0,290.8,106.0,103.8,185.0,275.0,30.0,51.4,125.6,24.1,55.9,82.0,195.7,76.5,82.7,77.6,290.8,86.9,290.8,260.9,391.4,318.0,41.5,75.9,111.8,275.0,161.5,172.5,376.9,156.5,254.4,169.6,391.4,145.4,108.2,100.7,260.9,107.1,339.2,442.5,407.1,508.9,221.2,236.7,308.4,442.5,363.5,299.3,328.3,565.4,328.3,236.7,350.9,407.1,508.9,407.1,678.5,636.1,282.7,636.1,565.4,636.1,727.0,350.9,442.5,678.5,74.8,44.6,164.1,391.4,127.2,122.6,188.4,376.9,46.6,124.1,139.4,267.8,231.3,254.4,339.2,782.9,484.6,391.4,376.9,678.5
202607310812,2026-07-31,08,12R,16:17,2026-07-31T16:08:38.963749+09:00,16.4,13.4,55.4,28.1,25.0,11.7,57.4,23.4,12.2,11.0,31.0,9.4,81.8,79.6,65.6,76.5,52.9,45.7,31.7,119.2,124.3,101.6,363.7,195.1,230.2,535.7,555.9,433.3,143.0,387.7,363.7,260.7,535.7,841.8,685.2,841.8,415.0,640.5,467.7,1052,115.1,80.7,331.0,169.3,245.5,398.1,589.3,446.4,113.7,243.5,427.0,178.5,526.1,589.3,775.4,841.8,355.0,701.5,433.3,1178,32.5,40.4,55.9,21.7,89.5,193.8,173.3,91.2,93.2,239.5,327.4,131.5,71.1,120.7,185.3,65.3,37.4,80.2,110.3,80.0,280.6,545.6,280.6,316.8,566.6,626.9,526.1,701.5,640.5,654.8,818.5,718.6,265.4,392.8,613.8,258.4,701.5,775.4,950.5,526.1,267.8,439.7,155.0,230.2,350.7,359.3,535.7,1227,640.5,626.9,446.4,1281,153.4,346.6,453.3,439.7,219.8,1178,1339,736.6
202607312209,2026-07-31,22,09R,16:20,2026-07-31T16:11:12.906099+09:00,50.8,26.4,55.4,35.5,64.8,38.7,124.1,65.1,17.9,29.7,48.6,11.2,232.1,308.0,123.2,122.2,41.1,68.1,20.6,101.3,129.1,81.7,222.4,126.1,239.0,308.0,533.8,485.3,97.0,291.2,340.7,170.3,266.9,889.7,432.8,889.7,188.4,390.6,197.7,500.5,188.4,80.0,195.3,333.6,250.2,250.2,320.3,444.8,88.0,140.4,552.2,355.9,400.4,390.6,355.9,842.9,364.0,593.1,390.6,1232,17.5,59.1,80.0,11.4,50.0,254.2,188.4,39.5,90.4,242.6,348.1,225.5,117.7,161.7,457.6,95.9,11.7,15.4,28.3,74.8,533.8,516.6,235.5,400.4,471.0,762.6,390.6,533.8,640.6,800.8,842.9,762.6,262.5,432.8,1144,213.5,640.6,667.3,432.8,232.1,72.8,225.5,31.2,177.9,291.2,667.3,219.4,444.8,410.6,516.6,286.0,364.0,30.5,54.4,232.1,115.2,333.6,400.4,552.2,174.0
202607311503,2026-07-31,15,03R,16:22,2026-07-31T16:12:39.398596+09:00,31.0,46.3,35.3,47.4,51.6,169.6,134.5,157.6,145.8,264.5,294.4,240.1,80.0,154.5,273.8,192.6,110.6,294.4,538.2,264.5,13.5,42.2,14.6,25.3,20.3,42.9,14.8,26.8,84.3,87.1,69.3,120.0,24.2,19.5,40.7,23.9,69.6,44.9,181.4,40.0,52.2,162.5,125.8,164.2,52.0,109.9,55.7,77.2,269.1,240.1,255.8,390.2,167.8,113.1,255.8,197.5,339.3,197.5,380.6,400.2,154.5,278.7,179.4,190.3,135.7,145.8,94.0,103.3,226.2,232.9,208.1,247.7,150.0,98.1,156.0,120.9,289.0,173.4,289.0,177.3,78.4,127.9,362.9,185.8,61.2,61.6,164.2,55.9,197.5,121.9,236.4,179.4,208.1,177.3,346.8,219.8,208.1,104.7,202.7,300.1,247.7,709.4,650.3,472.9,289.0,202.7,520.2,167.8,743.2,236.4,867.1,557.4,520.2,371.6,975.5,445.9,650.3,226.2,650.3,459.0
202607311312,2026-07-31,13,12R,16:24,2026-07-31T16:14:25.777472+09:00,14.1,8.2,20.1,29.7,21.3,16.4,25.5,39.5,10.1,18.5,14.0,19.6,32.0,41.9,30.4,49.3,68.1,87.8,52.0,95.2,85.0,54.3,138.7,216.9,138.2,389.4,353.3,571.2,96.5,290.4,233.1,300.6,261.6,445.1,349.7,511.5,590.9,571.2,571.2,926.3,89.2,95.4,157.2,267.7,157.9,314.4,393.9,511.5,161.6,346.2,290.4,580.9,320.3,408.0,511.5,445.1,646.6,729.2,745.0,685.4,36.1,78.4,48.2,71.2,76.6,248.3,177.5,224.0,168.8,317.3,364.6,393.9,82.1,142.8,212.8,114.2,160.1,288.0,326.4,222.5,95.4,196.9,84.8,167.1,336.0,364.6,389.4,423.1,601.3,580.9,612.0,527.2,225.4,349.7,580.9,298.0,672.0,496.7,456.9,439.4,265.6,326.4,276.4,445.1,364.6,527.2,380.8,926.3,745.0,646.6,1008,590.9,314.4,357.0,1071,685.4,672.0,835.9,816.0,761.6
202607312403,2026-07-31,24,03R,16:28,2026-07-31T16:18:33.773564+09:00,39.0,33.4,43.2,51.3,64.8,74.1,217.1,81.1,52.1,72.9,65.7,61.8,79.8,179.5,118.1,141.4,99.3,166.7,194.5,179.5,51.3,23.7,27.6,95.2,148.2,122.8,160.9,198.6,12.2,54.9,9.9,39.2,69.6,139.3,13.6,15.8,202.9,222.3,99.3,112.4,97.2,148.2,227.7,233.4,239.4,155.6,186.7,282.9,222.3,166.7,155.6,227.7,583.5,245.7,172.9,333.4,466.8,311.2,321.9,373.4,68.1,155.6,121.2,150.5,49.1,122.8,39.7,63.0,274.6,217.1,163.8,245.7,93.3,48.8,166.7,51.3,212.1,88.9,291.7,79.8,233.4,274.6,183.0,194.5,129.6,186.7,66.6,112.4,466.8,291.7,227.7,345.8,126.1,78.4,239.4,88.0,333.4,150.5,274.6,135.3,179.5,252.3,373.4,321.9,266.7,222.3,139.3,148.2,266.7,160.9,466.8,311.2,345.8,148.2,491.4,137.3,622.4,186.7,359.1,148.2
202607310103,2026-07-31,01,03R,16:30,2026-07-31T16:21:03.893682+09:00,35.0,38.1,74.9,136.7,47.4,49.3,67.4,155.3,51.0,71.3,61.3,137.2,113.1,122.9,110.9,170.0,232.5,310.7,267.0,287.2,41.4,31.6,54.5,103.2,47.4,22.3,48.9,88.7,32.6,19.9,25.4,47.7,90.1,70.1,56.7,172.6,264.9,195.3,114.6,302.4,56.3,58.0,71.2,143.6,81.3,33.2,64.1,102.0,73.0,39.6,69.0,103.2,105.1,89.2,97.0,152.5,322.4,223.3,224.8,307.9,44.1,73.5,68.2,151.9,55.6,27.3,37.5,55.5,86.9,47.0,88.3,122.0,64.0,45.1,81.7,92.3,224.8,99.3,190.9,204.6,130.9,175.2,134.5,199.8,138.9,110.2,94.9,135.6,194.1,173.4,203.4,255.0,153.9,108.5,187.7,169.2,328.6,234.1,284.8,258.9,406.8,569.6,551.2,599.6,610.3,244.1,313.5,406.8,589.2,384.0,367.5,510.1,697.5,316.4,481.3,421.9,759.5,517.8,517.8,560.3
202607311112,2026-07-31,11,12R,16:35,2026-07-31T16:26:44.047773+09:00,9.7,9.3,27.5,45.8,11.1,8.1,19.9,42.2,10.4,9.7,14.5,25.4,48.3,42.7,37.1,74.3,129.3,133.6,91.7,142.9,56.7,66.1,158.5,253.3,102.5,305.4,542.2,843.1,145.3,346.6,531.1,673.1,545.7,956.4,1016,1303,925.3,1555,1322,1883,61.9,56.5,106.0,202.9,116.9,308.9,491.0,803.0,95.0,236.0,203.8,362.7,232.7,464.7,323.5,615.4,783.7,1315,829.3,1110,54.7,57.2,63.1,103.2,147.9,329.2,407.6,507.2,126.0,323.3,279.4,489.7,128.1,308.6,298.7,238.1,311.1,640.9,712.6,418.4,249.5,246.8,204.7,348.9,541.5,848.6,944.5,1147,428.1,888.3,693.6,1215,275.7,753.9,608.8,544.4,816.7,1477,1474,818.9,688.4,995.0,687.3,1066,1208,1841,1684,2095,1501,2201,1648,2025,889.2,1587,1710,1082,1370,1871,2196,1078
202607310611,2026-07-31,06,11R,16:38,2026-07-31T16:28:35.437099+09:00,18.0,69.8,38.6,40.3,11.5,21.6,7.2,7.2,121.5,71.3,122.3,89.9,46.6,26.2,74.0,45.9,55.1,26.5,84.1,61.3,109.4,262.5,187.5,187.5,135.8,240.1,193.0,162.7,317.6,218.8,492.3,457.9,231.6,289.6,480.3,273.5,339.5,358.0,480.3,615.4,28.6,44.8,16.0,14.7,95.1,180.6,117.2,160.1,203.0,226.3,240.1,187.5,67.6,124.6,171.2,93.3,60.2,172.7,180.6,120.0,252.4,393.8,221.2,351.6,277.3,221.2,312.5,281.3,328.2,457.9,281.3,410.2,333.7,468.8,351.6,447.5,457.9,401.9,532.2,518.2,223.7,107.6,262.5,174.2,211.7,214.0,393.8,231.6,156.2,312.5,328.2,255.7,358.0,679.0,437.6,358.0,322.8,547.0,266.1,504.9,218.8,125.4,504.9,312.5,419.0,262.5,410.2,358.0,150.3,317.6,457.9,322.8,596.7,547.0,757.4,1094,419.0,757.4,457.9,937.7
202607311610,2026-07-31,16,10R,16:42,2026-07-31T16:32:27.582976+09:00,3.2,15.0,17.3,50.4,7.4,36.9,39.8,118.1,29.3,56.1,40.3,133.5,42.8,58.4,45.2,201.6,138.9,165.8,190.4,428.4,29.2,77.3,112.9,98.8,38.7,354.5,149.0,218.7,146.8,302.4,354.5,447.0,165.8,285.6,342.7,447.0,285.6,395.4,354.5,790.9,36.9,111.7,64.6,197.7,123.8,153.4,128.5,190.4,277.8,228.4,277.8,270.5,201.6,119.5,263.6,263.6,183.6,270.5,302.4,395.4,86.4,205.6,101.7,163.2,138.9,293.7,168.5,140.8,201.6,342.7,171.3,239.1,158.1,174.2,244.8,270.5,214.2,177.2,380.8,293.7,158.1,160.6,171.3,270.5,186.9,228.4,257.0,257.0,214.2,367.2,302.4,354.5,302.4,342.7,380.8,293.7,354.5,428.4,380.8,411.2,311.5,233.6,467.3,790.9,380.8,321.3,428.4,856.8,257.0,214.2,428.4,467.3,270.5,367.2,934.7,790.9,1285,934.7,1028,541.1
202607311903,2026-07-31,19,03R,16:44,2026-07-31T16:34:33.160349+09:00,9.3,8.9,57.6,151.9,8.5,6.5,27.4,242.5,14.1,10.3,73.9,184.3,144.0,91.5,122.3,576.1,145.5,446.0,446.0,493.8,51.2,68.4,300.5,476.7,88.0,209.5,460.9,493.8,108.0,234.3,601.1,363.8,460.9,460.9,493.8,1063,384.0,1152,493.8,1536,14.1,11.6,73.9,321.5,20.5,116.1,251.4,446.0,45.1,103.1,242.5,531.8,175.0,345.6,265.9,628.5,813.3,658.4,553.0,768.1,45.3,42.4,175.0,345.6,89.7,212.7,321.5,197.5,89.2,181.9,329.2,531.8,216.0,446.0,373.7,864.1,768.1,628.5,987.6,921.8,337.2,271.1,406.6,768.1,321.5,531.8,553.0,864.1,384.0,628.5,813.3,813.3,432.0,1063,987.6,1536,1975,987.6,1063,1382,553.0,1536,1152,1728,1063,813.3,727.7,1257,1728,691.3,1152,2765,768.1,419.0,1382,2304,921.8,2304,2765,1257
202607310511,2026-07-31,05,11R,16:46,2026-07-31T16:36:28.461931+09:00,31.0,6.8,8.4,33.3,59.3,77.3,98.4,214.4,8.0,47.8,8.6,33.6,13.6,54.7,14.4,52.6,109.8,214.4,155.7,157.8,106.7,50.5,64.5,174.8,252.6,391.9,528.7,757.8,88.4,405.9,154.6,339.3,115.4,349.7,167.1,295.2,598.3,757.8,909.4,909.4,134.5,138.6,142.9,222.8,227.3,222.8,227.3,264.3,216.5,258.3,360.8,528.7,287.7,391.9,568.3,483.7,428.9,909.4,473.6,598.3,45.1,191.0,41.4,111.4,91.3,360.8,114.8,210.5,437.2,710.4,413.3,874.4,61.1,94.7,291.4,124.9,355.2,421.0,909.4,334.3,61.9,225.1,61.7,108.7,111.9,295.2,163.5,176.2,494.2,391.9,528.7,554.5,91.3,120.9,554.5,143.8,303.1,391.9,473.6,311.4,541.3,1196,988.5,473.6,1082,1033,1136,1263,1894,1196,1515,1894,842.0,909.4,2066,874.4,541.3,1033,1337,842.0
202607312003,2026-07-31,20,03R,16:48,2026-07-31T16:38:31.725655+09:00,19.0,29.3,50.3,19.9,11.9,29.3,13.8,7.6,78.7,52.9,117.5,30.8,83.2,39.1,74.0,51.4,21.9,13.3,27.4,34.7,115.7,137.1,125.5,86.1,137.1,194.9,246.8,217.8,264.5,308.5,389.8,308.5,154.2,185.1,352.6,352.6,134.6,211.6,224.4,529.0,59.7,101.4,52.1,39.3,117.5,127.6,117.5,145.2,238.9,161.0,352.6,296.2,129.9,172.2,370.3,308.5,87.1,185.1,205.7,255.3,148.1,168.3,200.1,370.3,296.2,231.4,411.4,205.7,238.9,296.2,284.8,322.0,246.8,389.8,255.3,389.8,389.8,336.6,370.3,411.4,264.5,125.5,185.1,200.1,211.6,148.1,264.5,336.6,185.1,308.5,493.7,231.4,185.1,673.2,389.8,462.8,336.6,389.8,211.6,435.6,91.4,63.3,246.8,185.1,132.2,129.9,224.4,352.6,102.8,132.2,352.6,308.5,308.5,274.3,617.1,822.9,274.3,462.8,211.6,493.7
202607312210,2026-07-31,22,10R,16:55,2026-07-31T16:46:46.165491+09:00,10.5,17.9,57.4,20.5,18.1,45.9,121.5,88.6,56.5,56.5,132.0,107.3,108.1,173.8,171.7,117.4,49.2,110.7,141.6,236.8,11.1,14.0,69.0,18.7,18.3,35.3,183.1,74.2,33.9,124.8,70.4,39.1,124.8,254.3,211.3,112.5,53.2,106.4,50.1,147.7,45.4,64.1,143.0,236.8,51.2,147.7,180.7,159.7,86.3,116.4,392.4,490.6,327.0,280.3,298.6,597.2,312.2,416.2,232.8,1144,49.5,97.4,232.8,196.2,56.2,292.2,264.1,94.7,102.5,245.3,381.5,624.4,361.5,319.4,528.3,305.2,264.1,82.7,473.6,381.5,183.1,286.1,280.3,264.1,183.1,327.0,286.1,132.0,274.7,381.5,443.1,416.2,269.3,319.4,528.3,269.3,274.7,180.7,208.1,228.9,116.4,371.2,225.1,473.6,130.8,286.1,211.3,259.1,335.0,249.7,361.5,429.2,205.0,202.0,457.9,327.0,549.4,319.4,723.0,404.0
202607310104,2026-07-31,01,04R,17:00,2026-07-31T16:50:24.696110+09:00,20.7,15.2,38.1,14.9,32.5,34.2,58.0,34.6,19.5,34.1,43.2,17.8,92.4,115.8,79.1,75.1,27.7,55.3,30.0,79.5,64.6,50.4,103.2,40.0,105.0,154.7,219.4,118.5,83.3,172.8,226.0,79.6,234.5,311.7,383.5,256.6,83.5,164.8,117.6,285.6,105.0,104.3,144.0,95.0,158.0,192.2,233.7,153.7,163.7,238.6,290.4,120.8,259.5,266.6,292.9,300.7,162.1,198.4,152.3,387.8,61.3,121.0,90.0,30.9,95.4,208.1,217.4,85.9,194.4,346.5,273.0,149.3,116.4,185.5,275.2,115.1,33.6,86.0,64.9,114.1,212.0,291.7,199.0,213.3,282.0,336.2,351.8,248.2,368.9,392.3,470.7,509.4,221.6,390.0,509.4,219.4,302.0,313.1,446.1,265.6,64.4,52.8,42.5,285.6,109.2,185.5,155.4,455.0,252.8,278.6,337.9,598.8,51.1,157.2,81.5,341.3,517.1,525.1,517.1,434.8
202607311504,2026-07-31,15,04R,17:05,2026-07-31T16:56:27.593029+09:00,75.0,165.4,32.9,28.6,146.2,428.6,138.7,121.0,274.7,396.8,393.2,224.3,62.4,152.5,382.6,53.7,38.2,124.5,178.5,48.3,66.7,159.3,30.0,25.1,141.4,308.3,70.0,54.3,293.5,317.4,153.6,100.1,38.9,57.6,138.7,13.9,25.6,40.6,79.2,9.1,249.1,481.5,329.6,312.8,247.7,396.8,187.1,146.2,892.9,702.6,765.3,382.6,412.1,208.0,714.3,192.1,293.5,178.5,293.5,140.9,522.6,649.3,579.1,329.6,612.2,549.4,389.6,184.7,874.6,1020,793.7,375.9,669.6,366.3,603.6,229.1,432.9,156.9,315.1,232.9,91.1,252.1,412.1,76.8,79.6,121.0,225.5,27.2,366.3,199.3,630.2,159.3,424.3,297.6,481.5,238.1,48.3,22.5,88.9,114.9,44.1,137.3,210.0,63.4,33.6,51.6,92.5,16.8,175.6,120.0,190.4,139.6,289.5,163.5,217.5,174.2,45.4,20.3,72.0,94.4
202607310612,2026-07-31,06,12R,17:08,2026-07-31T16:58:28.095046+09:00,9.1,8.1,20.5,33.6,15.7,11.9,24.2,49.6,13.4,15.1,19.7,38.7,44.8,49.4,50.5,90.0,102.7,121.9,123.5,152.4,47.1,43.9,79.6,108.6,105.2,126.4,225.4,284.7,85.8,130.8,167.2,235.2,215.8,335.1,360.7,491.8,380.6,578.2,435.3,728.3,67.4,48.2,87.2,159.4,136.9,204.7,270.5,384.5,119.1,233.7,246.7,378.7,305.4,407.2,402.9,505.0,450.8,750.0,714.6,797.3,48.6,64.5,50.9,97.7,97.6,159.4,159.4,238.9,130.6,220.2,215.1,367.7,91.5,129.2,192.2,126.4,299.4,304.2,479.4,280.5,161.8,244.3,185.2,253.3,250.8,359.0,349.0,482.4,390.4,501.6,488.7,626.0,215.8,322.3,448.2,290.2,511.8,823.3,682.4,501.6,413.9,596.4,482.4,573.8,552.9,515.3,515.3,797.3,797.3,996.7,1221,1052,823.3,653.0,1165,742.6,797.3,1183,1328,780.9
202607312404,2026-07-31,24,04R,17:10,2026-07-31T17:01:38.389512+09:00,44.1,34.2,55.9,50.9,48.9,22.4,48.1,42.2,34.6,21.7,12.3,9.8,61.2,55.3,25.6,29.6,78.1,84.1,23.3,43.5,205.3,206.7,256.6,314.2,272.5,466.6,570.3,769.9,314.2,531.0,327.6,433.7,522.0,559.9,427.7,733.3,628.5,769.9,531.0,1099,179.0,97.1,175.9,129.9,296.1,394.8,531.0,513.3,171.1,466.6,248.3,143.2,466.6,641.6,320.8,263.2,301.9,716.2,202.6,371.0,114.9,79.9,14.8,22.9,250.4,296.1,212.4,196.1,180.1,346.0,196.1,142.5,38.3,138.7,112.4,22.8,36.9,152.4,123.6,36.0,206.7,218.4,68.5,89.0,327.6,338.4,285.1,296.1,496.7,559.9,405.2,311.1,69.2,270.1,267.8,36.4,118.4,334.7,296.1,65.5,238.7,274.9,94.7,170.1,522.0,531.0,416.2,641.6,446.3,452.9,290.5,628.5,114.4,354.0,282.5,77.3,248.3,628.5,549.9,94.4
202607311611,2026-07-31,16,11R,17:14,2026-07-31T17:04:29.786052+09:00,7.2,24.1,65.0,25.9,9.8,20.8,88.0,34.8,95.2,106.9,300.2,132.8,172.5,140.4,212.7,208.7,34.0,37.9,83.9,201.0,16.3,54.6,145.1,39.5,19.6,24.9,55.4,37.4,55.4,51.2,152.2,100.5,304.4,277.4,347.8,327.1,74.0,72.8,131.2,292.2,38.7,66.8,91.7,70.7,29.1,37.0,50.6,56.0,97.4,92.8,146.1,127.4,308.6,173.9,190.5,273.9,92.0,104.3,167.3,270.5,277.4,217.0,292.2,288.3,413.5,337.1,421.4,251.9,219.1,288.3,288.3,296.1,664.1,755.7,398.4,521.8,391.3,273.9,456.6,509.7,664.1,561.9,521.8,592.3,608.8,476.4,466.3,353.5,521.8,608.8,466.3,608.8,876.6,996.2,811.7,521.8,684.9,876.6,811.7,684.9,82.7,100.0,184.1,332.0,128.1,136.9,238.2,398.4,145.1,143.2,235.6,498.1,332.0,267.2,317.6,547.9,913.2,811.7,755.7,487.0
202607312004,2026-07-31,20,04R,17:15,2026-07-31T17:06:30.546053+09:00,22.9,101.0,10.4,58.0,26.9,67.3,24.9,61.3,173.1,91.4,111.4,151.5,10.1,28.6,51.3,22.8,74.5,74.5,125.9,62.9,96.9,167.1,20.8,101.0,142.5,193.9,176.2,173.1,404.0,404.0,387.8,461.7,59.1,170.1,312.7,121.2,210.7,262.0,312.7,202.0,98.9,197.8,76.9,134.6,167.1,167.1,121.2,206.2,404.0,255.1,484.8,421.5,124.3,186.4,421.5,164.3,372.9,440.7,421.5,440.7,186.4,220.3,220.3,248.6,372.9,303.0,387.8,262.0,210.7,359.1,323.2,269.3,202.0,312.7,372.9,220.3,387.8,461.7,312.7,312.7,10.5,41.4,93.2,16.6,44.0,82.1,173.1,82.8,98.9,153.9,312.7,114.0,164.3,215.4,461.7,230.8,25.3,27.3,124.3,167.1,179.5,215.4,404.0,242.4,293.8,215.4,387.8,269.3,484.8,225.4,646.4,570.3,359.1,387.8,745.8,440.7,161.6,230.8,293.8,346.2
202607310512,2026-07-31,05,12R,17:18,2026-07-31T17:08:47.288389+09:00,6.4,9.5,13.4,17.0,9.5,12.2,17.7,22.9,19.6,23.5,32.2,36.0,25.7,32.9,37.4,34.3,51.6,66.6,80.5,68.1,55.0,77.6,87.4,96.9,121.2,330.4,529.1,715.9,164.0,412.5,566.0,536.9,214.7,669.9,657.8,474.1,327.4,936.1,879.7,695.4,67.8,95.8,100.1,129.0,131.5,295.6,424.5,486.8,292.0,386.3,613.6,708.9,324.5,598.5,730.2,483.5,493.3,1014,901.5,760.6,137.2,208.6,163.3,242.5,214.1,392.5,500.1,514.2,341.2,579.5,849.0,879.7,270.4,640.5,793.7,507.0,486.8,901.5,1043,676.1,129.7,198.9,181.6,144.0,214.7,453.5,544.9,390.4,382.3,579.5,768.6,702.1,296.8,829.7,1073,584.1,321.6,557.4,624.1,634.9,295.6,503.6,579.5,405.6,490.0,973.6,1431,948.3,715.9,1014,1698,1587,890.5,1237,1404,1327,561.7,849.0,1327,1106
202607311904,2026-07-31,19,04R,17:20,2026-07-31T17:10:33.501881+09:00,7.4,17.8,62.7,24.7,6.1,8.2,44.8,13.3,35.7,21.6,209.0,49.8,230.2,178.5,167.2,467.2,35.8,41.2,94.0,378.2,34.9,98.0,311.5,165.5,67.6,180.5,512.5,165.5,226.9,278.7,993.0,407.3,369.4,722.1,690.7,1134,361.0,429.4,481.4,1444,19.7,18.0,136.9,27.7,66.2,102.5,429.4,143.1,47.2,104.5,338.0,63.0,331.0,756.5,331.0,441.3,81.0,182.6,105.2,690.7,157.3,98.6,283.7,165.5,260.4,256.2,567.4,211.8,145.7,209.0,418.1,158.8,378.2,794.4,635.5,934.5,331.0,397.2,230.2,756.5,345.3,467.2,453.9,512.5,294.2,635.5,588.4,934.5,836.2,722.1,794.4,662.0,512.5,1444,1444,1588,1222,1222,836.2,1444,311.5,180.5,294.2,1765,662.0,512.5,662.0,1222,209.0,418.1,278.7,993.0,378.2,378.2,397.2,2269,882.6,1222,1986,1222
202607310105,2026-07-31,01,05R,17:25,2026-07-31T17:16:58.020629+09:00,23.5,13.6,64.0,107.0,27.1,15.8,50.4,134.0,10.0,13.3,27.9,75.2,108.6,110.8,84.2,203.5,170.7,226.8,165.6,239.3,70.2,42.1,131.1,170.7,97.2,95.9,170.7,282.8,53.3,87.4,161.3,279.1,229.2,273.9,354.0,388.8,382.0,580.7,483.9,640.4,54.3,31.0,63.5,168.8,97.4,83.1,149.6,240.6,36.0,66.3,90.3,218.8,170.7,182.2,150.7,298.3,342.9,359.9,325.0,435.5,16.6,18.2,32.1,80.0,32.2,54.1,108.6,149.1,33.8,57.3,88.7,174.9,59.0,105.7,117.7,153.8,136.5,95.5,263.9,254.6,226.8,260.7,185.3,439.9,308.8,286.5,327.4,332.4,286.5,337.6,308.8,506.4,214.5,439.9,372.2,604.9,738.1,512.3,596.6,650.0,332.4,580.7,407.0,680.5,544.4,388.8,483.9,670.0,531.1,565.6,473.4,725.8,494.9,478.6,622.1,750.9,1036,853.9,821.7,1209
202607312211,2026-07-31,22,11R,17:28,2026-07-31T17:18:55.229084+09:00,16.3,9.7,26.9,51.8,20.7,10.6,25.5,57.4,8.7,10.9,11.2,28.3,32.7,50.5,28.1,95.0,132.0,192.5,147.1,366.7,102.7,71.1,122.9,202.7,150.0,281.8,292.5,481.4,129.0,248.4,256.7,334.9,292.5,405.4,350.1,462.1,592.5,1100,722.1,855.8,66.5,34.4,70.0,116.1,148.1,228.7,245.8,537.4,51.1,111.0,125.5,218.0,172.4,240.7,187.8,444.3,444.3,1050,577.7,1004,45.5,43.6,41.9,70.2,112.1,251.1,226.5,385.1,79.4,243.2,208.1,325.4,81.6,195.8,189.4,179.1,320.9,491.6,577.7,481.4,420.1,308.1,195.8,608.1,563.6,563.6,525.1,660.2,481.4,608.1,745.4,1100,253.9,502.3,924.3,444.3,855.8,1050,592.5,550.1,453.1,1004,471.5,1004,855.8,1004,1004,1444,1283,1004,1155,855.8,391.6,481.4,624.5,592.5,1155,1540,1216,745.4
202607311505,2026-07-31,15,05R,17:30,2026-07-31T17:21:13.179767+09:00,43.7,16.5,51.4,19.4,70.3,45.1,92.9,57.6,14.6,41.8,28.9,12.2,96.5,136.9,84.1,83.6,26.1,87.1,22.9,88.9,170.6,75.5,155.7,77.3,218.5,296.6,222.4,191.6,48.2,148.3,175.4,43.7,222.4,148.3,153.8,146.5,64.8,259.5,60.4,296.6,230.7,139.9,166.1,239.5,283.1,230.7,239.5,239.5,336.7,244.2,327.8,265.0,444.9,296.6,415.3,461.4,289.7,415.3,230.7,593.2,45.6,87.1,48.1,26.0,75.0,84.1,159.7,34.3,211.1,144.8,265.0,128.4,69.6,110.2,144.8,50.8,29.7,37.1,98.1,55.3,204.2,303.8,161.8,177.9,214.8,183.2,289.7,259.5,366.4,163.9,289.7,319.4,155.7,254.2,366.4,131.1,265.0,303.8,401.9,170.6,96.5,283.1,67.3,303.8,159.7,214.8,125.8,254.2,355.9,444.9,303.8,692.1,86.5,120.9,235.0,161.8,336.7,415.3,566.3,191.6
202607312405,2026-07-31,24,05R,17:35,2026-07-31T17:26:24.318530+09:00,3.5,5.2,62.9,19.4,8.0,8.7,112.7,37.9,16.1,19.6,110.0,37.9,130.7,221.4,247.7,241.3,57.5,82.5,76.8,247.7,53.9,69.2,232.4,145.9,103.4,226.8,553.7,400.5,123.0,362.0,1045,324.5,553.7,588.3,784.4,1045,384.2,724.0,418.3,1255,68.9,101.7,265.1,238.3,135.4,268.9,376.5,437.8,202.4,376.5,941.3,470.6,649.1,697.2,672.3,896.5,627.5,627.5,553.7,1107,64.2,140.4,211.5,136.4,137.4,280.9,570.5,254.4,251.0,369.1,627.5,427.8,384.2,588.3,588.3,522.9,330.2,265.1,697.2,588.3,672.3,418.3,508.8,369.1,448.2,522.9,724.0,896.5,724.0,537.9,990.8,855.7,448.2,990.8,1045,724.0,1045,1344,1255,784.4,298.8,459.1,459.1,855.7,649.1,437.8,448.2,1107,508.8,330.2,1045,818.5,537.9,570.5,990.8,1176,553.7,2353,1711,941.3
202607312005,2026-07-31,20,05R,17:40,2026-07-31T17:31:07.343436+09:00,7.6,6.1,31.2,38.9,21.3,44.7,32.5,78.6,20.0,62.3,117.9,124.7,94.8,119.5,91.8,134.2,72.1,80.8,114.8,178.1,18.9,10.5,52.9,42.3,72.7,96.9,181.8,145.4,23.7,81.5,126.5,121.2,111.9,181.8,272.7,290.9,94.8,207.8,122.9,323.3,45.4,122.9,124.7,153.1,147.9,138.5,145.4,229.7,256.7,155.8,484.9,349.1,290.9,198.3,363.7,415.6,272.7,323.3,335.7,459.4,45.7,136.3,174.5,223.8,61.0,96.9,203.0,161.6,218.2,178.1,256.7,290.9,212.9,185.7,249.4,513.4,379.5,218.2,323.3,484.9,249.4,242.4,218.2,155.8,203.0,171.1,311.7,396.7,223.8,264.5,415.6,256.7,235.9,671.4,513.4,623.5,249.4,459.4,290.9,623.5,203.0,189.7,363.7,235.9,229.7,235.9,396.7,872.9,290.9,272.7,335.7,436.4,379.5,272.7,545.5,969.9,235.9,623.5,396.7,545.5
202607311905,2026-07-31,19,05R,17:45,2026-07-31T17:36:28.342488+09:00,21.4,21.9,19.7,95.8,18.4,13.8,7.0,92.4,39.4,28.3,22.6,113.5,17.1,9.6,18.5,128.9,82.2,174.1,348.2,348.2,88.5,171.2,143.1,360.2,158.2,401.8,232.1,348.2,274.9,316.5,386.9,522.3,180.1,261.1,337.0,614.5,316.5,949.7,497.5,1160,78.5,43.3,24.2,193.4,117.3,149.2,155.9,373.1,91.6,177.0,99.5,373.1,54.9,177.0,84.2,261.1,454.2,949.7,337.0,474.8,85.6,101.4,72.5,267.8,197.1,197.1,254.8,183.2,151.4,348.2,104.4,290.2,92.4,222.2,135.6,316.5,652.9,454.2,373.1,307.2,93.2,37.5,78.5,248.7,145.1,186.5,222.2,474.8,64.0,189.9,112.3,337.0,121.4,386.9,183.2,401.8,696.5,614.5,454.2,401.8,417.9,549.8,746.2,1305,696.5,746.2,696.5,1044,580.4,549.8,549.8,1044,522.3,348.2,497.5,614.5,614.5,1305,803.6,417.9
202607311612,2026-07-31,16,12R,17:48,2026-07-31T17:38:22.768397+09:00,11.7,17.5,33.0,20.0,6.7,7.9,17.3,8.7,25.5,17.0,31.5,22.4,72.6,46.7,59.7,58.5,49.3,28.6,49.3,98.7,110.1,222.6,317.2,204.5,158.0,387.4,433.2,272.2,391.2,567.5,1151,479.7,447.7,760.3,1089,876.0,428.6,452.7,575.6,1259,43.5,56.9,92.6,58.4,165.8,276.0,347.3,277.9,153.8,245.7,366.3,216.6,287.8,373.1,411.1,474.0,149.2,266.8,281.7,497.4,129.9,117.1,157.4,168.6,391.2,552.0,619.9,350.4,183.1,537.2,428.6,296.2,330.3,671.6,559.6,373.1,268.6,338.6,373.1,452.7,411.1,383.7,350.4,398.9,592.5,774.9,857.3,732.6,442.8,660.6,706.9,822.3,485.5,1089,982.8,537.2,790.1,1221,1089,876.0,208.7,157.4,294.1,398.9,463.1,350.4,649.9,937.1,223.8,305.2,387.4,694.7,402.9,537.2,523.3,790.1,876.0,959.4,1089,857.3
202607310106,2026-07-31,01,06R,17:50,2026-07-31T17:40:24.331482+09:00,16.5,15.8,19.7,47.8,13.0,11.8,12.6,25.9,15.4,18.1,16.6,33.0,23.9,26.0,30.3,48.5,61.8,65.8,70.0,74.5,116.7,132.7,122.4,189.7,141.3,262.4,195.0,298.3,210.2,349.0,349.0,453.3,197.2,252.9,425.7,379.4,379.4,612.4,601.8,545.4,74.7,52.7,55.0,112.9,143.6,171.1,171.1,242.4,105.7,220.9,185.6,242.4,133.2,157.2,192.8,252.9,252.9,306.2,279.2,459.3,87.2,100.0,77.4,130.2,151.7,249.3,260.5,228.1,126.9,326.2,179.0,281.5,113.7,188.6,229.6,222.3,249.3,311.6,521.0,401.2,148.5,149.1,145.4,228.1,222.3,262.4,320.2,308.9,199.4,281.5,306.2,405.9,185.6,392.2,453.3,396.6,415.5,371.3,436.3,513.3,356.2,379.4,329.3,478.1,684.4,300.9,545.4,484.8,491.6,545.4,453.3,563.0,436.3,634.6,712.4,698.1,563.0,554.0,563.0,895.0
202607311506,2026-07-31,15,06R,17:55,2026-07-31T17:46:28.885411+09:00,5.0,4.9,33.5,52.5,10.1,12.9,49.7,109.6,11.2,20.0,46.7,103.4,115.4,129.0,152.0,384.2,176.6,304.0,273.1,506.7,18.3,18.9,96.5,138.7,41.5,80.0,262.9,248.0,40.5,83.8,271.0,339.5,211.9,349.6,529.8,506.7,320.8,460.1,794.7,760.1,58.2,77.7,178.4,286.6,88.5,135.0,309.4,392.9,148.1,197.5,421.3,573.2,546.3,368.0,685.6,945.1,635.7,744.0,582.8,1248,58.1,105.3,183.0,244.5,84.8,199.8,397.3,296.3,218.5,271.0,431.7,421.3,437.1,466.2,555.0,685.6,624.4,685.6,672.4,659.7,156.1,624.4,485.6,659.7,360.5,437.1,713.6,813.2,635.7,277.5,685.6,896.6,514.2,896.6,1128,896.6,832.5,896.6,1205,777.0,521.9,713.6,728.5,1520,728.5,555.0,971.3,1059,852.8,546.3,1248,1748,685.6,971.3,832.5,920.2,1205,1092,1589,852.8
202607312406,2026-07-31,24,06R,18:00,2026-07-31T17:50:23.332109+09:00,15.4,56.0,27.7,49.1,11.4,28.0,5.2,35.9,79.4,65.7,72.1,66.1,23.4,8.8,58.4,50.1,85.8,114.8,164.2,114.8,98.2,186.8,132.3,202.7,117.6,297.7,366.4,264.6,194.4,501.5,732.9,595.5,170.1,317.6,680.6,866.2,529.3,560.5,414.2,794.0,35.2,71.1,14.2,99.2,102.4,114.8,176.4,272.2,153.6,307.3,250.7,352.9,26.1,130.5,211.7,161.5,307.3,381.1,453.7,381.1,167.1,232.4,120.6,211.7,381.1,352.9,381.1,226.8,232.4,381.1,352.9,264.6,232.4,433.1,453.7,340.3,501.5,381.1,866.2,476.4,83.5,28.7,183.2,146.5,128.7,216.5,340.3,297.7,42.9,238.2,381.1,317.6,194.4,635.2,680.6,529.3,529.3,635.2,529.3,680.6,167.1,257.5,297.7,340.3,264.6,226.8,238.2,280.2,202.7,190.5,328.5,221.5,476.4,414.2,680.6,1191,635.2,952.8,952.8,794.0
202607312212,2026-07-31,22,12R,18:03,2026-07-31T17:54:30.112823+09:00,7.2,10.6,18.7,41.5,8.1,7.0,13.8,31.0,16.8,14.2,20.7,48.5,77.5,59.7,92.1,121.6,116.8,110.4,126.3,174.2,51.9,61.6,136.0,248.1,104.2,196.3,364.9,626.7,143.6,362.8,549.0,1017,371.5,954.5,899.2,1551,639.6,1320,1193,1320,42.8,31.7,66.6,131.4,94.5,171.3,255.3,488.5,57.8,141.6,157.4,258.5,216.1,436.9,344.6,590.9,449.6,1051,805.7,1128,75.6,72.1,143.2,225.6,151.6,307.1,424.9,569.2,106.7,299.7,301.1,452.8,314.9,463.0,392.6,456.2,633.1,608.2,765.9,785.3,339.0,291.2,369.3,590.9,463.0,681.8,954.5,1069,376.0,899.2,713.1,1292,525.8,940.0,689.3,765.9,1170,1590,873.8,1378,405.5,574.4,738.6,1017,713.1,1477,1292,1632,729.9,1193,1051,1320,899.2,795.4,1266,1051,1266,2481,2386,1513
202607312006,2026-07-31,20,06R,18:05,2026-07-31T17:56:26.765550+09:00,30.2,55.9,81.7,41.8,24.0,43.2,61.3,15.8,110.7,80.4,139.1,69.1,104.0,114.4,84.4,145.0,19.9,11.2,29.0,115.7,108.4,54.2,135.5,90.3,156.0,214.5,190.7,156.0,312.1,312.1,572.2,271.0,251.2,251.2,412.0,312.1,143.0,168.8,174.5,321.8,65.1,66.4,91.1,24.2,125.6,130.3,128.7,128.7,151.4,158.4,257.5,135.5,194.3,145.0,239.5,139.1,30.0,84.4,107.2,183.9,210.2,133.7,194.3,147.1,412.0,294.3,381.5,177.5,219.1,332.2,294.3,158.4,245.2,332.2,355.1,245.2,177.5,214.5,239.5,542.1,332.2,251.2,214.5,171.6,294.3,223.9,332.2,286.1,367.8,343.3,367.8,190.7,251.2,1144,643.7,412.0,367.8,468.2,228.9,515.0,20.6,11.3,43.2,71.5,67.7,84.4,122.6,187.2,21.9,56.2,81.7,125.6,100.0,143.0,121.1,198.0,84.4,312.1,187.2,271.0
202607311906,2026-07-31,19,06R,18:10,2026-07-31T18:01:37.684926+09:00,44.0,66.6,50.2,211.1,39.1,30.9,7.2,215.6,154.7,70.8,56.9,244.1,24.3,5.9,19.0,176.2,147.9,289.5,343.5,382.4,171.7,326.8,289.5,723.8,244.1,494.3,270.2,675.5,482.5,506.6,533.3,579.0,277.6,332.2,614.1,1192,596.0,1066,653.7,1559,98.3,77.3,17.8,302.4,198.6,196.7,222.7,810.6,187.6,361.9,133.3,921.2,19.3,113.2,50.1,355.5,675.5,2026,723.8,723.8,307.0,343.5,154.7,471.3,460.6,450.3,519.6,270.2,422.2,675.5,176.2,494.3,162.1,431.2,173.2,547.7,750.6,579.0,633.3,675.5,34.8,7.1,21.0,145.8,126.6,126.6,171.7,422.2,11.8,74.7,34.4,259.8,78.2,337.7,74.5,562.9,614.1,579.0,450.3,450.3,698.8,653.7,1125,1447,1266,1351,881.1,1559,750.6,1013,1125,1192,750.6,533.3,1192,1351,723.8,2026,1688,921.2
202607310107,2026-07-31,01,07R,18:15,2026-07-31T18:06:29.768171+09:00,24.7,85.4,67.5,85.8,10.4,16.8,10.2,13.3,165.5,70.8,132.0,140.6,96.6,45.0,138.4,150.3,144.1,60.4,204.9,196.1,88.3,267.2,197.8,192.0,92.5,278.6,202.1,268.8,357.0,448.0,513.4,544.0,275.2,259.6,496.6,652.8,439.3,491.3,774.5,913.9,11.9,16.7,9.2,12.5,33.5,117.4,68.0,88.3,48.1,130.9,99.5,94.0,31.7,72.1,103.8,82.6,44.8,105.0,136.4,122.1,239.2,155.9,190.4,285.6,326.4,312.9,331.1,341.0,161.4,481.0,224.0,348.8,236.7,317.3,282.0,317.3,400.8,431.0,519.2,486.1,268.8,100.2,239.2,268.8,351.5,264.1,419.2,415.4,104.5,247.0,384.0,338.4,343.5,662.2,609.2,439.3,682.0,692.3,662.2,692.3,310.8,163.2,513.4,682.0,525.2,319.5,725.3,878.7,164.3,351.5,439.3,617.5,737.0,801.6,692.3,830.8,749.1,913.9,787.8,1114
202607311507,2026-07-31,15,07R,18:20,2026-07-31T18:10:23.378976+09:00,13.6,30.6,35.0,54.0,5.9,4.5,11.3,38.9,34.5,19.6,52.7,119.9,57.1,50.2,113.7,256.4,129.4,176.7,204.3,467.0,77.8,134.8,118.8,159.4,118.8,284.2,225.4,217.9,201.1,246.7,221.6,408.6,204.3,225.4,318.9,502.9,363.2,726.5,523.1,523.1,34.6,20.0,38.3,124.5,110.8,150.3,163.4,256.4,77.3,153.8,229.4,396.2,169.8,189.5,221.6,435.9,384.6,467.0,266.8,568.5,155.6,82.2,102.1,261.5,318.9,311.3,344.1,186.8,102.9,284.2,221.6,261.5,242.1,384.6,251.4,450.9,421.8,326.9,326.9,363.2,59.7,103.7,176.7,278.2,201.1,192.3,318.9,396.2,214.3,150.3,261.5,335.3,184.1,408.6,421.8,523.1,688.3,594.4,523.1,467.0,290.6,594.4,871.8,769.2,523.1,467.0,622.7,769.2,594.4,384.6,622.7,934.1,594.4,502.9,726.5,544.9,1005,1005,934.1,726.5
202607312407,2026-07-31,24,07R,18:25,2026-07-31T18:16:30.082607+09:00,3.7,,16.9,54.0,2.6,,7.8,39.0,,,,,48.2,32.5,,159.0,106.0,146.1,,249.5,29.0,,137.4,136.2,38.1,,210.6,368.5,,,,,253.4,306.0,,1013,559.2,705.1,,772.2,11.8,,20.2,90.1,25.7,,128.7,261.5,,,,,95.9,154.4,,368.5,345.0,426.7,,506.8,,,,,,,,,,,,,,,,,,,,,213.3,124.7,,265.8,279.6,261.5,,523.1,182.2,306.0,,463.3,,,,,579.2,523.1,772.2,,274.8,450.5,,648.7,600.6,450.5,,705.1,540.6,289.6,,772.2,,,,,737.1,1081,853.5,
202607312007,2026-07-31,20,07R,18:30,2026-07-31T18:21:07.812995+09:00,16.5,29.0,44.0,37.3,9.6,9.8,7.9,9.8,33.9,20.4,37.0,28.8,44.0,16.4,40.4,19.5,39.2,25.7,49.2,60.9,125.4,76.0,206.7,305.8,151.3,305.8,358.0,299.5,396.7,473.5,772.6,473.5,271.8,358.0,543.6,611.6,431.7,386.3,587.1,815.5,94.7,116.5,84.8,70.2,138.4,193.1,193.1,276.9,244.6,257.5,396.7,366.9,181.2,229.3,326.2,312.3,139.8,358.0,319.1,333.6,215.8,212.7,174.7,212.7,358.0,319.1,376.4,287.8,276.9,366.9,293.5,419.4,229.3,431.7,312.3,473.5,326.2,431.7,506.1,733.9,276.9,164.9,215.8,219.1,282.3,266.9,444.8,524.2,229.3,489.3,444.8,333.6,198.3,1334,772.6,587.1,473.5,1223,489.3,733.9,209.7,143.9,257.5,376.4,333.6,376.4,458.7,587.1,212.7,358.0,489.3,489.3,407.7,638.2,917.4,1334,638.2,1048,524.2,815.5
202607311907,2026-07-31,19,07R,18:35,2026-07-31T18:26:25.268954+09:00,8.6,30.0,83.3,8.4,18.7,42.0,109.2,20.3,85.9,70.7,201.0,59.2,121.0,83.3,107.2,170.5,12.3,21.6,47.2,79.2,20.8,59.5,220.7,18.6,40.2,146.1,304.2,43.7,212.3,274.5,703.5,150.0,244.6,321.6,625.3,625.3,27.3,74.5,132.4,511.6,65.8,101.4,160.8,93.8,91.5,150.0,261.7,170.5,152.1,234.5,625.3,489.3,304.2,312.6,321.6,341.0,170.5,268.0,351.7,388.1,122.3,255.8,140.7,212.3,204.6,250.1,375.2,132.4,244.6,562.8,281.4,341.0,208.4,536.0,281.4,511.6,375.2,234.5,363.0,450.2,250.1,134.0,135.6,268.0,225.1,341.0,402.0,416.8,432.9,511.6,511.6,469.0,163.1,804.0,402.0,703.5,489.3,96.2,750.4,938.0,29.9,55.4,163.1,450.2,37.7,93.0,208.4,489.3,97.0,107.2,296.2,536.0,250.1,190.7,341.0,750.4,592.4,750.4,703.5,562.8
202607310108,2026-07-31,01,08R,18:41,2026-07-31T18:31:17.774878+09:00,22.8,34.1,11.9,22.4,31.8,56.7,23.9,47.3,56.5,86.9,36.7,61.1,13.4,22.8,37.4,12.9,27.3,40.7,59.0,21.8,63.0,97.5,49.0,60.9,103.6,254.0,178.6,225.4,197.3,362.6,327.1,299.5,83.4,218.1,328.9,224.6,178.1,350.0,342.0,307.1,95.1,155.5,55.1,147.5,112.3,209.0,191.7,250.8,245.7,338.2,345.9,328.9,76.3,166.7,262.8,124.8,127.5,327.1,356.2,398.6,144.7,252.9,119.2,178.6,196.7,325.4,290.8,276.1,286.6,505.8,266.3,401.3,146.8,271.1,273.6,206.8,292.2,316.8,477.7,307.1,44.2,55.1,107.8,36.6,83.7,228.0,316.8,228.9,160.5,332.6,442.6,367.0,194.1,401.3,474.0,307.1,51.9,158.0,296.5,305.5,96.7,103.4,165.8,63.4,182.4,238.8,315.1,285.3,281.3,345.9,371.6,385.9,318.5,406.7,470.3,360.4,139.3,474.0,418.0,474.0
202607311508,2026-07-31,15,08R,18:46,2026-07-31T18:36:27.890916+09:00,69.8,101.0,85.4,167.1,71.9,10.7,11.7,133.9,50.9,13.1,7.7,72.7,65.2,16.0,10.7,97.6,176.5,217.1,215.8,253.5,194.7,262.3,256.9,393.5,340.3,484.3,449.7,472.2,370.3,439.2,490.6,629.6,253.5,449.7,517.4,878.5,944.4,968.6,821.2,1180,171.7,47.5,43.7,297.4,331.3,286.1,307.1,503.6,66.6,297.4,54.6,381.5,65.2,304.6,58.2,393.5,686.8,1020,581.1,787.0,141.4,40.5,18.2,162.8,401.8,444.4,429.2,401.8,81.2,397.6,61.0,340.3,22.7,188.8,39.6,152.3,389.4,640.2,381.5,434.2,89.3,38.3,21.8,155.4,222.2,331.3,356.3,532.0,74.8,233.1,63.7,295.1,26.1,218.3,55.9,174.0,363.2,787.0,503.6,444.4,699.5,994.1,755.5,1218,1111,878.5,944.4,1399,1302,1049,1259,1511,740.7,1111,1049,1180,1452,1511,1349,1049
202607312408,2026-07-31,24,08R,18:51,2026-07-31T18:41:16.433091+09:00,20.2,81.0,66.6,36.0,11.8,17.2,33.3,7.7,96.6,50.8,114.8,45.1,89.4,86.8,148.8,117.6,30.4,14.8,45.8,81.9,78.8,136.3,194.5,79.7,104.9,148.8,251.5,68.4,169.6,265.2,405.2,247.2,364.6,374.0,663.0,540.2,211.4,191.9,214.5,374.0,27.5,30.5,67.8,14.7,69.4,57.6,202.6,60.2,95.3,167.6,231.5,48.6,197.1,317.1,347.3,310.3,24.0,63.1,85.3,191.9,126.8,167.6,163.9,175.7,324.1,303.9,429.0,202.6,221.0,355.7,331.5,205.4,303.9,405.2,374.0,355.7,303.9,270.1,280.5,339.2,374.0,211.4,310.3,260.4,339.2,286.0,470.5,442.0,339.2,416.7,486.2,416.7,239.1,767.7,583.5,442.0,634.2,520.9,583.5,607.8,103.4,38.0,205.4,364.6,270.1,182.3,339.2,470.5,49.2,155.1,197.1,324.1,331.5,303.9,280.5,383.8,486.2,486.2,405.2,607.8
202607312008,2026-07-31,20,08R,18:56,2026-07-31T18:46:24.734498+09:00,3.1,53.3,20.6,27.5,4.1,27.0,14.9,29.8,111.3,112.7,149.7,222.7,48.0,51.2,96.8,139.2,71.2,85.2,137.0,204.8,34.5,77.1,112.0,132.9,55.6,200.2,222.7,207.2,387.3,524.1,774.7,556.8,225.5,265.9,414.4,540.0,349.4,405.0,685.3,774.7,29.2,94.2,76.1,84.0,56.2,195.8,169.7,171.3,225.5,228.4,445.5,424.2,181.8,258.2,481.6,614.4,254.5,371.2,434.6,660.0,200.2,254.5,234.4,387.3,307.2,371.2,468.9,278.4,250.9,363.6,387.3,424.2,292.1,509.1,356.4,556.8,540.0,434.6,742.5,685.3,183.7,220.0,292.1,307.2,265.9,287.4,509.1,495.0,231.4,434.6,636.4,414.4,231.4,1188,937.8,742.5,509.1,937.8,636.4,1048,225.5,342.6,636.4,774.7,396.0,349.4,774.7,1272,456.9,387.3,636.4,774.7,540.0,712.8,810.0,1370,774.7,1188,614.4,848.5
202607311908,2026-07-31,19,08R,19:01,2026-07-31T18:51:07.144001+09:00,31.2,34.7,56.0,99.1,27.1,8.6,14.3,126.0,23.4,8.6,8.9,98.5,72.0,34.3,25.3,259.4,81.3,185.7,202.7,315.0,112.3,133.6,248.4,200.4,200.4,284.5,309.5,518.8,241.6,284.5,430.2,400.9,315.0,410.2,345.9,1102,299.0,705.6,400.9,1176,82.8,21.8,49.6,156.1,150.7,164.8,267.3,504.0,49.0,178.2,76.3,400.9,84.0,294.0,112.3,420.0,339.2,882.1,504.0,678.5,47.6,23.7,15.9,187.6,138.9,180.0,193.8,174.6,51.5,191.7,63.2,345.9,41.9,137.8,71.4,140.0,504.0,352.8,504.0,476.8,232.1,117.6,75.0,259.4,232.1,304.1,326.7,569.1,238.4,452.3,210.0,608.3,77.7,345.9,164.8,476.8,551.3,157.5,1357,882.1,375.3,735.0,678.5,1102,464.2,678.5,569.1,1037,801.9,767.0,928.5,980.1,608.3,490.0,980.1,1102,1603,1260,1357,608.3
202607310109,2026-07-31,01,09R,19:07,2026-07-31T18:58:28.671482+09:00,9.9,66.1,26.1,25.1,12.5,54.7,25.0,24.3,124.3,116.0,144.9,152.7,74.8,60.6,187.7,100.8,65.0,73.0,198.4,122.9,28.5,97.0,42.7,42.3,33.7,132.7,52.3,58.0,218.3,278.1,338.7,171.2,105.2,96.9,281.2,123.7,139.0,100.1,344.8,191.0,19.5,52.2,32.0,28.6,28.3,97.7,44.8,40.3,98.4,146.0,114.4,101.6,64.1,64.7,160.4,70.2,60.2,65.8,110.9,81.6,189.6,217.1,179.3,234.5,283.3,278.1,295.4,287.6,223.5,359.5,177.6,300.0,233.0,255.7,308.5,244.2,384.9,312.3,328.5,373.6,172.0,153.0,281.2,221.5,193.9,123.1,396.9,238.9,170.1,135.1,409.7,212.9,324.3,479.3,470.4,340.2,314.9,328.5,217.1,392.8,165.3,166.7,381.0,337.2,250.7,143.2,485.4,373.6,187.7,155.5,178.5,156.1,674.5,586.3,491.7,595.4,482.4,459.1,268.3,600.1
202607311509,2026-07-31,15,09R,19:12,2026-07-31T19:02:38.091026+09:00,11.6,8.7,41.5,8.9,23.7,83.1,151.1,69.2,34.4,93.4,150.2,55.2,173.5,180.9,291.9,282.3,38.9,97.3,113.6,321.1,15.9,8.8,78.5,8.6,37.3,114.1,279.2,98.8,27.0,131.7,313.2,51.6,251.8,317.1,401.4,450.7,33.5,156.6,76.9,383.4,46.2,120.0,145.9,152.0,42.3,125.9,207.1,93.7,210.5,196.1,351.9,262.1,356.8,377.8,367.0,802.8,139.6,123.5,291.9,676.0,77.8,267.6,202.2,186.1,134.5,276.2,395.2,186.1,338.0,414.3,421.1,270.4,475.7,503.7,421.1,734.0,342.5,273.3,467.1,658.7,153.8,395.2,395.2,450.7,342.5,338.0,558.4,570.9,467.1,313.2,475.7,583.8,313.2,951.5,885.8,676.0,988.0,917.5,951.5,885.8,109.7,389.2,295.2,658.7,131.7,313.2,273.3,755.6,503.7,361.8,475.7,885.8,395.2,395.2,611.6,885.8,1070,1070,951.5,778.5
202607312409,2026-07-31,24,09R,19:17,2026-07-31T19:08:35.646951+09:00,6.9,41.4,13.7,21.3,6.0,23.3,11.0,14.9,101.0,56.4,99.7,95.2,26.4,23.5,111.6,67.4,37.8,35.7,166.5,111.2,44.7,172.3,83.7,102.8,74.9,231.1,126.8,207.0,289.4,480.9,621.2,608.5,229.3,242.4,584.6,465.9,346.7,425.9,608.5,764.5,29.5,74.1,36.1,53.3,59.1,158.6,73.9,115.1,184.0,445.0,419.9,514.0,80.8,97.4,222.5,151.3,165.6,278.6,496.9,402.9,201.4,276.0,261.5,354.9,397.5,425.9,505.3,377.4,392.3,596.3,608.5,621.2,532.4,662.6,805.8,693.4,851.9,496.9,961.8,851.9,173.3,108.4,209.9,182.9,259.2,216.0,662.6,368.1,165.6,259.2,514.0,298.1,350.7,1064,993.9,532.4,562.5,648.2,573.4,1104,184.0,186.3,552.1,488.8,350.7,397.5,709.9,634.4,271.0,350.7,1028,584.6,851.9,764.5,1296,1064,745.4,784.6,727.2,1146
202607312009,2026-07-31,20,09R,19:22,2026-07-31T19:12:38.789628+09:00,40.4,90.1,88.7,60.7,28.8,14.9,31.9,12.0,108.1,39.7,84.7,22.0,83.4,75.1,74.2,133.5,52.8,15.6,21.5,138.4,110.2,138.4,186.1,222.6,132.0,246.8,258.0,231.7,283.8,378.5,630.8,344.0,135.1,264.0,405.5,454.2,333.9,378.5,354.8,344.0,65.6,16.7,21.7,11.1,107.1,145.5,147.4,192.4,29.7,130.5,246.8,34.0,87.3,192.4,306.8,140.1,54.5,222.6,126.1,151.4,93.0,95.4,97.0,76.2,231.7,199.2,246.8,192.4,140.1,264.0,202.7,149.4,164.5,276.9,283.8,264.0,100.4,155.5,192.4,199.2,214.2,192.4,172.0,283.8,206.4,199.2,366.2,324.4,135.1,391.5,420.5,241.5,145.5,1135,597.6,366.2,391.5,811.0,306.8,540.7,147.4,33.5,108.1,227.1,283.8,222.6,315.4,811.0,117.0,276.9,157.7,133.5,132.0,366.2,202.7,436.7,493.6,667.9,252.3,454.2
202607311909,2026-07-31,19,09R,19:27,2026-07-31T19:18:23.404793+09:00,13.3,12.2,37.6,25.8,10.8,13.0,40.2,35.3,13.4,15.7,22.9,22.9,74.4,71.6,64.5,124.1,45.2,96.3,52.2,138.8,49.6,43.8,108.4,63.4,101.5,259.8,275.8,378.7,82.7,210.8,314.7,251.0,240.2,349.1,333.5,421.6,181.6,532.0,297.9,519.6,66.5,58.8,91.5,93.8,112.2,136.2,253.9,366.3,106.4,205.0,372.4,256.8,206.9,399.0,223.4,421.6,279.3,588.0,354.7,677.1,35.6,67.1,58.1,65.9,68.5,165.5,165.5,117.6,111.1,269.2,240.2,225.7,107.9,196.0,225.7,118.2,108.4,154.1,228.0,235.2,184.6,203.1,194.3,225.7,259.8,413.8,456.0,603.9,372.4,744.9,638.4,770.5,189.3,507.8,620.7,360.4,399.0,181.6,1176,677.1,143.2,228.0,203.1,319.2,269.2,573.0,378.7,603.9,378.7,744.9,456.0,827.6,242.9,290.2,385.2,558.6,545.0,744.9,893.8,573.0
202607310110,2026-07-31,01,10R,19:33,2026-07-31T19:24:45.656265+09:00,12.4,34.2,48.2,70.8,9.3,13.7,19.6,40.1,58.3,44.5,71.9,112.1,88.0,55.3,94.1,167.8,158.9,160.8,235.7,299.8,27.7,61.8,92.1,105.1,29.5,60.1,91.4,96.9,135.9,113.1,299.8,227.1,197.9,176.1,364.1,414.0,337.0,303.2,453.1,586.7,14.0,22.0,23.6,53.6,22.6,38.7,56.5,89.3,49.2,63.0,98.5,114.5,54.5,74.8,108.8,109.9,191.0,177.6,214.6,266.5,134.1,115.5,158.0,243.4,171.3,160.5,271.8,288.2,130.0,172.0,151.8,249.4,229.1,323.6,271.8,307.7,353.0,330.2,335.6,362.5,222.2,122.6,165.1,311.3,300.9,193.2,388.3,403.7,120.4,181.6,312.5,231.0,206.4,536.5,427.0,386.5,516.2,500.3,450.6,543.7,369.0,403.7,522.8,574.3,482.6,307.7,608.6,685.3,347.0,379.3,433.8,488.3,823.8,663.1,637.2,691.2,1019,1132,668.5,858.5
202607311510,2026-07-31,15,10R,19:38,2026-07-31T19:28:36.294080+09:00,79.9,81.3,123.9,121.2,63.0,6.5,21.9,32.2,36.4,5.0,9.4,13.2,159.3,46.1,39.2,102.5,208.9,112.0,73.0,188.7,324.1,342.5,492.2,431.5,437.1,699.5,738.3,464.7,420.5,604.1,898.0,738.3,772.7,977.2,1208,1413,763.8,1054,1022,1413,208.3,33.2,90.1,113.7,434.3,423.2,519.1,567.9,44.3,346.1,116.9,123.0,251.7,626.9,243.4,388.6,349.7,638.9,324.1,503.4,82.3,15.1,20.9,28.1,253.6,445.9,437.1,344.3,33.6,250.7,82.2,83.7,42.4,233.1,86.3,78.8,75.9,288.9,137.8,135.8,306.2,335.6,168.2,373.3,755.1,791.1,949.3,1089,417.9,730.2,481.5,791.1,160.5,738.3,367.1,347.9,699.5,1277,963.0,572.8,523.2,417.9,328.9,800.6,800.6,1022,1145,1277,553.7,1107,615.3,1208,292.7,922.9,488.6,685.0,1208,1796,1476,841.1
202607312410,2026-07-31,24,10R,19:43,2026-07-31T19:34:33.048593+09:00,15.5,12.4,19.4,34.2,26.7,21.1,34.6,60.2,19.7,26.1,14.4,50.4,36.9,34.3,20.8,63.5,116.6,153.5,131.1,204.7,49.2,34.6,69.6,102.3,107.1,137.5,202.5,223.3,56.1,74.7,44.2,111.3,157.5,205.9,100.4,283.5,347.7,347.7,196.0,383.9,112.3,77.1,131.6,180.6,187.1,155.5,231.8,368.6,110.3,263.2,239.3,320.5,269.0,329.1,400.6,526.5,400.6,392.1,392.1,519.1,49.7,75.6,38.6,63.3,91.0,182.4,74.3,123.6,119.2,294.8,215.5,234.7,55.0,52.0,135.5,56.6,194.0,161.6,285.7,138.0,147.4,159.5,110.3,188.0,207.0,302.1,150.4,312.3,304.6,542.0,466.5,368.6,120.4,130.2,312.3,143.4,542.0,526.5,567.0,244.1,304.6,594.5,444.0,752.2,347.7,323.3,252.4,455.0,485.0,285.7,428.6,534.2,455.0,255.9,614.3,315.0,877.6,752.2,837.7,292.5
202607312010,2026-07-31,20,10R,19:48,2026-07-31T19:38:27.739160+09:00,36.2,60.9,62.9,55.3,17.4,16.5,10.3,17.6,117.5,82.2,89.5,79.2,42.3,18.7,59.5,33.0,60.3,40.1,88.9,60.3,111.5,168.7,154.8,149.5,134.3,212.2,268.6,162.4,355.7,337.4,526.4,258.0,190.7,286.1,398.8,487.4,280.0,355.7,337.4,376.0,22.0,23.1,13.3,24.8,129.0,132.9,168.7,235.0,188.0,180.2,355.7,248.3,24.9,60.3,60.6,53.0,82.7,280.0,248.3,243.7,127.7,173.1,149.5,208.9,306.0,219.3,313.3,188.0,212.2,329.0,223.0,268.6,196.4,355.7,286.1,292.4,321.0,263.2,398.8,438.7,107.0,37.1,124.1,64.2,175.4,219.3,424.5,286.1,58.2,263.2,248.3,127.7,141.5,487.4,438.7,387.1,114.4,306.0,208.9,306.0,173.1,113.4,258.0,190.7,299.1,313.3,398.8,526.4,202.4,398.8,411.3,321.0,248.3,424.5,411.3,940.1,208.9,411.3,243.7,626.7
202607311910,2026-07-31,19,10R,19:53,2026-07-31T19:44:22.145982+09:00,10.6,11.5,27.7,14.0,14.8,15.5,34.0,25.9,22.2,25.6,41.2,30.4,60.8,63.9,83.1,75.6,33.2,56.3,47.7,83.1,65.7,58.9,110.6,80.7,113.4,226.9,257.8,290.9,117.5,212.0,372.0,147.3,186.0,315.1,420.2,391.2,149.2,315.1,169.3,366.0,64.1,54.4,84.9,71.1,117.5,141.8,241.4,199.0,133.4,192.3,384.6,189.1,197.3,276.7,319.6,241.4,180.0,333.7,294.7,315.1,50.7,118.8,99.0,77.1,92.6,149.2,244.0,95.3,195.6,254.9,263.8,180.0,178.6,226.9,287.2,120.0,108.0,135.0,212.0,138.3,210.1,204.4,249.3,197.3,231.5,273.3,482.8,338.6,315.1,463.1,581.8,366.0,222.4,504.2,648.3,372.0,315.1,164.4,553.4,349.1,116.3,195.6,160.9,254.9,181.5,254.9,190.6,343.8,241.4,319.6,310.8,378.2,189.1,174.5,354.5,246.6,372.0,378.2,360.1,333.7
202607310111,2026-07-31,01,11R,19:59,2026-07-31T19:51:05.283149+09:00,15.3,21.5,22.6,65.1,29.7,71.3,60.5,134.8,60.6,129.0,106.1,194.9,59.4,100.9,146.9,240.8,198.1,272.6,305.0,388.9,10.6,13.2,12.4,45.8,19.0,30.0,25.8,62.8,22.6,42.4,23.3,64.2,35.3,45.8,43.0,100.7,169.2,183.9,185.5,165.9,53.3,109.9,76.8,219.1,46.8,84.0,64.7,168.9,200.4,167.9,276.2,403.7,137.6,101.4,248.6,327.3,430.4,314.0,441.6,520.2,93.5,226.7,156.1,272.6,98.9,149.8,101.1,189.2,260.1,250.8,245.7,399.9,206.8,149.8,318.7,276.2,498.7,302.8,465.8,446.2,123.7,242.9,266.6,423.9,117.4,159.0,181.9,311.7,315.2,165.2,490.1,569.0,354.7,247.9,576.8,421.8,892.5,484.5,831.3,557.8,392.5,584.7,492.9,597.1,540.0,392.5,463.3,479.0,757.0,543.5,605.6,662.4,931.7,565.2,985.9,785.1,931.7,588.8,874.1,823.2
202607311511,2026-07-31,15,11R,20:04,2026-07-31T19:54:25.345907+09:00,5.5,20.5,21.3,34.9,10.0,23.2,24.7,49.6,41.6,47.6,75.5,60.3,48.5,61.8,98.0,125.4,97.6,150.3,181.7,278.8,15.5,33.5,37.5,58.2,27.3,98.0,105.9,113.5,113.5,140.0,219.2,270.9,133.5,227.9,368.1,410.2,263.4,245.4,441.8,652.6,28.1,38.3,32.0,74.0,36.9,86.7,81.5,128.2,104.8,184.0,243.3,247.5,129.3,167.9,202.2,312.1,245.4,214.3,284.3,463.1,93.8,101.4,138.0,149.5,140.7,270.9,239.3,198.0,138.7,435.1,296.0,265.9,219.2,337.8,330.0,312.1,563.0,393.3,531.8,512.8,100.0,214.3,261.0,293.0,226.1,261.0,372.9,284.3,319.0,281.5,486.7,503.8,263.4,574.3,700.4,410.2,926.3,797.7,755.7,598.2,243.3,486.7,512.8,717.9,382.9,333.9,541.8,700.4,598.2,512.8,611.0,683.7,683.7,486.7,624.2,776.1,1063,957.2,897.4,611.0
202607312411,2026-07-31,24,11R,20:09,2026-07-31T20:01:22.360483+09:00,11.4,12.7,47.6,41.0,18.2,20.9,51.6,42.0,19.2,25.7,38.2,49.4,96.4,100.9,110.8,157.9,68.7,62.4,88.5,165.2,24.4,28.3,76.8,90.1,37.9,25.8,72.1,68.7,37.9,26.3,60.4,81.4,191.3,164.8,154.3,260.3,200.8,102.9,191.9,274.4,70.9,82.8,145.1,210.6,102.1,46.2,113.1,211.3,123.5,62.0,136.9,212.0,211.3,200.1,213.5,374.4,393.8,407.1,327.8,493.1,51.1,80.7,99.7,118.9,60.5,53.9,85.1,115.3,143.7,78.5,177.3,190.1,167.5,135.4,209.8,193.8,234.2,221.3,293.0,282.1,391.3,329.6,342.7,381.5,329.6,326.1,278.2,489.1,372.1,393.8,436.4,722.1,309.4,301.7,399.0,312.6,819.7,1123,1213,536.8,180.0,317.5,221.3,439.5,217.4,304.8,259.2,606.6,541.6,433.2,418.3,697.2,314.3,298.8,401.7,418.3,705.3,808.8,879.1,493.1
202607312011,2026-07-31,20,11R,20:14,2026-07-31T20:04:32.379722+09:00,27.5,41.8,49.3,52.1,22.7,6.5,24.3,25.0,11.9,8.8,41.9,11.4,69.5,52.7,76.6,124.3,73.4,75.5,94.6,162.8,101.0,138.2,128.0,133.8,116.0,214.3,176.5,160.3,262.6,323.2,218.8,176.5,223.4,375.1,477.4,244.2,375.1,375.1,375.1,230.8,44.6,23.2,36.0,33.0,114.1,133.8,202.0,223.4,67.7,176.5,132.9,107.7,134.6,259.3,228.3,259.3,100.5,175.0,122.1,185.9,118.0,88.6,132.9,156.7,276.4,223.4,304.4,287.7,109.4,356.0,228.3,256.1,210.0,244.2,256.1,238.7,223.4,350.1,308.9,420.1,202.0,131.3,170.7,259.3,256.1,202.0,446.9,428.7,196.3,411.9,404.0,362.2,184.2,428.7,525.2,404.0,552.8,778.0,466.8,567.7,276.4,200.0,304.4,538.6,446.9,396.3,525.2,808.0,182.6,500.1,512.3,567.7,368.5,512.3,428.7,778.0,677.6,656.5,512.3,724.4
202607311911,2026-07-31,19,11R,20:19,2026-07-31T20:11:01.342455+09:00,5.1,6.1,17.8,13.9,8.1,9.0,19.5,25.1,14.5,16.7,30.3,28.8,52.8,54.8,61.9,63.7,41.2,60.6,62.4,83.3,112.2,134.0,319.3,288.5,178.7,561.3,865.7,1026,230.3,579.4,1026,772.6,641.5,1140,1217,1177,524.4,1122,1056,1633,118.3,180.0,300.6,261.2,223.1,509.6,816.5,1088,362.9,684.3,1596,1283,697.6,945.4,825.9,1088,449.1,1381,898.2,1596,125.6,229.5,217.0,260.3,255.7,574.8,845.3,544.3,376.2,1026,971.0,1177,364.7,697.6,855.4,422.6,593.8,725.8,1140,835.5,460.6,516.9,544.3,659.2,653.2,748.5,1088,1105,845.3,1497,1355,1890,482.2,1497,1671,1041,909.5,1671,1466,1355,285.1,294.4,443.5,513.2,748.5,1197,1217,1842,482.2,1710,1306,1596,1041,1072,1671,1528,1562,1796,1996,1355
202607310112,2026-07-31,01,12R,20:30,2026-07-31T20:21:07.270047+09:00,16.7,19.3,25.9,42.5,15.0,10.3,11.4,18.9,27.4,19.3,23.9,38.1,40.7,27.5,38.5,47.3,110.2,69.0,101.9,95.4,86.9,105.3,124.5,189.2,147.2,376.6,352.1,462.9,233.5,521.2,461.2,608.9,294.8,452.4,488.0,775.6,620.5,865.8,1038,1006,54.1,27.9,29.9,51.0,122.6,260.0,264.5,342.9,53.7,194.6,71.4,108.9,70.1,200.3,101.0,121.5,147.6,405.3,233.1,228.6,98.2,65.3,72.5,104.4,208.6,400.9,321.7,415.6,88.1,309.8,122.9,170.0,104.8,229.8,161.7,151.2,240.6,405.9,315.5,284.8,152.0,105.8,140.6,157.3,299.5,390.7,483.5,539.5,148.8,373.3,252.7,265.9,207.3,464.5,293.1,309.1,296.1,556.8,377.7,420.3,390.7,253.7,343.3,378.2,719.9,651.5,848.9,930.7,338.8,792.1,489.8,503.1,579.1,972.4,757.5,680.4,507.0,937.4,579.1,640.3
202607311512,2026-07-31,15,12R,20:34,2026-07-31T20:24:42.905399+09:00,7.1,17.3,10.4,39.9,9.8,17.2,12.9,41.2,39.7,41.1,44.3,72.6,26.4,26.8,56.5,66.2,115.2,130.6,139.3,150.1,22.3,47.4,41.5,110.7,36.4,145.1,97.0,249.3,112.5,176.1,247.7,335.3,108.2,160.6,301.8,418.5,490.1,690.8,644.3,831.0,26.9,50.7,34.1,102.2,43.2,152.1,103.7,214.7,123.3,236.9,198.7,338.3,82.9,139.8,245.0,293.3,342.3,481.8,610.0,533.4,186.7,211.9,234.0,403.8,296.3,523.6,521.3,594.2,277.0,699.3,538.4,703.6,332.4,526.0,582.1,603.6,725.8,955.7,1042,971.9,80.3,102.0,206.2,249.3,164.7,238.4,481.8,488.0,172.2,267.3,521.3,591.1,344.4,690.8,764.5,699.3,500.8,678.6,730.4,780.1,582.1,963.7,947.8,932.4,855.8,955.7,1092,1207,1014,1061,1124,1207,1071,1207,1433,1365,1014,1274,1246,1113
202607312412,2026-07-31,24,12R,20:38,2026-07-31T20:28:48.111356+09:00,7.5,6.7,16.8,32.0,13.7,13.8,21.1,44.1,11.2,17.8,21.0,35.1,36.0,41.6,44.8,67.5,93.7,132.7,97.3,102.3,41.4,30.3,66.8,108.3,98.2,178.4,306.1,411.0,69.9,178.3,256.4,236.5,254.3,440.0,449.6,607.1,363.2,733.9,478.0,774.9,76.5,66.2,100.3,170.2,155.6,265.4,374.1,525.3,149.6,241.7,293.5,399.2,276.3,495.0,453.6,617.6,564.5,747.0,751.5,815.4,55.8,123.8,105.9,164.3,96.3,267.1,292.1,348.0,252.5,357.4,429.4,564.5,197.8,313.4,453.6,334.4,350.4,466.4,693.1,497.0,233.2,251.5,280.6,299.1,351.4,522.0,654.9,653.2,445.5,689.3,891.1,863.4,371.8,721.1,774.9,634.9,583.0,907.3,907.3,772.5,415.1,834.5,574.9,693.1,602.7,1014,860.4,970.9,1109,1155,1139,974.7,702.8,837.3,1177,1089,797.2,1124,1089,1031
202607312012,2026-07-31,20,12R,20:42,2026-07-31T20:32:48.901528+09:00,9.2,17.5,20.8,42.1,11.6,15.4,18.3,42.4,28.1,29.7,48.3,51.0,37.4,35.3,71.5,72.4,106.2,90.7,135.6,131.4,26.6,49.7,51.4,97.9,48.8,92.0,102.7,171.5,112.2,131.0,179.1,214.5,130.8,173.0,264.6,257.8,295.7,357.5,390.5,425.6,28.4,34.3,37.2,58.1,47.1,97.0,85.6,137.7,80.7,120.9,112.9,168.3,88.5,127.4,166.9,188.8,203.1,338.0,296.8,332.4,92.3,106.8,124.7,150.0,156.5,225.9,213.3,278.3,175.6,251.4,252.1,216.2,193.3,240.8,269.9,275.5,311.8,446.9,355.9,493.5,120.4,120.9,181.1,192.9,193.3,231.1,340.8,437.2,174.1,225.3,315.4,369.0,239.4,343.7,375.9,406.3,421.1,493.5,434.8,547.2,402.2,416.8,519.0,487.5,751.8,744.8,812.6,865.0,681.7,855.8,570.5,788.7,884.0,855.8,648.7,865.0,758.9,812.6,718.2,820.8
202607311912,2026-07-31,19,12R,20:45,2026-07-31T20:35:03.896851+09:00,9.7,6.9,14.7,24.1,14.9,18.4,26.2,44.2,13.4,25.9,26.2,36.6,32.0,52.5,48.6,68.0,71.0,102.4,92.8,113.3,34.4,24.0,45.6,60.4,82.9,158.4,287.9,275.7,56.6,148.8,128.5,150.7,128.7,329.1,211.6,278.9,231.8,421.1,312.8,445.7,54.7,61.4,88.5,130.3,119.5,204.9,315.5,335.8,147.6,200.1,358.3,280.4,265.1,384.8,495.2,514.3,402.1,481.8,513.0,761.4,54.8,122.2,105.8,149.1,85.6,256.2,176.8,226.4,240.6,356.6,513.0,470.2,184.1,193.9,425.3,292.2,350.1,309.6,555.7,491.8,181.9,320.2,257.7,361.4,223.3,501.0,383.4,448.5,515.5,677.0,813.5,1018,339.6,378.6,710.8,681.4,606.1,550.0,1033,914.3,400.6,778.0,713.2,946.7,499.9,946.7,753.3,789.5,1023,1208,1126,1229,866.2,753.3,1075,1208,985.9,810.4,1251,1053
