date,jcd,rno,source_type,snapshot_type,source_url,1-2-3,1-2-4,1-2-5,1-2-6,1-3-2,1-3-4,1-3-5,1-3-6,1-4-2,1-4-3,1-4-5,1-4-6,1-5-2,1-5-3,1-5-4,1-5-6,1-6-2,1-6-3,1-6-4,1-6-5,2-1-3,2-1-4,2-1-5,2-1-6,2-3-1,2-3-4,2-3-5,2-3-6,2-4-1,2-4-3,2-4-5,2-4-6,2-5-1,2-5-3,2-5-4,2-5-6,2-6-1,2-6-3,2-6-4,2-6-5,3-1-2,3-1-4,3-1-5,3-1-6,3-2-1,3-2-4,3-2-5,3-2-6,3-4-1,3-4-2,3-4-5,3-4-6,3-5-1,3-5-2,3-5-4,3-5-6,3-6-1,3-6-2,3-6-4,3-6-5,4-1-2,4-1-3,4-1-5,4-1-6,4-2-1,4-2-3,4-2-5,4-2-6,4-3-1,4-3-2,4-3-5,4-3-6,4-5-1,4-5-2,4-5-3,4-5-6,4-6-1,4-6-2,4-6-3,4-6-5,5-1-2,5-1-3,5-1-4,5-1-6,5-2-1,5-2-3,5-2-4,5-2-6,5-3-1,5-3-2,5-3-4,5-3-6,5-4-1,5-4-2,5-4-3,5-4-6,5-6-1,5-6-2,5-6-3,5-6-4,6-1-2,6-1-3,6-1-4,6-1-5,6-2-1,6-2-3,6-2-4,6-2-5,6-3-1,6-3-2,6-3-4,6-3-5,6-4-1,6-4-2,6-4-3,6-4-5,6-5-1,6-5-2,6-5-3,6-5-4
2026-05-21,01,1,official_closing,closing_displayed,https://www.boatrace.jp/owpc/pc/race/odds3t?hd=20260521&jcd=01&rno=1,9.0,24.2,46.5,69.5,183.9,82.5,17.1,36.9,66.5,183.5,189.5,360.2,17.1,38.7,69.1,146.6,332.3,191.1,16.1,28.9,59.4,93.3,173.0,537.4,14.9,54.4,65.2,146.1,246.3,200.7,28.0,123.4,116.7,218.8,348.6,410.1,33.4,142.8,129.9,207.4,581.5,412.2,28.6,92.4,97.6,141.4,281.2,569.3,34.4,107.4,91.8,177.5,221.8,477.5,53.4,190.0,110.6,224.9,316.7,481.7,79.9,280.2,129.7,195.2,474.7,826.5,66.3,120.9,96.2,170.3,289.2,672.8,51.4,151.6,108.3,168.7,442.4,810.1,64.2,212.8,149.3,214.2,603.0,176.2,119.0,385.8,194.3,290.7,596.4,1011.0,72.0,176.0,125.3,147.0,332.3,904.6,48.3,98.2,127.3,179.5,274.5,592.1,86.2,158.5,140.6,107.9,357.8,609.8,117.2,167.0,176.6,314.3,403.0,723.7,112.1,250.5,186.3,185.4,426.2,839.3
2026-05-21,01,2,official_closing,closing_displayed,https://www.boatrace.jp/owpc/pc/race/odds3t?hd=20260521&jcd=01&rno=2,27.8,150.1,71.5,87.0,784.8,233.7,31.0,152.6,32.2,52.6,582.9,117.5,85.5,381.1,91.9,110.8,450.0,118.1,47.6,194.6,38.4,38.0,341.3,397.9,18.7,157.5,113.1,154.2,878.2,354.7,11.4,127.4,100.2,159.7,935.9,314.9,31.1,397.1,259.9,352.2,972.4,292.3,15.5,161.6,116.6,128.2,972.4,817.0,27.2,256.8,48.0,59.8,675.7,142.3,16.1,199.9,84.1,114.1,931.5,249.1,38.9,600.4,102.6,126.3,600.4,93.5,18.6,183.3,34.2,43.1,450.0,305.7,136.7,741.0,262.6,133.7,475.7,138.7,82.4,1011.0,341.9,264.3,986.8,222.2,82.4,1253.0,209.4,150.4,584.6,99.1,82.6,949.3,155.9,81.3,235.3,264.7,68.5,350.9,66.9,43.4,421.4,645.1,40.1,264.0,114.1,90.7,851.9,820.3,43.3,261.6,52.3,49.9,512.4,479.2,90.4,757.9,154.6,73.6,297.0,389.3
2026-05-21,01,3,official_closing,closing_displayed,https://www.boatrace.jp/owpc/pc/race/odds3t?hd=20260521&jcd=01&rno=3,16.2,17.1,65.3,40.4,768.8,906.4,12.9,11.4,67.5,67.1,1280.0,1316.0,91.4,90.2,300.7,157.7,948.2,870.5,57.9,49.0,177.4,77.0,1096.0,2570.0,28.8,27.4,61.1,33.4,856.9,830.9,39.2,19.5,36.2,34.9,770.6,721.6,173.1,109.7,196.5,89.4,613.9,384.8,124.6,50.7,88.7,37.8,976.4,1430.0,23.1,15.0,100.6,118.4,1597.0,1880.0,43.9,16.7,42.3,47.2,940.1,845.8,150.7,71.5,207.0,213.1,1200.0,964.9,87.1,28.8,87.9,73.6,2179.0,2911.0,147.8,180.1,641.4,174.1,1071.0,982.2,395.0,313.0,407.7,129.0,562.4,399.8,272.3,229.6,459.5,308.3,1107.0,934.8,323.8,332.3,700.1,135.1,914.0,1443.0,149.2,127.2,494.8,147.5,1994.0,3194.0,371.3,170.6,227.2,70.8,1637.0,1869.0,282.4,105.2,227.2,134.0,2419.0,3739.0,558.6,439.3,926.9,191.6,1430.0,1687.0
2026-05-21,01,4,official_closing,closing_displayed,https://www.boatrace.jp/owpc/pc/race/odds3t?hd=20260521&jcd=01&rno=4,97.2,188.6,186.5,245.7,121.0,333.7,104.5,220.4,90.1,150.8,75.8,259.9,92.6,166.3,55.2,62.3,60.2,209.8,110.5,188.6,73.5,72.8,36.6,115.4,116.2,263.2,281.6,344.2,204.5,478.4,66.7,426.4,332.1,436.7,267.6,606.7,40.9,356.0,248.6,218.1,198.8,433.1,55.5,353.9,271.3,218.9,98.4,256.6,144.5,319.9,114.1,165.3,105.6,296.2,90.9,408.0,250.5,394.9,224.5,553.5,53.0,266.3,39.9,60.8,80.6,206.4,60.3,254.2,40.5,65.9,43.3,105.4,98.8,201.1,73.0,52.9,61.9,228.5,51.0,300.1,189.2,133.2,141.4,350.6,53.0,271.1,46.2,69.3,71.9,199.1,34.8,157.2,27.4,20.1,21.4,57.8,151.5,327.4,120.6,78.7,34.6,92.0,95.9,392.6,248.9,165.5,65.0,151.9,95.6,359.1,57.7,78.8,35.6,88.0,59.5,215.1,38.7,27.1,23.3,53.4
2026-05-21,01,5,official_closing,closing_displayed,https://www.boatrace.jp/owpc/pc/race/odds3t?hd=20260521&jcd=01&rno=5,128.3,488.4,259.9,100.0,516.4,476.2,103.9,415.8,56.2,31.7,449.8,287.5,224.1,635.9,130.8,34.3,149.6,118.8,159.3,544.2,87.2,17.4,173.8,297.8,105.8,546.9,442.5,189.4,694.5,812.9,24.6,391.7,290.6,199.2,1029.0,1095.0,75.4,564.1,398.4,177.6,598.4,492.1,45.8,469.4,358.4,107.0,538.8,1158.0,57.4,410.0,58.6,47.0,576.1,338.9,20.9,405.9,179.2,149.8,906.0,849.1,41.8,442.5,68.1,45.8,299.7,143.4,18.7,257.4,36.1,21.3,236.0,406.9,243.8,719.1,245.7,33.0,110.0,79.3,123.8,763.1,443.7,98.4,297.0,227.1,96.6,624.9,147.6,43.5,189.5,93.2,125.3,694.5,142.3,12.2,47.3,55.1,196.9,588.6,185.9,17.0,197.2,330.3,80.7,891.0,415.8,62.8,502.1,867.2,46.8,443.7,77.0,20.2,221.5,388.9,132.8,835.9,155.9,12.6,64.0,78.3
2026-05-21,01,6,official_closing,closing_displayed,https://www.boatrace.jp/owpc/pc/race/odds3t?hd=20260521&jcd=01&rno=6,21.2,229.0,360.6,173.8,250.3,315.7,17.5,220.6,212.5,122.7,157.9,308.6,20.5,257.8,183.7,62.2,99.2,245.3,32.5,273.5,329.4,114.7,172.8,329.8,20.1,582.7,657.9,433.8,572.8,677.2,11.0,1305.0,1434.0,1221.0,1329.0,2053.0,11.3,1463.0,1245.0,728.5,1149.0,1502.0,24.3,1732.0,1395.0,783.5,1380.0,2020.0,17.9,471.1,422.2,299.2,318.1,670.9,11.6,1497.0,1292.0,1047.0,1043.0,1805.0,8.6,1260.0,542.3,360.1,486.8,1358.0,18.6,1455.0,1063.0,541.7,697.6,1418.0,23.9,601.9,363.2,80.2,137.4,539.4,14.2,1263.0,1088.0,351.2,600.5,1434.0,13.9,1459.0,569.6,186.1,347.1,1119.0,22.8,1543.0,896.6,143.7,226.9,795.7,46.1,644.6,757.8,273.3,399.1,743.4,38.9,2368.0,1680.0,840.4,1343.0,2314.0,36.9,1914.0,1279.0,648.7,848.8,1434.0,45.4,2391.0,1198.0,309.2,430.5,931.0
2026-05-21,01,7,official_closing,closing_displayed,https://www.boatrace.jp/owpc/pc/race/odds3t?hd=20260521&jcd=01&rno=7,6.9,18.7,23.1,280.5,82.1,1455.0,30.3,77.5,55.1,201.5,65.6,1216.0,14.9,36.7,29.4,193.4,182.6,2736.0,65.5,148.3,95.3,377.9,154.8,1754.0,7.5,33.4,39.0,415.5,136.0,2088.0,23.5,101.6,107.4,406.6,143.6,2088.0,11.8,51.9,53.3,421.9,338.8,3748.0,46.1,187.7,151.2,812.0,269.2,2390.0,75.1,251.5,135.5,274.3,104.2,1732.0,61.6,240.5,169.8,387.0,112.2,1812.0,87.3,325.9,148.4,293.9,230.2,2736.0,238.7,659.4,302.2,602.1,180.5,2113.0,27.6,97.9,62.0,182.4,284.3,3748.0,24.9,105.1,69.3,269.7,320.8,4343.0,78.6,333.9,132.4,227.8,266.0,3057.0,89.0,338.4,144.7,268.5,309.0,3074.0,233.1,546.7,395.7,750.7,323.8,1855.0,207.7,629.8,358.6,1002.0,375.6,1983.0,471.0,1174.0,660.2,929.2,325.5,1812.0,306.9,788.6,461.0,675.6,490.4,2271.0
2026-05-21,01,8,official_closing,closing_displayed,https://www.boatrace.jp/owpc/pc/race/odds3t?hd=20260521&jcd=01&rno=8,58.1,529.5,265.9,142.7,65.3,1789.0,66.8,598.2,86.2,75.6,19.8,1646.0,42.6,361.9,47.3,21.0,21.5,1529.0,169.9,992.4,288.1,103.1,53.0,856.3,50.8,797.0,550.9,353.2,202.4,2629.0,18.5,1480.0,935.1,866.2,376.0,4575.0,8.1,939.5,572.5,296.1,376.2,4050.0,83.6,2045.0,1374.0,793.9,491.7,3240.0,56.6,822.2,139.0,143.5,44.4,2606.0,27.1,1335.0,707.6,696.1,279.3,4105.0,12.8,902.7,105.0,108.0,79.6,3027.0,83.6,1332.0,547.4,488.9,211.1,2539.0,26.3,443.3,51.9,17.9,26.0,1978.0,8.5,867.4,352.3,113.8,164.1,3105.0,11.3,873.7,81.4,59.3,62.6,2840.0,35.8,1256.0,246.4,50.1,66.3,1230.0,394.6,2156.0,971.5,259.7,185.2,859.9,270.8,3042.0,2211.0,839.5,546.4,2606.0,277.1,2814.0,1278.0,804.5,416.8,2045.0,150.4,2687.0,867.4,204.8,273.7,1116.0
2026-05-21,01,9,official_closing,closing_displayed,https://www.boatrace.jp/owpc/pc/race/odds3t?hd=20260521&jcd=01&rno=9,50.5,33.7,128.0,143.5,268.0,329.9,56.7,35.4,137.5,173.1,367.0,408.1,116.3,72.7,205.4,168.5,308.1,455.0,96.3,53.5,176.1,162.7,265.5,500.9,68.1,48.7,109.7,118.2,220.7,292.3,79.0,16.0,35.1,50.6,122.2,155.1,162.5,34.5,62.9,48.7,94.0,128.1,127.9,24.5,44.8,39.6,121.2,231.3,89.0,46.9,149.8,190.9,443.1,480.1,105.2,18.3,52.6,69.4,179.8,202.0,157.1,28.0,83.6,82.8,166.7,195.6,150.2,21.8,59.3,71.5,187.4,453.4,223.3,126.4,314.4,163.0,274.1,446.6,264.9,69.0,124.3,56.7,98.1,141.8,257.4,59.1,125.2,78.1,132.7,183.5,312.9,73.6,144.3,46.4,81.3,228.1,197.7,101.9,243.9,162.3,250.2,509.8,227.3,58.4,111.0,62.5,131.6,272.8,253.1,49.3,103.9,83.6,182.9,468.6,335.0,98.0,206.6,69.3,130.5,271.5
2026-05-21,01,10,official_closing,closing_displayed,https://www.boatrace.jp/owpc/pc/race/odds3t?hd=20260521&jcd=01&rno=10,13.7,62.4,59.6,29.0,794.7,740.0,8.5,46.6,30.1,24.8,817.8,1047.0,95.9,276.5,161.7,77.4,670.0,494.1,51.0,195.2,142.9,52.9,964.5,1613.0,16.3,118.0,122.2,64.5,1173.0,1040.0,9.0,88.2,89.0,69.9,1181.0,1720.0,76.3,380.9,347.8,195.2,1504.0,1156.0,51.2,341.6,297.1,134.7,1886.0,2472.0,8.3,77.6,43.4,43.2,1030.0,1364.0,8.5,83.8,64.9,61.9,1212.0,1702.0,48.5,318.5,186.2,171.5,1233.0,784.0,23.5,225.0,107.5,85.7,1967.0,2187.0,254.6,728.3,505.3,125.8,683.5,538.2,214.5,797.6,645.9,179.1,953.1,874.3,207.7,789.8,560.1,202.9,994.3,663.8,334.0,1338.0,875.5,149.8,749.4,1152.0,152.1,518.7,511.7,108.5,1529.0,2194.0,144.2,739.1,617.5,163.4,1937.0,2769.0,91.5,552.4,295.1,134.9,2048.0,2644.0,411.5,1667.0,1103.0,209.7,1130.0,1402.0
2026-05-21,01,11,official_closing,closing_displayed,https://www.boatrace.jp/owpc/pc/race/odds3t?hd=20260521&jcd=01&rno=11,13.6,100.8,340.6,23.5,229.9,369.7,4.5,26.6,288.2,137.7,668.4,1218.0,19.8,111.4,488.5,44.9,177.0,367.7,14.8,71.5,646.1,40.5,409.4,967.3,30.3,388.9,532.4,40.7,414.4,516.5,32.2,557.0,802.8,338.0,1409.0,1829.0,69.9,1029.0,1334.0,109.0,518.5,592.2,84.7,1117.0,1162.0,95.0,834.5,1646.0,6.6,60.7,565.9,406.7,1238.0,2170.0,23.8,370.1,827.4,585.5,2185.0,2519.0,19.9,293.8,1195.0,730.7,1880.0,1923.0,15.5,183.3,1027.0,638.7,2344.0,2836.0,52.6,424.6,1132.0,62.8,201.6,406.0,111.0,1273.0,1650.0,87.7,265.8,503.1,54.1,686.8,1559.0,406.7,1003.0,1588.0,117.1,995.8,2077.0,97.4,275.0,780.5,67.2,347.1,1599.0,71.7,736.2,1439.0,186.5,1166.0,2157.0,95.7,837.6,1957.0,64.8,417.2,1513.0,426.2,2021.0,2813.0,169.6,1048.0,2123.0,127.3,575.6,1160.0
2026-05-21,01,12,official_closing,closing_displayed,https://www.boatrace.jp/owpc/pc/race/odds3t?hd=20260521&jcd=01&rno=12,6.2,30.5,206.2,130.8,97.8,447.2,6.8,26.2,392.5,439.7,292.6,1330.0,5.9,21.8,355.7,234.8,279.1,1269.0,11.8,35.3,561.2,316.7,159.0,772.7,17.0,122.2,272.8,175.1,136.9,552.5,47.2,346.6,761.7,699.1,490.1,1805.0,38.2,244.4,557.2,374.4,472.6,1518.0,59.9,340.4,719.6,426.8,263.5,942.1,17.6,97.2,678.7,806.8,758.3,2420.0,48.9,336.8,1082.0,1126.0,881.2,2427.0,44.4,218.1,1478.0,1282.0,1582.0,2519.0,54.9,259.0,1406.0,972.0,1079.0,2710.0,16.3,76.4,723.2,339.8,579.4,1979.0,51.6,249.7,857.5,407.2,680.3,1867.0,68.7,253.8,1630.0,986.5,1542.0,2702.0,42.9,168.7,1269.0,480.0,736.9,2322.0,46.3,170.1,1476.0,652.9,331.8,901.6,136.9,611.1,1570.0,742.6,397.4,1009.0,153.2,527.1,1966.0,1206.0,1086.0,2291.0,104.3,334.0,1984.0,826.2,927.9,2075.0
2026-05-21,05,1,official_closing,closing_displayed,https://www.boatrace.jp/owpc/pc/race/odds3t?hd=20260521&jcd=05&rno=1,10.2,29.0,45.5,560.4,33.9,822.4,36.7,93.6,135.3,760.4,53.2,1455.0,8.8,19.0,35.5,462.7,174.5,1940.0,33.3,110.2,128.1,840.7,64.2,804.9,13.5,60.9,70.7,652.2,42.5,1120.0,46.7,200.6,203.9,817.9,58.2,2017.0,14.0,46.9,50.1,432.3,197.5,2131.0,51.7,233.5,177.8,788.1,79.8,633.1,110.5,315.9,266.4,720.6,77.8,1891.0,133.2,394.0,312.6,690.9,81.4,1940.0,115.5,231.7,200.6,529.1,299.0,2480.0,251.7,485.0,412.3,1129.0,159.7,1304.0,15.5,31.6,46.5,449.0,394.0,2402.0,21.6,43.1,48.9,375.5,352.7,2402.0,65.5,126.0,148.9,554.3,408.9,3519.0,40.6,106.4,93.5,459.9,312.0,1627.0,129.2,404.6,480.4,1164.0,178.0,652.2,207.2,593.4,431.1,989.0,124.0,520.0,457.1,703.8,792.2,1759.0,270.2,1029.0,150.1,274.6,317.9,928.3,375.5,1293.0
2026-05-21,05,2,official_closing,closing_displayed,https://www.boatrace.jp/owpc/pc/race/odds3t?hd=20260521&jcd=05&rno=2,6.5,19.6,23.4,150.8,512.9,769.4,11.7,35.8,24.3,122.5,445.1,284.4,55.9,155.2,109.4,585.4,934.0,1162.0,18.7,55.8,55.2,242.6,662.2,2648.0,7.7,37.6,40.8,211.2,776.8,1114.0,9.6,57.8,51.3,132.9,678.9,1196.0,48.6,246.6,183.6,524.6,985.2,1417.0,27.6,118.8,113.3,372.3,1346.0,2834.0,24.7,115.1,47.4,133.2,572.9,297.0,23.8,96.7,55.6,122.1,583.3,1233.0,137.4,433.2,176.0,402.9,811.9,529.7,60.8,267.0,88.7,207.6,1272.0,3231.0,142.4,506.5,304.3,1070.0,1538.0,1242.0,132.9,471.0,316.8,598.4,950.4,1568.0,265.7,724.5,331.1,619.0,944.9,553.3,264.8,950.4,540.4,892.7,1683.0,2045.0,68.4,331.1,147.0,435.5,1417.0,2992.0,76.6,414.3,276.6,514.6,1857.0,2524.0,140.3,522.9,188.9,322.5,2308.0,3590.0,302.5,1129.0,641.2,1099.0,2524.0,3168.0
2026-05-21,05,3,official_closing,closing_displayed,https://www.boatrace.jp/owpc/pc/race/odds3t?hd=20260521&jcd=05&rno=3,17.1,64.3,64.0,82.0,439.9,218.2,25.4,91.5,52.5,74.0,388.9,123.3,49.7,167.7,80.3,58.6,278.2,184.1,26.2,102.2,38.7,39.7,225.7,304.2,17.2,101.0,105.9,152.6,616.2,475.5,14.3,163.3,172.2,184.8,786.8,552.7,35.8,244.7,195.5,130.4,766.8,644.1,13.4,153.0,148.2,104.3,485.0,884.8,32.2,191.5,83.1,119.2,589.1,166.0,23.1,218.4,176.4,207.5,847.5,401.2,55.5,343.1,177.7,151.7,736.4,264.2,23.2,195.1,91.1,94.1,535.5,403.2,95.7,385.2,196.3,50.5,201.4,200.9,73.1,388.9,298.9,80.6,327.3,328.2,106.1,427.5,248.5,133.5,486.0,259.4,62.4,341.1,194.9,34.4,134.8,218.0,60.7,282.5,81.3,43.5,363.2,547.7,30.4,306.1,189.9,61.7,586.2,747.8,44.3,391.5,131.2,84.9,464.5,554.0,91.1,486.0,183.4,45.0,263.4,368.2
2026-05-21,05,4,official_closing,closing_displayed,https://www.boatrace.jp/owpc/pc/race/odds3t?hd=20260521&jcd=05&rno=4,13.1,13.0,24.1,56.9,316.2,1573.0,18.1,16.0,24.6,82.2,450.4,2157.0,72.9,70.4,72.7,218.5,506.7,2908.0,281.0,264.9,344.7,686.0,1715.0,4053.0,16.8,13.5,21.0,55.3,308.9,2477.0,18.2,12.2,17.3,44.9,409.1,1227.0,74.1,51.7,64.5,147.6,557.4,2388.0,365.5,178.3,251.9,631.0,1737.0,3822.0,29.0,26.8,33.6,81.5,530.8,2623.0,29.1,23.2,25.7,53.7,462.8,1555.0,128.8,99.9,84.6,167.4,537.2,1715.0,537.2,385.5,434.3,723.1,1996.0,3934.0,163.5,152.5,162.7,274.6,643.1,3716.0,188.9,161.9,157.3,213.3,562.0,3262.0,289.5,220.3,202.6,250.9,613.6,2623.0,743.2,897.8,1013.0,599.8,1807.0,3934.0,969.4,1153.0,910.0,1408.0,2787.0,4459.0,922.6,841.3,825.7,1143.0,2388.0,3716.0,1470.0,1311.0,1238.0,1438.0,2730.0,3520.0,1832.0,1783.0,1311.0,1324.0,2675.0,3615.0
2026-05-21,05,5,official_closing,closing_displayed,https://www.boatrace.jp/owpc/pc/race/odds3t?hd=20260521&jcd=05&rno=5,47.5,39.1,39.4,47.1,525.4,966.7,42.7,42.1,19.7,22.9,278.9,673.6,119.7,106.1,31.9,81.3,408.5,557.9,208.2,166.4,87.3,109.7,811.8,1172.0,51.8,48.2,55.7,65.3,545.8,1333.0,24.0,39.6,28.7,33.2,407.2,966.7,62.0,70.6,54.6,132.7,575.6,855.7,157.1,167.2,161.5,169.3,1361.0,1918.0,38.5,59.5,16.2,18.4,280.8,786.6,26.5,42.8,20.5,24.7,346.0,1005.0,90.0,99.9,23.8,35.1,196.6,369.2,123.1,171.8,59.0,61.9,527.6,844.3,244.0,191.3,45.8,133.4,516.9,555.4,139.1,153.6,64.2,178.8,538.9,776.9,195.4,203.6,36.9,82.3,243.5,423.5,472.5,438.2,107.2,250.2,811.8,1161.0,358.7,452.3,186.7,176.6,1130.0,1229.0,315.0,334.1,262.7,227.7,1507.0,1666.0,291.8,444.3,131.2,120.6,758.3,1082.0,506.5,589.0,132.0,281.4,1130.0,1266.0
2026-05-21,05,6,official_closing,closing_displayed,https://www.boatrace.jp/owpc/pc/race/odds3t?hd=20260521&jcd=05&rno=6,5.2,7.6,25.9,270.5,651.8,288.7,23.1,28.2,61.4,483.6,1061.0,481.9,20.7,32.3,168.9,705.5,1279.0,1504.0,11.1,17.3,98.4,565.6,1086.0,1875.0,12.5,14.5,25.2,277.0,572.7,249.3,80.6,52.5,99.6,308.2,1029.0,268.9,88.1,55.9,95.0,613.8,1555.0,1180.0,48.9,23.4,34.2,510.7,1211.0,1029.0,90.2,119.2,253.0,541.0,1328.0,526.4,180.1,130.7,231.2,401.4,1150.0,370.9,417.3,240.1,528.5,1140.0,1754.0,1901.0,300.8,183.7,454.7,1006.0,1801.0,1629.0,120.6,196.6,414.8,844.9,1669.0,1555.0,233.9,168.7,282.8,739.9,1649.0,1368.0,352.7,335.5,613.8,1267.0,2244.0,2043.0,315.4,210.2,478.6,829.6,1955.0,2281.0,66.6,41.7,213.2,871.8,1711.0,2244.0,111.9,63.7,150.0,739.9,1801.0,1983.0,300.8,226.2,561.0,1440.0,2488.0,2975.0,314.6,225.1,538.9,1233.0,2534.0,2851.0
2026-05-21,05,7,official_closing,closing_displayed,https://www.boatrace.jp/owpc/pc/race/odds3t?hd=20260521&jcd=05&rno=7,23.1,106.1,74.2,250.0,89.5,274.7,47.7,307.5,75.4,144.7,39.4,193.0,29.2,193.0,33.5,81.0,64.0,253.8,78.1,455.0,80.6,127.9,50.5,125.3,19.0,138.6,139.0,533.6,238.2,676.1,15.5,620.8,537.0,826.8,394.8,1120.0,6.9,549.4,368.6,637.4,710.7,1143.0,25.4,1151.0,795.3,814.7,535.3,742.3,46.9,549.4,184.1,279.2,74.1,353.8,28.8,907.7,471.8,814.7,313.3,938.3,20.3,1106.0,198.8,233.5,245.9,701.7,41.2,1237.0,303.6,323.0,195.3,414.4,25.0,326.8,63.7,99.0,123.9,438.3,10.0,590.1,258.9,334.0,500.0,948.9,19.7,1201.0,194.2,167.1,268.5,704.7,18.1,1006.0,144.6,105.5,169.5,397.6,92.2,822.7,294.0,254.9,91.3,175.2,55.1,1532.0,907.7,668.0,328.7,474.4,79.3,1653.0,547.6,415.4,183.1,300.9,43.3,1255.0,265.9,194.6,210.3,330.0
2026-05-21,05,8,official_closing,closing_displayed,https://www.boatrace.jp/owpc/pc/race/odds3t?hd=20260521&jcd=05&rno=8,19.7,16.0,15.2,148.7,466.5,3275.0,45.3,39.8,9.5,81.1,342.2,2450.0,90.5,88.6,26.0,261.8,708.6,3606.0,557.2,736.2,224.0,972.7,2567.0,5177.0,12.9,19.0,17.0,199.0,488.5,3914.0,10.6,23.5,17.8,128.5,282.8,2527.0,32.9,45.4,35.0,276.0,648.4,4585.0,230.4,381.6,309.2,1383.0,2631.0,5095.0,49.8,75.7,17.0,80.6,357.0,2674.0,27.2,49.5,24.8,102.3,301.6,2431.0,102.0,141.3,32.7,154.8,481.9,2791.0,556.3,1299.0,241.3,687.3,2244.0,4279.0,160.5,187.7,55.2,365.1,724.5,3821.0,108.6,122.4,62.4,324.2,623.2,4863.0,207.6,221.8,63.6,262.8,569.1,4063.0,961.0,1629.0,445.8,1138.0,2292.0,4458.0,1459.0,2139.0,696.3,2260.0,3209.0,5015.0,1028.0,1365.0,881.8,2588.0,3689.0,5177.0,1565.0,2944.0,860.5,2198.0,3343.0,5095.0,1969.0,3116.0,1167.0,2674.0,3147.0,3821.0
2026-05-21,05,9,official_closing,closing_displayed,https://www.boatrace.jp/owpc/pc/race/odds3t?hd=20260521&jcd=05&rno=9,6.9,19.0,47.9,804.1,32.3,346.2,72.5,194.3,341.8,1004.0,47.0,459.8,10.8,26.8,48.4,808.1,304.2,1497.0,31.5,64.4,92.8,1091.0,44.3,229.5,10.5,52.6,70.9,1191.0,39.7,450.3,100.7,408.0,446.0,1674.0,65.1,510.1,16.6,53.4,67.9,1464.0,482.2,1887.0,40.8,119.8,113.5,2027.0,57.4,345.4,214.3,777.3,757.4,1470.0,76.1,673.1,250.9,859.1,1004.0,1920.0,81.8,642.6,340.4,906.8,843.5,2015.0,604.5,2436.0,430.7,946.2,1073.0,2191.0,94.0,426.7,16.5,43.8,60.4,1013.0,861.4,2331.0,22.3,51.5,62.7,1504.0,1039.0,2766.0,235.0,471.7,527.4,1990.0,1218.0,2720.0,44.3,75.1,77.8,1389.0,722.2,2133.0,95.7,187.8,214.0,2331.0,54.8,187.8,104.4,223.3,209.1,2511.0,59.0,222.8,560.9,1073.0,1001.0,2914.0,79.2,239.3,107.9,175.7,165.8,2591.0,328.7,845.7
2026-05-21,05,10,official_closing,closing_displayed,https://www.boatrace.jp/owpc/pc/race/odds3t?hd=20260521&jcd=05&rno=10,12.8,50.7,54.2,315.9,178.0,57.1,35.0,143.5,92.4,302.5,153.6,67.8,18.7,114.5,59.4,224.8,265.2,121.2,16.7,92.6,82.4,295.6,130.1,84.1,15.5,61.6,65.7,403.4,288.3,115.9,31.2,91.6,102.1,384.4,522.3,219.9,18.0,94.5,91.4,505.6,889.4,395.4,19.3,130.0,162.0,735.7,719.0,329.5,63.9,212.1,126.5,281.0,241.7,148.7,59.4,197.3,163.2,376.0,575.2,254.5,54.7,259.9,116.0,265.8,563.5,346.5,55.3,410.1,220.1,456.6,469.2,243.6,33.6,191.4,111.7,267.4,403.4,282.4,33.1,216.0,175.4,449.2,748.2,671.1,56.1,310.6,155.4,373.4,618.6,629.1,28.6,318.2,209.3,342.8,559.2,522.3,14.8,137.6,140.0,425.0,216.0,203.1,17.1,206.9,240.9,835.7,634.5,534.9,38.6,316.8,282.4,748.2,495.4,473.2,23.9,309.7,173.1,521.1,694.2,563.5
2026-05-21,05,11,official_closing,closing_displayed,https://www.boatrace.jp/owpc/pc/race/odds3t?hd=20260521&jcd=05&rno=11,22.8,152.4,220.5,55.8,408.9,72.7,10.5,118.9,275.9,135.3,536.4,196.9,41.6,276.3,643.5,43.1,215.4,50.0,10.0,82.2,220.2,23.3,183.0,82.7,35.9,280.2,299.7,159.7,754.4,201.5,40.1,741.7,960.9,564.6,1809.0,873.3,95.1,1680.0,1672.0,347.6,1374.0,383.3,32.9,744.9,893.1,155.5,1166.0,514.6,13.2,242.5,500.1,413.2,1261.0,557.5,32.5,877.6,906.8,834.3,2462.0,1332.0,26.5,1007.0,1575.0,984.9,2607.0,1010.0,8.8,328.3,700.7,420.6,2348.0,1257.0,96.3,791.4,1313.0,72.6,253.2,56.5,164.4,2085.0,2244.0,230.9,654.2,160.2,67.5,1688.0,2569.0,517.6,1071.0,428.7,57.2,1374.0,2175.0,60.1,202.5,85.8,16.7,235.4,507.9,27.1,259.9,174.7,37.9,968.7,1052.0,82.8,641.1,432.9,12.9,440.4,1068.0,218.7,928.2,848.2,37.3,1027.0,1827.0,41.3,235.9,169.8
2026-05-21,05,12,official_closing,closing_displayed,https://www.boatrace.jp/owpc/pc/race/odds3t?hd=20260521&jcd=05&rno=12,7.2,46.1,72.3,51.7,589.2,559.7,6.3,48.5,61.1,58.9,717.2,822.7,29.0,156.5,154.2,69.6,388.8,528.4,30.5,196.4,169.1,76.4,707.9,1009.0,11.6,125.4,143.6,108.7,794.1,1125.0,8.8,205.9,273.1,230.5,1857.0,1999.0,30.0,637.8,647.7,265.3,1369.0,1497.0,33.8,782.7,596.9,262.3,1883.0,2899.0,9.4,134.7,136.2,132.9,1248.0,1223.0,12.4,256.7,262.3,272.0,2351.0,2273.0,25.0,482.7,327.5,279.4,1426.0,1660.0,22.6,439.0,424.4,355.8,2795.0,3628.0,81.3,653.1,527.8,107.5,393.9,612.9,86.7,1251.0,1068.0,223.8,776.1,968.1,77.5,996.2,710.7,260.1,883.8,1408.0,112.2,1366.0,1141.0,151.2,676.4,1186.0,90.7,727.6,617.0,160.3,1301.0,1415.0,103.2,1565.0,1301.0,295.7,2165.0,2930.0,82.9,1055.0,976.7,406.4,2839.0,3702.0,168.2,1936.0,1909.0,213.0,1397.0,1712.0
2026-05-21,08,1,official_closing,closing_displayed,https://www.boatrace.jp/owpc/pc/race/odds3t?hd=20260521&jcd=08&rno=1,7.7,122.0,131.1,71.3,116.7,1967.0,9.7,114.7,132.1,79.5,130.1,2176.0,8.3,71.3,120.9,42.0,83.7,2764.0,148.0,921.4,752.0,366.6,735.8,3409.0,8.2,227.8,242.3,133.1,245.2,2764.0,13.9,347.9,424.4,267.7,521.8,3934.0,13.0,364.0,484.7,153.5,361.4,3934.0,225.7,1526.0,1967.0,845.3,1440.0,4870.0,14.3,162.6,239.5,162.0,290.5,3653.0,17.1,284.9,420.9,326.7,594.6,3653.0,12.1,200.9,357.6,201.3,469.1,3196.0,126.2,1162.0,2622.0,1189.0,1763.0,3527.0,18.8,205.3,335.3,47.3,100.0,3788.0,24.5,357.6,651.4,97.6,232.4,4649.0,20.4,262.2,496.5,107.1,217.6,6819.0,222.8,1504.0,2841.0,365.3,838.4,5114.0,612.4,2045.0,2176.0,1065.0,2922.0,3527.0,651.4,2435.0,3527.0,1794.0,3653.0,6392.0,601.6,2223.0,2622.0,2223.0,4261.0,3653.0,672.9,3196.0,3653.0,1175.0,3299.0,3934.0
2026-05-21,08,2,official_closing,closing_displayed,https://www.boatrace.jp/owpc/pc/race/odds3t?hd=20260521&jcd=08&rno=2,27.0,19.3,152.0,36.0,963.9,599.3,18.2,13.1,128.5,61.2,1606.0,1257.0,165.4,153.4,351.6,122.4,940.4,771.1,128.6,66.9,323.1,95.2,1445.0,2182.0,45.5,45.2,119.3,26.2,797.7,476.0,42.9,12.7,39.6,16.7,1081.0,389.4,194.7,105.8,159.1,46.9,625.2,222.0,228.1,44.2,108.3,26.4,1168.0,1180.0,23.0,18.2,124.6,95.2,1299.0,1445.0,44.9,10.0,49.8,32.2,1285.0,632.1,148.8,52.5,204.3,129.2,1393.0,618.5,146.9,23.6,132.5,70.8,1542.0,2570.0,394.8,306.8,718.4,122.2,751.1,593.2,474.0,258.7,481.9,71.2,523.4,236.0,367.2,148.8,550.8,160.6,932.8,466.4,863.2,379.2,766.0,97.7,714.0,1023.0,346.3,216.6,625.2,135.4,2065.0,2570.0,545.6,148.8,276.7,54.8,1563.0,1836.0,350.5,96.2,293.5,107.9,2103.0,2891.0,850.5,363.7,746.3,139.7,1329.0,1584.0
2026-05-21,08,3,official_closing,closing_displayed,https://www.boatrace.jp/owpc/pc/race/odds3t?hd=20260521&jcd=08&rno=3,12.9,13.7,206.9,2609.0,121.8,40.3,330.2,325.1,1981.0,4863.0,297.1,109.8,19.3,16.6,409.9,3689.0,1150.0,1009.0,7.2,6.6,284.5,1304.0,114.4,80.2,38.8,39.9,183.2,2488.0,116.6,31.4,677.1,507.0,1229.0,3821.0,204.5,56.8,101.0,64.8,205.7,3451.0,1528.0,409.9,64.5,30.3,139.3,2547.0,67.2,47.1,1229.0,1091.0,3451.0,4279.0,509.4,247.0,999.9,972.6,2674.0,3962.0,442.1,149.4,1426.0,1337.0,4863.0,4863.0,3146.0,1698.0,1371.0,622.0,3056.0,2815.0,400.7,278.6,55.1,56.2,694.7,3566.0,2057.0,2377.0,119.8,77.4,445.7,3242.0,2815.0,1877.0,1215.0,633.0,2547.0,6293.0,4651.0,3343.0,67.4,34.4,521.9,3821.0,2377.0,2609.0,22.4,14.7,353.1,2891.0,95.4,89.8,64.1,26.1,201.8,2743.0,62.6,66.3,835.8,297.1,2228.0,5631.0,224.2,185.4,61.5,26.8,442.1,5943.0,876.9,1080.0
2026-05-21,08,4,official_closing,closing_displayed,https://www.boatrace.jp/owpc/pc/race/odds3t?hd=20260521&jcd=08&rno=4,19.2,53.8,76.6,29.0,646.8,894.4,15.3,45.0,28.7,17.9,593.1,685.5,67.5,153.0,107.8,46.5,408.8,404.5,80.5,137.2,102.0,32.5,677.4,1122.0,21.7,111.9,151.0,59.7,908.6,1217.0,10.3,87.3,98.1,66.2,1568.0,2792.0,51.2,295.8,249.4,109.5,1192.0,1286.0,49.1,304.4,306.9,108.0,1156.0,1396.0,12.6,65.3,35.2,27.9,685.5,854.3,9.7,72.3,61.1,57.7,1659.0,1683.0,36.0,166.8,94.6,78.2,1133.0,578.2,35.4,156.6,80.0,55.5,1413.0,2201.0,194.0,430.3,297.3,78.3,382.8,513.3,168.6,590.1,447.2,133.1,954.0,1300.0,152.2,469.2,317.1,133.5,693.8,442.0,261.3,629.0,443.7,67.8,537.4,1080.0,235.5,408.8,299.6,65.1,1192.0,2201.0,182.8,599.3,553.0,122.5,1156.0,2120.0,142.3,442.0,246.7,91.0,2120.0,3180.0,327.1,715.5,506.5,102.8,1100.0,1635.0
2026-05-21,08,5,official_closing,closing_displayed,https://www.boatrace.jp/owpc/pc/race/odds3t?hd=20260521&jcd=08&rno=5,36.1,313.6,296.2,201.0,94.8,293.4,14.7,188.0,216.9,234.0,110.7,193.0,14.9,150.3,120.0,68.4,54.3,152.4,28.7,262.1,113.8,75.6,56.5,120.4,43.5,572.2,485.2,324.4,187.6,753.0,33.7,643.7,659.7,835.8,423.4,1064.0,30.4,896.9,425.7,523.4,413.6,882.0,36.4,802.2,589.1,525.1,370.4,589.1,16.9,382.8,343.3,448.4,199.8,242.2,31.8,831.5,633.5,939.1,458.7,956.0,9.0,511.7,372.1,511.7,373.8,700.2,10.3,564.1,441.0,483.7,312.4,319.9,24.5,376.5,202.6,93.5,82.0,217.2,42.2,822.9,409.3,383.7,321.8,688.1,14.3,676.4,362.0,401.1,371.2,806.3,17.3,602.4,250.6,111.8,123.8,225.8,43.7,609.3,186.5,139.8,119.8,145.6,54.3,1078.0,436.2,510.0,328.5,482.3,22.3,778.7,395.1,535.7,304.1,331.2,23.1,648.9,228.7,163.2,159.0,221.7
2026-05-21,08,6,official_closing,closing_displayed,https://www.boatrace.jp/owpc/pc/race/odds3t?hd=20260521&jcd=08&rno=6,25.3,147.7,113.2,43.0,133.7,4738.0,17.4,114.1,36.2,26.3,105.6,1718.0,31.2,146.8,50.0,17.5,63.5,2950.0,482.5,1101.0,568.5,187.4,554.4,6254.0,23.1,321.7,298.9,129.9,283.7,6013.0,9.0,372.2,272.8,188.1,473.8,6514.0,17.4,449.3,270.5,105.6,273.8,6798.0,323.7,1461.0,1447.0,656.9,1313.0,7107.0,13.2,175.6,60.1,67.6,186.8,2792.0,10.0,352.9,178.0,168.8,436.7,4009.0,8.7,206.2,67.6,65.9,178.0,3127.0,226.2,1166.0,640.8,594.5,1193.0,6514.0,40.1,318.4,114.3,21.1,57.0,2792.0,29.8,528.2,256.3,48.4,121.3,4886.0,22.8,329.8,110.8,40.1,98.2,4598.0,427.2,1292.0,859.1,117.3,267.7,2743.0,995.9,2266.0,1532.0,741.0,1818.0,3908.0,989.6,2650.0,2443.0,1184.0,2563.0,5043.0,1240.0,2369.0,1861.0,1396.0,2333.0,4009.0,1070.0,3006.0,2030.0,587.8,1212.0,2202.0
2026-05-21,08,7,official_closing,closing_displayed,https://www.boatrace.jp/owpc/pc/race/odds3t?hd=20260521&jcd=08&rno=7,9.7,19.9,15.3,120.7,218.4,5584.0,33.5,50.2,20.2,151.5,138.1,5584.0,40.1,82.9,35.1,296.9,296.9,5331.0,572.1,670.1,382.0,888.5,1675.0,7330.0,7.7,18.1,19.5,222.9,286.0,6172.0,15.2,17.5,17.2,120.7,207.5,3257.0,21.8,38.4,42.0,359.7,392.2,3169.0,328.5,343.9,411.5,1348.0,1563.0,7818.0,56.6,82.3,33.1,122.8,138.1,5864.0,63.5,40.8,24.2,73.8,183.5,3007.0,137.9,174.0,55.0,200.1,220.4,3665.0,610.8,630.5,355.4,862.3,1332.0,7330.0,60.5,193.5,74.5,389.6,563.8,4886.0,35.6,106.8,83.9,494.8,644.4,4044.0,127.2,229.0,89.1,367.6,467.2,5864.0,1127.0,1209.0,751.8,1922.0,2255.0,3909.0,2727.0,2094.0,1413.0,2727.0,5584.0,9773.0,1234.0,1675.0,1447.0,2495.0,4044.0,5864.0,2057.0,2132.0,1606.0,2299.0,4188.0,7818.0,1503.0,2495.0,1396.0,3449.0,4343.0,5864.0
2026-05-21,08,8,official_closing,closing_displayed,https://www.boatrace.jp/owpc/pc/race/odds3t?hd=20260521&jcd=08&rno=8,14.1,22.9,103.8,147.0,40.5,3005.0,16.1,25.3,147.1,255.7,74.1,3467.0,11.2,17.8,86.6,115.8,69.7,3339.0,163.7,197.2,535.0,519.6,195.9,3339.0,20.9,67.7,167.1,176.7,62.5,3005.0,28.9,61.8,114.9,185.3,62.3,4397.0,23.4,44.7,81.8,81.1,55.5,2436.0,246.3,344.0,634.8,309.2,165.4,2121.0,26.2,52.0,199.2,373.3,146.8,2908.0,51.9,73.1,166.0,266.3,113.9,3679.0,32.9,36.9,139.4,210.6,150.0,3756.0,267.1,284.8,646.2,919.9,492.6,3919.0,16.8,37.3,139.2,105.5,101.7,3535.0,30.0,40.3,102.7,76.4,74.7,2731.0,31.1,34.3,126.1,153.1,144.1,3467.0,215.6,169.4,456.4,222.3,246.3,2172.0,548.0,712.6,1345.0,1226.0,682.9,2817.0,850.5,1030.0,1477.0,458.7,316.3,2096.0,883.8,879.5,1345.0,1442.0,1012.0,3679.0,794.3,660.4,1260.0,397.1,364.2,2025.0
2026-05-21,08,9,official_closing,closing_displayed,https://www.boatrace.jp/owpc/pc/race/odds3t?hd=20260521&jcd=08&rno=9,9.8,14.2,49.1,40.8,230.3,3224.0,11.3,14.2,45.6,43.0,268.6,5674.0,25.2,37.6,95.0,90.5,283.1,5456.0,354.6,574.3,1182.0,865.0,2086.0,8345.0,14.6,24.6,56.6,53.3,245.8,2837.0,16.4,21.6,45.6,54.9,300.5,6168.0,28.9,51.3,71.3,111.7,294.3,3546.0,336.1,766.8,1125.0,999.0,1669.0,5674.0,19.9,27.3,66.2,69.9,339.4,6448.0,23.3,29.6,63.9,81.7,413.6,4172.0,47.8,55.0,104.3,158.1,517.7,3733.0,619.5,682.0,985.2,1144.0,2627.0,5456.0,64.4,100.7,177.3,129.2,334.6,4299.0,69.4,119.9,160.6,129.0,320.9,4053.0,88.5,119.4,184.2,189.6,490.9,5254.0,999.0,933.3,1404.0,1099.0,1970.0,5456.0,1542.0,1404.0,2488.0,1917.0,2728.0,5456.0,2026.0,2149.0,3018.0,1891.0,2676.0,7093.0,1509.0,1418.0,2288.0,2533.0,3940.0,8345.0,2627.0,2056.0,3546.0,2676.0,3299.0,6168.0
2026-05-21,08,10,official_closing,closing_displayed,https://www.boatrace.jp/owpc/pc/race/odds3t?hd=20260521&jcd=08&rno=10,30.9,139.4,314.7,50.1,244.9,595.6,14.4,72.3,150.9,67.8,262.1,385.6,29.7,125.3,178.2,21.6,107.3,251.7,34.7,151.4,180.5,30.9,139.2,282.4,38.6,345.5,437.4,94.2,452.6,1218.0,20.4,318.0,364.5,305.4,1066.0,2287.0,30.8,421.4,403.2,96.0,468.1,1189.0,26.5,532.2,572.9,140.5,586.3,1468.0,13.1,123.7,201.6,180.7,640.2,985.6,18.7,290.9,337.8,349.6,1490.0,2171.0,9.4,138.2,240.0,241.0,772.2,1560.0,15.1,220.8,312.4,240.2,851.2,1552.0,41.0,256.5,449.8,28.1,103.9,326.7,47.9,716.8,820.9,78.2,281.0,933.4,23.0,273.3,488.0,165.6,490.3,1055.0,37.8,498.5,664.3,30.3,112.0,290.9,74.1,604.0,595.6,63.3,271.4,452.6,52.9,1468.0,1702.0,174.3,616.5,1325.0,48.4,772.2,865.9,224.7,705.0,1302.0,54.5,886.4,921.9,58.3,204.5,350.4
2026-05-21,08,11,official_closing,closing_displayed,https://www.boatrace.jp/owpc/pc/race/odds3t?hd=20260521&jcd=08&rno=11,20.8,187.7,409.0,120.5,31.5,2048.0,7.2,89.3,290.7,494.5,99.3,2561.0,5.4,62.6,266.2,90.7,40.6,2313.0,81.6,473.8,939.4,420.1,112.6,2068.0,35.9,563.1,636.5,268.2,89.8,3117.0,32.5,850.3,1054.0,1243.0,440.8,3526.0,25.1,850.3,808.7,283.0,187.2,4482.0,173.7,2029.0,2988.0,799.7,474.9,3259.0,14.9,206.8,607.7,951.9,302.5,4137.0,35.1,850.3,1188.0,1547.0,599.2,4780.0,11.5,270.2,765.6,1243.0,625.3,3646.0,89.8,850.3,2217.0,2029.0,1010.0,3646.0,7.1,108.0,340.4,80.6,81.1,3841.0,21.0,609.4,687.3,120.3,117.9,4390.0,7.8,206.8,666.0,566.1,441.7,2988.0,41.5,927.3,1236.0,262.6,266.2,3361.0,311.3,1734.0,2623.0,1195.0,470.7,1973.0,550.2,3163.0,3841.0,1763.0,779.4,2689.0,439.9,2723.0,2758.0,2313.0,1396.0,3073.0,274.0,2830.0,2656.0,881.7,799.7,2988.0
2026-05-21,08,12,official_closing,closing_displayed,https://www.boatrace.jp/owpc/pc/race/odds3t?hd=20260521&jcd=08&rno=12,12.0,220.4,35.6,279.7,750.9,2381.0,25.8,370.9,15.3,128.4,439.4,1211.0,51.0,658.6,25.2,243.1,636.1,2079.0,86.6,1028.0,40.7,386.9,805.2,2444.0,5.8,386.4,196.6,782.6,1372.0,3028.0,3.8,1146.0,373.9,1105.0,2556.0,5804.0,7.4,2126.0,569.7,1326.0,2653.0,6056.0,15.0,2048.0,748.9,1719.0,2814.0,5686.0,24.1,824.3,63.6,172.5,524.7,1326.0,12.7,1222.0,233.9,663.3,1948.0,4353.0,35.3,2932.0,180.1,517.8,1314.0,1857.0,52.4,2872.0,186.7,521.7,1730.0,3765.0,78.1,1266.0,188.1,445.7,870.6,2579.0,45.0,2731.0,700.0,1067.0,1882.0,5159.0,75.8,3869.0,383.2,681.2,1458.0,2401.0,129.4,3397.0,576.8,778.2,1497.0,5065.0,232.3,2159.0,319.1,849.4,1451.0,2731.0,120.7,2401.0,1067.0,2193.0,2487.0,4803.0,202.6,3202.0,566.2,1028.0,2246.0,3714.0,248.5,3277.0,857.2,1190.0,2211.0,4493.0
2026-05-21,09,1,official_closing,closing_displayed,https://www.boatrace.jp/owpc/pc/race/odds3t?hd=20260521&jcd=09&rno=1,3.5,10.2,37.7,93.0,244.6,1722.0,9.3,15.8,116.6,206.5,417.3,1686.0,14.0,24.4,150.2,205.5,519.0,2130.0,215.9,378.3,1285.0,941.4,1840.0,3520.0,8.5,33.7,58.9,138.4,318.7,2130.0,24.8,54.5,100.8,167.2,340.2,2891.0,27.4,77.0,142.2,159.6,318.7,1840.0,383.7,880.0,1927.0,1140.0,1974.0,2998.0,25.5,52.4,310.2,415.2,613.3,4048.0,46.2,90.6,173.3,216.4,389.2,4048.0,71.9,98.3,317.5,359.8,529.2,4261.0,440.0,599.7,1799.0,2891.0,4498.0,6747.0,49.8,89.5,358.2,253.0,618.0,3114.0,74.6,152.7,262.8,175.2,309.0,2076.0,124.3,142.0,394.9,320.0,484.8,5783.0,826.2,987.4,4048.0,1265.0,3114.0,4048.0,1038.0,1760.0,3238.0,1445.0,5783.0,5060.0,1208.0,2698.0,3373.0,1652.0,2698.0,2249.0,1094.0,952.5,3114.0,2024.0,4261.0,4762.0,1619.0,1840.0,5060.0,2698.0,4762.0,5060.0
2026-05-21,09,2,official_closing,closing_displayed,https://www.boatrace.jp/owpc/pc/race/odds3t?hd=20260521&jcd=09&rno=2,9.1,39.6,21.8,133.3,151.5,819.8,18.7,59.3,22.9,107.3,90.4,776.3,23.7,70.4,24.0,120.3,218.2,1139.0,150.9,305.6,195.3,528.4,551.7,1201.0,7.2,60.5,48.8,224.9,203.5,1253.0,8.9,113.0,60.9,230.2,204.9,1827.0,10.8,107.3,61.0,202.1,408.0,1595.0,92.4,474.2,427.9,707.4,886.1,2193.0,28.9,159.2,53.2,137.5,113.0,1253.0,24.0,191.9,75.3,192.8,244.3,2139.0,46.9,282.0,72.8,171.3,340.0,1414.0,240.3,645.0,471.6,1008.0,868.5,1949.0,38.8,147.9,62.0,176.1,280.2,1539.0,32.7,204.4,100.1,201.2,379.7,1827.0,57.9,344.0,114.0,224.3,337.4,1827.0,149.4,609.2,409.9,528.4,664.6,2249.0,322.5,696.2,895.1,1253.0,654.6,877.2,362.5,1218.0,1032.0,1235.0,1124.0,1866.0,531.6,1008.0,1044.0,1866.0,1253.0,2249.0,415.7,1218.0,1020.0,1414.0,1110.0,1566.0
2026-05-21,09,3,official_closing,closing_displayed,https://www.boatrace.jp/owpc/pc/race/odds3t?hd=20260521&jcd=09&rno=3,20.9,15.6,99.3,476.0,102.5,124.6,55.4,38.5,290.9,912.7,217.2,423.3,23.7,11.3,115.5,515.4,365.7,654.5,21.7,13.3,133.1,478.3,166.6,222.0,45.9,34.6,101.5,452.2,83.5,84.6,170.0,70.9,188.7,515.4,93.0,149.1,83.5,27.1,84.0,240.3,163.3,232.4,91.1,28.2,91.6,253.8,58.3,61.6,197.4,107.2,789.6,994.9,344.2,690.9,359.1,103.4,421.5,602.9,142.1,364.4,241.4,71.8,485.3,829.0,585.2,1198.0,264.6,67.5,540.7,1025.0,243.8,543.6,61.3,28.8,268.1,606.6,625.7,1047.0,138.3,40.9,172.7,274.8,350.3,452.2,338.4,70.5,505.0,765.3,850.3,1421.0,106.1,17.4,210.3,331.6,376.8,578.4,61.3,24.8,333.8,588.7,182.2,243.2,165.5,37.1,218.1,299.6,69.3,88.0,356.5,62.2,672.2,896.3,178.2,414.5,105.6,18.2,234.6,337.2,297.8,351.5
2026-05-21,09,4,official_closing,closing_displayed,https://www.boatrace.jp/owpc/pc/race/odds3t?hd=20260521&jcd=09&rno=4,19.7,84.7,261.6,244.8,189.2,38.6,35.8,83.7,442.6,636.7,714.1,132.3,28.8,65.5,451.9,264.8,429.4,96.1,6.7,28.2,175.6,118.9,155.5,73.6,34.4,223.6,358.0,343.7,176.5,48.1,87.2,309.9,395.2,418.3,346.5,105.6,107.0,260.0,363.0,348.4,323.1,100.4,20.9,108.8,175.3,118.1,82.4,48.4,54.5,234.1,643.0,950.4,1017.0,249.0,135.9,335.7,410.3,564.4,595.6,193.5,110.5,250.9,633.6,979.2,1196.0,329.7,35.1,99.2,381.3,384.7,508.9,328.9,46.3,121.8,687.5,254.9,409.0,142.9,167.2,254.9,470.0,265.9,357.0,114.9,138.3,208.1,850.4,828.6,929.9,265.4,41.1,44.6,460.0,107.0,178.7,140.3,11.1,45.4,266.5,112.1,105.6,93.8,23.7,104.6,219.8,92.0,64.4,55.6,34.3,80.0,368.2,319.1,268.1,238.4,35.2,41.5,392.8,106.9,150.4,146.3
2026-05-21,09,5,official_closing,closing_displayed,https://www.boatrace.jp/owpc/pc/race/odds3t?hd=20260521&jcd=09&rno=5,8.3,132.1,100.9,29.4,565.3,573.8,5.9,68.4,83.0,71.4,903.2,991.2,39.2,339.2,360.0,47.9,393.4,424.0,23.2,183.6,176.0,34.4,533.7,1221.0,13.9,409.2,303.4,53.7,795.0,1221.0,11.3,559.1,417.0,312.8,1696.0,2120.0,43.9,1467.0,1038.0,228.1,1241.0,1339.0,37.5,843.3,633.4,139.4,1387.0,4361.0,7.5,129.0,183.2,145.6,1327.0,1677.0,12.2,487.6,392.4,375.0,2244.0,2587.0,28.6,790.9,693.8,615.5,2462.0,2385.0,14.6,243.8,374.1,360.8,2587.0,3115.0,90.2,919.5,882.3,65.9,260.0,442.4,106.7,1982.0,1590.0,175.8,400.6,1017.0,83.9,1211.0,1272.0,468.2,1400.0,1932.0,153.2,1908.0,1677.0,128.6,314.7,1293.0,66.9,829.6,843.3,57.5,966.1,2035.0,103.1,1884.0,1251.0,139.7,1715.0,4924.0,66.8,706.7,862.4,441.1,2423.0,4361.0,167.5,1817.0,1734.0,160.3,1004.0,2035.0
2026-05-21,09,6,official_closing,closing_displayed,https://www.boatrace.jp/owpc/pc/race/odds3t?hd=20260521&jcd=09&rno=6,57.3,133.7,140.3,42.3,1474.0,89.6,29.3,86.4,47.8,41.6,2507.0,71.2,488.3,996.1,1122.0,205.4,1253.0,30.9,42.4,109.3,71.2,10.6,2314.0,485.2,56.0,191.3,250.7,98.5,1432.0,170.3,21.8,223.5,220.5,221.2,2279.0,279.5,576.3,1904.0,1331.0,642.8,2686.0,109.7,33.0,310.1,302.0,73.7,2949.0,1203.0,19.3,110.5,80.5,79.1,2838.0,114.0,22.2,246.1,228.2,224.1,2892.0,271.5,231.7,1392.0,1051.0,683.7,3418.0,65.5,9.9,117.4,62.5,48.3,3958.0,1175.0,783.4,1790.0,2686.0,601.6,1729.0,27.6,1037.0,2426.0,2279.0,906.1,2838.0,56.3,726.6,2686.0,2212.0,946.0,3133.0,46.5,922.8,3008.0,2426.0,386.6,1519.0,132.5,41.2,159.8,106.3,9.0,3581.0,1213.0,37.0,305.1,250.2,23.2,3069.0,1474.0,16.9,134.4,62.1,23.8,3418.0,1460.0,441.1,2118.0,1253.0,64.3,1690.0,668.5
2026-05-21,09,8,official_closing,closing_displayed,https://www.boatrace.jp/owpc/pc/race/odds3t?hd=20260521&jcd=09&rno=8,19.2,81.7,159.3,25.6,577.8,446.1,9.0,32.5,78.1,55.3,851.7,923.6,70.1,136.2,161.9,45.7,450.7,425.8,51.6,93.4,251.7,43.4,957.3,1441.0,18.8,249.3,283.9,40.3,753.8,506.4,12.3,120.4,196.9,97.7,1639.0,1619.0,40.6,487.5,518.4,87.3,736.8,264.4,69.6,307.1,466.7,44.9,1395.0,1261.0,7.7,44.2,94.2,111.2,1324.0,1285.0,11.2,84.2,137.9,107.6,2186.0,1873.0,21.0,121.7,153.9,195.4,1473.0,964.4,20.9,56.3,179.4,171.0,2115.0,2186.0,74.9,473.5,524.6,72.9,444.6,385.7,141.0,868.6,753.8,96.1,580.3,241.9,83.9,377.9,520.4,208.1,1083.0,794.9,176.2,624.5,846.2,72.0,487.5,618.6,129.7,302.9,659.1,78.2,1957.0,1847.0,180.9,659.1,790.1,59.7,1507.0,1619.0,92.3,137.7,392.7,197.2,2017.0,2223.0,222.6,610.0,1001.0,82.4,720.6,886.2
2026-05-21,09,9,official_closing,closing_displayed,https://www.boatrace.jp/owpc/pc/race/odds3t?hd=20260521&jcd=09&rno=9,22.7,25.8,67.3,109.8,28.9,1457.0,22.5,24.7,141.8,242.6,65.9,1884.0,15.1,19.9,121.7,148.5,65.3,2027.0,78.4,77.6,270.0,379.2,205.2,1594.0,39.0,57.7,67.5,77.1,31.2,997.7,104.3,51.5,76.5,144.1,57.4,1480.0,58.0,50.8,86.1,65.0,36.5,981.9,241.0,110.7,122.5,206.1,151.8,1013.0,49.2,35.3,118.4,223.4,103.1,1665.0,131.6,53.7,88.4,171.6,92.8,1903.0,61.4,27.4,97.5,161.1,172.1,1665.0,217.1,109.4,130.3,228.3,321.6,1776.0,17.8,24.6,119.5,165.2,115.4,1158.0,38.1,39.9,97.4,90.0,68.3,1030.0,38.8,24.7,137.1,224.7,189.2,1516.0,157.8,124.4,263.1,322.2,326.7,1295.0,363.6,333.1,423.0,494.8,464.1,1504.0,583.0,389.5,327.3,385.4,447.4,1424.0,575.8,303.3,304.8,429.8,814.7,2073.0,483.3,352.0,416.4,459.5,680.9,1943.0
2026-05-21,09,10,official_closing,closing_displayed,https://www.boatrace.jp/owpc/pc/race/odds3t?hd=20260521&jcd=09&rno=10,42.3,161.0,86.3,116.7,845.7,826.3,45.7,156.0,16.1,30.0,442.8,373.7,125.7,408.4,51.9,62.6,363.0,222.1,134.2,417.1,33.7,41.4,412.3,876.7,38.3,198.0,151.3,258.9,998.4,1315.0,8.7,189.0,120.5,236.9,1261.0,984.7,28.4,376.3,217.8,395.7,1364.0,1062.0,23.4,308.9,160.7,236.2,1172.0,2093.0,36.8,200.2,22.1,34.3,602.4,413.9,10.3,224.1,82.6,150.5,1225.0,801.7,36.3,561.6,31.5,46.4,270.2,352.3,20.1,373.7,19.7,28.2,286.7,704.7,194.9,839.1,136.4,86.7,442.8,254.6,97.3,902.3,242.0,229.6,1067.0,1057.0,90.2,1003.0,72.5,72.0,273.3,326.2,144.4,1052.0,84.2,48.9,187.8,441.9,209.9,1052.0,98.9,64.3,839.1,1409.0,84.7,810.7,222.3,228.7,1373.0,2178.0,63.1,937.6,65.7,66.8,479.2,1031.0,163.3,1508.0,118.9,74.8,377.7,711.7
2026-05-21,09,11,official_closing,closing_displayed,https://www.boatrace.jp/owpc/pc/race/odds3t?hd=20260521&jcd=09&rno=11,16.7,218.4,253.1,109.3,229.0,919.9,13.5,177.3,80.7,61.9,212.0,845.7,22.8,205.9,119.1,45.6,113.2,553.7,49.9,410.1,222.0,75.5,179.9,695.4,15.2,459.9,504.1,255.9,401.5,1685.0,6.8,712.6,868.0,620.6,1044.0,3038.0,15.3,818.7,757.0,341.5,551.0,1776.0,31.2,1275.0,1366.0,673.1,637.8,1892.0,12.9,318.4,146.6,137.1,412.3,1248.0,7.9,774.8,559.0,574.3,986.7,2781.0,9.6,499.7,279.2,217.4,604.4,1215.0,20.1,671.2,393.3,335.6,735.3,2118.0,39.0,434.8,304.2,69.9,143.8,685.1,30.2,1215.0,858.3,254.8,439.8,1832.0,26.1,646.7,407.2,199.0,442.3,1289.0,47.1,821.7,593.5,123.8,210.6,807.3,136.7,966.1,596.6,187.4,275.2,646.7,119.5,2380.0,1673.0,495.4,683.1,1570.0,86.0,1254.0,706.1,446.6,681.1,1749.0,101.7,1099.0,891.5,247.7,345.6,788.0
2026-05-21,09,12,official_closing,closing_displayed,https://www.boatrace.jp/owpc/pc/race/odds3t?hd=20260521&jcd=09&rno=12,8.0,60.1,15.4,120.8,599.8,2992.0,18.4,105.2,11.8,65.7,495.8,2033.0,39.1,203.0,35.8,137.1,568.3,2958.0,152.0,457.4,102.5,288.9,978.6,3828.0,5.4,97.4,51.9,266.7,839.7,4132.0,6.1,193.8,71.2,252.7,1107.0,4132.0,20.3,376.7,154.1,462.3,1084.0,2552.0,90.2,1098.0,383.3,660.7,1377.0,5538.0,21.0,290.8,25.4,80.0,645.9,2151.0,13.2,303.3,47.0,169.0,1263.0,4067.0,41.1,743.7,71.4,181.2,1033.0,2133.0,141.3,1205.0,120.2,336.7,1747.0,4067.0,118.9,739.5,151.2,185.5,674.3,2829.0,88.3,919.8,266.4,300.9,1098.0,3944.0,127.1,1012.0,195.5,319.7,1033.0,2151.0,370.2,1668.0,426.0,372.9,1276.0,3944.0,616.8,2033.0,433.1,544.5,1782.0,3772.0,567.1,2033.0,557.4,779.3,2769.0,5104.0,649.1,2151.0,401.1,715.1,2187.0,4733.0,798.5,3253.0,644.3,688.6,2169.0,4820.0
2026-05-21,11,1,official_closing,closing_displayed,https://www.boatrace.jp/owpc/pc/race/odds3t?hd=20260521&jcd=11&rno=1,28.8,75.4,183.9,92.9,43.9,879.9,16.2,45.4,174.7,191.0,114.5,1754.0,12.9,31.1,144.3,49.7,46.4,929.6,78.7,133.6,400.1,133.9,84.1,647.4,45.8,115.9,203.5,132.5,61.3,1012.0,43.2,109.7,178.1,251.3,95.6,1200.0,36.1,63.6,112.8,60.0,62.3,1176.0,132.1,199.5,319.2,174.8,89.9,626.9,23.2,88.5,264.7,305.4,184.6,2148.0,49.7,129.3,232.9,379.2,161.6,1734.0,15.0,56.5,167.4,196.1,188.6,1876.0,57.4,167.7,448.6,413.0,263.5,1366.0,17.8,47.5,185.9,46.7,61.2,1012.0,40.5,62.7,133.6,45.6,59.7,1086.0,18.4,54.8,171.1,113.7,146.7,1638.0,44.6,78.9,294.7,45.2,57.4,461.9,234.2,404.5,923.8,266.6,159.7,621.6,318.1,489.3,803.6,352.1,149.6,549.1,186.6,405.1,898.6,641.8,301.0,1106.0,161.6,236.1,644.6,151.6,133.9,428.5
2026-05-21,11,2,official_closing,closing_displayed,https://www.boatrace.jp/owpc/pc/race/odds3t?hd=20260521&jcd=11&rno=2,10.1,48.0,60.6,216.0,46.0,1064.0,18.6,94.0,65.8,219.3,46.3,1425.0,12.2,44.5,35.5,132.3,91.3,2075.0,82.0,197.7,210.8,366.5,86.0,790.6,11.4,106.7,106.6,320.2,89.0,1431.0,17.2,200.2,134.5,440.4,129.5,1720.0,9.9,99.0,91.7,291.0,227.1,2142.0,76.1,420.3,381.6,633.7,204.9,1129.0,34.7,255.0,125.7,287.4,87.8,2290.0,34.8,313.8,171.3,379.9,136.7,1834.0,33.4,256.6,98.2,189.1,162.2,2459.0,129.5,580.5,339.1,548.8,245.2,1635.0,17.2,90.2,58.3,154.1,181.8,2594.0,15.5,123.9,86.0,212.0,258.2,2170.0,30.7,239.5,91.4,198.6,228.2,2406.0,55.0,264.5,191.5,251.3,324.5,1495.0,223.0,729.8,777.6,747.8,175.6,611.5,257.8,935.3,826.0,887.8,208.7,729.8,339.1,1103.0,800.1,876.1,264.5,956.9,192.3,631.2,495.6,545.2,341.6,985.3
2026-05-21,11,3,official_closing,closing_displayed,https://www.boatrace.jp/owpc/pc/race/odds3t?hd=20260521&jcd=11&rno=3,27.8,106.7,111.4,60.6,227.9,184.5,15.2,68.8,78.7,100.5,280.8,380.0,34.0,120.5,101.3,58.1,181.7,209.2,13.1,52.9,62.5,39.3,162.5,389.0,31.1,228.0,212.8,109.2,349.9,288.5,29.9,219.1,207.9,206.1,659.3,567.1,40.6,365.4,272.8,120.1,373.8,248.1,25.3,205.1,161.0,79.3,328.2,639.4,19.4,111.8,103.6,138.2,404.4,577.0,32.0,200.1,165.7,204.5,672.8,706.5,29.4,190.2,106.8,141.3,436.0,461.8,15.5,83.7,79.0,102.6,410.6,806.6,59.2,295.7,180.4,70.6,177.4,215.9,70.5,456.8,299.3,103.0,260.3,221.7,55.6,331.1,166.6,141.4,321.7,382.4,43.4,219.7,155.8,49.4,137.3,263.6,27.1,161.4,148.6,63.1,251.9,482.9,55.6,292.2,215.6,74.1,342.6,649.2,35.6,142.8,163.6,138.1,487.7,564.9,59.2,258.1,250.2,67.3,209.6,274.1
2026-05-21,11,4,official_closing,closing_displayed,https://www.boatrace.jp/owpc/pc/race/odds3t?hd=20260521&jcd=11&rno=4,18.3,31.9,52.8,38.1,479.1,456.2,12.1,26.8,36.9,35.7,594.1,505.1,77.0,141.9,144.3,73.9,409.8,280.4,41.4,58.6,72.4,32.4,520.6,930.8,23.2,68.8,87.5,65.9,630.6,523.3,13.8,76.2,79.5,85.4,1045.0,569.9,70.3,382.1,278.6,135.8,868.8,373.7,38.9,140.5,128.6,62.0,989.8,1475.0,14.6,55.3,55.5,59.0,760.6,696.9,14.3,77.4,79.1,92.6,1153.0,630.6,50.1,226.1,141.7,138.9,855.5,381.0,20.2,94.3,64.8,56.6,1181.0,1642.0,173.7,403.0,363.6,109.4,364.7,244.3,174.3,597.8,456.2,130.3,590.5,294.6,142.4,444.7,347.5,195.2,707.0,296.4,178.3,633.6,385.9,76.9,390.1,552.2,110.3,251.5,221.0,55.2,737.6,1233.0,106.7,288.9,260.4,72.6,754.7,1769.0,79.7,221.8,165.0,86.2,1367.0,2015.0,230.5,724.0,534.1,95.8,610.8,892.6
2026-05-21,11,5,official_closing,closing_displayed,https://www.boatrace.jp/owpc/pc/race/odds3t?hd=20260521&jcd=11&rno=5,13.6,79.0,157.3,159.9,69.6,317.9,14.2,76.8,148.3,255.0,88.6,342.3,13.7,70.4,114.9,103.5,70.5,307.7,20.4,90.9,148.6,102.4,46.1,230.7,21.2,143.0,195.4,246.8,145.7,507.9,27.9,188.2,245.9,460.7,267.7,764.8,22.4,142.8,170.5,271.7,275.7,926.7,30.3,192.9,241.6,284.9,160.3,529.5,23.7,150.0,267.7,441.9,234.3,676.7,37.9,278.4,396.0,625.3,353.8,808.3,22.6,217.5,315.5,464.9,483.5,1100.0,26.0,213.9,339.7,468.6,262.9,730.8,18.4,127.4,207.6,122.0,118.7,438.2,25.6,181.6,247.4,231.9,282.0,884.8,23.7,237.4,342.8,364.7,392.6,1047.0,20.1,132.8,224.9,112.6,110.5,436.3,55.5,253.9,327.0,163.0,99.3,268.9,65.2,350.4,454.1,336.7,173.1,416.0,56.3,385.2,513.0,472.9,212.8,562.1,45.8,245.5,325.5,172.5,165.8,366.0
2026-05-21,11,6,official_closing,closing_displayed,https://www.boatrace.jp/owpc/pc/race/odds3t?hd=20260521&jcd=11&rno=6,12.4,26.3,32.0,298.0,122.0,153.1,43.0,92.5,65.6,300.4,114.8,111.7,28.3,56.4,39.4,308.5,299.5,391.0,27.0,44.8,29.0,347.8,131.1,253.6,13.8,42.7,47.9,376.4,175.5,208.1,36.9,71.8,73.2,371.0,186.4,192.8,18.5,44.8,42.3,346.0,538.1,438.0,17.1,39.4,43.1,395.1,251.3,372.0,78.8,185.7,141.8,358.7,183.2,121.3,85.8,174.2,141.6,354.7,187.1,162.6,83.5,189.6,134.5,409.7,447.0,326.1,98.5,152.9,109.3,317.0,187.7,230.4,50.4,115.8,78.0,363.1,460.0,681.3,38.6,88.4,86.7,388.8,523.7,693.9,113.9,236.8,156.0,547.3,745.3,580.5,56.4,111.4,72.9,500.2,662.6,856.9,65.9,125.8,62.7,574.8,261.3,416.7,46.9,104.9,80.7,524.4,337.5,531.1,149.1,226.1,147.5,495.4,253.5,365.0,80.3,186.8,95.6,604.3,607.0,723.1
2026-05-21,11,7,official_closing,closing_displayed,https://www.boatrace.jp/owpc/pc/race/odds3t?hd=20260521&jcd=11&rno=7,8.0,55.1,139.4,256.1,61.3,233.1,15.0,72.3,212.7,506.9,101.5,433.7,7.2,42.2,121.1,246.0,141.9,416.6,14.6,67.3,234.2,308.8,76.1,280.5,15.6,159.4,244.1,460.4,118.0,377.7,27.5,385.5,448.8,948.2,346.6,1061.0,15.7,258.3,304.0,561.9,432.6,1061.0,31.5,440.5,570.5,756.4,241.4,684.1,26.9,254.8,475.4,805.3,285.2,964.5,45.1,539.4,524.3,1141.0,480.1,1390.0,30.6,417.6,492.1,825.0,701.2,1544.0,49.1,495.7,736.5,1045.0,529.2,1284.0,12.7,119.5,213.1,311.6,293.2,695.4,21.0,267.7,282.6,510.8,531.7,1341.0,34.8,388.7,416.6,807.2,799.5,1700.0,20.8,249.3,436.0,403.1,405.5,883.5,39.0,246.7,647.3,542.9,196.3,366.6,66.7,673.2,1020.0,839.4,304.0,642.4,80.0,711.6,1122.0,1185.0,507.7,972.8,41.5,422.3,817.0,603.2,497.2,833.2
2026-05-21,11,8,official_closing,closing_displayed,https://www.boatrace.jp/owpc/pc/race/odds3t?hd=20260521&jcd=11&rno=8,13.2,31.4,62.3,83.7,112.1,223.9,12.6,24.9,65.4,122.4,161.3,638.7,29.1,51.4,100.9,137.9,197.4,597.6,29.5,58.2,134.8,113.6,152.5,556.1,20.0,59.0,84.0,101.1,136.6,538.4,20.4,47.9,55.3,128.9,223.9,680.9,37.5,82.8,77.0,140.8,253.7,605.1,38.2,102.0,122.0,132.3,209.4,578.4,20.5,50.6,97.2,173.4,279.1,849.7,27.2,59.8,71.0,157.6,210.4,276.1,47.7,85.9,92.6,237.4,303.8,750.1,40.0,81.8,129.7,177.5,258.8,1082.0,46.4,120.3,167.3,156.7,324.0,671.4,53.7,134.0,105.8,173.9,344.5,668.3,76.0,136.2,115.5,253.7,481.7,732.9,79.1,133.4,152.1,148.2,278.5,541.4,89.4,176.5,294.5,189.3,338.8,552.8,100.4,218.7,161.2,185.3,360.5,647.3,89.5,179.7,252.4,245.1,550.7,1021.0,162.6,181.3,358.7,202.2,336.9,510.7
2026-05-21,11,9,official_closing,closing_displayed,https://www.boatrace.jp/owpc/pc/race/odds3t?hd=20260521&jcd=11&rno=9,11.0,42.5,74.7,38.1,346.6,167.7,6.9,23.8,66.4,65.6,706.3,423.6,37.3,106.5,201.8,96.1,505.3,233.7,15.6,42.5,135.7,52.8,494.9,623.3,20.6,116.8,134.1,48.6,462.8,211.6,24.2,120.0,119.4,83.4,1028.0,583.2,68.1,340.1,365.3,116.7,781.1,285.6,50.2,189.8,220.2,53.3,634.2,756.6,11.1,52.3,128.7,136.4,1104.0,830.3,21.9,111.9,131.7,119.6,1243.0,830.3,51.2,199.9,443.0,379.3,1310.0,854.7,20.2,76.6,206.3,158.5,1363.0,1611.0,82.4,328.1,630.5,145.9,550.7,285.6,129.1,584.0,543.8,156.5,665.2,281.0,117.7,488.8,569.4,419.1,1211.0,705.1,121.1,483.9,841.5,131.3,535.1,715.5,43.8,136.3,417.5,71.4,710.9,977.7,96.1,285.4,462.8,73.2,830.3,1002.0,57.8,163.9,462.8,228.2,1195.0,1515.0,152.9,485.0,825.5,179.3,693.9,1033.0
2026-05-21,11,10,official_closing,closing_displayed,https://www.boatrace.jp/owpc/pc/race/odds3t?hd=20260521&jcd=11&rno=10,21.0,239.4,77.0,218.4,197.1,664.0,30.1,244.7,36.5,116.6,74.8,341.3,37.9,346.4,25.1,115.2,131.0,465.8,57.5,398.0,37.1,123.5,74.5,433.4,19.6,478.9,268.2,488.8,406.4,1032.0,9.2,767.3,308.1,755.0,607.9,1813.0,8.3,1022.0,301.6,646.8,775.7,1725.0,12.0,1134.0,473.6,629.6,531.7,2001.0,32.1,529.1,86.2,182.0,114.6,388.2,17.1,955.7,257.0,674.6,415.2,1326.0,23.4,1140.0,111.9,298.8,319.7,906.7,24.8,957.9,142.7,326.6,198.1,703.7,42.6,709.6,52.8,163.0,246.7,691.1,16.3,1131.0,191.1,419.3,659.9,1739.0,32.9,1099.0,103.4,326.4,442.0,1244.0,23.1,1208.0,77.1,208.4,320.0,1000.0,101.6,880.4,123.6,262.1,184.1,475.2,38.2,1644.0,443.8,624.0,527.1,1583.0,56.0,1347.0,239.6,492.2,315.9,741.8,46.6,1494.0,162.6,333.3,389.6,906.7
2026-05-21,11,11,official_closing,closing_displayed,https://www.boatrace.jp/owpc/pc/race/odds3t?hd=20260521&jcd=11&rno=11,13.1,79.9,86.9,128.1,83.0,758.8,12.9,97.2,47.9,97.7,63.5,695.9,17.2,106.8,55.4,72.6,73.2,858.7,70.2,368.4,192.9,198.2,192.6,976.5,14.2,234.0,260.3,275.1,203.3,1449.0,8.2,396.0,306.4,440.2,345.9,1909.0,11.0,478.8,348.4,291.0,377.2,2595.0,47.5,1100.0,1012.0,606.8,707.4,2991.0,16.9,280.7,129.1,185.8,154.8,1189.0,13.2,470.6,311.4,430.1,395.3,1842.0,13.7,413.4,185.2,244.5,294.6,1925.0,47.8,1010.0,508.3,571.4,726.0,2396.0,22.5,308.6,139.5,89.0,124.4,1440.0,17.9,514.4,275.0,188.9,310.8,2498.0,18.3,493.9,180.7,172.5,263.8,2184.0,57.2,1195.0,407.7,196.1,330.7,1520.0,180.1,1308.0,778.9,462.3,350.5,1297.0,147.0,1733.0,1545.0,831.3,1097.0,2372.0,137.2,1535.0,958.6,873.1,999.4,2144.0,149.4,1739.0,1025.0,450.7,689.7,1440.0
2026-05-21,11,12,official_closing,closing_displayed,https://www.boatrace.jp/owpc/pc/race/odds3t?hd=20260521&jcd=11&rno=12,14.4,48.1,42.8,141.5,177.6,858.2,23.3,59.3,22.9,93.9,132.5,526.4,35.9,88.1,32.2,111.2,185.0,658.5,52.6,130.5,49.3,128.1,203.2,814.2,12.6,90.5,81.3,222.0,326.1,1391.0,8.8,133.2,87.4,226.7,421.7,1738.0,14.5,173.7,110.7,257.2,510.9,1428.0,26.2,247.4,168.9,273.9,578.9,2046.0,30.4,151.9,41.0,106.4,203.9,598.0,21.8,184.1,79.3,164.9,338.6,1391.0,36.0,250.2,50.2,87.1,232.1,496.6,48.0,296.3,46.8,95.9,307.4,865.1,55.7,252.5,69.5,159.5,290.9,1323.0,41.3,312.6,100.6,214.5,497.5,1254.0,63.0,360.6,66.5,139.8,299.1,739.1,84.0,464.2,85.3,147.1,315.3,1312.0,135.4,497.5,146.4,350.0,642.9,1658.0,113.5,593.8,246.2,394.8,834.7,1947.0,129.5,606.1,106.7,246.5,598.9,1510.0,167.6,702.3,169.6,280.0,601.8,1433.0
2026-05-21,14,1,official_closing,closing_displayed,https://www.boatrace.jp/owpc/pc/race/odds3t?hd=20260521&jcd=14&rno=1,23.3,197.5,189.5,226.6,112.9,282.0,29.0,227.8,99.3,187.7,106.1,204.1,20.5,165.2,81.4,86.0,94.1,248.2,24.4,191.8,71.7,92.4,51.4,154.8,21.0,380.4,372.4,372.9,257.9,616.6,14.1,836.4,683.4,839.1,562.9,1147.0,10.1,659.6,482.1,447.1,690.5,1012.0,10.4,632.8,587.9,509.9,372.4,793.9,33.7,490.1,219.8,341.7,231.3,361.2,27.1,982.0,738.6,947.0,651.5,1123.0,23.7,720.5,369.8,538.9,637.4,697.8,23.8,736.5,256.9,423.5,286.0,513.8,24.1,324.1,145.6,94.9,153.1,430.4,18.1,798.6,490.1,347.0,587.9,908.1,25.4,872.2,433.2,453.2,604.0,707.1,15.6,541.1,200.1,112.8,179.6,551.2,39.7,537.8,166.9,139.5,88.3,173.1,29.1,1138.0,637.4,488.3,275.9,552.4,42.2,1152.0,342.1,442.6,221.3,360.7,29.0,669.6,290.4,166.4,239.9,454.8
2026-05-21,14,2,official_closing,closing_displayed,https://www.boatrace.jp/owpc/pc/race/odds3t?hd=20260521&jcd=14&rno=2,31.9,170.4,178.0,329.3,81.3,222.3,56.5,212.6,201.2,369.9,50.6,190.0,24.9,117.9,85.6,139.5,85.6,208.0,26.0,128.8,76.4,159.0,23.2,69.7,36.2,275.5,303.9,484.3,144.3,367.5,49.1,456.7,503.8,694.4,258.0,664.0,14.2,271.3,227.4,434.0,352.7,660.9,19.9,260.8,189.7,306.2,126.5,349.3,83.7,339.0,300.8,597.9,123.4,350.5,74.8,505.5,455.9,746.6,330.8,668.6,36.8,384.2,200.2,413.4,258.2,570.6,37.2,376.7,143.6,240.7,94.2,234.4,30.2,168.7,109.8,125.5,125.4,293.4,17.3,277.6,226.0,315.6,283.0,589.3,34.9,401.3,200.9,303.0,285.0,602.9,11.4,182.7,76.6,65.5,70.4,157.9,40.7,265.1,140.0,167.7,28.9,66.5,36.2,386.3,208.5,294.9,97.7,195.6,52.9,551.0,187.0,240.1,62.3,147.1,22.4,234.4,110.4,92.0,57.0,113.0
2026-05-21,14,3,official_closing,closing_displayed,https://www.boatrace.jp/owpc/pc/race/odds3t?hd=20260521&jcd=14&rno=3,5.6,57.0,35.4,223.9,424.3,262.7,15.1,140.3,47.6,210.1,378.9,225.3,24.3,189.9,64.6,303.1,625.6,396.2,16.9,140.2,42.5,207.0,455.8,503.5,6.0,107.2,85.3,426.1,773.8,602.5,9.7,315.8,222.9,833.0,1245.0,1021.0,19.1,373.6,241.0,867.4,1884.0,1278.0,11.1,301.8,192.9,698.4,1235.0,1441.0,30.0,418.2,150.3,313.4,635.0,375.0,27.7,625.6,319.2,666.7,1267.0,883.0,65.5,1130.0,374.1,792.5,1633.0,1024.0,42.1,765.7,236.7,439.5,1470.0,1400.0,61.1,584.5,214.7,484.4,960.9,951.6,59.6,930.5,449.6,844.9,1921.0,1507.0,112.6,1485.0,500.0,996.7,1699.0,1485.0,83.2,1003.0,375.0,693.5,1547.0,1897.0,34.8,410.1,127.9,381.8,592.8,706.8,30.4,649.1,275.0,637.8,869.9,980.1,64.0,893.7,300.0,555.8,904.7,1073.0,93.9,1039.0,406.1,825.9,1126.0,1225.0
2026-05-21,14,4,official_closing,closing_displayed,https://www.boatrace.jp/owpc/pc/race/odds3t?hd=20260521&jcd=14&rno=4,12.7,45.5,48.3,19.9,1538.0,1194.0,7.1,29.5,26.6,31.5,1263.0,1725.0,169.8,335.1,305.5,159.2,1417.0,956.1,64.0,157.1,115.0,52.5,2362.0,3396.0,17.8,79.9,76.0,30.8,1698.0,1863.0,12.0,56.0,49.2,41.3,2397.0,815.1,166.9,451.6,418.0,209.0,2860.0,574.0,67.2,174.5,157.8,64.8,2587.0,4127.0,8.9,40.1,36.1,48.7,3361.0,1988.0,12.0,50.9,37.1,47.6,2717.0,881.2,149.7,303.8,244.2,295.8,2835.0,633.1,39.7,104.9,81.1,90.2,4290.0,3747.0,459.2,596.0,961.8,217.0,1090.0,888.4,456.0,1065.0,807.0,252.1,1614.0,525.0,376.9,973.3,747.8,412.2,2415.0,616.3,598.2,1216.0,1109.0,236.7,1482.0,2380.0,249.2,433.0,424.5,92.9,4025.0,4180.0,287.0,396.1,347.9,97.6,4347.0,4075.0,186.5,281.8,250.8,146.3,4075.0,4180.0,682.1,1207.0,1062.0,254.5,2835.0,3165.0
2026-05-21,14,5,official_closing,closing_displayed,https://www.boatrace.jp/owpc/pc/race/odds3t?hd=20260521&jcd=14&rno=5,11.7,19.1,27.9,540.8,149.6,1081.0,51.0,76.7,50.0,338.2,118.8,1039.0,21.4,32.5,23.6,372.8,355.8,2043.0,70.7,91.6,64.4,812.5,258.8,1184.0,11.3,23.1,32.9,543.3,157.0,1196.0,36.9,47.7,59.9,462.7,110.1,381.0,13.9,18.8,22.1,523.0,518.4,1632.0,48.8,43.9,47.2,829.9,226.7,567.2,112.6,177.0,108.1,345.2,124.9,926.8,96.7,133.7,110.1,381.4,106.1,376.5,114.7,168.6,79.8,298.8,324.1,1289.0,250.1,274.4,133.7,502.0,178.0,490.0,50.1,69.1,46.2,467.7,529.4,2360.0,40.6,45.0,36.5,653.0,730.9,2104.0,157.7,183.3,87.3,407.2,477.9,2156.0,142.6,113.1,60.7,561.7,630.6,1974.0,208.1,256.5,165.9,1119.0,399.7,1088.0,185.5,146.1,129.9,1095.0,332.4,585.2,461.5,475.3,286.6,987.0,273.6,467.7,231.5,197.2,128.2,905.1,586.2,1721.0
2026-05-21,14,6,official_closing,closing_displayed,https://www.boatrace.jp/owpc/pc/race/odds3t?hd=20260521&jcd=14&rno=6,9.5,22.4,231.0,210.0,138.5,49.8,11.8,22.2,372.8,522.4,355.0,144.4,20.8,33.8,559.8,519.1,352.7,173.7,7.3,12.4,272.0,266.7,168.7,167.5,22.7,67.1,267.6,215.2,187.6,54.8,70.6,155.4,334.7,509.4,532.6,164.7,97.7,226.8,373.6,664.1,742.2,160.9,29.6,87.3,282.3,224.1,166.8,170.7,42.4,65.0,607.5,707.1,845.6,372.8,87.5,183.0,583.8,722.6,877.2,362.9,135.2,233.0,1044.0,1291.0,1518.0,725.8,61.7,69.0,612.1,777.4,792.5,854.4,57.8,76.1,932.0,534.3,800.2,371.9,125.8,274.7,600.9,719.5,1147.0,322.2,160.9,296.6,1155.0,1206.0,1577.0,784.9,66.2,113.2,1025.0,557.9,792.5,886.7,16.1,25.8,442.1,280.4,219.6,233.0,35.9,76.7,395.2,243.7,220.7,235.0,59.6,61.0,579.6,621.3,552.3,689.2,56.7,98.6,1115.0,600.9,635.8,713.2
2026-05-21,14,7,official_closing,closing_displayed,https://www.boatrace.jp/owpc/pc/race/odds3t?hd=20260521&jcd=14&rno=7,16.8,160.4,105.1,48.0,148.5,1076.0,15.5,107.0,47.0,41.1,132.9,1475.0,30.7,183.5,71.5,28.9,79.8,1029.0,106.4,402.1,212.4,91.1,146.2,1068.0,22.3,286.3,227.6,131.5,281.8,1376.0,11.8,305.9,163.0,235.4,392.2,1789.0,20.9,433.8,177.8,150.0,272.6,1460.0,75.1,906.1,538.2,263.6,355.2,1475.0,14.8,169.0,56.4,64.9,219.5,1908.0,11.1,262.6,119.5,155.9,372.8,2346.0,11.4,279.0,63.5,76.8,169.0,1289.0,41.5,376.7,151.4,153.4,310.5,1363.0,42.9,371.8,133.1,38.4,83.5,1001.0,34.8,538.2,214.9,85.1,145.0,1313.0,24.1,432.5,107.1,70.7,130.7,1255.0,57.7,688.2,233.9,58.6,105.1,644.8,264.6,994.2,734.1,226.8,297.6,994.2,252.9,1278.0,1037.0,287.4,410.2,1363.0,166.0,862.4,542.2,310.5,447.3,1289.0,167.8,1052.0,611.8,144.4,233.1,659.7
2026-05-21,14,8,official_closing,closing_displayed,https://www.boatrace.jp/owpc/pc/race/odds3t?hd=20260521&jcd=14&rno=8,19.3,143.8,191.3,80.8,80.9,228.8,13.1,91.2,132.3,126.1,134.2,487.9,14.6,88.7,119.3,41.4,70.4,260.0,37.0,198.6,207.9,77.5,65.3,217.7,42.9,294.6,289.0,137.0,141.2,448.4,37.9,274.2,199.6,301.6,307.8,953.5,32.1,232.6,161.2,120.9,147.4,495.2,69.6,440.0,274.6,171.2,152.0,574.0,18.9,171.0,145.7,186.8,184.1,859.6,38.9,274.6,184.5,333.8,343.5,1152.0,14.8,165.9,86.4,127.0,158.1,921.7,35.4,313.6,120.8,158.9,142.7,786.3,23.6,155.9,121.0,37.0,61.9,318.4,41.8,261.6,186.8,70.4,98.2,447.1,22.2,189.3,100.1,95.7,130.1,724.5,33.2,263.3,110.9,39.7,49.1,255.2,82.3,447.1,442.4,98.4,99.3,281.6,168.4,682.7,619.0,197.2,146.8,370.3,93.6,398.8,395.0,301.6,215.1,691.2,65.3,428.7,310.1,79.6,89.0,278.3
2026-05-21,14,9,official_closing,closing_displayed,https://www.boatrace.jp/owpc/pc/race/odds3t?hd=20260521&jcd=14&rno=9,32.1,232.3,82.3,173.2,485.8,378.3,60.1,337.4,20.1,43.4,190.5,91.3,112.1,536.1,48.1,101.0,328.3,138.1,59.1,378.3,21.6,38.7,160.5,215.2,23.6,356.0,247.5,393.9,784.5,767.8,6.7,638.1,299.0,444.1,777.7,892.7,23.5,892.7,410.9,699.7,1589.0,1146.0,8.9,555.8,257.4,307.6,929.3,1603.0,51.0,503.3,37.6,68.1,261.8,136.0,14.1,722.0,227.3,321.3,781.1,644.9,55.1,1677.0,110.1,142.5,622.7,239.3,14.7,794.8,40.6,52.6,338.1,549.1,142.0,823.7,114.6,216.2,489.7,220.1,53.6,974.3,309.2,598.0,1313.0,875.4,122.8,1759.0,189.5,231.7,681.2,293.7,61.9,1426.0,148.0,133.5,413.7,568.0,82.3,771.1,58.7,84.8,213.4,274.5,23.4,974.3,271.6,266.8,671.1,943.8,30.4,1053.0,69.8,80.3,353.9,536.1,69.6,1868.0,177.4,127.5,403.6,580.8
2026-05-21,14,10,official_closing,closing_displayed,https://www.boatrace.jp/owpc/pc/race/odds3t?hd=20260521&jcd=14&rno=10,4.7,15.8,105.5,223.2,163.1,726.1,5.8,17.9,198.3,390.5,299.1,1659.0,8.3,22.0,199.7,303.4,393.3,1776.0,26.6,43.6,373.7,484.9,386.2,1340.0,13.5,67.9,145.7,285.4,194.0,610.1,25.6,140.6,258.1,614.2,451.2,1753.0,30.7,140.9,279.4,415.5,519.2,1142.0,83.4,220.9,441.2,504.2,338.8,571.4,23.8,81.6,463.2,583.3,688.5,2363.0,45.8,171.2,500.6,772.4,720.5,2213.0,59.7,167.2,718.6,995.8,1491.0,2424.0,114.0,237.1,850.1,1080.0,1415.0,2874.0,30.3,72.7,466.3,354.3,550.0,2323.0,50.7,168.3,462.4,378.8,577.3,1207.0,80.4,186.1,852.7,690.2,1250.0,2935.0,101.1,151.1,871.4,396.0,563.3,1244.0,106.5,188.5,1285.0,879.6,726.1,1523.0,210.2,542.5,1133.0,711.3,619.6,932.6,231.4,483.2,1452.0,1360.0,1549.0,2760.0,225.9,267.8,1444.0,695.3,817.7,1191.0
2026-05-21,14,11,official_closing,closing_displayed,https://www.boatrace.jp/owpc/pc/race/odds3t?hd=20260521&jcd=14&rno=11,10.4,53.1,55.4,185.9,139.3,78.8,20.3,76.6,31.4,103.5,119.3,72.8,23.9,81.1,46.5,155.9,146.8,98.3,67.8,204.0,97.3,207.5,214.0,134.1,9.9,143.2,137.4,280.7,223.4,109.9,8.9,252.3,207.9,361.8,276.0,137.5,14.6,234.3,200.9,452.1,447.9,181.1,38.2,522.1,445.2,534.4,389.6,213.5,28.5,204.4,64.3,125.9,210.7,110.8,18.1,261.5,151.8,264.3,314.8,143.7,40.0,436.0,82.9,149.5,205.6,131.8,64.7,615.1,120.0,216.5,389.1,190.7,40.2,235.1,127.7,211.4,270.4,198.3,34.3,320.6,207.8,373.3,598.8,285.4,60.0,578.7,130.2,193.9,278.6,208.9,106.7,602.5,242.3,249.3,408.1,267.4,84.6,458.4,283.2,316.8,332.6,303.7,73.5,682.3,544.3,516.6,395.9,340.0,101.4,708.7,217.8,323.5,381.5,320.6,122.9,788.7,348.0,323.1,407.5,314.5
2026-05-21,14,12,official_closing,closing_displayed,https://www.boatrace.jp/owpc/pc/race/odds3t?hd=20260521&jcd=14&rno=12,7.0,36.4,44.4,115.3,455.6,1213.0,7.8,40.0,32.5,97.2,385.7,1246.0,26.3,85.1,62.3,134.7,557.6,1480.0,36.0,123.0,104.9,177.2,763.6,2202.0,8.6,92.9,87.8,212.5,734.0,1606.0,8.8,131.5,110.8,298.1,918.9,2481.0,23.0,215.9,162.9,401.8,1307.0,2202.0,40.4,257.0,239.0,428.8,1619.0,3204.0,12.6,135.9,61.0,127.6,532.1,1781.0,15.8,203.3,100.4,231.4,910.6,2365.0,31.4,342.5,98.3,209.8,709.1,1677.0,34.5,356.4,142.2,265.0,1310.0,2816.0,70.5,365.0,191.1,266.3,716.6,1781.0,71.0,592.5,285.6,406.7,1097.0,2451.0,77.6,767.5,212.1,347.0,790.5,1863.0,132.5,931.6,315.9,367.0,1012.0,2644.0,130.4,643.5,443.6,514.9,1910.0,3221.0,138.3,987.8,609.2,756.0,2025.0,3255.0,124.7,943.2,443.9,714.1,1632.0,3121.0,229.3,1310.0,626.2,765.5,1840.0,2925.0
2026-05-21,15,1,official_closing,closing_displayed,https://www.boatrace.jp/owpc/pc/race/odds3t?hd=20260521&jcd=15&rno=1,21.0,62.3,61.0,11.0,374.9,3045.0,13.7,42.2,37.4,13.1,467.9,4960.0,80.5,202.5,158.6,23.5,228.4,2091.0,378.2,842.7,834.6,117.2,1222.0,3403.0,21.7,121.4,117.6,20.0,561.8,3100.0,17.5,94.6,82.2,32.6,894.8,5260.0,73.5,366.2,333.8,47.8,487.6,3403.0,339.7,1315.0,1033.0,205.2,2018.0,6200.0,10.5,47.8,36.9,22.6,717.3,5105.0,12.2,75.6,56.2,33.0,1112.0,5986.0,36.9,168.5,85.9,48.4,519.7,4691.0,169.8,650.1,501.7,233.6,2018.0,5260.0,153.7,429.7,329.4,25.8,184.0,2042.0,174.8,680.7,428.6,33.3,283.6,2480.0,100.8,333.2,263.0,48.4,322.6,3275.0,437.2,2042.0,1434.0,104.3,596.5,1771.0,1033.0,1400.0,2284.0,278.6,1509.0,3338.0,1267.0,1509.0,1972.0,330.6,2345.0,5986.0,807.4,1563.0,1718.0,489.0,2143.0,6944.0,1325.0,3156.0,3100.0,304.5,1240.0,1995.0
2026-05-21,15,2,official_closing,closing_displayed,https://www.boatrace.jp/owpc/pc/race/odds3t?hd=20260521&jcd=15&rno=2,32.9,56.6,250.4,51.9,111.4,368.7,9.9,20.5,197.6,152.5,222.1,611.4,25.7,37.3,169.5,50.9,98.1,377.8,41.0,53.1,333.2,65.0,89.7,373.8,73.0,122.7,290.7,62.6,174.1,315.6,70.5,113.5,189.9,178.2,336.9,543.3,96.4,169.2,185.0,55.1,144.2,202.2,143.3,214.8,341.7,57.7,130.4,331.1,15.9,27.8,263.0,204.0,321.2,949.5,58.5,83.3,210.6,221.0,379.1,797.8,28.4,42.4,125.2,133.4,251.5,705.9,31.3,36.0,191.9,166.4,268.5,941.2,40.2,78.1,183.5,64.3,123.0,311.0,114.6,194.2,180.0,59.8,121.1,193.8,48.5,79.6,151.7,133.9,218.3,589.5,72.7,95.4,164.2,35.5,63.7,183.8,72.3,100.9,586.3,93.8,149.9,383.2,229.7,241.6,524.7,79.3,131.0,364.9,87.9,108.8,370.0,225.9,294.7,672.7,120.8,162.3,269.9,64.7,101.7,204.5
2026-05-21,15,3,official_closing,closing_displayed,https://www.boatrace.jp/owpc/pc/race/odds3t?hd=20260521&jcd=15&rno=3,32.4,265.2,257.8,36.7,528.4,297.5,13.9,149.0,129.8,43.4,746.7,353.5,47.9,435.5,347.8,37.3,261.7,105.4,33.2,256.5,209.0,15.8,298.0,490.8,33.9,434.6,444.6,69.4,1255.0,456.1,13.2,563.8,538.7,272.3,1547.0,1381.0,48.0,1255.0,952.7,230.5,1422.0,441.5,29.4,863.4,735.3,85.0,1774.0,1877.0,11.2,164.7,162.7,104.9,1476.0,752.5,11.0,524.1,310.4,243.5,1742.0,1711.0,15.7,653.3,384.4,295.2,1306.0,690.7,8.7,309.4,215.3,138.4,1476.0,1790.0,86.3,967.0,822.9,57.9,273.5,107.5,104.8,1165.0,1137.0,181.2,683.4,320.7,40.3,1092.0,871.1,283.9,875.1,439.5,60.4,1611.0,1028.0,60.9,270.8,402.9,57.0,278.6,449.7,23.4,546.3,871.1,57.3,708.4,851.9,62.1,1172.0,2079.0,24.8,464.9,442.5,92.8,1239.0,1934.0,66.9,1973.0,991.8,51.6,495.9,721.6
2026-05-21,15,4,official_closing,closing_displayed,https://www.boatrace.jp/owpc/pc/race/odds3t?hd=20260521&jcd=15&rno=4,28.5,186.6,288.9,22.6,535.8,445.9,8.1,56.1,99.1,39.4,1111.0,886.0,93.4,517.2,422.9,43.9,436.7,169.5,25.8,157.8,278.3,16.1,503.6,1067.0,31.6,508.7,542.4,68.1,1454.0,797.9,14.9,538.7,550.5,227.5,1858.0,1672.0,95.9,1356.0,1056.0,240.9,1574.0,664.5,44.9,1016.0,696.8,83.8,1977.0,2403.0,6.0,112.4,154.4,119.8,2016.0,1180.0,9.9,382.2,332.5,249.7,1939.0,1987.0,31.7,702.9,436.2,316.0,1625.0,1227.0,7.6,214.1,258.9,150.6,2675.0,2606.0,192.9,1187.0,939.9,74.7,444.9,224.9,243.1,1752.0,1039.0,155.5,852.1,466.7,139.9,1351.0,878.2,258.4,1130.0,797.9,196.6,1920.0,1208.0,69.9,399.7,553.6,60.6,307.5,729.7,31.9,946.6,1611.0,104.6,1005.0,1016.0,58.3,1791.0,2606.0,31.2,276.8,581.7,131.0,2058.0,2712.0,230.4,2047.0,1464.0,79.4,706.6,948.8
2026-05-21,15,5,official_closing,closing_displayed,https://www.boatrace.jp/owpc/pc/race/odds3t?hd=20260521&jcd=15&rno=5,17.2,184.3,107.7,210.9,1781.0,90.5,17.3,182.4,37.2,121.3,2118.0,38.8,292.1,1225.0,386.2,718.1,2462.0,39.0,20.5,215.0,29.8,69.7,2118.0,274.4,16.7,404.4,272.3,414.0,2556.0,293.8,9.8,613.3,366.0,728.1,4751.0,483.9,197.2,3384.0,1851.0,2488.0,5226.0,433.1,7.4,660.6,380.2,519.7,5285.0,1167.0,21.5,411.5,89.7,192.0,2688.0,81.0,14.8,717.0,308.0,628.0,5004.0,336.4,254.1,4162.0,790.5,1568.0,4355.0,110.1,9.8,622.2,88.0,191.8,4480.0,661.6,640.0,2375.0,1830.0,1775.0,3646.0,78.0,616.5,4396.0,3074.0,3178.0,4480.0,316.5,732.7,4611.0,2515.0,2921.0,4611.0,132.0,500.9,4090.0,1951.0,1698.0,3094.0,590.9,24.3,424.5,56.6,78.2,2750.0,988.2,9.4,731.5,292.9,296.9,5004.0,2109.0,10.2,676.8,80.9,154.0,4567.0,1633.0,180.1,3433.0,638.2,660.6,3244.0,1400.0
2026-05-21,15,6,official_closing,closing_displayed,https://www.boatrace.jp/owpc/pc/race/odds3t?hd=20260521&jcd=15&rno=6,8.1,20.4,46.6,151.0,710.6,63.8,16.5,37.5,87.5,220.7,1207.0,90.1,90.0,171.1,292.2,434.2,1314.0,143.7,13.0,22.1,58.8,151.9,1014.0,357.4,10.9,37.9,71.3,185.1,1123.0,67.3,24.9,50.2,98.8,230.4,1369.0,61.7,115.6,189.7,296.6,407.1,1587.0,110.9,19.7,24.7,54.5,129.8,1169.0,341.4,38.8,89.7,188.5,326.1,1438.0,135.7,48.1,92.2,166.5,280.5,1562.0,88.2,174.8,297.2,522.9,862.3,2003.0,190.2,50.9,69.5,150.8,255.3,1727.0,542.6,278.7,500.4,609.6,521.2,1409.0,237.0,347.0,546.2,611.1,478.8,1477.0,192.4,447.7,634.9,970.1,818.9,1987.0,267.0,326.1,420.4,655.4,433.0,1049.0,632.5,30.3,43.6,112.6,180.1,995.7,808.1,39.1,34.5,78.9,141.4,1273.0,696.4,69.8,71.6,147.3,233.7,1746.0,975.9,247.1,233.3,449.8,369.8,1260.0,844.4
2026-05-21,15,7,official_closing,closing_displayed,https://www.boatrace.jp/owpc/pc/race/odds3t?hd=20260521&jcd=15&rno=7,14.0,131.2,90.4,630.9,515.1,52.9,30.7,260.7,99.2,385.1,511.8,36.9,49.3,389.7,151.8,719.2,1019.0,92.2,10.5,100.0,43.8,271.9,329.7,102.3,11.5,200.5,186.8,899.3,1214.0,128.7,17.1,594.8,452.5,1423.0,1892.0,248.0,30.5,743.2,546.2,1953.0,2478.0,481.1,6.5,286.5,195.1,849.2,1411.0,611.9,56.7,586.9,209.7,426.1,1104.0,73.1,44.7,976.6,489.3,1104.0,1713.0,198.9,95.0,1497.0,412.8,1019.0,2229.0,273.8,22.6,645.9,201.1,514.5,963.2,313.0,96.2,912.7,318.1,955.6,1701.0,242.2,74.2,1230.0,571.8,1550.0,3033.0,533.7,150.9,1856.0,565.2,1415.0,2347.0,445.5,38.4,942.7,309.6,788.9,1309.0,647.6,12.5,142.1,61.1,294.1,505.5,329.5,9.7,312.4,143.0,615.0,1245.0,884.6,18.2,597.7,154.6,500.8,930.1,542.0,25.2,709.8,223.9,678.2,1364.0,743.2
2026-05-21,15,8,official_closing,closing_displayed,https://www.boatrace.jp/owpc/pc/race/odds3t?hd=20260521&jcd=15&rno=8,5.8,16.4,55.3,91.2,192.2,1216.0,6.3,17.8,64.6,164.1,247.8,1728.0,14.6,32.1,111.0,122.8,290.9,2277.0,84.2,123.9,344.2,321.3,569.9,1733.0,11.1,48.2,94.0,134.8,296.0,1623.0,16.1,69.8,157.4,202.0,519.5,2555.0,26.9,107.3,208.9,161.7,478.1,1992.0,113.2,313.4,475.0,412.6,934.2,3176.0,13.8,55.4,171.6,348.3,658.0,2577.0,22.3,90.7,205.5,311.7,738.2,3142.0,30.2,120.4,275.5,402.5,926.9,3561.0,143.8,295.9,742.9,964.9,1797.0,3672.0,37.6,123.8,304.0,176.5,357.0,3246.0,51.7,194.3,340.8,217.5,485.2,2543.0,58.6,205.2,403.0,319.7,762.2,3561.0,214.1,495.9,1007.0,412.6,796.2,2647.0,348.9,519.1,1127.0,937.2,1096.0,2379.0,443.8,775.2,1344.0,1014.0,1728.0,3142.0,495.0,923.9,1627.0,1426.0,1998.0,3358.0,478.9,1088.0,1992.0,984.3,1514.0,2533.0
2026-05-21,15,9,official_closing,closing_displayed,https://www.boatrace.jp/owpc/pc/race/odds3t?hd=20260521&jcd=15&rno=9,5.6,31.1,96.1,69.2,555.1,585.3,5.7,28.9,105.5,125.7,855.5,807.3,23.3,96.7,245.6,150.5,712.7,698.1,18.8,71.6,202.2,109.9,725.6,1358.0,10.0,100.0,165.5,115.5,795.3,792.4,12.9,149.4,242.6,220.0,1439.0,1233.0,33.5,480.3,648.3,315.2,1262.0,975.8,29.8,313.8,428.3,229.8,1231.0,1880.0,10.5,83.6,245.1,291.2,1414.0,1316.0,17.2,168.2,282.7,329.1,1925.0,1405.0,41.2,409.3,688.4,716.7,2114.0,1399.0,29.3,252.5,508.7,461.7,1972.0,2986.0,65.6,300.4,743.1,242.5,853.2,955.6,81.2,784.7,981.8,304.9,1207.0,1055.0,95.0,737.2,1135.0,583.2,1729.0,1414.0,100.9,527.8,1279.0,275.3,926.8,1791.0,68.6,301.9,670.5,249.6,1305.0,2108.0,91.7,500.0,791.4,313.1,1290.0,2255.0,86.8,551.3,833.4,478.8,2028.0,2710.0,158.2,798.3,1641.0,419.6,1482.0,2003.0
2026-05-21,15,10,official_closing,closing_displayed,https://www.boatrace.jp/owpc/pc/race/odds3t?hd=20260521&jcd=15&rno=10,4.3,15.6,38.1,283.3,1026.0,430.0,8.6,27.1,48.7,326.9,1195.0,575.3,41.7,96.0,156.7,664.3,1358.0,1066.0,15.3,42.1,80.1,490.7,1497.0,1964.0,6.3,39.2,61.9,395.8,1544.0,524.1,9.9,98.0,144.5,556.5,2283.0,1017.0,44.4,268.2,369.2,1370.0,3070.0,1595.0,18.0,115.6,162.1,715.0,2380.0,2411.0,25.7,150.6,189.8,520.8,2200.0,751.7,27.0,229.3,241.1,604.9,2789.0,1105.0,112.2,629.9,623.4,1485.0,3122.0,1672.0,57.1,310.8,347.9,827.5,3430.0,3351.0,168.4,487.4,654.1,1163.0,2364.0,1845.0,185.8,779.0,967.8,1756.0,3414.0,2155.0,258.2,1023.0,1176.0,1922.0,3496.0,2070.0,265.1,842.8,1246.0,1188.0,2419.0,2911.0,55.1,126.0,279.1,899.9,2854.0,3163.0,66.4,299.6,412.6,1197.0,2958.0,3149.0,130.3,493.7,583.1,1110.0,3617.0,3805.0,230.1,862.7,1097.0,1656.0,3262.0,3122.0
2026-05-21,15,11,official_closing,closing_displayed,https://www.boatrace.jp/owpc/pc/race/odds3t?hd=20260521&jcd=15&rno=11,5.5,49.1,69.9,418.1,103.7,1767.0,18.0,110.6,133.2,375.4,84.5,2059.0,8.7,62.9,61.8,283.3,222.5,2598.0,66.3,220.2,330.5,655.9,222.8,1479.0,6.0,123.4,163.1,738.1,236.3,2150.0,14.8,379.1,451.4,1415.0,453.8,3779.0,6.5,202.1,263.2,1038.0,917.4,5721.0,58.5,696.9,755.8,1994.0,700.5,3404.0,36.3,491.5,411.7,696.3,167.1,2821.0,32.9,832.9,740.8,1581.0,442.2,3979.0,34.4,771.3,535.6,847.5,803.7,5384.0,111.9,1465.0,1309.0,1876.0,996.1,3904.0,15.0,195.6,130.7,357.7,402.6,3132.0,12.0,311.3,306.3,799.0,971.4,5214.0,35.7,668.6,472.3,686.5,929.8,5642.0,55.9,770.6,798.2,723.2,771.3,3097.0,244.0,777.9,1287.0,1413.0,498.0,1628.0,268.7,1511.0,1961.0,2701.0,754.4,3269.0,310.8,2214.0,2014.0,2607.0,1171.0,4098.0,222.7,1734.0,1907.0,1563.0,1074.0,2921.0
2026-05-21,15,12,official_closing,closing_displayed,https://www.boatrace.jp/owpc/pc/race/odds3t?hd=20260521&jcd=15&rno=12,12.8,50.8,37.9,140.9,228.1,342.7,17.9,64.3,31.8,113.3,203.1,329.7,30.8,79.5,44.3,94.9,201.5,399.6,32.5,82.6,59.8,113.0,233.8,399.1,10.4,91.1,91.2,229.7,318.3,440.0,7.6,181.6,155.0,331.4,614.3,651.6,16.8,256.9,196.1,340.9,648.4,754.8,19.9,227.6,166.4,250.3,443.2,750.5,27.4,162.6,68.8,157.8,300.4,461.4,18.8,262.5,147.6,304.1,647.0,672.8,27.4,311.6,121.5,219.0,551.0,710.6,30.0,264.7,125.7,235.4,585.8,946.3,61.7,192.4,130.0,136.4,270.6,555.7,51.5,420.1,255.0,306.8,602.1,715.1,57.0,417.4,198.8,280.4,560.5,784.1,66.6,319.4,210.2,165.1,359.2,564.7,75.2,205.6,178.6,203.1,409.7,641.1,70.1,367.5,288.4,280.8,662.5,849.2,75.5,373.7,246.1,303.3,743.1,1102.0,86.4,379.4,276.0,222.9,508.6,687.0
2026-05-21,16,1,official_closing,closing_displayed,https://www.boatrace.jp/owpc/pc/race/odds3t?hd=20260521&jcd=16&rno=1,7.7,110.1,58.5,211.9,118.5,1752.0,22.9,294.3,64.3,166.3,79.1,1401.0,11.5,135.2,45.0,164.1,138.6,1401.0,86.5,659.6,206.8,324.0,177.9,1205.0,7.7,268.2,173.5,526.4,257.7,3203.0,7.6,806.7,485.4,1205.0,491.8,3737.0,6.5,509.7,237.5,737.7,904.3,2607.0,41.2,1838.0,958.4,1047.0,1156.0,3114.0,34.6,667.4,198.4,268.9,131.3,1933.0,18.2,1536.0,596.4,836.8,471.1,4153.0,23.7,1779.0,318.5,533.9,446.7,2950.0,69.0,1536.0,747.5,789.6,696.4,3203.0,17.7,385.3,98.7,202.4,278.2,1699.0,13.2,824.5,272.1,505.1,762.8,2437.0,26.0,1752.0,266.9,399.0,563.4,3203.0,50.1,1868.0,406.2,400.4,612.7,2548.0,265.0,2002.0,675.5,629.9,429.6,1351.0,152.5,2669.0,2198.0,1156.0,889.9,3030.0,209.2,2038.0,1456.0,1218.0,784.1,2548.0,171.1,2242.0,876.0,800.9,812.5,2385.0
2026-05-21,16,2,official_closing,closing_displayed,https://www.boatrace.jp/owpc/pc/race/odds3t?hd=20260521&jcd=16&rno=2,13.4,53.8,57.7,181.5,145.5,1531.0,19.1,64.4,34.2,115.3,59.8,1165.0,27.5,87.7,23.9,94.9,116.4,1512.0,88.1,208.6,133.9,273.8,150.9,751.9,14.8,113.2,115.3,261.4,177.4,2310.0,11.9,120.2,95.9,277.4,231.8,2083.0,10.2,104.8,78.7,192.5,294.8,1114.0,69.9,429.3,341.6,455.4,379.3,1105.0,29.0,151.2,57.0,145.5,68.5,1629.0,21.7,183.1,97.5,237.9,195.2,2762.0,26.5,188.8,40.1,103.3,120.9,1815.0,100.3,529.4,184.4,336.1,217.5,927.5,40.7,204.9,36.8,99.2,136.9,756.4,19.4,177.4,84.3,153.2,237.9,1095.0,34.3,216.8,39.0,100.4,154.5,1841.0,90.2,472.4,119.4,150.2,246.2,825.1,304.7,1033.0,512.4,717.9,203.3,702.0,239.7,1086.0,825.1,591.0,379.3,1024.0,298.3,914.2,608.0,894.9,287.5,825.1,253.6,852.8,385.0,500.3,389.8,474.1
2026-05-21,16,3,official_closing,closing_displayed,https://www.boatrace.jp/owpc/pc/race/odds3t?hd=20260521&jcd=16&rno=3,50.9,63.9,392.2,25.0,323.0,508.8,18.0,19.9,369.1,96.1,1107.0,1029.0,58.8,65.4,522.9,29.2,210.1,181.5,57.4,57.8,551.4,19.4,254.9,575.4,112.2,180.5,413.1,27.2,340.5,732.1,106.0,129.0,272.2,73.2,861.3,1358.0,202.4,271.7,396.9,29.4,220.3,267.3,246.3,305.7,618.7,26.0,317.5,610.1,20.4,29.6,389.8,199.3,1279.0,1856.0,64.0,78.9,308.6,131.7,1532.0,1647.0,32.2,48.5,451.3,215.3,1372.0,1054.0,25.1,36.7,388.7,159.1,1243.0,2091.0,138.7,213.9,855.7,29.1,158.5,146.1,334.4,456.0,823.6,27.3,150.0,175.9,107.9,127.8,867.0,119.2,665.5,565.6,165.9,224.5,1480.0,13.4,93.9,134.8,182.5,232.0,1107.0,20.5,316.7,568.0,286.4,474.0,1089.0,24.2,333.6,604.5,80.9,147.0,693.6,80.1,1098.0,1401.0,203.3,314.5,1882.0,14.7,145.2,195.8
2026-05-21,16,4,official_closing,closing_displayed,https://www.boatrace.jp/owpc/pc/race/odds3t?hd=20260521&jcd=16&rno=4,41.8,82.4,73.9,79.2,64.5,2621.0,33.2,67.3,58.5,100.7,72.6,3570.0,39.2,65.2,49.8,47.6,51.3,3728.0,522.7,1215.0,992.8,702.0,699.1,3290.0,49.0,106.7,85.3,89.8,77.4,4660.0,34.0,60.8,45.2,70.2,71.0,4660.0,39.6,53.2,37.1,35.5,44.0,2892.0,838.9,1434.0,1310.0,707.9,726.3,3570.0,39.9,82.8,55.7,97.2,85.6,5084.0,41.3,66.5,41.6,68.9,63.3,5992.0,32.1,38.5,20.5,31.4,43.6,4302.0,551.9,887.7,576.6,640.4,752.4,4935.0,49.6,80.2,47.9,32.4,55.6,4660.0,59.5,62.9,32.2,20.1,39.4,2706.0,44.4,45.0,23.5,20.4,38.4,3290.0,873.9,1252.0,519.4,184.3,330.9,2750.0,1386.0,2796.0,2123.0,1331.0,780.4,4534.0,1928.0,2996.0,2504.0,1539.0,795.2,5593.0,1096.0,1928.0,2071.0,1928.0,799.0,5084.0,1974.0,2706.0,1747.0,1271.0,663.2,3226.0
2026-05-21,16,5,official_closing,closing_displayed,https://www.boatrace.jp/owpc/pc/race/odds3t?hd=20260521&jcd=16&rno=5,21.3,64.1,144.4,976.8,9.7,3159.0,53.1,161.3,271.0,1182.0,19.8,5616.0,9.3,24.2,62.7,510.6,58.0,5465.0,487.2,656.5,1855.0,2930.0,119.6,3159.0,29.1,134.6,254.0,958.3,11.4,5055.0,84.0,339.8,468.0,1617.0,20.3,5184.0,15.3,63.8,110.4,577.7,52.0,5616.0,1036.0,1006.0,1543.0,2436.0,107.4,2174.0,128.8,499.2,849.6,1821.0,41.5,4931.0,171.3,605.4,808.8,2022.0,40.4,6522.0,73.4,249.9,421.2,1011.0,138.8,7489.0,1330.0,1555.0,4302.0,4702.0,270.6,4212.0,7.7,16.7,80.4,417.7,160.2,7777.0,11.1,29.2,83.8,443.4,144.4,8425.0,25.9,74.5,192.7,702.1,220.2,7777.0,193.1,196.1,818.6,1743.0,475.7,5465.0,1182.0,1944.0,4814.0,5321.0,252.1,2592.0,1838.0,1743.0,3486.0,5616.0,229.5,1982.0,2084.0,2246.0,5616.0,7489.0,364.9,2297.0,1058.0,991.2,2626.0,4126.0,491.9,4395.0
2026-05-21,16,6,official_closing,closing_displayed,https://www.boatrace.jp/owpc/pc/race/odds3t?hd=20260521&jcd=16&rno=6,14.8,38.6,32.6,477.0,188.2,3741.0,47.9,123.5,25.8,266.2,54.3,1776.0,25.9,56.2,8.9,222.8,264.2,3090.0,206.6,429.4,81.3,776.8,315.9,1528.0,13.2,62.7,75.0,631.8,273.9,3842.0,18.3,132.9,122.1,538.4,212.1,4442.0,9.1,65.0,42.9,379.0,561.8,3741.0,75.8,470.7,294.9,1119.0,987.2,3384.0,86.8,306.3,55.6,258.0,45.5,2060.0,54.7,244.6,131.1,426.9,115.2,2733.0,83.6,303.1,29.3,135.3,123.7,1545.0,313.1,1435.0,107.5,384.2,158.3,1008.0,41.4,136.2,13.6,234.5,403.8,3230.0,22.6,112.9,29.9,313.1,513.2,4181.0,68.3,300.5,25.1,160.0,208.4,2584.0,141.8,703.7,35.1,340.0,553.1,2221.0,426.9,1421.0,246.3,1895.0,670.5,1947.0,340.9,1165.0,546.7,1712.0,861.5,2682.0,577.8,2330.0,252.0,1421.0,317.3,1280.0,436.0,1045.0,95.6,1060.0,667.4,2256.0
2026-05-21,16,7,official_closing,closing_displayed,https://www.boatrace.jp/owpc/pc/race/odds3t?hd=20260521&jcd=16&rno=7,45.2,65.4,546.8,39.4,331.2,176.6,8.8,9.8,574.2,321.9,960.3,929.1,49.4,52.7,624.4,80.3,235.6,169.8,19.5,19.6,840.3,43.7,375.9,499.0,100.6,165.6,503.4,35.8,325.5,138.0,141.6,107.9,353.8,155.9,879.0,680.2,181.4,255.0,499.0,51.8,201.2,96.6,256.8,130.3,484.2,24.9,371.0,253.9,20.1,16.0,846.5,688.4,960.3,1465.0,108.2,62.0,505.6,476.1,993.7,1038.0,63.1,38.3,816.3,595.2,1178.0,1131.0,31.6,15.9,732.5,311.3,1705.0,1904.0,118.0,146.8,993.7,82.9,209.6,164.6,270.8,319.2,761.8,65.0,170.3,103.3,136.5,101.7,1142.0,321.9,976.7,822.1,147.6,122.3,1609.0,56.2,207.7,299.9,41.8,45.7,1298.0,47.2,468.3,660.5,198.7,133.6,865.7,29.8,420.1,451.7,62.5,31.6,1038.0,208.1,1393.0,1680.0,158.9,106.5,1936.0,57.8,352.7,418.6
2026-05-21,16,8,official_closing,closing_displayed,https://www.boatrace.jp/owpc/pc/race/odds3t?hd=20260521&jcd=16&rno=8,24.8,15.0,17.3,302.8,504.2,1222.0,91.9,47.3,33.5,374.8,457.1,1137.0,133.4,123.6,34.7,600.1,914.2,2081.0,137.0,118.0,33.5,843.3,764.2,1845.0,21.3,14.3,12.7,199.2,448.7,1150.0,54.8,14.6,14.4,100.8,200.4,296.4,57.2,33.7,22.9,394.4,764.2,1322.0,70.5,22.7,13.6,248.9,489.1,1254.0,184.5,105.9,63.6,274.0,333.8,822.0,173.1,41.6,33.7,110.2,156.2,273.2,397.6,235.1,68.4,409.3,501.6,741.1,562.2,168.0,55.4,238.6,291.1,822.0,194.4,274.7,65.5,815.2,1137.0,2173.0,148.6,123.2,38.8,758.3,1164.0,1630.0,455.0,325.0,92.2,674.6,1063.0,1193.0,351.9,315.5,58.6,795.3,1150.0,2081.0,317.6,308.6,94.7,1137.0,1040.0,1630.0,307.6,99.7,39.7,746.7,719.3,1417.0,829.0,371.9,114.4,652.1,484.2,978.2,724.6,367.7,104.4,1164.0,1051.0,2173.0
2026-05-21,16,9,official_closing,closing_displayed,https://www.boatrace.jp/owpc/pc/race/odds3t?hd=20260521&jcd=16&rno=9,19.6,72.9,20.2,585.3,174.7,252.6,101.1,451.3,40.6,321.4,83.6,109.4,61.9,188.7,11.9,386.0,327.2,757.8,45.2,136.2,17.1,620.6,179.9,332.5,12.2,88.5,41.1,857.0,290.8,370.1,38.4,354.6,126.4,730.9,220.5,182.0,11.4,139.1,53.2,813.5,682.4,1082.0,12.0,73.3,35.2,1058.0,555.9,445.7,175.8,804.4,128.2,410.2,80.7,144.8,91.7,692.2,200.2,676.0,153.6,141.3,163.8,1170.0,102.5,310.3,278.5,260.8,221.5,1082.0,138.5,431.1,114.4,120.5,81.0,431.1,26.6,370.1,399.9,1274.0,36.7,298.1,54.9,599.9,623.3,1384.0,169.4,1371.0,91.3,288.5,339.6,501.7,94.4,422.2,36.3,483.1,535.2,666.6,54.7,267.6,32.7,1074.0,457.1,429.8,25.9,144.7,42.3,1439.0,508.8,455.6,207.4,888.8,88.3,637.1,223.2,189.7,83.0,342.8,38.2,786.8,651.5,514.2
2026-05-21,16,10,official_closing,closing_displayed,https://www.boatrace.jp/owpc/pc/race/odds3t?hd=20260521&jcd=16&rno=10,31.3,139.2,106.9,169.8,74.1,1000.0,55.4,293.9,75.9,89.7,24.9,526.2,27.3,126.2,29.0,47.2,49.8,1171.0,87.2,348.2,119.1,124.7,39.6,460.3,28.6,217.6,198.6,351.1,184.3,1480.0,30.4,412.2,282.2,501.4,194.4,1761.0,11.7,233.4,150.5,239.2,246.3,2174.0,48.4,563.8,369.3,486.5,188.2,1098.0,73.3,444.0,110.4,159.0,32.1,280.4,41.1,519.8,241.0,432.3,135.8,1639.0,26.1,371.3,60.7,91.1,84.1,1375.0,106.9,712.8,168.0,234.4,50.7,176.7,25.4,206.1,35.3,36.8,48.7,1164.0,14.6,205.1,105.0,111.5,141.4,1955.0,29.7,261.1,59.6,61.4,73.0,1276.0,37.1,274.2,61.2,39.2,42.5,417.8,249.8,747.8,288.4,205.3,62.1,370.0,154.2,922.6,526.2,432.3,144.0,680.9,288.4,1171.0,450.5,368.7,63.6,287.6,107.1,550.7,156.3,118.8,80.1,364.3
2026-05-21,16,11,official_closing,closing_displayed,https://www.boatrace.jp/owpc/pc/race/odds3t?hd=20260521&jcd=16&rno=11,8.8,144.7,105.1,73.4,453.2,1277.0,8.8,123.1,39.1,45.1,417.5,1694.0,25.4,275.1,97.4,70.4,326.3,1298.0,71.0,486.4,283.6,158.6,622.0,2113.0,9.1,265.1,261.0,170.6,739.5,1694.0,5.7,406.9,319.3,326.3,1056.0,2683.0,16.7,715.1,509.3,418.3,1244.0,1851.0,56.4,1438.0,974.9,483.5,1474.0,3023.0,10.7,224.7,86.9,83.7,612.4,1837.0,7.8,481.5,272.6,265.7,1153.0,2462.0,16.9,669.0,200.7,225.3,850.0,1430.0,43.4,788.3,401.4,364.6,1341.0,2714.0,48.6,746.4,336.4,126.0,376.1,1319.0,40.3,1421.0,615.6,277.1,850.0,1782.0,42.2,1456.0,418.3,245.7,623.6,1413.0,123.5,1782.0,758.3,232.3,680.5,1670.0,280.6,1121.0,884.6,351.7,1085.0,2211.0,231.6,1823.0,1465.0,645.5,1743.0,3461.0,200.2,1706.0,974.9,594.1,1581.0,3461.0,288.1,2171.0,1224.0,509.3,1105.0,1511.0
2026-05-21,16,12,official_closing,closing_displayed,https://www.boatrace.jp/owpc/pc/race/odds3t?hd=20260521&jcd=16&rno=12,20.8,222.3,252.6,39.6,492.5,2405.0,9.5,119.7,87.9,31.8,396.1,2593.0,38.3,288.6,187.0,21.0,185.7,1814.0,140.6,572.4,574.3,74.0,718.6,3458.0,30.4,447.4,469.5,135.0,945.8,4311.0,8.7,490.3,472.9,364.8,1886.0,4955.0,28.8,1156.0,932.5,229.4,1243.0,4368.0,103.2,2228.0,1844.0,526.1,2198.0,4675.0,6.5,174.9,117.9,94.9,715.5,3569.0,5.9,412.9,399.9,342.6,1482.0,4811.0,6.5,481.1,257.9,155.8,764.9,3905.0,18.0,909.5,653.5,372.1,2354.0,5269.0,62.4,813.7,489.6,47.1,204.3,1987.0,57.8,1643.0,1031.0,132.5,688.7,3772.0,27.7,907.0,496.9,121.6,529.4,3387.0,158.6,2049.0,1603.0,131.9,670.6,2634.0,436.8,2024.0,1854.0,288.4,1738.0,3353.0,357.3,3132.0,3494.0,794.2,2837.0,4611.0,151.5,2273.0,2062.0,917.1,3102.0,4675.0,389.2,4202.0,2721.0,339.8,1573.0,2862.0
2026-05-21,17,1,official_closing,closing_displayed,https://www.boatrace.jp/owpc/pc/race/odds3t?hd=20260521&jcd=17&rno=1,4.1,16.8,84.7,200.6,209.3,200.2,7.6,31.7,153.7,326.9,369.6,371.7,6.7,25.2,143.9,203.4,406.5,498.0,50.5,122.0,558.0,704.8,792.5,372.3,8.8,83.7,172.4,344.6,317.2,281.7,20.6,245.1,413.1,821.3,828.0,613.5,16.8,213.2,360.5,526.3,921.6,727.4,109.8,570.5,1205.0,1077.0,1376.0,661.3,21.2,158.1,483.8,674.4,638.5,695.2,37.4,331.2,792.5,1039.0,1033.0,917.5,36.1,344.0,838.2,1033.0,1414.0,1566.0,132.1,630.6,2099.0,2190.0,2752.0,1486.0,24.4,143.8,425.2,287.7,593.8,1008.0,38.7,419.9,690.4,496.8,930.1,1170.0,52.9,438.0,1033.0,824.6,1414.0,1977.0,140.7,724.8,1903.0,1023.0,1591.0,1740.0,113.2,488.4,1444.0,1591.0,1465.0,848.7,224.5,1033.0,1997.0,1711.0,2144.0,1227.0,204.5,1028.0,2952.0,3285.0,2829.0,2016.0,184.6,1150.0,2263.0,2166.0,2611.0,2036.0
2026-05-21,17,2,official_closing,closing_displayed,https://www.boatrace.jp/owpc/pc/race/odds3t?hd=20260521&jcd=17&rno=2,22.3,161.8,150.0,62.2,160.8,225.1,11.8,72.0,59.4,100.4,304.9,285.3,30.7,101.6,149.7,42.1,112.8,156.0,21.7,101.3,79.1,38.3,105.3,232.2,25.8,372.5,354.5,108.2,246.7,395.0,14.5,406.8,251.3,345.4,714.3,936.0,36.4,502.6,501.3,148.6,342.3,500.0,21.0,391.7,277.7,117.2,267.2,650.7,17.1,131.2,136.5,192.3,513.5,572.3,20.8,314.5,210.8,285.7,979.4,1250.0,26.1,192.5,194.0,257.1,516.3,616.9,17.5,170.4,98.0,126.7,483.4,1144.0,54.1,244.2,336.3,47.5,107.0,214.2,71.9,669.0,627.1,83.5,234.5,397.5,51.9,304.0,305.4,217.4,400.8,522.0,52.1,304.9,275.3,35.8,90.0,221.2,54.9,324.2,281.9,56.0,119.8,244.2,61.9,736.4,446.0,109.8,221.2,490.9,41.5,347.3,198.7,169.8,498.7,892.0,64.9,442.9,420.3,47.3,118.0,244.8
2026-05-21,17,3,official_closing,closing_displayed,https://www.boatrace.jp/owpc/pc/race/odds3t?hd=20260521&jcd=17&rno=3,64.9,469.2,238.9,78.0,1927.0,289.9,56.3,440.2,27.9,18.1,2161.0,98.2,498.7,1470.0,524.4,171.4,1440.0,66.8,91.8,566.0,36.1,12.8,2037.0,735.3,47.5,689.1,488.5,234.2,1533.0,685.8,7.9,676.0,475.5,308.1,3396.0,914.4,276.9,1761.0,1219.0,824.5,2853.0,676.0,14.6,951.0,622.9,210.0,2264.0,1852.0,36.3,417.1,35.6,34.8,1981.0,162.1,7.6,685.8,235.3,187.9,3396.0,555.0,187.9,2161.0,451.4,370.5,2264.0,117.6,8.0,507.6,33.0,29.5,3170.0,1132.0,739.1,1739.0,1026.0,654.3,1308.0,57.2,596.8,3035.0,2067.0,1333.0,4195.0,217.1,692.4,3566.0,1371.0,834.2,1902.0,74.4,689.1,2459.0,1501.0,488.5,2377.0,454.3,74.1,844.0,70.0,16.1,2547.0,1954.0,25.3,1308.0,340.4,78.9,4457.0,2641.0,19.8,779.5,56.6,23.3,2459.0,2300.0,427.0,2502.0,648.4,145.2,2067.0,1902.0
2026-05-21,17,4,official_closing,closing_displayed,https://www.boatrace.jp/owpc/pc/race/odds3t?hd=20260521&jcd=17&rno=4,18.8,152.0,408.4,37.5,295.7,54.1,6.3,34.0,341.0,211.8,1328.0,174.1,36.4,131.6,845.6,74.7,198.1,54.3,11.3,63.9,399.7,38.4,470.4,184.0,34.7,440.1,703.2,63.1,531.5,88.4,34.2,537.1,766.4,318.2,1472.0,265.7,108.0,700.8,1149.0,129.5,303.6,94.7,42.1,437.2,631.6,69.2,696.0,288.6,9.8,64.9,679.9,518.1,2154.0,524.7,32.3,313.8,838.7,623.9,2154.0,662.3,43.5,204.4,1271.0,715.5,2273.0,586.3,13.6,87.3,570.0,396.6,1877.0,1023.0,109.6,409.3,1894.0,95.2,295.3,83.8,197.7,1169.0,1795.0,119.1,339.3,101.4,98.2,294.4,2273.0,451.7,1401.0,331.1,106.7,495.5,1637.0,70.0,265.4,176.4,20.9,125.0,662.3,50.7,625.8,439.1,47.7,410.9,689.0,60.9,660.1,488.4,23.1,129.2,637.5,225.8,1364.0,909.5,68.9,380.3,1373.0,77.4,348.0,322.7
2026-05-21,17,5,official_closing,closing_displayed,https://www.boatrace.jp/owpc/pc/race/odds3t?hd=20260521&jcd=17&rno=5,9.9,94.0,93.4,733.4,103.3,233.6,38.1,251.3,218.0,711.1,85.5,211.9,11.7,98.3,55.4,380.2,282.1,466.8,14.8,114.0,62.6,391.1,65.1,156.7,10.9,236.8,243.5,1458.0,266.6,478.9,30.3,963.2,830.1,1985.0,473.6,989.1,8.6,382.4,335.2,1247.0,1162.0,1351.0,10.2,445.1,348.8,1271.0,345.5,610.3,67.8,835.4,581.4,925.3,165.0,388.7,64.3,1483.0,1075.0,1857.0,441.3,1093.0,60.4,1284.0,616.1,905.8,670.5,1536.0,47.4,992.9,675.8,1195.0,209.5,529.0,16.9,256.1,108.9,456.1,686.6,1117.0,14.5,422.5,282.1,1217.0,1518.0,2133.0,55.2,1004.0,485.2,1036.0,1358.0,2032.0,15.4,334.8,130.7,460.1,553.9,1168.0,33.6,387.6,172.3,607.4,98.4,191.5,30.2,887.1,493.6,1253.0,226.4,442.0,57.7,1310.0,737.6,1545.0,187.7,388.7,31.0,506.2,210.2,596.2,488.0,787.0
2026-05-21,17,6,official_closing,closing_displayed,https://www.boatrace.jp/owpc/pc/race/odds3t?hd=20260521&jcd=17&rno=6,7.2,21.8,77.1,77.4,270.9,35.9,16.1,37.4,213.4,237.4,492.4,96.8,93.5,190.7,596.6,495.0,554.0,85.2,7.5,18.8,121.9,72.9,379.9,298.8,13.5,57.1,100.6,90.0,324.3,48.9,40.6,160.0,244.9,312.3,554.0,115.8,207.9,534.9,702.4,587.2,662.4,106.6,23.9,76.3,129.4,77.8,450.7,370.8,29.9,104.2,396.0,471.2,990.1,204.5,65.9,213.9,293.1,402.9,1000.0,173.3,278.2,727.1,1320.0,1431.0,1538.0,279.5,39.4,97.8,241.7,321.5,1241.0,1095.0,203.2,594.7,1163.0,809.3,1114.0,99.4,319.8,974.6,1101.0,753.6,1249.0,86.5,424.0,1170.0,1501.0,1980.0,1739.0,295.4,264.4,650.8,1310.0,562.3,1095.0,422.1,14.1,45.1,165.4,63.1,567.5,533.3,30.4,84.8,147.6,60.3,622.5,549.1,39.8,104.2,246.8,206.8,1121.0,1135.0,143.1,413.6,1069.0,283.3,1006.0,785.4
2026-05-21,17,7,official_closing,closing_displayed,https://www.boatrace.jp/owpc/pc/race/odds3t?hd=20260521&jcd=17&rno=7,16.7,234.3,315.2,217.0,91.3,18.7,20.3,294.8,570.6,471.0,161.7,34.9,10.0,119.4,294.5,147.1,131.6,40.0,20.1,183.6,373.3,152.2,89.6,22.7,27.3,419.5,464.2,487.6,181.6,44.9,38.3,1098.0,917.7,1162.0,732.0,114.2,27.9,786.2,790.1,617.1,571.7,117.2,43.9,936.6,1145.0,631.8,416.8,76.6,29.0,639.4,959.1,933.8,467.6,94.3,47.9,1243.0,1273.0,1321.0,998.2,146.8,23.8,950.5,1137.0,1149.0,1224.0,169.2,40.1,897.0,1299.0,1428.0,947.7,186.8,16.2,310.9,621.9,162.8,169.1,88.6,34.6,1030.0,995.1,398.0,438.0,162.6,28.0,1079.0,1268.0,642.0,820.7,217.9,24.6,608.8,1206.0,200.5,257.2,133.7,19.9,238.3,511.9,198.6,126.0,54.6,39.3,730.3,979.8,397.0,299.2,97.6,37.5,712.4,1153.0,920.3,386.9,154.6,23.4,479.5,1105.0,253.1,290.5,125.6
2026-05-21,17,8,official_closing,closing_displayed,https://www.boatrace.jp/owpc/pc/race/odds3t?hd=20260521&jcd=17&rno=8,6.4,62.9,106.1,90.1,92.4,2835.0,8.1,65.6,86.7,105.5,123.0,5614.0,11.3,67.5,123.8,59.8,98.7,4853.0,185.2,703.5,1234.0,678.5,429.2,3767.0,8.7,180.2,209.7,173.0,185.6,2951.0,7.7,380.2,431.8,440.5,466.3,5506.0,13.2,419.2,458.8,281.8,399.3,3922.0,322.0,2533.0,2090.0,1410.0,1325.0,4694.0,12.8,187.0,191.1,264.6,300.7,5302.0,12.6,439.1,383.3,533.2,661.2,6092.0,17.0,419.8,374.3,459.6,688.3,5506.0,282.3,1547.0,2121.0,2347.0,2579.0,6659.0,21.3,227.9,285.2,93.9,160.8,4338.0,23.4,621.1,573.8,200.6,322.8,5023.0,27.6,585.5,580.8,252.7,470.1,5965.0,180.8,2219.0,2347.0,765.6,954.4,4474.0,583.1,2468.0,3817.0,2272.0,1064.0,3922.0,1136.0,2892.0,4474.0,2951.0,2603.0,6092.0,977.2,2982.0,3767.0,3869.0,3291.0,7342.0,775.9,3535.0,4405.0,2468.0,2447.0,5113.0
2026-05-21,17,9,official_closing,closing_displayed,https://www.boatrace.jp/owpc/pc/race/odds3t?hd=20260521&jcd=17&rno=9,5.2,56.7,86.6,164.3,449.5,230.7,11.3,95.1,87.0,176.9,305.6,184.9,24.6,160.8,106.5,201.1,504.8,347.5,10.7,84.8,69.3,131.6,356.4,524.0,9.4,196.9,171.9,309.6,628.0,400.2,13.1,473.9,469.9,686.4,1258.0,479.3,23.5,626.8,582.8,785.3,1431.0,960.1,13.1,370.7,272.9,403.1,1186.0,1339.0,23.0,264.9,129.0,278.4,400.2,419.4,27.5,665.7,289.8,629.2,1367.0,962.9,52.9,965.7,160.1,384.5,927.9,699.4,30.1,473.9,114.7,256.9,668.4,930.5,54.4,481.4,193.7,290.4,665.7,841.0,56.3,1145.0,540.1,542.8,1182.0,1248.0,89.2,1133.0,258.3,505.6,922.8,1012.0,67.5,900.3,178.0,252.6,610.7,1145.0,30.2,279.1,131.9,258.9,541.9,828.4,35.2,335.9,241.2,415.2,1137.0,1489.0,55.8,679.3,207.6,374.5,736.6,1096.0,72.7,856.2,234.9,341.7,845.3,1118.0
2026-05-21,17,10,official_closing,closing_displayed,https://www.boatrace.jp/owpc/pc/race/odds3t?hd=20260521&jcd=17&rno=10,13.9,35.3,115.5,120.3,130.5,279.9,17.7,51.8,223.7,170.5,198.4,526.5,14.6,30.1,109.4,114.3,241.0,410.0,25.1,50.8,164.4,149.4,167.7,379.8,30.1,79.8,129.6,145.1,148.7,301.9,49.6,96.7,149.4,141.7,140.5,406.6,37.5,61.2,70.3,93.2,194.6,372.8,67.0,88.1,97.7,91.4,95.7,218.8,29.7,93.6,213.3,158.9,182.5,678.0,51.2,97.6,165.6,135.6,111.3,487.4,41.7,78.0,98.7,78.0,218.4,502.5,57.6,82.0,127.2,101.4,93.5,314.0,33.7,79.9,97.0,123.6,296.3,433.4,66.6,82.6,67.8,99.9,204.6,335.2,79.0,128.9,106.6,108.5,256.3,452.0,63.9,62.7,55.1,73.0,179.2,340.9,70.6,146.7,237.2,190.6,207.1,402.5,155.3,176.1,132.8,156.5,102.8,224.3,126.6,177.7,204.1,217.7,151.1,295.6,104.0,96.5,91.0,134.4,212.0,339.5
2026-05-21,17,11,official_closing,closing_displayed,https://www.boatrace.jp/owpc/pc/race/odds3t?hd=20260521&jcd=17&rno=11,5.9,43.2,189.8,71.1,223.3,947.2,4.5,27.9,235.4,254.4,684.1,2671.0,9.4,55.5,342.8,104.3,257.9,1514.0,29.0,111.2,565.3,181.5,842.9,2462.0,12.8,176.9,233.2,131.2,517.7,1242.0,16.7,302.2,402.3,493.4,1258.0,2749.0,31.8,553.1,701.0,264.1,863.4,1573.0,68.0,745.3,617.0,344.5,1547.0,2023.0,8.6,90.8,540.4,606.4,1329.0,3631.0,19.4,274.7,654.0,685.7,1490.0,3585.0,19.8,258.6,990.2,820.9,2023.0,2441.0,35.2,299.3,990.2,1033.0,2804.0,4968.0,29.0,355.8,1068.0,211.2,519.6,1482.0,68.9,986.8,1368.0,336.7,708.0,1637.0,52.1,479.2,1452.0,820.9,1247.0,2919.0,118.6,816.2,1770.0,330.4,855.6,2145.0,130.5,471.2,1675.0,389.0,1459.0,3146.0,251.7,1146.0,775.9,468.9,1737.0,3678.0,165.6,606.4,1863.0,966.6,2981.0,4227.0,251.7,1459.0,2804.0,560.8,1402.0,2551.0
2026-05-21,17,12,official_closing,closing_displayed,https://www.boatrace.jp/owpc/pc/race/odds3t?hd=20260521&jcd=17&rno=12,6.5,36.4,160.7,100.0,126.9,852.3,5.7,25.1,194.1,275.4,289.0,1974.0,8.0,27.6,192.7,102.3,217.9,1679.0,20.1,77.4,343.7,227.3,315.2,1523.0,16.8,147.1,275.2,163.8,195.4,1075.0,26.1,195.5,363.1,398.5,465.5,2551.0,30.7,206.9,364.0,170.9,337.0,1802.0,65.4,444.2,765.2,426.1,585.1,1916.0,12.5,86.6,435.4,573.2,623.7,2796.0,30.2,201.8,436.6,583.8,716.4,3094.0,22.3,112.6,469.1,598.0,881.0,2954.0,48.4,306.7,794.6,1082.0,1359.0,2655.0,20.5,109.7,465.5,184.0,345.6,2201.0,49.8,273.4,497.7,200.3,390.0,2271.0,38.4,178.6,616.8,498.0,754.2,3118.0,55.8,327.3,935.5,291.0,605.4,2232.0,101.8,400.9,1218.0,575.3,747.7,1762.0,194.9,861.7,1480.0,674.5,989.7,2345.0,170.8,725.0,1600.0,1267.0,1421.0,2738.0,142.2,668.2,1553.0,615.4,1030.0,2124.0
2026-05-21,18,1,official_closing,closing_displayed,https://www.boatrace.jp/owpc/pc/race/odds3t?hd=20260521&jcd=18&rno=1,24.3,259.5,45.9,171.4,2142.0,244.5,35.9,313.8,17.9,65.6,1614.0,77.6,226.1,1137.0,192.8,386.9,2182.0,122.9,49.7,386.0,16.9,67.9,1928.0,640.3,12.5,397.5,183.8,420.1,2345.0,652.3,4.7,643.9,334.6,559.7,3772.0,1000.0,88.8,1709.0,1071.0,969.4,4958.0,878.6,5.4,698.3,299.7,467.1,4566.0,2892.0,31.5,474.1,47.4,92.0,2196.0,116.8,11.9,638.0,224.9,358.9,4131.0,503.7,143.7,1709.0,475.4,552.6,3692.0,200.3,16.3,570.8,62.8,113.1,3813.0,906.1,472.8,2053.0,729.1,749.6,2992.0,192.1,362.6,2776.0,1652.0,1304.0,4690.0,539.7,397.5,2690.0,1115.0,1008.0,3369.0,246.8,406.4,2776.0,1054.0,596.3,1676.0,885.3,57.0,667.4,44.0,88.5,2496.0,1382.0,16.2,915.7,229.3,288.9,3772.0,2479.0,25.9,759.4,75.7,116.1,2754.0,2496.0,232.9,2169.0,529.0,386.9,1584.0,1896.0
2026-05-21,18,2,official_closing,closing_displayed,https://www.boatrace.jp/owpc/pc/race/odds3t?hd=20260521&jcd=18&rno=2,12.6,80.3,85.5,82.8,243.8,1965.0,10.8,61.3,36.9,65.3,192.4,1588.0,19.1,106.2,45.2,57.4,158.6,1251.0,81.5,329.8,114.3,130.2,328.7,1677.0,13.5,216.9,208.7,184.7,538.3,2432.0,8.5,300.5,240.2,318.2,1016.0,2560.0,13.8,412.7,289.1,266.0,828.0,2577.0,56.5,940.0,477.5,455.7,1057.0,3113.0,14.1,181.1,56.9,97.6,298.0,1827.0,10.8,346.2,154.1,259.9,866.8,3326.0,13.2,306.4,66.3,129.8,428.1,2174.0,48.6,724.7,142.1,243.0,592.3,1871.0,37.4,333.2,83.6,83.7,232.2,1526.0,32.7,681.6,229.2,188.4,578.3,3113.0,29.6,474.6,99.8,155.9,412.2,2302.0,80.6,1208.0,163.5,160.8,404.9,1699.0,259.9,1267.0,399.5,310.8,633.8,1926.0,213.7,2198.0,905.1,641.1,1141.0,3815.0,181.2,1588.0,483.4,563.2,781.5,1853.0,201.0,1926.0,390.3,365.7,660.7,1761.0
2026-05-21,18,3,official_closing,closing_displayed,https://www.boatrace.jp/owpc/pc/race/odds3t?hd=20260521&jcd=18&rno=3,52.1,578.9,204.2,354.6,3585.0,262.8,71.0,810.8,28.6,81.7,2873.0,43.5,273.8,2427.0,385.4,666.9,2873.0,49.4,41.0,637.5,20.2,58.5,2605.0,568.8,39.4,1100.0,545.0,1025.0,3340.0,713.1,7.0,2046.0,812.4,1361.0,6106.0,946.2,171.9,3987.0,1497.0,2732.0,6406.0,913.1,5.1,1582.0,706.7,955.5,7237.0,2383.0,67.6,1614.0,47.4,111.0,3369.0,62.5,13.6,2457.0,414.8,729.1,6106.0,488.5,189.2,5663.0,511.5,928.2,5010.0,69.0,10.3,1878.0,35.5,77.2,4652.0,847.7,617.3,3686.0,1187.0,1497.0,4441.0,80.7,548.8,5281.0,1800.0,3340.0,7105.0,536.8,483.6,6203.0,1056.0,1736.0,5663.0,87.6,386.5,6978.0,826.2,919.5,3458.0,773.8,36.6,1294.0,27.6,62.4,2713.0,1497.0,8.1,2089.0,308.6,405.8,5210.0,2960.0,10.7,2014.0,32.5,66.3,4070.0,1834.0,177.2,5663.0,397.5,482.4,2983.0,1635.0
2026-05-21,18,4,official_closing,closing_displayed,https://www.boatrace.jp/owpc/pc/race/odds3t?hd=20260521&jcd=18&rno=4,2.9,15.6,82.1,345.1,909.1,748.8,5.0,25.8,187.9,539.7,1898.0,966.2,38.7,118.6,486.7,1190.0,2068.0,2210.0,14.6,53.5,229.3,808.8,2445.0,3397.0,5.9,55.3,130.0,465.7,1356.0,1144.0,13.8,162.3,394.5,960.5,3888.0,1876.0,66.3,498.8,938.2,2017.0,5205.0,3044.0,25.5,218.5,421.8,1120.0,4890.0,4746.0,21.8,136.0,453.2,847.0,2521.0,1231.0,32.7,255.9,620.6,1227.0,3888.0,2225.0,151.0,872.2,1638.0,2856.0,4137.0,3133.0,88.8,410.0,798.8,1663.0,3752.0,5042.0,163.3,535.2,1434.0,2390.0,3842.0,3327.0,261.9,1105.0,1551.0,3016.0,5763.0,3752.0,384.2,1672.0,3133.0,3984.0,7172.0,4034.0,457.7,1597.0,2321.0,2712.0,5976.0,4965.0,72.9,294.2,574.2,1501.0,4890.0,5564.0,107.7,585.7,829.6,1876.0,4817.0,7505.0,203.3,874.6,1213.0,2123.0,5976.0,6723.0,514.7,1689.0,1613.0,3508.0,5976.0,6454.0
2026-05-21,18,5,official_closing,closing_displayed,https://www.boatrace.jp/owpc/pc/race/odds3t?hd=20260521&jcd=18&rno=5,17.3,27.2,259.5,32.2,2615.0,127.3,7.8,9.4,256.3,124.3,3962.0,428.0,211.8,219.5,1008.0,351.9,4446.0,182.9,13.3,19.0,401.0,44.4,5066.0,1380.0,41.3,77.7,263.2,28.7,2248.0,106.7,49.3,64.7,209.5,89.9,4821.0,244.7,338.8,479.8,1156.0,229.6,2986.0,92.5,77.6,84.4,318.1,27.1,3541.0,1150.0,14.1,14.9,341.1,240.0,4212.0,810.1,44.2,43.6,251.5,209.6,5130.0,552.0,299.7,188.4,1844.0,1020.0,4880.0,609.1,24.4,17.3,377.9,254.5,5717.0,4168.0,783.2,885.4,2686.0,719.8,4496.0,156.0,1380.0,1150.0,2368.0,516.4,3227.0,101.7,1338.0,839.0,3391.0,1325.0,5973.0,368.1,1163.0,913.7,4350.0,430.8,3923.0,690.0,33.2,49.2,641.3,46.3,5336.0,3573.0,106.2,95.1,489.2,34.3,4821.0,3031.0,50.1,38.4,563.6,134.7,6900.0,5265.0,568.4,465.3,2410.0,219.6,4397.0,2354.0
2026-05-21,18,6,official_closing,closing_displayed,https://www.boatrace.jp/owpc/pc/race/odds3t?hd=20260521&jcd=18&rno=6,49.3,43.9,145.7,824.6,297.2,1924.0,112.4,106.0,315.2,1037.0,506.5,2541.0,90.0,82.3,225.2,911.4,839.6,2916.0,190.5,170.7,378.5,1371.0,857.8,2664.0,77.1,30.8,70.0,487.8,201.0,1497.0,175.3,8.7,20.4,84.2,42.9,366.5,135.6,6.4,13.4,107.4,92.1,748.8,342.0,15.8,35.8,172.3,88.9,564.3,308.8,122.4,284.7,917.4,391.9,2409.0,369.4,23.7,47.6,126.4,57.1,477.7,408.0,31.2,57.2,176.8,140.8,1159.0,687.5,58.5,132.5,395.2,139.9,778.2,186.2,84.2,190.8,608.9,744.8,2979.0,244.9,14.2,26.4,129.8,180.1,1073.0,424.3,31.8,56.7,173.9,210.3,1364.0,457.9,33.6,69.6,211.6,295.3,1300.0,715.9,281.2,653.4,1583.0,876.8,2409.0,936.0,71.4,137.7,452.7,191.2,662.8,1194.0,138.4,319.9,725.3,248.0,829.5,982.5,96.6,189.0,558.6,430.9,1225.0
2026-05-21,18,7,official_closing,closing_displayed,https://www.boatrace.jp/owpc/pc/race/odds3t?hd=20260521&jcd=18&rno=7,14.4,42.9,17.6,233.7,336.7,4635.0,43.2,102.3,14.9,119.3,139.3,3935.0,46.0,105.9,12.5,187.6,418.8,6153.0,653.3,983.7,279.6,1484.0,1700.0,5206.0,8.9,51.2,35.6,307.9,515.0,5834.0,9.1,85.3,42.2,166.7,301.6,4573.0,8.6,68.3,29.7,235.9,735.6,3600.0,286.7,942.6,536.3,1683.0,2843.0,5834.0,60.6,219.1,28.3,108.0,129.3,3678.0,32.3,158.9,41.3,105.9,201.0,4283.0,63.4,299.7,25.2,63.5,179.2,3845.0,835.5,1545.0,391.6,1088.0,1744.0,4904.0,73.6,292.4,25.3,208.2,482.7,6635.0,37.4,174.3,38.5,217.0,576.5,5458.0,97.7,407.7,32.9,88.5,228.3,4904.0,869.9,2076.0,337.0,1095.0,2603.0,6153.0,1348.0,2773.0,1183.0,2685.0,3760.0,4338.0,1226.0,2867.0,1353.0,3418.0,3845.0,5547.0,1956.0,2563.0,1427.0,2400.0,3678.0,5287.0,2038.0,3453.0,1084.0,3048.0,5127.0,7050.0
2026-05-21,18,8,official_closing,closing_displayed,https://www.boatrace.jp/owpc/pc/race/odds3t?hd=20260521&jcd=18&rno=8,127.8,179.0,172.0,71.9,2352.0,1665.0,97.8,117.9,110.4,80.7,2962.0,2249.0,630.1,612.6,819.5,317.0,2679.0,1407.0,410.8,398.6,427.9,135.0,3900.0,4054.0,163.3,126.5,175.9,45.8,1975.0,1711.0,88.4,11.2,16.0,7.5,1890.0,524.0,643.3,220.4,297.1,68.9,1400.0,293.1,374.4,49.6,66.9,13.9,2370.0,2249.0,85.3,54.0,75.3,62.6,2827.0,2185.0,84.2,7.9,12.9,10.2,2445.0,627.5,479.9,108.7,115.6,74.9,2110.0,358.3,228.9,19.5,23.0,16.4,3081.0,2388.0,796.2,922.5,1322.0,368.5,2299.0,972.0,1108.0,654.2,851.2,178.4,1185.0,240.5,1278.0,492.2,635.3,234.6,1702.0,264.2,1950.0,858.3,1203.0,169.5,1750.0,1311.0,890.6,513.5,725.0,111.5,4108.0,3144.0,959.9,140.9,170.5,24.1,2879.0,2525.0,690.9,93.8,104.5,26.6,2962.0,2879.0,2068.0,681.7,936.6,153.6,2485.0,2110.0
2026-05-21,18,9,official_closing,closing_displayed,https://www.boatrace.jp/owpc/pc/race/odds3t?hd=20260521&jcd=18&rno=9,13.9,26.2,244.6,406.4,21.1,1037.0,55.8,85.4,1181.0,1223.0,67.5,2943.0,4.5,7.5,230.0,326.5,199.5,3588.0,47.1,68.3,882.3,880.3,55.8,817.3,33.5,94.4,309.8,427.1,23.8,1411.0,193.2,299.0,1043.0,1088.0,74.2,2446.0,29.0,64.8,243.8,325.6,190.4,2811.0,166.7,240.1,860.2,870.1,55.7,723.1,131.6,210.7,2203.0,2297.0,187.0,3767.0,340.9,392.0,1537.0,1932.0,189.1,3063.0,114.3,150.4,2177.0,1583.0,1037.0,4830.0,296.9,492.5,3220.0,2634.0,425.2,2898.0,7.5,14.8,267.6,289.1,317.9,3693.0,22.2,38.2,272.2,254.7,291.6,2943.0,75.5,99.3,1583.0,860.2,973.5,4485.0,33.4,42.7,770.5,416.3,404.2,1820.0,235.4,300.7,1993.0,1460.0,124.8,672.8,466.3,532.1,1768.0,1466.0,120.2,601.8,465.1,669.2,3456.0,2580.0,355.4,1682.0,174.5,205.5,1638.0,1004.0,489.9,1454.0
2026-05-21,18,10,official_closing,closing_displayed,https://www.boatrace.jp/owpc/pc/race/odds3t?hd=20260521&jcd=18&rno=10,4.8,9.9,13.5,2109.0,126.5,2970.0,128.4,337.5,168.0,2443.0,89.0,2121.0,16.1,32.1,17.1,2443.0,1166.0,6033.0,85.5,158.3,92.4,3510.0,385.7,3823.0,4.6,25.8,31.4,2145.0,210.5,3980.0,87.7,517.5,422.9,2881.0,202.6,2881.0,6.9,59.6,55.9,3300.0,1643.0,5763.0,47.8,194.0,203.6,3244.0,663.4,4652.0,459.6,1245.0,691.9,2798.0,114.5,2626.0,431.9,1462.0,833.9,3113.0,184.0,3164.0,550.0,1602.0,767.6,3016.0,1544.0,3785.0,812.8,2540.0,982.5,4950.0,519.6,3164.0,32.7,115.3,44.8,3217.0,2881.0,6774.0,24.8,128.0,65.7,4489.0,2557.0,6895.0,358.1,1057.0,461.3,3478.0,2312.0,6657.0,166.7,494.3,177.2,4243.0,2662.0,6435.0,468.0,960.5,485.0,4766.0,819.7,4290.0,349.7,1100.0,685.8,5217.0,1057.0,5014.0,1218.0,2925.0,1440.0,4950.0,912.8,3016.0,477.8,1496.0,567.8,5362.0,2507.0,6329.0
2026-05-21,18,11,official_closing,closing_displayed,https://www.boatrace.jp/owpc/pc/race/odds3t?hd=20260521&jcd=18&rno=11,5.8,44.0,41.0,188.2,183.0,3305.0,17.8,119.7,37.9,127.7,122.2,3651.0,18.0,103.8,31.9,112.7,182.0,4357.0,359.0,980.6,438.7,902.2,928.4,4167.0,6.1,127.6,114.3,358.0,392.8,5252.0,6.8,345.1,247.2,546.2,562.2,5181.0,7.0,292.2,198.5,539.2,904.3,4511.0,198.2,1674.0,1369.0,1783.0,2396.0,4853.0,30.1,331.4,77.0,191.7,171.7,3334.0,18.6,556.5,202.4,456.4,494.7,4853.0,28.9,546.9,98.5,270.7,363.1,2626.0,356.6,1986.0,698.4,1452.0,1509.0,5045.0,33.0,340.8,63.3,141.8,233.6,4407.0,18.8,460.3,156.8,357.6,720.7,4511.0,37.3,656.5,114.9,256.8,441.2,3834.0,205.3,1898.0,681.0,716.7,1273.0,3834.0,1134.0,2861.0,1704.0,2130.0,1879.0,4407.0,750.3,2861.0,2083.0,2539.0,2608.0,4564.0,1248.0,2995.0,1331.0,2007.0,2411.0,4564.0,646.6,3485.0,1817.0,1861.0,1843.0,3334.0
2026-05-21,18,12,official_closing,closing_displayed,https://www.boatrace.jp/owpc/pc/race/odds3t?hd=20260521&jcd=18&rno=12,29.1,232.4,688.4,107.8,271.9,209.1,5.5,62.9,826.4,549.5,1003.0,959.8,9.6,90.1,992.5,166.9,420.4,292.5,3.9,48.5,885.9,114.6,286.3,350.8,56.1,837.6,1121.0,232.7,520.5,441.5,64.1,1514.0,1824.0,1345.0,2559.0,2490.0,86.1,1861.0,1995.0,534.1,1112.0,883.1,73.1,1665.0,2446.0,364.2,1023.0,1262.0,11.6,199.0,1518.0,1690.0,2168.0,2078.0,63.0,1217.0,2479.0,2211.0,3661.0,3433.0,20.9,491.4,2176.0,2070.0,3499.0,2571.0,12.1,351.2,1812.0,1630.0,3037.0,3071.0,24.7,324.6,1655.0,269.0,681.7,537.8,103.6,1755.0,2736.0,402.0,1088.0,1016.0,36.8,618.4,3071.0,1181.0,2723.0,2393.0,27.7,606.2,2403.0,265.9,712.4,1047.0,14.8,274.3,1417.0,230.6,452.7,648.1,79.6,1552.0,2524.0,378.9,903.3,1385.0,22.5,510.9,1783.0,1063.0,1880.0,2547.0,32.0,692.8,2238.0,359.2,766.7,1041.0
2026-05-21,19,1,official_closing,closing_displayed,https://www.boatrace.jp/owpc/pc/race/odds3t?hd=20260521&jcd=19&rno=1,6.8,16.2,59.3,167.9,284.8,259.2,14.9,27.4,70.7,235.6,367.4,404.6,21.8,43.2,88.3,227.6,424.9,621.4,13.1,24.6,70.7,199.3,266.1,459.6,10.1,47.5,95.2,257.3,402.3,334.1,19.6,116.7,158.8,435.2,556.5,517.4,27.4,141.5,195.9,404.0,622.7,743.4,19.3,79.3,131.2,310.3,468.5,739.6,34.7,120.5,187.5,348.3,552.2,681.7,42.9,194.0,235.8,491.8,613.4,705.1,58.7,246.5,306.7,481.1,848.7,1061.0,43.4,161.4,261.3,464.0,732.0,1169.0,56.5,170.0,235.2,320.0,581.2,871.8,65.7,245.6,286.2,393.5,698.3,952.6,88.5,297.2,330.3,531.8,896.3,1301.0,55.2,190.1,304.1,326.9,678.5,1089.0,42.1,107.2,251.4,379.0,431.3,640.7,56.8,171.9,292.6,438.5,539.7,824.3,69.9,239.1,428.7,608.2,819.6,1160.0,67.3,232.0,426.8,444.0,751.2,1098.0
2026-05-21,19,2,official_closing,closing_displayed,https://www.boatrace.jp/owpc/pc/race/odds3t?hd=20260521&jcd=19&rno=2,14.8,32.2,10.4,291.0,402.9,1335.0,46.9,123.2,10.8,144.1,238.9,1008.0,55.3,133.3,10.8,270.1,466.5,1671.0,376.9,652.9,125.7,703.2,1063.0,1515.0,7.5,37.3,18.2,430.1,533.8,1700.0,11.5,76.4,38.1,327.9,409.1,2985.0,12.6,74.4,35.4,592.1,1095.0,3656.0,170.1,617.1,255.0,1277.0,2500.0,3900.0,69.6,251.5,21.3,125.9,208.9,1283.0,37.4,205.4,36.6,193.4,314.5,2216.0,92.4,386.9,27.4,160.4,429.5,2074.0,412.5,1393.0,176.8,609.4,1288.0,3015.0,111.4,257.9,31.9,330.5,686.6,2566.0,58.9,210.4,52.8,496.6,1083.0,3524.0,148.9,521.4,45.6,269.8,582.7,2479.0,615.8,1681.0,277.5,1234.0,2321.0,4366.0,716.9,1208.0,380.4,1413.0,1564.0,1816.0,576.9,1462.0,608.1,1976.0,3702.0,4239.0,917.0,2045.0,517.7,1379.0,2543.0,3900.0,1170.0,2659.0,678.7,2566.0,3656.0,4179.0
2026-05-21,19,3,official_closing,closing_displayed,https://www.boatrace.jp/owpc/pc/race/odds3t?hd=20260521&jcd=19&rno=3,20.2,156.1,143.5,97.3,701.6,210.4,18.8,98.3,48.3,108.7,559.1,175.7,61.2,301.9,92.2,148.2,539.7,132.0,18.9,110.3,45.6,50.1,366.6,284.9,15.8,420.0,363.2,174.8,1169.0,525.4,8.0,639.0,548.0,627.7,3253.0,1315.0,25.3,1238.0,885.7,373.1,2670.0,840.0,8.6,568.9,461.1,209.6,1807.0,1562.0,18.7,311.4,90.1,165.5,783.0,348.7,14.1,717.1,297.7,643.6,2417.0,1128.0,42.7,1094.0,270.6,511.9,1680.0,497.6,10.7,408.0,120.4,215.6,956.8,858.1,133.9,912.8,309.0,184.2,445.6,230.7,74.1,2056.0,866.4,339.1,677.7,643.6,102.4,1687.0,538.1,657.8,1549.0,535.6,52.3,1386.0,353.2,171.9,480.3,667.6,26.5,355.3,115.3,65.9,538.1,670.1,19.4,1031.0,418.5,189.3,1664.0,2033.0,19.3,632.2,166.5,260.2,1139.0,1238.0,47.8,1291.0,305.3,164.2,954.2,999.5
2026-05-21,19,4,official_closing,closing_displayed,https://www.boatrace.jp/owpc/pc/race/odds3t?hd=20260521&jcd=19&rno=4,11.9,28.3,29.1,52.1,739.6,1466.0,15.0,31.5,12.7,34.5,551.2,1170.0,76.4,145.0,64.4,101.7,630.5,1400.0,155.5,227.8,108.4,168.6,1149.0,2747.0,10.1,48.2,65.3,84.3,1008.0,1689.0,6.1,48.4,52.9,84.9,1225.0,3333.0,41.7,187.4,196.0,212.4,1253.0,2475.0,80.1,320.5,280.7,314.6,2057.0,4386.0,18.2,57.0,20.8,42.6,718.4,1412.0,12.5,58.8,39.2,70.8,1176.0,2907.0,67.8,229.2,76.9,123.0,865.0,1474.0,131.3,330.6,108.3,164.2,1488.0,3623.0,234.5,434.0,205.5,176.4,732.0,2016.0,167.2,489.7,361.5,255.6,1098.0,2336.0,229.6,530.2,227.3,209.9,831.9,1582.0,503.0,920.8,512.8,306.9,1152.0,2976.0,471.7,734.2,344.5,333.3,1976.0,3378.0,333.3,1113.0,712.2,473.4,2688.0,4424.0,446.4,954.2,369.5,329.3,1683.0,2941.0,796.1,2016.0,830.5,494.5,1730.0,2604.0
2026-05-21,19,5,official_closing,closing_displayed,https://www.boatrace.jp/owpc/pc/race/odds3t?hd=20260521&jcd=19&rno=5,36.9,429.8,684.9,34.1,1783.0,59.0,12.0,170.2,381.0,77.4,2749.0,139.1,282.7,927.1,1052.0,252.3,1589.0,36.6,16.3,174.5,573.7,16.5,2083.0,353.7,47.9,788.6,984.8,119.4,2009.0,157.7,25.5,1025.0,1121.0,424.7,3806.0,601.6,418.9,2019.0,2040.0,1058.0,4303.0,245.9,36.6,1264.0,1015.0,138.1,2711.0,1112.0,6.5,272.0,507.5,263.9,3412.0,438.9,13.5,920.6,903.8,574.6,4550.0,877.8,149.7,1744.0,2489.0,1244.0,4448.0,580.4,4.3,418.0,745.5,334.0,4550.0,2094.0,729.0,1505.0,2061.0,677.9,1912.0,55.3,842.3,2827.0,2328.0,1137.0,4081.0,139.3,579.6,2315.0,2370.0,1477.0,4769.0,272.2,553.7,2328.0,3503.0,734.5,2275.0,580.4,14.5,275.1,829.9,25.8,2288.0,953.9,32.2,1260.0,1670.0,67.5,3245.0,1649.0,7.9,508.2,879.7,144.7,4211.0,2151.0,205.3,1713.0,3271.0,273.0,2537.0,1150.0
2026-05-21,19,6,official_closing,closing_displayed,https://www.boatrace.jp/owpc/pc/race/odds3t?hd=20260521&jcd=19&rno=6,20.7,93.3,96.1,40.2,374.9,290.0,11.4,40.7,51.2,45.4,688.5,366.4,41.2,110.0,149.0,46.0,245.7,158.0,26.1,85.8,85.4,28.6,330.7,389.6,21.2,193.3,198.2,74.2,568.3,437.4,12.0,265.9,232.6,196.7,1787.0,1031.0,55.1,698.8,553.3,140.1,754.0,454.5,25.7,464.5,372.0,112.4,874.9,1004.0,12.4,73.8,78.3,78.0,1138.0,547.5,11.9,201.3,185.0,183.8,1850.0,1088.0,32.5,181.6,205.0,173.4,1438.0,568.3,11.9,146.6,107.8,95.1,1438.0,1399.0,94.5,297.2,485.5,74.3,295.3,194.8,137.5,1031.0,864.1,155.7,643.1,456.0,71.6,374.6,432.9,217.3,1176.0,483.3,101.4,510.3,702.3,92.6,383.2,550.4,60.8,242.9,255.3,51.6,580.8,620.3,58.3,657.2,621.2,116.7,1156.0,1228.0,35.6,291.6,240.6,119.8,1714.0,1883.0,119.9,650.1,682.9,113.7,648.1,719.1
2026-05-21,19,7,official_closing,closing_displayed,https://www.boatrace.jp/owpc/pc/race/odds3t?hd=20260521&jcd=19&rno=7,28.8,413.9,375.4,109.3,201.5,108.0,16.8,320.1,182.6,132.9,261.6,99.4,28.1,419.9,263.6,43.5,101.3,59.1,20.1,318.5,164.8,34.0,78.1,128.9,33.6,902.0,808.8,256.2,502.5,336.0,18.8,1366.0,1132.0,770.5,1307.0,737.4,32.7,1742.0,1288.0,305.3,815.1,426.1,20.1,1589.0,1106.0,236.4,715.7,786.8,16.5,558.7,320.2,352.9,784.8,214.4,22.9,1441.0,812.0,863.9,1558.0,606.2,14.8,895.7,677.5,568.2,1415.0,314.7,9.1,565.2,399.8,372.1,1039.0,707.7,40.4,947.9,674.6,58.3,129.5,96.0,46.3,1939.0,1387.0,164.6,411.0,296.6,27.7,1159.0,992.4,350.3,677.5,324.2,24.4,1001.0,940.9,48.8,106.5,205.4,28.4,631.0,274.2,49.1,167.9,273.9,31.4,1751.0,1022.0,144.6,580.7,843.3,14.9,729.7,453.9,240.4,737.4,1017.0,31.4,992.4,828.9,66.6,200.4,307.8
2026-05-21,19,8,official_closing,closing_displayed,https://www.boatrace.jp/owpc/pc/race/odds3t?hd=20260521&jcd=19&rno=8,7.3,115.0,192.7,261.7,227.7,241.8,22.0,260.8,193.5,304.2,255.7,231.4,14.5,191.8,173.7,130.7,241.5,333.2,14.7,166.5,224.7,145.4,172.0,240.9,10.1,369.4,412.0,578.1,508.4,525.8,15.8,1307.0,1020.0,1418.0,1495.0,1384.0,9.1,1010.0,1135.0,702.3,1615.0,1652.0,13.4,1161.0,1057.0,897.4,1190.0,1484.0,31.8,699.2,592.7,621.7,575.2,570.3,28.0,1349.0,1190.0,1520.0,1659.0,1568.0,23.8,1232.0,1153.0,1208.0,1846.0,1500.0,28.0,1529.0,1197.0,1077.0,1462.0,1730.0,21.1,547.3,470.8,169.8,344.2,638.5,17.8,1042.0,1163.0,469.1,1040.0,1765.0,29.2,1520.0,1333.0,756.0,1294.0,1659.0,17.8,1010.0,1201.0,207.1,399.2,1058.0,30.2,651.5,619.3,280.0,322.6,426.0,26.9,1580.0,1381.0,718.0,1019.0,1438.0,44.3,1881.0,1478.0,924.3,1068.0,1506.0,28.5,1676.0,1535.0,309.7,648.3,1039.0
2026-05-21,19,9,official_closing,closing_displayed,https://www.boatrace.jp/owpc/pc/race/odds3t?hd=20260521&jcd=19&rno=9,7.1,44.9,34.0,196.9,212.2,1660.0,13.7,76.6,39.4,181.0,181.0,1908.0,11.8,70.9,34.7,171.4,275.6,2419.0,114.5,391.8,290.6,724.1,804.2,1958.0,7.2,70.7,63.1,304.6,340.3,2162.0,10.4,128.4,110.1,355.0,540.8,2906.0,9.2,141.5,116.5,438.9,751.5,2993.0,125.1,586.1,502.5,1110.0,1559.0,3140.0,21.1,164.0,67.1,228.6,260.5,2406.0,21.4,200.3,105.6,330.5,471.5,3118.0,27.7,289.9,96.0,323.3,607.2,2762.0,178.3,754.7,377.9,957.3,1564.0,2572.0,21.6,187.0,72.4,265.2,443.5,3254.0,21.6,257.0,143.0,490.4,789.3,3339.0,32.1,426.6,132.6,412.2,749.6,3278.0,166.1,1077.0,483.5,848.4,1537.0,3107.0,392.0,904.1,692.7,1598.0,1462.0,2386.0,408.7,1360.0,1120.0,1841.0,2248.0,3185.0,516.4,1379.0,1012.0,1929.0,2367.0,2859.0,468.8,1489.0,1066.0,1734.0,2081.0,2973.0
2026-05-21,19,10,official_closing,closing_displayed,https://www.boatrace.jp/owpc/pc/race/odds3t?hd=20260521&jcd=19&rno=10,16.4,144.1,286.3,74.7,715.8,75.2,10.2,106.3,181.9,107.8,843.6,112.4,51.1,336.9,413.8,137.4,507.0,55.0,11.7,117.8,208.5,33.8,410.7,249.4,22.4,350.0,498.8,166.3,1260.0,159.8,16.5,520.2,681.9,494.5,2286.0,445.0,63.5,1268.0,1381.0,517.2,1455.0,218.7,18.5,513.2,646.0,143.0,1090.0,865.0,12.0,215.1,298.8,250.5,1522.0,252.8,17.1,470.0,657.1,565.5,2424.0,634.9,40.2,808.1,840.5,602.1,1678.0,376.9,8.0,221.0,328.9,219.1,1408.0,1111.0,87.5,981.1,1143.0,208.3,653.3,70.5,106.1,1861.0,1994.0,394.7,1163.0,141.2,77.6,1417.0,1354.0,466.9,1267.0,249.0,74.6,1153.0,1127.0,127.9,418.0,258.8,18.5,241.9,392.8,42.8,666.6,528.5,28.2,608.5,859.4,83.5,1014.0,1077.0,13.7,279.4,435.3,139.5,1258.0,1333.0,79.1,1096.0,1286.0,110.6,533.7,560.3
2026-05-21,19,11,official_closing,closing_displayed,https://www.boatrace.jp/owpc/pc/race/odds3t?hd=20260521&jcd=19&rno=11,7.5,57.4,36.6,508.3,203.2,689.2,36.0,225.7,52.3,387.4,133.2,567.8,18.6,126.5,24.6,399.0,399.2,1283.0,34.0,180.2,51.4,525.4,229.4,928.2,5.9,116.2,108.4,990.4,467.2,1101.0,11.1,650.0,525.4,1503.0,680.9,1608.0,5.6,325.4,263.8,1334.0,1471.0,2810.0,12.4,452.0,413.3,1407.0,884.5,2045.0,63.6,799.8,235.5,561.8,218.8,811.3,36.6,1362.0,634.0,1239.0,547.1,1588.0,59.8,1267.0,352.1,935.9,936.9,1940.0,80.6,1416.0,488.5,1066.0,493.8,1303.0,28.1,382.6,89.2,543.2,797.0,1936.0,15.3,569.2,242.0,1001.0,1452.0,2948.0,64.9,1149.0,330.7,870.0,1251.0,2548.0,36.7,781.8,183.5,715.5,1077.0,2179.0,99.9,650.5,291.1,904.9,465.3,1044.0,60.1,994.7,663.9,1423.0,873.4,1879.0,176.3,1833.0,775.8,1367.0,646.7,1367.0,85.4,1101.0,437.5,1097.0,1258.0,2174.0
2026-05-21,19,12,official_closing,closing_displayed,https://www.boatrace.jp/owpc/pc/race/odds3t?hd=20260521&jcd=19&rno=12,8.7,97.0,154.0,46.3,269.6,373.9,7.1,73.8,115.8,86.7,401.6,517.4,24.1,158.9,156.3,47.8,211.0,348.1,16.2,135.9,175.7,47.4,247.6,679.4,15.3,283.2,314.1,108.7,582.8,733.2,15.0,641.7,556.8,325.9,1309.0,1423.0,33.7,914.5,697.2,177.2,880.8,903.0,26.8,893.5,636.6,152.8,959.8,1625.0,9.7,170.0,263.6,240.1,798.5,1020.0,18.0,559.8,602.9,485.1,1293.0,1730.0,20.7,482.9,440.8,364.9,1199.0,1427.0,16.5,374.0,396.4,303.1,1336.0,2235.0,50.7,491.0,450.9,65.0,244.2,434.5,68.3,1097.0,774.8,110.7,403.3,743.1,52.5,738.9,680.4,248.0,838.6,1168.0,60.6,1009.0,721.8,67.3,253.1,684.6,44.0,520.8,589.7,87.4,543.9,1069.0,64.4,1229.0,1030.0,135.5,927.5,1811.0,53.8,646.3,852.1,271.5,1304.0,2125.0,97.8,1327.0,1355.0,109.6,502.9,828.5
