date,jcd,rno,source_type,snapshot_type,source_url,odds_mapping_version,1-2-3,1-2-4,1-2-5,1-2-6,1-3-2,1-3-4,1-3-5,1-3-6,1-4-2,1-4-3,1-4-5,1-4-6,1-5-2,1-5-3,1-5-4,1-5-6,1-6-2,1-6-3,1-6-4,1-6-5,2-1-3,2-1-4,2-1-5,2-1-6,2-3-1,2-3-4,2-3-5,2-3-6,2-4-1,2-4-3,2-4-5,2-4-6,2-5-1,2-5-3,2-5-4,2-5-6,2-6-1,2-6-3,2-6-4,2-6-5,3-1-2,3-1-4,3-1-5,3-1-6,3-2-1,3-2-4,3-2-5,3-2-6,3-4-1,3-4-2,3-4-5,3-4-6,3-5-1,3-5-2,3-5-4,3-5-6,3-6-1,3-6-2,3-6-4,3-6-5,4-1-2,4-1-3,4-1-5,4-1-6,4-2-1,4-2-3,4-2-5,4-2-6,4-3-1,4-3-2,4-3-5,4-3-6,4-5-1,4-5-2,4-5-3,4-5-6,4-6-1,4-6-2,4-6-3,4-6-5,5-1-2,5-1-3,5-1-4,5-1-6,5-2-1,5-2-3,5-2-4,5-2-6,5-3-1,5-3-2,5-3-4,5-3-6,5-4-1,5-4-2,5-4-3,5-4-6,5-6-1,5-6-2,5-6-3,5-6-4,6-1-2,6-1-3,6-1-4,6-1-5,6-2-1,6-2-3,6-2-4,6-2-5,6-3-1,6-3-2,6-3-4,6-3-5,6-4-1,6-4-2,6-4-3,6-4-5,6-5-1,6-5-2,6-5-3,6-5-4
2026-07-03,04,1,official_closing,closing_displayed,https://www.boatrace.jp/owpc/pc/race/odds3t?hd=20260703&jcd=04&rno=1,official_table_v2,35.6,35.1,16.0,196.7,73.9,100.7,52.7,434.4,48.2,108.8,34.9,248.2,14.7,39.3,23.7,97.6,495.8,762.7,638.5,435.5,66.0,50.5,26.1,251.6,163.6,207.6,111.1,610.7,81.1,161.7,51.4,296.7,29.3,66.5,43.6,147.3,671.6,1187.0,711.2,567.5,223.5,282.3,131.9,655.9,259.7,301.5,167.0,648.3,384.0,346.8,217.7,826.3,132.5,140.0,184.6,507.7,1359.0,1491.0,1221.0,1053.0,66.6,132.1,37.9,188.5,79.8,160.7,39.7,230.2,321.0,303.7,181.2,723.5,25.3,24.6,61.3,54.9,428.9,476.2,513.9,213.6,15.4,44.9,23.0,66.1,23.3,59.6,32.9,91.2,99.0,107.1,140.4,287.1,27.0,31.6,78.9,64.2,119.8,149.1,265.8,149.7,806.5,1478.0,1491.0,729.7,1393.0,2247.0,1505.0,1027.0,2309.0,2554.0,1983.0,1915.0,1737.0,1737.0,2408.0,776.8,613.0,776.8,1204.0,636.1
2026-07-03,04,2,official_closing,closing_displayed,https://www.boatrace.jp/owpc/pc/race/odds3t?hd=20260703&jcd=04&rno=2,official_table_v2,7.7,11.1,121.4,31.6,6.5,4.2,73.9,16.7,14.1,9.1,113.3,20.4,287.8,249.3,327.8,296.9,58.0,53.3,56.1,196.9,79.6,120.2,505.7,186.0,156.3,340.9,914.5,567.3,286.1,463.7,1340.0,582.4,1124.0,1279.0,1763.0,1019.0,454.1,897.7,901.9,1359.0,55.5,33.7,251.2,92.9,134.4,222.4,782.8,359.1,95.0,188.9,719.5,174.9,619.3,893.6,1118.0,741.3,291.6,520.5,295.2,773.5,91.1,54.1,299.2,93.0,221.6,382.2,1087.0,471.6,132.8,333.4,923.2,268.4,591.2,1093.0,1118.0,755.6,146.3,277.6,246.1,674.8,914.5,847.2,1118.0,959.4,1340.0,1687.0,1747.0,1397.0,1019.0,1829.0,1997.0,1617.0,1313.0,1763.0,2038.0,1591.0,993.4,1322.0,1296.0,1368.0,309.1,356.5,308.2,897.7,686.7,1124.0,1105.0,1812.0,589.5,1035.0,602.2,1630.0,396.1,1057.0,582.4,1658.0,1517.0,1812.0,1976.0,2082.0
2026-07-03,04,3,official_closing,closing_displayed,https://www.boatrace.jp/owpc/pc/race/odds3t?hd=20260703&jcd=04&rno=3,official_table_v2,63.4,341.5,65.4,43.8,74.7,389.9,66.5,53.1,606.9,740.2,726.0,589.5,92.4,94.8,554.7,55.3,45.0,55.2,336.4,45.8,72.2,419.6,72.7,41.8,73.6,306.7,37.9,27.5,944.7,818.0,940.7,517.8,93.1,49.3,467.4,32.7,48.4,28.6,233.7,29.8,104.3,375.6,83.3,58.5,91.7,335.4,42.3,28.7,752.6,760.2,719.0,578.9,81.4,50.1,345.2,21.7,58.0,29.5,233.4,21.7,1140.0,1360.0,969.0,1021.0,1385.0,1070.0,1075.0,868.4,1515.0,1320.0,1075.0,1134.0,1429.0,1297.0,1247.0,608.5,1134.0,821.0,1146.0,686.2,163.8,154.7,535.0,83.6,155.0,80.7,575.9,48.9,131.7,86.0,506.2,39.8,1030.0,1163.0,981.6,405.3,52.4,34.8,29.8,156.6,55.4,70.0,334.9,57.4,63.2,43.1,284.0,35.7,78.5,44.0,240.7,30.7,447.9,453.3,460.7,297.8,58.7,34.3,29.7,154.9
2026-07-03,04,4,official_closing,closing_displayed,https://www.boatrace.jp/owpc/pc/race/odds3t?hd=20260703&jcd=04&rno=4,official_table_v2,41.4,117.5,93.9,30.2,28.3,79.7,44.2,18.4,218.8,202.1,300.8,117.3,167.5,123.5,343.9,95.6,42.6,35.4,107.1,64.5,63.6,206.9,122.6,43.5,68.9,206.5,92.4,44.1,471.3,377.5,477.8,197.1,224.2,176.9,516.8,131.4,66.7,64.7,156.1,93.8,36.8,82.6,50.5,16.8,52.1,113.1,68.3,26.9,120.9,134.5,130.7,61.2,77.9,91.6,160.3,41.9,15.1,16.9,39.3,25.8,493.6,477.8,559.7,247.1,617.7,531.3,556.8,213.9,473.4,562.8,425.2,182.5,762.0,715.0,608.7,257.7,260.3,217.9,198.4,201.5,542.3,368.9,866.3,317.3,684.5,447.1,1059.0,340.6,295.3,333.5,543.7,154.7,1098.0,1173.0,815.6,508.0,272.5,309.7,165.5,410.2,63.4,42.8,145.8,121.3,85.0,61.5,147.7,130.5,29.5,34.3,71.5,54.7,268.0,237.5,177.1,265.9,182.0,161.7,115.5,276.9
2026-07-03,04,5,official_closing,closing_displayed,https://www.boatrace.jp/owpc/pc/race/odds3t?hd=20260703&jcd=04&rno=5,official_table_v2,25.6,37.2,52.6,126.3,22.5,17.3,20.9,60.9,54.8,35.0,56.7,108.3,87.6,53.1,88.3,109.5,310.1,199.7,349.6,235.6,36.4,51.1,79.3,210.0,60.6,66.2,81.8,180.3,133.7,131.3,190.7,389.8,196.2,165.2,216.0,344.2,595.6,493.0,812.4,640.7,33.0,13.6,18.3,51.0,64.1,54.2,66.4,129.7,18.2,42.3,17.7,41.7,35.3,67.6,28.3,50.0,153.4,217.9,105.8,114.0,177.4,82.7,108.3,205.5,260.4,200.7,251.0,365.3,63.3,139.5,60.7,111.7,140.4,233.4,91.2,140.9,400.6,540.2,260.7,266.2,202.5,127.5,185.8,232.9,286.4,245.6,316.3,491.8,114.2,210.7,116.0,171.8,264.1,347.8,158.1,265.1,445.4,573.7,252.3,358.2,839.3,763.6,1080.0,1041.0,1318.0,1209.0,1562.0,1538.0,672.5,923.2,435.8,470.1,1238.0,1515.0,559.5,617.3,962.6,1201.0,510.3,573.7
2026-07-03,04,6,official_closing,closing_displayed,https://www.boatrace.jp/owpc/pc/race/odds3t?hd=20260703&jcd=04&rno=6,official_table_v2,48.8,283.7,59.7,118.3,25.3,153.1,8.0,23.3,428.2,424.3,590.7,767.9,39.0,12.3,234.3,28.4,141.0,62.9,561.9,58.7,163.9,671.7,236.5,378.3,197.2,805.5,231.3,460.7,1669.0,1371.0,1669.0,1634.0,313.8,258.2,1476.0,449.1,786.3,822.8,2258.0,921.5,42.8,188.3,10.6,29.1,83.7,392.4,81.7,154.9,465.4,542.1,345.4,517.7,13.6,42.6,169.9,20.8,66.7,164.2,442.2,52.8,1706.0,1496.0,1413.0,2057.0,2113.0,1458.0,1888.0,1706.0,1118.0,1355.0,1169.0,1645.0,1873.0,2003.0,1422.0,1486.0,2618.0,2451.0,2648.0,2399.0,55.4,16.8,293.4,24.9,131.2,127.8,805.5,128.3,18.3,63.1,273.9,22.8,847.0,1151.0,722.2,673.6,30.8,70.3,28.3,300.3,262.4,129.1,843.9,124.8,552.5,617.6,1732.0,561.9,146.3,338.3,869.4,103.3,1904.0,1858.0,1786.0,1858.0,108.0,246.9,89.9,825.7
2026-07-03,04,7,official_closing,closing_displayed,https://www.boatrace.jp/owpc/pc/race/odds3t?hd=20260703&jcd=04&rno=7,official_table_v2,32.2,60.8,10.5,49.5,63.7,182.4,31.9,178.8,124.7,220.3,67.1,256.0,8.1,21.1,34.3,20.0,143.0,316.3,384.0,89.2,81.3,153.6,27.7,102.6,193.4,428.6,109.6,335.1,341.9,670.2,254.4,687.7,25.8,57.7,129.0,50.5,283.3,493.9,854.1,182.1,172.5,453.2,118.8,434.9,189.5,483.8,98.4,243.9,687.7,773.2,662.7,1300.0,111.9,84.1,358.4,115.9,1028.0,619.3,1666.0,407.2,353.1,810.2,211.0,611.3,469.4,1006.0,367.3,892.8,1121.0,1442.0,1159.0,1988.0,174.1,242.1,637.7,297.9,1245.0,1507.0,2190.0,842.0,10.9,33.9,50.8,19.3,16.6,46.7,91.2,24.8,74.0,70.6,235.8,87.3,92.2,127.7,316.3,126.8,34.6,35.7,103.3,129.4,575.6,1285.0,1442.0,447.2,639.4,1265.0,1587.0,334.6,1892.0,1536.0,2253.0,1028.0,2342.0,2464.0,2783.0,1566.0,335.1,240.4,676.0,824.3
2026-07-03,04,8,official_closing,closing_displayed,https://www.boatrace.jp/owpc/pc/race/odds3t?hd=20260703&jcd=04&rno=8,official_table_v2,20.3,10.1,184.4,78.8,26.6,11.6,163.9,81.1,5.3,6.1,57.9,18.5,346.8,411.2,246.6,422.3,215.5,240.5,130.7,592.8,81.9,48.7,429.2,205.6,139.1,144.1,636.0,450.1,58.2,114.7,417.8,178.9,801.5,1091.0,844.6,1320.0,503.5,924.1,630.9,1726.0,139.6,66.4,510.0,249.7,173.4,181.6,518.5,358.6,71.0,157.1,518.5,260.9,744.5,618.5,897.7,1047.0,586.2,704.5,541.7,1190.0,13.5,16.2,64.2,26.8,34.1,72.0,195.4,84.1,34.9,76.6,266.2,124.4,133.0,199.3,292.5,186.1,67.3,113.4,145.3,189.0,730.7,1163.0,649.2,1122.0,1040.0,1482.0,1199.0,1555.0,1454.0,1603.0,2212.0,2123.0,601.9,1000.0,1415.0,1130.0,1915.0,2212.0,2123.0,2067.0,641.2,913.4,466.1,2244.0,981.9,1525.0,1130.0,2618.0,969.8,1805.0,835.6,2310.0,423.4,1054.0,822.5,1707.0,2417.0,2805.0,2276.0,2534.0
2026-07-03,04,9,official_closing,closing_displayed,https://www.boatrace.jp/owpc/pc/race/odds3t?hd=20260703&jcd=04&rno=9,official_table_v2,5.5,18.5,85.6,14.6,6.4,20.7,82.7,14.2,62.2,61.3,229.3,92.8,276.9,283.3,438.8,327.2,47.4,47.2,140.5,286.5,13.3,34.7,123.3,28.8,24.5,68.7,173.6,40.5,152.3,175.8,622.0,264.8,506.4,552.3,889.0,629.6,81.3,97.2,290.5,429.7,21.8,55.5,140.5,31.5,30.8,71.5,163.4,44.9,132.5,116.6,267.6,128.9,325.1,282.9,387.1,322.6,72.5,77.5,226.6,357.7,308.2,358.3,645.3,419.3,342.3,387.1,896.7,569.0,349.3,357.7,674.7,529.7,1286.0,1418.0,1770.0,1294.0,729.3,848.9,954.5,1345.0,1163.0,1190.0,1697.0,1302.0,1618.0,1336.0,2203.0,1770.0,1545.0,950.2,1523.0,1278.0,2557.0,2408.0,2959.0,2030.0,1801.0,2030.0,1849.0,2135.0,177.9,200.5,716.7,1056.0,239.4,235.1,753.2,1311.0,294.2,279.9,719.2,1225.0,1084.0,1176.0,1183.0,1801.0,1697.0,1817.0,1785.0,2092.0
2026-07-03,04,10,official_closing,closing_displayed,https://www.boatrace.jp/owpc/pc/race/odds3t?hd=20260703&jcd=04&rno=10,official_table_v2,6.4,10.7,41.2,18.0,14.0,27.8,62.4,41.5,31.5,53.2,148.4,69.0,111.6,158.2,244.0,158.6,86.8,140.3,167.5,246.4,9.6,12.6,47.9,21.5,29.0,42.8,117.3,53.9,36.0,61.2,157.3,54.0,197.4,255.7,311.4,296.2,80.5,150.5,149.4,365.8,52.8,76.7,140.8,103.8,57.2,66.3,173.0,100.3,157.3,124.3,351.2,189.4,256.1,228.2,453.5,374.3,226.1,211.4,394.5,480.7,94.5,202.2,288.9,170.0,92.4,147.2,321.6,135.5,262.6,227.9,755.1,338.3,495.6,549.8,858.3,508.5,319.9,277.5,632.9,695.4,301.8,523.6,862.5,517.5,384.1,571.2,706.6,558.5,637.5,768.3,1466.0,1213.0,807.1,730.1,1284.0,758.4,501.3,510.0,1066.0,1092.0,271.9,709.5,858.3,1180.0,307.6,498.4,639.8,1142.0,916.4,594.4,1165.0,1852.0,1011.0,669.0,1419.0,1644.0,1188.0,1353.0,1933.0,1659.0
2026-07-03,04,11,official_closing,closing_displayed,https://www.boatrace.jp/owpc/pc/race/odds3t?hd=20260703&jcd=04&rno=11,official_table_v2,14.4,5.4,9.1,71.4,37.8,49.0,69.9,218.4,12.1,43.9,22.9,113.5,31.8,100.5,51.4,195.8,314.0,554.8,469.5,494.1,36.5,12.8,19.6,101.7,104.5,126.2,205.5,417.6,27.4,92.7,46.7,173.5,71.8,239.2,93.1,329.4,447.9,1025.0,709.8,777.3,202.8,296.4,355.7,617.1,222.1,287.1,419.9,591.7,391.1,340.9,483.8,876.5,615.8,682.6,754.0,1239.0,1855.0,1679.0,1482.0,2419.0,31.2,137.2,34.5,114.7,38.8,168.0,41.8,130.2,268.7,320.6,402.6,651.7,40.3,39.1,201.0,80.1,200.9,229.0,739.3,229.4,118.1,424.1,139.5,296.7,150.5,514.2,163.1,406.4,804.2,899.9,1320.0,1708.0,111.8,102.5,386.1,172.2,631.3,812.8,1574.0,623.4,1338.0,3149.0,2852.0,2993.0,1475.0,3251.0,2344.0,2381.0,4319.0,4319.0,3183.0,4446.0,2129.0,2099.0,3733.0,1550.0,2129.0,2699.0,3643.0,1583.0
2026-07-03,04,12,official_closing,closing_displayed,https://www.boatrace.jp/owpc/pc/race/odds3t?hd=20260703&jcd=04&rno=12,official_table_v2,8.2,6.4,38.6,27.4,13.3,10.4,37.5,29.3,7.2,9.8,29.9,17.1,133.9,138.0,106.1,153.4,105.3,109.6,70.9,207.2,49.4,41.9,165.4,120.7,108.1,208.1,483.4,370.6,86.7,176.4,370.6,247.9,568.9,840.6,1040.0,1049.0,406.2,757.8,591.2,920.8,70.5,68.8,145.9,149.8,131.4,300.3,535.7,540.3,117.9,230.4,389.4,332.7,554.6,674.9,932.2,923.1,625.6,1029.0,846.3,1226.0,35.4,57.8,91.3,78.6,83.2,182.0,314.9,228.6,145.8,242.8,454.3,298.2,194.7,347.1,469.6,272.1,200.0,323.8,443.6,371.0,737.0,692.3,757.8,936.8,996.3,1426.0,1562.0,1524.0,1137.0,1537.0,1892.0,2046.0,722.8,1432.0,1500.0,936.8,1595.0,2046.0,1971.0,1751.0,825.9,1263.0,914.1,2069.0,943.9,2368.0,1609.0,2729.0,1743.0,2510.0,1630.0,2579.0,985.9,1482.0,1784.0,2115.0,2092.0,2615.0,2853.0,2494.0
2026-07-03,06,1,official_closing,closing_displayed,https://www.boatrace.jp/owpc/pc/race/odds3t?hd=20260703&jcd=06&rno=1,official_table_v2,30.8,36.1,19.9,120.0,64.0,103.1,58.8,277.8,64.9,135.8,67.4,229.0,25.4,51.7,65.4,87.3,399.1,472.4,537.3,290.2,37.9,38.8,13.7,77.9,82.3,88.8,40.8,142.5,45.6,83.7,24.1,102.9,18.8,31.1,17.2,45.4,355.6,467.9,300.9,192.9,143.6,229.0,103.6,291.0,177.1,187.3,98.7,348.0,289.3,254.0,214.0,546.3,104.8,96.5,151.8,179.1,660.8,740.9,873.2,496.4,124.4,299.0,96.4,224.3,122.5,216.8,52.8,165.7,385.0,305.6,176.2,348.0,79.8,41.6,145.5,79.1,432.7,266.4,683.9,174.3,32.1,73.7,61.9,71.3,29.9,50.9,28.5,49.2,108.5,116.7,201.2,180.1,77.6,39.8,165.2,62.8,109.0,90.7,199.5,113.5,815.0,1304.0,1577.0,949.5,987.9,1481.0,889.1,534.4,1253.0,1552.0,1715.0,1358.0,1417.0,1063.0,2080.0,626.9,630.9,459.1,931.4,467.9
2026-07-03,06,2,official_closing,closing_displayed,https://www.boatrace.jp/owpc/pc/race/odds3t?hd=20260703&jcd=06&rno=2,official_table_v2,50.5,63.3,172.5,47.1,68.1,26.3,61.0,21.4,57.5,27.5,41.1,13.0,266.7,170.4,125.3,98.4,55.2,34.6,20.7,64.9,239.6,214.4,347.8,107.3,315.1,313.8,394.1,149.1,283.7,367.3,270.0,148.3,708.8,786.3,504.9,383.1,213.5,249.1,188.9,347.8,122.4,53.4,103.1,29.1,223.0,215.0,293.7,104.3,79.0,190.1,114.8,41.5,173.7,331.8,168.3,104.4,58.1,122.0,55.8,97.4,127.9,79.7,74.7,25.4,229.1,330.3,178.6,119.3,112.3,271.5,122.9,64.2,87.0,127.9,128.6,34.1,21.5,63.4,48.6,26.3,642.4,527.8,367.3,254.5,834.1,1102.0,618.7,535.3,601.5,1198.0,601.5,349.4,284.3,408.0,441.4,91.5,206.2,360.3,285.9,99.9,103.4,76.2,36.1,107.3,189.6,268.1,188.2,349.4,144.8,309.3,120.4,261.2,35.8,115.4,77.7,49.4,180.8,397.3,274.0,84.2
2026-07-03,06,3,official_closing,closing_displayed,https://www.boatrace.jp/owpc/pc/race/odds3t?hd=20260703&jcd=06&rno=3,official_table_v2,10.1,10.0,31.0,327.6,9.3,5.4,16.1,273.8,8.4,5.8,10.9,161.4,43.2,38.7,29.3,296.8,846.6,860.3,572.0,970.8,210.1,233.0,469.3,1556.0,401.6,669.7,1195.0,2432.0,366.1,587.9,984.4,1996.0,1131.0,1653.0,1628.0,3256.0,3587.0,3649.0,4070.0,3993.0,132.6,63.7,140.3,761.3,301.9,447.4,769.6,2035.0,114.4,302.7,286.0,1490.0,392.6,878.2,599.5,1108.0,2251.0,3413.0,3713.0,3159.0,47.4,39.3,40.1,244.4,123.4,209.9,214.4,596.2,107.2,282.9,232.3,1189.0,78.7,170.2,185.3,375.9,1022.0,1734.0,1996.0,1096.0,358.1,354.5,253.1,916.2,710.2,1365.0,966.4,1824.0,719.9,1706.0,1282.0,3359.0,224.2,523.8,601.2,896.8,2182.0,2713.0,3307.0,2899.0,2251.0,4150.0,4601.0,5427.0,2748.0,4319.0,5569.0,4319.0,3587.0,5720.0,6047.0,5427.0,3307.0,4319.0,4703.0,6047.0,4810.0,3919.0,4810.0,5569.0
2026-07-03,06,4,official_closing,closing_displayed,https://www.boatrace.jp/owpc/pc/race/odds3t?hd=20260703&jcd=06&rno=4,official_table_v2,11.4,11.5,43.2,16.5,11.4,8.4,21.5,11.8,13.2,12.7,32.7,8.6,65.9,52.4,61.9,57.2,26.2,26.4,16.0,63.6,265.8,261.3,482.6,304.8,485.1,1116.0,1305.0,1459.0,500.8,1544.0,1314.0,1305.0,1286.0,2375.0,2406.0,3038.0,753.3,2375.0,1715.0,3633.0,138.5,80.5,128.6,101.8,410.9,874.1,1103.0,1109.0,248.4,798.8,636.8,492.8,388.5,904.0,908.4,699.3,325.7,1305.0,609.6,1052.0,122.9,184.2,165.4,73.4,364.8,1077.0,975.3,676.3,390.9,1333.0,1052.0,681.3,317.8,691.5,980.5,359.1,125.3,359.1,586.4,346.3,678.8,520.5,599.7,488.9,1506.0,2059.0,1834.0,1871.0,701.9,2206.0,2014.0,1816.0,762.6,1403.0,1715.0,874.1,812.8,2036.0,2014.0,1077.0,191.4,191.4,122.1,520.5,463.3,1557.0,1151.0,2470.0,450.9,1781.0,899.6,1834.0,208.2,960.2,865.9,1083.0,955.2,2766.0,2206.0,1252.0
2026-07-03,06,5,official_closing,closing_displayed,https://www.boatrace.jp/owpc/pc/race/odds3t?hd=20260703&jcd=06&rno=5,official_table_v2,66.4,93.9,29.5,125.0,62.5,71.5,21.4,80.2,157.9,140.7,62.6,153.3,18.8,14.4,27.3,19.1,222.6,190.8,247.9,87.9,273.3,351.6,127.6,348.7,353.9,421.4,170.2,501.9,550.3,618.0,313.1,720.1,103.2,123.8,178.3,152.1,749.5,665.2,763.3,368.1,267.6,262.0,75.4,202.0,386.1,539.5,192.8,426.9,396.2,583.2,156.7,328.6,52.7,107.3,84.8,50.3,321.0,544.8,422.5,117.4,583.2,766.8,281.7,534.3,659.9,1227.0,532.6,1035.0,720.1,1166.0,368.1,676.1,161.7,279.8,215.9,177.9,763.3,1111.0,788.7,350.2,21.8,14.9,36.8,12.5,51.0,82.9,119.2,55.0,29.3,65.2,67.3,24.4,76.0,147.1,97.0,56.3,15.2,33.0,18.2,39.9,541.3,494.4,867.2,203.9,905.1,1119.0,1533.0,470.5,620.3,1119.0,930.5,221.1,1562.0,2151.0,1274.0,567.2,123.4,235.6,141.3,269.7
2026-07-03,06,6,official_closing,closing_displayed,https://www.boatrace.jp/owpc/pc/race/odds3t?hd=20260703&jcd=06&rno=6,official_table_v2,34.5,63.1,23.1,50.9,45.4,53.9,14.7,53.7,129.9,111.0,54.6,128.8,18.1,11.5,25.2,25.2,119.4,112.6,165.1,72.4,64.3,106.9,38.6,69.4,170.7,312.6,115.9,203.4,315.6,383.0,241.2,379.7,59.6,82.9,140.5,97.8,217.9,282.9,366.9,199.6,177.7,168.6,47.0,241.7,300.4,450.1,163.7,488.8,303.2,448.6,159.5,519.8,36.3,108.9,92.5,84.8,507.7,685.8,770.6,287.2,398.1,381.9,190.9,411.9,462.9,492.4,369.0,623.8,451.7,648.5,214.4,731.8,156.7,282.3,169.0,215.8,744.3,818.7,935.7,444.0,28.7,14.7,37.6,30.2,62.5,61.2,139.6,74.8,25.0,63.9,49.1,55.6,102.6,181.1,82.5,111.7,52.1,83.8,61.2,100.7,331.6,350.2,519.8,214.0,567.1,757.2,916.1,444.0,715.8,1100.0,903.4,466.2,992.4,1350.0,1224.0,648.5,180.1,302.5,267.3,333.3
2026-07-03,06,7,official_closing,closing_displayed,https://www.boatrace.jp/owpc/pc/race/odds3t?hd=20260703&jcd=06&rno=7,official_table_v2,11.0,11.1,61.0,47.4,26.1,40.7,125.7,126.6,24.3,47.6,156.6,116.9,168.4,363.2,306.1,386.2,170.7,324.0,287.3,602.2,9.8,9.1,51.4,34.1,22.2,18.1,49.6,54.8,19.6,22.5,63.6,46.6,161.2,163.0,150.0,231.1,139.5,166.4,128.8,279.4,59.3,116.4,288.7,245.7,41.1,32.0,76.9,95.7,155.2,70.6,258.9,285.1,594.3,276.1,563.2,924.5,618.4,342.8,594.3,984.2,59.2,130.3,160.7,144.8,51.4,53.7,78.7,83.5,205.2,93.2,246.7,291.5,234.1,157.8,415.1,261.1,214.6,154.8,401.4,286.4,626.9,839.7,880.1,756.4,772.4,688.2,698.7,1005.0,1868.0,897.4,1564.0,1927.0,1408.0,792.5,1452.0,1262.0,1591.0,1551.0,1794.0,1452.0,536.8,1271.0,744.1,1525.0,570.3,832.1,470.6,1307.0,1605.0,1058.0,1289.0,2377.0,735.2,453.1,1151.0,1017.0,1849.0,1551.0,2128.0,1034.0
2026-07-03,06,8,official_closing,closing_displayed,https://www.boatrace.jp/owpc/pc/race/odds3t?hd=20260703&jcd=06&rno=8,official_table_v2,116.4,89.7,174.0,192.2,143.2,72.2,119.8,110.4,53.7,48.6,46.2,46.7,214.0,167.0,104.2,128.2,302.9,217.6,154.8,206.1,367.3,171.9,534.2,507.1,542.4,304.2,555.4,663.3,154.1,207.3,155.3,146.4,728.9,790.7,331.6,598.1,706.8,1076.0,336.4,804.3,371.2,278.8,451.4,371.2,553.2,431.9,566.6,514.5,222.8,258.7,177.6,137.7,647.9,764.8,349.0,322.4,703.3,744.4,321.7,455.9,33.7,46.8,19.9,20.3,53.4,77.6,33.4,31.0,79.4,95.5,46.2,45.5,12.9,17.7,27.6,6.7,19.3,24.8,33.4,9.2,319.5,370.2,160.6,211.4,571.2,657.0,277.7,404.5,744.4,863.9,348.1,323.2,82.8,94.2,133.0,42.2,258.2,295.2,299.7,105.7,624.8,799.7,371.2,669.6,833.1,1206.0,430.6,902.9,1238.0,1457.0,468.1,897.1,213.6,244.2,295.9,91.4,598.1,686.0,728.9,154.8
2026-07-03,06,9,official_closing,closing_displayed,https://www.boatrace.jp/owpc/pc/race/odds3t?hd=20260703&jcd=06&rno=9,official_table_v2,26.2,62.4,112.2,40.3,50.0,151.7,259.1,101.4,183.8,294.9,560.9,353.0,222.9,488.3,764.0,477.7,135.2,231.0,350.3,559.1,11.6,23.4,38.5,17.8,12.9,12.3,21.3,8.1,45.1,24.8,48.4,26.7,90.1,55.7,79.2,59.9,28.7,14.8,36.1,65.7,85.4,259.5,314.8,168.6,49.8,39.7,64.9,29.9,318.8,122.5,393.0,184.2,475.2,243.4,550.4,346.8,161.1,81.4,235.7,361.0,453.3,744.7,1030.0,744.7,278.7,200.7,309.3,162.4,668.8,257.6,816.8,454.4,995.8,637.6,852.1,489.6,714.7,271.0,564.5,569.9,794.8,1136.0,1429.0,1166.0,527.5,359.5,586.9,363.9,1087.0,525.9,1222.0,895.2,1596.0,1067.0,1611.0,1303.0,1094.0,668.8,1129.0,1248.0,220.1,387.0,540.4,908.9,164.7,97.8,159.5,367.7,416.0,171.0,453.3,744.7,868.8,313.7,747.9,1239.0,1087.0,649.2,973.9,984.7
2026-07-03,06,10,official_closing,closing_displayed,https://www.boatrace.jp/owpc/pc/race/odds3t?hd=20260703&jcd=06&rno=10,official_table_v2,7.7,6.0,22.8,11.7,10.7,13.3,25.0,25.9,9.7,19.3,26.7,14.6,50.0,58.1,54.5,68.6,28.3,57.8,31.3,84.0,106.2,60.1,246.9,96.5,374.6,636.1,875.5,705.2,217.3,636.1,620.9,380.1,1018.0,1675.0,1113.0,1309.0,222.0,745.6,469.4,1032.0,141.0,141.1,222.9,205.8,371.0,649.3,906.1,702.0,369.3,657.5,865.8,795.1,606.4,1246.0,1082.0,1060.0,771.5,1137.0,1267.0,1298.0,99.7,210.0,140.0,105.3,198.7,698.8,451.7,330.8,396.5,824.5,974.0,771.5,219.5,395.5,745.6,269.1,209.7,370.1,749.2,356.6,599.4,671.7,541.1,541.1,1113.0,1900.0,1267.0,1246.0,1121.0,2024.0,2226.0,1606.0,608.7,922.1,1513.0,606.4,1154.0,1623.0,1640.0,1060.0,186.6,512.6,263.2,735.1,287.0,944.5,666.0,1355.0,1067.0,1470.0,1416.0,1791.0,481.0,767.7,1623.0,1217.0,1113.0,1606.0,1812.0,1145.0
2026-07-03,06,11,official_closing,closing_displayed,https://www.boatrace.jp/owpc/pc/race/odds3t?hd=20260703&jcd=06&rno=11,official_table_v2,4.9,14.0,5.5,14.7,10.0,25.9,11.7,27.3,31.6,50.8,39.5,53.8,11.3,19.7,45.4,22.8,36.5,64.2,88.3,47.1,88.7,127.1,73.1,133.7,365.4,778.9,799.3,1129.0,532.2,1226.0,992.6,1002.0,315.2,802.3,927.9,735.9,476.3,1432.0,1404.0,1270.0,181.1,411.2,171.0,405.7,550.0,1185.0,900.5,1293.0,997.3,1557.0,1359.0,1940.0,445.5,965.7,1262.0,1077.0,1278.0,2453.0,1958.0,1629.0,389.4,671.1,414.4,581.5,846.9,1604.0,1285.0,1385.0,1376.0,2246.0,2072.0,2701.0,721.0,1021.0,1680.0,764.9,1123.0,1569.0,2701.0,1557.0,113.4,205.8,329.3,159.9,264.1,709.0,970.1,592.8,573.7,992.6,1976.0,1325.0,654.6,970.1,1735.0,790.4,398.9,684.0,1262.0,1046.0,310.2,583.1,679.7,417.6,494.0,1654.0,1546.0,1255.0,1482.0,2092.0,2371.0,2155.0,1513.0,1994.0,2540.0,1855.0,830.4,1350.0,2270.0,2113.0
2026-07-03,07,1,official_closing,closing_displayed,https://www.boatrace.jp/owpc/pc/race/odds3t?hd=20260703&jcd=07&rno=1,official_table_v2,24.6,11.1,245.0,27.7,25.7,12.8,209.4,24.3,9.7,11.0,149.5,10.9,741.4,843.2,590.4,754.1,70.1,55.1,36.2,491.5,81.6,38.0,448.8,90.0,168.3,181.5,1152.0,296.5,58.6,141.6,566.4,77.0,1552.0,2078.0,1353.0,1660.0,243.2,453.5,216.7,1681.0,87.1,42.2,370.1,62.7,152.4,183.0,807.1,249.2,48.1,104.6,340.1,54.4,894.7,1543.0,956.3,1109.0,125.9,258.0,114.1,854.1,24.6,28.4,165.7,18.4,45.9,117.5,363.0,45.9,60.1,121.8,427.7,61.4,411.7,623.9,622.5,290.0,30.7,56.4,58.9,194.0,1442.0,1820.0,1499.0,1580.0,2199.0,2900.0,2399.0,2356.0,2356.0,2999.0,2335.0,2199.0,1759.0,2128.0,1795.0,1127.0,2128.0,2900.0,2466.0,1306.0,345.4,298.9,150.7,1333.0,609.5,910.1,399.9,1845.0,364.0,802.2,310.1,1832.0,127.7,235.8,215.1,645.3,2236.0,2613.0,2181.0,1389.0
2026-07-03,07,2,official_closing,closing_displayed,https://www.boatrace.jp/owpc/pc/race/odds3t?hd=20260703&jcd=07&rno=2,official_table_v2,8.6,43.0,11.5,14.2,27.0,172.9,77.4,108.2,151.5,266.6,253.2,382.9,30.7,88.3,216.0,91.3,50.9,149.9,533.9,124.2,9.0,45.8,10.4,12.6,20.3,73.2,21.9,25.0,96.3,114.6,96.5,100.3,23.6,35.2,103.1,34.6,35.3,51.1,165.6,50.8,122.5,521.8,268.7,398.4,109.9,307.8,133.5,173.8,750.6,616.6,896.8,1512.0,390.9,278.4,1000.0,657.7,775.9,464.5,1817.0,950.3,373.3,1119.0,709.5,781.8,348.2,674.8,498.0,600.5,1354.0,1079.0,1581.0,2051.0,655.6,677.0,1079.0,835.4,1079.0,818.9,2011.0,1240.0,104.7,301.5,459.3,235.4,86.1,191.8,342.4,138.7,490.9,367.9,1263.0,849.1,580.3,552.4,1618.0,885.4,346.4,242.0,775.9,1020.0,198.0,900.7,1409.0,773.0,174.1,401.5,849.1,340.2,1657.0,870.5,2589.0,1438.0,2409.0,1211.0,3341.0,2302.0,845.6,501.6,1523.0,1866.0
2026-07-03,07,3,official_closing,closing_displayed,https://www.boatrace.jp/owpc/pc/race/odds3t?hd=20260703&jcd=07&rno=3,official_table_v2,13.9,33.4,45.4,19.9,31.6,101.8,169.1,79.6,118.9,199.3,370.5,215.8,132.4,257.6,429.0,225.6,80.5,175.6,303.7,359.9,11.9,26.2,34.9,15.9,18.0,12.3,39.5,10.2,47.2,24.3,85.8,21.2,105.5,84.4,165.6,60.5,39.0,21.0,32.1,72.2,88.5,210.1,294.8,160.8,67.2,46.2,115.0,40.8,273.2,102.5,542.8,167.6,596.9,341.5,876.8,468.4,255.4,106.2,242.5,542.8,295.5,674.3,779.7,424.4,226.9,146.0,369.4,130.1,708.2,202.0,961.4,360.5,858.0,598.4,1202.0,591.0,486.5,182.6,400.3,670.5,395.0,965.2,1167.0,585.3,311.7,361.0,598.4,207.9,1315.0,687.9,1564.0,822.6,1337.0,920.7,1524.0,839.9,772.2,354.1,822.6,965.2,226.2,432.1,594.0,822.6,199.1,132.1,200.8,458.6,808.7,214.7,465.7,1477.0,953.7,336.6,629.9,1280.0,1628.0,762.3,1524.0,1544.0
2026-07-03,07,4,official_closing,closing_displayed,https://www.boatrace.jp/owpc/pc/race/odds3t?hd=20260703&jcd=07&rno=4,official_table_v2,26.9,31.4,99.7,110.6,21.9,9.6,33.2,33.4,34.2,14.7,47.0,33.5,173.4,82.1,85.1,175.6,272.9,142.3,128.7,273.5,89.6,104.2,246.2,254.6,87.1,51.7,148.0,112.2,134.1,81.6,218.5,147.2,450.0,354.2,408.3,528.7,545.8,358.5,340.0,690.1,45.7,16.9,45.4,35.6,75.8,41.5,107.3,78.4,18.9,30.5,33.2,17.4,92.7,162.1,74.2,97.5,87.5,134.6,51.7,130.5,118.2,53.8,170.4,102.3,195.4,119.5,334.1,192.8,52.2,74.4,87.1,44.7,222.5,324.7,174.8,183.4,137.8,193.7,90.4,211.2,505.1,268.9,293.8,464.7,709.0,590.3,736.2,718.2,291.4,476.2,269.5,349.1,404.2,827.4,342.1,406.8,638.2,766.9,486.7,496.0,803.3,584.1,596.7,1195.0,995.5,786.1,710.1,1441.0,506.9,613.3,216.8,736.2,508.0,545.1,231.1,590.3,1025.0,1282.0,846.4,751.3
2026-07-03,07,5,official_closing,closing_displayed,https://www.boatrace.jp/owpc/pc/race/odds3t?hd=20260703&jcd=07&rno=5,official_table_v2,23.7,7.1,70.5,4.1,46.5,80.1,221.0,71.6,11.9,63.2,98.9,13.1,186.0,488.6,309.8,302.5,6.8,56.1,13.7,141.8,96.4,37.6,237.3,30.0,273.1,624.1,1366.0,652.9,106.6,483.3,825.6,144.7,915.2,1785.0,1478.0,1512.0,72.5,414.9,134.3,706.4,301.6,478.0,803.8,522.1,414.1,1065.0,1769.0,1110.0,775.5,1158.0,2359.0,990.7,1548.0,2130.0,2851.0,2892.0,812.1,1176.0,1158.0,2607.0,55.4,288.4,207.6,43.9,111.4,589.7,564.5,122.3,698.9,1082.0,1753.0,753.4,547.3,710.2,1536.0,456.0,45.1,71.3,358.9,220.6,928.1,1665.0,1478.0,1357.0,1512.0,2177.0,2226.0,2108.0,2733.0,2540.0,3196.0,3703.0,1585.0,2042.0,2810.0,1162.0,1672.0,2022.0,2957.0,1246.0,36.4,273.3,51.1,320.1,68.3,537.0,133.2,616.3,772.5,1059.0,1054.0,2201.0,74.2,112.3,545.1,329.9,978.5,1122.0,2165.0,915.2
2026-07-03,07,6,official_closing,closing_displayed,https://www.boatrace.jp/owpc/pc/race/odds3t?hd=20260703&jcd=07&rno=6,official_table_v2,36.3,78.5,63.8,322.7,26.1,11.2,7.2,97.3,79.8,20.2,29.5,216.9,82.6,16.6,38.2,209.4,594.6,335.7,550.7,492.5,168.9,317.0,286.1,833.8,200.6,248.1,215.8,826.1,391.8,329.2,356.0,974.3,448.1,336.6,427.8,958.6,1558.0,1481.0,1615.0,1732.0,67.8,17.6,16.2,179.2,133.8,147.5,134.1,544.9,20.9,88.7,15.0,140.8,25.3,96.9,19.4,142.1,671.4,921.7,497.9,468.6,185.6,57.9,60.1,296.8,309.0,279.9,273.4,714.2,49.7,175.4,33.1,233.2,55.6,151.3,37.3,138.1,601.5,887.5,549.0,399.7,220.6,63.2,92.4,357.1,381.4,293.8,385.1,776.0,63.5,210.7,45.4,276.8,88.8,243.5,50.7,206.1,673.9,993.2,520.3,477.4,1457.0,1707.0,1907.0,2003.0,2390.0,2313.0,2915.0,2213.0,2240.0,2227.0,1363.0,1417.0,1959.0,2823.0,1493.0,963.8,2406.0,3013.0,1384.0,928.8
2026-07-03,07,7,official_closing,closing_displayed,https://www.boatrace.jp/owpc/pc/race/odds3t?hd=20260703&jcd=07&rno=7,official_table_v2,19.1,72.7,146.2,31.8,22.4,70.4,115.3,35.3,229.5,221.5,594.8,268.5,417.2,393.0,866.9,437.7,62.6,66.5,204.5,287.8,17.7,60.5,132.6,30.7,14.1,20.3,62.3,9.0,153.5,79.8,367.6,87.7,341.9,211.4,520.7,226.3,46.5,20.1,60.8,146.4,29.1,79.5,138.2,41.0,20.5,26.3,75.3,12.1,139.9,70.3,290.5,71.8,285.4,208.7,378.4,195.9,51.8,22.3,57.4,130.0,651.0,658.9,1228.0,685.7,696.5,306.9,1257.0,376.1,670.7,297.7,1025.0,356.6,1577.0,1624.0,1646.0,1098.0,714.8,386.5,405.4,934.9,1029.0,985.8,1635.0,1081.0,1186.0,745.3,1651.0,723.3,1001.0,739.7,1181.0,689.6,2028.0,2012.0,2045.0,1468.0,1074.0,791.2,819.0,1273.0,122.8,136.2,427.7,681.9,99.5,43.7,161.1,266.0,121.7,48.2,167.6,317.1,661.6,317.5,340.7,884.2,929.6,530.9,587.7,1016.0
2026-07-03,07,8,official_closing,closing_displayed,https://www.boatrace.jp/owpc/pc/race/odds3t?hd=20260703&jcd=07&rno=8,official_table_v2,5.9,26.3,30.0,118.6,4.8,10.5,8.6,57.5,41.8,29.9,71.1,144.4,54.4,33.2,95.3,222.8,335.6,241.5,324.4,446.7,38.1,123.1,124.1,335.2,52.8,192.9,167.2,534.9,324.1,361.3,810.2,1143.0,358.4,397.2,847.9,1404.0,1188.0,1583.0,1844.0,2547.0,16.3,31.5,22.7,112.6,37.4,151.3,121.9,398.3,80.5,174.6,185.1,369.6,62.6,139.5,237.2,484.7,430.2,908.3,779.1,890.6,125.1,83.4,122.6,187.5,206.8,242.5,440.3,459.1,115.5,229.3,306.3,343.6,140.6,263.0,235.0,261.3,283.3,621.7,430.2,421.6,225.5,129.1,296.8,527.7,421.3,507.1,942.7,1433.0,215.7,446.0,642.9,1104.0,325.8,599.2,549.9,569.3,949.3,1649.0,1319.0,1078.0,988.7,754.4,1397.0,1733.0,1452.0,1476.0,2698.0,3533.0,1253.0,1999.0,1669.0,2725.0,1578.0,2340.0,1956.0,1592.0,1977.0,2898.0,2282.0,1685.0
2026-07-03,07,9,official_closing,closing_displayed,https://www.boatrace.jp/owpc/pc/race/odds3t?hd=20260703&jcd=07&rno=9,official_table_v2,39.8,122.9,145.8,77.5,20.8,16.8,13.4,9.3,167.2,67.4,176.4,102.2,226.7,73.2,223.0,100.2,121.3,37.2,129.7,108.9,163.5,530.1,556.9,294.0,224.3,481.4,504.2,196.3,976.4,924.5,1316.0,863.0,1147.0,1228.0,1690.0,1228.0,764.2,508.5,1199.0,1363.0,35.4,15.4,11.9,8.1,102.5,146.8,159.1,60.2,33.4,111.5,40.6,22.8,32.5,137.8,51.0,25.0,18.5,65.7,28.5,24.2,628.3,198.5,414.1,285.5,895.7,875.5,1360.0,803.2,175.6,468.8,250.0,139.2,578.3,1180.0,471.5,378.6,372.4,715.4,248.1,401.8,872.1,263.2,768.6,367.2,1385.0,1354.0,2395.0,1526.0,241.2,837.8,486.0,211.3,1141.0,2303.0,784.1,773.1,456.5,1278.0,299.1,737.7,398.9,109.1,438.0,347.9,890.9,745.2,1459.0,1540.0,104.3,397.5,238.1,199.9,766.0,1385.0,473.5,850.7,549.0,1340.0,332.1,833.6
2026-07-03,07,10,official_closing,closing_displayed,https://www.boatrace.jp/owpc/pc/race/odds3t?hd=20260703&jcd=07&rno=10,official_table_v2,10.8,30.1,92.5,6.4,25.8,86.9,215.7,28.2,75.8,151.8,322.9,71.4,340.3,522.6,576.5,301.8,10.4,24.3,54.3,158.3,25.4,63.4,171.8,13.1,60.2,189.0,386.0,55.3,175.1,314.9,622.2,132.6,540.8,794.3,815.2,451.5,20.0,40.8,78.6,213.4,111.3,347.7,584.1,138.7,121.8,414.6,794.3,143.8,558.9,516.9,1033.0,458.5,984.7,1088.0,1348.0,952.9,153.6,146.7,387.4,728.1,238.6,536.1,539.4,200.8,257.9,612.4,801.5,202.4,767.7,759.3,1363.0,634.9,600.5,669.9,1086.0,306.3,147.2,146.3,399.7,264.3,1017.0,1574.0,1314.0,802.5,1214.0,2014.0,1728.0,980.0,1950.0,2199.0,2481.0,1950.0,1159.0,1351.0,1863.0,516.5,751.0,822.7,1446.0,546.1,14.3,34.4,64.3,143.8,17.0,34.8,62.1,143.5,77.0,74.2,188.0,380.8,117.9,108.3,230.1,217.7,319.9,318.6,475.7,277.5
2026-07-03,07,11,official_closing,closing_displayed,https://www.boatrace.jp/owpc/pc/race/odds3t?hd=20260703&jcd=07&rno=11,official_table_v2,12.6,8.3,19.5,13.3,22.4,20.6,39.2,31.1,12.1,21.0,26.7,12.2,41.5,65.3,35.5,32.7,25.1,45.9,20.5,34.4,95.2,64.3,148.9,84.2,229.1,474.0,822.9,571.1,151.8,386.9,518.0,215.2,458.8,1010.0,913.8,670.0,212.1,629.7,299.6,614.4,200.8,191.3,328.8,251.2,291.7,696.1,1097.0,861.7,418.7,772.8,1132.0,699.2,814.4,1442.0,1511.0,1122.0,513.3,1039.0,801.9,1096.0,85.8,175.1,142.4,55.5,181.8,545.0,542.4,236.3,480.4,920.3,1147.0,633.3,241.6,528.1,827.3,204.9,77.4,180.0,339.6,182.4,394.3,618.3,294.9,245.3,614.9,1444.0,1119.0,829.0,1253.0,2057.0,2095.0,1497.0,509.0,1075.0,1233.0,406.1,331.4,717.0,1031.0,417.6,60.3,111.5,53.0,141.3,122.5,268.2,185.2,428.5,330.3,540.5,453.5,879.1,90.2,177.8,274.0,245.2,280.3,577.8,794.6,341.5
2026-07-03,07,12,official_closing,closing_displayed,https://www.boatrace.jp/owpc/pc/race/odds3t?hd=20260703&jcd=07&rno=12,official_table_v2,6.8,7.8,7.3,44.9,14.2,24.7,21.3,99.4,16.3,38.8,25.5,66.5,15.3,30.3,34.7,74.7,151.9,295.7,191.9,222.0,36.6,36.2,29.9,113.6,133.6,353.0,263.7,792.5,123.4,384.0,235.1,446.0,102.2,259.5,249.7,460.8,557.4,1355.0,895.7,1109.0,144.0,238.7,185.4,471.6,194.6,569.0,473.6,1113.0,497.3,727.1,769.6,1234.0,349.7,551.5,774.0,1100.0,1297.0,1981.0,1960.0,1942.0,55.3,169.5,58.4,116.8,89.9,360.5,130.1,241.1,490.0,706.0,652.5,884.8,64.5,85.0,262.7,104.8,224.6,303.2,632.5,243.9,65.6,164.1,118.6,157.9,111.7,358.2,249.4,356.6,404.0,599.2,917.5,986.2,141.8,186.5,521.8,210.3,398.1,545.7,1000.0,466.9,655.3,1351.0,879.8,1091.0,995.1,2307.0,1560.0,1995.0,2357.0,2648.0,2616.0,2674.0,957.7,1330.0,2346.0,1026.0,1416.0,1850.0,2573.0,1129.0
2026-07-03,08,1,official_closing,closing_displayed,https://www.boatrace.jp/owpc/pc/race/odds3t?hd=20260703&jcd=08&rno=1,official_table_v2,9.4,16.5,15.8,324.8,7.7,7.3,5.6,338.5,26.2,16.8,20.7,370.7,20.3,11.1,21.9,343.6,891.6,1218.0,954.0,885.8,119.6,200.0,181.4,940.8,199.7,438.6,497.8,3498.0,451.7,757.9,915.5,3410.0,383.2,652.7,988.5,4012.0,1771.0,5684.0,4263.0,4872.0,70.5,57.2,41.7,640.4,174.9,324.0,334.3,1894.0,153.8,312.8,207.0,1532.0,97.3,270.1,217.5,1337.0,2674.0,2436.0,2674.0,2623.0,134.4,116.0,91.1,685.5,326.3,600.9,453.2,2526.0,196.2,465.6,285.4,1843.0,120.8,263.8,220.7,802.4,1977.0,2842.0,2784.0,2165.0,82.4,39.1,76.1,628.6,222.1,347.1,477.0,1705.0,93.8,309.3,226.2,1643.0,162.9,341.0,232.8,1146.0,1771.0,2842.0,2674.0,2436.0,1568.0,3498.0,2902.0,3897.0,1818.0,4012.0,3687.0,4400.0,3100.0,4134.0,4134.0,4012.0,3789.0,3248.0,4134.0,4012.0,4547.0,4872.0,4704.0,4134.0
2026-07-03,08,2,official_closing,closing_displayed,https://www.boatrace.jp/owpc/pc/race/odds3t?hd=20260703&jcd=08&rno=2,official_table_v2,6.5,10.3,8.0,17.9,18.9,48.1,56.3,107.5,28.6,79.0,95.2,119.2,27.1,99.1,117.4,123.5,107.6,357.5,337.5,268.1,8.7,11.6,14.1,22.2,33.1,68.6,74.9,85.3,47.4,105.0,105.5,103.6,66.8,147.5,173.4,129.3,88.6,196.5,180.7,185.4,141.4,229.6,327.9,435.3,151.3,185.1,281.7,344.4,348.4,301.5,519.6,556.2,655.8,507.3,664.5,944.5,1088.0,975.2,839.0,1877.0,187.9,517.8,352.5,463.5,209.1,437.8,362.7,389.0,650.1,631.0,1042.0,1164.0,497.3,418.3,988.0,633.7,770.1,641.8,1458.0,975.2,142.7,445.6,526.9,362.7,138.6,361.0,424.2,327.9,790.4,633.7,1632.0,1706.0,739.8,556.2,1501.0,981.6,670.4,546.1,1305.0,1146.0,284.4,1283.0,1057.0,1403.0,357.5,927.0,834.3,988.0,1831.0,1444.0,2346.0,3264.0,1580.0,1137.0,1925.0,2176.0,1901.0,1548.0,2888.0,1976.0
2026-07-03,08,3,official_closing,closing_displayed,https://www.boatrace.jp/owpc/pc/race/odds3t?hd=20260703&jcd=08&rno=3,official_table_v2,10.8,21.4,35.3,13.0,14.1,27.5,28.6,16.3,37.5,45.5,84.3,37.6,67.7,61.1,129.7,56.6,23.3,29.6,53.4,54.9,31.8,58.8,69.3,35.9,76.3,106.1,115.5,80.0,124.8,124.2,209.4,89.4,219.6,163.4,339.5,223.7,80.3,98.8,110.4,211.2,73.6,100.2,91.4,55.4,92.9,145.6,151.5,83.7,162.1,179.0,209.7,127.7,199.0,272.7,284.0,151.1,103.2,122.3,180.6,175.9,130.7,203.5,240.9,122.9,217.9,278.5,309.6,139.9,301.2,302.5,270.7,205.2,322.8,346.0,303.1,155.1,135.2,126.1,197.9,185.2,235.7,215.7,384.8,158.7,342.7,400.8,619.3,311.6,327.9,428.2,661.9,285.7,619.3,606.3,603.7,319.2,200.9,266.2,230.8,318.5,91.5,142.3,158.4,236.5,122.7,185.9,175.9,418.2,226.5,238.9,407.6,433.3,274.8,221.6,418.2,530.5,317.1,428.2,384.8,449.5
2026-07-03,08,4,official_closing,closing_displayed,https://www.boatrace.jp/owpc/pc/race/odds3t?hd=20260703&jcd=08&rno=4,official_table_v2,33.3,80.4,115.9,28.1,27.3,21.0,39.7,7.1,116.7,56.1,123.4,37.0,190.5,113.2,152.8,50.9,16.7,7.8,16.6,22.2,330.0,525.3,671.8,125.3,452.1,830.7,851.7,323.0,892.2,1258.0,1441.0,795.4,1222.0,1095.0,1621.0,763.0,148.5,324.9,567.8,620.0,126.6,62.6,110.8,25.4,263.5,439.1,500.4,180.3,147.1,425.8,302.7,86.3,318.1,600.1,387.6,178.2,29.3,100.7,57.8,92.6,646.1,276.0,556.5,158.7,1081.0,1338.0,1720.0,887.5,325.5,1081.0,822.6,211.3,784.3,1249.0,1028.0,339.3,136.8,460.7,174.2,260.2,887.5,567.8,1171.0,293.2,1669.0,1720.0,1775.0,717.6,810.7,1479.0,1307.0,611.0,1230.0,1606.0,1547.0,411.3,283.4,549.3,520.4,374.7,32.0,16.5,43.2,61.1,73.8,114.4,206.6,275.5,25.8,82.7,59.4,101.1,97.4,256.6,115.2,206.4,141.0,362.6,196.3,254.3
2026-07-03,08,5,official_closing,closing_displayed,https://www.boatrace.jp/owpc/pc/race/odds3t?hd=20260703&jcd=08&rno=5,official_table_v2,8.3,26.9,311.4,8.1,9.7,24.0,264.8,7.1,61.2,62.5,576.8,49.4,1231.0,907.5,1068.0,997.8,10.2,9.8,34.7,342.9,53.7,151.0,806.7,42.8,94.8,276.3,1125.0,79.9,372.0,518.6,2239.0,325.4,2064.0,2807.0,2734.0,1914.0,68.5,79.4,180.4,1114.0,59.9,108.9,619.2,35.1,98.1,259.6,1189.0,85.4,233.4,360.5,1548.0,218.8,1514.0,2264.0,2339.0,1725.0,50.9,72.6,147.9,845.5,397.2,393.5,1684.0,302.5,545.4,877.3,2665.0,576.8,457.7,765.6,2924.0,478.5,3051.0,2884.0,3509.0,2699.0,295.3,437.7,488.5,1863.0,3759.0,3007.0,4386.0,2965.0,3342.0,4386.0,2965.0,3828.0,2965.0,3509.0,3693.0,3096.0,5135.0,3509.0,4128.0,3509.0,3451.0,4479.0,3759.0,3451.0,29.8,27.8,95.4,482.9,51.1,58.3,173.0,852.4,53.2,67.3,160.4,751.9,225.1,279.9,308.2,1268.0,1493.0,1879.0,2024.0,1769.0
2026-07-03,08,6,official_closing,closing_displayed,https://www.boatrace.jp/owpc/pc/race/odds3t?hd=20260703&jcd=08&rno=6,official_table_v2,10.7,21.5,94.5,4.5,17.7,38.3,122.1,11.0,50.8,68.4,213.2,33.5,281.9,303.3,396.2,157.7,5.9,8.7,18.4,72.6,116.3,210.0,554.9,40.8,290.9,1009.0,1476.0,311.1,565.0,1125.0,1798.0,606.6,1435.0,1981.0,2652.0,2006.0,79.1,232.2,445.8,904.6,293.6,541.5,990.5,189.4,444.6,1282.0,2301.0,626.0,926.0,1597.0,2698.0,1213.0,2086.0,2565.0,3329.0,2898.0,271.7,631.0,978.1,1738.0,456.2,790.4,984.3,314.2,692.5,1719.0,2371.0,660.3,1102.0,2301.0,3557.0,1490.0,1701.0,2445.0,3009.0,1422.0,331.5,551.0,1009.0,1029.0,1372.0,1613.0,1932.0,727.9,1956.0,2794.0,2524.0,1841.0,2484.0,3477.0,3726.0,2745.0,2268.0,3130.0,3329.0,1613.0,810.9,1490.0,1981.0,1758.0,16.6,24.3,48.3,136.3,43.4,110.6,184.1,471.4,98.8,200.3,273.1,721.2,170.8,290.9,354.8,590.6,445.8,864.6,996.8,823.7
2026-07-03,08,7,official_closing,closing_displayed,https://www.boatrace.jp/owpc/pc/race/odds3t?hd=20260703&jcd=08&rno=7,official_table_v2,18.3,46.0,53.8,16.2,11.8,15.7,15.4,5.6,59.8,38.8,74.9,25.9,83.4,53.7,123.4,39.4,14.6,8.2,24.4,25.3,437.3,674.8,977.8,310.3,647.0,1705.0,2268.0,698.4,1279.0,2244.0,2682.0,1366.0,1517.0,2588.0,2784.0,1864.0,441.7,905.3,1235.0,1718.0,119.8,70.7,69.0,27.1,366.6,1032.0,1157.0,391.4,181.2,689.6,470.0,194.3,284.6,780.1,571.4,273.2,56.4,248.5,174.8,207.5,414.3,242.5,343.7,122.8,788.5,1913.0,1560.0,785.7,336.4,1317.0,1009.0,316.1,494.3,995.5,995.5,369.7,129.8,425.5,260.6,298.9,609.4,417.4,647.0,294.1,1333.0,2444.0,2417.0,1333.0,836.5,1560.0,1594.0,805.8,1111.0,1746.0,1666.0,820.9,376.0,940.1,758.6,743.2,63.3,36.4,82.0,93.8,204.8,378.6,612.8,694.0,76.5,266.0,248.0,259.4,170.1,515.2,341.0,470.0,263.1,670.7,433.0,616.2
2026-07-03,08,8,official_closing,closing_displayed,https://www.boatrace.jp/owpc/pc/race/odds3t?hd=20260703&jcd=08&rno=8,official_table_v2,2.9,8.6,8.7,7.6,7.0,32.7,23.8,26.1,27.8,55.7,65.9,52.7,37.2,67.1,111.4,80.1,30.9,67.5,112.0,129.0,62.5,127.6,133.1,81.7,211.4,776.7,650.9,532.0,513.2,1370.0,1280.0,761.5,552.2,1099.0,1280.0,1022.0,280.0,723.6,896.2,869.5,127.1,276.7,260.0,199.1,221.5,814.7,701.8,547.0,571.1,995.8,1165.0,1153.0,677.4,1165.0,1474.0,1252.0,643.7,979.1,1820.0,1792.0,345.7,606.8,483.4,448.1,597.5,1533.0,1553.0,1031.0,771.6,1213.0,1456.0,1280.0,732.7,1088.0,1403.0,924.7,838.2,1004.0,2284.0,1266.0,576.8,917.4,1131.0,710.4,792.6,1688.0,2198.0,1031.0,1456.0,2589.0,2709.0,2284.0,1176.0,2377.0,1879.0,1533.0,1040.0,1493.0,2080.0,1820.0,193.5,697.6,962.9,1040.0,342.6,970.9,1213.0,1739.0,903.2,1370.0,1879.0,2157.0,1596.0,1493.0,3236.0,3328.0,1792.0,2532.0,3426.0,3236.0
2026-07-03,08,9,official_closing,closing_displayed,https://www.boatrace.jp/owpc/pc/race/odds3t?hd=20260703&jcd=08&rno=9,official_table_v2,8.2,136.6,19.3,14.3,8.3,145.0,10.0,6.9,276.8,318.1,380.7,370.5,30.0,20.9,295.5,26.7,17.5,11.8,197.3,20.4,76.0,632.6,121.4,90.9,151.9,1663.0,340.9,262.0,1584.0,2343.0,2376.0,3081.0,319.3,536.7,1584.0,533.2,196.4,313.3,2133.0,489.3,70.8,452.1,47.2,42.3,154.0,1116.0,231.4,212.7,1289.0,1733.0,1299.0,1733.0,114.9,273.6,934.7,173.1,88.4,186.5,1320.0,139.0,1890.0,2446.0,1171.0,2520.0,2248.0,2279.0,3081.0,3139.0,1789.0,2599.0,2559.0,3025.0,2160.0,4378.0,2971.0,2683.0,2773.0,3466.0,3961.0,2559.0,83.2,69.0,436.7,85.5,183.2,259.9,1053.0,271.4,120.0,265.3,819.6,229.1,777.4,1214.0,984.5,811.6,145.4,318.7,259.1,889.7,80.0,59.4,476.7,87.6,158.6,273.6,1341.0,436.7,108.7,245.7,1188.0,214.6,1341.0,1869.0,1828.0,1363.0,152.7,342.3,227.9,742.7
2026-07-03,08,10,official_closing,closing_displayed,https://www.boatrace.jp/owpc/pc/race/odds3t?hd=20260703&jcd=08&rno=10,official_table_v2,4.4,7.4,16.5,8.6,7.7,12.0,23.8,14.0,21.2,23.2,48.8,34.2,54.7,79.4,116.5,75.9,31.0,39.9,74.0,91.6,55.4,77.0,116.8,69.0,233.9,528.3,697.1,551.6,386.7,814.8,902.8,717.0,511.1,1100.0,1135.0,796.7,310.2,703.0,899.5,744.7,143.8,180.9,252.2,184.1,314.5,845.0,972.7,912.6,415.5,774.6,1183.0,1041.0,845.0,1459.0,1629.0,1767.0,527.2,1172.0,1684.0,1901.0,266.9,399.6,365.8,300.9,476.2,1236.0,1135.0,794.2,571.7,1356.0,1549.0,1342.0,542.0,926.1,1521.0,723.2,567.8,1058.0,1872.0,909.3,562.7,799.2,777.0,624.3,1007.0,2057.0,2614.0,1530.0,1476.0,2040.0,3023.0,3302.0,1242.0,2240.0,2509.0,1402.0,1183.0,1887.0,3098.0,1872.0,187.5,341.0,439.5,542.0,306.0,847.9,1032.0,950.6,695.2,1327.0,1684.0,2201.0,972.7,1695.0,2201.0,1755.0,1218.0,1767.0,2641.0,1558.0
2026-07-03,08,11,official_closing,closing_displayed,https://www.boatrace.jp/owpc/pc/race/odds3t?hd=20260703&jcd=08&rno=11,official_table_v2,5.9,8.7,9.4,42.7,7.6,10.7,14.2,52.4,19.7,24.9,35.0,72.6,22.2,32.4,42.5,73.5,155.8,215.8,244.1,227.6,30.3,41.8,43.0,131.2,97.1,183.2,171.4,456.9,181.0,286.5,310.4,659.1,179.9,360.4,454.9,715.9,557.8,1378.0,1525.0,1343.0,69.2,82.7,88.5,214.6,144.1,269.6,291.5,621.5,204.7,262.8,313.2,591.2,224.7,348.4,459.5,652.3,828.6,1304.0,1448.0,1635.0,148.6,199.3,178.6,334.8,297.0,497.9,452.3,894.4,351.9,526.2,510.0,971.4,214.6,342.4,471.9,410.5,664.6,1084.0,1454.0,783.4,117.8,174.9,212.4,276.9,219.5,570.9,706.3,693.9,367.9,722.4,869.7,1233.0,367.9,659.1,942.4,846.4,766.3,1088.0,1706.0,1448.0,484.2,815.8,1081.0,1055.0,704.7,1679.0,1973.0,1670.0,1304.0,1763.0,2162.0,2428.0,1461.0,1773.0,2321.0,1985.0,1390.0,1936.0,2304.0,2011.0
2026-07-03,08,12,official_closing,closing_displayed,https://www.boatrace.jp/owpc/pc/race/odds3t?hd=20260703&jcd=08&rno=12,official_table_v2,4.0,9.1,8.1,31.7,7.4,14.5,14.5,49.3,24.8,32.5,46.1,77.7,29.7,42.2,67.0,84.5,162.9,275.4,266.5,276.3,25.9,44.6,41.0,120.5,81.0,216.6,198.7,536.0,248.7,384.0,384.0,681.4,181.6,363.6,490.7,544.5,631.0,1668.0,1529.0,1130.0,50.6,70.1,78.4,267.7,98.7,209.2,224.1,683.4,240.6,403.5,347.1,805.8,245.6,369.2,454.3,754.8,969.6,1332.0,1668.0,1403.0,170.0,278.9,203.3,366.3,272.5,581.7,422.9,611.6,429.7,776.9,771.9,1255.0,275.1,400.2,673.7,520.7,792.4,1169.0,2004.0,890.0,244.3,376.8,455.1,567.9,349.2,784.6,861.0,961.7,590.4,1079.0,1538.0,2129.0,596.3,883.4,1248.0,861.0,1282.0,1454.0,2208.0,1362.0,893.3,2092.0,2004.0,2092.0,1428.0,3019.0,2839.0,2741.0,3223.0,3058.0,3312.0,3267.0,2409.0,3097.0,4112.0,2038.0,2981.0,2650.0,3910.0,2092.0
2026-07-03,09,1,official_closing,closing_displayed,https://www.boatrace.jp/owpc/pc/race/odds3t?hd=20260703&jcd=09&rno=1,official_table_v2,9.4,6.1,16.2,117.2,14.4,10.3,21.1,148.4,8.4,13.4,11.6,90.5,35.2,45.1,27.1,195.9,337.5,533.7,349.1,478.9,127.6,70.8,151.2,457.4,307.9,373.6,596.1,1601.0,162.2,382.5,358.0,941.8,358.0,709.3,436.1,1318.0,966.2,1779.0,1556.0,2075.0,175.1,90.9,153.3,718.4,305.4,383.8,554.8,1556.0,152.7,317.5,327.7,1143.0,302.9,533.7,536.2,1698.0,1578.0,2001.0,1751.0,2335.0,36.5,62.7,30.0,153.1,88.6,200.1,112.8,476.9,149.8,297.3,230.6,651.6,38.7,71.0,134.5,172.1,400.2,609.1,849.1,459.3,130.0,194.2,86.8,416.6,244.1,489.4,249.6,1028.0,483.1,824.1,612.4,1578.0,103.0,158.0,275.3,439.5,1273.0,1494.0,2037.0,1057.0,812.1,1724.0,1088.0,2037.0,1155.0,3202.0,2287.0,2287.0,1837.0,3113.0,2155.0,3615.0,1259.0,2241.0,3502.0,1672.0,2490.0,2490.0,4151.0,1698.0
2026-07-03,09,2,official_closing,closing_displayed,https://www.boatrace.jp/owpc/pc/race/odds3t?hd=20260703&jcd=09&rno=2,official_table_v2,11.5,9.0,15.3,22.8,17.7,14.3,27.6,39.4,14.8,23.2,34.0,24.3,40.1,73.2,59.3,71.1,88.4,112.1,69.7,131.3,46.3,35.5,44.9,64.4,112.5,103.8,143.5,225.0,97.1,134.2,139.7,142.8,118.0,231.9,205.0,168.5,226.0,512.0,328.6,313.6,84.6,64.1,67.8,118.8,156.4,137.3,182.2,281.3,106.0,156.8,143.9,196.2,191.5,291.1,274.6,330.8,419.3,585.7,498.4,561.6,67.2,91.9,68.8,78.8,113.6,216.9,146.1,152.6,134.8,238.9,220.3,259.9,87.6,131.3,235.2,104.0,150.5,203.1,386.9,176.0,144.7,195.7,220.3,199.3,209.6,392.0,364.4,290.6,335.2,545.4,606.9,666.0,261.7,295.7,510.2,261.3,360.1,425.2,703.4,466.0,545.4,831.6,672.0,760.2,716.8,1393.0,840.9,923.5,1067.0,1858.0,1447.0,2120.0,737.9,952.7,1420.0,1031.0,880.3,906.8,1618.0,934.9
2026-07-03,09,3,official_closing,closing_displayed,https://www.boatrace.jp/owpc/pc/race/odds3t?hd=20260703&jcd=09&rno=3,official_table_v2,7.5,11.7,24.3,26.0,16.0,28.6,45.7,50.5,27.9,56.9,52.8,88.0,85.6,105.6,125.6,169.5,97.4,156.9,203.4,254.0,11.0,22.2,41.9,26.6,21.7,33.6,68.5,31.2,65.9,63.2,111.0,93.7,160.9,193.6,205.3,219.1,78.6,79.8,157.5,254.0,52.9,85.4,126.0,90.8,53.4,67.0,103.6,70.0,151.0,121.9,193.8,201.3,248.3,256.9,314.1,337.2,235.6,178.4,356.4,440.7,137.2,199.8,133.3,196.3,145.8,178.4,190.5,185.1,275.9,282.9,408.5,397.1,148.8,180.8,302.0,183.6,327.3,291.9,465.6,318.6,332.2,361.3,382.5,410.6,395.1,422.8,465.6,499.9,611.2,562.8,823.5,845.7,377.0,458.8,657.4,448.3,674.4,674.4,790.2,683.2,277.4,519.8,683.2,996.6,264.7,264.3,506.3,794.2,590.4,329.4,786.2,1241.0,954.0,625.8,1022.0,1043.0,1397.0,1293.0,1167.0,1203.0
2026-07-03,09,4,official_closing,closing_displayed,https://www.boatrace.jp/owpc/pc/race/odds3t?hd=20260703&jcd=09&rno=4,official_table_v2,21.1,39.3,13.7,9.9,44.0,121.7,56.8,31.5,97.3,188.3,185.6,62.2,31.9,68.6,132.7,24.6,12.6,23.4,40.8,25.6,58.0,95.8,40.4,22.5,157.7,329.0,189.6,117.9,244.7,401.2,354.9,137.0,86.1,173.1,257.0,57.8,37.9,85.9,87.9,49.4,141.6,384.5,230.4,118.5,167.4,472.0,315.5,151.4,528.8,531.9,729.5,507.0,332.5,318.7,539.7,254.9,137.0,140.8,383.7,220.5,133.2,265.5,217.1,145.7,170.4,322.6,261.4,152.5,418.5,493.5,603.1,454.6,412.9,419.4,615.2,287.0,172.1,155.8,400.3,237.5,121.8,336.8,413.8,109.6,155.3,374.3,375.9,109.0,566.1,559.3,854.5,404.7,738.3,666.3,1048.0,420.4,96.1,92.3,288.8,233.9,29.8,59.0,105.4,58.3,46.3,113.2,126.4,72.6,144.3,160.3,307.1,219.2,224.8,176.1,343.7,272.6,87.8,88.5,211.6,202.3
2026-07-03,09,5,official_closing,closing_displayed,https://www.boatrace.jp/owpc/pc/race/odds3t?hd=20260703&jcd=09&rno=5,official_table_v2,18.4,22.8,20.5,35.5,17.7,7.4,6.8,18.2,23.4,13.9,11.8,21.2,23.6,15.5,17.8,19.2,58.0,52.4,54.4,36.8,282.9,356.6,266.3,423.0,607.7,1228.0,1008.0,1530.0,900.3,1530.0,1295.0,1634.0,628.2,1129.0,1503.0,1072.0,790.4,1717.0,1913.0,1558.0,201.1,108.3,79.7,142.6,555.6,1122.0,910.0,1285.0,231.2,786.7,407.6,576.5,223.2,692.8,586.6,580.5,460.0,1451.0,956.5,910.0,252.4,166.8,99.5,139.4,687.1,1169.0,930.1,1265.0,299.0,1002.0,576.5,719.4,171.9,563.0,474.2,285.8,323.1,920.0,801.7,413.6,188.1,147.8,191.1,124.1,481.0,1072.0,1285.0,881.4,326.2,967.5,905.1,652.5,342.1,951.1,930.1,481.0,234.1,872.3,687.1,637.7,448.9,398.0,478.2,293.3,935.3,2053.0,3435.0,1870.0,704.4,1957.0,1666.0,1573.0,801.7,2806.0,2405.0,1228.0,410.6,1426.0,1438.0,1202.0
2026-07-03,09,6,official_closing,closing_displayed,https://www.boatrace.jp/owpc/pc/race/odds3t?hd=20260703&jcd=09&rno=6,official_table_v2,43.5,115.5,64.6,175.8,44.2,116.5,55.9,156.2,194.5,212.5,246.9,368.0,94.4,87.1,244.8,149.0,372.6,381.0,627.6,408.4,44.2,122.6,50.8,115.4,45.5,57.3,15.5,51.8,221.6,127.2,102.0,144.3,52.9,20.9,64.4,40.1,303.4,137.5,320.5,121.9,60.0,137.5,47.1,109.5,61.0,61.5,18.2,63.3,194.5,105.1,78.6,156.2,48.8,22.5,48.9,36.6,221.2,137.0,227.5,109.5,316.3,347.6,291.5,444.9,383.4,352.8,217.6,422.8,383.4,307.3,237.0,360.2,298.1,173.8,218.0,154.8,641.1,490.7,562.5,357.0,73.4,72.6,176.4,105.6,65.5,17.6,56.4,29.4,79.0,19.2,46.3,30.1,259.8,93.6,77.8,90.2,115.6,46.2,44.7,108.1,614.7,727.1,1046.0,828.1,527.6,274.7,705.6,234.2,648.1,389.7,689.3,289.4,1104.0,754.7,876.8,537.1,397.5,205.2,188.3,370.3
2026-07-03,09,7,official_closing,closing_displayed,https://www.boatrace.jp/owpc/pc/race/odds3t?hd=20260703&jcd=09&rno=7,official_table_v2,30.2,45.4,263.2,14.3,61.9,136.3,566.7,67.1,82.7,157.6,487.7,91.6,868.6,1072.0,1017.0,793.4,13.5,32.2,41.6,225.8,21.6,32.5,157.8,11.8,31.3,33.6,162.8,24.4,46.6,45.3,163.4,33.0,423.5,410.3,352.1,296.0,14.0,22.4,27.9,133.7,158.0,199.6,626.3,162.5,110.8,95.8,360.6,82.7,182.2,125.6,435.9,185.0,1101.0,607.1,687.9,991.7,187.1,109.0,189.2,607.1,137.1,259.2,442.4,135.5,111.9,139.6,390.1,87.2,248.9,190.7,583.3,188.0,881.5,721.2,944.5,691.9,143.5,107.8,200.0,444.0,1322.0,1469.0,2017.0,1506.0,1608.0,1293.0,1750.0,1322.0,2532.0,1506.0,1776.0,2125.0,2051.0,1950.0,1803.0,1630.0,1724.0,1506.0,2087.0,2017.0,20.1,42.8,85.9,314.8,19.6,29.2,50.8,238.0,73.1,54.6,185.6,536.0,177.0,117.3,222.0,528.9,937.0,657.5,952.0,767.8
2026-07-03,09,8,official_closing,closing_displayed,https://www.boatrace.jp/owpc/pc/race/odds3t?hd=20260703&jcd=09&rno=8,official_table_v2,115.3,183.7,242.1,297.9,53.3,11.3,14.1,24.1,164.0,28.5,65.3,58.3,168.8,42.8,82.6,98.2,354.9,115.3,155.4,220.3,575.0,982.9,1074.0,1292.0,646.1,653.4,714.3,1185.0,1419.0,1150.0,1533.0,1513.0,1402.0,1150.0,1642.0,2053.0,1533.0,1885.0,1885.0,2347.0,64.9,8.7,8.2,19.3,183.1,224.1,184.9,273.8,23.0,145.3,14.4,24.3,16.7,121.0,17.1,18.0,57.4,221.1,48.6,37.2,575.0,97.9,159.0,168.1,1084.0,935.0,1173.0,1150.0,92.0,506.6,86.5,111.4,226.8,827.3,133.5,219.0,418.2,1161.0,339.2,409.2,463.7,96.8,241.6,199.3,705.5,638.9,1127.0,1198.0,78.4,389.8,119.9,101.6,356.0,1008.0,183.1,308.3,360.5,871.2,205.3,392.5,950.4,542.4,991.4,920.0,1554.0,1854.0,1474.0,2017.0,413.6,1236.0,473.2,330.4,1321.0,2091.0,891.5,1045.0,851.9,2017.0,418.2,884.6
2026-07-03,09,9,official_closing,closing_displayed,https://www.boatrace.jp/owpc/pc/race/odds3t?hd=20260703&jcd=09&rno=9,official_table_v2,9.0,11.4,20.0,64.4,10.9,11.8,13.6,60.6,18.9,19.3,32.2,82.2,36.1,30.7,50.4,131.2,277.8,230.8,288.1,386.7,44.4,56.2,76.9,280.5,98.8,126.0,119.8,338.0,175.9,171.5,179.6,372.5,192.9,276.5,266.2,858.6,899.0,1080.0,1455.0,1291.0,46.5,37.0,31.2,105.7,118.1,127.2,127.2,288.6,77.3,117.3,97.9,216.2,73.0,128.7,125.6,200.1,424.0,724.5,684.1,568.6,72.6,76.3,74.6,142.6,126.7,182.6,137.4,255.1,130.4,235.8,169.5,298.6,88.8,130.7,140.1,155.9,252.5,430.3,415.8,299.1,104.6,86.9,139.7,216.8,210.7,287.1,303.4,515.6,134.6,255.5,234.9,349.0,183.2,273.4,277.4,279.2,712.5,899.0,743.4,721.5,1010.0,1253.0,1160.0,1866.0,1734.0,2488.0,2173.0,2862.0,1362.0,3066.0,1310.0,1575.0,1137.0,2230.0,1788.0,1519.0,2044.0,2173.0,1752.0,1455.0
2026-07-03,09,10,official_closing,closing_displayed,https://www.boatrace.jp/owpc/pc/race/odds3t?hd=20260703&jcd=09&rno=10,official_table_v2,7.6,23.3,10.3,94.9,9.1,18.3,7.8,61.1,51.1,46.5,45.1,135.9,20.9,16.6,45.7,75.9,278.7,277.7,397.0,300.4,30.3,76.4,33.8,197.1,85.0,286.9,112.0,680.1,228.1,475.4,442.4,727.2,118.8,182.9,492.9,602.0,655.8,1184.0,1883.0,1454.0,48.8,59.4,20.4,138.5,91.0,216.3,105.7,526.5,153.6,358.3,195.3,522.8,40.6,91.2,169.2,190.2,522.8,906.8,901.2,526.5,352.3,278.2,190.5,411.5,496.3,627.8,614.6,884.9,320.7,769.1,433.3,727.2,213.2,463.4,409.2,254.1,699.5,1546.0,1300.0,410.3,63.3,43.7,127.6,113.1,113.1,143.7,320.7,327.9,61.2,133.6,229.5,208.6,251.5,524.6,424.5,258.1,270.5,430.8,361.8,330.8,1372.0,1688.0,2295.0,1399.0,2369.0,2998.0,2938.0,2448.0,1579.0,3060.0,1748.0,1791.0,2825.0,3338.0,3264.0,1224.0,1372.0,2040.0,1688.0,1156.0
2026-07-03,09,11,official_closing,closing_displayed,https://www.boatrace.jp/owpc/pc/race/odds3t?hd=20260703&jcd=09&rno=11,official_table_v2,9.7,19.3,23.7,29.1,6.7,10.2,7.7,9.6,33.8,28.0,40.0,41.3,44.5,26.0,53.1,39.9,74.0,42.8,88.5,79.3,154.5,252.0,297.5,336.5,266.7,783.8,659.2,683.8,646.0,931.5,1190.0,1669.0,609.2,1053.0,1863.0,1477.0,730.4,898.9,2571.0,2216.0,43.6,37.0,25.2,28.3,152.4,314.3,301.7,309.0,138.0,324.6,238.5,219.7,101.7,327.1,311.2,160.0,127.9,408.1,425.6,333.0,351.2,248.1,293.5,303.1,706.3,1089.0,1168.0,1179.0,280.0,892.7,576.4,420.1,431.3,803.4,649.2,451.0,449.4,1212.0,603.5,683.8,266.1,137.6,330.4,187.4,535.6,793.5,1098.0,774.4,217.5,765.2,676.6,470.9,508.1,1224.0,774.4,568.8,334.7,803.4,506.1,649.2,481.4,291.5,798.4,386.0,886.5,1108.0,2337.0,1890.0,329.6,988.8,1098.0,1053.0,1224.0,2921.0,1918.0,1669.0,592.4,1947.0,1053.0,1714.0
2026-07-03,09,12,official_closing,closing_displayed,https://www.boatrace.jp/owpc/pc/race/odds3t?hd=20260703&jcd=09&rno=12,official_table_v2,6.4,11.5,21.4,32.6,7.3,7.7,13.1,26.7,16.5,17.3,31.8,46.4,42.1,37.8,59.3,88.2,135.1,134.5,143.1,175.0,76.5,97.0,163.0,257.4,160.1,341.7,430.4,789.1,295.4,497.7,636.5,779.6,517.6,719.0,874.4,1311.0,724.3,1376.0,1244.0,1831.0,32.7,30.1,34.3,61.8,101.8,162.8,246.6,381.4,103.2,189.0,160.0,223.3,141.0,307.1,230.0,318.2,344.2,826.0,638.5,610.4,146.1,144.3,137.8,189.7,297.7,475.8,528.9,546.8,249.2,433.3,310.6,495.2,223.6,423.8,410.4,346.0,435.2,732.5,847.7,543.7,304.2,244.5,390.6,427.6,655.8,946.9,1084.0,1438.0,323.0,826.0,743.8,942.3,565.9,933.3,705.9,898.7,1038.0,1848.0,1320.0,1417.0,534.8,681.1,1135.0,1021.0,1220.0,1980.0,1338.0,2659.0,1027.0,2283.0,1417.0,1980.0,2181.0,1688.0,2257.0,2457.0,2181.0,2554.0,2022.0,1884.0
2026-07-03,11,1,official_closing,closing_displayed,https://www.boatrace.jp/owpc/pc/race/odds3t?hd=20260703&jcd=11&rno=1,official_table_v2,4.6,5.3,9.2,79.2,9.3,15.8,18.6,169.1,10.6,23.2,19.6,216.2,24.3,43.7,33.1,295.7,421.5,501.0,677.4,781.0,27.6,35.2,47.9,255.8,100.7,175.8,204.9,750.1,116.8,251.9,266.0,1314.0,175.4,392.8,453.1,1747.0,1327.0,1341.0,1924.0,2329.0,74.7,123.4,149.5,469.1,144.4,247.2,284.9,1021.0,267.1,398.7,506.7,1794.0,350.3,572.3,976.3,2213.0,1543.0,1794.0,3494.0,3319.0,108.3,191.3,156.3,650.8,214.1,453.1,402.3,1276.0,432.5,595.4,745.9,2011.0,296.3,464.2,840.3,1207.0,1844.0,2371.0,2766.0,2107.0,200.2,327.0,339.5,903.2,308.7,885.2,721.6,1747.0,609.0,1185.0,1794.0,2655.0,474.2,717.7,1354.0,2371.0,2553.0,3161.0,3404.0,3588.0,1037.0,1844.0,2176.0,2766.0,2289.0,2655.0,3494.0,3017.0,2011.0,3017.0,3588.0,4742.0,3688.0,3588.0,4917.0,4578.0,3319.0,3793.0,4742.0,4283.0
2026-07-03,11,2,official_closing,closing_displayed,https://www.boatrace.jp/owpc/pc/race/odds3t?hd=20260703&jcd=11&rno=2,official_table_v2,6.0,15.3,22.2,107.3,7.2,9.6,10.2,85.6,32.5,24.3,43.5,148.9,52.7,33.2,67.8,196.3,428.5,451.8,598.3,525.5,19.3,39.1,55.3,177.7,37.6,75.5,84.9,289.9,107.6,128.1,219.0,383.6,207.8,253.2,375.0,752.6,701.3,774.2,1064.0,1161.0,32.5,36.4,37.3,155.5,55.6,91.6,104.9,289.5,67.9,100.9,97.5,263.7,86.9,158.2,155.6,299.1,519.2,627.9,715.2,529.4,164.5,141.7,165.2,406.7,228.3,271.3,331.8,565.4,174.1,255.3,238.9,552.4,250.5,328.7,308.1,470.6,907.5,1130.0,981.8,943.2,238.9,180.4,333.8,518.0,367.9,495.4,722.4,968.6,241.8,447.2,513.0,878.0,432.0,652.5,553.8,821.3,1186.0,1325.0,1489.0,1565.0,1136.0,1687.0,2541.0,2297.0,1728.0,2250.0,2805.0,3428.0,1800.0,2373.0,2097.0,2541.0,2427.0,2700.0,2571.0,3085.0,2769.0,3724.0,3272.0,2959.0
2026-07-03,11,3,official_closing,closing_displayed,https://www.boatrace.jp/owpc/pc/race/odds3t?hd=20260703&jcd=11&rno=3,official_table_v2,4.2,9.4,21.1,404.3,4.6,6.9,13.1,262.4,24.4,23.5,59.6,450.9,48.2,48.9,86.2,469.3,1239.0,840.6,1473.0,1771.0,30.4,52.3,90.8,1127.0,83.8,202.9,242.7,1932.0,239.6,389.5,539.1,2975.0,393.6,612.3,759.1,3719.0,3036.0,3915.0,4509.0,5511.0,25.1,31.1,41.7,431.3,60.9,144.1,164.0,1135.0,83.1,176.5,169.4,1271.0,108.7,190.7,208.6,935.8,2095.0,3234.0,3460.0,4509.0,225.1,171.8,295.8,1417.0,327.0,525.7,747.7,2361.0,226.4,501.0,469.3,2220.0,436.3,622.5,509.5,1365.0,3542.0,5511.0,3306.0,3099.0,382.5,299.3,583.5,1271.0,607.3,813.1,924.2,2156.0,397.8,813.1,652.6,2220.0,722.3,840.6,795.7,1710.0,3915.0,4649.0,4251.0,2755.0,2220.0,2399.0,4959.0,5511.0,7085.0,6199.0,8266.0,7831.0,3381.0,7085.0,4376.0,5511.0,5314.0,7831.0,6763.0,7831.0,4799.0,5314.0,6199.0,8266.0
2026-07-03,11,4,official_closing,closing_displayed,https://www.boatrace.jp/owpc/pc/race/odds3t?hd=20260703&jcd=11&rno=4,official_table_v2,7.5,18.9,14.9,24.1,8.9,13.9,10.8,28.1,31.2,30.4,34.9,87.2,22.5,20.9,39.1,31.8,50.9,82.2,140.3,62.7,51.1,123.9,83.1,109.9,166.6,622.7,448.9,737.2,393.6,693.2,578.6,1231.0,232.5,475.1,678.3,569.6,384.0,1469.0,1821.0,1459.0,84.7,97.7,70.4,219.5,186.9,562.3,389.4,867.9,227.9,558.0,335.0,672.1,145.2,351.0,311.8,467.0,672.1,1395.0,1344.0,896.1,132.9,149.2,113.2,301.1,289.6,575.5,408.2,792.9,271.4,666.0,369.8,847.8,137.7,255.4,275.5,252.8,633.4,1080.0,1006.0,553.8,45.1,52.5,90.6,48.0,76.2,199.3,404.4,114.6,105.7,299.5,381.3,270.8,173.8,354.9,348.2,301.1,73.3,97.2,210.9,281.9,466.0,617.5,864.5,548.3,574.0,1657.0,1695.0,899.7,1868.0,2939.0,3194.0,2505.0,2140.0,2119.0,2449.0,1837.0,587.8,706.5,885.3,864.5
2026-07-03,11,5,official_closing,closing_displayed,https://www.boatrace.jp/owpc/pc/race/odds3t?hd=20260703&jcd=11&rno=5,official_table_v2,12.2,19.6,10.4,139.5,14.3,25.4,9.7,139.9,35.6,52.2,36.2,230.5,10.4,10.8,26.8,74.0,504.0,525.7,568.6,364.6,36.9,47.0,31.4,219.7,91.2,149.9,107.3,515.7,130.5,199.6,149.0,580.8,57.6,99.2,123.8,328.7,841.1,1318.0,1378.0,1046.0,69.7,84.2,39.7,304.5,129.4,208.8,134.9,536.1,209.0,292.5,207.0,711.2,59.7,113.5,147.7,331.9,1156.0,1460.0,1355.0,1108.0,231.0,300.7,165.2,659.3,291.4,548.1,332.3,1060.0,403.2,600.8,461.1,1478.0,207.7,262.8,374.1,510.3,1426.0,1876.0,2345.0,1347.0,29.5,28.9,63.0,83.3,59.4,113.3,174.6,218.7,64.8,117.7,205.1,314.7,155.3,236.1,306.4,375.3,225.2,334.1,416.2,453.4,1418.0,2803.0,3252.0,1543.0,3011.0,3872.0,4602.0,2279.0,4205.0,4134.0,3641.0,2869.0,4134.0,4517.0,3587.0,3168.0,1604.0,1999.0,2415.0,3127.0
2026-07-03,11,6,official_closing,closing_displayed,https://www.boatrace.jp/owpc/pc/race/odds3t?hd=20260703&jcd=11&rno=6,official_table_v2,52.2,11.8,24.0,92.6,76.8,35.6,50.4,178.9,7.3,18.1,4.9,24.4,24.1,46.1,11.5,50.6,221.0,296.8,112.2,151.8,292.4,106.7,178.9,425.8,577.3,910.2,1002.0,1438.0,151.0,568.2,273.2,559.2,347.1,874.5,380.4,1049.0,905.6,1732.0,939.0,1256.0,267.0,176.1,213.9,511.2,404.5,540.6,634.9,1013.0,228.4,473.2,361.1,628.2,327.3,725.2,457.4,905.6,980.3,1404.0,1081.0,1181.0,27.3,58.3,14.5,51.3,84.8,334.7,120.7,299.3,176.8,451.6,255.6,472.0,30.3,70.7,134.6,84.6,151.4,315.7,356.8,203.6,98.5,144.9,44.9,138.0,235.0,626.0,298.3,608.9,300.3,686.2,422.7,749.6,57.8,164.7,231.4,180.2,349.8,632.6,639.4,378.0,874.5,1416.0,570.0,919.6,1321.0,2585.0,1474.0,2149.0,1839.0,2832.0,1699.0,2004.0,604.8,1181.0,1404.0,716.5,1013.0,1960.0,1918.0,814.6
2026-07-03,11,7,official_closing,closing_displayed,https://www.boatrace.jp/owpc/pc/race/odds3t?hd=20260703&jcd=11&rno=7,official_table_v2,4.5,7.3,37.5,15.1,6.7,9.2,35.8,14.6,10.5,12.5,45.5,21.7,98.0,133.6,114.1,138.1,34.8,36.0,50.7,138.6,80.3,152.8,391.2,163.0,175.2,598.4,1106.0,605.1,360.6,788.1,1482.0,950.4,1482.0,2411.0,2244.0,2154.0,485.2,1063.0,1455.0,1900.0,120.3,157.9,417.5,203.2,191.4,585.4,1099.0,612.0,350.5,605.1,967.5,562.9,859.4,1468.0,1775.0,1900.0,475.2,939.4,897.6,1524.0,170.0,230.8,317.4,198.5,396.0,873.4,1599.0,762.1,466.9,609.7,1313.0,741.1,714.9,1292.0,1496.0,933.9,442.6,928.6,956.0,1122.0,902.6,1035.0,923.3,1063.0,1405.0,3107.0,3048.0,2564.0,1214.0,3366.0,1900.0,2524.0,1615.0,2834.0,2485.0,1665.0,1683.0,3168.0,3672.0,2564.0,215.7,250.9,448.8,939.4,417.5,991.2,1468.0,2376.0,522.9,1242.0,1346.0,3231.0,820.2,1683.0,1429.0,2648.0,1923.0,3048.0,3590.0,2606.0
2026-07-03,11,8,official_closing,closing_displayed,https://www.boatrace.jp/owpc/pc/race/odds3t?hd=20260703&jcd=11&rno=8,official_table_v2,24.6,24.4,25.3,472.6,21.4,14.6,15.6,411.2,28.4,25.1,25.2,452.2,38.8,37.7,37.3,510.1,1414.0,1180.0,1108.0,1270.0,60.5,62.2,57.0,540.5,85.4,106.8,125.5,997.2,104.5,127.4,127.1,1166.0,122.9,196.8,165.3,1146.0,1595.0,1994.0,2056.0,2216.0,44.1,24.1,25.9,433.6,68.4,65.4,68.6,785.2,29.7,48.8,19.5,311.6,33.8,50.2,24.6,279.7,1033.0,1312.0,977.7,827.6,71.1,55.2,47.0,522.1,106.7,129.1,99.4,797.8,50.3,82.5,35.0,507.5,49.6,69.2,47.9,346.2,1166.0,1648.0,1534.0,1231.0,80.8,76.4,80.1,645.4,121.4,215.8,196.8,1270.0,70.1,131.9,67.1,647.5,88.6,130.9,103.5,660.4,1864.0,2099.0,1676.0,1648.0,2403.0,3561.0,2933.0,4748.0,4432.0,5390.0,4638.0,4533.0,4155.0,4986.0,3626.0,3561.0,3217.0,5248.0,4070.0,3499.0,5114.0,4986.0,3438.0,3835.0
2026-07-03,11,9,official_closing,closing_displayed,https://www.boatrace.jp/owpc/pc/race/odds3t?hd=20260703&jcd=11&rno=9,official_table_v2,9.6,4.8,16.9,23.4,26.0,22.7,45.3,82.3,9.1,20.9,23.4,28.8,55.5,103.6,49.2,115.4,84.7,186.2,98.5,175.4,32.0,15.2,42.4,64.2,163.1,183.5,383.8,474.2,43.3,141.1,111.2,169.2,203.1,533.1,187.7,497.3,255.2,780.5,357.7,584.7,191.4,165.9,248.3,369.9,327.5,358.5,685.4,784.2,239.9,375.0,482.6,832.3,414.0,1006.0,632.2,1430.0,1182.0,1382.0,1456.0,1832.0,40.1,141.3,76.6,96.9,65.3,237.1,163.4,189.9,255.2,345.6,509.7,780.5,114.8,155.0,360.1,171.5,219.8,274.6,637.2,270.5,163.9,315.5,139.3,350.0,252.1,691.2,300.9,663.1,439.7,976.8,524.5,1109.0,180.0,318.6,450.6,303.2,649.9,815.6,1156.0,495.8,303.7,734.8,379.3,815.6,430.4,1326.0,755.2,1264.0,2039.0,2364.0,1647.0,2175.0,512.9,765.8,1274.0,832.3,1148.0,1406.0,1853.0,823.9
2026-07-03,11,10,official_closing,closing_displayed,https://www.boatrace.jp/owpc/pc/race/odds3t?hd=20260703&jcd=11&rno=10,official_table_v2,7.7,9.2,24.8,56.6,14.7,20.5,41.7,70.1,17.4,26.5,45.6,69.5,62.7,99.7,109.0,124.0,260.5,236.6,251.7,250.7,15.4,16.8,36.2,71.4,33.0,41.0,104.0,185.5,39.4,49.1,95.3,137.7,108.7,207.1,213.3,237.0,277.7,454.5,429.3,380.5,56.1,69.6,154.2,249.5,63.0,63.7,152.6,211.9,97.5,85.4,186.7,212.8,306.6,301.0,349.4,650.2,713.9,486.7,462.2,1011.0,57.3,79.9,86.4,109.8,75.0,97.8,115.8,137.3,129.5,136.3,189.1,199.8,108.0,128.7,188.4,141.8,186.0,215.0,301.4,223.0,168.0,372.5,318.8,289.7,199.9,509.7,471.9,372.0,545.7,791.5,942.0,1131.0,319.2,375.9,608.7,359.0,467.4,554.2,1077.0,596.9,952.9,1277.0,1179.0,1346.0,1501.0,1835.0,1270.0,1821.0,1905.0,2212.0,1795.0,2232.0,1141.0,1136.0,1457.0,1270.0,1353.0,1732.0,2192.0,1415.0
2026-07-03,11,11,official_closing,closing_displayed,https://www.boatrace.jp/owpc/pc/race/odds3t?hd=20260703&jcd=11&rno=11,official_table_v2,5.6,16.0,14.0,63.7,7.5,18.2,12.4,65.3,40.2,44.1,64.1,130.0,39.7,39.4,95.1,141.4,255.9,301.4,366.6,358.2,11.8,27.9,24.5,98.4,28.7,70.7,53.8,183.8,112.2,147.0,201.2,479.8,97.6,127.1,253.6,328.7,478.7,671.5,964.2,699.1,29.9,56.5,35.5,153.2,46.6,97.2,69.8,231.2,160.9,196.3,220.4,495.0,102.7,136.1,237.4,350.8,652.1,804.2,973.5,734.5,233.8,250.5,323.9,605.5,325.5,355.0,475.3,840.7,325.5,403.7,475.3,833.8,392.7,481.0,492.6,685.0,1240.0,1412.0,1176.0,1329.0,199.2,192.6,497.4,493.8,287.7,336.8,721.5,788.6,268.4,368.5,713.9,982.9,810.6,807.4,896.3,968.8,1076.0,1111.0,1485.0,1474.0,908.3,1263.0,2365.0,1956.0,1474.0,1709.0,3179.0,1849.0,1833.0,2211.0,3508.0,2712.0,3838.0,3448.0,4329.0,3633.0,2097.0,2481.0,3229.0,2749.0
2026-07-03,11,12,official_closing,closing_displayed,https://www.boatrace.jp/owpc/pc/race/odds3t?hd=20260703&jcd=11&rno=12,official_table_v2,6.4,6.7,10.3,34.8,12.8,15.5,19.5,54.9,13.6,20.8,22.7,50.6,27.1,36.8,46.0,85.4,155.2,207.5,184.5,203.3,25.8,22.4,33.5,74.6,99.3,164.7,209.9,364.5,75.9,169.3,180.9,292.6,145.7,299.2,304.5,483.8,392.6,965.6,900.1,1053.0,103.5,106.7,106.7,243.6,169.0,264.6,285.8,571.3,221.1,325.7,348.1,545.8,255.4,443.2,487.3,758.9,832.4,1416.0,1429.0,1394.0,78.7,151.1,114.1,222.6,140.4,343.0,305.1,524.8,335.3,497.3,552.9,923.4,221.6,377.6,536.3,469.6,617.6,844.5,1206.0,835.4,195.7,251.7,249.0,382.6,309.8,694.3,565.0,912.5,408.5,860.1,864.9,1164.0,389.3,678.0,990.3,903.6,1062.0,1707.0,1865.0,1579.0,884.7,1701.0,1670.0,1682.0,1429.0,3159.0,2222.0,2322.0,2357.0,3715.0,2732.0,3628.0,2101.0,2357.0,2939.0,2700.0,1835.0,2903.0,3518.0,2609.0
2026-07-03,12,1,official_closing,closing_displayed,https://www.boatrace.jp/owpc/pc/race/odds3t?hd=20260703&jcd=12&rno=1,official_table_v2,7.3,11.8,15.1,138.6,7.3,7.5,8.2,119.2,17.9,12.6,22.6,139.6,28.1,18.5,36.1,198.7,511.4,511.4,496.8,698.3,60.9,86.8,97.3,610.1,96.9,231.2,336.3,2173.0,223.2,316.1,564.5,1849.0,293.7,429.3,684.6,2120.0,1391.0,2595.0,3548.0,3548.0,40.7,35.2,31.1,312.1,99.4,166.4,163.2,1174.0,106.4,201.4,170.1,794.0,98.3,214.4,212.8,950.2,1288.0,1830.0,1774.0,1688.0,199.4,162.2,165.6,679.2,370.7,724.5,709.7,1998.0,263.0,616.6,411.0,1830.0,270.8,572.0,458.8,1114.0,1566.0,2484.0,2258.0,1849.0,174.0,140.4,222.3,727.5,308.3,514.4,820.2,1976.0,200.3,468.7,520.6,1811.0,388.1,840.0,674.0,1640.0,2045.0,3050.0,2898.0,2947.0,1041.0,1756.0,1869.0,2675.0,2449.0,3864.0,4576.0,5269.0,2717.0,4576.0,2484.0,4347.0,2258.0,3409.0,3952.0,4576.0,4140.0,4699.0,4140.0,2717.0
2026-07-03,12,2,official_closing,closing_displayed,https://www.boatrace.jp/owpc/pc/race/odds3t?hd=20260703&jcd=12&rno=2,official_table_v2,60.6,12.1,15.9,14.6,105.3,108.0,89.4,97.5,26.8,130.5,25.9,29.5,20.1,85.5,14.7,17.4,15.9,75.7,17.2,16.8,235.5,52.9,78.2,75.5,559.6,849.7,923.4,1102.0,153.6,888.1,243.6,250.0,165.2,750.0,216.5,272.6,161.5,891.2,217.6,258.6,511.5,560.9,312.3,439.4,710.5,1044.0,1157.0,1629.0,1147.0,1200.0,1445.0,1764.0,539.6,1141.0,1107.0,870.0,596.2,1513.0,1141.0,777.4,125.0,523.0,107.7,144.6,215.8,1031.0,365.4,383.4,1291.0,1504.0,1470.0,1788.0,129.8,270.6,676.6,151.2,165.4,293.6,968.8,158.4,62.4,253.5,38.9,47.5,149.2,761.2,155.4,216.3,498.6,916.7,814.5,819.8,66.5,150.1,676.6,86.7,60.4,136.9,512.5,60.7,56.4,216.5,41.4,37.0,124.7,691.3,125.9,176.0,495.7,1061.0,718.4,645.9,69.7,131.9,540.7,70.7,46.5,99.4,329.1,48.2
2026-07-03,12,3,official_closing,closing_displayed,https://www.boatrace.jp/owpc/pc/race/odds3t?hd=20260703&jcd=12&rno=3,official_table_v2,39.8,31.6,62.9,36.4,103.6,198.3,224.9,241.6,73.1,196.4,198.7,140.9,195.9,363.6,305.1,354.3,103.5,385.6,260.6,448.5,33.1,22.8,50.4,22.3,43.7,19.7,30.4,17.0,26.9,18.0,22.3,10.0,82.5,48.1,47.4,31.2,39.1,35.6,18.4,35.3,249.9,441.3,484.0,628.4,162.2,108.7,134.6,90.3,491.8,178.5,367.9,272.2,692.6,330.9,619.5,411.6,857.9,255.1,468.4,538.6,116.5,491.8,222.4,163.9,82.2,84.0,57.3,33.9,624.6,175.1,326.3,200.8,223.7,85.6,239.3,81.6,183.4,55.6,195.9,93.6,412.1,850.8,665.4,553.3,258.6,176.1,172.2,97.6,1110.0,343.1,612.1,407.2,591.9,203.6,484.8,178.5,741.3,193.5,411.6,271.0,177.4,963.5,533.9,1188.0,156.8,221.0,91.9,233.1,1246.0,415.5,635.0,951.5,539.6,126.7,503.1,395.6,1188.0,396.1,925.5,515.0
2026-07-03,12,4,official_closing,closing_displayed,https://www.boatrace.jp/owpc/pc/race/odds3t?hd=20260703&jcd=12&rno=4,official_table_v2,22.2,205.2,112.4,45.6,16.3,72.6,40.1,21.5,505.7,310.3,630.9,514.0,286.6,173.8,644.0,262.1,104.7,69.1,474.7,236.3,24.3,367.0,129.1,43.3,25.9,163.7,56.4,16.9,604.1,576.6,930.1,504.9,328.2,200.0,1018.0,246.6,107.3,51.9,437.6,182.6,13.3,60.7,26.5,12.1,16.4,88.8,31.8,8.7,163.6,169.6,179.4,104.2,59.0,53.2,160.4,37.3,20.0,13.0,82.6,26.2,1283.0,930.1,1365.0,1428.0,1681.0,1149.0,2044.0,1517.0,792.0,903.0,1063.0,677.2,2120.0,2120.0,1484.0,1530.0,1984.0,1580.0,969.7,1681.0,1006.0,512.5,2216.0,721.6,1094.0,521.1,2420.0,632.1,448.5,412.2,1254.0,316.3,2625.0,2821.0,1855.0,2081.0,792.0,636.8,431.0,1855.0,314.9,187.8,1283.0,653.9,353.3,128.7,1214.0,488.3,136.7,96.2,395.0,202.8,2260.0,2044.0,1056.0,2387.0,842.8,615.0,401.1,1815.0
2026-07-03,12,5,official_closing,closing_displayed,https://www.boatrace.jp/owpc/pc/race/odds3t?hd=20260703&jcd=12&rno=5,official_table_v2,9.2,11.8,14.6,9.7,12.9,16.3,18.6,13.5,18.9,22.5,27.6,14.3,39.6,37.7,46.8,26.3,18.9,26.8,24.6,32.8,148.2,172.1,180.7,121.2,362.4,821.9,1020.0,698.5,394.5,1044.0,1126.0,618.0,440.1,1159.0,1451.0,1134.0,243.8,741.1,622.9,1024.0,222.6,190.9,255.4,167.7,407.8,886.4,911.9,809.3,374.5,1030.0,1102.0,704.7,561.0,1126.0,1412.0,1296.0,355.5,941.8,830.5,1083.0,162.6,217.3,163.2,91.0,387.3,1185.0,953.1,576.4,543.7,1499.0,1346.0,976.7,325.5,843.8,1098.0,362.9,164.7,389.7,635.4,351.2,508.7,570.1,570.1,282.8,813.5,1850.0,1674.0,1065.0,1069.0,1631.0,2197.0,1872.0,862.2,1528.0,2081.0,773.7,464.6,1095.0,1286.0,1030.0,103.6,153.7,132.0,234.7,235.4,700.1,475.8,988.9,389.7,950.3,883.9,1566.0,289.5,639.3,1083.0,826.2,558.1,1134.0,1906.0,1072.0
2026-07-03,12,6,official_closing,closing_displayed,https://www.boatrace.jp/owpc/pc/race/odds3t?hd=20260703&jcd=12&rno=6,official_table_v2,9.5,27.8,8.9,21.5,22.4,64.6,29.2,69.7,82.0,135.9,115.7,151.9,23.3,44.1,107.0,46.4,105.8,224.6,270.5,121.2,15.0,44.8,11.2,29.8,37.9,92.5,29.1,63.8,135.3,180.8,120.9,166.1,26.8,36.5,100.8,31.1,100.0,171.9,274.3,72.5,92.8,222.0,94.6,193.4,92.4,180.6,67.5,127.8,377.1,324.1,311.3,449.7,134.7,101.2,284.2,178.3,531.7,384.2,800.9,418.6,358.2,727.3,346.1,465.9,379.3,642.8,247.7,324.9,826.5,821.3,867.2,936.3,378.5,241.8,751.2,242.5,629.3,537.6,1059.0,473.9,68.6,156.0,304.0,104.5,70.8,116.1,210.6,69.3,230.0,173.8,716.5,275.9,421.8,286.3,728.6,282.9,172.9,119.0,309.1,364.3,521.0,1485.0,1526.0,710.0,522.4,1082.0,1211.0,347.3,2040.0,1425.0,2280.0,1420.0,1820.0,1369.0,2850.0,1157.0,739.8,328.5,912.1,994.0
2026-07-03,12,7,official_closing,closing_displayed,https://www.boatrace.jp/owpc/pc/race/odds3t?hd=20260703&jcd=12&rno=7,official_table_v2,133.3,64.3,48.1,146.6,160.0,74.7,49.6,171.9,54.6,67.9,13.8,49.5,34.9,39.4,11.2,17.7,308.7,395.7,152.9,80.6,479.5,306.1,223.2,508.8,848.8,843.4,584.9,1173.0,424.8,754.1,264.9,638.3,286.8,505.0,278.9,423.9,1201.0,1830.0,1456.0,867.3,379.9,151.8,101.9,292.2,531.9,594.5,409.6,764.3,142.2,336.1,54.3,136.7,89.0,248.8,55.6,89.6,607.2,1028.0,337.5,256.7,121.2,128.0,24.6,76.9,247.6,527.7,144.3,303.1,162.4,405.4,59.4,152.7,16.2,50.8,36.7,16.2,152.8,294.0,251.8,61.6,63.8,70.3,18.9,26.4,146.3,289.1,141.8,159.6,97.5,253.6,66.9,110.7,19.6,63.0,44.4,16.8,59.0,163.0,174.5,44.6,1061.0,1291.0,771.6,459.6,1742.0,1965.0,1965.0,1266.0,1399.0,1757.0,854.3,796.3,701.1,1078.0,861.6,222.3,430.8,896.5,726.7,211.8
2026-07-03,12,8,official_closing,closing_displayed,https://www.boatrace.jp/owpc/pc/race/odds3t?hd=20260703&jcd=12&rno=8,official_table_v2,37.4,26.8,53.5,108.7,38.6,11.1,20.9,49.0,21.3,10.0,9.5,23.7,86.1,50.0,34.1,79.7,253.3,146.7,98.3,174.7,301.6,185.8,338.2,551.8,510.2,590.9,758.9,1226.0,253.8,558.9,475.0,606.4,553.4,761.9,709.5,961.7,1290.0,1662.0,1203.0,1538.0,153.6,35.4,55.3,103.7,369.1,342.9,466.5,614.0,42.6,171.2,49.7,72.1,126.0,367.7,104.4,170.6,351.6,786.3,236.5,325.6,53.9,31.6,16.0,33.6,153.9,265.6,181.4,246.1,55.4,178.2,58.9,88.8,24.3,97.8,62.7,32.7,81.8,222.1,157.7,72.6,310.9,179.0,99.3,200.0,606.4,772.4,551.8,777.0,262.9,767.8,241.6,412.6,93.0,289.5,162.6,116.4,390.8,799.1,511.5,216.3,927.6,889.7,415.6,800.7,1447.0,2022.0,1432.0,1825.0,1218.0,1720.0,678.8,1054.0,417.4,1060.0,621.8,312.4,914.6,1833.0,1021.0,354.7
2026-07-03,12,9,official_closing,closing_displayed,https://www.boatrace.jp/owpc/pc/race/odds3t?hd=20260703&jcd=12&rno=9,official_table_v2,37.2,42.9,46.0,184.2,36.9,12.9,10.5,116.2,46.7,20.1,19.0,109.1,51.7,18.2,26.2,102.4,423.3,412.4,351.2,350.0,164.7,178.5,173.4,357.5,267.6,253.2,218.9,814.8,276.6,295.9,279.7,687.4,264.4,227.9,307.5,651.6,1173.0,1460.0,1439.0,1454.0,102.3,29.4,22.1,164.5,215.4,159.4,131.9,471.7,40.2,105.8,21.4,127.0,31.2,84.1,22.3,101.2,510.3,634.0,427.4,306.8,123.5,54.1,38.1,144.1,227.5,255.8,176.3,383.5,66.0,165.8,36.5,158.1,35.9,92.3,33.6,60.2,315.5,465.2,351.5,205.9,139.0,53.7,65.5,160.2,249.4,234.1,274.4,521.6,69.8,173.5,53.6,165.6,70.6,157.4,57.4,95.1,367.0,588.3,309.1,278.0,1324.0,1454.0,1476.0,1481.0,1887.0,2326.0,2247.0,2273.0,1826.0,2094.0,1087.0,934.7,1762.0,1942.0,1342.0,674.6,1197.0,1754.0,919.7,608.0
2026-07-03,12,10,official_closing,closing_displayed,https://www.boatrace.jp/owpc/pc/race/odds3t?hd=20260703&jcd=12&rno=10,official_table_v2,11.5,7.7,47.2,71.7,15.4,9.5,41.8,75.6,8.3,10.3,28.1,47.3,108.9,109.3,97.8,207.8,247.1,345.5,217.7,447.7,62.0,37.1,161.4,233.2,141.2,111.6,493.6,731.5,67.5,103.7,283.7,343.5,468.9,746.0,610.5,1140.0,884.1,1586.0,980.2,1903.0,65.2,31.4,89.3,159.3,126.0,110.0,339.9,492.6,45.3,76.3,124.1,157.3,226.6,417.4,285.2,474.8,633.5,1032.0,668.2,844.3,24.5,30.3,45.9,73.9,46.1,76.8,135.2,166.2,50.8,73.1,133.1,161.4,82.8,138.8,184.3,145.0,210.1,306.0,412.8,294.9,384.2,426.6,310.5,619.0,552.3,1012.0,694.0,1157.0,585.5,1107.0,831.3,1077.0,321.1,542.5,675.7,566.5,1424.0,1831.0,1685.0,1182.0,1151.0,1640.0,1138.0,2498.0,1581.0,2524.0,1933.0,3064.0,2165.0,2832.0,1489.0,2882.0,1265.0,1709.0,1838.0,1752.0,2423.0,2970.0,2511.0,1925.0
2026-07-03,12,11,official_closing,closing_displayed,https://www.boatrace.jp/owpc/pc/race/odds3t?hd=20260703&jcd=12&rno=11,official_table_v2,7.4,30.4,20.3,16.5,6.7,18.2,10.5,8.4,66.4,49.8,76.8,69.9,43.0,29.4,83.6,45.2,43.0,29.2,102.0,60.4,58.7,166.7,124.1,95.8,114.4,477.7,308.6,188.7,495.4,752.8,897.3,751.8,417.0,519.3,1056.0,621.1,297.0,381.0,989.1,674.1,33.4,57.9,33.0,25.6,78.3,318.3,210.8,123.2,171.7,343.4,196.1,215.8,101.1,203.2,237.7,124.1,76.0,146.1,231.8,129.1,435.4,377.4,392.2,417.3,782.2,1149.0,1221.0,982.2,516.4,891.6,679.0,635.1,585.4,906.0,776.8,535.1,719.0,1016.0,933.2,764.1,292.7,201.8,500.7,239.4,604.3,837.1,1468.0,890.2,313.8,672.5,801.2,387.0,796.6,1381.0,987.4,753.8,502.5,911.9,529.6,968.6,253.7,208.1,750.8,521.7,452.6,567.1,1649.0,1304.0,315.0,550.9,1005.0,657.5,1519.0,1940.0,1659.0,1416.0,939.4,1704.0,965.3,1519.0
2026-07-03,12,12,official_closing,closing_displayed,https://www.boatrace.jp/owpc/pc/race/odds3t?hd=20260703&jcd=12&rno=12,official_table_v2,13.2,10.5,11.9,19.9,21.1,17.2,14.8,30.2,20.4,31.6,22.3,27.6,21.4,25.1,25.1,21.5,54.1,68.9,48.9,40.9,65.6,59.3,56.7,76.2,159.1,295.4,244.2,347.5,187.0,398.3,353.0,355.6,142.4,286.3,355.2,221.9,252.6,699.2,613.8,396.0,118.1,106.0,74.1,119.2,201.1,370.1,311.0,446.9,230.1,419.7,352.5,417.5,150.0,303.1,391.6,281.1,374.4,770.0,715.5,505.6,167.3,244.8,135.3,162.5,322.1,634.8,439.4,516.2,464.9,771.3,659.3,668.7,182.9,318.9,460.6,197.6,313.1,533.5,673.2,300.7,84.2,97.5,114.8,71.2,164.5,337.4,326.7,222.6,223.9,477.9,583.6,403.3,234.2,419.5,573.8,267.2,125.4,231.0,316.7,273.3,262.2,413.2,360.2,233.3,503.6,1098.0,1015.0,644.9,918.8,1311.0,1164.0,936.2,667.7,1235.0,1335.0,731.4,299.9,501.6,685.7,551.0
2026-07-03,13,1,official_closing,closing_displayed,https://www.boatrace.jp/owpc/pc/race/odds3t?hd=20260703&jcd=13&rno=1,official_table_v2,10.2,24.3,34.2,70.3,8.4,12.6,11.3,26.8,56.2,38.5,55.8,93.3,58.9,38.8,86.2,112.5,151.1,112.8,191.8,219.4,31.3,78.9,129.2,176.6,64.0,170.3,164.8,270.4,318.7,338.0,553.2,603.0,316.4,315.7,557.8,747.9,577.0,550.9,1029.0,1206.0,18.4,23.5,18.2,37.4,39.6,97.0,75.3,118.1,53.6,83.1,68.2,100.6,39.2,68.3,72.9,83.3,118.2,169.4,207.2,156.3,266.6,131.2,210.8,338.0,372.9,485.0,553.2,690.0,141.8,340.6,201.9,302.8,301.5,444.7,265.1,405.6,548.6,662.7,522.9,579.5,159.9,86.3,221.2,204.7,298.8,309.1,640.5,589.7,94.0,175.4,207.5,171.1,402.0,704.6,326.5,569.6,483.3,608.5,343.2,679.5,410.6,373.9,643.6,904.5,672.7,700.9,1115.0,1352.0,367.7,555.5,622.6,697.2,898.5,1206.0,1097.0,1338.0,1125.0,1487.0,904.5,1521.0
2026-07-03,13,2,official_closing,closing_displayed,https://www.boatrace.jp/owpc/pc/race/odds3t?hd=20260703&jcd=13&rno=2,official_table_v2,12.4,13.5,15.4,401.4,23.2,22.7,26.3,533.7,21.3,32.7,26.6,683.0,35.3,51.9,46.9,735.3,1566.0,1656.0,1896.0,1779.0,40.2,32.0,33.3,603.0,89.7,100.2,86.0,1736.0,66.7,104.2,61.3,967.2,68.3,104.9,79.4,1125.0,1947.0,960.8,2287.0,2882.0,77.1,67.2,61.8,837.9,113.3,133.2,111.7,1275.0,97.9,125.8,110.2,1264.0,112.2,139.1,139.7,1736.0,2324.0,4117.0,3133.0,4503.0,28.8,56.0,21.7,545.9,35.8,77.0,30.6,686.3,95.9,109.2,68.6,1385.0,18.1,20.1,56.1,311.9,1322.0,1485.0,1736.0,1399.0,79.1,137.1,85.0,623.9,87.8,153.6,88.3,967.2,241.8,270.4,274.5,1757.0,55.4,51.7,107.3,511.0,2001.0,2825.0,3695.0,1947.0,2088.0,3515.0,5764.0,4649.0,3895.0,5147.0,4503.0,5543.0,4003.0,4238.0,3351.0,4804.0,6551.0,4969.0,8006.0,4649.0,5147.0,6266.0,7206.0,4969.0
2026-07-03,13,3,official_closing,closing_displayed,https://www.boatrace.jp/owpc/pc/race/odds3t?hd=20260703&jcd=13&rno=3,official_table_v2,14.7,45.1,14.7,111.8,27.8,95.4,38.2,207.8,123.5,206.6,142.0,433.0,25.6,48.4,105.9,153.0,403.7,637.4,834.3,493.3,13.3,40.0,10.0,83.4,21.3,51.2,12.6,96.8,126.2,111.5,71.4,226.2,17.6,14.2,41.7,49.2,361.9,338.1,495.4,202.2,66.2,200.6,59.4,251.3,58.2,108.7,30.8,141.0,367.7,232.9,186.0,557.5,77.5,44.2,149.1,152.5,862.8,580.3,1045.0,539.0,431.4,667.4,550.8,1233.0,416.3,497.6,291.6,785.2,693.9,663.5,586.3,1375.0,441.4,239.1,443.2,440.6,1939.0,1533.0,2182.0,1157.0,48.4,84.6,163.9,144.0,44.8,41.4,88.5,76.6,132.5,75.6,228.9,241.9,307.9,156.0,276.0,321.8,265.4,176.5,357.9,575.9,1260.0,2182.0,2203.0,1575.0,1350.0,1350.0,1830.0,937.7,2985.0,1656.0,1973.0,1923.0,2638.0,2182.0,2669.0,2182.0,1375.0,886.4,1565.0,2026.0
2026-07-03,13,4,official_closing,closing_displayed,https://www.boatrace.jp/owpc/pc/race/odds3t?hd=20260703&jcd=13&rno=4,official_table_v2,37.1,13.2,66.8,271.7,102.4,102.7,219.2,710.1,12.8,40.7,56.8,187.3,158.2,286.9,190.9,933.7,681.5,1594.0,612.3,1374.0,56.0,14.0,55.6,171.7,122.8,64.6,159.7,426.8,10.3,25.4,18.3,40.4,116.7,163.1,89.1,409.2,403.3,546.9,167.6,793.4,421.4,409.2,619.0,2112.0,405.3,185.9,506.0,1408.0,402.4,215.8,506.0,1396.0,801.0,789.7,747.8,2640.0,3129.0,3755.0,3449.0,4971.0,14.4,49.1,30.5,76.6,9.1,18.1,13.0,30.4,172.1,53.0,200.2,400.5,33.0,25.7,95.0,87.9,123.1,83.0,283.5,168.6,413.2,665.4,459.2,1330.0,401.4,681.5,275.7,1261.0,971.3,944.2,899.0,2770.0,293.4,206.8,563.3,782.4,2166.0,2965.0,3188.0,1779.0,1024.0,2380.0,1141.0,2449.0,1310.0,1724.0,334.6,2347.0,3380.0,2965.0,2914.0,4122.0,1006.0,328.8,1837.0,1432.0,2864.0,3521.0,5281.0,2560.0
2026-07-03,13,5,official_closing,closing_displayed,https://www.boatrace.jp/owpc/pc/race/odds3t?hd=20260703&jcd=13&rno=5,official_table_v2,26.1,43.1,10.7,50.9,48.3,99.2,33.3,111.3,113.7,158.7,87.0,228.9,10.3,25.9,43.8,27.2,157.7,248.9,400.9,131.5,45.6,57.7,16.5,62.8,113.2,216.2,63.3,167.5,192.2,275.9,106.7,199.6,18.9,43.9,62.6,33.0,187.0,316.2,389.1,101.4,187.2,373.1,98.0,333.6,229.2,364.6,125.0,345.5,438.4,411.1,280.7,755.9,104.0,103.0,192.7,184.8,784.5,722.0,1107.0,459.2,490.3,1051.0,280.7,617.6,505.7,884.9,326.8,551.8,961.1,967.5,522.0,1209.0,226.7,230.0,421.9,232.9,1000.0,815.3,1480.0,599.7,15.8,39.6,56.8,28.8,21.6,50.6,85.9,29.2,86.0,85.6,188.9,112.5,121.3,131.9,285.1,127.9,52.1,49.3,114.7,141.4,434.5,1099.0,1319.0,372.1,609.8,1125.0,1262.0,274.3,1409.0,1382.0,1860.0,1044.0,2267.0,1560.0,2791.0,1044.0,342.3,240.6,752.0,772.0
2026-07-03,13,6,official_closing,closing_displayed,https://www.boatrace.jp/owpc/pc/race/odds3t?hd=20260703&jcd=13&rno=6,official_table_v2,14.8,8.4,25.3,75.6,14.9,6.9,19.8,68.1,8.0,7.6,12.7,42.1,55.5,52.1,37.8,133.6,264.1,276.5,196.8,257.7,71.4,47.1,106.0,210.6,257.4,386.4,645.2,1410.0,111.3,257.1,289.3,521.9,354.3,872.7,693.6,963.5,1189.0,3086.0,2028.0,2628.0,133.7,47.3,107.7,266.1,327.6,282.0,488.3,1290.0,78.1,194.1,146.0,314.0,241.1,425.8,275.4,1132.0,1023.0,2289.0,1238.0,2028.0,48.7,48.7,37.4,95.6,120.3,280.9,244.4,478.5,108.8,283.1,174.1,477.4,79.5,195.0,215.5,175.6,320.2,564.8,712.1,351.9,318.2,327.1,188.6,433.6,593.1,1373.0,1151.0,1391.0,620.8,1468.0,1176.0,1759.0,220.6,671.7,777.1,561.8,777.1,1216.0,1820.0,898.4,1589.0,2265.0,1565.0,2289.0,1820.0,3131.0,3042.0,3871.0,2801.0,5603.0,2695.0,4629.0,1971.0,2565.0,2957.0,1884.0,2289.0,3490.0,3549.0,1835.0
2026-07-03,13,7,official_closing,closing_displayed,https://www.boatrace.jp/owpc/pc/race/odds3t?hd=20260703&jcd=13&rno=7,official_table_v2,23.7,9.8,49.2,43.2,39.7,25.9,70.2,92.8,9.5,20.0,29.9,25.9,110.2,148.8,84.7,170.5,152.4,264.7,122.1,335.4,46.1,17.8,80.7,68.9,111.3,65.8,181.4,201.1,21.8,41.3,58.1,38.2,270.3,334.2,150.2,314.8,240.3,422.7,119.2,398.5,138.7,78.0,206.8,210.6,182.3,85.6,238.2,280.4,78.9,75.8,124.5,130.5,375.5,362.9,271.8,406.0,564.9,510.1,346.7,561.6,21.7,55.8,52.9,45.4,28.6,66.1,60.8,41.3,106.4,102.4,177.1,148.3,110.4,88.1,214.1,105.7,109.3,74.9,191.4,134.9,247.6,328.6,213.6,320.5,329.7,641.0,276.4,560.0,641.0,660.6,519.7,741.0,243.0,235.0,481.2,310.3,752.4,741.0,960.0,486.0,590.5,1133.0,555.2,1443.0,693.5,1203.0,304.5,1249.0,1353.0,1499.0,950.6,1821.0,499.7,296.1,711.2,592.3,1968.0,1597.0,1755.0,802.0
2026-07-03,13,8,official_closing,closing_displayed,https://www.boatrace.jp/owpc/pc/race/odds3t?hd=20260703&jcd=13&rno=8,official_table_v2,10.6,18.1,20.9,57.5,22.5,50.4,47.7,93.9,43.6,79.5,95.9,149.8,67.5,107.2,166.0,208.2,267.2,434.9,380.4,389.8,11.8,19.2,19.6,49.3,20.3,27.6,21.2,49.6,41.9,39.9,47.8,84.6,56.5,42.0,81.3,128.5,176.1,158.4,297.3,235.7,75.0,139.0,131.1,254.0,67.6,57.7,47.3,106.7,162.3,98.5,161.6,249.5,165.7,93.2,220.9,259.1,786.6,439.2,786.6,656.2,88.5,177.0,117.1,199.3,75.5,73.6,54.1,89.9,274.8,125.3,169.5,298.9,116.8,65.7,139.3,106.6,245.6,157.6,340.2,152.8,212.2,309.8,387.1,457.3,188.3,155.8,249.8,224.2,459.2,225.8,589.9,715.5,344.9,227.0,429.0,225.2,704.2,336.0,812.5,550.4,744.3,1469.0,1818.0,1912.0,812.5,786.6,710.9,952.0,1928.0,1218.0,1998.0,1912.0,1304.0,827.7,1680.0,994.7,1945.0,1051.0,1573.0,1173.0
2026-07-03,13,9,official_closing,closing_displayed,https://www.boatrace.jp/owpc/pc/race/odds3t?hd=20260703&jcd=13&rno=9,official_table_v2,43.1,15.6,37.8,104.5,48.3,18.9,34.8,84.5,10.1,13.8,7.6,23.8,54.3,51.0,22.0,58.8,264.0,244.9,104.7,148.8,327.6,172.0,358.1,610.3,566.2,902.9,1484.0,1733.0,211.1,673.3,440.2,723.0,530.9,1619.0,736.5,1351.0,1255.0,2578.0,1703.0,2177.0,340.1,118.2,189.8,457.7,507.5,567.9,874.7,1814.0,148.6,446.3,261.5,590.1,321.7,796.4,354.3,837.3,1180.0,1979.0,1430.0,1765.0,26.8,43.0,11.6,28.2,80.9,229.4,99.5,162.4,109.3,301.4,167.4,280.7,14.5,45.2,73.1,23.4,73.1,151.8,238.3,62.9,148.2,180.7,63.8,102.9,366.2,965.1,427.8,536.8,483.7,1323.0,608.4,742.1,53.8,134.4,252.1,79.7,271.0,536.8,786.8,249.9,979.6,1592.0,640.3,933.0,1814.0,3160.0,2252.0,1781.0,2647.0,3437.0,2084.0,2839.0,644.5,1703.0,1797.0,595.5,937.4,1797.0,2480.0,627.9
2026-07-03,13,10,official_closing,closing_displayed,https://www.boatrace.jp/owpc/pc/race/odds3t?hd=20260703&jcd=13&rno=10,official_table_v2,18.8,21.4,48.0,73.5,13.9,6.6,16.8,28.5,15.4,7.1,14.8,20.5,79.0,52.9,47.6,85.4,152.9,106.0,82.6,159.9,257.9,242.2,581.2,771.6,532.4,1137.0,1836.0,1836.0,485.8,1086.0,1215.0,1623.0,1255.0,2442.0,1915.0,2356.0,1986.0,3286.0,3327.0,3858.0,155.8,52.2,87.6,161.5,433.6,649.3,944.0,1379.0,88.6,357.8,203.3,301.5,220.0,905.5,430.8,773.9,596.9,1643.0,887.4,1137.0,43.1,24.8,24.7,29.2,142.8,366.2,245.6,256.2,66.3,273.3,135.4,171.8,34.1,99.4,83.6,48.9,63.2,192.5,183.1,94.6,368.2,256.2,181.4,279.3,842.5,1538.0,1039.0,1100.0,448.9,1431.0,785.3,1056.0,154.6,410.8,385.2,199.8,533.5,950.8,921.2,420.5,1261.0,1193.0,708.0,1344.0,2237.0,3060.0,3697.0,3858.0,1888.0,3973.0,1623.0,3025.0,787.6,2635.0,1774.0,762.8,1487.0,2832.0,2465.0,870.0
2026-07-03,13,11,official_closing,closing_displayed,https://www.boatrace.jp/owpc/pc/race/odds3t?hd=20260703&jcd=13&rno=11,official_table_v2,15.5,6.6,12.4,75.9,25.1,15.0,27.5,113.8,7.6,13.3,7.8,47.9,20.1,33.8,13.3,72.7,313.3,364.1,229.7,230.3,155.9,73.0,117.6,425.2,543.9,828.6,1094.0,2086.0,172.8,611.5,325.3,1055.0,280.5,974.3,453.5,1166.0,1136.0,2607.0,1721.0,1866.0,353.2,219.7,312.7,806.0,690.0,938.2,1094.0,2244.0,307.3,877.9,821.0,1721.0,599.1,1248.0,1007.0,1555.0,2189.0,3166.0,2814.0,2907.0,43.9,92.9,30.4,109.9,107.7,379.7,171.0,435.7,345.0,738.9,550.7,1049.0,41.4,85.9,191.3,109.5,300.0,545.6,806.0,334.5,104.5,191.7,72.8,178.4,221.6,745.1,308.4,508.1,506.6,1240.0,928.4,1182.0,82.7,185.3,424.2,211.8,457.0,671.7,953.4,475.4,1122.0,1809.0,1257.0,1477.0,2333.0,3477.0,3057.0,2607.0,2728.0,3855.0,2136.0,3694.0,1738.0,2907.0,2463.0,1477.0,1992.0,2607.0,2646.0,1515.0
2026-07-03,13,12,official_closing,closing_displayed,https://www.boatrace.jp/owpc/pc/race/odds3t?hd=20260703&jcd=13&rno=12,official_table_v2,6.5,13.2,14.4,36.4,7.1,8.8,9.5,28.8,24.9,20.4,28.0,46.7,30.3,24.8,53.2,69.1,130.9,113.4,126.9,137.6,47.0,73.3,74.0,155.9,123.8,330.4,290.7,656.5,246.6,415.3,508.4,799.5,354.4,509.2,849.7,1047.0,749.1,1339.0,1287.0,1298.0,41.5,39.3,36.6,89.0,110.0,361.8,299.8,682.1,142.5,306.9,252.4,431.0,131.5,259.2,313.0,419.4,573.0,1228.0,1143.0,1054.0,183.3,188.7,195.6,267.9,325.0,730.7,752.9,1018.0,288.4,723.6,514.5,994.7,288.1,653.6,598.4,545.7,439.3,1416.0,1409.0,935.2,198.0,146.2,250.3,269.3,503.2,745.4,1239.0,1085.0,316.0,584.3,713.2,923.6,496.5,1022.0,833.0,788.9,747.2,1472.0,1213.0,1310.0,849.7,1101.0,803.8,1209.0,1351.0,2236.0,2478.0,2655.0,1780.0,2779.0,2915.0,3066.0,1043.0,2360.0,3458.0,2887.0,1813.0,3198.0,3004.0,2586.0
2026-07-03,16,1,official_closing,closing_displayed,https://www.boatrace.jp/owpc/pc/race/odds3t?hd=20260703&jcd=16&rno=1,official_table_v2,13.2,13.4,21.8,42.6,13.5,9.6,12.0,32.7,16.7,14.3,16.1,18.5,26.4,21.6,26.9,36.4,100.4,107.3,59.3,81.2,142.7,104.7,175.2,251.8,334.8,544.3,603.3,903.5,317.2,656.4,741.1,579.4,390.3,645.6,846.7,815.2,971.0,1472.0,1348.0,1524.0,110.8,58.3,69.1,131.0,306.4,467.4,503.6,811.4,144.0,378.5,255.3,242.1,139.4,353.0,304.5,431.7,582.3,1088.0,565.4,822.9,106.3,96.5,61.5,65.0,277.5,607.5,493.7,457.6,189.4,468.0,351.2,297.8,85.2,242.6,276.4,116.0,174.0,450.0,464.3,204.6,100.6,91.2,96.8,98.9,285.9,560.8,683.3,498.6,184.4,482.8,449.4,550.3,154.5,460.0,497.2,214.0,180.9,341.3,410.0,253.4,494.4,637.3,430.6,386.5,1092.0,1894.0,1600.0,1701.0,1037.0,2486.0,1726.0,2026.0,650.3,1402.0,1364.0,593.1,417.8,844.7,908.1,473.0
2026-07-03,16,2,official_closing,closing_displayed,https://www.boatrace.jp/owpc/pc/race/odds3t?hd=20260703&jcd=16&rno=2,official_table_v2,27.9,14.0,14.1,37.6,50.3,59.5,57.1,115.4,22.4,59.0,29.4,51.5,25.6,73.5,44.6,53.5,92.7,200.8,134.4,133.8,54.4,24.1,21.2,48.1,127.8,110.7,87.4,143.3,54.1,104.8,33.1,57.2,46.1,89.8,40.8,50.1,165.1,261.6,145.4,122.6,256.6,261.4,190.6,352.0,274.1,224.6,167.9,350.4,379.3,310.4,244.7,433.4,265.9,228.4,291.2,319.3,732.2,757.8,756.3,496.7,72.3,207.1,60.2,92.2,86.0,221.0,60.8,88.4,389.7,380.5,313.8,413.9,60.5,50.9,190.8,40.5,143.8,125.4,375.0,81.7,57.0,145.2,80.3,74.6,70.4,164.6,73.3,70.0,264.4,239.4,336.9,285.3,102.5,77.5,271.6,61.5,139.9,114.2,307.3,106.7,393.5,875.1,453.7,432.9,479.2,900.9,376.2,307.0,1059.0,1458.0,1424.0,1294.0,542.1,402.5,1059.0,248.0,460.0,305.7,852.8,244.5
2026-07-03,16,3,official_closing,closing_displayed,https://www.boatrace.jp/owpc/pc/race/odds3t?hd=20260703&jcd=16&rno=3,official_table_v2,12.1,22.5,18.2,46.1,20.0,38.3,27.3,65.5,39.5,53.6,102.2,101.9,33.8,44.4,123.3,72.7,130.6,170.2,214.3,167.6,19.8,33.2,24.6,62.6,33.6,48.7,25.5,74.8,96.1,82.0,125.8,106.8,52.3,38.6,128.0,80.3,218.3,216.2,309.2,211.3,50.2,72.8,48.3,104.0,57.4,58.6,39.2,102.7,190.1,105.3,151.3,184.1,75.7,55.0,139.1,123.4,414.3,309.5,412.5,320.0,173.6,210.1,303.1,305.6,238.8,148.7,232.7,196.3,429.2,196.1,326.1,307.3,421.4,246.8,290.1,256.1,729.6,399.6,503.8,482.8,53.6,70.7,224.1,75.2,75.2,64.8,218.4,79.1,117.5,90.4,337.0,151.1,581.1,355.9,437.8,314.7,116.7,106.3,157.3,330.2,585.4,871.7,1148.0,656.7,696.1,651.2,982.6,491.9,1116.0,965.7,1539.0,944.9,2031.0,1372.0,1815.0,1720.0,497.5,409.5,571.8,1106.0
2026-07-03,16,4,official_closing,closing_displayed,https://www.boatrace.jp/owpc/pc/race/odds3t?hd=20260703&jcd=16&rno=4,official_table_v2,20.5,13.0,79.3,39.4,28.7,18.1,89.9,57.2,15.2,16.8,46.5,27.2,186.9,183.2,145.5,185.6,79.6,96.3,67.6,268.1,51.4,29.0,127.2,76.7,105.4,52.8,260.8,174.9,56.6,47.1,180.6,83.1,381.8,462.7,407.5,565.5,313.8,374.2,220.7,801.5,94.6,60.5,172.9,152.1,138.2,60.9,308.4,192.9,70.9,54.3,159.1,99.3,329.6,423.8,392.7,567.4,374.5,339.5,226.3,633.0,32.3,36.8,46.7,34.3,45.9,35.1,95.8,49.8,67.3,46.3,142.4,79.1,58.2,75.5,102.7,46.6,49.2,52.6,70.6,58.2,578.3,466.1,358.9,477.4,862.6,714.8,612.5,773.5,669.7,886.7,925.4,1167.0,275.1,367.5,511.0,237.0,627.6,861.2,947.8,367.2,253.9,316.3,189.4,635.4,313.9,334.2,232.9,920.4,416.8,402.0,428.4,1143.0,181.6,185.2,287.0,291.3,774.7,1062.0,1123.0,442.9
2026-07-03,16,5,official_closing,closing_displayed,https://www.boatrace.jp/owpc/pc/race/odds3t?hd=20260703&jcd=16&rno=5,official_table_v2,10.1,8.7,21.0,18.5,15.2,14.2,26.0,28.3,11.6,15.5,23.8,20.3,44.3,52.5,56.1,56.9,58.7,92.4,65.4,112.8,74.7,54.0,92.2,81.5,215.1,360.6,466.3,444.5,139.9,336.3,321.0,288.7,318.4,658.1,491.9,590.7,304.1,725.0,468.6,740.5,88.6,63.5,98.7,98.5,193.2,361.7,469.5,500.5,121.2,268.1,304.2,266.3,223.0,468.6,442.1,506.3,297.9,660.8,506.8,679.3,56.8,88.8,73.5,65.9,114.6,304.1,217.9,163.2,170.4,326.8,355.6,295.9,87.7,138.8,243.9,97.8,106.4,160.6,307.7,137.1,184.4,235.3,188.2,188.8,344.4,831.9,497.9,544.9,420.6,816.5,827.7,812.4,217.1,351.2,601.0,243.7,291.4,494.4,736.0,333.1,289.9,528.3,322.2,566.6,463.7,1393.0,747.3,1318.0,690.9,1590.0,1246.0,1776.0,342.0,607.0,1049.0,541.3,633.2,1206.0,1358.0,595.1
2026-07-03,16,6,official_closing,closing_displayed,https://www.boatrace.jp/owpc/pc/race/odds3t?hd=20260703&jcd=16&rno=6,official_table_v2,20.6,19.9,69.4,59.5,25.6,23.3,65.7,56.3,36.1,36.6,102.8,54.6,168.3,169.0,199.3,232.7,194.0,166.6,151.5,338.4,29.3,27.2,86.7,63.9,39.5,19.8,70.6,45.8,44.4,25.5,78.7,38.9,237.1,180.3,173.4,185.5,203.4,154.6,117.9,285.0,50.0,37.2,72.5,62.1,56.6,28.7,62.3,54.8,46.6,32.9,48.2,36.8,131.5,95.0,86.9,94.0,163.4,128.1,99.1,182.0,93.4,94.0,148.1,104.6,98.6,58.0,134.3,74.1,92.9,65.2,86.0,61.6,165.7,156.7,130.8,131.3,172.5,129.5,123.8,179.5,287.3,273.4,319.6,322.4,317.9,387.5,428.9,408.1,322.4,263.2,245.9,290.8,392.5,430.2,437.6,330.6,550.8,576.6,628.9,472.2,588.5,743.0,758.7,1410.0,851.8,559.4,402.8,1468.0,802.6,735.3,481.7,1387.0,772.3,386.1,533.0,863.8,1405.0,1370.0,1387.0,947.5
2026-07-03,16,7,official_closing,closing_displayed,https://www.boatrace.jp/owpc/pc/race/odds3t?hd=20260703&jcd=16&rno=7,official_table_v2,18.6,11.1,40.2,31.4,21.8,13.8,39.8,39.2,13.4,16.3,28.2,18.6,92.9,93.3,65.3,91.3,86.8,116.9,58.4,140.8,59.8,33.7,95.1,73.3,132.1,97.2,225.8,189.5,53.9,89.5,129.9,65.0,328.9,418.2,291.5,312.5,244.2,391.6,165.8,426.8,80.3,46.4,84.5,86.1,143.8,110.2,235.5,202.7,61.6,81.9,95.5,76.7,172.0,285.4,174.2,211.3,261.7,357.1,203.7,355.1,44.3,77.7,87.2,57.8,61.8,105.7,128.5,66.4,110.1,112.3,148.8,111.4,134.7,137.5,198.4,82.1,101.2,90.9,167.5,126.3,321.9,286.5,245.1,273.5,523.8,769.5,495.9,587.7,425.9,686.3,447.2,525.6,324.6,415.0,461.9,201.2,594.9,853.6,891.8,371.4,311.8,499.8,290.1,554.3,388.8,737.2,299.9,858.6,674.7,977.4,579.9,1284.0,304.0,281.0,477.5,382.1,781.9,1189.0,1330.0,520.6
2026-07-03,16,8,official_closing,closing_displayed,https://www.boatrace.jp/owpc/pc/race/odds3t?hd=20260703&jcd=16&rno=8,official_table_v2,21.0,8.7,34.5,44.3,32.1,24.3,56.2,68.2,8.9,18.4,21.5,24.0,63.2,94.0,58.4,101.9,119.4,185.7,80.3,201.8,67.8,26.9,86.2,98.3,170.9,126.6,310.5,327.0,41.7,92.0,88.7,105.6,244.0,429.5,218.7,367.3,386.0,714.9,315.8,642.2,173.2,104.3,174.7,204.5,265.0,221.1,431.3,480.6,157.6,207.0,307.5,228.5,347.6,563.8,512.0,682.9,724.9,1085.0,671.3,1250.0,20.4,58.6,30.5,36.4,31.0,86.0,47.7,58.3,146.8,163.1,202.9,164.0,40.0,44.5,137.1,48.4,75.3,85.9,195.5,83.8,201.3,335.2,180.7,225.5,276.2,639.8,243.1,342.3,625.9,941.1,824.2,1060.0,170.8,181.3,481.9,196.0,485.1,536.4,1056.0,385.4,484.6,906.5,361.7,826.9,635.9,1573.0,652.7,1531.0,1067.0,1946.0,1384.0,2022.0,357.7,521.2,1041.0,617.7,969.3,1513.0,1816.0,815.1
2026-07-03,16,9,official_closing,closing_displayed,https://www.boatrace.jp/owpc/pc/race/odds3t?hd=20260703&jcd=16&rno=9,official_table_v2,10.1,12.6,17.4,17.1,15.8,20.4,31.8,26.0,27.2,35.6,29.8,28.8,34.1,49.5,40.9,37.2,52.2,69.5,68.9,70.1,34.1,38.6,50.4,45.0,78.5,125.4,223.1,125.3,112.3,182.1,256.1,152.2,157.1,402.9,372.7,271.9,158.3,291.8,279.0,379.1,57.6,61.8,95.8,71.5,85.1,115.8,155.8,117.6,112.3,149.8,152.0,120.9,133.1,177.2,186.2,153.9,190.2,247.3,238.7,287.1,122.9,169.3,101.4,128.6,199.7,310.2,227.2,226.9,229.0,321.8,256.6,229.8,162.1,243.8,392.4,143.9,215.3,287.7,395.4,230.0,157.6,215.0,187.2,135.7,244.4,545.8,457.6,335.6,340.6,419.0,610.0,425.1,327.6,495.0,802.7,236.4,289.2,421.0,640.3,405.3,169.8,279.2,302.0,316.0,229.2,399.8,482.2,605.2,411.5,524.4,654.6,795.5,448.6,616.0,786.4,587.9,430.4,667.3,816.5,568.4
2026-07-03,16,10,official_closing,closing_displayed,https://www.boatrace.jp/owpc/pc/race/odds3t?hd=20260703&jcd=16&rno=10,official_table_v2,12.8,45.2,16.3,44.3,15.8,50.7,15.6,45.5,124.5,123.2,137.4,160.9,30.7,29.0,128.5,61.4,169.1,151.5,277.5,170.8,21.5,71.3,22.2,60.2,30.2,62.4,17.5,43.2,194.1,185.5,184.4,243.7,47.0,30.1,138.7,52.7,252.3,152.9,418.8,136.6,42.6,100.3,31.7,73.5,49.3,98.3,27.7,62.1,241.2,223.3,198.5,254.1,50.1,37.5,144.6,58.1,286.9,196.7,405.6,156.0,540.4,585.9,524.0,658.3,589.4,661.8,721.8,795.2,650.6,696.7,744.4,943.4,541.0,712.6,707.6,586.6,970.9,1255.0,1339.0,920.9,68.0,73.4,303.8,100.9,94.4,63.0,325.1,91.0,98.3,74.0,320.3,110.2,595.0,567.3,549.9,405.0,169.5,139.8,150.4,403.3,692.9,948.8,1311.0,692.9,846.2,623.1,1415.0,495.0,1018.0,806.7,1399.0,650.6,1919.0,1988.0,2131.0,1495.0,623.1,484.0,519.1,1113.0
2026-07-03,16,11,official_closing,closing_displayed,https://www.boatrace.jp/owpc/pc/race/odds3t?hd=20260703&jcd=16&rno=11,official_table_v2,19.3,31.0,33.6,77.6,14.4,12.0,9.9,30.1,47.4,28.5,44.2,78.5,45.8,22.4,53.0,61.5,219.8,142.0,248.0,206.8,73.7,155.5,135.6,278.5,135.3,232.4,165.6,372.4,420.9,448.7,509.7,610.7,282.0,269.7,545.7,548.1,838.2,959.4,1007.0,996.4,30.6,21.2,13.9,42.3,74.5,116.1,91.4,180.2,48.0,115.8,37.7,66.5,30.0,63.7,39.5,41.7,144.0,218.9,149.9,101.0,286.5,153.7,185.7,274.0,451.4,526.9,571.5,596.1,160.2,339.6,136.2,194.1,229.4,428.9,192.4,247.8,492.9,783.8,447.6,453.0,134.1,60.2,151.7,98.7,264.5,241.4,484.0,328.9,70.5,160.4,108.3,85.4,305.6,510.8,176.9,269.4,189.7,277.7,133.8,292.7,805.7,584.5,1144.0,726.8,1093.0,1424.0,1779.0,1841.0,611.2,1234.0,871.3,595.1,1629.0,2087.0,1345.0,1274.0,718.4,1347.0,553.4,1023.0
2026-07-03,16,12,official_closing,closing_displayed,https://www.boatrace.jp/owpc/pc/race/odds3t?hd=20260703&jcd=16&rno=12,official_table_v2,17.4,10.9,10.3,28.0,23.4,22.1,16.9,36.9,15.0,25.7,13.9,24.9,16.9,21.3,17.5,25.8,80.3,106.1,70.1,67.7,82.8,54.8,47.6,93.9,216.2,297.8,249.8,397.3,155.6,351.9,209.4,306.6,143.4,309.3,255.9,289.8,380.7,773.5,553.4,514.6,167.2,144.3,91.2,164.2,276.5,403.7,291.7,466.0,310.4,495.1,351.1,483.5,180.4,348.3,375.7,282.7,463.6,946.5,912.4,551.6,115.6,204.5,81.4,131.4,218.9,547.6,286.4,366.9,458.1,757.6,514.3,746.8,109.9,211.4,314.7,131.9,242.3,428.1,646.3,232.6,77.3,89.5,83.3,79.9,182.4,408.8,384.2,327.9,240.8,479.1,530.6,391.3,152.8,320.8,433.1,185.2,187.0,371.4,409.1,273.5,537.0,789.3,510.7,450.4,840.0,1722.0,1166.0,1276.0,1186.0,1923.0,1613.0,1540.0,607.4,1095.0,1454.0,570.0,504.9,1095.0,1172.0,571.5
2026-07-03,19,1,official_closing,closing_displayed,https://www.boatrace.jp/owpc/pc/race/odds3t?hd=20260703&jcd=19&rno=1,official_table_v2,7.7,15.7,37.7,51.5,6.9,8.9,19.8,36.0,30.8,23.5,66.8,91.9,88.2,77.8,121.7,152.7,161.3,163.5,285.5,268.6,23.5,38.6,83.5,84.3,46.1,69.5,165.4,155.6,80.8,98.3,255.0,242.7,213.2,289.9,385.1,335.9,266.9,371.0,545.0,566.1,25.5,23.2,49.5,62.9,51.5,69.0,157.1,162.3,52.0,72.9,118.9,144.5,138.8,256.5,208.4,298.5,248.7,384.0,477.6,465.7,114.8,85.5,185.7,196.3,137.3,117.2,293.8,261.1,120.0,139.8,220.3,247.8,245.0,294.5,335.9,292.5,460.8,464.1,597.0,531.7,283.0,239.6,422.3,300.5,419.6,499.4,653.4,501.3,339.4,591.6,445.2,640.7,737.9,826.1,772.6,634.5,505.2,591.6,746.3,594.3,402.9,469.1,1122.0,791.2,619.5,995.0,1313.0,1018.0,777.2,1250.0,1443.0,1275.0,1621.0,1427.0,1684.0,1113.0,826.1,951.8,1152.0,958.7
2026-07-03,19,2,official_closing,closing_displayed,https://www.boatrace.jp/owpc/pc/race/odds3t?hd=20260703&jcd=19&rno=2,official_table_v2,19.3,44.8,71.7,14.7,19.8,31.1,44.5,10.1,72.4,77.8,174.5,43.6,187.9,199.9,354.3,124.2,15.8,12.3,31.6,64.4,79.8,153.7,310.4,52.6,120.2,337.2,514.3,96.6,284.2,476.5,1007.0,263.3,682.4,847.2,1243.0,553.2,69.4,89.6,200.2,315.4,41.6,74.9,152.3,20.6,72.1,205.3,355.0,55.4,143.9,212.8,422.5,84.0,294.2,521.9,633.1,189.3,31.9,48.3,68.6,126.9,180.0,206.8,424.6,108.5,270.6,473.9,1096.0,253.8,230.7,355.0,772.5,147.0,517.3,782.9,876.8,317.7,88.4,153.9,141.4,231.3,704.3,752.6,628.5,324.7,1062.0,1403.0,1846.0,698.7,985.2,1338.0,2248.0,664.3,1449.0,1906.0,1948.0,712.9,324.7,399.4,492.6,542.9,24.7,23.2,69.5,130.4,54.8,74.8,174.8,273.1,40.5,70.5,103.6,198.8,124.7,180.2,167.6,291.3,250.8,324.1,350.0,391.4
2026-07-03,19,3,official_closing,closing_displayed,https://www.boatrace.jp/owpc/pc/race/odds3t?hd=20260703&jcd=19&rno=3,official_table_v2,21.5,10.8,17.9,32.8,44.7,57.3,83.5,173.4,24.6,63.7,42.6,72.2,44.7,115.6,58.8,115.6,144.0,355.5,175.2,225.9,27.3,10.1,16.7,29.8,58.2,42.7,58.6,106.0,19.8,39.6,21.3,34.7,48.8,77.6,40.3,81.3,144.9,219.3,121.5,179.1,177.6,158.1,291.7,514.4,224.9,154.7,215.4,312.9,267.9,208.4,395.5,591.5,463.8,387.6,534.3,887.2,1256.0,855.8,1216.0,1362.0,51.4,191.3,74.1,113.3,46.9,144.4,48.1,78.3,374.8,352.3,475.2,606.3,95.2,68.4,307.5,112.3,200.6,160.5,572.2,208.8,117.6,284.0,119.1,189.2,137.4,299.4,125.5,214.9,579.1,527.0,755.5,957.5,175.6,139.2,490.9,194.5,441.6,449.8,1002.0,436.6,386.8,1411.0,356.2,1039.0,525.6,1224.0,537.3,852.1,2448.0,1994.0,1639.0,2686.0,664.7,597.0,1994.0,991.9,1186.0,1165.0,2686.0,1045.0
2026-07-03,19,4,official_closing,closing_displayed,https://www.boatrace.jp/owpc/pc/race/odds3t?hd=20260703&jcd=19&rno=4,official_table_v2,84.9,144.8,363.5,173.3,72.8,56.2,156.4,64.0,192.2,89.1,366.6,119.1,739.8,400.2,469.9,494.6,327.4,164.9,239.6,566.4,106.4,152.3,318.3,164.9,94.7,19.6,49.7,27.2,169.0,35.3,91.7,52.8,393.4,137.9,198.3,231.1,272.5,84.1,118.2,254.7,67.3,37.2,98.3,38.6,71.3,15.9,40.1,20.6,40.1,16.1,24.8,10.1,171.1,77.7,48.6,58.2,66.3,33.5,14.1,49.6,290.6,131.0,375.3,157.2,267.9,66.4,145.7,92.6,90.3,50.7,75.0,32.7,395.2,268.2,148.1,137.3,158.1,116.8,55.9,133.6,983.5,623.4,983.5,683.9,887.2,338.3,396.4,458.8,544.5,316.7,240.9,215.4,936.3,549.2,317.9,312.5,805.5,685.8,379.8,405.3,620.4,368.2,508.5,957.5,829.2,239.1,317.1,866.0,282.8,171.2,78.2,303.5,560.1,278.5,107.7,391.5,1268.0,1044.0,538.7,482.4
2026-07-03,19,5,official_closing,closing_displayed,https://www.boatrace.jp/owpc/pc/race/odds3t?hd=20260703&jcd=19&rno=5,official_table_v2,10.3,6.4,55.8,10.3,16.3,14.2,65.2,19.5,9.0,15.9,58.6,9.8,173.3,181.7,126.7,145.6,20.4,30.4,17.1,96.3,114.9,63.2,293.8,88.3,401.0,413.0,1667.0,609.2,192.3,483.6,965.8,263.3,1070.0,2262.0,1568.0,1967.0,276.2,833.6,370.9,1365.0,187.1,150.8,458.4,149.5,445.5,506.8,1545.0,605.7,288.0,518.4,1035.0,373.1,1156.0,1810.0,1576.0,1760.0,403.5,812.3,584.5,1552.0,87.1,165.6,215.8,58.7,178.2,481.4,697.8,236.5,347.3,642.5,1073.0,432.7,403.5,641.2,962.9,372.2,89.1,193.7,395.0,318.0,880.0,1213.0,745.4,705.5,1377.0,3232.0,1740.0,2215.0,2200.0,3168.0,2880.0,3520.0,1035.0,1568.0,2778.0,907.7,1182.0,2262.0,2906.0,1190.0,71.9,105.1,57.9,262.2,172.2,579.1,290.1,910.3,354.3,918.2,536.0,1420.0,119.3,271.0,408.2,558.7,668.3,1591.0,1885.0,934.5
2026-07-03,19,6,official_closing,closing_displayed,https://www.boatrace.jp/owpc/pc/race/odds3t?hd=20260703&jcd=19&rno=6,official_table_v2,24.2,11.0,16.8,111.9,31.3,13.7,21.3,132.5,11.8,15.1,8.7,63.4,25.0,30.0,16.3,78.6,286.0,404.3,236.6,270.4,140.8,65.6,83.0,299.8,291.7,299.3,321.4,986.1,131.1,258.8,123.7,489.6,183.9,394.2,195.5,580.1,959.0,1977.0,1279.0,1456.0,176.8,84.0,104.2,417.9,299.5,312.7,340.6,980.6,131.1,264.9,128.7,459.8,227.2,378.7,192.8,628.3,1554.0,1841.0,1386.0,1468.0,47.0,73.8,21.5,113.9,106.3,272.6,84.4,275.6,152.2,342.6,139.4,430.8,25.3,46.7,85.9,54.8,281.8,434.0,766.7,210.4,102.0,134.3,53.2,156.3,201.8,466.0,201.8,515.7,258.6,498.0,235.5,599.1,54.6,112.7,178.9,108.0,434.6,726.7,945.9,373.1,1156.0,2231.0,1279.0,1604.0,2417.0,4047.0,2368.0,2925.0,3664.0,3911.0,3164.0,3626.0,2012.0,2657.0,4047.0,1006.0,1861.0,2231.0,3347.0,951.1
2026-07-03,19,7,official_closing,closing_displayed,https://www.boatrace.jp/owpc/pc/race/odds3t?hd=20260703&jcd=19&rno=7,official_table_v2,42.0,108.9,164.6,58.0,35.7,73.7,84.8,29.8,182.5,164.0,364.0,161.7,360.8,266.7,460.6,232.5,82.1,59.5,172.0,173.2,54.7,157.4,190.5,69.4,44.2,36.0,44.1,14.6,253.6,92.2,228.7,99.4,408.9,138.5,352.5,143.5,87.0,27.6,92.8,92.3,37.7,73.7,89.2,24.9,38.1,32.4,38.0,10.5,114.5,62.7,104.0,38.0,164.9,87.5,157.1,50.7,28.9,13.7,37.6,35.0,474.3,365.5,615.4,276.7,606.3,193.3,372.9,132.9,305.4,182.1,184.5,67.7,641.2,389.0,231.0,124.9,240.8,127.3,73.7,110.5,927.1,679.0,1222.0,485.5,1013.0,464.1,973.7,348.8,648.0,361.5,686.6,170.3,1191.0,723.1,640.1,362.2,625.9,322.3,187.4,506.2,156.9,117.1,386.6,446.1,166.1,58.8,216.0,224.7,95.2,47.0,130.7,102.5,514.0,288.2,187.2,341.7,630.2,298.2,181.3,512.6
2026-07-03,19,8,official_closing,closing_displayed,https://www.boatrace.jp/owpc/pc/race/odds3t?hd=20260703&jcd=19&rno=8,official_table_v2,9.6,30.6,24.5,108.2,6.8,10.7,7.1,50.1,56.2,34.9,67.6,166.5,41.0,22.8,78.5,115.8,332.1,268.7,458.2,402.1,63.6,158.1,136.5,373.3,108.9,280.9,210.5,634.6,375.8,499.0,745.3,1091.0,301.4,324.5,794.5,863.6,1175.0,1351.0,1621.0,1641.0,17.9,17.6,11.7,61.2,57.6,146.4,97.8,300.5,45.1,112.7,54.5,132.8,30.8,77.2,64.7,114.2,287.8,488.6,389.8,288.7,288.9,159.3,264.1,557.9,422.6,495.9,847.0,1000.0,131.0,434.1,237.7,533.9,352.5,701.9,316.8,581.6,1000.0,1315.0,1031.0,983.3,165.9,90.9,277.8,315.8,326.7,377.6,998.1,863.6,117.0,275.5,308.6,390.6,526.1,1003.0,487.4,959.6,873.1,1148.0,882.8,1245.0,1351.0,1302.0,2016.0,2579.0,2037.0,2817.0,2684.0,3366.0,1595.0,2437.0,2113.0,2037.0,2378.0,2721.0,2817.0,2546.0,2407.0,2613.0,2378.0,2530.0
2026-07-03,19,9,official_closing,closing_displayed,https://www.boatrace.jp/owpc/pc/race/odds3t?hd=20260703&jcd=19&rno=9,official_table_v2,9.5,6.2,11.1,30.9,19.3,20.4,28.6,72.1,10.0,22.4,17.3,39.8,23.5,38.7,31.0,65.8,121.5,251.8,151.6,174.7,61.0,33.9,48.8,88.1,217.6,413.7,442.7,701.8,99.8,371.7,243.9,338.8,176.2,552.2,404.3,614.9,369.7,1211.0,809.7,1035.0,167.9,162.6,152.0,318.3,322.3,510.0,574.9,967.4,330.6,580.4,596.6,920.0,314.5,635.7,709.3,875.8,1102.0,1989.0,1761.0,1826.0,40.5,89.0,42.4,86.5,87.6,296.1,147.1,243.7,300.1,543.2,454.1,692.1,60.5,111.2,244.8,104.6,247.0,376.9,754.7,277.5,89.9,147.0,75.7,139.7,182.4,445.7,250.6,364.7,424.6,779.2,589.6,833.3,114.6,204.9,392.1,209.6,363.9,576.5,935.8,496.9,537.3,1374.0,802.1,1196.0,790.5,2482.0,1454.0,1889.0,2356.0,2589.0,2412.0,3178.0,1150.0,1420.0,2861.0,1692.0,1502.0,1944.0,2623.0,1746.0
2026-07-03,19,10,official_closing,closing_displayed,https://www.boatrace.jp/owpc/pc/race/odds3t?hd=20260703&jcd=19&rno=10,official_table_v2,4.3,7.6,10.3,18.7,8.4,15.9,19.4,36.0,27.5,36.9,53.7,81.2,31.2,48.1,82.4,99.4,83.9,115.4,183.9,195.3,18.5,29.7,32.6,45.4,64.0,147.5,168.8,168.6,168.5,281.1,344.2,358.8,185.6,367.4,517.3,455.6,297.0,475.8,777.4,591.5,53.4,93.3,94.6,144.1,96.6,247.0,256.2,310.8,343.8,498.7,640.8,750.8,348.0,498.3,719.4,746.8,587.3,846.8,1290.0,1081.0,290.3,464.9,382.9,617.2,448.4,864.9,907.6,1023.0,733.3,1096.0,1401.0,1626.0,696.5,1021.0,1358.0,986.3,1142.0,1497.0,1916.0,1440.0,249.9,340.9,551.9,410.9,343.2,729.6,1040.0,714.0,675.1,964.5,1751.0,1533.0,996.6,1358.0,1865.0,1332.0,958.0,1253.0,1668.0,1668.0,614.5,1065.0,1644.0,1348.0,838.1,1664.0,2411.0,2032.0,1448.0,2107.0,2979.0,2552.0,2463.0,3215.0,3768.0,2918.0,1829.0,2933.0,3347.0,3076.0
2026-07-03,19,11,official_closing,closing_displayed,https://www.boatrace.jp/owpc/pc/race/odds3t?hd=20260703&jcd=19&rno=11,official_table_v2,6.2,9.1,26.7,51.1,6.9,7.6,17.4,40.4,17.8,17.1,38.5,76.2,84.8,76.1,95.3,207.9,93.7,96.5,136.2,215.4,35.1,47.3,100.1,159.8,88.3,153.6,254.4,418.9,175.8,236.3,481.8,608.0,453.1,687.2,829.2,1277.0,454.4,759.2,864.0,1251.0,33.3,28.7,51.6,92.4,84.7,140.6,232.6,362.9,78.7,140.7,196.7,277.0,225.8,382.1,391.2,623.5,305.6,542.9,530.7,752.9,115.5,112.9,211.7,299.0,206.5,345.8,622.3,851.3,193.1,313.9,504.7,629.0,407.7,641.7,673.5,693.2,584.7,974.8,920.0,982.3,622.9,503.1,656.8,1087.0,895.5,1216.0,1572.0,1754.0,675.6,1144.0,1256.0,1671.0,1018.0,1684.0,1438.0,1491.0,1798.0,2026.0,2046.0,1793.0,120.5,130.7,199.5,336.9,178.2,239.0,356.3,530.3,228.0,302.8,407.2,598.4,427.3,583.6,587.3,820.6,760.1,989.9,960.1,1031.0
2026-07-03,19,12,official_closing,closing_displayed,https://www.boatrace.jp/owpc/pc/race/odds3t?hd=20260703&jcd=19&rno=12,official_table_v2,6.2,22.6,13.9,29.9,5.9,12.8,7.6,27.3,35.5,32.5,46.8,78.5,34.1,25.8,73.5,75.5,115.8,130.7,227.7,177.4,49.9,131.1,89.7,146.9,128.5,482.6,299.9,547.6,455.2,817.4,918.6,1386.0,337.9,511.1,1021.0,1026.0,717.5,1455.0,1923.0,1559.0,25.2,34.1,19.5,51.2,79.4,255.1,154.4,330.1,111.0,280.8,183.9,331.4,68.4,155.2,201.3,219.9,273.5,698.9,812.5,527.9,244.8,188.3,239.0,380.8,434.4,792.4,771.6,1023.0,316.3,751.0,548.4,946.9,388.7,624.5,582.5,652.9,855.7,1214.0,1397.0,985.6,198.9,138.2,338.7,303.4,394.6,609.3,977.1,952.3,194.6,456.2,602.8,605.5,552.5,965.9,794.3,977.1,779.6,1334.0,1105.0,1626.0,670.4,985.6,1671.0,1461.0,1158.0,2258.0,2617.0,2473.0,1545.0,2500.0,2428.0,2500.0,2790.0,3014.0,3326.0,3125.0,2185.0,2885.0,2606.0,3055.0
2026-07-03,20,1,official_closing,closing_displayed,https://www.boatrace.jp/owpc/pc/race/odds3t?hd=20260703&jcd=20&rno=1,official_table_v2,12.8,30.6,295.7,16.7,15.6,28.0,299.5,14.2,45.2,45.3,311.1,31.5,596.3,606.1,997.0,662.1,25.7,20.9,37.1,305.5,37.6,67.7,423.3,44.0,54.8,47.9,455.4,39.1,105.6,77.7,705.5,62.3,878.3,1117.0,1310.0,1122.0,76.3,57.5,67.2,672.4,57.0,81.0,418.5,52.4,69.6,58.5,463.6,53.4,112.8,87.8,578.9,75.8,1000.0,1004.0,1235.0,1062.0,73.8,67.5,76.5,746.3,96.2,133.3,426.8,61.6,124.6,99.0,563.8,67.6,177.5,117.7,827.6,108.4,855.0,978.1,1127.0,501.4,50.7,48.5,71.0,229.1,1173.0,1403.0,1844.0,1655.0,1403.0,1844.0,2169.0,1665.0,1805.0,1844.0,1941.0,2207.0,1644.0,2065.0,1857.0,1291.0,1780.0,1805.0,1927.0,1241.0,46.6,46.6,61.9,404.7,65.0,57.5,72.8,462.7,68.4,65.7,86.2,721.3,63.5,63.7,80.0,301.6,830.3,878.3,974.4,766.2
2026-07-03,20,2,official_closing,closing_displayed,https://www.boatrace.jp/owpc/pc/race/odds3t?hd=20260703&jcd=20&rno=2,official_table_v2,25.9,25.8,27.6,41.3,33.2,31.1,26.9,40.7,31.0,37.3,21.4,32.9,32.3,43.7,28.3,22.3,81.9,92.0,67.2,51.0,140.3,133.0,133.0,166.4,255.3,411.4,375.4,456.1,226.7,348.4,305.0,423.9,226.3,443.4,359.2,347.0,353.3,607.4,607.4,450.8,163.4,124.9,95.2,141.3,233.4,374.6,299.2,371.4,167.9,359.5,166.7,230.6,149.8,290.5,194.5,156.2,250.5,396.8,343.2,221.1,66.5,109.6,33.1,43.3,120.6,314.7,101.7,133.8,169.4,284.6,147.6,180.3,25.5,51.7,92.5,23.2,57.0,115.7,174.9,44.9,86.4,121.9,57.7,44.1,193.0,326.5,235.8,167.1,211.7,306.1,235.6,180.5,48.5,88.6,160.4,37.3,66.6,115.4,138.7,65.5,209.0,284.3,195.8,169.2,339.9,570.6,605.3,491.6,428.6,674.5,677.1,340.5,236.6,488.1,549.0,159.3,159.5,299.5,200.1,159.8
2026-07-03,20,3,official_closing,closing_displayed,https://www.boatrace.jp/owpc/pc/race/odds3t?hd=20260703&jcd=20&rno=3,official_table_v2,16.6,26.2,25.4,17.4,34.2,72.1,55.1,53.4,69.6,110.6,132.4,87.1,67.2,115.9,182.2,90.0,48.5,110.9,115.7,113.1,18.5,32.4,22.6,15.8,35.8,49.4,34.7,29.3,73.0,70.3,68.2,47.3,56.0,50.6,103.0,42.8,37.9,53.4,67.2,54.7,98.0,169.7,148.2,132.0,86.8,92.2,88.7,74.7,229.1,167.4,251.7,182.6,217.4,163.6,296.1,177.1,219.2,140.4,249.4,222.8,163.8,255.0,230.7,154.8,147.6,176.5,126.2,89.8,337.8,278.3,355.5,294.9,194.7,134.0,254.7,117.6,156.3,120.5,247.1,148.2,199.2,337.1,389.2,183.8,207.3,254.5,300.8,125.9,477.1,376.8,685.7,400.3,503.4,381.5,637.8,241.4,241.7,172.4,348.0,283.3,92.9,281.8,250.5,252.7,100.0,188.0,181.2,138.6,466.7,297.8,508.3,489.9,239.3,188.8,402.0,274.6,279.4,184.5,421.5,337.8
2026-07-03,20,4,official_closing,closing_displayed,https://www.boatrace.jp/owpc/pc/race/odds3t?hd=20260703&jcd=20&rno=4,official_table_v2,7.0,12.3,44.2,15.5,7.3,9.6,35.6,11.6,20.5,20.6,86.1,26.2,83.8,82.1,139.9,72.6,38.9,35.5,54.7,85.7,50.8,54.9,185.2,77.6,131.5,243.3,578.4,312.1,158.4,297.8,764.1,288.1,504.2,857.7,1166.0,754.4,272.6,519.6,466.2,854.6,55.2,56.7,132.8,57.2,111.2,188.9,448.2,220.3,129.3,227.6,435.9,186.4,340.0,611.0,739.1,431.9,157.0,345.9,322.7,474.1,76.6,102.4,207.0,79.3,137.9,283.6,559.3,237.4,183.0,332.8,739.1,274.2,312.3,500.5,794.7,307.7,121.4,205.2,337.8,337.1,369.8,417.9,550.9,260.7,615.8,1101.0,1311.0,792.0,731.2,1223.0,1555.0,888.1,977.4,1451.0,1756.0,901.5,331.5,683.9,711.5,797.3,210.7,206.2,299.7,343.2,369.5,680.0,788.1,1205.0,335.4,800.0,867.1,1133.0,397.6,688.9,969.5,1136.0,495.3,1048.0,1141.0,1187.0
2026-07-03,20,5,official_closing,closing_displayed,https://www.boatrace.jp/owpc/pc/race/odds3t?hd=20260703&jcd=20&rno=5,official_table_v2,8.9,4.5,19.6,128.8,16.2,16.8,40.1,225.4,6.3,15.1,16.6,113.6,49.3,87.8,49.4,279.3,432.2,666.5,466.3,631.4,54.3,26.9,73.0,270.8,159.7,208.6,392.8,946.5,52.9,159.9,141.2,521.0,231.6,635.0,299.5,1118.0,1203.0,2566.0,1585.0,2134.0,183.5,167.2,297.9,877.3,278.4,396.3,730.1,1819.0,274.8,408.0,659.6,1579.0,728.9,1165.0,1126.0,2412.0,2036.0,2882.0,3240.0,3523.0,22.3,69.8,27.4,133.2,39.9,162.9,61.5,270.5,220.5,319.5,347.9,940.5,40.8,57.7,197.2,144.8,336.8,463.8,1056.0,346.5,259.4,608.9,224.8,802.7,396.0,1361.0,461.4,1441.0,1098.0,1782.0,1515.0,2740.0,226.7,301.7,860.3,587.1,1811.0,2186.0,2626.0,1504.0,1681.0,3963.0,2412.0,3762.0,2596.0,4773.0,4352.0,4773.0,5619.0,4624.0,4576.0,5102.0,2611.0,4072.0,4072.0,3040.0,4672.0,4672.0,4529.0,2939.0
2026-07-03,20,6,official_closing,closing_displayed,https://www.boatrace.jp/owpc/pc/race/odds3t?hd=20260703&jcd=20&rno=6,official_table_v2,6.0,9.1,15.0,5.0,11.8,24.2,29.1,13.8,23.9,33.5,47.5,23.4,62.4,98.6,97.8,58.0,11.8,26.8,32.8,39.5,91.1,89.0,128.6,46.0,320.1,800.3,985.6,581.6,307.1,913.5,845.7,535.7,536.5,1354.0,1237.0,1022.0,130.1,541.0,590.4,740.6,274.3,358.0,405.1,314.4,406.8,1064.0,1373.0,1022.0,633.9,1173.0,2060.0,1574.0,894.5,1706.0,2105.0,2140.0,637.1,1225.0,1691.0,2028.0,281.1,490.9,455.1,292.5,403.0,1373.0,1202.0,829.4,739.2,1648.0,1956.0,1519.0,685.5,1237.0,1996.0,961.1,410.3,708.1,1818.0,1082.0,788.9,1119.0,1019.0,924.4,1163.0,2421.0,2436.0,1844.0,1295.0,2708.0,3098.0,3175.0,1286.0,2391.0,3458.0,1835.0,1388.0,2082.0,3098.0,2188.0,66.5,234.4,269.7,264.7,146.9,724.0,767.0,1038.0,676.0,1257.0,1744.0,2333.0,652.1,1388.0,2200.0,1776.0,851.3,1801.0,3050.0,1752.0
2026-07-03,20,7,official_closing,closing_displayed,https://www.boatrace.jp/owpc/pc/race/odds3t?hd=20260703&jcd=20&rno=7,official_table_v2,4.9,11.2,5.1,145.6,10.4,26.0,16.5,252.5,26.1,49.0,44.8,283.2,11.2,24.0,30.3,254.9,463.9,774.6,598.3,740.5,20.3,31.3,18.0,275.8,76.1,232.4,149.5,1369.0,121.7,332.0,266.6,989.6,61.8,175.2,218.8,1134.0,1098.0,2711.0,2253.0,2514.0,104.7,188.4,127.5,776.9,148.8,397.0,304.4,1470.0,377.7,518.5,695.0,1788.0,261.2,388.7,672.5,1606.0,1893.0,2844.0,3062.0,3174.0,115.2,234.6,158.1,491.1,174.8,538.9,386.1,1172.0,511.3,802.1,1012.0,2234.0,256.5,420.4,849.2,973.0,1095.0,1553.0,2490.0,1513.0,66.7,149.1,133.8,493.9,109.5,314.9,325.9,1126.0,335.6,509.8,958.7,2455.0,214.4,346.1,688.5,828.9,1236.0,2082.0,2410.0,1508.0,1156.0,2656.0,1846.0,2313.0,2377.0,4164.0,4775.0,4449.0,4449.0,4004.0,2829.0,4732.0,2324.0,4035.0,4411.0,2957.0,3294.0,5103.0,5849.0,2957.0
2026-07-03,20,8,official_closing,closing_displayed,https://www.boatrace.jp/owpc/pc/race/odds3t?hd=20260703&jcd=20&rno=8,official_table_v2,4.7,5.7,14.4,242.7,6.9,8.0,17.7,330.5,10.9,15.0,26.9,315.6,40.7,50.8,57.6,462.8,837.7,1139.0,1073.0,1119.0,37.9,44.5,75.3,571.3,111.8,298.3,428.3,1728.0,171.0,358.6,489.3,1869.0,290.9,619.5,661.8,2552.0,2353.0,3410.0,2834.0,4004.0,56.2,61.2,96.3,753.8,118.3,300.1,473.4,1853.0,183.8,327.6,458.7,1857.0,331.5,673.5,643.3,2315.0,2291.0,3370.0,3423.0,3607.0,69.2,104.4,100.7,588.2,154.4,351.2,329.9,1270.0,256.0,496.8,590.2,1997.0,173.6,271.3,436.2,754.5,1542.0,2226.0,3281.0,2044.0,241.2,297.5,320.8,1204.0,410.8,846.7,770.5,2166.0,583.1,1207.0,1117.0,2949.0,471.8,706.2,905.5,1770.0,2653.0,3209.0,3410.0,2939.0,1814.0,3423.0,2798.0,3795.0,2881.0,4668.0,4343.0,4523.0,3897.0,4546.0,3862.0,4876.0,3396.0,4594.0,5046.0,4546.0,4453.0,4876.0,5196.0,4258.0
2026-07-03,20,9,official_closing,closing_displayed,https://www.boatrace.jp/owpc/pc/race/odds3t?hd=20260703&jcd=20&rno=9,official_table_v2,8.0,85.5,11.8,9.2,16.3,136.4,30.1,26.0,245.9,312.1,395.0,309.1,23.6,44.4,216.3,25.6,15.1,29.6,149.6,27.6,20.4,172.1,28.9,23.3,53.9,379.6,95.9,87.8,527.7,812.6,866.6,663.9,68.9,129.3,541.1,92.1,53.4,110.6,376.8,103.8,98.4,456.8,161.4,157.1,122.2,746.3,246.6,231.4,932.3,1154.0,1434.0,1334.0,281.4,334.1,1158.0,383.2,251.8,309.6,1068.0,398.9,900.9,1096.0,1274.0,1194.0,1073.0,1641.0,1854.0,1626.0,1484.0,1777.0,2074.0,1960.0,1607.0,2074.0,2389.0,1511.0,1492.0,1709.0,2102.0,1614.0,72.9,155.7,428.3,58.0,97.0,216.8,680.8,106.9,292.2,344.9,1148.0,324.3,1006.0,1283.0,1503.0,878.7,52.4,68.6,167.1,289.8,42.1,90.9,241.4,57.4,64.3,145.6,417.7,109.8,217.3,239.8,805.3,332.8,535.1,765.0,1050.0,825.8,64.5,86.1,201.1,345.9
2026-07-03,20,10,official_closing,closing_displayed,https://www.boatrace.jp/owpc/pc/race/odds3t?hd=20260703&jcd=20&rno=10,official_table_v2,11.6,17.3,36.3,47.1,14.2,15.3,34.6,40.0,37.6,35.6,89.5,73.8,105.9,115.2,184.4,195.5,124.2,120.9,181.7,241.7,15.3,19.9,39.9,41.1,21.3,26.6,50.0,48.0,51.8,56.5,126.6,104.4,98.4,151.8,215.8,247.7,128.2,169.1,211.8,314.1,31.1,28.2,53.5,55.3,36.9,37.1,65.5,62.8,48.0,60.2,90.6,77.7,142.4,178.5,176.2,225.7,149.2,184.0,178.3,280.8,183.3,148.1,332.9,233.5,163.2,184.8,413.8,312.9,134.9,166.6,280.6,224.4,407.4,583.8,547.7,563.2,353.9,449.0,395.7,633.6,430.4,453.1,773.7,705.0,479.7,603.7,904.4,984.0,580.8,702.8,893.1,1122.0,1003.0,1110.0,1002.0,1135.0,923.2,1116.0,1303.0,1215.0,345.1,330.2,452.0,826.5,416.5,445.2,605.0,1009.0,458.6,497.7,496.0,1115.0,773.2,821.2,686.5,1306.0,1132.0,1457.0,1424.0,1320.0
2026-07-03,20,11,official_closing,closing_displayed,https://www.boatrace.jp/owpc/pc/race/odds3t?hd=20260703&jcd=20&rno=11,official_table_v2,12.0,7.3,12.3,37.7,16.5,13.7,20.0,58.8,9.6,17.6,13.6,34.6,18.2,26.9,23.6,57.0,143.3,199.2,153.6,173.9,73.5,44.3,74.4,121.4,246.2,420.9,567.9,865.2,115.1,356.9,301.8,352.7,242.3,625.1,461.9,635.5,546.0,1313.0,795.4,1031.0,109.6,88.3,109.3,216.5,247.6,381.9,508.0,797.1,179.3,313.1,272.3,381.6,246.6,440.0,350.2,564.1,746.4,1208.0,961.5,1137.0,59.1,129.9,66.3,127.1,131.9,465.5,285.8,374.3,328.6,585.3,464.5,632.0,121.8,200.1,370.4,200.2,368.6,553.0,856.1,447.6,76.8,106.7,85.6,122.5,193.7,479.5,385.9,436.3,319.3,613.2,520.7,781.6,185.3,326.6,465.8,317.0,427.5,658.2,1026.0,666.4,731.6,1407.0,923.1,1356.0,1038.0,2432.0,1564.0,1849.0,1982.0,2781.0,2350.0,2872.0,1211.0,1643.0,2467.0,1668.0,1711.0,1936.0,2581.0,1698.0
2026-07-03,20,12,official_closing,closing_displayed,https://www.boatrace.jp/owpc/pc/race/odds3t?hd=20260703&jcd=20&rno=12,official_table_v2,8.3,20.8,10.3,57.3,7.9,15.9,9.3,60.8,38.5,36.9,49.4,124.4,23.3,26.7,63.4,91.7,225.9,252.3,315.3,253.1,36.8,74.9,38.5,158.4,66.1,148.9,69.5,257.1,219.1,243.5,208.5,503.9,102.2,106.5,210.6,270.2,604.6,682.8,972.4,596.2,27.7,46.0,23.9,106.5,53.1,112.6,58.8,224.5,106.2,150.9,101.4,232.8,65.4,73.4,114.8,155.9,424.2,549.4,517.7,356.3,208.3,216.5,195.8,383.1,301.4,405.7,375.5,662.0,279.9,360.7,294.4,567.6,229.2,322.8,307.7,305.4,750.8,1003.0,936.8,646.6,133.1,137.1,274.8,286.2,217.7,231.0,467.4,483.0,204.3,228.7,423.5,429.6,440.3,550.3,500.1,510.2,602.0,688.4,672.1,838.9,1050.0,1317.0,1508.0,1384.0,1359.0,1759.0,2173.0,1520.0,1548.0,1679.0,1674.0,1478.0,1860.0,2197.0,2050.0,1475.0,1503.0,1498.0,1444.0,1437.0
2026-07-03,21,1,official_closing,closing_displayed,https://www.boatrace.jp/owpc/pc/race/odds3t?hd=20260703&jcd=21&rno=1,official_table_v2,9.0,13.8,5.3,155.9,15.0,24.0,12.7,272.5,24.0,36.3,19.9,232.3,6.4,12.1,16.6,83.9,583.8,840.9,716.5,425.9,78.9,97.0,44.1,538.3,265.6,711.8,409.3,2223.0,378.3,832.2,552.0,1920.0,99.0,350.1,328.5,836.5,2223.0,4571.0,4844.0,2193.0,157.9,264.7,141.8,1248.0,291.3,729.4,436.8,2847.0,510.3,710.2,687.7,3182.0,238.4,437.4,653.1,2269.0,3606.0,5901.0,4637.0,3864.0,199.5,332.5,129.9,629.0,411.4,946.3,575.5,2302.0,751.3,1134.0,1050.0,2576.0,152.1,339.8,612.4,595.5,2041.0,3062.0,3647.0,2163.0,22.8,38.9,50.3,135.7,61.6,180.6,206.2,426.5,155.6,313.9,461.0,1064.0,102.7,208.4,392.0,540.9,397.3,649.1,1047.0,843.1,1920.0,2977.0,3062.0,2285.0,3033.0,4571.0,5796.0,3346.0,4844.0,5901.0,5235.0,6124.0,4773.0,5901.0,5796.0,4571.0,2335.0,2847.0,4773.0,3453.0
2026-07-03,21,2,official_closing,closing_displayed,https://www.boatrace.jp/owpc/pc/race/odds3t?hd=20260703&jcd=21&rno=2,official_table_v2,52.8,22.7,179.6,103.5,51.7,14.8,148.0,72.5,9.2,7.4,36.7,7.6,305.7,279.6,169.0,281.8,169.1,138.2,37.5,317.7,403.5,195.8,665.0,552.0,617.8,549.4,1559.0,1519.0,239.5,427.7,1008.0,525.2,1481.0,1920.0,1812.0,2204.0,1095.0,1822.0,947.3,2551.0,293.9,93.7,506.5,324.6,514.6,410.0,1289.0,1313.0,93.8,234.1,482.6,235.4,1088.0,1601.0,1322.0,1860.0,650.5,1395.0,541.1,1930.0,16.5,14.5,27.5,8.1,60.6,122.1,183.2,83.1,40.0,106.5,202.6,69.9,48.5,117.2,149.6,49.6,17.6,49.6,57.3,48.6,774.7,888.4,409.5,710.0,1750.0,2052.0,1725.0,2515.0,1469.0,1638.0,1822.0,1995.0,421.6,813.5,1082.0,455.5,1152.0,1909.0,1785.0,899.6,649.3,621.1,198.1,1062.0,1141.0,1941.0,871.0,2768.0,1003.0,2113.0,688.1,2463.0,163.8,467.4,427.7,565.1,1831.0,2976.0,2569.0,1075.0
2026-07-03,21,3,official_closing,closing_displayed,https://www.boatrace.jp/owpc/pc/race/odds3t?hd=20260703&jcd=21&rno=3,official_table_v2,16.6,49.2,34.3,167.6,10.3,13.0,6.6,59.0,65.5,36.9,48.2,195.6,38.0,16.2,53.7,94.2,454.4,283.3,498.9,300.0,76.5,184.0,134.1,370.7,107.2,204.5,145.5,454.4,386.0,413.7,544.4,778.1,241.4,241.1,495.3,711.0,943.5,1161.0,1436.0,1407.0,24.8,21.5,10.4,70.3,69.1,115.8,72.6,259.5,49.1,99.0,45.2,150.3,21.7,59.1,41.3,75.0,314.2,537.6,424.8,240.6,248.5,153.4,169.6,446.7,455.6,461.6,551.3,861.3,150.0,309.7,127.1,339.8,182.5,362.2,150.1,322.7,1015.0,1214.0,785.1,705.2,110.1,51.0,143.6,172.1,250.5,208.2,537.6,665.8,58.2,132.2,133.2,151.0,229.3,446.2,206.3,431.7,429.0,786.9,344.5,698.1,818.5,749.4,1401.0,1024.0,1424.0,1641.0,1861.0,2191.0,1021.0,1545.0,1326.0,920.9,2421.0,2308.0,1603.0,1934.0,1241.0,1967.0,1000.0,1610.0
2026-07-03,21,4,official_closing,closing_displayed,https://www.boatrace.jp/owpc/pc/race/odds3t?hd=20260703&jcd=21&rno=4,official_table_v2,12.7,5.4,52.7,103.7,14.7,8.0,60.7,124.2,4.5,5.3,22.0,41.4,148.0,177.6,128.3,405.0,310.3,373.9,241.1,617.3,143.7,76.6,285.2,468.9,330.8,506.5,1010.0,1649.0,143.0,412.3,623.0,1047.0,727.9,1405.0,1031.0,2606.0,1465.0,2510.0,2188.0,2918.0,181.9,107.0,333.7,748.7,365.1,535.9,1047.0,2107.0,166.2,391.5,792.1,1387.0,767.2,1580.0,1610.0,3380.0,1950.0,3190.0,2775.0,3671.0,21.1,28.2,38.9,79.3,63.0,162.5,205.6,405.0,90.8,202.6,355.2,609.6,99.4,194.9,328.9,354.1,253.0,555.1,726.4,605.3,619.6,758.7,493.3,1625.0,998.2,1524.0,1333.0,3132.0,1193.0,2044.0,1962.0,3519.0,555.1,1094.0,1360.0,1610.0,2918.0,3879.0,4113.0,2188.0,729.5,1057.0,680.1,2056.0,1328.0,2020.0,1566.0,3924.0,2688.0,2731.0,2869.0,5886.0,908.0,1657.0,1984.0,2020.0,4613.0,4215.0,5020.0,2731.0
2026-07-03,21,5,official_closing,closing_displayed,https://www.boatrace.jp/owpc/pc/race/odds3t?hd=20260703&jcd=21&rno=5,official_table_v2,6.7,8.6,83.7,3.7,20.2,43.8,218.8,22.3,23.4,54.2,260.2,27.4,307.2,464.0,673.2,287.2,7.3,19.1,26.7,137.6,43.6,50.4,259.4,26.8,185.5,445.5,1128.0,248.5,175.9,418.8,837.7,190.3,974.4,2091.0,1596.0,1079.0,68.2,202.2,194.2,709.3,210.0,426.0,835.8,239.0,346.3,859.1,1638.0,544.5,784.4,979.5,2404.0,1014.0,1788.0,2962.0,3526.0,3192.0,388.1,559.3,796.2,2501.0,235.8,491.0,892.2,255.8,333.8,892.2,1222.0,466.9,916.5,1182.0,2626.0,1115.0,1889.0,1908.0,2805.0,1698.0,313.5,436.1,837.7,1230.0,1331.0,1730.0,2178.0,1616.0,1771.0,2722.0,2663.0,2436.0,2452.0,3192.0,3493.0,3740.0,3192.0,2962.0,3666.0,2826.0,1879.0,2702.0,3666.0,2763.0,31.3,74.5,91.1,303.5,54.6,162.7,185.1,619.1,237.3,344.7,515.7,1341.0,226.7,310.8,592.4,1017.0,847.3,1351.0,1842.0,1505.0
2026-07-03,21,6,official_closing,closing_displayed,https://www.boatrace.jp/owpc/pc/race/odds3t?hd=20260703&jcd=21&rno=6,official_table_v2,26.7,58.0,344.0,49.4,25.6,21.7,141.1,15.9,108.7,56.2,356.3,107.0,727.2,379.8,713.7,696.4,45.9,23.3,67.4,271.6,53.5,94.2,458.7,118.1,46.8,34.0,106.2,58.3,130.2,64.6,232.8,150.8,748.6,307.6,566.0,773.8,143.0,96.0,155.3,643.7,27.8,15.9,76.7,13.9,38.5,27.3,77.1,41.9,19.0,29.4,44.8,22.0,152.7,171.6,128.1,161.7,23.9,54.1,33.7,137.2,238.4,122.0,454.1,231.4,245.2,150.7,548.4,313.1,77.2,104.9,179.1,104.5,883.9,838.7,534.4,969.7,250.6,347.1,180.5,800.7,1754.0,1063.0,1618.0,2015.0,2393.0,1132.0,1595.0,2471.0,1068.0,1030.0,990.6,1143.0,2033.0,1809.0,1222.0,2345.0,2253.0,2525.0,1511.0,2369.0,93.6,46.8,121.6,376.1,172.7,141.4,235.9,654.7,53.3,102.0,85.6,324.6,239.8,334.5,163.2,738.9,1132.0,1228.0,848.0,1328.0
2026-07-03,21,7,official_closing,closing_displayed,https://www.boatrace.jp/owpc/pc/race/odds3t?hd=20260703&jcd=21&rno=7,official_table_v2,14.3,7.4,61.5,17.8,31.1,31.2,137.1,64.9,9.4,26.2,79.2,17.9,161.3,227.7,228.4,260.7,58.7,140.8,62.7,232.2,49.9,18.7,138.7,40.1,123.6,84.8,380.6,179.0,30.6,61.1,121.8,47.9,320.6,718.9,352.3,410.2,149.3,329.5,124.5,399.8,181.3,203.6,424.9,313.5,211.5,180.6,517.6,302.2,285.8,207.8,782.1,395.4,741.4,961.8,1237.0,1176.0,595.6,629.8,741.4,1395.0,19.7,68.9,74.6,29.4,27.8,78.0,94.6,35.4,168.8,166.1,405.5,202.4,95.4,105.7,273.7,75.3,47.0,44.9,145.8,78.8,387.8,571.7,381.6,386.8,562.6,1002.0,504.8,490.8,968.3,1129.0,1271.0,1294.0,377.5,405.5,942.7,301.5,499.4,529.1,1157.0,391.0,246.2,553.9,227.7,590.6,357.6,822.8,264.1,813.4,995.4,1095.0,936.5,1581.0,235.2,222.0,641.2,394.3,694.4,757.2,1395.0,490.8
2026-07-03,21,8,official_closing,closing_displayed,https://www.boatrace.jp/owpc/pc/race/odds3t?hd=20260703&jcd=21&rno=8,official_table_v2,82.2,50.4,167.1,253.6,62.8,19.1,84.2,125.2,24.2,13.0,24.4,39.8,177.9,153.6,100.8,233.0,621.6,393.9,235.3,518.2,287.5,170.5,454.7,951.7,415.2,213.5,712.2,881.5,169.7,174.4,349.1,349.1,757.3,1064.0,642.0,1707.0,1693.0,1870.0,1138.0,2264.0,164.5,41.0,190.0,224.7,309.4,134.9,491.0,476.9,35.8,56.9,71.5,63.0,344.6,645.9,183.8,529.7,721.7,1064.0,313.0,919.1,26.5,12.8,12.7,19.5,55.8,49.9,76.0,81.5,20.0,31.9,33.4,27.7,15.4,39.8,29.2,17.3,43.7,82.1,56.0,42.1,493.3,368.9,183.5,447.1,814.7,1097.0,609.3,1222.0,504.9,874.3,304.2,653.7,128.1,247.8,185.5,131.8,726.6,1049.0,951.7,319.6,1693.0,1144.0,643.9,1720.0,1777.0,2793.0,1581.0,2987.0,1396.0,2312.0,696.0,2389.0,590.9,1103.0,614.5,443.4,1792.0,2757.0,2501.0,552.9
2026-07-03,21,9,official_closing,closing_displayed,https://www.boatrace.jp/owpc/pc/race/odds3t?hd=20260703&jcd=21&rno=9,official_table_v2,6.3,42.4,21.4,8.3,8.4,42.6,31.9,11.7,96.6,89.7,255.3,90.3,64.5,86.2,233.6,78.4,22.5,28.3,99.3,82.2,31.5,128.0,72.3,28.6,70.8,316.8,250.5,96.5,404.8,550.7,669.4,393.8,261.6,401.3,792.6,297.4,80.5,141.8,397.1,266.4,30.5,91.7,79.3,27.2,50.2,231.8,171.6,57.1,170.0,262.4,347.6,181.1,181.8,259.1,457.6,185.1,55.9,74.5,182.5,170.6,321.1,323.8,562.1,236.5,442.6,590.1,865.0,384.2,355.4,646.5,1191.0,379.6,737.1,937.8,1271.0,653.2,244.7,324.9,362.2,529.1,291.4,434.5,760.8,281.5,361.5,646.5,947.2,403.9,605.2,706.9,1315.0,686.4,966.5,1176.0,1503.0,671.8,328.9,417.2,701.6,745.8,64.5,100.9,289.6,242.5,102.4,190.0,459.8,360.1,154.9,223.9,460.9,553.9,367.8,430.5,520.4,740.0,367.1,454.3,623.2,893.6
2026-07-03,21,10,official_closing,closing_displayed,https://www.boatrace.jp/owpc/pc/race/odds3t?hd=20260703&jcd=21&rno=10,official_table_v2,7.7,15.2,8.4,6.8,19.5,82.1,57.0,45.6,42.3,107.2,100.2,78.0,28.0,88.4,134.6,42.5,26.8,100.4,143.8,67.3,18.5,26.6,17.3,11.3,77.2,216.0,128.1,89.6,113.8,237.5,183.0,105.8,69.5,179.1,241.0,75.7,35.6,115.5,130.1,85.7,239.2,547.4,450.7,422.2,271.0,617.2,358.9,286.2,831.7,778.3,1355.0,1094.0,633.3,745.4,1384.0,846.3,838.9,520.9,1292.0,1088.0,286.6,884.9,494.4,401.2,314.6,760.0,420.4,284.1,993.8,1053.0,1615.0,1107.0,631.2,587.2,1336.0,518.1,539.8,446.5,1107.0,605.6,131.7,444.5,532.4,170.7,176.5,580.2,576.8,195.3,927.3,922.8,1881.0,1036.0,853.7,973.9,1746.0,697.1,265.4,235.2,800.8,617.2,93.9,511.3,526.6,315.1,106.7,436.5,467.0,271.4,1025.0,821.2,1700.0,1514.0,1004.0,797.5,1977.0,1070.0,425.0,299.5,1082.0,575.0
2026-07-03,21,11,official_closing,closing_displayed,https://www.boatrace.jp/owpc/pc/race/odds3t?hd=20260703&jcd=21&rno=11,official_table_v2,28.4,74.5,59.1,44.6,17.0,9.8,6.3,5.3,85.7,31.1,50.9,49.2,62.2,15.1,52.0,22.5,48.2,12.5,53.6,27.3,484.5,774.1,851.9,755.3,632.4,1469.0,1078.0,1492.0,956.7,1760.0,1923.0,1581.0,1286.0,1760.0,2303.0,2221.0,928.2,1776.0,2303.0,2454.0,133.6,73.4,44.4,37.3,433.8,825.5,698.7,696.1,229.1,570.5,340.4,362.9,107.3,433.8,249.0,183.4,122.0,615.7,359.4,254.8,787.2,356.7,410.0,444.2,1180.0,1567.0,1435.0,1567.0,426.9,1446.0,683.4,749.2,533.0,1581.0,701.3,800.7,613.7,1829.0,942.2,1066.0,217.9,75.3,188.6,76.8,685.9,844.2,1269.0,790.5,127.1,493.5,318.3,208.2,488.3,1269.0,575.8,611.7,115.3,418.3,205.4,347.4,97.1,49.3,132.6,89.5,259.1,412.7,698.7,693.5,86.7,283.1,260.5,224.2,402.0,1091.0,568.8,720.3,150.9,522.6,263.8,492.2
2026-07-03,21,12,official_closing,closing_displayed,https://www.boatrace.jp/owpc/pc/race/odds3t?hd=20260703&jcd=21&rno=12,official_table_v2,20.8,13.8,44.7,29.9,22.6,8.4,30.7,16.8,11.6,7.9,17.5,7.5,70.0,57.5,35.0,33.3,46.5,35.6,20.0,43.4,249.1,201.8,515.9,388.0,448.0,879.8,1539.0,1617.0,321.9,831.7,1327.0,732.8,1226.0,2226.0,1969.0,2261.0,813.1,1809.0,1201.0,2279.0,262.9,96.7,295.0,160.1,498.2,904.5,1037.0,1216.0,166.9,702.5,742.2,299.6,916.0,1733.0,1654.0,1447.0,477.6,1440.0,459.4,1346.0,78.7,50.7,76.2,34.9,215.0,463.1,522.4,383.9,135.9,510.5,555.5,215.5,178.0,420.1,473.7,201.0,70.7,222.4,159.8,175.6,827.0,720.0,409.4,342.1,1590.0,2279.0,2209.0,2144.0,1461.0,1955.0,2067.0,2038.0,572.0,1476.0,1786.0,659.3,711.2,1904.0,1969.0,904.5,278.5,242.6,116.9,364.1,727.2,1384.0,952.1,1608.0,563.1,1162.0,509.6,1216.0,171.3,585.9,375.9,544.1,784.4,1626.0,1564.0,913.1
2026-07-03,22,1,official_closing,closing_displayed,https://www.boatrace.jp/owpc/pc/race/odds3t?hd=20260703&jcd=22&rno=1,official_table_v2,3.3,7.2,14.1,135.8,6.4,11.0,14.3,131.5,15.8,20.2,37.5,224.3,39.1,42.6,77.1,197.7,326.8,397.8,428.4,454.7,29.5,50.7,92.9,381.9,124.4,262.1,421.7,1297.0,201.0,349.9,718.7,1453.0,336.7,665.0,975.7,1831.0,1336.0,1965.0,2228.0,2522.0,51.7,60.3,72.4,410.0,124.3,236.1,333.3,1052.0,154.0,248.0,369.2,1162.0,195.7,516.1,586.3,1310.0,1095.0,2304.0,1937.0,1856.0,158.0,165.0,239.5,820.1,288.1,630.5,768.3,2056.0,282.0,559.3,730.5,2387.0,417.7,830.3,856.9,1086.0,1437.0,2621.0,2475.0,1650.0,194.5,180.4,394.3,514.1,327.6,665.0,1132.0,1172.0,303.8,805.3,1020.0,1364.0,692.6,1364.0,1237.0,1937.0,928.3,1610.0,1273.0,1736.0,825.2,1114.0,1759.0,1193.0,1485.0,2191.0,2906.0,3613.0,1806.0,2970.0,3260.0,3427.0,2387.0,2906.0,4051.0,2621.0,1759.0,2345.0,2475.0,2906.0
2026-07-03,22,2,official_closing,closing_displayed,https://www.boatrace.jp/owpc/pc/race/odds3t?hd=20260703&jcd=22&rno=2,official_table_v2,64.1,85.5,209.0,64.2,42.7,15.5,43.4,9.4,87.4,29.0,129.1,20.2,226.7,92.9,179.7,65.8,66.2,15.9,23.8,62.3,277.5,366.3,645.7,267.3,409.6,527.3,958.4,272.1,474.7,544.2,1088.0,340.9,865.8,1065.0,923.5,958.4,415.2,367.2,477.7,1073.0,98.5,28.5,73.7,15.9,199.4,265.4,402.0,150.2,41.0,160.2,132.7,24.2,151.0,302.9,211.0,86.4,21.3,96.6,20.8,64.8,314.2,128.2,296.4,73.4,459.0,604.7,769.6,307.2,122.4,373.5,284.8,62.2,380.0,659.7,409.6,232.3,79.6,210.4,66.6,162.2,361.1,175.3,303.5,102.8,736.1,958.4,983.1,523.6,238.1,544.2,364.5,142.4,509.6,810.5,564.4,291.9,94.2,275.0,109.6,185.3,109.3,34.8,70.0,106.9,227.1,256.5,347.9,562.3,40.2,127.0,43.4,114.2,94.5,263.1,72.0,217.7,137.1,395.8,145.8,231.5
2026-07-03,22,3,official_closing,closing_displayed,https://www.boatrace.jp/owpc/pc/race/odds3t?hd=20260703&jcd=22&rno=3,official_table_v2,9.5,24.5,176.0,99.1,5.6,6.0,58.9,24.5,31.7,19.6,253.5,114.3,457.3,311.9,642.6,606.1,345.9,173.1,345.1,852.0,46.5,87.4,430.9,232.6,49.1,59.7,222.2,174.5,170.0,121.3,467.4,449.1,955.8,805.9,861.8,1506.0,823.7,683.9,961.9,1521.0,13.3,9.3,67.2,33.9,28.0,29.5,129.9,89.6,17.6,27.8,104.5,60.9,237.8,332.0,301.2,381.3,138.4,246.0,165.6,359.2,221.8,111.0,797.3,521.3,275.1,200.6,866.8,716.8,94.9,149.8,453.2,298.2,1104.0,1656.0,1138.0,1447.0,847.1,1380.0,730.9,1586.0,1656.0,1007.0,2293.0,2527.0,1840.0,1656.0,3241.0,2982.0,937.7,1491.0,1620.0,2192.0,2982.0,3388.0,2070.0,2711.0,3923.0,4518.0,2923.0,3172.0,1252.0,920.4,2444.0,3388.0,2070.0,2404.0,3241.0,3823.0,852.0,1911.0,1263.0,2527.0,2100.0,2813.0,1796.0,2570.0,4970.0,4385.0,3042.0,2867.0
2026-07-03,22,4,official_closing,closing_displayed,https://www.boatrace.jp/owpc/pc/race/odds3t?hd=20260703&jcd=22&rno=4,official_table_v2,8.3,5.5,38.7,64.1,16.0,24.4,90.9,172.7,11.5,31.6,64.3,106.2,159.8,324.3,190.9,588.2,343.0,598.7,417.6,856.7,16.5,8.4,63.9,85.5,46.2,50.3,235.9,255.4,17.7,38.4,85.6,98.5,280.7,503.2,250.8,777.0,348.7,657.7,347.3,923.0,74.5,70.6,233.0,376.2,70.8,63.3,259.0,374.5,110.4,93.6,336.8,432.8,652.5,647.5,788.0,1336.0,1295.0,1128.0,1219.0,1796.0,28.4,76.4,97.0,120.0,30.1,68.2,86.6,91.2,152.9,138.4,404.5,470.6,148.7,130.2,412.5,231.0,242.1,190.4,614.2,365.5,501.6,464.0,720.1,1219.0,450.3,1201.0,500.1,1084.0,1427.0,1561.0,1898.0,2831.0,710.9,642.5,1440.0,843.7,1898.0,2257.0,2983.0,1452.0,1106.0,2456.0,1403.0,2983.0,1121.0,2386.0,928.1,2651.0,3212.0,2784.0,2610.0,4074.0,1505.0,965.6,2694.0,1722.0,2738.0,2983.0,4773.0,1942.0
2026-07-03,22,5,official_closing,closing_displayed,https://www.boatrace.jp/owpc/pc/race/odds3t?hd=20260703&jcd=22&rno=5,official_table_v2,34.3,11.9,331.4,20.1,38.7,14.9,168.1,24.4,12.2,12.7,165.0,9.5,739.4,812.3,659.1,694.8,39.9,48.6,26.7,432.0,131.6,43.8,662.9,84.3,209.7,185.7,1165.0,246.4,76.0,140.3,655.4,71.2,1602.0,2059.0,1478.0,2507.0,198.2,330.5,131.0,1281.0,135.0,62.1,372.1,82.3,220.9,192.5,1048.0,241.8,72.9,141.8,461.4,74.2,908.2,1460.0,1373.0,1424.0,184.2,256.9,133.6,873.8,25.8,36.8,181.6,15.6,53.3,126.9,419.4,42.4,67.0,136.9,529.1,61.4,568.2,585.5,749.0,302.7,20.0,29.5,45.9,138.4,1860.0,1624.0,2059.0,2136.0,3204.0,3495.0,2621.0,3204.0,1988.0,2682.0,2403.0,3295.0,2261.0,2746.0,2261.0,1498.0,2261.0,1860.0,4436.0,1721.0,150.0,165.7,81.3,744.2,258.0,468.9,195.1,1721.0,280.6,450.5,200.9,1602.0,69.2,105.1,137.6,384.5,1831.0,2454.0,1922.0,994.4
2026-07-03,22,6,official_closing,closing_displayed,https://www.boatrace.jp/owpc/pc/race/odds3t?hd=20260703&jcd=22&rno=6,official_table_v2,18.5,63.7,34.2,32.0,18.6,41.5,16.1,13.0,170.2,131.2,166.3,123.3,72.5,49.1,154.9,46.6,65.4,39.8,123.7,60.3,54.8,158.2,69.0,64.0,62.2,144.0,52.7,50.2,323.4,289.4,316.0,236.8,135.6,94.9,326.2,92.9,149.3,97.9,293.0,113.8,38.0,62.2,22.2,19.4,60.6,105.1,43.8,38.0,119.0,162.4,130.8,83.6,44.0,57.1,114.6,28.8,36.2,53.7,83.0,32.1,546.2,468.1,511.0,345.6,722.8,612.8,716.9,432.5,338.5,488.2,468.9,335.9,526.5,705.3,612.8,295.6,399.5,430.3,459.8,358.4,202.8,117.3,344.3,107.7,331.2,292.7,644.5,225.0,133.9,212.9,405.6,99.1,563.9,802.6,654.1,298.3,132.6,194.8,119.3,268.9,225.0,120.9,437.5,183.1,327.9,292.0,539.5,306.4,110.9,204.4,346.1,129.0,604.3,601.5,705.3,496.5,203.4,279.8,149.6,378.1
2026-07-03,22,7,official_closing,closing_displayed,https://www.boatrace.jp/owpc/pc/race/odds3t?hd=20260703&jcd=22&rno=7,official_table_v2,8.0,39.0,11.2,248.8,6.9,25.1,6.4,143.5,76.6,69.7,56.2,377.3,15.2,11.7,44.1,106.4,646.3,480.0,657.2,529.3,35.0,126.7,48.4,432.3,72.0,223.3,82.0,709.6,301.7,431.3,306.5,1216.0,97.3,121.6,252.7,652.8,1748.0,2176.0,2543.0,2061.0,37.3,85.2,24.1,297.1,75.1,204.0,79.3,692.0,221.0,334.7,228.5,1082.0,38.2,70.4,163.7,340.6,1506.0,1901.0,2200.0,1350.0,328.0,278.9,192.3,1030.0,516.7,844.1,567.6,1764.0,413.1,809.3,514.0,2479.0,199.4,402.1,394.8,786.5,2720.0,2880.0,2646.0,1703.0,42.7,30.8,102.8,180.1,82.7,111.5,302.7,379.5,47.0,92.2,238.5,325.3,183.2,346.0,384.0,717.4,441.1,621.7,598.9,906.7,2061.0,2019.0,3264.0,2128.0,3108.0,3108.0,3840.0,3917.0,2967.0,4776.0,3766.0,3695.0,4663.0,3997.0,4167.0,4776.0,2543.0,3158.0,3013.0,3997.0
2026-07-03,22,8,official_closing,closing_displayed,https://www.boatrace.jp/owpc/pc/race/odds3t?hd=20260703&jcd=22&rno=8,official_table_v2,8.2,7.2,78.3,6.4,23.7,49.4,212.7,67.1,28.5,77.6,247.0,51.4,218.3,390.1,673.9,480.7,29.0,102.6,77.2,282.2,14.2,10.9,80.0,9.4,49.2,78.7,448.5,61.7,36.8,94.9,283.9,42.1,327.5,704.2,620.4,484.0,28.9,85.7,52.9,268.2,101.4,186.5,487.3,208.9,90.1,145.9,494.1,115.8,299.0,275.6,1020.0,433.3,926.6,1257.0,1929.0,1582.0,389.0,341.0,535.5,1224.0,111.1,386.9,634.4,158.4,93.5,308.8,556.7,94.1,565.6,565.6,1394.0,640.2,897.1,809.4,1829.0,1091.0,180.5,146.2,617.7,828.5,596.8,1637.0,1380.0,1354.0,469.4,1760.0,1117.0,1164.0,2200.0,2012.0,2708.0,3201.0,1437.0,1257.0,3129.0,1600.0,1929.0,1600.0,3353.0,2428.0,101.1,411.8,262.7,838.3,108.9,349.4,187.2,869.4,920.5,707.7,1083.0,2560.0,351.2,257.9,914.5,1514.0,1408.0,1354.0,2235.0,1853.0
2026-07-03,22,9,official_closing,closing_displayed,https://www.boatrace.jp/owpc/pc/race/odds3t?hd=20260703&jcd=22&rno=9,official_table_v2,29.3,26.1,70.2,166.0,26.2,7.9,21.2,155.3,22.8,9.3,18.8,140.1,99.9,44.0,39.4,265.1,457.6,512.1,516.5,742.9,144.3,116.5,215.3,661.3,285.2,178.3,351.9,1180.0,151.5,161.9,276.7,598.8,445.7,847.6,720.7,2006.0,1467.0,1543.0,1910.0,2507.0,62.9,18.6,34.2,207.5,106.7,101.8,157.1,409.4,20.0,65.8,21.0,126.6,58.5,166.9,44.3,272.3,661.3,712.2,510.0,708.0,63.3,24.6,36.1,175.7,79.2,134.7,164.2,319.2,25.9,93.3,25.8,160.0,43.5,148.5,38.4,151.9,455.9,570.4,432.9,405.2,216.8,130.6,119.0,493.2,186.0,493.2,595.8,830.1,146.9,409.4,117.3,559.8,115.9,390.7,116.5,434.5,1146.0,1416.0,940.3,986.5,661.3,2228.0,1744.0,2228.0,489.2,2040.0,1796.0,2228.0,2271.0,2865.0,1563.0,2674.0,1770.0,2228.0,1563.0,1973.0,2456.0,2865.0,2935.0,1583.0
2026-07-03,22,10,official_closing,closing_displayed,https://www.boatrace.jp/owpc/pc/race/odds3t?hd=20260703&jcd=22&rno=10,official_table_v2,8.0,38.0,10.8,14.9,8.3,29.2,6.7,9.0,68.4,65.9,66.7,77.3,18.2,14.2,72.0,13.9,30.2,25.7,97.1,24.7,182.9,363.9,246.5,268.3,379.3,996.1,792.1,782.7,595.8,1494.0,2012.0,2012.0,599.5,1127.0,2143.0,1202.0,618.3,1202.0,2033.0,1314.0,96.2,169.0,67.8,66.4,239.3,664.1,469.6,503.1,407.5,689.6,687.2,805.0,183.9,493.1,717.2,340.6,283.8,792.1,1027.0,583.5,430.6,525.9,517.6,527.3,563.5,1577.0,1914.0,1439.0,684.8,1398.0,1332.0,1643.0,738.7,1715.0,1280.0,1021.0,1054.0,1933.0,1793.0,1360.0,170.4,136.8,430.6,96.7,337.7,934.7,1761.0,624.1,266.1,752.8,1256.0,533.0,908.9,2376.0,2033.0,1195.0,163.4,465.1,479.9,727.8,273.1,253.5,782.7,203.9,540.3,1280.0,2076.0,1210.0,491.8,1517.0,1685.0,1011.0,1730.0,2320.0,2665.0,2267.0,298.3,1095.0,892.4,1323.0
2026-07-03,22,11,official_closing,closing_displayed,https://www.boatrace.jp/owpc/pc/race/odds3t?hd=20260703&jcd=22&rno=11,official_table_v2,5.5,10.6,19.6,89.1,5.4,7.6,12.4,58.3,24.2,22.9,56.7,151.4,66.7,53.4,119.7,207.0,355.4,314.4,467.1,437.0,33.6,62.7,107.2,257.1,52.3,115.3,141.8,307.4,182.0,222.3,414.0,790.3,384.2,421.6,647.0,1214.0,867.5,933.0,1268.0,1831.0,22.4,27.5,40.7,102.3,37.7,73.3,87.1,215.4,78.2,101.6,128.1,273.8,124.7,168.6,217.0,367.8,421.6,618.1,639.8,678.7,263.4,271.0,444.3,727.2,356.8,465.2,783.1,1282.0,336.4,419.0,644.6,1018.0,928.0,1000.0,997.6,1473.0,1390.0,2000.0,2048.0,2190.0,386.7,365.5,676.1,788.5,416.5,484.8,762.4,1078.0,408.2,448.4,814.5,1301.0,1316.0,1282.0,1263.0,2072.0,1841.0,2387.0,2085.0,2455.0,1713.0,1955.0,3063.0,3036.0,1518.0,2472.0,4438.0,3978.0,2123.0,3235.0,3978.0,4221.0,3090.0,4221.0,5090.0,4221.0,3296.0,4554.0,3933.0,3889.0
2026-07-03,22,12,official_closing,closing_displayed,https://www.boatrace.jp/owpc/pc/race/odds3t?hd=20260703&jcd=22&rno=12,official_table_v2,5.1,13.6,10.5,23.2,7.4,12.7,9.7,22.8,29.3,32.8,51.9,59.3,31.8,29.7,66.9,61.1,80.6,92.9,144.5,129.3,47.7,91.4,83.3,135.8,122.1,359.0,283.5,480.5,290.4,595.2,631.8,755.7,332.7,552.5,823.5,928.0,504.7,1005.0,1344.0,1109.0,38.3,52.2,38.5,72.6,77.3,213.7,174.5,249.7,159.4,265.2,260.9,330.1,124.2,254.9,292.1,259.4,314.0,583.1,634.6,470.0,272.2,259.8,330.1,377.8,368.8,680.6,718.0,794.7,323.4,635.5,702.8,750.5,596.8,983.0,976.3,893.4,674.2,1166.0,1261.0,1236.0,260.2,199.3,493.7,366.3,371.3,699.4,1219.0,861.3,259.1,575.3,837.9,648.9,944.3,1336.0,1232.0,1240.0,645.0,956.8,958.9,1410.0,447.1,556.1,926.0,787.4,653.8,1524.0,1952.0,1754.0,884.3,1640.0,1647.0,1546.0,1396.0,2168.0,2345.0,2026.0,1109.0,1852.0,1754.0,1961.0
2026-07-03,23,1,official_closing,closing_displayed,https://www.boatrace.jp/owpc/pc/race/odds3t?hd=20260703&jcd=23&rno=1,official_table_v2,11.6,7.6,25.9,42.2,13.2,8.9,23.9,36.3,7.1,8.5,10.7,15.4,47.4,52.7,32.6,62.2,91.7,102.2,55.7,115.6,242.6,181.6,388.6,476.2,604.4,778.2,1133.0,1984.0,327.1,811.8,1003.0,1092.0,790.2,1284.0,1206.0,1457.0,1322.0,2365.0,1768.0,2289.0,260.9,197.6,301.4,484.0,568.8,776.5,1075.0,1984.0,376.4,651.8,832.6,997.7,677.8,1411.0,1358.0,1734.0,1236.0,2904.0,1831.0,2446.0,55.7,77.0,48.5,60.7,154.4,400.9,404.9,449.8,231.3,473.7,547.0,685.6,93.2,268.9,374.8,181.0,163.4,421.2,566.9,314.7,236.7,295.4,141.5,244.4,520.7,897.5,879.8,950.0,727.5,1020.0,1130.0,1322.0,199.4,552.9,710.1,401.8,568.8,1099.0,1395.0,761.6,811.8,806.3,397.7,973.3,1446.0,2413.0,1880.0,2365.0,1850.0,3106.0,1941.0,2976.0,502.4,1353.0,1373.0,1262.0,1379.0,2275.0,2626.0,1546.0
2026-07-03,23,2,official_closing,closing_displayed,https://www.boatrace.jp/owpc/pc/race/odds3t?hd=20260703&jcd=23&rno=2,official_table_v2,5.5,5.2,162.1,29.4,10.6,15.1,349.2,63.8,10.1,19.3,302.7,45.1,544.2,842.5,890.9,1197.0,110.2,222.3,152.2,893.3,15.6,12.6,218.1,41.8,50.7,75.6,751.6,138.5,31.7,64.9,475.2,78.5,972.2,1404.0,1343.0,1624.0,175.2,292.1,267.2,1503.0,69.8,82.0,850.9,193.0,109.9,149.0,1205.0,297.5,165.6,172.0,1537.0,340.9,2527.0,2867.0,3592.0,3281.0,699.2,733.8,842.5,3130.0,33.4,69.6,302.5,62.6,44.2,99.6,424.9,81.7,154.3,179.6,1439.0,314.2,569.6,712.4,1579.0,735.4,120.2,131.4,297.7,624.9,1617.0,2201.0,1464.0,2916.0,1587.0,2843.0,3159.0,3922.0,3446.0,4374.0,4111.0,5093.0,2752.0,3074.0,4265.0,3019.0,4490.0,4945.0,6562.0,5170.0,420.2,857.4,615.9,2455.0,506.3,898.0,633.1,2820.0,1333.0,1302.0,1483.0,4739.0,722.9,598.6,1227.0,2666.0,4212.0,5249.0,5594.0,4490.0
2026-07-03,23,3,official_closing,closing_displayed,https://www.boatrace.jp/owpc/pc/race/odds3t?hd=20260703&jcd=23&rno=3,official_table_v2,7.9,10.3,26.5,15.3,7.6,8.2,22.1,9.8,17.9,17.4,31.2,14.1,72.7,74.0,64.0,51.3,31.6,33.1,28.1,48.2,264.4,243.7,473.5,274.7,562.7,1320.0,2264.0,1683.0,526.2,1453.0,2237.0,1089.0,1118.0,2668.0,2809.0,2159.0,570.4,2122.0,1348.0,2064.0,111.0,66.3,152.3,91.2,405.6,768.8,1270.0,938.8,191.6,496.8,649.8,336.0,627.9,1746.0,1209.0,1189.0,330.0,875.0,574.8,1079.0,140.9,126.4,194.4,102.4,364.5,807.0,1167.0,709.0,239.9,690.6,839.6,492.2,444.2,1067.0,988.4,517.5,208.0,549.4,493.5,504.2,541.5,560.1,402.2,384.4,1026.0,2668.0,2594.0,1729.0,1023.0,3037.0,2410.0,2250.0,849.1,2110.0,1754.0,1055.0,649.8,1858.0,2041.0,1142.0,184.2,261.8,169.1,301.0,454.0,1448.0,1032.0,1589.0,537.6,1383.0,877.1,1935.0,313.1,909.1,953.1,893.8,642.0,1868.0,2172.0,1132.0
2026-07-03,23,4,official_closing,closing_displayed,https://www.boatrace.jp/owpc/pc/race/odds3t?hd=20260703&jcd=23&rno=4,official_table_v2,33.2,13.5,51.4,26.8,56.4,55.6,105.4,80.6,15.9,54.3,52.1,25.3,101.8,217.3,108.1,124.8,63.9,165.3,62.9,159.6,70.4,28.0,84.1,44.3,171.3,157.4,284.8,206.2,43.5,101.6,86.4,30.5,214.0,403.3,180.5,207.1,109.4,271.9,67.6,202.3,283.5,278.1,396.9,367.5,368.3,286.2,503.0,420.1,284.6,262.7,379.4,249.7,567.0,616.6,560.7,580.1,513.3,534.3,377.4,570.7,23.7,87.8,42.2,22.3,35.6,94.5,57.1,21.0,181.6,169.2,233.6,143.1,48.8,47.4,158.3,27.0,30.2,21.5,93.2,32.4,242.6,465.7,212.2,190.5,334.7,611.3,304.0,262.9,702.8,846.4,711.3,664.3,170.5,173.3,483.6,103.9,275.5,269.8,542.5,185.5,140.1,346.2,144.6,350.3,173.0,379.0,97.6,304.8,570.7,540.8,352.1,744.4,125.8,79.8,239.8,153.4,446.8,420.6,723.0,237.2
2026-07-03,23,5,official_closing,closing_displayed,https://www.boatrace.jp/owpc/pc/race/odds3t?hd=20260703&jcd=23&rno=5,official_table_v2,6.0,10.5,5.5,129.4,7.0,14.8,10.0,227.4,16.1,28.1,17.4,216.3,11.5,18.2,23.5,164.6,472.3,710.9,709.4,515.5,138.0,152.1,73.5,715.5,348.8,1014.0,646.9,2911.0,413.3,1023.0,692.0,2577.0,198.3,544.7,580.2,2251.0,1897.0,4169.0,4068.0,4020.0,174.3,277.2,167.1,1274.0,394.0,1140.0,758.9,3711.0,779.9,1014.0,1384.0,4329.0,317.1,653.2,1293.0,3216.0,4329.0,6030.0,6892.0,6494.0,99.6,201.1,80.3,555.4,253.9,693.4,376.9,1585.0,590.4,1045.0,1048.0,2659.0,117.4,241.2,537.7,861.5,1474.0,2911.0,3015.0,2395.0,64.2,106.7,112.4,396.8,133.0,330.1,388.6,1361.0,246.1,397.3,1045.0,2236.0,209.2,380.3,732.5,1367.0,1389.0,3042.0,3517.0,3186.0,1005.0,2837.0,2059.0,1845.0,2266.0,5040.0,5116.0,4221.0,4894.0,6140.0,5116.0,5822.0,3216.0,5822.0,5536.0,6621.0,2465.0,4502.0,5360.0,5040.0
2026-07-03,23,6,official_closing,closing_displayed,https://www.boatrace.jp/owpc/pc/race/odds3t?hd=20260703&jcd=23&rno=6,official_table_v2,19.3,18.8,68.3,98.0,29.5,23.6,73.6,108.0,27.1,31.7,75.3,123.2,164.6,227.2,186.3,404.9,315.2,379.6,364.3,681.6,22.9,17.0,72.4,72.1,36.9,16.9,64.4,47.6,24.4,17.5,43.3,38.7,239.7,156.3,121.1,278.1,255.0,139.9,110.3,315.2,58.0,38.7,95.4,123.9,67.2,28.7,108.1,89.4,44.4,30.7,64.6,80.4,227.0,217.2,157.1,315.2,371.5,268.3,212.1,479.0,54.3,57.7,93.5,150.9,53.0,34.1,59.9,72.9,68.1,47.0,95.8,128.0,124.3,81.1,131.8,152.4,345.6,170.0,260.8,286.3,491.6,505.9,381.4,921.8,614.5,485.7,291.1,833.4,739.7,540.8,413.8,884.9,433.0,256.4,370.9,524.4,1725.0,1570.0,1352.0,1072.0,543.2,748.8,785.0,1530.0,674.1,571.2,436.1,1131.0,1086.0,705.4,770.1,1763.0,1031.0,515.6,803.1,1086.0,2704.0,1701.0,2483.0,1502.0
2026-07-03,23,7,official_closing,closing_displayed,https://www.boatrace.jp/owpc/pc/race/odds3t?hd=20260703&jcd=23&rno=7,official_table_v2,15.7,30.4,10.4,60.0,24.0,55.4,20.1,103.7,48.4,81.6,30.8,90.7,16.0,26.8,30.4,48.6,230.6,373.9,283.1,155.5,57.4,72.2,34.2,152.1,122.5,190.6,79.6,316.6,126.5,168.6,69.0,252.0,43.3,70.2,62.1,97.5,557.9,497.4,579.8,302.2,110.9,193.4,79.9,284.7,135.8,272.3,87.1,338.9,253.9,281.2,181.2,446.8,102.6,94.2,161.9,183.1,670.2,745.2,921.5,386.5,101.5,204.3,53.1,129.9,156.0,259.0,79.4,194.1,352.2,349.8,242.2,438.2,44.0,49.3,131.3,43.5,240.0,235.6,450.7,122.8,35.4,70.4,51.2,67.2,44.3,72.3,58.4,79.0,167.5,140.8,200.4,236.4,60.6,60.1,174.4,55.3,140.5,120.2,222.2,101.6,889.7,1358.0,942.5,653.2,1376.0,1625.0,1290.0,633.2,1464.0,1506.0,1552.0,1146.0,921.5,1042.0,1600.0,395.4,601.8,525.2,992.4,376.0
2026-07-03,23,8,official_closing,closing_displayed,https://www.boatrace.jp/owpc/pc/race/odds3t?hd=20260703&jcd=23&rno=8,official_table_v2,5.6,12.5,9.5,16.0,19.4,59.3,49.3,83.1,44.6,84.9,107.0,177.1,30.5,68.0,141.8,100.7,82.0,183.1,353.4,212.5,9.9,17.0,12.2,21.5,34.3,62.2,48.9,90.9,55.0,90.8,94.8,133.9,42.0,73.7,117.8,91.3,90.2,173.5,217.9,186.2,138.3,396.1,340.5,635.0,149.6,280.0,239.1,444.8,541.7,416.1,761.6,1053.0,531.9,422.9,1063.0,1011.0,1146.0,978.2,1893.0,1638.0,193.0,457.6,354.0,399.2,153.0,427.3,332.3,338.9,619.8,562.3,1069.0,1376.0,446.7,358.9,781.8,384.3,822.3,737.1,1794.0,885.8,96.8,259.2,304.4,167.5,123.7,247.1,341.1,206.8,621.6,521.2,1340.0,1075.0,651.1,541.7,1166.0,683.4,422.0,369.2,882.0,835.6,275.5,1214.0,1357.0,845.9,331.3,885.8,992.3,605.2,1965.0,1495.0,2752.0,2219.0,1859.0,1433.0,2715.0,2172.0,982.8,681.1,2064.0,2003.0
2026-07-03,23,9,official_closing,closing_displayed,https://www.boatrace.jp/owpc/pc/race/odds3t?hd=20260703&jcd=23&rno=9,official_table_v2,27.2,17.9,289.8,34.7,55.2,68.9,668.2,109.7,28.2,58.7,420.4,43.6,843.1,1159.0,1195.0,1471.0,84.6,163.8,90.8,831.7,24.3,14.0,384.5,25.8,46.0,18.2,422.1,27.2,14.5,13.0,212.2,9.0,1041.0,757.6,792.9,956.4,53.2,40.7,26.6,425.6,163.5,187.0,1125.0,266.3,127.1,51.7,927.5,77.1,162.3,68.1,1168.0,109.0,2027.0,2508.0,2217.0,2336.0,316.5,152.9,169.3,1855.0,52.5,116.2,578.5,69.7,36.6,33.7,311.0,20.8,160.4,73.2,1037.0,100.2,1146.0,1023.0,1628.0,850.2,64.1,32.1,76.4,358.8,2202.0,2082.0,1545.0,2860.0,2508.0,3400.0,2550.0,2732.0,2616.0,4081.0,3975.0,4708.0,3326.0,2391.0,3155.0,2391.0,4081.0,4936.0,5017.0,2834.0,188.1,371.4,223.4,1313.0,169.8,161.3,85.4,1003.0,482.0,246.2,273.7,1832.0,170.8,85.7,182.4,889.7,2202.0,2250.0,3155.0,1769.0
2026-07-03,23,11,official_closing,closing_displayed,https://www.boatrace.jp/owpc/pc/race/odds3t?hd=20260703&jcd=23&rno=11,official_table_v2,40.8,24.4,16.0,35.6,47.8,32.6,21.2,54.1,24.9,33.0,9.6,19.2,14.7,22.0,8.1,9.5,78.5,109.3,40.4,28.2,288.2,205.2,143.2,273.1,529.4,851.1,806.0,1462.0,430.2,756.6,419.2,685.6,306.6,858.6,428.3,469.0,720.7,1380.0,1122.0,768.3,372.6,310.5,162.8,472.4,649.5,927.1,949.4,1673.0,421.0,927.1,726.0,987.3,257.1,949.4,731.4,607.6,1050.0,1828.0,1496.0,940.3,233.7,232.3,67.7,107.2,453.9,918.5,478.1,607.6,550.0,1012.0,569.1,944.8,66.6,301.9,289.9,71.4,189.8,511.6,676.2,130.1,66.7,79.2,29.8,28.0,207.6,690.4,377.5,317.4,287.4,759.5,528.0,471.3,62.5,277.7,298.7,66.6,58.3,211.2,292.9,75.4,422.8,447.7,301.4,182.3,893.5,1811.0,1473.0,914.2,774.4,1955.0,1702.0,1182.0,387.2,1182.0,1420.0,270.8,190.9,603.9,802.7,226.9
2026-07-03,23,12,official_closing,closing_displayed,https://www.boatrace.jp/owpc/pc/race/odds3t?hd=20260703&jcd=23&rno=12,official_table_v2,7.3,9.8,6.6,16.9,13.0,26.4,15.2,43.8,27.3,37.0,33.8,49.3,18.5,25.0,49.4,35.0,76.5,123.6,139.0,84.6,35.9,41.3,27.3,63.2,130.3,328.6,173.0,396.0,174.6,389.2,264.4,375.3,95.7,200.7,297.2,247.3,331.4,897.5,808.2,467.2,98.7,136.6,80.0,211.0,167.5,331.7,184.2,498.9,282.6,406.7,362.0,536.9,169.6,283.6,417.4,390.6,833.7,1103.0,1232.0,798.0,188.8,332.8,177.2,255.3,324.9,676.9,420.1,536.0,579.2,926.4,790.0,993.1,268.4,378.0,711.9,314.9,620.0,856.2,1309.0,651.9,91.1,133.7,171.8,140.8,150.2,344.0,421.3,346.2,288.8,493.5,774.6,575.0,312.1,438.2,887.4,380.3,303.4,473.5,761.6,669.8,403.6,980.8,913.0,508.5,658.6,1712.0,1608.0,1147.0,1641.0,1992.0,1721.0,1769.0,1545.0,1712.0,2140.0,1560.0,581.3,842.6,1331.0,1139.0
