date,jcd,rno,source_type,snapshot_type,source_url,1-2-3,1-2-4,1-2-5,1-2-6,1-3-2,1-3-4,1-3-5,1-3-6,1-4-2,1-4-3,1-4-5,1-4-6,1-5-2,1-5-3,1-5-4,1-5-6,1-6-2,1-6-3,1-6-4,1-6-5,2-1-3,2-1-4,2-1-5,2-1-6,2-3-1,2-3-4,2-3-5,2-3-6,2-4-1,2-4-3,2-4-5,2-4-6,2-5-1,2-5-3,2-5-4,2-5-6,2-6-1,2-6-3,2-6-4,2-6-5,3-1-2,3-1-4,3-1-5,3-1-6,3-2-1,3-2-4,3-2-5,3-2-6,3-4-1,3-4-2,3-4-5,3-4-6,3-5-1,3-5-2,3-5-4,3-5-6,3-6-1,3-6-2,3-6-4,3-6-5,4-1-2,4-1-3,4-1-5,4-1-6,4-2-1,4-2-3,4-2-5,4-2-6,4-3-1,4-3-2,4-3-5,4-3-6,4-5-1,4-5-2,4-5-3,4-5-6,4-6-1,4-6-2,4-6-3,4-6-5,5-1-2,5-1-3,5-1-4,5-1-6,5-2-1,5-2-3,5-2-4,5-2-6,5-3-1,5-3-2,5-3-4,5-3-6,5-4-1,5-4-2,5-4-3,5-4-6,5-6-1,5-6-2,5-6-3,5-6-4,6-1-2,6-1-3,6-1-4,6-1-5,6-2-1,6-2-3,6-2-4,6-2-5,6-3-1,6-3-2,6-3-4,6-3-5,6-4-1,6-4-2,6-4-3,6-4-5,6-5-1,6-5-2,6-5-3,6-5-4
2026-07-14,01,1,official_closing,closing_displayed,https://www.boatrace.jp/owpc/pc/race/odds3t?hd=20260714&jcd=01&rno=1,20.8,23.3,188.4,36.2,455.6,178.5,9.5,8.9,263.5,116.7,1206.0,536.7,70.0,74.3,490.4,212.2,657.1,266.2,24.3,17.9,439.9,58.4,697.3,883.7,51.9,47.1,158.6,29.5,436.2,157.7,68.2,39.3,125.3,67.6,883.7,320.3,230.3,219.0,548.2,138.3,606.5,116.4,140.6,71.9,215.8,26.3,585.7,636.7,15.5,13.2,239.5,255.0,1385.0,702.1,59.5,27.1,153.0,164.8,732.2,517.7,159.9,88.7,931.9,688.0,794.6,640.7,34.9,15.6,271.9,220.9,1464.0,1250.0,231.9,240.0,1250.0,340.5,868.7,223.3,603.0,423.6,899.2,298.8,765.0,118.7,395.8,254.3,1507.0,539.5,1708.0,397.3,497.6,283.1,1366.0,272.6,931.9,517.7,74.1,59.7,688.0,55.4,1102.0,1423.0,217.6,107.7,461.7,36.0,958.0,985.7,95.8,40.7,554.1,148.7,1423.0,1680.0,470.2,258.8,1601.0,236.2,1331.0,1046.0
2026-07-14,01,2,official_closing,closing_displayed,https://www.boatrace.jp/owpc/pc/race/odds3t?hd=20260714&jcd=01&rno=2,31.4,41.5,36.7,419.8,53.9,1255.0,109.0,172.4,53.7,352.6,33.4,2122.0,42.3,52.4,14.5,376.5,143.5,2047.0,204.7,245.7,110.7,794.0,103.8,1496.0,21.2,47.8,42.4,452.4,75.0,1795.0,49.1,106.0,55.5,339.3,42.3,1535.0,15.3,32.3,19.5,391.7,188.8,1945.0,121.0,199.5,104.5,601.7,147.0,1373.0,198.1,302.4,78.1,267.7,28.7,1978.0,123.6,206.6,75.8,254.8,30.7,1667.0,195.8,191.3,37.3,135.2,65.4,1852.0,443.8,401.1,123.0,387.8,60.2,748.2,43.8,66.3,13.3,306.3,243.1,2047.0,26.2,43.9,16.3,324.2,201.9,1496.0,127.9,170.1,27.7,168.1,120.2,2244.0,155.2,199.1,30.5,352.6,208.8,1535.0,518.8,716.1,398.3,1144.0,190.4,964.7,466.9,738.7,429.1,1061.0,187.3,1228.0,670.8,762.9,370.5,1155.0,137.0,799.5,537.9,648.5,179.5,762.9,340.3,1357.0
2026-07-14,01,3,official_closing,closing_displayed,https://www.boatrace.jp/owpc/pc/race/odds3t?hd=20260714&jcd=01&rno=3,15.3,46.1,31.9,103.6,182.3,1090.0,22.4,60.6,22.4,77.8,96.5,1500.0,43.6,133.2,33.5,134.9,172.8,1159.0,137.3,247.4,100.2,228.4,226.8,1500.0,13.3,64.9,52.9,124.0,248.1,1374.0,11.6,51.4,37.4,90.8,173.8,1062.0,19.5,91.8,62.8,158.3,292.0,1473.0,73.9,185.0,146.9,216.3,393.1,1703.0,30.6,98.4,27.6,72.8,89.5,1329.0,22.9,73.1,33.3,73.3,125.4,1168.0,48.4,147.6,34.0,84.8,119.0,918.8,114.4,215.2,65.3,133.0,216.6,1329.0,86.6,206.2,52.9,137.2,219.2,1062.0,50.6,161.3,67.6,150.0,271.6,1386.0,85.4,200.9,51.6,122.0,186.9,1120.0,162.2,334.4,96.1,161.3,274.8,1298.0,399.8,588.3,375.9,354.0,399.8,1298.0,308.0,488.2,327.7,318.2,467.3,1924.0,364.2,577.9,210.5,287.9,368.3,1239.0,387.5,624.2,273.9,324.5,494.1,1329.0
2026-07-14,01,4,official_closing,closing_displayed,https://www.boatrace.jp/owpc/pc/race/odds3t?hd=20260714&jcd=01&rno=4,37.2,64.8,99.7,15.7,308.6,488.1,18.0,29.3,63.8,45.3,510.4,1112.0,82.7,126.6,186.7,34.5,210.4,465.1,131.5,179.7,258.7,56.1,463.8,987.8,56.7,105.7,126.7,18.3,375.6,663.7,43.0,59.7,48.4,33.4,436.1,1043.0,153.7,211.4,166.4,29.2,184.3,365.0,223.6,322.9,226.3,43.0,456.3,898.0,15.5,27.7,61.6,61.2,606.2,1512.0,36.7,48.0,37.0,41.7,451.4,1365.0,49.9,57.0,55.2,55.1,283.6,803.4,77.6,74.7,74.9,76.5,666.3,1399.0,192.3,224.2,269.5,32.8,155.7,403.6,272.1,262.8,200.6,26.1,108.9,279.8,150.6,137.5,117.0,59.9,203.0,655.9,299.3,310.9,292.0,23.7,117.5,285.5,486.7,457.5,556.0,84.8,505.8,1127.0,575.1,619.6,470.3,60.2,445.4,1049.0,350.5,239.2,257.9,137.9,693.9,1423.0,691.0,492.4,589.2,46.9,206.5,334.5
2026-07-14,01,5,official_closing,closing_displayed,https://www.boatrace.jp/owpc/pc/race/odds3t?hd=20260714&jcd=01&rno=5,8.9,25.2,59.2,474.7,157.6,57.7,59.6,116.9,244.7,887.8,227.8,80.9,20.4,57.1,102.5,695.9,538.5,397.6,9.5,24.6,48.1,606.0,136.5,172.8,11.2,47.5,78.5,523.0,216.6,74.3,69.1,202.2,226.8,746.5,299.1,81.5,25.3,118.2,145.3,1059.0,859.9,392.9,13.6,39.3,60.2,543.8,204.0,182.2,141.7,318.9,554.8,1124.0,420.0,113.2,170.5,415.8,470.6,912.4,384.6,105.8,247.3,396.7,746.5,1303.0,1198.0,514.8,166.0,304.1,414.7,983.5,292.7,274.2,47.4,140.1,210.5,983.5,1156.0,1026.0,57.3,193.4,217.2,1032.0,1244.0,726.7,229.3,420.0,622.1,1346.0,1728.0,1173.0,40.7,157.7,165.2,760.3,1059.0,1234.0,18.5,53.0,77.4,869.0,113.9,187.9,22.1,54.0,73.1,578.3,132.4,178.3,168.6,251.1,307.5,927.9,163.7,219.8,37.6,140.9,139.4,842.2,496.2,711.0
2026-07-14,01,6,official_closing,closing_displayed,https://www.boatrace.jp/owpc/pc/race/odds3t?hd=20260714&jcd=01&rno=6,11.6,190.0,183.4,32.3,71.1,1464.0,13.2,155.8,113.6,39.1,78.1,1998.0,18.0,205.4,117.2,17.6,41.8,1909.0,215.8,824.8,1117.0,168.7,411.4,2072.0,11.9,375.9,416.4,96.9,227.7,2498.0,11.3,505.6,532.6,229.3,570.1,2178.0,15.2,585.9,575.9,144.9,411.4,2879.0,232.4,1751.0,1733.0,519.6,1530.0,3539.0,13.7,233.7,212.6,104.2,243.7,3034.0,12.5,435.6,462.9,306.1,636.3,3267.0,10.7,392.4,283.1,139.8,424.7,2654.0,140.0,1096.0,1287.0,801.4,1544.0,3775.0,20.5,399.7,312.3,20.9,53.4,2123.0,22.9,748.5,638.7,60.5,152.2,2327.0,18.4,629.3,485.4,72.2,208.2,2697.0,252.4,1490.0,1769.0,152.2,331.8,2831.0,738.7,1769.0,2047.0,470.6,1558.0,2498.0,690.7,2097.0,2697.0,726.1,2327.0,2831.0,519.6,2359.0,2393.0,1023.0,2047.0,3467.0,723.0,3089.0,2498.0,676.9,1544.0,3267.0
2026-07-14,01,7,official_closing,closing_displayed,https://www.boatrace.jp/owpc/pc/race/odds3t?hd=20260714&jcd=01&rno=7,12.2,91.4,17.5,171.7,193.0,775.2,31.3,219.5,19.9,113.6,103.9,485.0,27.2,164.7,14.3,97.9,175.8,1165.0,109.3,603.5,41.0,218.2,278.2,857.8,6.7,154.1,69.1,313.0,364.0,1639.0,8.8,425.9,160.9,357.0,378.9,1482.0,7.6,327.9,113.8,434.9,827.2,2438.0,33.4,1046.0,323.3,626.0,1165.0,2647.0,42.6,351.6,60.6,165.7,150.5,551.4,26.6,408.1,132.3,338.1,322.2,1393.0,48.1,599.6,81.4,182.5,320.0,1286.0,129.6,1203.0,163.9,350.2,454.1,834.6,43.2,396.7,50.9,105.5,209.6,1494.0,26.7,491.5,123.5,256.6,471.4,1699.0,60.4,903.8,118.4,158.6,273.7,1382.0,127.6,1172.0,160.4,172.5,305.2,1342.0,268.5,1518.0,176.8,441.1,686.2,1211.0,142.2,1852.0,643.3,756.3,1414.0,2081.0,291.8,1910.0,335.6,681.2,657.0,1040.0,233.0,2287.0,256.2,355.6,566.6,1403.0
2026-07-14,01,8,official_closing,closing_displayed,https://www.boatrace.jp/owpc/pc/race/odds3t?hd=20260714&jcd=01&rno=8,29.4,152.3,345.9,155.7,14.3,1385.0,33.0,166.1,352.6,243.5,14.4,2771.0,11.4,77.8,119.0,56.1,18.7,2964.0,326.8,1138.0,1482.0,597.1,108.7,1327.0,32.9,466.9,567.8,282.0,51.9,3109.0,39.8,758.8,789.3,611.4,96.0,3035.0,12.0,444.2,503.8,260.4,106.6,5794.0,426.3,2317.0,3187.0,1722.0,506.9,3695.0,36.9,364.2,679.9,562.8,55.9,3642.0,49.8,852.7,1062.0,879.2,127.8,3805.0,16.5,368.4,594.3,361.1,129.1,4721.0,363.7,2712.0,2628.0,1961.0,637.4,4112.0,7.0,110.4,139.1,46.6,36.0,3445.0,6.9,232.0,336.8,101.0,81.7,4179.0,10.4,237.1,389.2,167.7,116.3,5311.0,105.1,1049.0,1603.0,320.3,268.6,2771.0,658.8,2575.0,2897.0,1378.0,362.1,1613.0,700.4,3983.0,4553.0,2428.0,718.2,2833.0,640.6,3983.0,3805.0,3541.0,910.6,3591.0,429.9,2999.0,3268.0,1197.0,597.1,2499.0
2026-07-14,01,9,official_closing,closing_displayed,https://www.boatrace.jp/owpc/pc/race/odds3t?hd=20260714&jcd=01&rno=9,44.0,57.4,137.6,69.6,198.2,233.6,21.5,25.0,156.0,220.0,399.1,657.4,42.1,42.0,216.4,99.4,214.1,327.2,28.3,41.4,234.5,118.8,217.0,488.2,70.1,95.4,149.3,61.0,204.2,225.3,74.2,42.5,66.5,108.8,269.9,326.9,129.7,62.5,109.0,28.5,93.9,126.4,109.7,76.8,96.8,33.7,105.8,171.5,32.8,30.2,202.8,264.5,558.3,973.4,90.8,38.0,90.6,173.7,398.0,440.1,62.3,17.1,114.1,185.6,382.5,497.0,51.1,18.9,103.7,185.3,489.8,699.8,85.3,83.7,435.7,86.5,187.9,374.9,183.7,100.4,240.4,40.0,89.8,150.4,113.2,44.9,231.6,160.7,263.8,449.9,119.3,55.9,240.4,39.1,91.6,193.3,64.4,97.2,418.3,151.1,284.6,491.4,196.3,130.9,200.7,64.2,135.4,220.5,90.6,48.3,240.6,208.4,408.7,651.7,156.1,76.8,337.4,73.3,134.6,219.6
2026-07-14,01,10,official_closing,closing_displayed,https://www.boatrace.jp/owpc/pc/race/odds3t?hd=20260714&jcd=01&rno=10,7.6,31.5,57.9,72.1,104.5,490.2,12.0,44.6,59.7,92.0,119.6,924.5,19.6,48.4,72.0,72.0,112.8,855.8,35.2,91.7,105.5,103.0,153.8,1158.0,11.8,79.3,97.3,140.3,200.4,749.7,16.1,137.5,138.0,236.3,312.5,1312.0,23.4,127.3,149.6,194.2,363.4,1544.0,38.7,244.4,245.2,255.2,394.3,1888.0,21.0,135.5,85.9,134.9,291.3,1189.0,27.2,197.9,125.0,212.0,377.2,1579.0,31.1,176.5,87.4,161.2,326.5,1151.0,53.6,282.7,118.5,188.8,468.9,1538.0,33.6,155.6,127.1,85.3,197.9,1098.0,39.4,213.1,193.3,144.1,313.3,1399.0,42.4,241.7,131.3,166.5,313.3,1122.0,74.0,306.0,221.3,92.0,199.7,715.1,124.4,407.3,293.4,184.5,399.1,1283.0,138.2,615.3,477.1,309.7,567.3,2137.0,165.0,590.8,283.2,339.8,656.0,1462.0,193.4,687.6,421.3,188.8,420.8,746.6
2026-07-14,01,11,official_closing,closing_displayed,https://www.boatrace.jp/owpc/pc/race/odds3t?hd=20260714&jcd=01&rno=11,11.6,126.0,66.3,151.2,159.2,755.7,16.1,170.7,44.0,101.4,93.8,599.4,23.9,218.6,42.2,84.5,97.0,572.4,50.4,377.6,93.5,133.5,140.3,832.2,10.8,247.3,189.6,379.9,393.2,1487.0,7.5,600.0,365.0,654.8,777.8,1616.0,9.2,748.6,363.6,644.3,924.3,1753.0,24.4,1033.0,651.8,840.9,960.9,2637.0,20.9,425.6,103.8,183.8,207.8,762.9,13.3,741.7,268.3,580.1,601.9,1640.0,16.7,952.7,144.9,299.8,426.9,1635.0,29.3,1037.0,248.6,427.8,495.3,1839.0,32.4,548.2,111.9,122.0,175.9,1090.0,18.5,981.1,324.0,411.2,655.6,1694.0,25.8,1315.0,186.4,288.1,392.1,2184.0,39.8,1579.0,279.3,212.7,349.9,1649.0,135.9,1291.0,379.9,317.2,394.6,1167.0,87.9,1640.0,842.2,864.3,998.6,2410.0,86.8,1562.0,641.3,722.5,838.4,1935.0,116.5,2442.0,732.0,533.1,681.1,1635.0
2026-07-14,01,12,official_closing,closing_displayed,https://www.boatrace.jp/owpc/pc/race/odds3t?hd=20260714&jcd=01&rno=12,6.9,51.1,92.8,131.1,131.8,119.5,14.0,75.3,124.8,198.2,169.2,184.4,9.0,60.3,90.1,152.2,212.9,208.9,17.7,88.5,147.4,165.8,108.4,163.6,11.3,177.6,203.8,263.4,222.9,224.2,19.6,421.0,526.2,495.2,503.1,441.8,14.1,327.0,399.4,405.3,533.1,551.9,24.8,502.4,607.5,436.4,316.6,389.9,26.4,291.7,332.3,499.1,302.8,556.0,33.2,492.0,621.8,743.3,581.3,729.1,39.5,539.0,591.8,735.4,829.3,970.8,47.2,633.8,782.1,830.3,614.0,866.9,19.7,194.3,221.1,215.2,331.8,372.8,25.5,380.2,382.8,359.6,488.1,508.3,48.0,592.8,572.6,583.3,760.5,772.5,33.0,388.4,492.7,211.1,246.5,515.9,40.7,290.0,419.9,260.0,176.2,278.6,55.9,539.8,799.4,329.0,284.2,415.6,80.3,759.7,973.5,529.0,446.6,785.7,58.6,477.0,799.4,307.9,285.1,417.4
2026-07-14,03,1,official_closing,closing_displayed,https://www.boatrace.jp/owpc/pc/race/odds3t?hd=20260714&jcd=03&rno=1,14.3,42.4,50.6,41.6,253.2,1498.0,14.8,30.2,26.5,28.8,220.0,2310.0,37.5,79.8,50.8,46.4,162.7,2053.0,263.2,243.9,333.3,246.0,739.3,2727.0,21.1,69.1,69.6,61.8,323.0,1980.0,12.8,55.0,53.0,64.2,330.7,1890.0,22.9,130.3,114.3,82.3,283.8,1869.0,188.6,435.4,407.7,397.9,945.1,1788.0,17.8,54.7,32.6,46.4,241.4,2482.0,15.0,59.8,52.5,67.8,336.7,1890.0,22.2,88.8,38.2,50.3,148.0,1751.0,184.2,334.7,226.6,289.8,929.3,2559.0,67.9,186.9,101.1,56.2,149.1,2248.0,58.9,213.2,157.6,75.6,196.8,1848.0,40.6,174.3,78.1,54.5,138.1,2028.0,322.3,644.7,508.7,264.0,562.0,2053.0,538.3,861.9,770.1,742.6,1320.0,2970.0,607.1,894.3,723.2,657.5,1101.0,1912.0,583.6,934.5,668.0,732.8,1205.0,2248.0,670.7,914.0,723.2,652.3,1330.0,1957.0
2026-07-14,03,2,official_closing,closing_displayed,https://www.boatrace.jp/owpc/pc/race/odds3t?hd=20260714&jcd=03&rno=2,16.2,81.2,88.1,133.2,330.7,134.6,13.3,67.0,47.1,112.0,304.9,127.6,47.5,162.3,73.9,126.1,228.9,120.8,19.9,71.8,41.3,70.7,139.1,95.2,20.0,255.7,212.5,295.0,596.8,282.9,11.2,504.1,420.4,739.1,1282.0,699.2,29.2,749.7,478.5,741.7,1193.0,549.4,12.2,468.8,348.4,494.5,944.0,899.0,19.2,206.4,96.7,167.3,507.8,244.3,20.0,528.4,295.4,523.1,1081.0,906.9,32.9,731.3,200.6,358.7,923.0,449.5,15.8,397.1,125.5,221.6,486.3,637.0,73.1,423.8,156.5,212.7,422.9,208.1,58.6,1038.0,464.6,600.2,1207.0,549.4,53.0,1076.0,309.0,533.9,952.7,512.8,40.0,669.9,98.5,106.4,376.2,144.6,29.1,220.0,108.0,129.2,107.6,121.5,28.5,637.0,359.3,399.4,774.9,966.0,24.7,492.1,192.6,291.2,507.8,786.7,46.7,708.8,107.5,113.7,400.1,550.9
2026-07-14,03,3,official_closing,closing_displayed,https://www.boatrace.jp/owpc/pc/race/odds3t?hd=20260714&jcd=03&rno=3,55.5,47.6,455.0,83.9,97.7,521.2,15.5,7.2,1204.0,591.5,805.0,2519.0,16.4,6.1,1295.0,137.9,228.2,1097.0,49.3,17.8,2345.0,243.3,369.7,1162.0,159.1,116.7,455.0,63.6,71.1,583.9,364.7,127.5,701.3,328.6,385.4,2386.0,373.7,138.2,618.4,48.1,76.7,604.6,557.6,227.8,1172.0,106.3,154.7,834.6,37.9,12.4,1546.0,1097.0,1619.0,3092.0,264.6,74.4,814.7,708.6,719.8,2194.0,66.8,12.1,1360.0,1124.0,1790.0,2834.0,130.9,34.7,2386.0,1619.0,2030.0,3164.0,52.7,13.6,1889.0,114.7,153.5,1225.0,327.0,92.1,895.1,60.2,84.4,635.7,106.0,16.2,1766.0,644.8,795.6,3318.0,220.5,40.7,2776.0,151.3,235.7,1271.0,193.8,91.8,3401.0,411.0,542.0,1115.0,727.5,327.0,2125.0,236.2,344.4,791.0,427.8,106.0,3164.0,1528.0,1619.0,2567.0,537.7,116.9,3023.0,361.8,569.2,1248.0
2026-07-14,03,4,official_closing,closing_displayed,https://www.boatrace.jp/owpc/pc/race/odds3t?hd=20260714&jcd=03&rno=4,26.9,38.6,162.6,1005.0,14.9,259.2,138.6,208.8,821.8,1643.0,55.2,751.1,12.1,17.3,199.0,931.4,223.1,1281.0,26.6,31.3,349.2,1486.0,23.3,191.6,54.7,69.5,152.1,1356.0,14.0,246.4,364.7,389.1,698.5,1502.0,30.8,504.3,66.6,42.4,101.5,1108.0,165.5,1204.0,136.8,75.4,145.8,1535.0,15.8,154.0,423.3,447.8,1145.0,1913.0,115.2,997.9,665.3,599.6,1042.0,2368.0,76.9,716.4,389.1,391.3,1194.0,2290.0,464.1,1838.0,574.9,604.8,1768.0,2686.0,101.0,655.9,12.8,16.1,186.5,1042.0,436.6,1913.0,42.5,28.0,119.0,901.3,376.5,1967.0,210.0,153.1,735.3,1643.0,646.8,2910.0,28.3,21.1,180.9,931.4,407.3,1995.0,84.9,92.9,599.6,2085.0,28.7,143.4,248.6,136.0,307.7,1967.0,22.6,113.3,867.7,643.8,1913.0,3326.0,72.5,391.3,84.1,69.4,330.2,2085.0,269.2,913.1
2026-07-14,03,5,official_closing,closing_displayed,https://www.boatrace.jp/owpc/pc/race/odds3t?hd=20260714&jcd=03&rno=5,7.1,22.1,8.6,289.8,621.2,585.9,39.4,104.0,17.1,195.0,526.2,480.9,77.6,293.6,50.3,627.0,1265.0,1698.0,52.3,126.0,23.2,400.5,1127.0,1944.0,5.4,36.6,16.7,430.1,803.5,1016.0,12.8,78.3,32.5,289.2,684.6,710.0,36.8,209.6,110.0,1024.0,2199.0,2096.0,19.3,108.3,42.4,681.1,1917.0,2580.0,92.7,233.7,30.9,170.2,585.9,566.2,61.5,178.6,35.3,203.9,607.2,547.7,250.8,710.0,120.6,482.7,1290.0,803.5,170.7,430.1,56.2,294.9,1507.0,1616.0,268.9,713.7,177.0,1369.0,2396.0,2236.0,202.7,543.2,202.4,1265.0,1917.0,1474.0,469.2,1278.0,238.3,1118.0,1578.0,1341.0,526.2,1383.0,263.1,1146.0,2199.0,2485.0,173.1,528.3,76.0,762.4,1789.0,2354.0,129.7,373.7,83.4,733.2,2064.0,2199.0,400.5,808.3,104.1,695.2,2313.0,2439.0,684.6,1578.0,294.2,1369.0,2485.0,2199.0
2026-07-14,03,6,official_closing,closing_displayed,https://www.boatrace.jp/owpc/pc/race/odds3t?hd=20260714&jcd=03&rno=6,16.4,37.0,27.0,48.3,545.8,898.5,18.9,35.8,14.7,32.5,515.3,1057.0,66.4,198.3,74.6,96.5,507.6,948.9,72.0,191.2,95.0,96.8,799.4,1390.0,13.5,64.8,63.2,80.5,898.5,1538.0,8.4,63.4,50.0,91.6,781.0,1750.0,48.2,284.4,168.3,216.9,1015.0,1493.0,53.1,335.0,180.6,211.0,1318.0,2207.0,16.2,59.1,16.9,36.8,715.0,1410.0,11.7,70.2,26.9,60.7,604.3,1390.0,56.8,353.7,52.3,85.1,443.3,1068.0,51.3,344.1,56.5,94.8,1025.0,1915.0,166.1,451.2,214.6,173.2,619.1,1080.0,152.2,564.0,258.3,259.6,825.4,1562.0,158.8,676.8,172.6,153.6,411.0,1128.0,267.8,1005.0,323.3,199.0,622.9,1208.0,207.6,634.5,348.9,224.1,1335.0,1471.0,201.0,906.5,374.6,343.0,1664.0,1990.0,229.7,898.5,280.4,246.4,1450.0,1813.0,447.2,1692.0,447.2,305.8,898.5,1140.0
2026-07-14,03,7,official_closing,closing_displayed,https://www.boatrace.jp/owpc/pc/race/odds3t?hd=20260714&jcd=03&rno=7,18.2,18.5,54.1,255.1,35.9,716.2,46.6,47.1,152.2,542.8,65.6,1143.0,12.5,11.4,47.7,281.7,179.5,1628.0,63.1,79.1,241.1,501.6,135.4,921.6,34.9,38.4,53.2,275.2,33.8,958.8,100.7,86.1,106.1,412.8,42.9,1225.0,33.7,21.4,28.6,208.9,129.6,1606.0,140.3,99.8,131.6,469.9,76.7,606.6,104.1,93.2,223.9,653.2,116.2,1132.0,185.4,128.9,150.4,523.7,71.6,1200.0,141.7,84.2,177.9,310.4,338.7,1564.0,345.6,237.7,460.8,843.2,213.0,1100.0,19.1,14.9,66.9,206.0,256.7,1748.0,32.6,19.1,39.8,170.5,189.3,1585.0,90.6,67.3,147.8,281.0,435.5,1857.0,69.0,55.6,144.2,217.3,238.2,921.6,261.8,270.8,491.2,747.7,249.2,849.2,381.0,230.4,275.2,787.3,160.2,582.8,516.9,508.0,861.5,1090.0,283.7,1238.0,306.4,175.3,389.8,508.0,361.3,777.0
2026-07-14,03,8,official_closing,closing_displayed,https://www.boatrace.jp/owpc/pc/race/odds3t?hd=20260714&jcd=03&rno=8,5.3,45.0,40.6,163.5,654.9,478.2,10.3,92.9,38.1,130.8,356.3,550.7,29.3,179.4,57.6,265.7,702.3,1118.0,25.5,123.2,74.4,279.5,855.2,1384.0,5.0,154.5,126.3,455.7,1411.0,881.1,7.1,492.8,317.4,875.8,1580.0,2307.0,16.8,734.2,528.6,1264.0,3160.0,3230.0,17.1,698.9,526.7,1127.0,3929.0,4690.0,16.0,346.9,157.6,294.9,559.1,891.9,16.2,845.2,351.1,816.8,1563.0,2047.0,44.1,1563.0,593.4,944.0,2596.0,2202.0,30.5,1439.0,524.8,969.2,2743.0,2907.0,106.6,1023.0,343.7,634.8,1253.0,2077.0,66.6,1530.0,1182.0,1514.0,3826.0,3381.0,133.1,2271.0,1002.0,1211.0,2307.0,3160.0,119.7,2692.0,1530.0,1045.0,2170.0,3093.0,72.9,586.2,414.2,689.0,1597.0,2345.0,61.6,1690.0,969.2,1153.0,5815.0,4846.0,130.2,2423.0,1298.0,1275.0,4543.0,4276.0,206.2,3028.0,1690.0,1298.0,3028.0,2550.0
2026-07-14,03,9,official_closing,closing_displayed,https://www.boatrace.jp/owpc/pc/race/odds3t?hd=20260714&jcd=03&rno=9,5.8,45.9,110.0,370.9,56.6,2256.0,10.4,83.5,218.7,757.3,78.9,5415.0,4.8,37.3,75.0,341.6,117.0,5854.0,188.3,450.3,811.2,1547.0,411.8,5700.0,10.8,237.5,252.1,672.6,133.5,4608.0,26.0,553.9,483.5,1569.0,329.1,3868.0,10.9,327.2,293.1,1252.0,527.0,8022.0,229.7,2406.0,1867.0,3384.0,1425.0,6769.0,19.2,456.0,717.2,1388.0,200.3,6987.0,34.6,1093.0,1012.0,1692.0,413.3,6987.0,31.3,768.1,869.9,1705.0,887.7,6769.0,352.7,2741.0,2641.0,3050.0,1640.0,7736.0,8.2,137.0,157.1,530.9,453.1,8022.0,11.5,340.0,324.7,1077.0,846.1,7220.0,17.2,472.9,640.8,1547.0,1337.0,9417.0,156.9,1934.0,1705.0,2123.0,1746.0,6370.0,650.4,2813.0,3332.0,3232.0,1425.0,5854.0,846.1,4708.0,4608.0,3493.0,2777.0,6987.0,862.9,4332.0,4247.0,5157.0,2741.0,6987.0,793.4,4165.0,3139.0,4011.0,2741.0,5037.0
2026-07-14,03,10,official_closing,closing_displayed,https://www.boatrace.jp/owpc/pc/race/odds3t?hd=20260714&jcd=03&rno=10,5.7,36.9,181.7,41.7,203.7,431.2,3.9,25.6,247.1,94.9,370.7,1000.0,23.7,95.7,525.9,93.1,269.1,592.4,18.3,67.5,488.5,78.7,369.4,1689.0,16.0,174.7,311.4,82.1,368.1,731.0,24.4,312.3,415.6,324.1,602.7,1610.0,75.7,563.2,844.8,377.5,710.8,1212.0,64.6,523.2,920.3,276.3,715.8,2290.0,7.9,81.4,420.7,247.1,881.0,2342.0,19.3,215.1,412.3,502.8,904.1,3435.0,33.5,458.1,1288.0,746.9,1272.0,2863.0,23.0,269.8,904.1,769.2,1374.0,3964.0,60.3,413.9,838.0,157.3,454.0,752.3,119.3,763.5,1096.0,322.1,696.4,1272.0,90.5,873.5,1561.0,500.3,851.8,1747.0,119.5,1321.0,2193.0,344.7,644.2,2021.0,59.8,314.2,1096.0,182.1,673.7,1717.0,125.0,912.1,1610.0,387.5,954.4,2576.0,74.6,554.1,1585.0,888.6,1227.0,2290.0,178.9,1662.0,2576.0,579.0,1030.0,1747.0
2026-07-14,03,11,official_closing,closing_displayed,https://www.boatrace.jp/owpc/pc/race/odds3t?hd=20260714&jcd=03&rno=11,9.8,41.9,290.2,100.1,388.8,111.0,5.0,23.5,572.7,368.4,804.4,444.6,11.9,40.3,557.5,234.1,582.2,346.6,5.0,19.8,916.3,148.0,511.5,418.1,30.8,206.2,458.1,200.3,563.5,185.8,63.7,546.0,758.1,693.2,769.1,726.7,73.0,551.7,780.5,546.0,1786.0,662.7,67.8,592.0,1158.0,319.3,1317.0,916.3,11.6,120.0,863.7,829.7,1239.0,1549.0,64.9,460.1,798.3,843.0,1064.0,1727.0,40.9,386.0,1300.0,843.0,2150.0,1727.0,20.1,199.2,1463.0,1184.0,2570.0,2341.0,37.5,244.4,932.5,481.1,829.7,623.5,107.5,829.7,1003.0,786.4,1463.0,856.7,85.8,697.8,1727.0,1549.0,1915.0,2066.0,56.5,464.2,1848.0,582.2,924.3,1443.0,18.6,89.6,1386.0,306.3,829.7,1145.0,85.3,490.1,1405.0,390.2,1184.0,1505.0,47.6,245.0,1881.0,1145.0,2450.0,4215.0,53.0,328.2,2150.0,726.7,1317.0,1572.0
2026-07-14,03,12,official_closing,closing_displayed,https://www.boatrace.jp/owpc/pc/race/odds3t?hd=20260714&jcd=03&rno=12,7.9,106.4,96.8,134.3,147.9,1174.0,26.0,130.3,71.2,98.4,94.0,1444.0,10.0,127.1,61.6,66.7,98.3,1498.0,62.4,290.6,161.6,184.0,166.7,1375.0,14.7,259.4,251.3,255.1,350.4,2231.0,12.1,556.2,425.4,562.4,514.8,2828.0,9.5,564.0,433.7,456.3,790.5,2677.0,49.4,1147.0,724.9,516.2,826.3,2868.0,30.5,329.1,151.5,217.5,192.9,2028.0,20.5,590.6,296.6,470.2,514.8,3238.0,9.9,769.3,217.7,281.2,444.2,1746.0,60.8,929.6,342.6,441.3,664.9,3238.0,11.5,422.7,143.1,110.0,156.6,2419.0,20.8,680.7,391.4,348.6,833.2,2607.0,11.8,921.1,301.9,241.3,342.6,1876.0,47.3,1097.0,470.2,246.6,383.2,2448.0,156.7,1404.0,590.6,391.4,479.2,1930.0,147.4,2642.0,1384.0,685.3,1040.0,2479.0,156.7,1809.0,763.5,800.0,822.9,2953.0,133.5,2334.0,819.6,465.9,775.3,2113.0
2026-07-14,04,1,official_closing,closing_displayed,https://www.boatrace.jp/owpc/pc/race/odds3t?hd=20260714&jcd=04&rno=1,125.8,252.0,266.0,343.7,168.1,1558.0,264.2,303.4,355.9,482.5,171.1,2778.0,191.7,231.5,183.3,274.2,232.7,2681.0,566.6,570.9,646.0,844.8,394.2,2562.0,147.1,168.1,164.7,279.5,118.2,2283.0,269.1,39.4,26.5,85.0,21.2,1683.0,132.3,12.2,14.9,39.1,27.8,1787.0,651.5,137.9,121.6,213.5,69.4,973.1,283.3,264.2,218.6,280.2,99.7,2778.0,330.4,57.2,53.4,85.8,18.0,1397.0,271.6,36.6,35.3,49.9,32.3,1635.0,857.4,215.9,168.2,205.7,58.8,690.5,158.8,125.3,94.5,122.4,151.6,2681.0,154.3,17.9,14.2,20.8,23.6,1406.0,264.8,28.0,18.5,31.4,33.9,2023.0,503.5,89.8,58.7,43.0,37.8,1034.0,961.0,957.0,918.9,1025.0,400.4,2023.0,1317.0,398.3,360.3,480.5,112.6,771.3,1547.0,491.7,461.2,592.9,124.8,630.1,1310.0,312.5,235.3,122.3,126.9,908.0
2026-07-14,04,2,official_closing,closing_displayed,https://www.boatrace.jp/owpc/pc/race/odds3t?hd=20260714&jcd=04&rno=2,52.8,63.2,76.3,201.2,463.8,1297.0,101.5,94.1,106.4,234.7,434.4,1411.0,191.4,136.7,129.2,282.7,730.1,1600.0,296.3,351.6,269.3,472.9,758.9,1443.0,54.6,45.0,48.6,161.2,367.1,1026.0,79.0,8.6,9.8,43.4,105.3,573.1,136.2,12.5,11.9,52.6,177.1,777.4,238.2,44.2,40.2,105.2,364.3,1192.0,133.9,89.3,78.0,184.4,345.3,1200.0,146.9,15.4,19.3,48.8,103.0,583.6,261.6,24.6,25.1,62.9,169.0,741.3,354.2,72.6,57.3,156.8,339.8,1060.0,351.6,194.9,127.3,261.6,547.0,1523.0,344.1,36.3,28.8,78.8,219.2,1000.0,469.4,47.4,41.1,83.5,194.7,1055.0,676.1,191.6,89.9,170.0,352.9,1049.0,765.0,695.7,503.9,627.5,1109.0,1185.0,755.9,132.7,175.2,321.1,796.7,1255.0,803.4,157.1,240.0,335.7,659.8,1103.0,955.3,362.3,229.1,313.2,629.5,1156.0
2026-07-14,04,3,official_closing,closing_displayed,https://www.boatrace.jp/owpc/pc/race/odds3t?hd=20260714&jcd=04&rno=3,30.4,25.5,134.2,35.8,367.1,950.5,22.5,16.6,103.7,73.6,498.8,1425.0,108.9,70.0,223.6,93.8,352.0,1089.0,122.9,75.8,354.9,86.8,706.9,1326.0,45.5,43.6,94.4,24.7,360.1,1286.0,48.5,16.7,33.3,22.2,268.5,1012.0,185.5,57.2,98.5,41.0,152.8,442.1,238.6,84.4,155.1,42.0,424.5,1204.0,25.4,13.2,81.2,89.1,767.2,1745.0,42.9,11.2,38.0,35.8,395.1,1306.0,121.6,33.5,99.1,103.8,357.1,994.7,104.9,32.3,131.8,117.5,914.9,2086.0,225.1,137.5,328.3,105.5,309.3,1049.0,321.0,108.5,203.9,60.6,135.2,418.3,249.0,72.2,171.4,113.9,250.1,838.6,359.4,182.5,397.8,104.7,318.0,859.7,319.8,236.6,684.3,148.1,940.0,1599.0,538.0,272.4,488.8,95.3,655.5,1267.0,322.2,123.0,351.3,223.6,1024.0,1820.0,503.2,298.5,572.2,158.7,546.6,1024.0
2026-07-14,04,4,official_closing,closing_displayed,https://www.boatrace.jp/owpc/pc/race/odds3t?hd=20260714&jcd=04&rno=4,9.4,61.6,66.3,533.0,159.9,209.8,35.1,134.3,108.5,511.7,83.6,135.9,17.1,94.8,38.2,486.3,325.2,499.4,19.7,92.6,49.8,490.6,94.7,227.6,10.1,110.9,107.2,821.8,331.0,404.9,27.5,272.6,279.9,981.3,458.3,615.6,7.9,182.5,184.7,1158.0,1134.0,1401.0,9.7,206.2,202.2,975.6,478.0,1097.0,68.4,422.3,191.3,597.9,136.0,205.7,57.9,587.4,361.1,758.3,342.5,563.6,74.1,794.4,223.6,670.0,554.2,595.8,71.2,667.3,281.8,741.4,188.5,513.3,27.6,262.7,67.2,608.8,631.9,969.9,14.6,311.2,201.0,783.2,1413.0,1263.0,72.1,672.7,244.9,775.9,1023.0,1438.0,19.9,431.0,97.6,479.4,575.2,1127.0,44.7,297.3,130.4,754.8,195.1,368.2,27.7,425.5,303.8,842.5,521.3,825.9,100.1,744.7,418.1,981.3,287.6,534.7,38.2,569.3,181.7,765.2,659.4,911.6
2026-07-14,04,5,official_closing,closing_displayed,https://www.boatrace.jp/owpc/pc/race/odds3t?hd=20260714&jcd=04&rno=5,48.9,43.4,131.8,39.6,357.9,1326.0,30.5,27.4,163.1,91.0,978.0,2101.0,107.7,81.2,346.0,72.8,350.3,1829.0,213.1,200.7,731.7,137.7,866.5,2822.0,73.4,35.1,80.6,25.5,277.1,1899.0,103.6,14.1,23.1,15.5,234.3,1442.0,340.0,35.3,52.5,15.9,135.3,558.1,481.8,150.4,205.1,33.7,402.3,1431.0,39.2,21.6,140.7,102.9,1073.0,3238.0,86.2,11.2,34.8,29.2,368.6,1881.0,121.6,17.5,78.4,66.5,491.4,1703.0,222.2,46.0,259.6,160.7,982.9,3238.0,258.6,147.7,559.7,59.5,246.3,1674.0,438.0,87.7,146.8,23.5,120.6,554.9,296.2,60.6,210.1,63.6,276.7,1372.0,576.0,262.3,793.4,44.9,196.5,949.8,598.7,558.1,1353.0,143.1,882.0,3186.0,847.9,385.1,726.3,66.2,649.9,1733.0,654.2,204.9,754.1,138.8,1002.0,2948.0,910.4,430.4,1326.0,87.6,480.7,1212.0
2026-07-14,04,6,official_closing,closing_displayed,https://www.boatrace.jp/owpc/pc/race/odds3t?hd=20260714&jcd=04&rno=6,24.2,31.3,94.9,131.6,35.7,1884.0,22.9,22.1,127.1,231.3,65.8,4038.0,14.5,14.6,88.6,117.5,68.9,3249.0,348.1,341.0,1279.0,1113.0,281.6,2570.0,39.8,49.5,90.4,115.4,30.7,2570.0,58.8,47.3,72.2,143.2,38.4,1723.0,39.2,28.2,54.2,53.5,28.2,3406.0,734.3,442.4,764.1,872.6,190.6,2078.0,51.9,40.4,158.6,303.0,102.3,4960.0,85.9,58.1,118.9,205.4,69.8,4487.0,51.0,20.5,95.9,174.7,102.8,4349.0,762.0,463.4,1480.0,1745.0,461.2,3671.0,30.2,21.9,117.4,96.1,70.6,4874.0,44.1,27.6,81.0,50.9,42.9,4219.0,48.1,18.6,108.7,120.3,94.6,5048.0,476.7,224.7,875.3,399.3,321.2,3534.0,1062.0,1197.0,2692.0,1897.0,358.7,2437.0,2191.0,1427.0,2280.0,1847.0,368.6,1949.0,1579.0,1308.0,2799.0,2480.0,575.8,3176.0,1240.0,841.4,2158.0,1163.0,458.9,2692.0
2026-07-14,04,7,official_closing,closing_displayed,https://www.boatrace.jp/owpc/pc/race/odds3t?hd=20260714&jcd=04&rno=7,47.6,51.5,150.7,19.5,553.0,2082.0,22.8,25.4,106.2,31.2,1083.0,3521.0,89.7,97.7,334.4,38.8,541.7,1900.0,337.2,384.3,1054.0,155.7,1842.0,3991.0,62.6,70.3,124.2,14.6,533.3,3150.0,45.7,22.5,44.1,9.7,393.8,2920.0,213.6,74.1,127.1,14.1,200.3,1487.0,702.2,526.3,614.0,86.7,1433.0,3420.0,22.0,17.4,80.3,47.9,1384.0,3684.0,35.2,15.4,39.1,19.1,475.1,3991.0,77.0,20.9,85.8,44.9,487.7,2157.0,271.8,151.1,468.6,242.1,2468.0,3325.0,237.8,192.3,374.1,40.4,379.5,1596.0,364.4,150.8,214.0,22.1,163.9,1287.0,258.8,82.1,249.1,42.9,327.5,2100.0,1140.0,946.5,1515.0,125.5,780.0,2217.0,935.4,1140.0,1962.0,248.4,3236.0,5701.0,1360.0,1368.0,1842.0,176.3,2100.0,5840.0,825.7,698.1,1280.0,330.7,3236.0,4353.0,1554.0,1885.0,1900.0,275.5,2119.0,3280.0
2026-07-14,04,8,official_closing,closing_displayed,https://www.boatrace.jp/owpc/pc/race/odds3t?hd=20260714&jcd=04&rno=8,34.4,61.1,64.2,55.8,523.0,941.1,29.9,49.5,24.5,33.2,438.3,1302.0,91.3,131.0,70.1,56.2,314.7,822.7,143.0,185.3,128.3,118.7,642.4,1223.0,34.2,84.3,85.2,76.6,527.9,1172.0,15.9,45.5,32.5,42.1,373.2,1359.0,54.6,119.6,70.9,57.7,333.8,887.6,123.5,205.9,118.9,104.2,617.0,1197.0,31.1,61.1,19.3,29.5,409.6,1365.0,20.2,44.9,20.1,29.9,339.4,1504.0,44.5,78.8,18.7,25.7,193.9,666.8,81.4,124.0,43.7,57.9,490.2,1284.0,184.6,279.7,114.8,74.1,286.5,842.5,161.8,236.6,97.7,62.1,246.6,901.9,110.8,165.8,48.9,47.9,188.7,663.6,283.6,355.7,126.3,81.9,290.3,633.7,334.9,397.4,342.7,241.1,950.6,1393.0,393.0,467.4,310.2,217.2,916.5,1327.0,271.3,307.2,156.5,182.7,879.3,1267.0,440.3,499.8,270.0,188.9,500.7,694.8
2026-07-14,04,9,official_closing,closing_displayed,https://www.boatrace.jp/owpc/pc/race/odds3t?hd=20260714&jcd=04&rno=9,13.7,22.9,97.7,35.2,505.4,267.9,13.1,15.0,87.7,112.2,917.8,647.9,61.5,69.2,185.9,80.7,458.9,302.2,40.2,30.6,153.9,61.9,923.1,753.3,43.2,63.3,96.6,30.0,564.3,284.9,48.2,29.1,43.6,53.4,683.9,382.5,111.5,106.8,137.6,49.7,385.7,201.6,103.9,53.5,77.0,33.0,637.5,664.0,20.0,19.3,99.3,153.5,1097.0,1272.0,45.7,28.4,63.0,89.2,882.3,719.4,70.3,42.2,153.6,189.1,1132.0,767.8,49.3,27.9,88.7,113.6,1205.0,1458.0,214.9,252.9,464.9,108.9,448.0,313.4,260.1,257.1,401.7,76.8,363.3,211.5,229.8,151.5,394.8,198.8,856.3,564.3,286.4,280.9,565.3,86.8,447.3,562.3,137.3,157.2,334.8,82.8,1219.0,1573.0,228.3,137.2,200.2,55.2,953.5,1170.0,148.1,103.0,209.7,145.2,1330.0,1663.0,341.6,271.8,581.8,102.3,729.2,923.1
2026-07-14,04,10,official_closing,closing_displayed,https://www.boatrace.jp/owpc/pc/race/odds3t?hd=20260714&jcd=04&rno=10,9.5,23.5,38.8,127.1,109.0,377.0,18.8,46.7,59.0,154.8,119.6,415.8,18.9,40.7,45.7,119.0,169.2,752.4,43.1,74.1,83.5,174.5,128.4,410.3,13.3,41.5,50.0,174.3,161.4,441.4,24.7,87.8,89.8,215.3,164.0,452.2,21.9,52.9,59.6,179.2,257.4,815.2,44.2,91.7,102.6,241.3,174.8,328.9,36.5,145.0,101.4,200.7,220.7,586.3,48.4,164.3,120.3,220.7,180.6,520.6,46.7,166.1,92.3,165.8,319.9,920.1,70.4,204.4,118.3,235.8,233.5,561.5,47.0,106.3,87.8,106.5,226.6,906.6,46.5,104.5,77.6,120.3,285.9,848.7,73.9,213.3,114.4,161.4,281.6,1074.0,81.4,127.8,106.0,90.5,201.3,479.0,156.8,227.4,232.0,163.4,231.4,538.7,164.3,231.1,200.5,197.3,226.1,413.9,175.8,356.7,250.1,371.7,238.5,457.8,160.7,190.8,179.4,131.1,252.8,437.3
2026-07-14,04,11,official_closing,closing_displayed,https://www.boatrace.jp/owpc/pc/race/odds3t?hd=20260714&jcd=04&rno=11,10.6,15.1,127.2,149.0,175.4,123.4,11.2,13.4,207.3,349.2,493.1,404.4,17.7,16.7,195.7,243.6,407.6,361.3,14.4,13.1,238.0,226.0,289.8,360.3,28.2,41.7,120.1,167.0,181.1,120.5,51.6,70.9,153.2,357.3,421.4,320.5,67.5,83.2,181.5,219.0,366.4,241.7,63.9,65.1,178.2,150.6,222.0,258.5,32.7,40.8,306.2,625.6,649.0,841.6,62.9,86.9,228.8,506.6,690.2,652.2,77.0,75.6,365.4,739.0,1129.0,1064.0,60.7,52.0,376.4,621.1,878.4,1105.0,51.9,58.0,369.0,290.5,511.5,677.6,112.6,140.4,310.5,318.5,539.0,427.0,119.7,115.5,482.2,776.4,1096.0,1191.0,94.0,72.3,431.2,260.9,462.5,751.8,42.1,39.4,415.4,313.2,430.5,598.3,113.2,103.6,337.0,265.9,315.4,407.6,97.0,79.5,592.9,774.1,783.4,1159.0,113.8,86.2,605.3,348.7,480.4,708.9
2026-07-14,04,12,official_closing,closing_displayed,https://www.boatrace.jp/owpc/pc/race/odds3t?hd=20260714&jcd=04&rno=12,10.7,42.3,36.9,52.8,177.6,624.6,7.9,31.6,38.1,91.0,297.1,607.2,25.7,94.2,72.7,119.7,188.7,712.8,27.7,106.8,72.3,125.2,233.2,1129.0,12.7,96.6,76.1,80.4,259.3,933.7,13.7,149.3,97.9,164.5,730.2,1106.0,32.4,314.1,189.4,222.8,535.6,1198.0,38.6,294.9,175.7,214.5,976.6,1913.0,11.6,56.8,60.3,137.5,454.5,721.8,16.4,136.7,78.6,177.7,763.4,1103.0,30.9,204.9,118.9,273.9,794.9,1038.0,38.7,197.8,109.4,228.1,806.8,1309.0,52.5,212.2,171.1,205.9,291.5,969.6,71.5,498.5,246.2,253.9,567.6,1132.0,62.9,397.6,224.2,382.7,991.0,1175.0,100.2,665.3,270.8,306.5,756.9,1465.0,97.2,403.8,163.4,268.6,951.3,1794.0,114.3,581.9,269.2,327.4,1359.0,2153.0,97.9,477.9,232.5,398.2,1158.0,1521.0,171.9,864.7,322.8,392.4,1137.0,1748.0
2026-07-14,05,1,official_closing,closing_displayed,https://www.boatrace.jp/owpc/pc/race/odds3t?hd=20260714&jcd=05&rno=1,21.8,61.7,113.0,144.8,109.4,105.8,34.4,68.6,116.4,212.8,128.6,154.2,35.2,67.2,56.2,81.4,106.9,155.7,29.2,55.7,74.2,73.9,68.4,166.0,32.9,89.1,155.7,131.9,109.4,190.2,49.3,126.7,186.7,255.5,168.8,197.4,29.6,104.9,148.5,104.9,121.7,255.5,32.7,96.7,133.8,84.6,76.2,189.4,54.4,114.9,184.5,242.2,173.8,231.9,80.3,192.1,236.0,354.9,227.4,252.7,63.6,119.3,155.5,180.2,261.9,221.9,45.8,100.7,133.6,177.8,110.0,158.1,63.9,106.2,104.6,62.8,92.8,287.9,61.8,150.9,165.4,83.2,101.9,320.7,82.4,146.2,160.3,125.1,179.5,246.0,47.9,97.8,61.6,31.1,43.9,186.7,53.3,115.5,116.1,76.4,70.5,169.7,72.3,134.7,151.9,102.6,81.4,178.8,74.4,176.4,134.6,140.9,78.1,126.5,75.3,117.2,70.9,54.5,60.5,178.8
2026-07-14,05,2,official_closing,closing_displayed,https://www.boatrace.jp/owpc/pc/race/odds3t?hd=20260714&jcd=05&rno=2,12.9,15.3,24.1,205.5,235.4,921.4,37.6,39.2,41.3,352.7,381.7,1464.0,46.6,38.2,45.1,349.2,603.8,2055.0,133.1,154.0,149.9,747.4,954.3,1979.0,15.6,15.5,22.8,240.7,279.8,898.1,37.5,11.4,16.4,91.5,150.3,516.3,44.0,13.1,18.7,165.7,311.6,822.1,132.9,63.0,63.3,341.4,636.2,1571.0,63.7,64.6,74.0,296.9,397.3,1125.0,68.7,30.6,35.2,107.6,180.8,707.8,158.8,56.4,69.8,223.1,441.6,1068.0,266.5,149.2,184.6,458.7,553.8,1303.0,125.5,99.9,108.0,518.8,727.1,1908.0,165.4,44.8,53.3,267.2,371.1,822.1,367.2,88.9,122.4,400.3,499.4,1370.0,436.2,229.3,239.1,559.6,962.9,1842.0,436.2,494.8,481.4,1228.0,1287.0,1979.0,556.6,209.1,227.8,539.8,1101.0,1781.0,717.3,316.2,445.3,809.7,1068.0,1505.0,809.7,516.3,614.2,929.4,1595.0,971.6
2026-07-14,05,3,official_closing,closing_displayed,https://www.boatrace.jp/owpc/pc/race/odds3t?hd=20260714&jcd=05&rno=3,12.7,19.5,15.7,344.2,307.3,1594.0,72.5,87.3,36.6,278.4,225.3,2139.0,63.5,67.3,26.8,504.5,725.4,3756.0,254.1,258.8,112.7,828.5,771.7,3189.0,11.8,20.1,11.5,393.0,297.5,2315.0,44.1,35.0,18.7,180.5,151.8,1252.0,37.6,29.8,13.2,476.1,559.6,2914.0,165.3,117.5,83.8,747.8,640.2,3930.0,167.6,175.1,36.7,181.7,135.6,1798.0,141.7,93.2,22.7,116.5,95.2,1198.0,290.9,226.8,21.6,123.4,153.7,2139.0,430.0,443.6,70.6,330.1,286.4,2036.0,155.3,174.0,30.3,660.2,988.4,3756.0,120.0,88.1,19.5,510.6,695.5,2770.0,328.8,292.4,26.1,286.9,392.1,2726.0,552.3,447.1,55.4,633.0,928.6,2485.0,754.5,857.9,233.7,1641.0,1522.0,3521.0,668.0,491.3,157.3,1181.0,1522.0,3521.0,1083.0,1261.0,187.3,1097.0,875.7,1673.0,1069.0,944.2,143.2,1207.0,1760.0,3756.0
2026-07-14,05,4,official_closing,closing_displayed,https://www.boatrace.jp/owpc/pc/race/odds3t?hd=20260714&jcd=05&rno=4,24.2,32.0,196.4,34.0,274.2,1005.0,8.6,9.1,175.1,129.9,714.8,2600.0,31.6,35.1,291.7,56.4,263.2,1383.0,69.2,85.7,628.5,128.9,481.9,1621.0,49.2,74.7,192.1,28.7,296.9,1523.0,40.2,42.9,104.0,77.2,501.1,1984.0,87.9,79.3,176.4,34.0,172.7,593.8,194.3,182.1,332.2,75.7,400.1,1639.0,12.0,12.8,205.7,237.9,871.9,2285.0,31.5,28.6,128.5,154.8,673.3,2218.0,27.1,19.0,181.5,201.9,828.7,2432.0,61.3,48.1,378.0,318.9,1197.0,3016.0,74.1,91.4,513.0,72.5,220.5,1358.0,152.6,131.5,371.5,48.7,146.3,459.8,79.5,55.8,383.8,185.9,521.9,2472.0,222.4,164.4,757.9,92.0,254.3,1125.0,285.6,368.8,1571.0,273.2,769.5,1694.0,589.2,450.2,992.3,170.6,746.7,1733.0,270.8,190.4,1267.0,496.1,1604.0,2394.0,435.9,330.7,1409.0,206.9,650.1,1278.0
2026-07-14,05,5,official_closing,closing_displayed,https://www.boatrace.jp/owpc/pc/race/odds3t?hd=20260714&jcd=05&rno=5,14.4,47.8,27.5,143.5,87.9,1163.0,36.2,93.6,30.1,101.5,53.7,1154.0,27.2,82.2,20.3,119.2,112.1,1448.0,107.6,312.7,98.8,264.9,153.1,1463.0,13.4,75.9,61.6,231.6,123.6,1526.0,15.6,89.4,56.5,186.8,101.5,1434.0,11.0,63.7,39.0,225.3,224.3,1463.0,58.5,256.7,165.6,374.6,236.6,1543.0,71.6,245.2,72.0,125.6,65.8,1075.0,39.2,178.6,83.8,156.3,77.0,1651.0,52.7,217.1,36.2,76.4,82.4,1059.0,130.9,453.6,121.1,197.2,118.1,1173.0,47.1,176.1,35.0,156.5,171.7,1173.0,25.5,138.2,49.6,173.3,186.1,1224.0,56.1,245.6,43.7,88.8,102.2,1100.0,116.2,385.8,94.4,156.7,181.3,1075.0,377.6,797.7,338.0,367.8,265.9,1028.0,257.7,811.4,416.4,470.2,316.9,1083.0,283.4,797.7,338.9,381.7,214.5,876.5,330.2,979.3,289.7,336.4,306.6,1036.0
2026-07-14,05,6,official_closing,closing_displayed,https://www.boatrace.jp/owpc/pc/race/odds3t?hd=20260714&jcd=05&rno=6,35.0,344.9,190.6,39.4,299.4,676.7,16.1,181.2,57.5,26.5,226.7,443.2,73.0,459.3,124.1,24.6,131.1,434.5,80.8,732.6,181.2,40.4,226.7,1007.0,35.8,534.0,420.1,120.6,637.7,1182.0,8.9,471.5,383.7,218.8,744.9,1528.0,32.6,676.7,550.6,225.5,751.2,1166.0,36.2,1122.0,836.3,375.6,738.7,2273.0,10.8,242.2,81.4,69.0,364.8,844.2,6.1,594.9,266.2,237.6,770.8,2273.0,8.2,687.2,160.3,149.2,500.8,1266.0,12.2,651.8,240.8,222.1,547.2,1385.0,107.5,886.5,287.8,61.7,151.2,450.0,49.4,985.0,524.5,192.3,521.4,828.5,29.4,974.1,275.3,168.5,375.6,923.4,69.1,1672.0,436.7,109.3,251.8,703.5,189.0,1323.0,500.8,84.3,461.7,1042.0,91.9,1846.0,1248.0,344.9,852.4,1704.0,46.2,1323.0,515.4,329.5,757.6,943.0,125.3,2110.0,904.5,174.8,414.2,692.5
2026-07-14,05,7,official_closing,closing_displayed,https://www.boatrace.jp/owpc/pc/race/odds3t?hd=20260714&jcd=05&rno=7,11.0,34.6,279.7,359.6,29.0,243.1,20.5,51.9,712.5,1231.0,159.3,1287.0,3.9,11.1,381.4,332.2,210.9,1058.0,13.3,35.7,563.6,708.0,58.7,312.0,31.6,160.9,418.0,578.0,36.4,338.1,169.8,544.6,871.4,1348.0,151.8,1244.0,50.5,157.1,421.1,529.3,279.7,985.1,98.2,292.7,755.2,913.6,69.9,278.3,73.7,224.3,1551.0,2178.0,478.0,1920.0,262.8,651.0,1089.0,2221.0,363.1,1287.0,92.4,229.7,1398.0,1348.0,864.8,1827.0,166.3,329.3,1827.0,1798.0,419.5,1180.0,8.7,28.4,536.9,404.6,466.2,1205.0,46.6,100.7,470.0,434.0,472.0,1416.0,69.5,164.9,1231.0,1039.0,899.1,2312.0,23.7,56.3,760.3,446.0,419.5,1167.0,63.0,145.4,1510.0,765.4,89.8,293.4,252.3,421.1,1272.0,1020.0,89.2,229.3,251.1,474.0,1742.0,1595.0,285.3,878.2,76.8,143.2,1244.0,815.0,316.4,809.2
2026-07-14,05,8,official_closing,closing_displayed,https://www.boatrace.jp/owpc/pc/race/odds3t?hd=20260714&jcd=05&rno=8,22.7,70.5,286.5,79.3,518.0,40.0,12.2,34.9,342.5,271.5,909.8,121.8,41.3,195.3,447.9,121.5,545.1,54.9,6.0,23.1,213.7,42.6,287.1,138.3,41.9,426.8,507.2,131.1,1032.0,57.0,46.2,677.0,887.6,579.9,1399.0,238.2,88.0,876.9,1244.0,293.4,1373.0,71.2,26.5,332.3,683.4,92.6,646.9,333.8,19.9,130.4,611.6,606.5,1842.0,335.4,61.1,512.5,904.1,927.1,1692.0,535.1,58.9,490.1,927.1,804.2,1692.0,547.2,13.5,95.9,606.5,456.3,1347.0,1111.0,121.8,601.5,1003.0,175.1,539.1,97.1,223.6,915.5,1193.0,263.7,791.1,119.6,130.9,846.3,1244.0,635.6,1347.0,415.9,64.6,480.4,1086.0,110.9,389.2,239.8,10.4,61.4,373.2,44.0,501.9,351.6,32.8,305.8,564.2,63.6,641.2,474.1,17.7,73.9,616.8,257.1,1413.0,893.0,31.6,269.5,933.1,92.8,557.7,441.1
2026-07-14,05,9,official_closing,closing_displayed,https://www.boatrace.jp/owpc/pc/race/odds3t?hd=20260714&jcd=05&rno=9,8.8,21.4,203.4,140.4,37.5,1125.0,9.7,17.1,486.4,513.4,101.8,3696.0,5.8,8.9,294.7,164.4,146.8,3234.0,61.1,101.6,1232.0,569.9,224.2,2640.0,27.1,84.0,233.1,151.1,39.7,1848.0,71.5,134.2,290.1,308.0,97.5,2940.0,41.7,72.7,172.5,112.3,112.7,1437.0,252.7,408.1,1087.0,367.5,239.1,1772.0,29.4,53.3,735.1,747.8,370.7,3496.0,92.2,115.2,604.6,818.8,327.5,3008.0,40.7,41.5,656.7,730.9,834.7,3155.0,199.9,171.1,2536.0,2310.0,1035.0,5391.0,14.5,20.7,370.7,157.4,233.5,3317.0,49.6,57.8,290.1,134.0,191.3,1361.0,55.1,43.8,726.8,545.9,660.1,4461.0,135.0,144.2,1453.0,363.4,475.6,3155.0,325.0,501.4,3234.0,1198.0,646.9,2396.0,824.1,944.4,2352.0,735.1,653.4,2121.0,585.4,550.5,2752.0,2640.0,1702.0,3594.0,511.4,545.9,2352.0,1209.0,980.1,2752.0
2026-07-14,05,10,official_closing,closing_displayed,https://www.boatrace.jp/owpc/pc/race/odds3t?hd=20260714&jcd=05&rno=10,3.7,17.6,30.8,261.5,562.2,348.9,10.2,40.0,77.1,331.8,758.9,526.8,14.5,49.2,87.2,469.7,919.6,1130.0,22.0,70.9,110.4,537.2,968.9,1142.0,6.2,36.5,47.8,463.7,630.9,645.9,16.5,141.8,168.7,493.2,653.7,1043.0,22.3,137.3,143.3,889.5,1486.0,1307.0,28.5,144.5,195.5,780.7,1096.0,1871.0,42.3,198.3,240.0,537.2,919.6,758.9,43.2,277.5,265.9,609.6,700.1,834.7,88.0,516.7,507.1,1063.0,1722.0,1722.0,76.6,519.2,574.1,1219.0,1074.0,2127.0,51.9,390.3,244.9,596.2,1014.0,1871.0,65.1,430.6,334.9,775.1,1043.0,1339.0,165.6,951.9,682.5,1023.0,1179.0,2214.0,123.1,733.2,482.3,571.1,748.4,1669.0,79.3,284.0,287.0,943.6,1373.0,1808.0,93.9,396.0,403.4,786.4,1446.0,2047.0,175.8,596.2,691.2,1572.0,1619.0,1695.0,195.8,927.5,674.0,1043.0,1096.0,1356.0
2026-07-14,05,11,official_closing,closing_displayed,https://www.boatrace.jp/owpc/pc/race/odds3t?hd=20260714&jcd=05&rno=11,3.5,10.9,29.0,219.5,671.1,1131.0,10.1,29.0,53.1,253.3,939.6,2067.0,27.2,71.4,128.5,645.9,1359.0,2981.0,29.6,70.5,144.4,576.3,1761.0,4844.0,6.2,25.3,42.4,363.9,1174.0,2039.0,11.7,62.0,81.8,457.3,922.8,2095.0,38.8,120.1,145.2,1183.0,2981.0,2183.0,45.4,124.4,173.6,906.6,2246.0,5167.0,30.9,110.9,124.9,405.8,1183.0,3039.0,27.6,129.1,152.7,479.9,1000.0,2981.0,103.7,407.9,246.0,981.2,2583.0,3163.0,103.0,358.0,232.4,901.3,2313.0,7047.0,120.9,388.5,344.5,1131.0,2153.0,3370.0,140.5,471.2,270.5,1435.0,2422.0,2039.0,213.8,975.0,478.5,2067.0,2768.0,3691.0,319.6,1033.0,565.8,1519.0,2871.0,5962.0,177.1,422.4,462.7,1013.0,3975.0,5001.0,272.4,689.0,482.9,1069.0,4844.0,5346.0,295.8,685.9,511.6,1802.0,4698.0,4698.0,574.2,1336.0,707.9,2153.0,5167.0,5346.0
2026-07-14,05,12,official_closing,closing_displayed,https://www.boatrace.jp/owpc/pc/race/odds3t?hd=20260714&jcd=05&rno=12,7.1,108.7,46.9,252.5,284.8,378.2,25.0,198.8,46.0,205.8,227.4,340.6,22.0,172.6,29.4,214.1,270.2,536.5,22.8,210.4,38.6,182.4,184.3,502.5,6.8,165.1,134.4,569.0,584.7,798.0,14.1,567.7,489.9,845.9,783.2,1103.0,8.1,521.1,335.6,863.2,957.6,1208.0,11.8,588.8,414.0,769.0,720.9,1669.0,38.9,459.7,149.3,401.5,379.3,569.0,28.3,887.3,479.7,878.1,881.1,1556.0,36.3,964.9,334.8,671.3,818.6,1475.0,36.6,946.9,400.2,639.2,484.3,957.6,32.8,463.1,130.0,318.8,500.5,818.6,24.0,737.7,340.6,631.3,1053.0,1466.0,45.8,961.3,331.7,622.0,1053.0,1680.0,31.0,629.7,231.7,286.7,428.6,1169.0,63.5,671.3,168.9,327.8,344.8,652.4,44.0,1164.0,680.3,629.7,725.0,1586.0,78.5,1409.0,634.4,662.6,611.5,922.8,57.4,1061.0,365.6,418.0,557.7,1061.0
2026-07-14,06,1,official_closing,closing_displayed,https://www.boatrace.jp/owpc/pc/race/odds3t?hd=20260714&jcd=06&rno=1,20.9,21.6,34.7,252.4,74.2,422.3,54.0,70.9,72.5,288.5,57.6,578.3,23.4,29.1,22.4,163.8,141.0,563.6,74.3,72.5,95.2,302.3,113.7,468.4,25.0,39.6,44.1,293.6,113.0,591.2,48.5,76.5,83.3,273.1,73.9,696.4,15.5,30.5,26.8,198.5,209.4,881.0,70.2,73.2,72.4,327.6,151.3,580.9,95.6,171.4,109.9,274.2,69.2,826.2,93.7,124.9,104.8,287.9,71.4,782.5,64.5,115.5,60.8,181.9,183.4,923.8,135.0,211.1,150.6,342.8,131.3,515.6,35.8,65.4,32.0,153.6,209.1,734.9,27.0,52.5,32.1,168.8,213.8,892.8,75.7,132.8,63.4,176.9,260.3,1166.0,69.6,104.0,55.2,114.3,137.1,414.4,183.2,248.1,234.2,376.8,164.0,429.1,214.9,199.4,195.9,431.9,180.7,511.6,240.1,321.3,277.1,441.9,176.6,509.6,163.6,232.1,135.1,227.0,178.5,357.6
2026-07-14,06,2,official_closing,closing_displayed,https://www.boatrace.jp/owpc/pc/race/odds3t?hd=20260714&jcd=06&rno=2,65.7,220.4,90.1,479.6,420.6,169.6,160.4,425.8,26.3,118.0,112.9,49.6,137.3,423.2,17.6,185.4,307.8,131.1,96.2,300.4,14.8,135.6,127.2,104.0,42.5,327.0,214.2,790.2,763.7,269.1,19.7,411.7,253.1,502.5,569.6,247.6,12.4,424.5,245.4,990.6,1265.0,423.2,9.6,282.4,170.0,657.2,650.9,406.8,145.8,708.3,48.9,123.0,143.4,56.1,40.7,560.2,188.2,402.0,390.5,181.7,79.2,893.5,41.9,97.2,247.6,87.8,48.3,564.8,29.3,67.0,97.4,80.0,154.8,828.5,49.1,268.0,424.5,225.5,40.3,676.7,188.5,615.7,854.4,512.0,113.2,1148.0,63.4,204.0,330.2,150.8,54.3,763.7,31.5,152.7,215.9,297.8,86.3,567.2,26.7,201.3,181.7,196.1,23.6,483.0,119.8,408.0,463.4,510.0,53.1,632.8,36.4,128.9,132.5,137.6,47.3,772.3,29.8,182.0,243.6,268.0
2026-07-14,06,3,official_closing,closing_displayed,https://www.boatrace.jp/owpc/pc/race/odds3t?hd=20260714&jcd=06&rno=3,36.2,52.9,70.1,208.1,329.8,407.9,91.1,96.9,68.9,142.9,177.5,228.6,70.9,83.1,39.8,163.0,311.4,566.3,58.4,63.8,35.4,106.1,166.3,347.7,36.8,77.6,89.5,214.0,361.8,423.4,54.1,76.8,62.5,179.2,187.9,187.9,30.4,39.5,37.5,190.6,288.0,430.2,30.1,32.2,29.4,118.3,154.1,285.5,131.0,182.1,105.9,170.3,169.2,175.0,94.0,125.8,76.0,166.7,146.5,164.0,149.9,157.7,48.3,117.0,170.5,259.6,93.0,122.3,38.8,80.7,58.4,82.8,132.7,166.5,64.8,148.4,305.0,563.9,82.4,93.4,50.3,135.7,240.1,372.8,196.8,186.6,56.4,115.3,218.2,372.8,81.7,78.8,18.0,61.1,125.3,377.0,141.8,152.0,65.1,116.7,166.3,256.1,92.7,105.1,49.4,96.7,146.8,220.4,167.9,188.5,58.0,85.7,69.4,97.9,131.0,132.7,25.0,76.1,145.2,293.7
2026-07-14,06,4,official_closing,closing_displayed,https://www.boatrace.jp/owpc/pc/race/odds3t?hd=20260714&jcd=06&rno=4,13.9,21.0,52.3,100.2,517.0,103.3,26.7,33.3,99.6,162.9,673.3,158.5,56.3,66.4,130.0,179.5,673.3,268.8,14.4,18.7,41.0,80.8,258.8,352.4,19.0,43.4,75.4,107.5,590.9,120.2,39.1,55.8,85.8,136.7,637.3,121.0,65.2,94.1,115.8,156.0,671.1,151.1,19.4,27.9,50.6,67.0,367.1,323.2,48.9,68.6,164.7,233.2,820.5,214.9,69.6,92.2,126.8,162.6,770.6,153.7,130.5,137.7,202.0,248.0,1251.0,350.0,52.7,45.8,88.7,121.3,589.1,537.6,167.3,222.2,330.1,208.5,747.9,323.7,211.3,244.1,292.8,171.3,572.5,169.1,253.9,298.9,446.4,329.0,979.1,386.0,132.2,145.1,193.0,123.8,345.8,407.8,36.4,48.0,95.5,100.7,513.1,637.3,43.5,44.3,85.7,74.7,453.4,547.7,88.7,65.8,149.1,146.9,651.7,767.7,149.1,130.9,212.9,124.9,469.1,570.9
2026-07-14,06,5,official_closing,closing_displayed,https://www.boatrace.jp/owpc/pc/race/odds3t?hd=20260714&jcd=06&rno=5,127.8,288.9,360.8,176.2,123.2,235.4,114.2,214.6,158.2,156.1,126.5,217.1,103.5,170.7,149.3,54.5,63.8,109.9,88.8,151.4,138.7,47.6,31.9,88.2,177.7,353.9,421.8,260.6,209.6,395.7,74.3,328.9,388.2,355.1,394.2,524.5,79.0,327.3,368.6,139.9,205.8,229.8,69.5,285.3,303.0,111.3,93.9,210.0,108.5,245.0,141.2,178.8,243.8,370.6,75.0,384.5,305.8,333.2,442.8,601.7,31.4,157.7,75.2,102.1,167.0,216.4,28.8,122.2,65.2,86.3,88.6,173.9,89.1,205.2,158.9,23.8,72.9,105.9,92.7,370.6,337.0,97.7,137.4,151.8,49.3,190.8,102.0,90.8,135.3,150.5,35.1,113.4,64.6,15.9,21.9,33.1,120.4,234.6,202.9,23.3,35.5,79.6,115.9,407.5,369.2,83.7,69.4,126.2,54.6,168.3,109.2,74.7,63.7,115.0,51.9,146.7,94.7,18.9,23.3,32.6
2026-07-14,06,6,official_closing,closing_displayed,https://www.boatrace.jp/owpc/pc/race/odds3t?hd=20260714&jcd=06&rno=6,23.9,37.9,84.0,235.1,19.4,874.1,50.1,68.0,108.6,251.0,20.7,999.0,16.6,31.9,51.1,153.7,38.5,1250.0,176.9,222.4,236.3,415.9,116.1,1009.0,37.3,76.1,112.1,272.0,36.3,899.1,56.4,70.0,119.7,333.0,23.0,907.7,23.8,48.4,63.6,212.1,44.4,1210.0,188.6,177.7,257.5,558.6,137.5,777.0,110.4,144.2,111.7,240.5,35.6,835.4,100.0,111.0,134.7,301.6,28.5,874.1,69.2,103.6,75.4,142.2,39.9,796.7,329.5,306.0,187.3,334.1,108.2,595.6,15.6,53.7,55.6,132.8,78.7,1226.0,16.7,40.7,56.1,166.6,79.5,1293.0,36.9,67.3,65.7,127.0,61.1,912.1,130.8,207.4,153.3,258.3,188.6,537.9,466.2,593.7,461.6,629.4,307.0,707.1,504.8,528.9,454.9,681.6,352.2,605.1,555.3,642.2,390.1,565.3,250.7,534.9,460.5,550.4,354.2,344.5,330.1,605.1
2026-07-14,06,7,official_closing,closing_displayed,https://www.boatrace.jp/owpc/pc/race/odds3t?hd=20260714&jcd=06&rno=7,31.9,126.9,47.7,453.5,726.0,110.4,73.6,291.1,33.4,234.6,375.9,38.9,92.8,336.3,36.4,340.3,645.6,128.3,37.0,134.7,11.3,140.9,182.2,70.1,22.1,170.7,112.7,676.6,1191.0,270.2,19.2,330.4,207.3,701.9,841.6,231.4,23.7,305.9,174.7,950.3,1524.0,589.4,8.8,125.8,72.9,542.2,863.1,658.2,92.5,645.6,80.9,251.7,439.4,41.8,50.0,666.0,192.4,517.3,741.9,122.2,99.8,833.3,116.7,352.4,768.9,116.9,41.7,491.7,42.4,151.4,181.9,88.0,165.8,939.8,123.6,530.3,1105.0,240.2,78.7,732.3,225.8,1077.0,1433.0,540.4,166.5,1321.0,165.6,638.3,945.0,192.6,40.2,663.4,45.6,327.2,537.0,358.4,36.7,287.2,17.8,190.5,264.3,145.9,16.3,206.3,59.8,425.0,745.2,523.7,37.0,631.2,43.3,181.3,180.5,138.0,28.1,610.7,37.8,248.4,545.7,487.5
2026-07-14,06,8,official_closing,closing_displayed,https://www.boatrace.jp/owpc/pc/race/odds3t?hd=20260714&jcd=06&rno=8,23.4,157.3,218.2,16.3,390.5,1687.0,9.6,73.7,86.6,24.4,496.6,2011.0,47.0,232.3,245.5,16.0,198.6,1035.0,96.7,469.6,455.4,46.6,612.6,2839.0,27.8,320.1,414.7,49.8,640.2,1341.0,10.7,386.2,454.5,125.7,1082.0,2774.0,38.3,580.2,724.8,73.7,608.0,1871.0,97.2,1044.0,1117.0,174.6,1263.0,3176.0,6.7,106.6,111.4,70.4,773.6,2463.0,8.0,249.8,308.6,170.4,1297.0,3218.0,12.4,220.2,236.4,113.6,761.4,2320.0,34.7,493.6,454.5,254.8,1598.0,3657.0,91.2,496.6,522.4,23.8,172.1,1166.0,94.3,742.7,786.2,49.5,377.1,1814.0,52.4,531.6,453.7,75.8,474.2,2255.0,193.4,1403.0,928.3,48.1,344.3,1200.0,365.1,1761.0,1518.0,119.4,1237.0,2943.0,391.8,2255.0,2214.0,255.1,1915.0,3831.0,211.3,1379.0,1138.0,332.9,2255.0,3957.0,391.2,2277.0,1724.0,135.3,855.9,1577.0
2026-07-14,06,9,official_closing,closing_displayed,https://www.boatrace.jp/owpc/pc/race/odds3t?hd=20260714&jcd=06&rno=9,5.5,35.0,39.8,237.8,238.4,359.4,8.6,54.3,62.5,310.7,304.5,415.7,15.8,78.8,73.5,331.1,426.2,723.2,16.9,80.1,69.2,293.6,279.4,678.7,8.0,78.9,75.1,397.9,385.7,598.2,13.1,226.5,185.7,692.0,671.0,798.5,20.7,259.9,205.5,817.0,1082.0,1188.0,20.3,210.3,173.1,743.0,741.5,1384.0,22.1,230.6,165.3,518.3,469.3,595.2,31.8,393.4,229.1,718.8,786.1,844.4,49.4,547.2,286.7,994.2,1582.0,1336.0,45.5,469.3,268.0,838.3,867.2,1157.0,35.5,304.5,204.7,526.0,747.8,1288.0,54.0,518.3,324.4,791.3,1234.0,1696.0,65.9,601.3,452.5,1131.0,1877.0,1847.0,61.4,556.7,286.9,583.4,858.7,1960.0,54.9,311.2,186.8,637.1,405.2,682.7,67.1,456.6,269.0,886.8,784.3,1417.0,91.3,762.3,405.7,1029.0,858.7,1086.0,91.8,726.2,341.6,880.2,898.1,1200.0
2026-07-14,06,10,official_closing,closing_displayed,https://www.boatrace.jp/owpc/pc/race/odds3t?hd=20260714&jcd=06&rno=10,7.3,32.5,112.9,242.5,23.4,356.5,9.2,37.5,166.9,491.1,48.6,873.1,7.8,33.5,157.2,367.2,62.9,686.9,28.3,62.9,230.8,481.5,100.5,657.0,17.6,78.1,139.6,292.7,34.5,501.1,38.1,120.1,197.6,550.2,67.3,888.9,32.8,109.1,207.0,581.2,98.5,869.2,70.8,151.5,258.4,569.4,155.2,1091.0,28.8,117.9,226.0,610.1,136.7,1251.0,53.6,179.7,271.7,691.7,148.4,1251.0,46.6,219.5,367.8,865.4,303.1,1142.0,86.8,230.3,285.1,652.6,369.2,1964.0,14.4,59.1,221.2,508.9,285.5,1148.0,32.6,120.8,241.6,650.5,324.1,1275.0,46.5,144.9,382.2,963.0,463.3,1623.0,64.3,183.0,445.4,922.3,532.3,1738.0,76.2,206.5,407.5,735.7,444.4,972.5,142.1,295.4,434.6,865.4,551.8,1227.0,147.7,293.2,447.5,880.9,735.7,1907.0,144.5,377.0,584.6,992.1,764.4,1559.0
2026-07-14,06,11,official_closing,closing_displayed,https://www.boatrace.jp/owpc/pc/race/odds3t?hd=20260714&jcd=06&rno=11,5.2,69.4,59.0,475.4,179.2,327.4,17.6,155.0,97.9,562.1,162.8,498.7,9.2,99.2,48.2,415.8,360.2,787.9,19.5,128.4,97.9,501.6,222.9,616.3,8.5,168.8,165.6,814.0,375.9,605.5,15.8,620.7,530.9,1307.0,519.7,1127.0,8.7,327.4,270.9,1612.0,1348.0,1438.0,19.2,392.2,434.6,1232.0,845.9,1540.0,37.9,554.8,273.4,980.5,259.1,884.9,36.3,913.0,482.0,1250.0,526.1,1198.0,38.0,889.5,343.7,1166.0,829.6,1513.0,55.5,958.7,390.4,1403.0,565.8,1206.0,15.9,327.4,145.7,875.9,867.1,1659.0,19.1,560.2,265.0,1391.0,1426.0,1568.0,43.8,917.9,350.7,1215.0,1135.0,2006.0,37.1,810.1,282.4,1058.0,937.8,1816.0,63.7,454.1,363.3,1099.0,636.7,884.9,61.4,791.6,537.6,1241.0,1241.0,1513.0,119.2,1085.0,770.4,1743.0,817.8,1166.0,75.6,927.8,461.4,1450.0,1268.0,1691.0
2026-07-14,06,12,official_closing,closing_displayed,https://www.boatrace.jp/owpc/pc/race/odds3t?hd=20260714&jcd=06&rno=12,5.8,21.1,14.3,138.5,891.5,1165.0,19.5,72.7,23.2,114.3,652.2,891.5,38.5,147.8,46.2,249.1,1030.0,1510.0,61.9,205.9,65.9,315.2,1224.0,1719.0,4.7,38.3,29.2,259.5,1474.0,2116.0,8.0,73.1,44.8,266.3,1143.0,1969.0,19.0,200.6,136.4,563.6,2238.0,2705.0,33.2,314.2,199.9,679.3,2430.0,3457.0,31.3,187.3,55.9,169.4,799.8,1174.0,27.3,157.6,67.8,210.0,1026.0,1944.0,83.1,545.8,159.7,411.0,1440.0,1447.0,95.2,565.7,206.3,467.1,1852.0,2659.0,116.6,557.6,199.1,348.8,1160.0,2238.0,95.2,543.9,283.3,523.8,1655.0,2592.0,195.9,969.2,332.7,507.5,1401.0,1655.0,225.1,1234.0,467.8,477.9,1307.0,2529.0,241.3,1061.0,369.0,679.3,1944.0,2321.0,185.2,1201.0,528.2,901.8,3111.0,3275.0,301.2,1364.0,460.9,834.1,2449.0,2778.0,373.9,2020.0,742.5,904.4,2254.0,2571.0
2026-07-14,07,1,official_closing,closing_displayed,https://www.boatrace.jp/owpc/pc/race/odds3t?hd=20260714&jcd=07&rno=1,29.2,126.2,303.7,23.5,87.8,1221.0,10.6,45.6,208.5,83.4,197.2,2124.0,18.0,69.2,235.1,15.4,53.8,1378.0,81.5,227.3,488.4,56.7,132.8,1230.0,43.4,292.5,491.5,58.4,198.0,1950.0,28.7,313.9,578.6,203.5,467.0,2404.0,43.1,375.4,595.2,51.0,156.2,1483.0,144.0,873.6,1245.0,135.8,370.9,2000.0,9.5,77.2,337.4,260.4,569.0,2584.0,23.4,245.5,479.3,344.6,693.8,2871.0,9.2,94.7,280.4,160.0,558.8,3230.0,45.0,268.2,934.1,605.7,1020.0,3132.0,24.9,185.1,511.7,19.0,53.6,1230.0,58.1,442.4,616.5,27.9,79.1,1115.0,20.1,170.3,483.8,91.7,235.1,2606.0,67.4,575.4,1119.0,34.9,93.6,917.5,197.7,861.5,1197.0,152.3,364.4,1286.0,262.1,1409.0,1902.0,196.0,490.7,1975.0,168.9,789.1,1914.0,475.6,948.4,2584.0,198.3,1286.0,2109.0,125.6,326.4,1010.0
2026-07-14,07,2,official_closing,closing_displayed,https://www.boatrace.jp/owpc/pc/race/odds3t?hd=20260714&jcd=07&rno=2,38.9,77.8,170.1,20.8,392.1,109.5,20.4,46.5,114.2,39.8,448.0,189.5,80.2,144.4,290.6,56.1,301.5,90.9,31.1,58.7,133.2,22.5,286.9,265.8,61.9,134.2,209.2,30.2,562.6,157.1,48.3,94.0,156.0,43.4,498.4,199.1,154.5,265.6,525.0,71.2,405.8,95.4,61.9,97.7,149.2,20.7,399.1,339.6,13.8,53.3,132.7,103.9,599.0,311.4,28.8,64.1,136.6,87.0,553.7,281.0,50.7,120.7,408.4,208.5,470.8,218.5,19.1,34.3,108.7,58.3,318.3,446.1,188.1,342.2,588.9,134.2,300.1,83.2,237.0,342.6,625.2,133.6,281.8,67.5,155.8,237.1,584.6,195.1,376.2,129.2,167.3,212.6,433.2,97.1,222.5,201.4,55.0,113.7,204.3,39.5,328.9,458.4,84.5,126.6,205.5,31.5,330.3,386.8,43.8,66.1,149.3,60.1,326.2,497.6,203.1,221.9,416.0,83.1,260.3,323.2
2026-07-14,07,3,official_closing,closing_displayed,https://www.boatrace.jp/owpc/pc/race/odds3t?hd=20260714&jcd=07&rno=3,7.9,25.3,147.4,60.8,427.1,104.3,6.7,15.1,151.8,167.7,615.8,228.8,15.5,74.5,300.9,161.6,543.9,181.5,13.5,30.5,265.5,82.8,659.4,646.0,16.4,94.6,221.8,79.2,768.3,119.3,25.4,135.8,250.2,216.3,1308.0,399.1,64.9,330.4,698.7,240.9,1027.0,191.6,42.5,176.3,425.4,91.9,1212.0,809.5,12.7,39.5,320.0,378.6,1011.0,599.5,31.7,124.6,293.1,318.7,1559.0,716.1,52.5,172.4,799.3,912.2,2245.0,1011.0,28.3,74.2,487.7,549.5,2110.0,1768.0,79.3,300.6,682.2,220.1,535.6,268.2,133.1,542.9,931.0,279.6,667.8,238.3,142.7,399.1,942.1,736.1,1692.0,876.8,150.0,496.9,1034.0,248.2,593.9,896.7,29.6,101.7,507.2,115.2,1226.0,1341.0,73.5,270.7,607.5,112.9,1347.0,1394.0,51.8,145.7,744.8,414.8,2042.0,1978.0,207.0,481.8,1114.0,312.7,1168.0,1281.0
2026-07-14,07,4,official_closing,closing_displayed,https://www.boatrace.jp/owpc/pc/race/odds3t?hd=20260714&jcd=07&rno=4,14.6,57.3,87.8,306.3,276.5,67.3,22.9,65.6,84.0,351.2,332.9,69.9,25.8,63.4,89.3,266.5,519.7,215.3,11.0,31.9,43.4,137.5,168.1,210.6,16.7,128.6,164.9,424.2,392.8,138.0,22.7,208.4,242.7,835.0,683.1,238.2,26.2,179.0,200.2,586.1,1129.0,450.4,10.5,93.2,112.0,242.7,352.2,531.6,40.4,174.6,154.1,457.6,484.5,133.4,38.1,302.6,306.6,802.6,794.0,286.0,53.1,267.5,207.9,653.1,1092.0,393.2,28.0,133.0,136.7,317.6,446.6,519.7,45.2,210.0,249.9,343.7,681.8,463.3,50.6,322.0,319.2,639.6,1136.0,610.2,91.9,469.2,331.8,858.2,1226.0,598.4,33.6,162.3,183.3,200.4,379.2,611.2,18.1,86.8,78.8,216.6,274.4,381.9,17.2,144.5,148.7,317.3,481.3,634.1,46.0,200.0,174.7,388.3,532.4,637.4,43.2,203.1,203.2,238.5,547.3,717.4
2026-07-14,07,5,official_closing,closing_displayed,https://www.boatrace.jp/owpc/pc/race/odds3t?hd=20260714&jcd=07&rno=5,20.3,28.4,87.1,65.8,284.5,75.0,18.5,22.2,68.9,107.3,396.7,112.1,49.1,47.9,95.0,77.2,251.6,105.6,37.0,59.7,173.2,143.1,487.1,198.5,31.1,48.9,95.9,70.9,388.1,110.8,38.1,28.4,48.4,74.1,433.1,137.8,74.2,48.3,58.1,78.2,276.6,116.2,62.8,76.4,147.1,100.5,554.3,245.3,34.7,37.0,78.4,134.6,617.9,201.6,55.7,35.1,53.9,84.3,545.8,198.7,67.5,42.6,44.3,68.0,410.9,200.1,69.5,62.4,118.1,183.5,849.8,401.6,134.3,122.0,169.6,89.1,265.6,203.4,167.9,103.0,106.5,83.9,218.7,168.6,147.2,87.3,86.0,86.0,310.5,259.4,214.3,166.7,237.3,125.4,314.6,319.3,44.6,127.5,300.0,206.9,1126.0,730.2,59.1,115.8,239.9,135.8,876.0,589.6,62.3,100.3,196.9,242.5,1083.0,736.6,133.4,155.2,223.0,194.5,711.9,564.6
2026-07-14,07,6,official_closing,closing_displayed,https://www.boatrace.jp/owpc/pc/race/odds3t?hd=20260714&jcd=07&rno=6,27.8,103.7,99.5,178.5,35.7,226.2,51.3,153.3,169.0,287.2,34.7,230.7,14.1,56.2,40.7,147.6,75.8,330.0,37.2,168.5,106.7,409.0,45.3,147.5,22.7,250.9,252.2,365.9,71.6,479.8,46.7,584.3,638.6,649.5,196.3,926.1,9.7,223.5,236.1,314.0,191.4,712.8,26.2,555.0,581.3,531.8,142.6,434.9,85.2,252.8,347.0,471.3,72.6,471.3,100.8,524.5,696.9,761.8,215.0,1016.0,55.7,290.2,515.9,630.4,296.4,1047.0,127.7,565.1,788.0,921.1,157.4,485.3,9.1,86.5,73.2,170.3,235.5,946.5,9.0,178.7,203.4,263.5,394.9,892.4,28.1,319.0,347.4,568.8,575.5,1277.0,11.5,194.8,189.6,300.8,468.1,987.3,46.5,344.9,292.4,659.5,92.0,187.2,42.0,743.7,696.9,708.4,158.1,308.1,102.7,675.0,779.1,1244.0,200.0,317.5,26.9,283.7,327.5,735.7,233.4,427.9
2026-07-14,07,7,official_closing,closing_displayed,https://www.boatrace.jp/owpc/pc/race/odds3t?hd=20260714&jcd=07&rno=7,48.8,192.5,216.4,250.4,26.4,611.0,45.6,164.7,180.8,359.4,32.6,830.2,22.5,78.7,70.2,79.9,38.0,883.1,61.3,175.9,175.2,156.8,20.2,287.2,52.3,338.0,390.3,359.7,61.5,841.4,51.9,499.3,436.6,586.8,107.2,1396.0,22.3,229.7,206.6,169.6,89.2,1347.0,80.8,558.9,451.8,337.6,56.1,470.9,59.7,308.5,305.6,488.3,67.8,1025.0,74.1,586.3,437.8,623.2,109.9,1389.0,25.9,179.0,128.2,249.1,115.4,1324.0,55.6,400.9,234.3,430.0,54.9,397.0,16.2,92.1,65.7,67.5,65.1,1228.0,16.4,158.1,114.3,96.1,86.2,1386.0,18.8,137.4,92.1,167.0,147.7,1458.0,15.6,118.0,62.6,45.1,39.1,354.7,140.7,546.1,378.7,320.4,32.3,220.1,172.8,911.6,563.9,430.3,45.8,310.5,131.3,712.4,444.4,672.4,48.8,265.1,64.7,305.9,181.8,131.0,51.4,257.9
2026-07-14,07,8,official_closing,closing_displayed,https://www.boatrace.jp/owpc/pc/race/odds3t?hd=20260714&jcd=07&rno=8,14.7,80.8,42.7,129.7,687.3,255.8,16.7,82.0,16.0,72.1,467.5,159.1,49.2,226.2,43.9,144.8,558.7,226.4,35.7,154.6,25.3,108.6,719.5,614.6,12.1,179.9,150.1,302.8,1102.0,507.6,6.8,182.4,136.0,349.4,1202.0,681.5,24.0,485.1,348.1,589.3,1413.0,767.5,13.4,358.7,245.6,409.3,1640.0,1395.0,19.0,230.2,41.3,102.1,607.6,212.5,11.6,270.3,121.1,274.7,1081.0,542.2,39.3,584.0,112.5,241.3,859.6,308.6,23.0,416.5,64.8,144.0,1127.0,1023.0,104.7,703.8,199.1,302.9,840.6,455.9,78.7,915.8,429.5,637.7,1553.0,794.0,100.1,990.4,253.0,425.5,1100.0,470.2,122.7,1127.0,300.7,397.5,1113.0,1180.0,69.8,529.3,82.9,198.3,1475.0,1445.0,39.7,688.1,249.3,360.3,2414.0,2066.0,53.2,698.5,112.3,230.3,1858.0,1836.0,146.1,1383.0,326.1,394.3,1603.0,1896.0
2026-07-14,07,9,official_closing,closing_displayed,https://www.boatrace.jp/owpc/pc/race/odds3t?hd=20260714&jcd=07&rno=9,7.0,35.6,60.2,47.3,364.8,849.5,5.9,25.6,59.0,85.9,481.2,1211.0,23.2,76.6,121.7,83.4,353.8,952.3,24.4,82.6,140.9,100.2,534.0,1689.0,11.6,111.1,122.0,89.1,621.6,1243.0,13.1,202.7,187.6,216.4,1067.0,1817.0,37.2,388.7,361.1,269.2,911.1,1689.0,41.6,421.5,393.7,263.9,1265.0,2548.0,9.0,77.0,105.9,177.3,890.7,1491.0,15.9,198.1,161.9,275.3,1209.0,1914.0,29.4,274.2,222.2,337.1,1220.0,2081.0,32.4,300.2,221.9,353.8,1598.0,3034.0,59.4,337.6,350.7,157.0,469.3,1258.0,84.0,616.8,465.3,223.2,858.7,1573.0,70.3,539.6,413.4,360.9,1160.0,2387.0,120.5,868.0,579.8,262.9,944.8,2203.0,107.9,522.3,484.2,281.9,1297.0,2478.0,171.3,1060.0,732.2,430.3,1860.0,3255.0,135.4,720.4,603.3,646.9,1978.0,3034.0,264.6,1390.0,981.0,501.1,1533.0,2604.0
2026-07-14,07,10,official_closing,closing_displayed,https://www.boatrace.jp/owpc/pc/race/odds3t?hd=20260714&jcd=07&rno=10,9.8,75.6,30.2,373.3,262.8,673.3,29.5,160.9,31.7,264.2,109.1,443.4,32.5,176.6,18.9,333.7,314.9,729.5,37.5,199.1,30.8,359.3,229.5,816.0,7.2,119.8,104.9,636.5,583.0,1042.0,9.6,265.1,229.8,763.9,560.2,1416.0,6.7,240.8,160.3,980.8,1047.0,1847.0,11.1,246.0,204.9,864.4,882.7,2179.0,44.8,430.7,136.1,394.3,149.7,539.4,27.3,517.1,291.4,802.5,437.6,1302.0,60.4,811.4,157.2,440.7,421.1,1252.0,56.6,761.9,216.9,635.1,324.4,877.4,51.6,529.6,57.9,389.2,582.2,1067.0,21.8,484.1,146.0,788.0,1099.0,1937.0,80.0,1022.0,140.5,416.3,558.0,1787.0,61.1,964.6,104.8,476.0,650.2,1832.0,100.2,755.3,148.7,544.8,536.5,1173.0,56.0,831.5,360.3,999.9,999.9,2235.0,122.0,1213.0,329.7,852.6,529.9,1044.0,126.8,1493.0,219.8,784.5,920.9,1787.0
2026-07-14,07,11,official_closing,closing_displayed,https://www.boatrace.jp/owpc/pc/race/odds3t?hd=20260714&jcd=07&rno=11,15.5,161.1,22.3,295.2,475.7,2166.0,38.6,319.0,10.8,111.3,164.1,795.0,52.0,484.3,13.9,247.8,443.0,2200.0,97.5,761.7,28.9,342.6,420.4,2548.0,9.2,200.4,96.5,657.5,1159.0,3595.0,5.8,504.2,182.5,528.2,1017.0,2613.0,6.2,646.5,231.3,912.6,1568.0,3840.0,18.8,954.3,318.0,1157.0,2192.0,4824.0,43.7,682.1,36.8,129.5,237.5,922.3,19.4,747.1,113.7,382.6,793.9,2443.0,45.0,1219.0,74.4,292.5,578.9,1481.0,75.2,1574.0,98.3,367.7,678.4,2034.0,69.0,1136.0,68.2,393.2,833.7,3216.0,21.0,1114.0,200.0,736.9,1692.0,4260.0,71.8,1685.0,147.3,405.6,811.0,2045.0,84.3,1949.0,147.7,506.4,1229.0,3539.0,258.8,1929.0,149.6,643.2,1079.0,2858.0,105.5,1797.0,412.7,1239.0,2508.0,4608.0,251.3,2508.0,252.7,618.6,1163.0,1998.0,216.6,2713.0,285.2,825.2,1809.0,3162.0
2026-07-14,07,12,official_closing,closing_displayed,https://www.boatrace.jp/owpc/pc/race/odds3t?hd=20260714&jcd=07&rno=12,13.7,58.7,98.4,77.0,81.6,635.8,11.3,61.5,119.4,116.4,120.8,962.2,9.1,35.7,69.1,66.4,107.7,891.8,32.2,97.9,141.7,148.3,120.3,618.3,19.9,155.2,210.8,198.1,169.8,913.5,25.1,359.4,395.5,365.5,324.7,1709.0,18.0,171.9,202.3,259.1,380.3,1563.0,49.3,402.5,426.9,492.8,316.6,1102.0,12.9,180.1,246.5,285.2,178.1,1228.0,23.1,411.5,382.5,405.9,274.0,1727.0,13.6,227.4,266.0,364.4,351.1,1786.0,42.6,504.0,439.3,577.7,271.7,1157.0,15.8,93.4,90.6,143.1,210.1,1326.0,27.0,190.3,137.7,241.1,385.5,1797.0,23.0,231.9,181.8,371.8,523.7,2070.0,36.8,215.5,127.8,302.0,371.2,1606.0,96.7,409.7,339.8,495.3,276.9,797.0,137.9,864.4,565.8,796.5,446.0,1162.0,131.8,925.1,612.1,1112.0,503.6,1197.0,86.5,418.5,282.1,606.5,552.0,1525.0
2026-07-14,09,1,official_closing,closing_displayed,https://www.boatrace.jp/owpc/pc/race/odds3t?hd=20260714&jcd=09&rno=1,6.5,100.7,37.2,56.2,631.6,1279.0,7.6,80.9,21.2,52.3,755.9,911.8,36.6,332.3,79.0,135.9,517.3,1122.0,150.4,718.7,179.9,298.9,1998.0,2084.0,7.4,253.2,128.6,128.2,1314.0,3039.0,4.7,442.1,185.8,371.2,2315.0,4052.0,27.5,1113.0,595.5,660.1,2977.0,3393.0,96.7,2244.0,1042.0,1148.0,4421.0,5031.0,10.8,169.8,40.4,83.3,906.2,1247.0,8.5,451.7,90.2,199.8,1801.0,3473.0,32.2,1013.0,151.6,311.7,1416.0,1779.0,103.4,1657.0,284.4,508.3,3741.0,4706.0,76.9,1167.0,323.5,310.4,1049.0,1945.0,100.4,2114.0,691.4,583.6,2752.0,2605.0,84.6,1736.0,453.1,559.0,1945.0,2353.0,455.9,3647.0,1226.0,708.2,2805.0,3171.0,378.9,2805.0,578.9,824.2,3039.0,3393.0,338.5,3839.0,1945.0,1279.0,3839.0,4863.0,405.2,3104.0,843.3,1020.0,4706.0,6079.0,669.2,4421.0,2026.0,1205.0,3315.0,4168.0
2026-07-14,09,2,official_closing,closing_displayed,https://www.boatrace.jp/owpc/pc/race/odds3t?hd=20260714&jcd=09&rno=2,10.0,40.5,56.7,71.2,1284.0,49.3,13.5,50.8,43.2,58.1,1639.0,54.7,190.8,336.9,375.9,306.5,1143.0,56.9,22.1,56.9,61.9,53.7,1296.0,359.1,12.8,66.3,79.2,95.7,1620.0,77.2,11.7,61.3,69.0,126.3,1767.0,93.3,185.9,331.1,405.0,548.8,2895.0,105.2,20.8,68.9,85.2,106.0,2160.0,594.3,23.0,110.9,64.7,96.8,2520.0,94.7,18.9,97.4,85.1,122.6,1680.0,119.6,179.0,428.0,333.6,527.5,2346.0,140.9,31.0,106.6,71.7,115.8,2474.0,705.2,480.9,835.0,1000.0,579.1,1722.0,81.2,602.2,1008.0,819.9,683.9,2474.0,123.8,475.9,1308.0,907.4,1097.0,2474.0,132.2,418.8,1097.0,727.8,567.1,2001.0,584.1,34.8,120.9,98.7,77.0,1347.0,670.4,36.0,116.8,133.7,105.3,1814.0,979.2,48.9,150.3,104.3,108.6,1944.0,972.2,295.2,540.1,544.4,400.3,2126.0,993.5
2026-07-14,09,3,official_closing,closing_displayed,https://www.boatrace.jp/owpc/pc/race/odds3t?hd=20260714&jcd=09&rno=3,8.8,24.0,151.7,93.5,66.0,1080.0,7.5,14.2,216.7,238.3,167.8,3034.0,5.6,11.0,207.6,113.8,131.9,1834.0,173.4,234.8,1434.0,737.3,758.6,3430.0,24.7,58.4,167.1,107.0,89.1,2390.0,58.3,75.9,177.6,259.5,205.4,4152.0,54.6,55.8,144.2,90.5,132.6,4152.0,426.4,593.2,1038.0,723.8,710.7,2629.0,20.4,36.9,334.3,375.7,390.5,3757.0,63.4,84.4,269.2,394.4,330.1,3586.0,34.9,36.5,323.3,398.4,502.5,3034.0,353.8,490.0,1547.0,2132.0,1753.0,3430.0,23.0,29.8,305.8,105.0,145.8,2390.0,67.3,56.8,249.6,87.2,119.9,3757.0,46.2,42.2,373.9,284.8,353.8,3586.0,428.7,419.6,2191.0,616.3,657.4,3430.0,410.9,1160.0,2629.0,1408.0,1793.0,3586.0,939.2,1610.0,2191.0,1547.0,1293.0,2720.0,788.9,2023.0,2720.0,2191.0,1878.0,4931.0,857.5,1272.0,3034.0,2465.0,2191.0,4931.0
2026-07-14,09,4,official_closing,closing_displayed,https://www.boatrace.jp/owpc/pc/race/odds3t?hd=20260714&jcd=09&rno=4,5.4,17.7,34.3,373.2,70.6,1036.0,55.5,98.6,99.5,469.7,90.9,1378.0,8.6,18.8,31.0,380.0,347.4,2508.0,248.8,348.3,360.3,1741.0,793.7,2786.0,7.5,37.3,57.0,423.6,87.1,1587.0,63.4,172.2,183.6,608.7,90.3,2162.0,9.5,17.2,19.3,586.0,395.6,3300.0,243.9,435.4,491.8,1409.0,964.7,3389.0,102.1,315.8,188.3,464.4,100.2,1844.0,122.4,452.7,194.7,692.8,86.4,2986.0,131.8,315.8,157.7,540.5,285.0,3919.0,681.5,1409.0,995.3,2022.0,639.8,3483.0,22.3,43.3,42.7,444.7,656.6,4324.0,27.4,53.9,40.6,567.4,533.6,4823.0,127.7,196.5,119.8,653.1,572.6,3800.0,398.1,516.0,309.6,1493.0,1587.0,3389.0,482.3,1241.0,1100.0,3058.0,1741.0,2668.0,630.2,1717.0,1475.0,3058.0,1425.0,3800.0,1194.0,2668.0,1844.0,2125.0,1628.0,3583.0,902.2,2055.0,1183.0,2200.0,1766.0,3215.0
2026-07-14,09,5,official_closing,closing_displayed,https://www.boatrace.jp/owpc/pc/race/odds3t?hd=20260714&jcd=09&rno=5,12.7,191.9,305.8,212.0,167.6,492.1,14.8,203.3,207.4,214.1,124.1,564.4,12.6,175.8,141.5,80.3,108.5,305.8,18.9,235.1,348.9,109.3,98.2,303.4,15.8,586.0,572.9,586.0,420.6,857.7,13.9,1030.0,1051.0,1058.0,936.2,1968.0,8.3,1248.0,924.9,821.0,803.8,1725.0,21.1,1190.0,1827.0,908.5,892.6,1706.0,28.1,634.4,458.3,506.7,277.1,1120.0,25.5,1112.0,829.9,971.7,892.6,1849.0,16.5,1181.0,642.4,624.1,661.8,1535.0,22.5,882.4,848.2,767.7,645.1,1535.0,20.4,554.3,264.2,116.4,157.8,383.8,13.2,1208.0,843.6,395.7,548.3,1268.0,18.3,1301.0,710.8,432.5,579.4,1128.0,18.0,1128.0,701.1,133.2,204.1,369.0,54.1,839.0,897.9,181.9,194.3,459.7,52.2,1633.0,1744.0,548.3,592.8,1370.0,43.8,1421.0,1208.0,518.7,496.8,1383.0,44.6,1550.0,1030.0,187.4,260.6,433.7
2026-07-14,09,6,official_closing,closing_displayed,https://www.boatrace.jp/owpc/pc/race/odds3t?hd=20260714&jcd=09&rno=6,6.2,24.0,14.6,234.5,237.9,1936.0,21.9,68.1,14.5,205.7,163.0,2808.0,27.0,87.6,17.0,357.7,445.7,4011.0,222.8,515.2,329.4,1220.0,1970.0,4883.0,5.2,38.6,35.0,317.3,300.3,4011.0,8.5,83.8,58.8,484.1,404.0,4883.0,10.7,73.0,60.1,891.4,1353.0,6607.0,187.2,286.5,290.2,1841.0,4160.0,4680.0,39.7,195.3,68.5,240.0,214.7,2496.0,34.1,178.0,97.8,534.8,363.5,4160.0,74.2,321.8,111.4,594.3,482.0,5616.0,399.7,1069.0,857.4,1903.0,2080.0,8640.0,56.8,237.4,83.1,545.2,672.6,8640.0,44.6,197.0,108.0,976.7,1458.0,5912.0,117.3,512.9,148.5,832.0,819.9,8023.0,458.4,1194.0,796.6,1676.0,3510.0,8640.0,734.1,2202.0,1386.0,1728.0,3744.0,8640.0,905.8,2496.0,2441.0,3744.0,6240.0,9360.0,1207.0,3209.0,2292.0,3209.0,4493.0,8023.0,1090.0,3035.0,2441.0,2956.0,4680.0,7020.0
2026-07-14,09,7,official_closing,closing_displayed,https://www.boatrace.jp/owpc/pc/race/odds3t?hd=20260714&jcd=09&rno=7,41.3,38.6,208.3,86.2,1748.0,731.0,28.2,18.8,235.1,240.7,2512.0,2010.0,336.4,400.0,935.0,687.3,1608.0,1101.0,131.6,77.6,609.1,210.5,5025.0,3496.0,104.8,40.3,124.8,37.9,1961.0,758.6,162.7,6.5,26.6,18.9,1297.0,487.3,924.3,152.5,312.8,261.0,1786.0,266.2,381.1,19.5,61.2,16.8,2680.0,1675.0,51.4,15.9,199.0,205.1,3829.0,2233.0,115.2,4.6,44.1,56.7,1462.0,586.9,512.1,107.9,558.4,773.2,2978.0,804.1,179.0,8.5,119.1,108.9,3216.0,3496.0,628.2,812.2,1101.0,1182.0,2680.0,957.3,864.6,554.5,711.6,765.8,2233.0,277.2,653.7,502.5,1748.0,1148.0,2297.0,737.7,1576.0,693.2,1710.0,1030.0,3092.0,1641.0,324.2,147.2,744.5,163.7,5743.0,4467.0,681.4,55.9,206.1,42.9,4467.0,4020.0,398.0,38.2,235.8,105.9,5360.0,4020.0,2010.0,518.8,1237.0,487.3,3829.0,3829.0
2026-07-14,09,8,official_closing,closing_displayed,https://www.boatrace.jp/owpc/pc/race/odds3t?hd=20260714&jcd=09&rno=8,34.8,132.9,149.6,297.9,1720.0,9.9,39.4,220.4,170.3,384.1,2443.0,12.8,359.2,946.9,565.5,939.6,1879.0,17.2,14.5,78.2,58.8,152.1,1090.0,65.7,34.6,266.7,238.5,431.6,2181.0,23.1,43.1,570.8,460.9,814.3,2492.0,43.6,442.5,1233.0,1120.0,1372.0,1745.0,55.9,15.7,241.4,201.2,340.2,2304.0,141.0,63.8,317.2,294.3,604.7,3301.0,24.8,79.1,632.9,425.6,932.4,2395.0,42.8,492.5,1209.0,754.0,1017.0,1357.0,52.4,23.8,282.1,166.4,404.4,1071.0,155.6,632.9,2181.0,1673.0,2070.0,3301.0,34.1,911.5,2599.0,1372.0,1607.0,2143.0,56.7,690.1,1938.0,1259.0,1259.0,1420.0,69.0,333.7,2304.0,860.2,969.4,1372.0,202.5,10.2,92.1,57.5,115.6,1053.0,135.7,12.1,151.9,105.5,210.2,1526.0,193.5,13.9,216.9,102.0,258.8,860.2,197.3,106.7,925.4,374.7,632.9,1035.0,235.3
2026-07-14,09,9,official_closing,closing_displayed,https://www.boatrace.jp/owpc/pc/race/odds3t?hd=20260714&jcd=09&rno=9,8.1,49.4,55.2,18.5,1095.0,495.9,9.9,46.8,31.3,22.2,1314.0,730.0,183.3,488.2,339.1,106.2,938.6,392.2,57.6,205.3,177.3,36.0,1971.0,1833.0,10.0,95.8,99.4,35.0,1576.0,896.0,10.3,97.0,89.6,47.0,2160.0,1030.0,179.6,938.6,694.6,184.8,2048.0,890.9,53.5,322.4,274.7,65.8,3285.0,2766.0,11.2,90.0,43.1,35.9,1923.0,1058.0,13.5,93.8,63.4,48.2,2074.0,967.4,168.4,682.6,254.3,175.8,1923.0,665.3,44.6,266.8,106.9,69.2,2975.0,2585.0,363.3,1420.0,1010.0,164.2,1176.0,333.3,439.2,2131.0,1134.0,223.3,1732.0,417.1,381.8,1792.0,1017.0,267.2,1732.0,499.0,483.7,3355.0,1642.0,187.7,1546.0,944.2,107.4,625.7,391.3,48.7,3355.0,3032.0,135.0,829.9,444.2,60.2,3584.0,3504.0,136.0,691.6,331.9,95.6,3667.0,3092.0,720.0,2464.0,1168.0,134.6,2048.0,1877.0
2026-07-14,09,10,official_closing,closing_displayed,https://www.boatrace.jp/owpc/pc/race/odds3t?hd=20260714&jcd=09&rno=10,19.2,52.0,122.4,30.3,166.1,504.6,14.8,32.3,79.2,60.1,271.7,861.2,40.3,67.0,174.3,27.8,125.7,456.7,56.8,93.9,221.6,31.7,149.0,797.7,31.0,118.8,224.2,50.3,285.6,755.9,23.5,82.0,172.7,76.1,449.6,844.4,48.7,257.2,331.6,49.6,238.7,509.1,74.0,239.7,332.2,48.2,294.3,951.1,18.8,52.8,162.8,153.5,618.2,1352.0,25.5,74.4,170.2,125.1,678.8,940.7,36.0,75.9,184.5,127.8,444.9,852.7,38.5,79.6,195.3,128.7,542.6,1291.0,81.3,221.0,537.5,24.3,93.0,430.6,83.3,391.6,534.2,32.5,97.8,378.7,68.8,155.1,324.1,66.7,180.5,624.9,133.7,373.8,500.3,21.2,74.7,366.7,134.3,244.4,820.4,44.7,262.2,878.7,158.9,354.7,627.1,46.6,288.5,883.1,115.7,180.1,448.4,89.8,424.2,1116.0,176.6,459.1,956.3,40.5,188.9,425.3
2026-07-14,09,11,official_closing,closing_displayed,https://www.boatrace.jp/owpc/pc/race/odds3t?hd=20260714&jcd=09&rno=11,14.3,137.3,58.2,251.1,189.3,334.8,30.6,224.7,34.4,181.0,72.0,201.2,25.2,189.3,19.8,182.6,208.0,404.2,26.4,226.3,37.8,218.6,131.9,191.8,10.6,206.3,170.7,441.8,347.4,676.6,12.1,589.7,374.8,706.4,529.0,1248.0,7.7,410.7,283.1,738.8,788.7,1298.0,13.5,584.3,395.5,818.8,624.1,1045.0,47.6,434.3,114.8,256.1,103.7,270.0,29.5,899.0,326.3,698.7,390.7,880.5,40.8,886.6,141.4,322.2,312.8,857.1,42.7,1147.0,187.4,414.7,221.6,345.6,35.2,437.3,50.9,256.6,310.5,662.7,17.6,694.9,206.0,544.7,747.4,1412.0,54.8,862.8,131.9,343.7,369.4,1036.0,35.5,931.6,100.4,279.4,364.2,730.4,48.9,738.8,147.7,325.4,207.7,281.9,32.4,1224.0,434.3,743.1,526.9,718.2,69.6,1397.0,290.8,476.1,279.4,372.6,43.0,1158.0,180.0,332.2,429.9,606.4
2026-07-14,09,12,official_closing,closing_displayed,https://www.boatrace.jp/owpc/pc/race/odds3t?hd=20260714&jcd=09&rno=12,6.2,25.1,82.6,275.2,43.7,915.0,11.3,39.2,118.8,379.5,68.3,1359.0,8.5,25.9,80.2,300.4,145.3,1419.0,54.3,146.6,272.2,684.6,131.6,1056.0,10.5,79.1,156.8,439.6,67.9,1331.0,16.7,206.1,263.8,580.0,139.5,1888.0,14.8,152.7,217.8,529.5,249.1,2118.0,63.4,558.0,1019.0,1295.0,229.5,1409.0,20.5,154.9,357.6,656.4,141.7,2190.0,29.2,261.3,372.9,713.9,196.2,2426.0,33.7,244.8,452.1,902.0,431.7,3392.0,87.7,656.4,910.6,1441.0,430.7,2699.0,15.1,73.7,193.9,466.4,342.3,2972.0,22.9,174.5,298.3,593.4,439.1,2972.0,45.7,258.5,517.3,917.1,599.9,3795.0,69.7,412.6,798.7,1101.0,730.2,3067.0,142.7,595.3,1172.0,1564.0,249.2,1137.0,167.4,1025.0,1379.0,1624.0,298.8,1317.0,216.6,1070.0,1666.0,2118.0,491.5,1808.0,182.3,885.4,1774.0,1861.0,616.3,2095.0
2026-07-14,13,1,official_closing,closing_displayed,https://www.boatrace.jp/owpc/pc/race/odds3t?hd=20260714&jcd=13&rno=1,18.0,143.6,32.0,270.6,293.0,957.4,44.4,343.1,24.1,162.4,90.8,539.1,44.9,363.0,12.7,239.5,306.4,1306.0,114.9,653.0,34.1,348.4,261.4,924.5,7.9,195.9,102.1,621.3,779.8,1978.0,7.7,640.5,226.4,924.5,688.0,2152.0,4.9,481.2,179.7,1486.0,1817.0,2717.0,16.7,992.7,352.6,1011.0,954.0,2989.0,57.3,681.1,57.7,206.6,119.4,654.6,30.3,921.3,183.7,667.5,375.7,1770.0,46.8,1351.0,78.5,376.8,441.0,1358.0,91.3,1503.0,159.9,545.7,344.4,1050.0,48.5,751.5,34.2,347.1,554.7,1921.0,15.3,709.8,119.9,996.4,1372.0,2612.0,48.6,1630.0,80.8,502.8,643.6,2152.0,56.5,1030.0,83.5,467.0,896.8,2169.0,237.8,985.5,124.0,607.3,523.4,1287.0,84.6,1758.0,424.3,1494.0,865.0,2745.0,192.7,2260.0,317.2,835.5,578.5,1494.0,152.2,1949.0,185.9,747.3,1107.0,1992.0
2026-07-14,13,2,official_closing,closing_displayed,https://www.boatrace.jp/owpc/pc/race/odds3t?hd=20260714&jcd=13&rno=2,66.3,91.0,156.3,42.9,391.5,2072.0,37.6,45.0,80.7,50.6,393.1,3293.0,103.2,103.2,155.0,41.3,238.2,2429.0,592.8,953.0,763.9,240.7,1294.0,3407.0,84.0,111.6,156.5,36.3,453.9,3446.0,47.8,31.8,40.5,18.8,234.8,3952.0,104.2,64.3,78.9,16.4,132.3,2409.0,598.8,879.5,1029.0,219.5,1489.0,4295.0,32.2,31.6,54.1,46.9,399.4,3900.0,36.0,23.2,25.6,19.6,239.0,3800.0,43.0,21.3,20.9,15.1,101.6,2511.0,277.8,337.6,320.4,216.5,1200.0,3800.0,217.7,143.7,199.4,31.4,148.2,2694.0,223.8,110.8,113.6,13.1,77.0,1841.0,133.1,61.1,52.8,13.2,68.6,2822.0,869.2,988.0,834.9,83.8,354.1,2490.0,1300.0,1153.0,2117.0,496.5,1674.0,3293.0,1576.0,2016.0,1852.0,451.1,1482.0,4295.0,898.2,1162.0,1266.0,554.0,1404.0,3120.0,1743.0,2179.0,1963.0,396.8,1171.0,2555.0
2026-07-14,13,3,official_closing,closing_displayed,https://www.boatrace.jp/owpc/pc/race/odds3t?hd=20260714&jcd=13&rno=3,12.9,15.4,96.6,33.3,155.6,942.4,8.0,8.8,184.1,129.8,466.2,3263.0,12.2,11.0,247.5,55.6,268.1,2455.0,124.3,110.9,749.6,400.6,1062.0,3521.0,33.9,39.4,92.8,34.9,142.1,1092.0,57.3,43.0,108.5,96.7,346.6,2598.0,74.3,53.4,109.9,42.5,216.8,1898.0,408.6,371.7,1057.0,362.6,1002.0,2598.0,20.4,21.1,222.8,253.6,641.8,2941.0,61.2,42.1,146.0,194.7,520.7,3568.0,42.6,30.4,240.0,223.5,828.6,2347.0,322.4,304.1,1041.0,898.1,1982.0,3823.0,39.4,42.1,362.6,65.3,290.5,2501.0,121.1,87.3,221.5,55.7,223.0,1845.0,71.2,60.1,420.8,166.5,625.3,2877.0,405.5,357.8,1324.0,308.6,976.7,3431.0,490.1,414.3,2327.0,935.8,2347.0,3568.0,1070.0,1066.0,1884.0,791.8,2307.0,3521.0,787.1,769.0,1997.0,1286.0,2847.0,3076.0,991.2,932.5,2909.0,1037.0,2787.0,3076.0
2026-07-14,13,4,official_closing,closing_displayed,https://www.boatrace.jp/owpc/pc/race/odds3t?hd=20260714&jcd=13&rno=4,56.5,55.7,42.1,45.3,857.8,1389.0,44.1,42.6,29.5,57.7,1013.0,1487.0,184.6,171.3,122.0,105.9,805.7,1309.0,304.2,330.1,190.3,195.0,1917.0,2289.0,56.5,49.2,42.3,37.7,925.2,1501.0,40.4,14.7,12.1,16.6,626.5,1026.0,172.9,65.7,50.2,39.5,449.5,721.7,211.9,131.6,97.3,94.7,1632.0,1952.0,44.9,33.1,24.2,41.7,1068.0,1466.0,47.2,14.1,9.8,17.5,614.4,967.4,144.3,40.9,22.9,41.0,555.4,515.8,214.7,104.3,53.8,86.0,1402.0,1607.0,513.3,351.6,274.1,129.7,768.7,1178.0,523.4,182.2,125.1,75.1,442.0,726.6,446.3,161.2,103.0,94.5,538.5,562.3,1075.0,493.4,308.4,205.3,1161.0,1494.0,853.2,516.6,338.5,262.6,2674.0,2816.0,816.1,301.4,201.5,173.7,2697.0,2608.0,642.9,265.6,158.5,161.3,2467.0,2393.0,1337.0,573.4,326.1,288.2,1567.0,1788.0
2026-07-14,13,5,official_closing,closing_displayed,https://www.boatrace.jp/owpc/pc/race/odds3t?hd=20260714&jcd=13&rno=5,86.2,277.7,77.8,82.7,1430.0,279.0,131.5,381.7,24.3,34.8,926.5,87.5,430.7,853.9,131.7,137.0,1116.0,111.0,131.5,417.1,18.7,29.5,994.0,523.8,55.5,346.8,167.8,193.0,1864.0,553.7,21.2,329.5,158.6,177.5,1671.0,418.7,158.3,918.7,422.0,378.4,2078.0,435.5,15.5,330.5,112.4,117.7,1711.0,1243.0,96.5,447.1,25.0,35.5,901.6,88.8,24.2,369.8,67.5,83.1,1474.0,217.1,201.8,914.8,82.3,88.1,839.2,55.7,28.3,355.6,12.2,17.0,655.2,329.8,749.8,1322.0,281.1,190.4,1007.0,87.3,494.7,1279.0,385.1,289.9,1558.0,170.1,701.5,2058.0,222.0,121.6,753.6,53.2,502.7,1176.0,131.7,73.2,567.4,243.3,124.0,574.9,25.1,23.6,914.8,837.5,27.0,499.2,69.0,51.4,1334.0,1283.0,40.1,532.8,16.3,16.3,660.1,550.2,296.2,1107.0,76.0,47.8,660.1,627.8
2026-07-14,13,6,official_closing,closing_displayed,https://www.boatrace.jp/owpc/pc/race/odds3t?hd=20260714&jcd=13&rno=6,12.1,64.5,40.2,805.0,30.2,853.8,134.6,426.4,201.1,1009.0,20.5,958.9,11.5,54.9,19.2,1026.0,275.4,2654.0,99.5,286.6,119.5,2069.0,59.4,657.6,10.4,104.9,87.9,1322.0,66.1,1229.0,77.1,735.5,532.4,1688.0,89.0,1727.0,5.4,111.0,81.7,2057.0,764.7,2775.0,54.4,505.9,349.2,2129.0,173.6,1083.0,352.2,1026.0,473.2,1294.0,33.0,1193.0,243.3,1317.0,718.2,1727.0,68.4,1850.0,266.7,1162.0,485.1,1545.0,422.5,2796.0,500.4,2093.0,1037.0,2526.0,107.6,817.6,10.9,89.0,26.6,1166.0,792.8,4522.0,7.3,121.9,56.6,1752.0,1267.0,3455.0,117.2,777.7,251.0,1501.0,904.4,3981.0,35.8,319.6,92.8,1859.0,1017.0,3556.0,257.2,603.4,380.7,3002.0,119.5,675.8,213.5,1177.0,661.2,2954.0,200.8,889.1,620.8,2409.0,1148.0,3241.0,167.2,668.4,163.0,679.6,259.7,3078.0,714.0,2817.0
2026-07-14,13,7,official_closing,closing_displayed,https://www.boatrace.jp/owpc/pc/race/odds3t?hd=20260714&jcd=13&rno=7,28.6,59.6,24.7,614.7,170.5,555.9,165.3,312.5,55.6,398.0,65.9,191.8,68.3,138.9,11.2,572.3,463.8,1069.0,98.2,179.9,12.5,636.9,112.9,388.4,16.3,61.0,48.5,953.9,330.3,837.8,50.3,183.5,134.2,927.7,184.8,478.6,9.9,57.1,41.9,1198.0,1005.0,1327.0,14.0,56.9,28.4,1015.0,367.0,932.0,294.6,606.5,121.0,434.6,63.9,180.2,163.7,476.9,192.0,710.4,121.7,318.4,261.3,809.4,100.4,472.5,349.4,608.3,277.5,824.2,103.3,466.0,66.8,185.4,78.1,259.1,18.9,604.7,844.8,2001.0,26.9,135.3,44.6,873.9,1125.0,1790.0,203.7,784.4,88.6,522.3,604.7,1107.0,56.1,298.3,17.5,545.4,678.4,1533.0,197.5,436.9,34.7,1039.0,141.7,419.7,66.4,208.2,35.0,1184.0,319.7,781.4,397.6,934.1,116.7,740.1,100.7,225.5,126.7,518.3,32.7,919.3,556.6,1164.0
2026-07-14,13,8,official_closing,closing_displayed,https://www.boatrace.jp/owpc/pc/race/odds3t?hd=20260714&jcd=13&rno=8,22.1,22.4,84.7,247.5,1773.0,31.4,65.3,62.6,241.3,435.0,1822.0,61.8,258.9,263.2,656.1,1344.0,2688.0,156.5,14.6,13.0,75.9,284.7,2877.0,405.5,41.7,30.3,68.3,257.2,2394.0,25.1,132.2,53.4,112.2,231.3,1802.0,22.5,425.4,304.8,556.0,1089.0,3094.0,58.1,39.9,11.6,30.5,121.3,1885.0,270.6,147.0,126.7,275.2,513.3,2543.0,72.4,202.0,91.9,160.7,300.6,2172.0,39.0,768.2,535.1,931.9,1407.0,3065.0,115.7,143.9,46.0,118.0,226.5,2877.0,469.9,808.0,814.0,1312.0,1532.0,3037.0,227.5,934.6,754.1,973.4,1584.0,3248.0,107.6,1333.0,1159.0,1420.0,1682.0,2852.0,187.4,874.8,556.0,1228.0,1344.0,2645.0,670.8,21.9,13.3,56.9,188.2,2903.0,845.5,38.7,9.6,30.8,104.4,2130.0,634.5,101.9,29.0,79.7,161.9,2466.0,908.7,339.9,166.4,448.7,656.1,2523.0,1034.0
2026-07-14,13,9,official_closing,closing_displayed,https://www.boatrace.jp/owpc/pc/race/odds3t?hd=20260714&jcd=13&rno=9,46.2,272.6,661.7,52.7,2692.0,31.0,9.2,73.2,658.7,245.4,2797.0,145.0,197.9,667.9,1522.0,335.8,2267.0,23.7,6.4,56.3,572.9,23.6,2164.0,257.5,98.6,696.0,928.5,112.1,3239.0,79.5,106.4,1099.0,1389.0,679.5,2991.0,425.7,431.6,2232.0,2220.0,1155.0,4441.0,122.2,74.2,944.8,1445.0,112.4,3846.0,819.0,12.8,143.8,1286.0,758.5,3339.0,474.4,70.4,777.6,1354.0,1173.0,3474.0,815.9,193.4,1470.0,2564.0,2797.0,5822.0,603.4,7.0,175.4,1234.0,727.7,4840.0,1758.0,554.4,2220.0,2354.0,914.7,3314.0,31.8,793.4,2579.0,2143.0,1644.0,4952.0,71.7,560.2,2692.0,3502.0,2341.0,5744.0,256.2,352.2,2186.0,3531.0,655.7,2132.0,279.0,7.1,102.9,780.4,24.7,2393.0,806.8,40.2,580.6,1359.0,56.7,4787.0,1480.0,6.3,176.2,1148.0,208.0,4223.0,1787.0,130.1,1018.0,2779.0,202.7,2032.0,796.3
2026-07-14,13,10,official_closing,closing_displayed,https://www.boatrace.jp/owpc/pc/race/odds3t?hd=20260714&jcd=13&rno=10,20.9,175.2,362.3,35.4,531.5,372.8,4.9,56.7,287.1,146.5,994.3,1157.0,27.3,189.6,690.7,79.6,430.9,210.3,11.2,117.6,598.6,29.4,537.3,977.5,48.8,438.0,555.4,88.4,925.2,678.5,38.0,650.4,755.5,508.8,1802.0,2190.0,108.0,945.4,1253.0,372.0,1357.0,763.8,74.5,1138.0,1367.0,149.9,1738.0,2306.0,5.1,109.9,454.1,428.2,1811.0,2291.0,24.0,532.3,714.9,790.0,1966.0,2836.0,18.4,405.6,1177.0,991.5,2525.0,1756.0,6.1,206.9,683.8,636.1,2601.0,3117.0,73.8,643.1,1177.0,163.6,566.3,237.3,169.7,1098.0,1244.0,346.7,1064.0,515.7,63.7,703.3,1901.0,791.8,2247.0,1485.0,91.3,1078.0,2097.0,193.1,709.1,1039.0,33.8,328.3,1429.0,60.7,1032.0,1624.0,115.6,1157.0,1840.0,131.6,1624.0,2682.0,22.9,387.5,1357.0,421.4,2563.0,2790.0,108.6,994.3,2836.0,186.1,1017.0,1357.0
2026-07-14,13,11,official_closing,closing_displayed,https://www.boatrace.jp/owpc/pc/race/odds3t?hd=20260714&jcd=13&rno=11,22.6,273.8,74.7,104.5,420.3,1391.0,25.2,268.2,19.5,53.6,195.6,1105.0,43.6,458.7,26.7,57.9,194.4,1279.0,115.5,671.1,76.1,150.2,485.6,1701.0,14.3,459.3,239.9,296.4,927.5,2524.0,5.4,695.6,272.3,526.5,1030.0,2844.0,7.5,821.6,403.4,497.0,1210.0,2866.0,40.3,1506.0,694.4,601.3,1537.0,3203.0,21.1,475.3,35.3,77.3,260.9,1314.0,8.7,726.1,142.6,326.6,802.5,2629.0,12.1,765.5,52.1,114.2,380.0,1483.0,44.5,1003.0,128.6,259.8,890.7,2397.0,61.9,1089.0,78.5,96.6,257.4,1650.0,27.9,1070.0,254.6,297.1,738.8,2166.0,31.2,1183.0,95.5,143.5,380.0,1694.0,103.3,1915.0,212.5,204.9,598.4,1732.0,328.9,1444.0,345.9,427.3,1053.0,2083.0,193.6,2647.0,918.6,830.5,1965.0,3025.0,189.6,2117.0,446.9,627.0,1512.0,2203.0,240.8,2665.0,591.9,523.6,1245.0,1906.0
2026-07-14,13,12,official_closing,closing_displayed,https://www.boatrace.jp/owpc/pc/race/odds3t?hd=20260714&jcd=13&rno=12,27.3,353.2,173.9,85.4,402.5,585.9,25.6,397.6,50.8,35.0,273.8,266.8,60.0,656.8,127.2,44.7,192.9,234.9,47.5,564.1,71.5,29.4,209.8,540.6,20.5,628.4,490.0,308.6,995.5,1328.0,6.6,1323.0,849.2,631.2,1525.0,2310.0,17.8,1828.0,1285.0,557.2,1391.0,1983.0,10.0,1700.0,1166.0,428.8,1297.0,2608.0,23.0,688.5,86.4,88.9,535.9,427.0,9.0,1320.0,409.0,445.6,1158.0,1880.0,19.9,1646.0,246.2,235.1,882.1,682.0,10.5,1386.0,143.5,140.3,811.3,1500.0,76.3,1189.0,311.5,64.9,236.6,293.8,45.4,1823.0,762.8,235.5,740.3,1225.0,46.8,2232.0,455.7,175.8,622.5,650.9,47.9,2417.0,450.0,73.5,278.3,699.1,85.9,1117.0,200.1,56.5,343.6,774.2,33.0,2288.0,821.4,227.8,1026.0,2121.0,32.8,1866.0,277.2,125.2,744.9,1585.0,69.8,2562.0,522.4,88.4,383.4,832.6
2026-07-14,15,1,official_closing,closing_displayed,https://www.boatrace.jp/owpc/pc/race/odds3t?hd=20260714&jcd=15&rno=1,27.2,140.6,165.1,52.4,132.7,1178.0,21.6,112.4,99.1,37.9,80.3,1768.0,24.1,134.4,73.8,19.2,56.8,1273.0,114.3,489.6,371.5,90.6,112.4,1136.0,31.2,354.9,288.4,125.4,287.5,1801.0,11.2,475.0,545.6,368.6,608.1,2652.0,11.9,653.9,809.1,192.5,402.8,2075.0,70.7,1060.0,1193.0,391.3,624.0,1801.0,18.1,198.9,126.4,109.6,172.0,1705.0,10.8,392.9,363.0,365.8,620.0,2893.0,8.8,330.3,199.7,158.3,256.6,1736.0,41.4,628.1,682.0,418.7,558.3,2170.0,27.7,301.2,149.8,28.6,71.7,1404.0,16.2,776.2,527.5,86.6,217.9,1909.0,12.4,406.3,275.1,81.8,169.2,1736.0,46.1,816.0,795.6,85.7,178.8,1256.0,244.8,1150.0,823.1,302.1,322.5,1344.0,222.5,1909.0,1705.0,499.9,672.4,2387.0,182.5,1591.0,1164.0,542.5,702.0,1646.0,173.9,1097.0,1240.0,269.7,518.9,1273.0
2026-07-14,15,2,official_closing,closing_displayed,https://www.boatrace.jp/owpc/pc/race/odds3t?hd=20260714&jcd=15&rno=2,25.6,90.3,66.4,190.0,51.0,252.3,58.2,230.3,56.4,142.5,24.0,211.2,32.4,152.6,21.5,95.8,58.7,426.0,80.7,265.0,94.4,190.4,29.0,138.7,15.5,152.0,130.5,361.8,95.2,366.8,22.1,419.2,301.2,517.8,122.0,468.8,7.9,296.7,171.8,300.1,271.3,910.7,40.7,754.6,539.0,452.7,169.3,546.4,72.4,426.0,124.7,177.2,34.6,243.8,47.9,546.4,308.3,578.3,114.0,445.1,48.6,665.8,124.3,165.4,91.8,683.0,119.6,1029.0,305.9,344.5,84.2,304.7,30.8,247.6,41.8,77.6,66.0,609.5,13.9,274.1,126.7,129.4,171.5,1015.0,47.6,578.3,100.1,107.3,86.5,740.5,29.7,726.9,113.3,92.0,101.8,554.0,175.3,870.7,246.0,252.3,42.3,122.8,114.3,1116.0,539.0,331.5,115.1,301.2,236.5,2141.0,591.3,474.4,87.7,205.8,79.3,1320.0,240.1,191.3,132.2,350.6
2026-07-14,15,3,official_closing,closing_displayed,https://www.boatrace.jp/owpc/pc/race/odds3t?hd=20260714&jcd=15&rno=3,10.8,22.9,231.9,230.5,32.1,469.4,13.0,27.4,369.7,568.0,137.2,1823.0,4.8,7.2,188.9,328.0,194.5,1866.0,35.9,52.5,712.7,732.6,113.6,739.5,31.0,83.3,285.0,277.0,29.7,598.4,72.1,195.5,442.9,783.9,109.3,1668.0,44.1,76.2,250.4,314.8,156.4,1479.0,158.6,311.1,732.6,576.4,77.8,522.6,42.4,106.3,559.9,808.2,257.0,2449.0,93.2,287.1,580.7,933.3,269.4,2177.0,71.0,100.7,761.1,1136.0,544.4,2239.0,151.6,303.8,1399.0,1073.0,505.7,2239.0,13.4,20.1,282.0,357.9,306.2,1781.0,46.0,53.2,332.1,319.9,262.1,1599.0,69.3,70.0,598.4,944.5,589.4,3266.0,57.5,72.5,687.6,486.9,502.5,2305.0,160.9,232.6,1351.0,871.0,159.3,719.2,463.8,791.8,1425.0,1119.0,154.9,519.1,483.9,725.9,1244.0,2449.0,466.6,1136.0,209.0,214.7,1285.0,1170.0,461.1,1351.0
2026-07-14,15,4,official_closing,closing_displayed,https://www.boatrace.jp/owpc/pc/race/odds3t?hd=20260714&jcd=15&rno=4,7.1,38.9,21.4,84.5,1209.0,420.7,13.8,85.1,19.9,88.7,790.0,301.2,93.9,307.2,95.4,217.4,1407.0,409.6,37.8,142.5,39.4,129.2,2037.0,1312.0,5.2,57.9,60.2,199.5,1580.0,1138.0,6.1,141.8,135.3,341.0,1138.0,1518.0,50.3,423.0,368.6,656.1,1518.0,1334.0,12.9,166.8,195.0,399.0,2977.0,3366.0,16.0,173.2,63.6,136.3,1460.0,450.1,17.0,309.6,135.8,309.6,1269.0,1334.0,107.8,703.8,335.1,703.8,1843.0,889.9,41.5,490.0,180.4,280.5,2765.0,2867.0,322.5,814.9,389.0,401.1,1985.0,553.0,256.3,1312.0,723.5,1209.0,1460.0,1090.0,319.9,1290.0,944.1,1407.0,2419.0,1046.0,434.9,2419.0,1173.0,1382.0,2497.0,2277.0,80.3,673.2,130.3,250.5,3225.0,2977.0,59.5,716.8,323.9,557.0,3096.0,5161.0,89.9,944.1,355.1,541.4,4074.0,2669.0,368.6,1935.0,751.6,1269.0,2765.0,3871.0
2026-07-14,15,5,official_closing,closing_displayed,https://www.boatrace.jp/owpc/pc/race/odds3t?hd=20260714&jcd=15&rno=5,16.9,133.7,59.3,359.9,87.5,1475.0,38.7,297.1,30.0,184.7,39.8,995.3,29.6,231.1,14.7,146.9,92.0,2189.0,136.5,495.3,98.7,396.9,108.2,932.8,11.6,201.1,168.4,803.1,285.3,3014.0,9.5,404.7,269.1,954.2,330.2,4245.0,5.0,219.2,142.7,954.2,756.4,4522.0,42.9,1350.0,812.6,1342.0,664.6,3410.0,44.8,530.6,76.8,208.6,61.6,1202.0,23.8,654.1,288.1,688.8,237.4,4078.0,31.6,900.5,64.3,130.3,159.0,2568.0,101.6,1962.0,284.1,563.7,217.6,1077.0,25.9,460.2,38.6,167.2,187.2,2929.0,10.1,425.4,131.0,478.2,566.8,3852.0,28.1,1014.0,65.5,157.0,189.1,3250.0,49.1,1475.0,176.2,279.9,346.7,2971.0,341.5,1926.0,388.8,686.5,251.2,1106.0,177.4,2889.0,1253.0,1223.0,577.8,3250.0,310.0,3302.0,675.4,937.0,307.7,1118.0,203.5,2059.0,406.3,695.7,520.0,2447.0
2026-07-14,15,6,official_closing,closing_displayed,https://www.boatrace.jp/owpc/pc/race/odds3t?hd=20260714&jcd=15&rno=6,10.0,68.7,250.4,184.4,175.2,70.5,10.3,58.9,575.9,695.5,574.1,265.5,6.4,36.6,465.4,348.4,456.2,224.7,4.8,28.9,361.3,208.2,210.6,176.3,22.8,226.7,349.0,332.0,297.7,124.1,57.6,653.5,1123.0,1631.0,1181.0,635.5,40.0,700.8,1189.0,890.3,1151.0,543.6,34.5,453.9,945.1,574.1,439.8,404.1,28.1,226.4,935.5,1279.0,1110.0,808.3,82.9,791.0,1189.0,2094.0,1843.0,1137.0,66.5,624.7,1660.0,2094.0,1900.0,1498.0,38.9,416.0,1355.0,1523.0,1523.0,1575.0,18.3,160.1,886.1,546.9,808.3,490.1,57.8,706.1,1220.0,945.1,1262.0,761.6,68.9,614.3,1738.0,1981.0,1880.0,1660.0,24.7,229.2,1307.0,692.9,1001.0,1365.0,12.7,94.4,581.4,318.8,340.6,407.7,53.8,458.4,1166.0,446.2,492.8,608.2,49.6,360.6,1279.0,1428.0,1375.0,1345.0,32.5,212.8,1523.0,780.9,1071.0,1018.0
2026-07-14,15,7,official_closing,closing_displayed,https://www.boatrace.jp/owpc/pc/race/odds3t?hd=20260714&jcd=15&rno=7,4.9,11.0,165.0,266.0,468.8,112.6,10.7,21.5,384.8,687.0,1302.0,509.4,14.5,23.0,391.6,532.0,1564.0,844.1,5.4,6.8,295.5,371.4,769.6,646.8,23.6,55.6,206.6,303.6,600.9,139.3,86.4,225.5,623.0,874.9,1411.0,449.0,96.8,211.9,628.5,707.2,1919.0,645.4,54.8,88.7,343.5,361.6,864.4,885.7,45.1,99.0,777.9,790.8,1230.0,992.6,126.6,302.6,867.0,1326.0,1755.0,975.7,204.4,356.2,1345.0,1723.0,3234.0,2503.0,107.1,180.0,1179.0,1332.0,2503.0,2148.0,71.8,132.7,808.5,846.6,1209.0,1555.0,190.2,397.0,1308.0,792.9,2085.0,1098.0,285.5,519.5,2503.0,1857.0,3510.0,3095.0,157.1,184.8,1971.0,726.9,2164.0,2794.0,27.9,35.2,615.0,556.7,1102.0,1683.0,83.4,104.7,641.1,444.9,1124.0,1453.0,164.4,204.5,1673.0,1644.0,2027.0,2197.0,153.3,160.4,1326.0,962.7,2398.0,2640.0
2026-07-14,15,8,official_closing,closing_displayed,https://www.boatrace.jp/owpc/pc/race/odds3t?hd=20260714&jcd=15&rno=8,3.7,6.0,69.9,250.1,503.7,634.2,9.3,13.7,146.1,408.7,725.8,1624.0,19.0,26.8,171.3,569.4,995.0,2249.0,45.4,55.5,474.6,1100.0,1261.0,1669.0,9.3,20.4,72.9,304.0,596.6,730.2,24.3,36.3,118.3,393.2,879.0,1692.0,35.3,54.3,171.6,794.2,1521.0,2398.0,131.0,131.2,434.7,1366.0,1968.0,2897.0,31.7,61.1,253.4,551.2,1191.0,2235.0,52.2,75.5,229.5,491.4,1131.0,1936.0,113.2,149.1,412.0,1160.0,1616.0,3262.0,239.2,291.3,923.9,1766.0,2587.0,3852.0,77.3,136.7,469.7,1055.0,1595.0,3482.0,103.2,173.5,442.7,1275.0,2046.0,3177.0,179.5,295.4,682.0,1351.0,2321.0,4416.0,320.2,537.3,1653.0,1236.0,3233.0,4162.0,209.1,323.9,1521.0,2351.0,1784.0,2118.0,328.3,541.3,1442.0,2605.0,3449.0,3852.0,493.4,868.5,2130.0,3384.0,3936.0,4829.0,479.0,976.2,2336.0,3733.0,4311.0,3733.0
2026-07-14,15,9,official_closing,closing_displayed,https://www.boatrace.jp/owpc/pc/race/odds3t?hd=20260714&jcd=15&rno=9,4.5,20.5,74.5,335.1,714.4,42.7,10.7,37.1,180.8,513.0,937.3,74.6,31.4,86.1,282.2,794.6,1419.0,150.3,6.7,24.8,112.7,377.1,1015.0,263.7,9.0,73.9,112.7,388.8,983.5,64.9,25.5,229.6,414.6,1029.0,1740.0,167.4,59.2,390.6,673.8,1539.0,2626.0,253.7,17.1,148.8,258.0,617.8,1667.0,484.7,41.7,187.8,411.8,755.0,1424.0,191.1,59.6,358.9,546.9,1182.0,1958.0,265.6,137.0,725.0,929.3,1790.0,2296.0,494.5,55.3,259.5,458.3,945.4,2249.0,810.8,139.7,450.3,793.2,1636.0,2658.0,445.8,184.4,765.5,1075.0,1874.0,3067.0,560.2,252.1,979.1,1297.0,2261.0,3178.0,793.2,158.9,540.9,1029.0,1337.0,2674.0,1246.0,16.1,71.1,214.1,509.4,1497.0,941.3,28.0,158.6,314.4,653.7,1706.0,1032.0,57.2,262.0,484.1,1046.0,2139.0,1375.0,117.5,366.1,747.3,1232.0,2450.0,1379.0
2026-07-14,15,10,official_closing,closing_displayed,https://www.boatrace.jp/owpc/pc/race/odds3t?hd=20260714&jcd=15&rno=10,5.7,30.8,31.3,135.5,204.6,1513.0,8.9,63.5,37.0,135.2,188.6,1570.0,16.8,83.7,42.1,127.2,244.7,2981.0,58.2,275.8,139.7,303.7,422.7,2622.0,6.7,76.7,77.1,307.1,420.6,2431.0,10.1,202.8,178.4,457.5,576.4,2555.0,14.1,239.5,204.7,507.5,1003.0,2999.0,56.3,450.1,409.9,889.8,1054.0,3656.0,15.0,212.3,122.0,239.0,340.0,1869.0,18.1,322.9,213.5,399.1,624.6,2298.0,28.7,490.6,246.6,480.7,875.8,3017.0,72.2,764.8,525.1,957.8,1133.0,4106.0,34.3,295.3,152.3,199.2,339.8,3824.0,36.3,525.1,264.0,329.7,547.5,2693.0,59.8,801.5,313.8,396.6,711.5,3975.0,135.5,1045.0,478.4,381.2,614.6,3738.0,265.9,1048.0,650.6,905.9,1075.0,2798.0,259.1,1189.0,1143.0,1236.0,1532.0,3454.0,360.9,1876.0,1325.0,1642.0,1560.0,3656.0,374.1,1715.0,1028.0,914.1,1669.0,3274.0
2026-07-14,15,11,official_closing,closing_displayed,https://www.boatrace.jp/owpc/pc/race/odds3t?hd=20260714&jcd=15&rno=11,5.7,50.1,44.4,93.5,1041.0,1332.0,5.9,59.3,38.2,90.3,791.8,1568.0,38.5,225.0,119.3,241.1,892.2,1771.0,38.9,224.3,146.1,228.7,1362.0,2881.0,6.5,123.6,110.1,206.2,1751.0,2035.0,5.8,243.5,192.2,345.3,2106.0,2796.0,29.6,809.2,587.5,733.5,2465.0,2391.0,34.6,810.6,576.9,603.0,3167.0,3985.0,10.4,195.0,104.8,194.0,1229.0,2144.0,11.0,314.4,183.1,367.8,2070.0,3007.0,39.5,833.1,364.5,703.3,2026.0,2321.0,36.0,674.5,378.6,571.3,2585.0,3920.0,150.1,1152.0,506.6,588.9,1431.0,2173.0,129.1,1745.0,1026.0,1021.0,2452.0,2367.0,147.4,1860.0,773.8,935.9,2403.0,2863.0,280.9,2116.0,1235.0,948.9,2224.0,3826.0,151.1,1175.0,741.4,754.3,2813.0,3985.0,158.8,1758.0,1453.0,751.9,4195.0,6053.0,137.7,1453.0,954.6,1044.0,3085.0,4308.0,337.9,2379.0,1726.0,1278.0,3046.0,3465.0
2026-07-14,15,12,official_closing,closing_displayed,https://www.boatrace.jp/owpc/pc/race/odds3t?hd=20260714&jcd=15&rno=12,8.0,98.0,66.9,90.9,193.0,1988.0,7.1,109.6,46.2,86.4,182.9,2578.0,13.0,145.4,63.7,71.5,171.2,1939.0,88.4,476.9,248.6,216.4,413.6,2955.0,10.8,270.2,222.4,276.5,544.5,3078.0,8.5,621.2,413.6,533.2,983.4,3716.0,14.7,830.6,518.3,461.9,1017.0,4193.0,82.9,1624.0,1022.0,977.4,1683.0,4392.0,9.2,331.8,109.9,184.6,430.5,2806.0,11.8,639.4,267.6,501.2,998.5,3969.0,13.3,741.8,181.8,339.3,731.6,3347.0,62.8,1426.0,511.2,727.8,1491.0,5006.0,23.9,549.6,227.5,144.2,296.9,2431.0,28.3,1164.0,522.9,328.6,687.2,4162.0,28.8,1047.0,310.6,353.1,700.7,3858.0,110.0,1712.0,792.1,378.2,873.0,3805.0,249.4,1622.0,1023.0,706.9,1489.0,3858.0,251.6,2690.0,1849.0,1406.0,2458.0,4895.0,234.7,2646.0,1497.0,1450.0,2827.0,5074.0,284.4,2665.0,1539.0,913.9,2141.0,3913.0
2026-07-14,21,1,official_closing,closing_displayed,https://www.boatrace.jp/owpc/pc/race/odds3t?hd=20260714&jcd=21&rno=1,7.5,34.0,60.3,115.5,92.1,157.8,13.9,60.2,93.1,231.4,116.6,305.5,9.4,41.6,50.9,159.3,201.5,350.4,27.2,64.7,95.4,191.0,128.8,237.9,11.3,85.1,120.9,187.2,172.7,248.2,19.9,232.6,198.9,405.0,255.0,377.7,14.0,116.8,140.2,278.4,506.4,566.5,35.9,180.3,223.4,323.2,265.7,374.3,27.0,178.7,210.5,359.9,228.7,554.7,40.4,416.6,251.2,421.4,307.1,571.0,47.2,308.8,249.9,460.0,650.0,970.7,61.5,347.9,292.9,547.4,372.4,690.0,23.2,128.1,119.3,208.4,414.2,735.4,30.2,176.7,182.4,248.9,495.2,782.8,55.2,385.2,293.5,486.1,824.9,1266.0,48.2,216.6,201.5,266.1,469.7,907.2,66.7,226.6,296.8,391.9,232.0,370.5,91.6,358.6,411.3,435.3,283.2,414.2,129.8,602.9,540.2,795.6,366.7,614.3,97.1,337.8,386.7,390.8,564.3,859.0
2026-07-14,21,2,official_closing,closing_displayed,https://www.boatrace.jp/owpc/pc/race/odds3t?hd=20260714&jcd=21&rno=2,17.5,83.6,178.7,17.4,1665.0,639.1,5.4,42.0,85.0,30.9,1993.0,1018.0,144.9,596.0,586.2,77.7,959.8,249.9,37.7,201.0,277.5,20.0,1926.0,2283.0,24.5,321.3,335.8,46.8,2483.0,1025.0,12.3,328.8,335.0,155.1,3146.0,1608.0,186.8,1792.0,1323.0,319.5,2696.0,873.8,63.3,797.5,852.8,94.8,3932.0,3539.0,5.1,88.7,124.4,94.3,3539.0,1665.0,7.3,253.9,266.3,192.2,2775.0,2128.0,51.0,687.2,835.2,511.0,3292.0,1119.0,11.4,242.8,339.9,156.4,4290.0,4494.0,382.1,1737.0,1826.0,195.8,1004.0,269.9,495.8,3077.0,2066.0,390.5,1705.0,598.6,225.7,1850.0,2022.0,655.4,2831.0,860.6,518.5,3044.0,2949.0,247.9,1564.0,1675.0,118.9,735.4,767.3,49.0,2831.0,3932.0,167.9,1231.0,1329.0,89.6,3584.0,4566.0,61.3,623.6,722.2,139.3,3878.0,5243.0,444.4,2775.0,3077.0,214.0,2340.0,2722.0
2026-07-14,21,3,official_closing,closing_displayed,https://www.boatrace.jp/owpc/pc/race/odds3t?hd=20260714&jcd=21&rno=3,24.9,178.1,30.6,608.9,106.7,1525.0,81.6,496.4,23.3,239.8,34.8,1486.0,39.7,239.4,7.0,211.0,103.3,2569.0,215.8,969.8,74.8,909.5,141.0,1645.0,12.4,271.4,111.4,1084.0,260.8,2306.0,14.4,858.9,254.0,1442.0,302.5,3905.0,4.1,391.5,118.6,1273.0,787.3,4125.0,51.7,1618.0,471.6,1939.0,747.1,4648.0,127.3,923.9,76.6,252.7,46.0,1591.0,51.2,1362.0,222.2,906.7,162.9,2988.0,58.4,1525.0,57.3,197.6,122.6,2077.0,132.7,2440.0,266.7,890.2,192.8,1509.0,33.3,451.2,17.0,180.9,163.0,3615.0,12.1,528.6,57.6,687.5,523.9,3366.0,47.4,1368.0,36.1,193.3,187.2,3707.0,63.2,1683.0,60.4,658.1,517.4,3254.0,568.7,3050.0,317.3,1574.0,353.7,1901.0,330.9,3486.0,954.0,2185.0,714.3,3254.0,528.6,4012.0,461.2,1753.0,371.2,1479.0,359.8,3571.0,289.1,1541.0,789.4,3083.0
2026-07-14,21,4,official_closing,closing_displayed,https://www.boatrace.jp/owpc/pc/race/odds3t?hd=20260714&jcd=21&rno=4,26.0,307.0,167.7,452.3,1438.0,707.4,45.8,581.8,86.1,194.7,333.5,214.5,80.0,955.8,90.9,230.6,912.9,488.6,49.0,661.4,69.1,150.2,789.9,856.4,17.4,643.2,542.5,1051.0,3209.0,1502.0,3.9,1621.0,1044.0,2117.0,2849.0,2363.0,8.4,2345.0,1445.0,2193.0,3859.0,3209.0,4.6,1703.0,1244.0,1524.0,3425.0,3350.0,46.0,1100.0,271.0,375.5,1229.0,328.5,9.9,2060.0,819.6,1524.0,2499.0,1703.0,27.2,2562.0,756.6,1066.0,2960.0,1040.0,14.6,1859.0,429.4,639.2,1337.0,1571.0,102.4,2540.0,544.4,391.4,1438.0,806.6,29.8,3314.0,1405.0,1418.0,3049.0,2478.0,46.6,3718.0,1275.0,1040.0,2989.0,1563.0,40.1,3959.0,724.2,507.3,1752.0,2499.0,67.7,1502.0,216.8,265.1,599.0,1571.0,18.2,2345.0,1009.0,1137.0,3545.0,3718.0,32.7,2478.0,583.0,573.1,431.8,2088.0,54.0,3909.0,312.0,568.8,2674.0,3143.0
2026-07-14,21,5,official_closing,closing_displayed,https://www.boatrace.jp/owpc/pc/race/odds3t?hd=20260714&jcd=21&rno=5,16.0,284.4,104.5,107.4,538.4,613.8,14.8,256.8,35.7,61.5,359.5,465.8,44.5,677.0,81.4,125.4,337.1,374.9,33.5,469.6,62.1,66.7,375.3,1058.0,13.3,561.4,368.8,311.9,1436.0,1378.0,5.1,982.5,501.3,718.3,1965.0,2735.0,19.2,2123.0,993.9,1102.0,2495.0,1878.0,13.3,1858.0,955.0,581.4,2407.0,3841.0,13.3,422.1,73.0,113.8,566.0,800.7,7.3,1042.0,313.3,508.0,1667.0,2220.0,24.6,1818.0,273.3,440.6,1042.0,872.2,11.8,939.3,162.7,259.0,1486.0,2735.0,94.9,1790.0,383.3,256.5,499.8,496.2,53.6,2922.0,1052.0,949.7,1590.0,1315.0,61.4,3225.0,606.2,647.5,1159.0,1075.0,58.0,3136.0,673.0,352.1,867.8,1726.0,59.3,1221.0,280.4,172.5,1052.0,1762.0,41.7,2264.0,892.7,470.3,2150.0,3524.0,37.5,1568.0,394.3,342.9,1828.0,2873.0,77.8,3080.0,743.2,457.1,1295.0,2011.0
2026-07-14,21,6,official_closing,closing_displayed,https://www.boatrace.jp/owpc/pc/race/odds3t?hd=20260714&jcd=21&rno=6,29.1,90.5,109.4,23.3,419.3,876.4,11.7,43.1,38.6,30.8,448.7,1015.0,72.3,212.7,183.6,26.6,170.2,309.6,65.5,192.3,145.2,19.5,342.4,876.4,37.2,197.3,212.2,55.4,778.1,1251.0,13.6,200.6,179.8,130.9,1167.0,2555.0,66.5,798.6,538.3,137.8,889.2,1007.0,63.6,731.2,616.1,110.0,1480.0,2667.0,8.3,67.3,61.3,61.5,959.5,1566.0,9.1,171.9,141.9,145.6,1507.0,3073.0,17.9,285.2,183.9,145.8,926.6,1139.0,13.5,237.3,144.8,119.1,1312.0,2790.0,119.0,608.4,530.0,39.3,169.1,288.3,129.7,1629.0,756.3,96.9,517.6,744.7,53.6,811.9,515.4,152.3,573.9,863.9,118.8,1411.0,963.3,47.1,246.2,620.9,218.5,889.2,654.3,42.3,550.5,1083.0,199.1,1618.0,1312.0,101.7,1356.0,2925.0,77.6,707.8,599.4,140.0,1088.0,3152.0,205.2,1942.0,1403.0,71.8,391.5,809.2
2026-07-14,21,7,official_closing,closing_displayed,https://www.boatrace.jp/owpc/pc/race/odds3t?hd=20260714&jcd=21&rno=7,15.0,54.1,129.1,30.0,91.0,1410.0,6.0,23.7,123.6,96.7,224.3,2721.0,9.3,31.7,153.0,30.4,95.0,1651.0,242.1,445.1,775.8,282.0,663.9,2841.0,27.5,129.4,174.6,48.5,151.5,2476.0,23.5,157.4,229.7,177.4,398.3,3274.0,30.9,191.2,290.0,63.8,189.5,2033.0,372.9,1222.0,1679.0,414.5,1262.0,3577.0,9.6,49.9,170.6,221.5,424.6,2683.0,22.6,137.0,212.3,298.1,532.2,3331.0,11.4,70.0,193.1,252.5,497.9,2327.0,219.5,503.1,1156.0,980.7,1637.0,4712.0,22.9,83.7,262.8,40.0,112.9,1894.0,45.1,185.7,338.9,59.2,142.2,1709.0,27.6,103.9,340.7,165.4,411.9,2721.0,342.5,924.3,1665.0,302.3,737.3,2220.0,668.5,1271.0,2170.0,659.3,2195.0,2972.0,907.0,1894.0,2841.0,712.9,2195.0,3389.0,710.2,1222.0,2414.0,1178.0,3331.0,3942.0,723.5,1772.0,3274.0,839.9,1971.0,2883.0
2026-07-14,21,8,official_closing,closing_displayed,https://www.boatrace.jp/owpc/pc/race/odds3t?hd=20260714&jcd=21&rno=8,13.8,23.1,133.4,56.9,237.8,453.4,9.0,11.9,132.2,188.6,433.1,1124.0,20.0,32.0,192.6,98.1,310.8,885.1,30.3,32.9,287.5,127.4,341.5,1204.0,26.2,48.7,119.5,57.4,251.9,495.3,34.3,48.4,98.8,141.2,343.3,1012.0,52.4,74.2,164.1,83.0,230.3,337.0,92.3,74.9,167.9,63.6,274.3,877.5,17.4,20.9,183.0,278.5,618.8,1143.0,42.3,43.0,139.7,254.1,505.1,1211.0,50.0,39.9,214.3,310.3,692.4,1590.0,53.9,31.0,278.8,360.9,834.3,1817.0,58.6,87.2,294.6,106.9,311.7,830.9,113.9,114.2,304.3,89.9,215.2,329.4,98.2,82.9,339.8,246.4,522.0,1475.0,162.0,118.3,469.1,117.8,270.7,827.6,144.2,108.3,644.2,195.7,548.7,1241.0,290.4,211.1,607.7,115.8,408.8,1038.0,180.0,89.2,706.9,458.5,848.3,1725.0,280.8,187.1,786.0,209.6,494.1,896.8
2026-07-14,21,9,official_closing,closing_displayed,https://www.boatrace.jp/owpc/pc/race/odds3t?hd=20260714&jcd=21&rno=9,7.2,34.3,120.5,183.7,356.8,76.9,13.6,38.4,144.6,309.6,471.5,144.2,13.0,68.0,171.4,216.4,498.1,205.2,6.6,27.2,93.3,160.9,273.2,190.9,17.0,120.8,208.8,300.6,526.1,137.4,30.4,319.5,420.9,762.3,1048.0,330.0,16.6,386.7,549.0,592.7,998.1,494.8,11.0,177.9,286.4,388.3,733.4,484.8,31.6,175.0,337.7,554.2,825.1,303.1,57.4,472.2,486.5,952.2,1175.0,520.5,73.0,506.8,717.1,1048.0,1528.0,1015.0,37.6,237.8,356.3,686.6,1096.0,1180.0,56.9,257.0,440.7,376.2,602.5,407.3,93.6,499.9,685.0,632.7,825.1,620.6,112.7,652.6,927.9,994.6,1587.0,1180.0,57.0,357.2,451.7,361.7,616.6,958.5,18.7,84.3,210.4,259.0,407.3,449.6,33.1,202.5,383.1,409.0,644.0,726.1,60.3,268.1,493.1,670.7,936.9,1363.0,58.8,300.3,504.2,438.7,655.6,984.5
2026-07-14,21,10,official_closing,closing_displayed,https://www.boatrace.jp/owpc/pc/race/odds3t?hd=20260714&jcd=21&rno=10,9.2,70.5,111.7,135.1,137.0,1441.0,16.1,87.5,62.0,93.8,88.3,1730.0,14.9,87.3,42.7,68.0,111.5,2031.0,76.2,274.4,217.8,234.4,209.5,1449.0,12.8,207.3,257.1,273.6,257.8,1836.0,8.1,417.0,532.0,610.8,475.4,3438.0,6.8,274.4,327.0,345.1,643.0,2852.0,52.3,985.8,865.0,738.7,768.3,3724.0,22.3,240.9,173.5,185.5,157.5,1915.0,13.8,492.9,512.7,660.5,418.3,3528.0,16.3,405.6,246.4,264.9,361.8,3270.0,64.8,964.6,825.1,798.1,598.5,3192.0,25.8,267.3,108.1,86.3,161.5,2253.0,14.0,440.3,318.4,221.0,442.5,2415.0,25.3,640.0,254.4,192.6,349.6,3118.0,66.0,1094.0,526.8,228.4,353.3,3013.0,247.3,1099.0,947.5,589.3,515.7,1515.0,208.6,2234.0,1901.0,944.2,1165.0,2852.0,248.5,1697.0,1019.0,1160.0,893.8,2822.0,231.5,1799.0,1202.0,610.8,795.7,2483.0
2026-07-14,21,11,official_closing,closing_displayed,https://www.boatrace.jp/owpc/pc/race/odds3t?hd=20260714&jcd=21&rno=11,6.7,52.5,34.5,352.0,245.1,484.0,16.5,96.9,50.1,280.0,183.0,363.9,16.6,89.4,40.2,389.9,381.9,769.1,26.4,109.9,49.8,371.2,240.7,627.3,7.3,105.3,84.8,632.6,462.1,816.6,11.0,252.0,110.1,853.9,618.6,1377.0,11.0,216.5,97.7,1106.0,1386.0,1768.0,15.7,278.2,115.0,1016.0,790.7,1727.0,38.4,305.9,91.9,378.7,362.8,500.1,29.1,598.8,135.6,774.4,547.7,1044.0,56.7,788.0,123.0,715.2,887.6,1100.0,53.9,753.6,124.9,572.9,532.1,1020.0,33.8,289.0,99.9,528.4,686.8,1079.0,27.3,458.3,120.8,1007.0,1220.0,1714.0,79.6,816.6,156.8,972.2,1200.0,1458.0,50.5,656.6,118.0,686.8,870.4,2364.0,88.2,388.5,182.7,733.9,446.4,819.6,57.1,816.6,259.0,1169.0,853.9,1639.0,135.0,998.1,273.8,1084.0,615.3,1106.0,115.7,998.1,276.2,1194.0,1175.0,2005.0
2026-07-14,21,12,official_closing,closing_displayed,https://www.boatrace.jp/owpc/pc/race/odds3t?hd=20260714&jcd=21&rno=12,10.3,41.5,54.0,89.9,72.8,792.1,13.0,47.3,55.8,127.2,70.2,1057.0,15.2,42.3,39.7,62.7,90.0,1290.0,64.1,156.8,133.0,149.5,119.8,1203.0,11.9,124.3,117.7,153.8,141.3,1590.0,14.9,183.0,164.1,281.4,188.8,2051.0,13.3,137.3,105.1,144.8,223.5,2126.0,64.0,398.3,301.0,268.2,310.1,2385.0,19.9,130.5,134.1,205.7,139.6,1865.0,27.1,248.0,195.4,293.5,182.0,2062.0,25.5,189.3,110.2,152.6,221.0,2137.0,76.8,451.9,315.1,361.5,252.0,2413.0,24.9,142.0,85.2,72.2,121.2,2011.0,28.4,193.7,102.1,108.0,167.6,1944.0,37.8,224.7,128.7,123.3,196.0,2442.0,74.0,497.9,184.3,105.1,170.6,2051.0,200.4,706.2,611.5,343.6,398.3,1596.0,227.9,1224.0,834.0,415.7,527.4,2305.0,271.0,991.1,909.8,617.9,504.1,2093.0,279.9,1010.0,630.3,343.6,556.7,2051.0
2026-07-14,22,1,official_closing,closing_displayed,https://www.boatrace.jp/owpc/pc/race/odds3t?hd=20260714&jcd=22&rno=1,5.5,44.5,202.8,297.7,331.7,168.1,6.0,38.3,375.2,796.9,1017.0,566.4,13.2,64.1,425.8,498.9,616.8,410.2,4.4,30.5,313.7,380.7,394.1,566.4,15.0,186.2,305.2,381.6,449.1,284.5,36.1,504.5,709.1,1765.0,2339.0,1305.0,55.4,654.9,909.6,1085.0,1385.0,735.1,27.7,449.1,623.2,714.7,616.8,909.6,20.4,209.1,914.2,1233.0,1731.0,1132.0,58.6,735.1,1208.0,2434.0,2573.0,1500.0,55.8,577.2,1801.0,2536.0,3001.0,2170.0,33.8,328.6,1488.0,2309.0,2648.0,3001.0,40.3,227.7,1154.0,744.2,1429.0,1023.0,104.1,1139.0,1765.0,1177.0,1593.0,1041.0,95.5,732.1,2251.0,2369.0,3832.0,3001.0,54.6,394.9,1801.0,914.2,1652.0,2279.0,15.6,148.3,735.1,606.4,537.6,1177.0,44.9,575.4,1125.0,830.0,569.9,1125.0,49.4,464.2,1464.0,2434.0,2401.0,3531.0,61.0,427.8,1936.0,1526.0,1407.0,1957.0
2026-07-14,22,2,official_closing,closing_displayed,https://www.boatrace.jp/owpc/pc/race/odds3t?hd=20260714&jcd=22&rno=2,9.9,77.7,153.9,343.0,771.8,33.2,26.6,176.4,162.3,288.8,937.5,25.8,59.2,278.9,343.7,439.9,860.9,73.9,7.5,50.2,60.5,158.0,414.5,125.5,14.6,238.7,264.5,632.7,1261.0,94.2,26.0,782.0,688.7,1178.0,1755.0,137.8,72.0,1072.0,947.5,1421.0,3511.0,332.8,7.7,248.3,258.0,743.0,1336.0,522.0,55.9,467.5,291.6,517.5,1432.0,70.2,52.9,913.6,583.3,1455.0,2012.0,140.2,128.4,1288.0,778.6,1356.0,2842.0,248.0,31.4,587.1,306.1,508.7,1455.0,470.0,134.9,860.9,707.8,803.0,1235.0,197.2,178.1,1492.0,1201.0,1613.0,3255.0,472.5,246.3,1827.0,1147.0,1504.0,2387.0,357.4,87.2,923.0,725.0,471.2,937.5,470.0,8.3,93.9,77.9,179.6,486.6,385.1,7.6,210.6,195.2,405.1,1011.0,778.6,25.2,563.1,258.0,363.2,1065.0,825.2,50.8,665.7,581.4,365.4,813.9,621.7
2026-07-14,22,3,official_closing,closing_displayed,https://www.boatrace.jp/owpc/pc/race/odds3t?hd=20260714&jcd=22&rno=3,9.4,15.9,9.6,413.8,722.9,1104.0,32.1,43.9,14.9,209.8,396.9,1115.0,60.7,82.0,23.7,633.0,830.5,2054.0,143.8,199.5,66.1,1009.0,1055.0,3165.0,6.7,20.1,16.5,502.6,796.6,2252.0,12.9,36.4,27.4,318.2,532.3,1561.0,20.3,63.6,38.2,770.4,984.1,3548.0,61.5,127.0,91.6,1259.0,1377.0,2439.0,86.1,153.0,37.3,153.0,347.5,1126.0,61.4,94.2,41.8,269.2,457.4,1045.0,179.6,292.0,47.8,344.4,661.6,1501.0,298.7,539.6,102.1,438.6,647.0,2390.0,185.0,313.9,66.2,936.9,1346.0,4182.0,112.1,212.9,91.9,1219.0,1301.0,4038.0,300.2,496.2,73.2,824.7,1036.0,2296.0,421.2,791.3,149.5,1055.0,1482.0,3548.0,563.0,760.4,256.8,1673.0,2091.0,3081.0,337.5,518.2,296.4,1888.0,2390.0,3548.0,824.7,959.9,236.5,1195.0,1501.0,2545.0,1045.0,1394.0,381.4,1722.0,1858.0,3253.0
2026-07-14,22,4,official_closing,closing_displayed,https://www.boatrace.jp/owpc/pc/race/odds3t?hd=20260714&jcd=22&rno=4,14.2,135.5,177.5,31.7,105.8,2976.0,6.2,52.1,117.5,75.0,244.0,7577.0,10.5,109.7,211.2,30.5,70.3,3205.0,270.6,837.7,1424.0,279.2,724.8,9999.0,23.4,329.4,271.5,66.7,178.6,4274.0,12.2,368.8,294.5,254.9,541.2,5556.0,32.3,691.7,414.6,118.4,178.1,4630.0,409.5,2381.0,2874.0,1048.0,1701.0,6411.0,5.1,94.5,165.8,167.3,466.9,7248.0,12.0,379.7,265.0,288.9,648.6,6174.0,9.5,184.4,265.0,235.1,470.9,7938.0,199.1,1792.0,1792.0,1208.0,2193.0,9999.0,31.2,300.3,356.9,51.0,78.3,5953.0,61.4,992.3,466.9,76.5,118.7,5953.0,27.2,305.8,375.4,195.6,313.9,9261.0,512.9,2825.0,3704.0,346.5,809.2,7248.0,1035.0,2646.0,3704.0,1190.0,2165.0,9999.0,1400.0,5953.0,6174.0,2008.0,2874.0,9999.0,896.2,3205.0,3268.0,2688.0,2874.0,9999.0,1501.0,6668.0,7938.0,1558.0,2451.0,9999.0
2026-07-14,22,5,official_closing,closing_displayed,https://www.boatrace.jp/owpc/pc/race/odds3t?hd=20260714&jcd=22&rno=5,11.6,218.7,188.9,391.1,830.2,50.3,20.1,283.5,166.5,426.9,1067.0,68.5,28.0,329.8,242.9,622.6,1009.0,103.4,7.3,142.4,130.8,230.9,381.2,112.5,12.8,526.1,360.9,754.7,1679.0,188.9,16.0,1158.0,617.5,1479.0,2449.0,498.1,27.1,1383.0,559.6,1322.0,2621.0,754.7,6.6,614.9,658.3,1115.0,1779.0,774.2,35.3,790.6,350.7,485.1,1573.0,236.8,30.1,1509.0,583.7,868.8,2047.0,489.9,61.3,1396.0,673.1,834.8,3475.0,758.5,19.1,1067.0,614.9,545.3,1940.0,1098.0,57.3,1045.0,607.4,1346.0,2047.0,343.5,65.0,1573.0,732.5,1556.0,2621.0,922.4,101.2,1717.0,849.0,2334.0,2372.0,951.8,32.8,1176.0,1214.0,1167.0,2019.0,1310.0,9.2,263.0,284.6,306.2,459.8,351.6,11.5,593.0,790.6,894.8,1465.0,970.3,20.8,900.2,695.0,911.2,1867.0,1123.0,26.8,830.2,916.7,1167.0,2299.0,1465.0
2026-07-14,22,6,official_closing,closing_displayed,https://www.boatrace.jp/owpc/pc/race/odds3t?hd=20260714&jcd=22&rno=6,46.7,268.6,113.6,1168.0,207.6,209.9,99.2,506.1,88.0,612.8,46.7,87.1,52.8,282.7,22.2,558.5,261.2,299.1,45.7,281.3,21.5,358.7,27.8,61.4,35.3,372.9,264.2,1366.0,470.4,517.7,51.2,695.5,466.5,1417.0,626.3,578.4,9.1,432.7,203.5,1366.0,1349.0,865.4,9.5,346.7,191.8,907.0,334.4,506.1,146.8,907.0,214.7,578.4,80.9,126.5,129.5,1100.0,426.2,1193.0,364.5,424.6,125.2,1193.0,167.2,578.4,434.3,415.3,92.5,798.4,136.9,466.5,60.6,108.4,56.0,439.4,35.5,593.6,520.0,564.0,14.5,622.9,155.3,1417.0,1435.0,750.8,92.9,1069.0,127.2,969.0,821.5,722.1,11.6,513.0,26.8,342.5,236.2,480.4,45.0,553.0,41.8,412.2,34.2,65.4,21.7,695.5,199.2,944.8,204.2,250.8,64.6,921.7,138.7,804.1,51.3,87.8,17.1,670.8,35.8,404.9,169.2,251.9
2026-07-14,22,7,official_closing,closing_displayed,https://www.boatrace.jp/owpc/pc/race/odds3t?hd=20260714&jcd=22&rno=7,14.5,179.0,378.6,151.7,27.5,878.2,11.1,141.8,254.5,359.3,64.8,1374.0,6.5,84.0,246.5,71.0,31.7,1037.0,83.3,579.7,916.2,369.2,71.9,724.0,25.2,456.6,553.8,374.8,77.7,1631.0,29.7,815.5,1083.0,1133.0,223.1,2559.0,18.6,631.5,765.0,415.7,169.2,2650.0,136.2,1686.0,1667.0,1196.0,272.8,2120.0,16.3,324.0,634.2,939.3,225.9,2215.0,34.8,921.8,1091.0,1499.0,385.5,3533.0,9.9,445.7,894.1,916.2,465.2,4638.0,98.6,1725.0,2120.0,2215.0,637.0,3533.0,7.0,149.1,332.0,76.7,75.1,1578.0,19.1,596.0,769.0,212.9,163.2,3533.0,9.0,393.7,853.0,431.4,343.5,4947.0,39.4,1037.0,1766.0,260.3,264.1,1313.0,220.5,1979.0,1878.0,1530.0,193.5,806.6,366.4,2800.0,2910.0,2061.0,311.8,1469.0,345.1,3451.0,2854.0,3373.0,471.1,1810.0,178.6,2473.0,3451.0,1387.0,440.4,1313.0
2026-07-14,22,8,official_closing,closing_displayed,https://www.boatrace.jp/owpc/pc/race/odds3t?hd=20260714&jcd=22&rno=8,5.8,35.0,111.7,131.8,642.3,362.3,5.9,38.5,119.0,232.7,1099.0,537.5,11.3,61.6,265.1,216.4,592.3,395.6,11.1,77.3,219.8,157.2,883.1,1136.0,11.2,115.4,176.3,212.2,860.1,630.0,15.5,273.2,499.5,716.7,1268.0,883.1,31.7,445.5,558.8,405.3,1521.0,883.1,23.7,453.7,565.2,426.3,1570.0,1798.0,13.2,181.8,314.0,537.5,1433.0,824.2,24.6,489.6,555.7,1111.0,1150.0,1284.0,34.4,447.5,677.5,824.2,1393.0,1621.0,21.5,282.6,543.4,817.4,1866.0,2826.0,41.7,341.0,791.3,464.3,915.8,555.7,83.4,696.5,817.4,659.4,1336.0,845.4,74.9,804.1,999.1,867.6,1545.0,1831.0,72.3,860.1,1150.0,413.8,817.4,1570.0,43.2,417.3,555.7,326.4,1355.0,1705.0,70.1,915.8,1075.0,451.6,2300.0,2673.0,60.6,618.2,1191.0,979.3,2018.0,2673.0,127.4,1355.0,1866.0,581.8,1252.0,1866.0
2026-07-14,22,9,official_closing,closing_displayed,https://www.boatrace.jp/owpc/pc/race/odds3t?hd=20260714&jcd=22&rno=9,14.3,49.2,163.0,63.2,229.0,580.4,7.7,26.5,111.8,96.4,320.0,872.5,14.0,34.2,149.3,48.0,153.2,787.3,41.4,82.6,305.1,140.9,303.0,1104.0,20.4,128.1,198.8,101.7,385.8,570.7,14.3,144.9,224.5,255.5,938.2,1343.0,24.6,226.8,314.1,109.5,496.3,1383.0,70.1,338.2,482.3,259.4,810.5,1756.0,9.7,70.0,174.7,195.9,652.3,1691.0,14.9,158.1,262.4,400.5,1104.0,2283.0,10.5,99.4,307.1,307.1,913.2,2795.0,41.1,175.1,556.8,524.8,1630.0,2536.0,34.3,151.3,290.8,71.0,208.8,640.1,43.1,341.6,611.5,110.9,443.3,1802.0,28.5,190.2,446.2,269.6,765.3,2174.0,78.5,374.2,1014.0,143.5,380.5,895.3,96.6,294.6,1132.0,357.6,455.1,1343.0,184.3,907.2,1592.0,477.3,1201.0,2446.0,145.2,327.7,1457.0,872.5,1611.0,2446.0,186.1,661.7,1556.0,268.6,606.1,1132.0
2026-07-14,22,10,official_closing,closing_displayed,https://www.boatrace.jp/owpc/pc/race/odds3t?hd=20260714&jcd=22&rno=10,4.4,19.1,42.3,90.7,925.6,990.7,6.2,22.2,45.1,119.9,1311.0,1595.0,29.3,90.9,134.9,174.8,1191.0,1557.0,37.9,131.4,202.9,320.4,2174.0,2655.0,8.6,47.6,60.9,125.3,1452.0,1396.0,11.2,87.5,88.9,182.5,1830.0,2330.0,33.8,244.6,222.0,273.8,1951.0,2454.0,53.6,322.0,334.6,547.2,3239.0,3767.0,13.1,71.0,90.6,210.3,1603.0,2281.0,18.1,120.4,101.8,216.4,2174.0,2511.0,46.2,264.4,184.8,343.1,2417.0,2633.0,59.8,455.6,254.8,528.4,3085.0,3811.0,100.7,455.6,434.2,364.4,1696.0,1999.0,115.7,715.1,495.3,409.5,1928.0,2699.0,143.7,746.4,651.8,593.3,2633.0,3115.0,230.2,1603.0,857.0,837.1,3027.0,3640.0,152.0,627.8,719.9,917.7,3446.0,3640.0,228.1,1148.0,1021.0,1199.0,4437.0,4262.0,235.7,1182.0,1161.0,1506.0,3723.0,3811.0,324.6,1830.0,1452.0,1492.0,4049.0,4262.0
2026-07-14,22,11,official_closing,closing_displayed,https://www.boatrace.jp/owpc/pc/race/odds3t?hd=20260714&jcd=22&rno=11,9.0,64.8,65.2,211.6,110.5,895.5,17.8,111.7,51.5,182.6,75.7,1363.0,13.6,74.3,34.1,133.9,143.0,1729.0,47.5,227.4,144.6,276.1,115.9,674.8,7.7,174.0,193.7,488.3,295.8,2693.0,11.7,498.7,436.4,874.1,470.1,4008.0,6.6,395.9,318.4,690.4,871.7,3912.0,31.9,920.6,757.2,947.1,720.7,3959.0,30.5,499.4,197.9,360.7,164.8,1933.0,24.3,1129.0,422.4,832.0,541.4,3353.0,23.7,1208.0,246.3,468.8,636.9,3692.0,60.3,1720.0,525.8,813.5,438.2,1944.0,18.8,337.7,89.5,204.7,309.4,3100.0,13.6,752.0,283.0,427.3,697.8,3734.0,29.9,1278.0,229.6,394.0,615.4,4324.0,32.4,1203.0,263.7,325.4,423.5,2528.0,164.1,1572.0,552.3,907.9,327.0,1023.0,108.7,3286.0,1268.0,1352.0,832.0,2489.0,195.0,3459.0,1125.0,1428.0,575.5,1979.0,118.8,2314.0,709.8,743.5,599.7,2054.0
2026-07-14,22,12,official_closing,closing_displayed,https://www.boatrace.jp/owpc/pc/race/odds3t?hd=20260714&jcd=22&rno=12,5.3,23.9,37.7,416.8,60.1,2061.0,16.7,38.4,89.6,587.7,83.9,2778.0,8.6,22.4,46.0,457.7,148.4,4141.0,110.1,289.4,289.3,1164.0,229.6,3063.0,8.1,58.0,68.2,518.2,93.4,2630.0,18.9,149.6,179.6,848.7,165.8,3666.0,9.6,73.8,106.8,581.6,238.1,4611.0,116.5,440.6,505.9,2171.0,334.7,3440.0,44.6,165.9,216.5,680.7,171.4,3241.0,52.6,266.7,312.5,901.7,219.2,4342.0,57.2,179.3,224.4,677.6,450.4,3923.0,219.0,1384.0,685.9,1476.0,717.9,3993.0,16.6,67.6,105.7,565.4,358.1,5324.0,20.8,104.1,140.5,569.0,455.0,4861.0,47.5,146.9,238.0,887.4,619.4,5521.0,94.1,453.6,410.7,1288.0,1406.0,4708.0,346.4,1419.0,1339.0,2061.0,596.3,3106.0,424.7,2140.0,1781.0,2710.0,521.2,3217.0,602.7,2471.0,1987.0,2484.0,968.1,3889.0,377.1,1419.0,1363.0,2404.0,1274.0,4180.0
2026-07-14,23,1,official_closing,closing_displayed,https://www.boatrace.jp/owpc/pc/race/odds3t?hd=20260714&jcd=23&rno=1,4.0,50.7,112.4,42.8,641.4,1623.0,4.6,51.9,118.9,65.5,836.7,3358.0,38.7,280.8,381.4,104.4,571.7,2748.0,116.0,633.0,1197.0,330.8,1530.0,3454.0,6.8,146.2,211.0,110.9,1024.0,3838.0,7.4,225.5,364.2,259.7,1765.0,4935.0,38.2,882.6,1109.0,432.6,1998.0,4318.0,146.5,1846.0,2239.0,836.7,3358.0,5145.0,7.8,128.8,235.9,201.5,1691.0,4836.0,10.7,265.4,387.5,333.5,2066.0,4650.0,34.1,814.2,1065.0,955.8,3140.0,3022.0,120.4,1645.0,2178.0,1860.0,4562.0,5145.0,94.5,882.6,1074.0,252.4,677.4,3504.0,105.5,1601.0,1934.0,443.7,1259.0,3556.0,96.0,1634.0,2687.0,798.1,2628.0,5624.0,326.8,2878.0,3664.0,851.5,2084.0,3312.0,391.9,2325.0,3182.0,879.3,2913.0,3900.0,401.0,4169.0,4836.0,1130.0,4242.0,4935.0,476.0,2812.0,4836.0,2159.0,4650.0,5624.0,604.5,4098.0,4836.0,1511.0,3900.0,4935.0
2026-07-14,23,2,official_closing,closing_displayed,https://www.boatrace.jp/owpc/pc/race/odds3t?hd=20260714&jcd=23&rno=2,3.5,60.9,48.0,228.7,1776.0,583.4,8.1,91.9,63.6,285.8,2278.0,661.7,128.5,658.1,399.8,1463.0,2464.0,943.5,17.4,225.3,117.7,546.4,3264.0,2713.0,4.0,172.5,156.1,391.4,2841.0,1312.0,6.0,505.3,433.6,1446.0,3354.0,2118.0,121.9,1979.0,1872.0,3605.0,5617.0,2808.0,15.4,918.3,786.7,1829.0,7104.0,5139.0,17.7,261.6,210.5,467.1,3895.0,1144.0,16.1,702.1,343.5,1349.0,3959.0,2322.0,235.6,2875.0,989.9,3959.0,6709.0,1737.0,34.3,1097.0,521.6,1737.0,6709.0,5617.0,426.7,2300.0,1195.0,2945.0,4830.0,1589.0,380.3,2910.0,3401.0,4164.0,5139.0,2490.0,599.3,5139.0,4237.0,4472.0,6528.0,2910.0,727.5,4736.0,2516.0,5489.0,6709.0,5250.0,55.4,1041.0,584.8,841.5,5489.0,5032.0,46.1,1750.0,1232.0,1725.0,6528.0,5617.0,81.3,2118.0,1113.0,1750.0,6356.0,6193.0,405.9,4644.0,3401.0,3774.0,7104.0,6901.0
2026-07-14,23,3,official_closing,closing_displayed,https://www.boatrace.jp/owpc/pc/race/odds3t?hd=20260714&jcd=23&rno=3,17.8,37.5,59.0,33.4,329.1,1031.0,17.4,48.2,33.9,22.2,188.0,1228.0,52.0,131.6,66.0,38.4,128.8,891.9,216.9,600.5,341.2,93.8,607.3,1668.0,15.3,129.6,178.1,54.7,547.0,2111.0,6.6,111.8,138.8,75.9,691.1,3179.0,15.9,290.2,332.4,156.9,491.3,2290.0,144.6,1145.0,1150.0,249.0,1637.0,3860.0,14.4,88.8,55.1,39.9,278.3,1916.0,9.0,111.4,133.5,88.7,765.6,2649.0,18.1,225.2,66.1,69.8,256.1,1437.0,105.8,700.1,347.8,193.4,1195.0,2729.0,73.0,342.0,134.4,68.5,152.9,836.7,42.1,414.5,388.3,171.4,354.6,1364.0,35.7,333.6,85.3,111.4,220.9,1311.0,222.0,1944.0,513.7,232.5,547.0,1358.0,494.9,1903.0,1140.0,171.1,1364.0,2675.0,424.2,2233.0,2111.0,294.0,2144.0,4033.0,346.4,2063.0,880.3,268.1,2001.0,3702.0,571.3,2844.0,1628.0,356.0,1159.0,1958.0
2026-07-14,23,4,official_closing,closing_displayed,https://www.boatrace.jp/owpc/pc/race/odds3t?hd=20260714&jcd=23&rno=4,42.1,85.5,241.3,349.4,83.0,16.7,91.3,138.0,704.9,639.0,172.7,52.8,41.9,48.6,261.7,417.0,255.2,66.3,31.5,43.8,285.7,400.1,122.8,30.6,96.7,156.2,262.9,371.6,90.0,16.8,281.8,243.3,401.8,424.4,90.0,26.0,145.7,91.6,119.8,242.3,130.7,32.0,130.0,97.5,127.8,226.6,56.8,12.0,238.7,222.5,788.2,763.1,221.5,97.2,379.0,263.2,549.6,538.3,116.3,54.2,315.3,135.3,382.5,399.0,245.8,170.8,318.1,134.5,538.3,486.3,148.2,62.7,63.7,66.6,224.8,312.2,311.5,133.8,168.8,71.4,123.8,198.4,161.1,76.7,265.4,98.0,288.0,247.3,227.9,167.5,97.7,43.0,149.2,141.5,181.8,88.9,34.5,40.0,245.6,255.0,106.1,50.9,87.7,62.2,126.8,167.2,55.6,25.7,170.6,78.3,418.8,312.5,112.3,58.8,63.1,29.9,124.1,148.4,149.5,71.9
2026-07-14,23,5,official_closing,closing_displayed,https://www.boatrace.jp/owpc/pc/race/odds3t?hd=20260714&jcd=23&rno=5,6.8,53.0,133.7,459.3,212.0,41.8,20.6,113.7,268.4,680.6,355.9,71.5,18.1,98.8,270.7,726.8,658.0,223.0,5.5,37.1,114.2,376.1,120.0,119.6,12.8,168.9,221.9,764.7,431.5,88.4,31.6,552.3,859.1,1729.0,994.1,197.0,35.0,499.7,793.0,1893.0,1555.0,505.2,12.4,217.8,360.1,1179.0,370.1,423.0,63.2,463.1,658.0,1271.0,934.1,184.2,90.5,946.8,946.8,2077.0,1276.0,281.4,107.2,973.3,1398.0,2191.0,2031.0,661.2,54.2,631.2,841.0,1707.0,658.0,647.3,37.6,365.3,597.3,1095.0,1313.0,540.5,60.7,851.3,1095.0,1739.0,1795.0,779.7,118.9,1169.0,1512.0,1906.0,2046.0,1012.0,30.7,478.3,582.3,843.5,853.9,937.2,10.2,81.4,187.9,517.4,173.8,199.9,16.9,192.9,381.3,806.8,285.5,370.6,46.6,413.0,790.8,1248.0,506.1,603.8,26.2,351.0,615.8,809.2,670.7,897.9
2026-07-14,23,6,official_closing,closing_displayed,https://www.boatrace.jp/owpc/pc/race/odds3t?hd=20260714&jcd=23&rno=6,60.5,79.7,73.0,127.2,1527.0,69.2,93.5,116.3,34.4,82.6,1378.0,39.4,335.4,420.6,180.8,291.3,1543.0,48.7,75.1,82.6,17.7,49.9,1179.0,136.2,45.8,104.0,131.4,254.6,2091.0,104.7,28.4,128.4,145.4,249.6,2033.0,93.9,176.1,485.0,405.6,511.9,1535.0,69.1,20.4,78.3,66.5,112.4,1543.0,224.7,102.1,155.4,50.8,106.0,1576.0,42.0,55.0,172.4,97.4,181.4,1744.0,70.7,291.9,538.1,153.3,225.9,1404.0,32.4,42.3,123.7,17.5,37.3,826.0,94.1,652.4,814.6,510.1,481.0,1765.0,42.1,569.2,1143.0,687.4,587.4,2047.0,61.8,762.0,1223.0,367.6,510.1,1452.0,32.9,537.1,986.2,237.2,200.4,674.8,48.9,69.2,111.6,20.1,31.4,1358.0,316.4,30.4,119.8,45.8,50.0,1391.0,367.2,39.9,128.7,16.4,28.6,1013.0,267.1,188.1,413.0,82.4,47.2,927.3,219.5
2026-07-14,23,7,official_closing,closing_displayed,https://www.boatrace.jp/owpc/pc/race/odds3t?hd=20260714&jcd=23&rno=7,69.1,141.9,306.2,153.4,2438.0,10.3,64.8,118.3,404.6,363.3,3511.0,25.5,584.0,968.3,1721.0,810.4,2607.0,15.8,24.0,39.0,113.3,68.5,1439.0,172.7,100.2,226.2,299.9,171.9,2772.0,14.3,106.5,180.0,280.8,309.1,2557.0,25.6,961.3,1197.0,1343.0,1219.0,3376.0,16.5,43.4,68.5,97.3,75.2,2124.0,204.3,94.4,142.7,544.2,597.2,3135.0,41.0,95.2,175.5,412.2,522.6,2607.0,33.4,653.5,1150.0,2176.0,2141.0,4180.0,41.6,40.7,54.5,183.6,197.7,3173.0,377.3,944.0,1841.0,2715.0,1513.0,3173.0,25.4,1291.0,1721.0,2124.0,1922.0,3292.0,23.2,1213.0,2251.0,2926.0,2194.0,3135.0,32.8,765.6,1297.0,2194.0,725.6,1186.0,186.5,14.0,28.8,88.5,41.5,1699.0,380.0,25.6,39.4,65.3,40.2,1908.0,370.4,19.8,31.8,98.3,81.3,2743.0,526.7,191.8,455.7,1009.0,291.6,1260.0,357.8
2026-07-14,23,8,official_closing,closing_displayed,https://www.boatrace.jp/owpc/pc/race/odds3t?hd=20260714&jcd=23&rno=8,51.1,245.6,45.3,406.3,99.3,850.9,103.3,455.1,18.6,143.5,18.2,548.7,67.8,300.3,10.1,162.8,47.5,1701.0,366.9,1210.0,124.5,970.4,252.5,924.6,21.6,323.4,136.2,578.4,291.3,1925.0,8.7,584.2,226.2,707.4,473.5,1565.0,3.9,501.8,211.2,815.4,809.8,1894.0,91.2,1067.0,605.3,1365.0,1467.0,2060.0,94.8,618.0,57.4,162.4,28.5,707.4,26.2,720.4,135.4,521.9,262.7,1432.0,33.5,978.5,64.2,214.2,133.2,1545.0,305.8,1210.0,451.6,1118.0,497.5,1486.0,41.8,444.8,27.8,191.5,109.2,2302.0,8.1,548.7,116.0,698.9,682.7,1545.0,24.7,986.8,55.3,243.1,216.6,2498.0,172.6,1834.0,309.0,931.9,903.3,2498.0,553.9,2135.0,519.6,1630.0,757.6,1077.0,275.6,1505.0,1087.0,1467.0,1894.0,2135.0,546.1,2258.0,821.1,2024.0,903.3,1319.0,354.7,2668.0,788.1,1863.0,1432.0,1925.0
2026-07-14,23,9,official_closing,closing_displayed,https://www.boatrace.jp/owpc/pc/race/odds3t?hd=20260714&jcd=23&rno=9,7.7,36.5,118.4,784.4,157.4,30.6,53.8,183.4,544.0,1279.0,233.5,58.6,11.9,56.9,175.2,1203.0,965.9,245.2,6.6,30.5,97.3,775.8,96.4,64.6,14.3,122.9,176.8,1118.0,281.1,70.6,104.7,692.6,793.2,1526.0,574.8,136.3,19.9,215.4,360.3,1820.0,1463.0,428.9,13.9,146.3,207.8,1154.0,297.6,174.6,188.8,669.7,1327.0,1670.0,494.7,151.0,257.2,1256.0,1075.0,2088.0,735.6,203.7,210.9,1154.0,1868.0,2290.0,2151.0,676.1,195.0,802.1,1510.0,1494.0,471.7,251.7,25.1,217.4,327.1,1510.0,1972.0,840.1,30.9,368.8,579.5,1918.0,2448.0,747.3,159.1,1036.0,1494.0,2119.0,2679.0,1109.0,24.0,247.3,387.9,1154.0,1543.0,898.6,12.8,76.3,180.4,965.9,110.3,107.6,19.4,149.4,316.9,1028.0,214.4,174.0,123.8,482.9,1051.0,1365.0,276.2,228.6,20.3,208.8,355.8,1234.0,797.6,702.9
2026-07-14,23,10,official_closing,closing_displayed,https://www.boatrace.jp/owpc/pc/race/odds3t?hd=20260714&jcd=23&rno=10,5.1,57.2,75.3,57.6,363.7,1303.0,4.5,42.8,79.6,111.1,656.2,2556.0,13.1,111.0,118.0,87.0,418.7,2218.0,72.5,288.6,365.6,183.9,646.7,2218.0,8.9,204.7,196.4,128.4,576.0,1988.0,13.0,324.1,407.3,354.5,1303.0,3015.0,22.1,559.2,559.2,298.5,1100.0,2855.0,99.3,1052.0,1315.0,631.5,1525.0,3947.0,8.7,124.2,194.2,266.8,1104.0,3273.0,17.3,283.4,279.3,435.0,1491.0,3355.0,22.0,448.8,401.8,546.6,1507.0,3015.0,66.6,735.3,612.8,916.1,2130.0,3313.0,37.0,497.9,462.7,127.6,440.0,2556.0,56.0,1095.0,756.1,186.1,601.8,2631.0,67.4,1012.0,739.4,366.6,994.1,3273.0,185.8,1945.0,1220.0,238.3,628.6,2738.0,277.8,1203.0,1777.0,411.6,1458.0,4129.0,387.8,2334.0,2236.0,631.5,2532.0,3780.0,332.2,1917.0,1348.0,948.4,2580.0,3121.0,488.9,2313.0,1731.0,582.2,1560.0,2949.0
2026-07-14,23,11,official_closing,closing_displayed,https://www.boatrace.jp/owpc/pc/race/odds3t?hd=20260714&jcd=23&rno=11,4.1,56.2,56.4,311.0,303.9,1463.0,7.8,107.5,82.8,384.9,289.9,2322.0,10.3,103.1,53.9,392.0,549.2,3391.0,68.1,348.0,190.9,596.8,615.7,3096.0,6.9,158.3,141.8,547.8,521.1,2374.0,12.1,478.0,350.8,1148.0,803.2,2094.0,9.7,344.6,255.2,1310.0,1695.0,4109.0,69.3,771.3,585.4,2034.0,1494.0,3815.0,18.2,337.0,301.7,659.4,404.6,2115.0,19.7,669.8,429.9,1167.0,635.9,1890.0,27.0,719.4,379.5,945.4,1027.0,3338.0,95.2,1161.0,933.0,1890.0,953.8,2670.0,24.2,295.5,111.2,719.4,1107.0,3884.0,24.5,462.4,207.0,1335.0,1494.0,3338.0,40.3,800.2,253.1,1287.0,1526.0,3956.0,107.8,1063.0,318.9,1504.0,1643.0,4748.0,263.4,1214.0,680.4,1424.0,1526.0,3815.0,298.8,1463.0,858.1,2115.0,1795.0,4451.0,359.1,2074.0,1037.0,2400.0,1631.0,3338.0,341.3,1960.0,806.3,2374.0,2273.0,4109.0
2026-07-14,23,12,official_closing,closing_displayed,https://www.boatrace.jp/owpc/pc/race/odds3t?hd=20260714&jcd=23&rno=12,5.2,74.7,142.5,517.4,107.4,922.9,13.8,113.7,184.6,791.3,146.7,1295.0,6.1,73.7,140.1,411.5,175.6,1706.0,33.7,169.8,228.0,823.0,179.4,1399.0,8.3,305.7,484.4,849.0,318.2,1673.0,16.7,1013.0,1534.0,2132.0,922.9,2610.0,7.9,640.6,1086.0,1494.0,1281.0,2964.0,44.5,1714.0,2412.0,2256.0,1723.0,2964.0,23.6,702.3,1031.0,1366.0,747.4,1932.0,30.0,1319.0,1698.0,2939.0,1475.0,2776.0,27.6,1189.0,1954.0,2271.0,2610.0,3095.0,71.6,1987.0,2553.0,3331.0,2630.0,3363.0,11.2,305.7,653.8,219.7,757.1,3095.0,11.5,742.6,1189.0,1223.0,1554.0,3238.0,32.5,1139.0,1998.0,1841.0,2172.0,3974.0,38.0,1604.0,2186.0,1281.0,1642.0,3721.0,130.6,1361.0,1681.0,1932.0,1173.0,2033.0,161.7,2534.0,2914.0,2843.0,2347.0,3269.0,195.4,2820.0,3429.0,3761.0,2412.0,3209.0,156.1,2379.0,3363.0,2591.0,2670.0,3643.0
2026-07-14,24,1,official_closing,closing_displayed,https://www.boatrace.jp/owpc/pc/race/odds3t?hd=20260714&jcd=24&rno=1,14.5,12.4,71.4,45.8,435.1,699.6,9.5,7.0,101.3,109.1,923.3,1856.0,41.2,24.2,204.6,104.6,579.3,1749.0,122.5,142.1,724.7,349.8,1281.0,2273.0,29.5,24.9,57.6,37.8,443.6,812.0,42.0,19.0,47.2,53.9,661.4,1783.0,92.2,48.5,92.5,62.5,306.7,891.6,316.9,220.2,403.3,229.3,1421.0,2302.0,20.0,11.8,120.7,170.6,1122.0,2887.0,52.3,17.7,70.6,103.1,850.0,2021.0,70.5,22.8,162.1,280.2,1166.0,1095.0,269.8,119.3,387.8,363.8,2140.0,4134.0,116.4,89.6,445.8,153.6,577.4,2273.0,188.8,141.7,299.6,111.3,351.8,1051.0,163.4,82.4,385.3,287.3,967.5,983.2,577.4,433.1,1045.0,414.3,1455.0,2562.0,488.9,472.4,870.3,878.7,2273.0,2842.0,1196.0,691.6,1212.0,519.7,2332.0,3136.0,826.8,443.6,790.8,742.4,2491.0,3031.0,1554.0,1033.0,1894.0,1010.0,2636.0,2842.0
2026-07-14,24,2,official_closing,closing_displayed,https://www.boatrace.jp/owpc/pc/race/odds3t?hd=20260714&jcd=24&rno=2,39.1,102.4,58.6,66.6,473.8,859.7,47.5,89.9,11.0,24.5,179.3,1611.0,120.3,229.6,29.8,41.9,160.2,1726.0,231.3,619.7,110.1,141.9,415.1,1376.0,22.8,153.1,151.8,124.7,859.7,2132.0,8.4,110.2,78.1,118.7,734.8,3198.0,30.6,258.0,140.7,160.1,592.6,2500.0,129.7,554.8,446.6,405.0,1334.0,3398.0,32.1,128.7,12.2,22.6,198.8,2132.0,13.0,128.0,41.2,66.3,473.8,1924.0,35.0,258.0,15.8,24.6,124.2,958.2,129.4,688.3,44.5,63.0,340.3,2132.0,179.0,560.6,69.2,55.0,161.2,1959.0,84.4,531.8,163.1,133.3,346.9,2471.0,87.4,492.1,42.7,46.5,128.2,1156.0,241.6,1368.0,124.1,89.3,288.4,1782.0,578.4,1421.0,441.2,390.5,870.0,2559.0,552.0,1754.0,830.2,504.6,1521.0,3295.0,402.0,2390.0,219.7,251.4,617.9,2471.0,617.9,2471.0,278.5,190.9,637.8,1843.0
2026-07-14,24,3,official_closing,closing_displayed,https://www.boatrace.jp/owpc/pc/race/odds3t?hd=20260714&jcd=24&rno=3,19.7,20.3,53.6,287.8,1194.0,71.7,41.4,38.2,76.7,333.1,1251.0,105.8,137.3,133.9,229.0,654.4,1943.0,223.7,25.3,22.2,63.1,318.2,1035.0,371.9,27.4,29.5,49.6,287.8,1150.0,58.1,49.2,25.0,35.5,171.6,660.0,35.9,156.5,78.6,100.9,626.9,1580.0,73.3,42.0,11.5,20.7,158.8,581.5,193.8,83.3,85.7,123.1,358.7,1266.0,97.7,93.1,50.0,63.8,194.5,686.0,45.5,370.6,209.8,231.5,645.0,1428.0,116.9,116.5,36.9,63.2,185.9,649.0,260.7,350.3,380.5,476.1,1141.0,1907.0,293.2,330.7,229.5,262.4,980.7,1896.0,133.5,601.6,466.9,485.7,1009.0,1777.0,201.7,389.6,185.3,226.3,613.4,1129.0,544.0,53.4,36.1,66.1,268.7,1064.0,487.3,67.8,16.4,32.2,149.1,620.7,354.3,134.2,35.8,64.7,198.1,725.8,515.4,280.5,120.2,149.4,451.4,1064.0,712.6
2026-07-14,24,4,official_closing,closing_displayed,https://www.boatrace.jp/owpc/pc/race/odds3t?hd=20260714&jcd=24&rno=4,11.3,31.2,64.1,43.4,220.5,2455.0,7.6,18.4,36.8,63.4,315.9,2311.0,22.0,41.6,68.3,46.8,176.8,3304.0,216.0,348.3,304.2,223.9,575.8,4365.0,15.1,71.0,108.7,70.2,339.3,3972.0,11.6,73.1,120.3,157.5,451.5,4592.0,28.9,98.2,171.8,105.2,309.6,4475.0,209.2,581.5,660.9,540.6,906.6,4419.0,10.5,35.1,65.0,121.5,452.7,2490.0,15.1,67.8,128.5,222.1,534.1,4592.0,19.6,64.3,101.4,187.3,460.4,3500.0,177.9,400.9,392.8,613.8,1397.0,4209.0,52.4,137.5,176.7,62.5,194.6,4778.0,59.6,183.1,263.2,102.8,265.2,4475.0,49.0,135.0,172.4,154.6,430.6,4911.0,319.4,630.2,704.3,226.9,534.1,2699.0,475.9,1194.0,1036.0,799.9,1249.0,3843.0,477.8,1537.0,1813.0,1019.0,1329.0,4419.0,534.1,1245.0,1392.0,1186.0,2237.0,5277.0,669.6,1629.0,1621.0,714.3,1210.0,3185.0
2026-07-14,24,5,official_closing,closing_displayed,https://www.boatrace.jp/owpc/pc/race/odds3t?hd=20260714&jcd=24&rno=5,50.2,155.1,127.5,24.3,475.9,88.4,33.6,107.4,32.4,15.9,274.0,96.3,114.5,215.8,68.1,27.4,158.9,42.2,121.5,328.1,87.7,30.1,297.3,144.2,57.4,205.2,182.5,69.2,734.6,146.5,18.9,204.1,168.8,110.6,532.6,333.8,68.6,231.8,191.7,162.6,547.0,139.0,71.1,346.8,272.0,144.2,715.6,470.0,13.1,129.2,36.5,40.7,213.4,184.4,10.4,214.1,112.1,100.6,363.8,345.2,20.7,251.1,59.8,92.7,171.3,150.0,27.7,273.5,81.2,93.6,206.3,278.0,182.5,448.6,67.6,109.7,196.3,43.9,120.5,403.3,161.6,232.7,425.3,92.0,76.7,399.6,57.3,162.4,233.4,96.7,190.4,528.0,85.9,221.8,308.7,151.0,153.5,528.0,119.2,75.8,390.9,334.6,123.9,543.1,296.4,171.7,702.4,582.6,63.4,444.0,105.3,152.1,315.1,327.3,176.7,685.0,136.5,191.0,335.3,284.2
2026-07-14,24,6,official_closing,closing_displayed,https://www.boatrace.jp/owpc/pc/race/odds3t?hd=20260714&jcd=24&rno=6,11.1,8.0,25.8,169.7,483.5,485.9,27.4,20.3,59.2,291.0,388.7,643.7,45.9,33.5,63.7,289.1,549.1,932.0,32.8,21.7,77.8,258.5,598.1,1044.0,19.2,13.3,26.7,161.5,515.6,458.0,51.3,25.4,44.5,184.3,401.4,266.9,58.9,31.7,51.8,261.7,683.9,522.9,58.0,18.0,46.7,171.0,477.3,863.9,73.1,57.1,125.1,405.3,472.7,685.5,113.9,59.9,92.4,251.8,523.8,301.1,155.7,106.6,214.7,532.3,914.7,818.4,163.2,72.5,168.8,341.9,624.6,846.6,155.4,130.2,155.0,286.8,578.2,1106.0,148.0,100.8,159.8,286.3,703.4,631.3,231.3,194.6,314.6,499.9,1015.0,1349.0,260.0,132.0,215.5,194.7,590.9,861.4,144.2,85.7,204.7,356.8,832.2,947.0,186.7,59.5,125.4,240.2,695.2,903.5,289.1,139.3,311.0,440.9,673.0,947.0,350.9,160.0,261.9,279.2,744.2,849.0
2026-07-14,24,7,official_closing,closing_displayed,https://www.boatrace.jp/owpc/pc/race/odds3t?hd=20260714&jcd=24&rno=7,6.1,48.9,54.9,98.1,283.2,320.6,14.2,122.5,80.2,118.0,266.6,280.1,19.3,123.8,63.4,85.4,318.0,385.3,34.3,221.5,119.4,121.6,313.7,443.6,5.7,140.5,139.4,274.8,688.3,632.8,10.3,404.2,422.4,589.9,1111.0,1003.0,9.9,418.8,384.4,641.2,1731.0,1175.0,21.1,551.1,596.4,642.9,1549.0,1370.0,20.2,300.6,220.8,323.3,637.8,540.1,20.7,643.7,471.1,765.2,1251.0,1031.0,30.5,1018.0,457.4,679.7,1474.0,1257.0,40.2,958.0,636.1,790.0,1287.0,1414.0,37.8,444.4,223.7,135.9,423.5,732.9,29.2,896.2,579.3,353.4,1247.0,1284.0,56.2,1418.0,520.5,360.2,1187.0,1540.0,54.1,1511.0,609.8,216.5,686.4,1198.0,74.8,883.2,402.8,293.3,635.3,788.7,63.7,1235.0,985.1,859.8,1511.0,1649.0,95.8,1406.0,1048.0,958.0,1277.0,1569.0,100.8,1802.0,965.6,463.5,1020.0,1229.0
2026-07-14,24,8,official_closing,closing_displayed,https://www.boatrace.jp/owpc/pc/race/odds3t?hd=20260714&jcd=24&rno=8,16.3,134.4,454.1,202.5,1052.0,17.8,17.6,135.3,486.5,467.2,1458.0,39.5,138.6,497.5,962.6,606.3,1120.0,29.4,5.9,45.8,221.0,104.5,441.8,59.9,29.2,489.7,756.5,369.4,1751.0,51.7,40.2,975.3,1384.0,1053.0,2744.0,192.4,185.5,1825.0,2763.0,1538.0,2523.0,116.0,16.9,520.8,863.4,327.6,1553.0,243.0,28.9,297.9,939.3,1018.0,2515.0,163.5,53.1,847.2,1391.0,1661.0,3487.0,344.1,170.6,1261.0,2563.0,2821.0,3693.0,387.0,14.4,279.5,1031.0,926.4,2637.0,569.3,300.2,1533.0,2190.0,1126.0,1863.0,80.4,385.0,2587.0,3502.0,2094.0,3077.0,145.8,315.0,2256.0,3502.0,2726.0,3627.0,318.5,141.0,1255.0,2507.0,809.2,1488.0,288.0,5.8,98.2,366.4,121.1,488.5,121.4,12.2,385.9,824.8,242.5,1095.0,227.2,9.2,241.4,982.4,563.4,1559.0,353.7,40.1,656.8,2110.0,570.9,1010.0,270.2
2026-07-14,24,9,official_closing,closing_displayed,https://www.boatrace.jp/owpc/pc/race/odds3t?hd=20260714&jcd=24&rno=9,19.2,153.9,52.7,410.0,162.9,818.5,33.5,260.8,20.8,158.1,59.9,499.2,26.6,206.5,12.3,209.7,142.0,702.0,62.8,374.5,39.7,311.3,136.3,586.1,14.6,233.5,174.5,749.7,443.9,2014.0,9.1,498.3,360.2,1022.0,540.0,2422.0,5.7,337.7,236.1,1223.0,1160.0,2611.0,27.6,671.0,421.6,1285.0,980.3,2677.0,44.7,634.9,55.5,195.2,80.6,702.5,22.9,802.1,249.2,820.1,312.7,1935.0,26.2,903.2,62.7,271.2,230.1,1197.0,55.3,1111.0,125.2,395.3,207.3,995.4,34.5,512.3,31.0,324.7,371.7,1380.0,14.2,528.8,145.4,839.0,1023.0,2627.0,30.8,1017.0,62.3,336.6,394.8,1587.0,46.6,1069.0,78.8,441.1,534.2,1273.0,155.1,1317.0,187.0,686.4,405.5,899.3,120.0,1669.0,642.7,1656.0,971.2,2205.0,150.1,2014.0,329.4,816.1,441.3,1009.0,117.6,1962.0,224.9,854.4,605.1,1143.0
2026-07-14,24,10,official_closing,closing_displayed,https://www.boatrace.jp/owpc/pc/race/odds3t?hd=20260714&jcd=24&rno=10,9.2,18.9,34.6,127.0,390.8,677.8,14.8,30.0,27.9,114.4,427.0,351.8,33.7,60.1,65.0,176.6,460.1,798.1,32.1,62.2,37.1,149.8,431.7,1352.0,10.0,43.2,65.0,144.0,462.8,1082.0,10.8,54.6,71.1,164.2,601.4,915.8,30.0,113.5,146.7,241.1,706.7,1213.0,17.3,109.6,112.8,216.3,852.9,2652.0,25.6,77.9,57.6,162.2,608.4,428.8,24.5,83.6,89.0,206.3,747.0,817.5,61.9,172.6,125.5,300.9,779.0,817.5,41.4,148.5,80.4,232.2,872.6,1665.0,73.7,217.8,195.5,225.0,561.7,1177.0,79.4,238.3,248.2,278.7,705.7,1264.0,122.1,332.0,242.7,323.8,772.0,1103.0,131.1,492.5,271.8,236.1,598.3,1934.0,130.9,333.1,131.7,303.0,1167.0,1911.0,84.2,368.2,254.0,354.3,1558.0,2538.0,147.9,471.6,201.8,404.7,1411.0,1959.0,235.9,948.9,407.5,376.4,1372.0,2314.0
2026-07-14,24,11,official_closing,closing_displayed,https://www.boatrace.jp/owpc/pc/race/odds3t?hd=20260714&jcd=24&rno=11,9.4,43.4,94.0,164.1,215.6,329.0,12.3,55.3,78.3,212.9,278.0,409.0,11.4,45.2,63.6,120.5,238.4,426.1,15.9,61.7,69.3,137.4,142.3,255.2,13.0,151.4,220.4,324.9,431.6,570.6,15.1,463.1,531.2,811.4,1090.0,1333.0,13.8,441.5,430.8,617.2,1021.0,1188.0,17.6,445.9,357.7,545.1,642.5,960.9,22.2,191.2,196.6,366.0,488.4,705.3,29.6,670.5,495.4,889.8,966.8,1397.0,25.1,491.7,323.0,608.0,893.2,1422.0,26.8,450.4,307.5,636.4,862.0,1407.0,26.2,193.0,214.5,176.6,341.7,754.6,34.3,647.4,575.5,395.7,768.8,1151.0,42.1,607.2,445.7,549.6,963.8,1716.0,26.5,340.7,294.3,189.7,372.9,782.9,49.6,260.9,265.7,289.2,231.2,333.4,58.2,812.1,627.1,578.7,591.9,842.7,67.7,723.8,654.6,835.2,736.8,1333.0,47.6,507.7,523.0,334.2,439.1,703.2
2026-07-14,24,12,official_closing,closing_displayed,https://www.boatrace.jp/owpc/pc/race/odds3t?hd=20260714&jcd=24&rno=12,7.6,32.2,108.0,122.5,96.6,597.8,8.4,34.4,105.9,197.4,126.6,667.5,10.3,42.9,81.4,114.3,135.6,760.2,24.5,62.2,143.1,163.6,108.7,539.4,14.2,116.5,234.8,225.3,246.4,980.0,16.3,244.0,536.2,558.6,585.4,1733.0,14.5,271.3,496.1,423.3,677.0,1885.0,31.0,377.0,601.7,506.3,515.6,1611.0,17.6,120.6,367.6,490.6,358.4,1191.0,29.6,268.7,667.5,882.2,767.0,1982.0,26.0,323.5,664.6,909.5,1036.0,2106.0,42.3,387.2,793.0,988.4,729.3,1859.0,20.4,170.6,266.5,169.1,281.6,1363.0,26.2,404.1,544.1,328.7,621.2,1929.0,38.2,480.4,649.3,562.5,836.7,2258.0,34.5,429.5,512.9,234.2,417.6,1619.0,79.4,347.2,546.0,397.0,253.5,630.9,90.5,788.9,1071.0,666.2,558.8,1509.0,116.1,803.6,1322.0,1013.0,626.6,1499.0,82.7,803.6,941.2,516.4,570.1,1330.0
