date,jcd,rno,source_type,snapshot_type,source_url,1-2-3,1-2-4,1-2-5,1-2-6,1-3-2,1-3-4,1-3-5,1-3-6,1-4-2,1-4-3,1-4-5,1-4-6,1-5-2,1-5-3,1-5-4,1-5-6,1-6-2,1-6-3,1-6-4,1-6-5,2-1-3,2-1-4,2-1-5,2-1-6,2-3-1,2-3-4,2-3-5,2-3-6,2-4-1,2-4-3,2-4-5,2-4-6,2-5-1,2-5-3,2-5-4,2-5-6,2-6-1,2-6-3,2-6-4,2-6-5,3-1-2,3-1-4,3-1-5,3-1-6,3-2-1,3-2-4,3-2-5,3-2-6,3-4-1,3-4-2,3-4-5,3-4-6,3-5-1,3-5-2,3-5-4,3-5-6,3-6-1,3-6-2,3-6-4,3-6-5,4-1-2,4-1-3,4-1-5,4-1-6,4-2-1,4-2-3,4-2-5,4-2-6,4-3-1,4-3-2,4-3-5,4-3-6,4-5-1,4-5-2,4-5-3,4-5-6,4-6-1,4-6-2,4-6-3,4-6-5,5-1-2,5-1-3,5-1-4,5-1-6,5-2-1,5-2-3,5-2-4,5-2-6,5-3-1,5-3-2,5-3-4,5-3-6,5-4-1,5-4-2,5-4-3,5-4-6,5-6-1,5-6-2,5-6-3,5-6-4,6-1-2,6-1-3,6-1-4,6-1-5,6-2-1,6-2-3,6-2-4,6-2-5,6-3-1,6-3-2,6-3-4,6-3-5,6-4-1,6-4-2,6-4-3,6-4-5,6-5-1,6-5-2,6-5-3,6-5-4
2025-12-21,02,1,official_closing,closing_displayed,https://www.boatrace.jp/owpc/pc/race/odds3t?hd=20251221&jcd=02&rno=1,22.5,36.2,79.2,40.8,1208.0,159.1,12.3,18.1,58.0,110.4,1159.0,332.1,148.5,174.0,310.3,305.6,1213.0,151.6,20.0,29.1,84.7,39.3,1169.0,968.5,36.8,55.1,84.8,44.7,1093.0,174.2,29.1,38.7,56.2,81.0,1155.0,260.0,195.6,175.4,244.1,282.0,1085.0,96.7,49.9,47.1,71.6,33.0,995.3,866.4,18.3,26.5,79.7,130.2,1554.0,453.7,37.3,36.3,68.0,112.8,1350.0,374.0,185.2,195.2,259.3,428.0,1732.0,330.6,21.3,20.2,63.5,97.4,1643.0,1363.0,434.5,605.5,609.4,493.4,1234.0,143.4,389.2,473.1,510.0,495.9,1123.0,95.0,495.9,469.2,509.1,594.3,1682.0,260.5,500.2,514.5,593.1,349.9,1093.0,710.2,54.2,62.6,163.9,47.0,1438.0,1417.0,101.7,84.8,133.7,34.3,1410.0,1424.0,44.9,39.6,115.0,87.8,1682.0,1571.0,419.3,377.0,500.2,263.9,1208.0,1178.0
2025-12-21,02,2,official_closing,closing_displayed,https://www.boatrace.jp/owpc/pc/race/odds3t?hd=20251221&jcd=02&rno=2,47.3,186.3,66.5,230.7,53.9,2089.0,81.1,293.8,21.4,77.4,20.6,2040.0,59.6,232.7,13.8,84.4,42.0,2893.0,456.3,1079.0,372.4,947.0,139.8,1743.0,30.7,239.5,141.4,379.3,84.3,3210.0,12.9,293.5,148.9,348.7,83.5,4875.0,10.2,230.9,104.7,325.8,157.2,4787.0,274.8,1247.0,895.5,1615.0,278.6,4246.0,76.9,421.2,33.5,86.2,22.6,2632.0,23.1,391.2,122.1,231.5,57.9,5373.0,29.1,508.2,22.6,55.9,28.8,2460.0,590.3,1964.0,502.4,849.3,154.5,2009.0,49.0,323.8,17.2,68.3,55.1,4967.0,14.8,273.9,62.3,166.7,129.1,1867.0,27.4,459.4,19.7,54.9,42.7,4246.0,252.4,1438.0,272.2,465.9,276.8,3026.0,1120.0,2659.0,1415.0,1854.0,244.4,1504.0,1004.0,3929.0,1907.0,2415.0,376.6,2269.0,1487.0,4316.0,1487.0,2158.0,272.8,1732.0,825.3,3606.0,1101.0,1521.0,434.4,2140.0
2025-12-21,02,3,official_closing,closing_displayed,https://www.boatrace.jp/owpc/pc/race/odds3t?hd=20251221&jcd=02&rno=3,16.6,12.5,69.7,519.4,92.0,151.9,72.7,56.6,317.8,918.1,240.1,371.9,23.6,18.5,156.2,746.9,562.6,1057.0,20.8,13.8,99.7,692.2,126.8,332.1,32.9,21.2,50.4,548.6,79.9,127.9,148.8,61.1,114.3,494.2,109.4,132.8,84.0,21.2,58.0,492.4,384.3,556.6,61.5,14.7,31.6,343.8,61.4,124.4,202.0,140.0,448.9,990.3,387.1,412.5,332.6,128.9,276.3,628.0,184.7,177.9,398.8,175.5,486.9,1125.0,1049.0,921.3,338.5,117.9,280.1,552.0,256.4,427.8,51.3,36.4,213.4,855.7,1180.0,1469.0,109.0,35.8,118.6,685.0,858.5,1009.0,267.9,136.6,479.9,1283.0,1751.0,1528.0,88.2,25.8,149.8,736.5,720.5,1573.0,65.6,33.2,170.8,1036.0,141.1,291.5,144.5,26.1,81.6,591.5,77.4,141.3,370.8,124.7,336.4,791.6,192.7,368.2,137.2,34.3,176.8,1032.0,454.3,1041.0
2025-12-21,02,4,official_closing,closing_displayed,https://www.boatrace.jp/owpc/pc/race/odds3t?hd=20251221&jcd=02&rno=4,15.3,17.8,13.2,565.4,431.2,527.9,98.1,90.0,52.2,472.0,321.6,411.0,62.5,55.8,32.7,790.2,1141.0,1804.0,100.8,87.2,37.6,883.5,820.8,1479.0,11.9,13.9,12.1,561.7,401.9,496.0,63.2,26.6,23.4,259.6,172.5,260.7,37.3,17.5,15.3,553.1,766.4,1146.0,50.4,24.5,21.2,637.7,526.8,978.6,213.2,184.5,83.3,405.1,273.8,396.3,184.7,90.3,51.2,241.8,158.2,205.3,402.6,209.9,99.0,481.9,554.3,666.1,481.0,228.4,97.5,415.7,382.6,626.7,170.7,121.8,57.8,759.5,1229.0,2356.0,126.5,59.9,36.0,704.8,949.4,1707.0,401.3,228.2,109.9,735.4,889.6,1146.0,359.9,175.6,79.5,908.7,1332.0,2765.0,285.9,228.0,100.2,1265.0,1253.0,1942.0,196.0,105.9,52.7,1141.0,810.3,1211.0,761.8,407.1,141.6,856.7,746.1,1116.0,598.7,279.0,122.4,1445.0,1817.0,2796.0
2025-12-21,02,5,official_closing,closing_displayed,https://www.boatrace.jp/owpc/pc/race/odds3t?hd=20251221&jcd=02&rno=5,25.1,68.8,66.5,14.2,431.1,2929.0,15.4,43.8,29.4,15.1,345.4,4330.0,82.4,167.6,89.4,19.6,172.4,2818.0,393.1,846.4,680.6,146.1,1190.0,4819.0,28.7,116.7,114.1,27.8,617.3,3880.0,12.6,101.0,85.7,46.5,706.3,4898.0,51.4,286.4,176.0,53.4,472.0,3643.0,407.0,1214.0,899.9,337.2,1940.0,6948.0,10.7,55.4,29.6,24.5,502.1,4668.0,9.5,80.7,56.0,42.4,718.2,5064.0,23.7,159.0,57.7,45.6,396.7,2900.0,165.5,848.8,449.9,299.0,1844.0,4527.0,159.6,462.5,184.8,26.0,165.8,2958.0,109.4,537.3,268.9,39.1,283.4,3357.0,82.5,365.7,151.2,45.4,282.4,2929.0,666.9,2390.0,1110.0,145.2,679.0,2792.0,1316.0,2845.0,1833.0,460.3,2667.0,4393.0,1339.0,3688.0,2229.0,590.4,3983.0,4979.0,910.9,2489.0,1564.0,691.6,3434.0,3983.0,1532.0,4037.0,2449.0,436.1,1833.0,3688.0
2025-12-21,02,6,official_closing,closing_displayed,https://www.boatrace.jp/owpc/pc/race/odds3t?hd=20251221&jcd=02&rno=6,35.9,42.2,92.6,250.1,1762.0,56.2,75.1,67.6,97.9,228.9,1173.0,56.2,469.8,316.9,372.6,834.9,2449.0,87.6,37.9,36.2,53.6,176.8,1682.0,348.8,47.5,49.7,81.8,220.3,1691.0,47.2,71.8,35.5,50.6,128.2,1762.0,20.0,370.9,336.1,297.7,702.8,2281.0,35.1,37.6,16.0,24.8,83.6,1417.0,241.0,124.0,92.9,91.6,189.7,1322.0,50.3,110.4,52.7,61.1,127.8,1840.0,22.2,843.4,508.6,399.9,837.0,2708.0,30.9,98.8,40.9,30.5,65.7,1820.0,244.0,1047.0,735.4,648.1,1129.0,2823.0,97.5,486.3,856.4,753.7,1327.0,2396.0,52.7,1211.0,1006.0,1009.0,1436.0,2602.0,46.9,1018.0,750.3,622.7,1067.0,2019.0,325.6,57.5,37.2,41.0,117.9,1535.0,447.1,48.7,18.0,20.1,65.6,1281.0,394.7,92.5,29.2,24.0,59.2,1514.0,413.3,497.2,257.6,196.6,434.9,1556.0,482.8
2025-12-21,02,7,official_closing,closing_displayed,https://www.boatrace.jp/owpc/pc/race/odds3t?hd=20251221&jcd=02&rno=7,4.6,36.7,56.8,278.5,214.3,386.3,15.1,76.8,93.7,305.1,190.8,682.6,9.6,53.8,59.2,364.7,529.3,1001.0,15.9,91.8,113.2,444.2,439.4,1105.0,6.8,100.3,103.4,454.7,379.6,627.5,16.1,275.0,310.7,840.3,746.5,1306.0,10.2,223.1,229.3,821.1,1661.0,1903.0,23.5,340.1,337.7,1033.0,1223.0,2082.0,36.0,318.6,197.9,415.3,295.3,1041.0,39.7,562.4,405.9,884.3,746.5,1481.0,65.2,898.1,355.2,1033.0,1343.0,2052.0,70.2,776.8,399.1,857.9,1249.0,2395.0,25.9,293.8,155.8,498.9,807.3,1458.0,26.8,559.1,312.4,1037.0,2129.0,2263.0,83.6,1052.0,478.2,1012.0,1642.0,2456.0,68.1,887.0,447.6,1033.0,1661.0,2566.0,44.5,442.1,314.1,676.2,912.4,1774.0,70.4,750.4,571.4,1362.0,1512.0,2144.0,139.5,1202.0,701.0,994.5,1444.0,2299.0,119.4,1084.0,674.6,1422.0,2129.0,2566.0
2025-12-21,02,8,official_closing,closing_displayed,https://www.boatrace.jp/owpc/pc/race/odds3t?hd=20251221&jcd=02&rno=8,27.7,58.1,32.6,215.3,94.2,3029.0,57.7,115.3,23.2,114.2,36.9,2491.0,43.8,77.5,13.1,127.3,89.3,3920.0,554.2,793.3,290.0,1002.0,397.2,3136.0,20.7,58.5,48.8,334.4,160.9,4165.0,16.6,70.5,59.3,245.2,89.2,3332.0,11.0,42.1,32.9,257.0,254.8,5671.0,253.8,443.5,441.3,1346.0,712.7,5227.0,62.5,208.7,39.7,117.7,35.6,2720.0,33.2,138.9,66.8,162.5,63.6,3064.0,42.8,176.3,25.7,69.5,57.4,2588.0,528.9,1281.0,429.9,633.2,321.9,2423.0,43.1,114.1,15.9,115.1,131.1,4231.0,17.2,63.9,30.4,188.9,224.3,4518.0,44.9,151.5,22.5,86.4,88.9,3978.0,349.3,800.5,191.9,518.6,621.4,3602.0,1287.0,2221.0,948.6,1851.0,980.0,2185.0,788.7,1306.0,1154.0,1605.0,1169.0,3554.0,1353.0,2748.0,1139.0,1586.0,788.7,1917.0,1395.0,2278.0,779.4,1110.0,1388.0,3173.0
2025-12-21,02,9,official_closing,closing_displayed,https://www.boatrace.jp/owpc/pc/race/odds3t?hd=20251221&jcd=02&rno=9,13.8,35.7,78.2,77.4,85.8,1028.0,8.7,19.3,83.7,180.0,197.6,2217.0,10.9,20.3,93.0,97.9,136.9,1383.0,40.4,86.9,215.4,212.9,192.8,1158.0,23.3,78.3,105.2,98.3,105.4,1184.0,26.5,86.2,109.9,241.0,274.7,1954.0,32.6,86.9,109.9,125.8,157.8,1603.0,86.3,192.8,259.9,272.1,260.3,1193.0,16.8,50.7,127.3,262.7,315.8,2299.0,36.4,99.3,139.8,256.7,318.4,2017.0,24.5,53.1,132.3,294.4,412.5,2030.0,57.4,150.5,243.5,377.1,443.5,2201.0,23.3,56.4,139.9,109.5,177.3,1467.0,51.7,111.1,152.0,128.8,189.7,1547.0,31.8,69.7,166.4,266.1,513.4,2201.0,63.4,135.0,233.8,166.7,256.9,1002.0,187.0,382.7,661.0,438.5,442.2,1162.0,306.5,468.0,679.7,455.8,455.8,992.6,182.1,414.1,584.4,607.1,758.9,2333.0,196.1,347.0,638.1,379.9,441.6,998.9
2025-12-21,02,10,official_closing,closing_displayed,https://www.boatrace.jp/owpc/pc/race/odds3t?hd=20251221&jcd=02&rno=10,19.2,63.8,36.9,65.0,997.8,271.1,22.7,70.3,15.1,33.1,705.0,176.0,115.8,221.6,81.6,116.3,730.4,195.4,66.5,165.9,40.3,67.9,825.2,728.7,15.4,104.1,78.8,107.4,1380.0,362.3,6.9,103.3,67.5,101.2,1566.0,476.9,63.5,381.9,209.5,317.6,1781.0,565.9,27.8,251.0,138.7,211.9,1885.0,1385.0,20.6,126.9,19.7,34.4,844.5,228.3,10.5,126.8,40.1,65.5,1574.0,457.4,78.2,451.0,67.1,116.1,878.8,187.6,33.3,287.5,31.9,55.1,1340.0,816.9,288.7,698.9,255.1,217.8,825.2,256.3,188.2,798.7,378.8,323.3,1410.0,541.4,263.6,789.0,217.0,257.1,855.7,194.8,303.9,1059.0,284.7,223.3,723.9,661.8,123.7,390.2,98.5,122.9,1318.0,1196.0,76.2,463.9,192.6,223.6,2092.0,1629.0,86.6,536.9,79.4,110.6,1821.0,1362.0,281.5,1059.0,273.4,227.9,1130.0,953.8
2025-12-21,02,11,official_closing,closing_displayed,https://www.boatrace.jp/owpc/pc/race/odds3t?hd=20251221&jcd=02&rno=11,23.6,142.0,141.6,37.3,525.1,462.7,15.5,84.4,58.5,33.1,555.3,376.2,58.9,230.0,166.1,39.1,321.6,174.1,37.0,147.5,100.4,21.3,361.0,520.5,24.2,246.2,265.7,97.5,766.8,881.5,10.0,289.9,271.4,236.1,1558.0,1558.0,41.1,669.1,518.3,190.9,962.3,881.5,23.1,448.1,405.2,143.5,1213.0,1932.0,12.3,134.4,91.0,87.6,757.2,573.7,9.0,285.5,263.9,248.0,1963.0,1578.0,21.2,338.7,272.0,257.5,1491.0,672.8,9.5,220.8,139.0,131.7,1327.0,1463.0,121.0,557.8,381.6,66.3,317.0,186.9,86.7,1014.0,752.5,155.7,625.7,587.7,65.0,669.1,569.7,198.6,827.2,468.1,88.1,1019.0,609.9,72.1,318.6,446.5,69.0,420.0,267.8,42.8,611.5,784.2,50.3,757.2,759.6,120.5,1298.0,1858.0,31.0,511.7,312.8,128.2,1271.0,1380.0,88.4,1213.0,696.1,81.1,542.8,617.7
2025-12-21,02,12,official_closing,closing_displayed,https://www.boatrace.jp/owpc/pc/race/odds3t?hd=20251221&jcd=02&rno=12,6.8,27.5,29.8,135.2,120.7,790.6,19.2,58.8,42.1,157.7,136.2,1150.0,13.7,43.5,29.8,156.9,233.8,1520.0,47.4,119.4,92.7,229.6,270.7,1572.0,8.0,50.5,54.4,199.9,216.2,1405.0,15.9,128.1,101.4,288.1,275.5,2191.0,10.7,90.5,79.9,285.7,582.2,2157.0,33.8,253.4,250.0,448.8,610.3,2530.0,36.1,170.8,95.3,241.7,204.7,1590.0,38.5,222.2,133.4,300.2,256.9,2208.0,55.5,324.3,152.9,360.5,436.2,1618.0,85.5,389.2,265.3,504.1,702.7,2783.0,28.4,139.2,76.0,192.3,393.6,1973.0,25.2,163.6,96.8,280.8,536.2,1646.0,60.7,391.9,175.2,336.9,610.3,1880.0,93.8,507.8,236.4,339.3,587.1,1819.0,186.4,540.4,367.6,555.5,702.7,2124.0,145.4,736.2,493.4,667.4,823.3,2208.0,250.0,1087.0,454.0,875.1,969.7,1867.0,266.0,1104.0,476.5,605.0,969.7,1932.0
2025-12-21,03,1,official_closing,closing_displayed,https://www.boatrace.jp/owpc/pc/race/odds3t?hd=20251221&jcd=03&rno=1,30.4,48.9,78.8,15.8,189.0,2514.0,11.3,16.2,48.2,49.5,354.3,3738.0,35.8,56.4,130.3,23.5,134.0,2603.0,366.8,497.6,845.3,256.0,934.7,4050.0,46.2,84.3,93.4,21.2,236.9,3204.0,35.2,51.8,48.6,46.3,303.1,3787.0,83.0,109.1,126.7,25.6,131.7,2113.0,631.2,819.1,949.9,335.2,1190.0,3738.0,10.7,21.1,52.7,74.3,534.1,4703.0,29.0,39.5,43.8,62.3,373.8,4050.0,19.7,37.6,74.6,86.3,321.8,2804.0,272.8,403.3,697.6,640.9,2243.0,3691.0,56.4,130.6,258.3,27.9,110.3,2700.0,134.7,166.6,213.9,26.5,98.0,2314.0,47.1,82.4,173.6,70.5,197.4,3837.0,742.0,847.7,1331.0,202.2,582.0,2160.0,1100.0,1789.0,2514.0,792.4,2296.0,4288.0,1343.0,1983.0,1789.0,714.7,2209.0,3738.0,1113.0,1436.0,2209.0,1225.0,2700.0,3888.0,1725.0,1857.0,2260.0,711.2,1906.0,2278.0
2025-12-21,03,2,official_closing,closing_displayed,https://www.boatrace.jp/owpc/pc/race/odds3t?hd=20251221&jcd=03&rno=2,93.4,56.3,245.8,272.8,462.6,915.0,131.5,75.8,449.9,561.9,834.3,1619.0,175.0,111.5,438.7,478.8,721.8,1878.0,239.8,112.3,533.9,595.9,715.5,1528.0,177.2,43.7,158.0,171.6,275.9,521.4,279.0,10.5,40.4,69.2,68.4,157.6,347.1,10.6,36.8,47.2,71.5,182.1,467.9,13.0,49.6,68.3,67.3,138.9,248.1,63.2,404.1,576.4,745.8,1519.0,368.4,14.9,89.6,134.5,128.8,333.9,478.8,12.6,146.4,213.4,259.6,707.2,553.1,18.8,209.2,348.6,250.3,646.0,350.6,89.7,516.0,395.7,713.4,1528.0,521.4,15.9,88.9,78.5,116.1,339.4,603.2,18.7,183.6,183.5,275.3,957.7,615.3,19.8,184.3,134.8,208.5,564.5,551.8,128.3,715.5,723.9,584.6,1155.0,812.3,26.8,144.7,161.5,123.6,234.6,921.8,29.3,297.2,465.2,251.6,546.9,888.5,34.1,309.9,231.5,229.3,546.9
2025-12-21,03,3,official_closing,closing_displayed,https://www.boatrace.jp/owpc/pc/race/odds3t?hd=20251221&jcd=03&rno=3,29.6,58.6,57.2,132.4,1206.0,42.7,51.5,72.2,76.7,220.4,1136.0,58.4,183.1,306.8,253.6,635.6,1456.0,99.8,19.4,37.5,34.3,158.0,778.5,220.4,30.6,64.1,70.1,138.0,1401.0,60.4,51.3,57.1,60.6,155.1,1014.0,39.3,164.6,214.1,216.0,513.5,1356.0,69.9,21.8,25.1,26.7,98.9,772.4,246.4,78.2,94.8,89.6,219.6,1236.0,53.7,92.3,86.0,78.2,152.5,980.9,34.3,347.4,323.7,256.1,461.9,1201.0,44.0,68.7,54.1,38.8,91.3,651.0,212.7,427.7,833.6,583.8,724.8,1524.0,178.5,454.8,606.7,476.9,685.9,1307.0,101.7,679.6,760.4,495.4,700.6,1279.0,87.7,295.7,432.7,258.8,331.7,614.3,332.5,20.9,51.7,29.6,136.6,764.3,443.2,29.1,27.6,20.8,82.5,622.1,362.4,54.6,48.4,25.9,82.9,643.9,394.4,138.2,220.9,119.1,236.7,605.5,480.8
2025-12-21,03,4,official_closing,closing_displayed,https://www.boatrace.jp/owpc/pc/race/odds3t?hd=20251221&jcd=03&rno=4,48.2,61.9,150.2,136.0,30.2,688.0,78.2,80.9,197.8,228.4,74.1,1504.0,27.6,28.1,95.6,88.2,71.3,1390.0,101.6,86.4,299.3,200.3,48.0,612.6,84.1,94.9,135.7,140.5,24.9,645.9,113.8,119.9,109.5,187.4,32.8,912.8,61.0,41.0,46.3,73.0,40.4,1021.0,202.2,145.9,130.0,167.1,23.7,266.9,133.2,159.8,203.0,245.8,108.7,1701.0,175.4,160.4,117.9,198.1,53.7,1122.0,98.4,73.3,68.5,99.6,77.8,782.4,252.4,177.0,126.9,201.3,65.8,674.5,27.5,29.4,87.5,58.6,68.6,1449.0,56.9,32.3,48.4,47.3,45.6,1045.0,75.1,47.7,62.9,69.5,68.9,1136.0,73.9,34.9,74.2,50.4,46.9,454.1,291.9,228.6,542.3,317.3,63.2,381.9,474.6,296.0,382.4,282.3,40.7,199.4,481.3,302.9,329.9,326.8,82.6,434.0,241.2,107.0,216.8,140.8,79.1,338.1
2025-12-21,03,5,official_closing,closing_displayed,https://www.boatrace.jp/owpc/pc/race/odds3t?hd=20251221&jcd=03&rno=5,13.3,15.2,90.2,39.1,451.6,1608.0,8.6,9.2,95.9,77.8,846.5,2160.0,56.6,51.6,281.8,123.8,608.2,2297.0,102.1,83.2,428.9,207.2,1148.0,3618.0,31.6,26.4,79.7,31.6,439.9,1412.0,38.5,17.8,51.6,38.8,439.9,1206.0,118.9,54.1,133.5,68.3,364.6,872.0,224.2,72.8,176.2,93.6,547.2,2176.0,18.0,12.2,119.2,122.9,1269.0,2783.0,34.4,16.1,73.1,72.6,541.1,1334.0,90.1,40.4,219.8,197.3,822.4,1304.0,153.9,53.1,254.8,232.3,1068.0,4453.0,153.4,144.5,541.1,175.8,671.7,2279.0,224.5,133.0,288.3,117.2,396.0,933.8,200.7,111.7,356.5,212.2,709.5,1426.0,567.6,258.7,690.9,261.0,761.8,2144.0,392.8,301.5,1033.0,384.9,2144.0,3759.0,529.2,262.4,527.3,229.2,1298.0,2412.0,513.3,195.8,652.0,422.6,1917.0,3488.0,797.5,399.3,1113.0,481.7,1832.0,2608.0
2025-12-21,03,6,official_closing,closing_displayed,https://www.boatrace.jp/owpc/pc/race/odds3t?hd=20251221&jcd=03&rno=6,4.0,23.6,39.9,389.4,1038.0,75.5,22.9,85.7,118.4,487.1,1326.0,90.9,52.6,155.2,231.3,785.3,1565.0,343.2,5.4,31.8,53.1,464.0,1168.0,549.9,5.9,51.4,68.7,524.1,1304.0,128.7,26.7,262.3,332.1,787.9,1893.0,196.0,68.8,476.2,498.5,1476.0,2096.0,680.6,12.7,117.7,150.5,913.6,1642.0,1156.0,81.7,336.8,425.3,694.7,2215.0,176.8,83.2,490.2,569.9,978.3,2348.0,232.7,218.6,755.0,1229.0,1989.0,2863.0,844.6,111.9,489.1,616.3,1067.0,2795.0,1863.0,247.4,616.3,935.5,1107.0,2215.0,832.6,265.9,994.9,1156.0,1357.0,2638.0,1269.0,357.3,1097.0,1389.0,1739.0,3130.0,1304.0,291.6,1107.0,1713.0,1255.0,2194.0,1449.0,15.7,100.8,134.0,847.6,1440.0,1092.0,23.1,164.4,193.7,1097.0,1989.0,1608.0,84.8,405.5,478.2,1248.0,2445.0,2115.0,135.8,614.6,838.6,1505.0,1909.0,1544.0
2025-12-21,03,7,official_closing,closing_displayed,https://www.boatrace.jp/owpc/pc/race/odds3t?hd=20251221&jcd=03&rno=7,72.7,127.0,138.1,242.4,93.8,366.9,89.7,121.4,120.2,228.2,88.5,335.4,77.1,99.5,68.3,139.6,87.4,386.2,84.8,108.3,96.3,138.0,54.5,251.5,76.0,137.0,150.0,308.9,123.1,470.8,77.8,110.2,120.9,258.1,78.3,337.4,47.9,50.1,52.4,161.6,131.9,341.4,69.3,78.0,85.2,165.4,63.6,186.1,114.0,186.5,161.0,261.2,71.5,356.3,104.9,149.1,132.0,250.7,57.0,342.7,84.3,104.4,55.8,108.2,61.5,302.4,89.1,110.3,68.3,128.6,25.0,95.6,74.5,125.8,59.6,128.0,114.1,507.6,59.6,59.9,39.2,130.9,127.0,361.7,69.0,100.4,38.5,103.8,104.7,347.7,54.4,54.8,19.4,54.5,47.7,146.2,139.0,221.9,124.2,194.8,50.5,141.0,137.4,147.4,94.4,179.5,42.7,113.1,134.7,159.1,80.6,160.8,26.1,69.9,102.9,94.3,35.3,79.1,38.7,91.3
2025-12-21,03,8,official_closing,closing_displayed,https://www.boatrace.jp/owpc/pc/race/odds3t?hd=20251221&jcd=03&rno=8,10.0,11.2,82.7,189.4,228.2,317.3,19.8,23.7,163.0,327.7,443.4,681.2,15.6,18.3,135.8,350.2,616.5,913.0,18.2,17.7,139.1,294.8,375.5,630.2,19.8,24.7,79.3,187.1,219.4,279.2,49.8,48.7,120.9,223.9,266.0,322.6,42.5,37.9,89.4,216.2,437.2,394.5,50.0,32.3,95.0,171.3,222.3,326.3,46.6,52.8,296.7,465.3,637.9,1092.0,90.7,68.8,204.9,336.5,359.0,534.9,99.9,82.7,357.8,552.9,1092.0,1183.0,91.6,56.9,295.1,420.1,571.2,1132.0,41.4,45.9,294.5,505.4,1077.0,1428.0,95.2,63.8,190.4,325.6,670.9,634.0,175.0,110.5,495.7,632.7,1153.0,1365.0,103.5,53.3,310.4,334.0,696.5,1230.0,55.3,47.4,352.1,455.1,472.4,934.9,134.1,65.9,238.0,261.8,310.4,481.9,218.1,78.1,478.9,491.8,617.7,1132.0,153.4,68.2,407.5,368.0,812.8,1286.0
2025-12-21,03,9,official_closing,closing_displayed,https://www.boatrace.jp/owpc/pc/race/odds3t?hd=20251221&jcd=03&rno=9,27.5,71.8,62.9,294.0,16.6,387.5,72.2,163.6,132.9,308.9,30.2,444.0,13.7,35.5,32.5,148.3,65.0,679.9,65.2,120.6,106.2,316.9,21.2,159.5,26.5,118.8,112.0,450.6,32.0,534.4,77.1,378.8,364.8,803.7,78.4,898.6,18.5,132.2,105.0,410.5,179.9,1095.0,61.3,317.6,308.9,670.9,63.3,394.6,127.7,363.5,289.0,465.0,53.0,549.8,141.2,549.8,430.8,690.7,91.0,785.1,66.7,289.8,221.7,345.3,205.0,957.9,172.3,567.2,412.2,652.3,90.8,421.9,11.5,42.4,47.6,126.7,106.0,890.7,16.5,105.7,82.2,247.4,201.2,1002.0,42.8,195.2,157.5,289.0,248.6,1022.0,17.7,112.8,91.6,144.7,116.0,446.0,113.1,339.9,235.7,461.5,36.1,145.1,161.4,586.9,365.2,622.9,62.2,286.3,258.1,752.1,450.6,773.1,92.2,331.1,58.5,261.7,205.5,276.9,122.5,374.2
2025-12-21,03,10,official_closing,closing_displayed,https://www.boatrace.jp/owpc/pc/race/odds3t?hd=20251221&jcd=03&rno=10,9.6,18.8,61.6,44.2,250.5,1323.0,13.9,24.3,63.0,60.3,411.6,1946.0,30.3,49.6,109.9,63.2,410.1,999.8,63.7,94.0,189.0,80.9,492.4,2055.0,16.5,36.8,62.8,53.6,314.2,1402.0,20.9,27.4,44.1,57.0,347.2,919.3,36.8,61.0,85.5,62.7,420.5,870.9,70.6,116.0,160.9,90.2,473.4,1969.0,23.0,42.8,83.1,94.0,578.5,2507.0,27.0,35.7,58.5,69.1,439.5,1085.0,52.2,82.0,114.5,102.4,595.2,932.2,70.5,111.7,162.3,143.3,896.8,2398.0,91.9,161.5,229.8,90.7,309.0,951.0,92.5,137.1,189.4,78.0,259.9,844.2,128.1,181.6,218.8,123.7,427.0,850.7,161.2,295.4,361.6,98.0,313.6,1234.0,202.5,306.1,485.2,158.5,864.1,2221.0,242.4,300.8,374.3,156.6,894.4,2163.0,204.9,292.6,368.5,254.1,1095.0,1969.0,228.4,419.9,561.8,149.4,733.8,1313.0
2025-12-21,03,11,official_closing,closing_displayed,https://www.boatrace.jp/owpc/pc/race/odds3t?hd=20251221&jcd=03&rno=11,9.4,88.9,61.5,174.4,174.1,307.1,18.2,122.7,55.2,128.6,176.0,253.5,19.9,117.2,62.7,170.0,226.0,439.9,16.8,111.1,52.1,140.3,147.7,312.5,11.8,211.1,173.3,413.8,319.9,546.6,12.6,579.7,346.0,709.6,756.0,1311.0,13.8,567.0,305.9,904.7,1337.0,1629.0,10.1,492.9,348.9,762.8,769.8,1661.0,25.6,371.3,109.6,206.1,339.4,449.3,21.1,720.3,266.6,551.1,712.6,1434.0,32.7,929.8,211.9,451.1,935.0,1229.0,25.1,674.0,178.9,390.7,732.9,1472.0,33.8,290.8,173.2,315.4,465.5,675.3,29.9,648.0,318.7,679.4,1198.0,1766.0,50.6,851.9,318.7,654.3,1048.0,1348.0,29.5,839.1,271.7,366.8,675.3,1532.0,36.1,387.1,183.0,298.1,319.6,584.7,25.7,902.3,498.0,603.7,888.0,1281.0,47.7,1065.0,351.1,596.2,924.7,1281.0,36.0,1014.0,408.8,490.7,814.7,1014.0
2025-12-21,03,12,official_closing,closing_displayed,https://www.boatrace.jp/owpc/pc/race/odds3t?hd=20251221&jcd=03&rno=12,9.6,26.8,37.7,62.2,131.0,473.1,11.8,28.1,34.8,70.9,146.3,1327.0,19.1,36.6,42.0,74.0,169.5,1247.0,58.0,97.9,111.0,161.9,208.4,1254.0,14.4,63.4,66.8,95.8,231.7,534.7,14.3,99.5,86.2,150.4,362.5,1906.0,23.7,133.2,94.9,131.0,418.8,1947.0,71.7,351.0,265.3,309.7,552.7,2282.0,20.2,75.6,57.3,93.7,270.0,1790.0,22.0,115.0,79.7,138.6,340.1,2239.0,33.1,138.8,73.0,126.9,399.9,1630.0,71.0,302.1,159.4,233.2,615.1,2576.0,37.0,120.6,102.7,123.3,313.2,1414.0,45.0,217.8,130.1,157.8,395.3,1790.0,54.5,229.1,122.0,173.1,427.3,1756.0,75.4,375.6,206.3,215.9,552.7,1947.0,143.4,313.4,434.3,431.2,778.2,1782.0,206.6,909.1,551.5,571.9,1075.0,2396.0,202.3,831.8,486.0,588.3,1304.0,2592.0,198.7,706.0,415.7,479.2,1217.0,2140.0
2025-12-21,05,1,official_closing,closing_displayed,https://www.boatrace.jp/owpc/pc/race/odds3t?hd=20251221&jcd=05&rno=1,9.2,60.1,27.7,250.4,261.8,268.1,22.9,124.6,32.2,152.3,218.8,179.2,24.4,135.5,33.0,380.9,626.9,402.8,22.2,113.0,23.9,202.4,225.6,478.1,8.8,90.2,61.5,275.1,500.8,485.4,13.4,183.2,115.5,252.4,604.9,443.4,15.1,193.5,120.4,407.1,1539.0,965.9,12.2,145.9,85.2,340.5,965.9,1126.0,50.6,243.9,56.7,150.3,303.4,240.2,39.2,224.0,115.7,297.2,496.9,372.7,97.7,436.2,90.7,273.6,856.7,418.8,59.2,348.6,60.8,171.3,499.5,558.5,45.1,420.7,92.3,572.0,1001.0,383.2,42.6,461.7,163.3,901.5,1618.0,1140.0,119.6,1007.0,158.4,728.2,1213.0,372.7,52.0,714.4,102.6,612.7,1161.0,580.7,62.1,374.1,67.2,218.1,444.4,880.6,46.0,390.3,121.9,582.5,1081.0,1769.0,104.1,856.7,107.1,238.1,725.4,1069.0,83.4,951.4,133.7,377.9,1262.0,1753.0
2025-12-21,05,2,official_closing,closing_displayed,https://www.boatrace.jp/owpc/pc/race/odds3t?hd=20251221&jcd=05&rno=2,4.2,23.9,83.5,160.7,357.3,707.8,7.0,33.8,156.0,405.1,561.5,1578.0,6.6,40.7,156.1,251.3,573.7,1924.0,14.5,68.3,224.1,297.0,532.3,1291.0,10.1,74.4,131.8,258.3,624.1,962.1,23.7,176.2,353.9,626.2,1140.0,2716.0,21.8,195.4,333.4,577.3,1207.0,2030.0,38.8,281.6,605.6,655.0,1215.0,2757.0,21.7,146.8,457.2,786.1,982.6,2099.0,42.8,264.2,582.7,824.7,1191.0,1154.0,43.8,324.6,821.0,1565.0,2565.0,3848.0,59.9,362.2,1093.0,1501.0,2757.0,3930.0,28.5,240.8,460.6,349.8,879.6,2639.0,56.0,404.2,641.4,429.6,1161.0,2565.0,87.1,511.7,914.5,1004.0,2099.0,4736.0,73.3,645.9,1223.0,495.2,1119.0,3770.0,61.8,369.4,810.2,679.1,1282.0,1986.0,126.2,843.5,1184.0,810.2,1885.0,2886.0,201.0,847.4,1348.0,1829.0,3552.0,4398.0,103.9,998.5,1368.0,1055.0,2199.0,3358.0
2025-12-21,05,3,official_closing,closing_displayed,https://www.boatrace.jp/owpc/pc/race/odds3t?hd=20251221&jcd=05&rno=3,23.5,60.1,68.4,95.5,1228.0,423.0,23.6,64.1,29.4,55.7,497.8,250.0,106.9,190.5,126.1,143.2,890.7,242.6,27.0,87.4,40.2,44.5,899.3,792.0,23.3,87.4,94.4,138.0,713.0,659.0,12.3,81.5,73.5,124.5,716.6,536.1,76.8,298.4,202.6,294.3,765.9,404.6,15.4,114.0,98.4,105.5,745.4,1290.0,24.6,133.5,33.9,58.4,1072.0,379.3,15.3,103.3,56.7,94.1,1393.0,541.3,73.5,332.2,56.3,99.2,812.7,201.8,15.0,109.0,21.8,36.8,1032.0,757.5,279.0,550.9,281.6,216.7,893.5,186.9,205.7,457.7,356.5,315.3,1166.0,311.4,192.8,460.0,161.1,231.5,745.4,186.7,141.3,517.2,182.8,135.3,585.6,460.0,62.8,362.5,88.9,62.4,1191.0,1217.0,39.4,302.7,117.7,97.5,1506.0,1261.0,37.4,244.7,54.2,67.6,1064.0,1124.0,146.2,792.0,163.8,113.9,753.4,729.8
2025-12-21,05,4,official_closing,closing_displayed,https://www.boatrace.jp/owpc/pc/race/odds3t?hd=20251221&jcd=05&rno=4,26.7,56.9,158.8,32.4,145.0,716.9,12.4,23.5,112.1,91.1,256.6,937.9,36.4,53.9,146.6,41.6,141.3,605.9,65.4,104.9,243.2,65.9,170.4,961.0,42.1,117.8,193.9,37.7,194.6,995.9,33.7,75.4,105.6,78.0,223.5,1239.0,52.7,112.2,159.2,29.7,105.9,448.2,109.2,221.4,216.5,47.2,168.4,784.7,15.4,33.0,142.2,152.7,354.7,1611.0,37.0,62.5,93.6,106.1,265.6,1217.0,32.6,32.6,97.1,113.1,257.4,925.2,53.3,65.1,134.3,139.4,298.0,1298.0,74.6,131.6,263.6,43.4,111.6,601.9,106.1,149.7,181.5,30.5,73.1,334.4,73.7,74.4,134.2,82.1,172.0,730.3,127.4,181.1,224.6,30.4,67.7,277.4,156.9,397.5,621.0,111.1,298.3,912.9,286.4,556.6,427.2,70.3,201.8,621.0,155.1,184.6,315.1,192.0,358.0,1037.0,247.6,366.6,410.6,62.3,137.6,311.2
2025-12-21,05,5,official_closing,closing_displayed,https://www.boatrace.jp/owpc/pc/race/odds3t?hd=20251221&jcd=05&rno=5,20.7,46.5,75.2,104.6,886.7,224.4,26.4,52.2,56.4,103.9,843.3,189.6,93.0,168.1,151.0,183.7,713.9,229.0,37.0,61.8,57.2,74.8,632.2,651.0,23.9,63.9,85.9,103.9,997.8,216.8,17.8,35.0,56.6,53.3,750.1,122.7,72.6,137.4,165.9,124.2,673.3,121.0,24.4,32.0,46.3,33.9,650.0,535.0,38.2,84.1,66.8,107.0,1000.0,217.0,29.6,49.9,60.9,63.5,894.3,138.3,99.2,164.3,114.6,148.7,739.4,113.6,35.2,32.3,31.3,42.2,720.1,450.1,251.5,409.5,287.1,177.1,656.2,213.5,226.9,316.5,296.2,147.7,535.6,118.4,276.2,361.6,245.0,180.8,555.8,117.2,246.1,292.0,222.6,82.0,325.5,323.0,88.0,122.3,93.4,77.8,866.3,958.5,66.6,60.6,70.7,44.6,754.2,881.0,72.1,62.4,52.1,47.5,761.2,703.0,230.4,240.7,192.4,85.0,482.0,527.5
2025-12-21,05,6,official_closing,closing_displayed,https://www.boatrace.jp/owpc/pc/race/odds3t?hd=20251221&jcd=05&rno=6,5.3,58.4,19.1,466.7,455.1,2059.0,19.0,171.0,32.9,306.2,320.2,1087.0,17.0,169.6,26.4,529.7,707.1,1647.0,49.6,327.2,59.5,587.4,711.7,3295.0,4.4,91.6,47.0,790.2,938.8,2515.0,9.8,430.7,165.8,1063.0,955.1,3138.0,8.6,291.1,82.4,1373.0,1725.0,4453.0,27.8,628.8,239.6,1569.0,1532.0,5681.0,44.3,587.4,68.7,342.9,304.5,1569.0,36.0,788.3,135.6,692.2,530.6,3230.0,74.4,1069.0,96.0,522.2,581.1,2701.0,124.8,1312.0,163.3,590.5,553.8,3543.0,50.2,551.0,65.2,1098.0,1569.0,4068.0,37.9,646.1,120.0,1339.0,2085.0,4335.0,125.3,1176.0,131.7,1026.0,1439.0,4335.0,134.4,1367.0,149.9,1339.0,1781.0,5148.0,238.6,1477.0,239.6,2085.0,1752.0,4224.0,180.3,1904.0,458.9,2226.0,2746.0,5148.0,357.0,1949.0,429.0,1672.0,2182.0,4514.0,279.2,2574.0,354.7,2968.0,2995.0,5681.0
2025-12-21,05,7,official_closing,closing_displayed,https://www.boatrace.jp/owpc/pc/race/odds3t?hd=20251221&jcd=05&rno=7,38.6,69.2,122.6,54.4,705.7,180.6,25.5,42.9,70.9,63.0,699.6,243.4,116.9,240.3,187.9,70.0,332.8,83.2,36.8,56.8,75.3,22.1,411.5,345.8,46.7,120.3,133.5,65.8,1002.0,270.4,31.9,87.0,85.7,84.3,764.7,310.8,106.2,372.0,305.3,154.0,524.4,119.0,40.7,104.7,104.1,41.7,747.4,570.9,25.7,66.4,74.7,86.6,1011.0,372.0,31.8,83.4,80.2,101.9,1122.0,345.8,55.0,244.6,134.0,152.1,634.8,149.0,16.2,49.0,43.1,46.3,629.9,546.2,261.6,604.5,428.2,89.1,238.9,55.6,228.6,629.9,508.2,130.1,355.1,63.8,157.9,457.3,296.2,164.5,375.8,79.9,149.8,398.1,259.7,40.6,130.0,83.5,70.4,149.1,142.4,22.5,396.2,420.5,79.6,169.8,155.9,28.6,570.9,544.4,36.5,88.8,71.8,36.3,509.8,545.3,132.7,388.2,226.1,31.9,159.4,165.2
2025-12-21,05,8,official_closing,closing_displayed,https://www.boatrace.jp/owpc/pc/race/odds3t?hd=20251221&jcd=05&rno=8,17.3,66.7,176.6,54.4,104.8,297.3,13.3,41.7,171.1,148.5,159.2,267.5,16.1,49.1,128.4,46.4,97.5,352.1,35.9,87.2,233.6,93.9,106.3,191.6,32.2,160.3,213.8,82.3,135.1,496.1,37.1,146.4,190.6,162.6,201.9,419.6,28.1,113.0,150.2,54.3,122.1,509.2,50.0,228.8,294.7,126.7,153.3,289.3,20.9,81.6,266.7,323.0,252.0,665.1,45.6,142.2,232.0,263.0,283.5,601.3,23.2,61.9,180.4,158.4,311.4,633.8,50.8,137.8,291.8,282.3,278.0,305.4,31.0,111.0,209.4,50.8,91.9,500.7,40.7,140.1,211.2,48.6,94.2,492.5,43.2,90.7,231.0,112.6,201.9,428.9,43.4,134.2,205.0,39.5,77.4,212.6,71.4,288.4,528.2,159.9,141.9,286.9,66.3,267.5,574.4,168.7,130.2,273.7,93.2,307.5,508.3,178.2,208.8,242.9,52.4,196.2,307.8,75.8,142.1,241.8
2025-12-21,05,9,official_closing,closing_displayed,https://www.boatrace.jp/owpc/pc/race/odds3t?hd=20251221&jcd=05&rno=9,12.6,65.6,40.4,98.5,469.8,1554.0,21.1,87.4,16.7,56.9,278.3,1452.0,45.0,153.0,27.6,98.4,364.7,1255.0,85.7,264.0,64.7,135.7,533.0,2188.0,10.2,106.3,104.3,211.2,680.2,2028.0,7.3,125.7,103.9,215.7,745.8,1900.0,15.2,202.8,152.9,364.7,934.4,2174.0,33.8,360.7,266.5,462.0,1192.0,2578.0,24.9,171.3,28.9,62.5,295.9,1196.0,12.6,175.5,67.2,135.3,582.5,1922.0,34.9,319.8,29.2,65.3,245.3,626.4,47.8,465.9,51.9,103.7,566.6,1222.0,88.3,505.5,80.9,167.9,424.8,1314.0,54.7,513.3,156.9,310.8,788.2,2079.0,86.5,649.7,65.0,130.3,267.1,709.2,131.4,1004.0,125.4,172.0,458.1,1087.0,276.2,972.6,282.8,344.7,1033.0,2376.0,187.8,987.1,491.3,613.7,1512.0,3261.0,221.9,1269.0,179.4,242.2,807.4,1723.0,307.7,1599.0,248.6,306.0,726.3,1192.0
2025-12-21,05,10,official_closing,closing_displayed,https://www.boatrace.jp/owpc/pc/race/odds3t?hd=20251221&jcd=05&rno=10,15.4,30.8,63.0,53.4,83.3,1560.0,16.6,29.8,59.8,81.7,95.8,2304.0,30.5,45.6,64.5,48.8,94.3,1663.0,114.5,143.8,262.9,134.3,179.6,2092.0,20.9,68.2,87.3,58.3,130.3,2054.0,19.4,54.8,73.7,54.5,138.1,2536.0,26.6,67.6,84.3,44.3,127.8,2522.0,138.9,249.6,343.2,110.2,228.8,2655.0,28.5,68.1,75.0,104.0,145.9,3067.0,34.0,67.7,64.6,63.8,133.3,2837.0,42.6,80.9,57.8,69.3,107.5,2131.0,142.6,218.7,209.7,213.1,332.6,2837.0,50.9,113.0,93.7,38.1,85.3,1610.0,49.7,99.6,86.2,35.2,84.8,2073.0,63.0,120.3,71.1,54.4,96.9,2151.0,179.9,314.2,225.8,44.7,112.6,1173.0,389.4,590.4,897.3,199.8,391.4,2258.0,401.4,656.1,895.5,185.1,394.4,2481.0,415.4,687.9,740.7,275.1,545.0,2467.0,401.8,772.2,883.3,157.1,386.1,1418.0
2025-12-21,05,11,official_closing,closing_displayed,https://www.boatrace.jp/owpc/pc/race/odds3t?hd=20251221&jcd=05&rno=11,25.3,97.3,98.9,118.4,567.4,55.9,40.1,132.9,64.5,81.1,398.5,40.9,66.2,173.6,89.5,76.2,419.0,44.1,32.1,133.1,72.2,62.5,423.6,90.3,25.6,119.8,148.9,187.6,950.1,94.8,24.7,94.7,115.9,163.5,697.5,68.8,34.5,117.6,134.9,147.0,745.7,78.1,22.2,132.8,176.7,191.1,1036.0,121.8,56.4,192.5,65.2,86.9,477.4,74.7,41.8,122.6,106.2,139.6,658.9,86.4,70.0,151.5,61.7,79.0,399.1,69.4,37.3,180.7,77.9,99.1,640.5,111.6,147.7,426.8,154.7,75.0,331.9,70.6,92.9,281.2,207.0,121.4,477.8,93.7,138.7,326.2,124.3,92.7,320.2,80.4,110.5,460.1,185.8,77.2,327.5,102.0,23.5,145.2,97.9,72.4,562.9,234.8,18.6,109.7,141.2,129.7,830.1,304.8,27.9,130.8,96.5,99.1,733.3,257.3,49.6,164.6,125.7,87.8,502.6,219.2
2025-12-21,05,12,official_closing,closing_displayed,https://www.boatrace.jp/owpc/pc/race/odds3t?hd=20251221&jcd=05&rno=12,11.1,97.0,74.9,35.5,315.3,1354.0,6.5,54.1,42.7,55.4,335.7,1867.0,20.4,146.8,77.0,56.0,253.3,1494.0,69.5,292.5,177.0,124.0,547.6,2236.0,14.7,290.0,228.0,84.0,743.6,2651.0,9.8,397.2,265.4,236.9,1419.0,4378.0,22.8,776.1,455.6,237.2,1094.0,3326.0,69.2,1229.0,757.9,480.8,1849.0,4075.0,7.6,108.0,62.7,87.3,527.1,2760.0,9.8,344.8,132.0,179.7,1071.0,3989.0,15.5,414.5,92.8,136.3,711.0,2523.0,47.7,691.7,164.0,246.2,1348.0,3473.0,40.1,451.7,191.7,118.3,372.2,2078.0,50.3,1127.0,337.7,199.1,706.7,3326.0,37.7,870.0,192.6,227.5,699.9,2960.0,139.9,1756.0,388.8,244.6,783.2,2236.0,240.5,1430.0,759.8,485.5,1617.0,2793.0,252.5,2752.0,1072.0,797.8,2810.0,4440.0,206.5,1789.0,649.7,824.3,2651.0,3972.0,303.1,2371.0,897.4,583.6,1473.0,2313.0
2025-12-21,06,1,official_closing,closing_displayed,https://www.boatrace.jp/owpc/pc/race/odds3t?hd=20251221&jcd=06&rno=1,11.2,25.9,61.9,25.2,219.8,496.4,9.7,19.8,61.2,54.3,402.8,1165.0,33.2,50.2,106.8,36.8,267.6,854.9,67.6,100.1,249.8,70.9,464.9,1810.0,18.8,51.9,80.7,33.6,247.0,638.5,20.2,58.1,77.9,63.1,379.0,1361.0,50.9,91.9,114.1,52.6,348.9,1107.0,124.4,211.9,215.2,84.7,541.8,2296.0,14.2,35.2,88.2,103.3,567.8,1619.0,24.3,55.5,84.0,100.9,439.6,1508.0,43.7,85.4,130.0,129.5,591.8,1768.0,83.9,144.9,263.5,211.0,932.6,2263.0,87.6,144.0,215.2,42.6,199.8,1054.0,110.5,170.7,198.5,48.7,195.2,1083.0,115.2,182.1,223.6,109.8,378.0,1810.0,252.2,336.7,380.9,66.7,252.6,1709.0,179.9,355.3,722.4,153.4,769.4,2079.0,292.0,567.8,765.6,159.3,805.6,2108.0,318.6,426.2,690.0,328.1,1148.0,2263.0,381.8,641.1,722.4,163.5,699.4,1729.0
2025-12-21,06,2,official_closing,closing_displayed,https://www.boatrace.jp/owpc/pc/race/odds3t?hd=20251221&jcd=06&rno=2,22.8,32.2,83.8,583.2,14.1,2377.0,85.6,98.4,231.7,776.6,19.6,3268.0,17.9,27.3,76.3,514.3,80.7,4022.0,167.0,159.9,401.2,1890.0,130.6,1913.0,40.1,40.8,81.4,709.8,18.1,2178.0,120.1,57.3,110.7,484.2,11.2,2037.0,32.7,25.1,43.2,436.9,50.3,2852.0,219.4,94.0,178.0,1005.0,68.3,1782.0,194.6,224.4,280.6,769.0,31.8,3337.0,226.3,136.3,185.2,506.0,17.0,2341.0,195.8,143.9,181.5,436.9,67.3,2960.0,610.4,307.0,382.6,933.8,92.0,1961.0,12.4,30.7,74.2,556.3,184.7,2905.0,17.5,21.5,46.7,438.2,134.7,2490.0,75.8,67.0,143.7,462.7,144.1,3565.0,152.3,112.2,209.4,1153.0,388.3,3016.0,645.6,556.3,719.6,2614.0,361.4,1617.0,733.0,326.1,478.3,1376.0,282.6,1352.0,1074.0,479.7,664.7,2149.0,333.7,2091.0,574.6,360.6,490.2,1651.0,530.0,2704.0
2025-12-21,06,3,official_closing,closing_displayed,https://www.boatrace.jp/owpc/pc/race/odds3t?hd=20251221&jcd=06&rno=3,30.7,27.3,77.9,891.0,392.0,105.7,265.3,230.4,342.6,1837.0,503.4,180.3,80.0,71.2,188.2,2100.0,1245.0,567.6,27.9,23.8,89.3,1105.0,397.3,281.6,47.2,33.4,60.0,960.9,317.5,85.8,280.0,102.1,141.2,622.9,101.3,27.8,103.8,16.2,30.5,1235.0,644.8,200.8,65.1,9.7,15.8,466.7,62.9,37.8,462.3,440.1,569.8,1792.0,495.0,152.8,500.0,306.9,341.1,794.6,137.9,39.1,930.4,462.3,680.6,647.6,727.8,308.8,559.0,223.4,363.9,727.8,153.3,77.5,187.7,87.6,215.2,1837.0,1729.0,821.3,184.2,30.1,66.4,1455.0,986.6,391.0,790.4,287.1,426.1,2013.0,1215.0,578.8,173.1,20.3,59.8,812.2,936.4,630.9,63.5,32.2,97.4,1245.0,271.2,281.6,123.4,12.9,27.6,517.6,69.8,64.0,574.2,115.3,219.4,782.0,127.9,108.6,194.9,18.1,54.8,980.1,493.3,406.1
2025-12-21,06,4,official_closing,closing_displayed,https://www.boatrace.jp/owpc/pc/race/odds3t?hd=20251221&jcd=06&rno=4,16.4,75.6,41.2,167.1,483.9,2272.0,27.9,123.8,11.6,50.0,165.4,2358.0,49.0,195.9,19.3,92.1,314.2,3105.0,130.3,414.0,85.1,242.9,642.5,4234.0,12.6,126.0,104.9,339.3,754.3,3387.0,6.6,164.0,110.9,262.4,393.1,3158.0,12.4,200.7,133.6,253.8,799.6,2911.0,68.1,536.9,303.4,658.4,960.4,4436.0,31.1,261.3,21.8,46.1,216.9,2552.0,13.5,237.6,66.1,136.4,447.9,3054.0,29.3,343.7,20.9,45.7,129.6,1741.0,93.1,719.4,86.9,149.3,551.2,2070.0,94.5,557.8,64.6,116.3,312.6,3881.0,43.5,255.2,142.2,225.3,510.4,2911.0,58.6,621.1,45.0,72.8,131.5,2388.0,174.6,839.3,156.7,142.5,419.6,2358.0,429.3,1136.0,490.3,776.3,1791.0,3515.0,359.0,1089.0,649.2,1096.0,1552.0,3881.0,394.7,1527.0,355.5,587.7,1400.0,2093.0,476.5,1634.0,423.4,457.8,1029.0,2419.0
2025-12-21,06,5,official_closing,closing_displayed,https://www.boatrace.jp/owpc/pc/race/odds3t?hd=20251221&jcd=06&rno=5,15.3,12.2,78.5,262.0,153.6,213.9,65.7,52.0,230.4,373.5,277.3,386.5,25.2,20.5,150.4,356.9,475.5,712.5,26.8,21.9,135.9,625.7,299.2,448.9,30.5,22.7,61.3,215.7,116.8,171.4,126.3,39.5,77.7,126.8,105.3,143.5,67.5,17.0,49.1,142.3,242.9,258.0,60.3,16.5,48.7,194.2,110.5,136.8,199.6,119.1,329.3,415.4,400.4,436.2,238.0,71.5,169.2,188.7,181.5,221.7,321.9,99.4,263.4,303.8,588.9,522.7,397.2,100.9,291.4,322.4,375.6,381.3,72.1,47.0,223.9,247.4,447.9,882.0,113.7,31.0,108.4,144.2,250.5,416.2,300.6,84.4,282.0,232.8,461.3,619.8,157.2,32.8,185.5,264.1,490.7,617.9,67.8,40.7,212.5,882.0,374.9,425.1,101.8,26.0,104.2,324.5,174.5,203.8,255.0,60.7,258.6,446.9,398.0,390.3,145.1,30.6,172.9,455.0,585.4,592.3
2025-12-21,06,6,official_closing,closing_displayed,https://www.boatrace.jp/owpc/pc/race/odds3t?hd=20251221&jcd=06&rno=6,12.3,114.1,133.3,61.6,89.9,865.5,8.8,69.0,90.1,109.4,195.0,1457.0,12.8,112.5,124.6,56.2,80.2,823.6,29.4,219.3,239.0,99.9,111.9,908.0,16.5,227.2,250.3,124.5,221.7,1594.0,13.1,219.5,244.8,272.8,858.8,2702.0,20.8,480.6,336.2,257.3,352.2,2151.0,45.1,731.2,584.6,374.2,515.2,2804.0,10.7,139.3,153.6,206.8,384.0,3258.0,15.8,287.7,229.6,285.1,842.4,3887.0,13.5,360.2,226.0,295.0,683.8,2735.0,26.5,429.4,324.4,382.6,788.5,3692.0,21.2,382.0,236.7,79.5,145.0,1420.0,35.8,1035.0,462.5,180.1,299.0,1678.0,24.2,584.6,340.3,331.2,605.3,2840.0,43.4,1030.0,474.4,135.6,249.2,1411.0,78.7,872.3,753.6,240.0,291.5,1040.0,119.5,1861.0,1136.0,479.5,655.5,2735.0,76.8,1197.0,900.7,683.8,915.5,4261.0,83.9,1717.0,1113.0,316.0,474.4,1571.0
2025-12-21,06,7,official_closing,closing_displayed,https://www.boatrace.jp/owpc/pc/race/odds3t?hd=20251221&jcd=06&rno=7,99.4,158.5,486.3,81.3,489.6,1041.0,59.5,72.1,411.6,203.4,854.4,1985.0,109.9,149.9,666.0,94.2,305.5,904.9,269.1,285.2,1153.0,161.1,755.1,1588.0,207.2,199.6,457.3,45.5,304.2,920.5,199.1,47.6,140.5,28.4,259.6,724.5,365.3,92.4,226.2,9.1,56.2,173.6,717.3,182.8,424.7,17.4,129.4,323.0,68.7,46.7,450.5,299.9,997.5,2123.0,161.5,27.6,152.1,70.0,450.5,1588.0,101.1,10.5,190.4,61.5,389.2,1146.0,202.9,19.1,327.4,110.4,714.9,1715.0,275.3,190.4,997.5,49.0,167.9,586.0,524.3,101.2,403.9,9.7,37.0,142.6,244.5,27.7,358.6,37.3,149.9,526.9,529.5,73.5,837.7,11.3,44.5,140.7,707.8,450.5,1612.0,129.0,581.2,1184.0,1072.0,294.2,1153.0,28.6,176.2,376.9,568.9,71.5,831.3,100.9,570.4,904.9,788.5,117.1,1140.0,23.3,108.5,194.8
2025-12-21,06,8,official_closing,closing_displayed,https://www.boatrace.jp/owpc/pc/race/odds3t?hd=20251221&jcd=06&rno=8,60.8,169.9,80.2,666.0,1390.0,51.5,177.3,433.1,37.1,218.6,660.4,14.4,233.6,562.1,61.9,435.4,1349.0,42.2,74.0,209.9,17.5,214.0,690.7,81.0,44.0,154.2,115.2,823.4,1509.0,119.0,33.4,180.7,135.7,549.4,845.4,66.0,59.3,208.8,146.8,990.7,1634.0,149.2,10.9,109.0,85.1,699.8,1248.0,195.3,230.0,616.7,43.1,149.8,541.9,18.8,93.2,336.1,123.2,351.0,631.5,49.0,318.3,632.8,57.3,215.0,545.6,35.4,90.4,452.9,33.0,118.2,355.4,52.7,452.9,969.5,105.7,508.8,1360.0,137.3,238.7,459.4,190.9,900.6,1651.0,259.8,508.8,800.5,96.4,411.7,670.2,93.7,249.6,663.2,71.1,434.2,1205.0,233.9,32.5,202.4,17.4,202.0,667.4,304.5,8.1,106.8,52.6,524.0,969.5,485.5,30.0,305.1,28.2,165.6,410.6,198.7,62.2,359.0,37.8,357.0,1214.0,416.0
2025-12-21,06,9,official_closing,closing_displayed,https://www.boatrace.jp/owpc/pc/race/odds3t?hd=20251221&jcd=06&rno=9,4.9,48.4,41.0,716.7,105.0,1374.0,21.3,181.5,113.8,714.5,94.8,1132.0,9.6,74.8,37.1,643.2,383.8,2638.0,45.1,247.3,135.2,1235.0,282.8,1612.0,5.1,91.9,85.0,996.6,229.6,2418.0,13.2,531.3,415.4,1579.0,372.1,3870.0,6.6,190.8,162.2,1612.0,1241.0,5663.0,31.4,496.1,439.8,2470.0,856.8,2418.0,52.2,707.9,434.8,921.4,190.6,1842.0,45.2,1215.0,663.4,1548.0,322.5,2939.0,63.1,967.5,580.5,1537.0,1022.0,2731.0,112.8,1670.0,758.8,1558.0,741.9,3518.0,18.9,199.3,114.6,714.5,917.8,5805.0,16.3,301.5,192.8,1161.0,1326.0,6276.0,69.1,826.3,428.4,1374.0,1527.0,5400.0,68.5,699.4,307.9,1143.0,1800.0,4553.0,214.8,1046.0,622.5,2211.0,725.6,1759.0,179.3,1548.0,1184.0,4222.0,1149.0,2831.0,358.9,2764.0,1507.0,4300.0,1178.0,2764.0,239.1,1670.0,806.3,1800.0,2001.0,4300.0
2025-12-21,06,10,official_closing,closing_displayed,https://www.boatrace.jp/owpc/pc/race/odds3t?hd=20251221&jcd=06&rno=10,29.0,427.4,432.6,30.0,161.6,1110.0,7.7,142.7,245.1,101.0,438.9,2465.0,18.2,263.8,402.6,21.1,88.7,521.6,45.5,508.3,725.6,37.7,181.4,1215.0,41.1,725.6,749.8,107.9,390.3,2307.0,27.3,1124.0,1110.0,469.8,1016.0,4499.0,45.8,1153.0,1005.0,208.5,624.8,2194.0,82.6,1512.0,1730.0,307.1,837.0,2337.0,5.6,215.2,393.7,338.2,1040.0,3599.0,18.4,1333.0,743.6,796.3,1475.0,4185.0,6.1,605.9,825.5,578.6,1713.0,2608.0,13.4,765.8,1040.0,603.9,1836.0,3829.0,27.7,584.3,904.3,38.2,97.1,629.2,64.8,1914.0,1439.0,95.7,276.0,1621.0,17.2,1011.0,1373.0,326.0,692.1,2686.0,47.2,1538.0,2194.0,63.5,207.5,1022.0,99.5,1551.0,1697.0,96.2,446.5,1747.0,203.3,3213.0,2142.0,221.6,775.7,3157.0,56.6,1799.0,1956.0,508.3,1267.0,3050.0,88.5,2337.0,2367.0,132.8,405.3,1224.0
2025-12-21,06,11,official_closing,closing_displayed,https://www.boatrace.jp/owpc/pc/race/odds3t?hd=20251221&jcd=06&rno=11,10.0,38.2,345.0,52.1,114.5,232.1,4.5,12.0,477.6,295.3,413.4,963.0,11.0,32.0,773.5,109.8,222.4,415.5,13.3,35.6,986.7,98.0,156.1,520.1,39.2,149.5,423.6,58.6,154.3,284.1,54.7,214.0,600.9,353.6,463.8,1147.0,77.7,255.6,758.8,137.0,272.1,482.4,108.8,361.6,1136.0,107.5,236.0,713.6,15.1,34.8,933.0,742.3,1033.0,1873.0,49.6,154.3,821.1,749.3,959.1,2524.0,44.4,108.3,1642.0,1065.0,1665.0,2374.0,42.0,79.7,1517.0,1056.0,1347.0,2924.0,29.2,113.1,1181.0,113.4,328.9,610.1,76.7,313.8,974.7,130.6,311.0,531.6,62.1,181.9,1737.0,621.2,1080.0,2140.0,56.1,207.0,1642.0,145.3,313.0,1089.0,46.6,139.3,1789.0,169.4,291.0,619.6,212.2,515.6,1949.0,156.7,319.2,685.1,86.1,189.8,2199.0,878.3,875.1,1763.0,119.5,320.5,2122.0,222.8,501.6,1038.0
2025-12-21,06,12,official_closing,closing_displayed,https://www.boatrace.jp/owpc/pc/race/odds3t?hd=20251221&jcd=06&rno=12,4.7,32.4,203.6,90.4,244.2,264.5,5.7,26.3,309.7,281.0,616.7,683.0,13.6,59.7,403.1,187.3,494.4,508.8,8.9,29.5,353.1,133.2,363.2,750.9,12.1,135.2,301.6,140.1,371.0,362.8,29.0,293.1,716.3,415.7,838.9,928.1,41.7,387.4,782.5,365.1,856.9,960.0,35.5,245.9,615.3,250.1,565.5,1183.0,16.3,104.8,693.2,689.7,1330.0,1396.0,40.1,294.0,875.7,884.0,1275.0,1633.0,53.7,382.6,1518.0,1293.0,2562.0,2494.0,36.1,173.4,1230.0,1046.0,1874.0,3581.0,31.9,319.6,1154.0,273.8,700.1,864.9,71.2,778.1,1070.0,350.5,889.7,1066.0,90.2,694.9,1462.0,854.3,1713.0,2516.0,71.1,499.7,1287.0,298.7,761.2,1900.0,37.5,142.8,889.7,243.3,674.7,1389.0,88.0,409.0,1030.0,304.9,831.4,1518.0,81.6,302.6,1526.0,729.4,1746.0,3174.0,114.4,489.2,1825.0,377.5,1082.0,2116.0
2025-12-21,08,1,official_closing,closing_displayed,https://www.boatrace.jp/owpc/pc/race/odds3t?hd=20251221&jcd=08&rno=1,6.8,98.3,78.6,342.8,221.3,1430.0,12.4,167.7,101.5,427.7,163.2,1198.0,14.7,143.2,62.2,350.0,377.9,1750.0,36.0,315.2,138.2,413.1,187.6,1177.0,7.6,186.3,157.6,689.3,476.8,2830.0,8.3,561.3,457.1,1446.0,768.9,3411.0,7.8,370.5,258.8,1343.0,1683.0,5116.0,21.5,685.7,586.0,1137.0,905.0,3595.0,19.0,601.9,273.7,711.4,286.7,978.2,16.9,1117.0,591.2,1565.0,661.8,2660.0,25.7,1291.0,511.6,1127.0,950.2,2180.0,40.4,1750.0,578.4,1177.0,655.3,2046.0,25.6,440.5,148.1,468.4,685.7,2463.0,18.1,639.5,334.2,1137.0,1461.0,5321.0,38.7,1430.0,509.7,1127.0,1081.0,3244.0,34.5,1279.0,361.5,768.9,964.0,5116.0,98.1,1220.0,596.5,735.0,429.1,1511.0,58.8,1797.0,1291.0,1400.0,1007.0,3244.0,111.9,2892.0,1279.0,1683.0,847.3,2078.0,84.7,2046.0,831.4,1064.0,1156.0,4157.0
2025-12-21,08,2,official_closing,closing_displayed,https://www.boatrace.jp/owpc/pc/race/odds3t?hd=20251221&jcd=08&rno=2,47.5,225.8,55.1,471.8,155.3,2153.0,90.8,388.0,19.5,173.5,48.0,904.5,62.8,209.1,10.1,192.0,126.1,3119.0,200.8,568.3,39.2,403.3,93.2,1284.0,22.0,271.0,139.6,658.9,296.8,2681.0,10.9,480.7,206.3,694.8,299.7,2065.0,6.8,311.3,118.5,721.1,519.9,5879.0,30.9,583.4,251.4,1076.0,390.9,1985.0,88.5,658.9,54.4,169.2,48.0,796.2,33.1,724.5,161.7,504.5,157.1,1887.0,49.5,943.6,30.5,124.1,82.3,1232.0,118.6,1661.0,84.9,263.1,64.3,601.8,47.8,390.9,15.3,187.3,176.3,2997.0,13.3,452.2,70.9,544.0,443.1,3728.0,45.0,926.5,28.3,151.5,129.5,1798.0,50.3,955.4,24.2,211.7,176.9,1559.0,292.3,1415.0,123.4,808.8,191.8,1284.0,163.8,1455.0,269.6,1428.0,416.5,2506.0,313.9,2465.0,151.2,597.1,150.7,629.1,201.6,1819.0,81.2,486.8,259.9,1626.0
2025-12-21,08,3,official_closing,closing_displayed,https://www.boatrace.jp/owpc/pc/race/odds3t?hd=20251221&jcd=08&rno=3,6.9,19.5,77.0,72.0,262.3,3308.0,5.7,10.4,80.9,153.7,502.1,3834.0,23.0,53.1,177.0,160.0,317.1,3923.0,141.7,181.6,499.1,376.5,811.1,6248.0,11.5,50.3,101.4,73.6,331.4,4114.0,13.4,44.1,86.6,103.4,517.5,4686.0,43.3,111.4,190.6,102.1,312.4,1853.0,227.6,295.4,527.2,241.7,815.0,4686.0,11.3,29.0,160.0,276.5,847.7,6748.0,22.9,41.9,119.7,170.9,694.2,6248.0,40.3,58.3,252.9,374.9,964.0,4016.0,165.5,144.1,611.2,847.7,2376.0,7335.0,59.9,189.5,500.6,209.5,454.7,4114.0,96.1,230.1,383.4,140.0,370.7,1895.0,83.8,143.2,439.3,342.9,766.8,6248.0,398.8,528.8,1259.0,369.1,852.0,4114.0,634.2,646.3,1493.0,697.1,1775.0,8879.0,766.8,856.3,1382.0,499.1,1591.0,4962.0,639.0,477.9,1454.0,1213.0,3067.0,3244.0,1147.0,964.0,1874.0,792.0,1606.0,4686.0
2025-12-21,08,4,official_closing,closing_displayed,https://www.boatrace.jp/owpc/pc/race/odds3t?hd=20251221&jcd=08&rno=4,9.9,28.1,15.3,406.4,274.4,3246.0,37.2,85.2,14.1,181.1,185.0,2005.0,34.6,60.0,12.1,373.8,442.9,4181.0,179.8,278.4,63.4,881.1,615.2,4044.0,8.7,34.5,28.4,575.0,373.2,4044.0,13.6,74.7,53.3,392.2,201.5,2145.0,11.8,40.9,30.7,613.7,626.1,3289.0,66.6,230.3,136.0,1451.0,719.2,3379.0,71.2,282.2,39.6,152.9,171.5,2145.0,46.9,194.2,59.3,266.4,162.0,2145.0,106.8,255.1,41.3,200.2,336.5,2442.0,230.7,783.2,99.7,548.2,485.6,1713.0,75.0,147.2,33.7,479.0,822.3,6017.0,49.7,90.1,36.8,532.8,865.6,5139.0,158.2,291.9,48.9,356.0,532.8,3854.0,271.1,547.0,90.5,833.4,1386.0,5249.0,642.4,1355.0,324.6,2349.0,1841.0,4111.0,424.6,844.8,376.0,2442.0,1814.0,3426.0,766.1,1581.0,266.4,1678.0,1271.0,2467.0,780.7,1370.0,263.8,1689.0,2164.0,4181.0
2025-12-21,08,5,official_closing,closing_displayed,https://www.boatrace.jp/owpc/pc/race/odds3t?hd=20251221&jcd=08&rno=5,20.7,41.0,37.1,303.5,54.0,2428.0,82.3,134.9,75.6,260.3,27.4,1278.0,28.1,43.1,19.0,169.2,123.2,2856.0,161.3,189.8,105.6,421.3,53.1,1122.0,19.9,42.7,43.1,312.3,75.0,2625.0,65.2,76.0,86.6,237.1,55.5,1286.0,13.5,23.0,19.1,157.2,177.0,2661.0,72.0,119.7,108.4,434.5,141.2,1529.0,179.7,258.3,157.9,267.2,37.1,2182.0,140.1,144.5,137.9,216.8,49.7,1261.0,155.2,149.3,84.1,138.2,121.2,1358.0,372.8,439.4,255.9,343.8,68.0,819.6,34.5,63.2,25.9,111.5,150.2,2340.0,19.5,36.1,21.7,105.0,142.1,1782.0,104.7,123.8,69.9,103.9,133.7,1579.0,63.9,141.1,62.6,123.1,153.8,2088.0,551.8,735.8,473.7,672.1,117.4,1136.0,287.7,461.4,394.8,643.2,249.0,1214.0,912.0,929.4,559.8,641.1,127.2,741.4,250.9,423.2,247.7,402.1,326.4,1494.0
2025-12-21,08,6,official_closing,closing_displayed,https://www.boatrace.jp/owpc/pc/race/odds3t?hd=20251221&jcd=08&rno=6,11.7,112.6,87.7,156.3,546.1,2126.0,12.9,129.8,31.2,66.8,296.8,1544.0,38.0,245.4,52.1,108.9,310.2,1358.0,96.8,500.7,165.0,223.6,622.0,1866.0,10.0,205.7,205.3,320.6,913.4,3202.0,4.6,281.0,215.2,480.3,939.8,3871.0,12.5,406.5,258.6,779.0,1365.0,3759.0,39.8,1013.0,756.2,1099.0,1409.0,2594.0,13.1,291.7,68.3,104.7,434.5,2424.0,6.9,397.8,205.3,317.1,781.3,3242.0,14.3,712.6,115.9,243.1,533.7,1729.0,36.2,1158.0,281.3,408.5,1217.0,3202.0,60.0,614.7,177.4,214.0,446.4,1641.0,40.2,716.5,349.1,575.1,1033.0,3413.0,42.9,1025.0,194.8,313.6,600.4,2401.0,105.0,1241.0,495.0,436.7,907.0,2275.0,247.0,1449.0,614.7,637.3,1229.0,2091.0,148.5,2543.0,1562.0,1534.0,1950.0,2674.0,140.9,2295.0,844.9,1067.0,2217.0,3088.0,209.7,2161.0,1195.0,894.5,1776.0,2447.0
2025-12-21,08,7,official_closing,closing_displayed,https://www.boatrace.jp/owpc/pc/race/odds3t?hd=20251221&jcd=08&rno=7,9.5,45.7,33.0,674.0,843.8,66.9,39.9,138.8,68.2,661.9,543.2,46.8,44.9,133.2,63.6,1151.0,1242.0,210.3,11.4,43.5,18.5,554.1,617.5,226.5,8.9,83.9,70.5,792.4,1188.0,107.5,28.2,293.2,207.2,1105.0,1047.0,121.1,30.4,261.3,204.3,1348.0,1579.0,396.9,6.9,79.4,56.0,870.4,873.9,393.4,99.1,372.2,242.9,856.9,921.2,63.2,87.7,512.9,371.5,1000.0,884.3,101.5,164.3,770.3,436.0,1625.0,1768.0,238.7,88.0,466.4,165.9,540.5,619.3,257.3,122.7,446.6,261.3,1399.0,1906.0,592.7,103.7,530.2,333.4,1373.0,2189.0,724.9,204.1,831.1,519.0,1662.0,2327.0,477.5,96.0,482.7,175.3,1023.0,1390.0,973.9,18.7,92.4,36.6,642.7,781.2,530.2,13.0,103.9,61.0,831.1,1128.0,676.1,72.7,363.6,129.7,558.3,521.4,503.6,53.7,389.9,121.4,1099.0,1373.0,921.2
2025-12-21,08,8,official_closing,closing_displayed,https://www.boatrace.jp/owpc/pc/race/odds3t?hd=20251221&jcd=08&rno=8,11.8,32.5,115.2,517.4,19.4,668.9,33.5,81.2,201.2,796.0,38.0,993.9,7.5,13.5,73.3,349.0,84.6,1614.0,63.2,103.9,259.0,1040.0,70.0,623.8,23.2,93.0,141.5,554.9,26.1,1066.0,62.7,231.1,264.9,755.0,49.1,1265.0,17.5,66.2,104.6,359.7,103.2,1832.0,126.3,276.1,430.1,988.3,74.7,508.4,96.8,266.9,472.9,902.1,76.8,1230.0,144.5,346.3,462.9,825.9,78.4,1570.0,91.0,180.4,304.3,610.8,239.3,1708.0,308.1,465.4,671.4,940.7,177.3,1113.0,9.2,21.4,85.3,282.8,202.6,3824.0,17.6,45.0,95.3,268.1,193.9,2171.0,40.7,99.1,195.0,444.2,352.5,2171.0,52.6,69.7,197.6,388.3,275.3,1584.0,247.0,375.9,736.0,1708.0,119.8,630.5,345.6,602.4,858.1,1503.0,122.0,405.3,586.4,799.6,825.9,1442.0,246.0,921.0,201.7,231.7,508.4,940.7,355.4,1120.0
2025-12-21,08,9,official_closing,closing_displayed,https://www.boatrace.jp/owpc/pc/race/odds3t?hd=20251221&jcd=08&rno=9,31.8,150.2,386.4,10.9,179.8,1177.0,10.6,42.8,209.1,34.9,458.2,1695.0,40.0,136.7,427.5,12.7,98.3,845.1,104.9,263.2,633.4,26.3,212.2,1423.0,59.5,419.5,509.1,21.6,279.3,1568.0,37.8,448.4,552.3,88.3,771.7,2094.0,99.7,746.2,828.4,37.9,249.8,1177.0,192.1,1014.0,1383.0,66.4,428.1,1715.0,8.3,62.3,233.1,115.5,821.5,1995.0,23.7,245.8,386.4,164.4,1086.0,2962.0,16.5,180.7,402.3,182.2,894.1,1383.0,43.0,274.0,423.2,193.4,1159.0,3187.0,79.3,409.6,790.5,15.0,73.8,663.5,147.8,794.8,1070.0,23.4,108.6,852.5,53.9,354.2,835.5,104.9,391.5,1141.0,190.0,775.8,1376.0,20.3,104.2,638.9,309.6,794.8,1321.0,47.7,381.8,1504.0,440.3,1327.0,1995.0,77.9,523.7,1620.0,211.9,736.8,883.3,188.4,870.2,2327.0,400.6,1192.0,1685.0,42.6,267.3,840.3
2025-12-21,08,10,official_closing,closing_displayed,https://www.boatrace.jp/owpc/pc/race/odds3t?hd=20251221&jcd=08&rno=10,10.6,139.7,106.6,511.1,86.1,1270.0,23.2,230.5,88.4,400.4,56.2,861.2,12.0,109.1,37.2,189.2,123.0,1722.0,52.6,338.0,116.7,535.1,72.2,532.8,9.6,314.3,282.8,741.8,237.7,2994.0,12.4,867.2,679.7,1654.0,438.1,3398.0,5.3,450.7,342.6,1164.0,914.5,3353.0,22.0,1030.0,891.8,1601.0,636.7,2994.0,46.0,741.8,312.4,617.9,123.8,1445.0,32.9,1359.0,735.3,1524.0,356.7,3067.0,30.7,1175.0,331.3,773.8,512.2,2890.0,71.2,1562.0,672.4,1203.0,370.3,1890.0,14.8,261.7,91.7,259.2,251.7,3869.0,9.0,533.9,271.3,759.8,762.1,3398.0,28.3,998.0,284.1,611.9,639.9,3309.0,23.5,741.8,270.1,429.1,432.1,2540.0,147.9,1098.0,660.0,1175.0,200.7,638.3,85.5,2149.0,1437.0,2265.0,594.5,2286.0,174.2,2061.0,1197.0,1949.0,459.7,1381.0,70.4,1405.0,720.6,1022.0,663.5,1949.0
2025-12-21,08,11,official_closing,closing_displayed,https://www.boatrace.jp/owpc/pc/race/odds3t?hd=20251221&jcd=08&rno=11,23.4,321.2,391.5,132.2,50.5,1335.0,14.3,252.2,289.7,239.8,73.4,1535.0,11.0,166.8,238.3,47.1,34.3,890.4,52.7,429.5,450.3,91.1,39.1,440.1,27.2,580.3,633.1,326.0,167.2,1598.0,21.5,1133.0,1120.0,719.5,444.1,3196.0,16.4,815.9,833.3,355.1,286.7,2785.0,63.8,1598.0,1258.0,492.4,291.0,2166.0,17.5,461.0,557.1,578.6,282.6,2321.0,25.7,1000.0,1071.0,1083.0,607.4,3750.0,9.4,580.3,679.4,603.7,538.6,2407.0,33.0,1120.0,946.6,882.3,600.0,3482.0,10.9,274.2,376.4,48.2,54.5,1059.0,16.9,758.7,970.1,155.7,151.8,2468.0,9.7,598.1,716.9,282.2,278.9,2785.0,17.6,933.0,955.8,63.6,73.6,874.4,159.5,951.2,1274.0,229.4,110.1,560.3,162.9,2119.0,1805.0,440.1,252.2,2010.0,112.5,1969.0,1250.0,706.5,383.1,2565.0,79.6,1500.0,1756.0,173.7,147.5,812.5
2025-12-21,08,12,official_closing,closing_displayed,https://www.boatrace.jp/owpc/pc/race/odds3t?hd=20251221&jcd=08&rno=12,6.9,65.6,77.4,260.2,81.7,635.0,16.0,111.2,118.4,320.0,84.6,713.9,8.3,75.5,66.0,182.8,153.4,1028.0,23.8,138.9,103.2,281.4,108.8,627.3,8.9,223.5,245.2,485.2,213.6,1019.0,16.7,612.5,581.9,654.6,404.0,1025.0,9.1,390.5,349.7,731.3,728.3,1946.0,22.0,526.1,497.2,893.8,428.3,1660.0,29.9,446.9,363.4,574.5,228.9,1080.0,32.4,855.7,666.6,1002.0,495.2,1381.0,31.9,818.9,556.0,921.1,826.4,1757.0,61.1,839.8,684.3,981.0,558.6,1774.0,13.9,226.2,196.0,221.1,296.4,1533.0,15.6,453.6,384.6,506.2,621.9,2234.0,40.9,734.2,635.0,544.3,785.2,1967.0,32.8,539.4,428.9,320.0,420.4,2022.0,76.8,521.6,573.6,572.7,329.6,878.6,80.0,843.8,800.8,1061.0,540.2,1533.0,135.9,1453.0,1008.0,1110.0,681.7,1594.0,91.2,1002.0,792.1,743.3,763.7,1783.0
2025-12-21,12,1,official_closing,closing_displayed,https://www.boatrace.jp/owpc/pc/race/odds3t?hd=20251221&jcd=12&rno=1,10.1,79.4,93.8,112.8,236.0,972.3,9.6,66.8,61.9,123.9,208.2,1202.0,17.6,105.4,78.0,128.4,214.4,1091.0,38.8,178.6,156.8,215.9,281.4,1305.0,11.6,239.3,225.5,226.1,532.8,1557.0,7.9,311.3,291.7,475.0,952.4,2493.0,11.1,434.6,353.7,463.4,880.9,2050.0,30.6,723.7,590.7,747.3,1023.0,2644.0,13.6,186.2,140.8,242.1,401.7,1745.0,11.6,348.8,295.6,538.0,980.7,2677.0,15.9,377.9,200.4,372.3,751.5,1731.0,34.6,567.7,325.7,597.8,1056.0,2575.0,30.2,431.7,219.2,247.7,421.3,1405.0,21.2,622.3,418.4,480.0,888.7,2108.0,25.2,660.4,299.0,407.0,738.8,1998.0,51.9,912.7,451.9,336.8,728.6,1455.0,123.6,923.5,695.3,573.4,735.8,1597.0,103.9,1445.0,1132.0,982.6,1273.0,2448.0,91.9,1212.0,699.5,823.8,1273.0,2329.0,124.8,1391.0,824.3,541.5,946.4,1502.0
2025-12-21,12,2,official_closing,closing_displayed,https://www.boatrace.jp/owpc/pc/race/odds3t?hd=20251221&jcd=12&rno=2,25.7,82.4,165.2,48.7,113.6,260.0,13.8,43.9,124.9,91.0,149.5,379.1,27.6,66.5,126.4,51.0,107.9,203.4,31.5,82.0,168.6,59.9,151.1,351.9,32.6,167.4,299.1,67.6,161.0,376.7,19.5,165.3,307.9,157.6,335.1,646.5,27.3,236.3,339.0,91.0,218.6,329.3,36.1,290.1,492.0,108.1,264.8,546.3,14.4,62.6,197.1,173.1,267.3,584.0,19.9,138.0,266.0,208.1,432.5,783.1,16.9,96.5,251.7,203.9,474.9,646.7,18.5,111.7,321.7,265.5,502.9,866.6,34.8,123.0,219.6,59.9,128.9,259.4,37.4,234.8,351.2,73.3,177.7,322.8,27.5,129.3,322.5,127.1,302.5,623.2,44.2,201.9,381.4,94.8,221.9,454.5,51.4,181.1,394.1,121.4,256.5,485.0,65.5,328.8,578.6,152.8,294.0,550.5,36.3,179.6,441.5,283.6,431.2,810.3,65.7,294.5,547.8,185.1,345.9,526.5
2025-12-21,12,3,official_closing,closing_displayed,https://www.boatrace.jp/owpc/pc/race/odds3t?hd=20251221&jcd=12&rno=3,9.7,32.0,107.5,45.3,193.2,420.6,11.3,30.5,114.3,90.5,312.0,653.8,21.8,51.2,164.6,57.7,203.6,476.6,21.2,45.2,147.8,60.7,239.6,857.8,14.4,91.1,167.0,71.7,295.9,548.3,17.4,180.4,239.6,198.8,624.5,1003.0,28.4,239.8,324.4,127.7,466.6,690.2,27.3,184.1,243.8,108.1,448.2,1270.0,15.2,67.2,201.4,198.7,614.8,918.0,21.4,172.6,280.6,319.5,887.5,1210.0,27.9,189.4,393.0,402.2,1108.0,1178.0,31.0,156.2,276.6,317.9,896.0,1883.0,43.4,156.0,375.0,64.1,200.3,469.2,57.6,305.7,465.3,84.7,279.7,575.1,57.4,333.5,577.2,182.1,552.9,936.9,68.5,322.1,490.8,67.3,227.4,660.0,67.1,164.5,386.1,92.1,468.5,1076.0,81.1,342.4,393.2,107.9,558.2,1399.0,83.3,315.9,438.0,228.3,895.6,1744.0,127.0,463.8,665.2,104.7,463.9,888.3
2025-12-21,12,4,official_closing,closing_displayed,https://www.boatrace.jp/owpc/pc/race/odds3t?hd=20251221&jcd=12&rno=4,12.1,39.4,81.4,254.7,32.0,445.6,24.4,61.3,135.6,405.7,52.9,651.1,10.3,24.8,64.6,256.8,108.3,949.1,28.2,60.6,150.5,453.7,51.4,432.4,17.1,90.9,135.3,315.8,42.7,510.8,36.0,227.9,262.3,473.5,78.5,563.3,16.6,88.7,110.9,330.2,157.8,901.4,51.0,223.8,260.1,525.0,72.2,460.5,40.9,173.0,288.4,553.7,109.0,892.7,59.8,294.7,333.1,559.5,114.2,690.9,50.2,195.9,247.3,485.9,288.8,1171.0,100.3,313.7,371.0,670.7,184.5,741.5,13.4,40.0,91.1,269.2,212.0,1205.0,19.8,77.6,99.9,291.6,236.8,1108.0,46.7,148.4,202.1,385.8,353.6,1320.0,32.0,98.3,168.4,347.9,251.7,1017.0,92.2,213.1,422.5,750.9,79.1,385.8,127.3,365.3,420.8,720.3,83.8,376.0,183.8,496.4,595.0,900.1,132.9,543.8,96.1,239.3,353.3,648.3,180.8,705.3
2025-12-21,12,5,official_closing,closing_displayed,https://www.boatrace.jp/owpc/pc/race/odds3t?hd=20251221&jcd=12&rno=5,7.1,18.7,64.6,115.3,244.5,928.5,7.6,18.1,69.7,182.7,361.0,1071.0,17.1,29.8,104.8,231.9,431.9,1387.0,28.9,54.4,138.2,295.9,546.0,2077.0,11.2,49.1,104.5,147.3,289.4,1138.0,12.6,67.5,143.5,273.5,454.5,1368.0,24.9,101.3,199.7,331.2,520.1,1519.0,40.9,154.2,272.0,404.7,624.0,2053.0,15.0,53.5,179.3,304.9,600.7,1312.0,20.4,79.9,220.2,370.0,671.6,1556.0,41.0,103.9,348.7,690.2,1175.0,1763.0,60.7,144.9,392.5,699.1,1314.0,2886.0,44.1,106.1,339.4,404.2,729.2,1676.0,58.3,158.1,388.9,437.8,746.6,1631.0,80.3,172.2,556.3,650.8,1143.0,2076.0,133.1,256.7,707.3,580.6,1061.0,2317.0,147.6,284.8,562.7,616.7,1247.0,2532.0,164.2,441.0,723.3,712.2,1154.0,2319.0,204.5,456.4,799.3,956.6,1478.0,2969.0,266.4,570.0,1115.0,942.4,1409.0,2392.0
2025-12-21,12,6,official_closing,closing_displayed,https://www.boatrace.jp/owpc/pc/race/odds3t?hd=20251221&jcd=12&rno=6,12.1,52.5,109.9,37.6,189.5,840.0,8.3,39.4,82.6,58.9,248.0,845.8,22.0,77.2,143.5,41.6,155.9,621.3,37.5,118.3,186.4,48.6,208.8,1020.0,18.4,152.1,208.9,77.5,349.9,1171.0,13.8,243.0,290.2,202.9,631.5,1252.0,27.9,366.3,441.2,151.5,504.9,1249.0,41.3,487.2,567.7,183.1,628.0,1801.0,9.4,88.5,163.2,169.7,529.8,1140.0,12.7,216.0,308.7,320.7,818.1,1469.0,16.3,228.0,339.4,345.9,849.0,1122.0,21.5,283.7,325.5,322.6,986.4,1874.0,45.6,284.2,394.4,64.1,184.2,651.7,53.7,495.8,615.5,109.9,307.5,1116.0,41.9,444.4,565.3,173.8,477.2,1104.0,68.4,601.9,695.4,84.0,235.2,824.1,115.5,533.5,582.9,112.6,504.6,1223.0,117.1,809.0,941.6,219.3,781.8,1791.0,83.4,717.1,595.3,297.1,935.7,1774.0,146.3,914.1,902.5,151.5,483.4,924.5
2025-12-21,12,7,official_closing,closing_displayed,https://www.boatrace.jp/owpc/pc/race/odds3t?hd=20251221&jcd=12&rno=7,17.4,42.0,30.3,52.4,239.7,536.4,69.5,118.0,38.8,36.6,146.1,346.3,35.3,58.0,20.7,62.9,354.3,617.6,54.0,87.7,28.9,75.0,268.8,605.9,13.8,74.5,69.2,76.6,272.7,723.2,27.2,203.9,146.5,73.2,249.4,536.2,13.2,117.9,87.1,111.1,493.2,956.2,19.2,173.4,120.2,124.3,431.0,824.4,90.1,261.3,67.6,44.7,146.0,370.9,53.8,296.7,122.6,66.5,225.0,484.6,113.2,460.2,91.3,65.1,269.7,464.8,132.1,484.1,104.5,74.5,183.0,397.0,54.2,134.0,41.0,98.9,448.7,697.6,34.6,155.7,67.4,139.0,626.5,899.1,127.4,362.0,80.9,98.0,382.4,551.9,71.3,281.0,49.2,107.1,443.0,757.0,120.4,328.4,76.2,128.7,425.6,812.2,70.4,376.6,126.7,161.3,533.4,960.4,195.3,675.3,122.9,123.3,314.1,506.9,124.3,501.8,76.3,141.8,494.2,799.1
2025-12-21,12,8,official_closing,closing_displayed,https://www.boatrace.jp/owpc/pc/race/odds3t?hd=20251221&jcd=12&rno=8,9.6,18.1,81.8,64.6,198.6,1084.0,9.6,16.9,91.7,99.8,257.6,1329.0,20.6,30.5,124.1,97.1,315.9,1688.0,68.9,86.4,258.5,202.0,525.1,1842.0,16.1,43.6,94.0,74.6,246.6,1331.0,16.6,36.3,74.8,90.5,291.0,1314.0,29.4,54.7,108.6,100.1,302.9,1466.0,79.0,141.7,237.6,216.4,614.6,2256.0,14.3,37.4,161.0,204.4,498.2,1704.0,18.2,39.2,132.6,177.5,489.7,1548.0,29.7,51.3,190.2,263.9,606.5,1759.0,76.2,125.5,308.7,440.8,1074.0,2480.0,45.1,93.9,296.6,167.0,417.7,2018.0,54.5,102.6,258.3,163.9,393.1,1612.0,66.6,103.6,312.8,271.8,543.4,2043.0,149.5,267.6,572.7,301.2,669.6,2084.0,234.7,418.7,819.3,582.7,1276.0,2217.0,229.0,477.3,755.5,521.1,1311.0,2419.0,259.0,449.8,725.2,740.9,1402.0,2528.0,301.5,623.8,961.3,628.1,1223.0,2147.0
2025-12-21,12,9,official_closing,closing_displayed,https://www.boatrace.jp/owpc/pc/race/odds3t?hd=20251221&jcd=12&rno=9,6.9,23.6,34.4,168.9,192.1,1086.0,11.3,39.0,45.0,230.8,212.9,1566.0,14.7,38.9,42.8,240.1,387.6,1741.0,32.9,90.5,94.2,323.5,459.8,2038.0,8.1,51.7,63.0,251.9,289.1,1532.0,11.7,135.6,144.3,480.7,415.8,1579.0,13.0,114.9,121.6,526.1,793.0,2456.0,33.9,247.8,241.6,695.4,904.2,2776.0,21.4,123.4,122.4,338.4,318.4,1993.0,23.7,210.7,183.8,505.2,439.9,1751.0,40.0,261.4,173.9,496.7,816.8,2522.0,54.4,367.9,243.9,610.2,925.7,2818.0,35.0,146.3,119.8,387.2,698.2,2158.0,34.6,218.3,165.1,556.6,978.9,2586.0,73.0,414.1,223.7,630.9,1074.0,2795.0,89.7,491.1,294.5,561.7,1079.0,2896.0,142.0,530.2,488.9,771.3,1226.0,2575.0,154.7,738.2,639.1,1050.0,1487.0,2799.0,186.1,979.4,696.8,1211.0,1722.0,3048.0,213.4,989.2,709.9,1035.0,1779.0,2927.0
2025-12-21,12,10,official_closing,closing_displayed,https://www.boatrace.jp/owpc/pc/race/odds3t?hd=20251221&jcd=12&rno=10,11.1,19.8,98.0,67.2,142.1,296.3,12.9,21.2,133.7,140.6,243.6,654.2,19.8,33.2,153.5,93.1,207.8,679.1,16.7,22.9,124.6,83.7,187.6,946.9,19.1,59.9,147.6,84.4,196.1,335.2,29.5,96.7,214.0,166.5,296.4,577.6,36.6,139.6,253.6,110.0,250.7,529.2,33.4,90.9,203.1,95.9,226.0,879.1,22.7,49.9,231.1,268.3,473.7,996.2,37.0,98.9,214.3,248.6,389.8,800.2,44.6,113.2,273.6,297.8,498.0,1238.0,39.2,78.7,241.7,255.6,429.6,1607.0,36.9,114.5,346.7,101.1,216.9,712.5,57.6,207.2,304.8,92.2,185.1,517.4,66.7,191.4,373.1,182.0,313.7,978.0,68.5,162.0,340.1,82.2,171.9,724.0,57.4,92.2,367.0,126.2,431.2,1204.0,102.5,185.1,358.4,111.6,387.0,1038.0,112.0,179.8,486.0,212.1,619.2,1478.0,157.0,252.4,546.3,121.6,394.5,896.0
2025-12-21,12,11,official_closing,closing_displayed,https://www.boatrace.jp/owpc/pc/race/odds3t?hd=20251221&jcd=12&rno=11,7.3,45.7,56.9,133.6,287.0,623.9,7.7,47.1,59.3,194.5,343.8,914.7,13.6,69.5,67.5,191.3,431.9,927.8,19.4,79.0,85.7,200.8,404.2,1229.0,10.6,123.9,140.8,233.1,493.3,879.7,12.1,276.5,306.8,608.7,882.9,1666.0,16.4,306.9,312.5,549.1,1144.0,1868.0,25.3,392.6,398.3,550.4,941.5,2235.0,14.2,144.8,195.0,387.3,579.3,1303.0,18.5,340.7,377.9,749.0,1013.0,1997.0,27.4,412.8,380.4,723.2,1428.0,2254.0,27.3,378.4,416.2,803.5,1258.0,2799.0,29.6,264.8,251.3,337.3,730.8,1288.0,34.1,538.4,456.7,538.5,1173.0,2033.0,48.5,691.6,514.7,719.8,1331.0,2454.0,52.2,646.8,510.7,459.1,1007.0,2447.0,65.6,335.5,399.5,445.0,986.9,1868.0,80.9,850.8,796.1,716.6,1349.0,2637.0,81.0,799.6,754.2,958.2,1759.0,2881.0,109.2,977.5,811.7,679.6,1568.0,2576.0
2025-12-21,12,12,official_closing,closing_displayed,https://www.boatrace.jp/owpc/pc/race/odds3t?hd=20251221&jcd=12&rno=12,11.1,44.1,145.0,116.7,73.8,655.6,8.5,29.0,170.1,250.8,138.0,1044.0,7.6,23.8,116.9,114.2,126.2,875.2,24.9,55.0,241.1,196.9,126.2,666.8,19.3,208.2,288.6,211.8,146.7,992.6,24.5,459.7,564.3,666.6,454.0,1751.0,19.0,365.5,413.4,334.6,389.6,1564.0,46.9,651.4,728.9,508.6,388.3,1473.0,16.0,119.4,404.4,645.1,353.4,1588.0,31.0,400.8,623.2,986.8,640.8,2048.0,17.9,214.5,469.2,857.4,880.7,2024.0,36.0,356.3,652.6,1078.0,847.2,2045.0,14.0,83.7,258.3,166.0,243.3,1163.0,26.0,311.4,439.9,261.0,384.1,1607.0,26.0,242.7,514.1,482.9,666.6,2045.0,31.6,291.7,519.9,256.0,393.5,1338.0,84.2,336.0,757.3,452.6,334.2,847.4,123.6,975.7,1138.0,655.7,539.8,1417.0,98.3,743.0,1040.0,1006.0,799.5,1862.0,85.8,620.8,904.3,493.1,570.9,1256.0
2025-12-21,14,1,official_closing,closing_displayed,https://www.boatrace.jp/owpc/pc/race/odds3t?hd=20251221&jcd=14&rno=1,7.4,27.0,53.5,367.6,100.7,316.3,23.3,63.2,99.9,411.3,133.8,442.6,11.7,37.0,70.7,487.1,296.4,827.1,20.9,42.1,77.2,494.1,109.6,366.6,10.3,48.3,65.4,490.8,118.4,430.5,21.2,72.7,86.8,530.8,147.9,536.9,15.0,51.9,62.6,666.6,452.1,1067.0,22.0,55.8,67.7,709.1,179.9,561.6,66.8,210.8,218.9,481.5,220.5,613.6,64.2,139.2,228.1,637.4,241.6,574.4,100.4,240.6,268.4,673.7,578.8,1131.0,106.5,198.5,244.6,658.5,285.9,686.0,27.5,105.6,134.7,608.6,747.0,1399.0,34.0,93.8,131.6,771.4,949.7,1511.0,96.2,261.4,268.4,899.9,1047.0,1687.0,43.7,130.1,150.0,711.8,785.8,1549.0,63.0,153.0,195.5,713.1,154.7,396.6,78.0,162.9,199.3,910.8,200.3,490.8,160.7,327.8,369.4,1141.0,259.2,607.7,81.5,209.2,246.4,937.9,498.6,1111.0
2025-12-21,14,2,official_closing,closing_displayed,https://www.boatrace.jp/owpc/pc/race/odds3t?hd=20251221&jcd=14&rno=2,40.6,418.4,270.2,55.9,388.4,657.8,14.9,222.5,72.0,49.6,314.4,893.5,48.0,436.4,135.6,26.1,139.4,236.4,49.4,381.6,180.8,28.1,228.7,675.9,39.8,720.4,617.8,174.1,839.5,1113.0,10.0,1043.0,698.6,499.2,1476.0,2191.0,26.1,1542.0,858.5,255.6,961.6,1054.0,34.2,1277.0,1025.0,276.1,1206.0,2071.0,10.8,369.4,104.2,115.7,695.1,1206.0,8.4,832.7,373.1,414.7,1525.0,2124.0,7.9,884.0,178.4,185.3,680.3,1107.0,8.8,588.9,196.0,194.0,1163.0,2081.0,72.2,1056.0,370.7,51.8,159.9,244.2,53.0,1842.0,865.6,162.4,400.3,689.4,28.3,1343.0,348.7,175.7,519.8,911.1,58.8,1577.0,596.5,61.0,213.6,503.5,89.3,968.3,541.4,62.6,480.8,911.1,85.8,1713.0,1261.0,188.5,1028.0,1936.0,32.9,944.2,548.6,217.4,1143.0,2146.0,80.6,1652.0,955.0,83.6,414.3,675.9
2025-12-21,14,3,official_closing,closing_displayed,https://www.boatrace.jp/owpc/pc/race/odds3t?hd=20251221&jcd=14&rno=3,11.6,32.7,30.3,117.3,247.3,494.5,32.4,63.9,33.2,104.0,166.1,384.7,34.5,66.7,27.3,114.7,299.9,604.6,51.6,105.2,45.7,144.0,257.2,698.5,9.9,50.0,58.6,183.2,316.2,730.7,12.6,65.5,69.4,208.1,275.2,711.3,12.3,61.8,57.3,203.4,494.0,756.8,21.0,86.2,82.9,253.5,324.5,958.2,40.4,128.3,81.8,162.7,237.5,507.3,30.2,127.8,127.3,230.3,351.9,690.9,53.5,177.1,101.2,203.9,480.9,740.3,63.3,210.5,132.2,255.8,385.3,866.6,57.5,158.8,80.9,140.0,368.2,744.6,36.4,121.5,109.1,170.2,449.8,725.5,89.4,267.3,141.4,178.9,461.7,811.3,90.3,233.7,150.7,149.6,326.8,734.9,102.2,324.7,164.3,258.7,497.4,991.9,77.5,283.2,240.3,295.6,581.7,1121.0,152.3,379.0,285.1,326.1,550.2,918.4,162.2,397.3,273.7,249.3,531.8,832.5
2025-12-21,14,4,official_closing,closing_displayed,https://www.boatrace.jp/owpc/pc/race/odds3t?hd=20251221&jcd=14&rno=4,10.5,146.8,278.0,88.8,117.2,643.5,8.0,106.6,245.4,192.9,193.7,1339.0,12.9,158.6,342.8,74.4,112.2,641.9,18.4,181.6,446.0,97.4,89.5,497.5,16.3,549.7,687.5,228.2,259.1,1168.0,17.0,854.8,859.1,635.6,522.3,2914.0,26.3,1305.0,1025.0,469.7,660.1,2320.0,35.9,1328.0,1292.0,543.9,329.2,1774.0,9.8,303.6,607.7,573.7,787.9,2685.0,19.7,800.2,1061.0,937.7,1495.0,3053.0,11.4,785.5,1075.0,941.1,1597.0,3562.0,18.1,764.4,1215.0,1132.0,1499.0,3513.0,20.3,490.3,1055.0,123.4,209.5,917.5,34.2,1382.0,1513.0,308.8,518.1,2230.0,19.6,1142.0,1282.0,488.0,967.8,3799.0,19.9,1029.0,1531.0,173.2,291.4,1171.0,48.3,767.8,1424.0,248.7,161.7,584.8,84.9,1935.0,2320.0,552.1,283.3,1248.0,50.9,1676.0,2173.0,828.6,723.4,2477.0,40.3,1318.0,2630.0,328.1,346.3,1009.0
2025-12-21,14,5,official_closing,closing_displayed,https://www.boatrace.jp/owpc/pc/race/odds3t?hd=20251221&jcd=14&rno=5,29.5,57.2,253.8,44.5,366.2,91.2,13.3,25.3,183.9,151.1,600.6,319.8,49.4,77.1,344.8,75.9,278.1,100.0,14.7,24.5,177.2,30.1,226.8,367.6,49.9,191.3,257.2,55.3,543.6,107.6,47.3,186.6,204.9,172.8,1180.0,354.7,134.3,451.5,468.6,104.4,512.4,78.4,49.8,169.0,190.0,26.5,438.1,389.6,18.2,44.9,225.6,334.6,986.6,543.6,47.8,128.9,238.0,323.0,1356.0,592.2,78.6,166.7,348.2,439.1,1132.0,525.7,16.5,27.6,173.9,204.2,870.2,1177.0,102.9,253.8,588.6,85.2,365.5,91.5,196.2,578.8,792.9,93.4,350.8,68.0,130.1,338.1,668.6,294.1,964.3,275.9,103.7,254.1,480.3,48.8,204.1,193.5,27.5,55.5,344.5,29.6,380.7,522.1,75.9,172.1,279.1,24.0,427.8,553.8,31.4,43.5,238.0,112.4,882.3,1045.0,101.9,196.1,530.1,44.9,279.3,382.2
2025-12-21,14,6,official_closing,closing_displayed,https://www.boatrace.jp/owpc/pc/race/odds3t?hd=20251221&jcd=14&rno=6,17.4,26.2,232.0,87.0,75.5,357.7,12.4,16.5,381.9,266.8,258.2,1141.0,10.7,13.0,328.3,76.2,126.1,745.8,18.0,22.1,538.8,99.5,110.9,530.2,44.8,93.5,280.5,92.1,81.2,382.9,60.4,151.1,368.3,248.2,260.7,1042.0,81.2,110.0,274.8,68.8,115.5,510.3,113.7,164.0,415.3,85.0,91.7,364.2,28.9,53.7,693.9,487.1,630.9,1487.0,69.8,133.2,485.5,506.0,574.0,1582.0,46.4,55.0,548.7,570.7,849.6,1917.0,59.8,68.3,570.7,717.2,782.9,2265.0,26.5,37.2,566.4,68.9,115.5,724.1,83.5,116.6,396.6,57.9,93.2,535.0,61.7,66.1,633.6,299.3,489.5,1812.0,56.7,41.9,589.9,61.3,97.3,614.1,71.2,94.1,1000.0,154.4,186.5,473.9,210.9,246.1,974.2,119.0,138.6,332.3,142.9,136.3,1404.0,550.8,581.8,1329.0,114.6,85.5,1220.0,121.6,214.3,586.4
2025-12-21,14,7,official_closing,closing_displayed,https://www.boatrace.jp/owpc/pc/race/odds3t?hd=20251221&jcd=14&rno=7,18.2,33.9,93.1,120.0,82.4,1156.0,21.7,38.0,84.2,190.8,128.8,1700.0,15.6,25.5,52.5,70.1,96.3,2050.0,73.6,99.9,166.6,187.6,123.1,760.6,23.5,80.6,135.7,137.5,102.0,1518.0,24.8,64.9,94.1,197.8,157.2,1959.0,16.0,48.3,67.9,72.0,99.4,1553.0,80.6,165.5,204.3,201.5,151.4,884.0,35.3,79.7,166.8,295.7,183.9,2197.0,40.3,71.0,163.4,294.2,215.0,2260.0,23.5,39.8,95.3,168.1,235.1,1457.0,89.8,117.5,238.4,418.3,291.2,979.8,26.2,47.4,111.0,60.6,95.5,1989.0,32.3,55.6,119.3,58.5,96.2,1547.0,37.6,45.6,124.2,121.1,205.9,1495.0,60.2,77.8,166.8,68.3,109.5,736.6,252.5,382.5,501.6,425.9,233.3,685.8,300.6,484.5,551.7,381.7,234.6,697.9,272.4,401.8,509.3,599.1,317.2,762.0,159.3,253.2,303.6,209.0,234.8,640.5
2025-12-21,14,8,official_closing,closing_displayed,https://www.boatrace.jp/owpc/pc/race/odds3t?hd=20251221&jcd=14&rno=8,38.2,53.5,385.2,42.7,88.7,847.4,9.0,13.3,373.0,196.8,267.3,1836.0,15.8,19.9,437.9,40.2,64.6,976.4,51.9,49.3,814.9,71.7,126.6,1301.0,65.6,185.0,443.0,56.1,110.7,1125.0,62.2,142.4,377.5,241.8,366.5,1964.0,85.7,178.0,386.5,52.3,79.4,670.2,182.8,325.4,753.4,82.9,154.6,1175.0,11.7,27.9,541.9,492.4,726.1,2359.0,47.5,99.1,513.3,497.5,672.9,2696.0,14.2,28.6,611.1,457.3,500.4,2206.0,37.7,57.3,936.1,624.6,965.3,2785.0,28.1,47.2,869.1,47.8,82.1,1121.0,85.4,140.2,650.9,49.1,89.2,709.4,26.9,35.5,784.8,220.8,313.1,2280.0,73.1,98.3,1159.0,56.4,98.4,702.1,179.7,266.5,1404.0,179.9,317.8,1682.0,331.8,616.7,1690.0,178.7,332.5,1359.0,157.1,212.5,1625.0,635.1,973.6,3007.0,209.2,280.6,1760.0,159.2,225.1,748.5
2025-12-21,14,9,official_closing,closing_displayed,https://www.boatrace.jp/owpc/pc/race/odds3t?hd=20251221&jcd=14&rno=9,30.0,49.9,40.3,429.1,104.0,1957.0,63.3,88.0,40.7,245.6,54.9,2702.0,36.8,48.8,17.9,255.8,131.1,3205.0,232.2,321.1,160.5,776.6,243.4,2352.0,27.2,52.1,54.1,424.6,105.8,2574.0,35.3,43.8,43.0,217.5,49.0,2270.0,17.3,21.4,18.4,193.4,106.9,2972.0,140.0,185.8,159.1,643.6,194.6,1923.0,124.8,179.1,77.2,240.9,45.3,2893.0,83.1,86.0,67.8,194.1,37.3,2422.0,105.8,79.4,31.6,93.5,41.1,2270.0,351.2,414.9,146.4,290.3,93.5,1159.0,46.4,60.6,19.7,212.8,176.5,3673.0,28.0,31.6,16.2,162.5,136.4,3269.0,89.1,66.7,22.4,89.0,70.6,2818.0,241.4,202.2,67.3,238.3,181.1,3205.0,780.3,905.7,524.8,1421.0,501.5,2515.0,585.9,625.1,496.1,1224.0,440.0,1602.0,905.7,1065.0,457.9,811.3,300.2,1238.0,731.4,659.2,283.5,921.0,496.9,2615.0
2025-12-21,14,11,official_closing,closing_displayed,https://www.boatrace.jp/owpc/pc/race/odds3t?hd=20251221&jcd=14&rno=11,16.6,86.2,79.0,155.5,92.1,1473.0,24.7,119.2,32.3,119.7,43.8,1523.0,18.1,85.2,20.3,80.1,66.2,1791.0,104.2,284.1,137.1,258.5,110.9,1501.0,18.0,219.9,216.3,251.1,215.4,2426.0,11.7,370.1,323.1,384.6,273.7,2893.0,6.8,237.3,182.4,234.1,350.0,2975.0,68.8,771.1,604.1,540.9,517.0,3091.0,32.9,300.6,76.8,180.1,68.2,2074.0,22.7,412.2,237.6,430.8,239.1,3032.0,20.9,348.4,71.1,147.0,133.4,2145.0,109.5,893.4,263.9,432.0,261.7,1923.0,23.3,212.3,39.0,85.2,112.3,2791.0,11.8,278.3,139.5,149.9,216.0,2815.0,21.3,423.9,65.6,103.8,147.1,2463.0,58.4,780.6,164.4,147.9,199.2,2285.0,321.1,836.5,567.2,603.0,410.1,1823.0,218.1,1377.0,982.5,847.8,868.8,2815.0,332.3,1446.0,685.6,763.6,519.5,1781.0,164.0,1303.0,512.8,402.7,585.1,2252.0
2025-12-21,14,12,official_closing,closing_displayed,https://www.boatrace.jp/owpc/pc/race/odds3t?hd=20251221&jcd=14&rno=12,12.5,75.8,158.6,90.6,47.0,633.8,13.9,69.0,234.4,259.6,72.6,1022.0,7.9,44.5,106.2,62.6,78.1,797.4,27.9,91.1,268.0,99.5,53.9,479.2,19.7,227.4,284.4,139.1,92.4,986.5,33.4,578.8,624.3,593.4,296.2,2120.0,14.4,331.6,340.6,135.1,275.6,1628.0,45.0,660.1,654.5,262.1,162.1,1299.0,24.8,188.2,488.8,619.2,164.2,1540.0,50.6,609.5,821.6,975.8,316.9,2689.0,24.6,250.8,656.9,689.5,443.8,2111.0,49.6,379.4,821.6,804.5,329.2,1594.0,11.9,104.3,163.3,65.9,94.7,977.6,17.0,346.7,250.1,99.8,160.1,1415.0,27.2,255.8,417.8,324.1,413.6,1897.0,24.5,257.4,312.1,81.4,110.1,805.7,86.8,435.3,711.3,183.7,125.9,499.2,122.0,1047.0,1223.0,350.6,220.5,924.1,121.4,789.2,1185.0,749.8,367.5,1228.0,73.8,600.0,743.6,156.8,222.5,738.5
2025-12-21,17,1,official_closing,closing_displayed,https://www.boatrace.jp/owpc/pc/race/odds3t?hd=20251221&jcd=17&rno=1,6.0,101.3,416.2,86.9,151.0,1320.0,6.1,85.8,475.0,238.8,334.0,3603.0,5.3,69.8,338.1,64.3,137.0,1970.0,29.1,244.8,1055.0,162.5,258.1,2232.0,15.2,537.8,846.4,236.6,349.3,2084.0,23.4,1101.0,1441.0,863.8,1261.0,6305.0,21.5,917.2,1341.0,332.3,773.7,5483.0,79.0,2293.0,2627.0,750.6,1012.0,4203.0,10.8,355.2,1230.0,860.8,800.7,5254.0,28.0,1101.0,1986.0,1501.0,1356.0,7206.0,13.6,621.2,2193.0,1492.0,2425.0,6151.0,52.2,1425.0,3318.0,1955.0,2472.0,6817.0,13.4,354.7,840.7,88.7,185.6,2547.0,32.4,1162.0,1457.0,194.1,477.7,5254.0,22.2,872.7,2050.0,540.1,1121.0,7643.0,50.5,1670.0,3363.0,208.4,425.3,2712.0,105.8,1363.0,3552.0,541.2,778.4,2712.0,208.6,1704.0,4850.0,1184.0,1401.0,3709.0,180.6,3363.0,3941.0,2067.0,2802.0,6005.0,163.0,2425.0,4759.0,689.1,1073.0,2655.0
2025-12-21,17,2,official_closing,closing_displayed,https://www.boatrace.jp/owpc/pc/race/odds3t?hd=20251221&jcd=17&rno=2,11.6,54.9,335.5,26.6,391.3,79.4,10.7,41.2,538.0,86.4,960.8,219.7,15.4,54.2,535.6,61.9,457.3,86.9,11.5,38.1,456.4,21.7,385.2,206.3,28.2,196.3,445.7,40.6,526.5,126.5,58.6,427.2,1102.0,126.4,1603.0,364.7,59.1,465.0,1138.0,102.3,957.1,157.4,50.2,347.8,888.3,37.7,743.8,319.4,20.7,88.2,983.8,224.0,1478.0,653.3,64.0,347.8,1279.0,310.2,2286.0,788.9,51.7,278.4,2075.0,490.9,2572.0,823.1,27.9,131.2,1461.0,247.9,1899.0,1444.0,49.6,235.6,1020.0,107.1,412.2,70.4,103.5,585.1,1469.0,166.2,628.3,80.2,79.6,400.2,2204.0,387.0,1461.0,229.5,65.7,327.0,1593.0,103.8,391.9,177.1,25.7,106.3,1143.0,22.1,535.6,518.7,59.1,370.7,1435.0,25.6,695.6,611.2,39.2,187.3,1885.0,80.7,1646.0,1299.0,71.8,327.5,2147.0,61.3,611.2,582.4
2025-12-21,17,3,official_closing,closing_displayed,https://www.boatrace.jp/owpc/pc/race/odds3t?hd=20251221&jcd=17&rno=3,81.8,124.8,402.6,61.6,43.7,1102.0,22.6,29.4,576.4,434.5,235.0,3820.0,17.6,20.6,442.7,42.1,43.4,1207.0,122.5,115.4,1626.0,153.0,95.0,907.5,153.5,229.1,462.7,53.7,35.3,1283.0,179.3,217.2,639.2,245.5,190.3,2933.0,180.9,155.1,364.2,22.1,21.9,1263.0,462.7,521.5,1235.0,84.8,68.7,778.5,35.0,34.3,1087.0,966.3,572.3,4106.0,182.1,130.1,793.5,673.2,448.8,3820.0,35.2,15.4,651.8,434.5,576.4,3221.0,195.7,100.8,1866.0,983.6,887.9,4563.0,24.7,24.9,739.9,22.9,32.6,1335.0,143.7,101.4,461.4,14.3,15.2,1080.0,34.4,16.3,584.6,156.6,190.5,3352.0,128.9,69.1,1368.0,25.7,35.6,570.3,293.3,338.7,2527.0,241.2,191.6,838.1,1046.0,673.2,2003.0,210.0,168.8,696.0,480.3,394.8,2986.0,588.7,793.5,2415.0,265.8,213.8,2737.0,111.9,133.8,493.3
2025-12-21,17,4,official_closing,closing_displayed,https://www.boatrace.jp/owpc/pc/race/odds3t?hd=20251221&jcd=17&rno=4,8.8,14.2,32.5,86.3,104.4,6697.0,14.0,20.0,68.3,161.8,159.2,4262.0,15.1,20.3,46.4,88.0,154.2,4808.0,355.8,439.2,715.8,520.9,665.0,6251.0,12.5,29.3,42.0,93.7,137.7,7814.0,25.7,44.9,85.0,133.4,168.5,6049.0,19.1,29.3,52.7,77.1,163.3,5515.0,591.6,629.3,774.9,531.2,762.3,5683.0,23.6,52.5,135.3,229.2,239.8,6467.0,43.5,65.5,116.7,207.4,204.2,6946.0,43.1,53.2,118.6,178.1,340.9,6467.0,475.9,500.1,1024.0,1008.0,1302.0,6467.0,38.3,69.6,101.1,79.6,162.2,8930.0,48.5,75.5,87.4,68.2,121.7,1129.0,70.6,82.3,137.3,123.1,234.4,7213.0,474.7,549.9,901.6,225.6,394.8,3827.0,1311.0,2259.0,1820.0,1186.0,1875.0,6251.0,1630.0,2155.0,2107.0,1389.0,1838.0,6697.0,1488.0,1786.0,1894.0,1933.0,2060.0,5683.0,1194.0,1143.0,1820.0,729.7,1090.0,4262.0
2025-12-21,17,5,official_closing,closing_displayed,https://www.boatrace.jp/owpc/pc/race/odds3t?hd=20251221&jcd=17&rno=5,21.6,56.0,23.8,112.4,1263.0,330.4,40.7,104.0,10.2,42.0,1034.0,166.1,256.0,391.4,122.6,329.4,1536.0,248.3,108.9,173.5,25.2,91.9,1286.0,1100.0,14.0,58.4,45.9,199.8,1744.0,407.6,8.3,53.1,33.2,103.7,1491.0,231.5,110.5,278.9,245.3,571.8,2339.0,435.2,25.6,75.0,50.2,188.0,1979.0,1621.0,42.4,154.2,15.1,37.8,1055.0,151.3,18.6,87.4,24.6,53.6,1491.0,179.1,260.9,522.5,112.1,226.2,1106.0,121.5,54.9,191.5,16.9,38.4,1156.0,629.6,714.8,1536.0,461.6,771.0,2541.0,302.7,529.2,1045.0,519.8,935.8,2859.0,428.0,868.6,1730.0,387.7,579.9,1363.0,158.6,919.1,1821.0,423.6,595.0,1687.0,1218.0,193.8,357.4,66.4,133.7,1871.0,2237.0,103.0,177.9,74.0,165.1,1821.0,2673.0,150.8,330.9,42.6,81.7,1381.0,1460.0,609.1,876.0,290.7,400.5,1701.0,1854.0
2025-12-21,17,6,official_closing,closing_displayed,https://www.boatrace.jp/owpc/pc/race/odds3t?hd=20251221&jcd=17&rno=6,9.4,7.8,47.4,386.4,1042.0,54.4,23.4,18.7,118.0,539.9,1313.0,76.1,67.9,52.3,214.2,1216.0,1775.0,165.7,36.2,23.5,134.0,814.3,2096.0,248.1,20.4,11.2,39.2,254.9,899.8,43.5,54.0,15.9,44.5,243.8,807.6,34.7,136.6,56.6,115.1,661.2,1368.0,67.5,84.1,17.9,50.7,249.7,1152.0,132.7,103.2,57.0,225.7,639.8,1438.0,87.2,146.5,42.4,130.5,328.4,975.5,55.8,412.2,154.1,435.0,1349.0,2403.0,151.0,257.6,62.7,252.9,583.0,2118.0,242.9,280.3,223.6,625.6,1970.0,3583.0,290.6,382.6,177.2,341.5,1042.0,2142.0,171.6,724.5,303.1,797.8,1449.0,2856.0,256.2,763.8,238.2,732.5,1015.0,1951.0,430.2,105.2,52.2,232.6,849.4,2265.0,637.7,161.9,38.5,125.1,421.0,1759.0,387.9,304.5,79.2,308.3,674.8,2074.0,555.1,572.8,122.0,514.5,1059.0,1824.0,621.6
2025-12-21,17,7,official_closing,closing_displayed,https://www.boatrace.jp/owpc/pc/race/odds3t?hd=20251221&jcd=17&rno=7,6.3,53.9,50.2,301.3,191.9,1774.0,17.1,129.6,57.8,283.7,164.2,1953.0,9.7,61.1,32.0,222.7,331.1,1834.0,54.8,299.3,138.2,435.1,334.0,1606.0,6.6,146.9,108.1,665.5,362.5,2155.0,13.0,455.6,263.6,1090.0,545.2,3194.0,6.5,202.9,119.4,987.4,1508.0,3572.0,40.7,680.5,497.3,1344.0,1040.0,4763.0,30.3,404.0,151.7,478.9,254.4,2381.0,29.3,708.9,279.9,780.2,443.6,3669.0,29.0,640.4,183.4,610.2,638.9,2340.0,74.9,1185.0,378.7,803.3,820.3,3311.0,19.9,258.1,98.4,398.7,583.9,2172.0,17.5,420.9,152.1,843.3,1542.0,3879.0,44.3,769.2,198.4,651.1,1024.0,3572.0,52.6,1337.0,304.7,825.3,1305.0,4379.0,189.6,1239.0,677.1,873.1,864.7,1751.0,182.2,1872.0,1234.0,1517.0,1885.0,4681.0,190.1,2041.0,873.1,1578.0,1569.0,3121.0,153.6,2446.0,810.5,1655.0,1665.0,3572.0
2025-12-21,17,8,official_closing,closing_displayed,https://www.boatrace.jp/owpc/pc/race/odds3t?hd=20251221&jcd=17&rno=8,40.4,34.3,130.8,103.5,724.7,97.5,26.1,21.0,138.0,239.6,908.7,283.9,103.9,91.6,265.7,184.8,774.7,153.6,24.2,17.0,113.8,76.5,558.5,403.2,62.3,64.9,118.4,87.8,713.8,80.1,81.6,31.5,53.9,98.3,599.7,107.8,173.8,80.7,116.5,101.9,464.2,56.9,82.0,25.2,45.0,36.1,335.6,162.3,52.2,39.8,169.6,266.0,1093.0,367.4,112.6,38.2,79.4,134.2,856.1,174.8,155.7,69.3,155.5,269.1,996.9,207.6,49.7,17.5,71.0,106.9,703.2,475.4,259.3,274.1,528.6,172.2,604.3,150.6,369.7,187.0,317.5,135.0,383.5,72.3,350.5,158.2,345.4,282.2,703.2,182.1,255.4,117.3,266.0,68.5,218.3,137.2,47.5,33.4,186.0,70.9,544.4,523.9,121.1,37.8,88.1,39.6,322.3,289.9,70.3,20.5,103.0,105.2,608.9,604.3,191.7,79.7,216.7,58.0,254.3,223.5
2025-12-21,17,9,official_closing,closing_displayed,https://www.boatrace.jp/owpc/pc/race/odds3t?hd=20251221&jcd=17&rno=9,94.0,155.5,359.8,165.1,803.2,365.9,55.4,102.6,320.1,316.7,983.7,651.8,142.6,209.8,467.2,255.6,794.3,289.0,72.7,92.6,295.4,115.3,619.8,523.0,142.3,173.3,279.6,104.9,511.8,272.1,160.0,36.4,64.7,62.8,281.4,182.8,265.4,52.4,87.1,30.4,117.1,49.9,160.1,36.6,58.7,16.5,107.2,104.9,92.4,92.4,329.4,314.0,997.5,642.1,164.9,35.0,100.9,120.6,414.8,288.6,177.2,20.5,134.2,137.1,417.2,225.0,68.8,11.0,74.7,76.8,336.6,380.9,347.5,285.9,579.6,209.6,491.8,184.7,390.6,75.7,232.3,51.1,116.1,47.6,333.0,38.3,227.9,149.5,309.4,141.6,235.4,40.1,162.9,27.3,64.9,56.9,143.1,110.6,380.2,82.8,431.5,579.6,238.0,55.3,137.3,20.1,120.3,145.4,118.5,18.5,112.1,59.6,274.2,388.5,240.9,39.4,188.4,22.7,78.3,89.2
2025-12-21,17,10,official_closing,closing_displayed,https://www.boatrace.jp/owpc/pc/race/odds3t?hd=20251221&jcd=17&rno=10,16.4,124.7,76.2,1499.0,55.9,110.7,215.8,602.9,250.1,1312.0,32.7,95.0,17.5,106.4,28.5,1202.0,248.0,434.0,30.5,218.6,50.2,1084.0,31.9,79.5,14.4,223.3,183.7,2178.0,132.2,207.8,120.0,1297.0,836.7,2510.0,174.2,302.6,7.1,279.2,172.4,2594.0,874.7,1334.0,17.1,506.4,189.9,1940.0,125.4,270.7,442.3,1334.0,821.8,1736.0,50.3,140.5,364.8,2043.0,1248.0,2264.0,125.8,244.3,379.1,2264.0,1241.0,2043.0,491.3,801.8,368.3,2178.0,934.9,1382.0,63.9,147.0,15.0,212.8,40.7,1685.0,622.4,881.4,9.4,288.3,98.5,2043.0,1044.0,1818.0,119.5,1489.0,392.7,1804.0,962.2,1892.0,14.3,381.0,56.1,1434.0,430.0,1342.0,36.7,514.3,117.8,1275.0,42.8,96.9,30.4,723.9,178.8,3163.0,85.6,172.8,288.6,2749.0,659.8,2118.0,60.6,126.9,32.9,529.6,102.3,1790.0,252.6,530.8
2025-12-21,17,11,official_closing,closing_displayed,https://www.boatrace.jp/owpc/pc/race/odds3t?hd=20251221&jcd=17&rno=11,11.1,34.5,50.9,33.7,395.0,1205.0,10.3,27.2,32.0,39.1,522.5,1397.0,60.4,125.0,94.5,62.7,363.4,952.7,71.8,130.4,103.3,71.3,506.4,2107.0,14.4,70.7,84.6,51.8,693.5,1771.0,10.6,46.7,54.0,50.7,950.3,1858.0,48.1,264.0,197.0,109.1,710.5,1278.0,63.0,238.4,212.6,101.1,943.2,2794.0,14.4,49.8,50.1,57.8,998.1,1954.0,14.1,45.3,46.5,52.2,1081.0,1985.0,47.2,189.4,99.0,104.7,865.3,1168.0,53.9,153.4,114.3,108.3,1352.0,2657.0,143.5,429.2,373.5,82.4,367.0,1056.0,143.6,604.6,397.5,90.1,405.2,1039.0,130.2,495.7,290.4,121.7,539.0,1190.0,232.9,711.8,509.1,75.8,313.8,962.5,248.0,544.4,505.7,150.2,969.9,2498.0,249.7,621.5,543.6,148.0,1042.0,2358.0,211.4,548.4,407.0,202.3,1197.0,2584.0,381.8,1014.0,787.6,144.7,644.9,1053.0
2025-12-21,17,12,official_closing,closing_displayed,https://www.boatrace.jp/owpc/pc/race/odds3t?hd=20251221&jcd=17&rno=12,9.1,83.7,88.9,59.7,165.8,599.6,9.4,71.8,90.1,103.2,322.8,867.5,21.5,139.1,138.0,46.3,127.2,395.7,30.5,201.9,187.5,58.9,165.3,738.2,10.6,136.4,170.3,135.6,311.6,1137.0,11.4,361.1,403.9,391.4,904.8,1683.0,19.5,628.0,589.8,219.5,620.3,1485.0,28.4,723.3,835.9,263.2,603.9,1628.0,12.0,164.7,182.0,230.7,705.2,1790.0,14.6,433.7,351.1,476.3,1137.0,2657.0,19.3,436.7,379.6,516.2,1275.0,1650.0,23.4,475.4,402.6,437.5,1308.0,2524.0,39.9,337.0,469.2,58.7,164.6,621.8,44.6,1005.0,699.3,119.0,300.9,1262.0,36.0,379.6,736.0,248.7,678.6,1511.0,51.3,804.0,791.4,63.7,176.5,652.3,89.2,680.5,765.0,116.8,367.4,1112.0,95.8,1577.0,1434.0,213.2,566.0,1753.0,73.2,1009.0,942.0,362.2,1047.0,2381.0,106.5,1256.0,1314.0,120.4,358.6,767.3
2025-12-21,19,1,official_closing,closing_displayed,https://www.boatrace.jp/owpc/pc/race/odds3t?hd=20251221&jcd=19&rno=1,20.9,39.6,27.2,169.9,1760.0,265.7,43.0,68.2,12.8,76.8,1214.0,108.4,346.0,515.9,155.6,823.7,2012.0,194.8,59.5,76.2,17.6,118.1,1467.0,1164.0,16.2,46.0,37.5,192.4,1805.0,297.1,13.5,36.6,25.5,122.6,1657.0,182.4,226.8,326.8,253.3,984.9,3062.0,292.8,19.8,42.8,32.0,170.9,2657.0,2347.0,53.0,129.1,18.8,68.5,1408.0,101.0,31.8,76.2,28.1,99.7,1547.0,165.1,471.0,885.8,178.5,531.5,2608.0,95.8,68.5,104.4,14.5,54.6,1878.0,880.3,745.2,1380.0,609.7,1154.0,2657.0,233.9,411.8,1380.0,791.3,1437.0,3912.0,346.0,1183.0,1637.0,561.1,1292.0,2657.0,141.5,1145.0,2387.0,658.1,1437.0,3611.0,1676.0,96.0,166.2,32.5,146.1,2102.0,2134.0,51.1,94.9,46.9,217.7,3353.0,3706.0,97.6,148.2,24.0,88.1,2200.0,1903.0,920.6,1422.0,302.9,891.4,4024.0,2817.0
2025-12-21,19,2,official_closing,closing_displayed,https://www.boatrace.jp/owpc/pc/race/odds3t?hd=20251221&jcd=19&rno=2,14.0,43.1,81.6,91.2,573.3,419.5,16.0,44.4,34.7,80.5,616.6,295.5,62.6,126.3,79.5,101.7,464.4,218.4,28.1,57.2,48.4,51.0,538.8,656.2,19.7,86.3,125.6,112.0,699.5,470.5,10.6,87.3,101.7,201.3,956.9,659.2,36.5,177.6,176.6,219.5,805.9,559.9,19.7,103.4,118.9,114.4,914.1,1202.0,26.4,95.9,51.5,101.3,713.5,363.5,19.8,122.5,98.8,186.8,896.9,673.2,50.3,229.2,63.1,114.1,452.7,218.4,24.4,112.2,35.9,63.2,586.3,708.2,193.3,391.9,212.2,123.3,399.0,223.0,141.4,505.5,277.5,180.0,591.1,440.1,136.0,465.2,122.4,163.0,431.5,213.0,147.6,444.2,131.9,73.5,243.7,269.6,70.4,196.1,117.4,67.8,657.7,931.9,60.2,237.8,189.8,122.9,919.9,1430.0,51.0,214.9,68.6,77.0,699.5,859.2,133.2,440.8,145.7,75.6,306.0,343.4
2025-12-21,19,3,official_closing,closing_displayed,https://www.boatrace.jp/owpc/pc/race/odds3t?hd=20251221&jcd=19&rno=3,39.8,67.9,50.5,89.6,649.7,1340.0,45.9,57.7,19.4,58.0,432.0,720.9,152.2,166.3,52.9,101.8,360.8,923.6,168.8,189.6,43.6,91.2,628.2,1909.0,35.0,79.4,81.9,117.1,704.6,1116.0,19.7,43.9,38.7,77.7,466.8,707.5,61.6,103.8,77.8,135.5,426.1,1023.0,54.0,109.4,79.3,121.3,691.8,1683.0,48.5,79.1,18.1,47.0,389.6,515.4,30.2,54.2,23.8,43.4,382.7,643.6,83.2,111.6,18.3,40.9,191.2,184.6,71.3,108.6,12.0,27.2,261.0,561.1,301.3,375.9,94.2,151.2,349.4,629.3,203.9,259.0,99.2,145.8,350.5,709.0,192.3,245.5,43.8,84.1,202.9,212.7,361.2,465.6,59.2,89.7,217.9,481.3,387.4,591.2,91.8,147.4,976.4,2096.0,218.6,323.3,120.6,122.5,892.3,1877.0,222.0,369.4,36.0,60.9,477.3,889.9,485.4,701.7,78.4,110.2,441.5,754.4
2025-12-21,19,4,official_closing,closing_displayed,https://www.boatrace.jp/owpc/pc/race/odds3t?hd=20251221&jcd=19&rno=4,12.0,18.1,63.8,150.8,84.3,2282.0,21.2,29.7,88.9,185.9,116.8,3119.0,18.9,21.7,73.5,192.3,194.2,3920.0,240.1,213.5,443.3,776.8,351.3,2660.0,19.1,29.1,66.3,163.7,82.3,2568.0,32.6,20.3,46.5,124.0,54.5,1363.0,29.6,14.4,33.2,122.3,93.8,2771.0,260.5,159.9,278.3,588.2,261.1,2054.0,41.3,65.7,130.7,234.9,150.0,3724.0,50.2,42.9,72.9,137.0,71.4,1446.0,72.4,43.1,75.3,156.0,138.7,2493.0,373.8,268.1,397.7,597.6,435.2,2964.0,37.7,37.9,90.6,205.6,280.7,3920.0,48.7,21.2,47.6,123.6,155.0,2671.0,84.4,39.4,76.9,155.5,200.4,3009.0,233.1,171.4,291.6,409.8,558.9,3203.0,760.0,794.4,1559.0,1512.0,801.9,2797.0,831.0,533.9,832.1,1137.0,566.9,2047.0,785.0,675.5,1023.0,1148.0,856.1,2190.0,935.4,537.2,1016.0,1139.0,1083.0,2771.0
2025-12-21,19,5,official_closing,closing_displayed,https://www.boatrace.jp/owpc/pc/race/odds3t?hd=20251221&jcd=19&rno=5,8.0,62.7,105.2,39.3,148.2,4528.0,7.3,55.5,71.1,45.3,177.6,4653.0,20.3,117.3,139.4,48.4,132.6,4854.0,424.3,966.6,1098.0,409.9,910.6,4410.0,10.0,161.3,220.1,85.0,307.5,5867.0,7.2,177.1,243.8,134.2,484.0,4653.0,17.2,300.0,391.3,150.9,373.2,5867.0,378.8,1833.0,2462.0,1019.0,2008.0,6426.0,9.5,113.2,126.8,107.0,459.0,6078.0,9.2,165.2,246.7,191.7,618.4,5111.0,17.4,237.4,296.9,245.3,574.7,5576.0,306.7,1526.0,1633.0,1240.0,2985.0,6615.0,34.3,293.3,365.3,66.9,175.0,5670.0,35.6,460.2,593.4,104.8,280.9,5530.0,36.3,387.3,521.8,143.2,362.3,6190.0,516.2,2453.0,2895.0,395.5,1041.0,4325.0,1519.0,3877.0,3228.0,1141.0,2435.0,5918.0,1317.0,4353.0,4297.0,1879.0,3969.0,6365.0,1117.0,4325.0,3687.0,1938.0,4297.0,5150.0,1209.0,5073.0,4325.0,1204.0,2699.0,4621.0
2025-12-21,19,6,official_closing,closing_displayed,https://www.boatrace.jp/owpc/pc/race/odds3t?hd=20251221&jcd=19&rno=6,15.9,58.0,39.1,460.1,394.6,1253.0,60.3,153.4,20.5,190.9,162.1,587.6,46.3,133.6,15.0,235.7,360.2,1256.0,56.6,170.1,30.9,308.4,278.3,991.9,12.0,75.2,68.1,660.3,616.3,1647.0,11.7,93.6,76.2,466.9,437.4,943.3,10.2,71.0,55.9,581.2,850.7,2160.0,16.9,106.4,80.2,699.6,719.2,1782.0,77.0,282.6,45.1,188.5,151.9,581.7,31.0,200.9,99.8,365.1,303.5,786.1,52.9,245.0,33.4,141.9,206.7,654.1,84.5,344.1,50.5,189.8,160.2,402.4,78.7,328.7,35.6,281.5,441.9,1605.0,33.3,216.7,77.0,510.5,733.7,2432.0,80.8,404.7,42.1,208.5,299.5,900.5,80.4,382.6,33.7,218.8,329.0,794.2,146.4,642.0,95.7,562.8,465.9,1071.0,74.7,409.0,168.7,930.7,832.3,1729.0,222.0,731.4,105.9,408.5,274.8,466.2,154.1,740.0,72.1,372.3,418.4,735.2
2025-12-21,19,7,official_closing,closing_displayed,https://www.boatrace.jp/owpc/pc/race/odds3t?hd=20251221&jcd=19&rno=7,37.5,140.2,66.2,275.9,201.5,926.0,61.0,218.9,26.6,89.1,65.7,428.8,64.2,228.7,19.6,87.3,121.5,582.2,133.0,322.8,43.9,129.2,105.2,576.8,21.9,162.1,131.7,512.9,386.3,1406.0,11.8,157.3,115.6,338.1,275.7,810.3,10.9,137.5,86.7,433.5,596.0,1466.0,30.6,187.8,124.2,412.2,371.7,1421.0,55.4,398.9,50.3,113.5,79.7,442.5,21.7,252.0,111.9,260.7,215.8,619.9,30.1,378.1,30.5,68.2,102.2,333.8,52.1,400.1,41.6,92.3,79.6,294.1,66.0,419.3,33.8,98.0,163.0,763.9,22.5,273.9,90.9,228.3,405.1,1189.0,41.9,484.4,41.1,73.7,115.7,463.3,49.2,439.4,31.4,71.9,115.5,503.8,227.2,777.0,132.4,219.7,188.0,624.4,104.4,533.8,228.1,405.6,381.7,1032.0,153.3,844.4,97.5,163.8,136.8,357.6,139.3,800.7,70.7,137.1,176.0,463.0
2025-12-21,19,8,official_closing,closing_displayed,https://www.boatrace.jp/owpc/pc/race/odds3t?hd=20251221&jcd=19&rno=8,14.4,215.6,389.6,29.1,129.9,3941.0,5.6,100.3,273.5,70.1,347.4,5235.0,16.0,168.6,398.7,17.8,85.4,3919.0,333.5,1035.0,1587.0,229.7,745.4,6790.0,21.2,602.6,682.4,79.8,301.5,5763.0,14.4,1211.0,1211.0,352.7,945.9,4796.0,31.0,1399.0,1277.0,109.1,360.7,7374.0,304.4,3919.0,3572.0,822.3,1824.0,6723.0,5.3,188.0,464.9,264.2,878.1,6470.0,12.4,839.4,1229.0,545.1,1497.0,6234.0,6.7,422.8,879.2,428.1,1115.0,7705.0,158.5,2689.0,2881.0,1446.0,3313.0,9394.0,27.6,412.4,1037.0,25.9,84.2,4697.0,44.0,1270.0,1763.0,51.7,145.7,6723.0,20.7,616.1,1334.0,179.1,495.1,8068.0,357.7,3412.0,3429.0,238.2,664.5,5316.0,915.6,4156.0,4864.0,853.0,2834.0,7374.0,976.9,5316.0,5156.0,1434.0,3628.0,4058.0,784.7,5715.0,5575.0,2041.0,4633.0,7705.0,1139.0,6723.0,5530.0,942.0,2658.0,6234.0
2025-12-21,19,9,official_closing,closing_displayed,https://www.boatrace.jp/owpc/pc/race/odds3t?hd=20251221&jcd=19&rno=9,9.1,140.2,86.6,502.7,93.8,991.9,22.3,240.3,109.2,538.7,65.2,641.9,11.7,147.0,36.0,385.4,183.8,1520.0,36.3,377.8,98.7,584.1,93.3,671.8,9.5,334.9,257.7,841.4,238.7,1800.0,13.5,1231.0,773.8,1623.0,475.8,2236.0,5.5,592.1,374.7,1298.0,924.4,3466.0,17.5,1147.0,669.9,1925.0,574.4,2450.0,43.3,785.2,333.5,854.9,123.9,774.6,34.4,1755.0,835.3,2120.0,418.6,2180.0,35.8,1389.0,396.6,1104.0,525.2,2677.0,59.4,1925.0,586.5,1674.0,275.2,987.6,16.3,383.7,90.9,522.1,500.9,2773.0,10.0,727.5,285.2,1063.0,1121.0,3415.0,33.0,1175.0,279.1,1207.0,876.5,3788.0,21.8,1210.0,178.5,754.4,786.1,2762.0,88.4,1286.0,315.8,1225.0,244.0,862.3,58.3,1986.0,936.9,2088.0,651.0,2424.0,113.6,2687.0,924.4,2180.0,410.5,1397.0,62.6,2045.0,370.5,1265.0,822.4,2485.0
2025-12-21,19,10,official_closing,closing_displayed,https://www.boatrace.jp/owpc/pc/race/odds3t?hd=20251221&jcd=19&rno=10,9.3,84.3,109.3,258.0,115.7,2674.0,14.8,96.8,47.7,171.7,72.9,2269.0,14.1,104.2,45.0,146.3,104.9,3083.0,93.9,365.0,250.2,443.8,210.1,1524.0,9.4,272.2,351.2,543.2,348.9,4343.0,7.4,540.7,579.5,892.6,659.4,4564.0,7.0,549.9,520.5,685.7,808.6,4185.0,67.9,1556.0,1463.0,1622.0,1276.0,4319.0,19.2,376.0,126.5,285.4,189.9,2674.0,13.9,744.5,401.7,802.2,624.2,3527.0,16.8,725.1,193.1,427.8,439.9,4121.0,84.2,1960.0,739.7,1220.0,826.0,2692.0,18.7,337.1,132.3,208.8,258.2,3810.0,12.0,744.5,478.5,511.6,720.6,3959.0,21.5,811.0,284.4,401.5,493.7,3655.0,65.3,1946.0,639.1,576.6,730.4,3119.0,272.1,2034.0,1150.0,1376.0,570.9,1487.0,250.8,3622.0,2766.0,2183.0,1493.0,3828.0,291.4,3527.0,1989.0,2183.0,1139.0,2657.0,205.9,4039.0,1434.0,1422.0,1121.0,2969.0
2025-12-21,19,11,official_closing,closing_displayed,https://www.boatrace.jp/owpc/pc/race/odds3t?hd=20251221&jcd=19&rno=11,12.6,103.0,84.0,80.9,858.4,713.2,14.8,89.2,27.6,46.7,786.7,485.7,53.8,300.0,80.0,94.4,586.5,354.2,39.5,168.9,52.7,47.5,764.7,1204.0,11.1,271.4,263.8,192.0,1420.0,1310.0,5.5,431.6,318.8,338.4,2349.0,1646.0,29.1,1066.0,631.9,466.2,2317.0,1603.0,14.7,714.4,471.9,295.0,2000.0,3018.0,14.3,226.4,49.0,74.6,1166.0,629.1,8.3,448.7,164.1,219.7,2068.0,1606.0,35.0,1129.0,123.7,165.4,1323.0,624.0,16.5,525.4,71.8,91.9,1662.0,1808.0,127.3,1052.0,322.9,153.6,634.3,419.2,106.5,2083.0,743.9,358.3,1296.0,1215.0,104.1,2028.0,336.1,277.5,1095.0,622.2,164.8,2141.0,460.9,156.1,641.0,929.9,100.1,747.2,213.7,98.5,1337.0,1640.0,70.8,1459.0,503.6,233.7,2362.0,3061.0,63.9,1166.0,205.5,150.8,2004.0,2562.0,210.5,2444.0,460.4,172.3,1160.0,1300.0
2025-12-21,19,12,official_closing,closing_displayed,https://www.boatrace.jp/owpc/pc/race/odds3t?hd=20251221&jcd=19&rno=12,13.6,82.9,19.7,132.3,1905.0,532.4,25.6,131.2,9.1,60.3,1636.0,257.7,304.2,834.3,159.9,736.5,2148.0,399.8,55.9,268.2,17.1,120.6,2801.0,2343.0,7.3,133.7,65.6,270.1,2351.0,1025.0,4.9,252.8,79.9,306.6,2849.0,1006.0,145.8,1194.0,584.7,1715.0,3887.0,1313.0,12.2,425.6,138.0,449.5,3379.0,3735.0,29.0,306.6,19.4,67.6,1751.0,273.3,15.5,359.8,50.6,162.5,2566.0,682.0,298.2,2359.0,293.2,858.8,3127.0,343.0,37.3,646.6,31.4,110.7,3576.0,2596.0,633.2,1724.0,624.3,1597.0,2711.0,536.2,472.5,2197.0,957.9,2190.0,4229.0,987.4,693.2,2936.0,844.8,1905.0,3634.0,444.1,957.9,3466.0,963.4,1715.0,3558.0,3187.0,102.5,598.2,53.0,178.1,4256.0,4026.0,49.7,828.1,141.1,382.9,4483.0,4283.0,75.4,932.6,63.4,192.4,3979.0,3777.0,753.0,3674.0,639.8,1310.0,4075.0,3596.0
2025-12-21,20,1,official_closing,closing_displayed,https://www.boatrace.jp/owpc/pc/race/odds3t?hd=20251221&jcd=20&rno=1,24.6,54.4,74.1,23.0,679.9,831.3,16.4,37.7,34.1,17.2,545.5,1069.0,76.5,118.3,102.4,18.7,384.6,641.0,222.1,297.4,376.9,93.0,1369.0,1431.0,24.9,82.8,111.0,37.3,842.3,1189.0,9.1,60.8,74.6,53.1,1189.0,1983.0,42.8,189.2,225.0,69.4,783.4,838.6,194.0,449.0,497.0,157.8,2266.0,1762.0,13.5,48.2,35.8,29.7,783.4,1586.0,8.1,58.5,61.8,58.5,1286.0,2115.0,16.3,118.1,81.9,64.9,869.3,1295.0,116.9,230.7,267.0,193.2,2607.0,3282.0,158.3,380.7,291.1,36.7,356.5,752.4,141.0,539.3,495.7,69.4,594.9,743.6,75.0,357.8,286.2,68.7,568.3,1106.0,587.5,1420.0,885.4,140.0,976.3,1087.0,580.4,783.4,799.9,178.4,2293.0,4050.0,589.4,1029.0,971.3,226.1,3340.0,5145.0,442.7,564.9,853.7,334.0,2799.0,4230.0,873.3,1420.0,1197.0,255.5,2505.0,2974.0
2025-12-21,20,2,official_closing,closing_displayed,https://www.boatrace.jp/owpc/pc/race/odds3t?hd=20251221&jcd=20&rno=2,6.9,13.2,119.0,49.7,1627.0,320.0,5.2,8.1,154.0,158.9,3325.0,1176.0,119.8,133.7,659.3,455.2,2227.0,595.9,13.8,17.2,313.8,98.1,4097.0,2731.0,18.9,41.7,131.3,52.3,1593.0,355.1,29.5,48.4,158.4,170.5,2764.0,834.3,211.0,388.2,785.7,481.0,2699.0,399.0,62.0,79.3,299.1,89.8,2549.0,2365.0,14.1,20.6,231.0,357.4,3824.0,1627.0,37.0,47.3,221.2,319.5,3325.0,1227.0,259.8,257.8,1443.0,1912.0,6038.0,1712.0,43.4,40.4,364.7,521.4,4881.0,4881.0,511.0,499.8,2164.0,1001.0,3642.0,594.4,960.0,940.3,1944.0,1047.0,4171.0,434.5,791.2,742.5,2668.0,2249.0,6953.0,1153.0,1097.0,822.4,2271.0,1038.0,4988.0,2249.0,56.7,78.9,712.5,160.0,6373.0,4988.0,151.9,168.0,686.9,140.2,5596.0,4249.0,104.2,101.7,674.8,415.6,3700.0,5736.0,772.5,616.8,1865.0,586.8,6748.0,4780.0
2025-12-21,20,3,official_closing,closing_displayed,https://www.boatrace.jp/owpc/pc/race/odds3t?hd=20251221&jcd=20&rno=3,32.8,79.3,26.0,292.3,43.6,1294.0,119.8,249.5,53.1,205.9,28.5,753.6,43.4,86.4,11.0,201.8,99.9,1461.0,186.9,332.0,50.6,481.1,72.7,893.2,23.6,97.5,54.0,427.7,70.5,1339.0,51.6,239.6,131.4,348.2,54.5,918.7,12.3,74.5,33.6,321.0,174.2,2009.0,67.8,229.4,107.6,742.0,124.3,1148.0,157.6,475.2,91.9,237.6,24.9,665.2,121.7,401.9,134.2,308.1,39.0,999.6,138.0,416.6,52.0,134.0,78.9,1198.0,310.6,914.3,128.3,300.0,42.6,339.6,34.9,117.2,13.0,186.2,165.8,2052.0,24.3,92.4,20.4,200.9,186.0,2381.0,108.1,315.7,39.7,123.2,116.7,1349.0,95.2,256.2,23.8,199.9,184.2,1349.0,376.0,810.6,142.3,706.7,123.9,771.7,273.6,649.6,204.1,846.1,162.1,923.1,612.4,1252.0,221.2,527.1,81.6,330.3,340.8,654.0,78.9,419.4,260.7,914.3
2025-12-21,20,4,official_closing,closing_displayed,https://www.boatrace.jp/owpc/pc/race/odds3t?hd=20251221&jcd=20&rno=4,9.4,15.2,123.6,201.3,86.4,131.2,21.1,23.9,284.2,470.9,193.0,389.4,13.1,20.0,208.6,323.7,317.0,419.1,13.9,15.3,221.2,306.1,96.3,221.9,23.3,42.2,134.3,178.3,97.2,120.7,71.8,79.5,253.9,359.7,209.3,175.6,49.4,71.4,179.0,244.1,291.4,210.3,58.7,50.8,166.5,151.9,94.8,166.8,58.5,69.7,523.7,700.8,502.0,673.8,121.5,117.0,404.1,604.0,466.8,350.1,109.8,112.2,686.6,1033.0,1049.0,933.6,117.4,67.8,561.0,774.4,496.2,840.5,25.7,51.6,399.6,334.3,477.6,634.0,60.2,99.9,331.0,259.4,376.4,336.2,114.8,134.3,745.1,775.7,942.9,836.1,43.9,56.7,416.9,221.8,324.2,424.0,46.6,42.7,489.5,344.8,119.5,249.0,118.1,70.1,295.6,201.1,106.0,195.2,155.4,83.9,779.5,626.5,252.2,589.7,80.5,69.5,572.6,266.4,295.0,402.7
2025-12-21,20,5,official_closing,closing_displayed,https://www.boatrace.jp/owpc/pc/race/odds3t?hd=20251221&jcd=20&rno=5,9.7,75.3,167.7,47.3,221.8,1491.0,4.8,42.4,140.7,129.9,446.7,2207.0,11.1,75.5,222.5,54.0,195.4,1385.0,45.4,208.2,516.2,126.0,389.3,2371.0,16.0,259.4,347.3,99.1,418.4,2330.0,14.3,423.4,560.0,351.3,1304.0,2524.0,27.1,770.5,729.2,191.6,693.5,3682.0,92.6,1357.0,1583.0,423.7,1099.0,4937.0,7.1,118.3,286.9,335.2,825.9,3723.0,14.2,382.3,559.1,634.7,1704.0,3400.0,11.1,304.6,553.5,645.2,1772.0,4328.0,38.0,746.3,1089.0,1177.0,2860.0,6114.0,25.5,319.8,557.7,85.5,231.9,1888.0,54.1,924.4,1101.0,152.0,439.9,3283.0,28.7,513.4,930.8,375.9,1023.0,4245.0,90.1,1267.0,1937.0,175.1,479.5,2505.0,185.5,1008.0,1915.0,317.8,967.3,2731.0,299.8,2524.0,2800.0,583.1,1653.0,4693.0,177.2,2143.0,2380.0,1252.0,3002.0,5375.0,226.3,2290.0,3071.0,419.9,1229.0,2962.0
2025-12-21,20,6,official_closing,closing_displayed,https://www.boatrace.jp/owpc/pc/race/odds3t?hd=20251221&jcd=20&rno=6,57.4,315.3,107.0,914.9,311.4,110.8,183.9,837.9,132.3,498.7,85.4,27.0,93.4,439.1,26.8,329.2,405.3,186.0,61.8,352.7,18.9,271.6,65.2,41.4,34.6,367.7,256.2,1101.0,542.3,237.3,55.4,702.0,514.7,1267.0,592.1,216.6,11.5,340.3,238.9,1315.0,1342.0,580.0,7.5,239.2,165.3,957.5,386.9,302.7,245.0,1488.0,335.4,563.6,126.3,35.0,139.7,1098.0,604.0,1265.0,393.2,126.0,154.3,1328.0,253.4,594.7,512.7,183.4,109.3,965.9,183.1,417.1,72.1,37.8,88.1,620.5,52.1,267.4,335.7,296.7,21.5,528.7,182.3,986.2,1209.0,605.1,134.3,1292.0,210.3,542.3,663.1,343.5,21.6,397.9,32.1,195.6,234.6,257.8,50.4,397.4,26.0,229.2,67.3,64.1,11.3,292.3,98.3,693.9,220.3,204.9,74.5,754.3,123.2,364.8,62.6,52.5,20.3,351.9,25.7,192.8,182.6,195.7
2025-12-21,20,7,official_closing,closing_displayed,https://www.boatrace.jp/owpc/pc/race/odds3t?hd=20251221&jcd=20&rno=7,39.5,334.8,111.2,263.9,639.0,91.4,60.5,441.5,30.0,85.6,432.6,38.5,144.5,717.8,89.9,176.2,452.5,47.3,45.5,296.2,23.8,61.3,251.3,113.0,23.6,581.8,428.2,745.0,1031.0,219.9,8.1,979.1,651.5,987.8,1401.0,295.0,42.6,1575.0,936.7,1251.0,1717.0,383.8,7.6,681.3,363.4,609.9,910.0,457.7,48.3,951.3,62.7,122.0,623.6,64.8,14.8,1154.0,335.5,567.1,1378.0,219.0,65.6,1753.0,169.9,331.0,910.0,76.6,13.5,783.3,45.5,89.2,481.4,183.2,186.5,1428.0,303.0,281.7,682.0,89.3,111.6,1981.0,768.0,774.2,1334.0,289.5,138.2,2174.0,341.1,410.8,853.1,92.9,85.1,1228.0,201.5,156.2,327.1,170.5,33.3,455.0,48.2,72.2,251.4,205.6,14.4,652.1,193.2,287.9,550.7,410.3,18.7,697.6,50.8,83.7,334.2,264.8,57.8,943.3,132.5,132.3,270.3,204.1
2025-12-21,20,8,official_closing,closing_displayed,https://www.boatrace.jp/owpc/pc/race/odds3t?hd=20251221&jcd=20&rno=8,3.7,32.4,25.0,348.7,324.9,1947.0,15.2,104.1,43.3,326.1,289.4,1790.0,19.4,89.1,48.7,528.1,718.4,3202.0,53.4,242.9,118.9,786.3,662.0,3415.0,3.7,72.2,63.3,607.1,580.1,2921.0,8.5,381.4,259.0,1079.0,766.4,2883.0,11.5,294.0,246.7,1524.0,2148.0,5123.0,35.6,704.0,473.3,1860.0,1567.0,5163.0,37.0,441.9,180.9,492.2,452.1,1994.0,33.5,758.5,363.9,1062.0,815.2,2934.0,90.5,1213.0,425.3,1288.0,1908.0,3112.0,159.4,1976.0,656.2,1402.0,1420.0,5842.0,51.9,356.7,205.1,876.3,1136.0,3827.0,45.0,494.4,370.0,1486.0,2212.0,4561.0,132.1,1340.0,609.3,1665.0,1976.0,3741.0,179.9,1612.0,774.4,1285.0,1982.0,3988.0,270.6,1183.0,663.3,1534.0,1417.0,4061.0,223.0,1771.0,1191.0,2934.0,2250.0,5286.0,423.4,2729.0,1271.0,2353.0,1941.0,4970.0,405.6,2696.0,1378.0,1941.0,2068.0,3895.0
2025-12-21,20,9,official_closing,closing_displayed,https://www.boatrace.jp/owpc/pc/race/odds3t?hd=20251221&jcd=20&rno=9,18.7,156.7,56.7,569.6,1528.0,131.2,39.8,300.7,28.9,260.7,815.9,42.9,87.0,546.0,63.7,589.8,1410.0,110.4,23.8,173.3,13.9,175.0,798.2,232.5,12.8,306.7,191.7,1021.0,2335.0,364.5,8.7,959.3,412.7,1486.0,2433.0,383.5,25.9,1353.0,586.4,1897.0,3406.0,816.8,5.0,460.4,205.1,1195.0,2530.0,1279.0,51.7,884.0,77.4,282.8,831.4,62.0,25.5,1538.0,295.3,1093.0,1950.0,240.9,84.8,2110.0,227.8,766.6,1924.0,175.8,26.3,1256.0,66.1,223.1,1082.0,331.1,206.7,1695.0,252.7,928.7,1828.0,208.6,104.3,2224.0,680.0,1882.0,2959.0,866.5,184.0,1984.0,405.1,1492.0,2586.0,251.5,103.3,2476.0,185.4,818.7,1598.0,486.3,30.3,463.1,30.4,223.2,930.0,613.7,10.7,636.6,135.2,916.5,2606.0,1538.0,25.4,1310.0,59.0,288.9,1119.0,756.6,61.5,1984.0,118.1,410.8,1538.0,1076.0
2025-12-21,20,10,official_closing,closing_displayed,https://www.boatrace.jp/owpc/pc/race/odds3t?hd=20251221&jcd=20&rno=10,8.9,46.9,92.3,154.3,66.3,249.7,26.5,94.8,198.0,340.6,112.3,519.1,8.5,36.2,82.5,87.6,113.9,501.2,18.7,55.8,155.3,123.7,56.0,233.0,13.0,145.9,160.1,245.3,115.2,349.6,39.6,419.9,526.9,614.3,238.1,443.3,14.8,164.3,168.7,227.4,332.0,1104.0,32.6,218.7,327.4,368.9,139.6,376.5,51.0,313.5,510.9,760.4,257.8,857.8,83.1,584.5,668.8,1042.0,326.4,744.3,47.3,418.7,556.8,727.6,763.2,1546.0,74.2,526.9,622.5,827.5,343.1,1082.0,14.3,96.4,183.6,78.9,118.3,578.1,19.9,189.6,214.7,136.2,191.4,959.2,47.8,312.4,623.4,337.6,458.2,1128.0,24.7,129.7,310.5,71.1,99.0,369.2,60.0,192.9,521.7,181.5,87.8,228.1,91.4,326.6,560.5,319.9,142.1,313.3,119.8,583.7,881.1,566.5,284.9,568.0,60.7,219.9,594.4,120.1,143.3,325.9
2025-12-21,20,11,official_closing,closing_displayed,https://www.boatrace.jp/owpc/pc/race/odds3t?hd=20251221&jcd=20&rno=11,8.1,51.8,38.4,784.1,150.7,816.5,26.3,169.0,51.9,503.0,86.7,553.1,14.8,75.9,23.9,525.8,303.1,1600.0,37.2,183.2,46.0,741.7,127.7,584.3,7.0,105.6,90.6,1105.0,356.5,1577.0,15.9,384.9,269.3,1548.0,565.6,1851.0,6.5,180.7,140.5,1821.0,1435.0,3840.0,15.8,354.8,289.9,2417.0,776.9,2921.0,47.8,632.8,155.0,606.5,156.7,721.8,39.8,811.6,401.9,1363.0,429.9,1801.0,51.6,1099.0,219.1,783.2,618.2,2270.0,84.1,1627.0,323.2,1058.0,305.6,1092.0,23.5,261.0,61.8,727.3,727.3,3278.0,15.0,379.4,171.4,1635.0,1688.0,4634.0,56.8,1012.0,205.0,1048.0,1208.0,3054.0,30.0,704.4,125.7,1024.0,1107.0,3185.0,98.7,735.2,189.3,1377.0,261.7,749.2,64.0,1164.0,503.0,2896.0,666.7,2167.0,168.8,2333.0,489.8,1768.0,372.3,1065.0,78.0,1460.0,247.7,1759.0,978.2,2262.0
2025-12-21,20,12,official_closing,closing_displayed,https://www.boatrace.jp/owpc/pc/race/odds3t?hd=20251221&jcd=20&rno=12,13.3,32.9,16.4,360.2,174.6,2309.0,41.8,74.5,17.2,223.5,135.3,2093.0,28.4,50.9,13.1,294.0,344.7,3410.0,223.0,301.4,96.0,783.7,576.9,3901.0,8.9,36.3,31.5,467.2,220.8,3322.0,13.6,50.3,40.1,308.3,164.0,1456.0,11.1,31.9,25.5,462.6,470.4,4746.0,106.8,185.3,139.0,922.8,645.7,4054.0,68.9,213.1,44.2,212.2,142.1,1961.0,46.6,133.2,59.2,264.4,143.5,1405.0,79.5,200.3,39.7,222.5,235.1,2845.0,321.1,613.7,156.4,591.2,572.8,3149.0,49.4,109.2,32.4,421.7,584.8,4382.0,35.7,75.0,39.1,500.9,648.1,4812.0,102.0,187.0,48.9,319.7,390.4,3269.0,311.4,422.0,147.2,789.1,1273.0,4345.0,749.0,1043.0,353.0,1484.0,1330.0,4291.0,495.3,702.5,370.7,1661.0,1510.0,3915.0,767.4,1477.0,430.0,1259.0,1231.0,3259.0,965.2,1231.0,401.2,1663.0,1832.0,4536.0
2025-12-21,21,1,official_closing,closing_displayed,https://www.boatrace.jp/owpc/pc/race/odds3t?hd=20251221&jcd=21&rno=1,40.5,271.3,372.8,44.9,219.3,322.2,36.7,236.7,196.5,43.7,252.8,327.9,57.8,328.7,227.6,17.0,123.2,120.2,38.5,225.6,226.8,13.1,113.3,189.3,45.5,585.2,658.5,100.3,346.0,601.3,28.6,964.4,969.2,217.3,1051.0,1123.0,41.4,1210.0,1228.0,112.6,619.2,629.1,34.1,1024.0,986.1,78.6,531.6,863.1,30.0,366.9,230.8,96.3,472.4,593.2,25.2,760.0,640.3,225.4,1163.0,1177.0,21.7,768.9,338.6,135.7,615.4,681.3,14.4,530.2,279.7,92.4,535.2,906.8,76.7,764.4,424.1,20.2,89.0,102.2,60.7,1319.0,1032.0,57.4,222.4,312.0,47.9,1170.0,538.9,71.4,300.4,344.8,40.2,917.3,456.5,16.5,79.4,136.8,55.7,670.8,425.5,16.9,138.3,229.3,54.1,1188.0,1016.0,49.8,363.2,579.2,36.6,934.7,497.4,57.3,356.0,554.8,47.4,1029.0,573.3,18.9,137.2,211.0
2025-12-21,21,2,official_closing,closing_displayed,https://www.boatrace.jp/owpc/pc/race/odds3t?hd=20251221&jcd=21&rno=2,20.3,170.5,205.7,25.6,501.2,905.0,9.7,84.3,77.9,24.8,663.6,1163.0,55.1,324.0,280.4,38.4,256.7,497.7,53.4,303.7,291.6,31.6,380.8,995.5,24.6,468.4,559.9,74.6,1060.0,1551.0,8.8,534.9,562.6,186.3,2159.0,3318.0,45.7,1525.0,1422.0,286.7,1202.0,2036.0,40.4,1416.0,1439.0,240.2,1607.0,3583.0,6.6,182.7,140.9,75.4,1592.0,1991.0,5.6,466.6,400.4,210.5,2735.0,3446.0,16.9,654.0,507.6,344.6,2036.0,2159.0,12.6,563.5,427.6,225.2,2282.0,3548.0,93.6,1127.0,1001.0,68.2,274.0,485.6,93.1,2083.0,1819.0,192.5,685.2,1389.0,59.2,1394.0,1156.0,260.8,968.6,1468.0,105.9,2185.0,1947.0,100.3,400.8,1152.0,109.3,1175.0,1159.0,77.0,542.2,921.3,98.7,2120.0,2172.0,183.6,1178.0,2635.0,57.5,1244.0,1186.0,236.5,1422.0,2715.0,146.7,2799.0,2405.0,145.1,672.4,1248.0
2025-12-21,21,4,official_closing,closing_displayed,https://www.boatrace.jp/owpc/pc/race/odds3t?hd=20251221&jcd=21&rno=4,5.3,40.3,84.0,78.6,1651.0,1187.0,3.9,27.7,75.4,140.9,1808.0,1827.0,54.9,188.7,274.1,369.5,1585.0,1353.0,17.7,78.8,184.9,160.1,2194.0,3102.0,8.8,149.4,173.8,143.4,2322.0,1799.0,11.2,209.0,235.2,370.6,3749.0,3829.0,63.8,875.7,772.4,1011.0,3428.0,2747.0,36.9,570.4,629.2,442.7,4736.0,6314.0,7.2,97.2,146.8,266.2,2686.0,2974.0,13.5,222.1,210.4,380.0,4930.0,4234.0,77.6,846.9,521.6,957.2,4736.0,3749.0,24.3,337.3,333.8,579.6,6100.0,6791.0,166.7,1313.0,1028.0,825.5,2432.0,1808.0,226.5,2168.0,1571.0,1538.0,3395.0,2465.0,234.0,2307.0,1544.0,1705.0,4185.0,4044.0,371.0,3024.0,2045.0,1211.0,3157.0,4999.0,75.0,552.9,792.8,452.1,3363.0,4674.0,128.6,1285.0,1280.0,670.2,4930.0,6791.0,93.7,848.9,1074.0,1176.0,5713.0,7345.0,392.0,2589.0,1924.0,1578.0,4674.0,5805.0
2025-12-21,21,6,official_closing,closing_displayed,https://www.boatrace.jp/owpc/pc/race/odds3t?hd=20251221&jcd=21&rno=6,15.6,20.8,65.8,533.9,36.8,2224.0,51.2,62.6,131.1,702.5,52.6,2578.0,15.0,14.6,49.1,428.1,136.0,2801.0,163.6,178.2,351.8,1188.0,122.2,1939.0,25.1,29.8,67.6,542.9,30.7,2767.0,57.3,57.8,113.8,606.7,23.8,2363.0,24.2,11.9,27.0,272.4,88.6,4727.0,265.4,146.2,243.7,1213.0,99.9,1745.0,143.3,181.9,328.8,771.8,67.3,2638.0,163.4,143.2,239.8,704.7,35.7,2203.0,132.5,105.5,158.6,424.9,126.9,3720.0,521.6,613.3,748.9,1334.0,173.7,2909.0,23.4,17.9,60.0,319.6,209.3,4538.0,27.5,12.8,33.8,233.4,147.1,4828.0,88.4,53.0,114.1,310.4,198.7,4631.0,145.6,84.7,194.2,514.5,320.9,2985.0,595.6,793.4,1129.0,2008.0,340.7,1956.0,685.6,577.4,771.8,2203.0,280.5,1436.0,725.0,1181.0,1668.0,2363.0,395.3,2203.0,611.6,441.5,804.7,1375.0,528.9,2701.0
2025-12-21,21,8,official_closing,closing_displayed,https://www.boatrace.jp/owpc/pc/race/odds3t?hd=20251221&jcd=21&rno=8,10.0,15.0,273.2,106.9,237.7,120.1,10.1,11.7,451.5,559.2,833.0,661.8,14.8,16.0,491.0,315.3,781.8,406.0,9.7,8.5,556.6,183.8,415.8,560.5,39.3,60.2,296.7,101.5,240.1,104.9,105.9,94.2,403.3,381.6,672.9,477.4,124.8,110.5,460.1,194.6,479.3,190.9,120.6,65.5,362.7,109.1,218.8,369.9,35.9,42.4,853.6,947.3,1677.0,1429.0,138.8,103.3,593.5,651.1,1220.0,1150.0,140.7,100.2,869.0,1073.0,2684.0,2279.0,91.9,40.5,830.1,932.7,1872.0,2654.0,56.0,54.3,1093.0,342.1,970.2,494.0,187.2,131.8,807.9,275.1,622.6,308.1,186.5,132.0,1078.0,807.9,1464.0,1689.0,134.0,48.6,970.2,304.6,743.3,1108.0,45.0,26.5,1207.0,238.7,546.5,888.1,212.2,80.8,766.9,158.7,336.0,536.8,156.1,51.8,1226.0,690.2,1150.0,2440.0,176.5,52.1,1396.0,333.6,894.7,1312.0
2025-12-21,21,9,official_closing,closing_displayed,https://www.boatrace.jp/owpc/pc/race/odds3t?hd=20251221&jcd=21&rno=9,11.3,58.9,49.5,234.6,3266.0,55.5,23.4,111.7,58.8,178.3,2547.0,40.8,360.5,762.7,333.7,777.7,2619.0,89.4,11.0,54.2,22.6,101.8,2524.0,539.1,11.2,115.8,107.3,332.9,3427.0,99.6,16.9,240.5,193.8,283.5,2524.0,102.7,235.8,1347.0,928.5,1568.0,4143.0,229.0,7.1,105.7,80.7,231.3,3605.0,931.6,41.0,276.5,136.2,254.4,3305.0,59.7,31.3,266.4,192.5,362.9,3345.0,100.4,392.7,1941.0,791.0,1223.0,3228.0,144.4,26.2,236.2,95.5,194.2,2221.0,677.1,752.4,2393.0,1672.0,1779.0,4870.0,126.6,701.1,2695.0,1914.0,2275.0,5666.0,182.5,754.4,3305.0,1768.0,1941.0,3751.0,148.3,873.0,2669.0,1291.0,1161.0,2501.0,448.5,14.8,109.8,41.2,97.8,3470.0,1525.0,11.7,119.9,66.2,149.8,4023.0,1703.0,25.7,228.8,80.4,113.3,2011.0,1402.0,346.1,1586.0,464.2,389.9,2435.0,1354.0
2025-12-21,21,10,official_closing,closing_displayed,https://www.boatrace.jp/owpc/pc/race/odds3t?hd=20251221&jcd=21&rno=10,7.3,30.9,44.2,86.2,384.9,71.3,11.0,36.7,35.7,85.6,438.4,74.1,44.6,120.7,93.4,155.1,554.1,106.1,46.1,111.5,90.5,152.8,554.9,200.3,9.2,71.9,82.7,137.0,511.9,82.8,10.1,90.5,98.9,151.9,655.9,97.5,32.3,227.3,215.4,268.5,841.6,129.0,40.3,201.1,204.8,271.9,770.7,253.9,20.0,102.6,65.0,113.2,576.5,100.4,18.6,120.8,93.8,141.6,615.2,125.3,63.4,321.7,143.5,188.4,894.3,157.3,66.6,242.9,152.4,204.8,885.5,273.0,124.0,411.1,289.1,241.9,722.3,163.8,103.0,443.8,380.4,288.0,779.1,186.3,141.2,588.8,316.0,304.7,946.5,191.5,198.5,613.1,435.1,321.2,866.1,349.8,83.4,271.7,201.3,242.2,647.6,354.0,86.9,354.3,285.0,285.4,723.8,404.6,120.4,372.5,257.6,280.9,841.6,374.0,219.7,591.8,443.3,357.9,887.7,432.0
2025-12-21,21,11,official_closing,closing_displayed,https://www.boatrace.jp/owpc/pc/race/odds3t?hd=20251221&jcd=21&rno=11,5.7,18.8,66.8,270.3,157.3,101.6,20.2,58.9,178.5,491.7,282.5,217.5,12.4,30.6,127.2,498.7,599.4,428.6,9.4,19.9,104.6,452.9,178.3,269.4,11.5,57.4,96.1,343.3,220.0,121.9,38.3,186.4,245.0,455.8,369.6,197.0,25.7,116.4,156.3,460.8,788.8,416.0,24.0,69.1,141.4,458.3,205.8,236.8,49.2,209.8,498.1,842.0,638.1,396.2,77.3,293.5,399.2,586.1,459.3,302.4,103.3,376.2,587.0,945.2,1414.0,943.1,85.0,252.9,512.5,882.3,616.8,757.8,31.4,119.4,310.0,568.1,1050.0,904.9,50.6,199.5,286.9,513.8,800.7,751.1,144.5,459.3,666.2,895.3,1473.0,1289.0,57.7,115.7,313.6,540.6,855.6,1119.0,27.1,66.1,253.0,706.1,249.0,419.3,48.6,98.2,239.9,613.2,220.0,312.5,125.1,271.5,633.4,1079.0,467.9,704.9,74.0,126.9,415.6,732.9,756.5,1058.0
2025-12-21,21,12,official_closing,closing_displayed,https://www.boatrace.jp/owpc/pc/race/odds3t?hd=20251221&jcd=21&rno=12,10.6,125.5,137.0,164.8,149.9,1114.0,12.5,145.3,69.9,143.4,117.5,842.9,15.0,144.1,57.2,81.8,124.9,802.0,38.8,240.9,119.3,127.7,116.0,525.1,12.1,335.8,323.2,344.0,318.1,2066.0,9.8,617.1,709.3,830.1,704.0,2391.0,8.7,610.2,549.4,547.0,681.3,2468.0,23.7,835.5,886.2,742.5,670.5,2947.0,19.5,379.0,171.2,239.4,207.9,1473.0,17.0,890.3,533.9,715.9,647.6,2586.0,17.0,802.0,215.4,336.1,491.8,2210.0,31.0,943.4,345.0,403.6,425.2,2044.0,25.8,417.7,144.7,107.6,172.5,1111.0,18.1,831.9,533.2,318.4,550.2,2361.0,25.7,1173.0,262.7,277.5,439.5,2604.0,29.9,1038.0,312.6,150.9,248.4,1320.0,94.2,1177.0,551.8,266.9,299.8,704.0,71.0,1434.0,1315.0,687.5,746.9,1910.0,83.5,1682.0,739.6,638.9,575.1,1514.0,75.9,1863.0,652.1,305.8,473.4,1108.0
2025-12-21,23,1,official_closing,closing_displayed,https://www.boatrace.jp/owpc/pc/race/odds3t?hd=20251221&jcd=23&rno=1,5.9,27.3,45.6,102.6,553.8,2685.0,7.8,29.2,32.5,103.1,556.6,3791.0,28.7,77.5,67.6,179.1,603.5,2930.0,185.1,279.5,486.8,739.2,2192.0,4883.0,7.1,51.6,73.7,160.9,835.0,3747.0,6.5,62.8,88.7,267.2,1176.0,5283.0,18.6,137.5,170.2,415.3,1401.0,4476.0,174.3,660.4,845.9,1304.0,2708.0,5755.0,13.8,81.6,72.0,159.4,928.8,4958.0,11.8,100.3,116.5,265.7,1413.0,5860.0,30.6,201.5,155.8,342.8,1259.0,4079.0,220.6,730.8,839.3,1513.0,4132.0,6198.0,66.1,326.8,254.5,311.1,931.5,4079.0,53.2,438.5,407.4,539.8,1407.0,5371.0,65.9,457.1,325.8,549.0,1513.0,5557.0,457.8,1714.0,1800.0,1263.0,3428.0,5036.0,648.5,1587.0,2163.0,2092.0,4958.0,6857.0,758.3,2079.0,2537.0,2641.0,4539.0,7674.0,705.2,2192.0,2441.0,3012.0,5462.0,7495.0,1092.0,2620.0,3428.0,2984.0,4476.0,6714.0
2025-12-21,23,2,official_closing,closing_displayed,https://www.boatrace.jp/owpc/pc/race/odds3t?hd=20251221&jcd=23&rno=2,5.7,55.9,22.9,848.9,2149.0,554.5,24.1,162.6,24.0,596.5,917.1,325.5,60.4,333.4,47.1,1258.0,2006.0,1169.0,27.1,153.7,17.1,956.8,2315.0,1870.0,4.0,111.5,81.3,1334.0,2829.0,919.6,7.4,444.9,245.7,2069.0,3941.0,1137.0,21.1,764.6,418.5,3598.0,5611.0,2163.0,6.6,396.0,173.6,2108.0,3598.0,3895.0,59.5,671.5,109.7,793.9,1190.0,395.5,38.7,965.2,323.3,1751.0,3245.0,815.4,154.4,2082.0,375.7,2283.0,3277.0,1385.0,96.5,1345.0,212.0,1445.0,3638.0,2082.0,176.5,1518.0,245.7,2095.0,3522.0,2691.0,85.0,2082.0,721.3,3895.0,6019.0,3941.0,227.5,2878.0,546.3,2606.0,4299.0,3413.0,234.4,2546.0,512.5,2283.0,3183.0,3559.0,57.1,587.0,73.5,1870.0,3895.0,3678.0,32.2,844.5,176.5,2434.0,3638.0,4138.0,107.9,1385.0,224.0,2399.0,4299.0,4414.0,238.0,2508.0,392.2,3065.0,4087.0,3988.0
2025-12-21,23,3,official_closing,closing_displayed,https://www.boatrace.jp/owpc/pc/race/odds3t?hd=20251221&jcd=23&rno=3,57.0,315.8,184.6,241.4,60.2,3095.0,69.5,372.7,57.6,107.8,14.6,2148.0,41.0,234.2,25.7,49.3,25.6,3212.0,251.3,885.4,195.9,232.1,46.1,1712.0,43.3,623.5,546.7,575.6,191.1,4381.0,15.2,1007.0,722.3,914.2,338.0,6487.0,6.4,725.5,523.0,406.4,391.3,4114.0,90.2,2575.0,1411.0,1273.0,469.8,5530.0,65.1,705.7,130.4,167.0,29.3,2656.0,26.8,1249.0,489.6,777.3,185.8,5530.0,16.8,851.9,101.5,120.9,65.7,3968.0,126.9,1961.0,393.6,528.7,115.6,2517.0,26.0,401.1,35.3,49.1,45.3,3968.0,6.4,717.7,251.9,170.8,205.7,5622.0,12.4,786.3,77.0,82.6,75.5,6133.0,36.0,1429.0,164.9,108.7,106.5,2698.0,553.9,2342.0,795.6,744.7,146.6,1561.0,354.3,5111.0,1712.0,1766.0,415.4,5035.0,435.8,3212.0,1010.0,1091.0,237.4,2057.0,257.1,3707.0,708.7,497.5,246.7,2190.0
2025-12-21,23,4,official_closing,closing_displayed,https://www.boatrace.jp/owpc/pc/race/odds3t?hd=20251221&jcd=23&rno=4,5.2,30.4,161.0,516.8,1013.0,41.9,12.1,52.5,340.6,1190.0,1116.0,73.7,28.0,109.7,405.2,1224.0,1634.0,151.1,4.8,20.6,138.9,607.9,769.5,230.6,12.4,148.2,279.8,825.2,1589.0,61.3,33.5,587.0,864.9,2711.0,2711.0,151.9,43.0,833.3,1158.0,2340.0,3349.0,298.9,14.2,200.5,342.6,1084.0,1788.0,504.6,40.3,308.3,885.1,1817.0,1642.0,251.7,58.9,862.7,1406.0,3285.0,3673.0,378.3,130.0,1284.0,2233.0,3754.0,4218.0,1135.0,47.9,439.7,1186.0,2588.0,2648.0,1345.0,84.7,741.1,1064.0,1827.0,2711.0,450.7,92.5,1699.0,2293.0,2423.0,4067.0,737.9,186.5,2009.0,2475.0,3713.0,5256.0,1485.0,84.1,1077.0,1453.0,1941.0,3193.0,1798.0,10.6,68.1,289.0,896.7,1116.0,645.8,18.4,187.2,440.2,1251.0,1699.0,1112.0,43.8,275.3,1084.0,2777.0,2135.0,1466.0,66.1,533.0,1251.0,2033.0,2733.0,2293.0
2025-12-21,23,5,official_closing,closing_displayed,https://www.boatrace.jp/owpc/pc/race/odds3t?hd=20251221&jcd=23&rno=5,26.5,215.7,60.3,503.1,1795.0,302.2,68.7,538.6,20.7,190.1,557.2,75.5,127.5,789.3,27.7,345.9,998.9,184.3,56.8,415.5,10.2,256.9,798.5,234.5,15.5,446.6,269.3,1254.0,3350.0,784.8,7.2,1340.0,530.3,1738.0,3231.0,991.7,12.7,1772.0,611.8,1727.0,4226.0,1526.0,4.0,921.8,374.7,1675.0,3924.0,1416.0,87.0,1327.0,89.8,287.9,704.3,97.7,28.2,2019.0,427.8,1226.0,2953.0,552.7,91.9,3052.0,224.2,617.3,1831.0,268.5,45.8,2270.0,110.2,411.2,1013.0,328.9,236.4,3086.0,175.9,621.5,1469.0,302.8,60.8,2985.0,732.5,1359.0,3270.0,934.3,184.9,4162.0,386.9,891.9,2081.0,388.0,111.3,3194.0,210.8,842.6,1819.0,459.3,47.3,1168.0,32.1,393.0,1492.0,634.4,10.1,1295.0,219.5,1189.0,3981.0,1501.0,33.5,2233.0,84.5,487.0,1484.0,660.3,44.1,2567.0,93.7,617.3,2146.0,738.4
2025-12-21,23,6,official_closing,closing_displayed,https://www.boatrace.jp/owpc/pc/race/odds3t?hd=20251221&jcd=23&rno=6,4.2,12.8,58.6,112.2,166.6,1850.0,9.8,26.5,112.5,203.6,261.8,2600.0,11.0,21.0,96.5,170.1,419.2,3927.0,60.9,107.7,298.3,353.1,590.3,3927.0,8.1,38.9,84.7,138.6,215.0,2830.0,16.6,111.8,220.4,282.1,432.4,2291.0,19.9,69.9,158.3,233.8,583.1,4183.0,70.9,319.1,510.4,630.9,886.8,4373.0,25.0,115.0,297.4,391.1,610.9,2566.0,31.6,198.8,357.7,434.4,672.9,2749.0,51.3,219.6,384.1,586.7,1029.0,4811.0,154.5,626.8,948.0,1057.0,1447.0,3318.0,36.1,83.7,296.5,170.7,543.6,4183.0,47.4,121.6,317.5,212.4,556.2,4009.0,85.3,283.4,447.5,403.4,890.9,4276.0,167.9,471.6,981.8,353.7,833.1,4276.0,366.5,791.9,1291.0,801.8,1327.0,4276.0,300.7,1241.0,1425.0,782.3,1577.0,4094.0,427.6,1688.0,1644.0,1527.0,1815.0,4582.0,390.3,1364.0,1850.0,851.5,2162.0,5064.0
2025-12-21,23,7,official_closing,closing_displayed,https://www.boatrace.jp/owpc/pc/race/odds3t?hd=20251221&jcd=23&rno=7,15.0,132.6,258.6,88.4,104.3,2066.0,8.8,79.1,200.1,252.4,186.6,2755.0,9.0,61.2,170.0,46.8,73.9,2156.0,66.5,304.2,623.8,207.0,151.9,1255.0,20.3,357.4,392.8,280.6,269.1,3099.0,16.0,701.0,796.7,1133.0,972.5,4613.0,15.2,691.2,595.7,313.9,474.6,4723.0,84.8,922.7,1820.0,982.1,766.0,4838.0,10.5,262.4,395.2,562.0,573.4,4723.0,16.3,803.2,803.2,1288.0,1263.0,5362.0,7.0,361.3,479.2,627.8,1033.0,4723.0,45.4,1038.0,1755.0,1612.0,1480.0,3815.0,13.5,255.0,442.8,60.8,101.3,2717.0,21.9,905.9,940.2,158.5,326.8,3967.0,10.7,469.0,740.2,428.5,706.0,5835.0,47.4,1195.0,1653.0,178.5,252.7,2229.0,264.8,1710.0,2576.0,729.3,438.9,1313.0,288.3,2961.0,2717.0,1387.0,1217.0,3890.0,198.5,2334.0,3199.0,2361.0,1626.0,3362.0,155.6,2794.0,3052.0,661.3,703.5,1837.0
2025-12-21,23,8,official_closing,closing_displayed,https://www.boatrace.jp/owpc/pc/race/odds3t?hd=20251221&jcd=23&rno=8,6.7,12.6,198.0,348.7,97.1,158.5,30.1,35.9,611.8,1133.0,308.0,539.1,11.0,14.2,432.3,643.0,527.8,961.0,6.4,8.8,393.8,1058.0,193.6,514.0,26.2,39.0,180.9,387.7,92.7,168.2,101.9,111.2,418.0,916.2,258.9,386.0,77.1,64.0,300.2,591.4,467.8,631.5,59.8,50.6,235.1,704.5,137.6,393.8,84.0,134.5,1098.0,1750.0,690.7,866.8,183.8,227.2,1010.0,1228.0,667.2,631.5,186.3,190.3,1786.0,2183.0,1498.0,1498.0,223.2,200.9,1414.0,1733.0,1040.0,1392.0,33.7,42.4,800.1,654.9,746.1,1437.0,101.2,76.1,654.9,581.6,768.8,1078.0,213.8,164.8,1272.0,1211.0,1668.0,1861.0,73.5,56.1,1058.0,1171.0,1524.0,1842.0,24.6,33.1,614.0,1700.0,377.8,803.7,78.5,60.1,418.0,1171.0,377.0,755.6,178.6,133.9,1084.0,2032.0,966.2,1637.0,67.9,60.1,940.5,1700.0,1381.0,1964.0
2025-12-21,23,9,official_closing,closing_displayed,https://www.boatrace.jp/owpc/pc/race/odds3t?hd=20251221&jcd=23&rno=9,14.9,24.5,181.5,48.6,349.7,687.4,6.2,9.1,219.3,150.7,928.2,1788.0,18.2,28.1,293.7,99.9,506.9,999.9,27.0,36.2,423.0,147.6,771.9,1496.0,34.4,75.4,203.7,47.9,359.4,650.8,43.3,50.0,118.0,91.2,606.0,1139.0,98.3,105.8,210.9,65.1,334.8,459.2,132.7,121.6,274.3,83.3,428.8,740.7,12.6,17.1,316.5,274.6,1062.0,2291.0,33.7,33.3,158.1,149.4,707.3,1864.0,41.6,29.4,340.0,340.5,777.3,1880.0,56.3,34.8,405.9,360.0,1189.0,2199.0,65.4,113.8,580.4,193.3,559.7,1242.0,194.6,193.1,360.0,124.5,361.8,582.0,113.2,98.5,533.9,390.7,1128.0,1833.0,200.9,147.2,535.2,225.8,758.6,1594.0,119.4,137.7,820.8,349.7,1062.0,1679.0,344.2,239.6,568.4,199.0,681.1,1004.0,195.7,110.4,748.2,588.2,1466.0,2056.0,292.9,173.3,794.2,395.6,1094.0,1594.0
2025-12-21,23,10,official_closing,closing_displayed,https://www.boatrace.jp/owpc/pc/race/odds3t?hd=20251221&jcd=23&rno=10,11.5,38.8,535.2,258.6,43.6,350.4,7.7,24.3,824.4,1198.0,233.0,1934.0,3.7,14.4,528.3,302.1,100.5,1411.0,17.0,39.5,890.1,468.8,80.9,522.7,34.4,145.8,665.8,352.9,69.4,417.8,95.7,422.1,1357.0,1671.0,444.2,1934.0,56.2,201.5,850.1,544.7,194.6,1507.0,142.7,456.6,1525.0,847.1,140.5,633.2,33.2,129.9,1471.0,2099.0,722.6,3779.0,133.8,580.8,1965.0,2641.0,830.0,3109.0,45.2,204.2,2532.0,2699.0,1420.0,5118.0,93.2,357.6,2699.0,2960.0,1210.0,4094.0,9.0,43.1,913.3,362.3,200.3,2155.0,47.9,166.7,1023.0,504.4,240.3,1767.0,30.6,111.5,2047.0,1793.0,890.1,1981.0,29.3,97.2,1904.0,559.6,271.1,2013.0,81.3,200.2,1718.0,850.1,171.8,594.8,231.3,998.7,2641.0,1137.0,210.5,625.1,174.7,566.0,3460.0,2729.0,662.2,2362.0,101.6,284.0,2729.0,1049.0,358.6,1498.0
2025-12-21,23,11,official_closing,closing_displayed,https://www.boatrace.jp/owpc/pc/race/odds3t?hd=20251221&jcd=23&rno=11,18.8,16.6,213.3,178.7,180.8,355.7,12.1,9.5,426.7,705.8,538.4,1865.0,11.8,9.1,308.3,293.7,529.7,1140.0,17.5,10.9,498.3,300.5,300.1,750.4,51.6,55.9,203.2,177.1,165.4,322.0,93.4,68.9,243.1,463.8,392.1,876.3,89.9,55.2,188.2,189.9,330.1,529.7,144.6,80.0,293.4,200.2,148.1,257.0,38.4,27.7,853.4,1427.0,725.4,2024.0,144.9,74.8,626.2,763.5,671.3,1788.0,85.8,36.4,963.6,1381.0,1788.0,2869.0,99.1,32.9,1140.0,1312.0,1652.0,2611.0,46.9,33.2,623.2,459.7,784.2,1622.0,157.9,74.8,493.6,280.8,521.2,856.2,150.7,48.6,1074.0,1061.0,1545.0,2637.0,97.3,28.2,985.4,331.8,549.7,1299.0,66.6,42.9,1360.0,694.5,404.2,709.6,286.9,118.7,1024.0,386.3,214.2,313.8,208.7,63.2,1592.0,1267.0,929.3,1663.0,144.3,42.4,1312.0,487.2,473.9,761.3
2025-12-21,23,12,official_closing,closing_displayed,https://www.boatrace.jp/owpc/pc/race/odds3t?hd=20251221&jcd=23&rno=12,8.8,37.3,128.6,49.6,157.5,2180.0,6.1,18.5,121.9,111.4,249.8,2593.0,14.8,33.7,148.6,70.2,184.6,2139.0,40.9,76.9,273.6,116.2,279.1,2152.0,15.0,127.9,255.2,81.0,264.5,2828.0,15.0,195.5,338.2,237.6,543.3,3083.0,24.2,244.4,393.4,154.3,450.9,2573.0,64.5,538.1,740.8,233.1,568.5,3029.0,9.6,45.4,305.0,309.4,599.4,3457.0,16.1,165.4,430.5,401.2,770.8,3602.0,18.9,106.2,486.1,441.6,893.6,3229.0,46.6,176.1,732.9,623.4,1337.0,3934.0,39.7,155.5,402.6,102.2,249.1,2480.0,47.2,349.9,588.1,143.6,330.0,2251.0,49.1,272.2,679.1,286.1,640.9,3845.0,92.7,439.9,937.7,153.4,346.7,2498.0,200.7,659.4,1267.0,333.6,758.9,2695.0,247.6,1374.0,1901.0,446.2,969.6,3229.0,221.3,886.7,2049.0,866.5,1737.0,3602.0,241.0,940.3,1830.0,400.3,889.0,2480.0
