date,jcd,rno,source_type,snapshot_type,source_url,odds_mapping_version,1-2-3,1-2-4,1-2-5,1-2-6,1-3-2,1-3-4,1-3-5,1-3-6,1-4-2,1-4-3,1-4-5,1-4-6,1-5-2,1-5-3,1-5-4,1-5-6,1-6-2,1-6-3,1-6-4,1-6-5,2-1-3,2-1-4,2-1-5,2-1-6,2-3-1,2-3-4,2-3-5,2-3-6,2-4-1,2-4-3,2-4-5,2-4-6,2-5-1,2-5-3,2-5-4,2-5-6,2-6-1,2-6-3,2-6-4,2-6-5,3-1-2,3-1-4,3-1-5,3-1-6,3-2-1,3-2-4,3-2-5,3-2-6,3-4-1,3-4-2,3-4-5,3-4-6,3-5-1,3-5-2,3-5-4,3-5-6,3-6-1,3-6-2,3-6-4,3-6-5,4-1-2,4-1-3,4-1-5,4-1-6,4-2-1,4-2-3,4-2-5,4-2-6,4-3-1,4-3-2,4-3-5,4-3-6,4-5-1,4-5-2,4-5-3,4-5-6,4-6-1,4-6-2,4-6-3,4-6-5,5-1-2,5-1-3,5-1-4,5-1-6,5-2-1,5-2-3,5-2-4,5-2-6,5-3-1,5-3-2,5-3-4,5-3-6,5-4-1,5-4-2,5-4-3,5-4-6,5-6-1,5-6-2,5-6-3,5-6-4,6-1-2,6-1-3,6-1-4,6-1-5,6-2-1,6-2-3,6-2-4,6-2-5,6-3-1,6-3-2,6-3-4,6-3-5,6-4-1,6-4-2,6-4-3,6-4-5,6-5-1,6-5-2,6-5-3,6-5-4
2025-11-07,02,1,official_closing,closing_displayed,https://www.boatrace.jp/owpc/pc/race/odds3t?hd=20251107&jcd=02&rno=1,official_table_v2,22.1,33.1,56.5,103.3,25.8,22.2,35.5,110.8,50.4,38.0,65.0,125.9,114.6,79.7,114.5,203.6,276.1,280.3,251.0,366.9,26.0,33.9,47.6,90.5,39.3,30.1,42.6,85.2,55.1,47.1,65.0,83.1,92.5,91.6,99.8,167.8,198.4,206.2,176.7,260.0,46.4,29.4,42.7,83.3,47.8,32.0,44.7,96.0,37.8,38.8,45.6,67.9,72.5,73.6,65.4,106.6,165.3,267.1,136.1,227.3,80.1,85.3,83.9,135.2,78.7,75.8,78.8,101.4,86.2,82.8,79.3,128.3,97.8,92.1,100.1,102.6,204.4,180.4,224.5,194.1,169.0,139.6,185.8,208.1,136.9,165.6,176.4,162.3,139.9,192.3,155.2,204.0,178.9,179.6,172.5,199.2,255.1,331.9,301.0,303.4,575.2,625.0,568.2,905.9,582.3,554.8,396.4,715.7,797.9,732.5,516.5,648.8,721.2,410.3,612.8,660.3,1019.0,868.1,724.0,768.5
2025-11-07,02,2,official_closing,closing_displayed,https://www.boatrace.jp/owpc/pc/race/odds3t?hd=20251107&jcd=02&rno=2,official_table_v2,328.9,375.6,432.2,362.9,173.6,45.8,155.4,38.5,233.1,67.6,258.3,77.6,530.9,451.5,644.3,427.9,220.5,38.8,59.0,185.9,490.1,403.8,649.2,593.2,569.6,310.5,782.0,355.4,399.1,359.9,593.2,309.4,757.8,778.4,796.4,792.8,515.0,381.4,289.6,705.0,170.6,49.4,103.7,38.0,313.3,156.9,265.9,163.8,43.1,83.7,47.9,13.9,193.0,271.3,108.8,77.3,30.1,74.8,14.0,33.3,323.3,96.4,236.9,101.9,423.7,233.1,464.9,238.9,83.3,134.5,75.3,25.0,297.1,397.3,130.2,102.7,72.5,115.7,25.2,54.0,807.7,549.6,699.3,362.9,977.5,988.7,1018.0,556.7,451.5,815.3,282.5,162.6,627.8,940.1,317.4,203.8,209.5,270.0,118.7,142.6,124.3,31.2,44.8,66.2,195.9,124.1,140.0,130.2,26.5,55.5,14.7,25.5,51.4,84.9,19.1,39.4,58.3,82.8,32.2,43.9
2025-11-07,02,3,official_closing,closing_displayed,https://www.boatrace.jp/owpc/pc/race/odds3t?hd=20251107&jcd=02&rno=3,official_table_v2,35.4,48.8,120.5,326.2,28.2,20.0,100.3,205.4,61.6,32.1,143.0,281.6,205.2,243.0,298.4,862.1,1134.0,799.5,714.4,1498.0,42.6,55.4,148.3,339.9,36.2,18.2,50.3,129.6,62.4,30.0,85.6,188.1,196.3,136.5,171.4,629.8,1002.0,517.8,533.9,989.2,23.7,16.9,64.6,149.6,28.1,12.8,35.1,95.3,16.8,12.3,16.9,53.7,120.2,85.3,58.9,226.6,440.9,319.4,224.6,448.5,89.9,50.0,124.8,250.5,85.2,35.2,96.7,199.1,35.4,27.8,36.8,78.8,127.9,114.7,76.0,240.7,470.4,447.2,315.5,449.9,370.9,496.1,602.8,1390.0,360.5,352.3,530.3,982.9,456.5,340.6,269.7,593.5,479.2,443.4,278.0,637.6,1733.0,1527.0,1118.0,1177.0,2338.0,1837.0,1079.0,3149.0,2411.0,1624.0,1455.0,2204.0,1714.0,1483.0,756.4,1118.0,1773.0,1695.0,881.8,1512.0,2660.0,3588.0,1402.0,1753.0
2025-11-07,02,4,official_closing,closing_displayed,https://www.boatrace.jp/owpc/pc/race/odds3t?hd=20251107&jcd=02&rno=4,official_table_v2,23.8,48.1,117.6,101.5,17.1,20.0,49.7,46.4,54.7,42.6,131.6,110.6,205.9,170.9,238.2,299.5,294.0,216.8,267.9,494.1,37.2,64.4,150.2,137.9,31.4,25.9,46.9,37.7,99.5,49.0,169.7,123.2,398.3,179.7,310.6,405.9,414.6,175.4,295.9,513.8,22.0,24.9,59.1,43.1,22.8,16.2,37.0,24.7,30.2,21.3,49.9,34.8,136.2,89.3,103.9,118.7,127.7,84.5,87.1,197.5,99.8,78.8,187.4,138.5,117.1,37.9,103.9,76.1,69.5,32.0,83.4,58.8,223.6,142.6,151.9,172.3,258.6,155.9,143.2,261.1,518.0,494.1,657.2,907.1,878.2,375.1,726.4,847.4,487.9,412.8,509.8,558.4,601.9,601.9,536.7,558.4,1192.0,1006.0,911.4,811.8,1390.0,795.1,798.4,1665.0,1262.0,509.8,1061.0,1238.0,631.4,452.5,535.2,970.9,1033.0,995.9,700.0,1238.0,2327.0,1971.0,1410.0,1067.0
2025-11-07,02,5,official_closing,closing_displayed,https://www.boatrace.jp/owpc/pc/race/odds3t?hd=20251107&jcd=02&rno=5,official_table_v2,21.7,73.4,32.3,107.4,29.3,81.1,45.0,147.4,192.1,194.7,229.5,393.8,80.6,105.6,225.6,251.7,342.9,396.7,602.6,506.7,14.4,42.1,17.8,60.2,17.1,20.1,8.8,27.7,99.3,46.8,49.1,116.6,29.3,15.5,39.0,41.4,157.6,83.0,171.8,83.2,50.5,128.4,62.8,160.7,41.2,35.2,21.3,50.2,173.5,78.2,108.4,173.3,95.7,40.9,97.4,107.3,358.3,156.2,308.9,204.2,407.9,539.3,548.6,833.0,465.2,226.3,246.6,503.5,518.2,238.9,355.9,566.2,644.1,307.7,482.1,543.0,1252.0,860.0,914.4,964.3,176.7,264.7,509.9,430.0,136.8,70.2,160.8,169.0,230.9,98.1,311.3,291.4,779.9,315.0,544.8,611.9,623.9,315.6,508.3,768.6,486.5,772.3,1223.0,552.4,437.1,330.1,729.8,261.2,820.1,386.1,803.5,483.6,1940.0,1252.0,1337.0,1544.0,941.4,388.0,707.1,1169.0
2025-11-07,02,6,official_closing,closing_displayed,https://www.boatrace.jp/owpc/pc/race/odds3t?hd=20251107&jcd=02&rno=6,official_table_v2,28.6,39.3,88.5,16.7,72.3,186.6,267.8,94.6,99.3,208.3,345.0,103.9,223.6,426.2,687.3,267.4,23.8,66.7,77.3,148.8,28.8,33.1,89.4,12.7,54.0,73.8,121.7,29.5,69.0,88.4,171.6,37.5,216.2,232.4,266.2,106.4,14.5,21.9,24.4,54.3,139.6,306.2,299.5,166.0,121.5,144.7,203.1,64.6,666.6,260.0,732.7,369.4,886.6,414.3,856.7,518.5,175.4,81.1,259.6,298.0,189.0,475.4,659.2,200.1,164.5,280.1,416.2,96.7,806.0,442.2,974.3,459.4,938.2,573.9,1198.0,559.4,175.9,95.5,284.6,328.4,813.4,1266.0,1453.0,852.5,914.1,856.7,1206.0,422.2,1231.0,969.0,1847.0,979.7,1333.0,1182.0,2038.0,958.5,745.1,383.8,806.0,900.1,16.7,53.3,62.1,113.1,13.9,21.6,27.6,48.3,88.7,49.4,141.1,162.1,114.2,60.1,168.5,175.4,211.6,127.2,271.9,256.2
2025-11-07,02,7,official_closing,closing_displayed,https://www.boatrace.jp/owpc/pc/race/odds3t?hd=20251107&jcd=02&rno=7,official_table_v2,27.0,47.3,13.0,96.1,29.0,42.7,11.2,80.4,64.6,64.8,22.7,105.1,8.4,7.2,12.9,20.3,255.0,211.4,262.7,91.9,160.4,317.2,94.9,440.9,219.5,634.4,299.5,812.9,555.4,934.6,609.6,1200.0,132.7,270.0,478.7,669.8,1114.0,1814.0,1858.0,1209.0,144.2,197.5,61.2,354.7,227.5,369.8,196.0,609.6,368.1,486.2,302.4,725.9,83.5,207.5,220.7,380.6,1076.0,1609.0,1106.0,1114.0,222.6,250.9,73.4,220.4,578.0,743.2,396.1,684.5,536.3,722.5,409.6,750.3,66.3,198.8,215.8,153.3,580.2,1069.0,1099.0,427.6,20.5,18.8,30.1,27.9,69.0,130.7,198.8,186.2,55.7,139.6,165.5,166.9,55.7,173.2,171.8,118.4,72.6,214.9,211.7,208.9,1147.0,1182.0,975.4,411.8,1880.0,2691.0,3001.0,1734.0,1696.0,2787.0,1773.0,2167.0,1322.0,2558.0,2558.0,1047.0,376.0,1164.0,1219.0,839.1
2025-11-07,02,8,official_closing,closing_displayed,https://www.boatrace.jp/owpc/pc/race/odds3t?hd=20251107&jcd=02&rno=8,official_table_v2,33.5,115.1,39.4,163.4,19.9,37.8,6.8,48.0,190.1,106.2,97.0,266.4,36.5,12.6,70.0,66.6,430.2,259.7,558.0,290.0,89.8,260.6,117.7,343.0,91.9,192.5,85.8,326.3,469.5,412.9,441.3,789.8,200.5,144.0,364.1,425.4,933.4,911.3,1480.0,1092.0,27.8,36.7,7.7,53.2,57.0,119.2,45.8,193.2,84.0,159.7,54.6,205.6,11.7,28.6,31.8,32.5,205.6,394.9,373.8,133.0,529.2,250.8,254.9,496.8,911.3,641.7,560.0,747.6,255.4,417.3,162.4,399.0,272.1,556.0,214.2,433.8,890.2,1272.0,793.8,729.9,84.7,24.1,161.1,115.8,176.2,120.6,458.3,394.9,24.6,64.9,99.4,79.8,310.5,513.3,205.3,504.9,298.4,364.9,199.5,552.0,1692.0,1124.0,1974.0,1084.0,2702.0,3276.0,3949.0,2852.0,1069.0,2169.0,1621.0,703.2,2655.0,2800.0,2444.0,2264.0,1077.0,1587.0,703.2,1711.0
2025-11-07,02,9,official_closing,closing_displayed,https://www.boatrace.jp/owpc/pc/race/odds3t?hd=20251107&jcd=02&rno=9,official_table_v2,10.7,44.8,20.5,36.6,6.5,21.1,6.7,19.3,75.3,48.8,75.7,107.9,27.9,17.8,68.5,50.5,82.2,55.5,144.7,105.8,51.3,143.1,100.9,169.0,85.8,268.8,169.6,225.6,416.1,456.8,673.5,653.3,275.6,279.2,544.4,445.9,417.4,412.1,777.7,610.5,25.3,47.4,22.2,43.3,64.3,169.9,95.4,145.5,152.8,266.1,221.8,240.1,51.7,88.4,143.2,108.9,146.3,232.5,270.5,224.5,342.0,243.3,296.9,315.6,546.7,656.6,573.0,518.5,279.2,585.9,409.6,424.2,386.5,508.4,420.1,442.9,695.0,717.9,659.9,721.9,136.1,84.0,242.4,180.2,275.0,342.9,531.1,475.1,118.8,252.2,364.9,249.8,373.3,560.7,468.3,498.7,307.4,425.6,394.7,637.3,204.1,150.5,403.2,335.9,413.4,549.0,1062.0,888.8,210.4,441.4,653.3,466.6,901.1,1405.0,1071.0,1293.0,496.8,714.0,634.2,1028.0
2025-11-07,02,10,official_closing,closing_displayed,https://www.boatrace.jp/owpc/pc/race/odds3t?hd=20251107&jcd=02&rno=10,official_table_v2,7.9,21.9,14.1,19.1,13.7,40.5,22.0,31.9,48.1,69.7,71.0,57.5,30.9,43.5,95.7,56.7,44.9,67.7,87.0,72.7,24.9,57.3,36.3,49.9,50.9,120.5,73.0,94.8,161.4,249.7,267.0,232.3,119.9,162.3,303.3,212.2,176.6,283.0,344.9,325.1,57.0,126.8,73.4,105.6,63.2,183.1,120.0,176.3,273.9,289.5,355.1,379.0,155.9,155.9,311.6,220.7,255.3,284.6,420.5,368.0,91.2,141.4,94.6,93.2,147.4,291.5,207.8,186.0,299.7,399.0,398.2,395.1,102.3,152.4,253.4,97.3,135.2,190.0,328.2,134.4,94.1,122.5,164.0,114.9,137.5,232.6,316.5,238.8,260.9,296.6,541.2,352.1,182.8,267.0,431.2,173.0,176.2,249.4,376.2,237.7,93.3,137.4,159.1,127.5,135.8,246.9,285.0,251.5,301.0,360.8,532.7,430.2,237.4,376.2,578.2,259.6,210.4,306.9,438.6,295.8
2025-11-07,02,11,official_closing,closing_displayed,https://www.boatrace.jp/owpc/pc/race/odds3t?hd=20251107&jcd=02&rno=11,official_table_v2,12.3,8.7,13.0,45.2,18.7,20.1,27.7,64.1,13.1,24.8,21.3,48.5,26.6,49.4,37.8,72.6,158.2,181.2,157.0,188.1,34.2,21.2,32.4,98.9,90.4,121.9,133.5,365.2,50.1,125.0,81.2,229.2,96.6,216.2,130.1,354.4,417.1,699.0,539.2,653.7,94.0,84.0,100.8,238.0,152.2,172.7,186.3,365.7,137.9,165.0,188.1,353.4,290.4,255.9,332.0,448.2,858.3,931.2,704.9,978.1,45.3,106.8,51.6,125.3,69.0,193.5,85.2,200.2,216.9,255.1,245.2,377.7,66.8,76.0,201.7,118.8,313.0,350.4,525.7,287.7,105.2,196.0,122.5,207.5,149.4,340.1,191.6,366.2,396.7,473.4,488.1,630.8,134.8,166.0,439.6,233.0,453.0,562.0,867.2,435.8,776.4,1475.0,898.0,1097.0,894.8,1467.0,1030.0,1349.0,2102.0,2194.0,1716.0,2294.0,1219.0,1111.0,1716.0,941.6,1409.0,1926.0,2138.0,934.6
2025-11-07,02,12,official_closing,closing_displayed,https://www.boatrace.jp/owpc/pc/race/odds3t?hd=20251107&jcd=02&rno=12,official_table_v2,13.5,7.9,16.4,23.0,25.0,24.6,39.7,49.6,12.4,23.5,20.0,26.3,37.9,66.4,41.0,64.4,56.5,87.7,57.4,83.9,50.8,29.8,50.7,67.8,138.9,137.5,192.6,224.2,68.7,135.3,96.1,128.4,171.7,315.1,191.5,286.9,259.3,466.3,287.7,345.1,140.3,134.8,169.9,224.3,224.3,223.1,283.6,369.4,186.0,215.9,198.1,263.6,299.2,327.9,318.6,467.7,469.1,541.8,409.3,531.7,45.1,91.4,49.1,72.8,84.9,185.0,126.8,159.5,182.4,215.3,198.6,229.2,77.0,113.5,209.3,94.9,143.4,235.9,405.1,150.9,105.7,172.4,113.4,176.7,148.7,299.5,215.4,357.3,317.3,387.6,404.1,560.1,148.6,214.8,326.8,232.3,352.9,497.3,665.5,361.8,308.3,572.3,311.9,394.4,479.8,1215.0,529.0,807.1,1124.0,1520.0,1239.0,1333.0,416.9,567.2,1049.0,447.1,600.7,821.9,1295.0,545.5
2025-11-07,03,1,official_closing,closing_displayed,https://www.boatrace.jp/owpc/pc/race/odds3t?hd=20251107&jcd=03&rno=1,official_table_v2,17.3,49.3,33.9,209.2,24.6,53.9,35.1,276.1,106.0,113.0,135.0,458.1,63.9,67.3,118.3,363.5,606.3,746.0,650.6,766.1,16.6,36.6,25.1,194.4,14.2,17.1,12.4,117.6,53.8,34.8,48.7,262.9,37.3,25.5,50.8,217.8,556.6,525.8,705.4,627.7,29.7,73.6,37.3,293.8,20.6,31.1,18.7,156.4,78.0,55.4,58.9,365.3,44.8,31.1,62.6,208.3,843.1,691.7,890.6,430.5,223.3,270.3,253.1,561.0,214.6,171.2,175.0,627.7,261.4,179.0,205.3,734.5,278.8,212.0,229.8,520.0,1272.0,1228.0,1469.0,962.8,112.9,125.5,208.9,427.9,91.6,76.0,156.9,372.0,114.9,86.4,164.3,394.7,202.1,211.1,189.7,603.8,890.6,1017.0,572.2,1071.0,1149.0,791.6,1158.0,1410.0,1357.0,1261.0,1619.0,1583.0,1122.0,1532.0,1063.0,1295.0,1601.0,1826.0,1696.0,1532.0,1439.0,1565.0,1759.0,1357.0
2025-11-07,03,2,official_closing,closing_displayed,https://www.boatrace.jp/owpc/pc/race/odds3t?hd=20251107&jcd=03&rno=2,official_table_v2,20.4,10.4,48.9,226.2,31.7,21.8,64.1,333.9,10.6,17.1,31.9,186.2,125.9,148.8,107.0,372.4,831.7,1187.0,652.1,1477.0,38.3,20.6,78.2,347.2,67.9,53.1,140.3,571.6,28.1,41.3,71.6,266.6,164.7,220.8,143.6,598.7,754.9,1446.0,1028.0,841.8,63.2,49.0,94.4,396.8,80.1,63.6,145.3,394.6,41.9,44.9,50.5,175.1,149.0,190.2,99.0,349.8,628.5,868.1,617.3,622.9,15.9,30.9,33.1,183.9,24.8,40.4,51.6,204.8,49.6,45.3,53.3,232.6,39.9,44.7,56.7,114.4,461.4,452.4,609.2,349.8,326.0,445.2,257.2,852.1,377.4,499.6,305.2,1013.0,475.7,505.1,247.6,951.4,192.1,198.1,206.0,487.3,1348.0,1432.0,1389.0,1068.0,2204.0,1803.0,1348.0,2572.0,2277.0,3968.0,2170.0,2572.0,4209.0,4340.0,2073.0,3156.0,1852.0,1780.0,2240.0,1560.0,2204.0,2834.0,2778.0,1827.0
2025-11-07,03,3,official_closing,closing_displayed,https://www.boatrace.jp/owpc/pc/race/odds3t?hd=20251107&jcd=03&rno=3,official_table_v2,45.2,67.8,110.7,161.8,37.8,12.5,22.6,111.9,47.4,17.7,33.4,136.5,123.5,62.3,69.8,267.3,749.0,625.0,489.0,1060.0,103.9,114.8,196.6,536.2,97.0,98.2,184.3,542.4,112.2,128.4,215.9,558.4,449.4,367.2,335.8,1037.0,1225.0,1367.0,1292.0,1685.0,45.4,12.0,23.0,107.4,69.6,66.1,97.7,272.7,13.0,33.7,18.0,80.6,52.6,106.6,41.6,232.4,343.1,551.9,291.2,474.2,66.3,21.3,32.6,177.0,91.3,80.2,100.1,421.3,21.4,51.7,20.2,119.6,38.2,64.6,26.1,121.6,425.1,693.9,353.4,383.6,512.9,169.7,189.5,604.9,731.6,545.5,496.7,1194.0,162.1,377.5,126.3,558.4,165.8,297.7,118.5,360.2,1110.0,1275.0,1072.0,925.2,2419.0,1498.0,1014.0,2775.0,2550.0,2419.0,2775.0,2621.0,1747.0,2194.0,835.2,1150.0,1522.0,2949.0,983.1,2008.0,2859.0,3629.0,2097.0,1926.0
2025-11-07,03,4,official_closing,closing_displayed,https://www.boatrace.jp/owpc/pc/race/odds3t?hd=20251107&jcd=03&rno=4,official_table_v2,21.0,20.3,45.0,14.3,35.7,51.0,86.3,36.0,33.2,67.2,84.6,33.5,95.9,136.1,126.2,86.4,24.8,52.5,39.1,68.5,39.1,32.5,72.1,19.2,67.9,79.6,134.6,56.1,54.6,94.0,124.4,38.7,174.4,257.6,233.0,140.6,31.2,58.8,43.7,89.1,104.7,163.1,207.1,104.6,112.7,122.5,199.7,89.6,166.4,139.5,199.0,102.6,358.4,338.2,353.5,250.2,133.3,115.8,135.4,203.4,90.1,184.9,159.3,67.8,94.1,144.0,143.5,62.5,220.6,175.3,237.6,119.5,180.8,182.7,215.4,90.2,71.8,59.3,109.9,81.7,299.4,492.5,391.5,255.9,378.3,563.4,591.0,373.8,666.5,658.1,644.5,453.9,463.3,486.4,604.7,217.8,310.1,322.2,439.9,231.6,58.8,151.6,121.9,204.4,55.2,117.4,89.1,171.9,258.4,210.8,269.5,422.1,159.6,122.6,274.3,202.3,322.9,318.9,506.8,232.7
2025-11-07,03,5,official_closing,closing_displayed,https://www.boatrace.jp/owpc/pc/race/odds3t?hd=20251107&jcd=03&rno=5,official_table_v2,15.0,35.0,34.0,170.5,12.7,25.9,27.7,151.3,57.6,53.4,81.6,215.9,67.1,68.5,130.0,281.3,502.5,549.5,553.8,702.6,23.1,42.9,37.4,161.9,22.5,30.8,27.7,134.3,74.9,63.7,90.5,274.7,70.9,62.9,107.2,256.7,622.1,497.2,739.4,720.5,18.1,31.7,28.2,135.0,20.4,26.2,22.4,143.6,47.0,39.7,46.2,166.7,59.2,38.0,67.3,193.2,429.2,379.6,366.8,392.3,111.5,108.1,115.1,318.0,145.8,96.8,112.8,435.8,111.6,80.4,79.3,300.4,143.5,120.2,107.7,273.7,755.2,669.3,560.4,543.1,190.0,177.4,339.4,483.6,188.3,123.6,290.5,477.1,176.0,117.9,217.2,452.6,376.6,323.1,226.3,588.4,816.3,616.7,590.9,980.7,1371.0,1858.0,1502.0,2139.0,1518.0,1586.0,1961.0,1722.0,1765.0,1455.0,1371.0,1858.0,2017.0,2206.0,2017.0,2139.0,2393.0,2107.0,1858.0,2139.0
2025-11-07,03,6,official_closing,closing_displayed,https://www.boatrace.jp/owpc/pc/race/odds3t?hd=20251107&jcd=03&rno=6,official_table_v2,24.4,164.1,40.8,20.6,33.9,248.7,50.5,20.2,354.9,442.5,607.0,383.6,66.0,81.6,554.2,53.2,29.1,24.3,192.8,41.2,31.0,158.9,47.6,23.6,44.1,212.1,49.8,23.7,352.8,438.3,576.7,279.6,87.0,73.0,441.5,47.6,32.1,26.9,171.1,46.3,83.8,418.4,91.4,56.4,84.9,286.1,71.8,45.8,723.7,559.2,647.5,404.7,131.1,89.3,599.1,74.1,60.6,52.8,382.0,65.2,846.5,1356.0,866.4,668.6,956.2,986.8,781.9,584.0,1356.0,1308.0,1246.0,831.3,1098.0,1222.0,1488.0,627.7,846.5,680.9,891.5,707.0,116.9,176.9,647.5,69.5,143.5,134.1,489.5,64.2,226.1,156.5,831.3,105.2,1139.0,966.2,1318.0,659.1,55.0,46.6,64.7,323.7,43.2,56.7,264.0,74.3,39.0,37.7,200.1,47.9,76.0,57.7,389.3,72.8,507.0,459.0,566.1,609.0,66.3,46.8,62.1,294.8
2025-11-07,03,7,official_closing,closing_displayed,https://www.boatrace.jp/owpc/pc/race/odds3t?hd=20251107&jcd=03&rno=7,official_table_v2,67.4,48.2,35.3,27.3,93.8,66.0,49.0,40.4,48.2,63.9,25.3,17.9,47.6,66.7,35.1,18.4,27.3,45.1,20.9,17.3,251.9,182.2,138.7,103.1,502.4,547.4,552.3,521.0,305.1,559.1,344.0,274.1,229.2,437.6,333.4,183.2,173.8,501.0,322.3,219.8,304.1,181.2,132.1,138.5,530.0,491.6,473.8,467.8,262.7,534.6,244.8,201.5,200.2,419.6,291.1,198.2,203.5,460.7,209.8,202.8,140.3,169.8,56.9,44.4,315.1,554.0,297.2,206.5,307.7,518.0,284.7,225.5,65.7,155.5,202.6,34.7,50.0,124.3,145.6,40.6,98.0,125.1,79.4,33.7,177.1,533.1,375.8,137.6,256.4,684.3,550.7,209.8,99.2,289.2,371.9,56.2,32.9,78.1,112.0,43.6,60.1,134.3,57.6,34.1,124.0,373.5,252.2,142.6,257.2,585.9,336.5,272.5,82.8,197.8,240.9,69.3,39.8,92.0,146.3,58.6
2025-11-07,03,8,official_closing,closing_displayed,https://www.boatrace.jp/owpc/pc/race/odds3t?hd=20251107&jcd=03&rno=8,official_table_v2,33.1,31.7,165.5,104.6,17.2,6.1,68.4,26.8,17.8,7.2,46.6,21.0,258.8,204.5,150.3,210.3,171.7,100.1,76.8,279.2,189.9,157.4,604.0,365.1,323.4,359.1,1142.0,886.0,183.9,293.5,803.3,392.5,1235.0,1460.0,1535.0,1585.0,848.6,1361.0,964.0,1897.0,81.8,24.2,146.1,78.4,253.4,245.9,743.8,494.8,39.5,157.4,210.3,112.5,339.4,860.7,506.3,405.7,230.6,721.5,355.9,471.6,28.4,15.7,32.7,19.9,82.9,132.4,183.4,133.0,30.6,81.4,120.1,70.5,45.0,83.7,91.4,48.1,37.4,78.5,73.3,54.6,639.2,522.7,344.7,454.7,1211.0,1199.0,1085.0,1261.0,857.6,1585.0,863.8,930.5,269.8,517.1,444.6,247.9,651.3,1211.0,873.2,398.3,741.5,547.7,292.8,930.5,1281.0,2008.0,1120.0,2386.0,772.4,1853.0,755.5,1639.0,288.9,734.7,545.2,464.3,1158.0,2095.0,1650.0,550.2
2025-11-07,03,9,official_closing,closing_displayed,https://www.boatrace.jp/owpc/pc/race/odds3t?hd=20251107&jcd=03&rno=9,official_table_v2,8.5,14.1,24.3,17.3,11.6,10.7,20.8,14.2,20.4,17.1,30.1,24.6,54.2,46.3,66.0,56.9,43.6,33.5,50.4,70.2,69.4,82.5,125.9,95.4,156.8,256.3,431.6,317.2,200.1,388.7,540.1,426.3,383.6,715.8,884.9,679.9,264.8,510.4,601.0,622.2,66.9,52.8,79.5,60.7,136.6,248.3,327.3,267.6,108.9,217.6,196.9,177.8,199.6,403.8,412.4,288.6,149.1,317.2,296.4,316.1,91.7,72.9,98.9,78.0,222.6,297.9,388.7,355.0,149.6,317.8,282.2,207.4,169.8,379.5,345.2,245.9,164.7,321.9,285.8,248.0,320.7,279.9,294.4,258.9,652.2,1012.0,1136.0,893.9,456.2,1121.0,889.3,786.1,425.3,1054.0,804.1,654.6,524.1,1087.0,989.3,830.6,225.1,174.8,256.7,293.4,377.8,752.5,917.1,789.6,308.4,626.6,555.5,598.9,472.1,1093.0,772.3,696.0,800.4,1630.0,1600.0,1420.0
2025-11-07,03,10,official_closing,closing_displayed,https://www.boatrace.jp/owpc/pc/race/odds3t?hd=20251107&jcd=03&rno=10,official_table_v2,59.2,34.0,48.6,44.3,65.2,28.5,40.3,39.7,26.8,22.5,19.0,11.2,78.9,57.8,35.7,44.2,50.6,50.1,17.8,41.8,131.2,89.3,137.0,116.1,228.6,235.5,313.8,382.5,127.0,253.3,182.3,160.1,293.3,451.9,322.4,431.9,236.4,532.0,233.6,418.0,268.4,110.7,177.8,147.2,381.2,336.3,511.1,443.3,151.6,377.5,242.3,171.6,310.4,672.7,357.9,361.2,235.0,576.6,252.8,390.1,57.2,55.1,30.8,19.3,110.9,196.7,119.9,106.3,114.9,247.4,118.3,108.9,41.5,108.3,95.3,37.3,22.4,75.4,81.5,36.3,310.4,245.9,115.4,149.1,517.9,807.2,455.4,676.6,515.6,1232.0,475.8,661.3,96.1,253.3,247.4,91.3,194.1,361.2,371.6,157.1,118.8,125.1,45.3,130.3,274.1,636.1,278.0,597.2,315.5,713.7,289.7,603.3,57.1,198.7,202.1,129.7,237.4,571.0,582.3,190.9
2025-11-07,03,11,official_closing,closing_displayed,https://www.boatrace.jp/owpc/pc/race/odds3t?hd=20251107&jcd=03&rno=11,official_table_v2,6.3,8.1,19.3,14.2,17.9,30.3,65.9,47.3,21.4,40.2,58.0,37.7,82.3,136.3,121.1,141.3,39.0,88.8,70.2,162.8,14.6,15.7,32.4,20.4,52.4,98.4,212.7,94.9,43.4,111.7,152.9,71.5,178.4,332.3,309.6,281.1,72.3,160.3,119.7,235.3,107.1,161.5,251.9,190.5,97.2,231.7,367.6,154.8,234.8,332.3,391.1,401.6,675.5,497.7,587.7,556.3,366.3,362.4,515.0,671.2,83.6,148.2,185.1,112.4,103.4,258.7,259.4,145.9,270.9,422.9,481.6,336.6,299.8,342.2,452.3,226.6,191.2,196.6,428.1,316.2,454.3,839.0,712.5,693.5,615.6,920.6,788.1,866.9,1000.0,1529.0,1155.0,832.2,764.9,806.4,1316.0,839.0,866.9,928.9,1333.0,896.8,104.5,350.2,249.4,515.0,149.0,448.4,278.9,702.9,819.1,963.3,1061.0,1368.0,424.6,375.5,1223.0,1019.0,1195.0,1444.0,1600.0,1195.0
2025-11-07,03,12,official_closing,closing_displayed,https://www.boatrace.jp/owpc/pc/race/odds3t?hd=20251107&jcd=03&rno=12,official_table_v2,17.5,24.7,21.8,53.4,16.3,18.0,12.1,33.2,32.8,28.3,28.5,60.9,32.8,19.2,36.9,40.1,120.9,113.0,137.3,89.5,71.6,89.8,80.6,137.7,142.6,205.9,163.6,239.8,162.6,240.6,164.0,271.0,172.8,232.6,224.6,328.8,398.5,600.2,548.1,440.7,58.6,42.8,23.9,61.4,121.0,167.6,118.6,217.1,76.6,137.3,62.3,118.0,46.1,93.8,75.7,78.6,164.3,260.9,225.7,152.1,110.8,108.1,71.5,128.9,181.0,242.4,166.5,276.3,144.4,240.4,115.0,197.0,92.5,140.1,126.0,123.8,278.3,401.0,412.8,243.6,109.3,63.7,99.2,89.5,215.7,263.0,292.9,337.9,83.7,195.4,164.5,140.2,147.8,247.0,207.2,190.7,160.5,300.5,245.5,250.8,425.4,479.6,670.1,290.7,724.7,1144.0,1270.0,893.5,520.4,931.8,663.3,517.6,862.0,770.4,1013.0,647.9,413.7,686.6,568.8,559.1
2025-11-07,06,1,official_closing,closing_displayed,https://www.boatrace.jp/owpc/pc/race/odds3t?hd=20251107&jcd=06&rno=1,official_table_v2,16.1,9.5,13.3,67.6,20.4,14.1,18.1,76.1,11.4,16.2,10.0,48.1,18.9,24.4,18.4,57.2,216.8,226.8,175.0,195.8,78.7,53.5,62.0,253.0,204.6,305.5,293.2,948.5,127.9,412.1,194.9,607.6,171.3,605.6,308.7,596.1,946.1,1950.0,1339.0,1646.0,159.6,102.5,112.8,286.4,345.1,536.4,526.8,985.4,191.5,386.9,256.4,627.6,285.7,510.5,366.7,645.7,1184.0,1846.0,1552.0,1368.0,52.0,84.1,33.9,107.4,95.7,384.2,115.1,239.3,208.5,490.8,289.9,596.1,40.4,76.8,191.2,82.4,243.5,407.6,653.5,239.8,75.4,152.7,64.3,169.6,193.8,640.3,292.1,548.8,408.1,826.8,625.6,1059.0,76.0,133.9,383.4,177.6,696.6,1125.0,1515.0,823.3,1440.0,2198.0,1527.0,1777.0,2198.0,3554.0,2333.0,3117.0,2948.0,3657.0,2948.0,3554.0,1883.0,2211.0,3803.0,2264.0,2211.0,3489.0,3657.0,2224.0
2025-11-07,06,2,official_closing,closing_displayed,https://www.boatrace.jp/owpc/pc/race/odds3t?hd=20251107&jcd=06&rno=2,official_table_v2,13.8,13.2,20.3,42.2,12.5,8.2,11.2,33.2,18.9,13.8,16.4,41.1,40.5,32.3,35.7,60.6,118.5,99.3,104.0,106.8,63.1,53.2,73.7,150.3,150.0,211.9,263.5,494.1,132.7,261.5,207.5,365.5,251.1,474.0,336.2,581.5,805.1,1430.0,1014.0,1012.0,59.8,33.2,42.4,101.6,162.4,170.9,208.0,343.1,82.0,169.3,101.3,223.4,157.6,288.8,174.7,323.9,440.4,833.8,584.9,572.3,92.3,70.0,67.4,132.0,187.8,337.9,253.1,395.3,127.5,302.4,173.7,339.9,96.3,197.7,166.2,142.8,313.4,521.2,497.8,295.0,247.6,209.3,189.4,261.5,502.8,864.6,739.3,956.1,318.2,789.1,420.9,618.5,223.0,496.5,413.4,334.2,609.1,1198.0,887.8,645.6,1183.0,1060.0,1063.0,1227.0,1978.0,2326.0,2501.0,3182.0,1597.0,2781.0,1578.0,2367.0,1343.0,1903.0,1736.0,1478.0,1714.0,2861.0,2470.0,1650.0
2025-11-07,06,3,official_closing,closing_displayed,https://www.boatrace.jp/owpc/pc/race/odds3t?hd=20251107&jcd=06&rno=3,official_table_v2,8.7,9.3,11.4,51.7,11.0,13.2,13.4,59.0,16.2,20.6,24.2,80.0,21.8,26.2,39.6,68.4,152.1,162.6,196.9,175.3,49.0,44.4,45.3,162.0,161.8,267.0,298.0,781.3,125.6,296.9,253.2,552.8,144.6,348.5,300.7,573.4,646.5,1318.0,1104.0,1110.0,60.2,44.9,41.6,132.9,149.2,173.5,174.2,488.8,101.4,160.9,126.6,292.7,98.9,160.2,142.3,253.6,775.3,1182.0,1019.0,819.7,95.0,151.3,113.7,283.8,158.1,326.4,269.1,649.6,241.9,335.9,306.2,776.8,174.5,237.3,320.4,325.3,798.4,1141.0,1426.0,745.0,92.4,109.3,148.2,150.1,169.7,377.0,367.4,528.8,202.2,385.0,378.8,484.1,250.0,377.0,422.3,402.0,354.0,646.5,704.4,608.2,1175.0,1642.0,1642.0,759.1,1684.0,3013.0,2586.0,2045.0,2239.0,3232.0,2619.0,2132.0,2226.0,2602.0,2803.0,1590.0,829.8,1656.0,1629.0,1309.0
2025-11-07,06,4,official_closing,closing_displayed,https://www.boatrace.jp/owpc/pc/race/odds3t?hd=20251107&jcd=06&rno=4,official_table_v2,22.5,14.9,36.7,80.9,22.0,6.4,17.1,45.0,11.0,6.5,9.7,24.6,74.4,54.1,40.1,111.8,223.6,186.3,138.3,225.1,214.2,159.0,263.5,596.0,486.7,603.4,964.7,1386.0,311.9,574.3,665.9,960.9,692.4,1140.0,938.7,1700.0,1929.0,2503.0,2034.0,2805.0,103.3,23.9,48.8,102.2,384.0,405.1,550.9,814.9,44.9,190.4,80.9,142.3,214.4,563.6,237.4,569.6,672.4,1470.0,585.3,1124.0,56.3,31.8,34.2,69.6,184.7,322.2,314.7,473.0,62.2,211.3,110.2,179.0,67.8,174.7,125.1,105.9,276.8,596.7,423.7,288.3,387.4,286.4,209.1,500.1,765.1,1348.0,1099.0,1386.0,477.6,1277.0,596.7,1109.0,210.7,568.2,395.2,289.7,1214.0,1689.0,1470.0,696.3,1671.0,1584.0,1063.0,1479.0,3784.0,4282.0,3537.0,4739.0,2440.0,3726.0,1605.0,3874.0,1427.0,2638.0,1611.0,1127.0,2569.0,3511.0,3698.0,1122.0
2025-11-07,06,5,official_closing,closing_displayed,https://www.boatrace.jp/owpc/pc/race/odds3t?hd=20251107&jcd=06&rno=5,official_table_v2,16.1,17.3,29.0,38.9,17.4,7.8,10.8,16.4,19.9,11.7,13.2,17.7,42.7,23.5,25.6,34.4,84.9,52.6,52.3,68.1,141.4,157.2,196.6,254.1,317.4,652.0,754.9,933.9,435.0,855.3,909.0,971.5,684.4,1301.0,1272.0,1465.0,1146.0,1962.0,1936.0,2422.0,97.4,41.6,51.9,59.1,278.6,525.9,593.2,556.7,102.1,360.5,158.9,185.6,166.9,542.6,239.0,269.7,290.8,1014.0,431.1,546.2,154.2,87.6,67.9,86.0,379.9,772.0,573.8,569.9,161.0,608.2,280.8,301.4,96.2,332.0,263.6,111.9,184.6,545.2,461.0,211.8,220.7,140.5,133.0,142.7,544.2,1340.0,1258.0,914.7,299.0,1165.0,652.0,579.0,176.8,624.6,481.3,219.9,413.0,1289.0,901.9,456.3,947.7,644.1,604.4,798.6,1713.0,3000.0,2506.0,3000.0,916.2,2954.0,1733.0,2279.0,762.9,1983.0,1604.0,900.5,1198.0,3063.0,2353.0,981.4
2025-11-07,06,6,official_closing,closing_displayed,https://www.boatrace.jp/owpc/pc/race/odds3t?hd=20251107&jcd=06&rno=6,official_table_v2,16.2,21.5,40.1,85.5,16.3,11.4,19.9,61.2,29.6,22.6,35.2,89.5,58.9,44.7,62.0,144.4,349.8,245.5,289.0,339.8,35.7,37.1,66.9,132.2,56.5,49.7,86.0,164.9,81.3,70.4,108.0,180.4,189.2,172.3,181.5,315.3,680.0,533.3,668.3,835.6,36.4,21.1,32.8,76.0,65.4,48.0,78.9,125.2,34.3,41.9,30.5,60.2,81.1,101.7,56.7,105.3,319.4,333.7,237.0,301.0,94.1,74.7,93.2,172.9,148.9,96.2,135.8,213.2,85.9,88.1,68.1,120.5,124.5,135.8,97.4,119.0,587.5,555.7,420.4,361.9,197.9,155.7,197.1,286.6,344.9,275.7,318.1,415.2,210.5,272.1,160.4,279.2,215.6,252.3,171.9,228.7,886.0,1075.0,850.0,688.6,2248.0,2344.0,3257.0,2407.0,2848.0,2355.0,2640.0,2848.0,2653.0,2220.0,1586.0,2285.0,3700.0,2679.0,1889.0,1304.0,3022.0,3022.0,2507.0,1239.0
2025-11-07,06,7,official_closing,closing_displayed,https://www.boatrace.jp/owpc/pc/race/odds3t?hd=20251107&jcd=06&rno=7,official_table_v2,14.7,20.8,21.2,56.4,14.0,10.0,8.4,36.0,22.5,15.1,17.0,53.4,24.0,13.5,21.2,52.0,162.9,139.2,167.2,171.3,100.9,129.4,128.6,279.8,188.2,260.7,256.6,638.3,278.9,389.8,414.6,748.8,300.6,395.6,507.3,859.1,1049.0,1429.0,1417.0,1475.0,77.1,40.5,31.1,142.3,191.6,248.1,238.8,493.8,94.9,230.9,83.4,237.6,68.5,207.9,97.5,250.9,705.6,1097.0,691.1,692.0,141.0,95.2,69.0,159.3,287.2,374.1,348.6,547.1,166.8,325.8,159.6,351.6,83.5,174.9,133.7,143.8,355.5,580.7,689.2,394.1,102.6,65.3,85.2,153.0,335.8,440.9,555.0,743.3,125.6,389.5,226.5,492.8,138.0,284.5,191.3,224.8,583.4,1015.0,767.1,668.9,1251.0,1169.0,1352.0,1337.0,1915.0,2640.0,2389.0,3040.0,1572.0,2818.0,2301.0,2423.0,1645.0,2153.0,2270.0,1433.0,1548.0,2654.0,2220.0,1413.0
2025-11-07,06,8,official_closing,closing_displayed,https://www.boatrace.jp/owpc/pc/race/odds3t?hd=20251107&jcd=06&rno=8,official_table_v2,8.3,9.8,20.1,38.5,9.8,8.2,15.6,35.4,14.8,14.3,23.8,38.3,45.0,39.0,46.4,87.4,168.1,150.7,144.8,200.7,44.5,45.3,86.6,149.1,136.7,229.4,424.7,644.8,168.0,290.7,333.5,383.3,422.1,756.2,779.7,974.0,931.2,1588.0,1294.0,1701.0,43.6,28.7,47.6,94.1,129.1,171.7,270.6,439.2,66.6,123.6,99.8,170.1,154.7,289.7,212.5,326.2,536.8,936.0,601.8,730.2,95.1,89.2,104.6,182.0,207.8,351.8,311.6,377.6,124.7,246.6,193.7,330.5,199.0,389.0,284.6,342.0,570.1,797.8,810.7,679.7,212.2,183.4,241.5,326.2,587.7,977.5,1238.0,1244.0,317.5,696.1,470.8,799.0,436.1,824.0,597.3,635.1,1104.0,1772.0,1739.0,1122.0,1584.0,1631.0,1948.0,2112.0,2336.0,3205.0,3062.0,3700.0,1819.0,3079.0,2494.0,2841.0,2494.0,3224.0,2932.0,2366.0,2494.0,3651.0,3243.0,2326.0
2025-11-07,06,9,official_closing,closing_displayed,https://www.boatrace.jp/owpc/pc/race/odds3t?hd=20251107&jcd=06&rno=9,official_table_v2,7.1,6.1,20.2,36.9,17.2,25.6,52.6,91.7,15.5,32.9,51.9,76.3,61.2,107.7,108.0,190.0,144.4,208.1,220.8,255.2,13.2,8.6,27.8,46.2,39.0,38.4,96.5,124.7,25.0,40.3,71.3,82.1,145.8,238.7,194.5,298.3,222.8,339.9,249.7,369.6,85.0,108.3,191.6,277.7,114.2,87.1,188.7,266.5,197.9,135.5,311.3,439.0,511.9,494.6,603.1,1097.0,1214.0,961.2,1009.0,1352.0,73.3,203.6,221.0,302.7,81.7,142.1,192.5,218.3,388.9,217.4,547.0,594.1,433.6,390.0,795.6,542.2,812.9,549.7,1061.0,957.9,389.2,626.1,599.2,1040.0,519.0,861.9,583.6,1413.0,1021.0,1238.0,1718.0,2234.0,912.6,821.3,1745.0,1323.0,2216.0,2216.0,2307.0,1784.0,732.9,1489.0,1314.0,1925.0,921.6,1505.0,883.7,2298.0,2449.0,2225.0,2737.0,2970.0,2009.0,1139.0,2634.0,2225.0,2646.0,3051.0,3085.0,2288.0
2025-11-07,06,10,official_closing,closing_displayed,https://www.boatrace.jp/owpc/pc/race/odds3t?hd=20251107&jcd=06&rno=10,official_table_v2,10.7,8.6,17.0,49.0,15.5,18.2,27.1,65.5,12.0,19.3,22.1,47.8,38.9,53.5,50.1,90.5,135.4,166.2,134.0,172.2,34.4,26.7,55.6,125.0,99.0,131.7,243.2,452.0,61.7,129.1,149.6,235.0,224.9,381.4,317.7,520.6,522.1,866.3,626.2,793.0,65.0,61.1,112.0,205.7,117.8,144.4,252.0,462.8,119.4,157.1,204.9,322.8,341.1,394.0,391.0,648.3,833.7,1216.0,935.6,1034.0,33.2,67.3,43.7,79.1,55.7,131.1,88.6,140.1,134.0,173.3,197.8,275.7,58.5,74.3,160.6,72.0,143.0,166.2,296.8,137.6,137.9,267.7,146.3,193.7,247.5,508.2,337.8,470.2,549.6,712.9,725.2,1044.0,148.8,186.6,407.1,184.3,445.5,652.1,1049.0,498.2,1210.0,1642.0,1198.0,1426.0,1759.0,2241.0,1374.0,1904.0,2546.0,2482.0,2170.0,2493.0,1188.0,1253.0,2047.0,1124.0,1776.0,1812.0,2476.0,1317.0
2025-11-07,06,11,official_closing,closing_displayed,https://www.boatrace.jp/owpc/pc/race/odds3t?hd=20251107&jcd=06&rno=11,official_table_v2,25.5,14.5,21.2,24.5,33.8,35.5,49.4,42.2,18.9,37.2,27.8,30.5,45.1,74.0,52.2,53.4,45.4,58.2,54.5,67.9,92.1,61.4,73.4,66.1,182.2,291.5,342.6,218.9,145.9,325.3,245.7,212.1,254.1,515.0,376.8,298.2,175.6,264.6,295.4,360.2,30.2,32.9,42.6,28.5,57.3,77.8,86.1,51.1,67.7,89.9,90.9,62.2,93.6,116.6,122.6,71.3,31.8,36.5,44.1,51.3,80.9,115.8,98.4,98.6,163.7,381.3,269.3,259.1,209.1,353.1,323.6,244.5,258.0,349.9,441.3,268.4,273.4,325.9,366.7,315.3,206.4,235.7,262.9,180.7,347.3,595.1,535.0,337.8,270.7,418.9,488.7,263.2,423.4,609.8,679.7,349.1,265.7,342.4,341.0,429.3,132.5,129.3,181.5,222.3,196.3,210.0,299.2,383.1,106.6,121.2,151.5,183.2,402.8,428.4,402.5,577.0,499.4,597.6,441.3,630.4
2025-11-07,06,12,official_closing,closing_displayed,https://www.boatrace.jp/owpc/pc/race/odds3t?hd=20251107&jcd=06&rno=12,official_table_v2,7.7,13.3,9.3,15.1,12.5,21.1,14.4,23.6,21.1,32.2,26.1,35.2,17.7,24.5,36.0,29.3,42.8,55.9,75.9,61.1,59.8,85.9,69.3,81.7,175.7,528.8,395.7,400.0,298.4,685.2,583.9,546.6,233.9,550.8,690.3,576.9,354.8,752.6,969.4,861.3,90.2,120.4,89.1,111.9,198.7,571.3,435.2,396.6,362.9,673.0,497.2,554.0,257.1,522.7,620.3,595.3,512.6,849.8,1040.0,983.2,132.6,218.9,101.6,142.1,272.1,755.1,334.6,353.5,568.3,993.6,759.4,790.3,117.7,218.5,435.1,150.2,248.9,381.5,636.7,292.5,83.5,128.9,136.5,100.6,199.6,595.3,578.2,396.5,345.4,768.6,986.2,835.1,184.7,309.4,642.3,237.8,243.7,450.4,702.4,489.6,364.1,622.0,674.2,463.1,601.1,1457.0,1609.0,1282.0,1134.0,1663.0,1922.0,1917.0,1023.0,1607.0,1999.0,1094.0,620.6,1194.0,1609.0,1084.0
2025-11-07,07,1,official_closing,closing_displayed,https://www.boatrace.jp/owpc/pc/race/odds3t?hd=20251107&jcd=07&rno=1,official_table_v2,9.3,4.5,26.1,298.9,18.0,18.3,75.6,529.4,5.5,14.0,22.2,251.4,81.3,149.1,80.5,785.5,977.1,1265.0,840.4,1646.0,39.8,21.9,65.3,715.3,118.6,113.9,277.5,1365.0,45.9,81.0,119.9,711.1,265.8,445.1,288.2,1938.0,2185.0,3004.0,2072.0,3534.0,144.9,125.3,283.4,1082.0,179.6,134.7,392.7,1877.0,172.4,114.3,241.3,1483.0,622.7,358.7,354.5,1213.0,2557.0,2557.0,3162.0,2557.0,18.9,41.4,36.4,242.7,39.7,66.2,65.6,420.2,127.7,107.8,181.0,1045.0,50.7,61.7,125.7,368.6,1239.0,1292.0,1381.0,1082.0,360.9,515.8,264.1,1483.0,464.0,883.7,432.3,2037.0,790.6,1213.0,801.2,1938.0,239.4,308.9,488.5,1036.0,2185.0,4451.0,2311.0,2557.0,2557.0,2931.0,2931.0,4292.0,3338.0,5723.0,2503.0,4807.0,2794.0,4144.0,2861.0,3004.0,2612.0,1938.0,2861.0,1521.0,5723.0,7069.0,4292.0,3641.0
2025-11-07,07,2,official_closing,closing_displayed,https://www.boatrace.jp/owpc/pc/race/odds3t?hd=20251107&jcd=07&rno=2,official_table_v2,37.6,70.0,18.4,139.9,33.4,31.2,7.5,68.8,77.8,46.7,23.1,115.9,10.1,5.1,13.0,16.7,327.1,224.1,307.2,112.8,253.0,323.7,182.3,597.7,321.5,526.8,231.1,900.9,556.7,621.6,438.8,900.9,200.1,239.1,351.8,519.4,1047.0,1594.0,1621.0,1332.0,187.8,128.0,45.3,205.6,323.2,501.3,236.6,615.5,200.5,447.2,145.8,428.7,53.6,137.1,108.4,160.2,688.1,946.7,1024.0,460.4,381.3,231.1,96.1,339.0,668.4,786.9,465.0,755.0,387.7,748.9,222.2,859.4,86.8,242.5,152.6,147.1,777.0,1313.0,1211.0,417.2,45.5,21.3,35.1,41.5,137.9,211.9,270.6,328.9,53.2,140.4,107.6,164.1,65.5,191.2,114.3,108.3,122.2,339.0,237.8,199.4,1776.0,1423.0,1322.0,666.0,2274.0,3586.0,2302.0,2783.0,2331.0,4337.0,2742.0,1492.0,2119.0,2360.0,2825.0,971.3,711.8,2095.0,1218.0,773.8
2025-11-07,07,3,official_closing,closing_displayed,https://www.boatrace.jp/owpc/pc/race/odds3t?hd=20251107&jcd=07&rno=3,official_table_v2,15.2,12.4,204.0,76.7,13.7,7.2,132.3,55.6,10.3,6.7,120.4,35.6,518.6,415.3,430.4,675.4,240.5,203.6,164.4,685.2,44.5,40.9,308.1,180.2,103.3,81.3,670.7,239.6,65.4,73.7,499.5,167.6,1248.0,1427.0,1506.0,1825.0,759.2,762.2,580.4,2565.0,35.3,20.6,195.2,97.4,78.9,56.7,591.3,200.6,37.5,45.2,279.9,104.8,454.0,730.0,620.3,787.6,446.6,506.1,353.4,1136.0,24.2,19.8,130.4,43.5,52.9,63.6,371.4,98.2,36.1,51.6,279.9,95.5,253.4,366.4,373.6,270.7,104.9,142.2,168.2,355.4,807.7,677.9,832.5,1009.0,1773.0,2286.0,2565.0,3111.0,724.4,2233.0,1977.0,2920.0,851.1,2465.0,1917.0,1416.0,3796.0,4313.0,4038.0,3111.0,847.3,818.1,604.4,1232.0,2636.0,2259.0,1427.0,5130.0,2156.0,2565.0,1482.0,4038.0,912.5,1066.0,1216.0,3012.0,5931.0,4745.0,5751.0,4218.0
2025-11-07,07,4,official_closing,closing_displayed,https://www.boatrace.jp/owpc/pc/race/odds3t?hd=20251107&jcd=07&rno=4,official_table_v2,4.5,13.2,5.8,24.9,8.4,22.8,14.6,44.5,39.5,66.9,60.2,110.8,14.2,25.6,49.8,48.7,85.6,146.0,205.9,113.1,27.1,57.8,28.1,84.5,89.1,283.6,164.1,488.3,265.2,618.5,483.2,813.8,116.4,250.7,377.5,385.1,440.6,1193.0,1202.0,872.9,64.8,145.3,78.1,211.9,101.4,331.3,164.3,438.8,449.7,645.5,604.6,1044.0,216.0,262.2,485.3,478.9,960.7,1198.0,1503.0,1304.0,376.7,639.2,408.9,767.6,531.4,1489.0,966.4,1623.0,966.4,1443.0,1531.0,1956.0,492.0,786.2,1298.0,696.8,1424.0,1877.0,2208.0,1375.0,96.0,195.6,333.3,189.4,164.7,401.8,648.1,392.1,367.3,531.4,1014.0,914.7,689.4,1021.0,1980.0,861.3,385.6,500.3,1216.0,1155.0,563.7,1631.0,1932.0,622.0,734.6,2441.0,3418.0,1002.0,2952.0,2925.0,3912.0,3865.0,3247.0,3960.0,4059.0,2478.0,756.9,1027.0,4059.0,2255.0
2025-11-07,07,5,official_closing,closing_displayed,https://www.boatrace.jp/owpc/pc/race/odds3t?hd=20251107&jcd=07&rno=5,official_table_v2,15.6,25.9,5.5,380.2,27.9,55.9,18.6,714.9,54.6,87.8,38.1,880.7,5.3,12.9,23.2,210.8,932.5,2014.0,1823.0,937.3,62.6,77.0,22.1,705.2,189.4,385.4,177.0,2003.0,244.3,534.6,253.9,1939.0,33.8,99.5,130.0,679.0,1970.0,4446.0,4797.0,3013.0,199.5,280.2,100.9,1227.0,317.3,610.7,280.2,2196.0,492.7,759.6,431.0,2367.0,135.4,215.2,327.3,1293.0,6077.0,4501.0,5442.0,3610.0,218.8,460.3,131.2,1215.0,361.7,904.7,329.6,2060.0,808.4,1012.0,662.9,3920.0,110.6,170.6,336.3,895.8,4340.0,5064.0,4340.0,3284.0,11.0,26.0,35.7,158.5,19.7,55.6,78.1,331.1,77.5,103.6,185.6,712.1,66.7,87.3,160.2,582.4,633.0,898.0,1168.0,1227.0,4674.0,7149.0,6180.0,3090.0,3879.0,6752.0,9854.0,5881.0,8102.0,6629.0,8681.0,8286.0,8479.0,8286.0,6879.0,2463.0,3255.0,4797.0,6286.0,5881.0
2025-11-07,07,6,official_closing,closing_displayed,https://www.boatrace.jp/owpc/pc/race/odds3t?hd=20251107&jcd=07&rno=6,official_table_v2,165.4,133.8,75.8,273.4,147.3,62.6,25.9,108.0,119.7,63.3,12.2,37.3,42.6,15.4,7.5,8.8,420.6,226.9,95.0,49.0,872.9,708.9,424.9,1201.0,1490.0,2288.0,1348.0,2813.0,1118.0,2209.0,1204.0,1887.0,637.1,1214.0,970.1,1129.0,2633.0,2779.0,2588.0,2040.0,685.3,282.7,130.0,426.9,1272.0,1475.0,1078.0,2299.0,450.7,1340.0,335.0,722.5,151.2,664.2,233.5,247.9,1129.0,2209.0,1237.0,692.7,255.0,207.9,28.7,67.9,638.9,1385.0,606.4,872.9,473.4,1402.0,304.6,625.7,23.0,148.5,117.8,24.8,121.4,538.0,438.5,76.8,85.3,29.8,14.0,11.5,269.9,468.0,431.4,374.4,89.8,420.2,178.9,147.3,19.4,149.3,92.0,20.6,27.3,174.1,87.5,35.2,1324.0,1141.0,434.7,222.9,3567.0,1987.0,3236.0,2167.0,1919.0,2040.0,2078.0,949.7,464.6,2503.0,1515.0,238.5,204.9,1279.0,648.1,223.1
2025-11-07,07,7,official_closing,closing_displayed,https://www.boatrace.jp/owpc/pc/race/odds3t?hd=20251107&jcd=07&rno=7,official_table_v2,16.2,29.7,99.4,589.3,7.6,4.0,15.8,248.5,28.4,11.5,54.6,410.8,160.4,68.1,122.1,726.2,1742.0,1233.0,2133.0,1699.0,116.9,198.2,387.5,1219.0,169.8,269.2,473.5,1922.0,446.1,417.1,945.9,2592.0,1001.0,902.1,1211.0,2730.0,2805.0,4015.0,3102.0,4095.0,23.3,8.0,19.4,210.2,76.9,87.1,131.8,619.6,15.7,43.3,26.3,191.8,51.7,99.1,56.3,255.9,1069.0,1638.0,1031.0,822.4,151.3,60.2,140.7,731.4,322.0,319.4,548.3,1706.0,59.6,144.0,98.7,580.1,235.1,398.8,205.7,999.0,3056.0,3757.0,2409.0,2395.0,453.5,222.1,425.7,1211.0,834.2,738.0,1187.0,2353.0,205.4,377.8,287.2,793.7,543.2,775.7,432.9,1222.0,2301.0,4452.0,2452.0,3250.0,6113.0,4311.0,5184.0,4179.0,6714.0,6942.0,8533.0,7061.0,3900.0,6942.0,4501.0,3471.0,6714.0,6714.0,4762.0,5389.0,4762.0,6606.0,3624.0,6301.0
2025-11-07,07,8,official_closing,closing_displayed,https://www.boatrace.jp/owpc/pc/race/odds3t?hd=20251107&jcd=07&rno=8,official_table_v2,8.2,12.1,8.1,267.5,14.1,25.5,12.2,430.3,28.9,41.7,42.5,628.5,16.9,20.3,44.5,359.6,1242.0,1663.0,1658.0,1364.0,22.4,29.9,19.6,473.9,56.7,85.7,48.3,975.5,95.3,131.1,110.0,1077.0,52.7,58.4,116.4,752.0,2198.0,2324.0,2149.0,2270.0,64.7,85.2,45.8,793.8,96.0,137.8,66.9,1245.0,141.1,184.5,121.9,1334.0,65.5,70.6,105.0,633.4,2841.0,3282.0,3260.0,2007.0,165.6,189.4,155.0,1154.0,226.0,324.5,266.7,1364.0,280.3,358.5,248.7,1766.0,210.8,274.7,256.7,1167.0,2228.0,2041.0,2584.0,2085.0,51.6,57.1,118.7,457.4,72.4,79.0,173.5,725.1,91.3,96.0,204.7,886.5,216.8,278.7,270.2,1236.0,1202.0,1472.0,1577.0,1773.0,3572.0,4015.0,4261.0,3918.0,4810.0,5224.0,4957.0,4498.0,4810.0,5224.0,5458.0,4416.0,6072.0,4716.0,5783.0,5168.0,4416.0,4583.0,3982.0,5280.0
2025-11-07,07,9,official_closing,closing_displayed,https://www.boatrace.jp/owpc/pc/race/odds3t?hd=20251107&jcd=07&rno=9,official_table_v2,5.3,7.2,13.0,16.8,8.5,11.5,22.8,28.7,16.1,23.0,36.8,31.1,34.5,50.7,63.6,84.3,78.0,98.2,98.0,173.6,34.8,38.9,56.4,81.9,121.2,224.0,348.6,396.5,147.3,291.5,387.3,323.9,245.4,461.2,518.7,570.7,485.4,813.9,707.5,1073.0,87.8,92.8,152.5,172.2,194.1,374.7,557.0,605.3,208.6,421.2,461.2,458.6,584.6,930.5,815.9,869.4,728.1,1189.0,1104.0,1399.0,110.9,155.0,146.3,134.1,185.4,430.1,429.8,351.0,273.7,528.0,686.5,564.2,200.9,334.2,547.1,248.2,240.1,407.4,656.7,407.2,326.5,501.5,435.6,501.1,504.2,1174.0,1141.0,1087.0,1121.0,1845.0,2441.0,2010.0,513.8,898.3,1539.0,638.0,1191.0,1656.0,2150.0,1378.0,898.3,1168.0,902.0,1829.0,1225.0,2061.0,1542.0,2925.0,1760.0,2661.0,3035.0,3820.0,1129.0,1673.0,2706.0,2295.0,2912.0,3199.0,3843.0,2537.0
2025-11-07,07,10,official_closing,closing_displayed,https://www.boatrace.jp/owpc/pc/race/odds3t?hd=20251107&jcd=07&rno=10,official_table_v2,3.8,6.9,13.3,15.4,8.6,15.6,33.2,50.2,20.8,30.9,59.6,73.8,58.4,88.3,142.1,132.4,97.8,178.8,211.0,242.6,14.8,24.1,38.4,40.9,48.5,95.1,166.8,182.1,101.3,159.7,320.6,309.1,227.9,408.6,601.8,461.8,240.4,434.0,628.8,562.2,71.3,94.9,162.4,229.9,102.0,212.0,354.2,443.2,289.0,365.8,593.4,815.9,598.8,869.6,1011.0,1065.0,1050.0,1221.0,1690.0,1795.0,166.4,273.0,290.5,396.8,236.1,497.6,592.9,656.1,534.1,654.9,1130.0,1106.0,446.2,588.6,987.7,666.3,934.4,1113.0,1577.0,1139.0,507.6,775.8,803.3,798.0,741.0,1590.0,1566.0,1546.0,1291.0,1997.0,3054.0,2955.0,1201.0,1400.0,2653.0,1553.0,2157.0,2506.0,3067.0,2764.0,708.5,1795.0,1878.0,2337.0,965.4,2979.0,3004.0,3653.0,3202.0,3381.0,4572.0,4751.0,3016.0,3478.0,4353.0,3972.0,3908.0,3887.0,4251.0,4460.0
2025-11-07,07,11,official_closing,closing_displayed,https://www.boatrace.jp/owpc/pc/race/odds3t?hd=20251107&jcd=07&rno=11,official_table_v2,4.8,5.4,9.7,22.4,10.5,14.8,16.5,33.5,13.7,22.4,24.7,43.1,20.7,30.6,36.0,47.2,75.7,101.5,109.4,95.2,73.2,79.3,121.2,185.9,208.4,289.5,377.3,544.5,266.7,459.8,553.9,732.5,416.0,706.9,804.7,1101.0,824.8,1668.0,1579.0,1703.0,161.7,193.2,190.9,299.8,268.7,391.0,471.5,603.5,412.7,551.9,662.8,730.1,426.4,745.4,896.1,780.0,889.0,1746.0,1494.0,1368.0,180.8,304.1,203.2,276.9,348.5,999.7,717.8,933.7,728.3,1276.0,1349.0,1631.0,303.2,571.0,996.4,568.1,642.2,1126.0,1863.0,955.8,262.0,351.2,375.5,398.9,592.6,1565.0,1436.0,1465.0,642.2,1625.0,1988.0,1599.0,611.3,1037.0,1836.0,993.0,897.9,1895.0,1992.0,1840.0,745.4,1159.0,1052.0,1055.0,1181.0,3114.0,2454.0,2775.0,1879.0,3452.0,3387.0,2715.0,1582.0,2502.0,3650.0,2969.0,1616.0,3227.0,2920.0,3103.0
2025-11-07,07,12,official_closing,closing_displayed,https://www.boatrace.jp/owpc/pc/race/odds3t?hd=20251107&jcd=07&rno=12,official_table_v2,11.0,6.0,13.0,8.6,28.7,46.0,54.8,59.2,11.1,37.0,31.1,18.0,35.8,70.4,64.0,53.8,29.6,91.4,41.6,68.0,46.9,24.8,42.2,29.0,185.6,312.8,346.5,336.5,74.8,271.7,218.5,109.8,176.0,428.5,348.7,259.2,126.4,378.9,181.0,292.5,268.2,418.6,388.7,520.9,340.9,686.0,770.2,749.4,630.0,826.8,1283.0,1067.0,717.8,998.1,1637.0,1080.0,1107.0,1254.0,1483.0,1457.0,64.2,220.1,102.2,64.5,111.1,488.0,258.0,141.6,565.7,858.8,1086.0,844.6,131.2,202.2,594.5,111.6,100.1,139.8,523.8,137.2,232.3,552.1,313.2,277.7,357.5,853.3,606.5,497.9,977.5,1162.0,2097.0,1408.0,338.8,439.3,1373.0,293.8,450.0,559.5,1217.0,457.8,170.1,518.1,207.5,428.0,242.7,856.6,349.8,678.3,1362.0,1597.0,1731.0,2051.0,272.3,346.5,1300.0,573.5,734.5,881.6,1767.0,651.7
2025-11-07,09,1,official_closing,closing_displayed,https://www.boatrace.jp/owpc/pc/race/odds3t?hd=20251107&jcd=09&rno=1,official_table_v2,17.4,22.3,36.1,182.2,12.1,4.8,8.2,96.5,17.8,7.0,10.9,75.9,39.0,17.8,25.4,131.0,360.3,277.1,228.3,296.0,319.5,395.7,619.7,1116.0,522.2,1016.0,1174.0,2255.0,742.0,1127.0,1683.0,2255.0,1253.0,1588.0,1879.0,2452.0,2563.0,2968.0,2685.0,3133.0,100.8,34.2,40.6,239.9,312.4,508.1,704.9,1446.0,58.8,349.2,105.1,539.7,121.8,499.1,178.1,637.2,829.4,1683.0,1311.0,1151.0,102.0,45.9,41.4,163.4,327.9,547.5,700.6,1162.0,83.6,339.7,135.2,603.2,63.7,307.3,125.0,266.6,462.2,1464.0,1174.0,683.6,309.8,176.5,165.8,411.6,762.1,1503.0,1342.0,1611.0,236.4,939.9,337.7,1187.0,189.5,732.4,310.7,687.7,861.0,2452.0,1849.0,1375.0,1281.0,1375.0,772.5,1503.0,2819.0,3889.0,3048.0,3222.0,2050.0,2452.0,1409.0,1409.0,1545.0,2751.0,2751.0,1819.0,1944.0,3222.0,2399.0,1879.0
2025-11-07,09,2,official_closing,closing_displayed,https://www.boatrace.jp/owpc/pc/race/odds3t?hd=20251107&jcd=09&rno=2,official_table_v2,9.6,13.1,25.6,297.4,9.8,10.6,18.2,261.9,17.4,15.4,26.9,273.3,60.6,58.5,65.0,495.1,945.8,815.3,762.7,875.7,30.0,35.9,54.5,522.5,51.9,45.8,52.3,439.9,80.1,62.2,71.0,459.1,112.3,107.8,113.2,569.7,1477.0,975.0,955.3,1153.0,39.2,35.9,43.1,437.8,65.9,55.9,75.5,514.0,69.0,75.2,73.8,591.1,123.6,136.6,113.2,756.6,1278.0,1016.0,1039.0,1278.0,69.0,78.4,64.3,556.3,114.5,114.0,107.1,711.1,122.5,127.8,124.4,661.4,82.9,101.2,108.2,304.1,985.2,1016.0,1139.0,675.5,149.1,165.6,177.1,750.6,189.1,192.2,222.5,788.1,195.0,224.1,226.2,867.7,167.9,196.2,215.9,531.3,900.7,844.4,1074.0,794.7,2012.0,2012.0,2781.0,2702.0,2364.0,1891.0,2306.0,2101.0,2781.0,2012.0,1930.0,2251.0,3783.0,2955.0,3783.0,2364.0,3502.0,2101.0,3377.0,2364.0
2025-11-07,09,3,official_closing,closing_displayed,https://www.boatrace.jp/owpc/pc/race/odds3t?hd=20251107&jcd=09&rno=3,official_table_v2,53.3,63.2,72.1,212.4,50.6,10.5,11.8,71.8,64.4,14.0,15.4,74.0,64.6,20.6,25.8,66.7,380.2,232.4,232.8,204.1,241.5,272.0,278.7,766.8,368.8,443.5,341.0,1044.0,447.9,428.2,466.4,1028.0,400.4,446.5,582.5,812.8,1596.0,1675.0,1371.0,1268.0,121.1,21.9,22.2,109.3,273.1,257.0,192.5,567.9,34.9,144.7,21.4,87.4,41.2,144.5,30.0,80.2,380.2,904.9,300.9,236.0,174.2,42.8,31.1,126.9,362.9,310.6,208.8,488.2,60.6,189.8,31.7,111.2,36.9,116.3,31.8,44.9,267.2,652.5,298.3,124.7,238.5,73.6,71.5,131.1,370.8,372.9,528.1,733.7,81.5,280.4,61.8,146.5,70.7,240.2,64.2,64.1,215.4,611.4,223.2,135.6,1357.0,1190.0,1150.0,983.6,1696.0,2340.0,2300.0,1939.0,1330.0,2262.0,1020.0,923.4,1085.0,1911.0,1077.0,361.9,665.3,1475.0,692.5,336.8
2025-11-07,09,4,official_closing,closing_displayed,https://www.boatrace.jp/owpc/pc/race/odds3t?hd=20251107&jcd=09&rno=4,official_table_v2,12.9,20.9,72.4,34.8,30.1,58.0,195.0,61.0,45.4,96.0,205.2,172.3,216.5,462.5,471.0,546.6,62.2,79.2,143.3,329.7,10.8,14.4,45.9,23.9,26.9,20.3,50.2,36.8,14.7,14.1,20.5,29.6,78.0,92.8,61.6,113.1,52.2,47.4,56.1,89.5,71.2,123.3,281.5,179.0,85.1,79.9,207.3,145.6,229.7,125.5,336.2,319.4,1043.0,412.1,466.7,1246.0,267.5,207.3,375.7,881.1,120.5,189.9,347.6,281.5,83.8,74.1,84.9,88.8,256.1,129.7,366.3,341.8,422.3,184.1,361.1,448.3,405.6,193.9,378.5,529.6,511.0,1572.0,1460.0,2222.0,413.8,676.9,415.5,992.4,1277.0,1087.0,1892.0,1858.0,1064.0,496.2,1762.0,992.4,2377.0,1892.0,2762.0,1362.0,143.5,212.0,274.0,668.0,113.4,120.1,122.7,248.7,350.0,259.4,402.4,946.4,456.3,253.0,454.3,623.2,1327.0,1099.0,1277.0,1087.0
2025-11-07,09,5,official_closing,closing_displayed,https://www.boatrace.jp/owpc/pc/race/odds3t?hd=20251107&jcd=09&rno=5,official_table_v2,10.2,10.4,36.7,53.8,9.2,5.7,17.9,30.6,9.3,8.0,18.1,24.1,62.5,50.9,48.4,98.1,134.2,126.3,105.2,173.7,166.7,153.8,326.9,639.7,402.0,689.4,1090.0,1986.0,322.9,591.4,911.4,964.2,573.5,1304.0,1198.0,1956.0,1750.0,1928.0,1705.0,1874.0,123.6,58.7,116.2,215.3,304.4,494.6,924.0,1198.0,119.7,316.0,319.1,418.4,375.8,950.4,505.9,847.5,731.1,1386.0,964.2,1415.0,52.7,51.1,52.9,70.2,181.5,358.6,366.5,427.8,111.5,288.0,303.1,361.5,86.1,220.6,250.5,126.2,179.5,442.0,425.1,238.4,355.7,375.8,245.0,392.5,485.6,1304.0,971.2,1291.0,602.1,1684.0,1090.0,1177.0,259.8,581.0,711.5,387.9,787.3,1291.0,1603.0,1008.0,1400.0,1267.0,971.2,1415.0,1874.0,2957.0,2715.0,3326.0,1603.0,3024.0,2016.0,3801.0,1209.0,2376.0,2112.0,1798.0,1663.0,3024.0,3326.0,1900.0
2025-11-07,09,6,official_closing,closing_displayed,https://www.boatrace.jp/owpc/pc/race/odds3t?hd=20251107&jcd=09&rno=6,official_table_v2,16.3,50.9,16.7,387.5,18.1,37.7,9.9,335.5,97.6,83.3,77.4,553.8,23.1,14.9,58.6,246.0,1223.0,1101.0,1207.0,731.2,36.7,113.6,33.5,638.9,56.4,99.2,33.5,490.0,267.4,200.2,192.6,854.8,57.0,38.1,115.7,347.3,1817.0,1462.0,2080.0,975.0,40.6,69.9,15.3,336.7,61.3,99.3,28.8,451.1,154.4,151.8,87.5,547.3,18.2,23.7,51.6,158.9,1075.0,1028.0,1141.0,588.7,475.1,374.4,274.9,1318.0,563.8,438.4,311.4,1522.0,488.8,453.2,248.2,1701.0,259.2,279.8,201.0,482.5,3069.0,2564.0,3019.0,1114.0,40.3,24.3,90.8,180.5,57.0,41.1,123.3,217.4,28.8,34.2,70.9,160.1,158.6,182.1,124.1,310.4,309.9,323.3,258.2,372.9,2228.0,2674.0,2794.0,1872.0,2836.0,3069.0,3173.0,2283.0,2496.0,2463.0,2431.0,1239.0,4566.0,4069.0,3900.0,1162.0,1733.0,1656.0,1082.0,1991.0
2025-11-07,09,7,official_closing,closing_displayed,https://www.boatrace.jp/owpc/pc/race/odds3t?hd=20251107&jcd=09&rno=7,official_table_v2,54.3,35.4,403.9,54.7,107.9,89.7,711.0,122.3,44.9,74.1,557.7,58.6,957.3,1039.0,1621.0,1307.0,114.2,154.4,110.4,675.4,43.7,27.7,437.3,38.3,55.5,22.1,357.5,28.2,25.8,17.0,246.6,11.3,1057.0,832.7,664.3,832.7,63.6,37.8,23.3,437.3,172.2,156.0,774.4,160.4,137.2,45.2,683.0,52.9,137.8,65.2,964.9,76.5,1558.0,1464.0,1430.0,1688.0,232.9,105.9,114.3,881.0,46.4,95.4,345.4,55.0,32.0,26.1,180.9,14.0,112.7,50.9,484.3,51.7,513.0,478.6,810.5,496.2,38.1,15.5,36.3,181.4,2338.0,2133.0,2133.0,2827.0,2532.0,2210.0,1519.0,2210.0,1870.0,2827.0,3199.0,2701.0,2096.0,1961.0,3473.0,1899.0,3377.0,3922.0,4342.0,2643.0,111.8,205.3,127.5,1013.0,90.6,60.5,38.4,607.9,292.2,129.6,124.9,1293.0,81.5,33.4,64.5,331.2,1643.0,1321.0,1539.0,1191.0
2025-11-07,09,8,official_closing,closing_displayed,https://www.boatrace.jp/owpc/pc/race/odds3t?hd=20251107&jcd=09&rno=8,official_table_v2,38.8,107.8,87.2,107.6,22.1,16.1,12.3,12.9,100.5,42.2,81.3,92.6,127.5,42.8,146.2,90.4,195.4,59.5,164.4,130.6,117.3,233.0,279.1,334.5,158.0,580.9,405.5,398.0,306.0,859.8,944.9,914.7,370.6,415.3,1146.0,605.5,614.1,573.2,1011.0,851.3,28.3,21.6,15.7,15.6,64.6,210.2,123.7,144.5,62.3,199.9,80.1,82.9,40.7,95.5,93.7,38.2,56.2,179.8,83.5,61.7,272.9,109.1,254.3,245.6,313.8,651.4,818.9,677.0,108.7,488.5,132.4,203.7,378.7,699.0,255.1,270.3,361.2,716.5,163.7,320.8,96.7,40.8,159.2,66.7,132.2,133.9,405.5,190.2,40.1,96.0,123.1,59.0,290.4,452.5,231.1,230.5,54.8,106.2,48.6,113.7,165.6,72.9,188.1,134.3,247.7,249.2,527.5,362.8,87.3,197.6,206.6,127.1,358.2,614.1,310.4,447.8,96.8,170.9,81.4,199.0
2025-11-07,09,9,official_closing,closing_displayed,https://www.boatrace.jp/owpc/pc/race/odds3t?hd=20251107&jcd=09&rno=9,official_table_v2,25.0,32.3,97.6,260.4,19.5,7.8,33.7,141.1,29.4,17.9,58.2,201.4,203.4,99.8,148.4,671.4,592.4,274.6,516.4,774.7,65.5,62.0,186.5,450.9,72.4,51.2,173.1,380.0,107.3,92.6,260.4,464.8,656.8,530.0,487.3,959.1,1162.0,1162.0,1678.0,1233.0,27.9,9.9,27.3,107.7,44.0,29.0,104.3,282.3,12.9,22.7,18.1,69.1,86.6,139.2,57.3,243.6,475.8,530.0,345.3,472.1,70.6,30.5,67.2,186.5,124.8,77.4,202.7,416.7,27.6,44.4,37.4,119.8,102.5,177.2,83.1,229.7,564.7,719.3,454.3,472.1,530.0,332.0,425.5,774.7,464.8,491.2,604.2,959.1,332.0,549.3,204.1,827.7,394.9,604.2,202.1,664.0,1208.0,1438.0,1258.0,901.9,1208.0,1258.0,990.6,2324.0,1633.0,1777.0,1590.0,2746.0,1549.0,2324.0,816.6,2158.0,1549.0,2627.0,1342.0,1949.0,1510.0,2417.0,2627.0,2158.0
2025-11-07,09,10,official_closing,closing_displayed,https://www.boatrace.jp/owpc/pc/race/odds3t?hd=20251107&jcd=09&rno=10,official_table_v2,16.0,27.2,59.9,61.6,14.1,7.2,30.8,14.8,26.4,14.6,46.1,32.4,177.4,89.3,130.5,200.0,162.2,60.2,88.0,226.9,46.6,67.6,137.0,142.8,77.1,112.1,298.7,230.8,113.3,161.3,474.3,317.8,524.4,699.2,874.1,828.1,555.3,767.5,767.5,1110.0,52.6,17.2,52.5,27.0,107.5,102.9,262.2,188.0,35.1,86.8,75.6,43.4,171.9,280.9,170.4,215.5,97.9,300.6,128.9,283.4,123.8,50.5,93.4,76.1,140.0,150.8,183.6,154.2,62.6,135.6,86.1,62.8,92.1,155.0,100.6,79.1,94.1,180.1,121.8,103.9,609.0,241.4,388.4,427.1,916.5,1085.0,1151.0,882.2,412.2,983.3,349.6,410.4,218.0,303.5,282.6,164.4,780.2,1475.0,491.6,423.3,1004.0,264.4,617.0,1048.0,1926.0,1430.0,1815.0,1748.0,275.2,1452.0,527.4,1329.0,679.1,1430.0,651.0,773.8,1275.0,1748.0,1311.0,993.7
2025-11-07,09,11,official_closing,closing_displayed,https://www.boatrace.jp/owpc/pc/race/odds3t?hd=20251107&jcd=09&rno=11,official_table_v2,11.3,7.3,5.0,37.0,42.9,76.7,81.8,210.1,22.9,69.4,39.3,156.0,9.4,70.4,38.2,93.5,167.2,330.6,341.9,239.7,41.8,24.1,17.2,73.4,175.7,398.6,315.6,606.6,89.8,330.6,122.3,407.9,58.4,255.5,116.2,212.6,347.0,792.7,930.1,576.5,252.7,305.9,427.9,766.5,371.0,558.0,617.3,861.2,628.4,766.5,1041.0,606.6,905.9,775.1,562.5,549.2,1835.0,1268.0,801.8,1223.0,58.4,260.2,51.2,149.6,94.6,422.7,87.1,240.5,742.1,622.8,734.3,792.7,42.5,53.0,225.7,57.2,332.1,400.9,458.9,192.7,28.3,241.3,78.0,111.4,48.6,295.5,137.8,174.3,571.8,670.7,1202.0,1041.0,80.2,99.9,571.8,108.3,335.3,365.2,1041.0,307.3,830.4,2325.0,1660.0,1423.0,996.5,1835.0,1835.0,1202.0,2790.0,2179.0,2179.0,2491.0,1743.0,1835.0,3321.0,734.3,1622.0,1395.0,2906.0,750.1
2025-11-07,09,12,official_closing,closing_displayed,https://www.boatrace.jp/owpc/pc/race/odds3t?hd=20251107&jcd=09&rno=12,official_table_v2,3.8,6.6,14.6,23.7,8.5,12.0,24.2,46.6,13.4,18.9,39.7,54.8,58.7,78.9,90.8,120.5,86.8,128.6,124.0,170.6,37.7,45.8,71.7,124.0,136.3,223.8,331.1,405.7,198.5,293.7,513.1,582.1,276.2,480.8,571.9,729.3,447.6,624.1,717.2,659.0,86.4,63.3,82.5,279.8,185.2,316.6,523.5,690.5,207.0,359.6,552.4,816.5,408.2,590.1,690.5,934.0,837.6,1202.0,934.0,991.0,106.0,142.6,155.2,226.1,208.3,368.8,457.1,543.2,269.9,505.1,655.6,772.7,196.1,344.3,517.2,320.5,467.0,733.4,1119.0,486.2,272.7,503.2,523.5,582.1,334.6,991.0,1014.0,1072.0,598.2,1191.0,1664.0,1509.0,662.3,1014.0,1492.0,741.8,998.6,1191.0,1778.0,914.2,501.2,1324.0,1366.0,1583.0,811.4,1967.0,2128.0,2449.0,1967.0,2596.0,2200.0,2950.0,1909.0,2704.0,3091.0,796.4,2128.0,2822.0,3328.0,2128.0
2025-11-07,14,1,official_closing,closing_displayed,https://www.boatrace.jp/owpc/pc/race/odds3t?hd=20251107&jcd=14&rno=1,official_table_v2,7.7,58.2,14.7,58.5,4.5,17.8,3.7,14.4,133.0,75.5,109.6,148.0,18.6,11.5,91.1,45.1,153.4,90.2,221.7,124.7,148.1,509.8,238.7,656.2,263.0,1413.0,584.3,2031.0,1184.0,1609.0,2168.0,3281.0,521.2,705.0,1953.0,1953.0,1729.0,3323.0,3458.0,2908.0,39.3,62.1,27.4,67.9,136.4,588.3,263.5,802.2,214.1,498.8,347.2,479.2,76.8,180.9,322.7,269.6,314.7,817.6,777.8,538.7,739.6,484.7,593.7,897.9,1292.0,1789.0,2326.0,4570.0,695.4,1802.0,1230.0,1983.0,1103.0,2097.0,1640.0,2244.0,2559.0,5118.0,2975.0,4489.0,141.0,89.6,532.0,187.7,377.4,628.8,1815.0,1496.0,172.3,472.1,1279.0,586.9,879.4,2460.0,2150.0,2414.0,548.0,1953.0,1319.0,2665.0,1496.0,1212.0,2031.0,1093.0,2722.0,3709.0,3937.0,4265.0,1541.0,4062.0,3458.0,2559.0,3199.0,4828.0,3998.0,1752.0,1789.0,4489.0,3046.0,5445.0
2025-11-07,14,2,official_closing,closing_displayed,https://www.boatrace.jp/owpc/pc/race/odds3t?hd=20251107&jcd=14&rno=2,official_table_v2,11.6,6.3,85.8,57.0,17.0,12.7,93.4,88.9,8.4,12.7,50.4,35.1,239.5,258.5,176.7,329.3,201.9,228.8,154.3,434.5,43.0,22.0,147.4,112.3,116.7,115.4,446.3,403.3,43.3,93.5,236.7,164.6,629.9,1078.0,692.1,1208.0,538.0,959.9,505.0,1354.0,87.7,50.7,212.6,247.4,171.1,154.2,420.2,472.6,69.6,134.8,251.1,270.0,627.0,953.4,631.3,1094.0,711.4,1203.0,770.0,1658.0,17.2,27.7,41.4,37.7,29.2,72.5,99.2,75.8,59.4,96.5,198.3,176.7,55.4,84.3,177.2,91.2,81.7,107.8,202.8,148.8,913.0,943.7,627.0,1034.0,1374.0,1540.0,1291.0,1610.0,1437.0,1844.0,1531.0,2395.0,558.3,934.3,1078.0,737.6,1974.0,2061.0,2525.0,1483.0,724.3,862.4,573.2,1548.0,1073.0,1574.0,950.1,2156.0,1347.0,1796.0,1268.0,2919.0,656.4,846.8,1218.0,953.4,2437.0,1868.0,3259.0,2002.0
2025-11-07,14,3,official_closing,closing_displayed,https://www.boatrace.jp/owpc/pc/race/odds3t?hd=20251107&jcd=14&rno=3,official_table_v2,17.2,13.4,26.8,6.6,31.3,65.8,102.3,31.7,35.6,96.9,122.0,30.9,81.2,198.5,199.4,61.6,11.9,35.5,28.8,42.3,36.2,27.8,52.3,12.4,90.9,228.3,264.0,75.1,87.0,238.5,285.3,75.0,191.3,452.3,482.3,142.9,31.3,80.2,74.7,111.9,115.4,238.5,210.2,70.0,151.9,372.5,309.9,118.4,484.1,533.4,850.4,380.1,469.4,622.1,988.4,340.1,114.3,161.4,330.7,250.4,190.9,556.1,373.1,157.3,237.4,770.3,536.7,248.9,823.6,1011.0,1174.0,646.7,622.1,694.7,850.4,395.6,190.4,245.0,626.6,386.9,265.1,666.4,530.2,141.6,403.5,988.4,884.9,329.4,1185.0,1235.0,1898.0,744.1,992.1,959.4,1844.0,562.0,209.2,345.1,727.5,523.8,32.3,105.1,81.3,92.8,47.5,150.2,134.3,167.9,217.1,254.3,502.7,453.9,221.6,283.4,643.5,487.7,175.0,269.2,529.1,431.5
2025-11-07,14,4,official_closing,closing_displayed,https://www.boatrace.jp/owpc/pc/race/odds3t?hd=20251107&jcd=14&rno=4,official_table_v2,41.1,47.5,170.5,55.1,29.1,8.1,40.7,12.5,45.8,12.7,47.9,16.8,271.5,121.2,137.7,156.2,83.1,36.6,43.8,118.5,125.0,115.1,384.0,106.1,210.7,217.4,546.5,175.3,253.5,284.5,688.4,201.7,1007.0,929.9,1392.0,924.2,333.9,377.7,354.7,907.5,74.5,20.2,66.9,24.0,152.2,136.6,342.6,101.6,26.2,82.5,56.6,20.4,190.3,459.3,150.1,139.2,42.5,105.0,31.8,100.8,159.2,55.5,109.4,44.2,329.9,335.0,673.1,187.6,52.8,145.5,108.0,37.2,207.2,553.5,304.6,131.4,66.6,152.1,61.6,116.5,1140.0,644.4,686.8,544.5,1557.0,1308.0,2055.0,1223.0,680.6,1248.0,704.4,596.1,691.5,1017.0,733.5,468.5,740.7,1238.0,699.6,648.5,263.0,114.2,125.3,297.4,489.0,457.9,508.8,1071.0,135.6,304.3,126.9,362.3,159.9,375.9,160.5,359.3,645.7,1171.0,618.0,611.7
2025-11-07,14,5,official_closing,closing_displayed,https://www.boatrace.jp/owpc/pc/race/odds3t?hd=20251107&jcd=14&rno=5,official_table_v2,13.5,71.0,12.0,16.0,41.4,310.2,113.9,140.0,269.3,480.3,371.8,323.0,44.1,149.5,414.9,72.2,78.4,268.2,553.2,120.0,12.1,50.1,7.6,9.7,35.3,141.1,33.6,41.5,185.4,249.2,139.8,148.0,15.8,35.4,108.5,13.0,27.2,59.1,150.3,22.5,117.3,644.0,267.5,324.0,118.0,340.8,135.6,155.3,1237.0,940.8,1388.0,1180.0,474.7,273.2,1041.0,478.1,544.4,449.6,1388.0,753.3,480.3,1334.0,833.2,1000.0,614.9,1080.0,455.7,401.0,2126.0,1715.0,1759.0,2219.0,1159.0,598.6,2021.0,616.7,1759.0,753.3,2126.0,857.7,76.8,290.8,791.2,119.1,64.4,144.4,347.2,48.9,604.0,310.7,1759.0,600.4,1370.0,899.3,1790.0,687.3,141.3,74.1,399.5,557.7,183.5,826.5,1427.0,315.0,143.6,341.3,562.4,107.2,1252.0,656.4,1523.0,1268.0,2062.0,995.8,2346.0,1146.0,250.4,122.1,847.1,850.6
2025-11-07,14,6,official_closing,closing_displayed,https://www.boatrace.jp/owpc/pc/race/odds3t?hd=20251107&jcd=14&rno=6,official_table_v2,19.0,15.5,22.1,13.4,36.1,57.4,63.0,63.8,41.7,78.9,91.7,40.7,50.7,113.2,136.1,75.8,44.2,132.6,84.7,121.4,29.0,17.9,23.3,13.4,74.4,88.2,84.4,69.6,50.1,98.0,70.2,35.7,81.0,102.9,89.5,45.9,49.9,106.2,56.6,67.8,138.2,172.4,157.6,167.2,121.0,115.7,97.8,85.9,246.5,181.5,191.6,170.9,230.0,168.2,242.1,170.7,214.9,191.3,255.6,249.6,110.9,327.3,152.6,108.0,134.1,260.4,127.5,76.2,313.1,258.5,259.5,227.7,236.7,168.2,405.2,127.0,162.1,96.5,332.8,147.2,141.3,279.5,297.6,134.7,164.6,208.7,169.0,69.7,301.5,228.5,376.5,227.7,384.9,281.2,525.9,224.4,203.5,125.1,346.2,238.8,146.1,520.0,302.1,436.0,169.4,385.9,165.6,285.3,778.5,653.0,778.5,1028.0,420.1,208.4,662.5,438.8,445.9,321.2,782.9,523.9
2025-11-07,14,7,official_closing,closing_displayed,https://www.boatrace.jp/owpc/pc/race/odds3t?hd=20251107&jcd=14&rno=7,official_table_v2,77.9,28.2,403.8,54.5,123.9,81.5,552.2,136.5,26.3,58.9,274.5,32.4,803.0,798.4,919.2,862.5,91.3,168.9,66.7,621.0,68.3,22.3,401.5,43.5,164.3,61.3,618.2,115.0,21.5,36.9,290.4,17.5,925.3,817.1,767.7,678.2,73.3,108.2,31.3,444.9,278.3,161.7,575.0,283.4,361.0,120.0,493.7,208.5,215.2,126.5,852.0,113.4,1126.0,1083.0,1225.0,1425.0,379.6,293.5,183.3,1552.0,25.5,53.7,184.8,20.3,21.7,33.5,166.5,12.0,92.7,62.4,444.9,43.9,207.9,232.8,361.0,152.5,17.3,11.1,32.4,89.6,1204.0,1305.0,1293.0,1126.0,1455.0,1293.0,1293.0,1012.0,1587.0,1704.0,1791.0,2587.0,533.3,599.6,632.2,406.1,565.7,589.5,688.3,444.9,90.3,209.8,62.5,531.2,88.1,160.0,45.2,475.2,362.9,260.2,183.8,831.7,46.7,31.8,100.3,223.2,705.7,640.9,963.6,409.7
2025-11-07,14,8,official_closing,closing_displayed,https://www.boatrace.jp/owpc/pc/race/odds3t?hd=20251107&jcd=14&rno=8,official_table_v2,72.0,56.8,64.8,219.5,49.8,13.3,14.3,80.5,47.9,21.3,14.8,51.5,60.1,29.0,19.5,65.3,492.3,407.3,234.4,241.3,330.7,306.0,289.5,762.4,442.9,525.3,478.6,861.5,517.4,505.3,566.8,1044.0,503.8,536.7,712.0,865.8,1356.0,1980.0,2076.0,1090.0,106.8,29.0,23.8,139.5,226.4,208.6,161.3,447.5,46.0,164.7,28.2,102.5,44.6,144.3,35.5,93.5,368.9,647.7,353.0,312.7,126.2,59.9,34.5,79.3,251.1,366.6,171.9,220.0,70.2,234.7,42.2,102.8,26.9,70.8,34.5,22.3,151.2,232.2,154.3,69.0,125.5,71.6,56.4,103.9,288.1,345.3,270.0,306.6,86.1,237.6,75.5,144.0,40.5,88.5,51.7,31.1,201.5,267.5,199.6,91.5,1266.0,1356.0,1257.0,1164.0,1936.0,2779.0,3313.0,2328.0,1389.0,2824.0,1070.0,1133.0,797.7,897.4,628.8,319.6,694.7,861.5,650.2,365.0
2025-11-07,14,9,official_closing,closing_displayed,https://www.boatrace.jp/owpc/pc/race/odds3t?hd=20251107&jcd=14&rno=9,official_table_v2,12.4,17.0,18.7,73.3,9.5,7.3,6.5,36.2,24.9,16.7,23.0,59.1,26.5,16.4,29.2,60.5,249.3,124.0,179.3,159.1,159.0,194.7,219.1,464.4,327.8,615.6,615.6,1041.0,541.2,667.4,862.8,1234.0,590.9,739.1,1288.0,1213.0,1825.0,1663.0,2002.0,2062.0,69.6,33.7,25.8,92.3,228.6,358.6,196.0,499.3,75.6,184.2,80.1,166.3,67.1,140.6,94.8,158.2,283.6,667.4,467.6,437.8,218.6,118.5,117.7,255.5,406.7,603.0,569.6,908.4,152.0,425.2,209.1,408.3,180.9,469.7,270.6,426.9,828.2,1313.0,873.8,1046.0,188.1,89.7,141.9,198.4,507.9,703.8,1108.0,1114.0,133.4,420.8,288.8,386.1,301.9,896.6,417.4,671.7,551.4,1178.0,701.4,912.5,1422.0,718.5,1265.0,1152.0,1874.0,2678.0,2514.0,2426.0,881.3,2426.0,1079.0,1384.0,1892.0,2514.0,1598.0,2988.0,1242.0,2148.0,1649.0,2104.0
2025-11-07,14,10,official_closing,closing_displayed,https://www.boatrace.jp/owpc/pc/race/odds3t?hd=20251107&jcd=14&rno=10,official_table_v2,27.4,28.0,112.5,86.6,25.5,12.3,53.8,44.2,38.4,20.0,77.3,50.4,239.2,153.6,162.6,275.2,220.6,123.1,124.3,385.9,39.5,40.9,138.6,97.2,52.9,25.9,69.6,48.3,74.6,41.3,114.9,75.3,362.5,182.5,251.2,277.7,259.2,155.3,224.1,434.4,56.5,23.8,71.1,52.8,68.3,29.0,68.3,46.7,27.4,33.9,40.1,18.0,170.7,142.4,93.5,113.5,107.4,117.8,57.3,169.2,87.4,46.0,107.1,77.3,144.4,87.9,173.5,126.6,49.9,71.4,76.5,40.8,171.1,216.9,149.5,154.1,164.2,202.2,95.7,191.0,521.9,415.8,498.5,573.9,661.8,477.1,551.5,549.6,493.7,458.8,323.3,398.8,664.7,612.3,373.8,418.1,904.3,836.2,679.2,629.7,972.1,710.2,645.3,1401.0,1178.0,755.0,747.7,1169.0,710.2,670.4,214.2,720.0,710.2,685.2,260.9,805.9,1555.0,1264.0,978.2,619.6
2025-11-07,14,11,official_closing,closing_displayed,https://www.boatrace.jp/owpc/pc/race/odds3t?hd=20251107&jcd=14&rno=11,official_table_v2,15.6,83.3,30.5,97.1,18.5,66.2,28.2,63.5,174.6,160.6,201.3,232.7,85.7,69.2,272.5,212.6,278.1,246.9,496.1,470.6,14.9,70.6,23.4,63.2,19.8,33.7,13.9,28.4,150.1,87.1,126.2,146.7,67.1,37.9,132.0,84.3,237.5,140.4,359.7,181.2,20.6,48.0,20.1,42.3,22.6,43.0,14.6,32.4,136.7,114.6,113.2,116.3,48.8,33.0,104.5,60.6,154.3,136.2,234.9,149.4,362.0,424.7,361.2,487.7,346.1,265.8,279.0,302.8,453.4,396.6,321.2,448.7,330.4,336.1,331.6,316.6,936.2,962.0,725.5,728.5,170.2,156.8,563.5,272.9,200.6,107.8,436.4,230.6,158.4,113.1,507.6,213.6,540.7,494.6,509.1,485.0,482.3,386.1,386.1,1226.0,1012.0,795.1,1415.0,1514.0,1329.0,725.5,1627.0,995.0,849.4,767.1,1371.0,1012.0,2001.0,2073.0,2001.0,2452.0,1501.0,1006.0,1030.0,1978.0
2025-11-07,14,12,official_closing,closing_displayed,https://www.boatrace.jp/owpc/pc/race/odds3t?hd=20251107&jcd=14&rno=12,official_table_v2,13.7,9.7,26.6,23.8,21.3,16.2,37.0,37.1,12.4,16.3,25.0,21.5,55.9,68.9,64.1,71.0,65.5,83.8,57.9,129.9,42.4,28.0,63.9,51.4,123.1,118.8,261.3,208.7,75.4,112.7,154.3,109.5,260.4,458.1,385.2,393.4,212.5,426.8,236.9,586.5,101.5,69.3,120.5,136.3,176.8,155.0,294.9,276.8,110.9,137.5,183.4,161.0,311.7,452.2,382.3,519.1,382.3,512.3,383.7,681.2,37.6,58.4,51.3,44.4,67.1,123.5,125.1,82.9,138.0,167.2,237.0,168.0,79.6,126.1,231.4,87.4,84.9,117.4,224.8,141.9,234.4,301.1,244.7,299.7,491.3,874.0,634.1,535.2,561.1,1036.0,878.9,1164.0,237.6,435.1,613.0,245.3,573.5,969.0,1134.0,699.6,373.2,699.6,396.9,727.3,546.4,1537.0,620.3,1444.0,1181.0,1743.0,1114.0,1926.0,414.9,671.0,1102.0,768.5,1333.0,1914.0,2000.0,1333.0
2025-11-07,15,1,official_closing,closing_displayed,https://www.boatrace.jp/owpc/pc/race/odds3t?hd=20251107&jcd=15&rno=1,official_table_v2,10.5,7.0,25.8,17.3,14.9,13.8,30.2,23.9,11.5,18.5,27.1,18.0,57.1,71.8,64.8,77.3,53.3,65.9,52.6,102.5,46.3,31.6,83.4,59.6,152.1,155.6,364.6,276.7,81.3,148.7,219.7,143.7,366.1,571.0,415.5,599.6,281.9,524.5,305.5,639.6,85.7,71.1,118.1,106.3,182.7,182.9,378.3,302.7,167.4,214.6,301.2,217.9,378.0,503.1,490.6,466.2,358.5,523.9,438.7,689.6,55.9,100.9,77.1,68.0,101.6,223.3,212.6,178.1,221.6,316.9,429.1,325.3,142.2,221.4,419.5,165.9,165.6,249.8,402.7,242.6,298.7,431.7,325.5,331.5,606.3,1090.0,753.4,1020.0,805.4,1230.0,1281.0,1173.0,393.5,560.6,1095.0,408.8,808.4,1163.0,1420.0,754.7,422.0,557.0,498.5,779.3,620.3,1163.0,715.9,1340.0,836.6,1473.0,1244.0,1616.0,729.2,805.4,1269.0,1053.0,1388.0,1726.0,1989.0,1292.0
2025-11-07,15,2,official_closing,closing_displayed,https://www.boatrace.jp/owpc/pc/race/odds3t?hd=20251107&jcd=15&rno=2,official_table_v2,8.2,8.4,13.6,25.2,11.3,11.1,14.3,25.7,14.2,19.6,21.3,29.7,23.8,28.4,35.3,39.1,72.4,85.9,85.6,88.9,53.4,49.3,73.4,113.7,168.8,331.0,433.5,524.1,214.2,423.4,466.6,447.4,304.1,571.8,686.7,632.6,557.8,1028.0,806.7,894.8,81.7,66.2,72.1,107.0,182.9,381.7,395.6,472.7,172.6,343.0,278.2,269.9,241.1,453.0,441.9,401.1,458.7,777.7,706.8,591.2,140.8,189.7,141.6,176.7,261.6,638.2,462.6,484.9,338.2,701.1,545.9,539.1,219.3,376.4,582.5,262.5,409.0,653.6,898.5,451.6,204.9,292.8,271.4,247.1,400.3,927.3,885.7,728.1,592.0,984.1,1090.0,898.5,395.2,787.6,1002.0,480.6,584.9,1040.0,1208.0,825.1,673.9,977.4,724.5,794.8,988.6,2127.0,1437.0,1920.0,1404.0,2191.0,1911.0,2260.0,975.2,1446.0,2494.0,1315.0,1136.0,1911.0,2480.0,1261.0
2025-11-07,15,3,official_closing,closing_displayed,https://www.boatrace.jp/owpc/pc/race/odds3t?hd=20251107&jcd=15&rno=3,official_table_v2,7.2,11.8,13.0,45.4,9.9,11.1,11.1,41.5,22.4,22.7,35.5,74.5,29.0,26.5,54.2,86.2,203.9,180.3,248.1,232.1,23.1,30.6,32.7,96.2,68.9,148.4,124.5,324.3,134.8,214.1,259.8,424.0,145.4,212.8,354.5,492.9,500.6,886.6,889.8,933.1,48.6,39.1,35.7,98.2,106.8,177.1,153.1,349.8,126.3,208.8,175.8,326.5,119.1,203.5,214.7,307.6,631.1,864.2,867.3,745.9,175.8,173.9,168.8,323.8,303.1,422.9,407.1,631.1,285.5,472.0,376.7,702.2,302.6,448.6,383.1,489.9,896.5,936.8,1068.0,889.8,150.8,150.6,269.3,319.7,257.6,388.3,607.1,730.0,264.8,423.7,579.2,696.1,458.5,636.9,638.6,663.4,944.1,1347.0,1167.0,1440.0,1317.0,1494.0,1918.0,1583.0,1719.0,2725.0,2058.0,2788.0,1763.0,2524.0,2422.0,2294.0,2804.0,2170.0,3240.0,3330.0,2251.0,2960.0,2447.0,3330.0
2025-11-07,15,4,official_closing,closing_displayed,https://www.boatrace.jp/owpc/pc/race/odds3t?hd=20251107&jcd=15&rno=4,official_table_v2,15.8,8.3,12.6,53.2,22.8,15.8,23.4,62.2,9.8,16.6,11.2,32.5,22.1,33.2,23.6,60.2,176.2,224.9,155.1,189.2,64.5,28.4,44.3,137.8,184.1,156.5,211.6,457.9,60.9,149.3,81.9,203.1,139.9,260.8,151.9,406.2,619.9,1236.0,618.9,960.2,182.3,124.5,140.0,311.0,324.8,285.0,339.7,672.7,257.1,362.4,307.7,605.8,348.8,459.8,413.1,721.1,1339.0,1673.0,1439.0,1483.0,50.0,105.1,45.2,111.7,89.3,262.8,115.2,256.8,304.4,424.9,333.3,585.6,78.3,110.1,221.8,146.7,347.5,454.9,704.6,366.3,102.5,160.3,97.8,197.5,199.9,367.4,216.4,417.6,397.6,525.8,473.3,788.0,156.1,199.9,336.3,261.0,691.4,903.0,1125.0,674.5,1584.0,2018.0,1377.0,1801.0,2007.0,3375.0,1840.0,3194.0,2647.0,2585.0,2852.0,3234.0,1555.0,1733.0,2780.0,1613.0,2349.0,3104.0,3770.0,1524.0
2025-11-07,15,5,official_closing,closing_displayed,https://www.boatrace.jp/owpc/pc/race/odds3t?hd=20251107&jcd=15&rno=5,official_table_v2,10.3,18.2,13.0,39.6,9.1,14.2,7.7,28.5,26.0,32.7,31.2,52.7,21.1,19.4,44.7,46.1,126.2,109.0,170.8,125.7,56.4,97.6,69.2,182.1,103.6,209.9,122.2,339.5,286.2,370.3,357.1,619.4,183.0,202.1,388.8,430.7,871.1,913.4,1061.0,923.2,36.3,40.8,21.2,63.5,96.6,190.0,104.7,247.3,125.1,215.7,114.9,189.9,58.7,110.4,127.1,118.5,359.6,526.1,507.1,314.2,258.9,239.9,221.5,368.5,460.8,708.1,655.2,932.1,319.7,575.1,356.6,520.4,332.4,538.9,485.7,482.7,735.7,1191.0,1027.0,880.0,140.9,98.4,278.9,218.9,270.1,343.3,775.7,604.8,151.0,288.5,519.7,362.1,563.7,855.7,638.9,700.4,557.6,861.4,592.8,1012.0,1234.0,881.0,1794.0,1058.0,1929.0,2419.0,2957.0,2442.0,1361.0,2132.0,2374.0,1312.0,2766.0,2991.0,2514.0,2091.0,1368.0,2004.0,1340.0,1934.0
2025-11-07,15,6,official_closing,closing_displayed,https://www.boatrace.jp/owpc/pc/race/odds3t?hd=20251107&jcd=15&rno=6,official_table_v2,5.4,12.3,10.6,26.1,7.8,15.0,12.8,33.1,33.5,36.9,53.2,73.2,27.7,29.9,67.4,68.1,133.5,134.0,190.5,187.2,18.7,38.8,31.9,66.7,59.0,140.6,112.2,171.4,208.3,276.8,357.0,374.6,140.4,195.8,345.7,338.3,398.3,533.2,737.9,748.5,40.0,59.1,49.3,100.8,76.9,182.0,143.7,240.8,195.8,228.5,292.6,353.9,151.6,196.2,332.6,330.2,483.4,615.4,909.7,709.9,353.7,404.0,398.9,520.3,504.8,617.5,797.5,935.4,579.3,555.5,793.2,835.8,618.5,780.5,869.7,769.0,1088.0,1178.0,1340.0,1242.0,198.6,225.3,442.4,372.9,310.4,439.3,771.4,740.9,415.8,570.3,1130.0,877.0,834.9,1152.0,1407.0,1079.0,790.6,1115.0,1297.0,1584.0,905.2,1221.0,1664.0,1429.0,1316.0,1660.0,2207.0,2136.0,1714.0,1927.0,2403.0,2545.0,2207.0,2527.0,2799.0,2969.0,1764.0,2387.0,2207.0,2695.0
2025-11-07,15,7,official_closing,closing_displayed,https://www.boatrace.jp/owpc/pc/race/odds3t?hd=20251107&jcd=15&rno=7,official_table_v2,11.1,15.3,11.3,39.8,14.0,16.8,12.1,38.8,28.1,29.8,23.6,51.1,18.7,19.5,29.1,33.7,121.8,125.1,141.9,103.1,51.1,60.1,46.0,118.2,141.5,322.9,222.2,480.5,191.6,416.1,290.3,490.1,131.5,256.3,300.3,309.2,559.8,976.4,999.7,756.2,72.5,74.6,48.2,106.9,178.5,360.1,230.4,464.5,221.4,411.8,271.0,401.8,106.3,189.6,238.8,229.9,493.7,913.7,853.5,604.7,143.1,171.2,95.1,175.7,255.6,451.2,241.0,422.4,329.5,555.9,351.1,578.5,86.0,131.2,209.0,99.5,296.8,418.2,643.1,236.4,54.9,59.1,82.0,58.8,122.0,239.6,285.8,196.8,148.0,254.8,353.4,277.5,112.6,160.7,309.1,113.6,155.5,243.6,350.1,264.9,772.1,867.0,940.0,618.3,1388.0,2134.0,1968.0,1571.0,1316.0,2155.0,2177.0,1732.0,1233.0,2533.0,2278.0,926.2,709.3,1240.0,1364.0,861.0
2025-11-07,15,8,official_closing,closing_displayed,https://www.boatrace.jp/owpc/pc/race/odds3t?hd=20251107&jcd=15&rno=8,official_table_v2,10.6,16.2,9.2,19.6,14.5,21.9,12.0,22.6,31.2,40.3,34.5,43.3,15.7,18.8,40.3,23.9,58.6,60.1,85.4,55.7,59.7,74.8,49.6,77.8,180.4,385.1,251.6,381.4,285.0,567.3,453.9,447.6,149.5,304.9,424.8,298.3,342.9,660.0,645.5,505.3,82.9,90.4,50.0,85.0,200.7,395.2,232.3,365.3,243.4,469.9,270.6,321.5,98.9,205.7,235.3,155.6,317.4,600.5,576.6,320.3,254.8,280.4,199.6,240.0,445.4,836.5,631.6,596.3,519.4,947.7,601.6,635.9,296.0,505.1,601.6,316.0,486.2,810.7,829.7,494.1,55.6,57.2,105.4,60.8,129.6,260.8,405.8,224.9,137.0,283.6,398.7,216.9,297.0,535.6,592.2,294.2,157.2,287.9,275.6,369.6,424.3,514.2,743.7,417.5,684.7,1443.0,1352.0,1042.0,884.0,1699.0,1513.0,890.9,1177.0,1682.0,1996.0,1197.0,511.6,921.3,767.1,1035.0
2025-11-07,15,9,official_closing,closing_displayed,https://www.boatrace.jp/owpc/pc/race/odds3t?hd=20251107&jcd=15&rno=9,official_table_v2,8.3,8.7,30.8,24.2,14.5,16.8,46.7,33.4,16.9,22.6,51.5,30.0,70.9,102.8,99.9,99.5,84.4,120.9,110.4,198.2,25.9,22.5,63.4,55.6,88.8,117.7,279.5,218.1,75.5,124.4,208.8,157.3,283.5,483.5,451.6,520.3,306.0,470.1,352.0,714.1,73.1,65.0,128.4,101.7,128.8,153.5,330.8,258.9,97.0,132.4,186.8,125.4,360.8,460.4,432.4,451.3,385.4,452.7,379.0,611.6,49.8,61.9,72.5,48.6,70.0,123.7,116.2,83.8,94.6,130.3,163.4,104.7,68.7,81.7,164.7,65.0,90.3,95.1,151.2,107.1,248.8,436.0,291.1,306.1,395.9,805.4,494.6,505.0,716.3,941.8,993.9,964.8,216.5,247.2,550.8,200.5,585.6,682.8,1085.0,627.8,632.2,861.6,752.7,1191.0,798.3,1044.0,818.2,1561.0,1197.0,1267.0,1058.0,2093.0,743.2,653.8,886.1,893.5,1629.0,1768.0,2093.0,1372.0
2025-11-07,15,10,official_closing,closing_displayed,https://www.boatrace.jp/owpc/pc/race/odds3t?hd=20251107&jcd=15&rno=10,official_table_v2,8.1,9.0,14.3,27.2,11.2,11.2,17.7,28.9,17.3,19.7,28.3,34.4,36.0,39.2,51.4,64.7,79.3,80.8,88.9,116.0,40.1,42.5,60.5,87.3,119.4,238.7,285.0,397.0,153.2,305.4,338.2,363.2,251.9,520.1,541.8,682.4,446.9,913.1,876.2,1055.0,55.9,46.1,59.3,73.7,124.8,212.9,271.2,321.8,104.9,213.2,205.7,200.3,230.9,428.3,336.0,411.8,338.4,591.6,521.0,697.9,88.8,104.7,90.9,113.5,189.4,375.1,322.8,357.8,184.9,381.7,341.9,368.5,159.4,263.1,339.6,199.4,311.5,481.9,582.5,361.8,189.8,247.7,259.4,276.3,337.4,695.0,726.1,793.5,446.4,808.9,702.5,764.5,343.2,585.1,697.9,405.4,609.8,997.2,929.8,724.7,394.6,420.3,518.7,709.3,750.3,1377.0,1323.0,1611.0,640.6,1089.0,1073.0,1748.0,1014.0,1451.0,1642.0,1374.0,1257.0,1946.0,1824.0,1467.0
2025-11-07,15,11,official_closing,closing_displayed,https://www.boatrace.jp/owpc/pc/race/odds3t?hd=20251107&jcd=15&rno=11,official_table_v2,13.2,8.5,9.3,29.3,23.7,29.3,27.2,61.8,13.4,31.4,16.5,36.7,19.9,40.7,26.7,45.6,115.7,179.9,113.3,119.6,49.7,28.1,32.5,76.7,163.0,302.1,280.7,576.8,73.5,242.3,124.4,279.9,105.8,322.8,179.3,322.0,473.8,1164.0,793.3,819.7,186.4,206.1,161.5,331.5,327.2,525.7,496.9,930.5,470.7,679.6,637.9,1123.0,417.1,668.0,854.6,822.5,1257.0,1985.0,1953.0,1685.0,43.2,109.1,39.9,75.3,74.0,278.3,90.5,185.5,369.6,540.1,467.6,713.0,44.8,58.6,182.0,60.8,187.4,274.9,587.8,174.7,82.3,177.3,92.9,124.1,147.2,464.3,201.8,295.4,437.2,764.1,891.3,968.7,95.9,113.6,348.0,110.8,394.4,572.4,929.8,402.3,974.9,1377.0,1029.0,1117.0,1427.0,2732.0,1743.0,2088.0,2376.0,3554.0,3222.0,2997.0,1199.0,1541.0,2896.0,1117.0,1394.0,2011.0,2660.0,1130.0
2025-11-07,15,12,official_closing,closing_displayed,https://www.boatrace.jp/owpc/pc/race/odds3t?hd=20251107&jcd=15&rno=12,official_table_v2,7.7,11.5,18.6,23.5,7.8,7.5,12.4,15.4,18.5,16.3,32.5,27.8,35.6,31.2,61.1,58.4,71.3,61.8,86.7,109.5,58.0,91.1,129.0,153.4,145.3,339.8,458.8,564.5,323.5,523.6,830.6,794.0,496.4,854.3,1186.0,1202.0,820.5,1336.0,1540.0,1722.0,49.6,42.9,59.1,72.4,129.9,287.1,387.5,410.8,102.2,232.3,214.2,205.7,192.4,422.1,372.0,400.7,347.9,775.5,542.5,731.6,192.1,161.7,251.0,259.2,409.9,644.7,957.3,897.5,256.0,563.0,592.7,542.8,462.5,907.4,794.4,737.6,692.9,1368.0,1053.0,1171.0,316.5,267.5,459.2,412.4,631.3,1102.0,1581.0,1551.0,448.3,1026.0,1122.0,1039.0,874.5,1599.0,1458.0,1264.0,1051.0,1978.0,1618.0,1816.0,805.8,691.3,958.4,1120.0,1447.0,2247.0,2720.0,2911.0,1140.0,2399.0,1977.0,2563.0,1648.0,2874.0,2320.0,2617.0,1893.0,2982.0,2651.0,2666.0
2025-11-07,17,1,official_closing,closing_displayed,https://www.boatrace.jp/owpc/pc/race/odds3t?hd=20251107&jcd=17&rno=1,official_table_v2,18.7,3.9,6.5,6.0,42.9,64.4,97.6,91.8,11.0,63.1,22.1,18.6,24.4,130.4,44.6,41.9,22.7,137.9,41.8,50.7,97.0,30.2,50.7,44.7,347.7,723.9,1064.0,987.8,144.5,670.4,364.0,297.7,286.4,1304.0,649.8,612.1,244.6,1278.0,537.4,739.1,302.8,391.0,415.6,612.1,493.1,796.7,1332.0,1148.0,958.0,1178.0,1609.0,1577.0,1326.0,2100.0,1957.0,2171.0,1761.0,2578.0,2620.0,2909.0,91.8,412.3,120.8,101.3,193.2,938.1,425.6,322.2,1097.0,1539.0,1761.0,1981.0,208.4,345.4,1120.0,281.1,228.9,433.7,1668.0,432.6,268.5,935.4,388.6,329.6,500.9,1832.0,1205.0,796.7,1409.0,2882.0,2936.0,3171.0,538.3,927.2,2402.0,771.5,662.0,1161.0,2642.0,1116.0,272.8,1078.0,375.7,572.3,454.3,2516.0,1132.0,1338.0,1898.0,3337.0,2856.0,3049.0,545.7,1161.0,3108.0,1454.0,981.7,1732.0,3337.0,1742.0
2025-11-07,17,2,official_closing,closing_displayed,https://www.boatrace.jp/owpc/pc/race/odds3t?hd=20251107&jcd=17&rno=2,official_table_v2,11.7,33.9,6.8,97.1,18.5,69.2,18.6,221.7,82.0,122.7,66.9,319.0,6.8,13.6,34.4,43.7,375.2,576.6,626.7,294.3,67.1,101.6,21.9,220.7,219.5,691.7,217.9,1074.0,318.1,872.7,301.5,947.6,31.7,101.0,147.0,210.3,783.7,1776.0,1328.0,797.8,162.2,457.8,131.2,950.1,270.0,640.3,247.8,1182.0,937.5,1064.0,857.9,1675.0,171.6,215.2,548.0,737.9,2783.0,2761.0,3128.0,1732.0,261.8,633.4,162.3,528.3,416.8,1090.0,334.0,881.4,1318.0,1628.0,1132.0,2251.0,127.1,161.1,424.8,230.8,1240.0,1271.0,1974.0,724.3,11.5,26.4,43.9,39.5,19.4,51.6,79.7,73.1,80.7,99.2,268.7,245.8,81.5,100.3,221.3,144.2,103.2,118.5,229.8,216.9,1349.0,2921.0,2223.0,987.3,1599.0,3334.0,2970.0,1530.0,4310.0,4310.0,3499.0,2031.0,3184.0,3242.0,3242.0,1504.0,940.0,1140.0,1741.0,1408.0
2025-11-07,17,3,official_closing,closing_displayed,https://www.boatrace.jp/owpc/pc/race/odds3t?hd=20251107&jcd=17&rno=3,official_table_v2,9.8,18.3,103.3,38.7,8.5,9.7,69.3,23.2,32.2,26.3,142.0,50.1,300.0,274.4,355.6,316.8,106.0,79.6,114.9,291.9,21.9,39.9,140.4,59.6,34.5,39.9,139.3,63.6,78.2,70.5,280.9,113.4,670.2,608.5,644.7,600.8,201.1,176.1,214.1,524.0,23.6,24.3,97.7,44.8,35.6,37.4,130.4,57.9,43.7,50.2,137.0,61.1,383.1,385.6,330.4,308.9,110.5,132.4,123.7,317.6,95.2,81.0,262.9,136.2,139.5,116.7,395.2,170.3,94.0,110.1,282.5,145.0,469.2,500.9,494.6,350.4,196.9,220.5,225.0,357.7,918.6,936.7,1399.0,1279.0,1321.0,1505.0,1762.0,1496.0,1232.0,1505.0,1245.0,1618.0,1575.0,1525.0,1407.0,983.1,1618.0,1596.0,1903.0,1111.0,212.0,194.7,282.5,627.7,238.1,257.2,318.5,785.2,164.0,199.2,229.4,573.3,370.6,375.8,359.4,699.7,1321.0,1459.0,1359.0,1213.0
2025-11-07,17,4,official_closing,closing_displayed,https://www.boatrace.jp/owpc/pc/race/odds3t?hd=20251107&jcd=17&rno=4,official_table_v2,111.5,196.7,132.2,333.2,92.0,80.5,41.5,211.6,288.1,146.0,135.8,391.3,137.6,56.3,116.8,195.0,960.6,637.2,915.5,530.5,181.4,300.1,190.6,535.0,145.8,59.6,34.7,129.4,306.6,95.4,85.9,231.6,174.4,43.7,76.9,129.0,1088.0,424.8,577.7,403.8,117.7,85.8,32.8,189.1,117.7,49.7,23.8,95.2,86.8,54.8,15.3,59.5,23.2,17.1,10.3,12.8,368.6,239.9,178.4,61.8,423.3,274.7,205.5,482.1,426.9,162.6,131.4,316.6,182.4,110.7,36.2,113.1,116.4,79.7,33.6,61.9,669.1,509.2,291.8,190.8,196.2,72.8,186.4,188.5,228.6,59.8,126.1,148.4,46.8,33.7,21.7,25.6,158.6,111.4,36.0,73.9,224.8,184.9,60.6,125.1,2587.0,2284.0,2370.0,1518.0,2587.0,1457.0,1824.0,1287.0,1749.0,1320.0,787.6,275.0,2167.0,1500.0,979.2,564.8,1147.0,865.5,264.1,507.2
2025-11-07,17,5,official_closing,closing_displayed,https://www.boatrace.jp/owpc/pc/race/odds3t?hd=20251107&jcd=17&rno=5,official_table_v2,28.1,137.0,23.6,23.0,39.5,234.4,54.9,43.2,366.0,525.7,405.8,322.7,47.2,81.8,320.4,46.0,48.4,82.0,291.1,59.8,30.7,127.2,26.7,20.5,44.6,137.6,30.5,22.2,277.6,341.5,239.6,157.4,44.1,41.6,168.9,17.9,36.3,32.1,123.3,20.4,68.7,344.5,87.6,55.5,67.9,183.3,44.4,27.8,491.9,361.2,348.5,244.5,130.9,69.7,338.8,49.3,94.4,48.5,254.5,62.9,603.5,965.2,587.3,672.4,632.1,669.5,552.3,359.5,1055.0,766.8,766.8,603.5,577.3,541.5,826.9,305.3,721.6,395.3,687.6,355.3,98.1,176.0,451.9,88.1,90.3,96.4,343.8,39.6,260.8,142.4,648.2,106.6,686.0,607.1,833.7,374.9,77.8,40.8,89.2,250.1,120.5,263.5,618.1,164.2,100.6,102.0,279.6,64.6,350.8,138.3,663.7,196.5,1077.0,526.6,897.3,540.6,166.5,70.9,174.7,388.3
2025-11-07,17,6,official_closing,closing_displayed,https://www.boatrace.jp/owpc/pc/race/odds3t?hd=20251107&jcd=17&rno=6,official_table_v2,42.9,13.5,26.5,13.0,46.2,29.7,39.3,27.5,14.6,32.9,14.3,7.1,38.7,58.6,27.1,19.0,15.8,40.0,10.7,19.3,340.2,170.5,272.2,174.4,758.7,1260.0,1449.0,1330.0,353.7,1330.0,814.1,483.8,706.1,1449.0,1154.0,933.4,420.5,1449.0,750.7,979.6,357.6,216.6,264.1,200.5,727.7,891.4,1128.0,909.6,390.5,1039.0,612.7,379.7,552.8,1117.0,825.4,591.3,409.4,1064.0,546.9,687.0,114.7,233.3,71.3,43.3,282.5,1021.0,485.8,332.9,537.8,1157.0,816.0,558.0,110.8,288.0,512.3,91.6,63.4,207.9,354.1,91.3,268.1,402.0,165.6,112.6,749.1,1756.0,1033.0,723.3,907.3,1838.0,1564.0,935.9,232.9,679.2,1001.0,192.7,155.3,476.0,646.0,205.6,127.6,265.5,71.8,117.9,359.8,1306.0,700.5,948.3,636.7,1523.0,916.6,1087.0,118.6,452.5,588.4,204.4,232.0,721.8,799.5,277.0
2025-11-07,17,7,official_closing,closing_displayed,https://www.boatrace.jp/owpc/pc/race/odds3t?hd=20251107&jcd=17&rno=7,official_table_v2,53.6,56.4,124.0,195.8,39.0,21.5,51.1,92.5,52.6,32.5,70.3,105.9,230.9,162.8,174.2,300.3,497.7,371.8,337.6,434.2,64.1,57.4,114.1,190.8,58.4,34.1,68.1,100.9,65.7,40.9,76.3,104.3,217.6,164.9,146.6,288.2,436.8,337.3,332.8,446.1,59.8,27.4,52.8,96.8,61.7,27.4,56.8,93.7,21.2,16.9,12.8,22.5,87.4,84.0,42.1,76.7,222.6,198.5,89.6,141.6,87.2,56.0,85.1,123.3,96.6,51.3,84.4,115.8,40.4,30.9,23.8,38.1,103.8,99.0,53.6,67.3,199.7,181.3,108.2,109.0,573.9,426.8,389.5,696.6,634.1,467.3,397.0,723.5,355.9,389.1,161.3,371.0,327.8,290.7,157.3,208.6,799.1,823.6,548.7,349.6,1357.0,1076.0,840.3,1186.0,1408.0,1004.0,832.8,1329.0,963.4,953.6,391.6,743.6,754.0,662.1,410.4,423.0,1292.0,1338.0,886.0,522.7
2025-11-07,17,8,official_closing,closing_displayed,https://www.boatrace.jp/owpc/pc/race/odds3t?hd=20251107&jcd=17&rno=8,official_table_v2,13.6,9.8,87.3,230.0,22.9,25.0,174.3,410.6,20.2,37.9,150.0,416.6,382.6,532.0,554.6,1327.0,1014.0,1471.0,1224.0,1832.0,12.6,8.2,63.4,164.3,18.4,10.6,62.8,169.1,10.9,10.8,40.6,126.3,233.4,234.0,193.0,661.0,592.3,615.6,482.8,844.6,61.2,49.1,253.5,525.7,54.4,26.6,155.2,322.7,68.3,39.0,192.9,485.0,682.6,523.1,603.7,1289.0,1731.0,1327.0,1521.0,2089.0,51.7,91.5,165.1,569.7,38.2,35.6,89.2,289.0,122.3,64.1,281.5,682.6,404.8,275.3,460.8,799.3,1543.0,1080.0,1821.0,1528.0,1219.0,1731.0,1471.0,2874.0,1219.0,1139.0,826.7,2467.0,2131.0,1424.0,1887.0,3916.0,1693.0,943.8,1760.0,2506.0,4896.0,5222.0,4896.0,3775.0,2848.0,3520.0,3481.0,5802.0,3102.0,2547.0,2338.0,5802.0,6267.0,3775.0,3916.0,6144.0,5136.0,2901.0,4896.0,4541.0,6528.0,5595.0,7287.0,5222.0
2025-11-07,17,9,official_closing,closing_displayed,https://www.boatrace.jp/owpc/pc/race/odds3t?hd=20251107&jcd=17&rno=9,official_table_v2,53.2,25.3,16.4,11.3,153.7,394.0,406.8,414.8,98.9,411.7,208.8,156.5,64.6,399.1,218.2,83.9,44.5,369.1,170.7,93.0,35.9,15.2,10.2,5.5,127.9,201.4,144.9,105.7,46.6,162.6,51.0,32.6,24.9,123.2,57.7,15.5,12.5,79.2,30.0,13.3,538.2,1141.0,774.7,1150.0,622.2,696.3,759.7,556.7,1858.0,1502.0,2182.0,1455.0,1687.0,1109.0,1774.0,1361.0,1910.0,992.9,2037.0,1697.0,239.1,1165.0,449.4,309.7,181.4,662.7,214.5,133.7,2022.0,1389.0,2067.0,1617.0,487.6,245.3,1432.0,243.4,323.9,178.4,1066.0,332.1,205.8,1011.0,779.1,279.8,171.4,661.1,367.2,104.4,2132.0,1354.0,2895.0,1425.0,878.7,509.3,1978.0,526.9,296.0,127.5,1003.0,495.5,97.2,828.4,412.3,259.9,67.8,327.4,170.8,78.4,1871.0,916.8,2218.0,1833.0,601.8,302.2,1637.0,611.2,318.7,138.9,1227.0,579.0
2025-11-07,17,10,official_closing,closing_displayed,https://www.boatrace.jp/owpc/pc/race/odds3t?hd=20251107&jcd=17&rno=10,official_table_v2,7.8,43.1,15.7,75.8,5.5,16.8,3.8,26.4,112.3,71.1,97.6,215.5,22.6,10.9,66.1,60.3,350.1,188.5,431.9,219.9,68.7,239.4,110.9,351.6,119.3,605.3,231.1,892.6,715.2,1134.0,1182.0,1507.0,290.8,351.2,1023.0,1130.0,1253.0,1901.0,2231.0,2202.0,30.3,64.7,16.9,84.8,97.8,343.6,140.9,533.0,259.4,506.4,339.8,810.5,45.4,109.0,228.6,210.9,546.9,1014.0,1267.0,701.7,959.1,737.3,778.4,1549.0,1449.0,1849.0,2187.0,2041.0,942.9,1934.0,1174.0,3281.0,1191.0,1901.0,1249.0,2105.0,3314.0,3450.0,3561.0,3218.0,98.7,51.1,355.3,218.3,281.7,341.5,1178.0,862.7,76.3,219.3,570.2,405.7,832.6,1371.0,1011.0,1699.0,589.3,1112.0,783.9,1514.0,2574.0,1743.0,3638.0,2004.0,3218.0,3450.0,4184.0,4291.0,1980.0,3938.0,4996.0,2340.0,5487.0,4851.0,5313.0,4237.0,2173.0,3638.0,2173.0,4404.0
2025-11-07,17,11,official_closing,closing_displayed,https://www.boatrace.jp/owpc/pc/race/odds3t?hd=20251107&jcd=17&rno=11,official_table_v2,12.9,20.2,95.7,54.9,10.5,7.6,52.3,22.0,28.2,18.3,101.6,44.4,273.9,213.2,299.7,345.6,186.6,121.3,161.9,359.6,29.4,38.6,140.7,99.0,41.6,46.3,182.3,92.5,76.2,75.1,275.7,141.6,498.3,584.9,644.9,721.7,419.9,404.1,470.6,879.3,21.5,13.9,72.4,33.8,36.3,40.3,174.9,78.6,26.0,44.8,93.9,43.8,248.3,407.6,285.0,318.8,146.5,232.4,146.3,370.1,83.6,48.6,170.2,93.8,134.8,135.5,361.1,198.8,51.0,98.9,170.4,81.2,294.6,425.1,364.4,291.3,188.8,259.2,212.2,371.2,947.2,850.3,936.9,1142.0,1195.0,1419.0,1396.0,1561.0,899.3,1662.0,1331.0,1301.0,1152.0,1317.0,1285.0,1110.0,2044.0,2576.0,1915.0,1764.0,952.5,710.7,846.1,2270.0,1241.0,1552.0,1171.0,3282.0,807.7,1463.0,786.7,2363.0,913.6,1115.0,886.9,2465.0,3220.0,3994.0,3180.0,3067.0
2025-11-07,17,12,official_closing,closing_displayed,https://www.boatrace.jp/owpc/pc/race/odds3t?hd=20251107&jcd=17&rno=12,official_table_v2,11.0,10.1,88.9,91.7,13.1,7.0,60.2,65.3,14.1,9.5,64.2,58.1,259.4,208.8,241.5,348.0,351.0,328.2,304.1,504.7,36.9,31.1,152.0,168.0,59.8,37.4,178.0,198.8,56.0,42.3,172.1,166.5,524.4,581.3,553.7,1126.0,581.9,713.7,562.4,1353.0,43.8,25.0,106.6,137.5,61.8,34.5,167.8,179.2,27.9,29.6,61.6,77.6,278.1,357.0,195.1,474.3,513.8,595.5,348.9,775.6,58.5,44.1,158.9,155.0,86.3,62.4,258.5,224.8,48.7,49.8,114.1,137.2,323.4,403.3,267.9,441.8,397.0,434.3,357.0,668.3,1069.0,884.4,1003.0,1468.0,1403.0,1102.0,1162.0,2110.0,978.0,1042.0,700.6,1734.0,1157.0,1237.0,713.7,1326.0,2350.0,3134.0,2340.0,2143.0,1935.0,1887.0,1619.0,2928.0,2271.0,2614.0,1792.0,3413.0,2085.0,2552.0,1353.0,3392.0,1780.0,1649.0,1360.0,2913.0,3116.0,3480.0,3392.0,2866.0
2025-11-07,18,1,official_closing,closing_displayed,https://www.boatrace.jp/owpc/pc/race/odds3t?hd=20251107&jcd=18&rno=1,official_table_v2,10.5,36.5,13.6,33.4,9.3,17.5,7.2,19.8,44.8,33.6,27.9,57.8,15.6,13.0,27.8,16.6,63.5,46.9,91.9,40.2,178.1,328.5,212.3,412.1,380.0,1161.0,787.3,1266.0,765.8,1386.0,993.1,1800.0,504.7,808.0,1282.0,1170.0,1226.0,1700.0,2297.0,1769.0,146.8,141.9,86.7,157.0,375.9,894.9,659.2,1095.0,287.4,924.5,376.8,644.0,176.7,464.3,348.6,308.1,368.7,767.7,636.0,506.3,87.0,75.6,50.6,98.5,215.4,413.2,386.7,523.5,168.6,428.1,229.5,390.6,70.9,261.1,211.0,120.0,225.5,598.9,539.1,254.6,114.7,97.3,101.3,82.2,342.4,691.8,810.1,608.4,220.3,653.6,610.8,434.2,147.3,462.2,399.3,202.9,143.3,396.2,379.6,228.2,612.0,401.3,432.4,338.6,1231.0,2297.0,2386.0,1749.0,672.2,2025.0,1068.0,1261.0,664.9,1682.0,1175.0,696.5,431.1,1175.0,1047.0,632.1
2025-11-07,18,2,official_closing,closing_displayed,https://www.boatrace.jp/owpc/pc/race/odds3t?hd=20251107&jcd=18&rno=2,official_table_v2,8.7,16.2,31.8,23.3,7.2,7.9,17.1,9.1,27.9,19.2,53.0,25.0,76.0,56.4,107.7,89.0,58.8,35.2,53.0,116.4,75.3,124.4,227.6,160.7,193.2,570.3,693.0,564.3,370.5,605.2,1163.0,665.4,777.6,1044.0,1422.0,1065.0,584.0,994.4,941.9,1273.0,43.1,38.0,49.9,37.3,123.2,290.7,326.6,286.7,85.1,196.4,194.5,118.0,169.4,337.7,321.5,280.1,126.9,338.6,224.6,349.2,151.1,105.0,161.1,96.1,352.9,607.9,665.4,484.6,171.9,404.0,353.3,230.8,235.6,410.9,417.9,226.8,168.6,356.2,282.4,285.4,430.0,340.3,485.4,383.2,770.9,1032.0,1178.0,1153.0,499.0,1105.0,990.7,894.6,594.4,1044.0,962.2,609.3,655.6,1028.0,757.8,945.2,341.2,183.9,307.8,632.4,673.8,1078.0,1163.0,1357.0,300.9,976.3,652.4,1040.0,548.1,1163.0,764.3,1128.0,1096.0,1651.0,1267.0,1477.0
2025-11-07,18,3,official_closing,closing_displayed,https://www.boatrace.jp/owpc/pc/race/odds3t?hd=20251107&jcd=18&rno=3,official_table_v2,95.0,23.4,66.5,68.3,106.5,57.5,95.9,152.9,13.5,39.2,10.1,12.7,73.9,121.2,28.0,41.0,124.0,237.3,48.4,77.4,378.1,125.8,299.6,324.1,698.5,664.2,1176.0,972.4,178.4,555.1,375.2,432.5,483.8,1190.0,559.3,693.6,734.7,1487.0,867.5,1001.0,621.2,366.9,506.0,688.8,888.2,715.3,1074.0,991.9,372.9,687.2,486.2,556.2,802.0,1282.0,815.2,1026.0,822.0,1710.0,1340.0,1340.0,25.7,79.2,12.1,14.0,80.4,393.6,133.5,128.8,252.1,552.0,323.8,313.2,13.5,53.9,131.7,12.3,31.1,89.1,182.5,26.8,124.5,265.4,40.1,57.3,328.0,912.8,388.4,350.9,736.5,1029.0,701.8,711.9,37.3,149.6,296.6,35.0,84.9,197.2,366.9,60.7,515.7,817.5,187.1,261.4,1055.0,1836.0,982.0,1135.0,2052.0,2237.0,1740.0,1907.0,193.9,546.0,855.1,128.3,295.2,668.7,1047.0,144.4
2025-11-07,18,4,official_closing,closing_displayed,https://www.boatrace.jp/owpc/pc/race/odds3t?hd=20251107&jcd=18&rno=4,official_table_v2,3.0,25.9,4.6,5.1,10.9,71.0,28.1,32.2,95.8,185.4,231.7,222.4,20.3,50.4,196.3,44.3,25.7,62.3,238.5,69.6,31.6,103.5,38.8,36.7,184.9,693.9,494.6,593.8,390.4,858.2,1356.0,1145.0,249.6,545.8,1463.0,511.3,243.1,733.7,1556.0,621.1,221.4,710.1,358.2,542.1,349.4,1271.0,712.2,1046.0,1722.0,2228.0,3036.0,3469.0,828.9,1012.0,1927.0,1395.0,1202.0,1577.0,2583.0,1556.0,909.6,1826.0,1556.0,1826.0,1327.0,2698.0,3113.0,2698.0,2313.0,2669.0,4416.0,4857.0,2358.0,2961.0,4337.0,3074.0,2857.0,3625.0,5060.0,3469.0,265.4,517.8,1226.0,377.7,442.4,1033.0,2404.0,855.2,1395.0,2208.0,4337.0,3036.0,2998.0,4416.0,4187.0,3327.0,684.1,1029.0,2058.0,2961.0,302.0,975.4,1826.0,670.9,449.7,1619.0,2611.0,1285.0,1943.0,2961.0,4261.0,4582.0,4337.0,4116.0,4497.0,4187.0,1037.0,1597.0,2760.0,3855.0
2025-11-07,18,5,official_closing,closing_displayed,https://www.boatrace.jp/owpc/pc/race/odds3t?hd=20251107&jcd=18&rno=5,official_table_v2,49.7,31.1,73.9,296.8,39.3,10.7,28.7,206.3,19.8,7.7,9.0,78.5,89.8,53.1,32.6,206.0,759.3,575.3,407.6,633.8,199.4,92.1,185.3,997.2,439.9,361.3,775.0,1680.0,188.8,322.3,378.7,869.7,515.8,1108.0,656.1,1893.0,2579.0,3324.0,2579.0,2719.0,166.7,34.0,64.0,337.6,399.9,306.5,579.8,1481.0,40.0,162.2,53.9,208.3,177.4,536.1,143.1,620.7,1347.0,2770.0,901.1,1246.0,30.9,16.0,10.7,63.0,74.2,150.0,114.5,355.3,32.9,117.1,36.1,177.4,15.1,55.8,36.9,43.7,183.3,492.0,348.6,171.9,201.0,136.9,73.5,285.4,432.3,840.4,477.9,917.7,295.6,859.7,226.9,890.4,71.9,237.8,142.1,155.5,715.7,1226.0,1347.0,473.3,3835.0,3116.0,1481.0,2535.0,5540.0,5540.0,3399.0,3478.0,4155.0,5753.0,2374.0,3182.0,1699.0,2991.0,2199.0,1159.0,2671.0,3648.0,3835.0,1424.0
2025-11-07,18,6,official_closing,closing_displayed,https://www.boatrace.jp/owpc/pc/race/odds3t?hd=20251107&jcd=18&rno=6,official_table_v2,96.6,93.8,212.2,433.3,128.7,208.6,338.6,629.1,167.7,231.6,237.4,590.2,442.6,579.1,410.4,1530.0,1609.0,1511.0,1116.0,1967.0,68.0,54.5,133.7,471.2,61.7,6.4,13.4,121.3,39.3,6.7,9.5,69.9,137.5,38.7,29.2,168.4,1318.0,522.9,352.1,464.2,229.9,259.8,286.2,573.8,142.7,20.8,35.0,197.9,212.9,34.9,60.9,262.5,442.6,108.2,138.6,406.3,1347.0,774.6,854.7,765.0,136.9,242.5,148.6,314.5,72.6,18.8,14.5,60.1,205.8,38.2,46.7,186.9,100.4,22.6,41.6,55.9,558.3,218.5,392.2,173.1,642.2,860.7,587.4,1180.0,406.3,156.1,109.1,390.9,826.3,235.1,274.8,898.1,347.1,109.4,214.8,239.7,1967.0,924.9,1239.0,579.1,2882.0,3178.0,1877.0,3023.0,3178.0,1849.0,1180.0,1158.0,3645.0,1906.0,2478.0,2754.0,3755.0,1096.0,2637.0,1158.0,3178.0,2529.0,2529.0,1549.0
2025-11-07,18,7,official_closing,closing_displayed,https://www.boatrace.jp/owpc/pc/race/odds3t?hd=20251107&jcd=18&rno=7,official_table_v2,5.0,42.5,13.1,226.6,6.8,34.3,10.8,186.8,152.7,143.8,188.0,468.2,35.5,31.7,171.3,441.0,734.0,768.7,673.2,830.5,10.3,61.8,18.7,208.3,20.4,74.8,21.4,257.4,263.9,209.5,284.4,795.6,61.0,50.0,224.4,404.9,1015.0,1580.0,1750.0,1185.0,21.5,78.4,23.7,242.0,37.6,101.5,34.3,403.4,210.7,178.0,196.5,635.6,53.8,52.1,171.0,340.6,1307.0,1497.0,1264.0,972.4,818.5,824.4,653.9,1517.0,1063.0,693.7,1094.0,2031.0,795.6,702.3,698.0,2370.0,940.3,1161.0,1006.0,1338.0,2646.0,2473.0,2322.0,2322.0,134.8,129.0,529.2,635.6,176.1,139.2,505.6,989.3,163.7,135.7,681.3,685.4,753.5,615.0,806.9,1126.0,1034.0,1806.0,1750.0,1777.0,4063.0,4946.0,1961.0,4376.0,3923.0,4063.0,4214.0,4376.0,4946.0,4214.0,4376.0,3346.0,5418.0,3792.0,4946.0,3160.0,4551.0,4063.0,3670.0,3250.0
2025-11-07,18,8,official_closing,closing_displayed,https://www.boatrace.jp/owpc/pc/race/odds3t?hd=20251107&jcd=18&rno=8,official_table_v2,34.4,23.9,38.8,198.8,30.0,21.4,27.1,180.8,21.1,22.3,18.8,141.9,69.5,50.6,50.1,255.6,615.9,424.9,389.4,650.3,72.8,52.7,95.7,435.5,169.0,101.3,148.4,688.7,62.7,81.4,57.0,269.4,221.5,291.9,144.1,662.6,1100.0,1294.0,902.0,1100.0,72.2,48.4,51.1,336.9,156.5,111.2,105.5,656.4,72.9,98.1,49.9,238.6,131.9,117.1,93.2,412.4,913.8,1118.0,607.9,613.2,29.6,39.5,12.6,76.4,43.2,58.3,26.0,120.2,75.0,79.5,40.7,215.1,16.0,19.8,27.9,37.5,222.2,236.1,279.6,129.7,188.6,245.7,140.9,451.0,266.3,413.6,194.1,699.1,362.2,371.8,219.8,827.3,97.5,108.8,137.2,148.4,743.7,706.1,720.7,351.3,1553.0,1487.0,991.6,1664.0,1747.0,1588.0,1226.0,1839.0,2330.0,2330.0,1705.0,1536.0,1028.0,907.9,1306.0,550.4,2056.0,1915.0,1487.0,653.3
2025-11-07,18,9,official_closing,closing_displayed,https://www.boatrace.jp/owpc/pc/race/odds3t?hd=20251107&jcd=18&rno=9,official_table_v2,12.1,10.1,143.2,33.5,13.3,9.3,130.3,22.4,12.6,12.9,146.7,20.8,369.8,419.2,421.1,409.0,67.8,53.0,50.8,300.5,46.3,35.6,314.8,73.3,113.1,135.6,688.8,240.9,78.2,138.1,608.5,163.5,892.9,1398.0,1482.0,1377.0,281.6,442.7,299.3,1158.0,78.3,45.2,329.7,70.2,136.1,143.5,886.5,227.4,60.0,115.4,402.3,68.6,965.0,1277.0,998.8,1032.0,135.0,267.1,119.0,819.8,33.9,37.5,152.8,31.6,54.5,95.8,346.9,83.2,64.5,105.7,384.4,70.4,243.9,339.6,413.1,203.8,37.5,58.8,54.1,157.6,1126.0,2047.0,1537.0,1807.0,1537.0,2895.0,2316.0,2390.0,2941.0,2918.0,3368.0,3399.0,1328.0,1506.0,2093.0,1172.0,2232.0,2330.0,2609.0,1852.0,187.0,163.8,133.4,785.1,273.4,421.6,338.1,1482.0,221.2,437.5,228.8,1464.0,130.3,230.6,183.7,609.5,1282.0,2179.0,1920.0,1403.0
2025-11-07,18,10,official_closing,closing_displayed,https://www.boatrace.jp/owpc/pc/race/odds3t?hd=20251107&jcd=18&rno=10,official_table_v2,10.5,137.0,38.4,15.8,11.0,74.0,14.5,7.9,323.8,247.3,406.5,262.4,80.0,44.4,345.0,45.0,26.5,15.8,200.9,38.2,25.6,277.7,99.2,34.4,66.4,517.6,227.1,102.8,881.1,1148.0,1857.0,1088.0,379.6,462.0,1393.0,354.1,112.7,150.7,609.1,281.0,41.2,130.2,26.1,14.8,90.0,422.8,178.5,98.0,394.7,849.5,489.5,314.7,64.9,170.3,393.0,44.7,23.9,66.3,194.3,37.7,1280.0,1024.0,1435.0,1343.0,1647.0,2202.0,3789.0,2282.0,1101.0,2177.0,1633.0,1184.0,1913.0,3444.0,2255.0,1605.0,1770.0,2631.0,1738.0,1913.0,362.9,184.2,1076.0,168.5,662.4,693.9,1913.0,544.4,205.2,506.5,1199.0,145.6,1973.0,2827.0,2037.0,1271.0,166.1,306.5,132.1,686.4,91.7,48.4,403.9,111.1,174.9,191.9,813.1,407.4,63.5,131.9,434.5,85.0,1052.0,1280.0,961.7,1214.0,186.6,346.3,126.5,728.6
2025-11-07,18,11,official_closing,closing_displayed,https://www.boatrace.jp/owpc/pc/race/odds3t?hd=20251107&jcd=18&rno=11,official_table_v2,73.8,171.7,80.0,107.1,63.1,79.6,44.9,50.4,284.9,194.9,257.5,250.4,87.2,50.9,139.2,55.4,104.2,55.7,140.9,58.6,82.0,158.1,101.6,95.7,121.4,155.5,120.5,118.1,369.0,265.7,328.1,313.3,144.2,119.5,227.7,121.9,127.8,128.1,202.1,140.8,83.0,56.5,47.7,44.2,110.5,78.9,85.8,79.8,44.8,50.9,29.4,25.6,64.9,81.4,38.0,22.4,51.9,72.4,23.7,21.1,586.4,333.0,418.1,527.9,634.5,428.8,517.0,605.8,187.1,220.3,123.4,110.5,502.8,518.4,203.3,222.2,600.4,602.2,173.1,256.8,155.0,72.7,171.3,74.0,208.2,127.8,277.0,143.9,98.1,135.3,83.1,44.5,359.8,456.1,152.1,162.6,83.3,131.5,40.5,86.9,131.8,59.4,118.5,75.3,163.0,130.9,216.7,172.9,53.9,76.9,30.5,29.0,240.0,282.1,79.8,145.8,89.9,151.5,46.6,94.7
2025-11-07,18,12,official_closing,closing_displayed,https://www.boatrace.jp/owpc/pc/race/odds3t?hd=20251107&jcd=18&rno=12,official_table_v2,12.2,7.5,19.3,53.6,19.7,13.3,31.6,74.1,6.6,11.0,9.3,29.8,44.6,63.4,31.7,85.9,208.5,253.8,168.3,203.9,122.6,76.0,180.5,338.0,301.2,400.7,843.4,1181.0,151.3,393.9,413.2,705.5,602.4,879.4,702.9,1354.0,867.1,1496.0,1138.0,1559.0,192.0,133.8,280.7,487.0,334.9,511.2,987.0,1484.0,250.7,509.7,454.8,682.2,736.3,1008.0,560.6,1405.0,1279.0,2811.0,937.2,1767.0,30.4,55.8,24.0,56.6,96.2,258.0,136.4,314.5,175.5,273.2,325.5,618.5,40.6,62.8,209.6,60.4,163.0,180.3,602.4,121.0,216.2,380.2,136.2,277.7,445.0,1204.0,682.2,1228.0,892.1,1702.0,1220.0,1288.0,126.0,169.6,604.4,139.3,905.1,1472.0,1767.0,892.1,1306.0,1913.0,1270.0,1953.0,1932.0,3436.0,3568.0,4315.0,1671.0,4883.0,2811.0,3501.0,1427.0,2650.0,3313.0,1734.0,2409.0,3568.0,2899.0,2262.0
2025-11-07,20,1,official_closing,closing_displayed,https://www.boatrace.jp/owpc/pc/race/odds3t?hd=20251107&jcd=20&rno=1,official_table_v2,82.7,21.9,37.1,31.9,139.1,87.1,150.7,120.2,17.3,55.8,15.7,15.9,56.9,157.4,39.1,44.0,24.0,72.2,17.5,22.6,415.7,137.6,294.8,186.6,755.1,872.3,1346.0,1485.0,196.5,747.7,409.0,282.5,652.4,1279.0,632.7,695.8,277.4,1251.0,338.6,708.6,500.6,303.4,518.7,370.2,724.2,808.1,1515.0,1421.0,353.2,530.6,599.7,402.6,1112.0,1370.0,1279.0,757.6,380.6,879.0,539.3,783.3,48.7,148.3,34.1,29.2,113.7,354.3,162.4,172.1,363.8,554.9,564.4,364.4,53.4,125.1,356.5,58.8,41.2,92.8,213.8,58.4,326.6,583.0,182.0,225.1,596.6,1272.0,632.7,738.1,1231.0,2038.0,1599.0,1354.0,197.8,409.8,899.6,217.8,236.2,492.1,819.6,274.5,22.5,50.6,14.6,23.3,46.6,154.2,54.5,110.3,125.5,235.9,162.9,243.7,22.4,42.7,91.6,43.3,56.6,128.5,205.2,78.0
2025-11-07,20,2,official_closing,closing_displayed,https://www.boatrace.jp/owpc/pc/race/odds3t?hd=20251107&jcd=20&rno=2,official_table_v2,6.9,10.5,11.6,10.9,16.8,26.8,32.8,31.9,25.8,43.6,68.0,33.9,36.5,63.8,106.4,68.2,38.3,72.0,56.8,98.5,17.6,27.9,22.3,27.7,72.5,114.5,108.2,118.1,100.1,170.2,172.8,140.8,100.4,180.4,223.8,163.3,127.2,248.9,192.8,234.1,100.8,128.7,106.1,120.8,133.7,188.2,175.4,195.4,269.9,330.1,388.8,347.4,271.1,285.9,484.6,310.6,315.7,438.0,525.8,535.6,158.5,277.7,273.7,147.1,224.1,467.6,375.3,301.4,455.3,733.1,905.8,692.0,359.7,488.7,896.4,354.5,225.2,353.0,615.7,384.4,199.7,315.7,445.9,257.4,274.6,494.3,554.5,368.1,638.4,723.9,972.0,827.8,631.4,755.5,1351.0,650.4,425.1,455.3,865.0,882.7,178.1,324.6,286.4,471.4,322.7,706.1,596.6,730.0,736.2,1095.0,1544.0,1730.0,413.9,675.8,983.0,782.8,748.9,775.8,1130.0,1272.0
2025-11-07,20,3,official_closing,closing_displayed,https://www.boatrace.jp/owpc/pc/race/odds3t?hd=20251107&jcd=20&rno=3,official_table_v2,8.3,25.1,82.2,9.2,21.6,87.0,216.4,38.7,81.1,145.6,351.3,152.2,328.4,494.9,783.4,595.5,23.1,42.0,97.6,276.4,7.9,22.5,64.0,7.4,21.4,49.1,148.7,23.4,79.9,103.9,303.9,97.0,305.2,449.4,615.5,439.9,19.7,29.9,63.0,151.6,56.8,156.3,263.5,108.3,50.4,122.0,337.5,80.3,280.6,279.5,963.8,384.5,887.9,856.7,1609.0,921.4,180.4,160.2,382.5,697.6,178.2,293.6,454.9,290.6,176.7,279.0,605.4,280.6,486.7,463.6,1331.0,856.7,846.8,800.5,1153.0,996.6,480.3,460.7,921.4,1024.0,538.6,707.7,837.1,747.4,887.9,1191.0,1723.0,1109.0,1494.0,1765.0,2289.0,1953.0,1744.0,1786.0,2154.0,1646.0,2006.0,1664.0,2363.0,2034.0,61.7,130.9,193.7,332.2,68.8,125.6,123.6,335.2,269.3,218.6,557.0,970.2,315.0,302.7,519.5,1003.0,1191.0,1118.0,1609.0,1786.0
2025-11-07,20,4,official_closing,closing_displayed,https://www.boatrace.jp/owpc/pc/race/odds3t?hd=20251107&jcd=20&rno=4,official_table_v2,40.1,22.1,99.5,55.3,34.9,8.4,73.8,20.5,16.4,6.8,34.7,8.8,264.8,232.7,140.1,187.6,91.5,54.9,33.2,159.3,266.2,155.1,431.5,295.3,439.0,775.9,1501.0,1108.0,232.1,512.6,1027.0,458.0,890.3,2168.0,1749.0,1937.0,614.4,1356.0,666.0,2046.0,165.5,28.7,147.1,54.9,285.1,455.5,1268.0,687.6,42.0,229.0,162.6,62.1,433.0,1605.0,506.4,702.9,162.1,645.6,161.6,563.8,43.8,19.9,51.1,16.5,101.8,241.8,348.5,176.4,36.6,165.6,140.9,50.1,91.3,246.5,216.6,93.1,26.2,98.5,57.8,80.1,574.0,618.8,441.3,623.4,714.7,1191.0,1799.0,2079.0,1089.0,1321.0,1774.0,2062.0,411.9,874.9,746.3,536.4,1143.0,2393.0,2168.0,823.8,405.9,271.9,156.5,644.0,662.5,906.2,805.5,2225.0,443.6,795.4,506.4,1799.0,152.9,422.9,294.7,541.0,1307.0,2512.0,2187.0,972.2
2025-11-07,20,5,official_closing,closing_displayed,https://www.boatrace.jp/owpc/pc/race/odds3t?hd=20251107&jcd=20&rno=5,official_table_v2,5.6,4.1,23.4,106.5,10.9,14.3,44.8,196.6,8.3,16.1,27.9,117.4,94.3,167.3,118.4,421.8,435.2,721.1,527.8,611.4,18.6,13.1,62.0,227.0,75.5,123.7,298.5,603.7,44.8,112.4,186.3,493.7,414.0,856.9,605.6,2330.0,1327.0,2388.0,1579.0,3009.0,96.9,146.2,362.9,932.1,126.6,232.7,502.8,903.5,262.6,294.4,814.8,1566.0,1201.0,1426.0,1640.0,2221.0,3783.0,4065.0,4246.0,4342.0,35.4,82.8,78.3,266.3,48.4,168.8,171.5,456.0,254.4,288.8,585.2,1369.0,163.1,220.4,485.6,519.2,836.2,970.0,1811.0,1151.0,543.6,796.2,593.4,1846.0,776.7,1819.0,1350.0,2789.0,1487.0,2582.0,2481.0,3474.0,578.1,953.0,1846.0,1698.0,2599.0,4154.0,4549.0,3211.0,1572.0,3506.0,2123.0,3981.0,2088.0,4549.0,3184.0,4549.0,4777.0,5235.0,5028.0,4837.0,2691.0,2710.0,4837.0,2088.0,5308.0,5971.0,4777.0,5095.0
2025-11-07,20,6,official_closing,closing_displayed,https://www.boatrace.jp/owpc/pc/race/odds3t?hd=20251107&jcd=20&rno=6,official_table_v2,5.3,33.4,11.6,12.5,5.3,28.6,8.1,9.3,70.3,70.2,91.7,82.6,23.9,20.3,85.6,28.3,42.0,30.6,113.5,53.8,77.6,315.2,115.6,141.1,201.3,1219.0,680.8,660.3,800.8,1698.0,2121.0,1515.0,462.3,906.6,1988.0,1228.0,705.6,1281.0,2160.0,1922.0,64.7,239.2,63.5,82.9,174.6,921.0,513.1,525.4,682.2,1310.0,1097.0,1202.0,210.7,553.7,1060.0,399.5,321.0,698.5,1361.0,636.3,279.5,356.3,248.7,277.3,510.1,1020.0,913.7,1107.0,735.2,1612.0,1268.0,1263.0,341.7,610.7,864.1,423.1,543.4,1228.0,1346.0,727.6,194.6,159.0,408.8,162.5,429.9,784.7,1340.0,769.1,318.1,804.5,1351.0,551.1,535.1,1361.0,1162.0,652.9,287.8,646.9,541.7,1029.0,637.4,411.2,909.0,451.5,1190.0,1690.0,3152.0,2941.0,616.1,1612.0,2965.0,1372.0,1405.0,3333.0,3723.0,2397.0,639.8,1813.0,1361.0,2083.0
2025-11-07,20,7,official_closing,closing_displayed,https://www.boatrace.jp/owpc/pc/race/odds3t?hd=20251107&jcd=20&rno=7,official_table_v2,41.0,14.8,8.5,13.1,98.7,273.7,262.3,336.5,42.3,241.9,85.9,104.9,25.8,195.8,80.6,60.9,43.7,263.1,116.5,86.6,47.6,19.2,10.1,13.6,183.9,354.1,318.1,325.1,53.9,252.7,72.7,78.9,38.9,225.3,78.1,58.4,51.6,301.1,100.2,81.3,413.9,1060.0,673.7,1050.0,413.5,883.4,731.2,933.5,1167.0,1306.0,1245.0,2030.0,1241.0,1060.0,2080.0,1161.0,2090.0,1807.0,2291.0,2090.0,29.9,187.3,54.5,64.3,29.0,147.1,37.6,44.8,431.5,339.5,458.7,509.4,88.9,61.3,330.8,82.4,99.6,73.0,379.5,100.0,78.1,527.0,167.4,114.0,90.8,553.5,140.1,104.7,1158.0,1118.0,1508.0,1252.0,196.3,147.7,867.3,139.1,122.1,109.1,616.5,134.1,126.2,712.9,240.8,214.5,139.6,622.7,197.8,197.4,1457.0,1386.0,1462.0,1535.0,307.3,231.7,1003.0,256.2,230.7,201.0,856.9,254.8
2025-11-07,20,8,official_closing,closing_displayed,https://www.boatrace.jp/owpc/pc/race/odds3t?hd=20251107&jcd=20&rno=8,official_table_v2,3.6,11.1,10.8,20.9,5.6,13.5,10.5,19.6,29.9,31.7,64.3,76.4,25.9,28.4,80.1,60.4,76.6,76.6,164.2,125.3,46.6,118.2,108.6,178.5,119.1,601.5,466.7,609.7,466.7,962.7,1108.0,1227.0,423.3,797.4,1245.0,1334.0,741.6,1342.0,1775.0,1620.0,73.4,148.5,100.9,192.2,144.3,555.1,415.8,707.5,554.4,983.9,1081.0,1157.0,393.0,676.3,922.8,637.6,773.8,1569.0,1921.0,1521.0,292.2,358.8,341.5,438.7,562.1,1134.0,1031.0,1262.0,862.1,1597.0,1669.0,1972.0,537.6,870.6,1087.0,806.0,1188.0,1888.0,2285.0,1688.0,224.7,245.8,460.9,345.5,509.4,1022.0,1569.0,1114.0,610.6,1103.0,1768.0,1330.0,1008.0,1865.0,2217.0,1558.0,715.4,1273.0,1401.0,1841.0,913.4,1163.0,1657.0,1367.0,1632.0,2894.0,3455.0,3253.0,2309.0,3745.0,4845.0,3876.0,2875.0,1955.0,5065.0,4595.0,1721.0,3161.0,3714.0,3876.0
2025-11-07,20,9,official_closing,closing_displayed,https://www.boatrace.jp/owpc/pc/race/odds3t?hd=20251107&jcd=20&rno=9,official_table_v2,46.1,44.7,145.6,75.3,32.3,8.2,45.7,14.8,29.7,11.0,40.8,11.5,208.9,124.0,122.4,126.9,94.5,36.7,30.3,106.6,212.5,204.1,480.8,290.1,335.8,376.0,908.3,487.8,374.2,407.0,904.8,493.9,1126.0,1257.0,1156.0,1251.0,676.4,857.4,690.1,1398.0,113.8,30.3,94.8,39.9,238.1,260.3,546.8,315.0,33.1,149.0,59.3,43.6,243.9,459.4,175.0,199.2,103.7,268.0,83.1,207.0,84.8,34.3,51.7,23.5,213.5,251.1,305.9,178.5,56.1,173.1,79.2,40.2,70.4,184.5,90.7,48.4,32.4,108.7,43.0,51.3,817.5,397.7,324.9,332.0,1197.0,1115.0,1004.0,971.6,520.4,1156.0,393.8,414.4,318.4,749.0,302.2,196.0,456.8,944.5,444.3,317.3,321.4,152.3,118.0,360.3,716.2,805.0,682.2,1343.0,222.8,550.7,143.5,394.8,132.3,379.3,131.0,226.7,609.4,1102.0,485.3,363.8
2025-11-07,20,10,official_closing,closing_displayed,https://www.boatrace.jp/owpc/pc/race/odds3t?hd=20251107&jcd=20&rno=10,official_table_v2,25.2,7.3,17.7,19.0,40.8,28.8,58.8,54.1,7.3,22.9,11.2,8.0,31.2,80.9,27.3,35.4,40.2,79.3,23.1,48.9,185.1,64.2,141.3,150.8,563.8,1254.0,1448.0,1275.0,187.5,926.3,639.1,546.4,516.2,1688.0,965.0,1057.0,619.7,1245.0,857.6,1197.0,419.6,339.1,481.2,489.1,642.1,1136.0,1611.0,1760.0,551.0,1228.0,1168.0,1061.0,824.4,1962.0,1682.0,1456.0,1278.0,2126.0,1715.0,2144.0,41.2,160.3,37.7,34.8,106.6,658.0,262.1,215.5,447.9,984.7,836.0,679.9,58.8,163.3,468.9,66.8,67.6,183.9,458.0,97.3,179.8,504.4,118.5,184.6,425.7,2006.0,787.7,905.8,1414.0,2373.0,1926.0,1790.0,136.7,362.7,1052.0,179.9,393.0,833.4,1406.0,356.1,283.5,551.5,156.9,362.9,663.8,1833.0,972.1,1661.0,1421.0,2029.0,1852.0,2152.0,215.5,614.7,1016.0,427.1,680.8,1363.0,1872.0,594.1
2025-11-07,20,11,official_closing,closing_displayed,https://www.boatrace.jp/owpc/pc/race/odds3t?hd=20251107&jcd=20&rno=11,official_table_v2,10.6,20.4,23.1,28.9,10.5,7.3,11.2,9.6,34.9,19.5,37.3,26.6,30.6,14.4,31.6,30.4,55.1,27.6,44.8,50.9,134.4,207.4,267.2,253.8,266.7,645.7,757.8,714.8,458.4,814.3,1130.0,924.4,727.7,1009.0,1626.0,1585.0,743.9,1233.0,1332.0,1867.0,90.9,59.2,80.4,57.4,231.7,466.7,564.7,512.7,119.0,351.8,330.0,149.8,271.3,666.2,628.5,435.2,166.6,528.5,255.1,444.1,217.0,118.2,228.2,121.3,433.6,942.8,1158.0,771.2,201.5,675.7,584.5,263.0,486.8,1272.0,796.0,656.9,215.8,532.9,322.6,501.8,325.8,166.8,279.3,271.8,712.1,1008.0,1581.0,1351.0,361.7,1091.0,847.1,709.5,528.0,1275.0,780.7,915.5,682.2,1714.0,1156.0,1351.0,349.9,170.7,239.7,316.0,775.4,1447.0,1546.0,2094.0,352.9,1264.0,557.0,992.3,418.2,1002.0,557.5,995.8,963.6,2307.0,1440.0,1684.0
2025-11-07,20,12,official_closing,closing_displayed,https://www.boatrace.jp/owpc/pc/race/odds3t?hd=20251107&jcd=20&rno=12,official_table_v2,11.0,23.4,18.8,36.7,9.6,11.8,7.6,20.2,38.5,32.1,48.9,59.2,25.1,18.2,55.9,38.7,103.5,83.2,131.8,108.5,64.6,107.1,81.9,132.3,128.5,381.1,203.9,353.0,322.9,542.6,683.4,758.6,230.5,307.1,698.6,525.5,541.9,865.0,1129.0,999.2,37.3,36.1,19.9,41.1,105.3,287.0,145.6,252.1,119.7,276.8,143.7,208.4,56.4,119.3,136.2,90.0,190.6,404.1,362.5,196.2,267.4,263.7,268.1,309.8,450.8,826.1,717.3,789.9,322.1,761.2,409.8,528.3,406.2,628.4,522.4,460.5,775.3,1265.0,1125.0,1015.0,92.0,62.6,165.9,92.6,216.3,294.8,655.0,372.9,108.7,231.4,335.9,160.0,464.3,734.0,566.3,516.5,239.2,464.8,256.0,570.7,564.8,535.7,913.3,661.9,913.3,1387.0,1834.0,1547.0,733.4,1297.0,1480.0,708.1,1521.0,2291.0,1996.0,1897.0,797.0,1332.0,719.0,1683.0
2025-11-07,22,1,official_closing,closing_displayed,https://www.boatrace.jp/owpc/pc/race/odds3t?hd=20251107&jcd=22&rno=1,official_table_v2,15.1,19.1,18.1,178.7,16.0,6.6,8.0,177.8,19.3,11.7,9.0,106.4,25.8,14.1,14.3,144.0,694.9,764.9,777.0,609.1,84.2,128.3,84.9,450.5,154.9,291.9,188.3,644.9,308.3,366.8,346.2,1096.0,172.5,279.5,442.5,922.2,2466.0,3183.0,2406.0,1617.0,113.8,39.3,40.4,390.0,206.8,256.3,258.3,628.5,73.2,208.1,87.5,725.5,109.2,265.9,139.3,605.3,1281.0,2596.0,2013.0,1218.0,184.7,91.8,65.5,454.7,381.0,605.3,434.7,1315.0,119.7,444.5,151.5,958.0,94.8,348.6,171.0,474.4,1672.0,2242.0,2667.0,1430.0,154.6,100.2,77.8,409.4,299.0,536.2,636.6,1218.0,182.0,590.8,326.7,1006.0,112.5,527.6,283.5,789.4,1134.0,1861.0,2055.0,1897.0,3289.0,3402.0,3289.0,2294.0,3654.0,4485.0,4111.0,2667.0,2294.0,3402.0,3947.0,2819.0,3402.0,3183.0,5804.0,2741.0,2349.0,4290.0,4699.0,4290.0
2025-11-07,22,2,official_closing,closing_displayed,https://www.boatrace.jp/owpc/pc/race/odds3t?hd=20251107&jcd=22&rno=2,official_table_v2,36.3,16.1,48.9,127.6,58.2,32.5,56.1,192.7,17.0,24.1,24.4,61.8,122.3,98.3,62.2,269.5,346.4,488.9,229.1,504.2,74.2,33.6,71.6,172.7,154.5,55.8,123.4,178.7,38.2,42.0,38.6,75.2,178.4,201.3,105.2,231.4,439.4,511.0,240.8,427.8,159.0,68.4,113.2,257.8,190.7,61.4,130.8,210.3,62.9,53.6,45.8,94.5,204.6,195.0,86.1,287.4,645.4,535.3,306.0,502.0,27.6,44.3,26.4,63.2,31.4,45.6,27.0,58.1,57.5,52.8,37.1,75.9,35.0,32.5,47.3,33.0,107.3,116.2,149.8,86.4,226.3,313.7,133.6,484.7,280.9,372.7,166.5,466.7,370.3,381.5,245.5,652.8,117.2,128.9,176.4,166.8,688.7,591.3,999.5,371.5,896.4,1313.0,358.5,1328.0,903.6,1360.0,530.2,1394.0,2016.0,1914.0,941.2,2091.0,330.2,421.4,710.3,548.3,1764.0,1636.0,2053.0,641.7
2025-11-07,22,3,official_closing,closing_displayed,https://www.boatrace.jp/owpc/pc/race/odds3t?hd=20251107&jcd=22&rno=3,official_table_v2,31.5,70.5,89.6,168.2,18.1,10.6,10.6,32.2,87.8,31.2,61.5,161.9,116.5,38.8,83.3,207.8,522.4,180.4,459.0,456.7,112.0,216.8,228.3,489.9,136.4,199.0,209.6,404.0,355.4,254.8,278.1,516.7,402.3,382.8,437.7,955.1,1477.0,1016.0,1784.0,1818.0,27.2,11.5,11.3,28.2,72.4,86.2,76.0,176.7,18.6,51.3,19.1,60.8,28.9,74.2,30.3,71.7,155.5,463.5,196.5,176.4,178.4,46.6,94.6,176.7,337.7,196.9,250.1,448.1,42.1,103.5,53.4,106.6,80.5,152.0,62.4,150.8,203.3,312.0,217.8,235.2,398.9,103.4,241.2,437.7,566.2,552.9,618.0,1139.0,109.8,448.1,137.0,372.2,181.4,540.3,147.5,456.7,1027.0,1477.0,867.4,936.2,1854.0,794.5,1432.0,1854.0,2055.0,1784.0,1929.0,1969.0,744.5,1550.0,1099.0,1331.0,1854.0,2251.0,1099.0,1477.0,2251.0,2198.0,1550.0,1500.0
2025-11-07,22,4,official_closing,closing_displayed,https://www.boatrace.jp/owpc/pc/race/odds3t?hd=20251107&jcd=22&rno=4,official_table_v2,51.7,111.4,17.5,13.2,94.5,245.5,142.9,90.4,226.9,387.9,284.9,232.9,52.3,130.0,203.7,58.8,20.1,74.7,131.4,25.8,58.7,121.0,26.9,20.8,110.4,167.6,60.2,52.7,265.6,271.9,205.1,137.4,39.6,54.3,120.2,16.6,29.2,42.4,83.1,16.1,217.3,438.9,221.5,322.9,231.0,273.2,124.2,115.7,768.0,444.0,557.2,489.9,354.1,170.9,444.0,185.1,344.4,148.2,354.1,167.1,631.5,742.9,500.7,589.0,528.7,551.8,353.0,310.5,1306.0,947.3,909.4,829.7,528.7,442.3,742.9,312.3,631.5,372.7,642.2,351.9,88.8,285.6,416.4,94.4,79.3,127.7,248.7,38.8,445.7,207.0,762.9,220.3,481.6,425.7,861.1,291.4,75.7,42.2,131.2,197.7,39.1,132.6,161.4,52.2,38.9,72.3,89.6,22.9,234.8,138.4,287.7,139.8,238.3,136.3,317.5,115.5,51.7,28.3,91.7,93.1
2025-11-07,22,5,official_closing,closing_displayed,https://www.boatrace.jp/owpc/pc/race/odds3t?hd=20251107&jcd=22&rno=5,official_table_v2,10.8,30.2,143.5,11.3,17.9,60.2,186.5,25.7,88.1,132.6,335.3,102.6,466.3,438.7,521.1,395.0,21.5,34.8,87.1,202.9,23.5,54.3,163.9,17.9,36.5,67.4,158.5,23.0,116.8,113.6,266.1,75.8,411.1,335.3,342.5,218.9,24.6,25.0,54.6,131.0,46.5,114.3,186.2,49.6,57.4,94.3,167.4,34.7,190.0,131.9,310.9,108.7,476.3,325.5,447.5,258.1,60.4,44.4,99.1,177.3,286.8,384.0,590.4,274.0,286.0,214.2,389.4,148.9,414.1,282.4,706.9,228.8,660.6,578.1,860.4,300.8,265.5,149.3,204.0,276.1,917.3,1098.0,956.8,895.1,698.0,760.2,509.1,499.9,1077.0,822.2,1018.0,616.6,787.2,616.6,1121.0,395.0,749.9,521.1,552.2,408.0,43.9,69.9,114.9,242.8,43.2,42.6,73.9,172.3,91.8,62.6,138.4,247.7,197.8,107.3,168.4,252.2,386.7,300.8,349.0,299.9
2025-11-07,22,7,official_closing,closing_displayed,https://www.boatrace.jp/owpc/pc/race/odds3t?hd=20251107&jcd=22&rno=7,official_table_v2,31.7,11.8,15.1,166.3,73.7,139.6,133.8,568.4,25.9,110.3,46.3,263.7,38.1,139.6,67.0,398.3,639.1,975.2,725.1,764.3,28.4,8.4,11.0,132.4,49.9,39.1,30.1,179.2,14.0,31.2,12.5,64.0,21.2,34.7,18.8,107.6,380.9,483.4,301.6,268.0,233.2,290.8,277.2,749.1,157.5,115.7,90.7,351.3,316.8,183.6,304.1,657.7,435.1,191.7,368.4,759.2,2308.0,1047.0,1154.0,1178.0,76.5,277.2,110.6,440.1,55.8,121.6,47.4,232.2,459.8,263.7,405.4,808.0,118.2,62.4,272.5,343.8,863.5,604.9,1109.0,837.9,93.8,327.9,158.0,450.7,78.0,137.2,60.4,225.8,479.3,258.2,475.3,831.8,185.1,95.6,383.4,443.6,1010.0,521.3,1154.0,802.3,2693.0,3232.0,1432.0,2977.0,2308.0,2134.0,1315.0,1379.0,3770.0,2308.0,2308.0,2356.0,2175.0,1432.0,2513.0,2406.0,2900.0,1639.0,2459.0,2406.0
2025-11-07,22,8,official_closing,closing_displayed,https://www.boatrace.jp/owpc/pc/race/odds3t?hd=20251107&jcd=22&rno=8,official_table_v2,12.1,31.1,19.2,68.9,8.9,13.5,6.3,22.0,44.9,32.0,49.1,86.7,27.4,13.8,46.1,43.2,237.1,115.9,266.6,143.7,55.1,136.3,83.8,259.2,93.9,189.6,159.4,398.3,196.1,263.8,328.5,545.9,158.7,246.8,412.7,726.6,758.6,1031.0,1375.0,1031.0,35.2,37.3,18.2,56.1,78.8,127.5,109.1,293.9,83.7,159.7,127.2,226.7,34.2,105.2,116.5,133.3,208.8,653.0,603.3,406.2,270.1,193.5,166.1,332.8,484.4,482.1,414.3,812.4,245.6,431.7,284.2,551.7,238.2,387.8,377.9,414.3,787.6,1011.0,1042.0,874.4,116.1,62.0,179.4,152.6,256.0,380.7,424.6,731.7,99.7,294.7,387.8,278.1,359.5,551.7,640.8,721.5,340.5,818.8,450.5,769.9,1394.0,592.9,1243.0,764.2,1984.0,2579.0,2579.0,2456.0,1146.0,2866.0,2149.0,1875.0,1910.0,2715.0,2195.0,2715.0,825.4,2516.0,1719.0,2399.0
2025-11-07,22,9,official_closing,closing_displayed,https://www.boatrace.jp/owpc/pc/race/odds3t?hd=20251107&jcd=22&rno=9,official_table_v2,11.8,14.1,52.9,12.7,15.3,16.2,59.6,18.8,27.7,29.5,116.5,29.4,120.9,141.7,166.8,107.8,24.9,42.2,39.6,99.4,35.3,36.5,105.8,30.5,75.9,100.1,161.0,72.0,99.5,141.0,260.2,86.2,255.8,247.1,367.7,212.0,68.2,100.6,98.3,190.5,65.7,66.1,123.2,58.3,95.9,105.8,163.8,80.3,146.2,152.2,204.5,120.7,233.6,223.0,315.0,183.6,128.3,131.4,176.1,191.8,115.3,182.0,268.5,105.0,166.6,262.2,404.1,141.9,235.6,318.0,532.8,220.4,302.5,339.3,519.6,198.2,130.4,124.2,226.7,200.8,546.7,569.0,767.4,417.2,595.4,571.0,845.0,418.2,587.0,619.6,763.9,466.0,753.6,781.8,778.2,425.7,469.9,482.1,576.9,552.1,51.3,180.8,69.8,379.3,62.3,92.6,90.2,131.1,328.7,322.3,534.5,705.9,216.7,249.3,529.4,544.9,576.9,572.9,771.0,645.9
2025-11-07,22,11,official_closing,closing_displayed,https://www.boatrace.jp/owpc/pc/race/odds3t?hd=20251107&jcd=22&rno=11,official_table_v2,11.7,48.7,11.1,8.8,22.3,54.4,29.7,23.4,104.0,120.7,176.8,118.0,20.7,33.4,106.1,20.4,16.4,31.5,92.0,24.6,41.7,97.6,32.0,30.7,116.7,337.9,180.2,168.4,356.8,452.1,488.2,515.1,85.3,166.4,346.0,85.5,92.8,183.5,370.1,104.3,54.4,69.9,66.9,59.3,87.1,137.5,111.6,104.4,83.5,119.0,157.9,140.7,153.3,174.1,272.5,147.1,124.3,146.0,201.9,170.0,350.5,320.2,408.1,378.9,655.0,695.0,1013.0,884.2,371.0,510.1,602.9,523.5,736.8,860.3,1153.0,829.0,1020.0,1153.0,1179.0,1082.0,96.9,139.8,378.0,77.9,153.1,314.5,545.0,166.3,271.6,373.6,689.0,347.5,824.7,820.4,860.3,736.8,139.2,172.0,288.3,589.5,94.2,136.8,283.7,107.4,168.0,268.4,506.9,212.2,200.2,276.8,497.4,338.6,629.1,686.0,750.7,750.7,171.7,210.8,308.4,663.2
2025-11-07,22,12,official_closing,closing_displayed,https://www.boatrace.jp/owpc/pc/race/odds3t?hd=20251107&jcd=22&rno=12,official_table_v2,10.5,17.4,8.9,54.3,16.2,22.9,14.8,59.0,33.6,38.2,30.7,76.7,14.3,22.0,36.6,46.4,166.6,199.7,220.5,141.0,34.7,55.8,26.5,108.6,86.2,137.2,67.6,183.8,190.6,250.2,177.9,376.6,58.2,74.7,144.8,143.8,354.6,421.8,565.8,329.4,74.6,91.1,63.1,178.6,105.5,125.8,71.1,222.8,183.3,191.2,150.9,389.7,101.2,85.3,132.5,183.3,538.5,559.6,596.9,487.2,225.2,320.9,188.7,400.1,349.0,456.2,310.0,561.3,437.8,467.5,332.2,576.7,214.2,265.4,306.6,267.4,620.7,821.4,741.5,531.3,45.0,72.2,101.7,87.4,65.3,98.1,160.4,134.9,150.5,129.7,211.6,248.0,190.2,211.5,250.8,272.5,179.0,200.9,299.4,334.1,812.1,1032.0,1035.0,698.1,1372.0,1620.0,1818.0,957.6,2058.0,2000.0,2094.0,1557.0,2000.0,1372.0,2224.0,1550.0,871.4,906.7,1311.0,1399.0
