date,jcd,rno,source_type,snapshot_type,source_url,1-2-3,1-2-4,1-2-5,1-2-6,1-3-2,1-3-4,1-3-5,1-3-6,1-4-2,1-4-3,1-4-5,1-4-6,1-5-2,1-5-3,1-5-4,1-5-6,1-6-2,1-6-3,1-6-4,1-6-5,2-1-3,2-1-4,2-1-5,2-1-6,2-3-1,2-3-4,2-3-5,2-3-6,2-4-1,2-4-3,2-4-5,2-4-6,2-5-1,2-5-3,2-5-4,2-5-6,2-6-1,2-6-3,2-6-4,2-6-5,3-1-2,3-1-4,3-1-5,3-1-6,3-2-1,3-2-4,3-2-5,3-2-6,3-4-1,3-4-2,3-4-5,3-4-6,3-5-1,3-5-2,3-5-4,3-5-6,3-6-1,3-6-2,3-6-4,3-6-5,4-1-2,4-1-3,4-1-5,4-1-6,4-2-1,4-2-3,4-2-5,4-2-6,4-3-1,4-3-2,4-3-5,4-3-6,4-5-1,4-5-2,4-5-3,4-5-6,4-6-1,4-6-2,4-6-3,4-6-5,5-1-2,5-1-3,5-1-4,5-1-6,5-2-1,5-2-3,5-2-4,5-2-6,5-3-1,5-3-2,5-3-4,5-3-6,5-4-1,5-4-2,5-4-3,5-4-6,5-6-1,5-6-2,5-6-3,5-6-4,6-1-2,6-1-3,6-1-4,6-1-5,6-2-1,6-2-3,6-2-4,6-2-5,6-3-1,6-3-2,6-3-4,6-3-5,6-4-1,6-4-2,6-4-3,6-4-5,6-5-1,6-5-2,6-5-3,6-5-4
2025-11-08,02,1,official_closing,closing_displayed,https://www.boatrace.jp/owpc/pc/race/odds3t?hd=20251108&jcd=02&rno=1,18.9,41.4,105.6,150.4,26.5,631.7,36.3,50.4,84.3,142.2,35.7,902.0,14.2,23.7,59.6,111.2,53.7,715.6,68.2,102.8,142.0,214.2,34.1,402.3,24.6,89.1,147.7,225.2,34.3,885.5,29.3,151.6,198.9,330.9,74.9,1643.0,21.5,89.7,130.0,243.9,108.1,1539.0,53.5,245.8,289.4,471.8,70.4,697.6,63.0,129.4,110.2,177.1,51.3,811.4,52.8,209.6,206.7,322.6,102.9,1731.0,49.0,146.0,114.0,184.5,84.1,1077.0,91.1,329.2,156.2,243.6,70.9,1089.0,19.6,38.4,74.7,120.8,80.7,1071.0,26.5,81.8,125.7,182.1,158.5,1629.0,44.9,121.8,113.8,168.9,99.2,1356.0,44.2,111.4,115.6,161.0,71.8,910.5,170.5,334.3,333.2,380.2,62.3,392.5,171.3,549.3,573.7,731.8,89.6,521.3,227.6,613.7,348.8,427.1,109.4,766.5,123.7,283.5,298.8,338.4,117.8,621.5
2025-11-08,02,2,official_closing,closing_displayed,https://www.boatrace.jp/owpc/pc/race/odds3t?hd=20251108&jcd=02&rno=2,26.3,25.5,48.7,171.3,125.0,1063.0,52.4,45.5,72.8,178.8,141.4,1091.0,41.2,36.1,48.8,189.0,229.6,1362.0,128.5,106.3,144.1,331.0,395.3,1600.0,31.6,25.6,41.6,160.0,129.2,1036.0,50.0,19.7,31.5,65.0,60.9,631.7,35.1,14.6,20.6,90.7,115.5,863.2,129.0,49.6,73.4,172.8,205.5,975.6,96.8,71.0,93.6,171.7,133.3,777.7,95.5,35.2,60.3,66.6,61.7,576.5,120.7,44.6,50.1,91.8,105.7,987.3,217.2,118.1,136.8,155.6,176.1,746.0,72.2,52.5,59.3,179.6,257.2,1485.0,67.8,29.4,30.4,94.2,139.6,981.4,140.9,49.9,48.9,93.0,127.2,942.1,274.3,116.7,93.9,154.2,276.6,1043.0,378.1,323.2,341.3,403.1,766.8,1665.0,397.2,171.7,196.2,287.2,380.7,969.8,456.7,217.5,247.1,262.1,313.4,723.1,439.6,265.9,204.0,293.3,477.9,1017.0
2025-11-08,02,3,official_closing,closing_displayed,https://www.boatrace.jp/owpc/pc/race/odds3t?hd=20251108&jcd=02&rno=3,59.4,87.5,83.7,327.6,188.9,1120.0,106.7,159.5,66.3,211.9,68.5,615.2,77.3,98.6,35.5,187.7,147.4,1099.0,106.3,187.3,56.7,246.0,78.3,549.8,48.5,88.8,86.1,335.7,207.4,1221.0,40.6,68.2,57.9,243.7,88.8,706.6,22.4,36.9,32.3,221.8,242.3,916.4,31.5,79.7,70.4,282.4,154.6,642.1,173.0,213.5,74.0,178.4,58.7,470.4,75.1,137.0,72.0,180.8,57.5,642.1,83.9,155.8,25.1,80.6,57.8,458.2,107.3,222.7,40.5,125.1,38.6,220.4,88.3,122.1,30.3,159.9,202.7,1396.0,28.3,57.1,26.4,180.2,259.5,1247.0,67.5,140.8,20.7,84.9,96.2,623.9,42.7,103.3,17.7,77.9,78.5,522.1,190.8,398.0,141.8,420.9,141.4,529.9,82.8,233.0,136.2,421.9,156.1,480.7,168.7,400.8,86.0,240.7,63.9,212.5,97.2,227.0,48.9,166.3,99.8,381.6
2025-11-08,02,4,official_closing,closing_displayed,https://www.boatrace.jp/owpc/pc/race/odds3t?hd=20251108&jcd=02&rno=4,49.3,47.8,254.2,15.3,177.8,838.8,15.6,13.8,216.9,54.3,506.5,1973.0,59.0,41.7,360.3,26.2,158.4,981.9,115.2,97.3,620.3,53.1,373.9,1755.0,113.8,119.6,274.4,12.7,181.7,825.4,102.5,68.3,131.8,33.3,426.3,1557.0,220.8,158.4,355.3,18.1,117.3,536.7,390.1,236.7,566.0,29.8,299.8,1459.0,16.6,12.1,209.0,117.9,756.1,1035.0,55.5,29.5,143.6,84.4,679.3,2204.0,49.1,23.6,318.2,149.4,655.6,1459.0,88.9,48.7,442.7,221.8,920.8,2877.0,131.5,110.5,670.5,28.5,106.3,904.7,284.2,229.4,564.5,22.5,76.5,539.5,127.6,73.2,504.1,98.8,297.6,1311.0,374.6,277.7,683.8,43.0,135.5,812.5,347.6,362.8,1569.0,102.2,734.7,1866.0,639.4,583.6,1328.0,70.7,590.2,1698.0,382.2,209.2,996.1,237.0,924.9,2227.0,635.5,453.3,1248.0,87.3,446.5,968.1
2025-11-08,02,5,official_closing,closing_displayed,https://www.boatrace.jp/owpc/pc/race/odds3t?hd=20251108&jcd=02&rno=5,82.2,84.6,133.4,95.3,37.2,1525.0,77.4,77.0,175.5,165.2,61.1,2324.0,44.1,41.2,86.8,53.1,54.9,1694.0,234.6,216.1,301.9,162.1,83.9,916.9,116.5,108.9,137.5,82.7,31.5,1397.0,139.0,71.7,99.9,91.8,31.4,1665.0,88.2,36.9,49.6,32.9,23.9,1503.0,334.8,197.9,206.7,105.8,57.6,724.2,106.7,95.4,179.4,122.0,92.7,1092.0,162.3,80.1,112.3,94.2,51.8,1850.0,68.9,35.4,72.2,60.1,77.6,1397.0,321.9,192.5,200.3,147.5,124.3,1123.0,42.5,35.0,84.5,34.0,44.7,1738.0,73.1,28.0,46.9,22.5,26.4,1257.0,60.6,24.5,65.5,44.7,58.1,1753.0,134.2,77.9,101.5,34.9,43.9,603.9,603.9,535.9,624.6,278.4,120.6,721.6,799.6,581.1,528.8,241.4,95.9,541.7,613.1,521.9,613.1,448.2,180.5,938.5,345.2,308.0,323.9,116.6,119.9,563.1
2025-11-08,02,6,official_closing,closing_displayed,https://www.boatrace.jp/owpc/pc/race/odds3t?hd=20251108&jcd=02&rno=6,75.7,209.3,318.1,19.6,503.2,134.2,31.2,66.3,187.4,48.9,682.9,235.6,153.0,316.6,422.6,26.1,200.5,54.5,49.0,140.5,269.8,9.1,234.0,207.8,92.6,381.7,479.1,39.1,606.5,304.6,57.5,378.1,417.4,184.2,1167.0,809.6,180.7,836.5,880.6,102.2,457.3,206.5,83.9,554.6,587.0,38.0,451.1,572.0,19.1,89.9,192.8,119.2,974.6,421.8,35.9,305.1,403.9,222.3,1498.0,1040.0,43.8,354.1,521.5,216.1,1254.0,413.9,11.9,102.1,212.0,96.5,1121.0,1134.0,243.6,676.0,876.7,28.9,133.0,45.5,293.1,974.6,1167.0,60.2,252.8,91.2,122.2,633.3,912.6,118.6,562.4,186.5,152.1,660.4,796.7,20.1,91.5,85.8,56.9,316.6,426.2,11.0,227.1,273.5,94.9,738.1,892.3,23.9,431.7,493.3,27.1,209.3,338.0,55.7,850.7,880.6,119.4,778.2,1062.0,19.3,132.3,142.3
2025-11-08,02,7,official_closing,closing_displayed,https://www.boatrace.jp/owpc/pc/race/odds3t?hd=20251108&jcd=02&rno=7,27.0,31.1,98.4,156.3,376.7,59.0,39.3,28.8,272.3,420.0,722.5,177.3,56.2,44.4,281.0,311.3,744.8,181.4,16.8,14.1,119.8,173.8,357.9,208.4,52.2,48.2,77.9,141.4,292.5,43.4,190.2,57.1,93.5,198.6,336.7,62.8,198.2,58.7,107.0,122.5,262.0,58.5,77.7,23.2,32.5,56.9,104.0,67.8,117.2,45.7,343.9,558.0,813.6,192.8,249.2,73.2,167.9,328.7,445.1,126.0,289.0,55.2,330.4,588.6,888.3,308.8,126.6,21.5,167.6,354.0,505.6,330.4,169.8,90.6,442.1,306.4,765.4,220.3,352.1,89.6,198.4,179.4,370.2,94.7,416.4,82.3,423.7,456.7,849.3,345.1,201.0,38.7,222.3,139.6,292.9,220.0,42.7,19.6,209.1,184.4,364.0,326.0,133.1,28.9,61.2,77.0,144.9,129.9,129.1,21.0,182.5,317.9,564.5,401.7,162.1,31.0,222.8,152.3,332.7,292.5
2025-11-08,02,8,official_closing,closing_displayed,https://www.boatrace.jp/owpc/pc/race/odds3t?hd=20251108&jcd=02&rno=8,21.1,21.7,69.3,93.4,178.4,63.7,23.6,23.8,173.5,260.6,398.4,207.9,29.1,31.7,144.6,137.4,315.4,177.3,13.8,14.3,95.4,95.5,181.6,245.9,38.1,49.2,71.2,94.5,171.2,60.6,102.1,101.0,124.3,187.2,273.0,172.9,105.3,92.4,121.1,124.5,249.6,117.0,66.1,50.3,58.5,66.4,116.9,152.4,47.6,49.1,250.6,369.8,519.3,327.6,126.5,114.4,163.9,240.4,343.1,290.5,107.3,86.2,295.8,424.4,627.8,493.0,67.4,41.4,184.0,248.4,366.3,644.4,63.7,75.7,268.2,168.7,342.5,184.7,150.4,128.7,175.1,122.1,253.9,141.4,150.5,125.4,383.6,338.4,509.8,515.2,102.8,65.8,206.6,104.5,212.0,289.7,34.1,27.3,163.6,125.3,195.2,312.9,94.1,64.3,113.8,78.4,127.7,202.9,79.7,48.1,250.9,234.9,341.3,612.1,98.5,69.0,262.0,135.0,256.9,340.1
2025-11-08,02,9,official_closing,closing_displayed,https://www.boatrace.jp/owpc/pc/race/odds3t?hd=20251108&jcd=02&rno=9,19.2,102.3,32.3,65.1,332.0,540.5,38.5,145.6,22.2,37.6,194.6,194.0,50.3,260.1,31.1,45.0,225.6,313.6,99.8,273.9,47.4,55.4,336.3,624.0,11.3,127.5,85.1,142.4,538.9,903.5,11.3,175.8,93.8,143.5,548.6,320.3,13.9,273.9,120.6,186.2,637.2,940.9,29.4,241.5,150.2,185.8,759.8,1316.0,36.7,236.1,34.2,46.4,254.7,285.5,21.4,219.0,75.4,96.3,456.3,270.2,38.3,350.6,54.4,71.1,373.6,411.8,46.2,304.2,63.7,77.6,450.6,552.0,76.9,477.9,84.2,53.2,202.0,361.0,45.8,513.0,146.8,106.8,375.2,772.8,70.6,483.0,103.6,75.5,273.5,510.1,132.9,628.4,147.1,58.9,204.2,366.1,168.7,660.4,140.5,86.8,496.2,687.9,101.6,465.6,169.7,178.2,873.1,1441.0,113.7,518.8,157.7,125.6,603.3,976.4,179.9,844.7,213.6,102.1,348.5,439.7
2025-11-08,02,10,official_closing,closing_displayed,https://www.boatrace.jp/owpc/pc/race/odds3t?hd=20251108&jcd=02&rno=10,16.1,43.7,120.4,33.6,149.4,697.5,8.3,19.5,136.9,105.5,219.4,1186.0,16.7,34.3,167.1,35.7,161.8,728.0,48.8,82.5,305.8,62.8,235.3,784.1,34.4,84.5,159.1,41.2,199.5,912.8,38.4,66.8,109.8,72.0,460.0,1705.0,59.2,109.1,164.3,42.9,211.1,667.6,119.4,169.2,212.8,66.2,310.7,1210.0,13.3,32.4,189.8,152.8,291.0,1118.0,36.2,56.4,147.9,133.0,511.3,1899.0,24.8,45.7,240.6,218.1,732.5,1517.0,53.7,76.2,323.2,296.5,751.4,1669.0,44.5,93.8,358.4,43.7,135.9,1029.0,96.4,160.6,356.7,43.3,153.8,408.5,56.3,98.9,274.2,142.1,369.7,1537.0,98.3,188.3,411.4,55.4,172.7,728.0,161.8,286.7,814.2,130.4,404.3,1038.0,182.2,429.5,756.2,127.4,526.3,1192.0,187.2,250.2,721.2,355.1,749.0,1645.0,231.3,376.3,671.5,122.6,387.5,852.8
2025-11-08,02,11,official_closing,closing_displayed,https://www.boatrace.jp/owpc/pc/race/odds3t?hd=20251108&jcd=02&rno=11,7.4,16.8,43.0,74.9,252.7,1071.0,10.4,20.8,46.5,92.5,326.0,1628.0,24.4,46.1,63.9,87.4,332.6,1537.0,81.9,135.6,211.7,238.6,602.1,1874.0,11.8,26.7,49.5,96.1,301.4,1109.0,15.8,31.6,47.1,109.6,366.6,1846.0,29.5,48.4,65.8,129.9,420.1,1819.0,105.6,152.7,184.9,237.5,617.1,1566.0,22.6,49.0,72.2,144.3,428.1,1109.0,26.9,51.3,68.2,129.7,424.5,2028.0,46.9,84.5,86.7,157.2,557.4,1819.0,136.0,187.3,234.8,353.0,773.4,1918.0,78.1,140.9,151.0,124.1,390.9,1964.0,89.0,131.1,136.1,143.2,397.8,1767.0,111.0,160.9,164.8,186.9,534.5,1948.0,274.6,339.4,288.4,215.9,517.7,1556.0,317.7,586.4,653.0,621.8,1026.0,1767.0,419.4,580.9,576.9,540.3,1130.0,1889.0,377.8,570.2,703.0,705.1,1302.0,2045.0,533.3,709.1,531.0,428.1,948.2,1767.0
2025-11-08,02,12,official_closing,closing_displayed,https://www.boatrace.jp/owpc/pc/race/odds3t?hd=20251108&jcd=02&rno=12,18.7,79.3,125.2,41.4,72.7,729.2,10.7,46.8,97.9,75.0,103.3,952.5,17.9,60.2,91.6,31.0,68.5,699.3,59.4,148.2,222.4,80.6,106.2,798.3,23.6,174.4,240.2,70.6,132.2,1128.0,19.7,161.5,262.9,166.9,273.7,1766.0,21.2,177.7,257.9,71.9,139.0,1122.0,63.1,360.8,466.2,144.1,239.0,1334.0,15.3,74.5,158.0,149.1,204.0,1149.0,23.5,141.2,262.0,232.7,347.6,1814.0,15.7,77.4,184.9,129.7,325.1,1809.0,51.7,186.0,371.9,284.4,401.5,1656.0,27.6,117.7,167.9,39.4,76.9,787.0,33.3,194.1,259.2,53.3,98.6,941.7,28.3,104.6,235.6,90.9,193.1,1401.0,59.6,252.9,326.2,61.0,115.4,631.1,157.2,532.2,732.4,174.8,268.5,844.9,188.0,813.9,900.9,216.0,353.9,1089.0,157.4,522.2,958.0,379.6,521.3,1356.0,159.9,667.8,831.2,155.2,281.4,678.7
2025-11-08,03,1,official_closing,closing_displayed,https://www.boatrace.jp/owpc/pc/race/odds3t?hd=20251108&jcd=03&rno=1,10.2,26.5,29.2,179.2,110.9,208.6,46.9,92.9,73.3,149.4,87.7,245.1,16.6,39.8,26.3,137.1,217.9,429.7,30.3,62.0,49.7,167.5,102.6,197.9,10.5,47.1,50.2,260.7,174.2,321.1,30.1,179.0,190.3,416.6,245.6,507.5,10.5,76.1,75.7,395.3,505.4,927.3,23.9,105.6,103.5,378.3,254.8,579.0,72.6,237.1,143.0,328.8,132.7,358.5,69.6,354.4,312.2,497.3,212.2,529.3,60.1,416.6,165.7,386.6,483.6,1036.0,83.5,450.1,235.3,413.8,248.1,677.6,31.2,98.2,63.6,180.5,310.6,681.4,24.9,134.6,98.7,312.2,689.0,1054.0,68.2,369.2,166.4,322.0,677.6,1233.0,34.5,170.5,109.2,182.7,348.4,409.7,74.7,193.0,153.0,301.5,159.3,311.4,70.7,317.8,243.7,524.8,260.7,499.3,153.9,700.7,409.7,576.3,322.8,652.5,69.0,354.4,198.9,314.6,407.0,656.0
2025-11-08,03,2,official_closing,closing_displayed,https://www.boatrace.jp/owpc/pc/race/odds3t?hd=20251108&jcd=03&rno=2,51.0,81.9,51.6,203.7,45.4,1907.0,70.9,100.1,26.8,120.1,25.6,1551.0,53.4,83.2,19.0,98.9,32.4,2115.0,408.2,562.0,194.2,499.3,152.4,1307.0,41.2,99.9,81.7,281.0,65.2,2423.0,22.4,94.5,66.2,193.2,63.9,2423.0,18.0,73.3,51.6,174.6,78.6,3144.0,229.9,596.6,381.4,969.5,255.7,1939.0,92.4,189.1,32.2,94.4,27.2,1686.0,48.2,141.8,53.2,128.9,44.8,2041.0,44.1,132.6,17.0,50.2,26.4,1572.0,444.0,861.8,154.7,437.4,122.8,961.5,56.7,133.1,19.6,95.1,55.1,3422.0,29.4,110.4,37.4,127.1,88.6,2908.0,40.7,136.0,16.3,57.5,43.2,2644.0,275.0,533.7,109.5,348.3,269.9,1846.0,953.6,1615.0,718.2,969.5,303.7,1108.0,843.1,1511.0,770.5,1292.0,408.2,2006.0,1011.0,1876.0,657.3,977.7,262.6,796.9,639.2,1530.0,385.2,1011.0,378.9,1762.0
2025-11-08,03,3,official_closing,closing_displayed,https://www.boatrace.jp/owpc/pc/race/odds3t?hd=20251108&jcd=03&rno=3,14.0,9.5,59.0,35.4,313.0,782.5,17.2,11.6,113.5,95.8,636.2,2094.0,40.7,26.0,131.6,59.4,412.6,1348.0,79.2,61.4,277.8,132.0,732.0,2127.0,31.5,18.2,50.0,31.0,303.2,861.7,61.8,21.5,62.3,49.8,417.6,1321.0,85.9,39.4,101.3,39.6,228.0,732.0,165.4,85.3,193.6,79.8,538.1,1448.0,35.4,16.6,161.9,141.1,920.0,2897.0,69.9,21.4,113.4,96.9,599.8,1865.0,116.3,32.3,216.8,138.3,861.7,1681.0,217.8,74.2,373.0,279.5,1163.0,3680.0,161.9,67.0,271.2,80.0,341.2,1134.0,246.6,93.9,221.0,62.5,197.0,769.2,245.7,74.6,295.3,173.4,651.4,1681.0,404.0,155.6,562.6,115.9,376.1,1681.0,334.5,242.2,889.9,205.0,1418.0,2388.0,581.8,296.0,677.4,147.2,1023.0,2475.0,642.2,221.0,972.5,453.8,1464.0,3404.0,684.2,248.9,1055.0,195.3,1163.0,2388.0
2025-11-08,03,4,official_closing,closing_displayed,https://www.boatrace.jp/owpc/pc/race/odds3t?hd=20251108&jcd=03&rno=4,23.3,21.6,90.0,178.4,56.2,445.1,38.7,29.7,176.2,377.7,140.6,1087.0,18.1,12.4,107.6,292.8,191.8,1280.0,35.8,25.4,202.9,396.3,116.4,640.2,46.6,34.2,71.6,159.1,43.0,433.1,107.5,42.3,79.3,199.0,56.9,590.5,71.4,23.3,46.9,132.6,95.6,790.6,132.2,46.9,95.8,178.8,53.8,338.0,87.1,62.6,229.2,407.5,191.1,1663.0,182.6,63.9,142.1,290.5,100.7,1040.0,140.1,46.8,161.1,352.8,276.1,1139.0,187.4,75.0,248.1,465.2,177.9,964.5,34.0,19.2,114.1,251.6,302.0,1491.0,79.6,25.9,65.9,157.7,182.9,1040.0,125.4,37.8,136.6,309.8,311.1,1303.0,89.1,25.9,129.7,274.0,243.1,1130.0,120.4,74.6,500.6,533.8,157.4,712.7,275.5,114.7,262.5,391.0,96.4,374.8,277.1,151.9,386.8,637.3,210.6,692.2,203.4,67.1,319.3,516.7,309.8,1104.0
2025-11-08,03,5,official_closing,closing_displayed,https://www.boatrace.jp/owpc/pc/race/odds3t?hd=20251108&jcd=03&rno=5,18.6,140.5,85.8,42.4,301.5,1324.0,13.7,120.0,39.2,28.2,236.8,1805.0,42.5,218.5,97.9,37.9,139.5,735.7,103.3,401.3,183.5,71.5,367.8,2091.0,15.4,290.5,238.2,132.2,667.7,1746.0,7.3,382.0,312.8,224.1,863.6,2337.0,21.2,544.2,442.6,249.8,732.3,1485.0,52.4,849.8,611.2,352.3,1119.0,2739.0,9.5,213.8,59.1,58.3,429.5,2605.0,6.0,391.4,187.1,182.8,868.4,2942.0,13.0,435.3,131.9,127.7,430.6,1103.0,32.4,633.1,215.9,220.7,823.4,1914.0,64.0,544.2,228.3,65.2,150.3,771.4,46.9,908.1,538.7,157.5,403.3,1471.0,32.9,577.8,235.0,147.9,303.2,1281.0,105.6,908.1,467.4,136.8,410.6,1961.0,249.0,1038.0,604.2,189.1,908.1,2037.0,172.1,1690.0,963.1,426.0,1418.0,3695.0,131.4,1143.0,487.4,366.1,1292.0,2407.0,238.6,1727.0,735.7,323.6,1045.0,2063.0
2025-11-08,03,6,official_closing,closing_displayed,https://www.boatrace.jp/owpc/pc/race/odds3t?hd=20251108&jcd=03&rno=6,16.7,59.2,42.0,36.1,1339.0,1128.0,12.8,46.9,16.0,19.1,921.9,1045.0,177.8,405.4,128.9,140.5,1002.0,848.9,106.2,202.7,74.5,59.4,1441.0,2017.0,14.7,110.2,96.9,69.9,1544.0,1441.0,6.8,106.5,75.9,86.7,1843.0,2722.0,106.3,669.8,479.0,424.4,1971.0,1824.0,43.6,345.0,281.1,249.6,2415.0,3728.0,10.2,82.8,19.9,24.7,1224.0,1242.0,6.9,106.7,45.8,60.0,2256.0,2415.0,85.4,635.1,111.5,155.1,1020.0,702.8,34.9,339.5,60.1,75.2,1617.0,2449.0,467.2,997.0,435.2,254.4,1143.0,963.4,338.2,1174.0,790.2,430.8,1441.0,1697.0,365.6,1020.0,329.7,302.4,1085.0,861.7,571.6,1014.0,457.3,266.2,1216.0,2041.0,316.9,717.5,284.3,156.3,1843.0,2381.0,244.6,947.4,434.1,310.6,2956.0,4634.0,230.1,857.4,222.1,191.1,2317.0,2722.0,564.1,1926.0,579.3,336.2,1602.0,2317.0
2025-11-08,03,7,official_closing,closing_displayed,https://www.boatrace.jp/owpc/pc/race/odds3t?hd=20251108&jcd=03&rno=7,13.0,12.2,85.9,509.2,358.0,72.2,54.5,56.1,313.8,631.5,509.2,184.5,35.1,30.0,184.1,673.9,857.7,492.0,15.1,10.9,106.0,660.0,387.4,290.0,27.7,23.6,72.0,492.0,315.1,51.4,114.6,57.3,134.7,480.2,284.9,61.1,90.2,28.8,67.4,527.6,691.3,181.2,38.0,11.8,39.9,336.2,188.7,111.5,136.2,147.9,498.1,906.2,676.8,226.2,161.2,105.9,316.3,652.0,439.4,128.2,320.8,139.6,527.6,932.5,1233.0,553.1,227.5,75.0,334.8,774.8,426.6,396.0,103.4,92.8,364.5,756.6,1021.0,844.2,168.1,65.7,196.5,703.5,984.0,504.4,289.5,141.9,456.9,921.8,1129.0,996.2,138.7,45.0,179.0,688.4,794.0,901.1,37.8,21.2,158.8,694.3,396.0,396.0,68.6,18.2,87.8,435.8,247.5,236.5,182.6,73.1,322.7,891.1,396.0,411.2,139.1,37.6,223.7,810.1,709.7,756.6
2025-11-08,03,8,official_closing,closing_displayed,https://www.boatrace.jp/owpc/pc/race/odds3t?hd=20251108&jcd=03&rno=8,13.6,19.9,56.0,93.5,61.3,884.1,18.0,25.7,81.4,125.4,78.7,1117.0,15.3,17.6,56.1,94.2,93.4,1390.0,246.4,268.6,469.4,357.8,593.2,1597.0,21.8,32.6,59.2,115.3,62.2,884.1,35.3,41.0,70.8,134.6,74.3,1214.0,28.4,20.2,39.9,93.1,123.0,1182.0,415.8,308.6,380.2,377.0,507.3,1291.0,36.8,50.2,115.7,171.0,133.6,1319.0,49.4,62.2,102.6,163.6,103.3,1543.0,46.5,37.5,83.8,141.7,185.8,1256.0,312.9,310.8,507.3,496.2,705.9,1597.0,35.8,34.2,80.2,94.2,109.6,1597.0,50.9,28.8,58.9,72.9,142.8,1611.0,59.8,39.0,86.1,115.4,202.1,1877.0,469.4,271.0,302.5,255.8,595.1,2023.0,798.8,919.8,1084.0,725.6,1247.0,1543.0,943.6,1023.0,1006.0,679.5,1103.0,1434.0,892.7,636.8,938.8,979.1,1369.0,1821.0,1214.0,687.2,943.6,669.5,1190.0,1583.0
2025-11-08,03,9,official_closing,closing_displayed,https://www.boatrace.jp/owpc/pc/race/odds3t?hd=20251108&jcd=03&rno=9,9.6,12.8,84.9,64.4,97.2,991.2,10.7,14.0,158.7,165.6,201.2,2300.0,9.7,13.9,135.4,103.6,213.9,1543.0,48.2,45.5,372.8,147.4,278.3,1563.0,21.5,35.6,102.1,68.5,85.0,923.6,38.3,59.4,152.0,156.1,208.0,1604.0,45.8,48.4,139.0,100.3,177.2,1325.0,154.5,145.3,340.5,187.8,273.9,1297.0,31.7,39.4,242.4,252.9,407.7,2771.0,57.6,61.6,191.4,245.3,379.8,1966.0,59.3,46.9,287.5,322.5,738.9,1486.0,133.5,127.5,512.3,527.8,896.5,2835.0,32.4,34.3,272.7,135.0,218.5,1469.0,75.0,71.0,195.7,114.1,234.9,1543.0,92.1,60.1,454.9,307.8,347.3,1670.0,164.3,94.5,478.1,208.0,433.9,1935.0,214.6,233.1,960.0,393.3,561.8,1741.0,387.0,432.3,677.3,387.0,577.8,1325.0,350.3,338.6,1016.0,738.9,1069.0,1998.0,354.4,301.0,1088.0,476.2,734.5,2390.0
2025-11-08,03,10,official_closing,closing_displayed,https://www.boatrace.jp/owpc/pc/race/odds3t?hd=20251108&jcd=03&rno=10,49.6,208.2,291.0,109.5,52.3,323.7,29.9,177.3,210.4,121.5,73.2,556.5,20.3,150.0,194.8,36.7,29.2,184.9,35.1,211.8,317.0,57.6,23.4,103.3,59.1,452.3,635.6,255.8,168.9,844.5,36.7,740.9,678.5,690.1,667.2,1472.0,28.8,616.2,888.0,351.0,409.4,1023.0,55.0,844.5,850.5,492.9,307.3,1032.0,28.9,389.6,318.6,295.2,234.0,1420.0,36.9,745.5,678.5,649.3,850.5,1455.0,10.7,518.3,481.1,423.7,564.3,894.6,19.7,862.6,659.9,580.6,494.9,1568.0,16.4,298.9,304.9,46.7,52.7,279.5,26.4,686.2,966.2,184.6,236.3,1097.0,11.6,569.7,613.0,249.0,303.4,1161.0,10.3,450.6,439.1,56.3,67.3,243.0,55.2,694.1,754.8,102.2,41.0,110.6,79.4,784.2,888.0,381.0,154.0,580.6,40.1,754.8,678.5,513.9,210.7,862.6,24.0,625.7,613.0,106.0,74.2,205.4
2025-11-08,03,11,official_closing,closing_displayed,https://www.boatrace.jp/owpc/pc/race/odds3t?hd=20251108&jcd=03&rno=11,9.2,44.0,156.2,68.6,134.1,265.7,6.6,40.2,148.3,133.9,259.0,919.3,11.9,54.4,149.1,65.8,173.8,426.4,16.5,57.4,239.1,86.5,242.2,626.5,16.1,165.4,278.9,141.4,264.5,416.9,19.9,230.7,375.1,426.4,789.8,1193.0,31.1,386.7,457.7,273.5,572.2,1078.0,48.4,443.3,536.6,330.8,633.6,1232.0,11.5,105.1,285.3,345.0,481.3,1699.0,21.5,218.6,512.1,529.0,966.8,2243.0,19.1,208.4,330.8,413.8,659.7,1495.0,24.3,256.6,534.0,671.5,1058.0,2199.0,27.8,176.9,388.0,119.3,209.6,648.2,44.2,606.2,789.8,215.2,443.3,1132.0,35.2,378.9,431.3,347.2,536.6,2243.0,55.9,373.8,519.2,175.5,331.8,1048.0,57.2,212.8,795.4,248.1,479.2,801.1,139.8,644.5,966.8,461.5,812.7,1752.0,69.4,463.4,862.7,718.9,1246.0,2156.0,96.3,521.6,778.8,308.1,584.1,1068.0
2025-11-08,03,12,official_closing,closing_displayed,https://www.boatrace.jp/owpc/pc/race/odds3t?hd=20251108&jcd=03&rno=12,39.2,195.7,80.3,49.8,222.0,568.5,46.0,252.1,24.9,30.2,149.3,334.9,89.3,357.7,61.6,32.4,103.6,325.1,51.9,386.3,40.9,27.0,132.3,420.0,20.2,315.3,240.5,163.1,469.7,1101.0,9.6,512.9,331.1,285.6,830.2,1439.0,25.8,686.5,549.2,244.2,609.2,1451.0,14.8,929.7,494.4,177.2,668.5,1475.0,26.9,373.4,47.1,49.0,257.9,511.4,13.7,564.9,181.7,163.0,822.6,1352.0,29.4,796.9,99.3,93.6,319.3,397.5,17.6,883.7,73.7,68.6,332.4,587.2,93.6,800.5,193.4,35.9,93.0,363.5,61.4,870.7,534.4,106.7,245.8,870.7,63.9,975.4,208.5,77.1,188.9,370.3,68.2,1031.0,213.0,41.0,100.3,346.6,67.6,1075.0,166.6,53.3,208.0,737.6,46.0,1352.0,432.2,127.6,402.0,1182.0,56.2,1284.0,163.7,84.5,359.9,850.0,82.3,1803.0,274.6,65.7,188.9,438.6
2025-11-08,06,1,official_closing,closing_displayed,https://www.boatrace.jp/owpc/pc/race/odds3t?hd=20251108&jcd=06&rno=1,8.5,43.4,39.4,83.8,156.0,1402.0,11.6,51.1,34.3,85.2,164.3,1478.0,17.9,69.1,46.4,82.7,192.2,1570.0,29.4,140.7,107.1,138.1,242.4,1918.0,8.5,93.0,106.6,191.7,342.5,2246.0,8.6,195.0,201.5,385.4,724.8,3909.0,13.8,250.2,245.8,325.0,783.4,3446.0,30.6,580.0,560.8,527.4,774.5,3765.0,17.1,137.9,99.8,192.6,346.0,2174.0,16.3,278.1,198.6,388.0,710.8,3505.0,25.5,357.9,197.4,342.2,836.6,3034.0,46.5,617.0,412.8,569.5,1188.0,3566.0,36.8,275.4,195.2,136.4,267.5,2053.0,35.5,455.3,319.6,206.7,417.9,3598.0,50.7,537.1,374.0,268.4,545.8,3034.0,75.4,885.9,546.5,218.9,430.2,2541.0,143.0,1001.0,672.1,452.3,984.5,2747.0,137.6,1701.0,1383.0,789.5,1392.0,2989.0,171.7,1600.0,1064.0,907.6,1760.0,3253.0,201.1,1563.0,1213.0,550.2,1232.0,2692.0
2025-11-08,06,2,official_closing,closing_displayed,https://www.boatrace.jp/owpc/pc/race/odds3t?hd=20251108&jcd=06&rno=2,12.2,100.0,95.7,164.1,401.1,441.0,11.6,93.3,49.0,133.0,370.0,358.3,26.7,182.2,76.8,200.3,448.7,365.7,23.5,153.8,62.4,129.9,428.5,722.5,12.8,259.3,310.0,363.9,765.3,917.1,6.5,343.4,496.3,637.5,1459.0,2081.0,16.2,628.4,783.0,974.0,1750.0,1764.0,11.0,580.3,657.6,681.0,1381.0,2374.0,15.2,253.3,157.8,261.6,738.3,639.4,10.0,437.5,438.4,662.5,1822.0,2052.0,24.2,727.3,328.5,634.8,1853.0,1168.0,13.3,512.0,237.2,392.9,1525.0,1978.0,59.2,638.5,295.6,479.0,836.7,628.4,47.1,1058.0,638.5,919.0,1580.0,1877.0,55.6,1112.0,498.0,934.6,1541.0,1426.0,59.7,1063.0,480.1,540.3,926.7,1615.0,54.3,559.6,259.6,303.8,917.1,1435.0,35.4,987.1,699.5,724.9,1670.0,2264.0,36.4,825.7,405.2,581.0,1474.0,2496.0,83.7,1255.0,791.5,646.9,1244.0,2043.0
2025-11-08,06,3,official_closing,closing_displayed,https://www.boatrace.jp/owpc/pc/race/odds3t?hd=20251108&jcd=06&rno=3,41.3,160.7,26.9,132.2,126.0,370.5,22.6,115.7,27.4,130.3,123.3,473.3,16.7,88.0,18.7,82.7,123.5,432.5,41.5,164.6,40.8,157.0,166.4,316.0,46.7,240.1,42.2,226.3,209.2,459.8,47.9,333.3,54.2,348.8,311.5,821.7,31.8,232.7,41.0,185.9,279.0,695.5,81.2,413.9,62.5,331.1,345.1,613.7,29.9,227.6,39.0,152.5,146.3,451.0,58.9,363.6,63.1,262.6,261.2,662.7,21.7,202.9,35.8,120.3,181.3,607.6,53.9,379.2,62.4,213.1,252.2,485.8,25.9,184.3,28.0,88.1,137.7,682.5,47.2,251.1,41.4,134.5,204.1,829.1,29.3,228.7,38.9,117.1,173.2,751.8,45.3,291.5,46.3,105.8,169.7,536.8,101.8,486.7,67.3,248.1,305.5,515.6,156.3,707.2,85.8,325.6,438.8,820.4,104.1,647.8,89.1,300.9,337.6,572.7,75.0,529.0,67.8,187.5,311.4,559.8
2025-11-08,06,4,official_closing,closing_displayed,https://www.boatrace.jp/owpc/pc/race/odds3t?hd=20251108&jcd=06&rno=4,8.6,82.2,89.9,103.4,99.7,1029.0,8.8,77.2,64.7,141.5,132.3,1337.0,12.6,93.7,67.9,81.2,106.1,1276.0,53.7,224.0,158.1,190.5,200.1,1414.0,10.8,231.6,224.8,218.2,215.6,1785.0,9.6,379.7,414.6,548.9,624.2,2939.0,12.2,505.6,468.3,294.0,421.7,2864.0,47.1,820.2,803.9,604.8,566.6,3262.0,12.9,222.1,164.3,288.0,324.1,2239.0,14.4,466.4,328.4,557.6,636.2,3152.0,16.0,369.1,247.9,424.0,596.5,3118.0,48.5,653.9,434.4,714.3,876.3,3617.0,25.2,275.2,196.3,106.5,159.7,2022.0,26.8,690.7,443.3,211.0,311.9,3100.0,25.3,510.7,341.6,260.9,411.0,3262.0,71.9,981.4,552.7,192.2,274.0,1881.0,167.1,1079.0,782.7,566.0,545.2,1752.0,161.4,1659.0,1546.0,969.6,998.8,2519.0,159.6,1576.0,1100.0,1126.0,1020.0,3100.0,166.8,1485.0,1126.0,585.4,700.1,1769.0
2025-11-08,06,5,official_closing,closing_displayed,https://www.boatrace.jp/owpc/pc/race/odds3t?hd=20251108&jcd=06&rno=5,14.2,40.0,144.5,98.6,53.4,717.2,11.7,29.4,175.5,208.8,140.9,1448.0,9.4,20.6,142.2,73.9,77.8,1168.0,28.7,54.4,267.4,137.6,86.0,891.6,22.2,101.0,220.7,147.9,87.5,943.3,30.8,180.6,307.0,373.2,280.4,2214.0,24.3,135.4,260.1,133.1,151.2,1527.0,58.7,244.8,551.4,220.9,157.2,1434.0,21.5,79.2,352.6,424.2,336.6,1783.0,43.4,194.9,394.0,569.6,478.1,2337.0,21.4,94.7,333.1,468.2,683.0,2507.0,47.1,183.8,634.9,692.7,647.6,2666.0,15.0,49.1,269.8,71.0,107.6,1390.0,34.0,142.8,307.1,95.9,142.2,1616.0,25.3,100.8,405.7,272.7,406.8,3171.0,32.5,114.6,602.3,89.3,130.8,1119.0,91.9,230.9,780.2,246.3,252.1,1013.0,158.4,626.8,1096.0,308.8,294.6,1272.0,124.0,471.6,1132.0,746.4,711.1,1741.0,93.0,301.1,1066.0,225.9,305.4,1098.0
2025-11-08,06,6,official_closing,closing_displayed,https://www.boatrace.jp/owpc/pc/race/odds3t?hd=20251108&jcd=06&rno=6,13.6,140.6,69.9,489.3,94.9,399.6,32.3,231.2,84.6,419.5,62.2,274.4,15.1,148.5,33.2,357.7,197.9,658.0,24.0,210.3,45.4,419.2,55.6,222.5,13.1,318.7,235.2,797.6,260.8,919.6,22.4,922.2,590.9,1442.0,458.1,1640.0,7.7,551.2,316.5,1154.0,914.2,2005.0,11.5,764.8,385.4,1344.0,381.0,1224.0,47.4,672.0,218.3,539.0,111.5,461.1,47.9,1172.0,456.4,1238.0,329.0,1394.0,45.3,1018.0,199.6,633.0,377.4,1500.0,51.8,1081.0,239.3,662.9,147.2,545.5,18.0,378.9,71.1,533.1,550.3,1469.0,12.4,682.9,199.1,954.3,967.4,2366.0,39.9,1070.0,182.3,791.6,752.1,1750.0,13.4,603.4,81.3,502.2,540.4,1449.0,48.5,685.9,150.2,797.6,129.3,258.4,32.0,1281.0,383.8,1515.0,359.9,751.2,78.1,1410.0,347.1,1276.0,206.2,450.2,32.9,886.0,151.1,824.7,440.5,1047.0
2025-11-08,06,7,official_closing,closing_displayed,https://www.boatrace.jp/owpc/pc/race/odds3t?hd=20251108&jcd=06&rno=7,6.8,31.3,40.6,147.6,127.5,1041.0,13.0,52.9,45.2,181.4,133.5,1299.0,14.6,61.2,48.7,175.1,200.5,2073.0,42.0,140.9,105.7,283.4,192.3,1775.0,7.6,58.6,73.7,236.1,256.2,1545.0,10.8,88.3,117.0,329.8,346.7,2300.0,12.0,101.6,124.2,408.8,614.4,2814.0,36.8,210.7,254.4,498.3,467.6,2481.0,25.7,153.6,124.2,275.0,303.3,2046.0,26.3,175.5,167.7,373.0,376.8,2101.0,40.9,258.1,190.7,442.6,524.4,2671.0,71.3,387.9,314.0,643.9,482.3,3016.0,28.6,179.3,155.8,236.7,382.2,2826.0,27.6,216.8,215.0,347.1,505.9,3136.0,53.3,337.4,277.8,408.0,513.3,3581.0,69.2,407.4,340.7,335.1,413.0,2878.0,145.0,565.8,542.0,673.4,660.0,2020.0,147.0,717.1,774.4,891.6,903.1,2188.0,202.2,966.8,891.6,1086.0,971.3,3045.0,194.3,755.8,896.7,745.1,1036.0,2511.0
2025-11-08,06,8,official_closing,closing_displayed,https://www.boatrace.jp/owpc/pc/race/odds3t?hd=20251108&jcd=06&rno=8,9.6,33.0,30.4,237.2,122.2,802.2,25.4,68.7,33.1,193.0,95.8,690.9,23.6,61.8,25.2,241.3,196.4,1300.0,52.6,131.8,64.4,382.2,193.8,1064.0,8.3,61.4,68.6,388.5,247.4,1267.0,11.6,106.7,99.2,352.2,207.6,1061.0,10.1,81.1,70.3,471.3,501.1,1729.0,29.0,163.6,139.2,655.2,427.9,1452.0,37.9,176.5,98.7,284.4,159.1,904.1,27.8,200.3,118.3,305.3,195.9,1010.0,49.9,272.2,91.2,268.0,283.6,1212.0,78.3,404.8,161.7,432.7,262.8,949.7,33.1,168.7,71.7,366.1,431.3,1801.0,22.2,153.1,87.4,398.8,497.5,1515.0,58.6,328.9,109.5,317.0,394.5,1512.0,73.8,366.9,122.4,411.5,474.2,1486.0,116.9,590.2,258.5,803.1,458.9,1212.0,87.5,444.8,296.7,806.8,572.3,1305.0,186.7,785.0,359.3,754.4,445.1,965.5,168.3,621.3,267.4,727.6,636.6,1351.0
2025-11-08,06,9,official_closing,closing_displayed,https://www.boatrace.jp/owpc/pc/race/odds3t?hd=20251108&jcd=06&rno=9,15.0,31.9,46.6,97.6,102.8,394.1,18.9,36.9,32.8,76.7,122.6,466.9,25.5,42.2,51.6,92.6,135.0,637.3,46.8,79.1,74.2,128.3,188.0,765.1,13.2,66.5,92.5,180.8,172.6,546.6,12.0,76.7,84.6,186.3,233.6,618.7,20.4,97.3,94.9,178.9,230.3,871.7,33.8,134.1,159.6,253.2,338.9,851.9,24.3,89.9,57.4,116.4,249.4,596.3,20.8,107.5,86.7,157.1,246.1,637.3,35.6,143.0,72.0,157.5,246.0,626.7,50.9,204.7,95.5,186.6,481.2,928.0,41.1,131.1,133.3,127.2,236.9,875.1,44.5,155.1,129.3,164.3,238.3,931.8,62.4,191.8,126.5,172.1,292.4,721.8,94.8,302.9,210.5,131.8,247.4,731.1,94.4,304.4,222.8,269.1,542.2,1127.0,96.3,340.8,273.9,324.6,520.9,956.9,119.0,425.1,226.7,289.9,676.9,1120.0,157.8,484.6,335.6,228.7,484.6,806.2
2025-11-08,06,10,official_closing,closing_displayed,https://www.boatrace.jp/owpc/pc/race/odds3t?hd=20251108&jcd=06&rno=10,24.9,144.5,103.0,47.9,84.9,155.4,60.0,194.2,115.8,46.8,77.7,164.0,30.0,141.5,56.4,40.4,93.3,157.1,47.7,195.4,93.4,32.1,62.0,145.0,21.4,272.9,255.3,88.3,156.2,247.6,37.6,513.0,550.3,117.0,280.4,364.2,13.4,351.4,335.6,119.1,299.1,313.5,24.6,415.9,386.5,65.3,153.5,328.0,64.6,325.9,205.6,77.5,137.0,308.6,52.8,556.2,433.0,119.7,306.4,437.9,48.1,425.6,244.6,83.9,308.9,428.0,53.5,345.2,276.7,67.0,188.6,373.8,33.4,255.7,102.9,60.9,116.1,123.0,21.8,408.0,227.0,109.0,207.6,165.8,49.5,500.3,242.1,86.8,215.1,196.0,30.3,312.0,156.6,47.9,102.8,143.5,60.3,383.8,244.2,32.6,81.5,187.4,53.7,530.9,388.4,46.0,132.2,287.9,73.6,440.5,371.0,50.1,152.1,345.3,55.0,423.0,270.2,43.3,115.8,215.2
2025-11-08,06,11,official_closing,closing_displayed,https://www.boatrace.jp/owpc/pc/race/odds3t?hd=20251108&jcd=06&rno=11,16.9,116.9,53.8,89.1,225.1,945.0,20.2,122.0,23.7,63.7,154.7,789.4,33.2,188.2,31.6,53.6,163.2,684.9,57.7,264.7,51.6,79.1,190.8,921.9,13.1,244.0,164.4,197.3,442.1,1638.0,7.4,396.3,271.7,379.6,821.0,2243.0,10.6,536.4,325.5,268.4,684.4,1993.0,21.3,747.9,448.3,352.9,685.8,1930.0,22.7,259.2,52.7,106.7,290.2,1177.0,14.2,492.6,165.7,282.1,650.8,2334.0,18.2,448.1,76.9,148.0,361.6,1205.0,30.4,616.9,122.0,203.2,467.1,1456.0,52.8,558.4,104.2,83.3,196.7,884.6,29.4,835.7,291.8,174.8,410.3,1495.0,41.3,749.6,138.0,149.1,293.2,1239.0,61.0,921.1,194.8,94.1,221.0,845.8,131.6,996.7,236.3,163.2,463.1,1188.0,85.0,1380.0,618.9,345.8,754.2,1755.0,92.7,1127.0,337.9,304.6,610.0,1420.0,123.2,1165.0,334.6,164.9,458.2,907.5
2025-11-08,06,12,official_closing,closing_displayed,https://www.boatrace.jp/owpc/pc/race/odds3t?hd=20251108&jcd=06&rno=12,12.2,41.9,112.9,83.5,94.1,680.2,9.7,29.9,132.1,143.2,144.2,1125.0,14.1,38.9,139.5,98.2,136.8,987.9,36.4,76.6,251.6,145.1,135.7,850.8,16.7,103.3,174.2,103.2,136.7,942.4,16.7,115.8,226.7,205.1,291.3,1877.0,21.6,150.8,266.2,115.1,212.8,1311.0,46.4,268.0,463.1,158.6,248.3,1401.0,15.6,48.6,253.0,297.3,340.6,1735.0,21.6,92.0,322.9,368.0,481.4,2262.0,19.5,52.4,296.4,345.2,507.7,2012.0,33.4,80.2,492.3,529.4,618.6,2026.0,25.9,78.1,299.2,148.2,250.2,1308.0,31.7,143.8,396.7,176.6,296.4,1535.0,34.3,85.6,399.2,273.9,427.9,2122.0,44.1,118.7,487.2,194.5,338.0,1280.0,102.6,252.5,747.4,401.6,380.8,1052.0,120.5,431.5,1023.0,480.0,550.8,1498.0,105.4,247.3,993.8,732.4,739.3,1848.0,106.1,271.6,875.0,381.0,540.1,1265.0
2025-11-08,07,1,official_closing,closing_displayed,https://www.boatrace.jp/owpc/pc/race/odds3t?hd=20251108&jcd=07&rno=1,12.3,39.3,42.0,47.8,272.9,1723.0,15.1,42.6,32.5,64.0,272.5,2091.0,30.4,63.3,49.7,42.8,246.8,2215.0,238.0,409.0,284.6,317.1,778.8,2659.0,15.4,59.5,58.7,59.6,351.8,1807.0,14.0,40.1,38.9,70.3,301.6,2417.0,26.4,63.7,57.4,50.4,263.6,1789.0,203.2,429.8,359.3,370.7,849.9,1959.0,20.1,68.1,35.0,62.1,304.1,2659.0,22.1,58.3,33.1,61.2,305.6,2449.0,31.9,69.4,30.1,50.1,233.8,2585.0,208.4,450.7,180.7,332.9,812.8,2356.0,70.5,143.9,72.5,58.3,222.6,2820.0,76.1,136.3,77.5,58.6,213.2,2270.0,74.9,124.4,51.5,68.8,229.2,3102.0,376.0,562.3,264.7,216.6,552.3,2863.0,570.9,1149.0,735.7,614.3,1266.0,3002.0,707.7,1149.0,772.3,738.6,1141.0,2164.0,664.7,1063.0,653.1,903.5,1339.0,2481.0,940.1,1170.0,646.3,628.8,1101.0,2417.0
2025-11-08,07,2,official_closing,closing_displayed,https://www.boatrace.jp/owpc/pc/race/odds3t?hd=20251108&jcd=07&rno=2,7.4,18.1,30.3,202.6,86.6,3290.0,15.9,36.9,37.6,208.1,85.2,4771.0,25.5,37.8,33.7,214.9,188.0,5613.0,436.7,453.3,473.5,1054.0,485.6,3470.0,8.3,31.5,38.9,260.0,96.0,3670.0,12.3,40.0,51.3,238.5,88.2,2891.0,18.4,30.1,41.4,292.7,184.0,4544.0,442.8,406.9,568.0,1289.0,414.8,3029.0,36.4,102.3,74.8,257.2,105.1,4438.0,29.3,76.8,89.0,244.6,103.1,3029.0,62.7,106.5,96.0,262.5,187.8,3976.0,545.2,852.0,748.4,1247.0,498.3,3078.0,46.3,68.4,55.3,256.5,257.9,3408.0,41.7,56.2,63.9,276.1,263.9,5158.0,74.7,116.7,100.5,271.8,255.1,5783.0,436.7,468.9,426.9,1149.0,795.2,5158.0,1403.0,2385.0,1767.0,2097.0,636.1,3234.0,1645.0,1735.0,1539.0,3290.0,540.6,2806.0,1156.0,2726.0,2245.0,3670.0,686.5,3290.0,1491.0,1539.0,1393.0,2848.0,949.5,5158.0
2025-11-08,07,3,official_closing,closing_displayed,https://www.boatrace.jp/owpc/pc/race/odds3t?hd=20251108&jcd=07&rno=3,6.9,27.4,63.9,211.8,156.2,202.3,17.0,61.2,142.4,347.7,169.9,219.8,13.6,41.2,70.9,256.2,334.0,424.9,13.3,41.5,82.1,247.5,112.9,226.3,10.1,67.1,93.5,287.5,286.4,322.0,26.3,190.5,260.6,520.3,488.7,459.4,15.6,134.6,184.7,533.0,732.0,813.7,18.0,138.4,178.1,422.6,336.2,523.9,47.7,194.1,281.7,467.8,291.9,368.6,60.8,284.8,370.4,602.3,487.2,579.5,72.7,310.9,361.6,679.9,818.1,1026.0,56.4,301.7,316.7,533.0,423.7,695.4,30.9,152.9,118.5,353.3,516.8,749.9,37.1,242.8,196.8,496.7,708.2,879.2,79.6,429.7,324.8,621.9,761.1,1330.0,32.3,205.3,148.5,248.3,357.4,705.0,37.2,177.6,176.0,395.3,166.1,266.9,45.2,276.6,244.3,496.7,260.1,442.1,80.7,421.4,371.3,739.0,356.6,556.3,54.1,247.5,242.8,350.8,364.2,542.5
2025-11-08,07,4,official_closing,closing_displayed,https://www.boatrace.jp/owpc/pc/race/odds3t?hd=20251108&jcd=07&rno=4,23.2,54.8,67.1,36.3,133.2,4607.0,18.2,42.3,38.7,35.3,151.2,4709.0,33.3,66.6,59.0,20.9,82.8,3246.0,540.3,572.1,863.9,378.5,933.6,4417.0,23.1,82.1,93.8,73.5,185.2,5870.0,12.5,58.2,65.7,98.7,268.1,5290.0,24.8,86.6,97.4,58.2,148.3,3726.0,587.8,1224.0,1310.0,648.3,1334.0,5101.0,16.3,56.0,47.8,66.4,212.1,6395.0,12.0,58.5,62.8,105.1,300.3,5870.0,14.5,48.1,48.6,64.7,177.9,6301.0,346.7,472.9,755.7,723.8,1680.0,5424.0,51.0,128.8,98.6,26.7,75.1,3860.0,44.0,147.6,138.7,43.5,103.8,3826.0,34.3,91.4,84.2,50.1,125.5,4709.0,557.2,1037.0,919.5,251.6,508.3,3105.0,1482.0,2100.0,2629.0,927.5,2354.0,5790.0,1224.0,3039.0,2678.0,1519.0,2477.0,5424.0,1063.0,1913.0,2477.0,1904.0,3296.0,4982.0,1569.0,2462.0,2491.0,1063.0,1433.0,3401.0
2025-11-08,07,5,official_closing,closing_displayed,https://www.boatrace.jp/owpc/pc/race/odds3t?hd=20251108&jcd=07&rno=5,17.5,177.5,91.1,171.2,97.4,3532.0,27.5,211.6,46.5,104.3,44.5,1713.0,17.1,172.0,28.0,59.8,67.9,3441.0,444.0,1330.0,579.3,842.1,453.0,3596.0,13.2,372.3,278.1,350.1,262.4,5468.0,9.0,570.2,429.6,506.5,388.3,5052.0,4.8,507.8,372.3,387.5,502.1,5468.0,247.7,2609.0,2005.0,1798.0,1814.0,6543.0,34.3,515.0,97.6,184.5,81.4,2123.0,17.5,568.6,289.0,476.3,346.2,5052.0,14.3,592.2,108.8,177.3,192.1,4928.0,398.3,2134.0,1251.0,1928.0,1405.0,5252.0,18.2,359.9,50.9,67.4,89.9,6141.0,8.0,532.2,224.2,203.5,255.8,5394.0,14.6,709.0,115.8,129.3,163.2,5117.0,214.7,2134.0,948.1,683.5,782.7,3952.0,1209.0,3382.0,1728.0,2448.0,1317.0,4158.0,823.0,3382.0,3382.0,3991.0,3118.0,5252.0,1115.0,4115.0,3532.0,3991.0,2791.0,5252.0,980.7,4696.0,2791.0,3070.0,3001.0,3801.0
2025-11-08,07,6,official_closing,closing_displayed,https://www.boatrace.jp/owpc/pc/race/odds3t?hd=20251108&jcd=07&rno=6,8.0,72.1,42.6,754.6,48.5,1159.0,90.0,383.1,163.5,726.1,29.9,900.7,13.3,83.0,20.7,637.5,244.2,2899.0,67.8,299.8,95.0,1085.0,72.3,957.7,6.4,139.8,102.9,1105.0,117.7,2419.0,55.4,830.0,689.4,2006.0,184.7,2803.0,4.5,198.5,141.8,2534.0,955.6,5291.0,34.7,676.2,375.9,2504.0,291.7,3067.0,217.0,1105.0,501.5,1015.0,48.9,1469.0,194.9,1267.0,807.9,1734.0,127.0,2748.0,155.1,1517.0,481.0,1267.0,456.1,4070.0,213.3,2127.0,801.7,2276.0,148.3,1435.0,13.3,182.8,35.7,944.9,570.5,4110.0,8.2,250.9,86.7,1809.0,1213.0,5100.0,91.0,959.9,233.7,1352.0,998.4,4652.0,36.4,565.2,108.5,1411.0,848.3,4456.0,242.0,918.3,382.4,2055.0,163.5,1005.0,183.7,1640.0,675.1,3045.0,287.7,2159.0,391.2,2159.0,1213.0,3002.0,229.9,1282.0,176.6,1475.0,396.3,2432.0,732.4,3779.0
2025-11-08,07,7,official_closing,closing_displayed,https://www.boatrace.jp/owpc/pc/race/odds3t?hd=20251108&jcd=07&rno=7,19.0,111.6,148.8,23.5,170.7,1090.0,10.1,65.3,86.3,36.0,228.1,1489.0,28.8,142.1,174.2,20.9,93.9,552.4,60.5,244.1,293.8,38.0,188.9,1207.0,26.1,219.2,245.2,50.8,341.1,1597.0,15.7,237.0,297.8,170.5,866.5,2371.0,41.8,483.8,516.4,114.0,411.2,1394.0,84.9,748.2,796.1,104.7,521.7,2266.0,8.6,95.7,124.9,103.2,550.4,2335.0,11.7,197.4,286.1,228.7,1093.0,3195.0,12.7,214.6,296.4,204.5,711.2,2000.0,26.2,298.8,370.1,260.7,1027.0,3130.0,42.5,363.7,456.0,32.1,103.7,595.2,58.1,647.1,690.9,73.6,204.4,1223.0,29.2,413.0,535.6,119.2,325.8,1586.0,87.2,801.6,874.8,44.7,136.0,725.7,158.3,765.6,911.2,62.1,384.7,1528.0,206.0,1207.0,1357.0,106.4,564.6,2170.0,95.7,823.1,981.1,245.4,991.7,2659.0,179.6,1303.0,1503.0,93.0,323.3,890.0
2025-11-08,07,8,official_closing,closing_displayed,https://www.boatrace.jp/owpc/pc/race/odds3t?hd=20251108&jcd=07&rno=8,9.1,80.3,26.0,607.2,39.9,4689.0,67.1,330.5,66.7,476.7,23.2,3327.0,15.7,108.9,14.9,527.2,145.9,4875.0,417.6,1094.0,252.5,1461.0,274.4,3396.0,5.1,119.4,71.5,1002.0,98.9,6565.0,31.2,564.7,301.7,1456.0,112.4,5076.0,4.2,195.0,91.1,1630.0,518.9,6565.0,179.4,1758.0,1087.0,2474.0,719.9,6839.0,167.3,913.6,232.8,646.2,40.2,5352.0,118.7,958.0,495.4,1411.0,81.4,6839.0,140.2,1164.0,231.4,890.4,249.7,5352.0,634.5,2690.0,1431.0,2367.0,437.7,4827.0,17.7,185.8,29.4,642.8,490.9,7576.0,8.6,204.0,59.7,1189.0,932.6,7241.0,72.4,703.4,131.5,850.5,564.7,6935.0,254.7,1865.0,419.1,1931.0,1259.0,6839.0,1178.0,3594.0,1830.0,2966.0,971.2,4875.0,963.6,3419.0,2344.0,3702.0,1439.0,5595.0,1075.0,2984.0,2279.0,3097.0,1101.0,4924.0,1119.0,4245.0,1686.0,3877.0,1669.0,6654.0
2025-11-08,07,9,official_closing,closing_displayed,https://www.boatrace.jp/owpc/pc/race/odds3t?hd=20251108&jcd=07&rno=9,6.0,26.4,70.0,122.7,299.2,132.2,7.9,34.1,92.2,234.7,505.4,259.7,13.9,43.0,122.3,188.6,497.3,305.9,13.8,37.6,116.0,181.0,493.3,447.1,9.6,81.8,106.4,195.6,415.4,184.4,19.5,171.5,213.2,490.4,1045.0,416.7,33.5,197.3,272.8,431.2,1155.0,534.7,32.5,172.7,235.5,368.8,769.0,632.8,15.9,122.8,173.4,361.8,997.6,540.6,29.3,265.8,247.4,536.5,1280.0,654.5,46.7,280.2,325.3,753.9,1903.0,1099.0,42.2,235.0,294.1,583.8,1547.0,1380.0,53.5,174.0,347.6,326.6,683.3,665.0,82.1,350.6,521.3,510.6,1131.0,867.0,97.1,441.2,590.7,782.3,1707.0,1331.0,99.0,297.1,491.4,442.7,1104.0,1514.0,36.1,135.9,293.1,351.3,834.9,964.6,60.6,297.6,398.4,461.7,951.7,1059.0,64.2,310.5,485.6,782.3,1628.0,1743.0,97.4,336.1,558.2,580.3,1461.0,1684.0
2025-11-08,07,10,official_closing,closing_displayed,https://www.boatrace.jp/owpc/pc/race/odds3t?hd=20251108&jcd=07&rno=10,8.6,25.8,55.3,115.4,59.2,444.2,13.6,31.2,69.4,214.2,91.0,661.6,13.3,34.6,56.1,135.8,126.6,676.0,40.5,93.0,130.2,248.5,68.0,336.7,13.7,66.6,99.9,139.5,94.7,554.1,21.4,95.0,157.1,276.4,193.1,915.3,19.2,103.6,141.1,153.0,224.4,918.0,55.8,236.5,286.9,300.8,153.8,597.9,28.4,88.5,167.9,331.1,189.3,1030.0,45.6,147.1,200.5,352.4,254.5,1077.0,41.1,117.3,201.9,349.8,458.7,1540.0,82.5,239.0,338.5,617.5,311.0,1073.0,21.6,87.1,125.1,174.3,242.7,1037.0,31.1,140.1,189.7,179.1,255.6,1090.0,47.1,153.6,256.1,351.0,500.9,1989.0,38.3,178.5,240.3,206.7,213.7,607.2,98.8,328.5,446.4,407.5,104.1,331.0,151.1,456.0,583.8,438.9,148.5,464.8,140.5,428.3,745.0,773.8,238.3,745.0,86.7,315.2,442.3,294.2,198.4,489.0
2025-11-08,07,11,official_closing,closing_displayed,https://www.boatrace.jp/owpc/pc/race/odds3t?hd=20251108&jcd=07&rno=11,7.3,43.7,34.8,104.0,209.9,695.0,10.8,57.3,34.8,120.3,267.8,841.9,15.3,86.1,48.2,109.9,263.8,1072.0,50.3,160.9,104.3,180.5,386.2,1268.0,8.4,82.5,71.4,165.9,348.0,1036.0,9.2,127.0,111.8,274.2,745.2,1475.0,12.5,178.7,154.8,234.9,538.3,1642.0,49.4,296.9,257.1,423.4,869.4,2162.0,20.2,139.7,87.2,197.2,442.7,1324.0,20.2,185.9,134.2,308.9,818.8,1681.0,27.0,221.4,139.4,317.0,851.9,1853.0,64.8,386.2,270.6,498.5,1063.0,1909.0,39.0,257.6,167.7,142.8,325.0,1820.0,40.3,422.7,276.2,232.5,464.2,1924.0,52.0,393.7,249.7,313.7,664.9,2144.0,100.6,711.7,346.8,211.5,438.8,1547.0,146.7,558.5,390.4,395.3,847.6,1703.0,156.1,789.4,551.8,633.3,1124.0,2117.0,202.5,940.5,614.8,737.6,1290.0,1888.0,213.4,1107.0,628.6,437.7,897.2,1528.0
2025-11-08,07,12,official_closing,closing_displayed,https://www.boatrace.jp/owpc/pc/race/odds3t?hd=20251108&jcd=07&rno=12,5.9,61.7,97.5,239.7,89.1,787.3,10.2,81.2,132.7,307.4,115.9,1022.0,7.2,62.8,81.6,224.1,168.8,1253.0,29.7,168.6,192.0,413.3,149.1,791.5,10.5,202.9,229.8,418.7,172.9,1355.0,16.6,422.9,494.1,770.3,403.7,2239.0,10.8,340.2,382.2,611.9,485.4,2860.0,32.9,749.0,829.4,1225.0,488.8,1900.0,21.6,297.0,373.3,600.7,272.5,1701.0,30.0,525.5,589.4,885.8,573.3,2802.0,30.1,479.1,454.6,757.9,863.9,3035.0,60.4,1072.0,896.4,1271.0,771.0,2300.0,14.4,187.9,212.3,357.7,380.7,2438.0,19.3,386.2,425.8,547.8,668.5,3459.0,33.9,479.0,505.0,676.8,935.9,3695.0,34.9,579.5,563.2,621.7,731.5,2579.0,80.6,718.5,776.3,1019.0,352.8,1049.0,92.9,1562.0,1467.0,1687.0,646.7,1758.0,107.9,1704.0,1575.0,1931.0,847.9,1963.0,83.1,1197.0,1042.0,1233.0,917.6,2236.0
2025-11-08,09,1,official_closing,closing_displayed,https://www.boatrace.jp/owpc/pc/race/odds3t?hd=20251108&jcd=09&rno=1,4.1,47.5,27.1,403.9,513.5,1013.0,13.7,128.0,45.4,427.9,383.8,882.0,22.0,178.3,51.0,722.1,902.6,1582.0,32.4,194.5,67.0,813.6,449.5,1255.0,4.1,106.8,64.8,645.4,939.3,2139.0,9.0,359.9,204.1,1031.0,1699.0,2567.0,9.7,592.5,313.1,2310.0,2567.0,3398.0,19.1,555.4,319.1,1925.0,1375.0,5502.0,39.9,447.8,172.1,683.6,679.6,1392.0,36.1,656.4,304.0,931.7,1750.0,2458.0,79.0,1298.0,361.0,1750.0,2818.0,2567.0,87.3,939.3,387.7,1650.0,875.3,2687.0,53.0,750.2,208.5,1100.0,1750.0,2687.0,45.6,1343.0,402.5,2265.0,3610.0,3040.0,100.3,1674.0,477.4,2027.0,2962.0,2818.0,79.5,1375.0,382.5,2139.0,2458.0,2458.0,110.6,1132.0,305.6,1328.0,895.6,1283.0,93.4,1750.0,563.6,3040.0,2027.0,3122.0,186.9,2221.0,608.1,2962.0,970.9,2310.0,142.2,2687.0,566.3,2818.0,1894.0,2358.0
2025-11-08,09,2,official_closing,closing_displayed,https://www.boatrace.jp/owpc/pc/race/odds3t?hd=20251108&jcd=09&rno=2,16.0,19.4,27.4,50.5,434.8,639.0,20.1,21.0,20.0,46.1,410.5,918.6,133.8,181.4,61.6,169.3,477.2,864.6,72.2,70.9,54.3,76.3,668.1,1933.0,16.2,36.6,34.8,45.3,365.6,930.2,14.2,35.1,35.4,62.1,544.3,844.7,83.1,177.9,171.7,215.5,587.9,597.4,59.6,85.5,85.8,90.1,602.3,1933.0,29.6,38.7,21.4,46.7,337.1,835.1,26.1,49.7,25.1,53.0,524.9,749.9,194.9,213.0,65.7,109.2,388.8,412.8,86.0,89.5,35.5,55.6,480.3,1096.0,399.4,373.0,161.5,228.2,390.9,966.9,335.5,544.3,272.1,303.6,628.1,656.1,528.7,587.9,147.2,252.5,496.5,471.1,503.3,693.3,185.5,310.0,612.4,1267.0,257.8,273.2,158.3,120.2,1020.0,1933.0,232.5,275.2,185.5,129.1,1006.0,1933.0,279.4,221.3,117.3,123.9,918.6,1289.0,749.9,942.2,303.6,351.6,942.2,1792.0
2025-11-08,09,3,official_closing,closing_displayed,https://www.boatrace.jp/owpc/pc/race/odds3t?hd=20251108&jcd=09&rno=3,28.3,29.0,57.2,138.9,33.8,2286.0,39.9,39.8,51.5,125.7,42.8,3290.0,54.6,47.0,66.7,137.2,66.1,3646.0,438.0,478.4,674.5,924.0,187.1,2545.0,39.8,38.3,46.3,118.2,31.3,1568.0,44.1,17.7,27.0,60.2,19.6,1466.0,67.2,18.9,32.3,79.0,29.4,1775.0,594.3,318.9,533.2,688.3,121.6,1729.0,73.3,64.2,72.3,120.5,52.7,1823.0,67.4,29.9,38.4,70.3,27.5,1775.0,125.0,49.1,48.3,79.9,40.4,1955.0,837.9,373.7,812.7,881.7,167.7,2286.0,100.4,64.7,82.5,106.6,107.4,4215.0,111.2,35.7,45.9,75.1,52.9,3212.0,151.4,53.8,58.0,85.5,60.9,4818.0,713.8,310.1,509.0,438.0,297.1,4351.0,1405.0,688.3,1587.0,1349.0,290.7,1193.0,1873.0,636.3,1405.0,1645.0,231.8,1237.0,1114.0,688.3,1900.0,2141.0,294.5,1237.0,1482.0,645.5,1568.0,1193.0,348.6,1405.0
2025-11-08,09,4,official_closing,closing_displayed,https://www.boatrace.jp/owpc/pc/race/odds3t?hd=20251108&jcd=09&rno=4,19.9,92.5,55.4,68.4,1501.0,367.7,17.0,81.7,19.8,45.4,1134.0,243.4,106.1,239.6,96.5,210.7,1333.0,137.9,43.5,137.6,30.7,37.7,1367.0,761.7,17.1,173.6,141.6,121.7,1870.0,541.3,6.2,158.2,91.6,141.6,1870.0,570.2,101.7,564.2,399.4,471.8,2268.0,457.6,15.3,234.8,143.7,116.0,1421.0,1720.0,18.6,155.4,35.9,69.7,1184.0,330.1,9.9,179.2,64.9,115.5,2369.0,623.6,101.7,592.4,163.0,286.6,1284.0,266.6,13.0,189.0,34.8,60.2,1088.0,853.1,413.3,1077.0,430.0,448.0,1720.0,154.7,311.8,1171.0,761.7,720.5,2176.0,349.6,319.2,1198.0,372.8,515.1,1384.0,231.3,361.4,1110.0,362.7,303.8,820.3,715.7,83.7,418.2,126.3,66.7,2423.0,1568.0,49.9,353.1,198.5,115.0,2601.0,1904.0,41.7,302.0,97.9,79.7,1367.0,969.4,196.0,1035.0,333.2,236.4,1122.0,969.4
2025-11-08,09,5,official_closing,closing_displayed,https://www.boatrace.jp/owpc/pc/race/odds3t?hd=20251108&jcd=09&rno=5,12.0,227.5,270.5,178.3,105.6,1717.0,12.8,239.2,148.6,203.0,122.5,1867.0,13.5,194.5,104.7,91.4,120.9,1752.0,132.9,648.2,721.7,342.2,319.3,1930.0,10.7,554.1,626.9,495.0,360.8,2563.0,6.1,1122.0,1291.0,1281.0,818.0,4189.0,5.9,1016.0,1066.0,814.1,1080.0,4294.0,109.6,2147.0,2094.0,1468.0,1352.0,3995.0,16.6,673.6,475.8,450.8,352.0,3241.0,9.3,1374.0,1576.0,1396.0,863.2,4771.0,11.9,1080.0,872.0,833.9,858.9,3904.0,95.0,2290.0,2526.0,1735.0,1547.0,4404.0,17.2,425.2,405.1,141.2,180.0,2385.0,11.2,1073.0,1253.0,378.3,750.1,4090.0,18.4,1311.0,987.2,576.4,712.8,4294.0,85.6,1770.0,1506.0,466.8,1087.0,3995.0,404.2,1752.0,2770.0,1244.0,943.8,2147.0,301.3,3241.0,5726.0,3904.0,1827.0,4090.0,304.0,3578.0,3734.0,3435.0,2147.0,4294.0,258.3,2684.0,3435.0,2526.0,2290.0,4090.0
2025-11-08,09,7,official_closing,closing_displayed,https://www.boatrace.jp/owpc/pc/race/odds3t?hd=20251108&jcd=09&rno=7,39.2,84.4,34.8,164.2,550.1,403.4,66.3,126.7,9.4,67.4,430.9,225.1,138.7,219.0,31.0,176.0,634.1,356.8,101.1,160.6,18.0,135.2,507.7,612.7,31.6,88.2,60.1,211.3,776.6,615.3,15.7,71.9,43.0,130.3,780.7,468.4,46.5,146.5,90.7,290.4,849.2,672.3,30.8,124.4,67.3,275.5,829.8,1075.0,85.6,214.8,11.0,47.4,433.5,226.5,33.9,115.9,30.8,81.2,495.6,406.8,107.7,275.5,18.5,64.7,233.1,162.9,74.8,236.9,12.4,40.3,331.5,462.5,262.1,585.5,75.2,256.5,669.2,509.5,179.9,550.1,131.5,292.2,864.4,793.5,190.5,590.3,48.7,140.5,308.9,213.2,201.1,488.9,56.2,204.8,511.3,880.1,220.7,504.2,59.9,246.1,902.0,1067.0,139.2,433.5,121.6,379.1,1210.0,1285.0,156.1,585.5,36.6,115.4,698.2,694.8,262.6,729.7,88.4,293.9,854.2,994.7
2025-11-08,09,8,official_closing,closing_displayed,https://www.boatrace.jp/owpc/pc/race/odds3t?hd=20251108&jcd=09&rno=8,68.2,240.0,45.9,331.6,92.0,585.3,62.3,287.5,33.1,239.5,31.6,331.6,31.6,216.4,14.3,137.5,44.3,630.4,103.8,579.4,56.1,279.8,44.5,227.1,48.1,329.7,68.5,496.6,268.0,1113.0,35.4,1124.0,110.7,1043.0,383.7,932.8,9.4,682.9,92.9,616.8,490.3,980.6,62.2,1033.0,145.6,759.8,377.4,896.3,71.4,470.2,59.2,310.9,41.5,418.7,51.7,1912.0,132.6,730.8,230.3,869.2,20.7,1158.0,77.9,294.1,139.0,708.2,68.4,1792.0,145.4,536.1,93.2,328.7,22.1,316.0,21.5,209.7,84.3,1365.0,8.9,735.4,84.7,458.9,474.1,1944.0,13.3,1024.0,62.6,264.9,219.3,1399.0,18.4,1220.0,59.2,260.7,228.5,695.3,183.8,1349.0,100.6,607.0,82.9,288.2,109.7,1247.0,240.0,1092.0,240.0,875.8,107.6,2341.0,194.7,972.3,128.4,325.9,50.2,1712.0,97.8,509.9,223.6,551.6
2025-11-08,09,9,official_closing,closing_displayed,https://www.boatrace.jp/owpc/pc/race/odds3t?hd=20251108&jcd=09&rno=9,7.2,14.4,59.1,303.9,231.5,86.7,24.6,49.3,150.1,622.6,330.5,272.9,15.3,28.4,118.7,403.3,504.9,689.6,7.5,11.9,68.8,451.6,233.2,328.8,17.5,40.6,83.2,328.8,305.4,90.3,57.4,111.3,232.3,461.3,354.3,126.4,52.4,91.3,182.1,599.3,689.6,288.8,28.4,30.7,63.8,309.8,219.6,230.6,96.1,180.1,339.3,843.8,538.9,468.1,130.6,229.0,360.3,534.4,517.2,231.5,176.1,231.5,485.8,1068.0,943.1,654.4,162.3,128.2,451.6,572.6,489.5,782.1,54.3,96.5,405.9,567.5,634.9,1308.0,119.2,134.1,312.8,754.5,971.7,468.1,185.3,251.5,489.5,903.2,855.1,682.2,66.5,63.0,311.3,433.3,562.5,754.5,33.3,32.4,302.5,599.3,416.4,475.0,85.6,53.0,168.7,411.1,311.3,341.1,189.1,101.6,384.0,647.8,504.9,745.7,95.8,64.3,362.3,588.3,689.6,878.5
2025-11-08,09,10,official_closing,closing_displayed,https://www.boatrace.jp/owpc/pc/race/odds3t?hd=20251108&jcd=09&rno=10,19.3,105.6,29.8,385.8,171.4,294.4,62.8,247.8,22.2,194.2,67.6,101.8,48.0,173.8,15.1,276.1,220.0,482.8,44.5,202.6,14.8,289.4,87.1,212.8,11.7,177.5,114.5,687.0,387.6,716.1,13.7,480.1,200.7,590.9,370.6,804.8,8.0,316.5,151.9,836.7,1030.0,1300.0,10.8,338.0,146.2,728.5,482.8,1141.0,89.0,640.2,68.0,213.9,101.2,108.9,48.0,716.1,215.5,497.1,292.4,612.3,95.2,692.6,93.1,240.7,268.2,309.5,103.1,681.5,76.1,195.1,119.5,224.7,55.5,545.2,49.3,412.2,466.8,880.2,23.1,612.3,156.4,716.1,862.3,1006.0,77.9,1069.0,104.9,350.6,362.6,466.8,47.0,747.8,60.1,344.9,361.1,612.3,105.8,555.9,48.6,420.4,169.6,232.8,42.1,716.1,192.4,971.3,433.3,789.7,143.7,899.0,91.3,327.5,163.4,246.3,88.2,761.3,83.0,494.1,350.6,552.3
2025-11-08,09,11,official_closing,closing_displayed,https://www.boatrace.jp/owpc/pc/race/odds3t?hd=20251108&jcd=09&rno=11,3.6,17.2,26.6,409.9,156.7,1196.0,33.5,130.9,92.4,660.8,138.3,1066.0,12.7,47.4,25.8,646.3,556.9,1844.0,50.7,179.2,97.4,1017.0,227.6,952.1,4.9,44.8,58.7,434.0,249.4,1526.0,24.4,237.4,257.4,835.4,308.5,1702.0,9.9,75.8,106.5,1029.0,912.9,1807.0,38.8,267.5,334.1,983.9,517.8,1321.0,88.4,419.6,227.6,714.1,201.2,1054.0,87.7,641.6,411.8,912.9,294.1,1925.0,159.2,670.8,348.6,797.7,885.5,2012.0,260.4,1054.0,567.6,797.7,514.8,1925.0,34.2,157.8,80.7,922.4,1093.0,3279.0,31.9,163.6,113.8,610.7,1428.0,2012.0,130.2,489.2,300.1,1196.0,1247.0,2604.0,109.4,354.2,222.4,903.6,973.1,2330.0,178.1,670.8,451.8,1321.0,520.9,922.4,197.2,922.4,598.3,1553.0,546.6,1079.0,345.9,1120.0,783.6,1736.0,665.8,1736.0,195.9,575.0,429.8,1610.0,1229.0,2270.0
2025-11-08,09,12,official_closing,closing_displayed,https://www.boatrace.jp/owpc/pc/race/odds3t?hd=20251108&jcd=09&rno=12,5.7,21.9,206.0,111.9,289.6,39.8,5.4,17.9,345.7,326.4,557.0,95.0,12.1,33.9,305.7,175.2,449.0,81.5,15.0,39.2,455.6,214.5,537.8,122.7,21.5,100.1,261.4,138.8,361.6,43.3,44.3,163.3,402.8,390.2,1009.0,100.8,48.6,237.0,570.5,278.5,629.9,87.1,73.5,319.2,747.8,280.6,586.6,135.2,20.3,78.4,634.1,590.3,703.0,217.7,54.8,170.8,658.6,617.5,1218.0,213.8,59.3,218.5,977.7,877.2,1590.0,413.4,55.5,195.1,1037.0,933.9,1312.0,452.3,50.7,197.3,640.6,224.2,415.3,173.6,95.4,396.0,920.2,315.4,685.1,170.6,127.8,415.3,1400.0,747.8,1091.0,409.8,110.2,364.5,1104.0,289.2,609.4,352.1,37.1,137.3,898.1,311.3,448.0,216.7,111.9,344.4,915.7,346.9,672.8,242.8,96.8,220.0,1455.0,902.5,1130.0,575.8,149.4,343.1,1203.0,438.6,716.4,452.3
2025-11-08,14,1,official_closing,closing_displayed,https://www.boatrace.jp/owpc/pc/race/odds3t?hd=20251108&jcd=14&rno=1,14.4,80.8,94.9,42.8,220.7,325.7,8.7,44.4,79.1,83.3,215.8,613.6,23.6,80.3,70.8,51.4,202.2,294.3,21.2,82.1,80.1,46.0,154.7,562.7,19.7,194.3,203.3,73.2,398.4,534.2,19.1,319.6,365.0,254.2,775.5,1421.0,22.5,422.6,386.8,106.1,403.6,689.7,28.2,391.2,400.4,117.5,570.1,1388.0,12.2,79.5,142.5,172.3,407.9,1079.0,21.7,235.6,320.6,380.5,875.5,1736.0,23.5,127.5,258.9,259.1,830.3,1135.0,16.6,155.0,233.7,277.7,567.9,1559.0,51.6,247.2,192.4,62.8,213.9,415.7,45.6,554.5,436.5,93.8,291.5,671.5,54.6,254.8,380.5,204.8,588.7,1072.0,53.7,363.7,276.7,69.9,236.5,738.1,65.7,315.3,243.0,96.8,324.3,773.6,85.2,775.5,647.4,175.4,617.3,1222.0,56.7,432.8,467.2,306.8,713.9,1505.0,95.4,647.4,477.4,134.2,454.0,825.8
2025-11-08,14,2,official_closing,closing_displayed,https://www.boatrace.jp/owpc/pc/race/odds3t?hd=20251108&jcd=14&rno=2,93.1,61.5,185.0,481.5,245.3,569.2,159.2,106.1,362.1,630.0,459.5,985.8,114.6,74.2,269.4,485.2,549.2,1225.0,102.6,60.7,219.9,472.7,328.6,795.2,142.4,58.6,118.8,362.9,151.0,355.1,295.3,27.3,48.8,159.2,46.0,126.7,248.2,10.5,23.4,123.6,116.5,256.1,205.3,12.1,22.8,94.0,33.6,87.3,328.6,157.8,362.5,655.1,378.3,811.7,507.3,48.3,111.6,220.7,83.4,181.3,544.4,43.0,143.5,261.0,276.3,461.6,399.1,41.1,112.6,201.3,109.6,277.5,198.8,74.1,229.1,408.5,486.7,979.6,313.1,14.1,49.7,152.4,190.0,428.6,501.6,40.2,137.5,239.6,341.1,640.3,265.5,11.9,56.7,120.5,171.2,496.0,264.1,99.4,256.5,618.8,260.4,524.3,469.9,22.1,58.3,169.2,47.5,99.8,643.0,52.2,148.3,267.1,95.6,244.1,418.9,20.2,84.1,191.4,171.8,412.8
2025-11-08,14,3,official_closing,closing_displayed,https://www.boatrace.jp/owpc/pc/race/odds3t?hd=20251108&jcd=14&rno=3,9.4,76.5,47.2,187.6,396.7,367.3,18.8,126.9,30.7,110.8,223.9,165.4,37.6,217.9,36.0,156.8,392.4,308.6,33.3,195.6,29.3,119.9,347.3,518.0,9.3,176.2,129.2,315.8,802.2,761.8,7.3,379.7,243.0,579.2,1105.0,1036.0,13.7,467.8,241.1,670.2,1200.0,1358.0,9.7,392.4,213.5,513.6,1225.0,1850.0,29.0,344.6,68.4,150.2,290.3,236.5,16.9,536.4,212.6,451.5,954.2,899.8,48.1,867.5,141.2,315.0,696.0,435.8,31.2,680.3,92.5,204.4,492.0,839.4,87.9,543.6,102.8,242.7,541.2,521.0,46.8,750.7,267.6,577.4,1173.0,1229.0,92.9,1225.0,204.6,431.1,813.0,553.6,73.2,895.3,133.6,265.2,661.7,1285.0,79.7,696.0,96.0,241.4,644.0,980.0,34.2,1045.0,276.5,620.9,1333.0,1939.0,67.1,1318.0,182.9,347.0,732.5,1082.0,99.2,1276.0,198.6,439.5,1088.0,1468.0
2025-11-08,14,4,official_closing,closing_displayed,https://www.boatrace.jp/owpc/pc/race/odds3t?hd=20251108&jcd=14&rno=4,8.9,41.1,32.8,163.3,40.4,3517.0,22.6,79.7,57.6,171.0,36.9,3441.0,11.6,49.0,25.2,122.7,72.3,4849.0,349.0,623.9,393.2,739.1,359.2,3556.0,8.8,78.3,67.2,297.1,91.1,5080.0,19.2,214.8,153.7,381.0,121.5,4000.0,7.1,119.8,80.0,288.8,225.7,5424.0,280.5,1147.0,848.9,1502.0,867.4,5162.0,42.9,228.2,118.7,241.0,72.2,4000.0,41.4,319.4,172.6,321.6,114.1,4267.0,38.5,296.6,114.4,220.7,177.1,4156.0,406.6,1546.0,798.1,1235.0,751.3,6401.0,15.5,114.2,50.4,131.8,148.3,5424.0,13.0,163.5,72.7,195.5,215.9,2025.0,34.9,296.6,106.5,195.5,213.9,5819.0,300.5,1448.0,563.5,580.8,729.0,4211.0,874.5,2667.0,1939.0,2025.0,978.8,4211.0,1077.0,2443.0,1448.0,2712.0,1356.0,4777.0,1546.0,3107.0,1850.0,2936.0,1481.0,5001.0,1155.0,3721.0,1916.0,2133.0,1448.0,3479.0
2025-11-08,14,5,official_closing,closing_displayed,https://www.boatrace.jp/owpc/pc/race/odds3t?hd=20251108&jcd=14&rno=5,16.5,14.7,25.7,187.9,396.9,582.8,47.0,36.7,34.9,145.4,435.5,531.3,78.4,59.9,67.3,344.3,810.9,1467.0,59.4,38.7,31.7,189.4,444.1,1433.0,23.0,14.0,21.9,168.7,402.8,608.7,45.5,17.9,22.2,107.6,293.1,255.2,87.2,35.5,40.0,247.2,573.3,594.0,52.0,16.3,21.5,160.0,381.0,1190.0,104.5,73.4,47.8,117.5,455.6,549.0,103.6,44.8,37.9,119.0,316.8,281.1,271.5,124.0,91.3,231.0,659.1,509.3,204.5,79.1,43.2,94.2,347.2,940.9,203.0,160.6,141.6,367.4,816.3,1723.0,255.4,103.5,101.1,295.5,640.3,692.4,454.8,202.7,159.7,328.7,682.9,622.5,341.4,174.7,122.9,301.7,619.4,1621.0,233.2,113.0,88.7,412.2,933.8,1485.0,224.5,69.3,62.2,294.8,733.7,1105.0,475.9,152.9,101.7,249.7,648.7,966.7,601.2,238.6,180.4,449.8,1049.0,1736.0
2025-11-08,14,6,official_closing,closing_displayed,https://www.boatrace.jp/owpc/pc/race/odds3t?hd=20251108&jcd=14&rno=6,21.2,13.9,74.7,520.3,78.6,271.9,101.7,66.7,265.5,845.3,170.1,586.4,24.2,12.0,107.4,671.8,441.3,1323.0,35.7,17.2,119.6,706.0,123.3,432.8,42.5,25.8,68.1,529.5,68.2,211.3,198.7,94.4,155.2,484.0,68.6,180.0,80.9,16.3,44.7,395.7,253.9,562.6,107.7,17.6,46.8,383.9,46.0,126.8,276.5,182.2,433.8,1091.0,252.5,592.2,392.2,184.8,314.2,756.5,119.1,266.7,401.0,146.6,456.9,841.3,618.7,1071.0,454.6,137.6,397.4,811.0,164.5,484.0,50.6,23.0,154.6,684.6,666.8,1818.0,101.6,20.2,75.9,415.8,397.4,891.3,307.2,94.0,382.2,747.1,750.2,1565.0,96.8,14.2,96.5,430.7,406.4,1176.0,115.3,42.5,275.7,989.3,155.8,352.3,248.0,32.0,117.9,650.0,74.4,138.0,584.5,137.8,481.4,1000.0,167.4,348.2,173.6,25.8,173.6,720.2,388.0,793.1
2025-11-08,14,7,official_closing,closing_displayed,https://www.boatrace.jp/owpc/pc/race/odds3t?hd=20251108&jcd=14&rno=7,43.8,64.3,153.4,57.8,83.4,1516.0,19.8,28.2,130.4,115.3,144.5,2101.0,24.1,34.9,126.9,48.0,78.4,1279.0,184.3,196.1,380.1,156.3,199.0,1565.0,83.0,110.4,182.9,54.2,88.8,1794.0,75.2,44.2,79.5,57.5,100.4,1961.0,82.8,51.7,82.4,18.7,40.7,1036.0,270.4,243.9,353.6,90.0,175.1,1548.0,30.2,33.4,155.8,172.4,265.0,2163.0,67.0,32.9,90.8,107.0,179.4,1816.0,32.7,14.0,88.1,93.4,178.9,1671.0,161.3,80.4,314.3,270.9,354.4,2195.0,47.9,58.3,205.4,36.8,59.4,1414.0,90.2,54.8,128.9,17.9,32.2,1236.0,51.1,23.9,124.6,50.6,90.4,1935.0,194.5,156.6,329.8,44.3,80.2,710.7,498.6,656.7,1021.0,291.8,346.1,1772.0,600.4,623.3,766.2,238.4,285.6,1236.0,404.1,286.2,808.3,428.9,471.5,1652.0,503.8,407.5,778.3,165.2,231.3,728.2
2025-11-08,14,8,official_closing,closing_displayed,https://www.boatrace.jp/owpc/pc/race/odds3t?hd=20251108&jcd=14&rno=8,23.8,54.6,97.3,390.1,26.9,120.6,60.8,117.4,327.5,585.1,78.3,336.2,11.5,20.5,73.8,295.4,138.6,473.2,18.6,32.3,90.7,343.9,28.6,109.0,42.0,150.8,133.3,531.6,32.8,162.6,109.3,352.7,417.0,790.4,98.6,436.3,38.7,99.9,109.5,387.1,170.4,563.3,47.5,137.7,134.8,476.2,31.6,108.5,125.8,327.5,440.1,909.5,173.9,611.2,167.3,493.3,578.4,1118.0,163.2,639.7,124.0,254.6,474.7,834.1,498.2,1048.0,137.1,339.2,442.7,993.2,145.3,435.1,14.4,30.6,109.8,310.0,252.8,877.7,35.6,75.9,113.3,318.5,255.4,993.2,76.5,154.5,401.5,662.1,454.7,1258.0,18.2,27.3,111.2,203.7,162.8,422.9,44.9,73.9,203.4,541.1,40.1,94.7,94.7,192.3,228.4,642.4,36.5,83.5,151.4,257.6,647.9,1034.0,126.0,245.0,40.7,48.9,204.8,319.1,127.4,272.0
2025-11-08,14,9,official_closing,closing_displayed,https://www.boatrace.jp/owpc/pc/race/odds3t?hd=20251108&jcd=14&rno=9,30.1,19.0,29.9,121.3,251.4,1352.0,45.4,33.2,38.9,119.1,252.3,1510.0,74.5,43.0,45.8,161.3,385.3,1952.0,170.1,117.3,100.5,278.1,536.0,2133.0,34.2,20.1,23.8,124.3,285.7,1696.0,43.2,15.7,15.8,63.3,168.7,783.7,66.4,23.4,17.2,106.4,281.5,976.0,153.0,53.7,37.3,198.0,403.3,1710.0,70.4,53.9,51.9,109.7,277.3,1370.0,70.0,30.0,26.1,59.9,170.8,738.9,130.4,54.1,31.3,76.6,213.0,652.7,244.8,115.1,63.1,136.3,422.2,1488.0,146.6,116.1,96.9,172.8,428.3,1881.0,157.2,62.9,42.0,120.0,310.2,1124.0,226.8,102.1,60.0,109.8,236.4,769.1,423.1,192.8,104.6,199.9,417.1,1398.0,456.7,364.2,303.3,439.3,1072.0,2155.0,444.0,192.6,154.6,374.1,844.5,1783.0,431.9,245.4,164.6,301.1,780.8,1567.0,586.1,314.9,183.9,453.7,673.9,1467.0
2025-11-08,14,10,official_closing,closing_displayed,https://www.boatrace.jp/owpc/pc/race/odds3t?hd=20251108&jcd=14&rno=10,12.1,56.7,22.6,234.6,304.3,786.2,38.3,173.5,14.4,125.3,168.7,358.7,54.1,186.4,19.6,181.2,241.9,869.5,60.7,227.6,21.4,202.0,238.2,842.3,7.1,77.3,52.7,551.7,620.7,1072.0,7.3,265.7,136.3,573.5,620.7,1179.0,10.9,268.4,142.8,725.7,934.1,2358.0,11.8,299.0,152.1,626.8,1090.0,2482.0,66.1,358.7,46.9,150.8,243.1,449.2,25.8,546.9,137.5,398.0,530.0,1172.0,58.9,720.2,88.0,255.3,464.7,1109.0,71.8,953.0,84.7,258.4,401.4,1054.0,96.3,543.7,91.2,244.4,442.9,1408.0,44.2,509.9,185.3,432.7,816.8,2584.0,95.7,669.1,133.7,301.4,571.8,1534.0,89.0,869.5,121.5,299.5,693.7,2168.0,157.1,696.2,110.6,378.1,599.0,1025.0,69.2,767.0,250.5,722.9,1164.0,2194.0,154.6,1009.0,177.0,438.8,673.9,1150.0,166.3,1103.0,199.6,507.2,987.9,2482.0
2025-11-08,14,12,official_closing,closing_displayed,https://www.boatrace.jp/owpc/pc/race/odds3t?hd=20251108&jcd=14&rno=12,16.9,140.1,136.7,80.0,144.0,978.0,13.3,122.6,68.5,56.8,124.6,1060.0,24.4,191.7,90.6,43.3,96.4,782.0,54.8,308.7,190.0,74.0,143.8,809.6,15.0,373.3,339.1,243.6,308.0,1383.0,7.9,515.2,400.8,404.0,554.5,2739.0,14.2,703.5,463.8,319.9,469.5,2462.0,39.7,882.1,794.0,437.7,499.6,2027.0,12.5,291.1,123.0,133.7,298.9,1561.0,9.0,542.9,325.7,334.1,675.9,3019.0,12.1,586.8,207.4,180.6,384.4,1863.0,29.6,661.9,294.4,282.3,638.4,2776.0,31.4,523.0,238.5,61.7,112.5,982.6,26.9,732.2,497.2,148.6,265.7,1906.0,24.1,677.1,314.1,134.7,248.6,1889.0,53.7,964.3,493.6,95.1,186.4,1083.0,119.6,968.8,636.4,215.1,291.1,891.6,116.3,1284.0,1171.0,429.6,560.5,1723.0,97.2,1091.0,671.6,482.7,657.7,2058.0,120.6,1220.0,819.2,239.2,385.2,1044.0
2025-11-08,15,1,official_closing,closing_displayed,https://www.boatrace.jp/owpc/pc/race/odds3t?hd=20251108&jcd=15&rno=1,17.8,103.2,45.8,225.1,160.1,514.8,25.9,139.7,23.9,134.8,94.4,284.2,37.9,212.2,29.2,199.8,167.3,527.9,40.2,206.7,27.9,177.2,114.2,572.9,14.6,245.3,152.5,392.4,436.2,1017.0,8.0,327.7,167.9,451.5,650.2,1307.0,10.8,487.4,207.7,610.2,853.7,1211.0,12.0,426.4,167.6,446.8,618.2,1554.0,33.7,361.2,61.7,163.8,143.1,393.4,20.8,404.1,124.1,336.5,325.9,994.2,40.6,716.5,83.8,229.3,253.3,660.0,32.9,560.1,72.0,197.6,183.7,713.3,46.9,539.2,69.8,271.3,370.2,950.6,22.4,685.7,167.0,513.1,628.7,1363.0,50.9,948.8,116.4,314.6,379.9,855.2,37.3,874.0,77.6,227.4,276.9,950.6,82.3,761.1,94.7,323.9,383.6,958.3,41.4,739.9,256.0,515.3,705.9,1424.0,69.1,790.1,147.1,319.6,404.4,859.9,74.0,1136.0,144.0,337.0,452.3,1051.0
2025-11-08,15,2,official_closing,closing_displayed,https://www.boatrace.jp/owpc/pc/race/odds3t?hd=20251108&jcd=15&rno=2,7.8,21.7,46.6,126.9,214.9,452.4,11.9,32.4,58.1,169.6,245.8,690.6,20.9,46.2,64.8,154.9,330.4,680.9,22.9,43.1,64.7,143.8,258.3,719.4,10.3,47.8,75.5,209.7,324.8,636.9,16.0,96.7,127.4,282.9,475.6,762.6,25.3,119.3,149.1,306.3,516.8,687.7,29.0,94.9,123.8,230.0,364.9,747.3,25.9,104.0,124.0,234.9,417.2,985.2,30.7,146.6,155.3,295.4,563.3,826.6,51.2,190.5,169.4,313.0,693.6,954.1,41.5,136.3,142.5,293.4,638.5,1273.0,44.9,153.0,171.6,179.5,405.3,815.4,53.7,227.8,227.4,229.7,475.6,688.6,81.6,277.2,253.4,295.6,553.6,985.2,69.9,209.3,246.3,130.4,288.9,601.2,71.7,180.5,226.9,255.4,415.8,788.8,92.5,218.3,253.9,279.2,407.0,670.5,110.0,256.1,303.8,380.7,605.7,1054.0,124.9,296.5,373.9,216.6,366.0,587.3
2025-11-08,15,3,official_closing,closing_displayed,https://www.boatrace.jp/owpc/pc/race/odds3t?hd=20251108&jcd=15&rno=3,11.5,79.8,92.0,76.1,146.6,327.9,9.9,64.4,85.0,137.4,194.7,518.5,14.2,84.9,75.2,73.9,191.4,444.9,16.8,89.1,101.5,76.1,118.6,387.9,14.6,220.5,232.4,147.7,289.6,532.9,15.8,360.8,348.0,340.8,554.1,969.4,19.0,387.9,342.1,259.8,558.8,768.7,24.8,395.5,371.3,219.6,355.0,781.7,14.9,166.8,223.9,246.9,367.4,967.3,24.8,358.9,345.6,367.2,668.3,1109.0,22.8,331.5,319.9,349.3,872.1,1370.0,22.6,266.9,336.3,280.7,519.1,1286.0,29.7,265.7,203.2,98.7,233.7,572.7,41.9,496.1,398.3,174.8,361.7,746.3,45.3,513.9,437.7,241.3,588.8,1125.0,31.9,353.3,334.6,94.1,192.9,607.4,50.0,281.6,384.0,154.4,217.7,519.1,68.8,554.7,576.3,240.0,356.9,685.2,66.6,467.4,655.0,383.4,503.7,975.5,59.9,444.0,552.1,163.9,316.2,603.5
2025-11-08,15,4,official_closing,closing_displayed,https://www.boatrace.jp/owpc/pc/race/odds3t?hd=20251108&jcd=15&rno=4,15.6,37.1,74.1,114.5,108.8,581.1,20.2,43.6,55.8,101.8,129.1,649.7,14.0,35.4,76.5,101.5,148.6,639.7,50.8,87.5,91.1,103.9,226.7,703.3,24.2,73.4,100.8,153.4,156.3,691.1,24.3,66.6,76.2,148.6,147.7,762.7,24.1,66.6,104.3,156.8,185.8,734.4,58.0,121.1,136.2,145.0,256.9,658.6,34.8,106.3,58.4,108.4,213.3,772.3,37.7,95.5,59.9,109.4,198.1,664.4,35.8,95.3,76.3,107.3,204.6,360.9,53.4,137.8,48.4,71.2,295.2,752.0,22.4,76.2,156.4,192.0,278.5,696.9,26.0,70.6,149.5,226.0,264.3,667.8,33.6,92.3,143.5,172.5,234.0,407.7,57.5,128.2,202.4,157.2,254.7,617.2,155.2,272.3,153.0,177.3,540.5,996.6,164.3,300.8,164.4,193.6,510.8,770.4,138.4,270.6,93.5,134.4,530.1,895.0,142.0,263.4,200.6,171.4,453.5,872.8
2025-11-08,15,5,official_closing,closing_displayed,https://www.boatrace.jp/owpc/pc/race/odds3t?hd=20251108&jcd=15&rno=5,18.7,83.0,90.2,242.5,115.2,75.1,20.1,91.5,138.7,338.5,143.8,103.9,12.5,63.7,85.5,242.4,248.9,155.5,11.3,52.7,72.6,188.5,73.7,89.1,24.8,216.1,151.5,397.5,210.2,128.4,49.3,441.5,269.0,717.1,369.0,278.3,30.7,306.7,195.9,599.0,542.4,327.2,22.9,250.2,137.1,398.9,202.2,232.5,31.1,273.5,208.8,409.5,235.0,176.7,58.9,484.8,249.6,587.3,335.7,293.1,36.5,468.7,212.8,363.8,525.6,401.3,28.2,267.3,161.3,295.2,208.1,288.2,21.0,160.2,138.4,388.7,505.4,356.2,34.3,318.7,188.8,524.2,644.9,429.9,43.0,474.7,250.9,584.6,756.2,572.2,18.0,178.1,121.9,283.5,383.3,461.5,20.6,107.4,120.9,292.4,94.4,124.9,30.9,238.4,143.7,390.2,158.6,213.8,40.7,253.6,208.6,472.2,168.1,249.1,25.8,189.5,146.2,368.9,286.2,360.3
2025-11-08,15,6,official_closing,closing_displayed,https://www.boatrace.jp/owpc/pc/race/odds3t?hd=20251108&jcd=15&rno=6,13.9,53.6,202.8,36.6,81.6,794.3,7.7,21.4,186.4,106.0,195.9,1485.0,11.4,29.5,206.8,36.1,82.9,1058.0,55.3,97.6,437.8,112.9,185.2,1176.0,26.0,183.1,322.9,53.0,128.5,1010.0,29.3,195.5,317.7,185.5,425.1,1936.0,35.2,261.8,501.5,71.4,158.6,1283.0,114.6,542.7,862.5,200.3,295.6,1372.0,10.3,41.9,280.3,268.7,477.9,2153.0,26.9,128.9,334.9,308.8,731.4,2602.0,14.0,62.5,358.3,340.5,722.3,2860.0,63.3,180.9,660.8,596.7,1031.0,2816.0,22.4,78.7,394.9,49.9,101.1,1314.0,47.7,239.4,605.7,64.3,128.1,1389.0,26.0,95.7,481.4,184.9,388.8,2647.0,81.2,241.3,965.3,108.8,208.3,1376.0,188.4,345.6,1099.0,283.8,407.5,1342.0,246.0,923.8,1475.0,363.1,457.7,1459.0,185.2,493.2,1204.0,708.4,922.9,2437.0,207.6,569.5,1526.0,293.5,466.1,1350.0
2025-11-08,15,7,official_closing,closing_displayed,https://www.boatrace.jp/owpc/pc/race/odds3t?hd=20251108&jcd=15&rno=7,11.0,38.6,51.3,62.7,267.0,436.0,10.1,32.2,33.8,84.6,337.1,711.8,25.6,66.9,56.2,73.4,269.3,501.6,21.4,50.4,51.5,70.1,286.8,855.3,14.4,101.2,115.9,101.9,443.6,597.9,14.0,151.5,148.9,187.4,840.0,1112.0,28.0,271.8,256.9,179.7,630.5,649.4,26.1,227.1,200.0,134.0,571.2,1281.0,16.0,81.1,82.9,143.7,546.0,1207.0,22.5,156.3,139.4,207.2,922.6,1306.0,32.7,220.6,164.6,242.3,816.4,1043.0,25.9,127.1,129.9,191.9,880.3,1608.0,60.1,239.2,195.5,104.4,293.7,584.6,72.5,478.3,373.8,144.7,424.8,563.2,73.1,404.3,300.2,240.0,573.1,819.6,77.3,434.0,318.5,98.4,260.3,606.0,77.7,211.5,239.8,147.0,519.2,1057.0,97.6,444.1,404.7,171.3,654.9,1302.0,81.1,260.8,295.1,256.5,836.7,1400.0,142.0,504.3,494.8,161.0,430.5,658.5
2025-11-08,15,8,official_closing,closing_displayed,https://www.boatrace.jp/owpc/pc/race/odds3t?hd=20251108&jcd=15&rno=8,14.6,40.6,45.7,59.6,76.7,585.1,19.9,39.6,56.6,69.1,105.9,748.3,19.8,51.5,53.1,77.6,109.5,587.7,77.8,93.7,147.6,88.7,248.0,734.6,13.3,68.2,83.8,76.2,125.2,711.2,19.4,78.4,94.0,91.0,178.1,1022.0,16.7,103.4,115.0,110.8,174.7,595.3,76.1,188.9,234.8,106.6,355.7,1129.0,27.6,47.5,112.8,120.6,182.1,953.2,30.3,57.0,114.6,127.3,199.4,1286.0,36.0,75.4,154.9,172.1,287.5,958.9,69.1,70.5,227.8,193.1,651.0,1636.0,20.4,94.8,115.2,154.3,215.3,561.2,23.6,125.7,135.0,160.4,219.7,521.0,31.0,124.8,165.3,216.7,315.5,799.4,91.1,241.6,363.9,263.8,476.6,972.5,176.6,201.1,435.1,142.1,605.8,887.2,197.7,268.9,466.6,147.6,681.4,1254.0,175.1,157.0,447.5,191.2,1034.0,1659.0,224.4,295.1,616.3,228.6,774.2,1305.0
2025-11-08,15,9,official_closing,closing_displayed,https://www.boatrace.jp/owpc/pc/race/odds3t?hd=20251108&jcd=15&rno=9,13.2,44.7,86.7,109.3,114.6,379.8,15.1,47.1,93.4,165.2,163.6,452.6,22.6,53.8,85.8,82.1,145.1,479.2,18.5,60.1,94.6,86.3,103.0,484.6,17.2,95.2,148.2,168.7,183.5,516.1,20.1,103.0,173.6,249.6,290.9,796.8,24.6,111.2,182.9,125.2,193.8,540.3,23.2,116.0,160.2,118.7,147.6,663.2,28.3,110.2,193.1,288.4,294.1,710.9,35.0,121.7,231.7,319.0,391.6,976.2,36.3,102.2,207.6,281.2,458.0,967.3,29.7,95.7,195.8,215.9,302.6,992.8,38.2,130.1,179.7,80.8,153.1,615.6,44.8,162.5,244.7,94.4,150.6,557.3,57.4,142.1,261.2,185.2,277.6,847.1,39.6,117.3,192.5,54.4,90.1,449.2,52.3,191.1,272.7,128.0,181.8,587.1,60.3,261.6,330.5,135.5,180.5,659.0,64.8,217.0,353.8,227.4,308.7,864.7,83.9,215.8,307.8,93.1,153.8,465.1
2025-11-08,15,10,official_closing,closing_displayed,https://www.boatrace.jp/owpc/pc/race/odds3t?hd=20251108&jcd=15&rno=10,10.8,21.4,25.8,316.4,183.0,583.2,23.5,39.9,31.0,259.2,193.5,521.4,20.1,32.1,28.9,375.4,436.9,1108.0,36.1,54.9,46.2,428.8,330.5,969.5,11.6,34.2,48.1,368.9,229.4,693.4,17.5,56.9,72.0,294.1,210.5,727.4,16.4,46.7,61.3,449.0,444.0,1219.0,31.9,79.1,101.1,488.7,329.0,1041.0,35.7,95.5,84.0,284.4,257.1,577.1,42.1,91.7,107.7,293.5,253.8,737.1,54.2,122.5,87.3,321.8,454.3,995.9,84.8,148.9,119.8,387.9,371.9,889.2,37.0,76.4,91.8,536.5,747.2,1818.0,42.7,89.8,106.6,499.5,709.3,1612.0,77.9,143.5,135.3,407.0,598.4,1408.0,100.9,160.7,137.5,469.9,640.2,1519.0,122.7,223.9,142.3,736.8,703.7,1355.0,104.5,222.6,195.1,759.9,597.1,1171.0,196.8,353.1,188.6,626.7,551.4,1060.0,174.3,282.1,178.7,708.6,803.1,1420.0
2025-11-08,15,11,official_closing,closing_displayed,https://www.boatrace.jp/owpc/pc/race/odds3t?hd=20251108&jcd=15&rno=11,7.9,45.4,118.0,105.7,198.6,143.1,8.3,36.1,140.9,210.3,360.9,314.0,19.0,60.7,153.0,148.4,331.2,264.8,14.3,48.8,159.2,137.9,283.1,454.2,11.7,158.3,227.7,190.2,349.9,220.5,16.7,274.9,390.4,466.9,835.2,594.2,20.7,341.9,435.1,384.3,859.9,477.7,24.6,358.0,455.5,303.2,606.3,762.4,14.5,121.3,334.7,465.2,727.1,739.0,25.9,276.8,428.7,568.8,983.2,1038.0,26.4,312.8,571.8,728.7,1473.0,1285.0,23.9,212.8,514.7,635.6,1358.0,1684.0,36.7,228.4,436.3,225.4,456.6,552.9,42.8,494.0,585.9,321.9,627.1,587.8,46.1,490.5,811.2,589.1,1129.0,1201.0,53.0,456.1,716.7,262.0,514.9,1033.0,27.5,163.2,428.8,242.1,567.0,737.8,44.3,454.1,597.5,292.7,654.8,907.2,45.6,323.9,710.4,571.5,1164.0,1599.0,64.7,465.2,810.7,338.1,832.5,1311.0
2025-11-08,15,12,official_closing,closing_displayed,https://www.boatrace.jp/owpc/pc/race/odds3t?hd=20251108&jcd=15&rno=12,15.6,155.0,66.4,164.7,206.5,504.6,27.6,267.1,33.8,86.5,109.7,326.8,28.2,272.7,31.2,71.3,153.5,588.5,34.3,296.4,46.8,169.0,214.8,527.0,13.2,268.5,184.2,378.1,463.8,902.2,9.0,586.6,365.6,470.2,680.4,1283.0,9.1,522.6,318.4,332.7,727.3,1465.0,12.9,734.6,408.0,640.3,894.5,1570.0,34.4,563.9,87.9,140.9,175.9,432.7,18.4,721.1,251.3,327.5,465.1,1072.0,23.3,864.9,102.8,128.4,274.0,800.8,41.2,948.2,170.4,265.0,396.0,680.0,41.2,576.0,80.5,84.3,163.1,986.1,22.7,755.9,266.4,164.0,329.6,1368.0,35.1,1032.0,143.0,104.5,209.4,1006.0,46.2,1159.0,158.5,170.7,329.9,912.4,50.5,660.0,143.4,421.6,549.7,890.5,31.0,1011.0,404.5,743.1,994.2,1477.0,52.3,1148.0,233.1,453.2,625.4,873.5,47.4,1181.0,200.9,351.4,702.2,1017.0
2025-11-08,17,1,official_closing,closing_displayed,https://www.boatrace.jp/owpc/pc/race/odds3t?hd=20251108&jcd=17&rno=1,18.3,96.0,194.0,56.6,324.0,252.1,9.5,51.2,165.5,125.3,498.4,397.0,25.9,126.6,266.7,56.6,193.9,196.2,19.2,90.2,188.0,46.3,188.9,281.0,25.1,218.7,325.9,112.6,637.9,449.6,16.7,372.5,459.8,477.3,1545.0,1288.0,29.1,617.4,844.5,286.9,785.5,695.0,24.9,573.9,787.4,208.4,1012.0,1263.0,10.4,92.8,287.2,294.2,898.0,704.1,18.3,342.7,622.1,585.2,1781.0,1743.0,14.7,269.8,682.0,659.9,1468.0,1216.0,11.1,197.4,483.6,445.9,1411.0,1821.0,45.0,324.6,640.4,83.0,229.7,269.8,41.0,806.9,1068.0,211.8,515.0,629.3,29.8,519.1,936.7,400.4,1120.0,1006.0,28.0,578.0,981.9,107.3,285.9,543.3,36.9,251.3,513.3,89.7,313.4,420.1,40.0,791.2,1176.0,223.9,876.3,1352.0,26.3,376.0,871.6,422.2,1160.0,1582.0,36.5,654.6,1220.0,153.9,420.1,666.6
2025-11-08,17,2,official_closing,closing_displayed,https://www.boatrace.jp/owpc/pc/race/odds3t?hd=20251108&jcd=17&rno=2,9.3,6.9,32.2,121.7,1725.0,1834.0,23.7,14.8,61.3,175.2,1882.0,2116.0,189.8,114.6,333.6,647.1,3020.0,2814.0,104.4,61.8,175.6,392.3,3765.0,4752.0,17.5,7.8,22.6,97.6,1736.0,1725.0,40.2,7.4,21.5,72.5,1213.0,894.8,256.1,64.8,135.8,423.8,2131.0,1502.0,150.7,27.3,58.1,209.7,2787.0,4201.0,54.4,23.2,80.1,198.3,2787.0,2611.0,67.7,16.3,47.6,96.5,1656.0,1136.0,493.9,117.0,366.0,835.5,3717.0,1233.0,266.4,55.8,177.9,376.5,4460.0,4998.0,732.1,349.3,956.8,1294.0,3451.0,3020.0,1136.0,278.7,574.1,947.4,2709.0,1601.0,1421.0,387.0,1141.0,1354.0,2988.0,2100.0,1675.0,588.0,1228.0,1336.0,3814.0,4602.0,467.6,220.9,558.6,758.9,4530.0,5369.0,633.0,131.8,290.2,535.9,4676.0,4914.0,672.6,189.7,439.2,695.2,5575.0,5575.0,1812.0,516.8,1323.0,1593.0,4530.0,3410.0
2025-11-08,17,3,official_closing,closing_displayed,https://www.boatrace.jp/owpc/pc/race/odds3t?hd=20251108&jcd=17&rno=3,33.5,45.6,23.6,108.7,495.5,4321.0,55.0,71.8,20.4,62.5,346.0,3540.0,101.7,108.0,35.6,144.6,641.5,4452.0,326.4,437.2,171.1,347.7,957.1,4081.0,24.2,42.2,28.3,105.9,572.7,4197.0,20.1,20.7,14.1,38.6,278.2,2647.0,49.3,43.6,20.8,100.9,458.4,3093.0,185.3,192.0,149.3,298.3,1170.0,4138.0,70.8,86.7,18.9,46.9,320.7,2260.0,43.2,30.6,11.7,25.7,184.2,2313.0,130.2,91.4,14.0,38.4,181.7,1379.0,363.6,291.2,61.1,128.4,669.3,2798.0,238.3,253.5,67.5,189.2,585.3,4197.0,180.0,135.1,34.6,131.3,415.6,2880.0,314.2,209.8,36.6,84.3,202.2,1386.0,702.9,761.2,134.7,251.1,686.5,3540.0,1335.0,1605.0,619.9,787.7,2144.0,5155.0,982.7,1016.0,502.2,732.7,1945.0,4520.0,1117.0,1156.0,278.7,390.2,1499.0,3339.0,1426.0,1538.0,379.1,536.1,1440.0,3816.0
2025-11-08,17,4,official_closing,closing_displayed,https://www.boatrace.jp/owpc/pc/race/odds3t?hd=20251108&jcd=17&rno=4,86.3,55.3,120.8,146.1,611.0,4108.0,83.7,54.0,128.5,205.0,765.2,4219.0,186.0,104.4,174.3,256.3,872.1,3548.0,486.3,372.5,576.0,585.8,1601.0,4525.0,99.7,30.7,64.0,74.5,438.5,4803.0,127.9,5.4,13.7,25.3,162.0,2095.0,217.1,11.6,26.3,33.0,151.4,1334.0,671.4,99.5,176.3,131.8,681.7,2691.0,116.0,34.7,74.0,128.3,655.9,4397.0,149.1,7.8,23.2,37.6,186.2,2401.0,266.1,12.5,36.2,57.6,288.5,3122.0,662.9,70.9,185.8,238.3,972.7,3153.0,355.6,122.5,167.5,188.2,668.6,3807.0,426.5,32.3,64.3,59.1,184.4,1508.0,560.5,29.7,75.8,80.2,272.4,3469.0,1243.0,192.9,304.6,208.4,722.7,3091.0,1400.0,763.4,1131.0,841.6,2420.0,4803.0,1669.0,461.8,674.3,414.1,1643.0,3630.0,1432.0,370.3,680.2,695.4,1951.0,3761.0,1652.0,506.0,706.4,507.7,1626.0,3393.0
2025-11-08,17,5,official_closing,closing_displayed,https://www.boatrace.jp/owpc/pc/race/odds3t?hd=20251108&jcd=17&rno=5,82.0,139.8,51.2,493.9,135.7,2014.0,160.3,252.7,29.3,203.1,38.9,1484.0,125.9,172.2,12.8,230.1,113.1,2453.0,388.0,499.6,80.1,609.7,124.1,1364.0,46.1,125.2,91.8,622.2,225.8,2817.0,28.9,98.0,54.5,289.7,96.1,2340.0,15.1,61.5,36.5,329.2,212.6,3202.0,99.2,233.6,120.9,774.1,267.3,2188.0,184.0,347.3,44.2,176.7,27.5,1435.0,71.0,181.4,68.0,210.1,48.6,1832.0,85.1,209.3,17.1,65.9,26.1,1106.0,326.4,534.7,72.8,267.5,43.3,496.3,101.0,217.4,11.0,200.0,157.2,3202.0,27.4,93.4,22.8,236.9,192.8,3271.0,68.5,191.1,10.7,72.4,51.2,1552.0,132.2,331.0,21.4,230.6,153.6,1283.0,738.4,1090.0,271.9,1174.0,205.1,1283.0,430.3,859.4,304.5,1469.0,303.9,1821.0,691.4,1236.0,197.9,696.2,110.1,538.5,444.1,910.9,106.2,688.3,231.1,1188.0
2025-11-08,17,6,official_closing,closing_displayed,https://www.boatrace.jp/owpc/pc/race/odds3t?hd=20251108&jcd=17&rno=6,38.2,133.9,196.5,231.5,62.2,342.6,41.9,132.5,110.6,181.3,61.7,301.2,19.4,59.2,71.5,68.7,43.3,238.2,52.4,159.5,116.1,110.0,29.9,115.9,50.8,232.5,318.2,382.6,122.2,643.7,38.9,301.7,330.5,547.7,204.7,929.0,22.2,174.7,252.9,294.5,188.6,837.8,45.6,367.7,390.8,401.4,131.0,487.3,63.0,239.5,144.4,233.8,123.4,464.5,52.6,318.2,311.7,457.5,242.2,901.6,20.5,168.4,82.9,145.0,146.8,450.2,38.3,352.5,113.9,181.5,101.8,293.5,22.7,109.8,83.4,68.7,72.4,380.6,23.5,164.9,193.7,191.5,167.5,785.7,18.8,160.3,80.3,127.1,142.1,478.4,15.5,145.1,67.5,44.0,45.9,126.0,105.3,372.5,221.8,181.1,39.4,112.2,109.9,627.2,425.2,406.3,98.7,310.1,73.4,615.7,176.5,245.6,79.0,208.5,41.4,281.4,122.4,74.5,40.7,101.5
2025-11-08,17,7,official_closing,closing_displayed,https://www.boatrace.jp/owpc/pc/race/odds3t?hd=20251108&jcd=17&rno=7,10.0,7.4,37.9,506.7,168.4,1224.0,57.4,47.1,136.5,635.8,205.0,1874.0,20.0,14.7,60.5,664.4,592.4,3095.0,136.8,97.8,206.3,1118.0,709.2,2420.0,19.2,9.9,27.2,455.3,126.5,1244.0,85.1,29.4,55.5,296.6,81.3,835.4,38.6,8.0,21.7,391.1,321.2,2230.0,195.7,51.7,91.4,844.2,386.9,1236.0,161.4,111.0,207.7,576.2,215.9,2079.0,216.6,80.8,120.3,327.0,106.9,1059.0,259.8,96.8,161.0,486.3,509.3,2206.0,457.9,229.1,308.5,769.4,630.8,1967.0,62.2,33.0,90.2,779.9,941.8,3565.0,81.6,20.5,47.2,521.3,684.9,2936.0,238.5,82.6,173.3,667.7,877.6,3169.0,324.1,109.3,209.8,849.6,1381.0,3246.0,599.5,340.1,695.6,2294.0,1335.0,2576.0,828.4,217.8,369.4,2047.0,891.3,1699.0,1056.0,475.9,813.2,2047.0,1199.0,2559.0,948.5,305.9,489.9,2124.0,1798.0,3002.0
2025-11-08,17,8,official_closing,closing_displayed,https://www.boatrace.jp/owpc/pc/race/odds3t?hd=20251108&jcd=17&rno=8,20.1,30.1,210.2,56.4,49.2,1861.0,9.4,12.5,272.8,183.5,214.1,3890.0,9.9,12.0,253.4,67.0,104.4,2683.0,103.7,97.0,860.7,238.9,251.3,2386.0,59.3,80.3,216.4,53.9,48.6,1984.0,87.5,66.0,173.2,116.6,112.4,2925.0,93.1,58.0,182.9,48.3,53.0,1995.0,368.4,292.9,646.2,185.0,202.2,1861.0,22.4,25.1,339.4,370.1,410.8,5052.0,74.0,49.6,259.0,261.2,251.9,4228.0,33.3,21.5,321.2,324.1,419.6,4138.0,187.0,119.2,888.2,868.3,1000.0,4924.0,22.6,22.2,401.8,65.2,123.5,2992.0,98.5,51.3,291.1,51.5,78.8,2091.0,48.9,24.8,415.6,184.2,287.9,3670.0,191.1,112.7,958.2,164.2,284.1,2593.0,480.8,444.1,1974.0,571.2,601.2,2477.0,894.3,731.2,1729.0,484.4,501.9,1784.0,636.7,484.4,1879.0,1137.0,1071.0,4183.0,605.9,395.7,1879.0,510.5,659.3,2739.0
2025-11-08,17,9,official_closing,closing_displayed,https://www.boatrace.jp/owpc/pc/race/odds3t?hd=20251108&jcd=17&rno=9,49.1,84.6,188.0,21.2,1157.0,350.6,15.8,27.0,121.8,49.0,1570.0,755.0,305.7,314.0,573.7,154.4,1417.0,221.6,65.9,81.2,239.7,26.8,1010.0,1337.0,73.0,116.9,194.6,20.2,1365.0,362.3,46.7,41.0,65.9,24.2,1779.0,358.1,461.3,384.9,517.7,105.7,1229.0,106.3,145.4,77.1,129.2,12.8,1267.0,1013.0,13.7,24.3,103.5,74.2,2064.0,772.4,30.6,25.5,60.6,42.7,2306.0,490.4,184.1,142.6,359.6,260.1,1944.0,262.1,28.6,17.2,65.5,41.9,2534.0,1788.0,741.6,731.9,1118.0,224.1,1211.0,139.7,1038.0,916.4,1010.0,185.6,961.1,73.8,763.6,551.0,891.9,331.5,1423.0,152.1,866.5,617.1,904.0,117.9,710.1,474.4,167.3,147.0,379.2,29.4,1769.0,1639.0,268.4,120.2,229.5,14.4,1520.0,1460.0,103.6,48.1,143.8,32.0,2654.0,2015.0,658.4,491.8,975.1,82.5,942.2,853.2
2025-11-08,17,10,official_closing,closing_displayed,https://www.boatrace.jp/owpc/pc/race/odds3t?hd=20251108&jcd=17&rno=10,15.8,44.8,54.1,28.3,451.7,2463.0,14.3,38.3,22.8,21.8,422.6,3903.0,77.6,132.2,81.0,43.3,341.7,3065.0,407.7,578.7,542.3,304.2,895.7,3020.0,16.3,66.2,98.0,45.4,632.7,3111.0,8.4,43.3,61.6,42.5,785.2,3364.0,47.3,139.0,186.3,69.7,496.1,2934.0,387.4,497.9,752.4,339.4,1791.0,3065.0,12.4,46.1,25.6,27.0,607.6,4138.0,9.5,41.4,40.5,38.6,825.9,3867.0,35.2,88.9,54.0,51.5,365.5,2704.0,317.1,401.7,357.0,299.0,2224.0,4649.0,173.9,307.2,261.7,54.3,304.5,3477.0,155.8,317.1,347.4,63.9,344.5,2998.0,133.7,235.1,185.8,59.7,288.7,2777.0,860.3,1109.0,1047.0,220.9,911.5,1980.0,1220.0,1504.0,2224.0,834.3,2570.0,3762.0,1521.0,1293.0,2058.0,811.4,2998.0,3867.0,1127.0,1175.0,1655.0,813.0,3477.0,4547.0,1702.0,1499.0,1961.0,791.2,2212.0,3831.0
2025-11-08,17,11,official_closing,closing_displayed,https://www.boatrace.jp/owpc/pc/race/odds3t?hd=20251108&jcd=17&rno=11,12.1,70.8,49.7,33.0,1010.0,775.0,10.7,62.4,26.4,26.2,881.4,804.7,78.6,269.5,116.4,75.5,806.8,526.2,62.6,224.4,102.0,57.0,1011.0,1710.0,10.0,161.8,121.0,79.0,1664.0,1236.0,6.6,180.0,114.0,105.3,2083.0,1719.0,51.4,682.5,416.5,258.2,1936.0,1609.0,39.9,618.2,395.5,201.2,2568.0,3040.0,9.7,118.1,36.7,45.8,1167.0,1131.0,7.6,164.5,77.0,88.1,2177.0,1733.0,43.2,478.5,148.6,180.8,1664.0,1072.0,28.2,376.3,103.0,114.8,2458.0,2547.0,209.0,977.2,340.1,150.3,806.8,616.3,186.6,1159.0,581.6,266.6,1498.0,1311.0,185.2,1041.0,372.8,259.6,1319.0,989.5,305.0,1818.0,587.0,207.4,1263.0,1787.0,162.0,883.9,375.9,122.0,2036.0,2537.0,144.9,1224.0,595.9,230.1,2822.0,3055.0,117.3,1033.0,352.9,211.2,2357.0,2760.0,317.8,2063.0,742.1,274.3,1930.0,2458.0
2025-11-08,17,12,official_closing,closing_displayed,https://www.boatrace.jp/owpc/pc/race/odds3t?hd=20251108&jcd=17&rno=12,21.7,77.8,176.4,14.4,660.9,1093.0,6.5,27.8,107.0,35.5,995.3,1790.0,54.7,140.0,329.0,31.0,354.4,540.5,51.7,145.8,401.2,29.3,704.7,2077.0,38.7,251.8,321.4,34.6,1116.0,1629.0,19.4,241.9,290.4,105.1,1967.0,2484.0,89.2,763.3,796.0,106.6,985.4,1133.0,103.5,750.9,859.0,103.2,1748.0,3026.0,5.2,43.4,126.5,104.7,1461.0,2603.0,10.3,138.6,206.8,160.1,2007.0,2894.0,15.6,200.9,315.6,260.2,1748.0,2041.0,13.8,172.6,350.7,271.8,2121.0,2908.0,155.9,635.6,895.2,67.7,348.6,527.6,197.0,1221.0,1279.0,123.3,642.4,983.8,79.0,668.4,871.6,233.9,1197.0,1774.0,222.3,1307.0,1199.0,104.0,610.2,1393.0,185.4,651.6,1022.0,79.5,1416.0,2453.0,266.0,1219.0,1520.0,133.8,1795.0,2866.0,103.7,596.2,1047.0,285.5,2129.0,2773.0,309.2,1544.0,1468.0,151.7,1118.0,1743.0
2025-11-08,18,1,official_closing,closing_displayed,https://www.boatrace.jp/owpc/pc/race/odds3t?hd=20251108&jcd=18&rno=1,13.8,181.8,263.7,31.1,1050.0,121.8,5.8,69.4,217.2,82.2,1666.0,335.1,78.9,379.4,484.1,106.4,890.3,97.4,10.9,111.9,300.6,24.7,1017.0,490.5,22.1,461.7,497.9,85.7,1413.0,261.4,18.4,847.3,1004.0,431.6,2736.0,828.5,100.0,1734.0,1675.0,477.2,2571.0,384.3,30.4,823.9,1207.0,130.8,2465.0,1612.0,6.5,181.0,319.3,236.7,2057.0,959.0,16.6,688.8,854.6,534.5,3637.0,1675.0,56.4,1285.0,1361.0,738.2,3207.0,1028.0,7.6,336.2,607.4,249.1,3682.0,2549.0,231.3,1092.0,1313.0,181.9,912.1,135.8,304.9,2506.0,2386.0,408.0,2015.0,290.7,218.0,2348.0,2867.0,708.4,1638.0,589.4,176.3,1296.0,1852.0,156.8,914.9,614.9,22.6,322.1,898.3,42.7,1355.0,1021.0,49.8,1232.0,1447.0,91.3,2485.0,1988.0,19.1,548.2,1112.0,192.4,3074.0,2485.0,123.6,1483.0,2312.0,141.5,1308.0,1035.0
2025-11-08,18,2,official_closing,closing_displayed,https://www.boatrace.jp/owpc/pc/race/odds3t?hd=20251108&jcd=18&rno=2,3.4,17.6,63.4,959.5,604.4,81.3,38.7,141.5,407.1,1568.0,860.2,135.9,28.1,116.1,225.8,1516.0,2110.0,687.7,4.6,19.3,76.0,1208.0,595.2,417.6,6.9,76.3,123.8,1219.0,994.2,134.3,76.4,596.5,976.5,3049.0,2177.0,269.8,41.4,407.1,661.2,3610.0,3708.0,1148.0,11.9,117.3,194.2,2386.0,1198.0,739.6,149.4,876.7,1111.0,2638.0,1568.0,284.3,282.3,1358.0,1633.0,3865.0,2919.0,361.5,444.0,1932.0,2094.0,4498.0,4221.0,1385.0,235.1,966.2,1400.0,2690.0,2267.0,966.2,89.7,620.8,760.1,2800.0,3266.0,1550.0,142.4,1138.0,1294.0,4157.0,5081.0,2829.0,500.7,2078.0,2110.0,5600.0,4221.0,2744.0,118.2,630.8,873.9,2888.0,4095.0,3658.0,12.8,88.8,210.6,1932.0,656.5,766.5,23.7,180.4,287.9,2195.0,920.8,1071.0,163.6,619.4,1067.0,2177.0,1288.0,1451.0,84.2,474.7,834.0,3473.0,2982.0,3228.0
2025-11-08,18,3,official_closing,closing_displayed,https://www.boatrace.jp/owpc/pc/race/odds3t?hd=20251108&jcd=18&rno=3,4.4,37.1,21.9,279.1,362.0,688.8,7.9,71.1,53.0,308.6,373.3,658.0,9.7,84.4,43.3,339.3,729.0,1340.0,43.8,177.6,117.7,519.0,896.2,1233.0,5.7,71.8,44.1,514.9,518.2,1043.0,15.6,242.4,127.8,795.1,901.1,1363.0,14.8,258.9,123.3,908.7,1454.0,2659.0,52.7,426.3,302.3,1351.0,2027.0,2514.0,24.4,297.9,106.9,377.6,533.5,1039.0,41.9,398.5,156.7,594.1,926.9,1931.0,67.8,659.4,164.5,564.2,1166.0,2821.0,111.4,681.5,301.2,774.2,1530.0,2574.0,36.1,362.8,109.7,559.3,1150.0,2845.0,51.6,520.7,162.1,1033.0,1582.0,3451.0,100.4,879.2,206.7,779.8,1537.0,2659.0,154.1,1007.0,290.7,777.9,1481.0,2574.0,148.3,711.4,393.7,1166.0,1467.0,2284.0,169.6,1029.0,733.9,2106.0,2439.0,3119.0,287.1,1262.0,754.4,1292.0,2066.0,2385.0,257.2,1495.0,632.4,1495.0,1990.0,2476.0
2025-11-08,18,4,official_closing,closing_displayed,https://www.boatrace.jp/owpc/pc/race/odds3t?hd=20251108&jcd=18&rno=4,14.0,74.4,82.1,307.1,39.4,1878.0,37.0,139.0,92.9,239.1,22.9,1843.0,14.8,62.8,28.4,137.9,57.7,2909.0,135.4,333.4,185.0,477.0,65.8,891.1,14.0,152.7,185.9,480.1,100.6,2997.0,19.9,323.6,324.6,850.2,155.7,3663.0,6.2,142.2,143.8,548.5,310.7,4363.0,76.1,701.5,588.7,1348.0,273.7,3190.0,54.9,327.1,218.5,371.3,42.9,2722.0,36.2,508.1,424.5,828.8,116.1,3853.0,31.4,415.6,182.6,340.2,140.2,5029.0,154.6,1163.0,671.3,1067.0,175.7,2300.0,12.7,124.9,42.4,154.9,127.6,4179.0,7.8,161.8,112.4,353.6,327.5,4710.0,22.6,318.7,122.8,253.8,215.4,4945.0,42.8,472.5,192.5,335.3,272.4,3123.0,424.5,1044.0,896.4,1023.0,143.2,910.2,324.3,2089.0,1313.0,2119.0,286.1,1639.0,483.2,2060.0,1513.0,1978.0,250.4,1725.0,214.7,1132.0,665.3,985.8,426.9,2393.0
2025-11-08,18,5,official_closing,closing_displayed,https://www.boatrace.jp/owpc/pc/race/odds3t?hd=20251108&jcd=18&rno=5,17.0,77.1,171.3,91.7,61.9,826.3,12.7,54.7,139.7,153.7,97.8,1378.0,10.3,47.9,103.5,44.8,45.8,617.1,37.5,128.0,258.6,126.9,63.1,391.7,23.7,229.5,359.0,163.2,163.9,1347.0,23.0,299.7,490.4,400.8,512.2,2276.0,20.2,266.9,379.9,175.2,245.2,1723.0,55.2,573.1,861.7,337.9,290.7,1231.0,17.9,125.7,284.2,355.3,335.1,2276.0,26.9,297.5,577.2,604.7,679.6,2487.0,11.2,155.1,286.2,330.5,522.2,2622.0,31.6,314.1,585.6,724.5,493.4,1800.0,15.7,145.0,221.1,57.6,75.6,852.6,27.4,323.8,450.1,132.9,169.8,1608.0,14.4,213.7,338.8,226.3,308.1,2255.0,25.3,304.6,417.4,87.3,109.1,469.4,123.5,643.4,1035.0,296.0,153.4,495.4,170.6,1453.0,1664.0,498.5,285.5,1143.0,98.9,815.1,1347.0,852.6,446.8,1355.0,78.6,626.7,900.3,229.1,183.6,480.6
2025-11-08,18,6,official_closing,closing_displayed,https://www.boatrace.jp/owpc/pc/race/odds3t?hd=20251108&jcd=18&rno=6,86.3,310.7,96.8,519.5,353.2,669.5,165.3,590.5,31.8,94.3,66.4,149.7,146.8,635.0,10.2,113.1,198.3,537.0,153.4,546.1,11.9,116.3,72.4,188.9,43.3,529.9,296.3,820.6,812.3,889.0,18.0,1039.0,548.0,1344.0,1019.0,1344.0,7.4,1000.0,438.4,1391.0,1468.0,1758.0,9.0,1039.0,389.3,1231.0,946.9,1951.0,169.1,1240.0,62.0,110.3,76.6,145.0,34.0,1468.0,325.2,720.8,480.5,874.4,51.7,1928.0,57.9,145.2,208.3,430.1,59.4,1280.0,60.8,159.2,71.9,130.3,119.6,1667.0,29.4,153.7,280.2,851.2,19.3,1798.0,229.2,865.0,1052.0,1667.0,60.2,2286.0,59.7,191.8,318.1,711.2,27.1,1134.0,22.2,141.8,231.9,637.5,172.2,1667.0,40.7,266.2,112.4,198.3,37.5,1778.0,277.8,1012.0,511.2,747.8,103.0,2462.0,85.1,295.8,91.7,151.1,51.7,2000.0,34.6,253.2,243.5,458.5
2025-11-08,18,7,official_closing,closing_displayed,https://www.boatrace.jp/owpc/pc/race/odds3t?hd=20251108&jcd=18&rno=7,21.5,117.7,100.8,60.4,570.9,891.3,13.5,88.6,45.9,53.8,410.2,746.4,40.5,186.8,82.1,56.4,240.5,304.4,49.6,242.9,95.1,49.5,436.2,1015.0,18.7,269.3,237.8,136.4,831.5,1568.0,6.5,338.5,273.5,320.9,1077.0,2173.0,21.3,439.3,390.8,332.1,860.4,1511.0,24.3,565.7,418.5,292.2,1424.0,2753.0,11.4,182.4,81.8,103.2,641.9,1392.0,7.2,349.0,246.8,281.5,1096.0,2528.0,14.5,424.3,172.8,254.9,815.1,1492.0,12.6,413.0,173.2,223.6,904.4,2031.0,85.4,595.6,281.5,101.9,268.1,397.1,64.8,688.3,499.6,300.7,848.6,1361.0,45.8,746.4,298.5,308.2,854.5,1548.0,84.8,904.4,254.9,151.6,482.1,1529.0,95.7,779.2,388.4,119.1,860.4,1697.0,74.1,1023.0,635.4,328.6,1849.0,2950.0,43.7,755.5,406.2,336.6,1361.0,1795.0,97.3,1023.0,452.2,230.7,809.8,1822.0
2025-11-08,18,8,official_closing,closing_displayed,https://www.boatrace.jp/owpc/pc/race/odds3t?hd=20251108&jcd=18&rno=8,42.7,154.9,379.1,81.6,604.3,37.4,28.9,119.5,249.0,91.2,819.7,42.6,84.1,294.1,383.2,73.1,351.3,16.8,22.8,64.6,167.2,22.4,212.0,63.0,49.4,458.7,646.2,171.5,967.5,90.5,31.7,876.5,927.0,451.6,1686.0,204.2,92.4,1035.0,1204.0,335.9,1451.0,109.8,26.6,562.1,740.8,119.9,946.8,258.4,31.3,264.6,292.1,217.5,1255.0,109.6,34.7,627.8,616.9,503.0,1416.0,264.6,56.3,773.2,734.7,454.0,1283.0,128.7,11.1,256.2,293.6,167.0,941.8,313.9,174.4,728.6,872.2,91.6,254.7,20.2,186.5,1212.0,1172.0,205.4,632.3,63.9,122.9,1238.0,1221.0,307.4,867.9,69.5,85.4,885.3,716.8,56.6,155.5,56.1,21.6,158.8,249.0,18.5,212.5,133.5,24.8,410.8,539.8,52.4,544.8,270.3,11.6,243.8,342.4,68.0,670.7,316.1,47.4,558.5,619.1,31.8,189.5,120.3
2025-11-08,18,9,official_closing,closing_displayed,https://www.boatrace.jp/owpc/pc/race/odds3t?hd=20251108&jcd=18&rno=9,18.2,82.2,49.1,205.7,466.6,628.3,27.6,124.6,15.0,96.3,227.1,262.7,67.3,228.5,29.7,206.9,329.4,521.1,52.4,145.0,14.6,98.3,187.1,684.2,13.6,181.9,141.6,393.4,848.1,1225.0,6.6,375.5,223.2,701.4,1212.0,1828.0,15.7,640.9,274.0,929.4,1360.0,1828.0,9.0,458.0,210.2,684.2,1312.0,2144.0,36.9,285.2,38.7,120.3,258.1,320.0,15.9,537.4,151.6,421.6,878.1,1360.0,58.2,953.2,70.1,233.8,540.0,654.1,28.7,579.3,45.2,143.4,284.8,895.8,116.8,667.8,81.8,319.1,598.0,694.8,48.0,1143.0,297.8,721.8,1192.0,1677.0,97.1,1538.0,123.7,419.2,748.5,826.1,77.2,1457.0,82.7,282.3,481.7,1246.0,111.2,644.6,59.8,239.0,465.6,1037.0,38.1,1253.0,246.2,690.5,957.3,2372.0,69.9,1477.0,96.7,311.9,513.9,1018.0,118.9,1784.0,125.5,410.0,640.9,1281.0
2025-11-08,18,10,official_closing,closing_displayed,https://www.boatrace.jp/owpc/pc/race/odds3t?hd=20251108&jcd=18&rno=10,7.1,13.2,39.3,102.8,260.8,557.4,17.6,31.3,77.2,127.3,328.9,816.2,22.1,34.3,68.4,110.3,432.2,1117.0,29.6,35.4,64.7,108.2,266.9,1139.0,10.8,29.3,55.3,139.9,365.6,676.6,24.6,46.9,89.8,213.2,331.2,556.3,26.4,39.4,75.1,227.1,530.4,907.1,28.4,43.5,83.3,196.8,314.7,708.5,42.3,106.8,192.0,188.5,606.0,1201.0,52.2,106.9,179.2,295.4,430.9,650.3,84.9,147.0,246.6,361.4,887.4,1294.0,88.4,141.2,255.4,299.2,467.7,1058.0,70.5,139.1,222.3,123.4,448.5,1070.0,76.6,113.3,198.5,157.0,463.9,855.4,127.2,215.3,339.1,301.4,763.6,1201.0,111.3,135.6,239.7,113.3,326.2,879.1,108.2,184.8,255.7,157.2,447.8,1112.0,100.2,153.8,236.0,232.7,361.9,728.5,188.6,281.2,409.2,323.7,481.1,892.9,177.8,180.4,313.0,176.1,445.0,968.9
2025-11-08,18,11,official_closing,closing_displayed,https://www.boatrace.jp/owpc/pc/race/odds3t?hd=20251108&jcd=18&rno=11,4.7,11.1,68.0,113.5,494.9,993.1,7.1,15.4,82.4,180.1,602.7,1556.0,17.5,35.3,135.2,198.3,699.8,1231.0,32.1,55.7,199.8,252.0,727.5,2005.0,9.3,40.3,98.7,185.4,752.0,1325.0,13.3,68.2,144.4,341.1,1162.0,1943.0,25.9,123.3,212.8,452.7,1629.0,2334.0,52.7,186.3,315.6,539.3,1777.0,2564.0,18.7,83.4,204.0,355.4,989.9,2018.0,25.4,131.0,284.1,409.4,1402.0,2352.0,51.9,245.3,461.4,746.6,2352.0,2696.0,69.0,270.8,477.6,886.2,2651.0,3595.0,64.3,263.9,452.7,331.3,1012.0,1526.0,74.7,404.7,633.2,444.3,1548.0,2406.0,123.0,512.0,744.8,741.3,2369.0,3225.0,155.0,618.2,712.6,496.5,1604.0,2870.0,167.9,446.2,962.5,562.6,1797.0,2266.0,222.3,690.5,1015.0,906.7,2369.0,2696.0,221.0,719.1,1236.0,1325.0,3258.0,3514.0,294.8,933.8,1360.0,912.0,2522.0,3225.0
2025-11-08,18,12,official_closing,closing_displayed,https://www.boatrace.jp/owpc/pc/race/odds3t?hd=20251108&jcd=18&rno=12,6.1,53.0,91.1,30.2,216.7,362.7,9.2,63.4,100.1,50.1,200.7,468.1,14.5,93.9,135.2,66.4,271.2,302.6,46.2,175.0,237.5,36.7,497.8,655.1,12.6,126.4,140.1,54.1,417.6,513.6,18.9,188.7,193.1,97.8,498.6,655.1,23.6,277.4,337.0,153.9,694.3,477.3,67.0,392.2,329.8,70.5,1103.0,812.9,17.2,148.9,170.2,130.0,423.0,948.4,24.6,213.4,209.2,162.9,588.7,987.1,40.1,341.4,331.6,259.6,629.5,909.8,46.9,310.4,258.6,161.5,1044.0,1458.0,32.1,302.0,354.3,141.0,312.0,197.5,28.2,360.5,422.4,226.0,554.9,233.4,44.8,492.7,441.0,224.4,439.0,308.1,110.0,644.9,542.4,202.8,661.1,379.8,123.1,534.5,611.0,47.6,1436.0,1480.0,152.8,653.6,607.1,57.4,1577.0,1717.0,125.3,542.4,452.0,87.4,1668.0,1884.0,227.6,808.4,709.6,128.9,1307.0,1295.0
2025-11-08,20,1,official_closing,closing_displayed,https://www.boatrace.jp/owpc/pc/race/odds3t?hd=20251108&jcd=20&rno=1,7.6,8.7,46.6,141.9,166.7,193.3,35.0,34.8,184.6,302.9,224.3,334.3,13.9,20.3,78.1,255.7,534.2,716.5,16.0,21.0,92.5,258.6,176.1,349.2,16.5,22.5,57.1,147.7,194.9,216.7,65.2,68.0,195.2,319.5,288.4,415.0,27.8,43.7,111.2,272.7,573.2,683.9,32.2,47.2,119.1,284.3,235.7,384.9,89.1,93.5,339.4,462.9,334.3,612.0,139.6,132.8,318.4,440.3,394.2,638.0,159.2,149.1,464.1,654.2,1187.0,1347.0,175.3,175.4,404.8,586.2,411.3,725.1,46.0,62.2,173.1,256.4,654.2,1062.0,63.0,79.6,191.4,244.9,603.8,893.8,188.6,181.2,543.8,498.7,1037.0,1280.0,63.4,103.7,236.3,274.8,520.3,855.7,42.3,68.2,230.8,363.3,256.4,460.6,59.4,101.2,269.4,373.0,287.0,462.9,203.7,222.9,575.0,626.9,388.3,702.5,80.0,126.7,305.5,378.5,580.5,828.2
2025-11-08,20,2,official_closing,closing_displayed,https://www.boatrace.jp/owpc/pc/race/odds3t?hd=20251108&jcd=20&rno=2,21.2,116.0,62.1,271.7,1050.0,70.9,44.2,242.1,24.5,93.4,816.7,34.2,143.7,495.7,100.4,473.3,1592.0,61.6,30.7,183.9,16.7,69.8,838.5,197.2,15.4,212.1,154.5,498.8,1791.0,137.1,7.6,510.1,307.8,625.5,1946.0,183.3,64.6,1050.0,703.7,1560.0,3284.0,311.5,6.3,311.5,168.2,359.0,1771.0,643.4,45.1,656.8,71.5,141.2,1023.0,51.1,17.3,838.5,215.9,447.8,1713.0,145.5,157.4,1876.0,265.3,603.9,2627.0,100.7,20.1,716.5,67.1,100.5,1017.0,320.4,296.8,1501.0,353.4,597.1,1459.0,118.8,244.4,1995.0,847.5,1324.0,2671.0,286.6,361.5,3090.0,557.0,825.3,2584.0,153.6,235.2,1713.0,288.1,470.5,885.6,423.7,31.9,376.2,42.1,108.7,1281.0,397.0,11.7,446.5,133.1,309.0,1313.0,838.5,24.2,706.9,68.1,125.3,1142.0,594.8,92.4,1292.0,211.0,436.6,1395.0,662.3
2025-11-08,20,3,official_closing,closing_displayed,https://www.boatrace.jp/owpc/pc/race/odds3t?hd=20251108&jcd=20&rno=3,75.6,234.5,427.7,465.2,53.9,27.1,85.0,221.1,454.0,758.1,84.0,46.6,53.5,166.0,291.2,336.9,52.3,37.2,20.3,93.2,196.5,287.3,21.6,15.1,79.6,477.0,560.4,511.5,100.0,67.6,134.0,808.6,857.6,1081.0,246.1,196.1,67.4,764.9,771.9,789.8,139.2,140.4,37.9,464.0,569.8,650.6,72.7,81.0,163.2,449.2,1029.0,1068.0,194.0,126.8,244.3,735.1,1248.0,1369.0,333.6,243.6,152.5,604.3,1257.0,1221.0,280.7,264.9,94.2,422.4,959.4,1068.0,136.2,143.5,64.4,221.1,441.1,263.7,69.4,76.1,89.6,643.2,758.1,489.4,122.5,155.5,113.9,562.3,908.1,793.5,196.5,225.8,20.5,252.3,363.6,209.9,59.5,74.4,13.8,123.9,256.9,296.8,20.0,16.3,22.6,364.4,535.7,591.7,46.1,40.1,32.8,268.2,602.2,719.5,76.2,70.8,12.7,212.2,321.0,249.7,33.1,33.3
2025-11-08,20,4,official_closing,closing_displayed,https://www.boatrace.jp/owpc/pc/race/odds3t?hd=20251108&jcd=20&rno=4,46.3,133.3,272.5,518.7,14.2,126.9,204.1,368.6,521.7,1168.0,32.1,190.7,14.7,45.2,184.5,545.1,85.0,349.8,27.9,70.1,294.1,713.7,9.1,68.5,88.4,331.2,352.1,684.5,38.0,181.3,326.0,1250.0,803.7,1495.0,88.3,382.3,62.0,366.6,359.7,1115.0,262.9,753.9,101.2,581.8,579.3,1239.0,39.6,158.0,396.5,907.3,833.8,1372.0,92.9,324.4,493.8,1372.0,916.6,1386.0,143.5,495.6,260.3,1033.0,932.6,1401.0,307.3,775.8,386.2,1331.0,1049.0,1478.0,99.3,322.0,8.4,54.3,227.4,489.3,265.0,801.3,26.2,169.4,320.9,789.5,440.9,1222.0,83.9,518.7,753.9,984.0,470.4,1143.0,7.3,78.2,279.9,444.6,225.1,674.2,34.9,152.5,496.5,852.4,15.5,57.5,67.7,390.1,731.3,1115.0,27.9,101.0,193.6,969.7,839.0,1503.0,42.4,135.6,21.7,124.2,319.7,593.4,90.0,290.3
2025-11-08,20,5,official_closing,closing_displayed,https://www.boatrace.jp/owpc/pc/race/odds3t?hd=20251108&jcd=20&rno=5,9.9,90.1,281.5,46.4,347.5,181.6,4.7,44.4,531.3,178.4,805.0,555.6,17.8,112.4,677.1,81.1,358.0,242.5,6.9,53.1,504.9,50.3,311.4,512.3,27.0,265.2,356.7,89.2,598.8,264.1,40.3,402.8,726.7,411.0,1486.0,1008.0,68.0,681.9,1100.0,250.1,929.6,408.5,57.0,434.9,960.9,130.0,696.5,944.1,9.3,112.8,818.5,518.3,1514.0,1061.0,36.5,406.5,970.5,719.2,2017.0,1827.0,30.0,373.7,1183.0,927.9,1960.0,1749.0,15.3,182.4,1350.0,542.6,1821.0,1968.0,51.5,515.6,1314.0,124.7,368.9,316.5,109.5,1102.0,1486.0,219.9,624.9,394.6,74.1,642.3,2141.0,520.5,1482.0,1314.0,69.7,583.7,1648.0,128.1,401.5,709.8,23.2,199.6,935.0,85.7,511.2,806.3,76.7,544.4,1486.0,124.1,683.8,1073.0,35.9,278.6,1899.0,458.2,1365.0,2060.0,74.9,572.0,1891.0,153.8,628.1,807.6
2025-11-08,20,6,official_closing,closing_displayed,https://www.boatrace.jp/owpc/pc/race/odds3t?hd=20251108&jcd=20&rno=6,94.3,273.7,411.6,235.1,61.3,244.3,68.3,271.5,288.3,259.8,75.1,350.5,26.8,123.0,135.9,50.6,33.7,160.3,48.6,177.6,197.7,69.6,14.2,56.8,97.1,513.1,650.5,452.0,160.5,586.6,65.8,955.1,1100.0,1344.0,518.4,1390.0,30.2,678.8,792.8,466.5,353.2,1149.0,52.2,783.6,1219.0,539.8,150.3,419.3,75.2,490.2,443.6,515.1,202.8,728.7,68.9,1035.0,1166.0,1245.0,556.8,1503.0,16.2,504.2,343.4,342.2,360.5,1068.0,26.4,573.3,472.0,442.6,157.6,463.3,24.9,183.9,200.2,49.6,52.7,264.1,27.3,568.5,619.7,222.5,229.3,973.4,14.2,470.9,330.0,229.2,237.2,950.6,7.7,190.5,186.8,37.5,38.2,152.1,68.0,327.3,403.9,113.7,19.2,51.7,77.2,994.9,1197.0,386.9,84.8,202.6,42.0,746.1,618.7,403.9,99.3,249.3,17.2,271.5,282.0,68.3,40.1,101.8
2025-11-08,20,7,official_closing,closing_displayed,https://www.boatrace.jp/owpc/pc/race/odds3t?hd=20251108&jcd=20&rno=7,214.3,660.4,360.7,349.0,117.9,931.2,196.4,685.7,67.3,111.6,34.1,442.1,109.7,358.6,33.6,41.6,24.8,303.5,259.5,876.0,77.2,72.7,17.4,127.2,144.5,1251.0,833.5,684.6,325.4,1663.0,27.8,1578.0,1189.0,1308.0,931.2,2481.0,12.7,1209.0,840.0,671.8,627.6,2510.0,38.5,2015.0,1216.0,1166.0,560.4,1690.0,143.5,1126.0,108.2,148.7,73.2,790.5,34.1,1480.0,720.2,921.2,634.1,2168.0,13.6,819.2,81.9,113.4,133.2,828.7,34.1,1781.0,146.7,191.7,102.6,528.6,63.4,546.8,51.4,43.3,46.2,473.3,12.9,1266.0,508.6,303.3,338.0,2024.0,10.1,799.4,77.6,96.8,116.0,888.7,9.5,1073.0,68.2,46.6,45.4,260.8,268.9,1933.0,217.5,142.7,32.8,142.6,85.0,2842.0,1185.0,848.3,285.4,958.2,69.7,2398.0,289.6,301.0,85.7,350.7,37.2,1676.0,173.3,99.7,55.5,197.9
2025-11-08,20,8,official_closing,closing_displayed,https://www.boatrace.jp/owpc/pc/race/odds3t?hd=20251108&jcd=20&rno=8,3.9,9.8,90.8,275.1,57.4,1297.0,16.1,30.2,224.2,602.5,111.4,2999.0,5.4,10.1,115.9,394.9,271.6,3278.0,69.7,79.9,501.7,1070.0,297.4,2298.0,14.7,45.2,118.1,325.8,76.5,1453.0,46.0,147.3,316.3,764.8,166.9,2677.0,25.7,62.4,173.5,548.6,355.7,4316.0,206.6,352.4,760.7,1438.0,359.6,2286.0,54.3,131.8,540.8,1076.0,284.2,4918.0,95.2,209.2,626.6,1065.0,334.1,4229.0,110.2,188.8,696.8,1382.0,946.2,5794.0,346.9,559.4,1309.0,2203.0,1165.0,4187.0,17.7,40.1,261.7,513.3,512.6,4272.0,33.6,74.3,302.9,639.9,594.9,5715.0,93.4,173.0,774.6,1205.0,1046.0,5794.0,193.4,274.4,1070.0,1382.0,1171.0,5035.0,363.0,447.5,1652.0,1799.0,793.5,3110.0,589.1,1011.0,2158.0,2349.0,824.5,3133.0,635.0,1274.0,3065.0,2957.0,1494.0,3880.0,666.1,697.9,2311.0,2147.0,1543.0,4976.0
2025-11-08,20,9,official_closing,closing_displayed,https://www.boatrace.jp/owpc/pc/race/odds3t?hd=20251108&jcd=20&rno=9,6.2,6.5,63.6,149.8,325.7,328.3,12.8,12.6,171.9,359.4,663.3,657.1,21.1,22.9,202.6,342.3,1001.0,792.3,18.6,16.6,178.2,279.5,813.4,1373.0,17.3,17.5,54.6,140.3,375.7,330.7,52.5,33.4,104.7,270.4,401.0,508.7,61.7,45.9,136.4,294.8,814.8,602.0,70.7,41.4,116.3,239.5,671.5,895.3,52.2,44.1,389.2,594.0,985.6,960.4,116.9,67.3,294.5,475.1,545.0,745.2,191.4,116.5,648.3,1035.0,1924.0,1837.0,153.0,90.5,512.9,809.4,1518.0,2098.0,82.4,87.0,453.0,571.1,1377.0,1155.0,151.0,98.6,292.3,521.7,1123.0,871.4,263.5,186.7,717.8,966.1,1697.0,1971.0,264.6,156.0,585.4,672.4,1476.0,2507.0,82.5,65.6,465.1,471.4,1207.0,2153.0,179.7,100.3,333.7,406.7,977.7,1400.0,228.8,151.4,684.7,918.9,1587.0,1947.0,301.0,192.2,655.3,825.8,1831.0,2628.0
2025-11-08,20,10,official_closing,closing_displayed,https://www.boatrace.jp/owpc/pc/race/odds3t?hd=20251108&jcd=20&rno=10,10.4,48.9,126.7,211.6,262.4,27.8,28.6,97.1,233.5,392.2,367.8,58.4,27.6,85.3,192.3,294.5,469.1,71.4,6.2,27.9,96.6,186.9,225.4,57.3,16.4,145.2,192.5,359.1,434.6,54.3,51.7,434.6,514.8,883.6,760.5,168.7,42.8,381.7,470.0,654.0,857.1,199.0,15.1,201.8,269.0,460.6,505.7,165.7,64.7,315.9,485.5,803.2,667.5,152.2,101.3,540.5,786.3,1124.0,991.8,274.8,110.3,646.2,726.4,1094.0,1324.0,506.2,62.2,388.4,765.3,1072.0,864.7,394.7,67.8,292.5,532.3,444.6,739.7,139.3,89.0,512.6,691.3,630.3,925.6,228.1,147.8,712.5,1029.0,896.6,1168.0,361.0,59.6,384.1,602.2,476.9,822.3,207.2,7.9,54.0,172.8,226.2,324.4,139.9,14.6,156.4,289.1,400.9,505.1,242.0,29.1,226.9,547.9,833.6,713.6,364.0,23.0,202.3,435.8,420.7,760.5,295.2
2025-11-08,20,11,official_closing,closing_displayed,https://www.boatrace.jp/owpc/pc/race/odds3t?hd=20251108&jcd=20&rno=11,10.1,82.3,68.3,82.0,158.2,287.9,10.3,85.1,46.9,100.1,175.1,292.6,21.5,116.9,63.3,87.1,200.9,286.8,30.7,174.5,66.4,105.2,289.4,381.0,10.8,204.0,167.1,183.2,286.0,614.7,8.9,238.1,198.8,297.2,686.0,834.5,16.5,351.1,262.4,274.3,622.1,811.0,17.3,467.9,352.9,375.2,1027.0,1095.0,16.6,208.0,122.6,191.9,351.8,490.3,16.7,279.8,206.2,300.3,720.4,882.0,25.5,386.9,187.4,274.8,660.7,636.5,34.2,474.9,197.2,291.9,988.2,936.7,43.9,322.2,212.4,139.5,347.5,376.0,43.8,543.2,339.7,243.5,538.6,622.1,55.0,587.1,312.7,292.6,634.4,548.4,90.8,933.6,390.8,193.1,480.9,461.9,59.5,542.7,202.6,165.0,591.9,832.1,45.5,793.0,391.1,282.1,1171.0,1232.0,66.8,729.6,311.8,296.2,917.2,1119.0,90.9,981.5,374.5,196.1,693.4,714.1
2025-11-08,20,12,official_closing,closing_displayed,https://www.boatrace.jp/owpc/pc/race/odds3t?hd=20251108&jcd=20&rno=12,17.4,38.3,50.7,63.5,437.8,53.9,15.1,35.6,27.6,48.0,513.0,59.8,62.3,111.8,88.2,102.9,564.5,63.5,60.2,105.8,93.7,104.0,714.8,169.4,15.2,73.3,82.4,118.6,788.1,68.5,9.9,84.9,68.0,127.6,1088.0,82.8,40.6,230.4,186.6,315.4,1360.0,86.0,43.1,207.1,198.5,247.2,1422.0,225.4,16.0,79.8,46.4,73.7,816.5,94.9,13.5,98.0,61.3,99.8,1098.0,104.8,40.7,278.3,107.0,161.8,1128.0,104.1,40.1,202.3,100.2,144.1,1526.0,270.4,151.2,422.4,262.2,196.2,716.8,109.6,123.5,579.4,319.5,344.0,1151.0,127.7,123.3,672.4,238.6,264.9,979.1,130.1,214.9,863.7,485.9,291.5,830.2,244.6,77.3,180.3,191.7,173.9,1026.0,371.6,70.4,235.8,250.6,245.3,1324.0,433.7,77.6,228.3,185.7,217.1,1263.0,445.9,186.2,622.2,469.5,340.3,1001.0,423.1
2025-11-08,22,1,official_closing,closing_displayed,https://www.boatrace.jp/owpc/pc/race/odds3t?hd=20251108&jcd=22&rno=1,4.7,44.6,34.7,247.5,583.9,1202.0,15.5,100.6,73.9,309.2,425.0,707.5,21.3,123.2,52.7,434.2,891.0,1879.0,18.4,134.7,55.9,468.0,812.7,2269.0,4.8,100.1,81.8,426.5,871.6,1670.0,9.7,313.2,270.3,947.1,2187.0,2797.0,10.1,370.1,234.0,1415.0,2733.0,5012.0,11.2,374.7,253.2,1074.0,2797.0,5229.0,37.5,428.0,205.9,534.6,643.2,1093.0,34.9,791.3,365.6,1103.0,2358.0,2559.0,69.4,791.3,375.9,1307.0,2148.0,5012.0,61.6,925.2,365.6,932.4,1307.0,4009.0,57.7,537.0,219.9,878.0,1603.0,2454.0,45.2,1036.0,492.9,1382.0,3436.0,3880.0,118.7,1190.0,551.7,1582.0,2673.0,5012.0,95.7,1582.0,383.0,1156.0,1215.0,3341.0,63.4,707.5,275.8,818.2,2187.0,4296.0,52.1,1167.0,604.4,1625.0,4626.0,7075.0,147.4,1971.0,871.6,1562.0,2673.0,5728.0,153.6,1971.0,653.7,1625.0,2269.0,3645.0
2025-11-08,22,2,official_closing,closing_displayed,https://www.boatrace.jp/owpc/pc/race/odds3t?hd=20251108&jcd=22&rno=2,13.7,41.6,65.3,36.9,111.5,2304.0,10.1,33.3,52.1,63.5,183.6,2417.0,16.8,47.2,77.0,27.4,74.4,1820.0,92.1,275.1,267.1,89.7,261.4,2542.0,18.6,111.2,104.8,66.6,181.1,2168.0,15.1,151.5,125.1,150.0,393.2,2681.0,28.3,178.9,177.8,69.4,204.2,2340.0,113.7,480.3,471.1,234.8,542.1,3277.0,12.4,89.6,80.8,116.2,329.1,2782.0,19.2,161.8,116.4,184.1,567.1,3277.0,16.1,122.4,109.8,129.4,415.4,2340.0,89.3,397.4,300.9,368.6,1003.0,3511.0,37.8,171.0,176.6,31.7,62.6,2106.0,50.0,314.4,253.3,49.9,117.5,2542.0,32.5,210.0,205.6,97.2,205.3,2201.0,150.1,641.1,480.3,82.2,188.3,1714.0,339.7,899.2,792.8,232.9,606.8,3137.0,315.1,1024.0,1010.0,311.1,752.3,4213.0,312.4,945.3,828.4,515.6,1100.0,3686.0,355.3,1017.0,842.6,242.9,580.5,1890.0
2025-11-08,22,3,official_closing,closing_displayed,https://www.boatrace.jp/owpc/pc/race/odds3t?hd=20251108&jcd=22&rno=3,14.0,26.7,16.2,860.9,163.4,892.8,98.9,141.8,59.5,363.8,90.0,463.5,38.9,57.7,20.8,853.3,521.2,2051.0,112.7,114.1,47.8,994.0,225.2,1147.0,12.3,26.4,17.7,974.0,185.0,1083.0,62.9,85.6,58.6,494.5,75.1,417.4,20.7,18.8,12.2,974.0,324.6,2410.0,57.7,44.9,33.0,1015.0,172.5,719.6,229.5,401.7,134.4,378.1,85.1,470.3,195.1,235.1,120.6,457.0,58.4,362.5,321.4,353.2,113.0,606.4,212.8,954.7,438.3,372.3,146.9,688.7,105.5,329.1,68.8,85.2,26.3,838.5,1015.0,2096.0,57.8,41.6,16.8,1004.0,465.8,1147.0,281.1,237.5,74.6,679.0,489.4,1175.0,174.0,114.9,32.9,838.5,614.1,2191.0,204.2,279.5,117.1,1036.0,345.6,1071.0,210.0,146.1,86.8,1662.0,247.8,783.9,679.0,518.4,211.9,1108.0,175.0,350.6,325.7,235.1,76.5,796.9,614.1,1854.0
2025-11-08,22,4,official_closing,closing_displayed,https://www.boatrace.jp/owpc/pc/race/odds3t?hd=20251108&jcd=22&rno=4,40.5,100.9,124.4,52.4,157.5,2733.0,35.5,73.0,47.5,34.9,101.8,3802.0,51.6,97.9,63.2,21.2,65.6,2034.0,403.0,488.6,543.2,155.9,362.9,2186.0,41.6,159.6,188.4,74.4,223.1,3015.0,19.5,76.9,77.8,58.5,182.5,3123.0,35.2,126.0,117.5,44.6,118.1,1901.0,523.7,667.6,564.2,254.9,728.8,2915.0,36.1,81.1,44.1,40.4,146.9,3498.0,21.7,68.8,58.0,62.1,205.3,2915.0,17.7,55.4,27.4,22.1,72.2,1198.0,223.6,339.0,228.9,187.2,412.5,1943.0,91.1,179.9,92.1,13.4,49.7,1784.0,57.3,169.5,141.0,27.6,72.6,1714.0,41.5,99.7,47.4,14.2,46.8,1093.0,488.6,586.9,311.2,56.9,144.5,624.7,961.1,1366.0,1388.0,306.8,930.4,3015.0,1005.0,1650.0,1231.0,443.9,1166.0,3015.0,638.4,1267.0,857.4,376.9,1017.0,2034.0,1107.0,1366.0,767.2,249.8,505.5,920.6
2025-11-08,22,5,official_closing,closing_displayed,https://www.boatrace.jp/owpc/pc/race/odds3t?hd=20251108&jcd=22&rno=5,11.2,46.8,16.2,229.3,1022.0,282.5,38.8,132.8,16.7,113.9,495.2,138.0,170.9,412.3,81.7,478.0,941.9,500.4,43.9,137.2,12.9,198.9,1264.0,1186.0,6.1,65.7,40.3,381.2,951.2,511.0,8.9,167.3,88.7,393.7,980.4,335.9,55.8,415.9,310.9,1117.0,2234.0,960.8,8.4,132.5,60.2,525.0,2135.0,2183.0,54.0,278.4,36.7,127.5,585.8,151.0,24.7,294.7,65.5,276.0,1033.0,267.6,173.1,706.4,161.7,455.3,1033.0,266.1,55.8,341.9,45.6,182.3,865.5,1033.0,316.0,960.8,226.0,649.1,960.8,744.8,175.0,1000.0,408.8,951.2,1575.0,814.2,334.7,1455.0,341.9,676.6,1104.0,444.8,408.8,1575.0,242.6,658.0,1264.0,2343.0,73.3,366.7,37.9,348.1,1601.0,1746.0,32.4,315.0,72.0,571.9,2044.0,2088.0,99.8,640.5,71.9,309.9,1130.0,1353.0,376.7,1478.0,221.8,756.5,2234.0,2825.0
2025-11-08,22,6,official_closing,closing_displayed,https://www.boatrace.jp/owpc/pc/race/odds3t?hd=20251108&jcd=22&rno=6,11.1,55.3,39.5,367.9,122.2,382.3,59.1,129.1,78.7,327.5,65.8,249.3,17.6,79.8,20.2,393.0,376.4,901.4,43.8,121.6,43.1,542.8,95.7,279.1,11.0,83.9,75.8,399.4,218.8,564.6,29.9,196.5,148.8,359.9,179.2,394.5,8.6,79.1,55.1,629.8,625.8,1213.0,22.6,117.6,93.4,561.4,201.3,514.4,112.0,362.5,176.0,531.1,71.7,308.0,66.5,312.9,180.9,419.8,123.5,407.6,87.2,416.3,116.5,304.1,224.8,650.6,165.6,491.2,155.2,479.2,71.5,195.3,31.6,166.2,31.1,401.0,588.3,1488.0,18.3,148.6,48.3,531.1,738.7,1327.0,67.6,391.4,88.5,316.9,327.5,963.2,50.0,190.0,30.1,283.1,365.2,1012.0,95.6,389.9,99.3,805.3,137.4,301.3,69.9,297.7,155.4,935.7,218.8,476.9,255.8,629.8,220.7,761.6,110.3,213.1,93.6,338.8,67.3,555.1,376.4,812.0
2025-11-08,22,7,official_closing,closing_displayed,https://www.boatrace.jp/owpc/pc/race/odds3t?hd=20251108&jcd=22&rno=7,90.7,121.1,155.5,55.2,324.9,1315.0,54.3,73.7,82.7,61.9,381.7,1582.0,120.6,137.3,163.2,39.5,173.5,1186.0,302.4,178.9,413.5,82.4,359.1,1605.0,91.9,131.8,155.9,52.3,352.2,1605.0,53.4,31.2,35.4,24.5,197.4,1985.0,119.5,64.3,79.8,15.7,121.5,859.7,320.1,174.4,274.3,60.1,360.3,1417.0,45.9,58.5,72.0,67.2,384.4,1705.0,49.5,26.6,33.0,33.0,239.4,1915.0,44.7,23.9,32.8,27.5,156.1,880.5,109.8,92.9,116.7,84.4,438.4,1284.0,160.5,221.4,194.2,24.0,103.6,1030.0,192.5,128.4,123.5,12.0,77.4,742.7,100.4,49.4,69.4,22.6,103.4,992.5,285.8,249.2,264.3,15.9,83.3,314.6,774.3,887.6,925.2,126.9,487.4,2060.0,839.8,846.3,846.3,96.2,464.6,1537.0,412.0,407.4,498.5,144.2,540.5,1559.0,657.7,596.6,634.7,58.5,187.9,348.8
2025-11-08,22,8,official_closing,closing_displayed,https://www.boatrace.jp/owpc/pc/race/odds3t?hd=20251108&jcd=22&rno=8,11.3,31.5,120.2,70.6,37.7,1137.0,9.8,23.9,223.9,271.9,99.0,2827.0,5.6,16.3,139.4,68.4,79.0,1867.0,83.9,135.0,592.6,274.9,191.4,1767.0,22.4,91.7,143.0,102.1,59.1,1940.0,45.8,184.6,271.9,422.9,193.3,2675.0,34.2,130.5,199.1,107.2,124.8,2827.0,237.3,346.0,630.4,402.3,275.7,1622.0,20.2,69.6,359.9,559.1,228.0,3192.0,61.9,207.4,276.4,499.8,278.0,2537.0,29.3,81.7,379.2,596.2,523.6,5209.0,214.2,424.7,1112.0,1252.0,722.4,3192.0,10.5,38.4,191.4,64.7,96.3,2062.0,36.6,121.5,257.0,76.1,107.1,3299.0,28.4,80.5,403.9,248.0,288.5,5209.0,134.4,285.2,599.8,151.8,198.7,1832.0,257.7,755.5,1706.0,761.3,562.3,1799.0,454.0,883.7,1009.0,951.6,540.8,1706.0,388.1,916.4,1268.0,1832.0,970.3,2999.0,356.0,853.2,1268.0,634.4,626.4,1677.0
2025-11-08,22,9,official_closing,closing_displayed,https://www.boatrace.jp/owpc/pc/race/odds3t?hd=20251108&jcd=22&rno=9,24.8,83.6,181.5,59.7,77.9,345.2,10.4,36.2,183.2,193.1,190.8,767.8,9.4,37.9,174.5,50.4,78.8,310.0,20.9,64.1,274.6,73.1,78.3,261.7,43.1,179.1,238.5,112.5,123.2,559.8,41.9,216.4,251.5,385.7,383.9,1355.0,38.7,185.9,295.8,135.5,209.4,719.8,60.0,278.0,406.1,192.8,201.8,822.6,15.3,83.6,311.2,459.3,449.1,1289.0,49.4,235.3,325.7,528.6,552.2,1493.0,14.6,94.0,279.4,446.6,610.7,1679.0,27.8,135.9,419.9,573.8,556.0,1596.0,19.0,94.6,326.4,64.9,106.0,395.2,43.3,236.0,380.2,123.8,188.3,644.9,20.8,121.6,400.1,323.1,530.4,1733.0,27.5,142.3,368.9,65.3,106.2,325.0,60.3,237.1,586.3,152.6,149.4,368.1,92.5,539.2,881.1,261.3,258.8,794.3,61.2,316.7,723.0,590.6,582.1,1240.0,53.5,245.4,615.4,122.3,151.4,349.7
2025-11-08,22,10,official_closing,closing_displayed,https://www.boatrace.jp/owpc/pc/race/odds3t?hd=20251108&jcd=22&rno=10,4.9,9.0,39.4,182.4,215.4,576.8,14.3,27.1,76.2,221.4,309.5,568.5,14.6,24.9,79.2,282.2,509.7,1459.0,28.9,48.9,130.8,369.5,503.2,1244.0,9.3,22.0,46.1,239.3,294.1,762.9,20.5,74.1,81.2,375.4,434.7,1391.0,24.8,60.5,76.4,463.7,961.4,2004.0,38.4,95.4,119.0,482.6,788.3,1555.0,40.1,108.0,166.0,310.3,454.8,703.8,49.6,151.2,161.7,430.0,511.9,1907.0,82.8,261.6,227.4,716.6,1258.0,2318.0,102.9,252.6,295.6,622.3,1258.0,2463.0,54.3,107.1,195.4,407.7,758.0,2004.0,73.2,135.4,202.8,490.6,1285.0,3196.0,134.9,433.1,428.4,832.7,1359.0,2687.0,133.1,294.1,355.1,492.7,1075.0,2570.0,145.6,304.7,298.6,748.4,1002.0,1535.0,174.9,387.7,471.1,938.5,1343.0,1938.0,240.8,591.2,656.9,1219.0,1535.0,2231.0,244.3,565.8,520.9,961.4,1689.0,3284.0
2025-11-08,22,11,official_closing,closing_displayed,https://www.boatrace.jp/owpc/pc/race/odds3t?hd=20251108&jcd=22&rno=11,16.9,70.3,66.8,23.7,444.2,1913.0,12.0,49.4,31.9,20.4,389.5,1992.0,63.6,201.2,100.8,37.6,378.1,1651.0,99.6,300.0,132.9,60.4,583.7,2221.0,16.6,140.8,121.3,50.6,748.9,2415.0,8.5,117.1,84.9,65.6,1022.0,2721.0,45.2,405.9,242.7,106.9,818.7,2273.0,72.1,515.2,342.6,140.9,1215.0,3019.0,10.6,78.2,35.7,32.1,486.7,1894.0,9.0,103.2,59.0,59.9,882.3,2683.0,30.9,224.4,79.0,81.5,641.9,1610.0,46.8,285.0,99.0,92.2,966.1,2415.0,136.1,550.5,222.6,56.5,329.7,1545.0,119.5,695.0,366.6,91.6,480.6,1894.0,119.4,652.8,241.2,93.7,533.8,1533.0,278.0,1238.0,442.1,99.8,501.9,1695.0,333.7,898.7,443.2,123.6,1123.0,2195.0,301.4,1370.0,731.9,197.3,1370.0,3331.0,261.8,836.5,370.1,175.6,1452.0,2477.0,460.0,1932.0,641.9,167.7,1116.0,2034.0
2025-11-08,22,12,official_closing,closing_displayed,https://www.boatrace.jp/owpc/pc/race/odds3t?hd=20251108&jcd=22&rno=12,10.8,86.8,36.0,509.9,85.4,948.3,38.4,179.3,41.4,385.0,56.9,757.8,15.3,102.6,19.7,391.3,232.9,1867.0,51.3,238.9,53.2,570.8,92.4,453.7,7.5,149.3,87.2,728.6,188.0,1337.0,14.0,340.1,164.2,926.3,274.2,1906.0,6.7,195.5,99.4,1227.0,647.0,3117.0,22.6,440.9,211.2,1405.0,358.8,1347.0,61.0,507.0,103.0,453.2,91.2,974.1,43.2,615.9,166.3,700.1,189.6,1748.0,66.8,769.2,118.7,483.7,353.1,2254.0,117.0,1083.0,202.5,733.1,206.6,1116.0,20.7,213.0,42.0,507.7,587.6,2778.0,13.3,282.7,89.0,984.8,1060.0,3172.0,66.8,656.5,116.6,648.2,685.4,2778.0,33.7,464.9,88.9,640.1,761.1,3480.0,126.2,624.5,209.7,1249.0,176.5,443.1,93.0,945.8,374.5,1847.0,293.6,849.4,209.5,1400.0,391.3,1481.0,275.9,859.6,94.8,796.6,228.0,1253.0,561.0,1774.0
