date,jcd,rno,source_type,snapshot_type,source_url,1-2-3,1-2-4,1-2-5,1-2-6,1-3-2,1-3-4,1-3-5,1-3-6,1-4-2,1-4-3,1-4-5,1-4-6,1-5-2,1-5-3,1-5-4,1-5-6,1-6-2,1-6-3,1-6-4,1-6-5,2-1-3,2-1-4,2-1-5,2-1-6,2-3-1,2-3-4,2-3-5,2-3-6,2-4-1,2-4-3,2-4-5,2-4-6,2-5-1,2-5-3,2-5-4,2-5-6,2-6-1,2-6-3,2-6-4,2-6-5,3-1-2,3-1-4,3-1-5,3-1-6,3-2-1,3-2-4,3-2-5,3-2-6,3-4-1,3-4-2,3-4-5,3-4-6,3-5-1,3-5-2,3-5-4,3-5-6,3-6-1,3-6-2,3-6-4,3-6-5,4-1-2,4-1-3,4-1-5,4-1-6,4-2-1,4-2-3,4-2-5,4-2-6,4-3-1,4-3-2,4-3-5,4-3-6,4-5-1,4-5-2,4-5-3,4-5-6,4-6-1,4-6-2,4-6-3,4-6-5,5-1-2,5-1-3,5-1-4,5-1-6,5-2-1,5-2-3,5-2-4,5-2-6,5-3-1,5-3-2,5-3-4,5-3-6,5-4-1,5-4-2,5-4-3,5-4-6,5-6-1,5-6-2,5-6-3,5-6-4,6-1-2,6-1-3,6-1-4,6-1-5,6-2-1,6-2-3,6-2-4,6-2-5,6-3-1,6-3-2,6-3-4,6-3-5,6-4-1,6-4-2,6-4-3,6-4-5,6-5-1,6-5-2,6-5-3,6-5-4
2026-04-22,01,1,official_closing,closing_displayed,https://www.boatrace.jp/owpc/pc/race/odds3t?hd=20260422&jcd=01&rno=1,39.6,48.4,153.5,38.5,432.3,54.4,29.6,36.4,203.2,113.0,818.9,158.7,121.6,127.6,401.7,74.6,363.9,71.2,22.2,25.8,139.5,24.7,321.9,184.7,59.7,94.8,143.6,41.6,573.5,47.5,91.4,105.7,163.7,115.1,826.8,84.9,221.7,221.5,337.2,87.4,525.7,49.0,61.7,61.4,98.5,24.5,429.0,161.7,44.3,50.6,243.6,188.8,1199.0,245.7,90.2,105.7,211.8,190.7,1026.0,137.2,164.8,172.0,525.7,316.0,1341.0,211.5,44.6,34.1,201.1,99.8,1071.0,333.3,275.1,330.7,709.7,74.3,227.1,58.1,385.3,411.4,635.5,92.1,328.1,46.5,330.7,349.0,692.4,219.2,860.2,135.2,221.7,204.7,530.6,38.5,168.1,84.9,36.0,33.8,229.2,18.5,367.0,269.5,88.1,59.7,132.3,18.8,391.5,230.4,57.3,36.7,205.9,59.5,811.1,376.8,167.4,118.0,385.3,29.8,237.2,185.7
2026-04-22,01,2,official_closing,closing_displayed,https://www.boatrace.jp/owpc/pc/race/odds3t?hd=20260422&jcd=01&rno=2,30.4,54.5,194.4,61.7,316.7,70.2,20.7,33.7,179.0,162.7,517.0,107.6,63.7,93.5,298.4,86.1,331.6,89.6,17.9,27.7,125.1,49.8,287.6,159.8,53.1,103.3,176.6,63.6,348.0,80.3,59.8,65.7,106.2,117.2,632.3,105.5,135.8,137.5,166.1,93.3,388.0,70.3,36.4,55.6,94.1,34.9,227.1,124.4,33.0,58.0,282.6,235.6,861.6,206.3,67.3,81.5,179.7,181.2,833.0,159.2,109.3,124.4,278.5,173.1,920.3,113.7,36.1,37.3,125.9,82.6,678.6,205.5,146.4,253.2,563.4,99.2,285.3,78.3,218.9,244.4,361.6,98.5,275.0,52.5,183.4,241.4,448.4,179.0,670.9,78.9,145.9,142.9,357.2,62.2,175.9,72.3,29.2,51.0,191.6,58.0,352.9,275.9,42.2,59.5,146.8,36.4,281.2,177.5,35.2,51.6,111.8,63.6,608.2,272.9,103.8,109.7,212.0,58.7,252.9,152.1
2026-04-22,01,3,official_closing,closing_displayed,https://www.boatrace.jp/owpc/pc/race/odds3t?hd=20260422&jcd=01&rno=3,21.9,51.0,23.9,170.2,374.4,100.6,61.4,92.7,28.8,115.2,267.7,72.1,72.7,167.6,46.4,195.6,374.4,139.3,27.0,44.9,15.0,80.8,234.3,182.2,17.3,80.1,56.2,329.9,486.3,164.3,27.2,184.1,98.6,301.4,519.4,127.5,35.6,246.1,115.2,435.9,797.8,340.0,14.5,83.5,38.2,254.8,462.4,299.2,108.5,249.6,53.7,133.4,341.9,67.8,62.9,297.7,94.8,225.6,475.0,91.8,146.7,557.4,97.0,196.2,510.7,102.4,45.2,217.2,36.5,90.0,377.9,164.3,120.3,357.9,95.0,222.7,405.5,183.2,87.1,443.9,144.8,395.0,777.5,339.1,217.2,598.4,155.3,274.3,521.6,146.0,109.1,416.6,88.9,177.6,382.6,312.2,53.7,176.1,23.1,124.8,367.7,268.3,31.7,126.2,37.9,205.5,482.5,347.7,70.6,304.4,36.9,110.6,387.5,387.5,100.3,426.8,71.5,164.5,498.2,422.4
2026-04-22,01,4,official_closing,closing_displayed,https://www.boatrace.jp/owpc/pc/race/odds3t?hd=20260422&jcd=01&rno=4,326.5,492.4,384.2,162.3,564.1,1523.0,454.7,393.5,461.8,247.6,641.2,2377.0,521.2,495.2,546.8,112.1,261.4,1620.0,758.6,771.7,810.3,212.9,612.6,2049.0,444.5,385.0,357.2,123.3,512.2,1896.0,455.9,82.2,104.3,44.2,167.2,795.8,527.4,113.1,144.2,12.0,51.1,410.7,933.4,238.3,319.4,31.6,108.1,562.3,334.4,205.3,233.0,186.4,529.0,2660.0,337.0,50.5,73.0,57.2,226.8,1371.0,221.4,21.6,37.3,20.7,93.6,571.4,406.1,56.7,98.6,62.9,242.8,713.1,704.6,342.8,461.8,53.8,122.9,483.1,677.8,103.9,167.5,7.6,27.2,222.2,415.5,39.6,70.2,12.0,49.4,411.7,672.7,112.9,168.6,5.9,22.2,148.0,853.0,869.6,1150.0,168.9,264.5,586.4,1360.0,347.5,614.7,47.0,122.7,369.8,909.5,174.4,284.3,77.9,209.7,632.1,1157.0,239.6,359.4,22.2,71.1,182.4
2026-04-22,01,5,official_closing,closing_displayed,https://www.boatrace.jp/owpc/pc/race/odds3t?hd=20260422&jcd=01&rno=5,71.5,68.4,207.0,278.2,45.0,128.9,133.1,122.2,342.2,358.8,72.4,251.8,31.8,34.3,155.3,201.6,91.9,291.2,72.4,75.3,354.5,323.0,79.5,119.8,115.7,62.3,157.2,268.8,33.0,131.0,301.3,79.3,176.6,258.8,18.9,118.5,115.1,24.7,52.1,146.4,35.7,174.5,211.7,80.6,222.6,335.0,28.6,47.3,240.4,152.9,292.4,429.5,71.1,409.1,325.0,121.0,254.9,329.1,31.7,242.4,207.6,69.2,158.7,240.4,50.1,384.1,331.8,192.2,445.2,529.5,64.3,211.7,40.8,27.3,128.4,190.8,98.7,593.2,82.0,15.1,62.0,147.7,61.2,441.4,120.2,32.0,127.3,194.0,67.9,576.7,69.8,23.9,167.7,247.9,98.5,361.9,76.7,92.5,384.1,511.2,81.7,121.6,141.4,100.0,284.8,417.4,41.9,51.9,191.3,138.7,446.2,567.2,79.6,111.4,75.9,41.6,221.4,352.7,105.0,157.9
2026-04-22,01,6,official_closing,closing_displayed,https://www.boatrace.jp/owpc/pc/race/odds3t?hd=20260422&jcd=01&rno=6,7.2,117.4,249.7,80.4,42.2,1236.0,11.0,138.5,328.2,171.8,85.5,2268.0,6.7,110.4,263.8,42.0,45.4,1611.0,61.6,472.4,815.0,130.8,107.9,1224.0,12.8,375.7,489.2,169.8,121.1,1720.0,23.9,781.1,1032.0,633.8,343.4,4566.0,17.8,546.3,677.1,186.4,223.8,4240.0,130.3,1477.0,2406.0,446.3,380.1,2739.0,15.7,293.6,491.9,460.7,356.5,4094.0,29.1,856.2,947.3,856.2,510.3,5653.0,14.3,500.2,664.5,675.8,660.8,4625.0,80.4,1413.0,1729.0,1535.0,957.5,5316.0,10.1,224.8,527.6,46.4,69.4,1729.0,19.7,560.9,788.0,112.5,162.8,3957.0,17.3,572.6,879.4,287.9,384.2,3830.0,59.4,910.9,2023.0,119.8,157.6,1047.0,209.0,1817.0,2328.0,360.8,287.4,1290.0,352.3,3152.0,3561.0,854.1,688.9,3180.0,265.4,2993.0,2782.0,1436.0,1224.0,5162.0,221.5,2406.0,2739.0,390.5,456.0,1145.0
2026-04-22,01,7,official_closing,closing_displayed,https://www.boatrace.jp/owpc/pc/race/odds3t?hd=20260422&jcd=01&rno=7,23.2,84.9,8.7,1517.0,168.4,813.6,279.4,914.1,77.0,1050.0,82.1,326.6,78.8,265.9,5.9,900.5,515.2,1398.0,153.2,549.8,12.5,1228.0,197.0,592.7,8.8,88.0,25.1,1495.0,265.9,1367.0,81.6,872.1,366.5,1920.0,239.3,1128.0,6.9,172.0,39.5,1385.0,1140.0,2248.0,16.6,339.8,72.7,1828.0,629.6,1676.0,637.6,1325.0,237.2,982.1,77.1,290.1,439.8,1495.0,464.7,1817.0,154.7,667.0,543.9,1686.0,235.2,1695.0,602.1,1042.0,742.0,2064.0,235.0,1502.0,145.0,368.3,87.5,433.5,14.6,985.3,979.0,2427.0,34.6,377.0,35.2,1614.0,1695.0,2616.0,331.3,1445.0,97.4,1705.0,1360.0,1785.0,119.0,845.4,24.7,1431.0,1158.0,1983.0,244.5,1259.0,37.2,2122.0,285.2,664.1,105.7,1025.0,82.5,1873.0,605.7,1248.0,566.2,2264.0,150.3,1933.0,236.9,488.7,217.4,1337.0,38.2,1983.0,774.2,1589.0
2026-04-22,01,8,official_closing,closing_displayed,https://www.boatrace.jp/owpc/pc/race/odds3t?hd=20260422&jcd=01&rno=8,35.0,74.0,155.6,228.4,14.3,1166.0,71.6,135.5,361.0,433.6,24.6,1749.0,15.6,25.0,82.8,107.1,34.4,1828.0,208.5,70.9,557.4,392.9,37.3,774.0,52.6,117.3,180.2,261.8,24.7,1392.0,108.4,166.7,307.3,472.9,40.4,1899.0,29.1,36.9,91.1,144.8,55.0,1952.0,294.4,306.8,513.0,539.6,57.0,873.4,128.0,261.3,475.7,642.1,42.7,2268.0,188.6,269.9,431.3,644.7,50.3,2525.0,59.6,124.3,178.5,311.1,78.5,2413.0,359.7,629.8,745.8,1027.0,84.5,1531.0,11.7,25.6,77.9,57.5,35.2,2565.0,20.2,35.3,80.1,67.9,40.5,2322.0,34.5,80.8,134.2,115.9,65.1,2799.0,55.1,57.0,219.8,82.4,44.3,1306.0,452.8,115.0,1150.0,669.3,73.5,682.4,639.6,737.9,1215.0,677.7,88.4,818.0,625.7,1096.0,1289.0,1044.0,144.1,1150.0,268.0,102.2,545.6,354.5,115.9,1022.0
2026-04-22,01,9,official_closing,closing_displayed,https://www.boatrace.jp/owpc/pc/race/odds3t?hd=20260422&jcd=01&rno=9,18.7,31.5,176.6,115.7,20.8,1268.0,13.5,20.7,299.2,294.1,76.7,1812.0,8.6,10.9,178.0,146.4,59.8,2515.0,227.1,200.4,925.0,651.7,145.6,1250.0,43.7,90.2,211.0,114.8,19.4,1634.0,74.2,112.7,249.7,235.2,47.0,2501.0,56.8,66.5,157.0,87.0,33.9,2407.0,605.0,638.6,1133.0,571.8,88.7,1200.0,26.6,51.6,489.3,528.6,134.0,3130.0,69.5,99.6,347.6,401.1,90.1,3731.0,43.8,34.4,348.1,404.4,200.9,3794.0,390.3,329.6,1857.0,1946.0,413.4,3794.0,15.3,15.5,188.7,136.7,94.1,3244.0,48.7,40.5,142.9,102.4,60.2,2798.0,39.9,28.9,295.9,302.9,183.3,4145.0,254.8,120.3,751.2,417.6,247.4,2433.0,562.4,699.5,2035.0,1790.0,239.2,1340.0,1029.0,1203.0,2284.0,1399.0,191.4,1316.0,814.0,893.6,2798.0,2649.0,523.6,2665.0,796.6,520.0,2007.0,1576.0,385.6,2173.0
2026-04-22,01,10,official_closing,closing_displayed,https://www.boatrace.jp/owpc/pc/race/odds3t?hd=20260422&jcd=01&rno=10,56.6,175.1,66.3,224.5,112.4,302.2,100.6,228.8,34.8,159.1,49.1,101.0,68.8,176.1,17.2,102.9,72.8,143.3,98.7,274.9,28.6,109.2,64.5,123.1,40.7,263.6,160.2,368.3,227.3,514.6,23.7,468.7,228.4,538.5,263.9,673.1,11.7,298.0,142.8,391.6,300.1,701.9,21.5,579.3,194.0,387.3,310.5,619.9,116.8,494.5,76.3,210.4,61.5,140.7,55.0,763.5,209.6,471.9,175.4,561.8,55.5,624.8,58.5,148.6,92.8,170.8,51.3,798.5,64.4,150.3,74.5,132.8,70.0,345.3,30.8,95.6,78.7,191.2,21.2,384.6,88.4,214.0,170.7,510.4,45.8,528.8,48.0,128.4,99.0,197.9,36.1,583.6,33.9,61.8,50.2,116.7,118.4,661.9,75.4,120.6,86.2,153.3,47.8,995.2,210.0,269.3,220.6,462.9,66.0,954.3,84.6,142.4,86.8,142.9,54.2,847.0,56.1,76.4,66.0,123.0
2026-04-22,01,11,official_closing,closing_displayed,https://www.boatrace.jp/owpc/pc/race/odds3t?hd=20260422&jcd=01&rno=11,7.2,42.9,430.0,100.3,66.1,495.7,5.8,26.3,787.7,470.7,259.4,1850.0,4.2,18.6,498.3,99.6,116.7,1468.0,10.6,37.9,945.3,225.7,123.2,768.7,46.6,295.2,633.1,137.4,102.2,732.1,111.1,677.1,1333.0,732.1,500.3,3225.0,82.2,432.8,904.1,176.4,251.5,2512.0,169.0,879.1,1768.0,364.9,249.9,1300.0,23.6,102.4,1170.0,1000.0,678.0,4045.0,117.2,582.8,1980.0,1549.0,968.3,2983.0,41.3,196.7,1601.0,1276.0,1279.0,3849.0,83.2,406.9,2150.0,1692.0,1496.0,3247.0,14.8,74.2,907.5,102.8,157.9,2199.0,86.9,390.6,1290.0,139.6,212.9,2499.0,47.8,220.1,2005.0,608.9,813.2,4011.0,40.5,212.9,2411.0,180.4,251.6,2199.0,53.3,218.3,1989.0,452.9,296.3,952.8,276.2,1120.0,3060.0,530.4,365.5,1262.0,170.9,694.8,2666.0,1408.0,1082.0,3672.0,93.5,399.1,2791.0,388.7,453.3,2169.0
2026-04-22,01,12,official_closing,closing_displayed,https://www.boatrace.jp/owpc/pc/race/odds3t?hd=20260422&jcd=01&rno=12,11.5,193.9,104.8,379.4,95.8,303.5,31.7,291.5,74.3,408.6,94.8,232.1,10.2,130.9,38.0,260.0,231.6,497.8,22.8,269.7,57.6,364.0,90.1,205.3,12.4,411.4,320.1,744.3,207.4,609.8,17.1,931.2,689.9,1392.0,507.0,1002.0,6.9,598.4,382.5,942.9,773.8,1288.0,13.1,883.6,609.2,1085.0,429.5,947.3,54.7,654.1,215.6,584.5,184.1,412.0,36.6,1142.0,661.2,1367.0,560.1,1049.0,39.1,968.5,276.4,879.7,767.0,1020.0,48.5,1129.0,368.5,921.3,422.6,795.2,16.6,260.8,93.6,378.7,420.0,1146.0,13.3,703.6,316.1,805.8,834.8,1557.0,39.9,968.5,299.2,869.6,766.0,1379.0,16.3,563.2,185.4,516.1,539.1,1098.0,49.3,654.1,177.5,761.2,172.8,304.1,36.5,1113.0,648.5,1140.0,425.0,777.8,72.2,1305.0,543.0,1157.0,426.5,813.4,30.9,908.8,273.4,779.8,561.1,937.0
2026-04-22,05,1,official_closing,closing_displayed,https://www.boatrace.jp/owpc/pc/race/odds3t?hd=20260422&jcd=05&rno=1,37.2,176.9,120.5,29.4,187.8,692.5,62.3,265.3,48.2,18.2,84.9,568.0,78.9,193.6,44.5,19.4,90.7,632.3,163.4,333.5,149.7,40.8,165.2,472.1,56.2,256.0,221.3,47.2,321.0,865.6,30.6,302.9,205.4,54.5,287.9,1163.0,30.2,241.1,166.3,57.0,307.4,1038.0,104.0,466.1,349.5,91.9,406.2,781.8,78.3,321.0,51.1,22.5,92.0,682.7,42.9,283.4,123.1,47.1,194.1,1024.0,54.7,290.8,32.0,17.4,60.9,598.4,140.7,458.7,100.5,54.0,143.4,532.7,95.9,307.4,55.3,23.0,71.0,439.3,55.3,304.2,122.8,46.8,145.7,624.1,80.7,393.0,38.4,21.8,53.5,499.7,122.6,483.1,88.6,35.1,91.2,308.7,302.9,616.2,306.8,56.1,237.6,534.6,249.8,817.0,455.8,97.6,403.9,790.3,316.1,845.5,184.0,64.2,207.4,521.2,205.7,626.8,175.4,44.3,152.6,365.4
2026-04-22,05,2,official_closing,closing_displayed,https://www.boatrace.jp/owpc/pc/race/odds3t?hd=20260422&jcd=05&rno=2,61.6,377.9,324.0,61.1,162.5,1593.0,40.7,271.6,134.4,37.9,84.0,1736.0,52.0,383.5,123.5,10.1,30.8,1010.0,193.4,1023.0,489.1,39.2,87.4,1188.0,65.5,525.7,500.2,165.4,291.6,2760.0,18.9,672.0,570.3,354.5,529.3,1044.0,22.1,666.2,450.6,157.0,350.4,1956.0,154.5,1818.0,1288.0,288.3,490.6,2088.0,30.5,366.2,175.2,112.4,186.4,2492.0,15.8,712.2,475.5,369.7,542.3,3594.0,7.3,471.2,151.0,89.8,168.7,2760.0,48.5,1367.0,532.9,247.3,391.2,1065.0,49.5,613.3,184.4,10.5,26.7,954.0,26.0,858.6,513.4,62.5,141.6,1610.0,11.9,690.0,167.6,37.4,89.5,1884.0,64.3,1332.0,442.8,18.2,42.8,484.5,393.2,2007.0,990.7,112.6,213.4,1198.0,328.8,2810.0,1120.0,241.1,405.6,2117.0,231.0,2033.0,893.4,260.2,384.4,2146.0,252.5,2146.0,863.4,79.8,153.4,532.9
2026-04-22,05,3,official_closing,closing_displayed,https://www.boatrace.jp/owpc/pc/race/odds3t?hd=20260422&jcd=05&rno=3,13.9,35.6,190.3,132.1,192.1,68.7,14.0,25.4,291.8,385.8,403.6,236.2,21.7,37.7,324.2,240.6,345.8,225.1,7.9,14.7,204.1,110.0,157.7,265.2,35.4,101.5,235.4,155.8,217.1,71.2,57.2,120.0,260.8,382.7,466.9,180.9,77.5,141.4,388.0,235.0,440.4,119.8,33.0,66.9,201.2,103.7,165.9,143.8,30.6,75.7,413.1,625.3,729.5,437.7,74.4,180.9,375.5,628.1,657.6,419.3,66.7,112.7,819.1,946.4,1228.0,915.5,29.5,42.9,409.5,418.1,633.8,946.4,54.4,124.6,553.6,267.3,433.6,382.7,115.9,238.2,513.0,244.8,441.8,205.9,87.3,182.1,773.8,838.7,1138.0,927.6,50.6,71.9,518.7,155.9,254.6,402.5,20.7,31.1,311.2,163.8,215.1,429.6,51.8,74.7,281.2,123.6,178.4,245.3,46.7,45.1,453.3,513.0,630.9,805.0,54.1,59.1,518.7,179.5,294.8,419.3
2026-04-22,05,4,official_closing,closing_displayed,https://www.boatrace.jp/owpc/pc/race/odds3t?hd=20260422&jcd=05&rno=4,31.7,100.2,44.1,224.0,516.3,94.9,84.5,258.1,39.6,125.7,342.6,37.4,117.6,291.2,37.5,327.2,462.2,74.7,45.1,111.1,13.4,122.1,329.4,129.2,24.4,138.2,82.5,249.3,774.5,172.5,27.1,202.2,135.2,256.8,809.0,128.6,38.4,266.7,167.7,502.1,856.6,198.9,10.2,98.2,52.6,219.6,706.9,314.5,172.9,427.0,82.3,124.8,338.6,36.9,83.0,376.2,156.2,231.1,553.6,66.7,254.5,822.7,133.4,227.5,428.3,51.3,80.4,316.5,42.0,71.4,219.3,88.9,184.3,497.0,99.8,429.5,710.3,108.7,102.6,575.5,181.1,641.5,1011.0,182.9,216.6,770.4,158.2,370.5,633.1,76.7,109.7,433.3,66.0,200.8,380.2,151.2,45.2,178.8,17.6,109.6,312.4,190.3,18.0,127.7,35.3,177.1,450.8,375.3,44.7,234.1,28.7,72.3,222.3,160.3,83.6,332.4,41.1,152.9,255.9,188.6
2026-04-22,05,5,official_closing,closing_displayed,https://www.boatrace.jp/owpc/pc/race/odds3t?hd=20260422&jcd=05&rno=5,12.8,25.7,46.4,306.4,183.8,64.7,49.6,92.4,115.6,276.2,218.4,102.7,19.2,30.8,56.2,284.4,419.1,344.1,11.8,17.7,33.9,251.0,111.3,122.6,16.8,56.2,68.2,460.7,263.3,95.6,59.1,176.5,187.3,407.7,318.0,138.2,25.5,87.2,109.2,562.9,782.2,456.1,14.5,51.7,70.1,381.1,167.3,166.1,131.0,255.3,200.5,445.5,310.0,159.0,126.3,339.7,270.1,546.9,415.2,207.6,163.2,272.3,236.4,447.0,498.3,445.5,116.6,227.2,174.5,420.4,194.1,217.0,61.1,115.6,127.2,361.6,631.6,560.6,64.2,168.3,174.9,625.8,1067.0,546.9,198.1,355.9,221.2,467.1,751.6,682.9,45.3,74.4,74.9,233.1,492.8,546.9,29.0,50.2,79.7,390.0,140.0,161.3,33.8,75.9,103.8,373.7,143.4,167.7,124.8,234.0,207.6,400.4,202.6,170.3,49.9,83.1,97.8,303.0,328.1,352.2
2026-04-22,05,6,official_closing,closing_displayed,https://www.boatrace.jp/owpc/pc/race/odds3t?hd=20260422&jcd=05&rno=6,10.5,52.5,32.1,889.0,140.4,220.7,76.8,261.6,100.8,601.3,96.6,99.1,22.8,88.1,26.1,666.7,492.1,490.6,16.6,66.7,24.4,731.6,92.7,143.2,9.1,80.6,65.9,1302.0,268.4,356.3,48.7,374.9,311.4,1389.0,249.4,463.2,8.8,121.5,80.2,1489.0,1095.0,1252.0,8.7,108.2,79.1,1517.0,293.7,694.8,178.5,664.1,259.1,795.0,135.7,154.1,135.3,680.5,472.4,1476.0,237.5,374.9,229.3,1046.0,294.7,1291.0,787.4,574.1,127.4,918.6,242.8,1087.0,158.5,258.7,37.9,214.2,62.5,1132.0,1020.0,1102.0,22.6,225.5,95.8,1450.0,1413.0,1687.0,208.2,934.2,274.6,1653.0,1243.0,1080.0,35.6,269.7,63.7,1181.0,1002.0,1574.0,33.2,188.7,61.2,996.1,118.7,255.9,27.8,248.2,96.9,1590.0,245.7,504.1,124.1,1040.0,229.9,1463.0,159.0,272.4,52.4,352.5,74.7,1574.0,744.8,1020.0
2026-04-22,05,7,official_closing,closing_displayed,https://www.boatrace.jp/owpc/pc/race/odds3t?hd=20260422&jcd=05&rno=7,15.4,42.9,45.9,34.2,481.8,1920.0,11.8,30.5,21.5,25.9,301.2,2054.0,36.5,111.7,70.2,45.5,305.6,1369.0,192.8,491.4,288.3,154.3,960.4,2241.0,16.4,90.3,107.3,68.4,643.0,2207.0,7.9,85.8,86.6,78.7,735.8,3286.0,34.6,245.7,171.5,88.4,471.0,2347.0,161.3,1020.0,547.8,330.9,1286.0,2900.0,11.6,61.9,30.1,35.2,379.2,3361.0,9.6,87.3,51.8,58.9,754.6,3792.0,23.8,142.3,58.4,66.0,399.7,1972.0,109.1,697.7,221.7,246.1,1556.0,3215.0,98.8,388.2,169.6,82.4,326.5,1540.0,82.7,450.9,285.5,112.5,396.5,1826.0,64.6,298.2,155.0,98.2,353.0,2083.0,318.0,986.0,575.5,210.4,840.4,2275.0,589.2,1661.0,992.7,449.5,1369.0,2550.0,621.4,2083.0,1369.0,640.3,1848.0,2689.0,539.8,1625.0,645.9,624.1,1972.0,2958.0,728.6,1998.0,1120.0,520.8,1450.0,2207.0
2026-04-22,05,8,official_closing,closing_displayed,https://www.boatrace.jp/owpc/pc/race/odds3t?hd=20260422&jcd=05&rno=8,13.2,43.3,122.5,233.8,20.3,704.5,42.7,83.3,236.4,255.6,29.4,1004.0,8.6,21.7,68.8,125.1,74.5,1510.0,55.0,121.8,350.0,390.8,50.8,404.0,27.8,83.7,133.6,273.0,28.8,859.8,73.7,162.7,257.9,382.8,40.3,1164.0,19.2,48.0,75.6,186.7,93.8,1863.0,123.7,246.9,350.7,494.6,75.2,570.3,98.9,192.0,444.7,436.6,58.3,1596.0,120.6,235.8,460.6,630.3,65.0,1363.0,76.8,123.3,307.0,345.0,220.0,1863.0,238.1,450.7,851.1,916.2,158.0,1110.0,11.3,28.8,76.7,125.0,117.5,1693.0,16.0,39.7,80.7,142.5,123.2,1842.0,49.6,79.1,203.7,218.3,205.2,2095.0,44.3,83.1,208.5,175.5,157.5,851.1,223.2,426.6,859.8,794.6,107.2,379.3,289.0,584.2,806.1,670.6,111.6,429.9,437.7,817.9,1016.0,1132.0,189.0,896.6,155.3,270.0,574.2,416.0,193.8,722.7
2026-04-22,05,9,official_closing,closing_displayed,https://www.boatrace.jp/owpc/pc/race/odds3t?hd=20260422&jcd=05&rno=9,10.6,41.3,58.8,35.1,168.0,164.4,11.2,35.9,95.4,70.3,330.4,343.1,20.5,74.3,168.7,84.4,265.7,225.0,15.2,48.2,88.0,38.6,260.6,363.3,17.1,116.9,89.9,51.1,235.0,194.9,36.5,172.0,165.3,106.4,428.2,491.6,54.9,284.7,264.4,134.7,372.0,218.4,36.2,160.5,134.9,53.9,312.3,453.3,18.7,78.5,111.6,138.1,479.5,546.3,37.9,163.0,137.8,156.4,510.1,657.9,56.7,178.6,301.4,346.4,700.6,569.4,28.8,90.7,125.5,141.0,611.3,1129.0,38.1,161.5,307.8,175.0,417.4,206.1,73.0,382.6,416.6,191.1,439.5,177.0,70.5,241.4,425.6,468.1,787.6,393.8,80.2,205.1,460.1,164.8,449.6,442.2,55.4,130.7,188.8,55.5,455.3,586.4,98.3,249.7,210.7,57.7,448.6,611.3,68.2,132.3,201.3,117.8,759.9,1240.0,128.3,241.1,394.5,101.5,544.9,734.0
2026-04-22,05,10,official_closing,closing_displayed,https://www.boatrace.jp/owpc/pc/race/odds3t?hd=20260422&jcd=05&rno=10,5.3,34.6,74.8,124.9,263.0,576.6,6.3,40.9,85.0,160.2,358.9,1066.0,13.4,71.2,120.0,186.7,324.9,950.6,21.0,105.9,207.8,268.1,469.5,1163.0,9.7,89.3,115.6,213.1,409.4,711.2,12.1,151.9,208.9,432.4,666.7,1655.0,19.8,195.1,230.2,444.5,655.3,1333.0,30.8,331.6,324.9,399.2,711.2,1684.0,15.4,118.8,165.9,305.2,688.2,1401.0,25.3,208.7,291.3,564.7,1091.0,1761.0,32.4,230.2,290.9,583.6,1411.0,1846.0,43.2,300.0,383.2,631.6,1333.0,2341.0,40.2,231.0,336.8,317.4,523.2,1271.0,53.8,369.9,464.9,518.9,780.6,1280.0,64.3,421.1,446.5,688.2,1271.0,2182.0,85.6,453.9,650.9,486.1,884.9,1684.0,81.8,335.1,666.7,491.1,864.9,1381.0,128.1,698.2,960.1,605.7,1600.0,2630.0,126.0,594.5,756.0,868.9,2042.0,3310.0,164.6,790.2,1170.0,719.2,1488.0,2042.0
2026-04-22,05,11,official_closing,closing_displayed,https://www.boatrace.jp/owpc/pc/race/odds3t?hd=20260422&jcd=05&rno=11,5.3,71.4,76.2,115.0,261.9,953.4,9.4,92.7,63.7,108.6,250.1,870.1,19.0,186.2,107.5,131.2,281.0,493.0,39.8,235.2,163.3,141.8,322.0,1278.0,7.0,158.3,176.1,273.8,644.8,1313.0,7.5,261.2,367.0,512.2,941.0,1938.0,14.0,581.2,454.2,505.9,795.8,2579.0,27.6,737.0,696.1,506.8,1128.0,3073.0,17.1,258.1,164.0,225.3,534.0,1278.0,14.6,469.7,376.1,521.4,1024.0,1938.0,23.0,687.8,454.9,495.5,1301.0,1978.0,40.0,798.0,460.0,525.2,1301.0,3246.0,39.2,543.0,355.7,210.7,442.4,911.3,29.5,920.0,772.4,396.3,842.2,2534.0,46.2,969.4,720.4,447.9,1017.0,2172.0,75.5,1528.0,830.1,317.4,756.2,2093.0,136.5,776.6,604.4,314.7,804.7,1614.0,119.3,1337.0,1174.0,639.1,1632.0,2675.0,135.4,1466.0,859.8,716.8,1794.0,3041.0,169.1,2078.0,1295.0,610.7,1375.0,2124.0
2026-04-22,05,12,official_closing,closing_displayed,https://www.boatrace.jp/owpc/pc/race/odds3t?hd=20260422&jcd=05&rno=12,5.1,37.7,28.2,246.1,281.8,993.7,12.7,69.0,31.2,236.0,276.3,1200.0,17.0,76.0,39.0,345.5,406.6,1208.0,45.3,183.6,89.2,438.6,574.8,1822.0,5.6,80.3,70.0,321.2,508.3,1599.0,7.8,241.6,151.0,440.8,628.1,2212.0,11.1,242.1,154.4,636.1,1072.0,2956.0,27.9,528.2,350.3,692.4,1164.0,3113.0,30.2,239.3,118.3,309.9,417.2,1776.0,29.0,355.3,180.9,506.8,621.5,2426.0,55.3,519.6,205.7,742.1,1243.0,2860.0,82.3,687.0,335.0,845.6,1260.0,3257.0,44.4,310.7,164.0,644.2,870.7,1691.0,35.0,269.3,240.1,930.6,1269.0,2706.0,79.4,756.5,299.1,1010.0,1459.0,3517.0,111.6,1053.0,460.4,1016.0,1441.0,3908.0,181.8,620.4,434.8,966.4,1200.0,2956.0,143.8,1010.0,870.7,1584.0,1606.0,3448.0,185.8,1123.0,710.6,1516.0,2093.0,3742.0,258.6,1478.0,821.9,1758.0,2081.0,4043.0
2026-04-22,06,2,official_closing,closing_displayed,https://www.boatrace.jp/owpc/pc/race/odds3t?hd=20260422&jcd=06&rno=2,44.1,79.3,125.8,42.9,982.7,264.6,26.2,49.4,75.9,71.2,988.1,321.0,189.6,191.6,273.6,93.6,756.8,199.4,116.4,138.6,157.2,51.6,1307.0,676.3,49.7,97.8,126.5,38.0,1004.0,270.7,35.5,30.8,38.8,20.8,635.2,185.6,252.2,125.9,169.2,37.1,328.7,105.4,123.7,78.5,82.6,22.1,893.8,458.4,27.0,43.7,69.8,74.0,1279.0,356.4,34.9,25.3,31.4,23.1,714.3,199.6,119.6,60.5,103.5,57.3,689.4,129.5,63.2,32.0,41.0,31.8,1028.0,532.5,460.8,367.5,668.6,117.6,585.0,136.8,577.5,274.9,390.9,74.3,289.6,70.1,400.6,172.6,274.4,132.2,539.0,89.5,637.5,405.1,466.8,70.6,356.4,128.1,135.2,226.2,193.7,39.8,1494.0,1028.0,193.9,131.4,127.3,21.4,1170.0,692.1,105.7,84.9,89.2,34.8,1279.0,880.5,439.1,342.7,313.7,41.2,428.6,294.0
2026-04-22,06,3,official_closing,closing_displayed,https://www.boatrace.jp/owpc/pc/race/odds3t?hd=20260422&jcd=06&rno=3,47.5,136.1,170.4,137.5,355.5,45.4,115.6,193.9,199.3,93.6,370.7,57.4,77.5,169.9,246.2,190.0,664.2,78.4,28.6,69.2,121.9,98.8,218.8,91.1,97.9,189.8,179.2,153.6,319.4,53.3,169.1,195.6,171.2,87.6,317.6,29.0,137.2,224.7,178.6,164.6,528.0,56.7,72.2,62.2,57.4,77.7,162.8,54.7,168.1,247.8,141.7,74.6,417.1,56.4,154.0,190.3,106.1,56.5,340.6,26.2,197.6,286.7,115.9,64.2,346.3,32.1,105.4,111.9,57.8,32.7,179.2,45.7,128.4,235.2,324.5,287.8,599.2,73.5,132.6,255.6,229.2,192.9,562.0,48.5,229.9,328.2,216.7,108.7,289.2,30.2,81.5,125.6,125.0,99.4,196.1,62.9,33.4,65.6,101.5,83.5,159.0,109.6,51.2,48.8,49.4,52.5,118.5,67.3,76.8,77.7,56.7,32.3,119.0,60.2,58.1,69.3,76.2,62.1,130.3,89.1
2026-04-22,06,4,official_closing,closing_displayed,https://www.boatrace.jp/owpc/pc/race/odds3t?hd=20260422&jcd=06&rno=4,5.2,45.5,118.2,139.5,103.5,1084.0,7.4,52.3,110.4,173.5,160.3,1269.0,11.4,63.2,134.8,131.4,113.8,1838.0,78.5,303.9,415.1,373.3,251.6,1169.0,8.1,144.3,209.5,273.8,192.2,1708.0,11.0,244.3,338.6,520.3,358.1,2412.0,14.6,244.0,389.9,419.6,374.1,1821.0,81.2,736.7,1060.0,979.8,641.3,2474.0,14.9,168.7,247.8,303.9,338.6,2298.0,19.2,335.7,420.5,546.8,482.5,3509.0,20.6,268.1,395.5,393.1,453.1,3113.0,114.0,704.5,865.6,995.0,1128.0,3386.0,22.4,202.5,343.4,192.6,201.5,2608.0,26.8,347.8,504.0,317.4,347.8,2244.0,26.6,331.1,530.3,332.2,391.5,2797.0,106.7,861.7,1340.0,429.9,556.3,3386.0,291.1,1043.0,1608.0,1000.0,739.6,1556.0,247.4,1622.0,1969.0,1378.0,1322.0,3386.0,413.3,1519.0,2053.0,2053.0,1754.0,3447.0,234.2,1519.0,2075.0,1005.0,1206.0,3447.0
2026-04-22,06,5,official_closing,closing_displayed,https://www.boatrace.jp/owpc/pc/race/odds3t?hd=20260422&jcd=06&rno=5,60.9,120.8,93.8,190.4,1062.0,598.9,89.3,156.8,60.3,178.1,853.0,466.5,224.8,366.3,118.8,305.9,1096.0,483.9,140.7,218.7,83.6,182.3,844.4,898.3,67.2,99.9,97.9,187.2,1181.0,670.2,43.0,28.1,18.0,43.4,335.7,142.4,142.5,69.3,41.9,58.3,513.3,152.1,79.7,41.2,29.1,32.6,440.9,232.9,109.3,124.9,56.4,119.4,667.5,361.6,79.2,38.4,18.4,32.2,287.2,110.2,251.7,106.7,20.5,50.9,219.3,102.6,110.7,47.0,12.9,26.8,264.7,149.8,428.6,594.7,187.2,366.3,848.7,412.9,398.3,154.9,85.6,89.2,429.7,112.0,493.8,249.1,54.7,102.1,231.0,110.8,493.8,218.7,64.3,71.1,278.2,150.1,238.5,237.5,116.3,178.7,1011.0,1005.0,200.8,94.6,40.3,33.7,426.5,327.3,204.2,94.5,28.0,35.7,345.3,292.7,455.2,182.3,55.6,50.3,360.1,317.4
2026-04-22,06,6,official_closing,closing_displayed,https://www.boatrace.jp/owpc/pc/race/odds3t?hd=20260422&jcd=06&rno=6,34.7,27.5,78.1,268.1,908.2,129.3,66.1,46.8,85.5,275.5,782.1,124.2,180.2,156.1,219.1,390.1,816.1,190.8,41.7,27.2,47.4,170.8,673.0,425.5,48.7,37.5,66.1,232.3,923.1,123.8,60.8,28.1,39.7,136.2,639.9,32.1,157.0,93.2,115.8,346.8,698.0,55.2,37.3,15.2,20.1,89.1,515.0,240.3,105.7,77.0,108.7,257.5,903.4,103.3,97.3,45.8,64.4,149.6,731.3,43.6,236.9,170.3,178.9,364.8,908.2,73.7,82.8,37.4,38.3,100.7,574.6,169.6,349.7,385.7,352.6,378.7,836.3,191.3,323.6,223.4,266.0,374.5,844.6,99.9,377.0,291.7,274.2,387.4,923.1,116.5,256.3,153.3,157.5,185.8,526.2,253.2,71.2,36.0,52.9,131.9,576.5,527.9,64.4,18.0,23.6,79.8,482.6,364.8,106.1,27.0,33.3,86.7,505.8,328.6,204.0,115.7,82.2,159.8,501.3,400.3
2026-04-22,06,7,official_closing,closing_displayed,https://www.boatrace.jp/owpc/pc/race/odds3t?hd=20260422&jcd=06&rno=7,12.7,17.8,98.0,134.3,253.9,980.9,15.5,19.0,113.8,214.7,320.0,1924.0,28.0,37.1,159.6,232.3,353.1,2382.0,111.6,117.8,402.3,382.8,617.6,1613.0,23.3,24.3,78.2,97.4,244.0,938.0,25.1,10.6,35.4,49.6,195.4,1240.0,43.3,24.0,63.5,79.9,199.8,517.5,189.2,73.5,198.2,133.4,553.8,1852.0,33.5,28.1,163.8,209.3,411.2,1852.0,42.0,14.1,65.6,79.4,272.3,1725.0,67.8,24.6,120.1,206.7,346.6,2028.0,198.5,47.7,313.9,255.6,882.8,3262.0,69.3,87.1,292.0,258.7,507.0,1765.0,74.7,53.9,138.5,130.1,270.9,577.2,91.9,53.2,176.7,200.9,355.6,1765.0,250.5,147.1,530.3,254.8,581.7,2028.0,290.3,269.9,1007.0,534.1,987.4,1516.0,521.1,283.1,721.5,255.2,1200.0,2084.0,581.7,162.7,728.5,437.5,1631.0,2680.0,441.4,285.3,1103.0,605.1,1389.0,2274.0
2026-04-22,06,9,official_closing,closing_displayed,https://www.boatrace.jp/owpc/pc/race/odds3t?hd=20260422&jcd=06&rno=9,9.5,132.8,82.9,85.7,159.8,53.2,17.7,166.3,78.4,122.7,179.5,52.4,13.1,158.0,79.3,55.5,150.0,91.5,40.6,294.1,115.4,101.0,211.3,99.3,9.4,247.9,211.3,195.3,378.9,110.5,14.7,637.4,432.9,465.1,659.0,164.3,11.0,438.8,323.4,268.5,780.7,226.5,29.3,659.0,462.8,364.7,684.5,231.1,23.5,290.1,212.4,277.3,320.8,114.5,26.8,654.5,442.8,555.4,722.7,207.0,22.6,619.1,342.8,466.2,1023.0,319.2,56.2,742.0,518.4,514.3,759.4,295.0,29.4,444.8,212.7,62.3,164.2,207.7,32.1,565.1,400.0,128.0,340.4,342.8,38.6,728.1,456.3,213.8,601.9,422.6,65.6,709.5,483.6,103.4,273.8,314.5,47.4,633.2,246.4,198.9,373.8,246.7,54.5,883.7,494.6,341.0,635.3,388.0,64.1,908.4,603.7,468.4,827.2,409.2,59.3,957.7,522.6,212.7,475.3,373.8
2026-04-22,06,10,official_closing,closing_displayed,https://www.boatrace.jp/owpc/pc/race/odds3t?hd=20260422&jcd=06&rno=10,5.1,49.9,43.6,113.8,172.9,978.1,5.9,56.9,41.2,162.7,218.5,1200.0,14.0,94.2,62.3,180.0,318.1,888.8,31.7,193.3,123.9,208.1,345.5,1744.0,8.3,118.8,99.2,183.4,298.1,1107.0,12.1,223.0,119.2,363.2,458.7,2174.0,22.0,440.1,244.5,405.4,730.7,1946.0,53.8,665.0,371.9,407.2,620.3,2981.0,16.2,192.1,97.8,264.1,326.0,1155.0,24.5,333.7,132.4,416.3,475.2,2370.0,37.9,616.2,191.3,548.5,754.5,2603.0,46.5,672.2,243.5,456.4,644.1,2432.0,34.7,354.1,148.0,286.6,556.8,848.0,44.7,742.4,302.0,381.1,851.9,1636.0,76.6,851.9,316.5,616.2,1021.0,2400.0,109.6,1068.0,404.5,385.9,665.0,1867.0,163.8,929.0,510.6,440.1,867.9,1966.0,180.7,1478.0,1050.0,745.4,1074.0,3030.0,170.0,1411.0,748.4,742.4,1141.0,2124.0,242.6,1621.0,829.0,745.4,1148.0,1886.0
2026-04-22,06,11,official_closing,closing_displayed,https://www.boatrace.jp/owpc/pc/race/odds3t?hd=20260422&jcd=06&rno=11,11.7,152.8,183.1,54.3,161.4,1040.0,7.7,97.9,152.6,128.0,228.9,1868.0,13.4,139.5,184.7,38.8,107.5,930.6,25.6,248.2,277.5,63.7,157.3,1093.0,17.3,433.7,409.4,135.7,356.4,1651.0,14.1,657.8,673.4,471.3,879.4,2611.0,20.8,870.4,792.3,191.2,564.9,2326.0,31.8,1184.0,830.9,222.3,541.0,2843.0,9.5,229.5,308.7,330.6,668.1,2843.0,19.3,668.1,716.8,673.4,1326.0,4265.0,11.3,447.4,524.4,448.9,1319.0,4489.0,22.4,703.0,580.3,498.8,1266.0,5118.0,25.0,446.6,495.9,49.7,134.0,1093.0,39.9,1112.0,1066.0,120.2,320.7,1983.0,24.4,671.7,944.3,264.6,656.2,3877.0,37.4,914.0,822.8,66.5,174.5,1190.0,83.7,1236.0,817.6,154.9,416.1,1619.0,101.1,2063.0,1273.0,278.1,746.1,2665.0,78.5,1789.0,1390.0,580.3,1479.0,3877.0,85.3,2080.0,1390.0,158.8,442.7,1383.0
2026-04-22,06,12,official_closing,closing_displayed,https://www.boatrace.jp/owpc/pc/race/odds3t?hd=20260422&jcd=06&rno=12,9.2,80.9,208.1,67.6,234.4,195.6,7.1,58.6,169.6,137.9,369.6,435.7,19.4,151.3,216.3,79.8,216.5,183.6,12.2,68.6,215.6,52.6,189.2,309.0,16.2,340.8,423.7,164.0,460.0,336.4,15.9,612.3,842.0,569.9,1242.0,1060.0,25.5,888.0,1070.0,367.1,983.2,542.9,22.1,648.9,968.6,233.8,635.0,924.6,11.8,185.6,398.1,389.5,850.8,1001.0,20.6,631.9,940.6,803.6,1615.0,1813.0,24.8,659.5,1002.0,884.4,1623.0,1408.0,13.4,332.7,711.4,614.0,1379.0,1768.0,42.9,463.6,676.6,133.3,334.5,235.5,51.5,1148.0,1427.0,281.1,753.4,524.5,55.4,1013.0,1221.0,521.1,1172.0,1097.0,45.6,765.8,1216.0,135.8,336.9,564.0,34.4,301.4,656.8,94.2,354.7,585.9,50.1,953.0,1235.0,195.7,772.1,1254.0,35.1,503.0,1034.0,400.3,1376.0,1735.0,60.4,891.6,1331.0,161.6,454.5,691.7
2026-04-22,11,1,official_closing,closing_displayed,https://www.boatrace.jp/owpc/pc/race/odds3t?hd=20260422&jcd=11&rno=1,9.4,15.1,24.4,167.7,149.5,302.6,15.9,22.4,30.9,171.4,264.6,427.7,20.6,30.1,72.4,235.6,335.0,681.9,59.2,67.3,98.7,360.0,301.8,654.9,18.0,26.4,31.4,170.4,167.5,322.9,27.8,25.2,21.5,158.3,222.0,351.2,43.2,43.4,43.0,195.1,315.0,640.4,92.2,76.0,84.6,297.2,294.2,576.7,53.0,59.9,59.8,181.4,380.0,471.2,62.2,54.3,42.9,148.8,254.2,429.3,116.6,89.0,80.5,225.5,416.9,788.6,179.4,164.1,138.0,350.2,658.6,999.3,59.6,94.1,132.1,333.1,504.0,1083.0,84.4,91.7,90.6,301.8,424.6,477.0,122.0,126.8,120.3,364.5,560.0,974.1,152.9,179.1,228.6,415.5,720.0,1093.0,169.2,177.7,236.5,579.6,439.1,871.6,217.4,173.5,208.1,549.4,391.6,778.0,381.3,263.4,301.1,658.6,982.4,1317.0,258.1,261.6,372.7,606.9,805.0,1317.0
2026-04-22,11,2,official_closing,closing_displayed,https://www.boatrace.jp/owpc/pc/race/odds3t?hd=20260422&jcd=11&rno=2,23.9,32.4,54.2,331.8,72.4,494.9,64.3,82.1,120.5,427.9,82.7,454.9,33.9,46.4,62.3,350.5,202.8,815.2,63.1,71.3,91.6,380.1,63.8,338.6,29.9,33.6,44.8,326.3,82.3,488.2,84.2,31.4,46.6,234.2,44.5,191.2,43.1,13.6,18.7,199.5,158.6,507.5,87.5,25.2,32.6,262.2,54.4,221.3,135.5,150.5,178.5,397.7,94.0,459.6,161.7,86.4,93.2,221.3,50.3,220.2,199.9,98.6,106.6,274.6,173.4,457.2,272.5,130.8,124.3,308.5,66.4,234.2,61.5,65.7,71.7,311.1,314.4,1012.0,66.4,25.7,32.8,209.9,229.5,703.7,183.8,83.4,92.0,283.2,287.3,577.4,104.7,43.5,45.9,239.9,189.8,732.4,189.0,226.6,173.2,604.6,91.1,300.2,233.6,95.5,100.0,413.2,71.1,226.3,407.6,215.0,215.5,458.4,85.8,217.0,201.9,106.9,98.0,398.6,180.3,517.7
2026-04-22,11,3,official_closing,closing_displayed,https://www.boatrace.jp/owpc/pc/race/odds3t?hd=20260422&jcd=11&rno=3,18.4,61.9,83.3,18.7,220.5,360.5,8.0,38.4,44.8,33.6,234.2,389.8,47.8,114.7,90.4,26.9,131.2,321.1,87.1,176.9,138.6,72.6,262.1,457.3,25.4,143.3,141.8,27.5,388.4,568.0,14.8,190.7,136.6,51.8,600.3,987.4,39.0,335.4,308.9,59.1,412.7,800.4,76.7,593.5,556.0,122.9,668.6,1228.0,8.7,62.8,63.4,67.2,517.9,607.2,13.7,137.0,113.9,80.9,677.2,1078.0,23.3,146.7,115.9,108.5,536.3,660.3,61.2,366.8,218.7,216.0,918.7,1531.0,92.4,275.8,266.1,45.0,151.1,434.7,100.9,498.3,345.2,59.4,224.7,512.8,68.5,331.2,233.2,119.5,389.8,895.3,149.0,652.1,523.0,93.6,276.5,788.4,239.5,525.6,363.0,143.5,640.3,873.1,258.3,918.7,873.1,200.4,910.8,1242.0,210.8,788.4,434.7,344.1,1228.0,1509.0,280.2,960.4,1089.0,213.4,593.5,852.0
2026-04-22,11,4,official_closing,closing_displayed,https://www.boatrace.jp/owpc/pc/race/odds3t?hd=20260422&jcd=11&rno=4,31.1,95.4,171.0,410.6,71.0,66.6,106.5,152.4,224.2,390.5,81.0,80.8,22.6,64.3,80.6,185.6,115.1,131.1,19.3,53.8,76.4,193.9,20.1,26.7,44.5,212.0,244.5,404.8,180.9,113.5,115.4,465.3,466.8,544.9,262.9,176.5,25.2,146.3,194.1,469.8,424.0,272.4,23.7,120.4,181.4,422.7,88.6,98.3,169.8,443.7,361.9,750.3,183.0,163.4,172.4,617.7,489.1,879.2,284.9,238.4,104.9,495.9,347.8,575.5,497.6,453.5,98.2,391.5,294.8,562.0,98.0,129.3,37.1,137.9,131.1,281.0,314.2,385.2,36.1,157.8,236.1,410.6,490.8,395.9,95.5,388.3,324.9,575.5,663.5,623.1,13.5,69.1,76.0,143.1,170.0,220.1,30.0,97.5,119.6,262.0,19.6,28.2,32.6,132.8,225.3,397.0,51.2,59.4,78.3,313.6,364.6,477.7,64.4,71.9,15.5,81.6,99.2,155.2,76.1,97.7
2026-04-22,11,7,official_closing,closing_displayed,https://www.boatrace.jp/owpc/pc/race/odds3t?hd=20260422&jcd=11&rno=7,4.8,9.4,31.4,196.6,166.6,387.7,15.2,27.5,62.1,243.8,218.1,606.0,16.4,26.3,61.0,406.0,435.1,603.8,34.1,65.7,219.6,452.0,443.4,806.0,9.2,18.0,37.0,233.0,205.3,445.8,25.6,42.9,80.3,294.3,207.6,670.6,25.6,32.8,55.1,509.7,603.8,1136.0,81.0,120.2,188.7,665.1,489.9,768.2,51.1,93.7,137.5,284.5,343.7,1239.0,63.6,98.6,157.1,360.4,261.3,1062.0,135.2,173.7,238.1,720.8,830.6,1798.0,229.4,304.1,514.5,875.0,875.0,1573.0,59.8,86.1,142.9,472.9,708.3,924.4,85.1,85.4,131.0,662.4,1069.0,1995.0,199.7,223.8,336.6,1016.0,1288.0,2597.0,315.2,246.0,464.8,979.8,1160.0,2211.0,137.5,263.0,687.5,834.8,798.2,1487.0,204.2,311.6,580.2,1230.0,798.2,1177.0,331.9,649.3,1120.0,1515.0,1422.0,1818.0,443.4,377.0,730.5,1474.0,1636.0,2045.0
2026-04-22,11,8,official_closing,closing_displayed,https://www.boatrace.jp/owpc/pc/race/odds3t?hd=20260422&jcd=11&rno=8,94.0,173.9,168.5,7.5,1576.0,1415.0,40.8,68.8,61.4,10.1,1587.0,1363.0,400.4,864.8,480.0,45.4,910.9,769.0,263.6,424.1,308.7,19.6,1576.0,2554.0,107.0,230.0,190.1,12.4,2525.0,2002.0,43.9,93.3,78.3,14.8,2469.0,1932.0,375.4,979.1,763.8,65.9,1683.0,854.8,277.4,591.1,484.2,23.6,2849.0,3317.0,19.2,43.0,37.1,16.7,2179.0,1807.0,23.8,47.5,38.1,14.6,2469.0,2157.0,114.2,267.7,117.1,53.0,945.8,788.1,61.0,113.9,67.7,22.2,2268.0,2614.0,696.7,1576.0,941.8,70.0,814.1,603.9,712.3,1709.0,1073.0,94.4,970.6,633.2,437.5,1063.0,369.2,100.3,559.8,681.8,808.2,1764.0,871.6,66.1,841.9,1111.0,642.3,1053.0,636.8,32.4,1658.0,2525.0,571.3,1024.0,728.7,35.8,2364.0,2614.0,286.4,495.0,290.5,47.7,2096.0,2200.0,889.0,1899.0,966.3,65.0,1355.0,1491.0
2026-04-22,11,9,official_closing,closing_displayed,https://www.boatrace.jp/owpc/pc/race/odds3t?hd=20260422&jcd=11&rno=9,12.7,10.6,22.8,156.1,293.1,2131.0,37.4,30.1,30.8,133.4,279.2,2394.0,51.4,34.2,44.0,221.7,451.4,2663.0,217.0,170.6,175.8,416.2,755.6,3044.0,16.9,14.4,21.9,150.8,278.5,1704.0,34.3,17.2,18.9,79.7,175.6,1469.0,51.9,20.2,18.8,165.4,392.4,1902.0,207.0,86.6,73.1,351.6,585.4,2394.0,65.3,72.3,41.2,113.9,268.3,2243.0,67.6,38.8,26.1,72.3,172.1,1479.0,149.9,88.4,46.1,123.1,340.4,1902.0,330.3,234.4,121.9,238.1,626.7,2598.0,139.6,104.1,88.3,263.0,605.4,2152.0,126.2,66.3,53.8,196.9,478.8,1439.0,278.5,131.9,89.4,192.8,457.3,1500.0,532.7,258.6,203.9,375.8,813.3,1704.0,1029.0,700.9,655.7,991.1,1775.0,3278.0,813.3,476.7,354.5,696.4,1459.0,3088.0,1087.0,712.7,471.4,659.7,1511.0,2959.0,1639.0,545.0,469.3,829.1,1614.0,2767.0
2026-04-22,11,10,official_closing,closing_displayed,https://www.boatrace.jp/owpc/pc/race/odds3t?hd=20260422&jcd=11&rno=10,5.1,49.9,29.5,155.7,319.9,1744.0,8.2,80.9,24.0,129.0,316.1,1199.0,22.1,154.9,48.0,228.8,439.0,1853.0,69.4,393.4,103.4,469.7,811.8,2920.0,5.7,117.1,82.8,284.3,606.5,2357.0,7.0,234.2,120.0,425.1,949.5,3894.0,15.6,495.7,242.3,568.1,1002.0,3358.0,46.4,926.6,435.5,1025.0,1711.0,3237.0,19.0,286.7,64.7,180.4,644.4,1444.0,17.6,383.8,118.6,347.6,991.5,4478.0,39.8,716.5,140.5,398.6,949.5,2357.0,93.0,1189.0,205.5,616.3,1840.0,4134.0,53.3,657.0,218.1,370.6,814.2,2952.0,49.3,926.6,350.8,598.4,1261.0,4714.0,85.0,1267.0,287.7,591.8,1110.0,3277.0,152.5,1722.0,566.9,797.3,1599.0,5841.0,319.9,2277.0,530.0,1468.0,1679.0,3019.0,248.3,2357.0,1021.0,2067.0,2167.0,4334.0,330.1,2511.0,653.8,1518.0,2535.0,4798.0,362.6,3317.0,1017.0,1700.0,1975.0,4976.0
2026-04-22,13,1,official_closing,closing_displayed,https://www.boatrace.jp/owpc/pc/race/odds3t?hd=20260422&jcd=13&rno=1,8.5,32.5,23.1,263.5,64.8,1354.0,19.0,68.9,41.9,200.3,38.5,1341.0,24.1,64.5,18.0,343.8,113.6,2656.0,355.5,385.9,317.2,1672.0,242.3,1575.0,7.7,50.3,42.5,330.4,100.5,1992.0,15.1,92.6,89.2,375.2,92.0,2335.0,9.6,63.7,47.1,482.0,219.9,2116.0,247.1,490.8,537.5,1881.0,376.2,816.0,39.8,170.6,98.6,251.7,50.1,2184.0,30.5,197.4,141.4,397.2,77.6,2335.0,55.3,228.0,89.5,302.3,145.0,2764.0,680.7,673.9,387.0,1806.0,296.4,2296.0,36.0,108.1,32.1,265.6,247.1,3661.0,25.4,100.4,42.9,371.1,350.9,2150.0,53.8,254.6,74.9,350.9,305.0,3150.0,300.3,701.8,223.9,1209.0,724.4,2335.0,604.7,1382.0,1042.0,2462.0,465.5,1505.0,756.7,934.2,1425.0,2021.0,569.1,1759.0,1101.0,1759.0,769.6,2764.0,559.7,1782.0,687.6,1148.0,574.0,1782.0,687.6,1907.0
2026-04-22,13,2,official_closing,closing_displayed,https://www.boatrace.jp/owpc/pc/race/odds3t?hd=20260422&jcd=13&rno=2,52.9,311.4,283.4,51.5,107.9,1841.0,28.5,187.6,111.4,38.1,85.9,1957.0,36.6,252.9,141.1,12.4,35.4,1549.0,310.9,983.8,740.8,95.0,154.9,1016.0,59.2,470.7,525.2,128.8,228.9,3099.0,15.0,383.3,348.2,174.9,493.2,2618.0,19.4,478.0,491.9,126.0,269.0,2951.0,218.2,1120.0,1191.0,476.7,746.7,3645.0,19.7,235.6,135.8,92.6,201.4,3645.0,11.7,329.6,313.0,225.1,543.6,3718.0,6.4,218.7,113.3,75.2,171.3,2951.0,51.5,948.6,573.9,425.5,729.1,5312.0,35.3,418.7,230.1,12.7,34.1,1589.0,21.9,522.3,461.4,46.2,111.7,2187.0,12.1,335.0,167.3,33.5,84.9,2137.0,77.4,1162.0,673.7,46.8,104.6,934.3,599.8,2137.0,1770.0,325.6,505.2,1602.0,683.6,1705.0,2479.0,516.5,939.1,3048.0,316.2,2479.0,1660.0,599.8,885.4,2656.0,277.9,2446.0,1878.0,210.8,356.8,925.0
2026-04-22,13,3,official_closing,closing_displayed,https://www.boatrace.jp/owpc/pc/race/odds3t?hd=20260422&jcd=13&rno=3,7.4,33.1,68.4,149.5,221.9,188.0,15.7,67.7,76.6,162.8,275.6,149.5,16.4,58.7,144.2,125.7,208.6,229.3,13.7,53.4,53.3,92.7,175.0,340.2,10.7,93.3,140.0,255.8,467.2,260.3,18.8,218.6,260.7,419.4,777.2,478.1,19.1,248.8,408.9,416.2,732.1,611.9,14.3,142.3,173.7,289.2,579.5,896.2,28.8,157.2,138.9,235.3,616.5,200.9,36.6,261.9,287.2,456.8,926.5,504.6,38.2,359.6,366.9,450.5,858.6,478.1,27.5,251.1,189.3,309.4,697.9,689.1,44.0,223.1,324.1,175.0,264.9,305.9,45.5,392.3,429.3,300.9,554.0,573.4,73.2,500.0,420.5,387.7,607.4,522.3,50.6,446.8,343.8,163.5,249.2,459.4,46.7,205.0,123.4,159.8,376.1,585.7,49.7,301.4,257.8,269.7,630.7,1093.0,63.9,398.0,240.8,304.2,703.8,948.0,78.9,579.5,388.6,215.5,401.9,592.0
2026-04-22,13,4,official_closing,closing_displayed,https://www.boatrace.jp/owpc/pc/race/odds3t?hd=20260422&jcd=13&rno=4,5.4,8.0,51.8,274.4,900.5,161.1,14.7,22.2,91.4,448.3,1118.0,292.1,50.4,70.1,209.2,534.7,1209.0,512.3,11.6,14.6,62.4,305.0,1168.0,1014.0,10.7,23.8,57.4,270.8,1050.0,161.1,28.1,46.7,98.0,360.5,1209.0,217.3,80.9,129.7,237.7,622.8,1083.0,395.4,24.8,28.0,59.1,293.8,1124.0,835.4,50.6,96.5,195.8,504.9,1612.0,472.7,69.6,117.5,191.1,419.3,1507.0,299.3,215.7,349.0,545.9,1202.0,3151.0,815.7,101.1,102.7,168.3,490.6,1777.0,1857.0,228.0,366.8,628.4,646.0,1260.0,963.0,275.5,476.0,664.6,750.9,1434.0,705.1,388.8,626.5,803.1,1308.0,1664.0,1162.0,314.7,366.8,705.1,686.5,1245.0,1733.0,49.9,52.7,143.7,378.2,1733.0,1962.0,76.5,61.3,125.0,342.7,1485.0,1564.0,154.3,128.8,238.2,622.8,2337.0,2337.0,328.1,279.9,497.6,693.4,2101.0,2122.0
2026-04-22,13,5,official_closing,closing_displayed,https://www.boatrace.jp/owpc/pc/race/odds3t?hd=20260422&jcd=13&rno=5,9.9,160.3,407.8,44.6,191.9,1760.0,4.5,77.1,314.9,153.3,422.0,3917.0,8.5,114.8,407.2,40.6,137.8,2575.0,171.3,924.0,1794.0,264.6,713.1,3160.0,17.7,462.7,595.5,130.6,413.2,5056.0,14.5,733.8,822.8,539.0,1363.0,5794.0,25.9,1078.0,1188.0,228.3,648.3,4795.0,288.2,2483.0,3612.0,1033.0,2030.0,7131.0,6.0,203.3,618.0,537.9,979.3,5794.0,14.2,626.4,1163.0,965.7,1782.0,6953.0,8.5,378.4,1078.0,1061.0,2045.0,5917.0,123.0,1749.0,3196.0,2317.0,3391.0,4214.0,17.1,378.9,820.4,77.8,192.7,4414.0,36.4,1330.0,1760.0,154.0,423.9,3520.0,18.5,586.7,1471.0,487.9,1376.0,5056.0,208.4,2091.0,3476.0,396.1,1033.0,3809.0,585.5,3056.0,5348.0,1287.0,2867.0,5056.0,810.8,4214.0,5247.0,1536.0,3160.0,6953.0,572.2,3433.0,2809.0,2648.0,4278.0,5247.0,625.0,3311.0,3809.0,1617.0,3476.0,5247.0
2026-04-22,13,6,official_closing,closing_displayed,https://www.boatrace.jp/owpc/pc/race/odds3t?hd=20260422&jcd=13&rno=6,13.3,182.7,149.4,47.8,363.1,1318.0,5.8,103.0,73.4,76.4,433.6,1948.0,21.2,241.6,167.1,47.0,234.4,921.6,52.2,380.3,279.5,99.1,570.1,1904.0,14.9,394.3,335.2,154.2,862.8,2520.0,8.3,720.2,381.5,464.9,1346.0,4358.0,24.7,959.4,760.7,269.5,1163.0,3428.0,55.0,1495.0,1089.0,466.6,1849.0,4945.0,5.8,207.8,125.5,154.7,935.0,3896.0,9.9,599.3,264.5,338.3,1725.0,4675.0,10.5,726.3,288.2,344.2,938.4,2795.0,28.7,952.3,465.8,530.1,2090.0,4285.0,45.0,760.7,537.9,87.6,298.3,1242.0,55.1,1332.0,1032.0,210.7,700.6,2057.0,32.0,1375.0,549.4,305.7,749.6,2295.0,106.9,2236.0,1346.0,190.4,808.6,2057.0,174.2,1627.0,1113.0,263.4,1637.0,3214.0,190.4,3025.0,2107.0,461.6,3339.0,4851.0,116.9,2597.0,1260.0,671.3,3383.0,4945.0,197.9,1577.0,1962.0,303.2,1773.0,2922.0
2026-04-22,13,7,official_closing,closing_displayed,https://www.boatrace.jp/owpc/pc/race/odds3t?hd=20260422&jcd=13&rno=7,13.6,38.3,16.3,646.1,288.3,558.4,85.5,179.1,25.0,338.7,139.3,262.8,37.4,109.4,11.1,826.1,575.9,812.8,84.6,146.6,15.8,895.9,294.7,533.2,8.8,43.0,34.9,872.6,431.6,778.3,24.2,115.5,91.5,809.5,315.4,406.4,9.4,71.2,39.7,1612.0,1145.0,1352.0,20.9,88.1,49.6,1638.0,605.3,950.8,155.4,462.3,78.9,285.1,150.3,209.3,95.0,367.8,136.5,559.9,210.6,310.6,183.4,769.4,76.9,541.8,494.0,520.8,239.6,735.7,68.4,552.2,198.2,234.9,58.7,256.1,34.2,928.9,781.3,1326.0,31.2,178.5,51.7,1419.0,1390.0,1471.0,187.3,760.6,80.2,908.0,924.6,1007.0,129.0,454.0,35.0,1252.0,1089.0,1504.0,213.3,384.7,46.6,1185.0,358.6,616.4,113.8,244.3,76.4,1419.0,519.5,695.1,336.5,1033.0,113.1,903.9,246.1,328.3,210.6,660.9,59.6,1752.0,854.1,1101.0
2026-04-22,13,8,official_closing,closing_displayed,https://www.boatrace.jp/owpc/pc/race/odds3t?hd=20260422&jcd=13&rno=8,5.2,26.7,112.5,213.2,266.8,212.9,6.7,31.5,137.2,283.2,477.4,378.2,9.8,42.4,152.0,287.1,403.1,532.7,22.3,71.0,286.6,493.1,532.7,493.1,9.0,78.9,160.5,330.7,369.0,323.6,12.8,116.4,235.0,516.1,600.3,729.8,20.8,131.4,260.5,637.2,1016.0,1082.0,50.1,246.9,456.4,1111.0,1325.0,1358.0,17.5,118.0,297.4,508.2,915.3,1104.0,25.1,157.9,394.4,753.1,974.6,1274.0,34.1,209.7,548.6,957.7,1656.0,1820.0,87.9,326.1,673.5,1284.0,1949.0,1725.0,30.3,165.0,396.3,244.7,753.1,1218.0,48.1,297.4,595.9,702.0,1127.0,1479.0,55.8,399.2,824.3,910.3,1624.0,2301.0,85.5,575.2,1097.0,785.2,1255.0,1744.0,64.2,246.1,952.2,1010.0,1264.0,1183.0,125.3,434.8,1347.0,1563.0,2401.0,2269.0,133.4,615.9,1416.0,2045.0,3248.0,1392.0,123.2,770.6,1840.0,1380.0,1972.0,2180.0
2026-04-22,13,9,official_closing,closing_displayed,https://www.boatrace.jp/owpc/pc/race/odds3t?hd=20260422&jcd=13&rno=9,10.0,101.8,57.8,195.4,793.5,329.5,19.5,162.4,35.1,112.0,429.2,192.4,47.1,335.2,75.7,248.5,733.0,325.1,30.7,221.2,45.6,158.1,622.3,565.3,7.6,180.9,154.1,395.8,1218.0,485.9,5.2,301.9,230.0,602.7,1351.0,636.0,18.6,558.0,400.4,925.1,1491.0,1011.0,9.4,322.7,248.2,638.3,1395.0,1130.0,21.0,339.2,85.0,142.8,567.2,275.9,11.3,442.4,200.6,393.1,1351.0,689.2,43.3,1235.0,237.6,444.7,1253.0,540.6,23.4,752.1,140.1,242.3,1544.0,1226.0,92.2,878.1,290.2,402.3,816.0,494.2,57.2,1108.0,544.0,736.1,1517.0,1017.0,90.3,1373.0,397.7,662.8,1262.0,631.3,101.5,1384.0,412.8,467.5,1351.0,1453.0,65.3,507.3,133.1,258.9,726.9,831.7,36.6,550.9,327.0,473.9,982.9,1491.0,59.5,977.4,210.4,341.9,1291.0,1491.0,113.6,1088.0,419.9,470.1,1418.0,1491.0
2026-04-22,13,10,official_closing,closing_displayed,https://www.boatrace.jp/owpc/pc/race/odds3t?hd=20260422&jcd=13&rno=10,15.5,172.3,120.6,127.8,56.1,1402.0,10.5,134.6,90.6,230.5,66.5,1687.0,9.4,108.9,66.4,65.7,52.2,1486.0,69.8,482.0,211.0,230.7,103.6,829.5,17.5,355.1,279.9,230.1,133.9,1950.0,13.9,553.6,402.7,657.0,344.8,3420.0,11.1,430.4,381.7,249.9,200.5,2743.0,64.3,1342.0,1053.0,546.3,409.3,2837.0,17.3,289.9,210.7,412.6,158.0,2063.0,22.0,561.0,382.9,765.8,399.4,3467.0,12.7,288.9,189.7,364.4,335.1,2496.0,65.3,1200.0,584.7,860.9,421.7,1950.0,14.3,234.0,123.0,78.0,85.9,2290.0,14.3,475.5,270.5,151.6,169.5,2377.0,14.0,351.6,183.4,255.8,271.3,3121.0,34.5,964.0,343.4,160.4,186.6,1796.0,256.8,1621.0,952.9,651.9,321.7,964.0,241.7,1950.0,1675.0,949.3,616.4,2496.0,228.2,2684.0,1027.0,1161.0,575.3,1746.0,162.6,2229.0,849.2,546.3,497.3,1560.0
2026-04-22,13,11,official_closing,closing_displayed,https://www.boatrace.jp/owpc/pc/race/odds3t?hd=20260422&jcd=13&rno=11,5.2,39.2,60.8,87.7,259.2,1492.0,7.0,47.9,55.7,98.9,286.9,1743.0,24.2,129.9,111.9,132.3,327.7,1367.0,57.6,229.8,237.1,203.4,498.7,2239.0,6.2,122.5,146.0,182.8,475.8,2430.0,6.8,217.7,245.0,363.1,746.4,3569.0,20.3,456.8,483.9,462.3,855.5,2538.0,57.5,741.6,769.0,531.2,1262.0,3310.0,13.0,175.7,127.1,172.1,536.2,2430.0,13.4,312.4,226.3,312.0,892.2,3625.0,32.8,620.7,310.3,381.3,1057.0,2239.0,61.8,725.1,376.3,480.8,1679.0,5312.0,57.2,597.9,356.9,191.4,381.9,1512.0,58.2,1024.0,639.8,334.9,681.8,2430.0,71.3,1367.0,648.9,461.4,801.4,2095.0,171.8,2217.0,1183.0,307.0,643.4,2482.0,246.4,1202.0,1010.0,527.5,959.7,2855.0,272.5,1757.0,1454.0,748.9,1454.0,2966.0,278.2,1903.0,1028.0,830.6,1827.0,4392.0,336.9,2239.0,1757.0,591.7,1328.0,2510.0
2026-04-22,13,12,official_closing,closing_displayed,https://www.boatrace.jp/owpc/pc/race/odds3t?hd=20260422&jcd=13&rno=12,11.9,46.6,58.5,81.2,94.4,808.6,12.0,43.8,37.0,76.4,105.2,1268.0,20.3,63.1,52.8,66.2,100.3,910.8,41.7,102.7,115.9,105.2,110.5,842.3,16.2,104.8,143.0,154.8,202.4,1223.0,14.5,147.1,137.0,209.1,367.5,1881.0,22.1,198.8,185.2,158.1,304.5,1398.0,45.3,288.9,270.9,211.7,316.8,1408.0,18.7,121.8,57.2,104.7,203.4,1582.0,24.9,193.9,91.7,158.6,385.1,1922.0,23.8,175.6,57.7,97.4,266.3,1389.0,40.4,234.0,93.6,139.9,346.2,1610.0,33.5,190.1,107.6,85.6,149.1,1139.0,37.9,335.3,164.7,117.1,215.4,1341.0,44.7,271.2,101.3,116.3,235.1,1598.0,58.7,287.4,149.3,76.9,147.9,614.9,158.4,486.5,407.1,246.7,275.5,980.7,169.5,800.3,515.3,312.8,418.6,1377.0,150.1,587.8,316.0,333.3,538.8,1640.0,154.8,642.0,356.0,186.7,271.7,626.6
2026-04-22,14,1,official_closing,closing_displayed,https://www.boatrace.jp/owpc/pc/race/odds3t?hd=20260422&jcd=14&rno=1,8.3,159.0,50.0,267.5,257.0,720.9,12.4,232.2,40.0,173.5,205.9,710.8,16.5,310.7,48.0,189.9,235.3,638.3,37.0,422.6,77.2,270.1,276.7,882.9,7.1,307.3,158.4,560.1,694.7,1078.0,6.6,882.9,319.1,922.8,1049.0,1823.0,10.1,1143.0,347.7,1192.0,1563.0,2042.0,20.8,1078.0,464.2,1169.0,1266.0,2760.0,21.2,663.1,101.4,258.1,340.4,906.4,16.8,1042.0,272.3,787.6,729.5,1812.0,23.0,1314.0,182.9,584.7,781.6,1621.0,38.6,1539.0,274.0,666.0,890.6,2303.0,28.5,991.5,158.5,345.0,392.3,1196.0,26.1,1612.0,341.1,966.5,1501.0,2269.0,35.8,1951.0,271.6,685.4,936.9,2303.0,51.5,1903.0,375.0,666.0,885.5,1879.0,90.4,1110.0,281.6,642.3,697.9,1292.0,72.4,1638.0,747.3,1555.0,1656.0,2596.0,88.7,1939.0,574.8,1260.0,1516.0,2321.0,92.7,2356.0,568.4,1090.0,1240.0,1903.0
2026-04-22,14,2,official_closing,closing_displayed,https://www.boatrace.jp/owpc/pc/race/odds3t?hd=20260422&jcd=14&rno=2,35.1,278.9,282.0,628.1,282.0,54.4,73.9,433.3,226.1,510.0,168.6,33.4,51.1,335.9,146.0,339.6,278.1,62.5,14.6,137.6,68.1,203.8,55.1,31.1,36.8,543.7,569.2,934.8,625.3,171.4,36.8,1294.0,910.4,1544.0,1091.0,445.0,24.8,1259.0,729.7,984.1,1288.0,480.2,7.9,844.4,683.4,798.6,514.7,491.2,100.2,916.4,445.0,776.4,370.2,104.4,64.9,1714.0,934.8,1544.0,1096.0,408.6,87.1,2541.0,635.2,1155.0,1087.0,303.4,27.1,941.1,352.9,623.9,319.0,243.4,70.0,683.4,283.4,368.7,405.0,170.9,38.7,1502.0,860.0,1282.0,1282.0,545.9,100.2,2200.0,638.1,957.2,1136.0,491.2,12.3,735.5,226.5,274.2,299.2,277.5,12.8,287.5,110.1,191.4,68.2,64.6,7.7,817.2,434.6,594.7,296.0,332.3,18.6,916.4,278.3,514.7,198.5,202.9,8.1,826.9,220.9,247.7,235.8,240.9
2026-04-22,14,3,official_closing,closing_displayed,https://www.boatrace.jp/owpc/pc/race/odds3t?hd=20260422&jcd=14&rno=3,11.8,72.2,109.3,72.4,364.8,132.5,8.8,50.4,79.1,130.0,359.1,276.9,28.9,122.9,146.8,109.6,256.0,131.2,10.7,48.0,77.4,42.9,232.9,439.6,17.3,231.8,198.7,121.9,580.9,210.1,15.6,409.2,361.3,375.5,1028.0,599.7,31.3,599.7,437.0,304.5,1054.0,328.4,19.8,325.6,300.1,127.8,742.5,943.6,14.5,144.1,160.0,232.7,651.2,471.8,20.8,442.8,353.9,450.9,1113.0,861.3,36.6,481.0,332.1,453.7,1250.0,670.3,14.0,184.6,179.5,233.6,977.8,1610.0,70.1,379.8,352.3,149.6,343.3,196.0,74.9,814.0,617.2,258.7,719.1,331.7,76.2,757.7,579.8,453.0,1093.0,626.4,75.7,627.7,499.6,142.7,373.6,697.1,29.5,156.6,186.4,65.7,400.9,771.6,51.6,503.9,397.1,105.9,633.1,1185.0,30.8,248.1,300.1,215.1,1224.0,1702.0,85.9,577.5,602.2,158.1,619.8,1014.0
2026-04-22,14,4,official_closing,closing_displayed,https://www.boatrace.jp/owpc/pc/race/odds3t?hd=20260422&jcd=14&rno=4,9.2,103.4,215.9,324.5,114.0,49.9,22.2,213.0,376.5,504.8,108.8,87.0,14.2,142.3,153.7,293.1,195.9,139.5,7.9,76.9,209.8,169.2,80.7,83.2,13.9,253.1,341.3,711.0,225.0,98.0,33.5,811.0,927.2,1299.0,443.5,268.7,14.7,548.3,618.1,986.7,829.3,346.5,14.7,380.0,627.6,459.0,260.4,230.7,45.7,570.3,776.9,941.4,251.5,228.0,57.5,1022.0,1156.0,1583.0,587.6,400.2,59.7,1111.0,1000.0,1351.0,874.5,602.0,31.0,471.9,906.7,797.0,514.7,549.1,29.0,326.0,328.3,446.2,404.2,326.0,32.5,735.1,744.0,961.0,939.0,525.7,65.9,1139.0,1072.0,1202.0,989.4,795.3,23.5,389.2,646.3,326.3,336.7,489.4,13.3,138.1,408.2,279.3,112.2,143.8,24.7,395.1,706.9,427.6,192.5,239.3,31.2,434.6,1146.0,689.8,287.6,405.9,23.8,327.1,831.1,379.6,309.0,433.6
2026-04-22,14,5,official_closing,closing_displayed,https://www.boatrace.jp/owpc/pc/race/odds3t?hd=20260422&jcd=14&rno=5,21.9,73.1,70.1,27.0,447.5,802.0,17.6,52.8,26.7,18.1,371.1,576.5,95.9,254.7,143.0,29.6,216.4,534.7,130.5,319.8,123.2,30.7,408.6,1178.0,23.0,110.8,144.7,58.8,784.6,1251.0,9.6,126.8,115.8,68.0,767.8,1306.0,64.7,364.9,284.2,93.1,645.5,1031.0,69.6,432.0,340.0,103.3,953.0,2104.0,14.1,81.0,34.5,29.3,652.0,944.7,8.8,107.0,74.8,64.4,905.1,1479.0,32.2,271.8,136.0,77.2,673.6,689.4,35.6,325.0,101.9,69.4,1072.0,2063.0,198.1,668.1,375.4,37.4,175.9,462.2,160.4,773.3,443.8,69.4,283.2,698.3,105.9,604.5,351.8,77.8,341.8,565.5,230.3,1117.0,534.7,46.6,215.0,555.8,308.6,875.7,343.6,55.9,782.7,1636.0,197.3,882.9,529.4,99.6,967.2,2204.0,155.7,630.4,284.2,84.7,1012.0,1917.0,328.3,1322.0,662.6,69.2,528.6,871.0
2026-04-22,14,6,official_closing,closing_displayed,https://www.boatrace.jp/owpc/pc/race/odds3t?hd=20260422&jcd=14&rno=6,32.7,120.2,93.6,233.5,17.7,734.2,55.7,200.2,82.9,170.3,8.9,723.1,54.7,159.0,33.0,135.5,13.6,998.5,195.9,539.9,195.9,421.6,35.5,613.4,27.1,199.2,185.8,378.8,34.0,1125.0,26.1,359.9,299.8,616.6,35.7,1348.0,18.8,234.6,164.0,472.5,48.6,1363.0,89.9,679.8,556.2,618.2,71.4,1169.0,77.5,369.9,165.4,225.3,13.2,1074.0,52.6,553.7,335.1,547.3,34.5,1510.0,75.0,539.9,141.5,190.6,25.5,1236.0,219.5,837.3,417.2,521.0,55.7,864.6,38.1,228.3,39.2,144.6,27.9,1340.0,20.6,274.6,105.9,355.6,61.2,1612.0,43.9,475.3,89.8,192.4,37.8,1412.0,120.8,748.1,170.3,405.8,73.7,1109.0,453.6,947.0,471.6,811.7,69.3,638.0,279.4,1158.0,777.3,1028.0,96.4,798.1,437.0,1205.0,513.2,990.2,95.9,720.9,343.3,1223.0,381.8,672.2,95.0,811.7
2026-04-22,14,7,official_closing,closing_displayed,https://www.boatrace.jp/owpc/pc/race/odds3t?hd=20260422&jcd=14&rno=7,50.2,375.0,84.6,40.8,469.7,1269.0,36.0,290.8,13.9,13.0,398.1,1212.0,166.8,688.2,97.4,40.0,220.5,861.9,202.9,869.9,74.4,32.3,463.9,1479.0,31.7,470.9,254.6,137.3,983.7,1756.0,5.3,466.2,200.5,177.2,1105.0,2348.0,52.6,838.8,466.2,335.5,1159.0,2609.0,42.0,994.2,509.2,299.6,1287.0,2539.0,15.3,335.5,21.4,20.9,690.8,1662.0,4.8,481.8,96.1,97.5,1043.0,2505.0,29.3,968.5,89.6,76.0,554.2,894.7,21.4,1086.0,62.9,54.7,999.4,2440.0,241.2,1092.0,291.7,91.3,303.5,806.4,146.8,1412.0,486.8,236.9,854.1,1937.0,119.0,1824.0,233.7,137.8,498.4,799.5,258.8,1937.0,536.8,137.6,445.2,1391.0,430.9,1342.0,289.5,102.6,921.1,1527.0,233.1,1606.0,763.8,276.7,949.0,2291.0,147.1,1708.0,248.5,115.5,1314.0,2348.0,433.9,2042.0,630.5,177.4,824.1,1552.0
2026-04-22,14,8,official_closing,closing_displayed,https://www.boatrace.jp/owpc/pc/race/odds3t?hd=20260422&jcd=14&rno=8,39.0,82.5,103.4,207.1,209.5,88.2,82.3,111.1,60.2,123.4,113.5,34.8,110.6,114.4,83.4,135.5,129.1,83.5,49.5,70.7,30.7,79.5,70.6,63.7,35.0,121.7,173.9,256.3,358.9,166.7,23.4,217.2,212.2,362.1,368.6,168.9,34.6,225.9,207.1,257.9,383.2,255.5,14.6,116.1,107.6,166.7,211.4,244.8,98.3,191.6,118.1,168.4,178.7,42.1,35.8,297.1,264.1,376.2,354.3,124.9,84.3,303.2,136.7,149.0,248.1,85.7,39.6,188.3,63.8,84.2,120.0,74.6,136.4,210.0,161.4,150.5,193.4,139.4,57.0,293.4,258.7,255.5,319.1,213.6,103.4,362.9,199.3,206.6,232.3,104.4,52.9,196.4,82.5,64.1,90.2,89.5,60.2,112.9,35.0,85.7,76.5,102.9,20.6,144.6,90.7,136.2,163.7,183.7,46.0,207.6,62.2,81.2,99.4,93.7,47.3,216.4,61.3,58.0,82.2,97.0
2026-04-22,14,9,official_closing,closing_displayed,https://www.boatrace.jp/owpc/pc/race/odds3t?hd=20260422&jcd=14&rno=9,50.6,81.5,135.5,23.6,267.9,727.2,25.2,39.3,62.9,30.9,276.5,874.9,89.7,114.9,169.4,34.3,118.8,432.4,122.9,172.0,171.3,37.8,258.0,986.7,56.8,113.2,154.7,35.2,379.0,832.6,28.6,48.4,68.0,36.3,337.8,861.5,79.5,127.3,165.1,41.7,201.4,388.2,108.8,149.8,200.5,52.6,342.4,973.8,21.4,39.7,53.0,43.5,375.8,965.4,25.7,38.1,60.3,36.4,404.3,965.4,46.5,46.3,64.0,43.7,223.1,367.2,45.8,63.2,55.4,49.0,420.2,957.2,173.1,271.1,317.2,32.7,105.0,366.0,174.0,216.8,263.2,40.6,132.6,327.9,124.7,121.0,135.3,42.6,145.9,321.8,278.2,260.4,308.5,30.1,102.6,320.9,350.5,383.5,360.1,64.0,357.2,885.3,276.1,290.1,341.9,68.5,370.8,945.1,164.4,170.5,129.7,73.5,440.9,925.5,425.0,352.7,354.9,54.5,205.4,389.5
2026-04-22,14,10,official_closing,closing_displayed,https://www.boatrace.jp/owpc/pc/race/odds3t?hd=20260422&jcd=14&rno=10,10.8,32.3,13.8,190.5,491.4,347.3,37.7,125.7,14.3,96.1,282.0,183.5,71.8,198.3,24.5,150.1,400.6,493.6,51.0,187.9,22.6,270.5,753.1,697.9,6.9,54.0,35.2,275.3,817.7,504.9,8.7,143.1,83.1,293.3,608.7,493.6,19.6,224.7,114.9,447.2,1118.0,987.2,15.2,214.6,111.8,506.1,1266.0,1266.0,55.3,288.3,39.7,123.5,410.4,209.3,32.8,286.1,77.5,257.5,640.8,394.8,104.1,586.0,78.6,224.7,691.3,411.1,100.3,644.6,108.2,324.2,1118.0,676.4,161.9,567.7,82.2,233.1,537.1,735.4,81.3,524.3,158.8,410.4,936.6,1048.0,188.9,1024.0,144.7,285.0,693.5,648.4,208.7,1118.0,224.5,538.4,1123.0,1159.0,87.4,408.8,63.6,549.2,1387.0,1178.0,42.6,385.8,126.2,760.9,1312.0,1521.0,104.8,920.8,104.3,534.5,1623.0,1361.0,156.3,1129.0,160.6,928.6,1501.0,1378.0
2026-04-22,14,11,official_closing,closing_displayed,https://www.boatrace.jp/owpc/pc/race/odds3t?hd=20260422&jcd=14&rno=11,14.4,68.8,68.8,178.1,102.8,497.0,26.6,95.8,63.2,190.6,80.7,451.9,18.1,72.3,33.1,125.0,137.3,707.2,41.7,133.0,51.6,176.5,84.4,337.9,16.0,112.6,117.5,282.5,172.1,766.3,14.8,158.4,146.1,430.7,215.3,1085.0,8.5,89.9,71.2,330.6,446.6,1380.0,18.5,143.9,130.7,343.0,222.4,1051.0,46.8,198.3,119.6,249.3,127.7,541.6,37.6,243.2,178.7,371.3,224.4,1080.0,35.4,230.9,99.1,246.6,327.3,1060.0,56.9,263.9,133.9,260.3,204.4,640.0,31.4,139.9,68.3,198.5,250.6,966.8,19.1,144.1,92.3,384.4,480.3,1272.0,44.6,292.2,127.5,310.9,436.4,1101.0,28.5,197.3,79.6,171.3,245.3,734.4,108.5,370.7,146.5,334.5,162.7,362.5,66.5,405.5,235.2,435.6,275.7,806.8,114.8,537.8,233.8,409.1,286.7,629.5,57.9,359.7,128.5,237.6,325.9,671.9
2026-04-22,14,12,official_closing,closing_displayed,https://www.boatrace.jp/owpc/pc/race/odds3t?hd=20260422&jcd=14&rno=12,9.6,39.6,49.3,42.7,182.1,1119.0,10.2,39.5,38.4,57.2,209.9,1456.0,22.8,68.6,57.2,41.5,151.6,1140.0,63.8,148.2,159.9,90.1,239.2,1954.0,12.3,111.6,101.1,69.7,342.7,1605.0,11.1,163.8,163.4,124.1,498.6,2477.0,20.4,251.7,172.0,87.9,422.9,1589.0,68.0,445.6,391.3,144.6,560.8,2365.0,14.6,107.7,71.0,99.0,310.3,2017.0,16.7,180.2,141.8,155.5,403.9,2996.0,26.3,226.2,102.3,115.2,345.7,1818.0,59.1,359.1,251.5,276.2,486.3,2996.0,55.9,245.2,148.4,52.5,158.4,1338.0,53.4,364.1,208.1,73.9,224.5,1398.0,59.9,380.4,171.8,107.4,280.6,1597.0,132.1,636.9,296.8,90.2,222.6,1738.0,237.2,636.9,603.9,188.0,705.5,2083.0,245.0,904.1,721.6,261.3,832.4,2365.0,223.9,794.5,533.3,334.7,1066.0,2622.0,304.3,1002.0,731.7,210.4,700.7,1767.0
2026-04-22,15,1,official_closing,closing_displayed,https://www.boatrace.jp/owpc/pc/race/odds3t?hd=20260422&jcd=15&rno=1,7.1,14.7,96.1,193.3,252.9,133.0,11.0,29.6,160.5,280.0,329.0,262.1,32.1,72.1,273.3,433.3,601.1,441.6,10.4,18.9,144.2,246.4,250.1,624.0,17.4,31.3,105.1,202.5,324.3,113.9,33.3,48.0,125.7,253.4,240.2,185.5,68.3,97.3,234.8,466.7,478.4,302.1,27.0,36.9,97.7,182.8,211.8,426.8,40.3,75.4,269.5,393.2,656.1,349.0,59.3,77.2,208.7,350.0,505.8,310.3,141.7,164.5,571.2,1073.0,1275.0,775.8,54.0,69.6,298.2,501.4,526.7,1083.0,65.0,219.5,514.9,519.5,679.4,624.0,94.8,203.2,400.0,526.7,637.9,508.0,159.0,357.7,652.4,700.1,760.4,802.9,78.9,197.2,480.4,394.5,368.0,844.3,26.3,49.6,245.8,317.1,343.7,683.4,38.0,62.3,197.2,263.3,267.6,534.0,59.9,101.4,431.6,441.6,422.1,832.0,94.1,189.4,652.4,430.0,408.6,791.8
2026-04-22,15,2,official_closing,closing_displayed,https://www.boatrace.jp/owpc/pc/race/odds3t?hd=20260422&jcd=15&rno=2,8.2,19.7,112.7,25.9,308.7,2064.0,5.1,10.3,97.7,65.6,545.4,3759.0,33.8,60.3,220.2,52.6,318.9,3395.0,253.0,341.7,1042.0,261.8,1074.0,2924.0,20.5,52.6,132.0,28.1,419.3,1814.0,23.9,44.7,93.1,56.3,612.0,3395.0,73.7,114.2,267.8,53.0,501.2,2770.0,511.0,679.1,948.3,251.8,1422.0,3898.0,9.1,21.8,122.1,122.8,939.9,4576.0,18.3,38.6,105.5,90.8,869.9,4576.0,40.7,85.1,234.9,159.9,1022.0,3759.0,273.4,381.4,907.4,923.4,2770.0,5540.0,102.4,188.6,485.1,72.3,337.4,3759.0,174.5,256.7,434.9,79.6,401.7,3007.0,124.5,171.4,501.2,159.9,688.0,3395.0,657.9,1268.0,1442.0,266.5,1253.0,4576.0,551.1,1108.0,2239.0,741.3,1846.0,3395.0,907.4,1913.0,1571.0,736.1,2770.0,5848.0,774.0,1209.0,1367.0,1238.0,3759.0,4386.0,779.7,2064.0,1949.0,822.4,2392.0,3898.0
2026-04-22,15,3,official_closing,closing_displayed,https://www.boatrace.jp/owpc/pc/race/odds3t?hd=20260422&jcd=15&rno=3,8.9,35.6,84.1,159.7,81.1,109.5,17.1,72.4,115.3,241.4,150.5,150.1,10.0,44.1,111.8,145.7,204.8,273.5,9.2,40.4,103.7,125.9,86.1,163.9,13.8,105.0,128.6,250.6,162.3,195.8,28.5,263.1,253.9,458.0,544.9,400.7,23.0,198.0,228.6,289.0,632.4,553.6,24.2,163.1,213.4,289.6,207.3,488.8,41.3,215.0,230.5,370.6,401.9,307.0,59.0,339.5,349.9,586.6,623.8,576.8,60.8,360.9,323.6,475.4,774.5,737.2,50.5,278.5,273.0,428.1,458.0,765.9,21.3,123.2,222.0,165.1,287.8,462.6,44.0,297.7,263.6,210.1,430.8,710.6,76.7,391.6,387.2,417.7,787.8,851.0,29.7,204.5,263.6,147.6,276.8,659.6,29.7,159.0,236.0,190.6,195.2,302.3,57.7,287.8,367.6,273.0,262.6,589.1,80.7,361.8,354.4,432.1,560.4,907.0,50.6,280.7,301.6,207.3,375.6,662.8
2026-04-22,15,4,official_closing,closing_displayed,https://www.boatrace.jp/owpc/pc/race/odds3t?hd=20260422&jcd=15&rno=4,10.6,45.3,142.3,75.4,86.3,395.1,11.3,33.8,134.1,153.8,135.0,514.2,14.1,40.5,135.1,76.6,109.1,546.9,28.3,82.9,137.6,131.1,85.0,408.6,17.5,103.0,184.0,107.3,136.3,552.5,21.8,114.2,173.3,212.6,291.2,968.2,22.3,106.8,171.8,93.9,193.8,808.0,31.4,195.4,266.0,183.7,212.1,796.0,25.1,72.3,191.0,285.8,262.4,667.5,31.1,109.5,284.6,340.0,390.0,1482.0,31.1,67.7,192.9,204.9,347.2,1107.0,51.0,149.9,224.8,288.5,283.5,1004.0,31.8,98.7,229.1,66.7,119.9,605.4,38.7,142.3,246.2,72.2,139.1,880.9,46.1,109.6,245.3,150.3,279.8,938.6,50.5,171.4,242.5,66.4,119.0,544.1,105.0,293.6,286.2,223.6,167.1,433.3,111.0,454.4,503.3,256.8,261.4,731.0,117.2,390.8,368.6,340.6,336.3,728.6,106.8,352.9,315.1,152.6,238.5,509.3
2026-04-22,15,5,official_closing,closing_displayed,https://www.boatrace.jp/owpc/pc/race/odds3t?hd=20260422&jcd=15&rno=5,24.3,215.0,109.7,706.0,330.3,94.7,43.4,313.4,66.1,445.6,251.0,42.4,32.8,334.5,55.3,601.8,350.0,109.8,19.0,180.1,22.2,319.9,104.9,96.3,21.3,405.1,305.3,1037.0,962.9,213.9,18.9,1079.0,557.3,1604.0,1513.0,438.3,16.5,1234.0,559.4,2053.0,2208.0,732.4,6.9,657.0,251.8,1265.0,1193.0,858.7,57.7,783.1,158.6,499.4,316.8,63.5,43.7,1095.0,433.8,1432.0,1293.0,322.0,58.4,1707.0,236.0,716.3,1341.0,197.9,32.2,1052.0,115.6,454.6,189.4,177.8,45.3,751.1,154.3,1133.0,1347.0,363.0,36.1,1640.0,443.6,1812.0,2645.0,1133.0,53.4,1984.0,293.6,1513.0,2208.0,575.8,16.4,1311.0,95.2,881.9,1156.0,920.6,20.6,323.4,35.9,406.7,252.5,242.5,9.7,594.5,150.5,1099.0,962.9,920.6,24.6,848.8,92.2,587.3,453.9,418.9,16.8,998.9,85.2,756.9,848.8,753.0
2026-04-22,15,6,official_closing,closing_displayed,https://www.boatrace.jp/owpc/pc/race/odds3t?hd=20260422&jcd=15&rno=6,16.1,151.9,42.3,257.6,64.3,2558.0,48.2,303.9,41.5,255.2,25.2,2375.0,19.5,177.7,10.8,221.5,80.6,4216.0,261.6,870.2,232.6,1330.0,198.2,1894.0,10.6,241.8,139.5,618.5,174.6,3086.0,15.9,619.8,331.8,915.5,208.3,3838.0,4.0,294.3,131.1,723.1,438.9,3441.0,126.8,1511.0,947.3,1982.0,829.2,4402.0,83.2,724.8,132.7,356.8,44.0,2746.0,49.0,921.1,377.0,935.5,136.6,4100.0,46.2,935.5,117.5,344.5,138.7,4045.0,391.3,1931.0,781.6,1982.0,344.5,2771.0,18.2,298.7,23.5,197.7,186.1,4828.0,7.5,390.3,76.2,261.0,267.0,3838.0,28.0,543.3,75.9,281.6,216.3,5443.0,116.3,1720.0,270.6,855.3,735.5,4468.0,757.9,2433.0,1061.0,2302.0,542.3,2414.0,608.4,3363.0,1982.0,2746.0,1174.0,4605.0,956.4,3742.0,1425.0,2771.0,875.3,2906.0,511.7,3522.0,1065.0,2036.0,1385.0,3789.0
2026-04-22,15,7,official_closing,closing_displayed,https://www.boatrace.jp/owpc/pc/race/odds3t?hd=20260422&jcd=15&rno=7,30.5,237.1,101.6,33.9,1929.0,1652.0,16.8,180.4,16.8,14.7,1803.0,1268.0,220.8,987.3,274.8,108.4,1384.0,964.5,116.9,622.6,130.3,44.8,2366.0,3370.0,22.5,531.4,279.9,109.5,2547.0,2060.0,4.0,727.0,311.0,219.1,2627.0,4278.0,143.0,1738.0,1463.0,688.0,3061.0,2648.0,54.0,1574.0,909.3,294.8,2713.0,4907.0,9.0,306.4,27.5,30.6,2383.0,1530.0,3.4,618.0,152.0,143.1,3476.0,4020.0,48.8,2072.0,339.8,303.9,3337.0,2400.0,19.7,1123.0,111.4,115.7,4836.0,6543.0,513.4,2210.0,1023.0,320.2,1303.0,535.6,449.1,4020.0,1864.0,727.0,3405.0,2509.0,333.0,3512.0,1116.0,649.2,2691.0,736.6,636.8,3090.0,2098.0,575.3,2953.0,3972.0,293.5,1516.0,588.5,138.9,3033.0,4020.0,298.4,3118.0,1444.0,342.2,4509.0,5959.0,182.2,2181.0,587.5,276.2,4907.0,6674.0,730.2,2927.0,2139.0,626.1,3550.0,4635.0
2026-04-22,15,8,official_closing,closing_displayed,https://www.boatrace.jp/owpc/pc/race/odds3t?hd=20260422&jcd=15&rno=8,9.7,79.7,130.1,60.2,177.3,1011.0,7.3,58.5,67.9,85.6,243.2,1290.0,20.5,87.6,134.3,57.3,170.9,1009.0,46.6,222.3,199.4,121.9,296.6,1211.0,13.7,154.2,213.0,103.2,237.4,1397.0,9.2,159.3,214.5,230.2,545.8,2907.0,23.3,202.3,295.2,156.9,404.1,1710.0,31.9,419.3,521.0,280.8,594.1,2450.0,10.4,91.9,121.4,157.7,367.0,1723.0,12.1,164.1,228.9,299.7,687.8,2520.0,16.9,147.3,197.5,253.6,726.8,2675.0,29.6,289.3,282.0,368.6,952.2,2535.0,41.5,172.1,229.0,82.6,191.3,1246.0,52.5,363.7,428.3,164.5,345.0,1751.0,47.7,270.8,351.4,244.7,509.4,2725.0,92.1,531.8,604.8,175.4,400.8,1683.0,150.3,622.1,679.2,294.4,550.6,1204.0,124.3,1198.0,1346.0,453.3,856.7,2000.0,110.1,843.5,740.4,597.4,1093.0,2565.0,222.9,935.8,1141.0,406.0,650.9,1645.0
2026-04-22,15,9,official_closing,closing_displayed,https://www.boatrace.jp/owpc/pc/race/odds3t?hd=20260422&jcd=15&rno=9,7.1,82.6,70.8,101.8,322.5,629.2,7.9,95.5,62.3,115.9,309.1,710.4,16.1,121.4,78.3,100.4,293.7,552.9,38.5,218.0,149.4,136.3,356.6,735.0,9.9,194.9,156.1,229.2,639.6,1070.0,7.8,339.2,262.2,443.6,1090.0,1991.0,14.6,409.3,301.0,382.4,1452.0,1972.0,33.2,955.2,658.5,560.9,1493.0,2280.0,12.9,316.0,142.2,232.6,496.6,1296.0,13.2,530.1,271.1,430.1,1137.0,2771.0,18.3,702.1,217.1,379.6,1168.0,1954.0,29.6,851.6,324.9,569.2,1503.0,2601.0,38.7,543.7,236.2,171.2,372.3,750.6,38.8,823.5,397.1,346.4,1014.0,2099.0,49.2,1026.0,366.2,422.0,944.5,1893.0,59.6,1204.0,581.7,257.0,602.4,1184.0,110.5,846.5,512.2,335.7,717.6,1012.0,114.9,1804.0,1229.0,699.8,1669.0,2684.0,100.6,1427.0,751.9,762.7,1759.0,2771.0,124.7,1789.0,966.0,443.6,953.0,1304.0
2026-04-22,15,10,official_closing,closing_displayed,https://www.boatrace.jp/owpc/pc/race/odds3t?hd=20260422&jcd=15&rno=10,10.8,50.5,63.6,29.0,419.1,2097.0,8.2,34.6,38.9,39.9,455.3,2789.0,44.0,145.3,86.7,54.8,325.8,1793.0,94.7,254.5,233.4,105.3,691.9,3010.0,12.5,114.0,117.2,50.4,714.1,2624.0,8.8,72.8,68.8,66.0,813.4,3699.0,33.8,299.1,192.8,118.1,749.3,2432.0,114.4,575.3,565.5,204.8,1451.0,4162.0,8.3,59.6,62.5,81.2,735.8,3329.0,10.5,69.8,57.9,76.9,1131.0,4477.0,29.9,213.7,114.8,170.6,913.8,2818.0,62.6,327.0,275.3,301.8,2122.0,4262.0,79.5,492.4,217.9,74.3,365.6,2041.0,72.1,595.9,285.6,104.8,510.8,2219.0,90.7,545.8,231.4,168.9,652.1,2849.0,199.0,1183.0,765.5,136.0,631.2,2833.0,369.4,958.2,1030.0,248.5,1432.0,3528.0,423.5,1318.0,1409.0,291.7,1909.0,3888.0,317.3,1005.0,931.4,385.7,2165.0,3805.0,461.2,1680.0,1451.0,283.6,1539.0,3062.0
2026-04-22,15,11,official_closing,closing_displayed,https://www.boatrace.jp/owpc/pc/race/odds3t?hd=20260422&jcd=15&rno=11,7.8,26.7,24.6,126.4,380.5,524.0,13.5,40.4,21.7,120.4,388.3,431.1,46.2,120.9,67.3,190.5,457.5,594.5,41.0,75.9,39.9,151.7,475.5,1000.0,8.1,50.5,47.0,165.4,625.2,727.2,9.1,57.2,43.3,145.5,785.7,522.4,38.3,192.3,143.0,350.1,838.8,726.2,24.3,94.1,69.6,208.4,888.7,1508.0,27.9,126.1,61.7,149.7,633.0,528.9,24.5,104.7,60.7,135.4,667.1,481.8,77.2,373.2,158.2,336.6,911.0,422.9,53.0,195.0,62.9,151.9,1043.0,1452.0,122.5,428.6,265.8,249.0,582.3,733.5,114.2,458.7,260.5,320.1,728.2,749.7,176.0,655.9,300.7,368.9,794.2,460.8,186.6,728.2,327.3,248.4,639.4,1400.0,123.5,369.4,160.3,238.8,924.2,1313.0,107.6,248.0,160.5,251.4,1261.0,1855.0,142.3,314.9,146.5,218.6,1400.0,2083.0,238.7,819.9,413.6,320.7,870.4,1603.0
2026-04-22,15,12,official_closing,closing_displayed,https://www.boatrace.jp/owpc/pc/race/odds3t?hd=20260422&jcd=15&rno=12,4.6,20.3,80.1,156.8,323.8,802.7,5.3,20.9,93.4,304.0,501.5,1505.0,11.4,34.2,129.0,293.8,659.3,1405.0,21.5,54.4,185.0,381.1,567.4,1753.0,10.8,83.6,144.9,215.3,457.9,1006.0,17.6,141.5,240.1,456.3,812.8,2253.0,26.9,218.9,313.6,455.9,982.0,1799.0,45.8,298.5,400.4,577.5,1075.0,2171.0,16.3,77.9,253.8,543.9,850.5,2086.0,32.1,165.8,314.8,629.4,1283.0,3020.0,44.5,218.8,482.4,1045.0,1987.0,2852.0,56.7,287.2,514.9,1117.0,2086.0,3182.0,34.7,174.1,413.9,502.2,1017.0,2044.0,56.0,382.3,566.1,616.4,1105.0,2393.0,86.5,396.3,827.3,1037.0,1822.0,3072.0,101.0,503.6,857.6,756.4,1433.0,3262.0,112.8,304.5,731.2,898.1,1417.0,2323.0,174.7,790.7,967.4,1051.0,1824.0,3040.0,193.8,710.1,1073.0,1713.0,2385.0,3820.0,221.5,871.2,1201.0,1302.0,2218.0,2763.0
2026-04-22,17,1,official_closing,closing_displayed,https://www.boatrace.jp/owpc/pc/race/odds3t?hd=20260422&jcd=17&rno=1,7.6,47.4,37.2,258.4,69.6,992.2,18.0,112.5,55.6,215.0,59.7,848.6,11.3,76.4,32.9,226.2,141.8,1230.0,49.4,216.6,90.0,478.1,93.6,858.3,8.5,92.4,75.4,375.1,142.7,1470.0,17.1,317.9,218.5,701.9,224.1,2045.0,9.9,208.5,129.1,710.4,529.4,2208.0,40.6,502.2,298.5,848.6,263.9,1681.0,40.0,278.4,89.2,234.0,92.7,1024.0,37.8,497.9,180.1,488.7,152.2,1442.0,41.6,585.2,78.3,301.8,195.9,1777.0,117.1,786.6,150.9,432.6,160.1,1275.0,19.4,210.3,52.6,331.1,382.7,2119.0,19.0,294.8,85.6,625.4,740.3,2478.0,46.1,595.7,75.5,458.2,545.3,2443.0,48.5,576.2,84.3,656.5,782.0,2455.0,188.7,876.8,276.7,820.9,190.9,934.2,167.6,1113.0,491.4,1051.0,266.5,1491.0,244.1,1303.0,342.3,1104.0,326.6,1322.0,167.5,1130.0,270.9,1003.0,531.0,1962.0
2026-04-22,17,2,official_closing,closing_displayed,https://www.boatrace.jp/owpc/pc/race/odds3t?hd=20260422&jcd=17&rno=2,19.9,29.4,61.7,127.5,376.3,196.6,42.3,52.6,77.0,154.1,303.9,233.6,49.0,69.3,87.7,181.8,401.2,176.8,55.4,63.3,91.2,81.6,408.8,381.0,27.6,44.2,65.5,130.5,458.1,193.5,45.5,32.1,41.3,82.1,260.8,89.4,44.2,35.5,51.4,131.9,449.7,84.2,57.5,24.6,38.3,43.4,346.8,217.7,79.1,110.9,118.3,187.4,379.7,267.9,75.0,62.0,64.0,104.6,282.3,115.2,120.1,110.9,85.3,159.5,408.5,121.1,81.6,47.6,61.7,69.0,364.5,246.7,114.2,159.1,149.9,290.2,480.1,102.0,104.4,95.9,103.7,240.2,486.1,57.5,148.2,148.5,116.3,252.2,462.8,74.0,145.2,117.3,110.2,131.4,282.0,119.5,126.8,120.4,160.6,54.1,542.0,545.0,132.0,57.5,74.8,30.6,460.6,418.0,129.6,67.1,88.5,40.9,446.6,403.4,201.9,133.3,129.7,66.9,347.7,273.1
2026-04-22,17,3,official_closing,closing_displayed,https://www.boatrace.jp/owpc/pc/race/odds3t?hd=20260422&jcd=17&rno=3,14.2,88.3,65.8,277.4,136.7,535.2,29.2,153.3,28.7,128.3,94.5,324.2,31.7,157.6,32.9,202.2,187.3,681.7,23.8,119.0,29.0,173.7,86.3,584.5,13.2,187.4,161.5,497.3,290.6,956.8,9.1,468.1,255.8,677.0,523.8,1116.0,10.3,440.5,206.6,783.0,1035.0,1844.0,10.6,274.5,158.0,581.0,375.3,1757.0,36.5,420.2,78.1,178.9,159.7,411.4,19.0,648.7,224.0,579.9,326.5,1017.0,35.4,971.0,101.2,342.2,337.7,688.9,28.5,748.2,86.7,258.3,155.0,760.8,44.6,449.3,78.2,309.1,458.3,1091.0,25.5,712.1,193.6,583.9,925.3,1811.0,58.6,1097.0,131.3,431.2,642.4,894.5,37.4,708.7,87.8,309.1,383.6,1173.0,61.5,521.0,121.2,361.0,205.9,738.9,44.3,603.6,278.4,661.8,414.3,1237.0,87.2,1171.0,169.7,378.2,253.8,785.0,82.8,1002.0,175.1,429.0,448.2,1103.0
2026-04-22,17,4,official_closing,closing_displayed,https://www.boatrace.jp/owpc/pc/race/odds3t?hd=20260422&jcd=17&rno=4,8.6,28.4,68.8,68.4,205.5,555.6,9.4,28.1,67.1,107.8,293.4,660.8,20.6,52.0,102.9,79.4,204.8,775.8,20.9,43.2,92.7,88.9,220.1,970.3,13.3,74.0,106.1,121.0,289.4,766.2,16.2,123.3,154.2,220.7,579.4,1153.0,28.7,195.8,204.6,161.6,446.4,1023.0,29.3,154.7,164.8,152.4,457.6,1501.0,17.0,86.6,132.1,195.0,475.9,830.0,25.6,154.9,181.3,275.7,682.7,1146.0,32.4,190.2,223.4,328.6,782.1,1335.0,35.0,158.1,205.3,303.0,705.5,1773.0,44.2,211.4,281.4,92.3,210.0,856.2,57.2,404.8,302.9,116.9,258.4,885.4,58.7,364.3,392.4,233.3,534.5,1333.0,64.8,363.1,354.9,90.1,218.9,817.0,79.1,274.3,278.1,161.6,410.5,1169.0,110.6,388.6,283.2,187.0,541.8,1495.0,112.1,418.3,410.7,296.1,814.1,1777.0,142.3,530.4,449.7,166.7,396.7,894.7
2026-04-22,17,5,official_closing,closing_displayed,https://www.boatrace.jp/owpc/pc/race/odds3t?hd=20260422&jcd=17&rno=5,20.0,92.9,129.9,70.0,323.5,115.6,13.8,43.1,164.0,121.9,381.8,181.8,42.8,89.0,236.8,82.7,226.5,130.8,11.8,34.4,118.0,36.2,152.5,267.6,23.8,210.5,247.9,102.0,488.2,195.7,32.1,268.7,466.1,243.1,787.2,359.1,64.8,373.0,572.8,142.0,578.5,183.6,24.8,156.8,274.3,55.2,336.9,485.2,21.8,64.9,348.2,219.9,672.0,356.4,37.0,168.6,518.1,321.5,998.8,453.9,52.1,109.4,741.1,362.3,932.7,401.3,15.4,40.4,302.8,139.7,577.0,792.2,105.0,195.8,627.1,79.9,209.8,131.6,128.2,313.5,844.3,130.6,389.5,139.9,114.2,187.7,1064.0,142.5,483.3,251.9,69.1,122.3,641.9,45.8,129.2,200.6,28.7,64.6,250.9,35.8,180.2,421.5,49.5,142.9,322.1,46.2,288.7,517.4,31.2,59.8,354.5,75.3,365.5,693.4,79.6,137.2,574.7,46.7,167.2,311.3
2026-04-22,17,6,official_closing,closing_displayed,https://www.boatrace.jp/owpc/pc/race/odds3t?hd=20260422&jcd=17&rno=6,17.0,131.8,56.6,157.0,99.2,677.0,22.0,149.5,36.3,126.9,63.6,476.2,20.8,162.7,27.3,93.7,109.3,569.3,46.6,238.6,36.7,126.0,69.1,492.1,18.7,250.7,132.7,314.9,271.2,1193.0,15.0,509.2,235.3,644.3,419.5,1918.0,12.4,432.6,168.8,463.2,631.8,2072.0,21.1,650.5,232.8,453.6,394.1,1595.0,32.7,318.6,52.1,146.0,88.6,698.5,28.0,642.1,147.0,383.0,229.2,1719.0,27.2,579.4,49.5,146.6,196.6,1244.0,40.4,672.1,68.6,174.7,124.0,996.1,28.2,394.9,36.2,126.9,218.0,858.9,21.1,575.0,90.2,315.2,544.8,1756.0,37.9,765.7,55.9,206.7,376.8,1612.0,30.9,692.6,47.0,161.1,270.9,1118.0,92.5,806.1,91.8,288.7,155.2,635.6,65.0,1010.0,224.2,544.8,354.7,1301.0,83.0,1172.0,139.7,486.1,219.3,959.1,69.0,1047.0,105.2,319.2,339.5,1067.0
2026-04-22,17,7,official_closing,closing_displayed,https://www.boatrace.jp/owpc/pc/race/odds3t?hd=20260422&jcd=17&rno=7,11.5,47.2,40.4,178.2,146.2,400.7,20.5,77.9,45.4,156.7,116.5,364.3,18.2,66.9,33.1,139.2,211.2,511.1,28.9,82.7,43.1,130.2,122.6,446.6,12.8,90.4,87.6,341.2,290.0,636.1,18.6,180.3,118.1,484.6,351.6,824.3,14.4,130.2,93.0,390.3,588.2,906.1,22.0,150.8,86.1,283.8,271.5,1022.0,38.3,213.4,75.3,214.0,174.1,422.7,36.2,258.9,107.0,371.1,312.3,698.2,46.9,277.5,70.8,208.4,450.4,599.8,43.1,242.3,55.3,155.3,208.2,598.3,37.5,224.9,72.2,184.4,334.0,636.7,33.1,229.0,105.6,282.1,523.0,857.9,67.5,400.2,109.3,277.4,500.0,766.0,42.9,238.2,63.1,143.6,271.2,661.6,91.4,311.9,110.9,214.4,218.1,529.0,77.5,356.6,118.1,274.1,302.6,916.8,112.3,452.4,99.8,222.9,266.0,696.8,93.9,378.0,92.1,195.2,323.7,652.9
2026-04-22,17,8,official_closing,closing_displayed,https://www.boatrace.jp/owpc/pc/race/odds3t?hd=20260422&jcd=17&rno=8,16.7,51.8,53.4,90.1,547.4,526.0,23.6,63.7,33.9,73.8,526.0,504.5,64.6,136.3,69.8,109.2,499.3,576.4,36.4,93.5,47.8,68.4,495.3,1037.0,17.3,77.3,80.6,129.3,736.9,702.1,12.3,39.6,42.2,89.3,690.1,472.1,36.9,94.7,81.3,144.2,796.5,518.9,22.8,58.6,54.2,82.3,649.5,1108.0,29.5,106.5,45.7,93.3,696.7,544.9,21.4,61.1,44.6,84.1,730.2,464.6,57.2,140.2,60.6,112.3,523.4,353.4,34.5,80.6,33.7,58.6,577.3,742.9,147.3,304.8,162.7,115.3,414.6,527.2,124.9,210.9,150.9,120.5,502.1,393.9,166.2,278.6,133.1,129.4,447.5,315.8,155.9,247.9,123.5,78.0,331.4,632.0,97.6,302.9,127.7,98.2,640.9,1118.0,76.5,165.7,122.1,84.2,819.9,1181.0,114.5,189.4,89.2,79.2,649.5,907.8,197.0,296.6,152.1,97.9,549.0,784.5
2026-04-22,17,9,official_closing,closing_displayed,https://www.boatrace.jp/owpc/pc/race/odds3t?hd=20260422&jcd=17&rno=9,9.3,22.1,65.4,69.7,111.9,1065.0,9.6,14.9,86.0,185.8,187.1,1614.0,14.2,20.5,110.0,79.5,152.5,1543.0,64.4,78.2,281.3,217.3,253.3,1626.0,18.1,55.0,87.8,81.5,156.2,1219.0,29.2,50.6,68.4,162.6,272.2,1773.0,42.9,64.3,81.3,72.2,167.5,1170.0,128.3,175.6,244.2,191.7,345.1,1527.0,18.7,36.6,148.6,353.9,326.3,2356.0,42.7,62.5,106.4,263.9,325.2,2242.0,29.2,35.6,132.5,285.0,443.1,2577.0,97.8,109.5,292.3,534.5,675.9,2654.0,42.0,74.1,182.8,92.8,196.6,1912.0,77.1,109.7,143.8,71.1,154.6,1241.0,65.5,69.6,173.4,198.2,428.0,2623.0,158.1,187.5,338.8,123.8,271.7,1103.0,263.1,348.9,786.2,498.5,640.1,1950.0,362.5,496.3,661.2,380.7,627.3,1704.0,339.1,371.9,674.3,694.0,1132.0,2807.0,386.4,417.7,715.4,319.7,528.4,1237.0
2026-04-22,17,10,official_closing,closing_displayed,https://www.boatrace.jp/owpc/pc/race/odds3t?hd=20260422&jcd=17&rno=10,13.7,71.9,88.5,64.4,74.9,777.1,10.7,51.3,54.8,74.8,90.3,892.7,26.1,87.9,80.4,64.7,72.6,873.7,42.2,136.9,132.9,114.7,138.5,1135.0,14.0,194.6,186.9,132.9,139.0,1194.0,10.8,264.7,183.9,285.2,199.6,1564.0,23.6,351.2,227.7,188.2,147.3,1286.0,34.9,507.1,361.9,286.9,265.6,1574.0,12.0,127.3,76.3,133.2,170.0,1202.0,12.4,236.5,128.4,240.5,228.0,1678.0,18.3,203.6,93.5,174.3,187.3,1304.0,30.5,304.4,130.4,243.2,350.7,1659.0,47.6,282.1,162.2,93.6,107.4,999.1,45.9,451.0,204.4,131.9,132.4,1188.0,41.8,320.0,151.4,171.6,158.7,1387.0,103.0,565.3,314.4,163.4,203.5,941.7,125.0,593.0,456.6,268.5,426.2,1377.0,127.4,904.8,488.6,369.9,468.1,1629.0,111.7,687.4,349.9,432.5,620.9,1932.0,174.3,919.4,551.4,309.4,447.4,1150.0
2026-04-22,17,11,official_closing,closing_displayed,https://www.boatrace.jp/owpc/pc/race/odds3t?hd=20260422&jcd=17&rno=11,9.6,35.1,16.9,289.6,401.2,1183.0,27.5,103.6,15.7,190.5,244.8,777.3,38.0,143.6,19.6,333.8,580.7,1840.0,62.7,178.0,28.4,384.4,550.1,1898.0,6.8,54.7,43.0,457.0,702.4,1582.0,7.5,130.3,76.6,512.1,722.2,1760.0,11.7,180.2,94.4,847.5,1542.0,2235.0,19.0,229.8,116.6,739.9,961.3,2708.0,42.8,272.9,47.0,217.7,302.5,780.9,25.1,302.7,87.7,389.0,623.1,1606.0,65.8,665.8,74.7,353.7,694.3,1306.0,81.2,615.4,83.6,360.0,592.9,1495.0,85.5,461.7,73.6,509.6,796.4,2172.0,49.4,459.2,133.2,781.6,1424.0,1969.0,142.3,877.4,123.7,522.5,828.4,1530.0,139.0,801.7,115.5,571.3,1107.0,2177.0,202.2,776.6,139.5,780.2,1083.0,2682.0,123.9,764.0,223.0,899.9,1498.0,3017.0,253.1,1088.0,210.1,688.6,932.6,1890.0,267.0,1253.0,218.0,876.5,1389.0,2435.0
2026-04-22,17,12,official_closing,closing_displayed,https://www.boatrace.jp/owpc/pc/race/odds3t?hd=20260422&jcd=17&rno=12,6.5,41.6,52.0,177.1,126.5,342.6,12.5,65.2,67.7,244.5,158.8,563.4,10.7,59.4,64.3,229.5,311.8,842.9,15.2,70.8,75.4,238.0,131.3,458.0,8.7,100.7,102.3,292.8,273.0,509.5,15.9,319.1,241.5,604.4,464.4,1150.0,16.0,288.2,201.3,552.9,810.6,1409.0,18.2,303.2,224.5,499.5,345.0,1051.0,27.1,206.0,173.6,449.9,310.1,947.5,34.3,455.4,255.0,694.6,488.2,1388.0,55.9,645.0,274.0,796.3,977.8,2403.0,50.3,425.6,257.2,791.5,480.7,1561.0,25.8,248.4,146.1,372.2,649.0,1494.0,31.4,442.4,202.8,543.9,1041.0,1630.0,80.1,810.0,286.5,830.7,1331.0,2791.0,41.6,443.9,195.2,456.4,822.2,2460.0,50.7,278.7,306.7,526.0,202.0,495.9,68.7,602.0,426.3,670.4,286.1,779.6,118.2,669.9,600.2,1087.0,415.8,1104.0,86.0,616.3,448.9,715.2,599.5,1580.0
2026-04-22,18,1,official_closing,closing_displayed,https://www.boatrace.jp/owpc/pc/race/odds3t?hd=20260422&jcd=18&rno=1,4.9,26.5,27.7,179.4,1767.0,123.5,13.6,59.0,40.3,154.7,1327.0,125.9,188.1,538.9,342.6,802.1,2011.0,208.3,13.3,61.6,37.7,193.4,2891.0,775.2,5.8,48.1,52.3,293.3,2694.0,201.4,12.3,103.9,91.4,332.3,2546.0,217.5,190.8,744.0,656.1,1652.0,3513.0,395.3,10.2,95.7,88.9,399.3,5046.0,1492.0,39.3,204.8,80.7,190.2,2134.0,186.1,38.7,231.4,110.2,266.3,2861.0,218.8,360.9,1476.0,678.5,1273.0,3964.0,363.7,48.3,312.1,98.1,253.0,3265.0,1284.0,851.3,1508.0,1250.0,1968.0,2803.0,329.6,730.3,1875.0,1802.0,2456.0,4205.0,428.9,1101.0,2546.0,1802.0,3016.0,5046.0,476.0,833.4,2861.0,1888.0,2413.0,2803.0,1604.0,30.0,192.7,91.0,253.0,4269.0,2134.0,27.5,200.3,119.0,318.2,6167.0,2775.0,63.9,368.5,154.1,325.7,4269.0,2312.0,389.8,1875.0,944.0,1123.0,4625.0,3049.0
2026-04-22,18,2,official_closing,closing_displayed,https://www.boatrace.jp/owpc/pc/race/odds3t?hd=20260422&jcd=18&rno=2,14.6,313.4,164.0,43.1,1441.0,1024.0,9.5,254.3,61.4,30.8,923.8,1007.0,76.0,885.8,294.4,59.7,816.2,432.7,50.4,613.4,181.7,32.5,1204.0,1847.0,16.2,601.1,462.6,160.4,2371.0,1751.0,5.3,1000.0,667.8,353.0,2618.0,2552.0,48.5,2230.0,1298.0,417.7,2895.0,1602.0,26.2,1906.0,1107.0,272.0,3011.0,3672.0,6.9,401.5,94.1,81.6,2596.0,1528.0,5.0,811.8,353.0,280.1,3073.0,2924.0,25.9,1610.0,471.3,353.4,2924.0,1224.0,11.5,831.9,244.2,184.8,4302.0,3346.0,306.3,2618.0,1356.0,139.3,872.9,481.8,249.1,2841.0,1994.0,328.4,1882.0,1136.0,178.1,3170.0,1350.0,343.0,2136.0,977.8,260.7,3384.0,1663.0,158.2,1079.0,1320.0,130.0,1552.0,612.1,82.0,2106.0,3011.0,95.0,2665.0,1394.0,199.7,3585.0,4633.0,64.0,1663.0,569.3,191.7,4015.0,4937.0,246.8,3628.0,1701.0,179.5,1721.0,1968.0
2026-04-22,18,3,official_closing,closing_displayed,https://www.boatrace.jp/owpc/pc/race/odds3t?hd=20260422&jcd=18&rno=3,34.6,262.9,330.4,17.2,146.8,3019.0,8.5,61.8,133.6,48.8,287.3,4204.0,27.7,176.7,249.5,10.3,65.0,2635.0,245.8,948.9,1221.0,82.5,317.8,3075.0,48.3,617.3,690.4,41.8,318.7,3610.0,22.6,518.9,488.4,182.9,832.4,5629.0,68.5,1248.0,1061.0,42.9,245.6,3610.0,406.0,3288.0,2814.0,218.7,720.4,4151.0,6.0,94.5,190.4,146.1,858.2,4884.0,15.0,317.2,319.9,261.1,1258.0,5826.0,6.7,196.1,344.8,214.8,874.0,4612.0,101.9,930.3,1071.0,687.6,1908.0,4957.0,53.4,375.7,580.6,13.7,57.9,2170.0,90.3,1248.0,1061.0,25.0,109.6,2657.0,29.9,326.2,618.4,109.3,375.7,4258.0,255.8,1212.0,1757.0,43.4,157.8,1574.0,824.1,3019.0,3047.0,258.0,845.1,3690.0,922.5,3861.0,3907.0,393.0,1028.0,4001.0,480.6,2554.0,3075.0,820.0,2075.0,5271.0,760.0,2214.0,4370.0,206.0,631.4,1876.0
2026-04-22,18,4,official_closing,closing_displayed,https://www.boatrace.jp/owpc/pc/race/odds3t?hd=20260422&jcd=18&rno=4,3.5,7.7,128.4,95.0,496.9,1168.0,3.9,7.9,305.2,308.0,915.7,2825.0,22.6,31.6,520.5,283.9,688.3,3123.0,44.4,55.6,738.0,439.5,1447.0,3903.0,15.4,32.9,141.0,113.2,571.6,1312.0,42.4,69.3,327.8,336.7,1278.0,2197.0,113.5,178.6,589.8,324.2,995.6,2966.0,211.0,222.2,736.2,404.7,1724.0,4120.0,20.2,37.1,497.8,653.5,2119.0,3708.0,62.3,84.6,526.9,704.7,2197.0,3058.0,133.8,170.0,1392.0,2004.0,4428.0,4363.0,205.0,245.4,1433.0,1521.0,4564.0,4635.0,140.0,215.9,1461.0,438.2,921.4,3803.0,314.2,459.9,1545.0,462.8,924.2,3449.0,316.9,370.8,2472.0,1386.0,2697.0,4009.0,701.4,941.8,3410.0,893.6,2004.0,5028.0,277.0,323.9,2032.0,966.4,3190.0,5115.0,660.7,743.5,1695.0,877.7,2966.0,5597.0,613.0,770.6,2299.0,1991.0,4785.0,6181.0,862.4,1191.0,3803.0,1639.0,3532.0,5494.0
2026-04-22,18,5,official_closing,closing_displayed,https://www.boatrace.jp/owpc/pc/race/odds3t?hd=20260422&jcd=18&rno=5,70.7,83.9,271.3,31.4,558.0,81.0,24.1,31.1,147.6,61.2,602.1,142.5,178.0,176.2,384.3,61.2,328.2,60.6,52.6,63.6,286.8,42.6,608.7,244.9,95.7,121.9,257.1,32.0,716.9,107.9,74.4,44.1,85.7,34.3,737.4,119.8,295.2,172.3,277.3,42.4,304.3,49.7,142.5,116.9,207.6,24.1,664.2,250.4,26.4,26.7,92.1,65.8,981.8,252.1,58.9,27.7,70.2,47.9,940.4,197.6,91.1,55.4,88.5,68.9,423.8,152.2,36.0,23.0,84.4,65.8,1178.0,448.7,382.1,313.4,571.3,60.0,246.5,72.1,535.6,341.6,445.8,45.8,214.0,51.0,240.6,142.7,209.2,79.6,294.7,121.2,413.8,318.2,525.5,48.1,221.4,126.4,48.4,86.1,354.6,54.6,900.0,723.1,90.2,120.1,263.4,35.0,830.7,558.9,36.8,43.5,172.4,79.6,1094.0,764.3,174.7,219.6,468.2,63.9,330.5,288.1
2026-04-22,18,6,official_closing,closing_displayed,https://www.boatrace.jp/owpc/pc/race/odds3t?hd=20260422&jcd=18&rno=6,13.3,7.1,65.2,101.6,1507.0,1489.0,15.1,10.4,107.3,194.2,1102.0,2709.0,113.4,93.9,465.6,330.3,1592.0,2961.0,86.9,55.6,348.4,284.9,2195.0,4391.0,32.3,11.8,43.1,67.6,1384.0,1431.0,51.2,7.7,28.0,52.4,1048.0,912.9,250.4,74.8,148.6,158.4,1195.0,803.5,224.8,26.7,70.5,100.4,1768.0,2681.0,42.5,15.7,113.6,209.3,1886.0,3537.0,69.3,10.6,55.4,90.5,1391.0,1061.0,267.2,73.1,315.6,373.4,2158.0,1756.0,235.4,30.7,184.3,292.7,2862.0,4317.0,394.9,375.1,1079.0,376.8,1415.0,2449.0,648.1,314.0,711.5,286.2,1132.0,819.0,749.1,292.1,1097.0,530.6,1439.0,1675.0,957.6,400.5,1553.0,346.5,1592.0,2799.0,516.6,267.8,819.0,532.9,3265.0,4043.0,900.0,155.7,336.4,234.9,2358.0,2709.0,734.0,146.9,509.4,462.2,3691.0,4108.0,1190.0,451.6,1333.0,477.0,2403.0,3442.0
2026-04-22,18,7,official_closing,closing_displayed,https://www.boatrace.jp/owpc/pc/race/odds3t?hd=20260422&jcd=18&rno=7,54.9,128.3,338.2,662.7,16.8,342.8,86.8,169.1,471.4,775.6,29.9,522.9,20.2,41.1,149.3,338.6,39.3,844.0,67.3,107.7,327.4,626.8,11.5,175.7,86.1,229.2,419.4,744.4,32.6,444.2,145.8,441.4,699.4,890.0,58.1,626.8,39.3,125.4,212.1,407.7,81.3,895.7,118.5,308.1,494.9,607.6,20.5,226.6,185.7,409.5,607.6,828.9,69.8,967.5,218.3,531.9,710.1,878.7,95.2,1063.0,82.5,191.3,323.2,465.1,148.1,1273.0,178.9,372.7,578.5,760.7,57.1,477.9,16.2,46.6,122.0,261.2,110.7,1059.0,21.3,79.1,165.4,292.6,148.6,1020.0,29.3,108.8,219.5,373.2,212.9,1147.0,13.2,45.2,113.6,171.0,73.6,409.5,132.0,228.9,557.5,732.6,13.9,122.9,193.5,353.2,788.8,777.8,16.1,131.0,224.6,478.7,804.8,1009.0,37.7,223.0,57.2,122.3,282.4,291.3,43.1,236.7
2026-04-22,18,8,official_closing,closing_displayed,https://www.boatrace.jp/owpc/pc/race/odds3t?hd=20260422&jcd=18&rno=8,33.9,54.5,48.4,356.3,97.0,1396.0,73.4,100.5,39.0,180.9,35.7,965.6,28.2,46.6,13.4,121.2,93.2,1565.0,386.2,543.8,98.9,424.3,132.4,868.3,30.4,103.2,97.9,505.2,198.3,1666.0,34.8,143.7,106.3,453.1,104.4,1519.0,13.9,66.1,40.6,325.4,274.8,1707.0,144.6,444.4,223.1,633.9,279.2,1222.0,120.9,238.0,54.7,165.5,30.6,861.0,78.2,287.0,79.4,262.5,54.5,1324.0,59.9,258.6,22.0,73.3,45.0,754.2,345.0,826.6,91.9,211.7,53.6,353.8,33.9,121.7,13.4,131.2,153.9,1766.0,22.4,96.1,23.3,202.4,253.2,1465.0,45.3,231.9,17.0,89.5,90.9,1167.0,145.8,354.4,27.0,153.0,158.2,732.8,710.1,1455.0,290.6,875.6,231.9,788.7,493.2,1033.0,377.1,840.0,289.0,813.6,762.5,1299.0,243.1,582.1,121.0,328.5,397.4,922.5,108.7,310.7,200.2,587.0
2026-04-22,18,9,official_closing,closing_displayed,https://www.boatrace.jp/owpc/pc/race/odds3t?hd=20260422&jcd=18&rno=9,8.5,15.1,15.8,193.0,1524.0,1159.0,26.6,45.9,13.9,121.7,748.1,1048.0,155.9,247.1,105.2,660.8,1536.0,1638.0,108.5,152.2,51.3,435.7,2202.0,2574.0,7.7,19.7,22.2,206.0,1818.0,1652.0,10.5,22.5,15.3,93.1,1548.0,909.3,94.4,166.7,145.3,639.5,2202.0,1376.0,50.1,65.8,49.1,293.6,2541.0,2832.0,46.4,74.2,24.1,97.9,1187.0,1113.0,34.5,47.8,17.9,70.8,1479.0,881.0,290.6,396.4,124.9,427.2,1376.0,789.8,161.9,184.7,42.1,161.7,1962.0,2574.0,564.8,865.7,445.4,832.9,1638.0,2332.0,408.7,693.1,477.7,780.4,1770.0,1468.0,774.4,854.5,450.5,669.7,1694.0,909.3,971.7,1201.0,584.7,877.1,2022.0,2915.0,407.9,595.3,202.9,796.1,3478.0,3097.0,323.9,298.1,143.8,535.8,2332.0,4309.0,521.7,464.2,142.8,420.0,3003.0,3604.0,1027.0,1416.0,544.6,1132.0,2509.0,3671.0
2026-04-22,18,10,official_closing,closing_displayed,https://www.boatrace.jp/owpc/pc/race/odds3t?hd=20260422&jcd=18&rno=10,23.8,44.6,17.6,318.0,147.4,4392.0,69.8,111.8,19.1,207.2,81.5,3695.0,65.4,154.9,28.6,398.6,210.1,4750.0,871.9,1077.0,290.2,1265.0,927.4,2530.0,17.4,34.2,19.4,301.5,197.4,6291.0,27.3,26.6,12.4,127.6,77.2,3816.0,28.4,36.7,18.9,325.1,193.1,5173.0,494.2,376.0,257.5,1402.0,1163.0,5677.0,132.8,139.9,17.1,118.1,70.8,5413.0,88.0,66.8,11.5,80.6,53.0,4013.0,214.1,189.4,13.7,107.0,63.7,2586.0,891.9,868.6,87.5,363.1,644.8,3145.0,72.8,200.1,38.1,429.5,331.6,4750.0,45.5,78.8,26.5,342.8,242.7,4655.0,143.8,188.5,26.8,201.3,154.4,2615.0,734.3,1361.0,253.8,1361.0,1098.0,5060.0,2116.0,2327.0,722.9,1662.0,2006.0,2771.0,1818.0,1651.0,694.9,1686.0,2530.0,5819.0,1711.0,2097.0,455.5,1146.0,1939.0,3581.0,1594.0,2946.0,625.8,1790.0,2375.0,5290.0
2026-04-22,18,11,official_closing,closing_displayed,https://www.boatrace.jp/owpc/pc/race/odds3t?hd=20260422&jcd=18&rno=11,11.0,13.1,69.2,60.4,245.3,1800.0,13.9,12.5,72.6,85.2,381.0,2515.0,28.8,29.7,95.1,64.2,320.7,2677.0,126.8,147.6,237.2,201.7,654.5,2860.0,21.2,32.4,84.3,54.5,260.0,2197.0,26.0,24.2,53.6,59.9,284.0,2197.0,51.5,34.9,75.8,42.4,241.9,1502.0,163.7,199.2,255.5,116.9,591.5,2088.0,26.6,30.5,82.6,140.4,598.3,2940.0,40.9,30.6,55.8,87.5,378.2,2400.0,65.2,39.3,83.1,86.6,432.3,2245.0,164.0,150.7,214.3,276.9,975.7,2900.0,92.7,90.7,220.7,63.4,234.0,2152.0,118.1,81.9,161.8,44.7,162.7,1288.0,132.0,100.8,191.5,80.9,332.4,1683.0,312.5,269.7,411.0,75.6,191.9,1392.0,382.4,575.2,740.4,349.7,1480.0,3163.0,368.2,462.9,664.9,288.0,1200.0,2269.0,477.8,435.0,608.7,467.1,1606.0,2711.0,480.0,567.4,975.7,237.8,822.0,1524.0
2026-04-22,18,12,official_closing,closing_displayed,https://www.boatrace.jp/owpc/pc/race/odds3t?hd=20260422&jcd=18&rno=12,22.6,244.5,98.1,973.1,113.1,1001.0,72.7,543.1,72.1,420.2,28.4,688.6,30.8,352.9,21.2,539.0,176.2,1523.0,120.3,693.7,74.7,1094.0,58.1,645.8,11.6,417.0,312.4,1648.0,393.1,2375.0,13.3,1182.0,839.1,2002.0,543.1,3737.0,3.2,886.9,529.8,2091.0,1387.0,2571.0,18.2,1523.0,969.8,1843.0,654.8,2571.0,95.0,1234.0,268.4,526.8,65.9,1038.0,48.2,1719.0,791.7,1773.0,338.0,3185.0,50.3,2107.0,382.8,1148.0,469.4,2721.0,146.0,1796.0,561.6,1678.0,182.9,1583.0,23.9,672.1,50.8,639.9,464.0,3503.0,5.5,966.4,269.2,1422.0,1452.0,3185.0,34.9,1444.0,245.2,1004.0,928.0,3221.0,18.8,1251.0,152.6,1073.0,834.1,3259.0,190.4,1906.0,396.4,1843.0,148.2,709.5,78.6,3080.0,1134.0,1960.0,550.6,1808.0,244.7,2619.0,940.5,2107.0,276.6,1274.0,79.4,2242.0,455.0,1856.0,735.6,2045.0
2026-04-22,20,1,official_closing,closing_displayed,https://www.boatrace.jp/owpc/pc/race/odds3t?hd=20260422&jcd=20&rno=1,7.3,27.0,34.0,136.3,205.2,1046.0,12.5,30.0,40.8,135.7,116.1,990.8,12.9,35.1,32.3,126.3,241.7,1319.0,90.9,194.1,182.8,333.7,475.3,1384.0,8.7,56.3,61.3,198.5,354.9,1447.0,12.5,121.2,126.5,373.4,427.9,1676.0,10.2,115.0,104.2,367.2,766.1,1367.0,84.0,351.6,385.7,620.9,1238.0,2083.0,23.5,99.7,86.9,204.7,160.2,1173.0,27.2,174.7,171.0,456.8,443.2,2045.0,36.1,224.0,134.7,356.7,529.5,1701.0,118.6,469.3,369.7,714.5,895.3,1627.0,29.8,159.4,72.5,219.4,398.8,1873.0,27.0,235.1,138.2,400.9,850.9,1627.0,51.8,341.9,150.0,394.5,667.4,1797.0,158.1,692.3,385.7,460.6,1004.0,1827.0,303.7,669.4,573.1,738.2,810.6,1873.0,280.7,932.7,838.1,787.7,1526.0,1812.0,273.8,870.8,667.4,884.6,1402.0,2143.0,326.4,1179.0,649.9,726.1,1167.0,1990.0
2026-04-22,20,2,official_closing,closing_displayed,https://www.boatrace.jp/owpc/pc/race/odds3t?hd=20260422&jcd=20&rno=2,40.3,217.8,184.2,15.0,902.2,251.7,11.6,76.2,79.2,37.5,1400.0,580.7,102.6,430.1,480.9,37.5,550.9,114.0,31.4,162.9,172.4,10.0,999.4,933.5,49.2,454.9,389.6,40.5,1120.0,402.4,22.5,523.0,439.3,166.5,2317.0,1158.0,160.1,1393.0,1148.0,149.8,1437.0,363.3,59.2,774.8,692.9,49.4,1723.0,2084.0,7.6,112.6,93.8,82.1,2084.0,812.2,16.1,392.5,275.4,209.7,2830.0,1768.0,38.8,553.2,372.3,273.5,1262.0,692.9,8.5,177.4,150.1,97.5,2771.0,2987.0,220.3,1034.0,1079.0,57.8,503.4,97.2,336.9,1734.0,1298.0,116.7,1079.0,204.1,148.6,930.3,819.7,230.5,1046.0,380.8,222.0,1461.0,1453.0,55.7,606.9,475.0,55.5,370.3,408.6,17.2,1292.0,1712.0,107.6,905.2,786.1,32.1,1867.0,2379.0,29.1,319.3,363.3,70.1,2922.0,3126.0,199.3,1519.0,1357.0,50.8,930.3,953.4
2026-04-22,20,3,official_closing,closing_displayed,https://www.boatrace.jp/owpc/pc/race/odds3t?hd=20260422&jcd=20&rno=3,39.8,71.6,160.5,451.0,281.6,20.8,101.9,164.1,247.4,626.2,360.9,37.4,43.7,73.7,169.1,473.2,547.3,63.2,18.6,30.7,98.2,318.6,168.1,26.9,61.3,129.7,180.7,551.8,257.6,22.8,153.7,279.0,321.7,663.2,456.4,32.4,97.2,136.0,173.7,447.3,601.0,60.5,48.0,59.1,86.6,266.0,115.2,19.3,192.2,360.9,428.7,692.2,441.4,60.2,300.8,439.9,540.7,849.4,533.2,46.4,262.4,320.9,406.1,745.9,928.5,83.0,147.3,187.9,262.1,479.9,254.7,46.5,114.1,140.9,248.4,521.8,769.3,96.2,174.6,186.7,242.5,487.8,739.7,81.3,313.4,339.9,450.2,769.3,1131.0,109.3,72.9,53.7,139.5,237.4,340.4,56.9,20.3,35.3,75.3,290.4,135.5,37.5,37.7,39.9,61.2,225.5,98.7,25.1,80.6,99.2,118.5,359.9,174.9,49.0,34.0,29.4,63.6,202.1,238.3,54.7
2026-04-22,20,4,official_closing,closing_displayed,https://www.boatrace.jp/owpc/pc/race/odds3t?hd=20260422&jcd=20&rno=4,46.6,78.0,190.9,56.7,679.5,88.0,27.8,33.4,96.4,67.6,699.0,103.8,133.9,194.6,350.7,154.2,434.0,39.7,38.5,47.8,104.3,21.7,445.5,215.4,56.8,132.5,230.8,90.9,832.0,110.8,33.3,76.0,155.6,126.7,1125.0,158.4,162.9,359.2,514.3,245.5,546.8,51.0,43.0,99.6,168.6,51.7,489.7,277.5,27.5,48.8,109.1,110.5,880.9,158.8,32.3,75.9,149.5,166.1,1545.0,215.2,121.5,185.1,350.7,349.2,1046.0,86.1,15.7,33.0,63.5,55.4,1179.0,454.3,242.0,460.8,559.4,251.5,510.3,31.9,282.7,589.9,832.0,406.8,581.1,43.1,249.4,291.2,602.7,461.3,812.8,49.8,222.5,277.7,548.4,118.5,243.5,104.8,50.8,67.8,126.1,18.3,426.0,367.3,45.6,106.6,187.5,31.3,421.8,365.2,22.0,35.6,76.2,30.0,839.1,537.8,138.8,219.8,416.4,74.9,208.3,168.1
2026-04-22,20,5,official_closing,closing_displayed,https://www.boatrace.jp/owpc/pc/race/odds3t?hd=20260422&jcd=20&rno=5,7.4,10.4,132.7,56.7,645.8,301.6,5.8,7.0,221.3,197.3,1471.0,792.0,33.3,42.9,591.6,263.2,1009.0,609.5,20.6,20.2,384.0,170.6,1310.0,1099.0,20.5,38.1,143.0,58.6,682.5,306.6,35.3,45.9,151.3,177.0,1749.0,799.1,124.9,152.0,519.6,283.0,1375.0,426.0,81.0,81.7,271.2,142.0,1230.0,1065.0,16.6,19.4,306.4,393.9,2076.0,1702.0,44.9,43.0,274.9,352.0,2290.0,1735.0,103.4,92.7,782.2,1133.0,3391.0,2210.0,59.6,41.2,609.5,925.7,3526.0,3291.0,178.3,211.8,1419.0,473.7,1367.0,1021.0,363.9,389.7,1094.0,475.7,1388.0,555.4,330.3,318.2,1581.0,1060.0,3129.0,1821.0,367.5,369.0,2047.0,574.0,1553.0,1735.0,92.7,99.8,859.4,333.8,1828.0,2115.0,213.2,211.1,728.4,234.6,1542.0,1709.0,157.4,123.6,1005.0,852.8,3243.0,2866.0,368.1,334.0,1466.0,654.4,1843.0,1843.0
2026-04-22,20,6,official_closing,closing_displayed,https://www.boatrace.jp/owpc/pc/race/odds3t?hd=20260422&jcd=20&rno=6,61.7,254.7,594.9,114.7,63.0,130.2,37.6,121.3,601.8,345.7,163.4,348.9,16.4,73.4,403.3,39.3,57.2,150.3,21.4,78.5,594.9,44.2,23.5,55.0,112.7,501.4,784.5,212.6,130.9,182.6,118.1,841.1,1075.0,842.4,443.7,825.3,60.4,532.2,955.1,183.7,233.8,433.0,76.7,601.2,1053.0,187.3,110.8,183.0,42.9,214.5,1005.0,886.8,428.4,749.5,106.9,737.9,1280.0,1197.0,670.3,1192.0,19.8,214.5,1126.0,918.2,860.1,1140.0,23.0,210.2,1153.0,818.2,415.0,756.4,19.4,126.1,576.3,42.2,60.3,198.1,52.8,452.2,988.1,95.2,133.7,316.9,23.5,228.4,1063.0,375.7,470.0,1042.0,10.1,108.7,535.2,31.7,39.7,110.4,32.0,137.6,947.1,67.6,28.9,58.4,84.7,564.9,1223.0,135.6,72.9,144.0,40.5,290.0,1247.0,518.7,193.8,379.2,16.5,132.0,707.7,48.8,47.5,102.6
2026-04-22,20,7,official_closing,closing_displayed,https://www.boatrace.jp/owpc/pc/race/odds3t?hd=20260422&jcd=20&rno=7,14.7,131.8,29.1,428.3,1258.0,323.1,47.0,339.4,22.2,169.6,800.5,109.5,137.0,804.6,77.4,627.4,1373.0,284.3,41.6,305.6,14.4,243.2,1322.0,947.5,5.7,194.6,115.7,658.5,1652.0,650.2,5.1,677.8,316.0,1018.0,2509.0,818.8,30.6,1377.0,688.8,1507.0,3389.0,1433.0,3.9,495.5,237.0,1089.0,2405.0,3269.0,54.3,776.4,85.0,236.4,1050.0,150.6,21.4,1027.0,291.2,754.9,2957.0,614.9,142.5,1879.0,436.3,1154.0,3364.0,430.3,40.8,1365.0,135.4,428.7,2072.0,1455.0,361.6,1934.0,374.7,1166.0,2368.0,871.1,177.4,2763.0,1043.0,1835.0,3269.0,2091.0,353.8,2253.0,886.0,1765.0,3869.0,891.1,284.3,2883.0,629.9,1293.0,2731.0,2496.0,63.8,636.0,48.2,451.6,1835.0,1887.0,19.6,827.6,170.0,1002.0,3655.0,3655.0,60.9,1640.0,133.2,573.2,2715.0,2668.0,228.7,3054.0,417.1,1353.0,3137.0,2813.0
2026-04-22,20,8,official_closing,closing_displayed,https://www.boatrace.jp/owpc/pc/race/odds3t?hd=20260422&jcd=20&rno=8,3.3,15.7,29.8,186.1,239.1,1342.0,9.1,39.7,70.5,281.1,265.2,2268.0,10.7,42.2,70.8,361.2,719.1,3012.0,134.9,382.6,570.1,1113.0,1653.0,3098.0,5.2,44.2,56.2,260.5,476.4,2213.0,13.9,159.9,200.0,562.5,752.0,3247.0,13.9,126.4,161.4,668.6,1319.0,3765.0,211.6,756.2,931.7,1653.0,2697.0,5164.0,30.6,166.8,204.4,503.4,517.9,3063.0,42.8,279.9,310.9,754.1,760.5,3639.0,75.9,405.8,408.9,1057.0,1571.0,4269.0,363.9,1673.0,1390.0,2476.0,3663.0,5115.0,40.2,197.3,208.2,587.4,1097.0,4885.0,47.5,282.4,276.0,754.1,1527.0,5533.0,125.9,585.5,539.5,1069.0,1979.0,4798.0,507.2,1638.0,1576.0,1473.0,2766.0,5477.0,613.4,1176.0,1754.0,2399.0,3544.0,4595.0,762.6,2000.0,2337.0,2671.0,4929.0,6161.0,1086.0,2947.0,2931.0,4016.0,5894.0,6533.0,1099.0,2979.0,3012.0,3453.0,5020.0,5768.0
2026-04-22,20,9,official_closing,closing_displayed,https://www.boatrace.jp/owpc/pc/race/odds3t?hd=20260422&jcd=20&rno=9,27.8,119.0,33.7,183.8,523.9,1240.0,66.8,237.8,10.3,57.0,161.2,454.7,99.9,378.4,10.6,122.6,418.2,1198.0,178.5,611.6,24.6,198.3,450.2,1114.0,15.8,190.7,103.3,379.9,1035.0,1931.0,8.1,369.7,140.5,386.5,974.1,2453.0,9.6,501.6,168.6,687.9,2006.0,3294.0,26.3,861.7,224.1,887.9,1391.0,2061.0,70.8,574.0,16.8,56.9,157.2,403.7,25.7,584.4,87.4,193.5,603.9,1277.0,68.2,918.2,19.8,83.2,267.3,646.9,108.1,1233.0,29.6,107.9,329.9,662.8,163.5,1006.0,25.1,188.1,548.2,1619.0,47.6,1149.0,110.3,497.5,1464.0,2897.0,129.1,1659.0,32.9,172.5,398.9,998.7,148.5,2093.0,39.5,270.0,756.1,1836.0,390.1,1732.0,64.1,408.1,849.7,1559.0,125.6,2093.0,202.8,920.7,1635.0,2800.0,325.8,2935.0,75.9,324.2,619.5,1137.0,347.9,2800.0,76.6,456.9,1181.0,1701.0
2026-04-22,20,10,official_closing,closing_displayed,https://www.boatrace.jp/owpc/pc/race/odds3t?hd=20260422&jcd=20&rno=10,14.6,38.9,41.2,90.1,73.7,1509.0,20.6,50.3,55.0,135.3,68.0,1675.0,14.6,37.8,31.2,60.2,78.5,1954.0,125.2,210.9,163.9,234.6,176.8,1522.0,16.3,63.4,61.7,138.5,138.9,2509.0,21.4,83.7,105.8,225.3,197.0,2569.0,12.8,66.3,64.8,99.8,179.6,2518.0,102.3,322.3,280.3,372.0,431.0,2748.0,27.7,86.4,123.0,243.5,128.3,2233.0,31.0,103.1,163.2,331.8,237.7,2543.0,20.1,64.5,109.0,194.5,262.1,2561.0,118.3,253.9,448.2,710.6,545.7,2779.0,20.8,78.8,68.6,60.5,104.8,2526.0,18.0,92.7,99.2,76.5,145.8,2680.0,26.4,85.6,119.0,128.7,210.1,3025.0,84.0,246.7,265.1,116.6,234.8,1596.0,366.2,770.4,678.4,623.7,471.3,1914.0,353.2,1052.0,932.1,769.6,700.6,2359.0,365.8,941.5,1015.0,983.4,819.2,2543.0,308.4,816.5,689.7,439.8,551.7,1528.0
2026-04-22,20,11,official_closing,closing_displayed,https://www.boatrace.jp/owpc/pc/race/odds3t?hd=20260422&jcd=20&rno=11,8.9,115.4,70.5,436.7,222.3,1178.0,24.5,200.6,86.4,383.0,110.8,619.6,15.2,159.6,37.8,315.3,320.7,1333.0,36.4,264.0,83.9,480.5,194.7,760.2,6.5,267.5,252.9,721.8,686.4,2071.0,11.9,834.5,696.0,1455.0,1294.0,3256.0,4.6,587.4,430.6,1263.0,1983.0,3826.0,11.9,951.3,771.9,1584.0,1632.0,3449.0,44.5,583.4,273.9,555.7,185.2,818.9,31.4,1203.0,741.7,1580.0,852.8,3554.0,38.8,1273.0,429.5,1054.0,1070.0,3432.0,65.5,1502.0,702.2,1458.0,664.9,2059.0,24.0,539.0,101.6,496.9,739.3,2602.0,11.9,990.3,392.4,1168.0,1777.0,3646.0,44.6,1573.0,436.5,1170.0,1746.0,4269.0,26.9,1455.0,287.9,850.7,1492.0,3805.0,107.6,1072.0,357.6,1102.0,523.6,1138.0,54.3,2017.0,1140.0,1754.0,1620.0,3536.0,142.6,2693.0,1088.0,1944.0,893.0,2295.0,73.2,2672.0,673.9,1624.0,1809.0,3500.0
2026-04-22,20,12,official_closing,closing_displayed,https://www.boatrace.jp/owpc/pc/race/odds3t?hd=20260422&jcd=20&rno=12,6.8,24.6,32.2,92.5,490.4,791.1,8.0,28.9,31.2,111.5,569.9,858.1,25.9,74.8,69.5,167.8,608.1,1037.0,32.5,81.4,78.1,185.7,650.7,1457.0,8.4,55.5,62.8,155.5,830.2,1184.0,9.1,90.2,94.6,270.0,1188.0,1969.0,23.8,197.3,191.7,402.5,1323.0,1697.0,28.4,228.9,227.9,420.6,1634.0,2731.0,16.6,92.0,69.3,177.1,909.8,1214.0,18.8,142.2,115.0,284.3,1446.0,2084.0,42.5,282.5,159.2,423.4,1784.0,2141.0,44.3,271.8,169.6,428.9,2387.0,3269.0,82.7,388.7,240.4,282.2,818.9,1331.0,81.9,554.0,379.9,424.6,1301.0,1996.0,108.1,610.9,337.7,578.6,1649.0,2362.0,135.1,766.4,463.8,384.1,1401.0,2608.0,146.4,538.9,388.6,416.8,1350.0,2011.0,140.3,759.0,595.3,615.1,2333.0,3130.0,158.5,819.9,523.2,799.7,2582.0,3044.0,246.7,1331.0,801.6,625.3,2227.0,2771.0
2026-04-22,22,2,official_closing,closing_displayed,https://www.boatrace.jp/owpc/pc/race/odds3t?hd=20260422&jcd=22&rno=2,10.7,24.9,24.2,196.5,127.5,2513.0,26.4,48.0,30.4,230.5,114.9,2615.0,16.9,32.8,24.9,195.6,268.1,2912.0,272.1,445.0,440.4,1256.0,593.3,4272.0,11.8,35.3,28.1,211.8,121.6,3126.0,26.0,51.2,24.5,182.0,83.9,2726.0,15.6,24.6,20.3,152.9,215.0,4272.0,373.6,334.6,298.7,1256.0,538.5,2670.0,55.4,100.4,57.5,221.3,108.8,3883.0,59.5,93.3,42.6,159.4,84.8,3286.0,81.0,108.3,34.9,133.9,200.2,4746.0,545.3,692.7,456.1,1220.0,569.6,3769.0,47.7,62.6,36.8,223.6,399.2,4419.0,46.5,50.0,27.8,174.3,297.3,4005.0,111.6,101.9,41.1,161.4,394.3,6408.0,425.8,408.1,287.3,1186.0,1321.0,4577.0,1154.0,1755.0,1473.0,2786.0,935.5,3126.0,1197.0,1408.0,1134.0,2786.0,724.1,2848.0,1095.0,1731.0,1424.0,3463.0,963.6,3560.0,1001.0,1124.0,1175.0,2248.0,1321.0,4272.0
2026-04-22,22,3,official_closing,closing_displayed,https://www.boatrace.jp/owpc/pc/race/odds3t?hd=20260422&jcd=22&rno=3,8.6,32.2,12.6,259.3,633.8,1867.0,29.5,81.6,17.6,173.1,321.8,1604.0,41.9,109.8,18.6,378.9,728.2,2504.0,317.9,534.8,102.8,789.8,1532.0,2933.0,6.9,38.5,24.9,297.6,618.5,1510.0,13.8,50.6,25.2,190.8,368.0,1683.0,19.1,66.0,29.6,431.4,968.7,2775.0,118.0,316.9,146.9,772.0,1833.0,3208.0,59.7,177.9,26.8,158.7,272.3,1466.0,39.0,106.6,29.6,144.6,285.2,2095.0,131.1,231.2,26.3,159.4,289.2,1579.0,359.0,755.0,87.7,368.0,738.7,2281.0,103.5,278.2,34.5,479.8,728.2,1656.0,62.8,180.4,40.1,555.0,1037.0,2567.0,175.2,415.7,41.5,316.9,462.5,1711.0,641.7,1006.0,126.9,855.7,1683.0,2632.0,789.8,1116.0,399.5,1194.0,1711.0,1656.0,518.6,1104.0,505.8,1426.0,3667.0,2444.0,942.0,1555.0,338.8,1047.0,1770.0,2567.0,1166.0,1510.0,373.4,1446.0,2632.0,2281.0
2026-04-22,22,4,official_closing,closing_displayed,https://www.boatrace.jp/owpc/pc/race/odds3t?hd=20260422&jcd=22&rno=4,11.5,38.4,74.7,132.6,458.8,254.5,11.4,34.8,56.9,148.6,417.5,350.7,31.4,65.7,70.0,162.5,305.4,311.2,15.2,46.5,56.1,107.5,304.6,487.7,16.5,91.9,127.9,173.5,637.8,357.1,17.9,75.5,96.1,265.6,716.5,493.9,28.9,132.9,144.5,305.4,847.3,330.7,23.8,88.7,99.3,158.8,477.7,768.7,20.4,82.1,80.1,161.6,468.0,302.3,25.5,104.0,102.8,245.9,686.8,634.3,48.4,157.9,90.3,198.4,886.1,403.0,22.0,82.2,69.2,135.4,403.0,359.3,78.7,240.8,163.7,252.9,404.4,419.0,84.6,286.6,226.7,265.6,703.5,370.8,77.8,296.8,200.4,313.7,725.5,411.6,62.5,224.9,146.7,146.9,288.7,423.6,58.9,150.7,143.4,172.4,451.6,580.4,71.2,246.9,224.5,177.4,648.5,789.6,62.5,163.9,143.8,199.8,438.0,617.4,97.6,264.4,133.5,180.2,464.3,532.4
2026-04-22,22,6,official_closing,closing_displayed,https://www.boatrace.jp/owpc/pc/race/odds3t?hd=20260422&jcd=22&rno=6,31.3,57.6,70.3,115.4,1235.0,88.7,35.2,62.5,40.4,109.6,1266.0,70.7,148.2,246.1,158.3,266.8,1524.0,80.1,28.3,55.2,32.1,65.3,879.0,346.7,28.1,104.1,93.3,139.2,1383.0,143.1,24.5,67.4,51.9,140.0,1737.0,140.3,124.4,233.8,192.8,323.4,1679.0,145.0,21.0,59.0,43.5,80.4,1245.0,422.1,43.9,106.8,47.6,99.8,1358.0,82.7,41.4,98.5,44.4,107.1,1524.0,100.0,173.7,309.3,98.7,192.8,1383.0,48.8,32.2,74.7,17.3,37.8,928.1,283.5,404.9,747.1,401.7,461.2,1245.0,88.3,397.4,614.9,297.0,454.2,1450.0,102.7,431.9,721.9,235.7,380.2,1358.0,57.7,229.5,518.8,184.7,184.7,794.8,278.2,42.9,129.8,38.6,59.6,1002.0,667.1,35.5,95.9,39.2,60.8,1149.0,750.9,35.9,92.1,20.1,40.4,1176.0,688.6,172.1,317.9,97.1,125.4,922.4,574.7
2026-04-22,22,7,official_closing,closing_displayed,https://www.boatrace.jp/owpc/pc/race/odds3t?hd=20260422&jcd=22&rno=7,88.4,79.5,150.6,41.0,192.3,1407.0,64.7,61.0,80.2,32.1,221.4,1587.0,119.9,120.9,217.5,30.8,84.7,1079.0,320.3,217.5,325.0,43.6,364.4,1502.0,108.7,70.1,122.0,41.8,241.6,1145.0,61.7,20.4,34.9,23.7,177.2,1307.0,139.4,54.1,91.4,34.2,99.5,441.0,334.8,79.8,151.8,37.9,339.9,1565.0,57.1,44.0,55.9,37.6,331.8,1684.0,51.2,16.5,30.1,28.6,210.9,1307.0,57.3,29.4,51.2,32.3,125.7,731.2,142.5,45.0,58.3,35.5,496.2,2058.0,139.6,233.0,356.2,37.5,76.7,661.6,192.3,123.3,181.0,40.1,74.8,338.8,83.1,80.1,122.2,40.2,93.3,575.9,427.5,254.9,417.8,38.5,119.0,483.2,594.4,475.0,669.6,82.2,703.5,1502.0,882.1,254.3,376.8,74.3,661.6,1307.0,604.1,165.6,211.7,71.8,861.6,1659.0,766.5,475.0,642.5,66.0,383.2,665.6
2026-04-22,22,8,official_closing,closing_displayed,https://www.boatrace.jp/owpc/pc/race/odds3t?hd=20260422&jcd=22&rno=8,5.2,67.4,39.7,118.3,270.7,827.2,6.4,73.6,35.9,126.6,361.1,955.3,30.5,185.3,163.6,282.0,426.7,851.0,27.0,199.5,126.4,263.4,417.1,1334.0,6.2,149.5,128.6,223.0,505.4,1334.0,7.0,280.4,244.7,405.7,1121.0,2001.0,28.8,679.2,609.4,771.2,1397.0,2388.0,22.9,592.3,418.3,635.5,1007.0,2742.0,11.9,226.4,122.2,250.5,809.2,1495.0,13.4,436.8,232.1,523.2,1609.0,2313.0,49.5,943.2,667.0,974.2,1948.0,2509.0,37.4,804.8,313.0,550.5,1898.0,3611.0,67.5,503.6,500.2,649.5,688.7,1223.0,86.6,1383.0,943.2,1147.0,1609.0,2313.0,115.3,1223.0,967.8,1397.0,1874.0,2742.0,139.5,1437.0,1437.0,1334.0,1742.0,3897.0,126.1,931.3,667.0,682.4,688.7,1762.0,133.6,1346.0,931.3,1156.0,1014.0,3290.0,168.4,1466.0,925.5,1234.0,1526.0,4231.0,210.3,2313.0,1974.0,2115.0,1592.0,4113.0
2026-04-22,22,9,official_closing,closing_displayed,https://www.boatrace.jp/owpc/pc/race/odds3t?hd=20260422&jcd=22&rno=9,11.6,26.4,41.6,22.5,1991.0,372.2,5.8,10.7,39.1,77.9,2508.0,902.4,182.0,288.3,480.6,337.2,1844.0,507.8,35.5,45.9,117.3,80.4,1900.0,1393.0,16.6,71.6,57.5,36.2,2787.0,432.5,17.5,63.9,41.2,86.0,2850.0,1130.0,230.1,733.5,400.7,514.0,3801.0,473.3,69.3,169.5,110.3,65.1,1991.0,1695.0,8.2,21.8,64.1,117.2,3919.0,1529.0,19.2,52.3,54.5,112.4,3583.0,1629.0,181.7,491.9,538.3,769.5,4046.0,1293.0,34.0,64.6,90.8,191.8,3135.0,2726.0,495.8,1409.0,1393.0,853.3,760.2,608.9,468.0,972.4,1267.0,760.2,2613.0,497.7,700.7,1872.0,1320.0,1217.0,2986.0,1409.0,380.1,1161.0,1409.0,825.2,2668.0,1766.0,110.9,197.2,405.9,179.7,2412.0,1548.0,172.7,351.3,368.9,169.9,2239.0,2056.0,139.6,220.0,316.7,347.4,4325.0,2726.0,380.1,1036.0,1511.0,643.2,3390.0,1791.0
2026-04-22,22,10,official_closing,closing_displayed,https://www.boatrace.jp/owpc/pc/race/odds3t?hd=20260422&jcd=22&rno=10,19.7,50.4,15.8,326.5,139.6,1810.0,74.1,164.0,24.5,218.3,86.0,1086.0,41.2,89.8,10.3,281.8,223.5,1829.0,192.9,290.0,45.9,570.8,241.9,1675.0,13.6,64.0,35.1,357.0,245.8,2186.0,26.7,133.1,52.2,282.7,181.6,1991.0,11.3,73.1,24.8,352.1,495.1,4073.0,72.8,189.2,81.7,684.1,567.2,3259.0,109.7,280.5,35.7,143.5,93.3,1099.0,92.5,330.7,46.3,205.3,119.0,1337.0,131.1,448.1,21.9,114.6,166.4,1545.0,309.5,622.4,47.5,223.2,185.7,1079.0,57.9,158.4,17.3,275.7,483.1,1948.0,36.9,144.0,18.2,312.2,453.8,3319.0,119.9,363.5,24.1,192.9,313.9,2213.0,172.3,476.7,35.0,442.6,499.3,2757.0,447.0,896.2,160.0,1073.0,565.4,1707.0,413.9,725.7,170.5,1271.0,651.8,2715.0,618.1,1195.0,171.5,728.6,410.1,1289.0,587.7,1347.0,95.9,857.6,728.6,2715.0
2026-04-22,22,11,official_closing,closing_displayed,https://www.boatrace.jp/owpc/pc/race/odds3t?hd=20260422&jcd=22&rno=11,14.1,492.7,289.6,319.6,82.5,2284.0,9.1,324.3,263.5,630.0,108.8,2847.0,6.3,261.6,194.2,168.1,92.8,1957.0,52.0,987.7,557.9,440.3,155.1,1019.0,18.4,846.6,670.5,678.8,328.7,3322.0,18.8,1754.0,1433.0,2068.0,1328.0,4665.0,12.7,1957.0,1107.0,1101.0,1274.0,6852.0,63.6,3373.0,2740.0,1940.0,1588.0,5622.0,13.5,700.5,475.6,1414.0,458.7,3088.0,24.5,1648.0,859.8,2308.0,1648.0,5348.0,10.1,1337.0,718.9,2088.0,2030.0,6644.0,47.1,3780.0,1204.0,2885.0,2308.0,5481.0,6.9,700.5,404.5,216.8,236.5,2491.0,13.5,2436.0,1267.0,597.4,843.3,6090.0,9.3,1414.0,1231.0,1782.0,1555.0,6090.0,22.2,2740.0,2260.0,440.3,621.1,2923.0,151.7,3986.0,2674.0,821.2,475.6,788.7,201.9,5348.0,3915.0,1198.0,1452.0,3846.0,143.8,4766.0,3373.0,3373.0,1874.0,4568.0,107.8,5099.0,3224.0,827.4,965.9,2409.0
2026-04-22,22,12,official_closing,closing_displayed,https://www.boatrace.jp/owpc/pc/race/odds3t?hd=20260422&jcd=22&rno=12,10.6,209.6,291.6,80.2,326.4,474.7,6.2,113.6,202.5,164.2,375.0,997.0,17.6,215.5,308.0,98.9,302.5,444.7,11.5,195.0,335.7,74.0,217.2,649.6,15.1,621.5,618.5,208.6,622.5,960.0,14.8,1275.0,1150.0,875.4,1882.0,2983.0,29.4,1855.0,1405.0,581.4,1583.0,1754.0,21.3,1650.0,1485.0,440.2,1071.0,2228.0,8.0,318.9,417.0,462.8,1171.0,1754.0,18.4,1239.0,1134.0,1130.0,2379.0,3432.0,19.2,1026.0,1284.0,1092.0,2916.0,2585.0,10.3,724.9,984.3,745.8,2166.0,3558.0,33.2,703.8,891.5,184.3,355.4,415.6,56.7,2336.0,1795.0,407.3,1028.0,1447.0,42.5,1657.0,1723.0,691.3,1458.0,2119.0,33.2,1474.0,1846.0,215.7,520.5,1319.0,32.5,738.7,1098.0,188.8,386.6,867.6,57.4,2408.0,2191.0,390.9,1208.0,1999.0,36.6,1267.0,1263.0,655.1,1939.0,2830.0,57.4,2166.0,2294.0,317.1,875.4,1503.0
2026-04-22,24,1,official_closing,closing_displayed,https://www.boatrace.jp/owpc/pc/race/odds3t?hd=20260422&jcd=24&rno=1,4.5,11.3,11.9,520.6,227.6,2146.0,49.9,82.3,66.8,658.2,144.4,3403.0,26.0,32.8,32.5,719.3,649.0,3578.0,208.2,310.1,274.1,1304.0,866.7,2405.0,5.0,13.3,17.5,534.6,267.3,2448.0,37.3,47.3,59.9,726.8,223.9,3171.0,17.8,22.5,26.4,936.5,684.0,5814.0,160.2,186.8,235.7,1938.0,949.2,2907.0,144.4,207.9,193.0,738.3,250.5,4811.0,150.5,156.2,160.0,779.5,284.2,2969.0,233.7,216.6,228.7,996.7,936.5,4501.0,604.0,680.7,801.9,2537.0,1041.0,3322.0,73.6,88.3,73.3,850.8,894.5,3578.0,54.8,76.2,68.6,912.0,962.3,7752.0,269.3,297.5,226.9,1065.0,1073.0,5367.0,474.6,524.6,457.5,1603.0,1701.0,4501.0,816.0,1003.0,1003.0,2969.0,1368.0,2448.0,955.7,906.1,962.3,4104.0,1125.0,3033.0,1057.0,1567.0,1585.0,4360.0,1292.0,3245.0,856.1,955.7,1098.0,2969.0,2584.0,4228.0
2026-04-22,24,2,official_closing,closing_displayed,https://www.boatrace.jp/owpc/pc/race/odds3t?hd=20260422&jcd=24&rno=2,20.3,144.5,302.9,33.3,44.1,829.3,9.7,50.1,315.2,160.8,155.1,1400.0,8.8,45.9,214.3,27.4,46.4,1023.0,28.8,128.4,742.8,54.3,62.4,642.3,37.8,378.0,458.0,60.3,80.2,1124.0,41.9,560.1,527.3,279.6,416.7,2755.0,36.5,475.9,697.3,76.1,138.1,2058.0,108.8,841.6,1447.0,137.8,187.7,1389.0,15.4,103.8,460.5,435.8,380.5,1941.0,52.2,422.9,837.5,591.1,880.7,4068.0,18.8,145.0,654.6,506.9,762.7,3559.0,49.3,436.9,1170.0,525.7,759.3,2895.0,13.8,89.6,374.6,23.8,46.9,1081.0,46.5,501.0,759.3,41.0,86.9,1447.0,21.5,180.4,637.5,184.9,343.7,2800.0,43.3,313.4,899.2,34.6,71.4,889.8,103.2,603.7,1102.0,105.6,130.7,511.5,279.1,1324.0,1658.0,175.0,237.3,1203.0,155.3,1102.0,1366.0,428.2,532.2,2476.0,121.0,664.8,1211.0,103.2,179.4,871.7
2026-04-22,24,3,official_closing,closing_displayed,https://www.boatrace.jp/owpc/pc/race/odds3t?hd=20260422&jcd=24&rno=3,15.0,151.5,45.6,199.4,63.7,1912.0,46.6,282.1,35.1,163.3,22.0,1688.0,18.3,136.4,12.0,112.4,57.6,2827.0,198.2,738.9,217.4,464.4,200.6,2322.0,12.6,228.1,125.0,663.5,207.7,3024.0,14.2,710.6,389.3,1274.0,209.7,3940.0,5.2,332.6,178.1,903.1,487.0,4484.0,109.6,1477.0,677.3,2064.0,928.9,4816.0,74.2,706.7,112.6,259.5,35.3,2600.0,38.5,1074.0,336.9,797.8,132.0,4195.0,33.4,1040.0,93.1,211.1,92.2,3824.0,257.5,3251.0,647.0,1250.0,412.8,3334.0,19.1,265.9,23.8,142.2,111.2,1048.0,8.6,434.9,103.7,385.9,343.1,5911.0,21.1,734.7,63.0,184.9,142.5,4644.0,145.3,2097.0,266.4,442.3,439.3,3171.0,514.0,3024.0,774.1,1262.0,537.3,2767.0,329.2,3612.0,1092.0,2500.0,942.3,3096.0,570.3,4816.0,1215.0,1806.0,866.9,3612.0,508.0,4484.0,928.9,1429.0,844.4,3171.0
2026-04-22,24,4,official_closing,closing_displayed,https://www.boatrace.jp/owpc/pc/race/odds3t?hd=20260422&jcd=24&rno=4,24.8,338.3,334.0,169.9,39.6,1905.0,26.1,260.2,196.0,218.8,24.3,2236.0,11.8,148.6,105.5,56.1,27.9,2411.0,123.5,727.8,501.0,238.8,55.1,763.9,29.9,555.0,617.2,264.6,133.6,3086.0,23.3,1215.0,1134.0,891.9,296.1,4822.0,9.3,795.4,816.4,363.0,279.5,4676.0,109.9,1953.0,2303.0,741.8,376.3,4170.0,30.1,448.5,394.6,394.6,118.8,3763.0,29.7,1169.0,1094.0,1143.0,334.0,5321.0,11.0,676.7,457.8,602.7,305.5,5321.0,97.6,1815.0,1543.0,929.5,410.3,4170.0,8.5,239.6,163.6,54.2,52.3,2967.0,6.8,586.7,528.4,179.8,188.1,3956.0,8.9,559.0,349.1,249.6,203.8,4977.0,29.5,946.6,711.1,158.1,169.5,2449.0,277.5,2529.0,1285.0,685.8,162.7,767.7,313.0,2488.0,1773.0,1377.0,415.9,3149.0,246.5,2236.0,1469.0,1714.0,434.6,3674.0,150.6,1837.0,1365.0,763.9,334.7,2113.0
2026-04-22,24,5,official_closing,closing_displayed,https://www.boatrace.jp/owpc/pc/race/odds3t?hd=20260422&jcd=24&rno=5,7.3,41.6,274.6,569.9,18.4,1337.0,13.0,96.9,623.0,884.8,50.2,2992.0,4.2,23.4,205.4,357.0,99.7,4641.0,59.0,307.3,1307.0,1722.0,116.0,1307.0,17.4,197.5,341.4,763.1,29.3,1722.0,42.7,512.2,993.0,1864.0,121.4,3553.0,17.1,194.2,362.7,932.0,244.2,5685.0,174.9,829.9,2012.0,2739.0,265.3,1960.0,44.1,433.1,1125.0,1430.0,167.4,4211.0,76.7,947.5,1804.0,2048.0,247.1,3989.0,42.8,509.9,1467.0,1736.0,719.6,5685.0,325.3,1943.0,2842.0,4290.0,724.2,4943.0,6.3,54.3,321.2,105.6,258.1,4459.0,13.3,136.1,453.0,712.9,479.7,7106.0,26.6,251.2,1131.0,1190.0,803.5,6146.0,57.0,354.7,1579.0,1337.0,842.2,7106.0,362.1,1142.0,2915.0,2992.0,284.6,1178.0,522.8,1943.0,3609.0,3668.0,453.9,1977.0,809.3,3609.0,3854.0,4373.0,800.7,4459.0,294.9,1103.0,3073.0,3248.0,1109.0,5168.0
2026-04-22,24,6,official_closing,closing_displayed,https://www.boatrace.jp/owpc/pc/race/odds3t?hd=20260422&jcd=24&rno=6,43.2,614.5,249.4,935.8,30.5,1429.0,74.5,950.3,170.7,556.9,13.0,965.2,25.8,462.0,49.5,234.5,27.4,2095.0,144.4,2026.0,339.5,1071.0,30.6,594.7,27.8,912.7,579.7,1335.0,148.4,2458.0,18.6,2048.0,1097.0,2169.0,273.9,3124.0,5.5,1205.0,761.8,2095.0,503.7,3352.0,52.1,2596.0,1298.0,2711.0,351.1,2973.0,83.1,1562.0,441.0,805.0,43.8,2973.0,42.2,1940.0,1386.0,3072.0,193.0,3840.0,23.3,2751.0,475.1,903.7,152.3,3414.0,120.9,3840.0,1676.0,2525.0,209.2,1920.0,12.7,589.0,71.0,254.6,88.1,4287.0,4.3,1429.0,423.8,1197.0,435.8,4727.0,10.6,2143.0,356.6,752.5,229.0,4727.0,16.8,2525.0,562.0,869.6,295.4,3072.0,250.1,3478.0,1152.0,2596.0,86.5,618.6,174.4,4609.0,1881.0,3687.0,326.3,1825.0,292.6,4727.0,2026.0,3478.0,278.4,1316.0,111.3,4389.0,1316.0,1807.0,311.9,2071.0
2026-04-22,24,7,official_closing,closing_displayed,https://www.boatrace.jp/owpc/pc/race/odds3t?hd=20260422&jcd=24&rno=7,34.7,400.8,429.3,170.7,207.5,278.9,25.6,445.7,166.3,144.0,197.5,307.5,38.8,506.1,266.6,55.9,78.8,135.3,35.5,481.1,256.9,44.5,77.3,219.8,31.6,691.0,687.8,488.9,604.1,796.5,11.5,1690.0,1483.0,1345.0,1245.0,1710.0,22.9,1490.0,1584.0,809.2,1058.0,1191.0,18.2,1927.0,1801.0,579.8,666.6,1196.0,20.9,855.0,323.7,350.7,520.0,776.0,11.3,2258.0,1382.0,1357.0,1483.0,2017.0,8.2,1780.0,691.0,671.1,1168.0,1287.0,7.2,1427.0,626.6,496.1,892.8,1891.0,48.9,951.7,530.0,73.0,101.2,224.3,35.8,2193.0,1609.0,385.5,650.9,914.4,14.5,2275.0,1050.0,434.2,659.4,967.0,18.6,973.2,985.9,85.4,131.9,407.3,53.7,1201.0,630.5,87.7,179.8,364.6,40.7,1978.0,2225.0,443.7,552.3,1191.0,17.0,1601.0,976.3,419.2,646.7,1544.0,31.6,1040.0,1627.0,128.6,206.7,464.2
2026-04-22,24,8,official_closing,closing_displayed,https://www.boatrace.jp/owpc/pc/race/odds3t?hd=20260422&jcd=24&rno=8,4.7,51.6,83.0,331.8,126.7,695.2,12.5,98.2,160.0,484.6,169.1,789.0,9.9,77.3,112.9,346.1,273.1,1631.0,22.7,124.9,195.9,485.7,191.8,1055.0,5.5,128.1,172.8,462.7,276.3,1156.0,13.8,460.6,715.9,1563.0,564.8,2642.0,9.2,354.8,506.1,1222.0,844.3,3470.0,18.6,520.3,731.2,1275.0,619.5,3011.0,32.7,315.2,458.0,863.9,455.0,1356.0,35.8,834.0,1183.0,1742.0,680.2,2766.0,46.0,798.2,1252.0,2262.0,1516.0,5533.0,76.6,840.8,1720.0,2863.0,1347.0,4653.0,24.1,277.4,350.3,456.0,592.6,2804.0,21.3,563.2,795.1,1001.0,1211.0,3975.0,53.0,844.3,1229.0,1657.0,2213.0,5850.0,46.1,810.9,1321.0,766.8,952.3,3356.0,80.1,536.0,603.1,1058.0,433.8,1447.0,71.4,1417.0,1256.0,1706.0,847.8,3033.0,140.9,1511.0,2100.0,3033.0,1092.0,4095.0,105.9,1237.0,1804.0,1528.0,1131.0,3056.0
2026-04-22,24,9,official_closing,closing_displayed,https://www.boatrace.jp/owpc/pc/race/odds3t?hd=20260422&jcd=24&rno=9,6.5,47.4,163.7,77.0,64.9,494.6,10.3,65.9,293.7,199.5,170.2,1183.0,6.2,35.2,181.4,68.5,129.4,946.8,19.3,73.8,351.3,101.4,85.7,557.6,14.1,199.1,296.8,119.9,106.9,704.0,35.6,537.7,833.9,396.5,328.8,1728.0,19.7,325.2,505.0,153.7,315.2,1754.0,55.3,611.0,915.1,205.9,194.6,880.0,24.0,254.8,734.6,412.4,461.6,2109.0,59.2,670.2,1033.0,598.3,673.4,2505.0,46.4,408.9,965.9,515.5,1105.0,3375.0,79.0,607.1,1328.0,621.6,722.6,2322.0,13.6,114.0,389.5,68.3,154.1,1215.0,28.8,335.7,557.0,109.7,228.8,1430.0,49.3,430.1,962.7,287.3,602.0,3019.0,32.7,216.1,746.1,83.5,183.7,1039.0,68.5,352.0,1138.0,158.9,150.7,610.3,161.0,985.8,1630.0,218.6,215.0,805.8,155.1,910.7,2538.0,545.9,552.7,1677.0,84.6,401.8,1325.0,156.3,311.3,1019.0
2026-04-22,24,10,official_closing,closing_displayed,https://www.boatrace.jp/owpc/pc/race/odds3t?hd=20260422&jcd=24&rno=10,5.8,43.2,35.7,54.5,252.4,730.1,10.3,62.3,48.0,72.9,278.3,862.6,23.8,122.6,50.4,67.1,265.5,746.9,42.6,224.0,136.6,95.5,324.7,1036.0,6.5,118.3,100.0,96.1,400.0,932.4,10.3,249.6,211.1,183.4,635.2,1577.0,14.4,305.3,221.7,145.5,647.3,1428.0,41.1,717.7,593.6,221.1,668.3,1591.0,20.5,184.3,146.6,135.4,526.1,1272.0,22.7,299.3,225.5,197.8,857.1,2011.0,47.9,452.2,234.7,188.9,1077.0,1707.0,64.1,673.6,445.7,362.5,1190.0,2393.0,51.5,423.2,202.3,78.1,270.5,820.9,44.7,590.5,299.4,109.5,430.2,1322.0,93.2,840.2,419.8,153.1,652.9,1471.0,108.2,993.7,510.7,107.7,381.0,1265.0,150.8,941.4,638.2,170.8,582.4,1348.0,157.0,1573.0,978.0,227.3,1008.0,2041.0,181.2,1233.0,931.1,334.5,1317.0,2393.0,210.4,1390.0,855.0,182.1,780.4,1670.0
2026-04-22,24,11,official_closing,closing_displayed,https://www.boatrace.jp/owpc/pc/race/odds3t?hd=20260422&jcd=24&rno=11,3.5,90.9,122.6,363.4,229.3,1024.0,6.3,149.5,193.1,593.1,275.4,1623.0,7.9,147.4,144.7,453.3,497.3,1859.0,29.0,332.3,363.4,794.7,472.1,1731.0,6.3,255.8,280.0,742.0,499.0,1598.0,13.0,910.1,985.3,1786.0,980.0,2992.0,11.9,792.9,823.5,1543.0,1414.0,4155.0,40.9,1553.0,1567.0,2230.0,1364.0,3351.0,17.4,554.2,677.0,1145.0,558.0,2920.0,27.8,1484.0,1385.0,2151.0,1127.0,4039.0,44.5,1933.0,1428.0,2399.0,2315.0,4461.0,70.5,1711.0,2145.0,3867.0,1944.0,4602.0,23.7,589.7,425.0,868.7,951.8,3512.0,28.0,1213.0,1041.0,1594.0,1864.0,4880.0,63.6,2203.0,1496.0,2083.0,2330.0,5085.0,70.3,2744.0,1756.0,1521.0,1769.0,4277.0,117.6,1398.0,1612.0,2132.0,1110.0,2456.0,151.2,3231.0,2851.0,3042.0,1944.0,4227.0,199.2,3366.0,3617.0,3930.0,2569.0,4721.0,183.3,3767.0,2807.0,2908.0,2265.0,4784.0
2026-04-22,24,12,official_closing,closing_displayed,https://www.boatrace.jp/owpc/pc/race/odds3t?hd=20260422&jcd=24&rno=12,20.4,84.1,132.9,618.9,196.3,22.0,60.5,198.9,267.7,784.6,269.7,30.1,34.5,94.0,128.4,723.0,610.4,102.3,11.3,35.5,47.9,369.2,79.2,31.5,23.9,162.1,228.3,875.7,274.6,36.9,74.6,553.2,615.7,1264.0,490.5,87.1,32.1,255.0,300.4,1136.0,1025.0,189.2,12.4,106.0,125.1,576.6,145.4,59.8,138.1,461.2,496.0,1122.0,365.4,54.9,158.7,718.6,753.0,1456.0,555.0,109.5,224.1,686.6,724.5,1619.0,1124.0,243.8,86.3,325.0,317.6,806.0,235.3,100.5,74.0,188.4,204.7,1073.0,1023.0,232.4,77.6,326.7,309.3,1180.0,1401.0,270.8,240.6,691.3,603.1,1468.0,1480.0,353.6,36.8,112.8,115.1,517.3,609.3,322.1,12.0,46.9,50.3,378.5,66.3,50.9,14.4,91.1,92.0,443.6,87.4,71.2,47.2,239.2,223.9,569.7,144.6,112.1,22.9,83.2,88.2,410.0,335.6,233.6
